"Tendencias","Volumen de búsquedas","Inicio","Finalizada","Desglose de tendencias","Enlace a Explorar"
"red sox vs yankees","200 mil+","28 de agosto de 2026 a las 19:20:00 UTC-3",,"red sox vs yankees,roman anthony,red sox - yankees,red sox vs new york yankees,redsox score,mlb standings 2026","./explore?q=red%20sox%20vs%20yankees&geo=US"
"alvin hellerstein hush money decision","200 mil+","28 de agosto de 2026 a las 15:20:00 UTC-3",,"alvin hellerstein hush money decision,donald trump new york conviction rejection","./explore?q=alvin%20hellerstein%20hush%20money%20decision&geo=US"
"real madrid vs málaga","50 mil+","30 de agosto de 2026 a las 11:10:00 UTC-3",,"real madrid vs málaga,real madrid - málaga,real madrid – málaga,a qué hora juega el real madrid,real madrid vs malaga,real madrid hoy,cuándo juega el real madrid","./explore?q=real%20madrid%20vs%20m%C3%A1laga&geo=US"
"milo yiannopoulos","200 mil+","28 de agosto de 2026 a las 14:40:00 UTC-3",,"milo yiannopoulos,new orleans,laura loomer,kanye west,kanye west new orleans,detention,milo,milo yiannopoulos ice,yiannopoulos,milo yiannopolous,who is milo yiannopoulos,from","./explore?q=milo%20yiannopoulos&geo=US"
"white rice recall 2026","100 mil+","30 de agosto de 2026 a las 0:10:00 UTC-3",,"white rice recall 2026,white rice recall,rice recall,food recall","./explore?q=white%20rice%20recall%202026&geo=US"
"chelsea vs brighton","100 mil+","30 de agosto de 2026 a las 4:00:00 UTC-3",,"chelsea vs brighton,chelsea - brighton,chelsea,premier league,chelsea f.c,chelsea fc,cole palmer,chelsea vs,chelsea f.c.,joao pedro,brighton fc,pedro neto,brentford,yalcouye,joão pedro,chelsea game,english premier league,moisés caicedo,epl scores,roméo lavia,where to watch chelsea f.c. vs brighton & hove albion f.c.,malick yalcouye,chelsea brighton,chelsea vs brighton prediction,chelsea – brighton,premier league standings,robert sanchez,romeo lavia,riot","./explore?q=chelsea%20vs%20brighton&geo=US"
"nm state vs florida state","200 mil+","29 de agosto de 2026 a las 19:00:00 UTC-3",,"nm state vs florida state,florida state football,fsu,fsu game,fsu score,fsu vs new mexico state,new mexico state football,florida state,fsu football schedule 2026,fsu game today,new mexico state,florida state seminoles football,nmsu football,florida state vs new mexico state,samuel singleton jr.,ousmane kromah,florida state football schedule 2026,cw network,fsu football score,florida state game,cw,florida state score,fsu schedule,the cw,quintrevion wisner,how to watch fsu football today","./explore?q=nm%20state%20vs%20florida%20state&geo=US"
"tim mcgraw falls on stage","100 mil+","29 de agosto de 2026 a las 10:10:00 UTC-3",,"tim mcgraw falls on stage,tim mcgraw arrived late and fell during his cincinnati concert,concerts,tim mcgraw concert mishap cincinnati","./explore?q=tim%20mcgraw%20falls%20on%20stage&geo=US"
"unlv football","100 mil+","29 de agosto de 2026 a las 10:40:00 UTC-3",,"unlv football,memphis football,memphis vs unlv,jackson arnold,unlv vs memphis,charles huff,dan mullen,memphis vs unlv prediction,memphis tigers football,college football today on tv,jackson arnold unlv,memphis unlv,unlv game,unlv score,unlv qb,unlv memphis","./explore?q=unlv%20football&geo=US"
"phillies vs angels","100 mil+","28 de agosto de 2026 a las 21:40:00 UTC-3",,"phillies vs angels,phillies,cristopher sanchez,phillies - angels,phillies game,angels game,phillies score yesterday,angels,trea turner,phillies game today,philadelphia phillies,los angeles angels,angels vs phillies","./explore?q=phillies%20vs%20angels&geo=US"
"dolly parton beloved dogs","100 mil+","28 de agosto de 2026 a las 16:10:00 UTC-3",,"dolly parton beloved dogs","./explore?q=dolly%20parton%20beloved%20dogs&geo=US"
"days of thunder","100 mil+","29 de agosto de 2026 a las 14:00:00 UTC-3",,"days of thunder,days of thunder 2,tom cruise,days of thunder 2028,anne hathaway","./explore?q=days%20of%20thunder&geo=US"
"unc vs tcu","200 mil+","29 de agosto de 2026 a las 8:30:00 UTC-3",,"unc vs tcu,north carolina football,bill belichick,tcu,tcu vs north carolina,unc,tcu vs unc,unc tcu,billy edwards jr,tcu game,billy edwards jr.,aer lingus college football classic,north carolina vs tcu,tcu vs north carolina prediction,tcu unc,tcu score,aviva stadium,billy edwards,unc vs tcu prediction,nc vs tcu,unc game,unc football roster,unc football score,north carolina vs tcu prediction,unc score,where is tcu,belichick,tcu depth chart,nc football,unc football depth chart,tar heels football,where is tcu playing today,hulu live tv,north carolina tar heels football vs tcu horned frogs football match player stats,north carolina football roster","./explore?q=unc%20vs%20tcu&geo=US"
"micah jo barnett","100 mil+","29 de agosto de 2026 a las 17:40:00 UTC-3",,"micah jo barnett,micahjo barnett,william jewell football,william jewell football player,william jewell college,william jewell,college football games,football games today college,micah jo barnett william jewell,football player dies","./explore?q=micah%20jo%20barnett&geo=US"
"dodgers vs tigers","200 mil+","28 de agosto de 2026 a las 18:40:00 UTC-3",,"dodgers vs tigers,dodgers - tigers,tarik skubal,skubal,tigers game today,drew sommers,tigers score,white sox standings,jack dreyer","./explore?q=dodgers%20vs%20tigers&geo=US"
"song yadong","100 mil+","28 de agosto de 2026 a las 22:00:00 UTC-3",,"song yadong,ufc shanghai,ufc fight night,umar vs song,song yadong vs umar nurmagomedov,umar nurmagomedov vs song yadong,umar,nfl scores today,song vs nurmagomedov,nurmagomedov,umar vs song yadong,nurmagomedov vs song,ufc events,ufc fight night: nurmagomedov vs. song,song ya dong","./explore?q=song%20yadong&geo=US"
"ncaa football scores","100 mil+","29 de agosto de 2026 a las 7:40:00 UTC-3",,"ncaa football scores,college football games today,football games today,football today,nfl schedule today,sports on today,ncaa football today,cfb schedule,when does college football start,college football scores today,what college football games are on today,tcu football schedule,cfb today,college games today,college football schedule today,college football tomorrow,week 0 college football,college football on tv today,bill belichick age,college football this weekend,sling,is there college football on today","./explore?q=ncaa%20football%20scores&geo=US"
"nc state football","100 mil+","28 de agosto de 2026 a las 23:00:00 UTC-3",,"nc state football,nc state vs virginia,uva football,virginia football,beau pribula,uva football schedule,nc state vs virginia prediction,uva vs nc state,ncsu football,virginia vs nc state,pribula,uva game,nc state game,pribula qb,tony elliott,virginia vs nc state prediction,nc state qb,virginia cavaliers football,uva football roster","./explore?q=nc%20state%20football&geo=US"
"barbara walters","100 mil+","28 de agosto de 2026 a las 14:40:00 UTC-3",,"barbara walters","./explore?q=barbara%20walters&geo=US"
"reds vs cubs","100 mil+","28 de agosto de 2026 a las 14:20:00 UTC-3",,"reds vs cubs,elly de la cruz","./explore?q=reds%20vs%20cubs&geo=US"
"rangers vs brewers","50 mil+","28 de agosto de 2026 a las 19:40:00 UTC-3",,"rangers vs brewers,logan henderson,rangers - brewers","./explore?q=rangers%20vs%20brewers&geo=US"
"donald trump white house confidentiality","50 mil+","29 de agosto de 2026 a las 11:10:00 UTC-3",,"donald trump white house confidentiality","./explore?q=donald%20trump%20white%20house%20confidentiality&geo=US"
"ndsu football","100 mil+","29 de agosto de 2026 a las 10:10:00 UTC-3",,"ndsu football,north dakota state football,jax state vs nd state,cfb scores,jacksonville state football,cfb games today,jax state football,north dakota state,bison football,nathan hayes,ndsu bison football","./explore?q=ndsu%20football&geo=US"
"timpanogos rock glacier ice volume","20 mil+","29 de agosto de 2026 a las 10:00:00 UTC-3",,"timpanogos rock glacier ice volume","./explore?q=timpanogos%20rock%20glacier%20ice%20volume&geo=US"
"cbp contactless airport arrival plans","10 mil+","29 de agosto de 2026 a las 21:50:00 UTC-3",,"cbp contactless airport arrival plans","./explore?q=cbp%20contactless%20airport%20arrival%20plans&geo=US"
"gypsy crusader vs king azoulay","50 mil+","28 de agosto de 2026 a las 21:50:00 UTC-3",,"gypsy crusader vs king azoulay,gypsy crusader king azoulay fight time,mike perry brandon jenkins fight,mike perry,duel arena,duel arena 1,mike perry fight,duel arena 1 fight card,brandon jenkins mma,duel arena card,mike perry vs brandon jenkins","./explore?q=gypsy%20crusader%20vs%20king%20azoulay&geo=US"
"broderick jones","20 mil+","29 de agosto de 2026 a las 18:50:00 UTC-3",,"broderick jones,dallas,steelers news,broderick jones trade,pittsburgh,steelers trade,cowboys trade","./explore?q=broderick%20jones&geo=US"
"mercedes martinez","20 mil+","29 de agosto de 2026 a las 12:40:00 UTC-3",,"mercedes martinez","./explore?q=mercedes%20martinez&geo=US"
"simon cowell temporary replacement agt","20 mil+","29 de agosto de 2026 a las 22:50:00 UTC-3",,"simon cowell temporary replacement agt,simon cowell","./explore?q=simon%20cowell%20temporary%20replacement%20agt&geo=US"
"kennedy center","20 mil+","29 de agosto de 2026 a las 14:30:00 UTC-3",,"kennedy center","./explore?q=kennedy%20center&geo=US"
"pabst blue ribbon truck stolen","10 mil+","30 de agosto de 2026 a las 8:20:00 UTC-3",,"pabst blue ribbon truck stolen","./explore?q=pabst%20blue%20ribbon%20truck%20stolen&geo=US"
"us open","50 mil+","30 de agosto de 2026 a las 8:40:00 UTC-3",,"us open,us open tennis 2026,us open tennis,us open tennis championships,us open schedule today,us open 2026,usopen tennis 2026,us open schedule 2026,usopen,draftkings odds","./explore?q=us%20open&geo=US"
"gervon dexter","50 mil+","30 de agosto de 2026 a las 9:20:00 UTC-3",,"gervon dexter,clark phillips iii,clark phillips,nfl games today,nfl today,nfl news,bears,chicago bears,bears trade,bears score,gervon dexter sr","./explore?q=gervon%20dexter&geo=US"
"montréal vs inter miami","100 mil+","29 de agosto de 2026 a las 19:50:00 UTC-3",,"montréal vs inter miami,montréal - inter miami,messi,inter miami,inter miami vs montréal,cf montréal vs inter miami standings,lionel messi,inter,mls schedule,inter de miami,inter miami vs,alexander shaw,inter miami vs cf montréal lineups,inter miami cf,inter miami - montréal,inter miami vs cf montréal,casemiro,mls scores,inter miami vs. montréal,inter miami game,miami vs montreal","./explore?q=montr%C3%A9al%20vs%20inter%20miami&geo=US"
"sky vs liberty","50 mil+","29 de agosto de 2026 a las 13:00:00 UTC-3",,"sky vs liberty,han xu,sabrina ionescu,wnba standings,ny liberty","./explore?q=sky%20vs%20liberty&geo=US"
"man united vs ipswich town","10 mil+","30 de agosto de 2026 a las 11:30:00 UTC-3",,"man united vs ipswich town,premier league standings,manchester united - ipswich","./explore?q=man%20united%20vs%20ipswich%20town&geo=US"
"gabriel jesus","10 mil+","30 de agosto de 2026 a las 9:40:00 UTC-3",,"gabriel jesus,arsenal transfer news,the athletic","./explore?q=gabriel%20jesus&geo=US"
"pete hegseth blocked military promotions","20 mil+","29 de agosto de 2026 a las 0:50:00 UTC-3",,"pete hegseth blocked military promotions,christopher laneve","./explore?q=pete%20hegseth%20blocked%20military%20promotions&geo=US"
"export","20 mil+","29 de agosto de 2026 a las 11:40:00 UTC-3",,"export","./explore?q=export&geo=US"
"xylitol artificial sweetener","50 mil+","28 de agosto de 2026 a las 20:50:00 UTC-3",,"xylitol artificial sweetener,heart,xylitol,chewing gum","./explore?q=xylitol%20artificial%20sweetener&geo=US"
"stanford football","50 mil+","29 de agosto de 2026 a las 11:40:00 UTC-3",,"stanford football,davis warren,hawaii vs stanford,hawaii football,stanford vs hawaii,stanford,hawaii vs stanford prediction,micah alejado,stanford vs hawaii prediction,hawaii stanford,tavita pritchard,micah ford,stanford hawaii,timmy chang","./explore?q=stanford%20football&geo=US"
"cadbury","10 mil+","30 de agosto de 2026 a las 1:10:00 UTC-3",,"cadbury","./explore?q=cadbury&geo=US"
"sunderland vs fulham","10 mil+","30 de agosto de 2026 a las 9:10:00 UTC-3",,"sunderland vs fulham,sunderland afc - fulham,sunderland,fulham,fulham fc,sunderland afc","./explore?q=sunderland%20vs%20fulham&geo=US"
"orioles vs athletics","20 mil+","28 de agosto de 2026 a las 21:50:00 UTC-3",,"orioles vs athletics,orioles,baltimore orioles","./explore?q=orioles%20vs%20athletics&geo=US"
"pga tour championship","20 mil+","28 de agosto de 2026 a las 12:40:00 UTC-3",,"pga tour championship,pga tour championship leaderboard,tour championship tee times,pga tee times today,tour championship payout,championship standings","./explore?q=pga%20tour%20championship&geo=US"
"nancy grace roman","20 mil+","30 de agosto de 2026 a las 6:30:00 UTC-3",,"nancy grace roman,nancy grace roman space telescope,roman space telescope,nancy grace,roman telescope,nasa,nancy grace roman space telescope launch,rocket launch today,roman telescope launch,falcon heavy launch,nasa launch,spacex launch,spacex launch today,launch today,roman launch,nasa launch today,roman space telescope launch,nasa launch schedule,nancy grace roman telescope,rocket launch,space launch today,kennedy space center,nancy grace telescope,telescope launch,falcon heavy launch today,launch,nasa live,falcon heavy,rocket launch today live","./explore?q=nancy%20grace%20roman&geo=US"
"zavion thomas","10 mil+","29 de agosto de 2026 a las 19:10:00 UTC-3",,"zavion thomas","./explore?q=zavion%20thomas&geo=US"
"keenan allen","20 mil+","30 de agosto de 2026 a las 8:40:00 UTC-3",,"keenan allen,keenan allen dui,wide receiver,cbs fantasy football,indianapolis colts","./explore?q=keenan%20allen&geo=US"
"gavin newsom","20 mil+","29 de agosto de 2026 a las 0:30:00 UTC-3",,"gavin newsom","./explore?q=gavin%20newsom&geo=US"
"leeds vs brentford","5 mil+","30 de agosto de 2026 a las 9:10:00 UTC-3",,"leeds vs brentford,leeds - brentford,brentford fc,leeds vs brentford prediction","./explore?q=leeds%20vs%20brentford&geo=US"
"usman nurmagomedov","20 mil+","29 de agosto de 2026 a las 9:30:00 UTC-3",,"usman nurmagomedov,usman nurmagomedov ufc shanghai statement","./explore?q=usman%20nurmagomedov&geo=US"
"robert de niro","100 mil+","28 de agosto de 2026 a las 20:10:00 UTC-3",,"robert de niro,the whisper man cast,the whisper man netflix,whisper man movie,whisper man cast,michelle monaghan,the whisper man ending explained,the whisper man reviews,michael keaton","./explore?q=robert%20de%20niro&geo=US"
"tadej pogačar","20 mil+","29 de agosto de 2026 a las 12:10:00 UTC-3",,"tadej pogačar,tadej pogačar crash,pogacar,pogacar crash,vuelta espana,la vuelta 2026,tadej pogacar","./explore?q=tadej%20poga%C4%8Dar&geo=US"
"jj mccarthy","20 mil+","28 de agosto de 2026 a las 22:10:00 UTC-3",,"jj mccarthy,j.j. mccarthy,minnesota vikings,vikings game today","./explore?q=jj%20mccarthy&geo=US"
"ted lasso season 4","20 mil+","29 de agosto de 2026 a las 19:50:00 UTC-3",,"ted lasso season 4,ted lasso - season 4","./explore?q=ted%20lasso%20season%204&geo=US"
"joel embiid trade proposal 76ers","5 mil+","30 de agosto de 2026 a las 5:10:00 UTC-3",,"joel embiid trade proposal 76ers","./explore?q=joel%20embiid%20trade%20proposal%2076ers&geo=US"
"tom begich suspends gubernatorial campaign","10 mil+","29 de agosto de 2026 a las 12:40:00 UTC-3",,"tom begich suspends gubernatorial campaign","./explore?q=tom%20begich%20suspends%20gubernatorial%20campaign&geo=US"
"dallas police department","10 mil+","29 de agosto de 2026 a las 15:40:00 UTC-3",,"dallas police department","./explore?q=dallas%20police%20department&geo=US"
"tempo vs mercury","20 mil+","29 de agosto de 2026 a las 22:00:00 UTC-3",,"tempo vs mercury,phoenix mercury,mercury vs tempo","./explore?q=tempo%20vs%20mercury&geo=US"
"santos - tigres","20 mil+","29 de agosto de 2026 a las 23:30:00 UTC-3",,"santos - tigres,santos laguna vs tigres uanl,tigres,tigres vs santos,santos vs tigres,santos laguna,tigres vs,santos vs. tigres","./explore?q=santos%20-%20tigres&geo=US"
"george pickens","10 mil+","29 de agosto de 2026 a las 19:10:00 UTC-3",,"george pickens","./explore?q=george%20pickens&geo=US"
"iran","10 mil+","30 de agosto de 2026 a las 9:30:00 UTC-3",,"iran","./explore?q=iran&geo=US"
"quinn ewers","10 mil+","29 de agosto de 2026 a las 17:40:00 UTC-3",,"quinn ewers,quinn ewers trade","./explore?q=quinn%20ewers&geo=US"
"madison police benjamin larson case","10 mil+","29 de agosto de 2026 a las 19:30:00 UTC-3",,"madison police benjamin larson case,john wayne gacy","./explore?q=madison%20police%20benjamin%20larson%20case&geo=US"
"2027 hyundai tucson","5 mil+","29 de agosto de 2026 a las 16:10:00 UTC-3",,"2027 hyundai tucson","./explore?q=2027%20hyundai%20tucson&geo=US"
"daisy chain fields","10 mil+","29 de agosto de 2026 a las 1:20:00 UTC-3",,"daisy chain fields,melinda gates,melinda french gates,daisy chain,olivia rodrigo setlist,and","./explore?q=daisy%20chain%20fields&geo=US"
"intel","5 mil+","30 de agosto de 2026 a las 1:20:00 UTC-3",,"intel","./explore?q=intel&geo=US"
"frankie pulitzer","10 mil+","29 de agosto de 2026 a las 1:20:00 UTC-3",,"frankie pulitzer,czarface,tom hardy,tom hardy rap album","./explore?q=frankie%20pulitzer&geo=US"
"ada william obayuwana indictment","5 mil+","29 de agosto de 2026 a las 20:20:00 UTC-3",,"ada william obayuwana indictment","./explore?q=ada%20william%20obayuwana%20indictment&geo=US"
"military operation","2 mil+","30 de agosto de 2026 a las 9:20:00 UTC-3",,"military operation","./explore?q=military%20operation&geo=US"
"desoto football","20 mil+","29 de agosto de 2026 a las 19:00:00 UTC-3",,"desoto football,st thomas aquinas football,desoto high school football,desoto vs st thomas aquinas","./explore?q=desoto%20football&geo=US"
"163 missing children found","10 mil+","28 de agosto de 2026 a las 17:30:00 UTC-3",,"163 missing children found,163 children found in florida","./explore?q=163%20missing%20children%20found&geo=US"
"trix","5 mil+","30 de agosto de 2026 a las 1:20:00 UTC-3",,"trix","./explore?q=trix&geo=US"
"carly pearce","50 mil+","29 de agosto de 2026 a las 13:30:00 UTC-3",,"carly pearce,farm,grand ole opry,grand ole opry dolly parton tribute,parade,savannah st vs sc state,vince gill dolly parton tribute,grand ole opry dolly tribute,vince gill,dolly parton tribute,dolly parton special on tv tonight,dolly parton grand ole opry tribute,cher remembers dolly parton,miley cyrus tribute to dolly,nicole kidman dolly parton tribute","./explore?q=carly%20pearce&geo=US"
"jerry jones comments dak prescott","20 mil+","30 de agosto de 2026 a las 6:50:00 UTC-3",,"jerry jones comments dak prescott,cowboys game,sam howell","./explore?q=jerry%20jones%20comments%20dak%20prescott&geo=US"
"georgia lottery scratcher $2.5 million winner","5 mil+","29 de agosto de 2026 a las 23:00:00 UTC-3",,"georgia lottery scratcher $2.5 million winner","./explore?q=georgia%20lottery%20scratcher%20%242.5%20million%20winner&geo=US"
"2026 2027 winter weather forecast regions","20 mil+","29 de agosto de 2026 a las 11:40:00 UTC-3",,"2026 2027 winter weather forecast regions,winter weather forecast 2027","./explore?q=2026%202027%20winter%20weather%20forecast%20regions&geo=US"
"nfl cuts","10 mil+","29 de agosto de 2026 a las 12:30:00 UTC-3",,"nfl cuts,nfl roster cuts,nfl cuts tracker,nfl cuts today,nfl roster cuts 2026,cbs fantasy football","./explore?q=nfl%20cuts&geo=US"
"motown songwriter janie bradford passes","20 mil+","28 de agosto de 2026 a las 16:00:00 UTC-3",,"motown songwriter janie bradford passes","./explore?q=motown%20songwriter%20janie%20bradford%20passes&geo=US"
"kate martin","5 mil+","29 de agosto de 2026 a las 18:50:00 UTC-3",,"kate martin","./explore?q=kate%20martin&geo=US"
"moses itauma","20 mil+","29 de agosto de 2026 a las 6:10:00 UTC-3",,"moses itauma,filip hrgović,moses itauma vs filip hrgovic,itauma vs hrgovic,itauma,hrgovic,mike tyson","./explore?q=moses%20itauma&geo=US"
"social security benefit proposals congress","5 mil+","30 de agosto de 2026 a las 0:10:00 UTC-3",,"social security benefit proposals congress","./explore?q=social%20security%20benefit%20proposals%20congress&geo=US"
"fantasy football cheat sheet","20 mil+","28 de agosto de 2026 a las 19:10:00 UTC-3",,"fantasy football cheat sheet,espn fantasy football,yahoo fantasy football,fantasy pros,college football rankings 2026,fantasy football","./explore?q=fantasy%20football%20cheat%20sheet&geo=US"
"emiliano martínez","5 mil+","30 de agosto de 2026 a las 9:10:00 UTC-3",,"emiliano martínez,emi martinez,chelsea schedule","./explore?q=emiliano%20mart%C3%ADnez&geo=US"
"alex bowman daytona finish","50 mil+","30 de agosto de 2026 a las 8:50:00 UTC-3",,"alex bowman daytona finish,ryan preece,nascar results,nascar,nascar race,daytona race today,nascar today,coke zero 400,chase elliott,daytona,daytona international speedway,rfk racing,nascar results yesterday,who won the nascar race today,daytona 400,nascar results today,shane van gisbergen,nascar cup series,nascar live,daytona race","./explore?q=alex%20bowman%20daytona%20finish&geo=US"
"lake ontario sign","20 mil+","30 de agosto de 2026 a las 1:30:00 UTC-3",,"lake ontario sign,google maps,google maps lake america,debbie dingell,trump lake america,bill maher,donald ducks,giant","./explore?q=lake%20ontario%20sign&geo=US"
"michael jackson birthday tribute prince","2 mil+","30 de agosto de 2026 a las 3:10:00 UTC-3",,"michael jackson birthday tribute prince","./explore?q=michael%20jackson%20birthday%20tribute%20prince&geo=US"
"ashton daniels","10 mil+","29 de agosto de 2026 a las 17:50:00 UTC-3",,"ashton daniels","./explore?q=ashton%20daniels&geo=US"
"aew all in 2026","10 mil+","29 de agosto de 2026 a las 16:40:00 UTC-3",,"aew all in 2026,aew all in 2026 start time,aew all in,aew,all elite wrestling","./explore?q=aew%20all%20in%202026&geo=US"
"lester martinez","20 mil+","29 de agosto de 2026 a las 16:40:00 UTC-3",,"lester martinez,lester martinez vs luka plantic,lester martínez,pelea de lester martinez","./explore?q=lester%20martinez&geo=US"
"tulsa king season 4 release date","2 mil+","30 de agosto de 2026 a las 0:20:00 UTC-3",,"tulsa king season 4 release date","./explore?q=tulsa%20king%20season%204%20release%20date&geo=US"
"kai cenat","10 mil+","29 de agosto de 2026 a las 0:40:00 UTC-3",,"kai cenat","./explore?q=kai%20cenat&geo=US"
"severe weather","5 mil+","29 de agosto de 2026 a las 12:40:00 UTC-3",,"severe weather","./explore?q=severe%20weather&geo=US"
"cps outage map","20 mil+","28 de agosto de 2026 a las 23:10:00 UTC-3",,"cps outage map,san antonio weather,cps energy outage map,power outage san antonio,cps power outage,weather san antonio,ksat 12,cps outage,san antonio power outage,ksat weather","./explore?q=cps%20outage%20map&geo=US"
"state farm hail damage lawsuit","2 mil+","30 de agosto de 2026 a las 10:30:00 UTC-3",,"state farm hail damage lawsuit","./explore?q=state%20farm%20hail%20damage%20lawsuit&geo=US"
"alex eala","2 mil+","30 de agosto de 2026 a las 8:20:00 UTC-3",,"alex eala,alex eala tennis","./explore?q=alex%20eala&geo=US"
"mike lindell recount lawsuit minnesota","2 mil+","30 de agosto de 2026 a las 6:40:00 UTC-3",,"mike lindell recount lawsuit minnesota","./explore?q=mike%20lindell%20recount%20lawsuit%20minnesota&geo=US"
"michigan football","20 mil+","28 de agosto de 2026 a las 18:50:00 UTC-3",,"michigan football,michigan football schedule","./explore?q=michigan%20football&geo=US"
"notre dame football","10 mil+","29 de agosto de 2026 a las 7:50:00 UTC-3",,"notre dame football","./explore?q=notre%20dame%20football&geo=US"
"miss universe mexico","5 mil+","30 de agosto de 2026 a las 6:30:00 UTC-3",,"miss universe mexico,miss universe mexico 2026,miss universe 2026,maria vargas miss jalisco","./explore?q=miss%20universe%20mexico&geo=US"
"el niño","2 mil+","30 de agosto de 2026 a las 10:20:00 UTC-3",,"el niño","./explore?q=el%20ni%C3%B1o&geo=US"
"tyson bagent","50 mil+","29 de agosto de 2026 a las 19:10:00 UTC-3",,"tyson bagent,bears vs titans,titans,tennessee titans,bears schedule,titans game,thescore bet promo code,titans vs bears,chicago bears schedule,bears titans,hendon hooker,case keenum,miller moss,cole kmet,thescore bet","./explore?q=tyson%20bagent&geo=US"
"silo season 4","10 mil+","28 de agosto de 2026 a las 21:30:00 UTC-3",,"silo season 4","./explore?q=silo%20season%204&geo=US"
"troy aikman","5 mil+","29 de agosto de 2026 a las 23:10:00 UTC-3",,"troy aikman","./explore?q=troy%20aikman&geo=US"
"northern cyprus passenger ship rescue","2 mil+","30 de agosto de 2026 a las 10:10:00 UTC-3",,"northern cyprus passenger ship rescue,cyprus passenger vessel capsizes,cyprus","./explore?q=northern%20cyprus%20passenger%20ship%20rescue&geo=US"
"lindsey graham","2 mil+","30 de agosto de 2026 a las 7:10:00 UTC-3",,"lindsey graham","./explore?q=lindsey%20graham&geo=US"
"indw vs thaw","2 mil+","30 de agosto de 2026 a las 10:50:00 UTC-3",,"indw vs thaw,india vs thailand","./explore?q=indw%20vs%20thaw&geo=US"
"enzo fernández","2 mil+","30 de agosto de 2026 a las 9:10:00 UTC-3",,"enzo fernández,xabi alonso","./explore?q=enzo%20fern%C3%A1ndez&geo=US"
"montana state football","20 mil+","29 de agosto de 2026 a las 16:50:00 UTC-3",,"montana state football,montana state vs utah tech,utah tech football,msu bobcat football","./explore?q=montana%20state%20football&geo=US"
"jalen brunson","5 mil+","29 de agosto de 2026 a las 20:10:00 UTC-3",,"jalen brunson","./explore?q=jalen%20brunson&geo=US"
"leeds united","2 mil+","30 de agosto de 2026 a las 9:20:00 UTC-3",,"leeds united","./explore?q=leeds%20united&geo=US"
"usc game","100 mil+","29 de agosto de 2026 a las 13:50:00 UTC-3",,"usc game,sjsu vs usc,usc,jayden maiava,usc vs san jose state,san jose state football,san jose,usc trojans football,usc score,luke weaver,usc vs san jose state prediction,usc qb,usc game today,free","./explore?q=usc%20game&geo=US"
"tell me about brad paisley's tribute to dolly parton during his bridgeport concert","20 mil+","29 de agosto de 2026 a las 21:40:00 UTC-3",,"tell me about brad paisley's tribute to dolly parton during his bridgeport concert,brad paisley dolly parton tribute","./explore?q=tell%20me%20about%20brad%20paisley%27s%20tribute%20to%20dolly%20parton%20during%20his%20bridgeport%20concert&geo=US"
"usdc","2 mil+","30 de agosto de 2026 a las 10:10:00 UTC-3",,"usdc,usdc by circle","./explore?q=usdc&geo=US"
"capital punishment","2 mil+","30 de agosto de 2026 a las 7:40:00 UTC-3",,"capital punishment","./explore?q=capital%20punishment&geo=US"
"rockies vs braves","50 mil+","28 de agosto de 2026 a las 19:20:00 UTC-3","30 de agosto de 2026 a las 11:10:00 UTC-3","rockies vs braves,braves game,rockies - braves,braves vs rockies","./explore?q=rockies%20vs%20braves&geo=US"
"kelley wolf","5 mil+","29 de agosto de 2026 a las 3:40:00 UTC-3",,"kelley wolf,scott wolf,page six","./explore?q=kelley%20wolf&geo=US"
"harlan coben","2 mil+","30 de agosto de 2026 a las 8:10:00 UTC-3",,"harlan coben","./explore?q=harlan%20coben&geo=US"
"kristen welker","2 mil+","30 de agosto de 2026 a las 11:00:00 UTC-3",,"kristen welker,nbc","./explore?q=kristen%20welker&geo=US"
"georgia football","10 mil+","29 de agosto de 2026 a las 8:50:00 UTC-3",,"georgia football","./explore?q=georgia%20football&geo=US"
"benjamin crump","1 mil+","30 de agosto de 2026 a las 10:30:00 UTC-3",,"benjamin crump","./explore?q=benjamin%20crump&geo=US"
"big church festival incident","10 mil+","28 de agosto de 2026 a las 19:40:00 UTC-3",,"big church festival incident,big church festival","./explore?q=big%20church%20festival%20incident&geo=US"
"mojtaba khamenei","2 mil+","30 de agosto de 2026 a las 10:10:00 UTC-3",,"mojtaba khamenei","./explore?q=mojtaba%20khamenei&geo=US"
"clemson football","5 mil+","29 de agosto de 2026 a las 8:50:00 UTC-3",,"clemson football","./explore?q=clemson%20football&geo=US"
"pachuca vs guadalajara","100 mil+","29 de agosto de 2026 a las 19:10:00 UTC-3","30 de agosto de 2026 a las 5:00:00 UTC-3","pachuca vs guadalajara,pachuca - guadalajara,chivas vs pachuca,pachuca vs chivas,pachuca vs. guadalajara,chivas de guadalajara","./explore?q=pachuca%20vs%20guadalajara&geo=US"
"dlss 5","10 mil+","28 de agosto de 2026 a las 12:30:00 UTC-3",,"dlss 5,dlss5","./explore?q=dlss%205&geo=US"
"burning man","10 mil+","29 de agosto de 2026 a las 1:50:00 UTC-3",,"burning man","./explore?q=burning%20man&geo=US"
"marcus stokes","5 mil+","29 de agosto de 2026 a las 12:50:00 UTC-3",,"marcus stokes","./explore?q=marcus%20stokes&geo=US"
"jalon daniels","1 mil+","30 de agosto de 2026 a las 11:10:00 UTC-3",,"jalon daniels","./explore?q=jalon%20daniels&geo=US"
"florida gators football","5 mil+","29 de agosto de 2026 a las 9:10:00 UTC-3",,"florida gators football","./explore?q=florida%20gators%20football&geo=US"
"mary carillo","10 mil+","29 de agosto de 2026 a las 19:20:00 UTC-3",,"mary carillo,mirka federer,roger federer,international tennis hall of fame","./explore?q=mary%20carillo&geo=US"
"nebraska football","5 mil+","29 de agosto de 2026 a las 8:00:00 UTC-3",,"nebraska football","./explore?q=nebraska%20football&geo=US"
"little league world series games today","20 mil+","30 de agosto de 2026 a las 11:40:00 UTC-3",,"little league world series games today,llws championship game,llws games today,llws scores,little league world series scores","./explore?q=little%20league%20world%20series%20games%20today&geo=US"
"aug 29 2026 powerball results ohio","1 mil+","30 de agosto de 2026 a las 10:50:00 UTC-3",,"aug 29 2026 powerball results ohio,august 29 2026 powerball results","./explore?q=aug%2029%202026%20powerball%20results%20ohio&geo=US"
"américa - puebla","50 mil+","29 de agosto de 2026 a las 21:20:00 UTC-3","30 de agosto de 2026 a las 10:20:00 UTC-3","américa - puebla,américa vs puebla,america vs puebla,america vs,américa vs. puebla","./explore?q=am%C3%A9rica%20-%20puebla&geo=US"
"savannah state football","5 mil+","30 de agosto de 2026 a las 0:40:00 UTC-3",,"savannah state football,sc state football,south carolina state football","./explore?q=savannah%20state%20football&geo=US"
"lil nas x mom","5 mil+","30 de agosto de 2026 a las 5:50:00 UTC-3",,"lil nas x mom,lil nas x,lil nas x mother passing,mother,x.","./explore?q=lil%20nas%20x%20mom&geo=US"
"epl","100 mil+","30 de agosto de 2026 a las 10:20:00 UTC-3","30 de agosto de 2026 a las 11:40:00 UTC-3","epl,liverpool vs nottm forest,liverpool,liverpool - nottingham forest,liverpool f.c,liverpool fc,liverpool vs nottingham forest,liverpool f.c. vs nottingham forest standings,nottingham forest,liverpool vs nottingham forest prediction,liverpool vs,where to watch liverpool f.c. vs nottingham forest,liverpool f.c.,lfc,dan ndoye,liverpool game,morgan gibbs-white,victor munoz liverpool,rio ngumoha,alexander isak,liverpool manager,munoz liverpool,liverpool vs. nottingham forest,liverpool – nottm forest","./explore?q=epl&geo=US"
"epl table","20 mil+","30 de agosto de 2026 a las 9:50:00 UTC-3",,"epl table,premier league table,bournemouth vs everton,bbc football,bbc sport","./explore?q=epl%20table&geo=US"
"chris brown usher concert levi stadium","5 mil+","29 de agosto de 2026 a las 19:50:00 UTC-3",,"chris brown usher concert levi stadium","./explore?q=chris%20brown%20usher%20concert%20levi%20stadium&geo=US"
"harry styles madison square garden concert","1 mil+","30 de agosto de 2026 a las 7:40:00 UTC-3",,"harry styles madison square garden concert","./explore?q=harry%20styles%20madison%20square%20garden%20concert&geo=US"
"iceland","2 mil+","30 de agosto de 2026 a las 4:50:00 UTC-3",,"iceland,iceland eu referendum,iceland eu membership referendum","./explore?q=iceland&geo=US"
"ndiaye","2 mil+","30 de agosto de 2026 a las 7:50:00 UTC-3",,"ndiaye,richarlison","./explore?q=ndiaye&geo=US"
"trinity rodman","500+","30 de agosto de 2026 a las 11:30:00 UTC-3",,"trinity rodman","./explore?q=trinity%20rodman&geo=US"
"sun vs fever","100 mil+","28 de agosto de 2026 a las 19:30:00 UTC-3","29 de agosto de 2026 a las 21:50:00 UTC-3","sun vs fever,fever game today,diamond miller,fever vs sun,mercedes russell,where to watch connecticut sun vs indiana fever,connecticut sun,kelsey mitchell,fever game tonight,connecticut sun vs indiana fever match player stats,fever wnba,nell angloma,fever schedule,fever score,indiana fever schedule,fiba world cup,charlisse leger-walker,saniya rivers","./explore?q=sun%20vs%20fever&geo=US"
"panda fest chicago","5 mil+","28 de agosto de 2026 a las 18:00:00 UTC-3",,"panda fest chicago","./explore?q=panda%20fest%20chicago&geo=US"
"astros vs mets","50 mil+","28 de agosto de 2026 a las 19:10:00 UTC-3","30 de agosto de 2026 a las 10:40:00 UTC-3","astros vs mets","./explore?q=astros%20vs%20mets&geo=US"
"clarence thomas","1 mil+","30 de agosto de 2026 a las 3:00:00 UTC-3",,"clarence thomas","./explore?q=clarence%20thomas&geo=US"
"jacob fatu","2 mil+","29 de agosto de 2026 a las 7:50:00 UTC-3",,"jacob fatu","./explore?q=jacob%20fatu&geo=US"
"zohran mamdani teachers union lawsuit","1 mil+","30 de agosto de 2026 a las 7:50:00 UTC-3",,"zohran mamdani teachers union lawsuit","./explore?q=zohran%20mamdani%20teachers%20union%20lawsuit&geo=US"
"ny giants news","1 mil+","30 de agosto de 2026 a las 7:10:00 UTC-3",,"ny giants news","./explore?q=ny%20giants%20news&geo=US"
"luis robert jr","5 mil+","29 de agosto de 2026 a las 19:30:00 UTC-3",,"luis robert jr,luis robert","./explore?q=luis%20robert%20jr&geo=US"
"tyrel dodson","500+","30 de agosto de 2026 a las 11:10:00 UTC-3",,"tyrel dodson","./explore?q=tyrel%20dodson&geo=US"
"royce white","2 mil+","30 de agosto de 2026 a las 10:10:00 UTC-3",,"royce white,indiana fever game","./explore?q=royce%20white&geo=US"
"iliman ndiaye","1 mil+","30 de agosto de 2026 a las 7:40:00 UTC-3",,"iliman ndiaye","./explore?q=iliman%20ndiaye&geo=US"
"ethan pritchard","2 mil+","29 de agosto de 2026 a las 20:30:00 UTC-3",,"ethan pritchard","./explore?q=ethan%20pritchard&geo=US"
"elandon roberts","500+","30 de agosto de 2026 a las 10:40:00 UTC-3",,"elandon roberts","./explore?q=elandon%20roberts&geo=US"
"united states midterm election","1 mil+","30 de agosto de 2026 a las 11:10:00 UTC-3",,"united states midterm election","./explore?q=united%20states%20midterm%20election&geo=US"
"social security benefits","50 mil+","28 de agosto de 2026 a las 14:50:00 UTC-3","30 de agosto de 2026 a las 10:40:00 UTC-3","social security benefits","./explore?q=social%20security%20benefits&geo=US"
"scott bessent","20 mil+","29 de agosto de 2026 a las 11:40:00 UTC-3","30 de agosto de 2026 a las 10:40:00 UTC-3","scott bessent","./explore?q=scott%20bessent&geo=US"
"first nfl game 2026","1 mil+","30 de agosto de 2026 a las 9:40:00 UTC-3",,"first nfl game 2026","./explore?q=first%20nfl%20game%202026&geo=US"
"lane kiffin","10 mil+","29 de agosto de 2026 a las 9:20:00 UTC-3","30 de agosto de 2026 a las 12:00:00 UTC-3","lane kiffin,pac 12","./explore?q=lane%20kiffin&geo=US"
"kate middleton prince william nepal statement","50 mil+","28 de agosto de 2026 a las 13:30:00 UTC-3","30 de agosto de 2026 a las 11:10:00 UTC-3","kate middleton prince william nepal statement,nepal floods flash floods,nepal flood death toll,isha foundation,how many people died in nepal flood,video","./explore?q=kate%20middleton%20prince%20william%20nepal%20statement&geo=US"
"maryland state fair","2 mil+","29 de agosto de 2026 a las 8:40:00 UTC-3",,"maryland state fair","./explore?q=maryland%20state%20fair&geo=US"
"samuel monroe jr.","50 mil+","29 de agosto de 2026 a las 11:50:00 UTC-3","30 de agosto de 2026 a las 9:10:00 UTC-3","samuel monroe jr.","./explore?q=samuel%20monroe%20jr.&geo=US"
"spider-man","20 mil+","28 de agosto de 2026 a las 16:50:00 UTC-3","30 de agosto de 2026 a las 10:20:00 UTC-3","spider-man,shailene woodley","./explore?q=spider-man&geo=US"
"us open tickets","1 mil+","30 de agosto de 2026 a las 8:30:00 UTC-3",,"us open tickets","./explore?q=us%20open%20tickets&geo=US"
"swiss rave","1 mil+","30 de agosto de 2026 a las 9:30:00 UTC-3",,"swiss rave,switzerland","./explore?q=swiss%20rave&geo=US"
"lioness episode 5","1 mil+","30 de agosto de 2026 a las 8:20:00 UTC-3",,"lioness episode 5","./explore?q=lioness%20episode%205&geo=US"
"real madrid schedule","1 mil+","30 de agosto de 2026 a las 11:20:00 UTC-3",,"real madrid schedule,epl fixtures","./explore?q=real%20madrid%20schedule&geo=US"
"noaa hurricane","5 mil+","30 de agosto de 2026 a las 8:40:00 UTC-3",,"noaa hurricane,winston-salem vs norfolk state,ou football,montana grizzlies","./explore?q=noaa%20hurricane&geo=US"
"herald","50 mil+","29 de agosto de 2026 a las 1:10:00 UTC-3","30 de agosto de 2026 a las 4:50:00 UTC-3","herald","./explore?q=herald&geo=US"
"barco chelsea","1 mil+","30 de agosto de 2026 a las 11:40:00 UTC-3",,"barco chelsea,valentin barco,valentín barco","./explore?q=barco%20chelsea&geo=US"
"pl","1 mil+","30 de agosto de 2026 a las 10:40:00 UTC-3",,"pl","./explore?q=pl&geo=US"
"hurricane tracker","10 mil+","30 de agosto de 2026 a las 11:20:00 UTC-3",,"hurricane tracker,national hurricane center dolly,hurricane center,hurricane,wdsu,noaa hurricane center,nhc","./explore?q=hurricane%20tracker&geo=US"
"pirates vs cardinals","50 mil+","28 de agosto de 2026 a las 20:20:00 UTC-3","30 de agosto de 2026 a las 9:00:00 UTC-3","pirates vs cardinals","./explore?q=pirates%20vs%20cardinals&geo=US"
"sevilla vs atlético madrid","50 mil+","29 de agosto de 2026 a las 15:30:00 UTC-3","30 de agosto de 2026 a las 1:20:00 UTC-3","sevilla vs atlético madrid,sevilla fc vs atlético madrid standings","./explore?q=sevilla%20vs%20atl%C3%A9tico%20madrid&geo=US"
"mariners vs blue jays","50 mil+","28 de agosto de 2026 a las 19:20:00 UTC-3","30 de agosto de 2026 a las 2:10:00 UTC-3","mariners vs blue jays,mariners - blue jays","./explore?q=mariners%20vs%20blue%20jays&geo=US"
"jeju island","2 mil+","29 de agosto de 2026 a las 17:20:00 UTC-3",,"jeju island","./explore?q=jeju%20island&geo=US"
"nfl football today","1 mil+","30 de agosto de 2026 a las 10:30:00 UTC-3",,"nfl football today,nfl games tonight","./explore?q=nfl%20football%20today&geo=US"
"white sox vs twins","50 mil+","28 de agosto de 2026 a las 20:10:00 UTC-3","29 de agosto de 2026 a las 23:20:00 UTC-3","white sox vs twins,twins game,colson montgomery,white sox - twins","./explore?q=white%20sox%20vs%20twins&geo=US"
"lindsay clancy update","100 mil+","28 de agosto de 2026 a las 12:20:00 UTC-3","30 de agosto de 2026 a las 1:00:00 UTC-3","lindsay clancy update,lindsay clancy final results,lindsay clancy verdict yet,lindsay clancey,lindsay clancy jury deliberation,clancy jury,lindsay clancy verdict notification,clancy trial verdict update,lyndsay clancy,lindsay clancy jury,clancy trial closing arguments,clancy trial live today,lindsay clancy live updates,clancy verdict update,lindsay clancy verdict odds,lindsay clancey verdict,clancy trial recap,lindsay clancy verdict jury,lindsay clancy trial live updates,lindsay clancy trial verdict,lindsay clancy case,what did lindsay clancy do","./explore?q=lindsay%20clancy%20update&geo=US"
"mn state fair attendance","5 mil+","30 de agosto de 2026 a las 9:20:00 UTC-3",,"mn state fair attendance,mn state fair tickets,2026","./explore?q=mn%20state%20fair%20attendance&geo=US"
"emergency landing","10 mil+","29 de agosto de 2026 a las 15:20:00 UTC-3","30 de agosto de 2026 a las 10:10:00 UTC-3","emergency landing","./explore?q=emergency%20landing&geo=US"
"dolphins depth chart","2 mil+","29 de agosto de 2026 a las 17:40:00 UTC-3",,"dolphins depth chart","./explore?q=dolphins%20depth%20chart&geo=US"
"old farmer almanac winter forecast","50 mil+","28 de agosto de 2026 a las 22:20:00 UTC-3","29 de agosto de 2026 a las 21:20:00 UTC-3","old farmer almanac winter forecast,old farmers almanac snow predictions,old farmer's' almanac snow predictions","./explore?q=old%20farmer%20almanac%20winter%20forecast&geo=US"
"jackson state vs tn state","20 mil+","29 de agosto de 2026 a las 20:40:00 UTC-3","30 de agosto de 2026 a las 10:40:00 UTC-3","jackson state vs tn state,jackson state university football,tennessee state football,jsu vs tsu,jackson state vs tennessee state,tsu football,tsu vs jsu,jackson state football,jsu football,espn+","./explore?q=jackson%20state%20vs%20tn%20state&geo=US"
"royals vs guardians","50 mil+","28 de agosto de 2026 a las 19:10:00 UTC-3","30 de agosto de 2026 a las 9:40:00 UTC-3","royals vs guardians,kc royals,josh rojas,michael wacha,kansas city royals","./explore?q=royals%20vs%20guardians&geo=US"
"sedrick van pran granger","500+","30 de agosto de 2026 a las 10:40:00 UTC-3",,"sedrick van pran granger,local news","./explore?q=sedrick%20van%20pran%20granger&geo=US"
"ted cruz","200+","30 de agosto de 2026 a las 11:20:00 UTC-3",,"ted cruz","./explore?q=ted%20cruz&geo=US"
"myles hinton football waiver news","2 mil+","29 de agosto de 2026 a las 21:10:00 UTC-3",,"myles hinton football waiver news,eagles news","./explore?q=myles%20hinton%20football%20waiver%20news&geo=US"
"military aid","20 mil+","28 de agosto de 2026 a las 18:30:00 UTC-3","30 de agosto de 2026 a las 11:40:00 UTC-3","military aid","./explore?q=military%20aid&geo=US"
"sports today","500+","30 de agosto de 2026 a las 10:40:00 UTC-3",,"sports today","./explore?q=sports%20today&geo=US"
"sevilla - atlético madrid","50 mil+","29 de agosto de 2026 a las 15:40:00 UTC-3","29 de agosto de 2026 a las 23:00:00 UTC-3","sevilla - atlético madrid,álex baena","./explore?q=sevilla%20-%20atl%C3%A9tico%20madrid&geo=US"
"telstar vs ajax","200+","30 de agosto de 2026 a las 11:40:00 UTC-3",,"telstar vs ajax","./explore?q=telstar%20vs%20ajax&geo=US"
"miniseries","500+","30 de agosto de 2026 a las 8:40:00 UTC-3",,"miniseries","./explore?q=miniseries&geo=US"
"padres vs rays","50 mil+","28 de agosto de 2026 a las 19:10:00 UTC-3","30 de agosto de 2026 a las 1:40:00 UTC-3","padres vs rays,padres - rays","./explore?q=padres%20vs%20rays&geo=US"
"spurs vs newcastle","100 mil+","29 de agosto de 2026 a las 12:30:00 UTC-3","29 de agosto de 2026 a las 21:00:00 UTC-3","spurs vs newcastle,premier league,epl,tottenham - newcastle,tottenham vs newcastle united f.c. standings,newcastle,tottenham hotspur,newcastle united,pedro porro,anthony elanga,wissa,newcastle vs tottenham,yoane wissa,elanga,tottenham vs newcastle united f.c. lineups","./explore?q=spurs%20vs%20newcastle&geo=US"
"bahama breeze","50 mil+","28 de agosto de 2026 a las 12:50:00 UTC-3","29 de agosto de 2026 a las 20:40:00 UTC-3","bahama breeze","./explore?q=bahama%20breeze&geo=US"
"dibu martinez","500+","30 de agosto de 2026 a las 10:30:00 UTC-3",,"dibu martinez","./explore?q=dibu%20martinez&geo=US"
"dimethylmercury","20 mil+","29 de agosto de 2026 a las 2:10:00 UTC-3","30 de agosto de 2026 a las 12:00:00 UTC-3","dimethylmercury,dimethyl mercury","./explore?q=dimethylmercury&geo=US"
"jenny lupton final text message","50 mil+","28 de agosto de 2026 a las 23:30:00 UTC-3","29 de agosto de 2026 a las 19:30:00 UTC-3","jenny lupton final text message,jenny lupton","./explore?q=jenny%20lupton%20final%20text%20message&geo=US"
"nbc fall 2026 new shows","500+","30 de agosto de 2026 a las 10:30:00 UTC-3",,"nbc fall 2026 new shows","./explore?q=nbc%20fall%202026%20new%20shows&geo=US"
"palace vs man city","100 mil+","28 de agosto de 2026 a las 15:00:00 UTC-3","29 de agosto de 2026 a las 14:30:00 UTC-3","palace vs man city,crystal palace - manchester city,man city,crystal palace f.c. vs man city standings,man city vs crystal palace,manchester city,crystal palace,rayan cherki,erling haaland,cherki,where to watch crystal palace f.c. vs man city,manchester city fc,crystal palace vs man city,man city vs,manchester city vs crystal palace,manchester city f.c.,man city game,cherki man city,gianluigi donnarumma","./explore?q=palace%20vs%20man%20city&geo=US"
"owner of the athletic","2 mil+","30 de agosto de 2026 a las 8:30:00 UTC-3",,"owner of the athletic,everton","./explore?q=owner%20of%20the%20athletic&geo=US"
"nfl week 1","500+","30 de agosto de 2026 a las 10:30:00 UTC-3",,"nfl week 1","./explore?q=nfl%20week%201&geo=US"
"hunter long","200+","30 de agosto de 2026 a las 11:40:00 UTC-3",,"hunter long","./explore?q=hunter%20long&geo=US"
"geno stone","200+","30 de agosto de 2026 a las 11:40:00 UTC-3",,"geno stone","./explore?q=geno%20stone&geo=US"
"ohio state football","20 mil+","28 de agosto de 2026 a las 22:40:00 UTC-3","30 de agosto de 2026 a las 10:30:00 UTC-3","ohio state football","./explore?q=ohio%20state%20football&geo=US"
"saints vs cowboys","50 mil+","28 de agosto de 2026 a las 18:50:00 UTC-3","29 de agosto de 2026 a las 18:10:00 UTC-3","saints vs cowboys,cowboys vs saints,dallas cowboys game,new orleans saints,saints vs cowboys where to watch,dallas cowboys game today,dallas cowboys score,dallas,kellen moore,saints game,saints score,cowboys saints,zach wilson,new orleans saints vs dallas cowboys match player stats,where to watch dallas cowboys vs new orleans saints,what channel is the cowboys game on tonight,tyler shough","./explore?q=saints%20vs%20cowboys&geo=US"
"espn college football","50 mil+","29 de agosto de 2026 a las 8:50:00 UTC-3","30 de agosto de 2026 a las 11:00:00 UTC-3","espn college football,college gameday,college gameday schedule,college gameday week 0,when does college gameday start,is college gameday on today,is college gameday on this weekend,is there college gameday today,college game day schedule,college gameday today,what time does college gameday start,when does college gameday start 2026,espn college gameday","./explore?q=espn%20college%20football&geo=US"
"feyenoord","500+","30 de agosto de 2026 a las 10:30:00 UTC-3",,"feyenoord,feyenoord vs den haag","./explore?q=feyenoord&geo=US"
"travers stakes 2026","10 mil+","29 de agosto de 2026 a las 7:30:00 UTC-3","30 de agosto de 2026 a las 12:00:00 UTC-3","travers stakes 2026,travers stakes,golden tempo,travers results,nyra bets,who won the travers stakes","./explore?q=travers%20stakes%202026&geo=US"
"philadelphia 76ers","500+","30 de agosto de 2026 a las 8:50:00 UTC-3",,"philadelphia 76ers","./explore?q=philadelphia%2076ers&geo=US"
"indycar race today","5 mil+","29 de agosto de 2026 a las 18:50:00 UTC-3",,"indycar race today,indycar,indy car race today","./explore?q=indycar%20race%20today&geo=US"
"tijuana - pumas","50 mil+","28 de agosto de 2026 a las 23:20:00 UTC-3","29 de agosto de 2026 a las 13:00:00 UTC-3","tijuana - pumas,club tijuana vs pumas unam,tijuana vs pumas,pumas vs tijuana,pumas unam,xolos vs pumas,xolos,futbol mexicano,tijuana vs. pumas,club tijuana,tijuana vs","./explore?q=tijuana%20-%20pumas&geo=US"
"peacock","2 mil+","30 de agosto de 2026 a las 9:50:00 UTC-3","30 de agosto de 2026 a las 11:20:00 UTC-3","peacock","./explore?q=peacock&geo=US"
"adam scott","20 mil+","28 de agosto de 2026 a las 16:20:00 UTC-3","30 de agosto de 2026 a las 5:20:00 UTC-3","adam scott,adam scott golfer,adam scott golf","./explore?q=adam%20scott&geo=US"
"cameron diaz","500+","30 de agosto de 2026 a las 7:40:00 UTC-3",,"cameron diaz","./explore?q=cameron%20diaz&geo=US"
"chicago med","200+","30 de agosto de 2026 a las 11:10:00 UTC-3",,"chicago med","./explore?q=chicago%20med&geo=US"
"raiders 2026 starting quarterback","5 mil+","29 de agosto de 2026 a las 22:10:00 UTC-3","30 de agosto de 2026 a las 11:40:00 UTC-3","raiders 2026 starting quarterback,kirk cousins","./explore?q=raiders%202026%20starting%20quarterback&geo=US"
"cj bailey","10 mil+","29 de agosto de 2026 a las 10:20:00 UTC-3","30 de agosto de 2026 a las 12:00:00 UTC-3","cj bailey,dave doeren","./explore?q=cj%20bailey&geo=US"
"m&m mint","20 mil+","29 de agosto de 2026 a las 5:10:00 UTC-3","29 de agosto de 2026 a las 21:00:00 UTC-3","m&m mint","./explore?q=m%26m%20mint&geo=US"
"iphone ultra","200+","30 de agosto de 2026 a las 11:30:00 UTC-3",,"iphone ultra","./explore?q=iphone%20ultra&geo=US"
"kyle busch daytona international speedway","10 mil+","29 de agosto de 2026 a las 12:10:00 UTC-3","30 de agosto de 2026 a las 9:40:00 UTC-3","kyle busch daytona international speedway","./explore?q=kyle%20busch%20daytona%20international%20speedway&geo=US"
"detroit lions","50 mil+","29 de agosto de 2026 a las 14:00:00 UTC-3","29 de agosto de 2026 a las 18:20:00 UTC-3","detroit lions,colts,lions,lions vs colts,lions game,colts game,lions game today,colts depth chart,joshua dobbs,indianapolis colts,easton stick,detroit lions schedule,colts vs lions,trayveon williams,josh dobbs,dj giddens,colts score,colts game today,lions score","./explore?q=detroit%20lions&geo=US"
"collien fernandes","200+","30 de agosto de 2026 a las 11:40:00 UTC-3",,"collien fernandes","./explore?q=collien%20fernandes&geo=US"
"jordan van den berg","500+","30 de agosto de 2026 a las 10:10:00 UTC-3",,"jordan van den berg","./explore?q=jordan%20van%20den%20berg&geo=US"
"losc vs psg","50 mil+","28 de agosto de 2026 a las 15:10:00 UTC-3","29 de agosto de 2026 a las 3:50:00 UTC-3","losc vs psg,losc - psg,lille – paris-sg,losc vs. psg","./explore?q=losc%20vs%20psg&geo=US"
"sophie cunningham pregame look wnba","500+","30 de agosto de 2026 a las 9:00:00 UTC-3",,"sophie cunningham pregame look wnba","./explore?q=sophie%20cunningham%20pregame%20look%20wnba&geo=US"
"bill belichick girlfriend","10 mil+","29 de agosto de 2026 a las 11:10:00 UTC-3","30 de agosto de 2026 a las 10:30:00 UTC-3","bill belichick girlfriend,belichick girlfriend,is bill belichick still with his girlfriend","./explore?q=bill%20belichick%20girlfriend&geo=US"
"nascar race today","20 mil+","29 de agosto de 2026 a las 19:50:00 UTC-3","30 de agosto de 2026 a las 1:00:00 UTC-3","nascar race today,kyle larson,what channel is the nascar race on today,what channel is nascar on today","./explore?q=nascar%20race%20today&geo=US"
"james clyburn","200+","30 de agosto de 2026 a las 11:30:00 UTC-3",,"james clyburn","./explore?q=james%20clyburn&geo=US"
"southern utah vs montana","10 mil+","29 de agosto de 2026 a las 21:10:00 UTC-3","30 de agosto de 2026 a las 4:00:00 UTC-3","southern utah vs montana,montana grizzlies football,griz football,montana football,southern utah football,university of montana football","./explore?q=southern%20utah%20vs%20montana&geo=US"
"cody williams","20 mil+","29 de agosto de 2026 a las 1:10:00 UTC-3","30 de agosto de 2026 a las 2:20:00 UTC-3","cody williams,john konchar,josh green,josh green nba,utah jazz","./explore?q=cody%20williams&geo=US"
"necaxa - cruz azul","50 mil+","28 de agosto de 2026 a las 21:10:00 UTC-3","29 de agosto de 2026 a las 8:30:00 UTC-3","necaxa - cruz azul,posiciones de necaxa contra cruz azul,necaxa vs cruz azul,cruz azul vs necaxa,cruz azul vs,necaxa vs. cruz azul","./explore?q=necaxa%20-%20cruz%20azul&geo=US"
"la galaxy vs san diego","10 mil+","29 de agosto de 2026 a las 22:40:00 UTC-3","30 de agosto de 2026 a las 5:00:00 UTC-3","la galaxy vs san diego,sdfc,la galaxy,la galaxy - san diego fc,san diego fc,la galaxy vs san diego fc standings,san diego vs la galaxy,sdfc vs la galaxy","./explore?q=la%20galaxy%20vs%20san%20diego&geo=US"
"trump beef duty free imports","5 mil+","29 de agosto de 2026 a las 16:30:00 UTC-3","30 de agosto de 2026 a las 11:40:00 UTC-3","trump beef duty free imports,beef","./explore?q=trump%20beef%20duty%20free%20imports&geo=US"
"ncaa football (fbs i)","20 mil+","29 de agosto de 2026 a las 12:20:00 UTC-3","30 de agosto de 2026 a las 3:20:00 UTC-3","ncaa football (fbs i),ncaa,ncaa football (fcs)","./explore?q=ncaa%20football%20%28fbs%20i%29&geo=US"
"yankees score","20 mil+","29 de agosto de 2026 a las 7:50:00 UTC-3","30 de agosto de 2026 a las 10:10:00 UTC-3","yankees score,yankees vs red sox,yankees game today,wild card standings,yankees schedule,ben rice,jake bennett,nyy,brayan bello,yankee standings,yankee score,redsox score","./explore?q=yankees%20score&geo=US"
"sydney marathon 2026","5 mil+","29 de agosto de 2026 a las 8:40:00 UTC-3","30 de agosto de 2026 a las 11:10:00 UTC-3","sydney marathon 2026,sydney marathon tracker","./explore?q=sydney%20marathon%202026&geo=US"
"kyle mccord","100 mil+","28 de agosto de 2026 a las 21:50:00 UTC-3","29 de agosto de 2026 a las 11:50:00 UTC-3","kyle mccord,packers,green bay packers,packer game,packers game,packers schedule,cardinals vs packers,packers score,packers vs cardinals,ding meng,packer score,mike lafleur,cardinals vs packers where to watch,az cardinals,packers tv network,packers cardinals,what channel is the packer game on tonight,fordham football","./explore?q=kyle%20mccord&geo=US"
"real sociedad vs espanyol","20 mil+","29 de agosto de 2026 a las 13:00:00 UTC-3","29 de agosto de 2026 a las 21:20:00 UTC-3","real sociedad vs espanyol,real sociedad vs espanyol standings","./explore?q=real%20sociedad%20vs%20espanyol&geo=US"
"fire vs dream","20 mil+","28 de agosto de 2026 a las 19:30:00 UTC-3","29 de agosto de 2026 a las 11:50:00 UTC-3","fire vs dream,emily engstler,carla leite,dream vs fire","./explore?q=fire%20vs%20dream&geo=US"
"phillies score","10 mil+","30 de agosto de 2026 a las 7:20:00 UTC-3","30 de agosto de 2026 a las 9:50:00 UTC-3","phillies score,edmundo sosa,angels,angels game,yahoo fantasy,wade meckler","./explore?q=phillies%20score&geo=US"
"ncaaf","10 mil+","29 de agosto de 2026 a las 9:10:00 UTC-3","30 de agosto de 2026 a las 10:40:00 UTC-3","ncaaf","./explore?q=ncaaf&geo=US"
"emmy rossum","1 mil+","30 de agosto de 2026 a las 9:00:00 UTC-3","30 de agosto de 2026 a las 12:00:00 UTC-3","emmy rossum","./explore?q=emmy%20rossum&geo=US"
"alabama a&m football","10 mil+","29 de agosto de 2026 a las 20:30:00 UTC-3","30 de agosto de 2026 a las 9:40:00 UTC-3","alabama a&m football,alabama a&m vs howard,howard football,howard vs alabama a&m,howard university football,alabama football schedule 2026,aamu vs howard","./explore?q=alabama%20a%26m%20football&geo=US"
"notre dame football schedule","10 mil+","29 de agosto de 2026 a las 8:40:00 UTC-3","30 de agosto de 2026 a las 11:30:00 UTC-3","notre dame football schedule","./explore?q=notre%20dame%20football%20schedule&geo=US"
"atlas - querétaro","20 mil+","29 de agosto de 2026 a las 19:30:00 UTC-3","30 de agosto de 2026 a las 1:00:00 UTC-3","atlas - querétaro,atlas vs querétaro,atlas vs queretaro,atlas fc,atlas vs","./explore?q=atlas%20-%20quer%C3%A9taro&geo=US"
"bishop gorman football","10 mil+","29 de agosto de 2026 a las 17:10:00 UTC-3","30 de agosto de 2026 a las 4:50:00 UTC-3","bishop gorman football,amir sears,columbus high school football,bishop gorman","./explore?q=bishop%20gorman%20football&geo=US"
"gta vi rockstar","10 mil+","29 de agosto de 2026 a las 9:00:00 UTC-3","29 de agosto de 2026 a las 20:40:00 UTC-3","gta vi rockstar,rockstar games gta vi","./explore?q=gta%20vi%20rockstar&geo=US"
"athletico-pr x fluminense","500+","30 de agosto de 2026 a las 10:50:00 UTC-3",,"athletico-pr x fluminense","./explore?q=athletico-pr%20x%20fluminense&geo=US"
"eastern michigan football","10 mil+","29 de agosto de 2026 a las 17:40:00 UTC-3","30 de agosto de 2026 a las 10:40:00 UTC-3","eastern michigan football,sac state football,sacramento state football","./explore?q=eastern%20michigan%20football&geo=US"
"ohio state football schedule","10 mil+","29 de agosto de 2026 a las 8:10:00 UTC-3","30 de agosto de 2026 a las 11:40:00 UTC-3","ohio state football schedule","./explore?q=ohio%20state%20football%20schedule&geo=US"
"reflecting pool","20 mil+","28 de agosto de 2026 a las 15:30:00 UTC-3","29 de agosto de 2026 a las 20:10:00 UTC-3","reflecting pool","./explore?q=reflecting%20pool&geo=US"
"nfl season start","2 mil+","28 de agosto de 2026 a las 21:00:00 UTC-3",,"nfl season start","./explore?q=nfl%20season%20start&geo=US"
"alabama football schedule","20 mil+","28 de agosto de 2026 a las 20:20:00 UTC-3","30 de agosto de 2026 a las 1:00:00 UTC-3","alabama football schedule","./explore?q=alabama%20football%20schedule&geo=US"
"alabama football","10 mil+","29 de agosto de 2026 a las 10:20:00 UTC-3","30 de agosto de 2026 a las 1:30:00 UTC-3","alabama football","./explore?q=alabama%20football&geo=US"
"utrgv football","5 mil+","29 de agosto de 2026 a las 19:50:00 UTC-3","30 de agosto de 2026 a las 10:40:00 UTC-3","utrgv football,utpb vs utrgv","./explore?q=utrgv%20football&geo=US"
"prem","200+","30 de agosto de 2026 a las 11:20:00 UTC-3",,"prem","./explore?q=prem&geo=US"
"trent mosley","10 mil+","29 de agosto de 2026 a las 17:00:00 UTC-3","30 de agosto de 2026 a las 6:10:00 UTC-3","trent mosley,texas longhorns football","./explore?q=trent%20mosley&geo=US"
"marlins vs nationals","20 mil+","28 de agosto de 2026 a las 18:50:00 UTC-3","29 de agosto de 2026 a las 23:40:00 UTC-3","marlins vs nationals,nationals,marlins - nationals","./explore?q=marlins%20vs%20nationals&geo=US"
"epl schedule","2 mil+","30 de agosto de 2026 a las 8:50:00 UTC-3","30 de agosto de 2026 a las 11:10:00 UTC-3","epl schedule","./explore?q=epl%20schedule&geo=US"
"viktor hovland","20 mil+","29 de agosto de 2026 a las 16:00:00 UTC-3","30 de agosto de 2026 a las 10:40:00 UTC-3","viktor hovland,ryan gerard,gerard golfer,ryan gerard golf,gotterup,hovland,hovland golf,hovland golfer","./explore?q=viktor%20hovland&geo=US"
"nashville airport","20 mil+","28 de agosto de 2026 a las 16:30:00 UTC-3","30 de agosto de 2026 a las 0:40:00 UTC-3","nashville airport,dolly parton airport,bna airport","./explore?q=nashville%20airport&geo=US"
"abdul el-sayed","1 mil+","30 de agosto de 2026 a las 7:40:00 UTC-3","30 de agosto de 2026 a las 11:10:00 UTC-3","abdul el-sayed","./explore?q=abdul%20el-sayed&geo=US"
"real sociedad - rcd espanyol","20 mil+","29 de agosto de 2026 a las 13:10:00 UTC-3","29 de agosto de 2026 a las 20:20:00 UTC-3","real sociedad - rcd espanyol,real sociedad – espanyol","./explore?q=real%20sociedad%20-%20rcd%20espanyol&geo=US"
"laura owens","10 mil+","28 de agosto de 2026 a las 19:30:00 UTC-3","30 de agosto de 2026 a las 10:40:00 UTC-3","laura owens,clayton echard","./explore?q=laura%20owens&geo=US"
"ohio governor race","10 mil+","28 de agosto de 2026 a las 16:20:00 UTC-3","30 de agosto de 2026 a las 10:40:00 UTC-3","ohio governor race","./explore?q=ohio%20governor%20race&geo=US"
"taylor sheridan landman season 3 production","20 mil+","28 de agosto de 2026 a las 13:40:00 UTC-3","29 de agosto de 2026 a las 13:10:00 UTC-3","taylor sheridan landman season 3 production","./explore?q=taylor%20sheridan%20landman%20season%203%20production&geo=US"
"giants vs jets","20 mil+","28 de agosto de 2026 a las 18:50:00 UTC-3","29 de agosto de 2026 a las 14:10:00 UTC-3","giants vs jets,jets vs giants,jake haener,giants jets,jets giants,ny giants game today,where to watch new york jets vs new york giants,giants vs jets where to watch","./explore?q=giants%20vs%20jets&geo=US"
"college football rankings","10 mil+","29 de agosto de 2026 a las 11:00:00 UTC-3","29 de agosto de 2026 a las 23:50:00 UTC-3","college football rankings,ncaa football rankings","./explore?q=college%20football%20rankings&geo=US"
"weather chicago","1 mil+","30 de agosto de 2026 a las 8:40:00 UTC-3","30 de agosto de 2026 a las 11:50:00 UTC-3","weather chicago","./explore?q=weather%20chicago&geo=US"
"texas football","5 mil+","29 de agosto de 2026 a las 9:30:00 UTC-3","30 de agosto de 2026 a las 11:40:00 UTC-3","texas football","./explore?q=texas%20football&geo=US"
"bundesliga","20 mil+","28 de agosto de 2026 a las 15:00:00 UTC-3","29 de agosto de 2026 a las 17:20:00 UTC-3","bundesliga,sv elversberg - leverkusen","./explore?q=bundesliga&geo=US"
"chicago vs seattle sounders","20 mil+","29 de agosto de 2026 a las 16:50:00 UTC-3","29 de agosto de 2026 a las 21:50:00 UTC-3","chicago vs seattle sounders,chicago fire - seattle sounders,sounders,chicago fire fc vs seattle sounders standings,seattle sounders","./explore?q=chicago%20vs%20seattle%20sounders&geo=US"
"mystics vs sparks","20 mil+","28 de agosto de 2026 a las 22:10:00 UTC-3","29 de agosto de 2026 a las 13:10:00 UTC-3","mystics vs sparks,rae burrell","./explore?q=mystics%20vs%20sparks&geo=US"
"mercer football","5 mil+","29 de agosto de 2026 a las 20:00:00 UTC-3","30 de agosto de 2026 a las 10:00:00 UTC-3","mercer football","./explore?q=mercer%20football&geo=US"
"philippines vs iran","1 mil+","30 de agosto de 2026 a las 9:00:00 UTC-3","30 de agosto de 2026 a las 12:00:00 UTC-3","philippines vs iran,gilas vs iran","./explore?q=philippines%20vs%20iran&geo=US"
"spacex starship flight 14","2 mil+","29 de agosto de 2026 a las 21:50:00 UTC-3","30 de agosto de 2026 a las 6:20:00 UTC-3","spacex starship flight 14","./explore?q=spacex%20starship%20flight%2014&geo=US"
"aaron paul death","5 mil+","29 de agosto de 2026 a las 23:40:00 UTC-3","30 de agosto de 2026 a las 10:00:00 UTC-3","aaron paul death,aaron paul alive,breaking bad,aaron paul dead","./explore?q=aaron%20paul%20death&geo=US"
"southern u vs alabama state","10 mil+","29 de agosto de 2026 a las 15:10:00 UTC-3","29 de agosto de 2026 a las 22:10:00 UTC-3","southern u vs alabama state,southern university football,alabama state football,southern vs alabama state","./explore?q=southern%20u%20vs%20alabama%20state&geo=US"
"pete hegseth military leadership quantico meeting","10 mil+","28 de agosto de 2026 a las 16:30:00 UTC-3","29 de agosto de 2026 a las 19:40:00 UTC-3","pete hegseth military leadership quantico meeting","./explore?q=pete%20hegseth%20military%20leadership%20quantico%20meeting&geo=US"
"famu football","10 mil+","29 de agosto de 2026 a las 20:30:00 UTC-3","30 de agosto de 2026 a las 10:20:00 UTC-3","famu football,albany state vs florida a&m,famu vs albany state","./explore?q=famu%20football&geo=US"
"high school football scores","20 mil+","28 de agosto de 2026 a las 21:20:00 UTC-3","29 de agosto de 2026 a las 12:10:00 UTC-3","high school football scores,mater dei football","./explore?q=high%20school%20football%20scores&geo=US"
"yankees","50 mil+","29 de agosto de 2026 a las 21:30:00 UTC-3","30 de agosto de 2026 a las 0:20:00 UTC-3","yankees,new york yankees,alec gamboa,spencer jones,red sox game,red sox,yankee game today,red sox yankees,paul blackburn,where to watch red sox vs new york yankees,ryan yarbrough,redsox game,yankees game,mlb tv,red sox yankees game,jahmai jones,what channel are the yankees on tonight","./explore?q=yankees&geo=US"
"usc football schedule","10 mil+","28 de agosto de 2026 a las 22:20:00 UTC-3","30 de agosto de 2026 a las 4:00:00 UTC-3","usc football schedule","./explore?q=usc%20football%20schedule&geo=US"
"haiti","1 mil+","30 de agosto de 2026 a las 8:20:00 UTC-3","30 de agosto de 2026 a las 11:30:00 UTC-3","haiti","./explore?q=haiti&geo=US"
"cal poly football","20 mil+","28 de agosto de 2026 a las 22:30:00 UTC-3","29 de agosto de 2026 a las 15:40:00 UTC-3","cal poly football,idaho football,idaho vs cal poly,idaho vandals football,cal poly vs idaho","./explore?q=cal%20poly%20football&geo=US"
"legion","5 mil+","29 de agosto de 2026 a las 15:20:00 UTC-3","30 de agosto de 2026 a las 11:20:00 UTC-3","legion","./explore?q=legion&geo=US"
"openai ends cursor contract spacex","10 mil+","29 de agosto de 2026 a las 0:00:00 UTC-3","29 de agosto de 2026 a las 21:40:00 UTC-3","openai ends cursor contract spacex","./explore?q=openai%20ends%20cursor%20contract%20spacex&geo=US"
"jamie dimon","5 mil+","29 de agosto de 2026 a las 14:40:00 UTC-3","30 de agosto de 2026 a las 11:00:00 UTC-3","jamie dimon","./explore?q=jamie%20dimon&geo=US"
"sam ehlinger","20 mil+","28 de agosto de 2026 a las 23:10:00 UTC-3","29 de agosto de 2026 a las 13:10:00 UTC-3","sam ehlinger,jermar jefferson,vikings vs broncos,vikings,mn vikings,justin joly,vikings game,broncos vs vikings,broncos game today,broncos score,mn vikings schedule,broncos schedule 2026","./explore?q=sam%20ehlinger&geo=US"
"the dodo","10 mil+","29 de agosto de 2026 a las 1:00:00 UTC-3","29 de agosto de 2026 a las 17:50:00 UTC-3","the dodo","./explore?q=the%20dodo&geo=US"
"white house ballroom construction completion percentage","10 mil+","28 de agosto de 2026 a las 17:00:00 UTC-3","29 de agosto de 2026 a las 12:00:00 UTC-3","white house ballroom construction completion percentage","./explore?q=white%20house%20ballroom%20construction%20completion%20percentage&geo=US"
"lexie hull","10 mil+","28 de agosto de 2026 a las 18:10:00 UTC-3","30 de agosto de 2026 a las 11:40:00 UTC-3","lexie hull","./explore?q=lexie%20hull&geo=US"
"juventus vs parma","10 mil+","29 de agosto de 2026 a las 14:50:00 UTC-3","29 de agosto de 2026 a las 21:00:00 UTC-3","juventus vs parma,juventus vs parma fc standings","./explore?q=juventus%20vs%20parma&geo=US"
"colorado football","5 mil+","29 de agosto de 2026 a las 13:10:00 UTC-3","30 de agosto de 2026 a las 11:00:00 UTC-3","colorado football","./explore?q=colorado%20football&geo=US"
"villanova football","10 mil+","28 de agosto de 2026 a las 19:00:00 UTC-3","29 de agosto de 2026 a las 21:00:00 UTC-3","villanova football,william and mary football,william and mary","./explore?q=villanova%20football&geo=US"
"bengals","50 mil+","28 de agosto de 2026 a las 21:10:00 UTC-3","29 de agosto de 2026 a las 9:10:00 UTC-3","bengals,bengals vs eagles,eagles game,cincinnati bengals,eagles score,eagles vs bengals,bengals game,eagles schedule,bengals schedule,eagles game today,josh johnson,tanner mckee,bengals score,eagles preseason game,bengals schedule 2026,eagles bengals","./explore?q=bengals&geo=US"
"maxpreps","50 mil+","28 de agosto de 2026 a las 21:50:00 UTC-3","29 de agosto de 2026 a las 3:50:00 UTC-3","maxpreps,max preps,maxpreps football,max prep football,maxprep","./explore?q=maxpreps&geo=US"
"seahawks vs chiefs","50 mil+","28 de agosto de 2026 a las 20:10:00 UTC-3","29 de agosto de 2026 a las 10:00:00 UTC-3","seahawks vs chiefs,chiefs,chiefs game,kc chiefs,kansas city chiefs,chiefs vs seahawks,seahawks,chiefs score,seattle seahawks,seahawks game,brashard smith,jason myers,nick vannett,seahawks score,ej smith,seahawks vs kansas city chiefs match player stats","./explore?q=seahawks%20vs%20chiefs&geo=US"
"prince harry meghan markle uk return","10 mil+","28 de agosto de 2026 a las 15:40:00 UTC-3","30 de agosto de 2026 a las 9:30:00 UTC-3","prince harry meghan markle uk return,harry and meghan return to uk,meghan, duchess of sussex","./explore?q=prince%20harry%20meghan%20markle%20uk%20return&geo=US"
"the secret woman","5 mil+","29 de agosto de 2026 a las 16:30:00 UTC-3","30 de agosto de 2026 a las 5:00:00 UTC-3","the secret woman,the secret woman netflix","./explore?q=the%20secret%20woman&geo=US"
"george lombard jr","5 mil+","29 de agosto de 2026 a las 20:40:00 UTC-3","30 de agosto de 2026 a las 10:10:00 UTC-3","george lombard jr,ny yankees,ny yankees score","./explore?q=george%20lombard%20jr&geo=US"
"silo season 3 episode 9","20 mil+","28 de agosto de 2026 a las 23:10:00 UTC-3","30 de agosto de 2026 a las 1:40:00 UTC-3","silo season 3 episode 9,silo season 3,silo season 3 how many episodes,how many episodes in silo season 3","./explore?q=silo%20season%203%20episode%209&geo=US"
"doughlicious cookie dough gelato costco","10 mil+","28 de agosto de 2026 a las 19:00:00 UTC-3","29 de agosto de 2026 a las 19:00:00 UTC-3","doughlicious cookie dough gelato costco","./explore?q=doughlicious%20cookie%20dough%20gelato%20costco&geo=US"
"aurora borealis forecast","10 mil+","28 de agosto de 2026 a las 23:00:00 UTC-3","29 de agosto de 2026 a las 20:30:00 UTC-3","aurora borealis forecast,northern lights forecast","./explore?q=aurora%20borealis%20forecast&geo=US"
"lafc vs d.c. united","10 mil+","29 de agosto de 2026 a las 19:40:00 UTC-3","30 de agosto de 2026 a las 0:40:00 UTC-3","lafc vs d.c. united,dc united,lafc - dc united","./explore?q=lafc%20vs%20d.c.%20united&geo=US"
"tarleton state football","5 mil+","29 de agosto de 2026 a las 22:00:00 UTC-3","30 de agosto de 2026 a las 3:00:00 UTC-3","tarleton state football,tarleton football,prairie view vs tarleton st","./explore?q=tarleton%20state%20football&geo=US"
"texas volleyball","10 mil+","29 de agosto de 2026 a las 23:40:00 UTC-3","30 de agosto de 2026 a las 11:40:00 UTC-3","texas volleyball,nebraska volleyball schedule,husker volleyball,husker volleyball schedule,nebraska volleyball roster,unlv head coach,unlv volleyball,nebraska,andi jackson","./explore?q=texas%20volleyball&geo=US"
"lynndyl utah","1 mil+","30 de agosto de 2026 a las 0:10:00 UTC-3",,"lynndyl utah","./explore?q=lynndyl%20utah&geo=US"
"michael keaton","5 mil+","29 de agosto de 2026 a las 20:40:00 UTC-3","30 de agosto de 2026 a las 5:30:00 UTC-3","michael keaton","./explore?q=michael%20keaton&geo=US"
"j cole sacramento concert canceled","5 mil+","29 de agosto de 2026 a las 1:10:00 UTC-3","30 de agosto de 2026 a las 4:40:00 UTC-3","j cole sacramento concert canceled","./explore?q=j%20cole%20sacramento%20concert%20canceled&geo=US"
"strands hint today","1 mil+","30 de agosto de 2026 a las 8:40:00 UTC-3","30 de agosto de 2026 a las 11:40:00 UTC-3","strands hint today","./explore?q=strands%20hint%20today&geo=US"
"trump administration yosemite land exchange","20 mil+","28 de agosto de 2026 a las 19:10:00 UTC-3","29 de agosto de 2026 a las 15:10:00 UTC-3","trump administration yosemite land exchange,yosemite,trump yosemite","./explore?q=trump%20administration%20yosemite%20land%20exchange&geo=US"
"philadelphia vs ny red bulls","5 mil+","29 de agosto de 2026 a las 19:40:00 UTC-3","30 de agosto de 2026 a las 0:20:00 UTC-3","philadelphia vs ny red bulls,cavan sullivan,philadelphia - new york rb,philadelphia union","./explore?q=philadelphia%20vs%20ny%20red%20bulls&geo=US"
"miami hurricanes football","5 mil+","29 de agosto de 2026 a las 9:50:00 UTC-3","30 de agosto de 2026 a las 11:40:00 UTC-3","miami hurricanes football","./explore?q=miami%20hurricanes%20football&geo=US"
"dog","20 mil+","29 de agosto de 2026 a las 17:10:00 UTC-3","29 de agosto de 2026 a las 21:30:00 UTC-3","dog","./explore?q=dog&geo=US"
"phillies schedule","2 mil+","30 de agosto de 2026 a las 7:30:00 UTC-3","30 de agosto de 2026 a las 10:30:00 UTC-3","phillies schedule,phillies standings","./explore?q=phillies%20schedule&geo=US"
"andrea eastman","10 mil+","28 de agosto de 2026 a las 20:10:00 UTC-3","29 de agosto de 2026 a las 12:10:00 UTC-3","andrea eastman","./explore?q=andrea%20eastman&geo=US"
"penn state football schedule","5 mil+","28 de agosto de 2026 a las 21:00:00 UTC-3","30 de agosto de 2026 a las 11:20:00 UTC-3","penn state football schedule","./explore?q=penn%20state%20football%20schedule&geo=US"
"alligators","1 mil+","30 de agosto de 2026 a las 7:10:00 UTC-3","30 de agosto de 2026 a las 11:40:00 UTC-3","alligators","./explore?q=alligators&geo=US"
"jaden craig","10 mil+","29 de agosto de 2026 a las 10:00:00 UTC-3","29 de agosto de 2026 a las 20:20:00 UTC-3","jaden craig,tcu qb,unc qb","./explore?q=jaden%20craig&geo=US"
"adam ghekiere","10 mil+","28 de agosto de 2026 a las 18:10:00 UTC-3","30 de agosto de 2026 a las 1:20:00 UTC-3","adam ghekiere","./explore?q=adam%20ghekiere&geo=US"
"auburn football","5 mil+","28 de agosto de 2026 a las 19:50:00 UTC-3","30 de agosto de 2026 a las 11:20:00 UTC-3","auburn football","./explore?q=auburn%20football&geo=US"
"pete crow armstrong","10 mil+","29 de agosto de 2026 a las 17:50:00 UTC-3","30 de agosto de 2026 a las 10:40:00 UTC-3","pete crow armstrong,pete crow-armstrong,pca,sammy sosa,pete crow armstrong stats,pca cubs","./explore?q=pete%20crow%20armstrong&geo=US"
"commanders vs ravens","50 mil+","28 de agosto de 2026 a las 18:30:00 UTC-3","29 de agosto de 2026 a las 10:40:00 UTC-3","commanders vs ravens,ravens vs commanders,commanders,ravens game,chris moore,ravens score,austin reed,tyler huntley,ravens schedule 2026,ravens game today,commanders vs ravens where to watch,joe fagnano,ravens commanders,cornelius johnson","./explore?q=commanders%20vs%20ravens&geo=US"
"austin vs portland","5 mil+","29 de agosto de 2026 a las 22:40:00 UTC-3","30 de agosto de 2026 a las 3:30:00 UTC-3","austin vs portland,austin fc - timbers,portland vs austin","./explore?q=austin%20vs%20portland&geo=US"
"steve harvey","10 mil+","29 de agosto de 2026 a las 10:00:00 UTC-3","30 de agosto de 2026 a las 4:50:00 UTC-3","steve harvey","./explore?q=steve%20harvey&geo=US"
"norfolk state football","2 mil+","29 de agosto de 2026 a las 19:10:00 UTC-3","30 de agosto de 2026 a las 11:30:00 UTC-3","norfolk state football","./explore?q=norfolk%20state%20football&geo=US"
"cale makar","20 mil+","28 de agosto de 2026 a las 18:20:00 UTC-3","29 de agosto de 2026 a las 12:50:00 UTC-3","cale makar,cale makar contract,nhl,makar,cale makar colorado avalanche contract,makar contract","./explore?q=cale%20makar&geo=US"
"cyclosporiasis cases lettuce outbreak","10 mil+","28 de agosto de 2026 a las 18:20:00 UTC-3","29 de agosto de 2026 a las 11:10:00 UTC-3","cyclosporiasis cases lettuce outbreak","./explore?q=cyclosporiasis%20cases%20lettuce%20outbreak&geo=US"
"jim farley ford quality control","10 mil+","28 de agosto de 2026 a las 17:10:00 UTC-3","29 de agosto de 2026 a las 11:40:00 UTC-3","jim farley ford quality control","./explore?q=jim%20farley%20ford%20quality%20control&geo=US"
"dolly parton music business strategy","5 mil+","29 de agosto de 2026 a las 12:50:00 UTC-3","29 de agosto de 2026 a las 23:30:00 UTC-3","dolly parton music business strategy","./explore?q=dolly%20parton%20music%20business%20strategy&geo=US"
"cincinnati vs nashville","5 mil+","29 de agosto de 2026 a las 20:40:00 UTC-3","30 de agosto de 2026 a las 1:30:00 UTC-3","cincinnati vs nashville,cincinnati - nashville sc,fc cincinnati vs nashville sc standings","./explore?q=cincinnati%20vs%20nashville&geo=US"
"mallory aurichio","5 mil+","28 de agosto de 2026 a las 23:10:00 UTC-3","29 de agosto de 2026 a las 21:10:00 UTC-3","mallory aurichio","./explore?q=mallory%20aurichio&geo=US"
"nascar standings","5 mil+","29 de agosto de 2026 a las 23:30:00 UTC-3","30 de agosto de 2026 a las 11:20:00 UTC-3","nascar standings,denny hamlin,nascar points standings,nascar chase standings,tyler reddick,william byron","./explore?q=nascar%20standings&geo=US"
"new hercule poirot television adaptation","5 mil+","29 de agosto de 2026 a las 14:30:00 UTC-3","30 de agosto de 2026 a las 11:30:00 UTC-3","new hercule poirot television adaptation","./explore?q=new%20hercule%20poirot%20television%20adaptation&geo=US"
"lacey chabert","1 mil+","30 de agosto de 2026 a las 3:00:00 UTC-3","30 de agosto de 2026 a las 11:20:00 UTC-3","lacey chabert","./explore?q=lacey%20chabert&geo=US"
"bobby petrino","10 mil+","29 de agosto de 2026 a las 11:10:00 UTC-3","29 de agosto de 2026 a las 17:40:00 UTC-3","bobby petrino,unc football schedule","./explore?q=bobby%20petrino&geo=US"
"levante - real betis","10 mil+","29 de agosto de 2026 a las 11:10:00 UTC-3","29 de agosto de 2026 a las 17:00:00 UTC-3","levante - real betis,real betis","./explore?q=levante%20-%20real%20betis&geo=US"
"bkfc","5 mil+","29 de agosto de 2026 a las 18:10:00 UTC-3","30 de agosto de 2026 a las 1:20:00 UTC-3","bkfc,joe lauzon","./explore?q=bkfc&geo=US"
"stetson vs sd state","10 mil+","29 de agosto de 2026 a las 19:10:00 UTC-3","30 de agosto de 2026 a las 0:20:00 UTC-3","stetson vs sd state,south dakota state football,stetson football,sdsu football,sdsu jackrabbits football","./explore?q=stetson%20vs%20sd%20state&geo=US"
"taylor swift gofundme donation ashley taunton","5 mil+","28 de agosto de 2026 a las 22:00:00 UTC-3","29 de agosto de 2026 a las 19:50:00 UTC-3","taylor swift gofundme donation ashley taunton","./explore?q=taylor%20swift%20gofundme%20donation%20ashley%20taunton&geo=US"
"fanduel","2 mil+","30 de agosto de 2026 a las 5:00:00 UTC-3","30 de agosto de 2026 a las 9:00:00 UTC-3","fanduel,fanduel promo code,fanduel bonus code,fanduel free bet","./explore?q=fanduel&geo=US"
"mazi smith","2 mil+","29 de agosto de 2026 a las 19:40:00 UTC-3","30 de agosto de 2026 a las 11:40:00 UTC-3","mazi smith","./explore?q=mazi%20smith&geo=US"
"venezuela","20 mil+","28 de agosto de 2026 a las 14:30:00 UTC-3","29 de agosto de 2026 a las 12:30:00 UTC-3","venezuela,oil prices,trump news,venezuela oil deal,stake,huffpost","./explore?q=venezuela&geo=US"
"corey kiner","5 mil+","29 de agosto de 2026 a las 14:20:00 UTC-3","30 de agosto de 2026 a las 8:30:00 UTC-3","corey kiner,hassan haskins new england patriots released","./explore?q=corey%20kiner&geo=US"
"louisiana christian football","500+","30 de agosto de 2026 a las 7:30:00 UTC-3","30 de agosto de 2026 a las 10:50:00 UTC-3","louisiana christian football","./explore?q=louisiana%20christian%20football&geo=US"
"chick-fil-a","10 mil+","28 de agosto de 2026 a las 18:10:00 UTC-3","29 de agosto de 2026 a las 21:10:00 UTC-3","chick-fil-a","./explore?q=chick-fil-a&geo=US"
"draftkings bonus code","5 mil+","30 de agosto de 2026 a las 4:30:00 UTC-3","30 de agosto de 2026 a las 8:40:00 UTC-3","draftkings bonus code,draftkings promo code,draftkings free bet,draftkings bonus,draft kings,draftkings sign up bonus,draftkings","./explore?q=draftkings%20bonus%20code&geo=US"
"king azoulay fight","5 mil+","29 de agosto de 2026 a las 19:50:00 UTC-3","30 de agosto de 2026 a las 4:00:00 UTC-3","king azoulay fight,king azoulay vs gypsy","./explore?q=king%20azoulay%20fight&geo=US"
"atlante - león","20 mil+","28 de agosto de 2026 a las 21:30:00 UTC-3","29 de agosto de 2026 a las 8:40:00 UTC-3","atlante - león,atlante vs león,leon fc,leon vs,club león","./explore?q=atlante%20-%20le%C3%B3n&geo=US"
"paul newman","5 mil+","29 de agosto de 2026 a las 0:20:00 UTC-3","30 de agosto de 2026 a las 3:40:00 UTC-3","paul newman","./explore?q=paul%20newman&geo=US"
"stephen curry","5 mil+","29 de agosto de 2026 a las 8:40:00 UTC-3","30 de agosto de 2026 a las 4:00:00 UTC-3","stephen curry,steph curry","./explore?q=stephen%20curry&geo=US"
"jennifer aniston boyfriend jim curtis","2 mil+","29 de agosto de 2026 a las 21:00:00 UTC-3","30 de agosto de 2026 a las 10:00:00 UTC-3","jennifer aniston boyfriend jim curtis","./explore?q=jennifer%20aniston%20boyfriend%20jim%20curtis&geo=US"
"bayern vs vfb stuttgart","20 mil+","28 de agosto de 2026 a las 14:40:00 UTC-3","28 de agosto de 2026 a las 21:00:00 UTC-3","bayern vs vfb stuttgart","./explore?q=bayern%20vs%20vfb%20stuttgart&geo=US"
"texas a&m football","5 mil+","29 de agosto de 2026 a las 10:30:00 UTC-3","30 de agosto de 2026 a las 1:40:00 UTC-3","texas a&m football","./explore?q=texas%20a%26m%20football&geo=US"
"max bemis","5 mil+","28 de agosto de 2026 a las 21:00:00 UTC-3","30 de agosto de 2026 a las 11:50:00 UTC-3","max bemis","./explore?q=max%20bemis&geo=US"
"morgan rogers","200+","30 de agosto de 2026 a las 10:30:00 UTC-3","30 de agosto de 2026 a las 11:40:00 UTC-3","morgan rogers","./explore?q=morgan%20rogers&geo=US"
"daytona 500","5 mil+","29 de agosto de 2026 a las 19:40:00 UTC-3","30 de agosto de 2026 a las 10:10:00 UTC-3","daytona 500,jimmie johnson","./explore?q=daytona%20500&geo=US"
"cowboys","50 mil+","28 de agosto de 2026 a las 21:40:00 UTC-3","29 de agosto de 2026 a las 1:10:00 UTC-3","cowboys,cowboys game today,cowboys score","./explore?q=cowboys&geo=US"
"dallas cowboys","50 mil+","28 de agosto de 2026 a las 21:30:00 UTC-3","29 de agosto de 2026 a las 1:00:00 UTC-3","dallas cowboys,marquez valdes-scantling","./explore?q=dallas%20cowboys&geo=US"
"mike norvell","2 mil+","29 de agosto de 2026 a las 20:30:00 UTC-3","30 de agosto de 2026 a las 11:20:00 UTC-3","mike norvell","./explore?q=mike%20norvell&geo=US"
"orlando city vs minnesota","5 mil+","29 de agosto de 2026 a las 20:40:00 UTC-3","30 de agosto de 2026 a las 1:30:00 UTC-3","orlando city vs minnesota","./explore?q=orlando%20city%20vs%20minnesota&geo=US"
"ole miss football","5 mil+","29 de agosto de 2026 a las 9:50:00 UTC-3","30 de agosto de 2026 a las 11:40:00 UTC-3","ole miss football","./explore?q=ole%20miss%20football&geo=US"
"yahoo fantasy","10 mil+","29 de agosto de 2026 a las 15:10:00 UTC-3","29 de agosto de 2026 a las 22:30:00 UTC-3","yahoo fantasy,yahoo sports","./explore?q=yahoo%20fantasy&geo=US"
"larry christenson","10 mil+","28 de agosto de 2026 a las 21:50:00 UTC-3","29 de agosto de 2026 a las 15:10:00 UTC-3","larry christenson,phillies score,phillies standings,phillies schedule,phillies score yesterday","./explore?q=larry%20christenson&geo=US"
"craig streeter new york police search","5 mil+","29 de agosto de 2026 a las 15:00:00 UTC-3","29 de agosto de 2026 a las 21:40:00 UTC-3","craig streeter new york police search","./explore?q=craig%20streeter%20new%20york%20police%20search&geo=US"
"ravens","20 mil+","28 de agosto de 2026 a las 19:20:00 UTC-3","28 de agosto de 2026 a las 23:20:00 UTC-3","ravens,cj okoye,baltimore ravens,ny giants","./explore?q=ravens&geo=US"
"thunderstorm","5 mil+","29 de agosto de 2026 a las 20:00:00 UTC-3","29 de agosto de 2026 a las 23:50:00 UTC-3","thunderstorm","./explore?q=thunderstorm&geo=US"
"charlotte vs atlanta united","5 mil+","29 de agosto de 2026 a las 19:40:00 UTC-3","30 de agosto de 2026 a las 0:10:00 UTC-3","charlotte vs atlanta united,atlanta united,charlotte fc - atlanta united","./explore?q=charlotte%20vs%20atlanta%20united&geo=US"
"betmgm promo code","2 mil+","30 de agosto de 2026 a las 4:30:00 UTC-3","30 de agosto de 2026 a las 9:00:00 UTC-3","betmgm promo code,bet mgm,betmgm free bet,betmgm","./explore?q=betmgm%20promo%20code&geo=US"
"usha vance","500+","30 de agosto de 2026 a las 9:30:00 UTC-3","30 de agosto de 2026 a las 10:50:00 UTC-3","usha vance","./explore?q=usha%20vance&geo=US"
"juventus - parma","10 mil+","29 de agosto de 2026 a las 14:50:00 UTC-3","29 de agosto de 2026 a las 19:50:00 UTC-3","juventus - parma,juventus,juventus fc","./explore?q=juventus%20-%20parma&geo=US"
"gal gadot","2 mil+","29 de agosto de 2026 a las 20:10:00 UTC-3","30 de agosto de 2026 a las 8:50:00 UTC-3","gal gadot","./explore?q=gal%20gadot&geo=US"
"the dog stars movie","5 mil+","28 de agosto de 2026 a las 18:20:00 UTC-3","29 de agosto de 2026 a las 22:40:00 UTC-3","the dog stars movie,coyote vs acme box office","./explore?q=the%20dog%20stars%20movie&geo=US"
"coyote vs. acme","5 mil+","28 de agosto de 2026 a las 17:50:00 UTC-3","30 de agosto de 2026 a las 3:20:00 UTC-3","coyote vs. acme,comedy movies,john cena","./explore?q=coyote%20vs.%20acme&geo=US"
"hardly eager strands","500+","30 de agosto de 2026 a las 8:50:00 UTC-3","30 de agosto de 2026 a las 12:00:00 UTC-3","hardly eager strands","./explore?q=hardly%20eager%20strands&geo=US"
"sa vs zim","10 mil+","29 de agosto de 2026 a las 8:10:00 UTC-3","29 de agosto de 2026 a las 16:40:00 UTC-3","sa vs zim,zimbabwe vs south africa,south africa vs zimbabwe,zim vs sa","./explore?q=sa%20vs%20zim&geo=US"
"savannah bananas gillette","10 mil+","28 de agosto de 2026 a las 16:00:00 UTC-3","29 de agosto de 2026 a las 20:20:00 UTC-3","savannah bananas gillette,gillette stadium,keith urban","./explore?q=savannah%20bananas%20gillette&geo=US"
"levante vs betis","10 mil+","29 de agosto de 2026 a las 11:10:00 UTC-3","29 de agosto de 2026 a las 16:20:00 UTC-3","levante vs betis","./explore?q=levante%20vs%20betis&geo=US"
"virginia tech football","5 mil+","29 de agosto de 2026 a las 10:50:00 UTC-3","30 de agosto de 2026 a las 10:00:00 UTC-3","virginia tech football,james franklin","./explore?q=virginia%20tech%20football&geo=US"
"wendy coyote studio city facial growth","10 mil+","28 de agosto de 2026 a las 17:10:00 UTC-3","29 de agosto de 2026 a las 11:00:00 UTC-3","wendy coyote studio city facial growth","./explore?q=wendy%20coyote%20studio%20city%20facial%20growth&geo=US"
"llws","10 mil+","29 de agosto de 2026 a las 16:40:00 UTC-3","29 de agosto de 2026 a las 20:30:00 UTC-3","llws,little league world series","./explore?q=llws&geo=US"
"denise gomes","5 mil+","29 de agosto de 2026 a las 1:30:00 UTC-3","29 de agosto de 2026 a las 12:20:00 UTC-3","denise gomes,yan xiaonan","./explore?q=denise%20gomes&geo=US"
"chris ragsdale","5 mil+","28 de agosto de 2026 a las 13:10:00 UTC-3","29 de agosto de 2026 a las 22:00:00 UTC-3","chris ragsdale","./explore?q=chris%20ragsdale&geo=US"
"julian reese waived denver nuggets","500+","30 de agosto de 2026 a las 8:40:00 UTC-3","30 de agosto de 2026 a las 11:40:00 UTC-3","julian reese waived denver nuggets","./explore?q=julian%20reese%20waived%20denver%20nuggets&geo=US"
"clark atlanta vs grambling st","5 mil+","29 de agosto de 2026 a las 19:10:00 UTC-3","30 de agosto de 2026 a las 0:50:00 UTC-3","clark atlanta vs grambling st","./explore?q=clark%20atlanta%20vs%20grambling%20st&geo=US"
"betmgm sportsbook","2 mil+","30 de agosto de 2026 a las 5:00:00 UTC-3","30 de agosto de 2026 a las 9:00:00 UTC-3","betmgm sportsbook,draftkings sportsbook,bet365 free bet","./explore?q=betmgm%20sportsbook&geo=US"
"hurricane katrina","5 mil+","29 de agosto de 2026 a las 1:50:00 UTC-3","30 de agosto de 2026 a las 11:30:00 UTC-3","hurricane katrina","./explore?q=hurricane%20katrina&geo=US"
"bilal hasan","5 mil+","29 de agosto de 2026 a las 0:30:00 UTC-3","29 de agosto de 2026 a las 14:50:00 UTC-3","bilal hasan","./explore?q=bilal%20hasan&geo=US"
"texas tech football","5 mil+","29 de agosto de 2026 a las 11:00:00 UTC-3","29 de agosto de 2026 a las 23:40:00 UTC-3","texas tech football","./explore?q=texas%20tech%20football&geo=US"
"panthers","20 mil+","28 de agosto de 2026 a las 20:10:00 UTC-3","29 de agosto de 2026 a las 0:30:00 UTC-3","panthers,carolina panthers,panthers game,texans vs panthers,panthers vs texans,panthers schedule,houston texans,texans game","./explore?q=panthers&geo=US"
"kate hudson","2 mil+","29 de agosto de 2026 a las 22:50:00 UTC-3","30 de agosto de 2026 a las 10:40:00 UTC-3","kate hudson","./explore?q=kate%20hudson&geo=US"
"cody gakpo","5 mil+","29 de agosto de 2026 a las 10:20:00 UTC-3","30 de agosto de 2026 a las 10:50:00 UTC-3","cody gakpo,gakpo,liverpool coach","./explore?q=cody%20gakpo&geo=US"
"dortmund vs hamburg","10 mil+","29 de agosto de 2026 a las 12:40:00 UTC-3","29 de agosto de 2026 a las 16:50:00 UTC-3","dortmund vs hamburg,borussia dortmund vs hamburger sv standings","./explore?q=dortmund%20vs%20hamburg&geo=US"
"brittany mahomes denim outfit chiefs game","500+","30 de agosto de 2026 a las 9:00:00 UTC-3","30 de agosto de 2026 a las 11:50:00 UTC-3","brittany mahomes denim outfit chiefs game","./explore?q=brittany%20mahomes%20denim%20outfit%20chiefs%20game&geo=US"
"high yield dividend stocks roth","2 mil+","29 de agosto de 2026 a las 17:20:00 UTC-3","30 de agosto de 2026 a las 10:10:00 UTC-3","high yield dividend stocks roth","./explore?q=high%20yield%20dividend%20stocks%20roth&geo=US"
"senator lindsey graham","500+","30 de agosto de 2026 a las 9:10:00 UTC-3","30 de agosto de 2026 a las 11:30:00 UTC-3","senator lindsey graham","./explore?q=senator%20lindsey%20graham&geo=US"
"bayern - stuttgart","10 mil+","28 de agosto de 2026 a las 14:40:00 UTC-3","29 de agosto de 2026 a las 5:10:00 UTC-3","bayern - stuttgart","./explore?q=bayern%20-%20stuttgart&geo=US"
"odell beckham jr","10 mil+","28 de agosto de 2026 a las 21:40:00 UTC-3","29 de agosto de 2026 a las 11:40:00 UTC-3","odell beckham jr,obj,nyg,odell beckham,odell beckham jr.","./explore?q=odell%20beckham%20jr&geo=US"
"milan vs venezia","20 mil+","28 de agosto de 2026 a las 14:50:00 UTC-3","28 de agosto de 2026 a las 22:40:00 UTC-3","milan vs venezia,milan,ac milan vs venezia fc standings,milan vs","./explore?q=milan%20vs%20venezia&geo=US"
"winter weather warning","10 mil+","28 de agosto de 2026 a las 20:30:00 UTC-3","29 de agosto de 2026 a las 9:50:00 UTC-3","winter weather warning","./explore?q=winter%20weather%20warning&geo=US"
"texas voter registration status","10 mil+","29 de agosto de 2026 a las 9:30:00 UTC-3","30 de agosto de 2026 a las 1:10:00 UTC-3","texas voter registration status,voter registration texas,texas voter registration","./explore?q=texas%20voter%20registration%20status&geo=US"
"alianza - atlético nacional","5 mil+","29 de agosto de 2026 a las 22:00:00 UTC-3","30 de agosto de 2026 a las 2:00:00 UTC-3","alianza - atlético nacional,alianza vs atl. nacional","./explore?q=alianza%20-%20atl%C3%A9tico%20nacional&geo=US"
"max fried","5 mil+","29 de agosto de 2026 a las 20:20:00 UTC-3","30 de agosto de 2026 a las 0:20:00 UTC-3","max fried","./explore?q=max%20fried&geo=US"
"coventry vs hull","10 mil+","29 de agosto de 2026 a las 10:10:00 UTC-3","29 de agosto de 2026 a las 15:40:00 UTC-3","coventry vs hull,english premier league,coventry city,liam millar,coventry city fc","./explore?q=coventry%20vs%20hull&geo=US"
"iowa football","5 mil+","29 de agosto de 2026 a las 9:40:00 UTC-3","29 de agosto de 2026 a las 22:10:00 UTC-3","iowa football","./explore?q=iowa%20football&geo=US"
"milwaukee brewers pitcher jacob misiorowski","5 mil+","28 de agosto de 2026 a las 23:40:00 UTC-3","30 de agosto de 2026 a las 11:20:00 UTC-3","milwaukee brewers pitcher jacob misiorowski","./explore?q=milwaukee%20brewers%20pitcher%20jacob%20misiorowski&geo=US"
"jamal haynes","5 mil+","28 de agosto de 2026 a las 23:50:00 UTC-3","29 de agosto de 2026 a las 16:40:00 UTC-3","jamal haynes","./explore?q=jamal%20haynes&geo=US"
"california lottery lawsuit $750,000 ticket","5 mil+","28 de agosto de 2026 a las 23:00:00 UTC-3","29 de agosto de 2026 a las 21:20:00 UTC-3","california lottery lawsuit $750,000 ticket","./explore?q=california%20lottery%20lawsuit%20%24750%2C000%20ticket&geo=US"
"h4 ead news","5 mil+","29 de agosto de 2026 a las 11:50:00 UTC-3","30 de agosto de 2026 a las 1:30:00 UTC-3","h4 ead news,h4 ead","./explore?q=h4%20ead%20news&geo=US"
"ucla football","2 mil+","29 de agosto de 2026 a las 16:00:00 UTC-3","30 de agosto de 2026 a las 4:20:00 UTC-3","ucla football","./explore?q=ucla%20football&geo=US"
"salt lake vs colorado","2 mil+","29 de agosto de 2026 a las 21:50:00 UTC-3","30 de agosto de 2026 a las 2:20:00 UTC-3","salt lake vs colorado,colorado rapids","./explore?q=salt%20lake%20vs%20colorado&geo=US"
"al-nassr vs al-taawoun","20 mil+","28 de agosto de 2026 a las 14:10:00 UTC-3","28 de agosto de 2026 a las 19:00:00 UTC-3","al-nassr vs al-taawoun,al-nassr - al taawon,al-nassr vs al-taawoun fc standings,saudi pro league","./explore?q=al-nassr%20vs%20al-taawoun&geo=US"
"david boreanaz","200+","30 de agosto de 2026 a las 11:00:00 UTC-3","30 de agosto de 2026 a las 12:00:00 UTC-3","david boreanaz","./explore?q=david%20boreanaz&geo=US"
"morgan state vs nc a&t","5 mil+","29 de agosto de 2026 a las 18:10:00 UTC-3","29 de agosto de 2026 a las 23:20:00 UTC-3","morgan state vs nc a&t,morgan state football,ncat football","./explore?q=morgan%20state%20vs%20nc%20a%26t&geo=US"
"rufus du sol atlantic city","5 mil+","29 de agosto de 2026 a las 10:50:00 UTC-3","29 de agosto de 2026 a las 22:30:00 UTC-3","rufus du sol atlantic city,w&m vs villanova","./explore?q=rufus%20du%20sol%20atlantic%20city&geo=US"
"auburn football schedule","5 mil+","28 de agosto de 2026 a las 20:40:00 UTC-3","29 de agosto de 2026 a las 22:50:00 UTC-3","auburn football schedule","./explore?q=auburn%20football%20schedule&geo=US"
"millie bobby brown","5 mil+","29 de agosto de 2026 a las 12:30:00 UTC-3","29 de agosto de 2026 a las 17:30:00 UTC-3","millie bobby brown","./explore?q=millie%20bobby%20brown&geo=US"
"probox tv","2 mil+","29 de agosto de 2026 a las 20:10:00 UTC-3","30 de agosto de 2026 a las 1:30:00 UTC-3","probox tv","./explore?q=probox%20tv&geo=US"
"married at first sight","5 mil+","29 de agosto de 2026 a las 2:20:00 UTC-3","29 de agosto de 2026 a las 23:10:00 UTC-3","married at first sight","./explore?q=married%20at%20first%20sight&geo=US"
"oregon football","5 mil+","29 de agosto de 2026 a las 11:20:00 UTC-3","30 de agosto de 2026 a las 0:30:00 UTC-3","oregon football,oregon ducks football","./explore?q=oregon%20football&geo=US"
"vasco vs cruzeiro","2 mil+","29 de agosto de 2026 a las 20:30:00 UTC-3","30 de agosto de 2026 a las 1:20:00 UTC-3","vasco vs cruzeiro","./explore?q=vasco%20vs%20cruzeiro&geo=US"
"john wick","10 mil+","28 de agosto de 2026 a las 16:20:00 UTC-3","29 de agosto de 2026 a las 10:00:00 UTC-3","john wick,movieweb","./explore?q=john%20wick&geo=US"
"ja morant","2 mil+","29 de agosto de 2026 a las 15:40:00 UTC-3","30 de agosto de 2026 a las 5:20:00 UTC-3","ja morant","./explore?q=ja%20morant&geo=US"
"tottenham","10 mil+","29 de agosto de 2026 a las 13:40:00 UTC-3","29 de agosto de 2026 a las 16:30:00 UTC-3","tottenham,richarlison","./explore?q=tottenham&geo=US"
"megan park","2 mil+","30 de agosto de 2026 a las 6:00:00 UTC-3","30 de agosto de 2026 a las 10:20:00 UTC-3","megan park","./explore?q=megan%20park&geo=US"
"galatasaray vs göztepe","5 mil+","29 de agosto de 2026 a las 14:40:00 UTC-3","29 de agosto de 2026 a las 21:00:00 UTC-3","galatasaray vs göztepe,galatasaray - göztepe","./explore?q=galatasaray%20vs%20g%C3%B6ztepe&geo=US"
"economic sanctions","5 mil+","29 de agosto de 2026 a las 12:40:00 UTC-3","29 de agosto de 2026 a las 18:00:00 UTC-3","economic sanctions","./explore?q=economic%20sanctions&geo=US"
"taylor lautner","2 mil+","29 de agosto de 2026 a las 21:10:00 UTC-3","30 de agosto de 2026 a las 10:30:00 UTC-3","taylor lautner","./explore?q=taylor%20lautner&geo=US"
"starr manufacturing defamation lawsuit","5 mil+","29 de agosto de 2026 a las 9:00:00 UTC-3","29 de agosto de 2026 a las 22:20:00 UTC-3","starr manufacturing defamation lawsuit","./explore?q=starr%20manufacturing%20defamation%20lawsuit&geo=US"
"basha vs chandler football","2 mil+","29 de agosto de 2026 a las 23:30:00 UTC-3","30 de agosto de 2026 a las 5:00:00 UTC-3","basha vs chandler football,chandler vs basha,basha vs chandler","./explore?q=basha%20vs%20chandler%20football&geo=US"
"eagles","20 mil+","28 de agosto de 2026 a las 21:40:00 UTC-3","29 de agosto de 2026 a las 0:30:00 UTC-3","eagles,eagles schedule 2026,carson steele,fantasy footballers,jalen hurts","./explore?q=eagles&geo=US"
"alianza lima - deportivo garcilaso","5 mil+","29 de agosto de 2026 a las 21:00:00 UTC-3","30 de agosto de 2026 a las 0:40:00 UTC-3","alianza lima - deportivo garcilaso,alianza lima vs deportivo garcilaso,alianza lima,posiciones de alianza lima contra deportivo garcilaso","./explore?q=alianza%20lima%20-%20deportivo%20garcilaso&geo=US"
"vasco da gama x cruzeiro","2 mil+","29 de agosto de 2026 a las 20:30:00 UTC-3","30 de agosto de 2026 a las 0:30:00 UTC-3","vasco da gama x cruzeiro","./explore?q=vasco%20da%20gama%20x%20cruzeiro&geo=US"
"robin williams","10 mil+","28 de agosto de 2026 a las 16:00:00 UTC-3","29 de agosto de 2026 a las 6:50:00 UTC-3","robin williams","./explore?q=robin%20williams&geo=US"
"pierce thiot","5 mil+","28 de agosto de 2026 a las 16:00:00 UTC-3","29 de agosto de 2026 a las 13:40:00 UTC-3","pierce thiot","./explore?q=pierce%20thiot&geo=US"
"davante adams","5 mil+","28 de agosto de 2026 a las 17:10:00 UTC-3","29 de agosto de 2026 a las 11:30:00 UTC-3","davante adams","./explore?q=davante%20adams&geo=US"
"carson hocevar","2 mil+","29 de agosto de 2026 a las 20:20:00 UTC-3","30 de agosto de 2026 a las 0:50:00 UTC-3","carson hocevar","./explore?q=carson%20hocevar&geo=US"
"midterm election","500+","30 de agosto de 2026 a las 9:20:00 UTC-3","30 de agosto de 2026 a las 10:50:00 UTC-3","midterm election","./explore?q=midterm%20election&geo=US"
"vivek ramaswamy","10 mil+","28 de agosto de 2026 a las 13:40:00 UTC-3","29 de agosto de 2026 a las 8:30:00 UTC-3","vivek ramaswamy","./explore?q=vivek%20ramaswamy&geo=US"
"tennessee football schedule","5 mil+","29 de agosto de 2026 a las 9:40:00 UTC-3","29 de agosto de 2026 a las 22:10:00 UTC-3","tennessee football schedule","./explore?q=tennessee%20football%20schedule&geo=US"
"portland state football","5 mil+","29 de agosto de 2026 a las 16:40:00 UTC-3","29 de agosto de 2026 a las 21:10:00 UTC-3","portland state football,uc davis football,uc davis vs portland st,uc davis vs portland state","./explore?q=portland%20state%20football&geo=US"
"utrecht vs psv","500+","30 de agosto de 2026 a las 7:30:00 UTC-3","30 de agosto de 2026 a las 10:10:00 UTC-3","utrecht vs psv","./explore?q=utrecht%20vs%20psv&geo=US"
"galatasaray","5 mil+","29 de agosto de 2026 a las 14:00:00 UTC-3","29 de agosto de 2026 a las 19:10:00 UTC-3","galatasaray","./explore?q=galatasaray&geo=US"
"rei tsuruya","5 mil+","29 de agosto de 2026 a las 0:30:00 UTC-3","29 de agosto de 2026 a las 10:10:00 UTC-3","rei tsuruya,kevin borjas","./explore?q=rei%20tsuruya&geo=US"
"us government travel ban mexicali mexico","5 mil+","28 de agosto de 2026 a las 18:40:00 UTC-3","29 de agosto de 2026 a las 8:40:00 UTC-3","us government travel ban mexicali mexico","./explore?q=us%20government%20travel%20ban%20mexicali%20mexico&geo=US"
"aer lingus","5 mil+","29 de agosto de 2026 a las 13:00:00 UTC-3","29 de agosto de 2026 a las 17:30:00 UTC-3","aer lingus","./explore?q=aer%20lingus&geo=US"
"the disappearers","200+","30 de agosto de 2026 a las 9:20:00 UTC-3","30 de agosto de 2026 a las 11:30:00 UTC-3","the disappearers","./explore?q=the%20disappearers&geo=US"
"lester martinez fight","2 mil+","29 de agosto de 2026 a las 21:20:00 UTC-3","30 de agosto de 2026 a las 2:30:00 UTC-3","lester martinez fight,lester martinez fight where to watch","./explore?q=lester%20martinez%20fight&geo=US"
"victor munoz","5 mil+","29 de agosto de 2026 a las 8:50:00 UTC-3","29 de agosto de 2026 a las 14:10:00 UTC-3","victor munoz,víctor muñoz","./explore?q=victor%20munoz&geo=US"
"falcons vs dolphins","10 mil+","28 de agosto de 2026 a las 19:50:00 UTC-3","29 de agosto de 2026 a las 10:10:00 UTC-3","falcons vs dolphins,dolphins,dolphins game,dolphins vs falcons,kyle pitts","./explore?q=falcons%20vs%20dolphins&geo=US"
"lg twins","500+","30 de agosto de 2026 a las 7:20:00 UTC-3","30 de agosto de 2026 a las 10:50:00 UTC-3","lg twins","./explore?q=lg%20twins&geo=US"
"makai lemon","5 mil+","28 de agosto de 2026 a las 21:10:00 UTC-3","29 de agosto de 2026 a las 23:20:00 UTC-3","makai lemon","./explore?q=makai%20lemon&geo=US"
"manta - barcelona sc","2 mil+","29 de agosto de 2026 a las 20:40:00 UTC-3","30 de agosto de 2026 a las 0:20:00 UTC-3","manta - barcelona sc,posiciones de manta fútbol club contra barcelona sc","./explore?q=manta%20-%20barcelona%20sc&geo=US"
"nc central vs tx southern","2 mil+","29 de agosto de 2026 a las 19:10:00 UTC-3","30 de agosto de 2026 a las 0:30:00 UTC-3","nc central vs tx southern,texas southern football","./explore?q=nc%20central%20vs%20tx%20southern&geo=US"
"nyc mayor","5 mil+","28 de agosto de 2026 a las 23:30:00 UTC-3","29 de agosto de 2026 a las 14:40:00 UTC-3","nyc mayor,mayor of nyc,mayor of new york","./explore?q=nyc%20mayor&geo=US"
"texas high school football scores","5 mil+","28 de agosto de 2026 a las 21:40:00 UTC-3","29 de agosto de 2026 a las 12:50:00 UTC-3","texas high school football scores,dave campbell texas football","./explore?q=texas%20high%20school%20football%20scores&geo=US"
"high school football","5 mil+","28 de agosto de 2026 a las 20:30:00 UTC-3","29 de agosto de 2026 a las 19:10:00 UTC-3","high school football","./explore?q=high%20school%20football&geo=US"
"sean woodson","5 mil+","29 de agosto de 2026 a las 0:40:00 UTC-3","29 de agosto de 2026 a las 9:10:00 UTC-3","sean woodson,jack jenkins","./explore?q=sean%20woodson&geo=US"
"jelani thurman","2 mil+","29 de agosto de 2026 a las 13:00:00 UTC-3","29 de agosto de 2026 a las 18:10:00 UTC-3","jelani thurman","./explore?q=jelani%20thurman&geo=US"
"alavés - villarreal","10 mil+","28 de agosto de 2026 a las 15:40:00 UTC-3","28 de agosto de 2026 a las 21:30:00 UTC-3","alavés - villarreal,alavés vs villarreal,villarreal cf","./explore?q=alav%C3%A9s%20-%20villarreal&geo=US"
"riley herbst","2 mil+","29 de agosto de 2026 a las 18:00:00 UTC-3","29 de agosto de 2026 a las 23:30:00 UTC-3","riley herbst","./explore?q=riley%20herbst&geo=US"
"wrexham vs birmingham","10 mil+","28 de agosto de 2026 a las 15:00:00 UTC-3","28 de agosto de 2026 a las 21:10:00 UTC-3","wrexham vs birmingham,wrexham","./explore?q=wrexham%20vs%20birmingham&geo=US"
"lucky jackson","2 mil+","29 de agosto de 2026 a las 14:50:00 UTC-3","29 de agosto de 2026 a las 20:20:00 UTC-3","lucky jackson","./explore?q=lucky%20jackson&geo=US"
"corte suprema","2 mil+","29 de agosto de 2026 a las 17:50:00 UTC-3","29 de agosto de 2026 a las 21:00:00 UTC-3","corte suprema","./explore?q=corte%20suprema&geo=US"
"bet 365","2 mil+","30 de agosto de 2026 a las 4:50:00 UTC-3","30 de agosto de 2026 a las 8:10:00 UTC-3","bet 365,bet365 promo code,bet365 free bet,bet365","./explore?q=bet%20365&geo=US"
"orioles score","2 mil+","30 de agosto de 2026 a las 7:20:00 UTC-3","30 de agosto de 2026 a las 9:40:00 UTC-3","orioles score,baltimore orioles,athletics","./explore?q=orioles%20score&geo=US"
"feyenoord fc","200+","30 de agosto de 2026 a las 11:00:00 UTC-3","30 de agosto de 2026 a las 11:50:00 UTC-3","feyenoord fc","./explore?q=feyenoord%20fc&geo=US"
"alex perez","5 mil+","29 de agosto de 2026 a las 1:50:00 UTC-3","29 de agosto de 2026 a las 9:40:00 UTC-3","alex perez,su mudaerji,sumudaerji","./explore?q=alex%20perez&geo=US"
"premier league schedule","5 mil+","29 de agosto de 2026 a las 8:20:00 UTC-3","29 de agosto de 2026 a las 12:00:00 UTC-3","premier league schedule","./explore?q=premier%20league%20schedule&geo=US"
"jessica chastain","2 mil+","29 de agosto de 2026 a las 21:50:00 UTC-3","30 de agosto de 2026 a las 4:50:00 UTC-3","jessica chastain","./explore?q=jessica%20chastain&geo=US"
"yunior marte","2 mil+","29 de agosto de 2026 a las 21:50:00 UTC-3","30 de agosto de 2026 a las 3:00:00 UTC-3","yunior marte","./explore?q=yunior%20marte&geo=US"
"astros - mets","5 mil+","29 de agosto de 2026 a las 16:50:00 UTC-3","29 de agosto de 2026 a las 21:30:00 UTC-3","astros - mets,juan soto","./explore?q=astros%20-%20mets&geo=US"
"east texas a&m football","2 mil+","29 de agosto de 2026 a las 20:00:00 UTC-3","30 de agosto de 2026 a las 0:30:00 UTC-3","east texas a&m football","./explore?q=east%20texas%20a%26m%20football&geo=US"
"paul goldschmidt","20 mil+","28 de agosto de 2026 a las 21:10:00 UTC-3","29 de agosto de 2026 a las 9:30:00 UTC-3","paul goldschmidt,red sox game today,patrick sandoval,yankees game today,red sox schedule,yankee game,cody bellinger,yankees red sox,red sox vs new york yankees match player stats","./explore?q=paul%20goldschmidt&geo=US"
"mount carmel football","5 mil+","28 de agosto de 2026 a las 20:10:00 UTC-3","29 de agosto de 2026 a las 10:50:00 UTC-3","mount carmel football,mt carmel football","./explore?q=mount%20carmel%20football&geo=US"
"fool.com","500+","30 de agosto de 2026 a las 4:30:00 UTC-3","30 de agosto de 2026 a las 8:40:00 UTC-3","fool.com","./explore?q=fool.com&geo=US"
"chicago state football","2 mil+","29 de agosto de 2026 a las 14:30:00 UTC-3","30 de agosto de 2026 a las 10:50:00 UTC-3","chicago state football","./explore?q=chicago%20state%20football&geo=US"
"bobby okereke","2 mil+","29 de agosto de 2026 a las 15:30:00 UTC-3","29 de agosto de 2026 a las 20:30:00 UTC-3","bobby okereke","./explore?q=bobby%20okereke&geo=US"
"cowboys schedule","10 mil+","28 de agosto de 2026 a las 19:30:00 UTC-3","29 de agosto de 2026 a las 1:20:00 UTC-3","cowboys schedule,dallas cowboys schedule,dak prescott","./explore?q=cowboys%20schedule&geo=US"
"j.michael sturdivant","2 mil+","28 de agosto de 2026 a las 22:10:00 UTC-3","29 de agosto de 2026 a las 10:40:00 UTC-3","j.michael sturdivant","./explore?q=j.michael%20sturdivant&geo=US"
"aaron judge","2 mil+","29 de agosto de 2026 a las 20:30:00 UTC-3","30 de agosto de 2026 a las 0:20:00 UTC-3","aaron judge,aaron judge injury","./explore?q=aaron%20judge&geo=US"
"liu ce","5 mil+","29 de agosto de 2026 a las 2:30:00 UTC-3","29 de agosto de 2026 a las 9:50:00 UTC-3","liu ce,levi rodrigues jr.,levi rodrigues jr","./explore?q=liu%20ce&geo=US"
"tigres uanl","2 mil+","30 de agosto de 2026 a las 0:20:00 UTC-3","30 de agosto de 2026 a las 3:00:00 UTC-3","tigres uanl","./explore?q=tigres%20uanl&geo=US"
"fan duel","500+","30 de agosto de 2026 a las 4:50:00 UTC-3","30 de agosto de 2026 a las 9:00:00 UTC-3","fan duel","./explore?q=fan%20duel&geo=US"
"psg","20 mil+","28 de agosto de 2026 a las 16:40:00 UTC-3","28 de agosto de 2026 a las 19:00:00 UTC-3","psg,psg schedule","./explore?q=psg&geo=US"
"atlético mineiro vs vitória","2 mil+","29 de agosto de 2026 a las 17:50:00 UTC-3","29 de agosto de 2026 a las 21:30:00 UTC-3","atlético mineiro vs vitória,atlético-mg x ec vitória","./explore?q=atl%C3%A9tico%20mineiro%20vs%20vit%C3%B3ria&geo=US"
"what day is labor day","200+","30 de agosto de 2026 a las 10:50:00 UTC-3","30 de agosto de 2026 a las 11:40:00 UTC-3","what day is labor day","./explore?q=what%20day%20is%20labor%20day&geo=US"
"north carolina courage vs kc current","2 mil+","29 de agosto de 2026 a las 19:00:00 UTC-3","29 de agosto de 2026 a las 22:40:00 UTC-3","north carolina courage vs kc current,kc current","./explore?q=north%20carolina%20courage%20vs%20kc%20current&geo=US"
"utc cajamarca - universitario","2 mil+","29 de agosto de 2026 a las 17:20:00 UTC-3","29 de agosto de 2026 a las 20:30:00 UTC-3","utc cajamarca - universitario,utc vs universitario","./explore?q=utc%20cajamarca%20-%20universitario&geo=US"
"saints","10 mil+","28 de agosto de 2026 a las 21:40:00 UTC-3","29 de agosto de 2026 a las 1:20:00 UTC-3","saints","./explore?q=saints&geo=US"
"draftkings vs fanduel","1 mil+","30 de agosto de 2026 a las 4:30:00 UTC-3","30 de agosto de 2026 a las 8:30:00 UTC-3","draftkings vs fanduel,fanduel vs draftkings","./explore?q=draftkings%20vs%20fanduel&geo=US"
"lions schedule","2 mil+","29 de agosto de 2026 a las 12:50:00 UTC-3","29 de agosto de 2026 a las 18:00:00 UTC-3","lions schedule,lions schedule 2026","./explore?q=lions%20schedule&geo=US"
"fool","500+","30 de agosto de 2026 a las 4:50:00 UTC-3","30 de agosto de 2026 a las 8:30:00 UTC-3","fool,motley fool","./explore?q=fool&geo=US"
"motley fool advisor","1 mil+","30 de agosto de 2026 a las 4:50:00 UTC-3","30 de agosto de 2026 a las 8:30:00 UTC-3","motley fool advisor","./explore?q=motley%20fool%20advisor&geo=US"
"hailee steinfeld","200+","30 de agosto de 2026 a las 8:10:00 UTC-3","30 de agosto de 2026 a las 10:10:00 UTC-3","hailee steinfeld","./explore?q=hailee%20steinfeld&geo=US"
"mike trout","2 mil+","30 de agosto de 2026 a las 0:00:00 UTC-3","30 de agosto de 2026 a las 9:10:00 UTC-3","mike trout","./explore?q=mike%20trout&geo=US"
"ignacio buse","10 mil+","29 de agosto de 2026 a las 17:10:00 UTC-3","29 de agosto de 2026 a las 20:20:00 UTC-3","ignacio buse,arthur fery,winston salem open,benjamin bonzi,buse tennis,james duckworth","./explore?q=ignacio%20buse&geo=US"
"danny welbeck","200+","30 de agosto de 2026 a las 10:40:00 UTC-3","30 de agosto de 2026 a las 11:20:00 UTC-3","danny welbeck","./explore?q=danny%20welbeck&geo=US"
"newsweek","2 mil+","29 de agosto de 2026 a las 17:20:00 UTC-3","29 de agosto de 2026 a las 21:20:00 UTC-3","newsweek","./explore?q=newsweek&geo=US"
"vancouver vs sporting kc","2 mil+","29 de agosto de 2026 a las 20:50:00 UTC-3","30 de agosto de 2026 a las 0:50:00 UTC-3","vancouver vs sporting kc,vancouver whitecaps fc vs sporting kc standings","./explore?q=vancouver%20vs%20sporting%20kc&geo=US"
"melissa mccarthy","5 mil+","28 de agosto de 2026 a las 22:00:00 UTC-3","29 de agosto de 2026 a las 9:30:00 UTC-3","melissa mccarthy","./explore?q=melissa%20mccarthy&geo=US"
"wolves vs stoke city","5 mil+","29 de agosto de 2026 a las 8:00:00 UTC-3","29 de agosto de 2026 a las 12:20:00 UTC-3","wolves vs stoke city","./explore?q=wolves%20vs%20stoke%20city&geo=US"
"argentina vs australia","2 mil+","29 de agosto de 2026 a las 15:10:00 UTC-3","29 de agosto de 2026 a las 18:40:00 UTC-3","argentina vs australia","./explore?q=argentina%20vs%20australia&geo=US"
"bayern munich","20 mil+","28 de agosto de 2026 a las 15:30:00 UTC-3","28 de agosto de 2026 a las 18:30:00 UTC-3","bayern munich,bayern munich vs vfb stuttgart standings,fandango bundesliga,bayern vs stuttgart,luis díaz,bayern vs","./explore?q=bayern%20munich&geo=US"
"jaguares - américa","2 mil+","29 de agosto de 2026 a las 18:00:00 UTC-3","29 de agosto de 2026 a las 21:40:00 UTC-3","jaguares - américa,jaguares de córdoba vs américa de cali","./explore?q=jaguares%20-%20am%C3%A9rica&geo=US"
"miami dolphins","10 mil+","28 de agosto de 2026 a las 20:40:00 UTC-3","29 de agosto de 2026 a las 0:20:00 UTC-3","miami dolphins,miami","./explore?q=miami%20dolphins&geo=US"
"actor","2 mil+","29 de agosto de 2026 a las 10:20:00 UTC-3","29 de agosto de 2026 a las 14:20:00 UTC-3","actor,lee yong joo","./explore?q=actor&geo=US"
"ice spice","5 mil+","28 de agosto de 2026 a las 14:50:00 UTC-3","29 de agosto de 2026 a las 5:30:00 UTC-3","ice spice,ice spice pregnant","./explore?q=ice%20spice&geo=US"
"julia polastri","2 mil+","28 de agosto de 2026 a las 17:30:00 UTC-3","29 de agosto de 2026 a las 11:20:00 UTC-3","julia polastri,xiong jingnan","./explore?q=julia%20polastri&geo=US"
"oyo nyimba kabamba iguru rukidi iv de toro","5 mil+","29 de agosto de 2026 a las 7:40:00 UTC-3","29 de agosto de 2026 a las 14:30:00 UTC-3","oyo nyimba kabamba iguru rukidi iv de toro,king oyo nyimba kabamba iguru rukidi,uganda","./explore?q=oyo%20nyimba%20kabamba%20iguru%20rukidi%20iv%20de%20toro&geo=US"
"posiciones de cf montréal contra inter miami","2 mil+","29 de agosto de 2026 a las 22:50:00 UTC-3","30 de agosto de 2026 a las 0:20:00 UTC-3","posiciones de cf montréal contra inter miami,alexis sanchez","./explore?q=posiciones%20de%20cf%20montr%C3%A9al%20contra%20inter%20miami&geo=US"
"rod wave don't look down","2 mil+","29 de agosto de 2026 a las 16:50:00 UTC-3","29 de agosto de 2026 a las 23:40:00 UTC-3","rod wave don't look down","./explore?q=rod%20wave%20don%27t%20look%20down&geo=US"
"josh duhamel son axl birthday","5 mil+","28 de agosto de 2026 a las 17:50:00 UTC-3","29 de agosto de 2026 a las 1:10:00 UTC-3","josh duhamel son axl birthday,josh duhamel","./explore?q=josh%20duhamel%20son%20axl%20birthday&geo=US"
"diane parry","2 mil+","29 de agosto de 2026 a las 21:10:00 UTC-3","30 de agosto de 2026 a las 0:10:00 UTC-3","diane parry,elise mertens,monterrey open","./explore?q=diane%20parry&geo=US"
"jaguars","10 mil+","28 de agosto de 2026 a las 21:00:00 UTC-3","29 de agosto de 2026 a las 0:20:00 UTC-3","jaguars,jacksonville jaguars,buccaneers,bucs,buccaneers vs jaguars,jags,jags game","./explore?q=jaguars&geo=US"
"steve belichick","5 mil+","29 de agosto de 2026 a las 13:00:00 UTC-3","29 de agosto de 2026 a las 17:30:00 UTC-3","steve belichick,jordon hudson","./explore?q=steve%20belichick&geo=US"
"dortmund","5 mil+","29 de agosto de 2026 a las 12:50:00 UTC-3","29 de agosto de 2026 a las 16:30:00 UTC-3","dortmund,borussia dortmund,bvb","./explore?q=dortmund&geo=US"
"watford vs west ham","2 mil+","29 de agosto de 2026 a las 10:10:00 UTC-3","29 de agosto de 2026 a las 14:40:00 UTC-3","watford vs west ham","./explore?q=watford%20vs%20west%20ham&geo=US"
"kevin bacon","1 mil+","30 de agosto de 2026 a las 9:10:00 UTC-3","30 de agosto de 2026 a las 10:20:00 UTC-3","kevin bacon","./explore?q=kevin%20bacon&geo=US"
"golden state warriors","2 mil+","29 de agosto de 2026 a las 16:50:00 UTC-3","29 de agosto de 2026 a las 19:50:00 UTC-3","golden state warriors","./explore?q=golden%20state%20warriors&geo=US"
"dortmund - hamburg","2 mil+","29 de agosto de 2026 a las 12:50:00 UTC-3","29 de agosto de 2026 a las 17:10:00 UTC-3","dortmund - hamburg","./explore?q=dortmund%20-%20hamburg&geo=US"
"junior - santa fe","2 mil+","29 de agosto de 2026 a las 20:00:00 UTC-3","29 de agosto de 2026 a las 23:30:00 UTC-3","junior - santa fe,junior vs santa fe","./explore?q=junior%20-%20santa%20fe&geo=US"
"estafa","2 mil+","28 de agosto de 2026 a las 23:00:00 UTC-3","29 de agosto de 2026 a las 21:20:00 UTC-3","estafa","./explore?q=estafa&geo=US"
"bournemouth - everton","5 mil+","29 de agosto de 2026 a las 10:10:00 UTC-3","29 de agosto de 2026 a las 15:20:00 UTC-3","bournemouth - everton,bournemouth,afc bournemouth vs everton f.c. standings,alex scott,everton vs bournemouth,bournemouth vs everton prediction","./explore?q=bournemouth%20-%20everton&geo=US"
"racing santander vs elche","10 mil+","28 de agosto de 2026 a las 13:10:00 UTC-3","28 de agosto de 2026 a las 18:00:00 UTC-3","racing santander vs elche","./explore?q=racing%20santander%20vs%20elche&geo=US"
"bryce eldridge","1 mil+","30 de agosto de 2026 a las 1:10:00 UTC-3","30 de agosto de 2026 a las 5:50:00 UTC-3","bryce eldridge","./explore?q=bryce%20eldridge&geo=US"
"best defense for fantasy football 2026","2 mil+","29 de agosto de 2026 a las 19:30:00 UTC-3","30 de agosto de 2026 a las 0:10:00 UTC-3","best defense for fantasy football 2026","./explore?q=best%20defense%20for%20fantasy%20football%202026&geo=US"
"ohio lottery big winner grafton","2 mil+","29 de agosto de 2026 a las 18:50:00 UTC-3","29 de agosto de 2026 a las 22:50:00 UTC-3","ohio lottery big winner grafton","./explore?q=ohio%20lottery%20big%20winner%20grafton&geo=US"
"tcu volleyball roster","2 mil+","29 de agosto de 2026 a las 23:50:00 UTC-3","30 de agosto de 2026 a las 2:10:00 UTC-3","tcu volleyball roster,texas volleyball roster,tcu volleyball","./explore?q=tcu%20volleyball%20roster&geo=US"
"jeremy payne","2 mil+","29 de agosto de 2026 a las 12:20:00 UTC-3","29 de agosto de 2026 a las 18:00:00 UTC-3","jeremy payne","./explore?q=jeremy%20payne&geo=US"
"sonny dykes","2 mil+","29 de agosto de 2026 a las 11:40:00 UTC-3","29 de agosto de 2026 a las 17:30:00 UTC-3","sonny dykes","./explore?q=sonny%20dykes&geo=US"
"eastern ky vs wcu","2 mil+","29 de agosto de 2026 a las 19:20:00 UTC-3","29 de agosto de 2026 a las 23:00:00 UTC-3","eastern ky vs wcu,western carolina football","./explore?q=eastern%20ky%20vs%20wcu&geo=US"
"racing de santander - elche c. f.","10 mil+","28 de agosto de 2026 a las 13:10:00 UTC-3","28 de agosto de 2026 a las 17:50:00 UTC-3","racing de santander - elche c. f.","./explore?q=racing%20de%20santander%20-%20elche%20c.%20f.&geo=US"
"psv","200+","30 de agosto de 2026 a las 8:40:00 UTC-3","30 de agosto de 2026 a las 10:20:00 UTC-3","psv,utrecht - psv","./explore?q=psv&geo=US"
"sophie turner","200+","30 de agosto de 2026 a las 10:30:00 UTC-3","30 de agosto de 2026 a las 11:20:00 UTC-3","sophie turner","./explore?q=sophie%20turner&geo=US"
"south africa vs new zealand","2 mil+","29 de agosto de 2026 a las 11:20:00 UTC-3","29 de agosto de 2026 a las 16:10:00 UTC-3","south africa vs new zealand","./explore?q=south%20africa%20vs%20new%20zealand&geo=US"
"famous birthdays","2 mil+","29 de agosto de 2026 a las 12:00:00 UTC-3","29 de agosto de 2026 a las 17:00:00 UTC-3","famous birthdays","./explore?q=famous%20birthdays&geo=US"
"jordan hudson","2 mil+","28 de agosto de 2026 a las 23:20:00 UTC-3","29 de agosto de 2026 a las 15:00:00 UTC-3","jordan hudson","./explore?q=jordan%20hudson&geo=US"
"qileng aori","2 mil+","29 de agosto de 2026 a las 3:00:00 UTC-3","29 de agosto de 2026 a las 10:00:00 UTC-3","qileng aori,kai asakura ufc,aoriqileng","./explore?q=qileng%20aori&geo=US"
"new york city vs toronto","2 mil+","29 de agosto de 2026 a las 19:50:00 UTC-3","29 de agosto de 2026 a las 23:40:00 UTC-3","new york city vs toronto","./explore?q=new%20york%20city%20vs%20toronto&geo=US"
"fox sports","2 mil+","29 de agosto de 2026 a las 19:50:00 UTC-3","30 de agosto de 2026 a las 0:20:00 UTC-3","fox sports","./explore?q=fox%20sports&geo=US"
"jordan rodgers","2 mil+","29 de agosto de 2026 a las 10:50:00 UTC-3","29 de agosto de 2026 a las 16:50:00 UTC-3","jordan rodgers","./explore?q=jordan%20rodgers&geo=US"
"al nassr","10 mil+","28 de agosto de 2026 a las 15:20:00 UTC-3","28 de agosto de 2026 a las 19:20:00 UTC-3","al nassr","./explore?q=al%20nassr&geo=US"
"girona - u. d. las palmas","2 mil+","29 de agosto de 2026 a las 16:10:00 UTC-3","29 de agosto de 2026 a las 20:30:00 UTC-3","girona - u. d. las palmas,girona vs las palmas","./explore?q=girona%20-%20u.%20d.%20las%20palmas&geo=US"
"sfa vs mcneese state","2 mil+","29 de agosto de 2026 a las 19:10:00 UTC-3","29 de agosto de 2026 a las 22:00:00 UTC-3","sfa vs mcneese state,mcneese football","./explore?q=sfa%20vs%20mcneese%20state&geo=US"
"dave ramsey","2 mil+","28 de agosto de 2026 a las 17:20:00 UTC-3","29 de agosto de 2026 a las 11:20:00 UTC-3","dave ramsey","./explore?q=dave%20ramsey&geo=US"
"rangers fc","200+","30 de agosto de 2026 a las 9:10:00 UTC-3","30 de agosto de 2026 a las 10:30:00 UTC-3","rangers fc,aberdeen vs rangers","./explore?q=rangers%20fc&geo=US"
"arkansas football","2 mil+","29 de agosto de 2026 a las 11:00:00 UTC-3","29 de agosto de 2026 a las 19:00:00 UTC-3","arkansas football,samford vs north alabama,samford football","./explore?q=arkansas%20football&geo=US"
"atletico madrid","5 mil+","29 de agosto de 2026 a las 17:00:00 UTC-3","29 de agosto de 2026 a las 18:20:00 UTC-3","atletico madrid,atlético madrid","./explore?q=atletico%20madrid&geo=US"
"utah royals fc vs orlando pride","2 mil+","29 de agosto de 2026 a las 19:30:00 UTC-3","29 de agosto de 2026 a las 23:30:00 UTC-3","utah royals fc vs orlando pride","./explore?q=utah%20royals%20fc%20vs%20orlando%20pride&geo=US"
"nfhs","5 mil+","28 de agosto de 2026 a las 20:00:00 UTC-3","29 de agosto de 2026 a las 0:20:00 UTC-3","nfhs","./explore?q=nfhs&geo=US"
"etsu football","2 mil+","29 de agosto de 2026 a las 18:50:00 UTC-3","29 de agosto de 2026 a las 23:00:00 UTC-3","etsu football,campbell football","./explore?q=etsu%20football&geo=US"
"nascar schedule","2 mil+","29 de agosto de 2026 a las 20:10:00 UTC-3","30 de agosto de 2026 a las 0:30:00 UTC-3","nascar schedule","./explore?q=nascar%20schedule&geo=US"
"carnell tate","2 mil+","29 de agosto de 2026 a las 19:20:00 UTC-3","29 de agosto de 2026 a las 22:50:00 UTC-3","carnell tate","./explore?q=carnell%20tate&geo=US"
"sicario","2 mil+","29 de agosto de 2026 a las 21:30:00 UTC-3","30 de agosto de 2026 a las 2:10:00 UTC-3","sicario","./explore?q=sicario&geo=US"
"reginald veljohnson","2 mil+","28 de agosto de 2026 a las 21:40:00 UTC-3","29 de agosto de 2026 a las 8:50:00 UTC-3","reginald veljohnson","./explore?q=reginald%20veljohnson&geo=US"
"george clooney","1 mil+","29 de agosto de 2026 a las 23:30:00 UTC-3","30 de agosto de 2026 a las 8:20:00 UTC-3","george clooney","./explore?q=george%20clooney&geo=US"
"vikings depth chart","2 mil+","29 de agosto de 2026 a las 15:00:00 UTC-3","30 de agosto de 2026 a las 0:10:00 UTC-3","vikings depth chart,carson wentz","./explore?q=vikings%20depth%20chart&geo=US"
"namsrai batbayar","2 mil+","29 de agosto de 2026 a las 2:10:00 UTC-3","29 de agosto de 2026 a las 8:00:00 UTC-3","namsrai batbayar,andre lima","./explore?q=namsrai%20batbayar&geo=US"
"themotleyfool","200+","30 de agosto de 2026 a las 5:00:00 UTC-3","30 de agosto de 2026 a las 8:50:00 UTC-3","themotleyfool","./explore?q=themotleyfool&geo=US"
"jeff kent","1 mil+","29 de agosto de 2026 a las 22:40:00 UTC-3","30 de agosto de 2026 a las 2:50:00 UTC-3","jeff kent","./explore?q=jeff%20kent&geo=US"
"ac milan","10 mil+","28 de agosto de 2026 a las 15:40:00 UTC-3","28 de agosto de 2026 a las 19:00:00 UTC-3","ac milan","./explore?q=ac%20milan&geo=US"
"leanne cast","5 mil+","28 de agosto de 2026 a las 20:20:00 UTC-3","29 de agosto de 2026 a las 3:30:00 UTC-3","leanne cast,leanne season 2,leanne season 2 cast","./explore?q=leanne%20cast&geo=US"
"ligue 1","5 mil+","28 de agosto de 2026 a las 16:30:00 UTC-3","28 de agosto de 2026 a las 20:20:00 UTC-3","ligue 1","./explore?q=ligue%201&geo=US"
"andrew luck","2 mil+","29 de agosto de 2026 a las 21:00:00 UTC-3","30 de agosto de 2026 a las 0:10:00 UTC-3","andrew luck,stanford football coach","./explore?q=andrew%20luck&geo=US"
"kisean johnson","2 mil+","29 de agosto de 2026 a las 0:10:00 UTC-3","29 de agosto de 2026 a las 10:40:00 UTC-3","kisean johnson","./explore?q=kisean%20johnson&geo=US"
"steam frame","2 mil+","29 de agosto de 2026 a las 14:40:00 UTC-3","30 de agosto de 2026 a las 9:20:00 UTC-3","steam frame","./explore?q=steam%20frame&geo=US"
"chris gotterup","2 mil+","29 de agosto de 2026 a las 16:40:00 UTC-3","29 de agosto de 2026 a las 20:20:00 UTC-3","chris gotterup","./explore?q=chris%20gotterup&geo=US"
"college game day","2 mil+","29 de agosto de 2026 a las 9:00:00 UTC-3","29 de agosto de 2026 a las 13:30:00 UTC-3","college game day,college football gameday","./explore?q=college%20game%20day&geo=US"
"cody schrader","2 mil+","28 de agosto de 2026 a las 22:20:00 UTC-3","29 de agosto de 2026 a las 10:10:00 UTC-3","cody schrader","./explore?q=cody%20schrader&geo=US"
"andy dalton","5 mil+","28 de agosto de 2026 a las 21:40:00 UTC-3","29 de agosto de 2026 a las 1:00:00 UTC-3","andy dalton","./explore?q=andy%20dalton&geo=US"
"ol vs le havre","2 mil+","29 de agosto de 2026 a las 15:00:00 UTC-3","29 de agosto de 2026 a las 18:40:00 UTC-3","ol vs le havre","./explore?q=ol%20vs%20le%20havre&geo=US"
"rob lowe","1 mil+","29 de agosto de 2026 a las 20:50:00 UTC-3","30 de agosto de 2026 a las 0:10:00 UTC-3","rob lowe","./explore?q=rob%20lowe&geo=US"
"reese witherspoon","2 mil+","29 de agosto de 2026 a las 0:00:00 UTC-3","30 de agosto de 2026 a las 5:40:00 UTC-3","reese witherspoon","./explore?q=reese%20witherspoon&geo=US"
"weber state football","5 mil+","28 de agosto de 2026 a las 22:10:00 UTC-3","29 de agosto de 2026 a las 4:00:00 UTC-3","weber state football,weber state vs northern co,northern colorado football","./explore?q=weber%20state%20football&geo=US"
"wpial football scores","2 mil+","28 de agosto de 2026 a las 21:20:00 UTC-3","29 de agosto de 2026 a las 11:10:00 UTC-3","wpial football scores","./explore?q=wpial%20football%20scores&geo=US"
"lawrence lui","2 mil+","29 de agosto de 2026 a las 2:30:00 UTC-3","29 de agosto de 2026 a las 7:20:00 UTC-3","lawrence lui,hector santiago","./explore?q=lawrence%20lui&geo=US"
"raymond burgos","1 mil+","29 de agosto de 2026 a las 23:10:00 UTC-3","30 de agosto de 2026 a las 8:30:00 UTC-3","raymond burgos","./explore?q=raymond%20burgos&geo=US"
"losc lille vs paris saint-germain f.c. standings","5 mil+","28 de agosto de 2026 a las 18:10:00 UTC-3","28 de agosto de 2026 a las 20:30:00 UTC-3","losc lille vs paris saint-germain f.c. standings,psg vs lille","./explore?q=losc%20lille%20vs%20paris%20saint-germain%20f.c.%20standings&geo=US"
"ohio high school football scores","5 mil+","28 de agosto de 2026 a las 21:40:00 UTC-3","29 de agosto de 2026 a las 10:00:00 UTC-3","ohio high school football scores,football tonight","./explore?q=ohio%20high%20school%20football%20scores&geo=US"
"jordan shipp","2 mil+","29 de agosto de 2026 a las 13:00:00 UTC-3","29 de agosto de 2026 a las 17:00:00 UTC-3","jordan shipp","./explore?q=jordan%20shipp&geo=US"
"sal stewart","2 mil+","29 de agosto de 2026 a las 16:10:00 UTC-3","29 de agosto de 2026 a las 19:00:00 UTC-3","sal stewart","./explore?q=sal%20stewart&geo=US"
"duce robinson","1 mil+","29 de agosto de 2026 a las 20:40:00 UTC-3","30 de agosto de 2026 a las 0:30:00 UTC-3","duce robinson","./explore?q=duce%20robinson&geo=US"
"omar marmoush","2 mil+","29 de agosto de 2026 a las 13:10:00 UTC-3","29 de agosto de 2026 a las 16:20:00 UTC-3","omar marmoush,marmoush","./explore?q=omar%20marmoush&geo=US"
"alyssa thomas","5 mil+","29 de agosto de 2026 a las 23:40:00 UTC-3","30 de agosto de 2026 a las 1:40:00 UTC-3","alyssa thomas,atlanta dream","./explore?q=alyssa%20thomas&geo=US"
"spurs","2 mil+","29 de agosto de 2026 a las 14:00:00 UTC-3","29 de agosto de 2026 a las 16:40:00 UTC-3","spurs","./explore?q=spurs&geo=US"
"strasbourg vs lens","2 mil+","29 de agosto de 2026 a las 11:30:00 UTC-3","29 de agosto de 2026 a las 15:30:00 UTC-3","strasbourg vs lens","./explore?q=strasbourg%20vs%20lens&geo=US"
"aj rebollo leaves bad wolves","2 mil+","29 de agosto de 2026 a las 16:40:00 UTC-3","29 de agosto de 2026 a las 21:10:00 UTC-3","aj rebollo leaves bad wolves","./explore?q=aj%20rebollo%20leaves%20bad%20wolves&geo=US"
"will levis","2 mil+","29 de agosto de 2026 a las 19:40:00 UTC-3","29 de agosto de 2026 a las 22:30:00 UTC-3","will levis","./explore?q=will%20levis&geo=US"
"law roach","5 mil+","28 de agosto de 2026 a las 17:20:00 UTC-3","29 de agosto de 2026 a las 5:30:00 UTC-3","law roach","./explore?q=law%20roach&geo=US"
"milan - venezia","5 mil+","28 de agosto de 2026 a las 15:00:00 UTC-3","28 de agosto de 2026 a las 20:00:00 UTC-3","milan - venezia","./explore?q=milan%20-%20venezia&geo=US"
"gary sinise","5 mil+","28 de agosto de 2026 a las 19:30:00 UTC-3","28 de agosto de 2026 a las 23:50:00 UTC-3","gary sinise","./explore?q=gary%20sinise&geo=US"
"king miller","2 mil+","29 de agosto de 2026 a las 16:10:00 UTC-3","29 de agosto de 2026 a las 19:40:00 UTC-3","king miller,waymond jordan","./explore?q=king%20miller&geo=US"
"marvel iron man game","2 mil+","28 de agosto de 2026 a las 23:30:00 UTC-3","29 de agosto de 2026 a las 5:50:00 UTC-3","marvel iron man game,iron man game","./explore?q=marvel%20iron%20man%20game&geo=US"
"francesco nuzzi","2 mil+","29 de agosto de 2026 a las 3:20:00 UTC-3","29 de agosto de 2026 a las 7:20:00 UTC-3","francesco nuzzi,xiao long","./explore?q=francesco%20nuzzi&geo=US"
"gary patterson","1 mil+","29 de agosto de 2026 a las 16:40:00 UTC-3","29 de agosto de 2026 a las 19:50:00 UTC-3","gary patterson","./explore?q=gary%20patterson&geo=US"
"trump president ranking","2 mil+","28 de agosto de 2026 a las 16:30:00 UTC-3","29 de agosto de 2026 a las 0:10:00 UTC-3","trump president ranking,greg gutfeld","./explore?q=trump%20president%20ranking&geo=US"
"johnny gaudreau","2 mil+","29 de agosto de 2026 a las 7:30:00 UTC-3","29 de agosto de 2026 a las 15:30:00 UTC-3","johnny gaudreau","./explore?q=johnny%20gaudreau&geo=US"
"leon vs atlante","5 mil+","28 de agosto de 2026 a las 22:00:00 UTC-3","29 de agosto de 2026 a las 1:50:00 UTC-3","leon vs atlante,atlante vs leon","./explore?q=leon%20vs%20atlante&geo=US"
"nau football","1 mil+","29 de agosto de 2026 a las 18:40:00 UTC-3","29 de agosto de 2026 a las 22:30:00 UTC-3","nau football","./explore?q=nau%20football&geo=US"
"alabama high school football scores","2 mil+","28 de agosto de 2026 a las 22:30:00 UTC-3","29 de agosto de 2026 a las 10:10:00 UTC-3","alabama high school football scores,ahsaa football scores","./explore?q=alabama%20high%20school%20football%20scores&geo=US"
"draft kings","200+","30 de agosto de 2026 a las 6:10:00 UTC-3","30 de agosto de 2026 a las 8:10:00 UTC-3","draft kings","./explore?q=draft%20kings&geo=US"
"iowa high school football scores","2 mil+","28 de agosto de 2026 a las 22:30:00 UTC-3","29 de agosto de 2026 a las 11:20:00 UTC-3","iowa high school football scores","./explore?q=iowa%20high%20school%20football%20scores&geo=US"
"the motley fool","200+","30 de agosto de 2026 a las 6:10:00 UTC-3","30 de agosto de 2026 a las 8:40:00 UTC-3","the motley fool","./explore?q=the%20motley%20fool&geo=US"
"brian robinson jr.","2 mil+","28 de agosto de 2026 a las 20:20:00 UTC-3","29 de agosto de 2026 a las 0:50:00 UTC-3","brian robinson jr.","./explore?q=brian%20robinson%20jr.&geo=US"
"5g","1 mil+","29 de agosto de 2026 a las 23:00:00 UTC-3","30 de agosto de 2026 a las 0:10:00 UTC-3","5g","./explore?q=5g&geo=US"
"demon june","2 mil+","29 de agosto de 2026 a las 13:00:00 UTC-3","29 de agosto de 2026 a las 17:20:00 UTC-3","demon june","./explore?q=demon%20june&geo=US"
"holy cross football","2 mil+","29 de agosto de 2026 a las 16:50:00 UTC-3","29 de agosto de 2026 a las 20:30:00 UTC-3","holy cross football,lehigh football,richmond football","./explore?q=holy%20cross%20football&geo=US"
"andré lima","1 mil+","29 de agosto de 2026 a las 3:10:00 UTC-3","29 de agosto de 2026 a las 8:40:00 UTC-3","andré lima","./explore?q=andr%C3%A9%20lima&geo=US"
"tottenham vs newcastle","2 mil+","29 de agosto de 2026 a las 13:00:00 UTC-3","29 de agosto de 2026 a las 16:10:00 UTC-3","tottenham vs newcastle,tottenham hotspur f.c.,tottenham schedule","./explore?q=tottenham%20vs%20newcastle&geo=US"
"boca juniors - lanús","5 mil+","28 de agosto de 2026 a las 20:50:00 UTC-3","29 de agosto de 2026 a las 0:40:00 UTC-3","boca juniors - lanús,posiciones de boca juniors contra club atlético lanús","./explore?q=boca%20juniors%20-%20lan%C3%BAs&geo=US"
"terrion arnold","2 mil+","29 de agosto de 2026 a las 17:30:00 UTC-3","29 de agosto de 2026 a las 18:50:00 UTC-3","terrion arnold,commissioners exempt list","./explore?q=terrion%20arnold&geo=US"
"lee county vs carol city","2 mil+","28 de agosto de 2026 a las 20:30:00 UTC-3","29 de agosto de 2026 a las 1:20:00 UTC-3","lee county vs carol city,carol city football","./explore?q=lee%20county%20vs%20carol%20city&geo=US"
"luke wafle","2 mil+","29 de agosto de 2026 a las 16:30:00 UTC-3","29 de agosto de 2026 a las 19:10:00 UTC-3","luke wafle","./explore?q=luke%20wafle&geo=US"
"carnival conquest rescues stranded sailor","2 mil+","28 de agosto de 2026 a las 17:00:00 UTC-3","29 de agosto de 2026 a las 9:00:00 UTC-3","carnival conquest rescues stranded sailor","./explore?q=carnival%20conquest%20rescues%20stranded%20sailor&geo=US"
"southwest airlines flight attendant lawsuit","200+","30 de agosto de 2026 a las 7:40:00 UTC-3","30 de agosto de 2026 a las 9:30:00 UTC-3","southwest airlines flight attendant lawsuit","./explore?q=southwest%20airlines%20flight%20attendant%20lawsuit&geo=US"
"portland thorns vs gotham","2 mil+","28 de agosto de 2026 a las 20:20:00 UTC-3","29 de agosto de 2026 a las 0:10:00 UTC-3","portland thorns vs gotham,gotham fc","./explore?q=portland%20thorns%20vs%20gotham&geo=US"
"天气","200+","30 de agosto de 2026 a las 8:40:00 UTC-3","30 de agosto de 2026 a las 9:50:00 UTC-3","天气","./explore?q=%E5%A4%A9%E6%B0%94&geo=US"
"académico de viseu fc vs porto","2 mil+","29 de agosto de 2026 a las 13:20:00 UTC-3","29 de agosto de 2026 a las 17:00:00 UTC-3","académico de viseu fc vs porto","./explore?q=acad%C3%A9mico%20de%20viseu%20fc%20vs%20porto&geo=US"
"pahokee high school football hail mary","1 mil+","29 de agosto de 2026 a las 17:20:00 UTC-3","29 de agosto de 2026 a las 20:50:00 UTC-3","pahokee high school football hail mary","./explore?q=pahokee%20high%20school%20football%20hail%20mary&geo=US"
"indiana state football","1 mil+","29 de agosto de 2026 a las 19:40:00 UTC-3","29 de agosto de 2026 a las 23:10:00 UTC-3","indiana state football","./explore?q=indiana%20state%20football&geo=US"
"bears schedule 2026","1 mil+","29 de agosto de 2026 a las 19:00:00 UTC-3","29 de agosto de 2026 a las 22:30:00 UTC-3","bears schedule 2026","./explore?q=bears%20schedule%202026&geo=US"
"tigers game","2 mil+","28 de agosto de 2026 a las 20:00:00 UTC-3","29 de agosto de 2026 a las 17:50:00 UTC-3","tigers game,blake snell,kevin mcgonigle","./explore?q=tigers%20game&geo=US"
"apple watch ultra 4","2 mil+","28 de agosto de 2026 a las 18:30:00 UTC-3","29 de agosto de 2026 a las 10:30:00 UTC-3","apple watch ultra 4","./explore?q=apple%20watch%20ultra%204&geo=US"
"météo","200+","30 de agosto de 2026 a las 7:50:00 UTC-3","30 de agosto de 2026 a las 9:00:00 UTC-3","météo","./explore?q=m%C3%A9t%C3%A9o&geo=US"
"ihsa football scores","2 mil+","28 de agosto de 2026 a las 22:50:00 UTC-3","29 de agosto de 2026 a las 10:20:00 UTC-3","ihsa football scores,illinois high school football scores","./explore?q=ihsa%20football%20scores&geo=US"
"red sox schedule","2 mil+","29 de agosto de 2026 a las 17:10:00 UTC-3","30 de agosto de 2026 a las 8:40:00 UTC-3","red sox schedule,mariners - blue jays","./explore?q=red%20sox%20schedule&geo=US"
"yellowstone wolf approaching hiker video","100+","30 de agosto de 2026 a las 9:00:00 UTC-3","30 de agosto de 2026 a las 10:10:00 UTC-3","yellowstone wolf approaching hiker video","./explore?q=yellowstone%20wolf%20approaching%20hiker%20video&geo=US"
"cal raleigh batting order change","2 mil+","29 de agosto de 2026 a las 10:50:00 UTC-3","29 de agosto de 2026 a las 17:30:00 UTC-3","cal raleigh batting order change","./explore?q=cal%20raleigh%20batting%20order%20change&geo=US"
"michael whatley","2 mil+","29 de agosto de 2026 a las 14:40:00 UTC-3","29 de agosto de 2026 a las 18:50:00 UTC-3","michael whatley","./explore?q=michael%20whatley&geo=US"
"tennessee tech football","1 mil+","29 de agosto de 2026 a las 20:30:00 UTC-3","29 de agosto de 2026 a las 23:40:00 UTC-3","tennessee tech football","./explore?q=tennessee%20tech%20football&geo=US"
"dallan hayden","1 mil+","29 de agosto de 2026 a las 23:50:00 UTC-3","30 de agosto de 2026 a las 2:30:00 UTC-3","dallan hayden","./explore?q=dallan%20hayden&geo=US"
"diego pounds","1 mil+","29 de agosto de 2026 a las 18:40:00 UTC-3","29 de agosto de 2026 a las 21:00:00 UTC-3","diego pounds","./explore?q=diego%20pounds&geo=US"
"millard south football","2 mil+","28 de agosto de 2026 a las 21:30:00 UTC-3","29 de agosto de 2026 a las 10:00:00 UTC-3","millard south football","./explore?q=millard%20south%20football&geo=US"
"fiorentina vs frosinone","2 mil+","29 de agosto de 2026 a las 12:50:00 UTC-3","29 de agosto de 2026 a las 16:20:00 UTC-3","fiorentina vs frosinone","./explore?q=fiorentina%20vs%20frosinone&geo=US"
"james talarico","2 mil+","29 de agosto de 2026 a las 13:30:00 UTC-3","29 de agosto de 2026 a las 16:40:00 UTC-3","james talarico,talarico","./explore?q=james%20talarico&geo=US"
"nolan mclean","2 mil+","29 de agosto de 2026 a las 19:00:00 UTC-3","29 de agosto de 2026 a las 21:10:00 UTC-3","nolan mclean,jared young","./explore?q=nolan%20mclean&geo=US"
"charlotte weather","1 mil+","30 de agosto de 2026 a las 9:10:00 UTC-3","30 de agosto de 2026 a las 10:00:00 UTC-3","charlotte weather","./explore?q=charlotte%20weather&geo=US"
"maggie haberman","1 mil+","29 de agosto de 2026 a las 0:50:00 UTC-3","29 de agosto de 2026 a las 11:40:00 UTC-3","maggie haberman","./explore?q=maggie%20haberman&geo=US"
"boeing 777","1 mil+","29 de agosto de 2026 a las 9:40:00 UTC-3","29 de agosto de 2026 a las 14:10:00 UTC-3","boeing 777","./explore?q=boeing%20777&geo=US"
"broncos depth chart","2 mil+","29 de agosto de 2026 a las 20:50:00 UTC-3","29 de agosto de 2026 a las 23:40:00 UTC-3","broncos depth chart","./explore?q=broncos%20depth%20chart&geo=US"
"sierra nevada stranded climber rescue","500+","30 de agosto de 2026 a las 0:10:00 UTC-3","30 de agosto de 2026 a las 2:30:00 UTC-3","sierra nevada stranded climber rescue","./explore?q=sierra%20nevada%20stranded%20climber%20rescue&geo=US"
"snl","500+","30 de agosto de 2026 a las 0:10:00 UTC-3","30 de agosto de 2026 a las 2:20:00 UTC-3","snl","./explore?q=snl&geo=US"
"bayern","5 mil+","28 de agosto de 2026 a las 15:30:00 UTC-3","28 de agosto de 2026 a las 18:40:00 UTC-3","bayern","./explore?q=bayern&geo=US"
"dark matter season 2","2 mil+","28 de agosto de 2026 a las 19:30:00 UTC-3","29 de agosto de 2026 a las 3:00:00 UTC-3","dark matter season 2","./explore?q=dark%20matter%20season%202&geo=US"
"citadel vs wofford","2 mil+","29 de agosto de 2026 a las 18:20:00 UTC-3","29 de agosto de 2026 a las 20:30:00 UTC-3","citadel vs wofford,wofford football","./explore?q=citadel%20vs%20wofford&geo=US"
"ryan blaney","1 mil+","29 de agosto de 2026 a las 22:00:00 UTC-3","30 de agosto de 2026 a las 0:30:00 UTC-3","ryan blaney","./explore?q=ryan%20blaney&geo=US"
"anthony davis","2 mil+","29 de agosto de 2026 a las 1:00:00 UTC-3","29 de agosto de 2026 a las 6:20:00 UTC-3","anthony davis","./explore?q=anthony%20davis&geo=US"
"apple tv","10 mil+","28 de agosto de 2026 a las 20:10:00 UTC-3","28 de agosto de 2026 a las 21:50:00 UTC-3","apple tv,appletv","./explore?q=apple%20tv&geo=US"
"jacob saylors","1 mil+","29 de agosto de 2026 a las 15:20:00 UTC-3","29 de agosto de 2026 a las 19:10:00 UTC-3","jacob saylors","./explore?q=jacob%20saylors&geo=US"
"cbs sports","2 mil+","29 de agosto de 2026 a las 18:50:00 UTC-3","29 de agosto de 2026 a las 20:30:00 UTC-3","cbs sports,cbs sports network","./explore?q=cbs%20sports&geo=US"
"lincoln riley","1 mil+","29 de agosto de 2026 a las 16:30:00 UTC-3","29 de agosto de 2026 a las 20:00:00 UTC-3","lincoln riley","./explore?q=lincoln%20riley&geo=US"
"evan hull","2 mil+","28 de agosto de 2026 a las 22:30:00 UTC-3","29 de agosto de 2026 a las 4:30:00 UTC-3","evan hull","./explore?q=evan%20hull&geo=US"
"tim curry los feliz home sale","2 mil+","28 de agosto de 2026 a las 16:50:00 UTC-3","28 de agosto de 2026 a las 22:30:00 UTC-3","tim curry los feliz home sale,susan sarandon","./explore?q=tim%20curry%20los%20feliz%20home%20sale&geo=US"
"pga leaderboard","5 mil+","29 de agosto de 2026 a las 19:50:00 UTC-3","29 de agosto de 2026 a las 20:30:00 UTC-3","pga leaderboard,justin rose,victor hovland","./explore?q=pga%20leaderboard&geo=US"
"mlb schedule","200+","30 de agosto de 2026 a las 8:40:00 UTC-3","30 de agosto de 2026 a las 9:50:00 UTC-3","mlb schedule","./explore?q=mlb%20schedule&geo=US"
"al pacino","500+","30 de agosto de 2026 a las 0:30:00 UTC-3","30 de agosto de 2026 a las 4:50:00 UTC-3","al pacino","./explore?q=al%20pacino&geo=US"
"trey hedden","1 mil+","29 de agosto de 2026 a las 20:10:00 UTC-3","29 de agosto de 2026 a las 23:50:00 UTC-3","trey hedden","./explore?q=trey%20hedden&geo=US"
"uss abraham lincoln sailor conditions","2 mil+","28 de agosto de 2026 a las 13:30:00 UTC-3","28 de agosto de 2026 a las 21:10:00 UTC-3","uss abraham lincoln sailor conditions","./explore?q=uss%20abraham%20lincoln%20sailor%20conditions&geo=US"
"são paulo vs bragantino","2 mil+","29 de agosto de 2026 a las 19:40:00 UTC-3","29 de agosto de 2026 a las 22:30:00 UTC-3","são paulo vs bragantino,são paulo x bragantino","./explore?q=s%C3%A3o%20paulo%20vs%20bragantino&geo=US"
"boca vs lanús","2 mil+","28 de agosto de 2026 a las 20:50:00 UTC-3","29 de agosto de 2026 a las 0:30:00 UTC-3","boca vs lanús","./explore?q=boca%20vs%20lan%C3%BAs&geo=US"
"indiana high school football scores","2 mil+","28 de agosto de 2026 a las 22:10:00 UTC-3","29 de agosto de 2026 a las 10:10:00 UTC-3","indiana high school football scores","./explore?q=indiana%20high%20school%20football%20scores&geo=US"
"packer game today","2 mil+","28 de agosto de 2026 a las 19:20:00 UTC-3","29 de agosto de 2026 a las 1:20:00 UTC-3","packer game today,green bay packers schedule,packers game today","./explore?q=packer%20game%20today&geo=US"
"will sheppard","2 mil+","28 de agosto de 2026 a las 22:10:00 UTC-3","29 de agosto de 2026 a las 1:40:00 UTC-3","will sheppard","./explore?q=will%20sheppard&geo=US"
"real sociedad","1 mil+","29 de agosto de 2026 a las 14:10:00 UTC-3","29 de agosto de 2026 a las 16:50:00 UTC-3","real sociedad","./explore?q=real%20sociedad&geo=US"
"georgia bulldogs football","2 mil+","29 de agosto de 2026 a las 10:00:00 UTC-3","29 de agosto de 2026 a las 15:10:00 UTC-3","georgia bulldogs football,georgia football schedule","./explore?q=georgia%20bulldogs%20football&geo=US"
"independiente del valle - u. católica","1 mil+","29 de agosto de 2026 a las 14:40:00 UTC-3","29 de agosto de 2026 a las 17:50:00 UTC-3","independiente del valle - u. católica","./explore?q=independiente%20del%20valle%20-%20u.%20cat%C3%B3lica&geo=US"
"miami weather","2 mil+","29 de agosto de 2026 a las 8:50:00 UTC-3","29 de agosto de 2026 a las 12:20:00 UTC-3","miami weather,weather miami","./explore?q=miami%20weather&geo=US"
"kesha","500+","29 de agosto de 2026 a las 23:50:00 UTC-3","30 de agosto de 2026 a las 2:10:00 UTC-3","kesha","./explore?q=kesha&geo=US"
"obituary","2 mil+","28 de agosto de 2026 a las 18:30:00 UTC-3","28 de agosto de 2026 a las 21:10:00 UTC-3","obituary","./explore?q=obituary&geo=US"
"guastatoya - marquense","1 mil+","29 de agosto de 2026 a las 18:30:00 UTC-3","29 de agosto de 2026 a las 21:10:00 UTC-3","guastatoya - marquense","./explore?q=guastatoya%20-%20marquense&geo=US"
"norwich city vs burnley","1 mil+","29 de agosto de 2026 a las 10:30:00 UTC-3","29 de agosto de 2026 a las 13:50:00 UTC-3","norwich city vs burnley","./explore?q=norwich%20city%20vs%20burnley&geo=US"
"nc state football schedule","1 mil+","29 de agosto de 2026 a las 16:50:00 UTC-3","29 de agosto de 2026 a las 20:20:00 UTC-3","nc state football schedule","./explore?q=nc%20state%20football%20schedule&geo=US"
"allen vs duncanville","2 mil+","28 de agosto de 2026 a las 21:50:00 UTC-3","29 de agosto de 2026 a las 2:20:00 UTC-3","allen vs duncanville,duncanville football,duncanville vs allen","./explore?q=allen%20vs%20duncanville&geo=US"
"michael fulmer","1 mil+","29 de agosto de 2026 a las 22:00:00 UTC-3","29 de agosto de 2026 a las 23:10:00 UTC-3","michael fulmer","./explore?q=michael%20fulmer&geo=US"
"utmb 2026","1 mil+","28 de agosto de 2026 a las 22:40:00 UTC-3","29 de agosto de 2026 a las 12:20:00 UTC-3","utmb 2026","./explore?q=utmb%202026&geo=US"
"psg vs","2 mil+","28 de agosto de 2026 a las 16:30:00 UTC-3","28 de agosto de 2026 a las 19:00:00 UTC-3","psg vs","./explore?q=psg%20vs&geo=US"
"russell wilson horse racing owner","2 mil+","29 de agosto de 2026 a las 18:30:00 UTC-3","29 de agosto de 2026 a las 21:00:00 UTC-3","russell wilson horse racing owner,russell wilson","./explore?q=russell%20wilson%20horse%20racing%20owner&geo=US"
"lyon fc","1 mil+","29 de agosto de 2026 a las 16:10:00 UTC-3","29 de agosto de 2026 a las 18:30:00 UTC-3","lyon fc","./explore?q=lyon%20fc&geo=US"
"maria vargas","1 mil+","30 de agosto de 2026 a las 1:10:00 UTC-3","30 de agosto de 2026 a las 3:10:00 UTC-3","maria vargas,miss mexico 2026","./explore?q=maria%20vargas&geo=US"
"nick sogard","1 mil+","29 de agosto de 2026 a las 20:50:00 UTC-3","29 de agosto de 2026 a las 22:20:00 UTC-3","nick sogard","./explore?q=nick%20sogard&geo=US"
"ina garten","1 mil+","29 de agosto de 2026 a las 8:50:00 UTC-3","29 de agosto de 2026 a las 13:20:00 UTC-3","ina garten","./explore?q=ina%20garten&geo=US"
"dust advisory","500+","30 de agosto de 2026 a las 1:30:00 UTC-3","30 de agosto de 2026 a las 3:10:00 UTC-3","dust advisory","./explore?q=dust%20advisory&geo=US"
"nalyssa smith","500+","30 de agosto de 2026 a las 7:40:00 UTC-3","30 de agosto de 2026 a las 8:50:00 UTC-3","nalyssa smith,kalani brown","./explore?q=nalyssa%20smith&geo=US"
"youtubetv","2 mil+","29 de agosto de 2026 a las 12:50:00 UTC-3","29 de agosto de 2026 a las 14:30:00 UTC-3","youtubetv","./explore?q=youtubetv&geo=US"
"oklahoma high school football scores","2 mil+","28 de agosto de 2026 a las 22:40:00 UTC-3","29 de agosto de 2026 a las 11:10:00 UTC-3","oklahoma high school football scores","./explore?q=oklahoma%20high%20school%20football%20scores&geo=US"
"bassmaster","500+","30 de agosto de 2026 a las 9:50:00 UTC-3","30 de agosto de 2026 a las 10:10:00 UTC-3","bassmaster","./explore?q=bassmaster&geo=US"
"haitian nationals return cap haitien","1 mil+","29 de agosto de 2026 a las 7:10:00 UTC-3","29 de agosto de 2026 a las 13:10:00 UTC-3","haitian nationals return cap haitien","./explore?q=haitian%20nationals%20return%20cap%20haitien&geo=US"
"racing louisville vs san diego wave","2 mil+","28 de agosto de 2026 a las 22:30:00 UTC-3","29 de agosto de 2026 a las 2:00:00 UTC-3","racing louisville vs san diego wave,racing louisville vs san diego wave standings","./explore?q=racing%20louisville%20vs%20san%20diego%20wave&geo=US"
"bergen catholic football","1 mil+","29 de agosto de 2026 a las 8:00:00 UTC-3","29 de agosto de 2026 a las 12:40:00 UTC-3","bergen catholic football","./explore?q=bergen%20catholic%20football&geo=US"
"snow","5 mil+","28 de agosto de 2026 a las 15:20:00 UTC-3","28 de agosto de 2026 a las 16:30:00 UTC-3","snow","./explore?q=snow&geo=US"
"wagner football","1 mil+","29 de agosto de 2026 a las 13:20:00 UTC-3","29 de agosto de 2026 a las 16:20:00 UTC-3","wagner football","./explore?q=wagner%20football&geo=US"
"sling tv","2 mil+","29 de agosto de 2026 a las 9:40:00 UTC-3","29 de agosto de 2026 a las 15:00:00 UTC-3","sling tv","./explore?q=sling%20tv&geo=US"
"tyler perry","1 mil+","30 de agosto de 2026 a las 1:40:00 UTC-3","30 de agosto de 2026 a las 4:10:00 UTC-3","tyler perry,beauty in black season 3 part 2 release date,beauty in black season 4","./explore?q=tyler%20perry&geo=US"
"melkart abou jaoude","1 mil+","29 de agosto de 2026 a las 15:10:00 UTC-3","29 de agosto de 2026 a las 16:20:00 UTC-3","melkart abou jaoude","./explore?q=melkart%20abou%20jaoude&geo=US"
"엘에이 fc 대 dc 유나이티드","1 mil+","29 de agosto de 2026 a las 20:00:00 UTC-3","29 de agosto de 2026 a las 22:00:00 UTC-3","엘에이 fc 대 dc 유나이티드","./explore?q=%EC%97%98%EC%97%90%EC%9D%B4%20fc%20%EB%8C%80%20dc%20%EC%9C%A0%EB%82%98%EC%9D%B4%ED%8B%B0%EB%93%9C&geo=US"
"notah begay","1 mil+","29 de agosto de 2026 a las 18:00:00 UTC-3","29 de agosto de 2026 a las 21:00:00 UTC-3","notah begay","./explore?q=notah%20begay&geo=US"
"luke altmyer","1 mil+","29 de agosto de 2026 a las 14:30:00 UTC-3","29 de agosto de 2026 a las 16:50:00 UTC-3","luke altmyer","./explore?q=luke%20altmyer&geo=US"
"hailey van lith","2 mil+","28 de agosto de 2026 a las 20:50:00 UTC-3","29 de agosto de 2026 a las 0:00:00 UTC-3","hailey van lith","./explore?q=hailey%20van%20lith&geo=US"
"frankie muniz","200+","30 de agosto de 2026 a las 2:20:00 UTC-3","30 de agosto de 2026 a las 7:50:00 UTC-3","frankie muniz","./explore?q=frankie%20muniz&geo=US"
"sauce gardner","1 mil+","29 de agosto de 2026 a las 14:20:00 UTC-3","29 de agosto de 2026 a las 17:50:00 UTC-3","sauce gardner","./explore?q=sauce%20gardner&geo=US"
"pl","1 mil+","29 de agosto de 2026 a las 9:30:00 UTC-3","29 de agosto de 2026 a las 13:30:00 UTC-3","pl","./explore?q=pl&geo=US"
"boca juniors","2 mil+","28 de agosto de 2026 a las 21:40:00 UTC-3","29 de agosto de 2026 a las 0:40:00 UTC-3","boca juniors","./explore?q=boca%20juniors&geo=US"
"derek law","500+","30 de agosto de 2026 a las 0:40:00 UTC-3","30 de agosto de 2026 a las 2:10:00 UTC-3","derek law,dbacks - giants","./explore?q=derek%20law&geo=US"
"southampton vs millwall","1 mil+","29 de agosto de 2026 a las 10:30:00 UTC-3","29 de agosto de 2026 a las 13:40:00 UTC-3","southampton vs millwall","./explore?q=southampton%20vs%20millwall&geo=US"
"suchitepequez - cobán imperial","2 mil+","28 de agosto de 2026 a las 22:50:00 UTC-3","29 de agosto de 2026 a las 2:20:00 UTC-3","suchitepequez - cobán imperial","./explore?q=suchitepequez%20-%20cob%C3%A1n%20imperial&geo=US"
"car insurance","2 mil+","29 de agosto de 2026 a las 7:20:00 UTC-3","29 de agosto de 2026 a las 8:30:00 UTC-3","car insurance","./explore?q=car%20insurance&geo=US"
"chris delong columbia sc","100+","30 de agosto de 2026 a las 9:00:00 UTC-3","30 de agosto de 2026 a las 10:00:00 UTC-3","chris delong columbia sc","./explore?q=chris%20delong%20columbia%20sc&geo=US"
"saturday night live","1 mil+","30 de agosto de 2026 a las 0:30:00 UTC-3","30 de agosto de 2026 a las 2:00:00 UTC-3","saturday night live,is snl new tonight","./explore?q=saturday%20night%20live&geo=US"
"cfb games","1 mil+","29 de agosto de 2026 a las 13:00:00 UTC-3","29 de agosto de 2026 a las 18:20:00 UTC-3","cfb games","./explore?q=cfb%20games&geo=US"
"fire at last","1 mil+","29 de agosto de 2026 a las 8:10:00 UTC-3","29 de agosto de 2026 a las 12:30:00 UTC-3","fire at last","./explore?q=fire%20at%20last&geo=US"
"memphis football coach","500+","30 de agosto de 2026 a las 0:10:00 UTC-3","30 de agosto de 2026 a las 3:10:00 UTC-3","memphis football coach","./explore?q=memphis%20football%20coach&geo=US"
"niall matter","1 mil+","29 de agosto de 2026 a las 21:40:00 UTC-3","29 de agosto de 2026 a las 23:40:00 UTC-3","niall matter,much about love hallmark","./explore?q=niall%20matter&geo=US"
"atletico de madrid","1 mil+","29 de agosto de 2026 a las 17:10:00 UTC-3","29 de agosto de 2026 a las 18:40:00 UTC-3","atletico de madrid","./explore?q=atletico%20de%20madrid&geo=US"
"houston dynamo","500+","29 de agosto de 2026 a las 22:50:00 UTC-3","30 de agosto de 2026 a las 0:30:00 UTC-3","houston dynamo","./explore?q=houston%20dynamo&geo=US"
"gilberto mora","1 mil+","29 de agosto de 2026 a las 2:00:00 UTC-3","29 de agosto de 2026 a las 4:50:00 UTC-3","gilberto mora","./explore?q=gilberto%20mora&geo=US"
"club america","2 mil+","29 de agosto de 2026 a las 22:40:00 UTC-3","29 de agosto de 2026 a las 23:10:00 UTC-3","club america","./explore?q=club%20america&geo=US"
"kyle shanahan de'zhaun stribling preseason","2 mil+","28 de agosto de 2026 a las 14:30:00 UTC-3","28 de agosto de 2026 a las 20:20:00 UTC-3","kyle shanahan de'zhaun stribling preseason","./explore?q=kyle%20shanahan%20de%27zhaun%20stribling%20preseason&geo=US"
"rhode island football","2 mil+","28 de agosto de 2026 a las 19:10:00 UTC-3","28 de agosto de 2026 a las 23:10:00 UTC-3","rhode island football,merrimack football","./explore?q=rhode%20island%20football&geo=US"
"middlesbrough vs west brom","1 mil+","29 de agosto de 2026 a las 8:20:00 UTC-3","29 de agosto de 2026 a las 11:30:00 UTC-3","middlesbrough vs west brom","./explore?q=middlesbrough%20vs%20west%20brom&geo=US"
"klystron 9","1 mil+","29 de agosto de 2026 a las 17:40:00 UTC-3","29 de agosto de 2026 a las 19:40:00 UTC-3","klystron 9","./explore?q=klystron%209&geo=US"
"matt lafleur","2 mil+","28 de agosto de 2026 a las 22:20:00 UTC-3","29 de agosto de 2026 a las 1:20:00 UTC-3","matt lafleur,espn nfl","./explore?q=matt%20lafleur&geo=US"
"wilyer abreu","1 mil+","29 de agosto de 2026 a las 14:20:00 UTC-3","29 de agosto de 2026 a las 16:10:00 UTC-3","wilyer abreu","./explore?q=wilyer%20abreu&geo=US"
"zane smith","500+","29 de agosto de 2026 a las 23:10:00 UTC-3","30 de agosto de 2026 a las 0:30:00 UTC-3","zane smith","./explore?q=zane%20smith&geo=US"
"leverkusen","1 mil+","29 de agosto de 2026 a las 10:40:00 UTC-3","29 de agosto de 2026 a las 13:20:00 UTC-3","leverkusen,bayer leverkusen","./explore?q=leverkusen&geo=US"
"reds - cubs","2 mil+","28 de agosto de 2026 a las 15:00:00 UTC-3","28 de agosto de 2026 a las 19:30:00 UTC-3","reds - cubs","./explore?q=reds%20-%20cubs&geo=US"
"new hampshire vs albany","2 mil+","28 de agosto de 2026 a las 19:30:00 UTC-3","28 de agosto de 2026 a las 23:20:00 UTC-3","new hampshire vs albany,fcs football","./explore?q=new%20hampshire%20vs%20albany&geo=US"
"carlie irsay-gordon","1 mil+","29 de agosto de 2026 a las 15:50:00 UTC-3","29 de agosto de 2026 a las 17:00:00 UTC-3","carlie irsay-gordon,colts owner","./explore?q=carlie%20irsay-gordon&geo=US"
"bubba wallace","500+","29 de agosto de 2026 a las 23:10:00 UTC-3","30 de agosto de 2026 a las 0:30:00 UTC-3","bubba wallace","./explore?q=bubba%20wallace&geo=US"
"demi lovato","500+","29 de agosto de 2026 a las 5:40:00 UTC-3","29 de agosto de 2026 a las 9:50:00 UTC-3","demi lovato","./explore?q=demi%20lovato&geo=US"
"fanduel","1 mil+","29 de agosto de 2026 a las 4:30:00 UTC-3","29 de agosto de 2026 a las 8:50:00 UTC-3","fanduel,draftkings vs fanduel","./explore?q=fanduel&geo=US"
"robert lewandowski","1 mil+","29 de agosto de 2026 a las 19:30:00 UTC-3","29 de agosto de 2026 a las 20:50:00 UTC-3","robert lewandowski","./explore?q=robert%20lewandowski&geo=US"
"blade","200+","30 de agosto de 2026 a las 4:00:00 UTC-3","30 de agosto de 2026 a las 6:10:00 UTC-3","blade","./explore?q=blade&geo=US"
"dameon pierce","1 mil+","28 de agosto de 2026 a las 21:40:00 UTC-3","29 de agosto de 2026 a las 1:40:00 UTC-3","dameon pierce","./explore?q=dameon%20pierce&geo=US"
"rider strong","1 mil+","29 de agosto de 2026 a las 12:50:00 UTC-3","29 de agosto de 2026 a las 15:10:00 UTC-3","rider strong","./explore?q=rider%20strong&geo=US"
"citizen vigilante","2 mil+","28 de agosto de 2026 a las 15:40:00 UTC-3","28 de agosto de 2026 a las 21:20:00 UTC-3","citizen vigilante","./explore?q=citizen%20vigilante&geo=US"
"acu vs lamar","500+","29 de agosto de 2026 a las 19:40:00 UTC-3","29 de agosto de 2026 a las 21:30:00 UTC-3","acu vs lamar","./explore?q=acu%20vs%20lamar&geo=US"
"cam miller","2 mil+","28 de agosto de 2026 a las 20:40:00 UTC-3","28 de agosto de 2026 a las 22:40:00 UTC-3","cam miller","./explore?q=cam%20miller&geo=US"
"patrick mahomes","2 mil+","28 de agosto de 2026 a las 21:50:00 UTC-3","29 de agosto de 2026 a las 0:50:00 UTC-3","patrick mahomes","./explore?q=patrick%20mahomes&geo=US"
"georgia high school football scores","1 mil+","28 de agosto de 2026 a las 22:20:00 UTC-3","29 de agosto de 2026 a las 9:30:00 UTC-3","georgia high school football scores","./explore?q=georgia%20high%20school%20football%20scores&geo=US"
"marco rubio","1 mil+","29 de agosto de 2026 a las 15:20:00 UTC-3","29 de agosto de 2026 a las 17:10:00 UTC-3","marco rubio","./explore?q=marco%20rubio&geo=US"
"sam elliott","500+","29 de agosto de 2026 a las 22:10:00 UTC-3","30 de agosto de 2026 a las 0:00:00 UTC-3","sam elliott","./explore?q=sam%20elliott&geo=US"
"x2","2 mil+","29 de agosto de 2026 a las 1:50:00 UTC-3","29 de agosto de 2026 a las 5:50:00 UTC-3","x2,six flags x2,six flags,x2 roller coaster six flags","./explore?q=x2&geo=US"
"camila osorio","2 mil+","29 de agosto de 2026 a las 17:00:00 UTC-3","29 de agosto de 2026 a las 18:30:00 UTC-3","camila osorio,arthur gea,hugo gaston,elvina kalieva,lloyd harris","./explore?q=camila%20osorio&geo=US"
"fiorentina - frosinone","1 mil+","29 de agosto de 2026 a las 13:20:00 UTC-3","29 de agosto de 2026 a las 15:50:00 UTC-3","fiorentina - frosinone,fiorentina","./explore?q=fiorentina%20-%20frosinone&geo=US"
"westview high school","2 mil+","28 de agosto de 2026 a las 16:40:00 UTC-3","28 de agosto de 2026 a las 19:20:00 UTC-3","westview high school,westview high school lockdown","./explore?q=westview%20high%20school&geo=US"
"mamdani","1 mil+","29 de agosto de 2026 a las 1:30:00 UTC-3","29 de agosto de 2026 a las 10:50:00 UTC-3","mamdani","./explore?q=mamdani&geo=US"
"sami whitcomb","500+","29 de agosto de 2026 a las 23:20:00 UTC-3","30 de agosto de 2026 a las 0:50:00 UTC-3","sami whitcomb","./explore?q=sami%20whitcomb&geo=US"
"garrett stubbs","100+","30 de agosto de 2026 a las 8:50:00 UTC-3","30 de agosto de 2026 a las 9:30:00 UTC-3","garrett stubbs","./explore?q=garrett%20stubbs&geo=US"
"sean clifford","2 mil+","28 de agosto de 2026 a las 22:50:00 UTC-3","29 de agosto de 2026 a las 0:40:00 UTC-3","sean clifford,ke'shawn williams","./explore?q=sean%20clifford&geo=US"
"roberto alvarado","500+","29 de agosto de 2026 a las 20:10:00 UTC-3","29 de agosto de 2026 a las 21:20:00 UTC-3","roberto alvarado","./explore?q=roberto%20alvarado&geo=US"
"urban meyer","500+","29 de agosto de 2026 a las 23:50:00 UTC-3","30 de agosto de 2026 a las 1:10:00 UTC-3","urban meyer","./explore?q=urban%20meyer&geo=US"
"americas high school","2 mil+","28 de agosto de 2026 a las 12:30:00 UTC-3","28 de agosto de 2026 a las 19:50:00 UTC-3","americas high school","./explore?q=americas%20high%20school&geo=US"
"kanye west concert","1 mil+","28 de agosto de 2026 a las 23:20:00 UTC-3","29 de agosto de 2026 a las 6:40:00 UTC-3","kanye west concert","./explore?q=kanye%20west%20concert&geo=US"
"mark gronowski","1 mil+","28 de agosto de 2026 a las 22:20:00 UTC-3","29 de agosto de 2026 a las 0:50:00 UTC-3","mark gronowski","./explore?q=mark%20gronowski&geo=US"
"london","2 mil+","28 de agosto de 2026 a las 12:30:00 UTC-3","28 de agosto de 2026 a las 17:10:00 UTC-3","london","./explore?q=london&geo=US"
"brewers game today","1 mil+","29 de agosto de 2026 a las 20:00:00 UTC-3","29 de agosto de 2026 a las 21:20:00 UTC-3","brewers game today,jackson chourio","./explore?q=brewers%20game%20today&geo=US"
"fearless friday","2 mil+","28 de agosto de 2026 a las 22:10:00 UTC-3","29 de agosto de 2026 a las 2:00:00 UTC-3","fearless friday,arkansas high school football scores","./explore?q=fearless%20friday&geo=US"
"greg maddux","1 mil+","29 de agosto de 2026 a las 15:40:00 UTC-3","29 de agosto de 2026 a las 17:00:00 UTC-3","greg maddux","./explore?q=greg%20maddux&geo=US"
"rob reiner","1 mil+","29 de agosto de 2026 a las 11:50:00 UTC-3","29 de agosto de 2026 a las 13:10:00 UTC-3","rob reiner","./explore?q=rob%20reiner&geo=US"
"farmer","2 mil+","28 de agosto de 2026 a las 12:40:00 UTC-3","28 de agosto de 2026 a las 15:40:00 UTC-3","farmer,meat","./explore?q=farmer&geo=US"
"trump triumphal arch adverse effects","500+","29 de agosto de 2026 a las 8:10:00 UTC-3","29 de agosto de 2026 a las 11:40:00 UTC-3","trump triumphal arch adverse effects","./explore?q=trump%20triumphal%20arch%20adverse%20effects&geo=US"
"dbacks","1 mil+","29 de agosto de 2026 a las 1:10:00 UTC-3","29 de agosto de 2026 a las 3:20:00 UTC-3","dbacks,lars nootbaar","./explore?q=dbacks&geo=US"
"seahawks schedule","2 mil+","28 de agosto de 2026 a las 21:20:00 UTC-3","29 de agosto de 2026 a las 0:50:00 UTC-3","seahawks schedule","./explore?q=seahawks%20schedule&geo=US"
"luis garcía jr.","500+","29 de agosto de 2026 a las 23:30:00 UTC-3","30 de agosto de 2026 a las 0:20:00 UTC-3","luis garcía jr.","./explore?q=luis%20garc%C3%ADa%20jr.&geo=US"
"draftkings fantasy","500+","29 de agosto de 2026 a las 4:30:00 UTC-3","29 de agosto de 2026 a las 9:00:00 UTC-3","draftkings fantasy","./explore?q=draftkings%20fantasy&geo=US"
"friday night lights","1 mil+","28 de agosto de 2026 a las 23:30:00 UTC-3","29 de agosto de 2026 a las 3:40:00 UTC-3","friday night lights","./explore?q=friday%20night%20lights&geo=US"
"cody bellinger","500+","29 de agosto de 2026 a las 23:20:00 UTC-3","30 de agosto de 2026 a las 0:20:00 UTC-3","cody bellinger","./explore?q=cody%20bellinger&geo=US"
"billie jean king","500+","29 de agosto de 2026 a las 19:40:00 UTC-3","29 de agosto de 2026 a las 20:50:00 UTC-3","billie jean king","./explore?q=billie%20jean%20king&geo=US"
"trent thornton","2 mil+","28 de agosto de 2026 a las 17:10:00 UTC-3","28 de agosto de 2026 a las 19:40:00 UTC-3","trent thornton,jose trevino,cubs vs reds","./explore?q=trent%20thornton&geo=US"
"dr mack clancy trial","2 mil+","28 de agosto de 2026 a las 15:20:00 UTC-3","28 de agosto de 2026 a las 18:00:00 UTC-3","dr mack clancy trial,psychiatrist,psychiatrists","./explore?q=dr%20mack%20clancy%20trial&geo=US"
"adley rutschman","500+","29 de agosto de 2026 a las 17:00:00 UTC-3","29 de agosto de 2026 a las 18:10:00 UTC-3","adley rutschman","./explore?q=adley%20rutschman&geo=US"
"star trek prequel series updates","1 mil+","28 de agosto de 2026 a las 22:10:00 UTC-3","29 de agosto de 2026 a las 1:00:00 UTC-3","star trek prequel series updates","./explore?q=star%20trek%20prequel%20series%20updates&geo=US"
"maurice alexander","500+","29 de agosto de 2026 a las 20:10:00 UTC-3","29 de agosto de 2026 a las 21:40:00 UTC-3","maurice alexander","./explore?q=maurice%20alexander&geo=US"
"amusement park","2 mil+","28 de agosto de 2026 a las 12:10:00 UTC-3","28 de agosto de 2026 a las 17:10:00 UTC-3","amusement park","./explore?q=amusement%20park&geo=US"
"joe burrow","2 mil+","28 de agosto de 2026 a las 21:50:00 UTC-3","28 de agosto de 2026 a las 23:10:00 UTC-3","joe burrow","./explore?q=joe%20burrow&geo=US"
"nigeria","500+","29 de agosto de 2026 a las 8:40:00 UTC-3","29 de agosto de 2026 a las 12:20:00 UTC-3","nigeria","./explore?q=nigeria&geo=US"
"atlas f.c. vs querétaro f.c. standings","500+","29 de agosto de 2026 a las 22:10:00 UTC-3","29 de agosto de 2026 a las 23:20:00 UTC-3","atlas f.c. vs querétaro f.c. standings","./explore?q=atlas%20f.c.%20vs%20quer%C3%A9taro%20f.c.%20standings&geo=US"
"séville – atlético madrid","500+","29 de agosto de 2026 a las 16:20:00 UTC-3","29 de agosto de 2026 a las 18:20:00 UTC-3","séville – atlético madrid","./explore?q=s%C3%A9ville%20%E2%80%93%20atl%C3%A9tico%20madrid&geo=US"
"cruz azul","2 mil+","28 de agosto de 2026 a las 23:20:00 UTC-3","29 de agosto de 2026 a las 0:20:00 UTC-3","cruz azul","./explore?q=cruz%20azul&geo=US"
"fool","500+","29 de agosto de 2026 a las 4:20:00 UTC-3","29 de agosto de 2026 a las 8:40:00 UTC-3","fool,motley fool","./explore?q=fool&geo=US"
"athan kaliakmanis","2 mil+","28 de agosto de 2026 a las 20:00:00 UTC-3","28 de agosto de 2026 a las 21:40:00 UTC-3","athan kaliakmanis,sam hartman","./explore?q=athan%20kaliakmanis&geo=US"
"glen powell","1 mil+","29 de agosto de 2026 a las 1:00:00 UTC-3","29 de agosto de 2026 a las 5:10:00 UTC-3","glen powell","./explore?q=glen%20powell&geo=US"
"didier fuentes","2 mil+","29 de agosto de 2026 a las 20:10:00 UTC-3","29 de agosto de 2026 a las 21:20:00 UTC-3","didier fuentes,rockies - braves,ronald acuña jr.,michael harris ii,atlanta braves schedule,sparks","./explore?q=didier%20fuentes&geo=US"
"john leguizamo","1 mil+","29 de agosto de 2026 a las 1:10:00 UTC-3","29 de agosto de 2026 a las 5:20:00 UTC-3","john leguizamo","./explore?q=john%20leguizamo&geo=US"
"rio ave vs scp","1 mil+","28 de agosto de 2026 a las 16:00:00 UTC-3","28 de agosto de 2026 a las 19:10:00 UTC-3","rio ave vs scp","./explore?q=rio%20ave%20vs%20scp&geo=US"
"nwsl standings","1 mil+","29 de agosto de 2026 a las 23:30:00 UTC-3","30 de agosto de 2026 a las 0:30:00 UTC-3","nwsl standings","./explore?q=nwsl%20standings&geo=US"
"saquon barkley","1 mil+","28 de agosto de 2026 a las 21:30:00 UTC-3","29 de agosto de 2026 a las 0:50:00 UTC-3","saquon barkley","./explore?q=saquon%20barkley&geo=US"
"war of 1812","1 mil+","29 de agosto de 2026 a las 21:10:00 UTC-3","29 de agosto de 2026 a las 22:20:00 UTC-3","war of 1812","./explore?q=war%20of%201812&geo=US"
"ryan sieg","2 mil+","28 de agosto de 2026 a las 22:40:00 UTC-3","29 de agosto de 2026 a las 0:10:00 UTC-3","ryan sieg,rajah caruth","./explore?q=ryan%20sieg&geo=US"
"naomi osaka mom outfit us open","1 mil+","28 de agosto de 2026 a las 17:10:00 UTC-3","28 de agosto de 2026 a las 20:00:00 UTC-3","naomi osaka mom outfit us open","./explore?q=naomi%20osaka%20mom%20outfit%20us%20open&geo=US"
"kyle trask","1 mil+","28 de agosto de 2026 a las 21:10:00 UTC-3","28 de agosto de 2026 a las 23:50:00 UTC-3","kyle trask","./explore?q=kyle%20trask&geo=US"
"luis rengifo","500+","29 de agosto de 2026 a las 19:20:00 UTC-3","29 de agosto de 2026 a las 21:00:00 UTC-3","luis rengifo","./explore?q=luis%20rengifo&geo=US"
"tyrese haliburton","500+","29 de agosto de 2026 a las 19:40:00 UTC-3","29 de agosto de 2026 a las 21:20:00 UTC-3","tyrese haliburton","./explore?q=tyrese%20haliburton&geo=US"
"josh johnson nfl","1 mil+","28 de agosto de 2026 a las 21:10:00 UTC-3","28 de agosto de 2026 a las 23:00:00 UTC-3","josh johnson nfl","./explore?q=josh%20johnson%20nfl&geo=US"
"futbol mexicano","200+","30 de agosto de 2026 a las 0:00:00 UTC-3","30 de agosto de 2026 a las 1:10:00 UTC-3","futbol mexicano","./explore?q=futbol%20mexicano&geo=US"
"brian rodríguez","500+","29 de agosto de 2026 a las 23:50:00 UTC-3","30 de agosto de 2026 a las 0:50:00 UTC-3","brian rodríguez","./explore?q=brian%20rodr%C3%ADguez&geo=US"
"ted","500+","30 de agosto de 2026 a las 2:30:00 UTC-3","30 de agosto de 2026 a las 3:20:00 UTC-3","ted","./explore?q=ted&geo=US"
"jameis winston","500+","29 de agosto de 2026 a las 21:40:00 UTC-3","29 de agosto de 2026 a las 22:30:00 UTC-3","jameis winston","./explore?q=jameis%20winston&geo=US"
"colgate football","2 mil+","28 de agosto de 2026 a las 19:20:00 UTC-3","28 de agosto de 2026 a las 23:00:00 UTC-3","colgate football,colgate vs fordham","./explore?q=colgate%20football&geo=US"
"tyrone taylor","500+","29 de agosto de 2026 a las 18:10:00 UTC-3","29 de agosto de 2026 a las 19:40:00 UTC-3","tyrone taylor","./explore?q=tyrone%20taylor&geo=US"
"nfl+","2 mil+","28 de agosto de 2026 a las 20:30:00 UTC-3","28 de agosto de 2026 a las 22:10:00 UTC-3","nfl+","./explore?q=nfl%2B&geo=US"
"when does the nfl season start","1 mil+","28 de agosto de 2026 a las 21:10:00 UTC-3","29 de agosto de 2026 a las 14:20:00 UTC-3","when does the nfl season start","./explore?q=when%20does%20the%20nfl%20season%20start&geo=US"
"nico gonzález","500+","29 de agosto de 2026 a las 13:40:00 UTC-3","29 de agosto de 2026 a las 15:50:00 UTC-3","nico gonzález","./explore?q=nico%20gonz%C3%A1lez&geo=US"
"osaa football","500+","29 de agosto de 2026 a las 1:20:00 UTC-3","29 de agosto de 2026 a las 5:20:00 UTC-3","osaa football","./explore?q=osaa%20football&geo=US"
"kamilla cardoso","500+","29 de agosto de 2026 a las 14:30:00 UTC-3","29 de agosto de 2026 a las 15:40:00 UTC-3","kamilla cardoso","./explore?q=kamilla%20cardoso&geo=US"
"mallorca","1 mil+","28 de agosto de 2026 a las 23:30:00 UTC-3","29 de agosto de 2026 a las 4:10:00 UTC-3","mallorca","./explore?q=mallorca&geo=US"
"tommy castellanos","500+","29 de agosto de 2026 a las 20:40:00 UTC-3","29 de agosto de 2026 a las 21:50:00 UTC-3","tommy castellanos","./explore?q=tommy%20castellanos&geo=US"
"epl scores","500+","29 de agosto de 2026 a las 9:20:00 UTC-3","29 de agosto de 2026 a las 11:30:00 UTC-3","epl scores","./explore?q=epl%20scores&geo=US"
"jose caballero","200+","29 de agosto de 2026 a las 23:10:00 UTC-3","30 de agosto de 2026 a las 0:20:00 UTC-3","jose caballero","./explore?q=jose%20caballero&geo=US"
"widow's bay","100+","30 de agosto de 2026 a las 9:00:00 UTC-3","30 de agosto de 2026 a las 9:30:00 UTC-3","widow's bay","./explore?q=widow%27s%20bay&geo=US"
"al-khaleej vs al-hilal","1 mil+","28 de agosto de 2026 a las 15:00:00 UTC-3","28 de agosto de 2026 a las 18:00:00 UTC-3","al-khaleej vs al-hilal","./explore?q=al-khaleej%20vs%20al-hilal&geo=US"
"celtic vs falkirk","1 mil+","29 de agosto de 2026 a las 11:00:00 UTC-3","29 de agosto de 2026 a las 13:50:00 UTC-3","celtic vs falkirk","./explore?q=celtic%20vs%20falkirk&geo=US"
"posiciones de guayaquil city contra liga de quito","500+","29 de agosto de 2026 a las 20:30:00 UTC-3","29 de agosto de 2026 a las 21:40:00 UTC-3","posiciones de guayaquil city contra liga de quito","./explore?q=posiciones%20de%20guayaquil%20city%20contra%20liga%20de%20quito&geo=US"
"trevon diggs","2 mil+","28 de agosto de 2026 a las 21:30:00 UTC-3","28 de agosto de 2026 a las 22:30:00 UTC-3","trevon diggs","./explore?q=trevon%20diggs&geo=US"
"t-mobile us","500+","29 de agosto de 2026 a las 13:40:00 UTC-3","29 de agosto de 2026 a las 15:30:00 UTC-3","t-mobile us","./explore?q=t-mobile%20us&geo=US"
"brendan beck","200+","29 de agosto de 2026 a las 23:30:00 UTC-3","30 de agosto de 2026 a las 0:30:00 UTC-3","brendan beck","./explore?q=brendan%20beck&geo=US"
"spencer rattler","1 mil+","28 de agosto de 2026 a las 21:30:00 UTC-3","29 de agosto de 2026 a las 0:50:00 UTC-3","spencer rattler","./explore?q=spencer%20rattler&geo=US"
"luis arráez","200+","30 de agosto de 2026 a las 8:30:00 UTC-3","30 de agosto de 2026 a las 9:00:00 UTC-3","luis arráez","./explore?q=luis%20arr%C3%A1ez&geo=US"
"miss america 2026","500+","29 de agosto de 2026 a las 20:20:00 UTC-3","29 de agosto de 2026 a las 21:30:00 UTC-3","miss america 2026","./explore?q=miss%20america%202026&geo=US"
"kiki iriafen","1 mil+","28 de agosto de 2026 a las 23:20:00 UTC-3","29 de agosto de 2026 a las 2:00:00 UTC-3","kiki iriafen","./explore?q=kiki%20iriafen&geo=US"
"cyberguy","1 mil+","29 de agosto de 2026 a las 10:40:00 UTC-3","29 de agosto de 2026 a las 12:00:00 UTC-3","cyberguy,kurt the cyberguy","./explore?q=cyberguy&geo=US"
"jarred kelenic","500+","29 de agosto de 2026 a las 14:50:00 UTC-3","29 de agosto de 2026 a las 16:20:00 UTC-3","jarred kelenic","./explore?q=jarred%20kelenic&geo=US"
"sc high school football scores","1 mil+","28 de agosto de 2026 a las 22:10:00 UTC-3","29 de agosto de 2026 a las 9:20:00 UTC-3","sc high school football scores","./explore?q=sc%20high%20school%20football%20scores&geo=US"
"drew anderson","1 mil+","28 de agosto de 2026 a las 19:50:00 UTC-3","28 de agosto de 2026 a las 22:00:00 UTC-3","drew anderson","./explore?q=drew%20anderson&geo=US"
"car accident lawyer","1 mil+","29 de agosto de 2026 a las 5:00:00 UTC-3","29 de agosto de 2026 a las 7:50:00 UTC-3","car accident lawyer","./explore?q=car%20accident%20lawyer&geo=US"
"kahleah copper","200+","29 de agosto de 2026 a las 23:10:00 UTC-3","30 de agosto de 2026 a las 0:20:00 UTC-3","kahleah copper","./explore?q=kahleah%20copper&geo=US"
"how old is gladys knight","1 mil+","28 de agosto de 2026 a las 19:50:00 UTC-3","28 de agosto de 2026 a las 22:40:00 UTC-3","how old is gladys knight","./explore?q=how%20old%20is%20gladys%20knight&geo=US"
"elise mertens","2 mil+","28 de agosto de 2026 a las 22:40:00 UTC-3","29 de agosto de 2026 a las 1:30:00 UTC-3","elise mertens,nikola bartunkova,monterrey open,diane parry","./explore?q=elise%20mertens&geo=US"
"riley leonard","1 mil+","29 de agosto de 2026 a las 15:10:00 UTC-3","29 de agosto de 2026 a las 16:20:00 UTC-3","riley leonard,anthony richardson sr.,anthony richardson","./explore?q=riley%20leonard&geo=US"
"london explosion","2 mil+","28 de agosto de 2026 a las 12:50:00 UTC-3","28 de agosto de 2026 a las 16:40:00 UTC-3","london explosion,explosion in london","./explore?q=london%20explosion&geo=US"
"jorge d'alessio","1 mil+","28 de agosto de 2026 a las 21:00:00 UTC-3","29 de agosto de 2026 a las 4:10:00 UTC-3","jorge d'alessio","./explore?q=jorge%20d%27alessio&geo=US"
"browns news","1 mil+","28 de agosto de 2026 a las 15:10:00 UTC-3","28 de agosto de 2026 a las 17:40:00 UTC-3","browns news,browns depth chart","./explore?q=browns%20news&geo=US"
"virginia lottery","100+","30 de agosto de 2026 a las 8:20:00 UTC-3","30 de agosto de 2026 a las 9:00:00 UTC-3","virginia lottery","./explore?q=virginia%20lottery&geo=US"
"tyrone tracy","1 mil+","28 de agosto de 2026 a las 21:50:00 UTC-3","29 de agosto de 2026 a las 1:40:00 UTC-3","tyrone tracy","./explore?q=tyrone%20tracy&geo=US"
"emmett johnson","1 mil+","28 de agosto de 2026 a las 21:40:00 UTC-3","29 de agosto de 2026 a las 0:50:00 UTC-3","emmett johnson","./explore?q=emmett%20johnson&geo=US"
"tssaa football scores","500+","28 de agosto de 2026 a las 23:40:00 UTC-3","29 de agosto de 2026 a las 9:50:00 UTC-3","tssaa football scores","./explore?q=tssaa%20football%20scores&geo=US"
"max brosmer","1 mil+","28 de agosto de 2026 a las 23:20:00 UTC-3","29 de agosto de 2026 a las 2:10:00 UTC-3","max brosmer","./explore?q=max%20brosmer&geo=US"
"lamar jackson","1 mil+","28 de agosto de 2026 a las 19:30:00 UTC-3","28 de agosto de 2026 a las 22:10:00 UTC-3","lamar jackson","./explore?q=lamar%20jackson&geo=US"
"corteza terrestre","1 mil+","28 de agosto de 2026 a las 18:20:00 UTC-3","29 de agosto de 2026 a las 9:40:00 UTC-3","corteza terrestre","./explore?q=corteza%20terrestre&geo=US"
"max clark","1 mil+","28 de agosto de 2026 a las 21:00:00 UTC-3","28 de agosto de 2026 a las 23:00:00 UTC-3","max clark","./explore?q=max%20clark&geo=US"
"hardrock bet","500+","29 de agosto de 2026 a las 4:30:00 UTC-3","29 de agosto de 2026 a las 8:10:00 UTC-3","hardrock bet","./explore?q=hardrock%20bet&geo=US"
"vladimir putin","1 mil+","28 de agosto de 2026 a las 21:00:00 UTC-3","28 de agosto de 2026 a las 23:50:00 UTC-3","vladimir putin","./explore?q=vladimir%20putin&geo=US"
"yordan álvarez","500+","29 de agosto de 2026 a las 19:50:00 UTC-3","29 de agosto de 2026 a las 21:00:00 UTC-3","yordan álvarez","./explore?q=yordan%20%C3%A1lvarez&geo=US"
"benny johnson","200+","29 de agosto de 2026 a las 22:10:00 UTC-3","29 de agosto de 2026 a las 23:20:00 UTC-3","benny johnson","./explore?q=benny%20johnson&geo=US"
"bryce eldridge","1 mil+","28 de agosto de 2026 a las 23:50:00 UTC-3","29 de agosto de 2026 a las 3:20:00 UTC-3","bryce eldridge","./explore?q=bryce%20eldridge&geo=US"
"the last sunrise cast","1 mil+","28 de agosto de 2026 a las 23:30:00 UTC-3","29 de agosto de 2026 a las 4:20:00 UTC-3","the last sunrise cast","./explore?q=the%20last%20sunrise%20cast&geo=US"
"what moon is tonight","1 mil+","28 de agosto de 2026 a las 21:40:00 UTC-3","28 de agosto de 2026 a las 23:30:00 UTC-3","what moon is tonight,moon phase tonight","./explore?q=what%20moon%20is%20tonight&geo=US"
"cameron young","1 mil+","28 de agosto de 2026 a las 14:10:00 UTC-3","28 de agosto de 2026 a las 18:30:00 UTC-3","cameron young","./explore?q=cameron%20young&geo=US"
"gate","500+","29 de agosto de 2026 a las 4:30:00 UTC-3","29 de agosto de 2026 a las 8:10:00 UTC-3","gate","./explore?q=gate&geo=US"
"fool.com","200+","29 de agosto de 2026 a las 4:20:00 UTC-3","29 de agosto de 2026 a las 8:30:00 UTC-3","fool.com","./explore?q=fool.com&geo=US"
"chip trayanum","1 mil+","28 de agosto de 2026 a las 20:50:00 UTC-3","29 de agosto de 2026 a las 0:30:00 UTC-3","chip trayanum","./explore?q=chip%20trayanum&geo=US"
"aaliyah edwards","1 mil+","28 de agosto de 2026 a las 21:20:00 UTC-3","28 de agosto de 2026 a las 23:20:00 UTC-3","aaliyah edwards,raegan beers","./explore?q=aaliyah%20edwards&geo=US"
"chad powers","1 mil+","29 de agosto de 2026 a las 1:00:00 UTC-3","29 de agosto de 2026 a las 5:00:00 UTC-3","chad powers","./explore?q=chad%20powers&geo=US"
"mateus fernandes","500+","29 de agosto de 2026 a las 13:50:00 UTC-3","29 de agosto de 2026 a las 15:50:00 UTC-3","mateus fernandes","./explore?q=mateus%20fernandes&geo=US"
"nfl plus","1 mil+","28 de agosto de 2026 a las 20:40:00 UTC-3","28 de agosto de 2026 a las 22:10:00 UTC-3","nfl plus","./explore?q=nfl%20plus&geo=US"
"theo von","200+","29 de agosto de 2026 a las 23:10:00 UTC-3","30 de agosto de 2026 a las 0:20:00 UTC-3","theo von","./explore?q=theo%20von&geo=US"
"ryan johnson","200+","29 de agosto de 2026 a las 23:50:00 UTC-3","30 de agosto de 2026 a las 1:00:00 UTC-3","ryan johnson","./explore?q=ryan%20johnson&geo=US"
"weapons","100+","30 de agosto de 2026 a las 4:00:00 UTC-3","30 de agosto de 2026 a las 5:10:00 UTC-3","weapons","./explore?q=weapons&geo=US"
"presidents cup 2026","500+","29 de agosto de 2026 a las 15:50:00 UTC-3","29 de agosto de 2026 a las 19:40:00 UTC-3","presidents cup 2026","./explore?q=presidents%20cup%202026&geo=US"
"mystics","1 mil+","28 de agosto de 2026 a las 23:30:00 UTC-3","29 de agosto de 2026 a las 2:00:00 UTC-3","mystics","./explore?q=mystics&geo=US"
"sean o'malley","500+","29 de agosto de 2026 a las 9:50:00 UTC-3","29 de agosto de 2026 a las 15:20:00 UTC-3","sean o'malley","./explore?q=sean%20o%27malley&geo=US"
"kentrel bullock","1 mil+","28 de agosto de 2026 a las 23:40:00 UTC-3","29 de agosto de 2026 a las 2:00:00 UTC-3","kentrel bullock","./explore?q=kentrel%20bullock&geo=US"
"imran khan","500+","29 de agosto de 2026 a las 0:30:00 UTC-3","29 de agosto de 2026 a las 4:10:00 UTC-3","imran khan","./explore?q=imran%20khan&geo=US"
"tatum paxley","1 mil+","28 de agosto de 2026 a las 22:20:00 UTC-3","28 de agosto de 2026 a las 23:30:00 UTC-3","tatum paxley,smackdown,smackdown results","./explore?q=tatum%20paxley&geo=US"
"the motley fool","500+","29 de agosto de 2026 a las 4:20:00 UTC-3","29 de agosto de 2026 a las 8:30:00 UTC-3","the motley fool,themotleyfool","./explore?q=the%20motley%20fool&geo=US"
"daniel suárez","200+","29 de agosto de 2026 a las 23:30:00 UTC-3","30 de agosto de 2026 a las 0:30:00 UTC-3","daniel suárez","./explore?q=daniel%20su%C3%A1rez&geo=US"
"pumas","1 mil+","29 de agosto de 2026 a las 0:50:00 UTC-3","29 de agosto de 2026 a las 2:50:00 UTC-3","pumas","./explore?q=pumas&geo=US"
"criminal lawyer","500+","29 de agosto de 2026 a las 7:40:00 UTC-3","29 de agosto de 2026 a las 9:20:00 UTC-3","criminal lawyer","./explore?q=criminal%20lawyer&geo=US"
"cj carr","500+","29 de agosto de 2026 a las 12:00:00 UTC-3","29 de agosto de 2026 a las 13:50:00 UTC-3","cj carr","./explore?q=cj%20carr&geo=US"
"west ham","500+","29 de agosto de 2026 a las 11:20:00 UTC-3","29 de agosto de 2026 a las 12:30:00 UTC-3","west ham","./explore?q=west%20ham&geo=US"
"john madden","500+","29 de agosto de 2026 a las 0:20:00 UTC-3","29 de agosto de 2026 a las 3:30:00 UTC-3","john madden","./explore?q=john%20madden&geo=US"
"pumas vs","500+","29 de agosto de 2026 a las 0:30:00 UTC-3","29 de agosto de 2026 a las 3:00:00 UTC-3","pumas vs","./explore?q=pumas%20vs&geo=US"
"yassir zabiri","1 mil+","28 de agosto de 2026 a las 14:40:00 UTC-3","28 de agosto de 2026 a las 16:50:00 UTC-3","yassir zabiri","./explore?q=yassir%20zabiri&geo=US"
"kittens found in duffel bag","1 mil+","28 de agosto de 2026 a las 19:00:00 UTC-3","28 de agosto de 2026 a las 21:40:00 UTC-3","kittens found in duffel bag","./explore?q=kittens%20found%20in%20duffel%20bag&geo=US"
"hirving lozano","200+","30 de agosto de 2026 a las 1:40:00 UTC-3","30 de agosto de 2026 a las 2:40:00 UTC-3","hirving lozano","./explore?q=hirving%20lozano&geo=US"
"lpga leaderboard","500+","29 de agosto de 2026 a las 16:40:00 UTC-3","29 de agosto de 2026 a las 18:10:00 UTC-3","lpga leaderboard","./explore?q=lpga%20leaderboard&geo=US"
"seiya suzuki","500+","29 de agosto de 2026 a las 18:10:00 UTC-3","29 de agosto de 2026 a las 19:20:00 UTC-3","seiya suzuki","./explore?q=seiya%20suzuki&geo=US"
"cbs","1 mil+","28 de agosto de 2026 a las 21:00:00 UTC-3","28 de agosto de 2026 a las 22:20:00 UTC-3","cbs","./explore?q=cbs&geo=US"
"liam delap","500+","29 de agosto de 2026 a las 9:50:00 UTC-3","29 de agosto de 2026 a las 11:20:00 UTC-3","liam delap","./explore?q=liam%20delap&geo=US"
"svengoolie","500+","29 de agosto de 2026 a las 23:20:00 UTC-3","30 de agosto de 2026 a las 0:00:00 UTC-3","svengoolie","./explore?q=svengoolie&geo=US"
"rugbypass tv","1 mil+","29 de agosto de 2026 a las 12:00:00 UTC-3","29 de agosto de 2026 a las 13:20:00 UTC-3","rugbypass tv,rugby pass tv","./explore?q=rugbypass%20tv&geo=US"
"tyler loop","1 mil+","28 de agosto de 2026 a las 20:00:00 UTC-3","28 de agosto de 2026 a las 22:10:00 UTC-3","tyler loop","./explore?q=tyler%20loop&geo=US"
"barion brown","1 mil+","28 de agosto de 2026 a las 21:40:00 UTC-3","28 de agosto de 2026 a las 23:40:00 UTC-3","barion brown","./explore?q=barion%20brown&geo=US"
"kei nishikori","1 mil+","28 de agosto de 2026 a las 14:00:00 UTC-3","28 de agosto de 2026 a las 16:00:00 UTC-3","kei nishikori,rei sakamoto","./explore?q=kei%20nishikori&geo=US"
"ray","1 mil+","28 de agosto de 2026 a las 13:40:00 UTC-3","28 de agosto de 2026 a las 16:00:00 UTC-3","ray","./explore?q=ray&geo=US"
"george clooney","500+","29 de agosto de 2026 a las 0:30:00 UTC-3","29 de agosto de 2026 a las 4:10:00 UTC-3","george clooney","./explore?q=george%20clooney&geo=US"
"venus williams","500+","29 de agosto de 2026 a las 17:30:00 UTC-3","29 de agosto de 2026 a las 18:10:00 UTC-3","venus williams","./explore?q=venus%20williams&geo=US"
"rich rowland former mlb catcher","1 mil+","28 de agosto de 2026 a las 17:40:00 UTC-3","28 de agosto de 2026 a las 22:10:00 UTC-3","rich rowland former mlb catcher","./explore?q=rich%20rowland%20former%20mlb%20catcher&geo=US"
"ship","1 mil+","28 de agosto de 2026 a las 21:10:00 UTC-3","29 de agosto de 2026 a las 7:50:00 UTC-3","ship","./explore?q=ship&geo=US"
"curry barker","200+","30 de agosto de 2026 a las 1:10:00 UTC-3","30 de agosto de 2026 a las 2:10:00 UTC-3","curry barker","./explore?q=curry%20barker&geo=US"
"d'ernest johnson","500+","29 de agosto de 2026 a las 22:10:00 UTC-3","29 de agosto de 2026 a las 22:50:00 UTC-3","d'ernest johnson","./explore?q=d%27ernest%20johnson&geo=US"
"east st louis football","1 mil+","28 de agosto de 2026 a las 23:20:00 UTC-3","29 de agosto de 2026 a las 1:50:00 UTC-3","east st louis football","./explore?q=east%20st%20louis%20football&geo=US"
"reds - cubs","500+","29 de agosto de 2026 a las 15:10:00 UTC-3","29 de agosto de 2026 a las 19:00:00 UTC-3","reds - cubs","./explore?q=reds%20-%20cubs&geo=US"
"usa network","1 mil+","29 de agosto de 2026 a las 8:50:00 UTC-3","29 de agosto de 2026 a las 9:40:00 UTC-3","usa network","./explore?q=usa%20network&geo=US"
"tigers game today","500+","29 de agosto de 2026 a las 17:00:00 UTC-3","29 de agosto de 2026 a las 18:10:00 UTC-3","tigers game today","./explore?q=tigers%20game%20today&geo=US"
"xavier gipson","500+","28 de agosto de 2026 a las 23:20:00 UTC-3","29 de agosto de 2026 a las 1:10:00 UTC-3","xavier gipson","./explore?q=xavier%20gipson&geo=US"
"denver broncos schedule","1 mil+","28 de agosto de 2026 a las 22:00:00 UTC-3","29 de agosto de 2026 a las 1:50:00 UTC-3","denver broncos schedule","./explore?q=denver%20broncos%20schedule&geo=US"
"jaylen mcgill","500+","29 de agosto de 2026 a las 13:40:00 UTC-3","29 de agosto de 2026 a las 14:50:00 UTC-3","jaylen mcgill","./explore?q=jaylen%20mcgill&geo=US"
"zach charbonnet","200+","29 de agosto de 2026 a las 22:00:00 UTC-3","29 de agosto de 2026 a las 23:00:00 UTC-3","zach charbonnet","./explore?q=zach%20charbonnet&geo=US"
"black panther","500+","29 de agosto de 2026 a las 20:30:00 UTC-3","29 de agosto de 2026 a las 21:20:00 UTC-3","black panther","./explore?q=black%20panther&geo=US"
"james gunn","200+","29 de agosto de 2026 a las 6:30:00 UTC-3","29 de agosto de 2026 a las 9:30:00 UTC-3","james gunn","./explore?q=james%20gunn&geo=US"
"fubotv","1 mil+","28 de agosto de 2026 a las 21:20:00 UTC-3","29 de agosto de 2026 a las 9:30:00 UTC-3","fubotv","./explore?q=fubotv&geo=US"
"fan duel","200+","29 de agosto de 2026 a las 5:10:00 UTC-3","29 de agosto de 2026 a las 8:00:00 UTC-3","fan duel","./explore?q=fan%20duel&geo=US"
"posiciones de junior de barranquilla contra independiente santa fe","200+","29 de agosto de 2026 a las 23:10:00 UTC-3","29 de agosto de 2026 a las 23:50:00 UTC-3","posiciones de junior de barranquilla contra independiente santa fe","./explore?q=posiciones%20de%20junior%20de%20barranquilla%20contra%20independiente%20santa%20fe&geo=US"
"austin hill","200+","29 de agosto de 2026 a las 21:20:00 UTC-3","29 de agosto de 2026 a las 22:10:00 UTC-3","austin hill","./explore?q=austin%20hill&geo=US"
"dontae mcmillan","1 mil+","28 de agosto de 2026 a las 21:50:00 UTC-3","28 de agosto de 2026 a las 23:40:00 UTC-3","dontae mcmillan","./explore?q=dontae%20mcmillan&geo=US"
"ghsa football scores","500+","28 de agosto de 2026 a las 23:10:00 UTC-3","29 de agosto de 2026 a las 9:00:00 UTC-3","ghsa football scores","./explore?q=ghsa%20football%20scores&geo=US"
"zion williamson","200+","29 de agosto de 2026 a las 2:30:00 UTC-3","29 de agosto de 2026 a las 5:40:00 UTC-3","zion williamson","./explore?q=zion%20williamson&geo=US"
"kevin keegan","500+","29 de agosto de 2026 a las 8:30:00 UTC-3","29 de agosto de 2026 a las 9:30:00 UTC-3","kevin keegan","./explore?q=kevin%20keegan&geo=US"
"amanda seyfried","200+","30 de agosto de 2026 a las 2:10:00 UTC-3","30 de agosto de 2026 a las 3:00:00 UTC-3","amanda seyfried","./explore?q=amanda%20seyfried&geo=US"
"bijan robinson","1 mil+","29 de agosto de 2026 a las 15:30:00 UTC-3","29 de agosto de 2026 a las 16:30:00 UTC-3","bijan robinson","./explore?q=bijan%20robinson&geo=US"
"shane drohan","200+","29 de agosto de 2026 a las 20:50:00 UTC-3","29 de agosto de 2026 a las 21:50:00 UTC-3","shane drohan","./explore?q=shane%20drohan&geo=US"
"michael block","200+","29 de agosto de 2026 a las 19:10:00 UTC-3","29 de agosto de 2026 a las 20:20:00 UTC-3","michael block","./explore?q=michael%20block&geo=US"
"braxton berrios","1 mil+","28 de agosto de 2026 a las 21:00:00 UTC-3","28 de agosto de 2026 a las 22:50:00 UTC-3","braxton berrios","./explore?q=braxton%20berrios&geo=US"
"joe flacco","1 mil+","28 de agosto de 2026 a las 21:50:00 UTC-3","28 de agosto de 2026 a las 23:10:00 UTC-3","joe flacco","./explore?q=joe%20flacco&geo=US"
"buck martinez","200+","29 de agosto de 2026 a las 16:40:00 UTC-3","29 de agosto de 2026 a las 17:50:00 UTC-3","buck martinez","./explore?q=buck%20martinez&geo=US"
"first nfl game 2026","1 mil+","28 de agosto de 2026 a las 21:20:00 UTC-3","29 de agosto de 2026 a las 0:00:00 UTC-3","first nfl game 2026","./explore?q=first%20nfl%20game%202026&geo=US"
"mark martin","200+","29 de agosto de 2026 a las 20:50:00 UTC-3","29 de agosto de 2026 a las 21:50:00 UTC-3","mark martin","./explore?q=mark%20martin&geo=US"
"invincible","500+","29 de agosto de 2026 a las 1:20:00 UTC-3","29 de agosto de 2026 a las 4:00:00 UTC-3","invincible","./explore?q=invincible&geo=US"
"josh brolin","500+","29 de agosto de 2026 a las 1:00:00 UTC-3","29 de agosto de 2026 a las 4:20:00 UTC-3","josh brolin","./explore?q=josh%20brolin&geo=US"
"washington mystics","500+","28 de agosto de 2026 a las 23:50:00 UTC-3","29 de agosto de 2026 a las 1:40:00 UTC-3","washington mystics","./explore?q=washington%20mystics&geo=US"
"wisconsin volleyball","500+","28 de agosto de 2026 a las 23:10:00 UTC-3","29 de agosto de 2026 a las 0:50:00 UTC-3","wisconsin volleyball","./explore?q=wisconsin%20volleyball&geo=US"
"ben dhiman","500+","29 de agosto de 2026 a las 9:20:00 UTC-3","29 de agosto de 2026 a las 11:10:00 UTC-3","ben dhiman","./explore?q=ben%20dhiman&geo=US"
"garrett nussmeier","1 mil+","28 de agosto de 2026 a las 23:50:00 UTC-3","29 de agosto de 2026 a las 0:50:00 UTC-3","garrett nussmeier,nussmeier","./explore?q=garrett%20nussmeier&geo=US"
"ludvig åberg","200+","29 de agosto de 2026 a las 18:50:00 UTC-3","29 de agosto de 2026 a las 19:50:00 UTC-3","ludvig åberg","./explore?q=ludvig%20%C3%A5berg&geo=US"
"flood restoration","200+","29 de agosto de 2026 a las 10:30:00 UTC-3","29 de agosto de 2026 a las 11:40:00 UTC-3","flood restoration","./explore?q=flood%20restoration&geo=US"
"weston mckennie","200+","29 de agosto de 2026 a las 16:00:00 UTC-3","29 de agosto de 2026 a las 18:10:00 UTC-3","weston mckennie","./explore?q=weston%20mckennie&geo=US"
"keider montero","200+","29 de agosto de 2026 a las 15:00:00 UTC-3","29 de agosto de 2026 a las 16:10:00 UTC-3","keider montero","./explore?q=keider%20montero&geo=US"
"deportivo alavés vs villarreal cf standings","1 mil+","28 de agosto de 2026 a las 18:40:00 UTC-3","28 de agosto de 2026 a las 19:50:00 UTC-3","deportivo alavés vs villarreal cf standings,alaves vs villarreal","./explore?q=deportivo%20alav%C3%A9s%20vs%20villarreal%20cf%20standings&geo=US"
"zed vs al ahly","1 mil+","28 de agosto de 2026 a las 14:20:00 UTC-3","28 de agosto de 2026 a las 17:10:00 UTC-3","zed vs al ahly","./explore?q=zed%20vs%20al%20ahly&geo=US"
"darian mensah","200+","29 de agosto de 2026 a las 12:00:00 UTC-3","29 de agosto de 2026 a las 13:10:00 UTC-3","darian mensah","./explore?q=darian%20mensah&geo=US"
"seth lonsway","200+","29 de agosto de 2026 a las 19:20:00 UTC-3","29 de agosto de 2026 a las 20:10:00 UTC-3","seth lonsway","./explore?q=seth%20lonsway&geo=US"
"erik lira","500+","28 de agosto de 2026 a las 19:30:00 UTC-3","28 de agosto de 2026 a las 21:30:00 UTC-3","erik lira","./explore?q=erik%20lira&geo=US"
"agent ai","200+","29 de agosto de 2026 a las 5:30:00 UTC-3","29 de agosto de 2026 a las 8:00:00 UTC-3","agent ai","./explore?q=agent%20ai&geo=US"
"la sparks","500+","29 de agosto de 2026 a las 0:20:00 UTC-3","29 de agosto de 2026 a las 1:50:00 UTC-3","la sparks","./explore?q=la%20sparks&geo=US"
"igor jesus","200+","29 de agosto de 2026 a las 9:10:00 UTC-3","29 de agosto de 2026 a las 10:40:00 UTC-3","igor jesus","./explore?q=igor%20jesus&geo=US"
"fsu qb","200+","29 de agosto de 2026 a las 20:50:00 UTC-3","29 de agosto de 2026 a las 21:40:00 UTC-3","fsu qb","./explore?q=fsu%20qb&geo=US"
"queen elizabeth","100+","30 de agosto de 2026 a las 4:20:00 UTC-3","30 de agosto de 2026 a las 5:10:00 UTC-3","queen elizabeth","./explore?q=queen%20elizabeth&geo=US"
"fire restoration","200+","29 de agosto de 2026 a las 11:00:00 UTC-3","29 de agosto de 2026 a las 12:10:00 UTC-3","fire restoration","./explore?q=fire%20restoration&geo=US"
"stefon diggs","1 mil+","28 de agosto de 2026 a las 21:20:00 UTC-3","28 de agosto de 2026 a las 23:20:00 UTC-3","stefon diggs","./explore?q=stefon%20diggs&geo=US"
"brandon aubrey","500+","28 de agosto de 2026 a las 22:20:00 UTC-3","28 de agosto de 2026 a las 23:30:00 UTC-3","brandon aubrey","./explore?q=brandon%20aubrey&geo=US"
"simi fehoko","500+","29 de agosto de 2026 a las 0:00:00 UTC-3","29 de agosto de 2026 a las 1:40:00 UTC-3","simi fehoko","./explore?q=simi%20fehoko&geo=US"
"austin weather","500+","28 de agosto de 2026 a las 19:50:00 UTC-3","28 de agosto de 2026 a las 22:10:00 UTC-3","austin weather","./explore?q=austin%20weather&geo=US"
"adam randall","500+","28 de agosto de 2026 a las 20:30:00 UTC-3","28 de agosto de 2026 a las 22:40:00 UTC-3","adam randall","./explore?q=adam%20randall&geo=US"
"andrew benintendi","500+","29 de agosto de 2026 a las 17:10:00 UTC-3","29 de agosto de 2026 a las 17:50:00 UTC-3","andrew benintendi","./explore?q=andrew%20benintendi&geo=US"
"ethan mbappé","500+","28 de agosto de 2026 a las 16:20:00 UTC-3","28 de agosto de 2026 a las 18:20:00 UTC-3","ethan mbappé","./explore?q=ethan%20mbapp%C3%A9&geo=US"
"mr t","500+","28 de agosto de 2026 a las 21:30:00 UTC-3","28 de agosto de 2026 a las 22:40:00 UTC-3","mr t","./explore?q=mr%20t&geo=US"
"astros standings","1 mil+","28 de agosto de 2026 a las 23:10:00 UTC-3","29 de agosto de 2026 a las 0:30:00 UTC-3","astros standings,christian scott","./explore?q=astros%20standings&geo=US"
"josh hoover","200+","29 de agosto de 2026 a las 14:00:00 UTC-3","29 de agosto de 2026 a las 15:10:00 UTC-3","josh hoover","./explore?q=josh%20hoover&geo=US"
"mallorca","200+","30 de agosto de 2026 a las 1:40:00 UTC-3","30 de agosto de 2026 a las 2:10:00 UTC-3","mallorca","./explore?q=mallorca&geo=US"
"ken paxton","200+","29 de agosto de 2026 a las 14:50:00 UTC-3","29 de agosto de 2026 a las 16:00:00 UTC-3","ken paxton","./explore?q=ken%20paxton&geo=US"
"aliyah boston","500+","28 de agosto de 2026 a las 22:30:00 UTC-3","28 de agosto de 2026 a las 23:20:00 UTC-3","aliyah boston","./explore?q=aliyah%20boston&geo=US"
"chris bell","500+","28 de agosto de 2026 a las 20:30:00 UTC-3","28 de agosto de 2026 a las 22:10:00 UTC-3","chris bell","./explore?q=chris%20bell&geo=US"
"accident lawyer","200+","29 de agosto de 2026 a las 4:00:00 UTC-3","29 de agosto de 2026 a las 6:50:00 UTC-3","accident lawyer","./explore?q=accident%20lawyer&geo=US"
"cooper kupp","500+","28 de agosto de 2026 a las 23:40:00 UTC-3","29 de agosto de 2026 a las 0:50:00 UTC-3","cooper kupp","./explore?q=cooper%20kupp&geo=US"
"disney+","1 mil+","29 de agosto de 2026 a las 13:30:00 UTC-3","29 de agosto de 2026 a las 14:00:00 UTC-3","disney+","./explore?q=disney%2B&geo=US"
"brewers standings","500+","28 de agosto de 2026 a las 23:30:00 UTC-3","29 de agosto de 2026 a las 0:40:00 UTC-3","brewers standings","./explore?q=brewers%20standings&geo=US"
"dohnte meyers","500+","28 de agosto de 2026 a las 21:20:00 UTC-3","28 de agosto de 2026 a las 22:30:00 UTC-3","dohnte meyers","./explore?q=dohnte%20meyers&geo=US"
"reid detmers","500+","28 de agosto de 2026 a las 23:10:00 UTC-3","29 de agosto de 2026 a las 0:40:00 UTC-3","reid detmers","./explore?q=reid%20detmers&geo=US"
"selena","500+","29 de agosto de 2026 a las 1:00:00 UTC-3","29 de agosto de 2026 a las 3:00:00 UTC-3","selena","./explore?q=selena&geo=US"
"nwsl","500+","28 de agosto de 2026 a las 23:10:00 UTC-3","29 de agosto de 2026 a las 0:20:00 UTC-3","nwsl","./explore?q=nwsl&geo=US"
"jonathan ward","500+","28 de agosto de 2026 a las 21:30:00 UTC-3","28 de agosto de 2026 a las 22:50:00 UTC-3","jonathan ward","./explore?q=jonathan%20ward&geo=US"
"john cena","200+","29 de agosto de 2026 a las 8:00:00 UTC-3","29 de agosto de 2026 a las 11:00:00 UTC-3","john cena","./explore?q=john%20cena&geo=US"
"cody rhodes","500+","28 de agosto de 2026 a las 22:00:00 UTC-3","28 de agosto de 2026 a las 23:10:00 UTC-3","cody rhodes,randy orton","./explore?q=cody%20rhodes&geo=US"
"deuce vaughn","500+","28 de agosto de 2026 a las 20:50:00 UTC-3","28 de agosto de 2026 a las 23:10:00 UTC-3","deuce vaughn","./explore?q=deuce%20vaughn&geo=US"
"cbc","500+","29 de agosto de 2026 a las 8:30:00 UTC-3","29 de agosto de 2026 a las 18:20:00 UTC-3","cbc","./explore?q=cbc&geo=US"
"justin topa","200+","29 de agosto de 2026 a las 16:00:00 UTC-3","29 de agosto de 2026 a las 16:50:00 UTC-3","justin topa","./explore?q=justin%20topa&geo=US"
"andre sam","500+","28 de agosto de 2026 a las 23:10:00 UTC-3","29 de agosto de 2026 a las 0:20:00 UTC-3","andre sam","./explore?q=andre%20sam&geo=US"
"xavier brown","200+","29 de agosto de 2026 a las 17:50:00 UTC-3","29 de agosto de 2026 a las 18:30:00 UTC-3","xavier brown","./explore?q=xavier%20brown&geo=US"
"derrick henry","500+","28 de agosto de 2026 a las 20:10:00 UTC-3","28 de agosto de 2026 a las 22:40:00 UTC-3","derrick henry","./explore?q=derrick%20henry&geo=US"
"danny jansen","500+","28 de agosto de 2026 a las 21:20:00 UTC-3","28 de agosto de 2026 a las 23:20:00 UTC-3","danny jansen","./explore?q=danny%20jansen&geo=US"
"portland thorns vs gotham fc standings","500+","28 de agosto de 2026 a las 23:30:00 UTC-3","29 de agosto de 2026 a las 0:50:00 UTC-3","portland thorns vs gotham fc standings","./explore?q=portland%20thorns%20vs%20gotham%20fc%20standings&geo=US"
"ben simmons","200+","29 de agosto de 2026 a las 1:50:00 UTC-3","29 de agosto de 2026 a las 3:00:00 UTC-3","ben simmons","./explore?q=ben%20simmons&geo=US"
"bts concert chicago","500+","28 de agosto de 2026 a las 18:50:00 UTC-3","28 de agosto de 2026 a las 20:20:00 UTC-3","bts concert chicago","./explore?q=bts%20concert%20chicago&geo=US"
"atlanta weather","200+","29 de agosto de 2026 a las 9:00:00 UTC-3","29 de agosto de 2026 a las 10:20:00 UTC-3","atlanta weather","./explore?q=atlanta%20weather&geo=US"
"nl mvp odds","200+","29 de agosto de 2026 a las 18:20:00 UTC-3","29 de agosto de 2026 a las 19:00:00 UTC-3","nl mvp odds","./explore?q=nl%20mvp%20odds&geo=US"
"ben joyce","500+","29 de agosto de 2026 a las 1:10:00 UTC-3","29 de agosto de 2026 a las 2:30:00 UTC-3","ben joyce","./explore?q=ben%20joyce&geo=US"
"rugbypass","200+","29 de agosto de 2026 a las 12:00:00 UTC-3","29 de agosto de 2026 a las 13:00:00 UTC-3","rugbypass","./explore?q=rugbypass&geo=US"
"fc bayern munich","500+","28 de agosto de 2026 a las 16:00:00 UTC-3","28 de agosto de 2026 a las 17:50:00 UTC-3","fc bayern munich","./explore?q=fc%20bayern%20munich&geo=US"
"william contreras","200+","29 de agosto de 2026 a las 21:10:00 UTC-3","29 de agosto de 2026 a las 21:40:00 UTC-3","william contreras","./explore?q=william%20contreras&geo=US"
"nl east standings","200+","29 de agosto de 2026 a las 8:00:00 UTC-3","29 de agosto de 2026 a las 9:30:00 UTC-3","nl east standings","./explore?q=nl%20east%20standings&geo=US"
"quentin tarantino","200+","29 de agosto de 2026 a las 1:00:00 UTC-3","29 de agosto de 2026 a las 2:10:00 UTC-3","quentin tarantino","./explore?q=quentin%20tarantino&geo=US"
"omari hutchinson","200+","29 de agosto de 2026 a las 16:50:00 UTC-3","29 de agosto de 2026 a las 17:30:00 UTC-3","omari hutchinson","./explore?q=omari%20hutchinson&geo=US"
"raúl jiménez","200+","29 de agosto de 2026 a las 10:40:00 UTC-3","29 de agosto de 2026 a las 11:40:00 UTC-3","raúl jiménez","./explore?q=ra%C3%BAl%20jim%C3%A9nez&geo=US"
"tom selleck","200+","29 de agosto de 2026 a las 0:10:00 UTC-3","29 de agosto de 2026 a las 1:20:00 UTC-3","tom selleck","./explore?q=tom%20selleck&geo=US"
"dave matthews","200+","29 de agosto de 2026 a las 2:10:00 UTC-3","29 de agosto de 2026 a las 3:20:00 UTC-3","dave matthews","./explore?q=dave%20matthews&geo=US"
"lars nootbaar","500+","28 de agosto de 2026 a las 23:50:00 UTC-3","29 de agosto de 2026 a las 2:50:00 UTC-3","lars nootbaar","./explore?q=lars%20nootbaar&geo=US"
"salt bowl 2026","200+","29 de agosto de 2026 a las 0:00:00 UTC-3","29 de agosto de 2026 a las 1:10:00 UTC-3","salt bowl 2026","./explore?q=salt%20bowl%202026&geo=US"
"braxton roxby","200+","29 de agosto de 2026 a las 2:10:00 UTC-3","29 de agosto de 2026 a las 3:10:00 UTC-3","braxton roxby","./explore?q=braxton%20roxby&geo=US"
"cuándo juega el barcelona","200+","29 de agosto de 2026 a las 11:40:00 UTC-3","29 de agosto de 2026 a las 12:40:00 UTC-3","cuándo juega el barcelona","./explore?q=cu%C3%A1ndo%20juega%20el%20barcelona&geo=US"
"kenneth walker","500+","28 de agosto de 2026 a las 21:50:00 UTC-3","28 de agosto de 2026 a las 22:30:00 UTC-3","kenneth walker","./explore?q=kenneth%20walker&geo=US"
"sonia citron","200+","29 de agosto de 2026 a las 0:50:00 UTC-3","29 de agosto de 2026 a las 1:50:00 UTC-3","sonia citron","./explore?q=sonia%20citron&geo=US"
"harry kane","500+","28 de agosto de 2026 a las 17:30:00 UTC-3","28 de agosto de 2026 a las 18:30:00 UTC-3","harry kane","./explore?q=harry%20kane&geo=US"
"al fateh vs al-ittihad","200+","29 de agosto de 2026 a las 15:00:00 UTC-3","29 de agosto de 2026 a las 15:40:00 UTC-3","al fateh vs al-ittihad","./explore?q=al%20fateh%20vs%20al-ittihad&geo=US"
"play store","200+","29 de agosto de 2026 a las 2:20:00 UTC-3","29 de agosto de 2026 a las 6:30:00 UTC-3","play store","./explore?q=play%20store&geo=US"
"nicolás gonzález","200+","29 de agosto de 2026 a las 17:50:00 UTC-3","29 de agosto de 2026 a las 18:20:00 UTC-3","nicolás gonzález","./explore?q=nicol%C3%A1s%20gonz%C3%A1lez&geo=US"
"ayyoub bouaddi","500+","28 de agosto de 2026 a las 17:50:00 UTC-3","28 de agosto de 2026 a las 18:50:00 UTC-3","ayyoub bouaddi","./explore?q=ayyoub%20bouaddi&geo=US"
"al sharpton","200+","28 de agosto de 2026 a las 20:10:00 UTC-3","28 de agosto de 2026 a las 21:20:00 UTC-3","al sharpton","./explore?q=al%20sharpton&geo=US"
"david bednar","200+","28 de agosto de 2026 a las 23:00:00 UTC-3","29 de agosto de 2026 a las 0:00:00 UTC-3","david bednar","./explore?q=david%20bednar&geo=US"
"eugenio suárez","200+","29 de agosto de 2026 a las 16:20:00 UTC-3","29 de agosto de 2026 a las 16:50:00 UTC-3","eugenio suárez","./explore?q=eugenio%20su%C3%A1rez&geo=US"
"usa","500+","28 de agosto de 2026 a las 16:10:00 UTC-3","28 de agosto de 2026 a las 17:10:00 UTC-3","usa","./explore?q=usa&geo=US"
"creighton volleyball","200+","28 de agosto de 2026 a las 22:00:00 UTC-3","28 de agosto de 2026 a las 23:10:00 UTC-3","creighton volleyball","./explore?q=creighton%20volleyball&geo=US"
"engagement rings","100+","29 de agosto de 2026 a las 5:50:00 UTC-3","29 de agosto de 2026 a las 7:00:00 UTC-3","engagement rings","./explore?q=engagement%20rings&geo=US"
"los angeles rams","500+","28 de agosto de 2026 a las 18:10:00 UTC-3","28 de agosto de 2026 a las 19:10:00 UTC-3","los angeles rams","./explore?q=los%20angeles%20rams&geo=US"
"liga inglesa","200+","29 de agosto de 2026 a las 10:40:00 UTC-3","29 de agosto de 2026 a las 11:40:00 UTC-3","liga inglesa","./explore?q=liga%20inglesa&geo=US"
"la vuelta","200+","29 de agosto de 2026 a las 13:00:00 UTC-3","29 de agosto de 2026 a las 13:40:00 UTC-3","la vuelta","./explore?q=la%20vuelta&geo=US"
"andrew painter","500+","28 de agosto de 2026 a las 23:20:00 UTC-3","29 de agosto de 2026 a las 0:00:00 UTC-3","andrew painter","./explore?q=andrew%20painter&geo=US"
"rashee rice","200+","28 de agosto de 2026 a las 21:50:00 UTC-3","28 de agosto de 2026 a las 23:00:00 UTC-3","rashee rice","./explore?q=rashee%20rice&geo=US"
"gardner minshew","500+","28 de agosto de 2026 a las 21:40:00 UTC-3","28 de agosto de 2026 a las 22:20:00 UTC-3","gardner minshew","./explore?q=gardner%20minshew&geo=US"
"college football tonight","200+","28 de agosto de 2026 a las 19:00:00 UTC-3","28 de agosto de 2026 a las 20:10:00 UTC-3","college football tonight","./explore?q=college%20football%20tonight&geo=US"
"cole campbell","200+","29 de agosto de 2026 a las 11:10:00 UTC-3","29 de agosto de 2026 a las 11:50:00 UTC-3","cole campbell","./explore?q=cole%20campbell&geo=US"
"fantasy pros","500+","28 de agosto de 2026 a las 20:40:00 UTC-3","28 de agosto de 2026 a las 21:40:00 UTC-3","fantasy pros","./explore?q=fantasy%20pros&geo=US"
"giants depth chart","500+","28 de agosto de 2026 a las 21:20:00 UTC-3","28 de agosto de 2026 a las 22:10:00 UTC-3","giants depth chart","./explore?q=giants%20depth%20chart&geo=US"
"cameron diaz","200+","29 de agosto de 2026 a las 12:20:00 UTC-3","29 de agosto de 2026 a las 12:50:00 UTC-3","cameron diaz","./explore?q=cameron%20diaz&geo=US"
"leon","200+","29 de agosto de 2026 a las 0:40:00 UTC-3","29 de agosto de 2026 a las 1:40:00 UTC-3","leon","./explore?q=leon&geo=US"
"nene royal","500+","28 de agosto de 2026 a las 22:50:00 UTC-3","28 de agosto de 2026 a las 23:20:00 UTC-3","nene royal","./explore?q=nene%20royal&geo=US"
"zavier gozo","500+","28 de agosto de 2026 a las 17:40:00 UTC-3","28 de agosto de 2026 a las 18:30:00 UTC-3","zavier gozo","./explore?q=zavier%20gozo&geo=US"
"tv app","200+","28 de agosto de 2026 a las 21:00:00 UTC-3","28 de agosto de 2026 a las 22:00:00 UTC-3","tv app","./explore?q=tv%20app&geo=US"
"ronnie bell","200+","29 de agosto de 2026 a las 0:00:00 UTC-3","29 de agosto de 2026 a las 1:00:00 UTC-3","ronnie bell","./explore?q=ronnie%20bell&geo=US"
"bricen rivers","200+","28 de agosto de 2026 a las 12:10:00 UTC-3","28 de agosto de 2026 a las 13:10:00 UTC-3","bricen rivers","./explore?q=bricen%20rivers&geo=US"
"atlante fc","200+","29 de agosto de 2026 a las 0:50:00 UTC-3","29 de agosto de 2026 a las 1:50:00 UTC-3","atlante fc","./explore?q=atlante%20fc&geo=US"
"accident attorney","100+","29 de agosto de 2026 a las 5:30:00 UTC-3","29 de agosto de 2026 a las 6:20:00 UTC-3","accident attorney","./explore?q=accident%20attorney&geo=US"
"myles garrett","200+","28 de agosto de 2026 a las 23:20:00 UTC-3","29 de agosto de 2026 a las 2:10:00 UTC-3","myles garrett","./explore?q=myles%20garrett&geo=US"
"villarreal","200+","28 de agosto de 2026 a las 17:50:00 UTC-3","28 de agosto de 2026 a las 18:50:00 UTC-3","villarreal","./explore?q=villarreal&geo=US"
"la liga schedule","200+","29 de agosto de 2026 a las 10:50:00 UTC-3","29 de agosto de 2026 a las 11:20:00 UTC-3","la liga schedule","./explore?q=la%20liga%20schedule&geo=US"
"ibrahim mbaye","500+","28 de agosto de 2026 a las 12:50:00 UTC-3","28 de agosto de 2026 a las 13:30:00 UTC-3","ibrahim mbaye,mbaye","./explore?q=ibrahim%20mbaye&geo=US"
"new haven football","200+","28 de agosto de 2026 a las 19:40:00 UTC-3","28 de agosto de 2026 a las 20:30:00 UTC-3","new haven football","./explore?q=new%20haven%20football&geo=US"
"drake","500+","28 de agosto de 2026 a las 12:10:00 UTC-3","28 de agosto de 2026 a las 15:10:00 UTC-3","drake","./explore?q=drake&geo=US"
"michael busch","500+","28 de agosto de 2026 a las 16:50:00 UTC-3","28 de agosto de 2026 a las 17:30:00 UTC-3","michael busch","./explore?q=michael%20busch&geo=US"
"al khaleej - al hilal","200+","28 de agosto de 2026 a las 16:00:00 UTC-3","28 de agosto de 2026 a las 16:50:00 UTC-3","al khaleej - al hilal","./explore?q=al%20khaleej%20-%20al%20hilal&geo=US"
"al-riyadh vs neom","200+","28 de agosto de 2026 a las 12:50:00 UTC-3","28 de agosto de 2026 a las 13:40:00 UTC-3","al-riyadh vs neom","./explore?q=al-riyadh%20vs%20neom&geo=US"
"lille vs psg","200+","28 de agosto de 2026 a las 17:40:00 UTC-3","28 de agosto de 2026 a las 18:30:00 UTC-3","lille vs psg","./explore?q=lille%20vs%20psg&geo=US"
"robot","200+","28 de agosto de 2026 a las 19:30:00 UTC-3","28 de agosto de 2026 a las 20:20:00 UTC-3","robot","./explore?q=robot&geo=US"
"jhoan duran","200+","29 de agosto de 2026 a las 1:50:00 UTC-3","29 de agosto de 2026 a las 2:30:00 UTC-3","jhoan duran","./explore?q=jhoan%20duran&geo=US"
"roman wilson","200+","28 de agosto de 2026 a las 17:20:00 UTC-3","28 de agosto de 2026 a las 18:10:00 UTC-3","roman wilson","./explore?q=roman%20wilson&geo=US"
"us open tickets","200+","29 de agosto de 2026 a las 12:10:00 UTC-3","29 de agosto de 2026 a las 12:30:00 UTC-3","us open tickets","./explore?q=us%20open%20tickets&geo=US"
"fotmob","500+","28 de agosto de 2026 a las 16:50:00 UTC-3","28 de agosto de 2026 a las 17:20:00 UTC-3","fotmob","./explore?q=fotmob&geo=US"
"oil prices today","200+","29 de agosto de 2026 a las 8:20:00 UTC-3","29 de agosto de 2026 a las 9:10:00 UTC-3","oil prices today","./explore?q=oil%20prices%20today&geo=US"
"elizabeth vargas","200+","28 de agosto de 2026 a las 23:30:00 UTC-3","29 de agosto de 2026 a las 0:10:00 UTC-3","elizabeth vargas","./explore?q=elizabeth%20vargas&geo=US"
"daycares","100+","29 de agosto de 2026 a las 7:30:00 UTC-3","29 de agosto de 2026 a las 8:40:00 UTC-3","daycares","./explore?q=daycares&geo=US"
"brady house","200+","28 de agosto de 2026 a las 21:20:00 UTC-3","28 de agosto de 2026 a las 22:00:00 UTC-3","brady house","./explore?q=brady%20house&geo=US"
"mega millions winning numbers","100+","29 de agosto de 2026 a las 9:00:00 UTC-3","29 de agosto de 2026 a las 9:40:00 UTC-3","mega millions winning numbers","./explore?q=mega%20millions%20winning%20numbers&geo=US"
"al pacino","200+","28 de agosto de 2026 a las 23:00:00 UTC-3","28 de agosto de 2026 a las 23:40:00 UTC-3","al pacino","./explore?q=al%20pacino&geo=US"
"sassuolo vs torino","200+","29 de agosto de 2026 a las 13:30:00 UTC-3","29 de agosto de 2026 a las 13:50:00 UTC-3","sassuolo vs torino","./explore?q=sassuolo%20vs%20torino&geo=US"
"knicks center replacement rumors","100+","29 de agosto de 2026 a las 8:40:00 UTC-3","29 de agosto de 2026 a las 9:20:00 UTC-3","knicks center replacement rumors","./explore?q=knicks%20center%20replacement%20rumors&geo=US"
"tacario davis","200+","28 de agosto de 2026 a las 22:30:00 UTC-3","28 de agosto de 2026 a las 23:00:00 UTC-3","tacario davis","./explore?q=tacario%20davis&geo=US"
"qinwen zheng","200+","28 de agosto de 2026 a las 13:30:00 UTC-3","28 de agosto de 2026 a las 14:00:00 UTC-3","qinwen zheng","./explore?q=qinwen%20zheng&geo=US"
"christopher o'connell","200+","28 de agosto de 2026 a las 14:20:00 UTC-3","28 de agosto de 2026 a las 14:50:00 UTC-3","christopher o'connell","./explore?q=christopher%20o%27connell&geo=US"
"claude code","100+","29 de agosto de 2026 a las 5:10:00 UTC-3","29 de agosto de 2026 a las 5:40:00 UTC-3","claude code","./explore?q=claude%20code&geo=US"
"shingles","100+","29 de agosto de 2026 a las 8:10:00 UTC-3","29 de agosto de 2026 a las 8:40:00 UTC-3","shingles","./explore?q=shingles&geo=US"
"min woo lee","200+","28 de agosto de 2026 a las 16:30:00 UTC-3","28 de agosto de 2026 a las 16:50:00 UTC-3","min woo lee","./explore?q=min%20woo%20lee&geo=US"
"good good golf callaway ad","500+","28 de agosto de 2026 a las 12:20:00 UTC-3","28 de agosto de 2026 a las 12:40:00 UTC-3","good good golf callaway ad","./explore?q=good%20good%20golf%20callaway%20ad&geo=US"
"hollywood bowl","100+","29 de agosto de 2026 a las 4:30:00 UTC-3","29 de agosto de 2026 a las 4:50:00 UTC-3","hollywood bowl","./explore?q=hollywood%20bowl&geo=US"