"Tendencias","Volumen de búsquedas","Inicio","Finalizada","Desglose de tendencias","Enlace a Explorar"
"india vs sri lanka","2 M+","23 de agosto de 2026 a las 1:00:00 UTC-3","23 de agosto de 2026 a las 4:20:00 UTC-3","india vs sri lanka,ind vs sl,sl vs ind,india national cricket team vs sri lanka national cricket team match scorecard,sri lanka vs india,sri lanka national cricket team vs india national cricket team match scorecard,ind vs sl 2nd test","./explore?q=india%20vs%20sri%20lanka&geo=IN"
"saransh jain","1 M+","23 de agosto de 2026 a las 1:00:00 UTC-3","24 de agosto de 2026 a las 15:50:00 UTC-3","saransh jain,ravindra jadeja,saransh jain cricketer,live score cricket","./explore?q=saransh%20jain&geo=IN"
"कल का मौसम","1 M+","24 de agosto de 2026 a las 12:00:00 UTC-3","24 de agosto de 2026 a las 14:00:00 UTC-3","कल का मौसम,तूफान,weather delhi,क्या आज बारिश होगी?","./explore?q=%E0%A4%95%E0%A4%B2%20%E0%A4%95%E0%A4%BE%20%E0%A4%AE%E0%A5%8C%E0%A4%B8%E0%A4%AE&geo=IN"
"dhruv jurel","1 M+","24 de agosto de 2026 a las 2:40:00 UTC-3","24 de agosto de 2026 a las 16:00:00 UTC-3","dhruv jurel,india sri lanka test match cricket score,india vs sri lanka,prasidh krishna,india vs sri lanka scorecard,india national cricket team vs sri lanka national cricket team,india vs sri lanka test,devdutt padikkal,india vs sri lanka live,shubman gill,india vs sri lanka score,india vs sri lanka 2nd test,live cricket score ind vs sl 2nd test,live cricket score,india vs sri lanka live score,ind vs sl scorecard,india vs sri lanka 2nd test scorecard,ind vs sl 2nd test,india vs sri lanka test 2,india national cricket team vs sri lanka national cricket team matches,cricket score,india vs sri lanka scorecard today,india vs sri lanka scorecard 2nd test,india vs sri lanka test series 2026 live streaming,ind vs sl xi scorecard,ind vs sl score,sri lanka national cricket team vs india national cricket team players,india-sri lanka live score,cricket live score,india vs sri lanka score card,india a vs sri lanka a today match,sri lanka national cricket team vs india national cricket team match scorecard,ind vs sl 2nd test scorecard,india vs sri lanka 2nd test live score,live cricket match today,ind vs sl test scorecard,india-sri lanka test match,india vs sri lanka test 2026,india-sri lanka score,ind vs sl live score,colombo weather,india vs sri lanka today match,india vs sri lanka test scorecard,india vs sri lanka cricbuzz,india vs,ind vs sl 1st test,sri lanka national cricket team vs india national cricket team,2,sl vs ind test","./explore?q=dhruv%20jurel&geo=IN"
"elche vs barcelona","200 mil+","23 de agosto de 2026 a las 15:30:00 UTC-3",,"elche vs barcelona,barcelona,fc barcelona,fermín lópez,barcelona vs elche,barcelona fc,barca vs,gerard martín,barca vs elche","./explore?q=elche%20vs%20barcelona&geo=IN"
"japan earthquakes tokyo","100 mil+","23 de agosto de 2026 a las 10:10:00 UTC-3",,"japan earthquakes tokyo,japan earthquakes,tokyo earthquake today","./explore?q=japan%20earthquakes%20tokyo&geo=IN"
"newcastle vs liverpool","100 mil+","23 de agosto de 2026 a las 11:30:00 UTC-3",,"newcastle vs liverpool,liverpool,newcastle united f.c. vs liverpool f.c. standings,liverpool vs newcastle,anthony elanga,william osula,liverpool f.c.,rio ngumoha,liverpool fc,premier league football,dominik szoboszlai,newcastle,joe willock,lukáš horníček,cody gakpo","./explore?q=newcastle%20vs%20liverpool&geo=IN"
"rennes vs psg","100 mil+","23 de agosto de 2026 a las 14:50:00 UTC-3",,"rennes vs psg,rennes vs psg highlights,stade rennais f.c. vs paris saint-germain f.c. standings,psg vs rennes,psg vs,paris saint-germain f.c.","./explore?q=rennes%20vs%20psg&geo=IN"
"man city vs bournemouth","100 mil+","23 de agosto de 2026 a las 9:00:00 UTC-3","24 de agosto de 2026 a las 16:50:00 UTC-3","man city vs bournemouth,man city vs afc bournemouth standings,enzo maresca,man city,manchester city,english premier league,rico lewis,man city vs afc bournemouth,marcus tavernier,man city vs afc bournemouth lineups,rayan,jack grealish,marc guéhi,joško gvardiol,mancity,rayan cherki,city vs bournemouth","./explore?q=man%20city%20vs%20bournemouth&geo=IN"
"inter miami vs toronto","100 mil+","22 de agosto de 2026 a las 19:40:00 UTC-3","24 de agosto de 2026 a las 12:30:00 UTC-3","inter miami vs toronto,lionel messi,inter miami cf","./explore?q=inter%20miami%20vs%20toronto&geo=IN"
"durand cup final","100 mil+","23 de agosto de 2026 a las 6:20:00 UTC-3","24 de agosto de 2026 a las 12:40:00 UTC-3","durand cup final,east bengal vs mohun bagan,durand cup final mohun bagan east bengal,mohun bagan vs east bengal,durand cup,durand cup 2026,east bengal,mohun bagan vs east bengal durand cup 2026,mohun bagan,durand cup live,durand cup 2026 final,east bengal vs mohun bagan today match,durand cup live score,east bengal fc,mohun bagan versus east bengal,mohun bagan vs east bengal today,durand cup final score,east bengal versus mohun bagan,durand cup 2026 live score,durand cup final 2026,east bengal vs mohun bagan live score today,durand cup live score today,mohun bagan vs east bengal today score,mohun bagan super giant,east bengal vs mohun bagan live score,east bengal vs mohun bagan live,eb vs mb,mb vs eb,durand cup final live score,durand cup 2026 live,durand cup final live,mohun bagan match,mbsg vs ebfc,durand cup final result,durand cup 2026 final score,durand cup live match today time,east bengal vs mohun bagan durand cup 2026,mohun bagan vs east bengal live,mohun bagan vs east bengal today match,east bengal match today,mohun bagan vs east bengal durand cup 2026 score,east bengal vs mohun bagan today,edmund lalrindika,east bengal vs mohun bagan next match,durand cup 2026 today match,durand final,mohun bagan vs east bengal durand cup 2026 live,mohun bagan vs east bengal today match score,durand cup score,east bengal vs mohun bagan today match score,durand cup 2026 winner","./explore?q=durand%20cup%20final&geo=IN"
"asitha fernando","100 mil+","23 de agosto de 2026 a las 2:00:00 UTC-3","24 de agosto de 2026 a las 6:10:00 UTC-3","asitha fernando,yashasvi jaiswal,icc,yashasvi jaiswal asitha fernando icc fine,india vs sri lanka match suspended","./explore?q=asitha%20fernando&geo=IN"
"వాతావరణం","100 mil+","23 de agosto de 2026 a las 22:00:00 UTC-3","24 de agosto de 2026 a las 0:50:00 UTC-3","వాతావరణం,వర్షం","./explore?q=%E0%B0%B5%E0%B0%BE%E0%B0%A4%E0%B0%BE%E0%B0%B5%E0%B0%B0%E0%B0%A3%E0%B0%82&geo=IN"
"fulham vs chelsea","50 mil+","24 de agosto de 2026 a las 15:00:00 UTC-3",,"fulham vs chelsea,chelsea,chelsea vs fulham,chelsea f.c.,chelsea fc,fulham,chelsea vs,reece james,chelsea f.c","./explore?q=fulham%20vs%20chelsea&geo=IN"
"mahakali","50 mil+","24 de agosto de 2026 a las 3:50:00 UTC-3",,"mahakali,mahakali movie akshaye khanna,mahakali movie,bhoomi shetty,sriya reddy,mahakali movie release date,akshaye khanna","./explore?q=mahakali&geo=IN"
"elche cf vs fc barcelona standings","50 mil+","23 de agosto de 2026 a las 18:40:00 UTC-3",,"elche cf vs fc barcelona standings,fcb,barca match,anthony gordon,elche cf vs fc barcelona lineups,laliga games,andreas christensen,elche cf vs fc barcelona,eric garcía,la liga games,barcelona match today","./explore?q=elche%20cf%20vs%20fc%20barcelona%20standings&geo=IN"
"kamil mishara","50 mil+","23 de agosto de 2026 a las 1:00:00 UTC-3",,"kamil mishara","./explore?q=kamil%20mishara&geo=IN"
"करण शर्मा","50 mil+","23 de agosto de 2026 a las 7:30:00 UTC-3",,"करण शर्मा","./explore?q=%E0%A4%95%E0%A4%B0%E0%A4%A3%20%E0%A4%B6%E0%A4%B0%E0%A5%8D%E0%A4%AE%E0%A4%BE&geo=IN"
"आवास","50 mil+","23 de agosto de 2026 a las 8:00:00 UTC-3","24 de agosto de 2026 a las 15:20:00 UTC-3","आवास","./explore?q=%E0%A4%86%E0%A4%B5%E0%A4%BE%E0%A4%B8&geo=IN"
"बीबीसी हिन्दी","50 mil+","23 de agosto de 2026 a las 6:20:00 UTC-3","24 de agosto de 2026 a las 11:40:00 UTC-3","बीबीसी हिन्दी","./explore?q=%E0%A4%AC%E0%A5%80%E0%A4%AC%E0%A5%80%E0%A4%B8%E0%A5%80%20%E0%A4%B9%E0%A4%BF%E0%A4%A8%E0%A5%8D%E0%A4%A6%E0%A5%80&geo=IN"
"atlético madrid vs villarreal","50 mil+","23 de agosto de 2026 a las 11:00:00 UTC-3","24 de agosto de 2026 a las 13:50:00 UTC-3","atlético madrid vs villarreal,giuliano simeone,georges mikautadze","./explore?q=atl%C3%A9tico%20madrid%20vs%20villarreal&geo=IN"
"espanyol vs real madrid standings","50 mil+","22 de agosto de 2026 a las 18:40:00 UTC-3","24 de agosto de 2026 a las 0:30:00 UTC-3","espanyol vs real madrid standings","./explore?q=espanyol%20vs%20real%20madrid%20standings&geo=IN"
"ध्रुव जुरेल","50 mil+","24 de agosto de 2026 a las 4:40:00 UTC-3","24 de agosto de 2026 a las 14:40:00 UTC-3","ध्रुव जुरेल,भारत बनाम श्रीलंका,स्कोर,ind बनाम sl,भारत श्रीलंका मैच,भारतीय क्रिकेट टीम बनाम श्रीलंका क्रिकेट टीम के मैच का स्कोरकार्ड,श्रीलंका क्रिकेट टीम बनाम भारतीय क्रिकेट टीम के मैच का स्कोरकार्ड,sl बनाम ind,इंडिया वर्सेस श्रीलंका,श्रीलंका बनाम भारत","./explore?q=%E0%A4%A7%E0%A5%8D%E0%A4%B0%E0%A5%81%E0%A4%B5%20%E0%A4%9C%E0%A5%81%E0%A4%B0%E0%A5%87%E0%A4%B2&geo=IN"
"নিম্নচাপ এলাকা","50 mil+","24 de agosto de 2026 a las 7:30:00 UTC-3","24 de agosto de 2026 a las 14:20:00 UTC-3","নিম্নচাপ এলাকা,আবহাওয়া,weather update,বঙ্গোপসাগর","./explore?q=%E0%A6%A8%E0%A6%BF%E0%A6%AE%E0%A7%8D%E0%A6%A8%E0%A6%9A%E0%A6%BE%E0%A6%AA%20%E0%A6%8F%E0%A6%B2%E0%A6%BE%E0%A6%95%E0%A6%BE&geo=IN"
"rishabh pant","50 mil+","23 de agosto de 2026 a las 6:40:00 UTC-3","23 de agosto de 2026 a las 11:40:00 UTC-3","rishabh pant,on","./explore?q=rishabh%20pant&geo=IN"
"பிரதீப் ஜான்","50 mil+","23 de agosto de 2026 a las 8:40:00 UTC-3","24 de agosto de 2026 a las 1:00:00 UTC-3","பிரதீப் ஜான்,வானிலை,மழை","./explore?q=%E0%AE%AA%E0%AE%BF%E0%AE%B0%E0%AE%A4%E0%AF%80%E0%AE%AA%E0%AF%8D%20%E0%AE%9C%E0%AE%BE%E0%AE%A9%E0%AF%8D&geo=IN"
"cricbuzz","50 mil+","23 de agosto de 2026 a las 1:30:00 UTC-3","23 de agosto de 2026 a las 3:40:00 UTC-3","cricbuzz","./explore?q=cricbuzz&geo=IN"
"प्राकृतिक गैस","20 mil+","24 de agosto de 2026 a las 1:40:00 UTC-3",,"प्राकृतिक गैस","./explore?q=%E0%A4%AA%E0%A5%8D%E0%A4%B0%E0%A4%BE%E0%A4%95%E0%A5%83%E0%A4%A4%E0%A4%BF%E0%A4%95%20%E0%A4%97%E0%A5%88%E0%A4%B8&geo=IN"
"पोलीस","20 mil+","24 de agosto de 2026 a las 2:00:00 UTC-3",,"पोलीस","./explore?q=%E0%A4%AA%E0%A5%8B%E0%A4%B2%E0%A5%80%E0%A4%B8&geo=IN"
"അപര്ണ്ണ തോമസ്","20 mil+","24 de agosto de 2026 a las 6:30:00 UTC-3",,"അപര്ണ്ണ തോമസ്","./explore?q=%E0%B4%85%E0%B4%AA%E0%B4%B0%E0%B5%8D%E0%B4%A3%E0%B5%8D%E0%B4%A3%20%E0%B4%A4%E0%B5%8B%E0%B4%AE%E0%B4%B8%E0%B5%8D&geo=IN"
"கனிமொழி சந்தோஷ்","20 mil+","24 de agosto de 2026 a las 4:10:00 UTC-3",,"கனிமொழி சந்தோஷ்","./explore?q=%E0%AE%95%E0%AE%A9%E0%AE%BF%E0%AE%AE%E0%AF%8A%E0%AE%B4%E0%AE%BF%20%E0%AE%9A%E0%AE%A8%E0%AF%8D%E0%AE%A4%E0%AF%8B%E0%AE%B7%E0%AF%8D&geo=IN"
"lunar eclipses","20 mil+","23 de agosto de 2026 a las 0:00:00 UTC-3",,"lunar eclipses,partial lunar eclipse","./explore?q=lunar%20eclipses&geo=IN"
"दुर्गा शक्ति नागपाल","20 mil+","23 de agosto de 2026 a las 16:30:00 UTC-3",,"दुर्गा शक्ति नागपाल,durga shakti nagpal","./explore?q=%E0%A4%A6%E0%A5%81%E0%A4%B0%E0%A5%8D%E0%A4%97%E0%A4%BE%20%E0%A4%B6%E0%A4%95%E0%A5%8D%E0%A4%A4%E0%A4%BF%20%E0%A4%A8%E0%A4%BE%E0%A4%97%E0%A4%AA%E0%A4%BE%E0%A4%B2&geo=IN"
"augmont enterprises ipo gmp","20 mil+","24 de agosto de 2026 a las 0:10:00 UTC-3",,"augmont enterprises ipo gmp,augmont enterprises ipo,augmont enterprises limited ipo,augmont ipo gmp","./explore?q=augmont%20enterprises%20ipo%20gmp&geo=IN"
"kaziah liz mejo","20 mil+","23 de agosto de 2026 a las 21:40:00 UTC-3",,"kaziah liz mejo,miss universe 2026,miss universe india 2026,miss universe india 2026 winner","./explore?q=kaziah%20liz%20mejo&geo=IN"
"ecinet","20 mil+","24 de agosto de 2026 a las 8:20:00 UTC-3",,"ecinet,eci","./explore?q=ecinet&geo=IN"
"lalithaa jewellery mart","20 mil+","24 de agosto de 2026 a las 6:40:00 UTC-3",,"lalithaa jewellery mart,lalitha jewellery share price,lalitha jewellery,lalitha jewellery ipo,ipo premium,lalitha jewellery ipo share price,ipo watch gmp","./explore?q=lalithaa%20jewellery%20mart&geo=IN"
"लता मंगेशकर","20 mil+","24 de agosto de 2026 a las 6:20:00 UTC-3","24 de agosto de 2026 a las 16:40:00 UTC-3","लता मंगेशकर","./explore?q=%E0%A4%B2%E0%A4%A4%E0%A4%BE%20%E0%A4%AE%E0%A4%82%E0%A4%97%E0%A5%87%E0%A4%B6%E0%A4%95%E0%A4%B0&geo=IN"
"lahiru udara","20 mil+","24 de agosto de 2026 a las 9:10:00 UTC-3","24 de agosto de 2026 a las 13:20:00 UTC-3","lahiru udara","./explore?q=lahiru%20udara&geo=IN"
"விஜய்","20 mil+","24 de agosto de 2026 a las 2:20:00 UTC-3","24 de agosto de 2026 a las 12:30:00 UTC-3","விஜய்,பரந்தூர்","./explore?q=%E0%AE%B5%E0%AE%BF%E0%AE%9C%E0%AE%AF%E0%AF%8D&geo=IN"
"सर्वानन्द कौल प्रेमी","20 mil+","23 de agosto de 2026 a las 12:20:00 UTC-3","24 de agosto de 2026 a las 14:00:00 UTC-3","सर्वानन्द कौल प्रेमी","./explore?q=%E0%A4%B8%E0%A4%B0%E0%A5%8D%E0%A4%B5%E0%A4%BE%E0%A4%A8%E0%A4%A8%E0%A5%8D%E0%A4%A6%20%E0%A4%95%E0%A5%8C%E0%A4%B2%20%E0%A4%AA%E0%A5%8D%E0%A4%B0%E0%A5%87%E0%A4%AE%E0%A5%80&geo=IN"
"shahbaz ahmed","20 mil+","23 de agosto de 2026 a las 4:30:00 UTC-3","24 de agosto de 2026 a las 16:40:00 UTC-3","shahbaz ahmed,sudip kumar gharami,east zone vs north east zone,vaibhav sooryavanshi","./explore?q=shahbaz%20ahmed&geo=IN"
"బంగారం","20 mil+","24 de agosto de 2026 a las 8:00:00 UTC-3","24 de agosto de 2026 a las 13:00:00 UTC-3","బంగారం","./explore?q=%E0%B0%AC%E0%B0%82%E0%B0%97%E0%B0%BE%E0%B0%B0%E0%B0%82&geo=IN"
"tempsens instruments ipo","20 mil+","24 de agosto de 2026 a las 0:20:00 UTC-3","24 de agosto de 2026 a las 10:50:00 UTC-3","tempsens instruments ipo,tempsens instruments,tempsens ipo gmp,gmp,tempsens,ipo gmp,ipo gmp today,grey market,tempsens ipo,gmp ipo,x,gmp of tempsens instruments ipo,ipo listing time","./explore?q=tempsens%20instruments%20ipo&geo=IN"
"be younick roast santy sharma news","20 mil+","24 de agosto de 2026 a las 2:40:00 UTC-3","24 de agosto de 2026 a las 11:10:00 UTC-3","be younick roast santy sharma news,santy sharma latest news,be younick santy sharma video","./explore?q=be%20younick%20roast%20santy%20sharma%20news&geo=IN"
"சி. டி. ஆர். நிர்மல் குமார்","20 mil+","22 de agosto de 2026 a las 22:10:00 UTC-3","24 de agosto de 2026 a las 9:40:00 UTC-3","சி. டி. ஆர். நிர்மல் குமார்","./explore?q=%E0%AE%9A%E0%AE%BF.%20%E0%AE%9F%E0%AE%BF.%20%E0%AE%86%E0%AE%B0%E0%AF%8D.%20%E0%AE%A8%E0%AE%BF%E0%AE%B0%E0%AF%8D%E0%AE%AE%E0%AE%B2%E0%AF%8D%20%E0%AE%95%E0%AF%81%E0%AE%AE%E0%AE%BE%E0%AE%B0%E0%AF%8D&geo=IN"
"duleep trophy cricket","20 mil+","24 de agosto de 2026 a las 15:30:00 UTC-3",,"duleep trophy cricket,shivalik sharma,arshdeep singh,abid mushtaq,north zone vs west zone,tanush kotian","./explore?q=duleep%20trophy%20cricket&geo=IN"
"सारांश जैन","20 mil+","23 de agosto de 2026 a las 1:10:00 UTC-3","24 de agosto de 2026 a las 3:30:00 UTC-3","सारांश जैन,गौतम गंभीर,sarfaraz khan,saransh jain stats","./explore?q=%E0%A4%B8%E0%A4%BE%E0%A4%B0%E0%A4%BE%E0%A4%82%E0%A4%B6%20%E0%A4%9C%E0%A5%88%E0%A4%A8&geo=IN"
"खवड्या डोंगर","20 mil+","23 de agosto de 2026 a las 7:30:00 UTC-3","24 de agosto de 2026 a las 8:40:00 UTC-3","खवड्या डोंगर,बातमी","./explore?q=%E0%A4%96%E0%A4%B5%E0%A4%A1%E0%A5%8D%E0%A4%AF%E0%A4%BE%20%E0%A4%A1%E0%A5%8B%E0%A4%82%E0%A4%97%E0%A4%B0&geo=IN"
"सायरा बानो","20 mil+","23 de agosto de 2026 a las 0:40:00 UTC-3","24 de agosto de 2026 a las 6:20:00 UTC-3","सायरा बानो","./explore?q=%E0%A4%B8%E0%A4%BE%E0%A4%AF%E0%A4%B0%E0%A4%BE%20%E0%A4%AC%E0%A4%BE%E0%A4%A8%E0%A5%8B&geo=IN"
"delhi swine flu cases","20 mil+","22 de agosto de 2026 a las 20:10:00 UTC-3","24 de agosto de 2026 a las 11:40:00 UTC-3","delhi swine flu cases,h1n1","./explore?q=delhi%20swine%20flu%20cases&geo=IN"
"ligue 1","20 mil+","23 de agosto de 2026 a las 13:40:00 UTC-3","24 de agosto de 2026 a las 4:40:00 UTC-3","ligue 1,psg,psg match","./explore?q=ligue%201&geo=IN"
"prabath jayasuriya","20 mil+","24 de agosto de 2026 a las 9:40:00 UTC-3","24 de agosto de 2026 a las 10:40:00 UTC-3","prabath jayasuriya","./explore?q=prabath%20jayasuriya&geo=IN"
"irumudi telugu movie","20 mil+","23 de agosto de 2026 a las 3:10:00 UTC-3","24 de agosto de 2026 a las 12:00:00 UTC-3","irumudi telugu movie,బాక్సాఫీస్,రవితేజ","./explore?q=irumudi%20telugu%20movie&geo=IN"
"android pulse app","20 mil+","22 de agosto de 2026 a las 20:50:00 UTC-3","23 de agosto de 2026 a las 11:40:00 UTC-3","android pulse app,google play store","./explore?q=android%20pulse%20app&geo=IN"
"கூட்டுறவு வங்கி","20 mil+","23 de agosto de 2026 a las 3:20:00 UTC-3","23 de agosto de 2026 a las 13:30:00 UTC-3","கூட்டுறவு வங்கி","./explore?q=%E0%AE%95%E0%AF%82%E0%AE%9F%E0%AF%8D%E0%AE%9F%E0%AF%81%E0%AE%B1%E0%AE%B5%E0%AF%81%20%E0%AE%B5%E0%AE%99%E0%AF%8D%E0%AE%95%E0%AE%BF&geo=IN"
"iphone 18 pro max","20 mil+","23 de agosto de 2026 a las 6:00:00 UTC-3","24 de agosto de 2026 a las 8:00:00 UTC-3","iphone 18 pro max,apple iphone 18 pro max,iphone 18 pro","./explore?q=iphone%2018%20pro%20max&geo=IN"
"dutch gp","20 mil+","23 de agosto de 2026 a las 7:50:00 UTC-3","23 de agosto de 2026 a las 23:50:00 UTC-3","dutch gp,f1 race,max verstappen,f1 live,dutch grand prix,lando norris,andrea kimi antonelli,kimi antonelli,f1 race today","./explore?q=dutch%20gp&geo=IN"
"sports","20 mil+","24 de agosto de 2026 a las 6:30:00 UTC-3","24 de agosto de 2026 a las 8:20:00 UTC-3","sports","./explore?q=sports&geo=IN"
"ekadashi","20 mil+","22 de agosto de 2026 a las 21:30:00 UTC-3","23 de agosto de 2026 a las 6:30:00 UTC-3","ekadashi,putrada ekadashi vrat katha,putrada ekadashi,पुत्रदा एकादशी व्रत,ekadashi vrat katha,aaj ka panchang,एकादशी कब की है,ekadashi vrat kab hai,august mein ekadashi kab hai,aaj ekadashi hai,putrada ekadashi ki katha,ekadashi ka vrat kab hai,एकादशी,kab hai,आज का पंचांग,पुत्रदा एकादशी कब है,पुत्रदा एकादशी,24 august 2026 ko kya hai,एकादशी अगस्त 2026,ekadashi kab hai august 2026","./explore?q=ekadashi&geo=IN"
"ವಾಯುಭಾರ ಕುಸಿತ","20 mil+","23 de agosto de 2026 a las 7:20:00 UTC-3","24 de agosto de 2026 a las 0:50:00 UTC-3","ವಾಯುಭಾರ ಕುಸಿತ,ಹವಾಮಾನ","./explore?q=%E0%B2%B5%E0%B2%BE%E0%B2%AF%E0%B3%81%E0%B2%AD%E0%B2%BE%E0%B2%B0%20%E0%B2%95%E0%B3%81%E0%B2%B8%E0%B2%BF%E0%B2%A4&geo=IN"
"ऋषभ पंत","20 mil+","23 de agosto de 2026 a las 11:50:00 UTC-3","23 de agosto de 2026 a las 13:50:00 UTC-3","ऋषभ पंत,lahiru kumara,लाहिरू कुमारा","./explore?q=%E0%A4%8B%E0%A4%B7%E0%A4%AD%20%E0%A4%AA%E0%A4%82%E0%A4%A4&geo=IN"
"रीना रॉय","10 mil+","24 de agosto de 2026 a las 5:30:00 UTC-3",,"रीना रॉय","./explore?q=%E0%A4%B0%E0%A5%80%E0%A4%A8%E0%A4%BE%20%E0%A4%B0%E0%A5%89%E0%A4%AF&geo=IN"
"देवेन्द्र नाथ महतो","10 mil+","24 de agosto de 2026 a las 8:20:00 UTC-3",,"देवेन्द्र नाथ महतो","./explore?q=%E0%A4%A6%E0%A5%87%E0%A4%B5%E0%A5%87%E0%A4%A8%E0%A5%8D%E0%A4%A6%E0%A5%8D%E0%A4%B0%20%E0%A4%A8%E0%A4%BE%E0%A4%A5%20%E0%A4%AE%E0%A4%B9%E0%A4%A4%E0%A5%8B&geo=IN"
"ममता बनर्जी","10 mil+","24 de agosto de 2026 a las 11:00:00 UTC-3",,"ममता बनर्जी","./explore?q=%E0%A4%AE%E0%A4%AE%E0%A4%A4%E0%A4%BE%20%E0%A4%AC%E0%A4%A8%E0%A4%B0%E0%A5%8D%E0%A4%9C%E0%A5%80&geo=IN"
"भगवंत मान","10 mil+","24 de agosto de 2026 a las 5:40:00 UTC-3",,"भगवंत मान","./explore?q=%E0%A4%AD%E0%A4%97%E0%A4%B5%E0%A4%82%E0%A4%A4%20%E0%A4%AE%E0%A4%BE%E0%A4%A8&geo=IN"
"nbems neet pg admit card","10 mil+","24 de agosto de 2026 a las 13:50:00 UTC-3",,"nbems neet pg admit card,neet pg admit card 2026,neet pg 2026 admit card release date,neet pg admit card","./explore?q=nbems%20neet%20pg%20admit%20card&geo=IN"
"eid milad un nabi 2026 date","10 mil+","23 de agosto de 2026 a las 11:00:00 UTC-3",,"eid milad un nabi 2026 date,eid 2026","./explore?q=eid%20milad%20un%20nabi%202026%20date&geo=IN"
"treesa jolly gayatri gopichand pullela","10 mil+","24 de agosto de 2026 a las 1:20:00 UTC-3",,"treesa jolly gayatri gopichand pullela,treesa jolly gayatri gopichand","./explore?q=treesa%20jolly%20gayatri%20gopichand%20pullela&geo=IN"
"bajaj pulsar 125","10 mil+","24 de agosto de 2026 a las 11:00:00 UTC-3","24 de agosto de 2026 a las 17:30:00 UTC-3","bajaj pulsar 125,bajaj pulsar,bajaj","./explore?q=bajaj%20pulsar%20125&geo=IN"
"ग्रे मार्केट","10 mil+","24 de agosto de 2026 a las 8:10:00 UTC-3","24 de agosto de 2026 a las 15:30:00 UTC-3","ग्रे मार्केट","./explore?q=%E0%A4%97%E0%A5%8D%E0%A4%B0%E0%A5%87%20%E0%A4%AE%E0%A4%BE%E0%A4%B0%E0%A5%8D%E0%A4%95%E0%A5%87%E0%A4%9F&geo=IN"
"నరేష్","10 mil+","24 de agosto de 2026 a las 8:00:00 UTC-3","24 de agosto de 2026 a las 17:20:00 UTC-3","నరేష్","./explore?q=%E0%B0%A8%E0%B0%B0%E0%B1%87%E0%B0%B7%E0%B1%8D&geo=IN"
"వివాహం","10 mil+","24 de agosto de 2026 a las 6:00:00 UTC-3","24 de agosto de 2026 a las 16:20:00 UTC-3","వివాహం","./explore?q=%E0%B0%B5%E0%B0%BF%E0%B0%B5%E0%B0%BE%E0%B0%B9%E0%B0%82&geo=IN"
"eid","10 mil+","23 de agosto de 2026 a las 9:10:00 UTC-3","24 de agosto de 2026 a las 17:10:00 UTC-3","eid","./explore?q=eid&geo=IN"
"ceo karnataka","10 mil+","23 de agosto de 2026 a las 23:00:00 UTC-3","24 de agosto de 2026 a las 16:20:00 UTC-3","ceo karnataka,voting,electoral roll","./explore?q=ceo%20karnataka&geo=IN"
"rrb","10 mil+","24 de agosto de 2026 a las 10:50:00 UTC-3","24 de agosto de 2026 a las 15:30:00 UTC-3","rrb,rrb ntpc ug result,rrb ntpc ug result 2026","./explore?q=rrb&geo=IN"
"skyways air services ipo gmp","10 mil+","23 de agosto de 2026 a las 23:50:00 UTC-3","24 de agosto de 2026 a las 17:20:00 UTC-3","skyways air services ipo gmp,skyways air services ipo","./explore?q=skyways%20air%20services%20ipo%20gmp&geo=IN"
"മനോരമ ന്യൂസ്","10 mil+","23 de agosto de 2026 a las 11:50:00 UTC-3","24 de agosto de 2026 a las 13:10:00 UTC-3","മനോരമ ന്യൂസ്","./explore?q=%E0%B4%AE%E0%B4%A8%E0%B5%8B%E0%B4%B0%E0%B4%AE%20%E0%B4%A8%E0%B5%8D%E0%B4%AF%E0%B5%82%E0%B4%B8%E0%B5%8D&geo=IN"
"veteran actress aasha singh jaiswal","10 mil+","23 de agosto de 2026 a las 13:10:00 UTC-3","24 de agosto de 2026 a las 14:40:00 UTC-3","veteran actress aasha singh jaiswal","./explore?q=veteran%20actress%20aasha%20singh%20jaiswal&geo=IN"
"symbiotec pharmalab ipo gmp","10 mil+","23 de agosto de 2026 a las 23:40:00 UTC-3","24 de agosto de 2026 a las 16:30:00 UTC-3","symbiotec pharmalab ipo gmp,symbiotec pharmalab ipo,ipo gmp live","./explore?q=symbiotec%20pharmalab%20ipo%20gmp&geo=IN"
"बिहार लोक सेवा आयोग","10 mil+","24 de agosto de 2026 a las 12:30:00 UTC-3","24 de agosto de 2026 a las 15:30:00 UTC-3","बिहार लोक सेवा आयोग,परीक्षा,सम्राट चौधरी","./explore?q=%E0%A4%AC%E0%A4%BF%E0%A4%B9%E0%A4%BE%E0%A4%B0%20%E0%A4%B2%E0%A5%8B%E0%A4%95%20%E0%A4%B8%E0%A5%87%E0%A4%B5%E0%A4%BE%20%E0%A4%86%E0%A4%AF%E0%A5%8B%E0%A4%97&geo=IN"
"യശ്വസി ജയ്സ്വാള്","10 mil+","24 de agosto de 2026 a las 4:20:00 UTC-3","24 de agosto de 2026 a las 13:10:00 UTC-3","യശ്വസി ജയ്സ്വാള്","./explore?q=%E0%B4%AF%E0%B4%B6%E0%B5%8D%E0%B4%B5%E0%B4%B8%E0%B4%BF%20%E0%B4%9C%E0%B4%AF%E0%B5%8D%E0%B4%B8%E0%B5%8D%E0%B4%B5%E0%B4%BE%E0%B4%B3%E0%B5%8D&geo=IN"
"विजय","10 mil+","24 de agosto de 2026 a las 8:40:00 UTC-3","24 de agosto de 2026 a las 11:20:00 UTC-3","विजय","./explore?q=%E0%A4%B5%E0%A4%BF%E0%A4%9C%E0%A4%AF&geo=IN"
"आशा सिंह","10 mil+","23 de agosto de 2026 a las 14:10:00 UTC-3","24 de agosto de 2026 a las 13:30:00 UTC-3","आशा सिंह,asha singh","./explore?q=%E0%A4%86%E0%A4%B6%E0%A4%BE%20%E0%A4%B8%E0%A4%BF%E0%A4%82%E0%A4%B9&geo=IN"
"తెలంగాణ","10 mil+","23 de agosto de 2026 a las 20:20:00 UTC-3","24 de agosto de 2026 a las 12:30:00 UTC-3","తెలంగాణ","./explore?q=%E0%B0%A4%E0%B1%86%E0%B0%B2%E0%B0%82%E0%B0%97%E0%B0%BE%E0%B0%A3&geo=IN"
"torino vs milan","10 mil+","23 de agosto de 2026 a las 14:50:00 UTC-3","24 de agosto de 2026 a las 7:30:00 UTC-3","torino vs milan,torino fc vs ac milan standings","./explore?q=torino%20vs%20milan&geo=IN"
"होंडा","10 mil+","23 de agosto de 2026 a las 12:00:00 UTC-3","24 de agosto de 2026 a las 11:00:00 UTC-3","होंडा","./explore?q=%E0%A4%B9%E0%A5%8B%E0%A4%82%E0%A4%A1%E0%A4%BE&geo=IN"
"ನಟ","10 mil+","23 de agosto de 2026 a las 15:50:00 UTC-3","24 de agosto de 2026 a las 12:40:00 UTC-3","ನಟ,ಮತದಾರ","./explore?q=%E0%B2%A8%E0%B2%9F&geo=IN"
"sahaa","10 mil+","23 de agosto de 2026 a las 0:50:00 UTC-3","24 de agosto de 2026 a las 17:10:00 UTC-3","sahaa","./explore?q=sahaa&geo=IN"
"உதவிப் பேராசிரியர்","10 mil+","24 de agosto de 2026 a las 13:00:00 UTC-3","24 de agosto de 2026 a las 16:10:00 UTC-3","உதவிப் பேராசிரியர்,பேராசிரியர்,கட்டணம்","./explore?q=%E0%AE%89%E0%AE%A4%E0%AE%B5%E0%AE%BF%E0%AE%AA%E0%AF%8D%20%E0%AE%AA%E0%AF%87%E0%AE%B0%E0%AE%BE%E0%AE%9A%E0%AE%BF%E0%AE%B0%E0%AE%BF%E0%AE%AF%E0%AE%B0%E0%AF%8D&geo=IN"
"nothing os 5.0 announcement event","10 mil+","22 de agosto de 2026 a las 23:40:00 UTC-3","24 de agosto de 2026 a las 6:50:00 UTC-3","nothing os 5.0 announcement event","./explore?q=nothing%20os%205.0%20announcement%20event&geo=IN"
"frosinone vs juventus","10 mil+","23 de agosto de 2026 a las 12:40:00 UTC-3","24 de agosto de 2026 a las 2:50:00 UTC-3","frosinone vs juventus,frosinone calcio vs juventus standings","./explore?q=frosinone%20vs%20juventus&geo=IN"
"अनुसूचित जाति एवं अनुसूचित जनजाति","10 mil+","23 de agosto de 2026 a las 5:20:00 UTC-3","24 de agosto de 2026 a las 8:10:00 UTC-3","अनुसूचित जाति एवं अनुसूचित जनजाति","./explore?q=%E0%A4%85%E0%A4%A8%E0%A5%81%E0%A4%B8%E0%A5%82%E0%A4%9A%E0%A4%BF%E0%A4%A4%20%E0%A4%9C%E0%A4%BE%E0%A4%A4%E0%A4%BF%20%E0%A4%8F%E0%A4%B5%E0%A4%82%20%E0%A4%85%E0%A4%A8%E0%A5%81%E0%A4%B8%E0%A5%82%E0%A4%9A%E0%A4%BF%E0%A4%A4%20%E0%A4%9C%E0%A4%A8%E0%A4%9C%E0%A4%BE%E0%A4%A4%E0%A4%BF&geo=IN"
"यश","10 mil+","23 de agosto de 2026 a las 6:20:00 UTC-3","24 de agosto de 2026 a las 3:30:00 UTC-3","यश,बाहुबली","./explore?q=%E0%A4%AF%E0%A4%B6&geo=IN"
"santos vs mirassol","10 mil+","23 de agosto de 2026 a las 17:40:00 UTC-3","24 de agosto de 2026 a las 4:30:00 UTC-3","santos vs mirassol,santos fc vs mirassol standings","./explore?q=santos%20vs%20mirassol&geo=IN"
"ladakh viral video backlash","10 mil+","23 de agosto de 2026 a las 8:20:00 UTC-3","24 de agosto de 2026 a las 6:20:00 UTC-3","ladakh viral video backlash","./explore?q=ladakh%20viral%20video%20backlash&geo=IN"
"रैंकिंग","10 mil+","23 de agosto de 2026 a las 9:10:00 UTC-3","24 de agosto de 2026 a las 3:30:00 UTC-3","रैंकिंग","./explore?q=%E0%A4%B0%E0%A5%88%E0%A4%82%E0%A4%95%E0%A4%BF%E0%A4%82%E0%A4%97&geo=IN"
"apple iphone 17 pro flipkart discount","10 mil+","23 de agosto de 2026 a las 7:30:00 UTC-3","24 de agosto de 2026 a las 1:50:00 UTC-3","apple iphone 17 pro flipkart discount","./explore?q=apple%20iphone%2017%20pro%20flipkart%20discount&geo=IN"
"బ్యాంక్ సెలవు","10 mil+","23 de agosto de 2026 a las 1:10:00 UTC-3","24 de agosto de 2026 a las 1:30:00 UTC-3","బ్యాంక్ సెలవు","./explore?q=%E0%B0%AC%E0%B1%8D%E0%B0%AF%E0%B0%BE%E0%B0%82%E0%B0%95%E0%B1%8D%20%E0%B0%B8%E0%B1%86%E0%B0%B2%E0%B0%B5%E0%B1%81&geo=IN"
"শুভেন্দু অধিকারী","10 mil+","23 de agosto de 2026 a las 6:40:00 UTC-3","24 de agosto de 2026 a las 0:20:00 UTC-3","শুভেন্দু অধিকারী","./explore?q=%E0%A6%B6%E0%A7%81%E0%A6%AD%E0%A7%87%E0%A6%A8%E0%A7%8D%E0%A6%A6%E0%A7%81%20%E0%A6%85%E0%A6%A7%E0%A6%BF%E0%A6%95%E0%A6%BE%E0%A6%B0%E0%A7%80&geo=IN"
"रामदेव","10 mil+","23 de agosto de 2026 a las 10:10:00 UTC-3","24 de agosto de 2026 a las 1:50:00 UTC-3","रामदेव","./explore?q=%E0%A4%B0%E0%A4%BE%E0%A4%AE%E0%A4%A6%E0%A5%87%E0%A4%B5&geo=IN"
"brighton vs aston villa","10 mil+","23 de agosto de 2026 a las 9:10:00 UTC-3","24 de agosto de 2026 a las 0:10:00 UTC-3","brighton vs aston villa,brighton & hove albion f.c. vs aston villa standings,joão gomes,aston villa,maxim de cuyper,brighton fc","./explore?q=brighton%20vs%20aston%20villa&geo=IN"
"मानसून","10 mil+","23 de agosto de 2026 a las 20:00:00 UTC-3","24 de agosto de 2026 a las 6:50:00 UTC-3","मानसून,weather shimla","./explore?q=%E0%A4%AE%E0%A4%BE%E0%A4%A8%E0%A4%B8%E0%A5%82%E0%A4%A8&geo=IN"
"அமைச்சர்","10 mil+","23 de agosto de 2026 a las 9:40:00 UTC-3","24 de agosto de 2026 a las 12:40:00 UTC-3","அமைச்சர்,தனியார் பள்ளி","./explore?q=%E0%AE%85%E0%AE%AE%E0%AF%88%E0%AE%9A%E0%AF%8D%E0%AE%9A%E0%AE%B0%E0%AF%8D&geo=IN"
"लोक अदालत","10 mil+","22 de agosto de 2026 a las 23:20:00 UTC-3","23 de agosto de 2026 a las 23:40:00 UTC-3","लोक अदालत","./explore?q=%E0%A4%B2%E0%A5%8B%E0%A4%95%20%E0%A4%85%E0%A4%A6%E0%A4%BE%E0%A4%B2%E0%A4%A4&geo=IN"
"f1 standings","10 mil+","23 de agosto de 2026 a las 10:30:00 UTC-3","24 de agosto de 2026 a las 1:40:00 UTC-3","f1 standings,formula 1,lewis hamilton","./explore?q=f1%20standings&geo=IN"
"flood situation near indravathi river","10 mil+","23 de agosto de 2026 a las 12:40:00 UTC-3","24 de agosto de 2026 a las 2:30:00 UTC-3","flood situation near indravathi river,flood situation near baitarani river,rain","./explore?q=flood%20situation%20near%20indravathi%20river&geo=IN"
"સાપ","10 mil+","22 de agosto de 2026 a las 23:10:00 UTC-3","24 de agosto de 2026 a las 0:20:00 UTC-3","સાપ","./explore?q=%E0%AA%B8%E0%AA%BE%E0%AA%AA&geo=IN"
"weather delhi","10 mil+","24 de agosto de 2026 a las 2:50:00 UTC-3","24 de agosto de 2026 a las 5:00:00 UTC-3","weather delhi,delhi weather,weather new delhi,delhi weather today,weather noida,weather faridabad,weather ghaziabad,noida weather,flights","./explore?q=weather%20delhi&geo=IN"
"केतु","10 mil+","23 de agosto de 2026 a las 6:00:00 UTC-3","23 de agosto de 2026 a las 22:40:00 UTC-3","केतु","./explore?q=%E0%A4%95%E0%A5%87%E0%A4%A4%E0%A5%81&geo=IN"
"शुबमन गिल","10 mil+","23 de agosto de 2026 a las 7:40:00 UTC-3","23 de agosto de 2026 a las 23:10:00 UTC-3","शुबमन गिल","./explore?q=%E0%A4%B6%E0%A5%81%E0%A4%AC%E0%A4%AE%E0%A4%A8%20%E0%A4%97%E0%A4%BF%E0%A4%B2&geo=IN"
"उच्चतम न्यायालय","10 mil+","23 de agosto de 2026 a las 7:00:00 UTC-3","23 de agosto de 2026 a las 13:30:00 UTC-3","उच्चतम न्यायालय","./explore?q=%E0%A4%89%E0%A4%9A%E0%A5%8D%E0%A4%9A%E0%A4%A4%E0%A4%AE%20%E0%A4%A8%E0%A5%8D%E0%A4%AF%E0%A4%BE%E0%A4%AF%E0%A4%BE%E0%A4%B2%E0%A4%AF&geo=IN"
"mohammed siraj","10 mil+","24 de agosto de 2026 a las 5:30:00 UTC-3","24 de agosto de 2026 a las 9:00:00 UTC-3","mohammed siraj","./explore?q=mohammed%20siraj&geo=IN"
"मोहसीन खान","10 mil+","23 de agosto de 2026 a las 4:30:00 UTC-3","23 de agosto de 2026 a las 15:40:00 UTC-3","मोहसीन खान,मोहसिन खान","./explore?q=%E0%A4%AE%E0%A5%8B%E0%A4%B9%E0%A4%B8%E0%A5%80%E0%A4%A8%20%E0%A4%96%E0%A4%BE%E0%A4%A8&geo=IN"
"duleep trophy live streaming","10 mil+","23 de agosto de 2026 a las 3:10:00 UTC-3","23 de agosto de 2026 a las 11:00:00 UTC-3","duleep trophy live streaming,duleep trophy 2026,ishan kishan,auqib nabi","./explore?q=duleep%20trophy%20live%20streaming&geo=IN"
"rishabh pant test sixes record","10 mil+","24 de agosto de 2026 a las 11:20:00 UTC-3","24 de agosto de 2026 a las 13:40:00 UTC-3","rishabh pant test sixes record,rishabh pant","./explore?q=rishabh%20pant%20test%20sixes%20record&geo=IN"
"haaland","10 mil+","23 de agosto de 2026 a las 7:30:00 UTC-3","24 de agosto de 2026 a las 0:10:00 UTC-3","haaland,erling haaland","./explore?q=haaland&geo=IN"
"nathan lyon","10 mil+","22 de agosto de 2026 a las 21:40:00 UTC-3","23 de agosto de 2026 a las 3:20:00 UTC-3","nathan lyon","./explore?q=nathan%20lyon&geo=IN"
"बांगलादेश बनाम ऑस्ट्रेलिया","10 mil+","22 de agosto de 2026 a las 21:30:00 UTC-3","23 de agosto de 2026 a las 3:40:00 UTC-3","बांगलादेश बनाम ऑस्ट्रेलिया,najmul hossain shanto,australia bangladesh","./explore?q=%E0%A4%AC%E0%A4%BE%E0%A4%82%E0%A4%97%E0%A4%B2%E0%A4%BE%E0%A4%A6%E0%A5%87%E0%A4%B6%20%E0%A4%AC%E0%A4%A8%E0%A4%BE%E0%A4%AE%20%E0%A4%91%E0%A4%B8%E0%A5%8D%E0%A4%9F%E0%A5%8D%E0%A4%B0%E0%A5%87%E0%A4%B2%E0%A4%BF%E0%A4%AF%E0%A4%BE&geo=IN"
"mushfiqur rahim","10 mil+","22 de agosto de 2026 a las 23:10:00 UTC-3","23 de agosto de 2026 a las 2:30:00 UTC-3","mushfiqur rahim","./explore?q=mushfiqur%20rahim&geo=IN"
"shadman islam","10 mil+","22 de agosto de 2026 a las 22:10:00 UTC-3","23 de agosto de 2026 a las 1:20:00 UTC-3","shadman islam,pat cummins,wtc points table 2026,aus vs ban test,aus vs bangladesh","./explore?q=shadman%20islam&geo=IN"
"বিজয়","5 mil+","24 de agosto de 2026 a las 11:20:00 UTC-3",,"বিজয়","./explore?q=%E0%A6%AC%E0%A6%BF%E0%A6%9C%E0%A6%AF%E0%A6%BC&geo=IN"
"जवाहरलाल नेहरू","5 mil+","24 de agosto de 2026 a las 12:30:00 UTC-3",,"जवाहरलाल नेहरू","./explore?q=%E0%A4%9C%E0%A4%B5%E0%A4%BE%E0%A4%B9%E0%A4%B0%E0%A4%B2%E0%A4%BE%E0%A4%B2%20%E0%A4%A8%E0%A5%87%E0%A4%B9%E0%A4%B0%E0%A5%82&geo=IN"
"শনি","5 mil+","24 de agosto de 2026 a las 6:10:00 UTC-3",,"শনি","./explore?q=%E0%A6%B6%E0%A6%A8%E0%A6%BF&geo=IN"
"कृषि यंत्र","5 mil+","24 de agosto de 2026 a las 8:50:00 UTC-3",,"कृषि यंत्र","./explore?q=%E0%A4%95%E0%A5%83%E0%A4%B7%E0%A4%BF%20%E0%A4%AF%E0%A4%82%E0%A4%A4%E0%A5%8D%E0%A4%B0&geo=IN"
"alpha","5 mil+","24 de agosto de 2026 a las 5:30:00 UTC-3",,"alpha","./explore?q=alpha&geo=IN"
"मिस यूनिवर्स इंडिया","5 mil+","24 de agosto de 2026 a las 4:30:00 UTC-3",,"मिस यूनिवर्स इंडिया","./explore?q=%E0%A4%AE%E0%A4%BF%E0%A4%B8%20%E0%A4%AF%E0%A5%82%E0%A4%A8%E0%A4%BF%E0%A4%B5%E0%A4%B0%E0%A5%8D%E0%A4%B8%20%E0%A4%87%E0%A4%82%E0%A4%A1%E0%A4%BF%E0%A4%AF%E0%A4%BE&geo=IN"
"यातायात","5 mil+","24 de agosto de 2026 a las 10:30:00 UTC-3",,"यातायात","./explore?q=%E0%A4%AF%E0%A4%BE%E0%A4%A4%E0%A4%BE%E0%A4%AF%E0%A4%BE%E0%A4%A4&geo=IN"
"आज सोने की कीमत","5 mil+","24 de agosto de 2026 a las 14:00:00 UTC-3",,"आज सोने की कीमत,चांदी,सोना चांदी का रेट","./explore?q=%E0%A4%86%E0%A4%9C%20%E0%A4%B8%E0%A5%8B%E0%A4%A8%E0%A5%87%20%E0%A4%95%E0%A5%80%20%E0%A4%95%E0%A5%80%E0%A4%AE%E0%A4%A4&geo=IN"
"voter eci","5 mil+","24 de agosto de 2026 a las 5:00:00 UTC-3",,"voter eci,navdeep singh suri","./explore?q=voter%20eci&geo=IN"
"रेल","5 mil+","24 de agosto de 2026 a las 12:20:00 UTC-3","24 de agosto de 2026 a las 16:00:00 UTC-3","रेल","./explore?q=%E0%A4%B0%E0%A5%87%E0%A4%B2&geo=IN"
"26 august holiday","5 mil+","23 de agosto de 2026 a las 22:30:00 UTC-3","24 de agosto de 2026 a las 16:10:00 UTC-3","26 august holiday,when is eid","./explore?q=26%20august%20holiday&geo=IN"
"अफगानिस्तान क्रिकेट टीम","5 mil+","24 de agosto de 2026 a las 10:00:00 UTC-3","24 de agosto de 2026 a las 15:00:00 UTC-3","अफगानिस्तान क्रिकेट टीम","./explore?q=%E0%A4%85%E0%A4%AB%E0%A4%97%E0%A4%BE%E0%A4%A8%E0%A4%BF%E0%A4%B8%E0%A5%8D%E0%A4%A4%E0%A4%BE%E0%A4%A8%20%E0%A4%95%E0%A5%8D%E0%A4%B0%E0%A4%BF%E0%A4%95%E0%A5%87%E0%A4%9F%20%E0%A4%9F%E0%A5%80%E0%A4%AE&geo=IN"
"irumudi collection worldwide","5 mil+","23 de agosto de 2026 a las 15:50:00 UTC-3",,"irumudi collection worldwide,ravi teja irumudi movie,irumudi collection","./explore?q=irumudi%20collection%20worldwide&geo=IN"
"india vs argentina hockey match","5 mil+","24 de agosto de 2026 a las 10:00:00 UTC-3","24 de agosto de 2026 a las 15:50:00 UTC-3","india vs argentina hockey match,india argentina hockey match,hockey india,ind vs arg hockey,3,india men hockey semifinal qualification scenarios","./explore?q=india%20vs%20argentina%20hockey%20match&geo=IN"
"latest ott releases","5 mil+","24 de agosto de 2026 a las 11:00:00 UTC-3","24 de agosto de 2026 a las 14:40:00 UTC-3","latest ott releases,ott this week","./explore?q=latest%20ott%20releases&geo=IN"
"ಹಾಸನ","5 mil+","24 de agosto de 2026 a las 2:00:00 UTC-3","24 de agosto de 2026 a las 13:10:00 UTC-3","ಹಾಸನ","./explore?q=%E0%B2%B9%E0%B2%BE%E0%B2%B8%E0%B2%A8&geo=IN"
"result","5 mil+","24 de agosto de 2026 a las 11:20:00 UTC-3","24 de agosto de 2026 a las 15:20:00 UTC-3","result,jackpot result,kerala jackpot result","./explore?q=result&geo=IN"
"प्याज","5 mil+","24 de agosto de 2026 a las 8:10:00 UTC-3","24 de agosto de 2026 a las 13:40:00 UTC-3","प्याज,कांदा","./explore?q=%E0%A4%AA%E0%A5%8D%E0%A4%AF%E0%A4%BE%E0%A4%9C&geo=IN"
"abhijit sarkar","5 mil+","24 de agosto de 2026 a las 5:50:00 UTC-3","24 de agosto de 2026 a las 15:40:00 UTC-3","abhijit sarkar,mukesh kumar","./explore?q=abhijit%20sarkar&geo=IN"
"வெங்காயம்","5 mil+","24 de agosto de 2026 a las 4:10:00 UTC-3","24 de agosto de 2026 a las 14:30:00 UTC-3","வெங்காயம்","./explore?q=%E0%AE%B5%E0%AF%86%E0%AE%99%E0%AF%8D%E0%AE%95%E0%AE%BE%E0%AE%AF%E0%AE%AE%E0%AF%8D&geo=IN"
"अभिजीत दीपके","5 mil+","24 de agosto de 2026 a las 13:40:00 UTC-3","24 de agosto de 2026 a las 14:50:00 UTC-3","अभिजीत दीपके","./explore?q=%E0%A4%85%E0%A4%AD%E0%A4%BF%E0%A4%9C%E0%A5%80%E0%A4%A4%20%E0%A4%A6%E0%A5%80%E0%A4%AA%E0%A4%95%E0%A5%87&geo=IN"
"એરપોર્ટ","5 mil+","24 de agosto de 2026 a las 4:30:00 UTC-3","24 de agosto de 2026 a las 14:00:00 UTC-3","એરપોર્ટ","./explore?q=%E0%AA%8F%E0%AA%B0%E0%AA%AA%E0%AB%8B%E0%AA%B0%E0%AB%8D%E0%AA%9F&geo=IN"
"नेटफ्लिक्स","5 mil+","24 de agosto de 2026 a las 0:30:00 UTC-3","24 de agosto de 2026 a las 11:20:00 UTC-3","नेटफ्लिक्स","./explore?q=%E0%A4%A8%E0%A5%87%E0%A4%9F%E0%A4%AB%E0%A5%8D%E0%A4%B2%E0%A4%BF%E0%A4%95%E0%A5%8D%E0%A4%B8&geo=IN"
"allahabad high court","5 mil+","24 de agosto de 2026 a las 6:50:00 UTC-3","24 de agosto de 2026 a las 14:30:00 UTC-3","allahabad high court","./explore?q=allahabad%20high%20court&geo=IN"
"h1n1 virus","5 mil+","24 de agosto de 2026 a las 3:40:00 UTC-3","24 de agosto de 2026 a las 16:40:00 UTC-3","h1n1 virus","./explore?q=h1n1%20virus&geo=IN"
"ಹಣ","5 mil+","23 de agosto de 2026 a las 15:10:00 UTC-3","24 de agosto de 2026 a las 9:50:00 UTC-3","ಹಣ","./explore?q=%E0%B2%B9%E0%B2%A3&geo=IN"
"फैटी लीवर","5 mil+","23 de agosto de 2026 a las 23:50:00 UTC-3","24 de agosto de 2026 a las 11:10:00 UTC-3","फैटी लीवर","./explore?q=%E0%A4%AB%E0%A5%88%E0%A4%9F%E0%A5%80%20%E0%A4%B2%E0%A5%80%E0%A4%B5%E0%A4%B0&geo=IN"
"cancer horoscope today","5 mil+","24 de agosto de 2026 a las 6:50:00 UTC-3","24 de agosto de 2026 a las 11:40:00 UTC-3","cancer horoscope today","./explore?q=cancer%20horoscope%20today&geo=IN"
"karim adeyemi","5 mil+","23 de agosto de 2026 a las 16:10:00 UTC-3","24 de agosto de 2026 a las 4:10:00 UTC-3","karim adeyemi","./explore?q=karim%20adeyemi&geo=IN"
"ఆధార్","5 mil+","23 de agosto de 2026 a las 22:20:00 UTC-3","24 de agosto de 2026 a las 9:50:00 UTC-3","ఆధార్","./explore?q=%E0%B0%86%E0%B0%A7%E0%B0%BE%E0%B0%B0%E0%B1%8D&geo=IN"
"khalifa movie the ruler","5 mil+","23 de agosto de 2026 a las 3:30:00 UTC-3","24 de agosto de 2026 a las 14:20:00 UTC-3","khalifa movie the ruler","./explore?q=khalifa%20movie%20the%20ruler&geo=IN"
"విశ్వనాధ్ & సన్స్","5 mil+","23 de agosto de 2026 a las 23:00:00 UTC-3","24 de agosto de 2026 a las 9:40:00 UTC-3","విశ్వనాధ్ & సన్స్","./explore?q=%E0%B0%B5%E0%B0%BF%E0%B0%B6%E0%B1%8D%E0%B0%B5%E0%B0%A8%E0%B0%BE%E0%B0%A7%E0%B1%8D%20%26%20%E0%B0%B8%E0%B0%A8%E0%B1%8D%E0%B0%B8%E0%B1%8D&geo=IN"
"ఆంధ్ర ప్రదేశ్","5 mil+","23 de agosto de 2026 a las 21:00:00 UTC-3","24 de agosto de 2026 a las 11:50:00 UTC-3","ఆంధ్ర ప్రదేశ్","./explore?q=%E0%B0%86%E0%B0%82%E0%B0%A7%E0%B1%8D%E0%B0%B0%20%E0%B0%AA%E0%B1%8D%E0%B0%B0%E0%B0%A6%E0%B1%87%E0%B0%B6%E0%B1%8D&geo=IN"
"முதலமைச்சர்","5 mil+","24 de agosto de 2026 a las 4:20:00 UTC-3","24 de agosto de 2026 a las 9:50:00 UTC-3","முதலமைச்சர்,தமிழக முதல்வர்,பேருந்து","./explore?q=%E0%AE%AE%E0%AF%81%E0%AE%A4%E0%AE%B2%E0%AE%AE%E0%AF%88%E0%AE%9A%E0%AF%8D%E0%AE%9A%E0%AE%B0%E0%AF%8D&geo=IN"
"இண்டேன்","5 mil+","24 de agosto de 2026 a las 2:40:00 UTC-3","24 de agosto de 2026 a las 10:50:00 UTC-3","இண்டேன்","./explore?q=%E0%AE%87%E0%AE%A3%E0%AF%8D%E0%AE%9F%E0%AF%87%E0%AE%A9%E0%AF%8D&geo=IN"
"लिस्टिंग","5 mil+","23 de agosto de 2026 a las 22:20:00 UTC-3","24 de agosto de 2026 a las 7:50:00 UTC-3","लिस्टिंग","./explore?q=%E0%A4%B2%E0%A4%BF%E0%A4%B8%E0%A5%8D%E0%A4%9F%E0%A4%BF%E0%A4%82%E0%A4%97&geo=IN"
"barca","5 mil+","23 de agosto de 2026 a las 16:00:00 UTC-3","24 de agosto de 2026 a las 1:20:00 UTC-3","barca,joão cancelo","./explore?q=barca&geo=IN"
"lamine yamal","5 mil+","23 de agosto de 2026 a las 16:40:00 UTC-3","24 de agosto de 2026 a las 3:40:00 UTC-3","lamine yamal","./explore?q=lamine%20yamal&geo=IN"
"gurugram","5 mil+","24 de agosto de 2026 a las 8:30:00 UTC-3","24 de agosto de 2026 a las 15:50:00 UTC-3","gurugram,gurgaon weather,today weather delhi,weather gurgaon,weather gurugram,today rain,online","./explore?q=gurugram&geo=IN"
"zubin bharucha","5 mil+","22 de agosto de 2026 a las 19:40:00 UTC-3","24 de agosto de 2026 a las 0:20:00 UTC-3","zubin bharucha","./explore?q=zubin%20bharucha&geo=IN"
"மு. க. ஸ்டாலின்","5 mil+","23 de agosto de 2026 a las 10:20:00 UTC-3","24 de agosto de 2026 a las 9:50:00 UTC-3","மு. க. ஸ்டாலின்","./explore?q=%E0%AE%AE%E0%AF%81.%20%E0%AE%95.%20%E0%AE%B8%E0%AF%8D%E0%AE%9F%E0%AE%BE%E0%AE%B2%E0%AE%BF%E0%AE%A9%E0%AF%8D&geo=IN"
"আধার","5 mil+","22 de agosto de 2026 a las 20:20:00 UTC-3","23 de agosto de 2026 a las 23:40:00 UTC-3","আধার","./explore?q=%E0%A6%86%E0%A6%A7%E0%A6%BE%E0%A6%B0&geo=IN"
"విమానాశ్రయం","5 mil+","23 de agosto de 2026 a las 10:20:00 UTC-3","24 de agosto de 2026 a las 3:10:00 UTC-3","విమానాశ్రయం","./explore?q=%E0%B0%B5%E0%B0%BF%E0%B0%AE%E0%B0%BE%E0%B0%A8%E0%B0%BE%E0%B0%B6%E0%B1%8D%E0%B0%B0%E0%B0%AF%E0%B0%82&geo=IN"
"யஷஸ்வி ஜெய்ஸ்வால்","5 mil+","23 de agosto de 2026 a las 8:00:00 UTC-3","24 de agosto de 2026 a las 9:50:00 UTC-3","யஷஸ்வி ஜெய்ஸ்வால்","./explore?q=%E0%AE%AF%E0%AE%B7%E0%AE%B8%E0%AF%8D%E0%AE%B5%E0%AE%BF%20%E0%AE%9C%E0%AF%86%E0%AE%AF%E0%AF%8D%E0%AE%B8%E0%AF%8D%E0%AE%B5%E0%AE%BE%E0%AE%B2%E0%AF%8D&geo=IN"
"xavi espart","5 mil+","23 de agosto de 2026 a las 16:10:00 UTC-3","24 de agosto de 2026 a las 2:50:00 UTC-3","xavi espart","./explore?q=xavi%20espart&geo=IN"
"बहावलपुर","5 mil+","23 de agosto de 2026 a las 8:30:00 UTC-3","24 de agosto de 2026 a las 0:20:00 UTC-3","बहावलपुर","./explore?q=%E0%A4%AC%E0%A4%B9%E0%A4%BE%E0%A4%B5%E0%A4%B2%E0%A4%AA%E0%A5%81%E0%A4%B0&geo=IN"
"dream11","5 mil+","23 de agosto de 2026 a las 8:20:00 UTC-3","23 de agosto de 2026 a las 22:30:00 UTC-3","dream11","./explore?q=dream11&geo=IN"
"రిషబ్ పంత్","5 mil+","23 de agosto de 2026 a las 8:30:00 UTC-3","23 de agosto de 2026 a las 23:50:00 UTC-3","రిషబ్ పంత్,బౌలింగ్","./explore?q=%E0%B0%B0%E0%B0%BF%E0%B0%B7%E0%B0%AC%E0%B1%8D%20%E0%B0%AA%E0%B0%82%E0%B0%A4%E0%B1%8D&geo=IN"
"వేతనం","5 mil+","22 de agosto de 2026 a las 23:20:00 UTC-3","23 de agosto de 2026 a las 23:50:00 UTC-3","వేతనం","./explore?q=%E0%B0%B5%E0%B1%87%E0%B0%A4%E0%B0%A8%E0%B0%82&geo=IN"
"atletico madrid","5 mil+","23 de agosto de 2026 a las 12:20:00 UTC-3","23 de agosto de 2026 a las 22:20:00 UTC-3","atletico madrid,atlético madrid vs villarreal cf standings","./explore?q=atletico%20madrid&geo=IN"
"deed","5 mil+","23 de agosto de 2026 a las 6:10:00 UTC-3","24 de agosto de 2026 a las 1:20:00 UTC-3","deed","./explore?q=deed&geo=IN"
"மின்சாரம்","5 mil+","23 de agosto de 2026 a las 7:00:00 UTC-3","23 de agosto de 2026 a las 23:30:00 UTC-3","மின்சாரம்","./explore?q=%E0%AE%AE%E0%AE%BF%E0%AE%A9%E0%AF%8D%E0%AE%9A%E0%AE%BE%E0%AE%B0%E0%AE%AE%E0%AF%8D&geo=IN"
"ആഹാരം","5 mil+","22 de agosto de 2026 a las 22:20:00 UTC-3","23 de agosto de 2026 a las 11:00:00 UTC-3","ആഹാരം","./explore?q=%E0%B4%86%E0%B4%B9%E0%B4%BE%E0%B4%B0%E0%B4%82&geo=IN"
"animesh kujur","5 mil+","23 de agosto de 2026 a las 4:40:00 UTC-3","24 de agosto de 2026 a las 7:00:00 UTC-3","animesh kujur","./explore?q=animesh%20kujur&geo=IN"
"इंडियन प्रीमियर लीग","5 mil+","23 de agosto de 2026 a las 9:10:00 UTC-3","24 de agosto de 2026 a las 0:00:00 UTC-3","इंडियन प्रीमियर लीग","./explore?q=%E0%A4%87%E0%A4%82%E0%A4%A1%E0%A4%BF%E0%A4%AF%E0%A4%A8%20%E0%A4%AA%E0%A5%8D%E0%A4%B0%E0%A5%80%E0%A4%AE%E0%A4%BF%E0%A4%AF%E0%A4%B0%20%E0%A4%B2%E0%A5%80%E0%A4%97&geo=IN"
"अर्धसैनिक बल","5 mil+","23 de agosto de 2026 a las 3:20:00 UTC-3","23 de agosto de 2026 a las 11:30:00 UTC-3","अर्धसैनिक बल","./explore?q=%E0%A4%85%E0%A4%B0%E0%A5%8D%E0%A4%A7%E0%A4%B8%E0%A5%88%E0%A4%A8%E0%A4%BF%E0%A4%95%20%E0%A4%AC%E0%A4%B2&geo=IN"
"hal tejas","5 mil+","22 de agosto de 2026 a las 18:30:00 UTC-3","23 de agosto de 2026 a las 11:40:00 UTC-3","hal tejas","./explore?q=hal%20tejas&geo=IN"
"जालौर","5 mil+","23 de agosto de 2026 a las 0:30:00 UTC-3","23 de agosto de 2026 a las 13:50:00 UTC-3","जालौर","./explore?q=%E0%A4%9C%E0%A4%BE%E0%A4%B2%E0%A5%8C%E0%A4%B0&geo=IN"
"dilip trophy","5 mil+","23 de agosto de 2026 a las 0:00:00 UTC-3","24 de agosto de 2026 a las 0:50:00 UTC-3","dilip trophy","./explore?q=dilip%20trophy&geo=IN"
"असिथा फर्नांडो","5 mil+","23 de agosto de 2026 a las 5:40:00 UTC-3","23 de agosto de 2026 a las 13:20:00 UTC-3","असिथा फर्नांडो,अंतर्राष्ट्रीय क्रिकेट परिषद,यशस्वी जायसवाल,आईसीसी","./explore?q=%E0%A4%85%E0%A4%B8%E0%A4%BF%E0%A4%A5%E0%A4%BE%20%E0%A4%AB%E0%A4%B0%E0%A5%8D%E0%A4%A8%E0%A4%BE%E0%A4%82%E0%A4%A1%E0%A5%8B&geo=IN"
"அரிசி","5 mil+","23 de agosto de 2026 a las 8:00:00 UTC-3","23 de agosto de 2026 a las 21:30:00 UTC-3","அரிசி","./explore?q=%E0%AE%85%E0%AE%B0%E0%AE%BF%E0%AE%9A%E0%AE%BF&geo=IN"
"ഒമാന്","5 mil+","23 de agosto de 2026 a las 4:40:00 UTC-3","24 de agosto de 2026 a las 0:10:00 UTC-3","ഒമാന്","./explore?q=%E0%B4%92%E0%B4%AE%E0%B4%BE%E0%B4%A8%E0%B5%8D&geo=IN"
"ox alpha stealth model","5 mil+","23 de agosto de 2026 a las 5:40:00 UTC-3","23 de agosto de 2026 a las 11:10:00 UTC-3","ox alpha stealth model","./explore?q=ox%20alpha%20stealth%20model&geo=IN"
"ऑस्ट्रेलिया राष्ट्रीय क्रिकेट टीम","5 mil+","23 de agosto de 2026 a las 6:40:00 UTC-3","23 de agosto de 2026 a las 12:20:00 UTC-3","ऑस्ट्रेलिया राष्ट्रीय क्रिकेट टीम,बांगलादेश वि ऑस्ट्रेलिया","./explore?q=%E0%A4%91%E0%A4%B8%E0%A5%8D%E0%A4%9F%E0%A5%8D%E0%A4%B0%E0%A5%87%E0%A4%B2%E0%A4%BF%E0%A4%AF%E0%A4%BE%20%E0%A4%B0%E0%A4%BE%E0%A4%B7%E0%A5%8D%E0%A4%9F%E0%A5%8D%E0%A4%B0%E0%A5%80%E0%A4%AF%20%E0%A4%95%E0%A5%8D%E0%A4%B0%E0%A4%BF%E0%A4%95%E0%A5%87%E0%A4%9F%20%E0%A4%9F%E0%A5%80%E0%A4%AE&geo=IN"
"कार","5 mil+","23 de agosto de 2026 a las 6:10:00 UTC-3","23 de agosto de 2026 a las 11:00:00 UTC-3","कार","./explore?q=%E0%A4%95%E0%A4%BE%E0%A4%B0&geo=IN"
"joyalukkas jewellery","5 mil+","23 de agosto de 2026 a las 11:20:00 UTC-3","23 de agosto de 2026 a las 15:50:00 UTC-3","joyalukkas jewellery","./explore?q=joyalukkas%20jewellery&geo=IN"
"financial independence","5 mil+","23 de agosto de 2026 a las 3:20:00 UTC-3","23 de agosto de 2026 a las 12:40:00 UTC-3","financial independence","./explore?q=financial%20independence&geo=IN"
"mohsin khan tamanna engagement","5 mil+","23 de agosto de 2026 a las 4:00:00 UTC-3","23 de agosto de 2026 a las 12:40:00 UTC-3","mohsin khan tamanna engagement,actor mohsin khan announced his engagement to partner tamanna","./explore?q=mohsin%20khan%20tamanna%20engagement&geo=IN"
"ভালোবাসা","5 mil+","23 de agosto de 2026 a las 4:10:00 UTC-3","23 de agosto de 2026 a las 13:40:00 UTC-3","ভালোবাসা,মানসী সিনহা","./explore?q=%E0%A6%AD%E0%A6%BE%E0%A6%B2%E0%A7%8B%E0%A6%AC%E0%A6%BE%E0%A6%B8%E0%A6%BE&geo=IN"
"शनि","5 mil+","23 de agosto de 2026 a las 8:20:00 UTC-3","23 de agosto de 2026 a las 12:10:00 UTC-3","शनि","./explore?q=%E0%A4%B6%E0%A4%A8%E0%A4%BF&geo=IN"
"સોનું","5 mil+","23 de agosto de 2026 a las 4:50:00 UTC-3","23 de agosto de 2026 a las 10:50:00 UTC-3","સોનું","./explore?q=%E0%AA%B8%E0%AB%8B%E0%AA%A8%E0%AB%81%E0%AA%82&geo=IN"
"పులి","5 mil+","23 de agosto de 2026 a las 6:30:00 UTC-3","23 de agosto de 2026 a las 12:00:00 UTC-3","పులి","./explore?q=%E0%B0%AA%E0%B1%81%E0%B0%B2%E0%B0%BF&geo=IN"
"সরকার","5 mil+","22 de agosto de 2026 a las 23:40:00 UTC-3","23 de agosto de 2026 a las 7:00:00 UTC-3","সরকার","./explore?q=%E0%A6%B8%E0%A6%B0%E0%A6%95%E0%A6%BE%E0%A6%B0&geo=IN"
"akash choudhary","5 mil+","23 de agosto de 2026 a las 1:20:00 UTC-3","23 de agosto de 2026 a las 10:40:00 UTC-3","akash choudhary,kumar kushagra,virat singh","./explore?q=akash%20choudhary&geo=IN"
"govinda","5 mil+","23 de agosto de 2026 a las 4:50:00 UTC-3","23 de agosto de 2026 a las 8:40:00 UTC-3","govinda","./explore?q=govinda&geo=IN"
"മഞ്ജു വാര്യര്","5 mil+","23 de agosto de 2026 a las 8:00:00 UTC-3","23 de agosto de 2026 a las 10:00:00 UTC-3","മഞ്ജു വാര്യര്,വൈറല് വീഡിയോ","./explore?q=%E0%B4%AE%E0%B4%9E%E0%B5%8D%E0%B4%9C%E0%B5%81%20%E0%B4%B5%E0%B4%BE%E0%B4%B0%E0%B5%8D%E0%B4%AF%E0%B4%B0%E0%B5%8D&geo=IN"
"sensex index","5 mil+","24 de agosto de 2026 a las 7:10:00 UTC-3","24 de agosto de 2026 a las 8:10:00 UTC-3","sensex index,nifty share price,nifty 50 share price,sensex share price,nifty 50 today,share market today,nifty50,sensex live","./explore?q=sensex%20index&geo=IN"
"prasidh krishna","5 mil+","23 de agosto de 2026 a las 1:30:00 UTC-3","23 de agosto de 2026 a las 3:30:00 UTC-3","prasidh krishna","./explore?q=prasidh%20krishna&geo=IN"
"india national cricket team","5 mil+","23 de agosto de 2026 a las 1:10:00 UTC-3","23 de agosto de 2026 a las 3:00:00 UTC-3","india national cricket team","./explore?q=india%20national%20cricket%20team&geo=IN"
"मध्य प्रदेश","5 mil+","23 de agosto de 2026 a las 10:30:00 UTC-3","23 de agosto de 2026 a las 11:50:00 UTC-3","मध्य प्रदेश,weather bhopal","./explore?q=%E0%A4%AE%E0%A4%A7%E0%A5%8D%E0%A4%AF%20%E0%A4%AA%E0%A5%8D%E0%A4%B0%E0%A4%A6%E0%A5%87%E0%A4%B6&geo=IN"
"lottery sambad lottery sambad","5 mil+","23 de agosto de 2026 a las 4:50:00 UTC-3","23 de agosto de 2026 a las 12:50:00 UTC-3","lottery sambad lottery sambad,nagaland lottery result,night lottery sambad,night lottery result,nagaland lottery sambad","./explore?q=lottery%20sambad%20lottery%20sambad&geo=IN"
"mls","5 mil+","22 de agosto de 2026 a las 22:50:00 UTC-3","22 de agosto de 2026 a las 23:50:00 UTC-3","mls","./explore?q=mls&geo=IN"
"gaja alternative ipo gmp today allotment","2 mil+","24 de agosto de 2026 a las 13:50:00 UTC-3",,"gaja alternative ipo gmp today allotment,gaja ipo allotment status","./explore?q=gaja%20alternative%20ipo%20gmp%20today%20allotment&geo=IN"
"roma vs fiorentina","2 mil+","24 de agosto de 2026 a las 14:50:00 UTC-3",,"roma vs fiorentina,roma","./explore?q=roma%20vs%20fiorentina&geo=IN"
"electricity","2 mil+","24 de agosto de 2026 a las 11:30:00 UTC-3",,"electricity","./explore?q=electricity&geo=IN"
"कार्तिक त्यागी","2 mil+","24 de agosto de 2026 a las 9:10:00 UTC-3",,"कार्तिक त्यागी","./explore?q=%E0%A4%95%E0%A4%BE%E0%A4%B0%E0%A5%8D%E0%A4%A4%E0%A4%BF%E0%A4%95%20%E0%A4%A4%E0%A5%8D%E0%A4%AF%E0%A4%BE%E0%A4%97%E0%A5%80&geo=IN"
"datura","2 mil+","24 de agosto de 2026 a las 14:00:00 UTC-3",,"datura,karnataka","./explore?q=datura&geo=IN"
"bleach thousand year blood war anime","2 mil+","24 de agosto de 2026 a las 1:20:00 UTC-3",,"bleach thousand year blood war anime","./explore?q=bleach%20thousand%20year%20blood%20war%20anime&geo=IN"
"us open","2 mil+","23 de agosto de 2026 a las 22:30:00 UTC-3",,"us open,us open tennis","./explore?q=us%20open&geo=IN"
"toxic advance booking","2 mil+","24 de agosto de 2026 a las 7:30:00 UTC-3",,"toxic advance booking","./explore?q=toxic%20advance%20booking&geo=IN"
"महिंद्रा स्कॉर्पियो एन","2 mil+","24 de agosto de 2026 a las 13:00:00 UTC-3",,"महिंद्रा स्कॉर्पियो एन,महिंद्रा स्कॉर्पियो-एन","./explore?q=%E0%A4%AE%E0%A4%B9%E0%A4%BF%E0%A4%82%E0%A4%A6%E0%A5%8D%E0%A4%B0%E0%A4%BE%20%E0%A4%B8%E0%A5%8D%E0%A4%95%E0%A5%89%E0%A4%B0%E0%A5%8D%E0%A4%AA%E0%A4%BF%E0%A4%AF%E0%A5%8B%20%E0%A4%8F%E0%A4%A8&geo=IN"
"ಐಫೋನ್","2 mil+","24 de agosto de 2026 a las 15:50:00 UTC-3",,"ಐಫೋನ್,ವಿಜಯವಾಣಿ,ತಾಯಿ","./explore?q=%E0%B2%90%E0%B2%AB%E0%B3%8B%E0%B2%A8%E0%B3%8D&geo=IN"
"आईफ़ोन","2 mil+","24 de agosto de 2026 a las 13:00:00 UTC-3","24 de agosto de 2026 a las 17:10:00 UTC-3","आईफ़ोन","./explore?q=%E0%A4%86%E0%A4%88%E0%A4%AB%E0%A4%BC%E0%A5%8B%E0%A4%A8&geo=IN"
"vivo v80 lite","2 mil+","24 de agosto de 2026 a las 11:00:00 UTC-3","24 de agosto de 2026 a las 15:50:00 UTC-3","vivo v80 lite,vivo v80 lite 5g","./explore?q=vivo%20v80%20lite&geo=IN"
"വിജയ്","2 mil+","24 de agosto de 2026 a las 1:20:00 UTC-3","24 de agosto de 2026 a las 13:40:00 UTC-3","വിജയ്","./explore?q=%E0%B4%B5%E0%B4%BF%E0%B4%9C%E0%B4%AF%E0%B5%8D&geo=IN"
"ಸಕ್ಕರೆ","2 mil+","24 de agosto de 2026 a las 5:30:00 UTC-3","24 de agosto de 2026 a las 14:00:00 UTC-3","ಸಕ್ಕರೆ","./explore?q=%E0%B2%B8%E0%B2%95%E0%B3%8D%E0%B2%95%E0%B2%B0%E0%B3%86&geo=IN"
"छत्रपति संभाजीनगर","2 mil+","24 de agosto de 2026 a las 10:40:00 UTC-3","24 de agosto de 2026 a las 16:20:00 UTC-3","छत्रपति संभाजीनगर","./explore?q=%E0%A4%9B%E0%A4%A4%E0%A5%8D%E0%A4%B0%E0%A4%AA%E0%A4%A4%E0%A4%BF%20%E0%A4%B8%E0%A4%82%E0%A4%AD%E0%A4%BE%E0%A4%9C%E0%A5%80%E0%A4%A8%E0%A4%97%E0%A4%B0&geo=IN"
"harbhajan singh","2 mil+","24 de agosto de 2026 a las 5:30:00 UTC-3","24 de agosto de 2026 a las 14:10:00 UTC-3","harbhajan singh","./explore?q=harbhajan%20singh&geo=IN"
"பங்கு","2 mil+","24 de agosto de 2026 a las 8:10:00 UTC-3","24 de agosto de 2026 a las 15:30:00 UTC-3","பங்கு","./explore?q=%E0%AE%AA%E0%AE%99%E0%AF%8D%E0%AE%95%E0%AF%81&geo=IN"
"રવીન્દ્ર જાડેજા","2 mil+","24 de agosto de 2026 a las 7:10:00 UTC-3","24 de agosto de 2026 a las 14:50:00 UTC-3","રવીન્દ્ર જાડેજા","./explore?q=%E0%AA%B0%E0%AA%B5%E0%AB%80%E0%AA%A8%E0%AB%8D%E0%AA%A6%E0%AB%8D%E0%AA%B0%20%E0%AA%9C%E0%AA%BE%E0%AA%A1%E0%AB%87%E0%AA%9C%E0%AA%BE&geo=IN"
"aaryamann sethi first home purchase","2 mil+","24 de agosto de 2026 a las 7:20:00 UTC-3","24 de agosto de 2026 a las 14:50:00 UTC-3","aaryamann sethi first home purchase","./explore?q=aaryamann%20sethi%20first%20home%20purchase&geo=IN"
"harvard university","2 mil+","24 de agosto de 2026 a las 5:20:00 UTC-3","24 de agosto de 2026 a las 14:00:00 UTC-3","harvard university","./explore?q=harvard%20university&geo=IN"
"होटल","2 mil+","24 de agosto de 2026 a las 11:00:00 UTC-3","24 de agosto de 2026 a las 15:20:00 UTC-3","होटल","./explore?q=%E0%A4%B9%E0%A5%8B%E0%A4%9F%E0%A4%B2&geo=IN"
"ഇറാഖ്","2 mil+","24 de agosto de 2026 a las 9:20:00 UTC-3","24 de agosto de 2026 a las 14:30:00 UTC-3","ഇറാഖ്","./explore?q=%E0%B4%87%E0%B4%B1%E0%B4%BE%E0%B4%96%E0%B5%8D&geo=IN"
"পেনশন","2 mil+","24 de agosto de 2026 a las 6:00:00 UTC-3","24 de agosto de 2026 a las 13:10:00 UTC-3","পেনশন","./explore?q=%E0%A6%AA%E0%A7%87%E0%A6%A8%E0%A6%B6%E0%A6%A8&geo=IN"
"மேம்பாலம்","2 mil+","24 de agosto de 2026 a las 0:10:00 UTC-3","24 de agosto de 2026 a las 11:00:00 UTC-3","மேம்பாலம்","./explore?q=%E0%AE%AE%E0%AF%87%E0%AE%AE%E0%AF%8D%E0%AE%AA%E0%AE%BE%E0%AE%B2%E0%AE%AE%E0%AF%8D&geo=IN"
"ఆంధ్రప్రదేశ్ రాష్ట్ర ఎన్నికల సంఘం","2 mil+","24 de agosto de 2026 a las 8:10:00 UTC-3","24 de agosto de 2026 a las 13:10:00 UTC-3","ఆంధ్రప్రదేశ్ రాష్ట్ర ఎన్నికల సంఘం","./explore?q=%E0%B0%86%E0%B0%82%E0%B0%A7%E0%B1%8D%E0%B0%B0%E0%B0%AA%E0%B1%8D%E0%B0%B0%E0%B0%A6%E0%B1%87%E0%B0%B6%E0%B1%8D%20%E0%B0%B0%E0%B0%BE%E0%B0%B7%E0%B1%8D%E0%B0%9F%E0%B1%8D%E0%B0%B0%20%E0%B0%8E%E0%B0%A8%E0%B1%8D%E0%B0%A8%E0%B0%BF%E0%B0%95%E0%B0%B2%20%E0%B0%B8%E0%B0%82%E0%B0%98%E0%B0%82&geo=IN"
"अमेरिकी नौसेना","2 mil+","24 de agosto de 2026 a las 4:50:00 UTC-3","24 de agosto de 2026 a las 13:20:00 UTC-3","अमेरिकी नौसेना","./explore?q=%E0%A4%85%E0%A4%AE%E0%A5%87%E0%A4%B0%E0%A4%BF%E0%A4%95%E0%A5%80%20%E0%A4%A8%E0%A5%8C%E0%A4%B8%E0%A5%87%E0%A4%A8%E0%A4%BE&geo=IN"
"भारती एयरटेल","2 mil+","24 de agosto de 2026 a las 5:00:00 UTC-3","24 de agosto de 2026 a las 11:40:00 UTC-3","भारती एयरटेल","./explore?q=%E0%A4%AD%E0%A4%BE%E0%A4%B0%E0%A4%A4%E0%A5%80%20%E0%A4%8F%E0%A4%AF%E0%A4%B0%E0%A4%9F%E0%A5%87%E0%A4%B2&geo=IN"
"सचिन तेंदुलकर","2 mil+","24 de agosto de 2026 a las 13:40:00 UTC-3","24 de agosto de 2026 a las 15:00:00 UTC-3","सचिन तेंदुलकर","./explore?q=%E0%A4%B8%E0%A4%9A%E0%A4%BF%E0%A4%A8%20%E0%A4%A4%E0%A5%87%E0%A4%82%E0%A4%A6%E0%A5%81%E0%A4%B2%E0%A4%95%E0%A4%B0&geo=IN"
"பாம்புகள்","2 mil+","24 de agosto de 2026 a las 9:30:00 UTC-3","24 de agosto de 2026 a las 13:40:00 UTC-3","பாம்புகள்","./explore?q=%E0%AE%AA%E0%AE%BE%E0%AE%AE%E0%AF%8D%E0%AE%AA%E0%AF%81%E0%AE%95%E0%AE%B3%E0%AF%8D&geo=IN"
"ग्वादर","2 mil+","24 de agosto de 2026 a las 7:30:00 UTC-3","24 de agosto de 2026 a las 11:00:00 UTC-3","ग्वादर","./explore?q=%E0%A4%97%E0%A5%8D%E0%A4%B5%E0%A4%BE%E0%A4%A6%E0%A4%B0&geo=IN"
"के एम जोसेफ","2 mil+","24 de agosto de 2026 a las 2:40:00 UTC-3","24 de agosto de 2026 a las 9:10:00 UTC-3","के एम जोसेफ","./explore?q=%E0%A4%95%E0%A5%87%20%E0%A4%8F%E0%A4%AE%20%E0%A4%9C%E0%A5%8B%E0%A4%B8%E0%A5%87%E0%A4%AB&geo=IN"
"വാഹനം","2 mil+","24 de agosto de 2026 a las 2:50:00 UTC-3","24 de agosto de 2026 a las 12:20:00 UTC-3","വാഹനം","./explore?q=%E0%B4%B5%E0%B4%BE%E0%B4%B9%E0%B4%A8%E0%B4%82&geo=IN"
"election commission of india","2 mil+","24 de agosto de 2026 a las 9:20:00 UTC-3","24 de agosto de 2026 a las 13:30:00 UTC-3","election commission of india,5","./explore?q=election%20commission%20of%20india&geo=IN"
"ferran torres","2 mil+","23 de agosto de 2026 a las 16:40:00 UTC-3","24 de agosto de 2026 a las 3:30:00 UTC-3","ferran torres","./explore?q=ferran%20torres&geo=IN"
"बॉन्ड","2 mil+","23 de agosto de 2026 a las 12:20:00 UTC-3","24 de agosto de 2026 a las 3:40:00 UTC-3","बॉन्ड","./explore?q=%E0%A4%AC%E0%A5%89%E0%A4%A8%E0%A5%8D%E0%A4%A1&geo=IN"
"తిరుపతి","2 mil+","24 de agosto de 2026 a las 5:20:00 UTC-3","24 de agosto de 2026 a las 9:20:00 UTC-3","తిరుపతి","./explore?q=%E0%B0%A4%E0%B0%BF%E0%B0%B0%E0%B1%81%E0%B0%AA%E0%B0%A4%E0%B0%BF&geo=IN"
"சென்னை சூப்பர் கிங்ஸ்","2 mil+","24 de agosto de 2026 a las 5:30:00 UTC-3","24 de agosto de 2026 a las 10:20:00 UTC-3","சென்னை சூப்பர் கிங்ஸ்","./explore?q=%E0%AE%9A%E0%AF%86%E0%AE%A9%E0%AF%8D%E0%AE%A9%E0%AF%88%20%E0%AE%9A%E0%AF%82%E0%AE%AA%E0%AF%8D%E0%AE%AA%E0%AE%B0%E0%AF%8D%20%E0%AE%95%E0%AE%BF%E0%AE%99%E0%AF%8D%E0%AE%B8%E0%AF%8D&geo=IN"
"ഭര്ത്താവ്","2 mil+","23 de agosto de 2026 a las 11:10:00 UTC-3","24 de agosto de 2026 a las 6:50:00 UTC-3","ഭര്ത്താവ്","./explore?q=%E0%B4%AD%E0%B4%B0%E0%B5%8D%E0%B4%A4%E0%B5%8D%E0%B4%A4%E0%B4%BE%E0%B4%B5%E0%B5%8D&geo=IN"
"ஓய்வூதியம்","2 mil+","24 de agosto de 2026 a las 7:10:00 UTC-3","24 de agosto de 2026 a las 9:40:00 UTC-3","ஓய்வூதியம்","./explore?q=%E0%AE%93%E0%AE%AF%E0%AF%8D%E0%AE%B5%E0%AF%82%E0%AE%A4%E0%AE%BF%E0%AE%AF%E0%AE%AE%E0%AF%8D&geo=IN"
"এক দেশ এক ভোট","2 mil+","24 de agosto de 2026 a las 1:10:00 UTC-3","24 de agosto de 2026 a las 9:40:00 UTC-3","এক দেশ এক ভোট,এক দেশ, এক ভোট","./explore?q=%E0%A6%8F%E0%A6%95%20%E0%A6%A6%E0%A7%87%E0%A6%B6%20%E0%A6%8F%E0%A6%95%20%E0%A6%AD%E0%A7%8B%E0%A6%9F&geo=IN"
"hy tech engineers ipo gmp","2 mil+","24 de agosto de 2026 a las 1:00:00 UTC-3","24 de agosto de 2026 a las 8:00:00 UTC-3","hy tech engineers ipo gmp,hytech engineers ipo gmp,hy tech engineers ipo","./explore?q=hy%20tech%20engineers%20ipo%20gmp&geo=IN"
"karan sharma","2 mil+","24 de agosto de 2026 a las 6:50:00 UTC-3","24 de agosto de 2026 a las 10:10:00 UTC-3","karan sharma","./explore?q=karan%20sharma&geo=IN"
"parandur","2 mil+","24 de agosto de 2026 a las 3:30:00 UTC-3","24 de agosto de 2026 a las 10:40:00 UTC-3","parandur,parandur airport,chennai parandur airport,vijay tvk parandur decision","./explore?q=parandur&geo=IN"
"मेष","2 mil+","23 de agosto de 2026 a las 21:20:00 UTC-3","24 de agosto de 2026 a las 8:50:00 UTC-3","मेष,राशिफल,मीन राशि","./explore?q=%E0%A4%AE%E0%A5%87%E0%A4%B7&geo=IN"
"ભારત","2 mil+","24 de agosto de 2026 a las 6:40:00 UTC-3","24 de agosto de 2026 a las 12:40:00 UTC-3","ભારત","./explore?q=%E0%AA%AD%E0%AA%BE%E0%AA%B0%E0%AA%A4&geo=IN"
"ബസ്","2 mil+","24 de agosto de 2026 a las 8:40:00 UTC-3","24 de agosto de 2026 a las 10:40:00 UTC-3","ബസ്","./explore?q=%E0%B4%AC%E0%B4%B8%E0%B5%8D&geo=IN"
"संभागीय आयुक्त","2 mil+","23 de agosto de 2026 a las 22:30:00 UTC-3","24 de agosto de 2026 a las 4:50:00 UTC-3","संभागीय आयुक्त","./explore?q=%E0%A4%B8%E0%A4%82%E0%A4%AD%E0%A4%BE%E0%A4%97%E0%A5%80%E0%A4%AF%20%E0%A4%86%E0%A4%AF%E0%A5%81%E0%A4%95%E0%A5%8D%E0%A4%A4&geo=IN"
"ভারতীয় রেল","2 mil+","23 de agosto de 2026 a las 22:50:00 UTC-3","24 de agosto de 2026 a las 7:50:00 UTC-3","ভারতীয় রেল","./explore?q=%E0%A6%AD%E0%A6%BE%E0%A6%B0%E0%A6%A4%E0%A7%80%E0%A6%AF%E0%A6%BC%20%E0%A6%B0%E0%A7%87%E0%A6%B2&geo=IN"
"mohammed shami","2 mil+","24 de agosto de 2026 a las 2:10:00 UTC-3","24 de agosto de 2026 a las 8:50:00 UTC-3","mohammed shami","./explore?q=mohammed%20shami&geo=IN"
"priyanka chopra","2 mil+","23 de agosto de 2026 a las 6:10:00 UTC-3","24 de agosto de 2026 a las 0:10:00 UTC-3","priyanka chopra","./explore?q=priyanka%20chopra&geo=IN"
"itbp","2 mil+","24 de agosto de 2026 a las 1:40:00 UTC-3","24 de agosto de 2026 a las 10:20:00 UTC-3","itbp","./explore?q=itbp&geo=IN"
"इंडिया टीवी","2 mil+","23 de agosto de 2026 a las 12:10:00 UTC-3","24 de agosto de 2026 a las 1:20:00 UTC-3","इंडिया टीवी","./explore?q=%E0%A4%87%E0%A4%82%E0%A4%A1%E0%A4%BF%E0%A4%AF%E0%A4%BE%20%E0%A4%9F%E0%A5%80%E0%A4%B5%E0%A5%80&geo=IN"
"ಶುಭ್ಮನ್ ಗಿಲ್","2 mil+","24 de agosto de 2026 a las 4:40:00 UTC-3","24 de agosto de 2026 a las 11:10:00 UTC-3","ಶುಭ್ಮನ್ ಗಿಲ್","./explore?q=%E0%B2%B6%E0%B3%81%E0%B2%AD%E0%B3%8D%E0%B2%AE%E0%B2%A8%E0%B3%8D%20%E0%B2%97%E0%B2%BF%E0%B2%B2%E0%B3%8D&geo=IN"
"aoc","2 mil+","23 de agosto de 2026 a las 23:00:00 UTC-3","24 de agosto de 2026 a las 13:10:00 UTC-3","aoc","./explore?q=aoc&geo=IN"
"gas","2 mil+","23 de agosto de 2026 a las 14:50:00 UTC-3","24 de agosto de 2026 a las 6:20:00 UTC-3","gas","./explore?q=gas&geo=IN"
"हत्या","2 mil+","23 de agosto de 2026 a las 11:30:00 UTC-3","24 de agosto de 2026 a las 0:00:00 UTC-3","हत्या","./explore?q=%E0%A4%B9%E0%A4%A4%E0%A5%8D%E0%A4%AF%E0%A4%BE&geo=IN"
"colombo weather","2 mil+","24 de agosto de 2026 a las 5:30:00 UTC-3","24 de agosto de 2026 a las 9:40:00 UTC-3","colombo weather","./explore?q=colombo%20weather&geo=IN"
"తెలంగాణ ప్రభుత్వం","2 mil+","24 de agosto de 2026 a las 2:50:00 UTC-3","24 de agosto de 2026 a las 6:30:00 UTC-3","తెలంగాణ ప్రభుత్వం","./explore?q=%E0%B0%A4%E0%B1%86%E0%B0%B2%E0%B0%82%E0%B0%97%E0%B0%BE%E0%B0%A3%20%E0%B0%AA%E0%B1%8D%E0%B0%B0%E0%B0%AD%E0%B1%81%E0%B0%A4%E0%B1%8D%E0%B0%B5%E0%B0%82&geo=IN"
"റിയാദ്","2 mil+","24 de agosto de 2026 a las 1:20:00 UTC-3","24 de agosto de 2026 a las 6:10:00 UTC-3","റിയാദ്","./explore?q=%E0%B4%B1%E0%B4%BF%E0%B4%AF%E0%B4%BE%E0%B4%A6%E0%B5%8D&geo=IN"
"chennai weather","2 mil+","23 de agosto de 2026 a las 11:20:00 UTC-3","24 de agosto de 2026 a las 13:10:00 UTC-3","chennai weather,weather chennai","./explore?q=chennai%20weather&geo=IN"
"julián alvarez","2 mil+","23 de agosto de 2026 a las 12:40:00 UTC-3","23 de agosto de 2026 a las 21:40:00 UTC-3","julián alvarez,julian alvarez","./explore?q=juli%C3%A1n%20alvarez&geo=IN"
"मारुति बलेनो","2 mil+","23 de agosto de 2026 a las 11:30:00 UTC-3","24 de agosto de 2026 a las 0:20:00 UTC-3","मारुति बलेनो","./explore?q=%E0%A4%AE%E0%A4%BE%E0%A4%B0%E0%A5%81%E0%A4%A4%E0%A4%BF%20%E0%A4%AC%E0%A4%B2%E0%A5%87%E0%A4%A8%E0%A5%8B&geo=IN"
"ಕೇರಳ","2 mil+","23 de agosto de 2026 a las 22:50:00 UTC-3","24 de agosto de 2026 a las 9:20:00 UTC-3","ಕೇರಳ","./explore?q=%E0%B2%95%E0%B3%87%E0%B2%B0%E0%B2%B3&geo=IN"
"ऋषभ पंत","2 mil+","24 de agosto de 2026 a las 8:10:00 UTC-3","24 de agosto de 2026 a las 9:20:00 UTC-3","ऋषभ पंत","./explore?q=%E0%A4%8B%E0%A4%B7%E0%A4%AD%20%E0%A4%AA%E0%A4%82%E0%A4%A4&geo=IN"
"नितीन गडकरी","2 mil+","23 de agosto de 2026 a las 10:20:00 UTC-3","24 de agosto de 2026 a las 1:10:00 UTC-3","नितीन गडकरी","./explore?q=%E0%A4%A8%E0%A4%BF%E0%A4%A4%E0%A5%80%E0%A4%A8%20%E0%A4%97%E0%A4%A1%E0%A4%95%E0%A4%B0%E0%A5%80&geo=IN"
"bmw x1 lwb","2 mil+","24 de agosto de 2026 a las 3:10:00 UTC-3","24 de agosto de 2026 a las 4:50:00 UTC-3","bmw x1 lwb","./explore?q=bmw%20x1%20lwb&geo=IN"
"भारतीय जनता पार्टी","2 mil+","23 de agosto de 2026 a las 21:40:00 UTC-3","24 de agosto de 2026 a las 6:00:00 UTC-3","भारतीय जनता पार्टी","./explore?q=%E0%A4%AD%E0%A4%BE%E0%A4%B0%E0%A4%A4%E0%A5%80%E0%A4%AF%20%E0%A4%9C%E0%A4%A8%E0%A4%A4%E0%A4%BE%20%E0%A4%AA%E0%A4%BE%E0%A4%B0%E0%A5%8D%E0%A4%9F%E0%A5%80&geo=IN"
"medhavi bidhuri cricketer","2 mil+","23 de agosto de 2026 a las 18:30:00 UTC-3","24 de agosto de 2026 a las 6:40:00 UTC-3","medhavi bidhuri cricketer,medhavi bidhuri","./explore?q=medhavi%20bidhuri%20cricketer&geo=IN"
"ದೇವದತ್ ಪಡಿಕ್ಕಲ್","2 mil+","23 de agosto de 2026 a las 10:10:00 UTC-3","24 de agosto de 2026 a las 0:10:00 UTC-3","ದೇವದತ್ ಪಡಿಕ್ಕಲ್","./explore?q=%E0%B2%A6%E0%B3%87%E0%B2%B5%E0%B2%A6%E0%B2%A4%E0%B3%8D%20%E0%B2%AA%E0%B2%A1%E0%B2%BF%E0%B2%95%E0%B3%8D%E0%B2%95%E0%B2%B2%E0%B3%8D&geo=IN"
"2027","2 mil+","23 de agosto de 2026 a las 4:40:00 UTC-3","23 de agosto de 2026 a las 21:30:00 UTC-3","2027","./explore?q=2027&geo=IN"
"শিক্ষক","2 mil+","23 de agosto de 2026 a las 8:20:00 UTC-3","23 de agosto de 2026 a las 22:40:00 UTC-3","শিক্ষক","./explore?q=%E0%A6%B6%E0%A6%BF%E0%A6%95%E0%A7%8D%E0%A6%B7%E0%A6%95&geo=IN"
"वृश्चिक राशि","2 mil+","23 de agosto de 2026 a las 4:20:00 UTC-3","24 de agosto de 2026 a las 0:20:00 UTC-3","वृश्चिक राशि","./explore?q=%E0%A4%B5%E0%A5%83%E0%A4%B6%E0%A5%8D%E0%A4%9A%E0%A4%BF%E0%A4%95%20%E0%A4%B0%E0%A4%BE%E0%A4%B6%E0%A4%BF&geo=IN"
"युद्धपोत","2 mil+","23 de agosto de 2026 a las 7:30:00 UTC-3","23 de agosto de 2026 a las 22:20:00 UTC-3","युद्धपोत,ओडिशा,भारतीय नौसेना","./explore?q=%E0%A4%AF%E0%A5%81%E0%A4%A6%E0%A5%8D%E0%A4%A7%E0%A4%AA%E0%A5%8B%E0%A4%A4&geo=IN"
"anshul kamboj","2 mil+","23 de agosto de 2026 a las 6:30:00 UTC-3","23 de agosto de 2026 a las 23:50:00 UTC-3","anshul kamboj,ayush badoni","./explore?q=anshul%20kamboj&geo=IN"
"അജിത് കുമാര്","2 mil+","23 de agosto de 2026 a las 12:00:00 UTC-3","24 de agosto de 2026 a las 8:30:00 UTC-3","അജിത് കുമാര്","./explore?q=%E0%B4%85%E0%B4%9C%E0%B4%BF%E0%B4%A4%E0%B5%8D%20%E0%B4%95%E0%B5%81%E0%B4%AE%E0%B4%BE%E0%B4%B0%E0%B5%8D&geo=IN"
"ಹೆಚ್.ಡಿ.ಕುಮಾರಸ್ವಾಮಿ","2 mil+","23 de agosto de 2026 a las 9:40:00 UTC-3","24 de agosto de 2026 a las 0:10:00 UTC-3","ಹೆಚ್.ಡಿ.ಕುಮಾರಸ್ವಾಮಿ,ಹೆಚ್ ಡಿ ಕುಮಾರಸ್ವಾಮಿ","./explore?q=%E0%B2%B9%E0%B3%86%E0%B2%9A%E0%B3%8D.%E0%B2%A1%E0%B2%BF.%E0%B2%95%E0%B3%81%E0%B2%AE%E0%B2%BE%E0%B2%B0%E0%B2%B8%E0%B3%8D%E0%B2%B5%E0%B2%BE%E0%B2%AE%E0%B2%BF&geo=IN"
"மாணிக்கம் தாகூர்","2 mil+","23 de agosto de 2026 a las 7:10:00 UTC-3","23 de agosto de 2026 a las 14:30:00 UTC-3","மாணிக்கம் தாகூர்","./explore?q=%E0%AE%AE%E0%AE%BE%E0%AE%A3%E0%AE%BF%E0%AE%95%E0%AF%8D%E0%AE%95%E0%AE%AE%E0%AF%8D%20%E0%AE%A4%E0%AE%BE%E0%AE%95%E0%AF%82%E0%AE%B0%E0%AF%8D&geo=IN"
"srinagar central jail","2 mil+","23 de agosto de 2026 a las 13:40:00 UTC-3","24 de agosto de 2026 a las 6:50:00 UTC-3","srinagar central jail","./explore?q=srinagar%20central%20jail&geo=IN"
"isl","2 mil+","23 de agosto de 2026 a las 9:00:00 UTC-3","23 de agosto de 2026 a las 23:40:00 UTC-3","isl","./explore?q=isl&geo=IN"
"simran","2 mil+","23 de agosto de 2026 a las 13:40:00 UTC-3","24 de agosto de 2026 a las 16:00:00 UTC-3","simran","./explore?q=simran&geo=IN"
"२३ अगस्त","2 mil+","23 de agosto de 2026 a las 0:10:00 UTC-3","23 de agosto de 2026 a las 11:50:00 UTC-3","२३ अगस्त","./explore?q=%E0%A5%A8%E0%A5%A9%20%E0%A4%85%E0%A4%97%E0%A4%B8%E0%A5%8D%E0%A4%A4&geo=IN"
"kylian mbappé","2 mil+","22 de agosto de 2026 a las 18:20:00 UTC-3","23 de agosto de 2026 a las 2:50:00 UTC-3","kylian mbappé,marc cucurella","./explore?q=kylian%20mbapp%C3%A9&geo=IN"
"சபாநாயகர்","2 mil+","23 de agosto de 2026 a las 6:10:00 UTC-3","23 de agosto de 2026 a las 10:20:00 UTC-3","சபாநாயகர்","./explore?q=%E0%AE%9A%E0%AE%AA%E0%AE%BE%E0%AE%A8%E0%AE%BE%E0%AE%AF%E0%AE%95%E0%AE%B0%E0%AF%8D&geo=IN"
"apl","2 mil+","23 de agosto de 2026 a las 11:30:00 UTC-3","23 de agosto de 2026 a las 23:40:00 UTC-3","apl","./explore?q=apl&geo=IN"
"assam premier league","2 mil+","23 de agosto de 2026 a las 11:20:00 UTC-3","23 de agosto de 2026 a las 23:50:00 UTC-3","assam premier league,apl assam premier league,assam premier league 2026","./explore?q=assam%20premier%20league&geo=IN"
"मकर राशिफल 2026","2 mil+","23 de agosto de 2026 a las 5:00:00 UTC-3","23 de agosto de 2026 a las 12:00:00 UTC-3","मकर राशिफल 2026","./explore?q=%E0%A4%AE%E0%A4%95%E0%A4%B0%20%E0%A4%B0%E0%A4%BE%E0%A4%B6%E0%A4%BF%E0%A4%AB%E0%A4%B2%202026&geo=IN"
"shanaya kapoor","2 mil+","23 de agosto de 2026 a las 5:50:00 UTC-3","23 de agosto de 2026 a las 14:00:00 UTC-3","shanaya kapoor","./explore?q=shanaya%20kapoor&geo=IN"
"sadhguru influence rajesh kumar farming","2 mil+","23 de agosto de 2026 a las 5:20:00 UTC-3","23 de agosto de 2026 a las 23:10:00 UTC-3","sadhguru influence rajesh kumar farming","./explore?q=sadhguru%20influence%20rajesh%20kumar%20farming&geo=IN"
"टोयोटा फॉर्च्यूनर","2 mil+","23 de agosto de 2026 a las 11:00:00 UTC-3","23 de agosto de 2026 a las 23:30:00 UTC-3","टोयोटा फॉर्च्यूनर","./explore?q=%E0%A4%9F%E0%A5%8B%E0%A4%AF%E0%A5%8B%E0%A4%9F%E0%A4%BE%20%E0%A4%AB%E0%A5%89%E0%A4%B0%E0%A5%8D%E0%A4%9A%E0%A5%8D%E0%A4%AF%E0%A5%82%E0%A4%A8%E0%A4%B0&geo=IN"
"ಬಿಗ್ ಬಾಸ್ ಕನ್ನಡ","2 mil+","23 de agosto de 2026 a las 10:20:00 UTC-3","23 de agosto de 2026 a las 14:10:00 UTC-3","ಬಿಗ್ ಬಾಸ್ ಕನ್ನಡ","./explore?q=%E0%B2%AC%E0%B2%BF%E0%B2%97%E0%B3%8D%20%E0%B2%AC%E0%B2%BE%E0%B2%B8%E0%B3%8D%20%E0%B2%95%E0%B2%A8%E0%B3%8D%E0%B2%A8%E0%B2%A1&geo=IN"
"आई","2 mil+","22 de agosto de 2026 a las 22:10:00 UTC-3","23 de agosto de 2026 a las 7:40:00 UTC-3","आई","./explore?q=%E0%A4%86%E0%A4%88&geo=IN"
"neymar","2 mil+","23 de agosto de 2026 a las 20:50:00 UTC-3","23 de agosto de 2026 a las 22:30:00 UTC-3","neymar","./explore?q=neymar&geo=IN"
"रोमांटिक कॉमेडी","2 mil+","23 de agosto de 2026 a las 7:00:00 UTC-3","23 de agosto de 2026 a las 13:30:00 UTC-3","रोमांटिक कॉमेडी","./explore?q=%E0%A4%B0%E0%A5%8B%E0%A4%AE%E0%A4%BE%E0%A4%82%E0%A4%9F%E0%A4%BF%E0%A4%95%20%E0%A4%95%E0%A5%89%E0%A4%AE%E0%A5%87%E0%A4%A1%E0%A5%80&geo=IN"
"मल्टीबैगर स्टॉक","2 mil+","23 de agosto de 2026 a las 8:20:00 UTC-3","23 de agosto de 2026 a las 12:20:00 UTC-3","मल्टीबैगर स्टॉक","./explore?q=%E0%A4%AE%E0%A4%B2%E0%A5%8D%E0%A4%9F%E0%A5%80%E0%A4%AC%E0%A5%88%E0%A4%97%E0%A4%B0%20%E0%A4%B8%E0%A5%8D%E0%A4%9F%E0%A5%89%E0%A4%95&geo=IN"
"संजय राउत","2 mil+","23 de agosto de 2026 a las 10:20:00 UTC-3","24 de agosto de 2026 a las 1:00:00 UTC-3","संजय राउत","./explore?q=%E0%A4%B8%E0%A4%82%E0%A4%9C%E0%A4%AF%20%E0%A4%B0%E0%A4%BE%E0%A4%89%E0%A4%A4&geo=IN"
"loan","2 mil+","23 de agosto de 2026 a las 9:50:00 UTC-3","23 de agosto de 2026 a las 12:50:00 UTC-3","loan","./explore?q=loan&geo=IN"
"चंद्रग्रहण","2 mil+","23 de agosto de 2026 a las 8:30:00 UTC-3","23 de agosto de 2026 a las 23:50:00 UTC-3","चंद्रग्रहण,रक्षाबंधन कब है","./explore?q=%E0%A4%9A%E0%A4%82%E0%A4%A6%E0%A5%8D%E0%A4%B0%E0%A4%97%E0%A5%8D%E0%A4%B0%E0%A4%B9%E0%A4%A3&geo=IN"
"திராவிட முன்னேற்றக் கழகம்","2 mil+","23 de agosto de 2026 a las 5:30:00 UTC-3","23 de agosto de 2026 a las 10:20:00 UTC-3","திராவிட முன்னேற்றக் கழகம்","./explore?q=%E0%AE%A4%E0%AE%BF%E0%AE%B0%E0%AE%BE%E0%AE%B5%E0%AE%BF%E0%AE%9F%20%E0%AE%AE%E0%AF%81%E0%AE%A9%E0%AF%8D%E0%AE%A9%E0%AF%87%E0%AE%B1%E0%AF%8D%E0%AE%B1%E0%AE%95%E0%AF%8D%20%E0%AE%95%E0%AE%B4%E0%AE%95%E0%AE%AE%E0%AF%8D&geo=IN"
"vishal mega mart share","2 mil+","24 de agosto de 2026 a las 0:50:00 UTC-3","24 de agosto de 2026 a las 3:00:00 UTC-3","vishal mega mart share,vishal mega mart share price,vmm share price,vmm share,vishal mega mart","./explore?q=vishal%20mega%20mart%20share&geo=IN"
"தங்கம்","2 mil+","24 de agosto de 2026 a las 6:10:00 UTC-3","24 de agosto de 2026 a las 6:50:00 UTC-3","தங்கம்","./explore?q=%E0%AE%A4%E0%AE%99%E0%AF%8D%E0%AE%95%E0%AE%AE%E0%AF%8D&geo=IN"
"ಸಾಲ ಮನ್ನಾ","2 mil+","23 de agosto de 2026 a las 3:10:00 UTC-3","23 de agosto de 2026 a las 11:20:00 UTC-3","ಸಾಲ ಮನ್ನಾ","./explore?q=%E0%B2%B8%E0%B2%BE%E0%B2%B2%20%E0%B2%AE%E0%B2%A8%E0%B3%8D%E0%B2%A8%E0%B2%BE&geo=IN"
"paras defence stock record date","2 mil+","23 de agosto de 2026 a las 5:20:00 UTC-3","23 de agosto de 2026 a las 13:00:00 UTC-3","paras defence stock record date","./explore?q=paras%20defence%20stock%20record%20date&geo=IN"
"कन्या","2 mil+","22 de agosto de 2026 a las 21:20:00 UTC-3","23 de agosto de 2026 a las 10:00:00 UTC-3","कन्या","./explore?q=%E0%A4%95%E0%A4%A8%E0%A5%8D%E0%A4%AF%E0%A4%BE&geo=IN"
"phillies vs cardinals","2 mil+","23 de agosto de 2026 a las 13:50:00 UTC-3","23 de agosto de 2026 a las 22:30:00 UTC-3","phillies vs cardinals","./explore?q=phillies%20vs%20cardinals&geo=IN"
"prithvi shaw","2 mil+","23 de agosto de 2026 a las 7:40:00 UTC-3","23 de agosto de 2026 a las 23:40:00 UTC-3","prithvi shaw","./explore?q=prithvi%20shaw&geo=IN"
"फलित ज्योतिष","2 mil+","23 de agosto de 2026 a las 0:50:00 UTC-3","23 de agosto de 2026 a las 6:30:00 UTC-3","फलित ज्योतिष,आज का राशिफल","./explore?q=%E0%A4%AB%E0%A4%B2%E0%A4%BF%E0%A4%A4%20%E0%A4%9C%E0%A5%8D%E0%A4%AF%E0%A5%8B%E0%A4%A4%E0%A4%BF%E0%A4%B7&geo=IN"
"పింఛను","2 mil+","23 de agosto de 2026 a las 7:00:00 UTC-3","23 de agosto de 2026 a las 11:10:00 UTC-3","పింఛను","./explore?q=%E0%B0%AA%E0%B0%BF%E0%B0%82%E0%B0%9B%E0%B0%A8%E0%B1%81&geo=IN"
"bahawalpur","2 mil+","23 de agosto de 2026 a las 9:20:00 UTC-3","23 de agosto de 2026 a las 14:30:00 UTC-3","bahawalpur","./explore?q=bahawalpur&geo=IN"
"excessive heat","2 mil+","24 de agosto de 2026 a las 3:20:00 UTC-3","24 de agosto de 2026 a las 4:40:00 UTC-3","excessive heat","./explore?q=excessive%20heat&geo=IN"
"नागेश कपूर","2 mil+","22 de agosto de 2026 a las 21:10:00 UTC-3","23 de agosto de 2026 a las 9:40:00 UTC-3","नागेश कपूर","./explore?q=%E0%A4%A8%E0%A4%BE%E0%A4%97%E0%A5%87%E0%A4%B6%20%E0%A4%95%E0%A4%AA%E0%A5%82%E0%A4%B0&geo=IN"
"jack hinshelwood","2 mil+","23 de agosto de 2026 a las 10:40:00 UTC-3","23 de agosto de 2026 a las 15:40:00 UTC-3","jack hinshelwood","./explore?q=jack%20hinshelwood&geo=IN"
"मनोज तिवारी","2 mil+","23 de agosto de 2026 a las 9:50:00 UTC-3","23 de agosto de 2026 a las 13:00:00 UTC-3","मनोज तिवारी","./explore?q=%E0%A4%AE%E0%A4%A8%E0%A5%8B%E0%A4%9C%20%E0%A4%A4%E0%A4%BF%E0%A4%B5%E0%A4%BE%E0%A4%B0%E0%A5%80&geo=IN"
"ट्रक","2 mil+","23 de agosto de 2026 a las 7:20:00 UTC-3","23 de agosto de 2026 a las 12:10:00 UTC-3","ट्रक","./explore?q=%E0%A4%9F%E0%A5%8D%E0%A4%B0%E0%A4%95&geo=IN"
"വാഹനം","2 mil+","23 de agosto de 2026 a las 5:20:00 UTC-3","23 de agosto de 2026 a las 10:30:00 UTC-3","വാഹനം","./explore?q=%E0%B4%B5%E0%B4%BE%E0%B4%B9%E0%B4%A8%E0%B4%82&geo=IN"
"hal","2 mil+","23 de agosto de 2026 a las 7:30:00 UTC-3","23 de agosto de 2026 a las 13:00:00 UTC-3","hal","./explore?q=hal&geo=IN"
"borussia dortmund vs bayern munich","2 mil+","22 de agosto de 2026 a las 20:00:00 UTC-3","23 de agosto de 2026 a las 1:00:00 UTC-3","borussia dortmund vs bayern munich","./explore?q=borussia%20dortmund%20vs%20bayern%20munich&geo=IN"
"ಬೆಂಗಳೂರು","2 mil+","23 de agosto de 2026 a las 2:40:00 UTC-3","23 de agosto de 2026 a las 5:40:00 UTC-3","ಬೆಂಗಳೂರು","./explore?q=%E0%B2%AC%E0%B3%86%E0%B2%82%E0%B2%97%E0%B2%B3%E0%B3%82%E0%B2%B0%E0%B3%81&geo=IN"
"hang seng index","2 mil+","24 de agosto de 2026 a las 5:10:00 UTC-3","24 de agosto de 2026 a las 6:20:00 UTC-3","hang seng index","./explore?q=hang%20seng%20index&geo=IN"
"epl fixtures","2 mil+","23 de agosto de 2026 a las 10:00:00 UTC-3","23 de agosto de 2026 a las 14:00:00 UTC-3","epl fixtures","./explore?q=epl%20fixtures&geo=IN"
"sundar pichai","2 mil+","23 de agosto de 2026 a las 6:50:00 UTC-3","23 de agosto de 2026 a las 12:50:00 UTC-3","sundar pichai","./explore?q=sundar%20pichai&geo=IN"
"jérémy jacquet","2 mil+","23 de agosto de 2026 a las 12:00:00 UTC-3","23 de agosto de 2026 a las 15:10:00 UTC-3","jérémy jacquet,ronald araújo","./explore?q=j%C3%A9r%C3%A9my%20jacquet&geo=IN"
"shadab khan","2 mil+","22 de agosto de 2026 a las 22:50:00 UTC-3","23 de agosto de 2026 a las 1:40:00 UTC-3","shadab khan,trinbago knight riders vs antigua and barbuda falcons standings,terrance hinds,tkr vs abf,kieron pollard,trinbago knight riders vs antigua & barbuda falcons","./explore?q=shadab%20khan&geo=IN"
"bse share price","2 mil+","24 de agosto de 2026 a las 1:10:00 UTC-3","24 de agosto de 2026 a las 2:10:00 UTC-3","bse share price,bse share","./explore?q=bse%20share%20price&geo=IN"
"एक राष्ट्र , एक चुनाव","2 mil+","23 de agosto de 2026 a las 4:30:00 UTC-3","23 de agosto de 2026 a las 8:20:00 UTC-3","एक राष्ट्र , एक चुनाव","./explore?q=%E0%A4%8F%E0%A4%95%20%E0%A4%B0%E0%A4%BE%E0%A4%B7%E0%A5%8D%E0%A4%9F%E0%A5%8D%E0%A4%B0%20%2C%20%E0%A4%8F%E0%A4%95%20%E0%A4%9A%E0%A5%81%E0%A4%A8%E0%A4%BE%E0%A4%B5&geo=IN"
"epfo urges employers to enrol uncovered workers until october 31","2 mil+","23 de agosto de 2026 a las 7:00:00 UTC-3","23 de agosto de 2026 a las 11:20:00 UTC-3","epfo urges employers to enrol uncovered workers until october 31,pf","./explore?q=epfo%20urges%20employers%20to%20enrol%20uncovered%20workers%20until%20october%2031&geo=IN"
"ഖത്തര്","2 mil+","23 de agosto de 2026 a las 7:20:00 UTC-3","23 de agosto de 2026 a las 9:30:00 UTC-3","ഖത്തര്","./explore?q=%E0%B4%96%E0%B4%A4%E0%B5%8D%E0%B4%A4%E0%B4%B0%E0%B5%8D&geo=IN"
"weather jammu","2 mil+","22 de agosto de 2026 a las 21:00:00 UTC-3","23 de agosto de 2026 a las 0:20:00 UTC-3","weather jammu,jammu weather","./explore?q=weather%20jammu&geo=IN"
"todays gold rate","2 mil+","24 de agosto de 2026 a las 1:30:00 UTC-3","24 de agosto de 2026 a las 4:10:00 UTC-3","todays gold rate,silver price today","./explore?q=todays%20gold%20rate&geo=IN"
"litton das","2 mil+","23 de agosto de 2026 a las 0:40:00 UTC-3","23 de agosto de 2026 a las 1:40:00 UTC-3","litton das","./explore?q=litton%20das&geo=IN"
"gonzalo garcía","1 mil+","24 de agosto de 2026 a las 15:30:00 UTC-3",,"gonzalo garcía","./explore?q=gonzalo%20garc%C3%ADa&geo=IN"
"morgan rogers","1 mil+","24 de agosto de 2026 a las 15:50:00 UTC-3",,"morgan rogers,cole palmer","./explore?q=morgan%20rogers&geo=IN"
"thanos","1 mil+","24 de agosto de 2026 a las 13:50:00 UTC-3",,"thanos","./explore?q=thanos&geo=IN"
"soccer","1 mil+","24 de agosto de 2026 a las 14:40:00 UTC-3",,"soccer","./explore?q=soccer&geo=IN"
"joão pedro","1 mil+","24 de agosto de 2026 a las 16:00:00 UTC-3",,"joão pedro","./explore?q=jo%C3%A3o%20pedro&geo=IN"
"al-ittihad vs al-hazem","1 mil+","24 de agosto de 2026 a las 14:20:00 UTC-3",,"al-ittihad vs al-hazem","./explore?q=al-ittihad%20vs%20al-hazem&geo=IN"
"sugar prices","1 mil+","24 de agosto de 2026 a las 14:20:00 UTC-3",,"sugar prices","./explore?q=sugar%20prices&geo=IN"
"bgmi lite","1 mil+","24 de agosto de 2026 a las 15:40:00 UTC-3",,"bgmi lite","./explore?q=bgmi%20lite&geo=IN"
"hallescher vs schalke","1 mil+","24 de agosto de 2026 a las 15:20:00 UTC-3",,"hallescher vs schalke","./explore?q=hallescher%20vs%20schalke&geo=IN"
"8वां वेतन आयोग फिटमेंट फैक्टर","1 mil+","24 de agosto de 2026 a las 14:30:00 UTC-3",,"8वां वेतन आयोग फिटमेंट फैक्टर,8वें वेतन आयोग","./explore?q=8%E0%A4%B5%E0%A4%BE%E0%A4%82%20%E0%A4%B5%E0%A5%87%E0%A4%A4%E0%A4%A8%20%E0%A4%86%E0%A4%AF%E0%A5%8B%E0%A4%97%20%E0%A4%AB%E0%A4%BF%E0%A4%9F%E0%A4%AE%E0%A5%87%E0%A4%82%E0%A4%9F%20%E0%A4%AB%E0%A5%88%E0%A4%95%E0%A5%8D%E0%A4%9F%E0%A4%B0&geo=IN"
"osasuna vs levante","1 mil+","24 de agosto de 2026 a las 14:10:00 UTC-3",,"osasuna vs levante","./explore?q=osasuna%20vs%20levante&geo=IN"
"কর্কট","1 mil+","24 de agosto de 2026 a las 12:30:00 UTC-3","24 de agosto de 2026 a las 17:30:00 UTC-3","কর্কট","./explore?q=%E0%A6%95%E0%A6%B0%E0%A7%8D%E0%A6%95%E0%A6%9F&geo=IN"
"kiara advani","1 mil+","24 de agosto de 2026 a las 14:20:00 UTC-3","24 de agosto de 2026 a las 17:10:00 UTC-3","kiara advani","./explore?q=kiara%20advani&geo=IN"
"ওয়েস্ট বেঙ্গল","1 mil+","24 de agosto de 2026 a las 13:00:00 UTC-3","24 de agosto de 2026 a las 15:40:00 UTC-3","ওয়েস্ট বেঙ্গল","./explore?q=%E0%A6%93%E0%A6%AF%E0%A6%BC%E0%A7%87%E0%A6%B8%E0%A7%8D%E0%A6%9F%20%E0%A6%AC%E0%A7%87%E0%A6%99%E0%A7%8D%E0%A6%97%E0%A6%B2&geo=IN"
"bologna vs lazio","1 mil+","24 de agosto de 2026 a las 13:00:00 UTC-3","24 de agosto de 2026 a las 16:20:00 UTC-3","bologna vs lazio","./explore?q=bologna%20vs%20lazio&geo=IN"
"मनोज जरांगे","1 mil+","24 de agosto de 2026 a las 11:20:00 UTC-3","24 de agosto de 2026 a las 14:20:00 UTC-3","मनोज जरांगे","./explore?q=%E0%A4%AE%E0%A4%A8%E0%A5%8B%E0%A4%9C%20%E0%A4%9C%E0%A4%B0%E0%A4%BE%E0%A4%82%E0%A4%97%E0%A5%87&geo=IN"
"பாடல்","1 mil+","24 de agosto de 2026 a las 12:30:00 UTC-3","24 de agosto de 2026 a las 15:20:00 UTC-3","பாடல்,பூர்ணா","./explore?q=%E0%AE%AA%E0%AE%BE%E0%AE%9F%E0%AE%B2%E0%AF%8D&geo=IN"
"சேமிப்பு","1 mil+","24 de agosto de 2026 a las 12:40:00 UTC-3","24 de agosto de 2026 a las 15:10:00 UTC-3","சேமிப்பு","./explore?q=%E0%AE%9A%E0%AF%87%E0%AE%AE%E0%AE%BF%E0%AE%AA%E0%AF%8D%E0%AE%AA%E0%AF%81&geo=IN"
"సిమ్రాన్","1 mil+","24 de agosto de 2026 a las 11:00:00 UTC-3","24 de agosto de 2026 a las 14:20:00 UTC-3","సిమ్రాన్","./explore?q=%E0%B0%B8%E0%B0%BF%E0%B0%AE%E0%B1%8D%E0%B0%B0%E0%B0%BE%E0%B0%A8%E0%B1%8D&geo=IN"
"மிட்செல் ஸ்டார்க்","1 mil+","24 de agosto de 2026 a las 9:20:00 UTC-3","24 de agosto de 2026 a las 13:10:00 UTC-3","மிட்செல் ஸ்டார்க்","./explore?q=%E0%AE%AE%E0%AE%BF%E0%AE%9F%E0%AF%8D%E0%AE%9A%E0%AF%86%E0%AE%B2%E0%AF%8D%20%E0%AE%B8%E0%AF%8D%E0%AE%9F%E0%AE%BE%E0%AE%B0%E0%AF%8D%E0%AE%95%E0%AF%8D&geo=IN"
"मराठी","1 mil+","24 de agosto de 2026 a las 10:00:00 UTC-3","24 de agosto de 2026 a las 15:10:00 UTC-3","मराठी","./explore?q=%E0%A4%AE%E0%A4%B0%E0%A4%BE%E0%A4%A0%E0%A5%80&geo=IN"
"ચેક","1 mil+","24 de agosto de 2026 a las 8:10:00 UTC-3","24 de agosto de 2026 a las 13:50:00 UTC-3","ચેક","./explore?q=%E0%AA%9A%E0%AB%87%E0%AA%95&geo=IN"
"बैंक","1 mil+","24 de agosto de 2026 a las 7:30:00 UTC-3","24 de agosto de 2026 a las 13:00:00 UTC-3","बैंक","./explore?q=%E0%A4%AC%E0%A5%88%E0%A4%82%E0%A4%95&geo=IN"
"కొండా సురేఖ","1 mil+","24 de agosto de 2026 a las 11:00:00 UTC-3","24 de agosto de 2026 a las 13:20:00 UTC-3","కొండా సురేఖ","./explore?q=%E0%B0%95%E0%B1%8A%E0%B0%82%E0%B0%A1%E0%B0%BE%20%E0%B0%B8%E0%B1%81%E0%B0%B0%E0%B1%87%E0%B0%96&geo=IN"
"karan wahi","1 mil+","24 de agosto de 2026 a las 16:20:00 UTC-3","24 de agosto de 2026 a las 17:20:00 UTC-3","karan wahi","./explore?q=karan%20wahi&geo=IN"
"శుక్రుడు","1 mil+","24 de agosto de 2026 a las 8:00:00 UTC-3","24 de agosto de 2026 a las 10:10:00 UTC-3","శుక్రుడు","./explore?q=%E0%B0%B6%E0%B1%81%E0%B0%95%E0%B1%8D%E0%B0%B0%E0%B1%81%E0%B0%A1%E0%B1%81&geo=IN"
"santy sharma news","1 mil+","24 de agosto de 2026 a las 8:00:00 UTC-3","24 de agosto de 2026 a las 10:00:00 UTC-3","santy sharma news","./explore?q=santy%20sharma%20news&geo=IN"
"fraud","1 mil+","24 de agosto de 2026 a las 7:30:00 UTC-3","24 de agosto de 2026 a las 11:30:00 UTC-3","fraud","./explore?q=fraud&geo=IN"
"રોકાણ","1 mil+","24 de agosto de 2026 a las 9:10:00 UTC-3","24 de agosto de 2026 a las 12:20:00 UTC-3","રોકાણ","./explore?q=%E0%AA%B0%E0%AB%8B%E0%AA%95%E0%AA%BE%E0%AA%A3&geo=IN"
"bar council of india","1 mil+","24 de agosto de 2026 a las 8:20:00 UTC-3","24 de agosto de 2026 a las 11:10:00 UTC-3","bar council of india","./explore?q=bar%20council%20of%20india&geo=IN"
"raphinha","1 mil+","23 de agosto de 2026 a las 16:40:00 UTC-3","24 de agosto de 2026 a las 1:10:00 UTC-3","raphinha","./explore?q=raphinha&geo=IN"
"gorakhpur lions vs meerut mavericks","1 mil+","24 de agosto de 2026 a las 6:30:00 UTC-3","24 de agosto de 2026 a las 8:30:00 UTC-3","gorakhpur lions vs meerut mavericks","./explore?q=gorakhpur%20lions%20vs%20meerut%20mavericks&geo=IN"
"ছুটির দিন","1 mil+","24 de agosto de 2026 a las 8:30:00 UTC-3","24 de agosto de 2026 a las 10:50:00 UTC-3","ছুটির দিন","./explore?q=%E0%A6%9B%E0%A7%81%E0%A6%9F%E0%A6%BF%E0%A6%B0%20%E0%A6%A6%E0%A6%BF%E0%A6%A8&geo=IN"
"অভিষেক ব্যানার্জি","1 mil+","24 de agosto de 2026 a las 8:10:00 UTC-3","24 de agosto de 2026 a las 9:50:00 UTC-3","অভিষেক ব্যানার্জি","./explore?q=%E0%A6%85%E0%A6%AD%E0%A6%BF%E0%A6%B7%E0%A7%87%E0%A6%95%20%E0%A6%AC%E0%A7%8D%E0%A6%AF%E0%A6%BE%E0%A6%A8%E0%A6%BE%E0%A6%B0%E0%A7%8D%E0%A6%9C%E0%A6%BF&geo=IN"
"ગુજરાત સમાચાર","1 mil+","24 de agosto de 2026 a las 5:00:00 UTC-3","24 de agosto de 2026 a las 7:40:00 UTC-3","ગુજરાત સમાચાર","./explore?q=%E0%AA%97%E0%AB%81%E0%AA%9C%E0%AA%B0%E0%AA%BE%E0%AA%A4%20%E0%AA%B8%E0%AA%AE%E0%AA%BE%E0%AA%9A%E0%AA%BE%E0%AA%B0&geo=IN"
"abhijeet dipke","1 mil+","24 de agosto de 2026 a las 6:00:00 UTC-3","24 de agosto de 2026 a las 7:50:00 UTC-3","abhijeet dipke","./explore?q=abhijeet%20dipke&geo=IN"
"अंतरिक्ष यान","1 mil+","23 de agosto de 2026 a las 22:50:00 UTC-3","24 de agosto de 2026 a las 7:20:00 UTC-3","अंतरिक्ष यान","./explore?q=%E0%A4%85%E0%A4%82%E0%A4%A4%E0%A4%B0%E0%A4%BF%E0%A4%95%E0%A5%8D%E0%A4%B7%20%E0%A4%AF%E0%A4%BE%E0%A4%A8&geo=IN"
"नवभारत टाइम्स","1 mil+","24 de agosto de 2026 a las 7:10:00 UTC-3","24 de agosto de 2026 a las 9:10:00 UTC-3","नवभारत टाइम्स","./explore?q=%E0%A4%A8%E0%A4%B5%E0%A4%AD%E0%A4%BE%E0%A4%B0%E0%A4%A4%20%E0%A4%9F%E0%A4%BE%E0%A4%87%E0%A4%AE%E0%A5%8D%E0%A4%B8&geo=IN"
"gavi","1 mil+","23 de agosto de 2026 a las 17:10:00 UTC-3","24 de agosto de 2026 a las 0:50:00 UTC-3","gavi","./explore?q=gavi&geo=IN"
"barcelona match","1 mil+","23 de agosto de 2026 a las 16:00:00 UTC-3","24 de agosto de 2026 a las 1:10:00 UTC-3","barcelona match","./explore?q=barcelona%20match&geo=IN"
"தினமலர்","1 mil+","24 de agosto de 2026 a las 0:10:00 UTC-3","24 de agosto de 2026 a las 12:50:00 UTC-3","தினமலர்","./explore?q=%E0%AE%A4%E0%AE%BF%E0%AE%A9%E0%AE%AE%E0%AE%B2%E0%AE%B0%E0%AF%8D&geo=IN"
"శరీరం","1 mil+","23 de agosto de 2026 a las 12:30:00 UTC-3","24 de agosto de 2026 a las 10:40:00 UTC-3","శరీరం","./explore?q=%E0%B0%B6%E0%B0%B0%E0%B1%80%E0%B0%B0%E0%B0%82&geo=IN"
"வங்காளதேசம் தேசிய கிரிக்கெட் அணி","1 mil+","23 de agosto de 2026 a las 13:10:00 UTC-3","24 de agosto de 2026 a las 0:50:00 UTC-3","வங்காளதேசம் தேசிய கிரிக்கெட் அணி","./explore?q=%E0%AE%B5%E0%AE%99%E0%AF%8D%E0%AE%95%E0%AE%BE%E0%AE%B3%E0%AE%A4%E0%AF%87%E0%AE%9A%E0%AE%AE%E0%AF%8D%20%E0%AE%A4%E0%AF%87%E0%AE%9A%E0%AE%BF%E0%AE%AF%20%E0%AE%95%E0%AE%BF%E0%AE%B0%E0%AE%BF%E0%AE%95%E0%AF%8D%E0%AE%95%E0%AF%86%E0%AE%9F%E0%AF%8D%20%E0%AE%85%E0%AE%A3%E0%AE%BF&geo=IN"
"దొంగతనం","1 mil+","23 de agosto de 2026 a las 21:20:00 UTC-3","24 de agosto de 2026 a las 7:00:00 UTC-3","దొంగతనం","./explore?q=%E0%B0%A6%E0%B1%8A%E0%B0%82%E0%B0%97%E0%B0%A4%E0%B0%A8%E0%B0%82&geo=IN"
"இடைத்தேர்தல்","1 mil+","24 de agosto de 2026 a las 3:20:00 UTC-3","24 de agosto de 2026 a las 5:40:00 UTC-3","இடைத்தேர்தல்","./explore?q=%E0%AE%87%E0%AE%9F%E0%AF%88%E0%AE%A4%E0%AF%8D%E0%AE%A4%E0%AF%87%E0%AE%B0%E0%AF%8D%E0%AE%A4%E0%AE%B2%E0%AF%8D&geo=IN"
"ajith kumar","1 mil+","23 de agosto de 2026 a las 13:30:00 UTC-3","24 de agosto de 2026 a las 0:30:00 UTC-3","ajith kumar","./explore?q=ajith%20kumar&geo=IN"
"বজ্রঝড়","1 mil+","22 de agosto de 2026 a las 22:00:00 UTC-3","23 de agosto de 2026 a las 23:50:00 UTC-3","বজ্রঝড়","./explore?q=%E0%A6%AC%E0%A6%9C%E0%A7%8D%E0%A6%B0%E0%A6%9D%E0%A6%A1%E0%A6%BC&geo=IN"
"kcet","1 mil+","23 de agosto de 2026 a las 13:10:00 UTC-3","24 de agosto de 2026 a las 14:20:00 UTC-3","kcet","./explore?q=kcet&geo=IN"
"জ্যোতিষশাস্ত্র","1 mil+","24 de agosto de 2026 a las 4:50:00 UTC-3","24 de agosto de 2026 a las 6:50:00 UTC-3","জ্যোতিষশাস্ত্র","./explore?q=%E0%A6%9C%E0%A7%8D%E0%A6%AF%E0%A7%8B%E0%A6%A4%E0%A6%BF%E0%A6%B7%E0%A6%B6%E0%A6%BE%E0%A6%B8%E0%A7%8D%E0%A6%A4%E0%A7%8D%E0%A6%B0&geo=IN"
"hamza abdelkarim","1 mil+","23 de agosto de 2026 a las 16:20:00 UTC-3","23 de agosto de 2026 a las 22:10:00 UTC-3","hamza abdelkarim","./explore?q=hamza%20abdelkarim&geo=IN"
"నందమూరి బాలకృష్ణ","1 mil+","23 de agosto de 2026 a las 10:20:00 UTC-3","23 de agosto de 2026 a las 23:50:00 UTC-3","నందమూరి బాలకృష్ణ","./explore?q=%E0%B0%A8%E0%B0%82%E0%B0%A6%E0%B0%AE%E0%B1%82%E0%B0%B0%E0%B0%BF%20%E0%B0%AC%E0%B0%BE%E0%B0%B2%E0%B0%95%E0%B1%83%E0%B0%B7%E0%B1%8D%E0%B0%A3&geo=IN"
"एनएसई:बीएसई","1 mil+","23 de agosto de 2026 a las 12:50:00 UTC-3","23 de agosto de 2026 a las 23:50:00 UTC-3","एनएसई:बीएसई","./explore?q=%E0%A4%8F%E0%A4%A8%E0%A4%8F%E0%A4%B8%E0%A4%88%3A%E0%A4%AC%E0%A5%80%E0%A4%8F%E0%A4%B8%E0%A4%88&geo=IN"
"தேனி","1 mil+","23 de agosto de 2026 a las 7:40:00 UTC-3","23 de agosto de 2026 a las 22:10:00 UTC-3","தேனி","./explore?q=%E0%AE%A4%E0%AF%87%E0%AE%A9%E0%AE%BF&geo=IN"
"போக்குவரத்து","1 mil+","24 de agosto de 2026 a las 5:20:00 UTC-3","24 de agosto de 2026 a las 7:10:00 UTC-3","போக்குவரத்து","./explore?q=%E0%AE%AA%E0%AF%8B%E0%AE%95%E0%AF%8D%E0%AE%95%E0%AF%81%E0%AE%B5%E0%AE%B0%E0%AE%A4%E0%AF%8D%E0%AE%A4%E0%AF%81&geo=IN"
"rinku singh","1 mil+","23 de agosto de 2026 a las 15:30:00 UTC-3","24 de agosto de 2026 a las 0:30:00 UTC-3","rinku singh","./explore?q=rinku%20singh&geo=IN"
"marc bernal","1 mil+","23 de agosto de 2026 a las 16:30:00 UTC-3","23 de agosto de 2026 a las 23:10:00 UTC-3","marc bernal","./explore?q=marc%20bernal&geo=IN"
"ac milan","1 mil+","23 de agosto de 2026 a las 15:40:00 UTC-3","23 de agosto de 2026 a las 20:10:00 UTC-3","ac milan","./explore?q=ac%20milan&geo=IN"
"onam sadhya","1 mil+","24 de agosto de 2026 a las 5:30:00 UTC-3","24 de agosto de 2026 a las 12:00:00 UTC-3","onam sadhya,is","./explore?q=onam%20sadhya&geo=IN"
"mcx gold","1 mil+","24 de agosto de 2026 a las 0:50:00 UTC-3","24 de agosto de 2026 a las 2:20:00 UTC-3","mcx gold,gold mcx,mcx gold price","./explore?q=mcx%20gold&geo=IN"
"grey market premium","1 mil+","24 de agosto de 2026 a las 1:00:00 UTC-3","24 de agosto de 2026 a las 3:40:00 UTC-3","grey market premium","./explore?q=grey%20market%20premium&geo=IN"
"teer result today","1 mil+","24 de agosto de 2026 a las 8:00:00 UTC-3","24 de agosto de 2026 a las 9:10:00 UTC-3","teer result today,shillong teer number result","./explore?q=teer%20result%20today&geo=IN"
"coco gauff","1 mil+","23 de agosto de 2026 a las 20:10:00 UTC-3","23 de agosto de 2026 a las 23:30:00 UTC-3","coco gauff,jessica pegula,iga swiatek","./explore?q=coco%20gauff&geo=IN"
"ఏకాదశి","1 mil+","23 de agosto de 2026 a las 6:20:00 UTC-3","23 de agosto de 2026 a las 11:20:00 UTC-3","ఏకాదశి","./explore?q=%E0%B0%8F%E0%B0%95%E0%B0%BE%E0%B0%A6%E0%B0%B6%E0%B0%BF&geo=IN"
"auto strike in mumbai","1 mil+","24 de agosto de 2026 a las 0:20:00 UTC-3","24 de agosto de 2026 a las 3:00:00 UTC-3","auto strike in mumbai,marathi","./explore?q=auto%20strike%20in%20mumbai&geo=IN"
"kospi index","1 mil+","24 de agosto de 2026 a las 3:30:00 UTC-3","24 de agosto de 2026 a las 4:40:00 UTC-3","kospi index","./explore?q=kospi%20index&geo=IN"
"இந்தியா - இலங்கை","1 mil+","24 de agosto de 2026 a las 8:50:00 UTC-3","24 de agosto de 2026 a las 9:50:00 UTC-3","இந்தியா - இலங்கை,இந்தியா தேசிய கிரிக்கெட் அணி","./explore?q=%E0%AE%87%E0%AE%A8%E0%AF%8D%E0%AE%A4%E0%AE%BF%E0%AE%AF%E0%AE%BE%20-%20%E0%AE%87%E0%AE%B2%E0%AE%99%E0%AF%8D%E0%AE%95%E0%AF%88&geo=IN"
"mcx silver","1 mil+","24 de agosto de 2026 a las 0:50:00 UTC-3","24 de agosto de 2026 a las 2:30:00 UTC-3","mcx silver,silver mcx,today silver rate","./explore?q=mcx%20silver&geo=IN"
"upstox","1 mil+","24 de agosto de 2026 a las 3:40:00 UTC-3","24 de agosto de 2026 a las 5:10:00 UTC-3","upstox","./explore?q=upstox&geo=IN"
"igp","1 mil+","24 de agosto de 2026 a las 4:50:00 UTC-3","24 de agosto de 2026 a las 11:30:00 UTC-3","igp","./explore?q=igp&geo=IN"
"மின் தடை","1 mil+","24 de agosto de 2026 a las 8:00:00 UTC-3","24 de agosto de 2026 a las 8:50:00 UTC-3","மின் தடை","./explore?q=%E0%AE%AE%E0%AE%BF%E0%AE%A9%E0%AF%8D%20%E0%AE%A4%E0%AE%9F%E0%AF%88&geo=IN"
"september","1 mil+","24 de agosto de 2026 a las 1:00:00 UTC-3","24 de agosto de 2026 a las 6:40:00 UTC-3","september,delhi police","./explore?q=september&geo=IN"
"ಗೃಹಲಕ್ಷ್ಮಿ","1 mil+","24 de agosto de 2026 a las 6:10:00 UTC-3","24 de agosto de 2026 a las 6:50:00 UTC-3","ಗೃಹಲಕ್ಷ್ಮಿ","./explore?q=%E0%B2%97%E0%B3%83%E0%B2%B9%E0%B2%B2%E0%B2%95%E0%B3%8D%E0%B2%B7%E0%B3%8D%E0%B2%AE%E0%B2%BF&geo=IN"
"top rated online casinos 🎲 canaden.blog","1 mil+","23 de agosto de 2026 a las 14:50:00 UTC-3","23 de agosto de 2026 a las 16:20:00 UTC-3","top rated online casinos 🎲 canaden.blog","./explore?q=top%20rated%20online%20casinos%20%F0%9F%8E%B2%20canaden.blog&geo=IN"
"ഇറാന്","1 mil+","23 de agosto de 2026 a las 21:40:00 UTC-3","24 de agosto de 2026 a las 0:20:00 UTC-3","ഇറാന്","./explore?q=%E0%B4%87%E0%B4%B1%E0%B4%BE%E0%B4%A8%E0%B5%8D&geo=IN"
"nashville vs columbus","1 mil+","22 de agosto de 2026 a las 21:40:00 UTC-3","23 de agosto de 2026 a las 1:50:00 UTC-3","nashville vs columbus","./explore?q=nashville%20vs%20columbus&geo=IN"
"yoane wissa","1 mil+","23 de agosto de 2026 a las 12:40:00 UTC-3","23 de agosto de 2026 a las 15:30:00 UTC-3","yoane wissa","./explore?q=yoane%20wissa&geo=IN"
"weather bengaluru","1 mil+","23 de agosto de 2026 a las 22:10:00 UTC-3","24 de agosto de 2026 a las 9:20:00 UTC-3","weather bengaluru,bangalore weather","./explore?q=weather%20bengaluru&geo=IN"
"बृज भूषण शरण सिंह","1 mil+","23 de agosto de 2026 a las 7:20:00 UTC-3","23 de agosto de 2026 a las 9:50:00 UTC-3","बृज भूषण शरण सिंह","./explore?q=%E0%A4%AC%E0%A5%83%E0%A4%9C%20%E0%A4%AD%E0%A5%82%E0%A4%B7%E0%A4%A3%20%E0%A4%B6%E0%A4%B0%E0%A4%A3%20%E0%A4%B8%E0%A4%BF%E0%A4%82%E0%A4%B9&geo=IN"
"netweb share price","1 mil+","24 de agosto de 2026 a las 0:50:00 UTC-3","24 de agosto de 2026 a las 2:20:00 UTC-3","netweb share price,netweb technologies share price","./explore?q=netweb%20share%20price&geo=IN"
"శుభ్మన్ గిల్","1 mil+","23 de agosto de 2026 a las 10:10:00 UTC-3","23 de agosto de 2026 a las 13:20:00 UTC-3","శుభ్మన్ గిల్","./explore?q=%E0%B0%B6%E0%B1%81%E0%B0%AD%E0%B1%8D%E0%B0%AE%E0%B0%A8%E0%B1%8D%20%E0%B0%97%E0%B0%BF%E0%B0%B2%E0%B1%8D&geo=IN"
"west brom vs burnley","1 mil+","23 de agosto de 2026 a las 7:20:00 UTC-3","23 de agosto de 2026 a las 10:30:00 UTC-3","west brom vs burnley","./explore?q=west%20brom%20vs%20burnley&geo=IN"
"muthoot finance share price","1 mil+","24 de agosto de 2026 a las 1:00:00 UTC-3","24 de agosto de 2026 a las 2:40:00 UTC-3","muthoot finance share price,muthoot finance share","./explore?q=muthoot%20finance%20share%20price&geo=IN"
"ਮਹਿੰਗਾਈ","1 mil+","23 de agosto de 2026 a las 12:10:00 UTC-3","24 de agosto de 2026 a las 0:00:00 UTC-3","ਮਹਿੰਗਾਈ","./explore?q=%E0%A8%AE%E0%A8%B9%E0%A8%BF%E0%A9%B0%E0%A8%97%E0%A8%BE%E0%A8%88&geo=IN"
"mcx share price","1 mil+","24 de agosto de 2026 a las 1:00:00 UTC-3","24 de agosto de 2026 a las 2:10:00 UTC-3","mcx share price","./explore?q=mcx%20share%20price&geo=IN"
"hindustan copper share price","1 mil+","24 de agosto de 2026 a las 1:00:00 UTC-3","24 de agosto de 2026 a las 2:10:00 UTC-3","hindustan copper share price,hindustan copper share","./explore?q=hindustan%20copper%20share%20price&geo=IN"
"bethlehem kudumba unit movie","1 mil+","23 de agosto de 2026 a las 6:30:00 UTC-3","23 de agosto de 2026 a las 10:40:00 UTC-3","bethlehem kudumba unit movie,nivin pauly,nivin pauly bethlehem kudumba unit","./explore?q=bethlehem%20kudumba%20unit%20movie&geo=IN"
"जयराम रमेश","1 mil+","23 de agosto de 2026 a las 8:00:00 UTC-3","23 de agosto de 2026 a las 11:20:00 UTC-3","जयराम रमेश","./explore?q=%E0%A4%9C%E0%A4%AF%E0%A4%B0%E0%A4%BE%E0%A4%AE%20%E0%A4%B0%E0%A4%AE%E0%A5%87%E0%A4%B6&geo=IN"
"gurnoor brar","1 mil+","22 de agosto de 2026 a las 22:40:00 UTC-3","23 de agosto de 2026 a las 1:50:00 UTC-3","gurnoor brar","./explore?q=gurnoor%20brar&geo=IN"
"le havre vs monaco","1 mil+","23 de agosto de 2026 a las 12:10:00 UTC-3","23 de agosto de 2026 a las 22:00:00 UTC-3","le havre vs monaco","./explore?q=le%20havre%20vs%20monaco&geo=IN"
"இறப்பு","1 mil+","23 de agosto de 2026 a las 6:20:00 UTC-3","23 de agosto de 2026 a las 10:00:00 UTC-3","இறப்பு","./explore?q=%E0%AE%87%E0%AE%B1%E0%AE%AA%E0%AF%8D%E0%AE%AA%E0%AF%81&geo=IN"
"प्रयागराज जंक्शन","1 mil+","23 de agosto de 2026 a las 5:10:00 UTC-3","23 de agosto de 2026 a las 9:40:00 UTC-3","प्रयागराज जंक्शन","./explore?q=%E0%A4%AA%E0%A5%8D%E0%A4%B0%E0%A4%AF%E0%A4%BE%E0%A4%97%E0%A4%B0%E0%A4%BE%E0%A4%9C%20%E0%A4%9C%E0%A4%82%E0%A4%95%E0%A5%8D%E0%A4%B6%E0%A4%A8&geo=IN"
"पी॰ चिदंबरम","1 mil+","23 de agosto de 2026 a las 7:50:00 UTC-3","23 de agosto de 2026 a las 11:00:00 UTC-3","पी॰ चिदंबरम","./explore?q=%E0%A4%AA%E0%A5%80%E0%A5%B0%20%E0%A4%9A%E0%A4%BF%E0%A4%A6%E0%A4%82%E0%A4%AC%E0%A4%B0%E0%A4%AE&geo=IN"
"સૂર્ય","1 mil+","23 de agosto de 2026 a las 6:50:00 UTC-3","23 de agosto de 2026 a las 10:40:00 UTC-3","સૂર્ય","./explore?q=%E0%AA%B8%E0%AB%82%E0%AA%B0%E0%AB%8D%E0%AA%AF&geo=IN"
"ரமேஷ்","1 mil+","23 de agosto de 2026 a las 4:40:00 UTC-3","23 de agosto de 2026 a las 7:40:00 UTC-3","ரமேஷ்","./explore?q=%E0%AE%B0%E0%AE%AE%E0%AF%87%E0%AE%B7%E0%AF%8D&geo=IN"
"balde barcelona","1 mil+","23 de agosto de 2026 a las 11:00:00 UTC-3","23 de agosto de 2026 a las 13:40:00 UTC-3","balde barcelona","./explore?q=balde%20barcelona&geo=IN"
"fabrizio romano","1 mil+","23 de agosto de 2026 a las 4:00:00 UTC-3","23 de agosto de 2026 a las 19:20:00 UTC-3","fabrizio romano","./explore?q=fabrizio%20romano&geo=IN"
"kevin keegan","1 mil+","23 de agosto de 2026 a las 10:00:00 UTC-3","23 de agosto de 2026 a las 13:30:00 UTC-3","kevin keegan","./explore?q=kevin%20keegan&geo=IN"
"सई ताम्हणकर","1 mil+","23 de agosto de 2026 a las 7:00:00 UTC-3","23 de agosto de 2026 a las 10:30:00 UTC-3","सई ताम्हणकर","./explore?q=%E0%A4%B8%E0%A4%88%20%E0%A4%A4%E0%A4%BE%E0%A4%AE%E0%A5%8D%E0%A4%B9%E0%A4%A3%E0%A4%95%E0%A4%B0&geo=IN"
"f1 schedule","1 mil+","23 de agosto de 2026 a las 9:40:00 UTC-3","23 de agosto de 2026 a las 13:20:00 UTC-3","f1 schedule","./explore?q=f1%20schedule&geo=IN"
"austin vs philadelphia","1 mil+","22 de agosto de 2026 a las 22:10:00 UTC-3","23 de agosto de 2026 a las 2:00:00 UTC-3","austin vs philadelphia","./explore?q=austin%20vs%20philadelphia&geo=IN"
"gurpreet kaur legal notice ranjit singh","1 mil+","23 de agosto de 2026 a las 3:30:00 UTC-3","23 de agosto de 2026 a las 6:10:00 UTC-3","gurpreet kaur legal notice ranjit singh,bhagwant mann","./explore?q=gurpreet%20kaur%20legal%20notice%20ranjit%20singh&geo=IN"
"víctor muñoz","1 mil+","23 de agosto de 2026 a las 12:50:00 UTC-3","23 de agosto de 2026 a las 15:20:00 UTC-3","víctor muñoz","./explore?q=v%C3%ADctor%20mu%C3%B1oz&geo=IN"
"सौर पैनल","1 mil+","23 de agosto de 2026 a las 6:10:00 UTC-3","23 de agosto de 2026 a las 8:50:00 UTC-3","सौर पैनल","./explore?q=%E0%A4%B8%E0%A5%8C%E0%A4%B0%20%E0%A4%AA%E0%A5%88%E0%A4%A8%E0%A4%B2&geo=IN"
"हिमाचल प्रदेश स्कूल शिक्षा बोर्ड","1 mil+","23 de agosto de 2026 a las 11:40:00 UTC-3","23 de agosto de 2026 a las 23:30:00 UTC-3","हिमाचल प्रदेश स्कूल शिक्षा बोर्ड,amar ujala","./explore?q=%E0%A4%B9%E0%A4%BF%E0%A4%AE%E0%A4%BE%E0%A4%9A%E0%A4%B2%20%E0%A4%AA%E0%A5%8D%E0%A4%B0%E0%A4%A6%E0%A5%87%E0%A4%B6%20%E0%A4%B8%E0%A5%8D%E0%A4%95%E0%A5%82%E0%A4%B2%20%E0%A4%B6%E0%A4%BF%E0%A4%95%E0%A5%8D%E0%A4%B7%E0%A4%BE%20%E0%A4%AC%E0%A5%8B%E0%A4%B0%E0%A5%8D%E0%A4%A1&geo=IN"
"manchester city f.c.","1 mil+","23 de agosto de 2026 a las 10:40:00 UTC-3","23 de agosto de 2026 a las 13:00:00 UTC-3","manchester city f.c.,ayyoub bouaddi","./explore?q=manchester%20city%20f.c.&geo=IN"
"abid mushtaq","1 mil+","23 de agosto de 2026 a las 7:50:00 UTC-3","23 de agosto de 2026 a las 10:30:00 UTC-3","abid mushtaq","./explore?q=abid%20mushtaq&geo=IN"
"दिल्ली विश्वविद्यालय","1 mil+","23 de agosto de 2026 a las 7:10:00 UTC-3","23 de agosto de 2026 a las 10:10:00 UTC-3","दिल्ली विश्वविद्यालय","./explore?q=%E0%A4%A6%E0%A4%BF%E0%A4%B2%E0%A5%8D%E0%A4%B2%E0%A5%80%20%E0%A4%B5%E0%A4%BF%E0%A4%B6%E0%A5%8D%E0%A4%B5%E0%A4%B5%E0%A4%BF%E0%A4%A6%E0%A5%8D%E0%A4%AF%E0%A4%BE%E0%A4%B2%E0%A4%AF&geo=IN"
"स्मार्ट टीवी","1 mil+","23 de agosto de 2026 a las 10:20:00 UTC-3","23 de agosto de 2026 a las 13:20:00 UTC-3","स्मार्ट टीवी","./explore?q=%E0%A4%B8%E0%A5%8D%E0%A4%AE%E0%A4%BE%E0%A4%B0%E0%A5%8D%E0%A4%9F%20%E0%A4%9F%E0%A5%80%E0%A4%B5%E0%A5%80&geo=IN"
"शिवसेना उद्धव बाळासाहेब ठाकरे","1 mil+","23 de agosto de 2026 a las 7:00:00 UTC-3","23 de agosto de 2026 a las 9:30:00 UTC-3","शिवसेना उद्धव बाळासाहेब ठाकरे","./explore?q=%E0%A4%B6%E0%A4%BF%E0%A4%B5%E0%A4%B8%E0%A5%87%E0%A4%A8%E0%A4%BE%20%E0%A4%89%E0%A4%A6%E0%A5%8D%E0%A4%A7%E0%A4%B5%20%E0%A4%AC%E0%A4%BE%E0%A4%B3%E0%A4%BE%E0%A4%B8%E0%A4%BE%E0%A4%B9%E0%A5%87%E0%A4%AC%20%E0%A4%A0%E0%A4%BE%E0%A4%95%E0%A4%B0%E0%A5%87&geo=IN"
"മോഹന്ലാല്","1 mil+","23 de agosto de 2026 a las 10:30:00 UTC-3","23 de agosto de 2026 a las 12:00:00 UTC-3","മോഹന്ലാല്","./explore?q=%E0%B4%AE%E0%B5%8B%E0%B4%B9%E0%B4%A8%E0%B5%8D%E0%B4%B2%E0%B4%BE%E0%B4%B2%E0%B5%8D&geo=IN"
"mg 07 firm orders","1 mil+","23 de agosto de 2026 a las 6:10:00 UTC-3","23 de agosto de 2026 a las 9:20:00 UTC-3","mg 07 firm orders","./explore?q=mg%2007%20firm%20orders&geo=IN"
"kerala","1 mil+","23 de agosto de 2026 a las 6:30:00 UTC-3","23 de agosto de 2026 a las 8:50:00 UTC-3","kerala","./explore?q=kerala&geo=IN"
"बैंक","1 mil+","23 de agosto de 2026 a las 2:30:00 UTC-3","23 de agosto de 2026 a las 4:50:00 UTC-3","बैंक","./explore?q=%E0%A4%AC%E0%A5%88%E0%A4%82%E0%A4%95&geo=IN"
"ദേവന്","1 mil+","22 de agosto de 2026 a las 23:10:00 UTC-3","23 de agosto de 2026 a las 10:30:00 UTC-3","ദേവന്","./explore?q=%E0%B4%A6%E0%B5%87%E0%B4%B5%E0%B4%A8%E0%B5%8D&geo=IN"
"mumbai","1 mil+","23 de agosto de 2026 a las 9:10:00 UTC-3","23 de agosto de 2026 a las 14:50:00 UTC-3","mumbai","./explore?q=mumbai&geo=IN"
"up scholarship 2026","1 mil+","24 de agosto de 2026 a las 2:20:00 UTC-3","24 de agosto de 2026 a las 2:40:00 UTC-3","up scholarship 2026,scholarship up","./explore?q=up%20scholarship%202026&geo=IN"
"bruce willis","500+","24 de agosto de 2026 a las 15:00:00 UTC-3",,"bruce willis","./explore?q=bruce%20willis&geo=IN"
"maxence lacroix","500+","24 de agosto de 2026 a las 15:50:00 UTC-3",,"maxence lacroix","./explore?q=maxence%20lacroix&geo=IN"
"valentín barco","500+","24 de agosto de 2026 a las 15:40:00 UTC-3",,"valentín barco","./explore?q=valent%C3%ADn%20barco&geo=IN"
"visionquest","500+","24 de agosto de 2026 a las 14:40:00 UTC-3",,"visionquest","./explore?q=visionquest&geo=IN"
"brydon carse cricketer","500+","24 de agosto de 2026 a las 14:10:00 UTC-3",,"brydon carse cricketer","./explore?q=brydon%20carse%20cricketer&geo=IN"
"sunil gavaskar","500+","24 de agosto de 2026 a las 16:10:00 UTC-3",,"sunil gavaskar,pakistan cricket","./explore?q=sunil%20gavaskar&geo=IN"
"rustomjee crown","500+","24 de agosto de 2026 a las 14:40:00 UTC-3","24 de agosto de 2026 a las 17:10:00 UTC-3","rustomjee crown","./explore?q=rustomjee%20crown&geo=IN"
"pluto malayalam movie","500+","24 de agosto de 2026 a las 13:20:00 UTC-3","24 de agosto de 2026 a las 16:30:00 UTC-3","pluto malayalam movie","./explore?q=pluto%20malayalam%20movie&geo=IN"
"शिवराज सिंह चौहान","500+","24 de agosto de 2026 a las 12:40:00 UTC-3","24 de agosto de 2026 a las 14:50:00 UTC-3","शिवराज सिंह चौहान","./explore?q=%E0%A4%B6%E0%A4%BF%E0%A4%B5%E0%A4%B0%E0%A4%BE%E0%A4%9C%20%E0%A4%B8%E0%A4%BF%E0%A4%82%E0%A4%B9%20%E0%A4%9A%E0%A5%8C%E0%A4%B9%E0%A4%BE%E0%A4%A8&geo=IN"
"drishyam 3","500+","24 de agosto de 2026 a las 12:20:00 UTC-3","24 de agosto de 2026 a las 17:10:00 UTC-3","drishyam 3","./explore?q=drishyam%203&geo=IN"
"josé mourinho","500+","24 de agosto de 2026 a las 12:10:00 UTC-3","24 de agosto de 2026 a las 14:10:00 UTC-3","josé mourinho","./explore?q=jos%C3%A9%20mourinho&geo=IN"
"অবকাশ","500+","24 de agosto de 2026 a las 12:30:00 UTC-3","24 de agosto de 2026 a las 14:10:00 UTC-3","অবকাশ","./explore?q=%E0%A6%85%E0%A6%AC%E0%A6%95%E0%A6%BE%E0%A6%B6&geo=IN"
"revanth reddy us visit denied","500+","24 de agosto de 2026 a las 11:40:00 UTC-3","24 de agosto de 2026 a las 13:10:00 UTC-3","revanth reddy us visit denied,revanth reddy","./explore?q=revanth%20reddy%20us%20visit%20denied&geo=IN"
"jammu and kashmir","500+","24 de agosto de 2026 a las 9:20:00 UTC-3","24 de agosto de 2026 a las 12:20:00 UTC-3","jammu and kashmir","./explore?q=jammu%20and%20kashmir&geo=IN"
"विजय देवरकोंडा","500+","24 de agosto de 2026 a las 11:40:00 UTC-3","24 de agosto de 2026 a las 13:00:00 UTC-3","विजय देवरकोंडा","./explore?q=%E0%A4%B5%E0%A4%BF%E0%A4%9C%E0%A4%AF%20%E0%A4%A6%E0%A5%87%E0%A4%B5%E0%A4%B0%E0%A4%95%E0%A5%8B%E0%A4%82%E0%A4%A1%E0%A4%BE&geo=IN"
"गिरोह","500+","24 de agosto de 2026 a las 7:20:00 UTC-3","24 de agosto de 2026 a las 9:20:00 UTC-3","गिरोह","./explore?q=%E0%A4%97%E0%A4%BF%E0%A4%B0%E0%A5%8B%E0%A4%B9&geo=IN"
"barcelona vs","500+","23 de agosto de 2026 a las 16:30:00 UTC-3","24 de agosto de 2026 a las 0:20:00 UTC-3","barcelona vs","./explore?q=barcelona%20vs&geo=IN"
"രാജസ്ഥാന്","500+","24 de agosto de 2026 a las 8:50:00 UTC-3","24 de agosto de 2026 a las 10:20:00 UTC-3","രാജസ്ഥാന്","./explore?q=%E0%B4%B0%E0%B4%BE%E0%B4%9C%E0%B4%B8%E0%B5%8D%E0%B4%A5%E0%B4%BE%E0%B4%A8%E0%B5%8D&geo=IN"
"weather jaipur","500+","24 de agosto de 2026 a las 5:50:00 UTC-3","24 de agosto de 2026 a las 7:30:00 UTC-3","weather jaipur","./explore?q=weather%20jaipur&geo=IN"
"वाराणसी","500+","24 de agosto de 2026 a las 5:30:00 UTC-3","24 de agosto de 2026 a las 7:20:00 UTC-3","वाराणसी","./explore?q=%E0%A4%B5%E0%A4%BE%E0%A4%B0%E0%A4%BE%E0%A4%A3%E0%A4%B8%E0%A5%80&geo=IN"
"വില","500+","24 de agosto de 2026 a las 6:00:00 UTC-3","24 de agosto de 2026 a las 7:30:00 UTC-3","വില","./explore?q=%E0%B4%B5%E0%B4%BF%E0%B4%B2&geo=IN"
"ഓണം","500+","24 de agosto de 2026 a las 8:50:00 UTC-3","24 de agosto de 2026 a las 10:10:00 UTC-3","ഓണം","./explore?q=%E0%B4%93%E0%B4%A3%E0%B4%82&geo=IN"
"கார்த்தி சிதம்பரம்","500+","24 de agosto de 2026 a las 9:30:00 UTC-3","24 de agosto de 2026 a las 10:50:00 UTC-3","கார்த்தி சிதம்பரம்","./explore?q=%E0%AE%95%E0%AE%BE%E0%AE%B0%E0%AF%8D%E0%AE%A4%E0%AF%8D%E0%AE%A4%E0%AE%BF%20%E0%AE%9A%E0%AE%BF%E0%AE%A4%E0%AE%AE%E0%AF%8D%E0%AE%AA%E0%AE%B0%E0%AE%AE%E0%AF%8D&geo=IN"
"weather agra","500+","23 de agosto de 2026 a las 19:40:00 UTC-3","24 de agosto de 2026 a las 0:00:00 UTC-3","weather agra","./explore?q=weather%20agra&geo=IN"
"హైదరాబాద్","500+","24 de agosto de 2026 a las 6:30:00 UTC-3","24 de agosto de 2026 a las 7:30:00 UTC-3","హైదరాబాద్","./explore?q=%E0%B0%B9%E0%B1%88%E0%B0%A6%E0%B0%B0%E0%B0%BE%E0%B0%AC%E0%B0%BE%E0%B0%A6%E0%B1%8D&geo=IN"
"24 august 2026","500+","23 de agosto de 2026 a las 20:00:00 UTC-3","24 de agosto de 2026 a las 1:30:00 UTC-3","24 august 2026","./explore?q=24%20august%202026&geo=IN"
"vb g ram g","500+","24 de agosto de 2026 a las 2:00:00 UTC-3","24 de agosto de 2026 a las 4:10:00 UTC-3","vb g ram g","./explore?q=vb%20g%20ram%20g&geo=IN"
"arthur fils","500+","23 de agosto de 2026 a las 17:50:00 UTC-3","23 de agosto de 2026 a las 23:20:00 UTC-3","arthur fils","./explore?q=arthur%20fils&geo=IN"
"कामिल मिशारा","500+","24 de agosto de 2026 a las 9:20:00 UTC-3","24 de agosto de 2026 a las 10:40:00 UTC-3","कामिल मिशारा","./explore?q=%E0%A4%95%E0%A4%BE%E0%A4%AE%E0%A4%BF%E0%A4%B2%20%E0%A4%AE%E0%A4%BF%E0%A4%B6%E0%A4%BE%E0%A4%B0%E0%A4%BE&geo=IN"
"kunal kohli","500+","24 de agosto de 2026 a las 7:10:00 UTC-3","24 de agosto de 2026 a las 8:40:00 UTC-3","kunal kohli","./explore?q=kunal%20kohli&geo=IN"
"பயிர்","500+","24 de agosto de 2026 a las 0:30:00 UTC-3","24 de agosto de 2026 a las 2:50:00 UTC-3","பயிர்","./explore?q=%E0%AE%AA%E0%AE%AF%E0%AE%BF%E0%AE%B0%E0%AF%8D&geo=IN"
"आदर्श चुनाव आचार संहिता","500+","24 de agosto de 2026 a las 8:00:00 UTC-3","24 de agosto de 2026 a las 9:30:00 UTC-3","आदर्श चुनाव आचार संहिता","./explore?q=%E0%A4%86%E0%A4%A6%E0%A4%B0%E0%A5%8D%E0%A4%B6%20%E0%A4%9A%E0%A5%81%E0%A4%A8%E0%A4%BE%E0%A4%B5%20%E0%A4%86%E0%A4%9A%E0%A4%BE%E0%A4%B0%20%E0%A4%B8%E0%A4%82%E0%A4%B9%E0%A4%BF%E0%A4%A4%E0%A4%BE&geo=IN"
"ಮಳೆ","500+","24 de agosto de 2026 a las 9:00:00 UTC-3","24 de agosto de 2026 a las 9:50:00 UTC-3","ಮಳೆ","./explore?q=%E0%B2%AE%E0%B2%B3%E0%B3%86&geo=IN"
"mht cet 2026 cap counselling results","500+","24 de agosto de 2026 a las 2:20:00 UTC-3","24 de agosto de 2026 a las 4:00:00 UTC-3","mht cet 2026 cap counselling results","./explore?q=mht%20cet%202026%20cap%20counselling%20results&geo=IN"
"கரீனா கபூர்","500+","23 de agosto de 2026 a las 15:20:00 UTC-3","24 de agosto de 2026 a las 0:40:00 UTC-3","கரீனா கபூர்","./explore?q=%E0%AE%95%E0%AE%B0%E0%AF%80%E0%AE%A9%E0%AE%BE%20%E0%AE%95%E0%AE%AA%E0%AF%82%E0%AE%B0%E0%AF%8D&geo=IN"
"नागरिकता","500+","24 de agosto de 2026 a las 3:30:00 UTC-3","24 de agosto de 2026 a las 5:00:00 UTC-3","नागरिकता","./explore?q=%E0%A4%A8%E0%A4%BE%E0%A4%97%E0%A4%B0%E0%A4%BF%E0%A4%95%E0%A4%A4%E0%A4%BE&geo=IN"
"meesho share price","500+","24 de agosto de 2026 a las 0:50:00 UTC-3","24 de agosto de 2026 a las 2:30:00 UTC-3","meesho share price","./explore?q=meesho%20share%20price&geo=IN"
"રક્ષાબંધન","500+","24 de agosto de 2026 a las 6:50:00 UTC-3","24 de agosto de 2026 a las 9:30:00 UTC-3","રક્ષાબંધન","./explore?q=%E0%AA%B0%E0%AA%95%E0%AB%8D%E0%AA%B7%E0%AA%BE%E0%AA%AC%E0%AA%82%E0%AA%A7%E0%AA%A8&geo=IN"
"हरियाणा","500+","24 de agosto de 2026 a las 5:50:00 UTC-3","24 de agosto de 2026 a las 7:00:00 UTC-3","हरियाणा","./explore?q=%E0%A4%B9%E0%A4%B0%E0%A4%BF%E0%A4%AF%E0%A4%BE%E0%A4%A3%E0%A4%BE&geo=IN"
"जबलपुर","500+","24 de agosto de 2026 a las 0:50:00 UTC-3","24 de agosto de 2026 a las 3:10:00 UTC-3","जबलपुर","./explore?q=%E0%A4%9C%E0%A4%AC%E0%A4%B2%E0%A4%AA%E0%A5%81%E0%A4%B0&geo=IN"
"série a","500+","23 de agosto de 2026 a las 20:30:00 UTC-3","23 de agosto de 2026 a las 23:50:00 UTC-3","série a","./explore?q=s%C3%A9rie%20a&geo=IN"
"upcoming ipo","500+","24 de agosto de 2026 a las 1:10:00 UTC-3","24 de agosto de 2026 a las 3:20:00 UTC-3","upcoming ipo","./explore?q=upcoming%20ipo&geo=IN"
"awarapan box office collection","500+","23 de agosto de 2026 a las 14:10:00 UTC-3","23 de agosto de 2026 a las 18:20:00 UTC-3","awarapan box office collection","./explore?q=awarapan%20box%20office%20collection&geo=IN"
"fotmob","500+","23 de agosto de 2026 a las 16:00:00 UTC-3","23 de agosto de 2026 a las 19:30:00 UTC-3","fotmob","./explore?q=fotmob&geo=IN"
"urban company share price","500+","24 de agosto de 2026 a las 0:50:00 UTC-3","24 de agosto de 2026 a las 2:40:00 UTC-3","urban company share price","./explore?q=urban%20company%20share%20price&geo=IN"
"24","500+","23 de agosto de 2026 a las 21:40:00 UTC-3","24 de agosto de 2026 a las 11:20:00 UTC-3","24","./explore?q=24&geo=IN"
"వందే భారత్ ఎక్స్ప్రెస్","500+","24 de agosto de 2026 a las 4:10:00 UTC-3","24 de agosto de 2026 a las 5:40:00 UTC-3","వందే భారత్ ఎక్స్ప్రెస్","./explore?q=%E0%B0%B5%E0%B0%82%E0%B0%A6%E0%B1%87%20%E0%B0%AD%E0%B0%BE%E0%B0%B0%E0%B0%A4%E0%B1%8D%20%E0%B0%8E%E0%B0%95%E0%B1%8D%E0%B0%B8%E0%B1%8D%E0%B0%AA%E0%B1%8D%E0%B0%B0%E0%B1%86%E0%B0%B8%E0%B1%8D&geo=IN"
"dixon technologies share price","500+","24 de agosto de 2026 a las 0:50:00 UTC-3","24 de agosto de 2026 a las 2:40:00 UTC-3","dixon technologies share price","./explore?q=dixon%20technologies%20share%20price&geo=IN"
"atalanta vs sassuolo","500+","23 de agosto de 2026 a las 15:30:00 UTC-3","23 de agosto de 2026 a las 22:40:00 UTC-3","atalanta vs sassuolo","./explore?q=atalanta%20vs%20sassuolo&geo=IN"
"शेयर बाज़ार","500+","24 de agosto de 2026 a las 6:10:00 UTC-3","24 de agosto de 2026 a las 7:10:00 UTC-3","शेयर बाज़ार,nifty bank","./explore?q=%E0%A4%B6%E0%A5%87%E0%A4%AF%E0%A4%B0%20%E0%A4%AC%E0%A4%BE%E0%A4%9C%E0%A4%BC%E0%A4%BE%E0%A4%B0&geo=IN"
"gaurav khanna","500+","23 de agosto de 2026 a las 13:50:00 UTC-3","23 de agosto de 2026 a las 18:00:00 UTC-3","gaurav khanna","./explore?q=gaurav%20khanna&geo=IN"
"విశ్వంభర","500+","23 de agosto de 2026 a las 13:50:00 UTC-3","24 de agosto de 2026 a las 0:00:00 UTC-3","విశ్వంభర","./explore?q=%E0%B0%B5%E0%B0%BF%E0%B0%B6%E0%B1%8D%E0%B0%B5%E0%B0%82%E0%B0%AD%E0%B0%B0&geo=IN"
"mohammad saif","500+","24 de agosto de 2026 a las 8:30:00 UTC-3","24 de agosto de 2026 a las 9:30:00 UTC-3","mohammad saif,uttar pradesh t20 league","./explore?q=mohammad%20saif&geo=IN"
"అధికారి","500+","24 de agosto de 2026 a las 4:50:00 UTC-3","24 de agosto de 2026 a las 6:10:00 UTC-3","అధికారి","./explore?q=%E0%B0%85%E0%B0%A7%E0%B0%BF%E0%B0%95%E0%B0%BE%E0%B0%B0%E0%B0%BF&geo=IN"
"crypto exchange binance","500+","24 de agosto de 2026 a las 2:50:00 UTC-3","24 de agosto de 2026 a las 3:50:00 UTC-3","crypto exchange binance","./explore?q=crypto%20exchange%20binance&geo=IN"
"balrampur chini share price","500+","24 de agosto de 2026 a las 0:50:00 UTC-3","24 de agosto de 2026 a las 2:20:00 UTC-3","balrampur chini share price","./explore?q=balrampur%20chini%20share%20price&geo=IN"
"parul gulati","500+","23 de agosto de 2026 a las 16:00:00 UTC-3","23 de agosto de 2026 a las 20:10:00 UTC-3","parul gulati","./explore?q=parul%20gulati&geo=IN"
"24 august","500+","23 de agosto de 2026 a las 22:20:00 UTC-3","24 de agosto de 2026 a las 1:20:00 UTC-3","24 august","./explore?q=24%20august&geo=IN"
"26 august 2026","500+","23 de agosto de 2026 a las 22:50:00 UTC-3","24 de agosto de 2026 a las 11:50:00 UTC-3","26 august 2026","./explore?q=26%20august%202026&geo=IN"
"fssai notices nestle pepsico coca-cola","500+","23 de agosto de 2026 a las 16:50:00 UTC-3","24 de agosto de 2026 a las 0:30:00 UTC-3","fssai notices nestle pepsico coca-cola","./explore?q=fssai%20notices%20nestle%20pepsico%20coca-cola&geo=IN"
"lenskart share price","500+","24 de agosto de 2026 a las 0:50:00 UTC-3","24 de agosto de 2026 a las 2:00:00 UTC-3","lenskart share price","./explore?q=lenskart%20share%20price&geo=IN"
"યશસ્વી જયસ્વાલ","500+","23 de agosto de 2026 a las 10:40:00 UTC-3","23 de agosto de 2026 a las 13:30:00 UTC-3","યશસ્વી જયસ્વાલ","./explore?q=%E0%AA%AF%E0%AA%B6%E0%AA%B8%E0%AB%8D%E0%AA%B5%E0%AB%80%20%E0%AA%9C%E0%AA%AF%E0%AA%B8%E0%AB%8D%E0%AA%B5%E0%AA%BE%E0%AA%B2&geo=IN"
"nbt","500+","24 de agosto de 2026 a las 1:40:00 UTC-3","24 de agosto de 2026 a las 3:00:00 UTC-3","nbt","./explore?q=nbt&geo=IN"
"welspun corp share price","500+","24 de agosto de 2026 a las 0:50:00 UTC-3","24 de agosto de 2026 a las 2:10:00 UTC-3","welspun corp share price","./explore?q=welspun%20corp%20share%20price&geo=IN"
"bigg boss 20 contestants list 2026","500+","23 de agosto de 2026 a las 13:50:00 UTC-3","23 de agosto de 2026 a las 18:50:00 UTC-3","bigg boss 20 contestants list 2026","./explore?q=bigg%20boss%2020%20contestants%20list%202026&geo=IN"
"avinash mishra","500+","23 de agosto de 2026 a las 13:10:00 UTC-3","23 de agosto de 2026 a las 17:20:00 UTC-3","avinash mishra","./explore?q=avinash%20mishra&geo=IN"
"alexander isak","500+","23 de agosto de 2026 a las 12:40:00 UTC-3","23 de agosto de 2026 a las 15:10:00 UTC-3","alexander isak","./explore?q=alexander%20isak&geo=IN"
"శంషాబాద్","500+","23 de agosto de 2026 a las 14:30:00 UTC-3","23 de agosto de 2026 a las 22:20:00 UTC-3","శంషాబాద్","./explore?q=%E0%B0%B6%E0%B0%82%E0%B0%B7%E0%B0%BE%E0%B0%AC%E0%B0%BE%E0%B0%A6%E0%B1%8D&geo=IN"
"kpsc","500+","24 de agosto de 2026 a las 4:10:00 UTC-3","24 de agosto de 2026 a las 5:00:00 UTC-3","kpsc,karnataka public service commission","./explore?q=kpsc&geo=IN"
"getafe vs racing santander","500+","23 de agosto de 2026 a las 14:20:00 UTC-3","23 de agosto de 2026 a las 16:40:00 UTC-3","getafe vs racing santander","./explore?q=getafe%20vs%20racing%20santander&geo=IN"
"navbharat times","500+","24 de agosto de 2026 a las 1:30:00 UTC-3","24 de agosto de 2026 a las 2:50:00 UTC-3","navbharat times","./explore?q=navbharat%20times&geo=IN"
"सड़क","500+","23 de agosto de 2026 a las 7:50:00 UTC-3","23 de agosto de 2026 a las 10:30:00 UTC-3","सड़क","./explore?q=%E0%A4%B8%E0%A4%A1%E0%A4%BC%E0%A4%95&geo=IN"
"బంగ్లాదేశ్","500+","23 de agosto de 2026 a las 7:00:00 UTC-3","23 de agosto de 2026 a las 8:50:00 UTC-3","బంగ్లాదేశ్","./explore?q=%E0%B0%AC%E0%B0%82%E0%B0%97%E0%B1%8D%E0%B0%B2%E0%B0%BE%E0%B0%A6%E0%B1%87%E0%B0%B6%E0%B1%8D&geo=IN"
"रोहित यादव","500+","22 de agosto de 2026 a las 22:30:00 UTC-3","23 de agosto de 2026 a las 2:00:00 UTC-3","रोहित यादव","./explore?q=%E0%A4%B0%E0%A5%8B%E0%A4%B9%E0%A4%BF%E0%A4%A4%20%E0%A4%AF%E0%A4%BE%E0%A4%A6%E0%A4%B5&geo=IN"
"సందీప్ రెడ్డి వంగా","500+","23 de agosto de 2026 a las 3:40:00 UTC-3","23 de agosto de 2026 a las 6:50:00 UTC-3","సందీప్ రెడ్డి వంగా","./explore?q=%E0%B0%B8%E0%B0%82%E0%B0%A6%E0%B1%80%E0%B0%AA%E0%B1%8D%20%E0%B0%B0%E0%B1%86%E0%B0%A1%E0%B1%8D%E0%B0%A1%E0%B0%BF%20%E0%B0%B5%E0%B0%82%E0%B0%97%E0%B0%BE&geo=IN"
"अलीगढ़ मुस्लिम यूनिवर्सिटी","500+","23 de agosto de 2026 a las 11:50:00 UTC-3","23 de agosto de 2026 a las 13:30:00 UTC-3","अलीगढ़ मुस्लिम यूनिवर्सिटी","./explore?q=%E0%A4%85%E0%A4%B2%E0%A5%80%E0%A4%97%E0%A4%A2%E0%A4%BC%20%E0%A4%AE%E0%A5%81%E0%A4%B8%E0%A5%8D%E0%A4%B2%E0%A4%BF%E0%A4%AE%20%E0%A4%AF%E0%A5%82%E0%A4%A8%E0%A4%BF%E0%A4%B5%E0%A4%B0%E0%A5%8D%E0%A4%B8%E0%A4%BF%E0%A4%9F%E0%A5%80&geo=IN"
"yogesh sahu kbc 18 horse racing","500+","23 de agosto de 2026 a las 7:20:00 UTC-3","23 de agosto de 2026 a las 13:30:00 UTC-3","yogesh sahu kbc 18 horse racing","./explore?q=yogesh%20sahu%20kbc%2018%20horse%20racing&geo=IN"
"abhimanyu easwaran","500+","23 de agosto de 2026 a las 1:20:00 UTC-3","23 de agosto de 2026 a las 3:50:00 UTC-3","abhimanyu easwaran","./explore?q=abhimanyu%20easwaran&geo=IN"
"ntpc green share price","500+","24 de agosto de 2026 a las 1:10:00 UTC-3","24 de agosto de 2026 a las 2:00:00 UTC-3","ntpc green share price,ntpc green energy share price","./explore?q=ntpc%20green%20share%20price&geo=IN"
"pravesh aggarwal income tax penalty","500+","23 de agosto de 2026 a las 6:10:00 UTC-3","23 de agosto de 2026 a las 8:20:00 UTC-3","pravesh aggarwal income tax penalty","./explore?q=pravesh%20aggarwal%20income%20tax%20penalty&geo=IN"
"shadow fleet","500+","23 de agosto de 2026 a las 8:50:00 UTC-3","23 de agosto de 2026 a las 10:50:00 UTC-3","shadow fleet","./explore?q=shadow%20fleet&geo=IN"
"national space day","500+","23 de agosto de 2026 a las 0:00:00 UTC-3","23 de agosto de 2026 a las 2:50:00 UTC-3","national space day","./explore?q=national%20space%20day&geo=IN"
"ઘટના","500+","23 de agosto de 2026 a las 10:40:00 UTC-3","23 de agosto de 2026 a las 12:10:00 UTC-3","ઘટના","./explore?q=%E0%AA%98%E0%AA%9F%E0%AA%A8%E0%AA%BE&geo=IN"
"one","500+","22 de agosto de 2026 a las 23:50:00 UTC-3","23 de agosto de 2026 a las 2:10:00 UTC-3","one","./explore?q=one&geo=IN"
"elliot anderson","500+","23 de agosto de 2026 a las 10:10:00 UTC-3","23 de agosto de 2026 a las 11:40:00 UTC-3","elliot anderson","./explore?q=elliot%20anderson&geo=IN"
"f1 tv","500+","23 de agosto de 2026 a las 9:50:00 UTC-3","23 de agosto de 2026 a las 11:10:00 UTC-3","f1 tv","./explore?q=f1%20tv&geo=IN"
"23 august 2026","500+","22 de agosto de 2026 a las 22:10:00 UTC-3","23 de agosto de 2026 a las 1:00:00 UTC-3","23 august 2026","./explore?q=23%20august%202026&geo=IN"
"crypto exchange binance","500+","23 de agosto de 2026 a las 2:40:00 UTC-3","23 de agosto de 2026 a las 3:50:00 UTC-3","crypto exchange binance","./explore?q=crypto%20exchange%20binance&geo=IN"
"సెలవు","500+","23 de agosto de 2026 a las 22:00:00 UTC-3","23 de agosto de 2026 a las 22:30:00 UTC-3","సెలవు","./explore?q=%E0%B0%B8%E0%B1%86%E0%B0%B2%E0%B0%B5%E0%B1%81&geo=IN"
"యశస్వి జైస్వాల్","500+","23 de agosto de 2026 a las 5:40:00 UTC-3","23 de agosto de 2026 a las 6:50:00 UTC-3","యశస్వి జైస్వాల్","./explore?q=%E0%B0%AF%E0%B0%B6%E0%B0%B8%E0%B1%8D%E0%B0%B5%E0%B0%BF%20%E0%B0%9C%E0%B1%88%E0%B0%B8%E0%B1%8D%E0%B0%B5%E0%B0%BE%E0%B0%B2%E0%B1%8D&geo=IN"
"epl table","500+","23 de agosto de 2026 a las 12:30:00 UTC-3","23 de agosto de 2026 a las 15:30:00 UTC-3","epl table","./explore?q=epl%20table&geo=IN"
"lafc vs portland","500+","22 de agosto de 2026 a las 23:50:00 UTC-3","23 de agosto de 2026 a las 2:30:00 UTC-3","lafc vs portland","./explore?q=lafc%20vs%20portland&geo=IN"
"carlos espi","500+","22 de agosto de 2026 a las 18:30:00 UTC-3","22 de agosto de 2026 a las 20:50:00 UTC-3","carlos espi,where to watch la liga in india,espanyol,real,real madrid match today","./explore?q=carlos%20espi&geo=IN"
"കാനഡ","500+","23 de agosto de 2026 a las 5:00:00 UTC-3","23 de agosto de 2026 a las 6:50:00 UTC-3","കാനഡ","./explore?q=%E0%B4%95%E0%B4%BE%E0%B4%A8%E0%B4%A1&geo=IN"
"weather meerut","500+","22 de agosto de 2026 a las 20:20:00 UTC-3","23 de agosto de 2026 a las 0:40:00 UTC-3","weather meerut","./explore?q=weather%20meerut&geo=IN"
"उत्तर प्रदेश शिक्षक पात्रता परीक्षा(यूपीटीईटी)","500+","24 de agosto de 2026 a las 2:50:00 UTC-3","24 de agosto de 2026 a las 3:10:00 UTC-3","उत्तर प्रदेश शिक्षक पात्रता परीक्षा(यूपीटीईटी)","./explore?q=%E0%A4%89%E0%A4%A4%E0%A5%8D%E0%A4%A4%E0%A4%B0%20%E0%A4%AA%E0%A5%8D%E0%A4%B0%E0%A4%A6%E0%A5%87%E0%A4%B6%20%E0%A4%B6%E0%A4%BF%E0%A4%95%E0%A5%8D%E0%A4%B7%E0%A4%95%20%E0%A4%AA%E0%A4%BE%E0%A4%A4%E0%A5%8D%E0%A4%B0%E0%A4%A4%E0%A4%BE%20%E0%A4%AA%E0%A4%B0%E0%A5%80%E0%A4%95%E0%A5%8D%E0%A4%B7%E0%A4%BE%28%E0%A4%AF%E0%A5%82%E0%A4%AA%E0%A5%80%E0%A4%9F%E0%A5%80%E0%A4%88%E0%A4%9F%E0%A5%80%29&geo=IN"
"air pollution","500+","23 de agosto de 2026 a las 12:30:00 UTC-3","23 de agosto de 2026 a las 14:30:00 UTC-3","air pollution","./explore?q=air%20pollution&geo=IN"
"హేమ","500+","23 de agosto de 2026 a las 9:00:00 UTC-3","23 de agosto de 2026 a las 10:30:00 UTC-3","హేమ","./explore?q=%E0%B0%B9%E0%B1%87%E0%B0%AE&geo=IN"
"tv9 marathi","500+","23 de agosto de 2026 a las 7:30:00 UTC-3","24 de agosto de 2026 a las 2:00:00 UTC-3","tv9 marathi","./explore?q=tv9%20marathi&geo=IN"
"shubman gill india test cricket milestone","500+","23 de agosto de 2026 a las 6:50:00 UTC-3","23 de agosto de 2026 a las 8:10:00 UTC-3","shubman gill india test cricket milestone","./explore?q=shubman%20gill%20india%20test%20cricket%20milestone&geo=IN"
"ওএনজিসি অশোকনগর","500+","23 de agosto de 2026 a las 5:40:00 UTC-3","23 de agosto de 2026 a las 7:10:00 UTC-3","ওএনজিসি অশোকনগর","./explore?q=%E0%A6%93%E0%A6%8F%E0%A6%A8%E0%A6%9C%E0%A6%BF%E0%A6%B8%E0%A6%BF%20%E0%A6%85%E0%A6%B6%E0%A7%8B%E0%A6%95%E0%A6%A8%E0%A6%97%E0%A6%B0&geo=IN"
"चेक","500+","23 de agosto de 2026 a las 4:50:00 UTC-3","23 de agosto de 2026 a las 7:10:00 UTC-3","चेक","./explore?q=%E0%A4%9A%E0%A5%87%E0%A4%95&geo=IN"
"બાંગ્લાદેશ વિ. ઑસ્ટ્રેલિયા","500+","22 de agosto de 2026 a las 22:30:00 UTC-3","23 de agosto de 2026 a las 3:30:00 UTC-3","બાંગ્લાદેશ વિ. ઑસ્ટ્રેલિયા","./explore?q=%E0%AA%AC%E0%AA%BE%E0%AA%82%E0%AA%97%E0%AB%8D%E0%AA%B2%E0%AA%BE%E0%AA%A6%E0%AB%87%E0%AA%B6%20%E0%AA%B5%E0%AA%BF.%20%E0%AA%91%E0%AA%B8%E0%AB%8D%E0%AA%9F%E0%AB%8D%E0%AA%B0%E0%AB%87%E0%AA%B2%E0%AA%BF%E0%AA%AF%E0%AA%BE&geo=IN"
"abp majha","500+","24 de agosto de 2026 a las 1:50:00 UTC-3","24 de agosto de 2026 a las 2:10:00 UTC-3","abp majha,bhuleshwar","./explore?q=abp%20majha&geo=IN"
"weather new delhi","500+","23 de agosto de 2026 a las 1:40:00 UTC-3","23 de agosto de 2026 a las 2:20:00 UTC-3","weather new delhi","./explore?q=weather%20new%20delhi&geo=IN"
"málaga vs deportivo","200+","24 de agosto de 2026 a las 16:20:00 UTC-3",,"málaga vs deportivo","./explore?q=m%C3%A1laga%20vs%20deportivo&geo=IN"
"enzo fernández","200+","24 de agosto de 2026 a las 16:30:00 UTC-3",,"enzo fernández","./explore?q=enzo%20fern%C3%A1ndez&geo=IN"
"i nobody movie","200+","24 de agosto de 2026 a las 16:10:00 UTC-3",,"i nobody movie","./explore?q=i%20nobody%20movie&geo=IN"
"fpl","200+","24 de agosto de 2026 a las 16:30:00 UTC-3",,"fpl","./explore?q=fpl&geo=IN"
"dia mirza","200+","24 de agosto de 2026 a las 15:50:00 UTC-3",,"dia mirza","./explore?q=dia%20mirza&geo=IN"
"ajeet bharti","200+","24 de agosto de 2026 a las 15:50:00 UTC-3","24 de agosto de 2026 a las 17:30:00 UTC-3","ajeet bharti","./explore?q=ajeet%20bharti&geo=IN"
"25 august 2026","200+","24 de agosto de 2026 a las 15:40:00 UTC-3","24 de agosto de 2026 a las 17:10:00 UTC-3","25 august 2026","./explore?q=25%20august%202026&geo=IN"
"ఆఫ్ఘనిస్తాన్ క్రికెట్ జట్టు","200+","24 de agosto de 2026 a las 13:10:00 UTC-3","24 de agosto de 2026 a las 14:10:00 UTC-3","ఆఫ్ఘనిస్తాన్ క్రికెట్ జట్టు","./explore?q=%E0%B0%86%E0%B0%AB%E0%B1%8D%E0%B0%98%E0%B0%A8%E0%B0%BF%E0%B0%B8%E0%B1%8D%E0%B0%A4%E0%B0%BE%E0%B0%A8%E0%B1%8D%20%E0%B0%95%E0%B1%8D%E0%B0%B0%E0%B0%BF%E0%B0%95%E0%B1%86%E0%B0%9F%E0%B1%8D%20%E0%B0%9C%E0%B0%9F%E0%B1%8D%E0%B0%9F%E0%B1%81&geo=IN"
"ಪಿಂಚಣಿ","200+","24 de agosto de 2026 a las 15:00:00 UTC-3","24 de agosto de 2026 a las 15:40:00 UTC-3","ಪಿಂಚಣಿ","./explore?q=%E0%B2%AA%E0%B2%BF%E0%B2%82%E0%B2%9A%E0%B2%A3%E0%B2%BF&geo=IN"
"hardeep singh","200+","24 de agosto de 2026 a las 14:00:00 UTC-3","24 de agosto de 2026 a las 14:40:00 UTC-3","hardeep singh","./explore?q=hardeep%20singh&geo=IN"
"nasdaq composite","200+","24 de agosto de 2026 a las 11:10:00 UTC-3","24 de agosto de 2026 a las 12:10:00 UTC-3","nasdaq composite","./explore?q=nasdaq%20composite&geo=IN"
"एबीपी न्यूज़","200+","24 de agosto de 2026 a las 13:20:00 UTC-3","24 de agosto de 2026 a las 14:00:00 UTC-3","एबीपी न्यूज़","./explore?q=%E0%A4%8F%E0%A4%AC%E0%A5%80%E0%A4%AA%E0%A5%80%20%E0%A4%A8%E0%A5%8D%E0%A4%AF%E0%A5%82%E0%A4%9C%E0%A4%BC&geo=IN"
"icymi","200+","24 de agosto de 2026 a las 8:50:00 UTC-3","24 de agosto de 2026 a las 9:50:00 UTC-3","icymi","./explore?q=icymi&geo=IN"
"qinwen zheng","200+","24 de agosto de 2026 a las 12:50:00 UTC-3","24 de agosto de 2026 a las 13:20:00 UTC-3","qinwen zheng","./explore?q=qinwen%20zheng&geo=IN"
"oracle share price","200+","24 de agosto de 2026 a las 11:10:00 UTC-3","24 de agosto de 2026 a las 12:00:00 UTC-3","oracle share price","./explore?q=oracle%20share%20price&geo=IN"
"micron share price","200+","24 de agosto de 2026 a las 11:00:00 UTC-3","24 de agosto de 2026 a las 11:40:00 UTC-3","micron share price","./explore?q=micron%20share%20price&geo=IN"
"ಯುವತಿ","200+","24 de agosto de 2026 a las 9:00:00 UTC-3","24 de agosto de 2026 a las 10:10:00 UTC-3","ಯುವತಿ","./explore?q=%E0%B2%AF%E0%B3%81%E0%B2%B5%E0%B2%A4%E0%B2%BF&geo=IN"
"mangaluru","200+","24 de agosto de 2026 a las 13:20:00 UTC-3","24 de agosto de 2026 a las 13:50:00 UTC-3","mangaluru","./explore?q=mangaluru&geo=IN"
"किरेन रिजिजू","200+","23 de agosto de 2026 a las 20:00:00 UTC-3","24 de agosto de 2026 a las 0:00:00 UTC-3","किरेन रिजिजू","./explore?q=%E0%A4%95%E0%A4%BF%E0%A4%B0%E0%A5%87%E0%A4%A8%20%E0%A4%B0%E0%A4%BF%E0%A4%9C%E0%A4%BF%E0%A4%9C%E0%A5%82&geo=IN"
"બુધ","200+","24 de agosto de 2026 a las 9:30:00 UTC-3","24 de agosto de 2026 a las 10:20:00 UTC-3","બુધ","./explore?q=%E0%AA%AC%E0%AB%81%E0%AA%A7&geo=IN"
"భోగాపురం","200+","24 de agosto de 2026 a las 8:30:00 UTC-3","24 de agosto de 2026 a las 9:30:00 UTC-3","భోగాపురం","./explore?q=%E0%B0%AD%E0%B1%8B%E0%B0%97%E0%B0%BE%E0%B0%AA%E0%B1%81%E0%B0%B0%E0%B0%82&geo=IN"
"പി. വി. അന്വര്","200+","24 de agosto de 2026 a las 9:20:00 UTC-3","24 de agosto de 2026 a las 10:10:00 UTC-3","പി. വി. അന്വര്","./explore?q=%E0%B4%AA%E0%B4%BF.%20%E0%B4%B5%E0%B4%BF.%20%E0%B4%85%E0%B4%A8%E0%B5%8D%E0%B4%B5%E0%B4%B0%E0%B5%8D&geo=IN"
"hyderabad weather","200+","23 de agosto de 2026 a las 22:00:00 UTC-3","24 de agosto de 2026 a las 0:10:00 UTC-3","hyderabad weather,next","./explore?q=hyderabad%20weather&geo=IN"
"sandisk share price","200+","24 de agosto de 2026 a las 11:10:00 UTC-3","24 de agosto de 2026 a las 11:40:00 UTC-3","sandisk share price","./explore?q=sandisk%20share%20price&geo=IN"
"nasdaq 100","200+","24 de agosto de 2026 a las 11:20:00 UTC-3","24 de agosto de 2026 a las 11:50:00 UTC-3","nasdaq 100","./explore?q=nasdaq%20100&geo=IN"
"xm","200+","23 de agosto de 2026 a las 19:30:00 UTC-3","24 de agosto de 2026 a las 2:20:00 UTC-3","xm","./explore?q=xm&geo=IN"
"hul share price","200+","24 de agosto de 2026 a las 1:00:00 UTC-3","24 de agosto de 2026 a las 2:10:00 UTC-3","hul share price","./explore?q=hul%20share%20price&geo=IN"
"indian game show","200+","24 de agosto de 2026 a las 12:10:00 UTC-3","24 de agosto de 2026 a las 12:40:00 UTC-3","indian game show","./explore?q=indian%20game%20show&geo=IN"
"ভারত","200+","24 de agosto de 2026 a las 10:00:00 UTC-3","24 de agosto de 2026 a las 10:40:00 UTC-3","ভারত","./explore?q=%E0%A6%AD%E0%A6%BE%E0%A6%B0%E0%A6%A4&geo=IN"
"కబడ్డీ","200+","24 de agosto de 2026 a las 10:00:00 UTC-3","24 de agosto de 2026 a las 10:40:00 UTC-3","కబడ్డీ","./explore?q=%E0%B0%95%E0%B0%AC%E0%B0%A1%E0%B1%8D%E0%B0%A1%E0%B1%80&geo=IN"
"delhi temperature","200+","24 de agosto de 2026 a las 3:00:00 UTC-3","24 de agosto de 2026 a las 4:10:00 UTC-3","delhi temperature","./explore?q=delhi%20temperature&geo=IN"
"ecor apprentice recruitment 2026 application","200+","24 de agosto de 2026 a las 7:50:00 UTC-3","24 de agosto de 2026 a las 8:40:00 UTC-3","ecor apprentice recruitment 2026 application","./explore?q=ecor%20apprentice%20recruitment%202026%20application&geo=IN"
"frances tiafoe","200+","23 de agosto de 2026 a las 17:40:00 UTC-3","23 de agosto de 2026 a las 20:40:00 UTC-3","frances tiafoe","./explore?q=frances%20tiafoe&geo=IN"
"nestle india share price","200+","24 de agosto de 2026 a las 1:00:00 UTC-3","24 de agosto de 2026 a las 2:10:00 UTC-3","nestle india share price","./explore?q=nestle%20india%20share%20price&geo=IN"
"mcx","200+","24 de agosto de 2026 a las 1:30:00 UTC-3","24 de agosto de 2026 a las 2:40:00 UTC-3","mcx","./explore?q=mcx&geo=IN"
"vodafone idea share","200+","24 de agosto de 2026 a las 1:00:00 UTC-3","24 de agosto de 2026 a las 2:00:00 UTC-3","vodafone idea share","./explore?q=vodafone%20idea%20share&geo=IN"
"bajaj auto share price","200+","24 de agosto de 2026 a las 0:50:00 UTC-3","24 de agosto de 2026 a las 2:00:00 UTC-3","bajaj auto share price","./explore?q=bajaj%20auto%20share%20price&geo=IN"
"undisguised renault kwid spied","200+","23 de agosto de 2026 a las 14:40:00 UTC-3","23 de agosto de 2026 a las 22:50:00 UTC-3","undisguised renault kwid spied","./explore?q=undisguised%20renault%20kwid%20spied&geo=IN"
"मुरादाबाद","200+","23 de agosto de 2026 a las 21:20:00 UTC-3","23 de agosto de 2026 a las 23:40:00 UTC-3","मुरादाबाद","./explore?q=%E0%A4%AE%E0%A5%81%E0%A4%B0%E0%A4%BE%E0%A4%A6%E0%A4%BE%E0%A4%AC%E0%A4%BE%E0%A4%A6&geo=IN"
"టీవీ9 - తెలుగు","200+","23 de agosto de 2026 a las 20:40:00 UTC-3","23 de agosto de 2026 a las 23:50:00 UTC-3","టీవీ9 - తెలుగు","./explore?q=%E0%B0%9F%E0%B1%80%E0%B0%B5%E0%B1%809%20-%20%E0%B0%A4%E0%B1%86%E0%B0%B2%E0%B1%81%E0%B0%97%E0%B1%81&geo=IN"
"आईसीसी विश्व टेस्ट चैम्पियनशिप","200+","23 de agosto de 2026 a las 21:00:00 UTC-3","23 de agosto de 2026 a las 22:20:00 UTC-3","आईसीसी विश्व टेस्ट चैम्पियनशिप","./explore?q=%E0%A4%86%E0%A4%88%E0%A4%B8%E0%A5%80%E0%A4%B8%E0%A5%80%20%E0%A4%B5%E0%A4%BF%E0%A4%B6%E0%A5%8D%E0%A4%B5%20%E0%A4%9F%E0%A5%87%E0%A4%B8%E0%A5%8D%E0%A4%9F%20%E0%A4%9A%E0%A5%88%E0%A4%AE%E0%A5%8D%E0%A4%AA%E0%A4%BF%E0%A4%AF%E0%A4%A8%E0%A4%B6%E0%A4%BF%E0%A4%AA&geo=IN"
"jsw steel share price","200+","24 de agosto de 2026 a las 1:00:00 UTC-3","24 de agosto de 2026 a las 2:00:00 UTC-3","jsw steel share price","./explore?q=jsw%20steel%20share%20price&geo=IN"
"പാകിസ്ഥാന്","200+","23 de agosto de 2026 a las 11:30:00 UTC-3","23 de agosto de 2026 a las 22:30:00 UTC-3","പാകിസ്ഥാന്","./explore?q=%E0%B4%AA%E0%B4%BE%E0%B4%95%E0%B4%BF%E0%B4%B8%E0%B5%8D%E0%B4%A5%E0%B4%BE%E0%B4%A8%E0%B5%8D&geo=IN"
"surveillance","200+","24 de agosto de 2026 a las 5:50:00 UTC-3","24 de agosto de 2026 a las 6:30:00 UTC-3","surveillance","./explore?q=surveillance&geo=IN"
"sky vs fever","200+","23 de agosto de 2026 a las 22:10:00 UTC-3","23 de agosto de 2026 a las 23:20:00 UTC-3","sky vs fever,fever","./explore?q=sky%20vs%20fever&geo=IN"
"ucl","200+","23 de agosto de 2026 a las 17:30:00 UTC-3","23 de agosto de 2026 a las 19:30:00 UTC-3","ucl","./explore?q=ucl&geo=IN"
"sbi bank share price","200+","24 de agosto de 2026 a las 1:10:00 UTC-3","24 de agosto de 2026 a las 2:00:00 UTC-3","sbi bank share price","./explore?q=sbi%20bank%20share%20price&geo=IN"
"lewis koumas","200+","23 de agosto de 2026 a las 14:20:00 UTC-3","23 de agosto de 2026 a las 15:30:00 UTC-3","lewis koumas","./explore?q=lewis%20koumas&geo=IN"
"ఈనాడు","200+","23 de agosto de 2026 a las 10:40:00 UTC-3","23 de agosto de 2026 a las 22:30:00 UTC-3","ఈనాడు","./explore?q=%E0%B0%88%E0%B0%A8%E0%B0%BE%E0%B0%A1%E0%B1%81&geo=IN"
"aims","200+","24 de agosto de 2026 a las 1:50:00 UTC-3","24 de agosto de 2026 a las 2:40:00 UTC-3","aims","./explore?q=aims&geo=IN"
"tech mahindra share price","200+","24 de agosto de 2026 a las 1:10:00 UTC-3","24 de agosto de 2026 a las 2:00:00 UTC-3","tech mahindra share price","./explore?q=tech%20mahindra%20share%20price&geo=IN"
"süper lig","200+","23 de agosto de 2026 a las 14:50:00 UTC-3","23 de agosto de 2026 a las 22:50:00 UTC-3","süper lig","./explore?q=s%C3%BCper%20lig&geo=IN"
"adani port share price","200+","24 de agosto de 2026 a las 1:10:00 UTC-3","24 de agosto de 2026 a las 2:00:00 UTC-3","adani port share price","./explore?q=adani%20port%20share%20price&geo=IN"
"paras defence share","200+","24 de agosto de 2026 a las 1:10:00 UTC-3","24 de agosto de 2026 a las 2:00:00 UTC-3","paras defence share","./explore?q=paras%20defence%20share&geo=IN"
"antigua and barbuda falcons vs guyana amazon warriors standings","200+","23 de agosto de 2026 a las 23:00:00 UTC-3","24 de agosto de 2026 a las 0:00:00 UTC-3","antigua and barbuda falcons vs guyana amazon warriors standings","./explore?q=antigua%20and%20barbuda%20falcons%20vs%20guyana%20amazon%20warriors%20standings&geo=IN"
"weather ghaziabad","200+","22 de agosto de 2026 a las 20:20:00 UTC-3","22 de agosto de 2026 a las 23:20:00 UTC-3","weather ghaziabad","./explore?q=weather%20ghaziabad&geo=IN"
"amd share price","200+","24 de agosto de 2026 a las 11:10:00 UTC-3","24 de agosto de 2026 a las 11:30:00 UTC-3","amd share price","./explore?q=amd%20share%20price&geo=IN"
"sun pharma share price","200+","24 de agosto de 2026 a las 1:10:00 UTC-3","24 de agosto de 2026 a las 2:00:00 UTC-3","sun pharma share price","./explore?q=sun%20pharma%20share%20price&geo=IN"
"hscl share price","200+","24 de agosto de 2026 a las 1:10:00 UTC-3","24 de agosto de 2026 a las 2:00:00 UTC-3","hscl share price","./explore?q=hscl%20share%20price&geo=IN"
"mazagon dock share price","200+","24 de agosto de 2026 a las 1:10:00 UTC-3","24 de agosto de 2026 a las 2:00:00 UTC-3","mazagon dock share price","./explore?q=mazagon%20dock%20share%20price&geo=IN"
"सर्जियो गोर","200+","24 de agosto de 2026 a las 4:10:00 UTC-3","24 de agosto de 2026 a las 4:40:00 UTC-3","सर्जियो गोर","./explore?q=%E0%A4%B8%E0%A4%B0%E0%A5%8D%E0%A4%9C%E0%A4%BF%E0%A4%AF%E0%A5%8B%20%E0%A4%97%E0%A5%8B%E0%A4%B0&geo=IN"
"suzlon share","200+","24 de agosto de 2026 a las 1:20:00 UTC-3","24 de agosto de 2026 a las 2:10:00 UTC-3","suzlon share","./explore?q=suzlon%20share&geo=IN"
"vmas voting 2026","200+","23 de agosto de 2026 a las 14:00:00 UTC-3","23 de agosto de 2026 a las 15:10:00 UTC-3","vmas voting 2026","./explore?q=vmas%20voting%202026&geo=IN"
"and","200+","23 de agosto de 2026 a las 19:50:00 UTC-3","23 de agosto de 2026 a las 21:20:00 UTC-3","and,for,with","./explore?q=and&geo=IN"
"iga świątek","200+","22 de agosto de 2026 a las 17:40:00 UTC-3","22 de agosto de 2026 a las 20:40:00 UTC-3","iga świątek","./explore?q=iga%20%C5%9Bwi%C4%85tek&geo=IN"
"sgx","200+","24 de agosto de 2026 a las 0:00:00 UTC-3","24 de agosto de 2026 a las 1:00:00 UTC-3","sgx","./explore?q=sgx&geo=IN"
"vinícius júnior","200+","22 de agosto de 2026 a las 17:40:00 UTC-3","22 de agosto de 2026 a las 22:40:00 UTC-3","vinícius júnior","./explore?q=vin%C3%ADcius%20j%C3%BAnior&geo=IN"
"मोहम्मद अली जौहर यूनिवर्सिटी","200+","24 de agosto de 2026 a las 2:00:00 UTC-3","24 de agosto de 2026 a las 2:40:00 UTC-3","मोहम्मद अली जौहर यूनिवर्सिटी","./explore?q=%E0%A4%AE%E0%A5%8B%E0%A4%B9%E0%A4%AE%E0%A5%8D%E0%A4%AE%E0%A4%A6%20%E0%A4%85%E0%A4%B2%E0%A5%80%20%E0%A4%9C%E0%A5%8C%E0%A4%B9%E0%A4%B0%20%E0%A4%AF%E0%A5%82%E0%A4%A8%E0%A4%BF%E0%A4%B5%E0%A4%B0%E0%A5%8D%E0%A4%B8%E0%A4%BF%E0%A4%9F%E0%A5%80&geo=IN"
"frances tiafoe","200+","22 de agosto de 2026 a las 20:20:00 UTC-3","22 de agosto de 2026 a las 22:50:00 UTC-3","frances tiafoe,brandon nakashima","./explore?q=frances%20tiafoe&geo=IN"
"ভারত বনাম শ্রীলঙ্কা","200+","24 de agosto de 2026 a las 9:20:00 UTC-3","24 de agosto de 2026 a las 9:40:00 UTC-3","ভারত বনাম শ্রীলঙ্কা","./explore?q=%E0%A6%AD%E0%A6%BE%E0%A6%B0%E0%A6%A4%20%E0%A6%AC%E0%A6%A8%E0%A6%BE%E0%A6%AE%20%E0%A6%B6%E0%A7%8D%E0%A6%B0%E0%A7%80%E0%A6%B2%E0%A6%99%E0%A7%8D%E0%A6%95%E0%A6%BE&geo=IN"
"rubina dilaik","200+","23 de agosto de 2026 a las 13:30:00 UTC-3","23 de agosto de 2026 a las 14:30:00 UTC-3","rubina dilaik","./explore?q=rubina%20dilaik&geo=IN"
"weather noida","200+","22 de agosto de 2026 a las 20:30:00 UTC-3","22 de agosto de 2026 a las 23:20:00 UTC-3","weather noida","./explore?q=weather%20noida&geo=IN"
"ಸರಕಾರ","200+","23 de agosto de 2026 a las 11:00:00 UTC-3","23 de agosto de 2026 a las 12:10:00 UTC-3","ಸರಕಾರ","./explore?q=%E0%B2%B8%E0%B2%B0%E0%B2%95%E0%B2%BE%E0%B2%B0&geo=IN"
"power grid share price","200+","24 de agosto de 2026 a las 1:10:00 UTC-3","24 de agosto de 2026 a las 1:50:00 UTC-3","power grid share price","./explore?q=power%20grid%20share%20price&geo=IN"
"cipla share price","200+","24 de agosto de 2026 a las 1:10:00 UTC-3","24 de agosto de 2026 a las 1:50:00 UTC-3","cipla share price","./explore?q=cipla%20share%20price&geo=IN"
"lt share price","200+","24 de agosto de 2026 a las 1:20:00 UTC-3","24 de agosto de 2026 a las 2:00:00 UTC-3","lt share price","./explore?q=lt%20share%20price&geo=IN"
"professional","200+","23 de agosto de 2026 a las 22:00:00 UTC-3","23 de agosto de 2026 a las 23:10:00 UTC-3","professional","./explore?q=professional&geo=IN"
"india vix today","200+","24 de agosto de 2026 a las 0:50:00 UTC-3","24 de agosto de 2026 a las 1:30:00 UTC-3","india vix today","./explore?q=india%20vix%20today&geo=IN"
"iran","200+","23 de agosto de 2026 a las 21:00:00 UTC-3","23 de agosto de 2026 a las 23:10:00 UTC-3","iran,d","./explore?q=iran&geo=IN"
"sean steur","200+","23 de agosto de 2026 a las 12:30:00 UTC-3","23 de agosto de 2026 a las 13:40:00 UTC-3","sean steur","./explore?q=sean%20steur&geo=IN"
"coal india share","200+","24 de agosto de 2026 a las 1:10:00 UTC-3","24 de agosto de 2026 a las 1:50:00 UTC-3","coal india share","./explore?q=coal%20india%20share&geo=IN"
"lewis hall","200+","23 de agosto de 2026 a las 14:30:00 UTC-3","23 de agosto de 2026 a las 15:30:00 UTC-3","lewis hall","./explore?q=lewis%20hall&geo=IN"
"भारतीय क्रिकेट टीम बनाम श्रीलंका क्रिकेट टीम का लाइव स्ट्रीम कहां देख सकते हैं","200+","23 de agosto de 2026 a las 14:40:00 UTC-3","23 de agosto de 2026 a las 18:20:00 UTC-3","भारतीय क्रिकेट टीम बनाम श्रीलंका क्रिकेट टीम का लाइव स्ट्रीम कहां देख सकते हैं","./explore?q=%E0%A4%AD%E0%A4%BE%E0%A4%B0%E0%A4%A4%E0%A5%80%E0%A4%AF%20%E0%A4%95%E0%A5%8D%E0%A4%B0%E0%A4%BF%E0%A4%95%E0%A5%87%E0%A4%9F%20%E0%A4%9F%E0%A5%80%E0%A4%AE%20%E0%A4%AC%E0%A4%A8%E0%A4%BE%E0%A4%AE%20%E0%A4%B6%E0%A5%8D%E0%A4%B0%E0%A5%80%E0%A4%B2%E0%A4%82%E0%A4%95%E0%A4%BE%20%E0%A4%95%E0%A5%8D%E0%A4%B0%E0%A4%BF%E0%A4%95%E0%A5%87%E0%A4%9F%20%E0%A4%9F%E0%A5%80%E0%A4%AE%20%E0%A4%95%E0%A4%BE%20%E0%A4%B2%E0%A4%BE%E0%A4%87%E0%A4%B5%20%E0%A4%B8%E0%A5%8D%E0%A4%9F%E0%A5%8D%E0%A4%B0%E0%A5%80%E0%A4%AE%20%E0%A4%95%E0%A4%B9%E0%A4%BE%E0%A4%82%20%E0%A4%A6%E0%A5%87%E0%A4%96%20%E0%A4%B8%E0%A4%95%E0%A4%A4%E0%A5%87%20%E0%A4%B9%E0%A5%88%E0%A4%82&geo=IN"
"upessc","200+","23 de agosto de 2026 a las 12:50:00 UTC-3","23 de agosto de 2026 a las 14:00:00 UTC-3","upessc","./explore?q=upessc&geo=IN"
"blast","200+","23 de agosto de 2026 a las 12:40:00 UTC-3","23 de agosto de 2026 a las 13:50:00 UTC-3","blast","./explore?q=blast&geo=IN"
"axis bank share price","200+","24 de agosto de 2026 a las 1:40:00 UTC-3","24 de agosto de 2026 a las 2:10:00 UTC-3","axis bank share price","./explore?q=axis%20bank%20share%20price&geo=IN"
"ரிஷப் பண்ட்","200+","23 de agosto de 2026 a las 10:00:00 UTC-3","23 de agosto de 2026 a las 11:10:00 UTC-3","ரிஷப் பண்ட்","./explore?q=%E0%AE%B0%E0%AE%BF%E0%AE%B7%E0%AE%AA%E0%AF%8D%20%E0%AE%AA%E0%AE%A3%E0%AF%8D%E0%AE%9F%E0%AF%8D&geo=IN"
"आश्रम","200+","22 de agosto de 2026 a las 19:40:00 UTC-3","23 de agosto de 2026 a las 0:20:00 UTC-3","आश्रम","./explore?q=%E0%A4%86%E0%A4%B6%E0%A5%8D%E0%A4%B0%E0%A4%AE&geo=IN"
"cnbc awaaz","200+","24 de agosto de 2026 a las 0:30:00 UTC-3","24 de agosto de 2026 a las 1:10:00 UTC-3","cnbc awaaz","./explore?q=cnbc%20awaaz&geo=IN"
"sara bejlek","200+","22 de agosto de 2026 a las 22:30:00 UTC-3","23 de agosto de 2026 a las 0:00:00 UTC-3","sara bejlek","./explore?q=sara%20bejlek&geo=IN"
"cochin shipyard share","200+","24 de agosto de 2026 a las 1:20:00 UTC-3","24 de agosto de 2026 a las 1:50:00 UTC-3","cochin shipyard share","./explore?q=cochin%20shipyard%20share&geo=IN"
"ವಾರ್ತೆ","200+","23 de agosto de 2026 a las 13:20:00 UTC-3","23 de agosto de 2026 a las 14:00:00 UTC-3","ವಾರ್ತೆ","./explore?q=%E0%B2%B5%E0%B2%BE%E0%B2%B0%E0%B3%8D%E0%B2%A4%E0%B3%86&geo=IN"
"apollo micro systems share","200+","24 de agosto de 2026 a las 1:20:00 UTC-3","24 de agosto de 2026 a las 1:50:00 UTC-3","apollo micro systems share","./explore?q=apollo%20micro%20systems%20share&geo=IN"
"ওয়েস্ট বেঙ্গল","200+","23 de agosto de 2026 a las 12:10:00 UTC-3","23 de agosto de 2026 a las 13:00:00 UTC-3","ওয়েস্ট বেঙ্গল","./explore?q=%E0%A6%93%E0%A6%AF%E0%A6%BC%E0%A7%87%E0%A6%B8%E0%A7%8D%E0%A6%9F%20%E0%A6%AC%E0%A7%87%E0%A6%99%E0%A7%8D%E0%A6%97%E0%A6%B2&geo=IN"
"hdfc life share price","200+","24 de agosto de 2026 a las 1:20:00 UTC-3","24 de agosto de 2026 a las 1:50:00 UTC-3","hdfc life share price","./explore?q=hdfc%20life%20share%20price&geo=IN"
"kotak bank share price","200+","24 de agosto de 2026 a las 1:20:00 UTC-3","24 de agosto de 2026 a las 1:50:00 UTC-3","kotak bank share price","./explore?q=kotak%20bank%20share%20price&geo=IN"
"jio financial share price","200+","24 de agosto de 2026 a las 1:20:00 UTC-3","24 de agosto de 2026 a las 1:50:00 UTC-3","jio financial share price","./explore?q=jio%20financial%20share%20price&geo=IN"
"वायुसेना","200+","23 de agosto de 2026 a las 12:10:00 UTC-3","23 de agosto de 2026 a las 13:10:00 UTC-3","वायुसेना","./explore?q=%E0%A4%B5%E0%A4%BE%E0%A4%AF%E0%A5%81%E0%A4%B8%E0%A5%87%E0%A4%A8%E0%A4%BE&geo=IN"
"city","200+","23 de agosto de 2026 a las 11:50:00 UTC-3","23 de agosto de 2026 a las 12:40:00 UTC-3","city","./explore?q=city&geo=IN"
"dr reddy share price","200+","24 de agosto de 2026 a las 1:20:00 UTC-3","24 de agosto de 2026 a las 1:50:00 UTC-3","dr reddy share price","./explore?q=dr%20reddy%20share%20price&geo=IN"
"asian paints share price","200+","24 de agosto de 2026 a las 1:20:00 UTC-3","24 de agosto de 2026 a las 1:50:00 UTC-3","asian paints share price","./explore?q=asian%20paints%20share%20price&geo=IN"
"న్యాయమూర్తి","200+","24 de agosto de 2026 a las 6:10:00 UTC-3","24 de agosto de 2026 a las 6:30:00 UTC-3","న్యాయమూర్తి","./explore?q=%E0%B0%A8%E0%B1%8D%E0%B0%AF%E0%B0%BE%E0%B0%AF%E0%B0%AE%E0%B1%82%E0%B0%B0%E0%B1%8D%E0%B0%A4%E0%B0%BF&geo=IN"
"thailand","200+","23 de agosto de 2026 a las 15:20:00 UTC-3","23 de agosto de 2026 a las 16:30:00 UTC-3","thailand","./explore?q=thailand&geo=IN"
"motilal oswal share price","200+","24 de agosto de 2026 a las 1:30:00 UTC-3","24 de agosto de 2026 a las 2:00:00 UTC-3","motilal oswal share price","./explore?q=motilal%20oswal%20share%20price&geo=IN"
"mcx gold rate","200+","24 de agosto de 2026 a las 1:10:00 UTC-3","24 de agosto de 2026 a las 1:40:00 UTC-3","mcx gold rate","./explore?q=mcx%20gold%20rate&geo=IN"
"trabzonspor","200+","23 de agosto de 2026 a las 14:50:00 UTC-3","23 de agosto de 2026 a las 15:50:00 UTC-3","trabzonspor","./explore?q=trabzonspor&geo=IN"
"pc jeweller share","200+","24 de agosto de 2026 a las 1:20:00 UTC-3","24 de agosto de 2026 a las 1:50:00 UTC-3","pc jeweller share","./explore?q=pc%20jeweller%20share&geo=IN"
"ins","200+","23 de agosto de 2026 a las 21:20:00 UTC-3","23 de agosto de 2026 a las 22:10:00 UTC-3","ins","./explore?q=ins&geo=IN"
"ಮಾನನಷ್ಟ","200+","23 de agosto de 2026 a las 13:10:00 UTC-3","23 de agosto de 2026 a las 14:00:00 UTC-3","ಮಾನನಷ್ಟ","./explore?q=%E0%B2%AE%E0%B2%BE%E0%B2%A8%E0%B2%A8%E0%B2%B7%E0%B3%8D%E0%B2%9F&geo=IN"
"വിരമിക്കല്","200+","22 de agosto de 2026 a las 22:50:00 UTC-3","23 de agosto de 2026 a las 0:30:00 UTC-3","വിരമിക്കല്","./explore?q=%E0%B4%B5%E0%B4%BF%E0%B4%B0%E0%B4%AE%E0%B4%BF%E0%B4%95%E0%B5%8D%E0%B4%95%E0%B4%B2%E0%B5%8D&geo=IN"
"sri lanka vs india (aug 22, 2026) international cricket council pre match breakdown and analysis","200+","22 de agosto de 2026 a las 23:30:00 UTC-3","23 de agosto de 2026 a las 1:00:00 UTC-3","sri lanka vs india (aug 22, 2026) international cricket council pre match breakdown and analysis","./explore?q=sri%20lanka%20vs%20india%20%28aug%2022%2C%202026%29%20international%20cricket%20council%20pre%20match%20breakdown%20and%20analysis&geo=IN"
"தினமலர்","200+","23 de agosto de 2026 a las 8:10:00 UTC-3","23 de agosto de 2026 a las 9:10:00 UTC-3","தினமலர்","./explore?q=%E0%AE%A4%E0%AE%BF%E0%AE%A9%E0%AE%AE%E0%AE%B2%E0%AE%B0%E0%AF%8D&geo=IN"
"ರಾಶಿ","200+","23 de agosto de 2026 a las 6:20:00 UTC-3","23 de agosto de 2026 a las 7:20:00 UTC-3","ರಾಶಿ","./explore?q=%E0%B2%B0%E0%B2%BE%E0%B2%B6%E0%B2%BF&geo=IN"
"al-ahli vs abha","200+","23 de agosto de 2026 a las 11:40:00 UTC-3","23 de agosto de 2026 a las 12:20:00 UTC-3","al-ahli vs abha","./explore?q=al-ahli%20vs%20abha&geo=IN"
"బిగ్ బాస్","200+","23 de agosto de 2026 a las 6:10:00 UTC-3","23 de agosto de 2026 a las 7:00:00 UTC-3","బిగ్ బాస్","./explore?q=%E0%B0%AC%E0%B0%BF%E0%B0%97%E0%B1%8D%20%E0%B0%AC%E0%B0%BE%E0%B0%B8%E0%B1%8D&geo=IN"
"ജേസണ് സഞ്ജയ്","200+","22 de agosto de 2026 a las 21:50:00 UTC-3","22 de agosto de 2026 a las 23:30:00 UTC-3","ജേസണ് സഞ്ജയ്","./explore?q=%E0%B4%9C%E0%B5%87%E0%B4%B8%E0%B4%A3%E0%B5%8D%20%E0%B4%B8%E0%B4%9E%E0%B5%8D%E0%B4%9C%E0%B4%AF%E0%B5%8D&geo=IN"
"f1 driver standings","200+","23 de agosto de 2026 a las 12:40:00 UTC-3","23 de agosto de 2026 a las 13:20:00 UTC-3","f1 driver standings","./explore?q=f1%20driver%20standings&geo=IN"
"ny red bulls vs chicago","200+","22 de agosto de 2026 a las 22:30:00 UTC-3","22 de agosto de 2026 a las 23:50:00 UTC-3","ny red bulls vs chicago","./explore?q=ny%20red%20bulls%20vs%20chicago&geo=IN"
"sri lanka national cricket team","200+","23 de agosto de 2026 a las 1:30:00 UTC-3","23 de agosto de 2026 a las 2:10:00 UTC-3","sri lanka national cricket team","./explore?q=sri%20lanka%20national%20cricket%20team&geo=IN"
"avengers doomsday","200+","22 de agosto de 2026 a las 20:10:00 UTC-3","22 de agosto de 2026 a las 21:30:00 UTC-3","avengers doomsday","./explore?q=avengers%20doomsday&geo=IN"
"gregory rodrigues","200+","23 de agosto de 2026 a las 0:10:00 UTC-3","23 de agosto de 2026 a las 1:10:00 UTC-3","gregory rodrigues,anthony hernandez","./explore?q=gregory%20rodrigues&geo=IN"
"siemens share price","200+","24 de agosto de 2026 a las 1:50:00 UTC-3","24 de agosto de 2026 a las 2:10:00 UTC-3","siemens share price","./explore?q=siemens%20share%20price&geo=IN"
"an se young","200+","23 de agosto de 2026 a las 9:40:00 UTC-3","23 de agosto de 2026 a las 10:30:00 UTC-3","an se young","./explore?q=an%20se%20young&geo=IN"
"best new movies","200+","22 de agosto de 2026 a las 18:00:00 UTC-3","22 de agosto de 2026 a las 23:20:00 UTC-3","best new movies","./explore?q=best%20new%20movies&geo=IN"
"धनु राशि","200+","23 de agosto de 2026 a las 5:20:00 UTC-3","23 de agosto de 2026 a las 6:00:00 UTC-3","धनु राशि","./explore?q=%E0%A4%A7%E0%A4%A8%E0%A5%81%20%E0%A4%B0%E0%A4%BE%E0%A4%B6%E0%A4%BF&geo=IN"
"ব্রাজিল জাতীয় ফুটবল দল","200+","23 de agosto de 2026 a las 8:00:00 UTC-3","23 de agosto de 2026 a las 8:50:00 UTC-3","ব্রাজিল জাতীয় ফুটবল দল","./explore?q=%E0%A6%AC%E0%A7%8D%E0%A6%B0%E0%A6%BE%E0%A6%9C%E0%A6%BF%E0%A6%B2%20%E0%A6%9C%E0%A6%BE%E0%A6%A4%E0%A7%80%E0%A6%AF%E0%A6%BC%20%E0%A6%AB%E0%A7%81%E0%A6%9F%E0%A6%AC%E0%A6%B2%20%E0%A6%A6%E0%A6%B2&geo=IN"
"td power share price","200+","24 de agosto de 2026 a las 1:20:00 UTC-3","24 de agosto de 2026 a las 1:40:00 UTC-3","td power share price","./explore?q=td%20power%20share%20price&geo=IN"
"drone","200+","23 de agosto de 2026 a las 0:40:00 UTC-3","23 de agosto de 2026 a las 1:50:00 UTC-3","drone","./explore?q=drone&geo=IN"
"zee entertainment share price","200+","24 de agosto de 2026 a las 1:20:00 UTC-3","24 de agosto de 2026 a las 1:40:00 UTC-3","zee entertainment share price","./explore?q=zee%20entertainment%20share%20price&geo=IN"
"trabzonspor vs istanbul başakşehir","200+","23 de agosto de 2026 a las 13:10:00 UTC-3","23 de agosto de 2026 a las 13:40:00 UTC-3","trabzonspor vs istanbul başakşehir","./explore?q=trabzonspor%20vs%20istanbul%20ba%C5%9Fak%C5%9Fehir&geo=IN"
"wipro share","200+","24 de agosto de 2026 a las 1:20:00 UTC-3","24 de agosto de 2026 a las 1:40:00 UTC-3","wipro share","./explore?q=wipro%20share&geo=IN"
"evin lewis","200+","22 de agosto de 2026 a las 22:40:00 UTC-3","22 de agosto de 2026 a las 23:40:00 UTC-3","evin lewis","./explore?q=evin%20lewis&geo=IN"
"ಕರ್ನಾಟಕ ಲೋಕಾಯುಕ್ತ","200+","23 de agosto de 2026 a las 10:00:00 UTC-3","23 de agosto de 2026 a las 10:20:00 UTC-3","ಕರ್ನಾಟಕ ಲೋಕಾಯುಕ್ತ","./explore?q=%E0%B2%95%E0%B2%B0%E0%B3%8D%E0%B2%A8%E0%B2%BE%E0%B2%9F%E0%B2%95%20%E0%B2%B2%E0%B3%8B%E0%B2%95%E0%B2%BE%E0%B2%AF%E0%B3%81%E0%B2%95%E0%B3%8D%E0%B2%A4&geo=IN"
"bishworjit konthoujam","200+","23 de agosto de 2026 a las 1:40:00 UTC-3","23 de agosto de 2026 a las 2:20:00 UTC-3","bishworjit konthoujam","./explore?q=bishworjit%20konthoujam&geo=IN"
"झारखण्ड लोक सेवा आयोग","200+","22 de agosto de 2026 a las 22:10:00 UTC-3","22 de agosto de 2026 a las 22:50:00 UTC-3","झारखण्ड लोक सेवा आयोग","./explore?q=%E0%A4%9D%E0%A4%BE%E0%A4%B0%E0%A4%96%E0%A4%A3%E0%A5%8D%E0%A4%A1%20%E0%A4%B2%E0%A5%8B%E0%A4%95%20%E0%A4%B8%E0%A5%87%E0%A4%B5%E0%A4%BE%20%E0%A4%86%E0%A4%AF%E0%A5%8B%E0%A4%97&geo=IN"
"wtc","200+","23 de agosto de 2026 a las 2:50:00 UTC-3","23 de agosto de 2026 a las 3:20:00 UTC-3","wtc","./explore?q=wtc&geo=IN"
"சம்பவம்","200+","23 de agosto de 2026 a las 4:10:00 UTC-3","23 de agosto de 2026 a las 4:40:00 UTC-3","சம்பவம்","./explore?q=%E0%AE%9A%E0%AE%AE%E0%AF%8D%E0%AE%AA%E0%AE%B5%E0%AE%AE%E0%AF%8D&geo=IN"
"ied","200+","23 de agosto de 2026 a las 13:20:00 UTC-3","23 de agosto de 2026 a las 13:40:00 UTC-3","ied","./explore?q=ied&geo=IN"
"vivo","200+","23 de agosto de 2026 a las 19:30:00 UTC-3","23 de agosto de 2026 a las 19:50:00 UTC-3","vivo","./explore?q=vivo&geo=IN"
"twitch","200+","22 de agosto de 2026 a las 18:10:00 UTC-3","22 de agosto de 2026 a las 20:50:00 UTC-3","twitch","./explore?q=twitch&geo=IN"
"बिलासपुर","200+","23 de agosto de 2026 a las 6:40:00 UTC-3","23 de agosto de 2026 a las 7:10:00 UTC-3","बिलासपुर","./explore?q=%E0%A4%AC%E0%A4%BF%E0%A4%B2%E0%A4%BE%E0%A4%B8%E0%A4%AA%E0%A5%81%E0%A4%B0&geo=IN"
"ભારત","200+","23 de agosto de 2026 a las 2:50:00 UTC-3","23 de agosto de 2026 a las 3:20:00 UTC-3","ભારત","./explore?q=%E0%AA%AD%E0%AA%BE%E0%AA%B0%E0%AA%A4&geo=IN"
"విరాళం","200+","23 de agosto de 2026 a las 10:30:00 UTC-3","23 de agosto de 2026 a las 10:50:00 UTC-3","విరాళం","./explore?q=%E0%B0%B5%E0%B0%BF%E0%B0%B0%E0%B0%BE%E0%B0%B3%E0%B0%82&geo=IN"
"ಟಾಕ್ಸಿಕ್","200+","23 de agosto de 2026 a las 10:20:00 UTC-3","23 de agosto de 2026 a las 10:40:00 UTC-3","ಟಾಕ್ಸಿಕ್","./explore?q=%E0%B2%9F%E0%B2%BE%E0%B2%95%E0%B3%8D%E0%B2%B8%E0%B2%BF%E0%B2%95%E0%B3%8D&geo=IN"
"നയന്താര","200+","23 de agosto de 2026 a las 10:40:00 UTC-3","23 de agosto de 2026 a las 11:00:00 UTC-3","നയന്താര","./explore?q=%E0%B4%A8%E0%B4%AF%E0%B4%A8%E0%B5%8D%E0%B4%A4%E0%B4%BE%E0%B4%B0&geo=IN"
"विवेक ओबेरॉय","200+","23 de agosto de 2026 a las 5:50:00 UTC-3","23 de agosto de 2026 a las 6:10:00 UTC-3","विवेक ओबेरॉय","./explore?q=%E0%A4%B5%E0%A4%BF%E0%A4%B5%E0%A5%87%E0%A4%95%20%E0%A4%93%E0%A4%AC%E0%A5%87%E0%A4%B0%E0%A5%89%E0%A4%AF&geo=IN"
"व्हाट्सएप","200+","22 de agosto de 2026 a las 22:30:00 UTC-3","22 de agosto de 2026 a las 23:00:00 UTC-3","व्हाट्सएप","./explore?q=%E0%A4%B5%E0%A5%8D%E0%A4%B9%E0%A4%BE%E0%A4%9F%E0%A5%8D%E0%A4%B8%E0%A4%8F%E0%A4%AA&geo=IN"
"robert sánchez","100+","24 de agosto de 2026 a las 17:00:00 UTC-3",,"robert sánchez","./explore?q=robert%20s%C3%A1nchez&geo=IN"
"ಅಪಘಾತ","100+","24 de agosto de 2026 a las 17:10:00 UTC-3",,"ಅಪಘಾತ","./explore?q=%E0%B2%85%E0%B2%AA%E0%B2%98%E0%B2%BE%E0%B2%A4&geo=IN"
"danny welbeck","100+","24 de agosto de 2026 a las 16:50:00 UTC-3",,"danny welbeck","./explore?q=danny%20welbeck&geo=IN"
"bangla","100+","24 de agosto de 2026 a las 17:00:00 UTC-3",,"bangla","./explore?q=bangla&geo=IN"
"gate","100+","23 de agosto de 2026 a las 18:10:00 UTC-3","23 de agosto de 2026 a las 20:40:00 UTC-3","gate","./explore?q=gate&geo=IN"
"रवि तेजा","100+","23 de agosto de 2026 a las 23:00:00 UTC-3","24 de agosto de 2026 a las 0:10:00 UTC-3","रवि तेजा","./explore?q=%E0%A4%B0%E0%A4%B5%E0%A4%BF%20%E0%A4%A4%E0%A5%87%E0%A4%9C%E0%A4%BE&geo=IN"
"mika godts","100+","23 de agosto de 2026 a las 17:40:00 UTC-3","23 de agosto de 2026 a las 19:10:00 UTC-3","mika godts","./explore?q=mika%20godts&geo=IN"
"tnpl 2026","100+","23 de agosto de 2026 a las 22:10:00 UTC-3","23 de agosto de 2026 a las 23:20:00 UTC-3","tnpl 2026","./explore?q=tnpl%202026&geo=IN"
"scarlett johansson","100+","23 de agosto de 2026 a las 17:10:00 UTC-3","23 de agosto de 2026 a las 19:30:00 UTC-3","scarlett johansson","./explore?q=scarlett%20johansson&geo=IN"
"santos fc","100+","23 de agosto de 2026 a las 19:50:00 UTC-3","23 de agosto de 2026 a las 20:40:00 UTC-3","santos fc","./explore?q=santos%20fc&geo=IN"
"bangalore","100+","23 de agosto de 2026 a las 18:30:00 UTC-3","23 de agosto de 2026 a las 20:30:00 UTC-3","bangalore","./explore?q=bangalore&geo=IN"
"दीपक प्रकाश","100+","23 de agosto de 2026 a las 22:10:00 UTC-3","23 de agosto de 2026 a las 23:00:00 UTC-3","दीपक प्रकाश","./explore?q=%E0%A4%A6%E0%A5%80%E0%A4%AA%E0%A4%95%20%E0%A4%AA%E0%A5%8D%E0%A4%B0%E0%A4%95%E0%A4%BE%E0%A4%B6&geo=IN"
"whether","100+","23 de agosto de 2026 a las 21:30:00 UTC-3","23 de agosto de 2026 a las 22:30:00 UTC-3","whether","./explore?q=whether&geo=IN"
"august 24","100+","23 de agosto de 2026 a las 22:00:00 UTC-3","23 de agosto de 2026 a las 23:10:00 UTC-3","august 24","./explore?q=august%2024&geo=IN"
"famous","100+","24 de agosto de 2026 a las 0:00:00 UTC-3","24 de agosto de 2026 a las 0:40:00 UTC-3","famous","./explore?q=famous&geo=IN"
"binance","100+","23 de agosto de 2026 a las 18:00:00 UTC-3","23 de agosto de 2026 a las 20:00:00 UTC-3","binance","./explore?q=binance&geo=IN"
"અભિનેતા","100+","23 de agosto de 2026 a las 22:40:00 UTC-3","23 de agosto de 2026 a las 23:50:00 UTC-3","અભિનેતા","./explore?q=%E0%AA%85%E0%AA%AD%E0%AA%BF%E0%AA%A8%E0%AB%87%E0%AA%A4%E0%AA%BE&geo=IN"
"lilli tagger","100+","24 de agosto de 2026 a las 0:00:00 UTC-3","24 de agosto de 2026 a las 0:30:00 UTC-3","lilli tagger","./explore?q=lilli%20tagger&geo=IN"
"u","100+","23 de agosto de 2026 a las 18:20:00 UTC-3","23 de agosto de 2026 a las 19:10:00 UTC-3","u","./explore?q=u&geo=IN"
"abf vs gaw","100+","23 de agosto de 2026 a las 22:30:00 UTC-3","23 de agosto de 2026 a las 23:10:00 UTC-3","abf vs gaw","./explore?q=abf%20vs%20gaw&geo=IN"
"gta 6","100+","23 de agosto de 2026 a las 18:00:00 UTC-3","23 de agosto de 2026 a las 18:50:00 UTC-3","gta 6","./explore?q=gta%206&geo=IN"
"ram","100+","23 de agosto de 2026 a las 21:30:00 UTC-3","23 de agosto de 2026 a las 22:20:00 UTC-3","ram","./explore?q=ram&geo=IN"
"pradosh vrat kab hai","100+","23 de agosto de 2026 a las 23:20:00 UTC-3","24 de agosto de 2026 a las 0:00:00 UTC-3","pradosh vrat kab hai","./explore?q=pradosh%20vrat%20kab%20hai&geo=IN"
"মীরা ভট্টাচার্য","100+","22 de agosto de 2026 a las 21:10:00 UTC-3","22 de agosto de 2026 a las 22:50:00 UTC-3","মীরা ভট্টাচার্য","./explore?q=%E0%A6%AE%E0%A7%80%E0%A6%B0%E0%A6%BE%20%E0%A6%AD%E0%A6%9F%E0%A7%8D%E0%A6%9F%E0%A6%BE%E0%A6%9A%E0%A6%BE%E0%A6%B0%E0%A7%8D%E0%A6%AF&geo=IN"
"weather mumbai","100+","23 de agosto de 2026 a las 23:10:00 UTC-3","23 de agosto de 2026 a las 23:30:00 UTC-3","weather mumbai","./explore?q=weather%20mumbai&geo=IN"
"history","100+","23 de agosto de 2026 a las 19:30:00 UTC-3","23 de agosto de 2026 a las 20:10:00 UTC-3","history","./explore?q=history&geo=IN"
"harry kane","100+","22 de agosto de 2026 a las 18:20:00 UTC-3","22 de agosto de 2026 a las 19:10:00 UTC-3","harry kane","./explore?q=harry%20kane&geo=IN"
"23 august","100+","23 de agosto de 2026 a las 0:00:00 UTC-3","23 de agosto de 2026 a las 0:50:00 UTC-3","23 august","./explore?q=23%20august&geo=IN"
"आज का पंचांग","100+","23 de agosto de 2026 a las 22:30:00 UTC-3","23 de agosto de 2026 a las 22:50:00 UTC-3","आज का पंचांग","./explore?q=%E0%A4%86%E0%A4%9C%20%E0%A4%95%E0%A4%BE%20%E0%A4%AA%E0%A4%82%E0%A4%9A%E0%A4%BE%E0%A4%82%E0%A4%97&geo=IN"
"prajavani","100+","23 de agosto de 2026 a las 22:30:00 UTC-3","23 de agosto de 2026 a las 22:50:00 UTC-3","prajavani","./explore?q=prajavani&geo=IN"
"सिम","100+","22 de agosto de 2026 a las 21:40:00 UTC-3","22 de agosto de 2026 a las 22:20:00 UTC-3","सिम","./explore?q=%E0%A4%B8%E0%A4%BF%E0%A4%AE&geo=IN"
"e","100+","23 de agosto de 2026 a las 19:00:00 UTC-3","23 de agosto de 2026 a las 19:20:00 UTC-3","e","./explore?q=e&geo=IN"
"ewc","100+","22 de agosto de 2026 a las 18:00:00 UTC-3","22 de agosto de 2026 a las 18:40:00 UTC-3","ewc","./explore?q=ewc&geo=IN"
"viral video home ev repair","100+","22 de agosto de 2026 a las 22:50:00 UTC-3","22 de agosto de 2026 a las 23:20:00 UTC-3","viral video home ev repair","./explore?q=viral%20video%20home%20ev%20repair&geo=IN"
"new","100+","22 de agosto de 2026 a las 22:30:00 UTC-3","22 de agosto de 2026 a las 23:00:00 UTC-3","new","./explore?q=new&geo=IN"
"fcb","100+","22 de agosto de 2026 a las 19:00:00 UTC-3","22 de agosto de 2026 a las 19:30:00 UTC-3","fcb","./explore?q=fcb&geo=IN"
"and","100+","22 de agosto de 2026 a las 19:30:00 UTC-3","22 de agosto de 2026 a las 19:50:00 UTC-3","and","./explore?q=and&geo=IN"
"app","100+","22 de agosto de 2026 a las 17:50:00 UTC-3","22 de agosto de 2026 a las 18:10:00 UTC-3","app","./explore?q=app&geo=IN"
"picture","100+","22 de agosto de 2026 a las 20:30:00 UTC-3","22 de agosto de 2026 a las 20:50:00 UTC-3","picture","./explore?q=picture&geo=IN"