"Tendencias","Volumen de búsquedas","Inicio","Finalizada","Desglose de tendencias","Enlace a Explorar"
"dolly parton","10 M+","25 de agosto de 2026 a las 14:50:00 UTC-3",,"dolly parton,dolly parton cause of death,how did dolly parton die,did dolly parton die,carl dean,dolly parton net worth,imagination library,dolly parton husband,what did dolly parton die of,dollywood,dolly parton age,steel magnolias,dolly parton death,dolly parton movies,dolly,miley cyrus,dolly parton songs,kenny rogers,did dolly parton have any children,dolly parton died,what kind of cancer did dolly parton have,did dolly parton really die,cher,reba mcentire,billy ray cyrus,dolly parton imagination library,i will always love you,9 to 5,dolly parton young,what cancer did dolly parton have,dolly parton kids,carl thomas dean,dolly parton still alive,jane fonda,miley cyrus dolly parton,dolly pardon,is dolly parton still alive,dolly parton siblings,what happened to dolly parton,dolly parton cancer,what did dolly parton die from,how old was dolly parton,jolene,young dolly parton,when did dolly parton pass away,dolly parton children,who died today,did dolly parton have children,i will always love you dolly parton,why did dolly parton die,reba,carl dean dolly parton,9 to 5 movie,what type of cancer did dolly parton have,when did dolly parton die,how did dolly die,joyful noise,whitney houston,dolly.parton,islands in the stream,porter wagoner,lily tomlin,coat of many colors,linda ronstadt,who wrote i will always love you,dolly parton quotes,randy travis,dolly parton death cause,dolly parton cancer diagnosis,dolly parton i will always love you,imagination library sign up,beyonce,when did dolly partons husband die,is miley cyrus related to dolly parton,dolly parton net worth 2026,why are flags at half mast today,julia roberts dolly parton steel magnolias,dolly parton birthday,elton john,did dolly parton have cancer,jolene dolly parton,dolly parton house,what kind of cancer did dolly parton die from,who is dolly parton,george strait,does dolly parton have any children,dolly parton books for kids,did dolly parton have kids,was dolly parton a republican,vanderbilt-ingram cancer center,what kind of cancer did dolly have,dolly parton without wig,dollywood theme park,dolly parton family,dolly partons husband,if we never meet again,paul mccartney,is dolly parton related to miley cyrus,dolly parton funeral,burt reynolds,bonnie tyler death,dolly parton memorial,why didn't dolly parton have children,who died yesterday,dolly parton books,carl dean cause of death,barbara walters,dolly parton's husband,legend,dolly parton miley cyrus,9 to 5 dolly parton,did dolly have kids,what type of cancer did dolly have,nicole kidman dolly parton tribute,brandi carlile,whitney houston i will always love you,how many siblings did dolly parton have,grand ole opry,hannah montana,how old is dolly parton,dolly parton passing,keith urban,light of a clear blue morning,dolly parton carl dean marriage,julia roberts,did dolly parton pass away,dolly parton how did she die,how did dolly parton pass,dolly parton health update,dolly parton dead,what did dolly die from,tell me more about the recent passing of dolly parton,dolly parton's siblings,why is the flag at half mast today,dolly parton news,what time did dolly parton die,what was dolly parton's cause of death,dolly parton health,did dolly parton just die,is dolly parton dead,dolly parton parents,dolly parton carl dean georgia wedding,dolly oarton,why are the flags at half mast,cause of death dolly parton,did dolly parton die today,miley cyrus on dolly parton death,where did dolly parton live,how did dolly parton pass away,what cancer did dolly have,what kind of cancer did dolly parton,flags at half mast today,imagination library dolly parton,did dolly parton die?,was dolly parton sick,what did dolly parton pass away from,when did dolly parton's husband die,cher remembers dolly parton,dolly parton die,did dolly have cancer,dolly cause of death,how old was dolly parton when she died,dolly parton home,how much is dolly parton worth,was dolly parton married,dolly parton jolene,did dolly parton,dolly parton dies,dolly wood,doly parton,what happened to dolly parton?,philanthropist,how did dolly parton die?,does dolly parton have kids,did dolly partin die,what is dolly parton's net worth,cassie parton,empire state building,coat of many colors dolly parton,dolly parton and carl dean,news,what killed dolly parton,dolly parton passed away,dolly parton special on tv tonight,here you come again,dolly patron,dolly parton library,dolly imagination library,dolly parton passed,dolly parton cause of death update,dolly cancer,dolly parton truck stop,dolly parton sad news,where did dolly parton die,when did carl dean die,dolly parton passing age 80,dolly parton died?,dolly parton husband death,what caused dolly parton's death,working 9 to 5,dolly parton's imagination library,bryan seaver,what was the cause of dolly parton's death,did dolly die,dolly parton movie,dolly parton 2026,dolly parton 9 to 5,what did dolly die of,dolly parton died today,dolly parton final days report,dolly parton book program,who was dolly parton,empire state building dolly parton,dolly parton have kids,singer songwriter dolly parton passes,did dolly parton die 2026,dolly parton tributes,dolly parton coat of many colors,dolly parton's net worth,has dolly parton died,country singer dolly parton passes,dolly parton health issues,dolly parton last video message,dolly parton.,dollys imagination library,dolly parton husband cause of death,dolly parton's cause of death,did dolly pardon die,signature,dolly parton music,taylor swift dolly parton,did dolly parton pass away today,when was dolly parton born,dolly parton dead?,dolly parton type of cancer,when did dolly parton's husband pass away,is dolly parton still alive 2026,what happened to dolly parton today,how did dolly parton,dolly parton carl dean,how is miley cyrus related to dolly parton,dolly partons house,dolly parton gas station,who will inherit dolly parton's fortune,how dolly parton die,did dolly parton pass,is dolly parton alive,news today,why did dolly parton not have children,did dolly parton died,is dolly parton still alive and how old is she,mick jagger,dolly parton time of death,dionne warwick,was dolly parton a christian,dolly parton hannah montana,has dolly parton passed away,dolly and carl dean,dolly parton songs list,how old is dolly parton?,was dolly parton a trump supporter,what type of cancer did dolly parton die from,dolly parton childhood home,did dolly parton die of cancer,taylor swift remembers dolly parton,folly parton,dolly parton trump,dolly parton pass away,what kind of cancer did dolly die from,did dolly parton pass away?,who was dolly parton married to,dolly parton tribute,dolly died,dolly parton political views,dolly parton death reason,dolly parton book club,did dolly parton support trump,what did dolly parton die of?,when did dolly parton husband pass away,rip dolly parton,what kind of cancer did dolly parton have?,dolly parton cnn,how much was dolly parton worth,dolly parton die?,is dolly parton miley cyrus's godmother,dolly part,why are the flags at half mast today,hospital,country legend dolly parton news,dolly parton died how,did dolly parton really die today,cause of dolly parton's death,dolly parton and miley cyrus,dolly parton's death,did dolly parton have any kids,what health issues did dolly parton have?,dolly parton philanthropy,did dolly parten die,dolly parton die from,has dolly parton passed,is dolly parton still alive?,how did dolly parton die today,dolly partons death,vanderbilt ingram cancer center,dolly parton last photo,what did dolly parton die from?,dolly parton quote on kindness,dolly parton cause of death cancer,when did dolly die,dolly parton illness,when did dollys husband die,miley cyrus godmother dolly parton,country music artist dolly parton,dolly parton did she die,tmz dolly parton,how did dolly parton died,dolly parton had cancer,dollie parton,how long was dolly parton married,did dolly parton die today?,leanne morgan,dolly parton death?,doll parton,icon,dolly pardon death,dolly parton desth,dolly parton husband carl,kenny rogers and dolly parton,dolly parton breaking news,deadline hollywood,did dolly oarton die,tmz,dolly parton what did she die from,is dolly dead,death of dolly parton,trump on dolly parton,dolly parton tmz,dolly parton died from,what cancer did dolly parton,dolly parton last interview,dolly p,what happened to dolly,dolly parton reason of death,parton,dolly parton dearh,solly parton,dolly parton last public appearance,did dolly parton like trump,why did dolly die,dolly parton obituary,dolly parton movies and tv shows,dolly parton alive,is dolly parton dead?,dolly parton documentary,dolly parton cancer type,dolly parton last appearance,how old was dolly,did dolly pardon pass away,how did dolly pardon die,dolly parton buffy the vampire slayer,david muir,did dolly pass away,dolly parton today,how long was dolly parton married to her husband,what kind of cancer did dolly pardon have,is dolly parton really dead,carl thomas dean cause of death,what was dolly parton sick with,dolly parton sick,dolly parton song,did dolly die today,dolly pa,did dolly.parton die,dolly parton message to fans,dolly parton died from what,dolly parton passes away,dolly parton how she die,did dolly parton write i will always love you,dolly quotes,dolly parton died of what,what kind of cancer did dolly parton die of,dolly parton images,dolly parton whitney houston royalties,when did dolly parton pass,dolly parton die of,if we never meet again this side of heaven,rip dolly,did dolly parton doe,what kind of cancer did dolly parton have recently,did dolly parton die today august 25 2026,what time did dolly parton die today,dolly parton what did she die of,dolly parton how did she pass,dolly death,dolly parton without makeup and wig,dolly parton passed away today,did dolly parton's husband pass away,did dolly parton actually die,what kind of cancer did dolly parton had,nine to five,dolly parti,howd dolly parton die,dolly parton why did she die,did dollyparton die,dolly parton died of,dolly parton cause,how did dolly.parton die,what was the cause of death for dolly parton,dolly pardon died,hiw did dolly parton die,dolly dead,why are flags at half staff today,dolly.parton died,miley cyrus godmother,what kind of cancer did dolly parton get,music,dolly parton death date,why dolly parton married in georgia,what cancer did dolly parton has,dolly parton reason for death,celebrity deaths,did dolly parton due,dolly parton steel magnolias,was dolly sick,dolly.parton death,when did dolly parton die?,dolly par,when did dolly partin die,dolly parton taylor swift travis kelce,how did dolly oarton die,did dolly parton did,dolly park,did dolly partin die?,what was wrong with dolly parton's health,dolly parton cause if death,msnbc,dolly parton worth,dolly parton die today,dolly parton news today,dolly oarton died,dolly parton howd she die,what did dolly parton's husband die from,was dolly parton a democrat,who died,dolly parton most famous song,did dolly parton really pass away,dolly parton what happened,tmz news,dolly partin die,dolly parton amusement park,how dolly parton died,when did dolly's husband pass away,celebrities who died in 2026,was dolly parton sick recently,dolly parton passing away,dolly parton deceased,what health issues did dolly parton have,has dolly parton died?,news dolly parton,dolly parton passed away?,dolly parton imagination library sign up,did dolly parton just pass away,what type of cancer did dolly parton pass away from,concerts,dis dolly parton die,dolly parton now,how did dolly pass away,how did dolly parton fie,dolly pardon dead,dolly parton death time,dolly parton death today,best dolly parton songs,did doly parton die,when did dolly parton husband die,cause of dolly partons death,when is dolly parton's birthday,did dolly pass,what caused dolly partons death,dolly.parton dead,how did dolly parton meet her husband,dolly parton how she died,dolly oarton death,rob halford,who just died,what time did dolly parton pass,what were dolly parton's health issues,did dolly parton passed away,what did dolly pardon die from,dolly parton update,dolly parton rip,chris janson,dolly parton passes,was dolly parton ill,dolly parton husband carl dean cause of death,carl dean dolly parton cause of death,judas priest,when did dolly parton's husband carl dean die,what happen to dolly parton,did dolly paton die,why did dolly parton pass away,dolly parton how die,dolly partons cause of death,dolly parton quote,dolly parton what kind of cancer,who was dolly parton's husband,dolly parton how,facts,dolly parton sabrina carpenter,how did dolly die?,dolly parton musical,dolly parton last performance,did dolly parton passaway,dolly partondeath,dolly parton flags half mast,what did dolly pardon die of,what health issues does dolly parton have,dolly parton is dead,dolly parton announcement today,how did dolly parton did,how many of dolly parton's siblings are still alive,jolene song,did dolly die?,dolly parton life and music,9 to 5 song,how did dolly parton due,dolly parton pass,cause of dolly parton death,miley cyrus and dolly parton,how old is dolly parton still alive,dolly parton desd,dolly parton: queen of country,how did dolly parton die.,what illness did dolly parton have,did dolly larton die,dolly parton best songs,what time did dolly die,dolly and carl,i will always love you original,dolly parton has died,dolly parton -ai,dolly partner,what was dolly partons cause of death,what was dolly parton diagnosed with,willow lake plantation,dolly parton hotel nashville,what kind of cancer did dolly parton pass away from,dud dolly parton die,death,why did dolly partin die,what time did dolly parton pass away,did dolly partom die,doly parton death,what was wrong with dolly parton,is it true that dolly parton died,tribute to dolly parton,dolly parton death how,dolly parton died.,dolly pardon die,was dolly parton sick?,dolly parton instagram,did dollt parton die,what kind of cancer did dolly parton battle,who passed away today,dolly parton is she still alive,dolly parton nephew,dolly parton is she dead,dolly.parton age,donald trump dolly parton,doly parton died,how did doly parton die,did dolly patron die,did dolly parton just die?,dolly parton dird,dolly oarton dead,what kind of cancer did dolly pass from,dolly parton husband carl dean,dolly pardon dies,dolly parton brother,did dolly parton have a heart attack,when did dolly's husband die,people,did dolly pardon die?,dolly pardon cause of death,dolly parton alive?,dolly parton people magazine,dolly parton just died,is it true dolly parton died,wbir,what did dolly parton pass from,has dolly parton passed away?,did dolly oartin die,dolly parton super bowl,did dolley parton die,did dolly paron die,dolly parton hotel,dolly passed away,dolly parton died why,cause of death for dolly parton,when did dolly parton died,what caused dolly parton to die,dolly parton deth,did dolly die of cancer,how much was dolly parton's net worth,flags half staff,cbs news,did dolly parton died yesterday,did dollly parton die,song,what was dolly parton's net worth,what cancer did dolly parton die from,pictures of dolly parton,is dolly parton,dolly. parton,dolly dies,did dolly parton really die?,dolly parton deat,dolly parton husband died,nyt,dolly parton tv shows,dolly parton sad news today,dolly parton health update 2026,did dolly parton pass away today?,is dolly parton a republican or democrat,dolly parton country music legacy,does dolly parton have children,dlly parton died,miley cyrus on dolly parton,how old is dolly parton now,is dolly parton sick,dolly party,has dolly pardon died,did dolly parton still alive,dolly parton dying,dolly partondied,dolly parton dies?,dolly parton passed?,did dolly parton's pass away,dolly parton',what kind of cancer did dolly parton have at death,did dolly parton pass?,did dolly parton die ?,dolly partons,did dolly parton pass away die,tammy wynette,ny times,dolly passed,did dolly parton die from cancer,did dolly paryon die,dolly parton died ?,dolly parton recent photos,what did dolly parton do,dolly parton\,has dolly parton die,carl dean obituary,dolly parton people,dollys husband,tell me more about the passing of dolly parton in nashville,did dolly partan die,dolly partondead,dolly had cancer,has dolly parton died today,did dolky parton die,what celebrity died today,did dolly psrton die,dolly parton fox news,wral,dolly parton what time did she die,did dolly parton's husband die,dolly parton?,did dolly parton die this morning,dolly parton does,did dolly parton have an open marriage,dolly parton deas,is dolly parton die,did dollu parton die,is dolly parton's husband still alive,dolly parton super bowl halftime show,what type of cancer did dolly parton have?,did dolly really die,dlly parton death,nytimes,hw did dolly parton die,dolly patron died,dolly parton health death,did dolly parton died today,how did dolly parton pass away?,dolly parton's husband carl dean,dolly parton imagination library ohio,breaking news today,variety,dolly parton photos,dolly parton cowboys,dolly parton fied,dolly parton how died,doly parton dead,dolly parton religion,what kind of cancer did dolly had,how did dolly pass,ric flair,dolly parton how old,how many kids did dolly parton have,carl dean death,what autoimmune disease did dolly have,when did dolly parton's husband die carl dean,dolly parton husband passing,jane fonda age,nashville news,how did dolly paton die,dolly parton house nashville,dolly age,dolly parton when did she die,dolly parton charity work,dolly partons husband carl dean,is dolly parton alive?,dolly parton and husband,dolly parton have any kids,half mast,what did dolly parton die,dolly parton dallas cowboys,9-5 dolly parton,is dolly parton died,dolly parton islands in the stream,did dolly parton die how,did dolly parden die,dolly parton dead how,dolly parton death metal,video","./explore?q=dolly%20parton&geo=US"
"tim curry","5 M+","26 de agosto de 2026 a las 12:10:00 UTC-3",,"tim curry,tim curry movies,tim curry died,rocky horror picture show,tim.curry,tim curry stroke,tim curry cause of death,tim curry movies and tv shows,tim curry home alone,tom curry,tim curry death,home alone 2,rocky horror,was tim curry gay,how did tim curry die,home alone,jim curry,who is tim curry,when did tim curry die,celebrity deaths 2026,clue movie,it,clue,did tim curry die,home alone 2 cast,the rocky horror picture show,tim,carol burnett,tim curry rocky horror,tim curry home alone 2,tim curry age,tim curry pennywise,dr frank n furter,tim curry clue,tim curry gay,frank n furter,what did tim curry die of,celebrity deaths,susan sarandon,tim curry death cause,recent celebrity deaths,tim curry imdb,did tim curry really die,tim. curry,tim curry wife,home alone 2 tim curry,actor died today,what actor died today,celebrity deaths this week,tim curry dead,tom curry actor,luke evans,tm curry,timmy curry,tim curry.,time curry,pennywise actor,is tim curry still alive,tim curry actor,tim carry,what celebrity died today,actor tim curry passing,actor tim curry,tim curry net worth,where to watch rocky horror picture show,tim curry how did he die,did tim curry pass away,is tim curry dead,tim.curry movies,is tim curry still alive?,tim curru,tim curry and dolly parton,tim curry die,how old was tim curry,tim curry dies,tim curry movie,was tim curry in home alone,tim curry alive,tim curry passed away,tim curry now,tim curry rocky horror picture show,tim curry filmography,tim curry films,tim death,did tim curry die?,tim curry news,tom curry movies,what did tim curry die from,tim curry dead?,how did tim curry pass away,tim curry dolly parton,rim curry,tim curry died?,tim curry career and roles,who passed away today,tim died,tim.curry now,tim curry passed,whos tim curry,did tim curry pass away?,tim curry passing,did tim curry die today,tim curry passing at 80,who was tim curry,tim curry muppets,when did tim curry pass away,tim curry 2026,celebrities who died in 2026,celebrity deaths today,bbc news tim curry,dolly parton and tim curry,tom.curry,tim curry illness,actor who died today,has tim curry died,home alone tim curry,what happened to tim curry,tim curry movies and shows,tim curry in home alone 2,who died,tim curry tmz,tim.curry death,when did tim curry pass,tim curry voice acting,tim curry die?,tim curry health,tim curry disease,tim curry nyt,pennywise tim curry,rip tim curry,tim curry death date,tim curry frank n furter,tim curry desth,movie,what did tim curry play in,british actor tim curry passing,tim curry -ai,tim curry command and conquer,tim curry shows,tim curry dead or alive,tim curry did he die,tim curry red alert,how old is tim curry,tmz tim curry,tim curry died 2026,tim dead","./explore?q=tim%20curry&geo=US"
"nepal","500 mil+","26 de agosto de 2026 a las 7:50:00 UTC-3",,"nepal,nepal flood,nepal flash floods,where is nepal,flash flood nepal,flood in nepal,nepal china border flood,napal,tibet,what happened in nepal,nepal floods,nepal news,nepal flooding,what caused the flash flood in nepal,nepal mudslide,china nepal flood,nepal flood today,flooding in nepal,nepal flash flood,china,tibet flood,nepal flood video,mudslide nepal,nepal glacier,nepal map,nepal landslide,what happened in nepal today,what caused the flood in nepal,nepal flood cause,tibet flash flood,river,flood in nepal today,nepal death toll,floods in nepal,flash flood in nepal,glacier,nepal tibet flood,napal flood,rasuwagadhi,china flood,where is nepal?,rasuwa flood,gyirong port,china flooding,rasuwagadhi flood","./explore?q=nepal&geo=US"
"dodgers vs braves","200 mil+","25 de agosto de 2026 a las 19:20:00 UTC-3",,"dodgers vs braves,tyler glasnow","./explore?q=dodgers%20vs%20braves&geo=US"
"social security cola 2027 announcement date","200 mil+","25 de agosto de 2026 a las 2:30:00 UTC-3",,"social security cola 2027 announcement date,social security cola 2027","./explore?q=social%20security%20cola%202027%20announcement%20date&geo=US"
"kyle singler","100 mil+","25 de agosto de 2026 a las 20:40:00 UTC-3",,"kyle singler,kyle singler duke,kyle singler coach k","./explore?q=kyle%20singler&geo=US"
"astros vs yankees","200 mil+","25 de agosto de 2026 a las 19:10:00 UTC-3",,"astros vs yankees,elmer rodriguez,astros - yankees,ben rice,cody bellinger,jose altuve","./explore?q=astros%20vs%20yankees&geo=US"
"real madrid vs real sociedad","200 mil+","26 de agosto de 2026 a las 13:30:00 UTC-3",,"real madrid vs real sociedad,mbappe,real madrid vs real sociedad standings,real madrid vs,kylian mbappé,la liga,laliga,real madrid vs real sociedad lineups,real madrid vs. real sociedad,madrid vs,real sociedad,jude bellingham,real madrid vs real sociedad stats,real madrid fc,where to watch real madrid vs real sociedad,real madrid cf,real,madrid vs real sociedad,luka sučić,real madrid standings,real madrid game,madrid game","./explore?q=real%20madrid%20vs%20real%20sociedad&geo=US"
"largo","100 mil+","26 de agosto de 2026 a las 1:00:00 UTC-3",,"largo","./explore?q=largo&geo=US"
"jelly roll","100 mil+","25 de agosto de 2026 a las 0:30:00 UTC-3",,"jelly roll,jelly roll on jimmy kimmel,what did jelly roll say about trump,jelly roll trump,jelly roll jimmy kimmel live,jelly roll weight loss,jellyroll","./explore?q=jelly%20roll&geo=US"
"américa vs columbus","50 mil+","26 de agosto de 2026 a las 22:50:00 UTC-3",,"américa vs columbus,américa - columbus crew,america vs,club américa,américa vs. columbus crew,america vs columbus crew","./explore?q=am%C3%A9rica%20vs%20columbus&geo=US"
"orioles vs cardinals","50 mil+","25 de agosto de 2026 a las 19:50:00 UTC-3",,"orioles vs cardinals,angels game,guardians game","./explore?q=orioles%20vs%20cardinals&geo=US"
"real madrid - real sociedad","200 mil+","26 de agosto de 2026 a las 15:00:00 UTC-3",,"real madrid - real sociedad,real madrid,real madrid – real sociedad,real madrid hoy,liga española,cómo va el real madrid,real madrid x real sociedad,se","./explore?q=real%20madrid%20-%20real%20sociedad&geo=US"
"brewers vs mets","100 mil+","25 de agosto de 2026 a las 19:10:00 UTC-3",,"brewers vs mets,trevor megill,austin warren","./explore?q=brewers%20vs%20mets&geo=US"
"vitruvias therapeutics thyroid medication recall","100 mil+","25 de agosto de 2026 a las 1:40:00 UTC-3",,"vitruvias therapeutics thyroid medication recall,vitruvias therapeutics superpotent medication recall,vitruvias therapeutics thyroid tablet recall,thyroid medication recall","./explore?q=vitruvias%20therapeutics%20thyroid%20medication%20recall&geo=US"
"batman knightfall part 1","50 mil+","25 de agosto de 2026 a las 1:10:00 UTC-3",,"batman knightfall part 1,batman knightfall,batman knightfall part 2 release date,batman knightfall part 2,batman knightfall movie","./explore?q=batman%20knightfall%20part%201&geo=US"
"good good golf","100 mil+","25 de agosto de 2026 a las 5:50:00 UTC-3",,"good good golf,callaway good good ad,good good,callaway,backlash,good good ad,callaway ad,callaway golf driver,good good golf callaway ad,good good controversy,callaway golf ad controversy,golf galaxy,alexis miestowski,good good golf ad,good good golf callaway golf,callaway good good,callaway ad controversy","./explore?q=good%20good%20golf&geo=US"
"mica miller","50 mil+","26 de agosto de 2026 a las 11:20:00 UTC-3",,"mica miller,john paul miller,jp miller,death of the pastors wife,john paul miller pastor,the pastors wife netflix,jp miller pastor,mica miller case,death of a pastors wife,the pastors wife","./explore?q=mica%20miller&geo=US"
"busy philipps","50 mil+","26 de agosto de 2026 a las 9:30:00 UTC-3",,"busy philipps,busy philipps brain tumor,busy phillips,james van der beek,prenuvo scan,busy phillips brain tumor","./explore?q=busy%20philipps&geo=US"
"sam neill","50 mil+","25 de agosto de 2026 a las 21:20:00 UTC-3",,"sam neill","./explore?q=sam%20neill&geo=US"
"tiger woods","200 mil+","26 de agosto de 2026 a las 1:40:00 UTC-3",,"tiger woods,tiger woods public appearance video,tiger","./explore?q=tiger%20woods&geo=US"
"nvidia stock","200 mil+","26 de agosto de 2026 a las 10:50:00 UTC-3",,"nvidia stock,nvda stock,nvda,nvidia earnings,nvda earnings,nvidia stock price,nvidia earnings report,nvda stock price,nvidia nvda earnings report,nvidia earnings call,nvda earnings call,nvidia earnings report today,nvda after hours,nvidia earnings date,nvda earnings time,nvda earnings date,nvidia earnings time,nvidia earnings live,when does nvidia report earnings,what time does nvidia report earnings,nvda earnings report,nvdia earnings,nvidia after hours stock price,nvda earning,did nvidia beat earnings,nvdia stock,fool,nvidia results,what time is nvda earnings today,nvidia earning,$nvda,fool.com,what time is nvidia earnings today,nvidia stock earnings","./explore?q=nvidia%20stock&geo=US"
"national dog day","50 mil+","25 de agosto de 2026 a las 11:00:00 UTC-3",,"national dog day,is today national dog day","./explore?q=national%20dog%20day&geo=US"
"jaye p morgan","20 mil+","26 de agosto de 2026 a las 13:20:00 UTC-3",,"jaye p morgan","./explore?q=jaye%20p%20morgan&geo=US"
"love island reunion","50 mil+","26 de agosto de 2026 a las 17:50:00 UTC-3",,"love island reunion,love island reunion 2026,when is love island reunion,love island usa season 8 reunion,love island usa reunion season 8,when is the love island reunion 2026,when is love island reunion 2026,when is love island season 8 reunion,love island usa season 8","./explore?q=love%20island%20reunion&geo=US"
"jonathan kuminga","50 mil+","26 de agosto de 2026 a las 19:40:00 UTC-3",,"jonathan kuminga,kuminga,timberwolves,minnesota timberwolves,kuminga timberwolves,mn timberwolves,julius randle,jonathan kuminga timberwolves","./explore?q=jonathan%20kuminga&geo=US"
"yayoi kusama","10 mil+","26 de agosto de 2026 a las 23:20:00 UTC-3",,"yayoi kusama,kusama","./explore?q=yayoi%20kusama&geo=US"
"toluca vs austin","20 mil+","26 de agosto de 2026 a las 20:50:00 UTC-3",,"toluca vs austin,toluca,toluca fc,toluca vs","./explore?q=toluca%20vs%20austin&geo=US"
"el niño southern oscillation","20 mil+","26 de agosto de 2026 a las 8:50:00 UTC-3",,"el niño southern oscillation,el niño–southern oscillation,el nino snow map,el niño 2026","./explore?q=el%20ni%C3%B1o%20southern%20oscillation&geo=US"
"baby boomer social security returns","20 mil+","26 de agosto de 2026 a las 14:40:00 UTC-3",,"baby boomer social security returns","./explore?q=baby%20boomer%20social%20security%20returns&geo=US"
"ja'marr chase","100 mil+","25 de agosto de 2026 a las 15:40:00 UTC-3",,"ja'marr chase,ja'marr chase injury,jamarr chase injury,jamarr chase,jamarr,jamaar chase injury,ja marr chase injury,chase injury","./explore?q=ja%27marr%20chase&geo=US"
"ross fire","50 mil+","25 de agosto de 2026 a las 6:40:00 UTC-3",,"ross fire,texas fires,ross fire texas,ross fire palo pinto,fires in texas,weather fort worth,texas wildfires,wildfires texas,ross fire update,air quality warning","./explore?q=ross%20fire&geo=US"
"tempo vs storm","10 mil+","26 de agosto de 2026 a las 22:10:00 UTC-3",,"tempo vs storm,seattle storm,flau'jae johnson","./explore?q=tempo%20vs%20storm&geo=US"
"2k27","50 mil+","25 de agosto de 2026 a las 18:40:00 UTC-3",,"2k27,nba 2k27,2k27 early access,nba 2k27 release date","./explore?q=2k27&geo=US"
"jolene lyrics","20 mil+","25 de agosto de 2026 a las 15:10:00 UTC-3",,"jolene lyrics","./explore?q=jolene%20lyrics&geo=US"
"pro bowl","20 mil+","26 de agosto de 2026 a las 17:50:00 UTC-3",,"pro bowl,nfl pro bowl,pro bowl 2026,probowl","./explore?q=pro%20bowl&geo=US"
"vince young","20 mil+","25 de agosto de 2026 a las 6:30:00 UTC-3",,"vince young,jeff fisher","./explore?q=vince%20young&geo=US"
"toxic movie","50 mil+","25 de agosto de 2026 a las 17:00:00 UTC-3",,"toxic movie,toxic movie review,toxic,toxic review,toxic movie review yash,toxic movie reviews,yash toxic movie review","./explore?q=toxic%20movie&geo=US"
"who is harry jowsey dating now","20 mil+","26 de agosto de 2026 a las 23:00:00 UTC-3",,"who is harry jowsey dating now,lets marry harry reunion,harry jowsey girlfriend,harry jowsey,who is harry jowsey dating,harry jowsey new girlfriend,harry jowsey girlfriend 2026,let's marry harry reunion","./explore?q=who%20is%20harry%20jowsey%20dating%20now&geo=US"
"cesar mora nectarine orchard dispute","20 mil+","25 de agosto de 2026 a las 18:30:00 UTC-3",,"cesar mora nectarine orchard dispute","./explore?q=cesar%20mora%20nectarine%20orchard%20dispute&geo=US"
"valkyries vs sun","20 mil+","26 de agosto de 2026 a las 19:10:00 UTC-3",,"valkyries vs sun,dominique malonga,valkyries vs sun where to watch,connecticut sun,kaila charles","./explore?q=valkyries%20vs%20sun&geo=US"
"royals vs blue jays","20 mil+","25 de agosto de 2026 a las 19:10:00 UTC-3",,"royals vs blue jays","./explore?q=royals%20vs%20blue%20jays&geo=US"
"donald trump","100 mil+","25 de agosto de 2026 a las 15:50:00 UTC-3",,"donald trump,trump usps voting rule lawsuit,letitia james,trump administration emergency scotus requests,ketanji brown jackson,kaitlan collins","./explore?q=donald%20trump&geo=US"
"dodge challenger srt hellcat","20 mil+","26 de agosto de 2026 a las 17:10:00 UTC-3",,"dodge challenger srt hellcat","./explore?q=dodge%20challenger%20srt%20hellcat&geo=US"
"major jason watson","50 mil+","25 de agosto de 2026 a las 7:30:00 UTC-3",,"major jason watson","./explore?q=major%20jason%20watson&geo=US"
"quarterback","20 mil+","26 de agosto de 2026 a las 12:40:00 UTC-3",,"quarterback,thomas castellanos,tommy castellanos","./explore?q=quarterback&geo=US"
"river plate - santa fe","10 mil+","26 de agosto de 2026 a las 20:40:00 UTC-3",,"river plate - santa fe,river plate vs santa fe,river plate,copa sudamericana","./explore?q=river%20plate%20-%20santa%20fe&geo=US"
"lake ontario","50 mil+","25 de agosto de 2026 a las 8:10:00 UTC-3",,"lake ontario,lake america,america,trump administration lake ontario proposal,great lakes,lake ontario trump,trump lake ontario,ontario","./explore?q=lake%20ontario&geo=US"
"america vs columbus","10 mil+","26 de agosto de 2026 a las 20:00:00 UTC-3",,"america vs columbus,america fc,club america,columbus crew,club america vs columbus crew","./explore?q=america%20vs%20columbus&geo=US"
"leah remini","10 mil+","26 de agosto de 2026 a las 19:20:00 UTC-3",,"leah remini,leah remini rhobh season 16","./explore?q=leah%20remini&geo=US"
"randy george","20 mil+","26 de agosto de 2026 a las 9:30:00 UTC-3",,"randy george,the pentagon","./explore?q=randy%20george&geo=US"
"hurricane dolly","20 mil+","25 de agosto de 2026 a las 20:40:00 UTC-3",,"hurricane dolly,hurricane dolly 2026,tropical storm dolly,hurricane names 2026,2026 hurricane names,atlantic hurricane dolly","./explore?q=hurricane%20dolly&geo=US"
"stella parton","20 mil+","25 de agosto de 2026 a las 15:40:00 UTC-3",,"stella parton","./explore?q=stella%20parton&geo=US"
"dolly parton tattoos","20 mil+","25 de agosto de 2026 a las 15:10:00 UTC-3",,"dolly parton tattoos","./explore?q=dolly%20parton%20tattoos&geo=US"
"measles","50 mil+","25 de agosto de 2026 a las 11:10:00 UTC-3",,"measles,pennsylvania measles deaths,measles deaths,measles deaths pennsylvania,pennsylvania,measles pennsylvania,pennsylvania measles,apnews","./explore?q=measles&geo=US"
"jesikah suggs","20 mil+","25 de agosto de 2026 a las 21:10:00 UTC-3",,"jesikah suggs","./explore?q=jesikah%20suggs&geo=US"
"jennifer aniston friends dinner reunion","20 mil+","26 de agosto de 2026 a las 19:10:00 UTC-3",,"jennifer aniston friends dinner reunion,jennifer aniston, courteney cox lisa kudrow","./explore?q=jennifer%20aniston%20friends%20dinner%20reunion&geo=US"
"meta","50 mil+","26 de agosto de 2026 a las 10:10:00 UTC-3",,"meta,meta settlement,meta lawsuit settlement,meta stock,meta stock price,meta lawsuit,meta settlement 2026","./explore?q=meta&geo=US"
"jack barton","10 mil+","26 de agosto de 2026 a las 12:00:00 UTC-3",,"jack barton","./explore?q=jack%20barton&geo=US"
"efl cup","50 mil+","25 de agosto de 2026 a las 3:20:00 UTC-3",,"efl cup,spurs vs charlton,tottenham,tottenham - charlton,charlton athletic,sávio","./explore?q=efl%20cup&geo=US"
"survivor 51 cast","10 mil+","26 de agosto de 2026 a las 15:00:00 UTC-3",,"survivor 51 cast,survivor 51","./explore?q=survivor%2051%20cast&geo=US"
"gta 6 netflix","20 mil+","26 de agosto de 2026 a las 0:10:00 UTC-3",,"gta 6 netflix,dazed gta 6,gta 6 release date,gta 6 extended look premiere,gta 6 netflix uk time,gta 6 extended look,grand theft auto 6 preview release","./explore?q=gta%206%20netflix&geo=US"
"us open mixed doubles","50 mil+","25 de agosto de 2026 a las 12:10:00 UTC-3",,"us open mixed doubles,mixed doubles us open,carlos alcaraz,us open tennis 2026,alcaraz,us open 2026,us open mixed doubles 2026,mixed doubles,us open mixed doubles 2026 schedule,erin routliffe,lloyd glasspool,routliffe","./explore?q=us%20open%20mixed%20doubles&geo=US"
"kyrie irving","10 mil+","26 de agosto de 2026 a las 8:20:00 UTC-3",,"kyrie irving","./explore?q=kyrie%20irving&geo=US"
"star wars zero company","20 mil+","26 de agosto de 2026 a las 10:00:00 UTC-3",,"star wars zero company,star wars zero company review,ign","./explore?q=star%20wars%20zero%20company&geo=US"
"trump age","20 mil+","25 de agosto de 2026 a las 15:10:00 UTC-3",,"trump age","./explore?q=trump%20age&geo=US"
"palmeiras vs santos","10 mil+","26 de agosto de 2026 a las 20:50:00 UTC-3",,"palmeiras vs santos,copa do brasil,palmeiras - santos,palmeiras x santos","./explore?q=palmeiras%20vs%20santos&geo=US"
"when is the lunar eclipse 2026","20 mil+","26 de agosto de 2026 a las 21:00:00 UTC-3",,"when is the lunar eclipse 2026,august full moon 2026,when is the lunar eclipse,full moon august,blood moon,full moon tonight,lunar eclipse 2026,when is the full moon in august,moon tonight,moon eclipse august 2026,moon,blood moon lunar eclipse,august full moon,blood moon august 2026,lunar eclipse august 2026 time,lunar eclipse blood moon,lunar eclipse tonight,next full moon august 2026,blood moon solar eclipse lunar eclipse,lunar eclipses","./explore?q=when%20is%20the%20lunar%20eclipse%202026&geo=US"
"michelle obama martha's vineyard outfit","2 mil+","26 de agosto de 2026 a las 22:50:00 UTC-3",,"michelle obama martha's vineyard outfit","./explore?q=michelle%20obama%20martha%27s%20vineyard%20outfit&geo=US"
"nodus fall","20 mil+","25 de agosto de 2026 a las 15:00:00 UTC-3",,"nodus fall,hoyoverse,nodusfall,nodus fall release date","./explore?q=nodus%20fall&geo=US"
"motor city","10 mil+","25 de agosto de 2026 a las 4:20:00 UTC-3",,"motor city","./explore?q=motor%20city&geo=US"
"dodgers - braves","20 mil+","26 de agosto de 2026 a las 19:50:00 UTC-3",,"dodgers - braves,braves,braves vs dodgers,matt olson,dodgers vs atlanta braves,austin riley,aj smith-shawver,alex call,mike yastrzemski","./explore?q=dodgers%20-%20braves&geo=US"
"witcher 3 remastered","20 mil+","25 de agosto de 2026 a las 17:10:00 UTC-3",,"witcher 3 remastered,the witcher 3 wild hunt remastered,witcher 3,the witcher 3 remastered,witcher 3 remaster,the witcher 3,the witcher 3 remastered free upgrade,witcher 3 songs of the past","./explore?q=witcher%203%20remastered&geo=US"
"ha seong kim","5 mil+","26 de agosto de 2026 a las 23:30:00 UTC-3",,"ha seong kim,ha-seong kim,braves game,tanner scott","./explore?q=ha%20seong%20kim&geo=US"
"google assistant $68 million settlement","20 mil+","25 de agosto de 2026 a las 13:00:00 UTC-3",,"google assistant $68 million settlement","./explore?q=google%20assistant%20%2468%20million%20settlement&geo=US"
"better bakehouse snack company recall","20 mil+","26 de agosto de 2026 a las 0:40:00 UTC-3",,"better bakehouse snack company recall","./explore?q=better%20bakehouse%20snack%20company%20recall&geo=US"
"mac mini","20 mil+","25 de agosto de 2026 a las 10:00:00 UTC-3",,"mac mini,mac studio,apple mac mini,mac mini m6,mac,apple store","./explore?q=mac%20mini&geo=US"
"josh jacobs","20 mil+","26 de agosto de 2026 a las 12:30:00 UTC-3",,"josh jacobs,josh jacobs suspension update,josh jacobs suspension","./explore?q=josh%20jacobs&geo=US"
"ricky schroder","10 mil+","26 de agosto de 2026 a las 3:50:00 UTC-3",,"ricky schroder","./explore?q=ricky%20schroder&geo=US"
"mensik","20 mil+","26 de agosto de 2026 a las 22:00:00 UTC-3",,"mensik,muchova,muchova tennis,belinda bencic,us open mixed doubles 2026,mensik tennis,jakub menšík,rublev,monfils,svitolina,karolina muchova,gael monfils,cobolli,flavio cobolli,bencic,monfils wife,svitolina and monfils","./explore?q=mensik&geo=US"
"endgame encore","20 mil+","25 de agosto de 2026 a las 13:10:00 UTC-3",,"endgame encore,avengers endgame encore tickets,marvel avengers endgame encore,what is avengers endgame encore,endgame encore tickets,avengers endgame,marvel studios avengers endgame encore trailer","./explore?q=endgame%20encore&geo=US"
"crm stock","20 mil+","26 de agosto de 2026 a las 11:20:00 UTC-3",,"crm stock,salesforce stock,crm,salesforce","./explore?q=crm%20stock&geo=US"
"toluca vs austin fc","5 mil+","26 de agosto de 2026 a las 21:00:00 UTC-3",,"toluca vs austin fc,austin fc,toluca vs. austin fc","./explore?q=toluca%20vs%20austin%20fc&geo=US"
"cam skattebo practice altercation nfl","5 mil+","26 de agosto de 2026 a las 19:30:00 UTC-3",,"cam skattebo practice altercation nfl","./explore?q=cam%20skattebo%20practice%20altercation%20nfl&geo=US"
"kuku kohli","10 mil+","26 de agosto de 2026 a las 5:00:00 UTC-3",,"kuku kohli,khan","./explore?q=kuku%20kohli&geo=US"
"carabao cup","10 mil+","25 de agosto de 2026 a las 14:50:00 UTC-3",,"carabao cup,carabao cup draw","./explore?q=carabao%20cup&geo=US"
"macaulay culkin","5 mil+","26 de agosto de 2026 a las 13:20:00 UTC-3",,"macaulay culkin","./explore?q=macaulay%20culkin&geo=US"
"debbie clark","10 mil+","26 de agosto de 2026 a las 15:30:00 UTC-3",,"debbie clark,debbie storm clark","./explore?q=debbie%20clark&geo=US"
"tony dokoupil","5 mil+","26 de agosto de 2026 a las 20:00:00 UTC-3",,"tony dokoupil","./explore?q=tony%20dokoupil&geo=US"
"rupert grint","10 mil+","26 de agosto de 2026 a las 11:10:00 UTC-3",,"rupert grint,harry potter","./explore?q=rupert%20grint&geo=US"
"beauty in black season 3","5 mil+","26 de agosto de 2026 a las 18:20:00 UTC-3",,"beauty in black season 3,beauty in black season 3 release date","./explore?q=beauty%20in%20black%20season%203&geo=US"
"dustin may","5 mil+","26 de agosto de 2026 a las 20:20:00 UTC-3",,"dustin may,brewers standings,robert stock","./explore?q=dustin%20may&geo=US"
"moon phase today","10 mil+","25 de agosto de 2026 a las 4:10:00 UTC-3",,"moon phase today","./explore?q=moon%20phase%20today&geo=US"
"hugging face","2 mil+","26 de agosto de 2026 a las 21:50:00 UTC-3",,"hugging face,nvidia hugging face","./explore?q=hugging%20face&geo=US"
"bryce canyon national park","20 mil+","26 de agosto de 2026 a las 15:30:00 UTC-3",,"bryce canyon national park,national park","./explore?q=bryce%20canyon%20national%20park&geo=US"
"otf jam","2 mil+","26 de agosto de 2026 a las 19:10:00 UTC-3",,"otf jam","./explore?q=otf%20jam&geo=US"
"emily moreno","2 mil+","26 de agosto de 2026 a las 21:20:00 UTC-3",,"emily moreno","./explore?q=emily%20moreno&geo=US"
"champions league","20 mil+","25 de agosto de 2026 a las 16:00:00 UTC-3",,"champions league,champions league draw,uefa champions league,ucl","./explore?q=champions%20league&geo=US"
"kaia gerber","10 mil+","26 de agosto de 2026 a las 1:50:00 UTC-3",,"kaia gerber","./explore?q=kaia%20gerber&geo=US"
"paz ramírez","5 mil+","26 de agosto de 2026 a las 17:10:00 UTC-3",,"paz ramírez","./explore?q=paz%20ram%C3%ADrez&geo=US"
"za'darius smith","2 mil+","26 de agosto de 2026 a las 21:30:00 UTC-3",,"za'darius smith","./explore?q=za%27darius%20smith&geo=US"
"cindy brunson","2 mil+","26 de agosto de 2026 a las 22:40:00 UTC-3",,"cindy brunson","./explore?q=cindy%20brunson&geo=US"
"beef recall","10 mil+","26 de agosto de 2026 a las 12:50:00 UTC-3",,"beef recall,beef recalls,beef recall 2026","./explore?q=beef%20recall&geo=US"
"annie","5 mil+","26 de agosto de 2026 a las 13:20:00 UTC-3",,"annie","./explore?q=annie&geo=US"
"khalid sheikh mohammed","2 mil+","26 de agosto de 2026 a las 19:20:00 UTC-3",,"khalid sheikh mohammed","./explore?q=khalid%20sheikh%20mohammed&geo=US"
"matt gogel golf gambling violation","5 mil+","26 de agosto de 2026 a las 18:10:00 UTC-3",,"matt gogel golf gambling violation,pga tour champions gambling suspension","./explore?q=matt%20gogel%20golf%20gambling%20violation&geo=US"
"atlético nacional - deportivo cali","2 mil+","26 de agosto de 2026 a las 22:10:00 UTC-3",,"atlético nacional - deportivo cali,atl. nacional vs deportivo cali","./explore?q=atl%C3%A9tico%20nacional%20-%20deportivo%20cali&geo=US"
"sam neill death","10 mil+","26 de agosto de 2026 a las 18:40:00 UTC-3",,"sam neill death,famous people who died in 2026,celebrities that have died in 2026,2026 celebrity deaths,what celebrities have died in 2026","./explore?q=sam%20neill%20death&geo=US"
"xbox series x 25th anniversary","5 mil+","26 de agosto de 2026 a las 18:40:00 UTC-3",,"xbox series x 25th anniversary,xbox 25th anniversary collection,xbox 25th anniversary collection pre order,xbox 25th anniversary collection pre-order","./explore?q=xbox%20series%20x%2025th%20anniversary&geo=US"
"matthew mayich","5 mil+","26 de agosto de 2026 a las 13:30:00 UTC-3",,"matthew mayich","./explore?q=matthew%20mayich&geo=US"
"blake lively justin baldoni legal fees","10 mil+","26 de agosto de 2026 a las 15:10:00 UTC-3",,"blake lively justin baldoni legal fees,blake lively","./explore?q=blake%20lively%20justin%20baldoni%20legal%20fees&geo=US"
"aryna sabalenka us open outfit","2 mil+","26 de agosto de 2026 a las 19:30:00 UTC-3",,"aryna sabalenka us open outfit","./explore?q=aryna%20sabalenka%20us%20open%20outfit&geo=US"
"harry styles msg","2 mil+","26 de agosto de 2026 a las 19:10:00 UTC-3",,"harry styles msg","./explore?q=harry%20styles%20msg&geo=US"
"michael fulmer","5 mil+","26 de agosto de 2026 a las 16:20:00 UTC-3",,"michael fulmer,fernando cruz","./explore?q=michael%20fulmer&geo=US"
"tristan peters","2 mil+","26 de agosto de 2026 a las 22:50:00 UTC-3",,"tristan peters","./explore?q=tristan%20peters&geo=US"
"confirmed cyclosporiasis cases 48 states","2 mil+","26 de agosto de 2026 a las 20:50:00 UTC-3",,"confirmed cyclosporiasis cases 48 states","./explore?q=confirmed%20cyclosporiasis%20cases%2048%20states&geo=US"
"bad wolves","10 mil+","26 de agosto de 2026 a las 3:10:00 UTC-3",,"bad wolves,sara skinner,sara killboy skinner","./explore?q=bad%20wolves&geo=US"
"william shatner","5 mil+","26 de agosto de 2026 a las 5:10:00 UTC-3",,"william shatner","./explore?q=william%20shatner&geo=US"
"bill gates","5 mil+","26 de agosto de 2026 a las 9:00:00 UTC-3",,"bill gates,bill gates ai warning,gate,bill gates views on ai","./explore?q=bill%20gates&geo=US"
"derek chauvin","2 mil+","26 de agosto de 2026 a las 20:40:00 UTC-3",,"derek chauvin","./explore?q=derek%20chauvin&geo=US"
"braves game today","5 mil+","26 de agosto de 2026 a las 23:30:00 UTC-3",,"braves game today,braves standings,braves score,braves game,ozzie albies","./explore?q=braves%20game%20today&geo=US"
"clancy trial day 20","20 mil+","26 de agosto de 2026 a las 8:50:00 UTC-3",,"clancy trial day 20,lindsay clancy live trial today,bowden charge,bowden instruction,lindsay clancy trial live today,lindsay clancy verdict,clancy trial today,lindsay clancy trial day 21,lindsay clancy trial day 20,lindsay clancy trial live,lindsay clancy trial live day 21,lindsay clancy day 21,who is lindsay clancy,clancy trial live,lindsay clancy day 20","./explore?q=clancy%20trial%20day%2020&geo=US"
"secret service misconduct investigation","50 mil+","26 de agosto de 2026 a las 6:30:00 UTC-3","26 de agosto de 2026 a las 23:30:00 UTC-3","secret service misconduct investigation,anthony guglielmi secret service leave,secret service officials administrative leave,us secret services,cnn news","./explore?q=secret%20service%20misconduct%20investigation&geo=US"
"karolína muchová","2 mil+","26 de agosto de 2026 a las 21:50:00 UTC-3",,"karolína muchová,andreeva tennis,rublev tennis,usopen","./explore?q=karol%C3%ADna%20muchov%C3%A1&geo=US"
"arkansas","2 mil+","26 de agosto de 2026 a las 19:10:00 UTC-3",,"arkansas","./explore?q=arkansas&geo=US"
"luis garcía jr.","1 mil+","26 de agosto de 2026 a las 23:00:00 UTC-3",,"luis garcía jr.","./explore?q=luis%20garc%C3%ADa%20jr.&geo=US"
"草間彌生","500+","26 de agosto de 2026 a las 23:20:00 UTC-3",,"草間彌生","./explore?q=%E8%8D%89%E9%96%93%E5%BD%8C%E7%94%9F&geo=US"
"maja chwalińska","1 mil+","26 de agosto de 2026 a las 22:50:00 UTC-3",,"maja chwalińska","./explore?q=maja%20chwali%C5%84ska&geo=US"
"joseph olmo leaves nbc","100 mil+","25 de agosto de 2026 a las 3:10:00 UTC-3","26 de agosto de 2026 a las 21:40:00 UTC-3","joseph olmo leaves nbc,nbc news,nbc,joseph olmo","./explore?q=joseph%20olmo%20leaves%20nbc&geo=US"
"nene royal","10 mil+","25 de agosto de 2026 a las 22:20:00 UTC-3",,"nene royal,agt,nene royal agt,agt voting","./explore?q=nene%20royal&geo=US"
"joey king","2 mil+","26 de agosto de 2026 a las 21:20:00 UTC-3",,"joey king,sandra bullock practical magic 2 premiere","./explore?q=joey%20king&geo=US"
"andreeva","2 mil+","26 de agosto de 2026 a las 21:40:00 UTC-3",,"andreeva","./explore?q=andreeva&geo=US"
"swimming","10 mil+","26 de agosto de 2026 a las 4:30:00 UTC-3",,"swimming","./explore?q=swimming&geo=US"
"alycia parks","500+","26 de agosto de 2026 a las 23:20:00 UTC-3",,"alycia parks","./explore?q=alycia%20parks&geo=US"
"little debbie new chocolate collaboration","100 mil+","25 de agosto de 2026 a las 11:30:00 UTC-3","26 de agosto de 2026 a las 19:50:00 UTC-3","little debbie new chocolate collaboration","./explore?q=little%20debbie%20new%20chocolate%20collaboration&geo=US"
"judge","50 mil+","25 de agosto de 2026 a las 14:40:00 UTC-3","26 de agosto de 2026 a las 16:00:00 UTC-3","judge","./explore?q=judge&geo=US"
"solar power","20 mil+","26 de agosto de 2026 a las 8:00:00 UTC-3","26 de agosto de 2026 a las 23:30:00 UTC-3","solar power","./explore?q=solar%20power&geo=US"
"texas drag show law ruling","20 mil+","26 de agosto de 2026 a las 3:20:00 UTC-3","27 de agosto de 2026 a las 0:00:00 UTC-3","texas drag show law ruling,drag show","./explore?q=texas%20drag%20show%20law%20ruling&geo=US"
"ben sasse","20 mil+","26 de agosto de 2026 a las 15:50:00 UTC-3",,"ben sasse,daraxonrasib,food and drug administration,pancreatic cancer,rasonque,revolution medicines,revolution medicines stock,rvmd stock","./explore?q=ben%20sasse&geo=US"
"matt leinart","1 mil+","26 de agosto de 2026 a las 22:30:00 UTC-3",,"matt leinart","./explore?q=matt%20leinart&geo=US"
"mel brooks","5 mil+","26 de agosto de 2026 a las 13:00:00 UTC-3",,"mel brooks","./explore?q=mel%20brooks&geo=US"
"angel city fc vs north carolina courage","2 mil+","26 de agosto de 2026 a las 20:40:00 UTC-3",,"angel city fc vs north carolina courage","./explore?q=angel%20city%20fc%20vs%20north%20carolina%20courage&geo=US"
"suzie skinner","1 mil+","26 de agosto de 2026 a las 22:10:00 UTC-3",,"suzie skinner","./explore?q=suzie%20skinner&geo=US"
"mn state fair","5 mil+","26 de agosto de 2026 a las 9:10:00 UTC-3",,"mn state fair,minnesota state fair","./explore?q=mn%20state%20fair&geo=US"
"samba black jaguar snake bite","2 mil+","26 de agosto de 2026 a las 19:20:00 UTC-3",,"samba black jaguar snake bite","./explore?q=samba%20black%20jaguar%20snake%20bite&geo=US"
"stockard channing","1 mil+","26 de agosto de 2026 a las 21:40:00 UTC-3",,"stockard channing","./explore?q=stockard%20channing&geo=US"
"mallorca","1 mil+","26 de agosto de 2026 a las 20:40:00 UTC-3",,"mallorca","./explore?q=mallorca&geo=US"
"john howard","2 mil+","26 de agosto de 2026 a las 18:50:00 UTC-3",,"john howard","./explore?q=john%20howard&geo=US"
"mirra andreeva","5 mil+","26 de agosto de 2026 a las 21:40:00 UTC-3","27 de agosto de 2026 a las 0:10:00 UTC-3","mirra andreeva,andrey rublev","./explore?q=mirra%20andreeva&geo=US"
"united airlines weather diversion delay","20 mil+","25 de agosto de 2026 a las 21:30:00 UTC-3","26 de agosto de 2026 a las 21:50:00 UTC-3","united airlines weather diversion delay","./explore?q=united%20airlines%20weather%20diversion%20delay&geo=US"
"brenton doyle","500+","26 de agosto de 2026 a las 23:20:00 UTC-3",,"brenton doyle","./explore?q=brenton%20doyle&geo=US"
"newcastle vs west brom","20 mil+","26 de agosto de 2026 a las 14:50:00 UTC-3","26 de agosto de 2026 a las 21:40:00 UTC-3","newcastle vs west brom,newcastle - albion,newcastle,newcastle united","./explore?q=newcastle%20vs%20west%20brom&geo=US"
"pink nfl collection","2 mil+","26 de agosto de 2026 a las 22:30:00 UTC-3",,"pink nfl collection,victoria secret nfl,vs pink","./explore?q=pink%20nfl%20collection&geo=US"
"corbin rodenberg","20 mil+","25 de agosto de 2026 a las 21:50:00 UTC-3","26 de agosto de 2026 a las 23:40:00 UTC-3","corbin rodenberg","./explore?q=corbin%20rodenberg&geo=US"
"juez","500+","26 de agosto de 2026 a las 22:40:00 UTC-3",,"juez","./explore?q=juez&geo=US"
"don lemon grand jury review","50 mil+","25 de agosto de 2026 a las 17:50:00 UTC-3","26 de agosto de 2026 a las 23:40:00 UTC-3","don lemon grand jury review,don lemon federal indictment review,don lemon","./explore?q=don%20lemon%20grand%20jury%20review&geo=US"
"the last sunrise cast","1 mil+","26 de agosto de 2026 a las 21:30:00 UTC-3",,"the last sunrise cast","./explore?q=the%20last%20sunrise%20cast&geo=US"
"tracey ullman ted lasso","2 mil+","26 de agosto de 2026 a las 20:50:00 UTC-3",,"tracey ullman ted lasso","./explore?q=tracey%20ullman%20ted%20lasso&geo=US"
"pete ferrell kansas wind ranch","20 mil+","25 de agosto de 2026 a las 12:10:00 UTC-3","26 de agosto de 2026 a las 20:50:00 UTC-3","pete ferrell kansas wind ranch","./explore?q=pete%20ferrell%20kansas%20wind%20ranch&geo=US"
"republican reaction trump trade policy","10 mil+","26 de agosto de 2026 a las 13:10:00 UTC-3","26 de agosto de 2026 a las 23:30:00 UTC-3","republican reaction trump trade policy,trump beef tariff pause gop reaction,argentina beef,trump beef,ground beef","./explore?q=republican%20reaction%20trump%20trade%20policy&geo=US"
"south carolina senate race","50 mil+","25 de agosto de 2026 a las 18:50:00 UTC-3","26 de agosto de 2026 a las 14:50:00 UTC-3","south carolina senate race,darline graham,darlene graham,ralph norman,south carolina primary,sc senate race,sc election results,sc senate race 2026 polls,sc senate runoff,lindsey graham,south carolina election results,sc primary,sc election today,sc primary runoff,south carolina runoff,sc election","./explore?q=south%20carolina%20senate%20race&geo=US"
"adults season 2","1 mil+","26 de agosto de 2026 a las 21:50:00 UTC-3",,"adults season 2","./explore?q=adults%20season%202&geo=US"
"conmebol sudamericana","500+","26 de agosto de 2026 a las 23:50:00 UTC-3",,"conmebol sudamericana","./explore?q=conmebol%20sudamericana&geo=US"
"kennedy center demolition","50 mil+","25 de agosto de 2026 a las 21:40:00 UTC-3","26 de agosto de 2026 a las 20:20:00 UTC-3","kennedy center demolition,trump administration kennedy center renovation,john f. kennedy center for the performing arts,trump kennedy center renovations dispute,john f kennedy center for the performing arts,kennedy center","./explore?q=kennedy%20center%20demolition&geo=US"
"jennifer garner the west wing rejection","20 mil+","25 de agosto de 2026 a las 23:40:00 UTC-3","26 de agosto de 2026 a las 22:20:00 UTC-3","jennifer garner the west wing rejection","./explore?q=jennifer%20garner%20the%20west%20wing%20rejection&geo=US"
"election official","10 mil+","26 de agosto de 2026 a las 9:40:00 UTC-3","26 de agosto de 2026 a las 23:30:00 UTC-3","election official","./explore?q=election%20official&geo=US"
"awa fam","500+","26 de agosto de 2026 a las 23:40:00 UTC-3",,"awa fam","./explore?q=awa%20fam&geo=US"
"sturgeon moon","500+","26 de agosto de 2026 a las 22:10:00 UTC-3",,"sturgeon moon","./explore?q=sturgeon%20moon&geo=US"
"jazz chisholm jr.","1 mil+","26 de agosto de 2026 a las 22:50:00 UTC-3",,"jazz chisholm jr.","./explore?q=jazz%20chisholm%20jr.&geo=US"
"martha stewart","500+","26 de agosto de 2026 a las 23:50:00 UTC-3",,"martha stewart","./explore?q=martha%20stewart&geo=US"
"athletics","1 mil+","26 de agosto de 2026 a las 23:50:00 UTC-3",,"athletics","./explore?q=athletics&geo=US"
"monterrey - chicago fire","50 mil+","25 de agosto de 2026 a las 20:40:00 UTC-3","26 de agosto de 2026 a las 10:30:00 UTC-3","monterrey - chicago fire,leagues cup,monterrey vs chicago fire,chicago fire fc,monterrey vs. chicago fire,chicago fire vs monterrey,hugo cuypers","./explore?q=monterrey%20-%20chicago%20fire&geo=US"
"christian mccaffrey","10 mil+","25 de agosto de 2026 a las 23:50:00 UTC-3","26 de agosto de 2026 a las 23:50:00 UTC-3","christian mccaffrey","./explore?q=christian%20mccaffrey&geo=US"
"running man","50 mil+","25 de agosto de 2026 a las 1:00:00 UTC-3","26 de agosto de 2026 a las 5:00:00 UTC-3","running man","./explore?q=running%20man&geo=US"
"project runway","20 mil+","25 de agosto de 2026 a las 20:40:00 UTC-3","26 de agosto de 2026 a las 18:10:00 UTC-3","project runway","./explore?q=project%20runway&geo=US"
"luis garcia jr","1 mil+","26 de agosto de 2026 a las 22:50:00 UTC-3",,"luis garcia jr","./explore?q=luis%20garcia%20jr&geo=US"
"sky vs sun","20 mil+","25 de agosto de 2026 a las 19:00:00 UTC-3","26 de agosto de 2026 a las 11:20:00 UTC-3","sky vs sun,aaliyah edwards,kennedy burke,where to watch chicago sky vs connecticut sun","./explore?q=sky%20vs%20sun&geo=US"
"the walking dead","10 mil+","26 de agosto de 2026 a las 8:20:00 UTC-3","26 de agosto de 2026 a las 23:40:00 UTC-3","the walking dead","./explore?q=the%20walking%20dead&geo=US"
"shooting","20 mil+","26 de agosto de 2026 a las 18:30:00 UTC-3","26 de agosto de 2026 a las 23:30:00 UTC-3","shooting,alan smith,montana shooting,alan smith billings mt,billings montana shooting,billings news,dinner,montana,billings montana,billings shooting and fire,out","./explore?q=shooting&geo=US"
"lucas byrd","20 mil+","25 de agosto de 2026 a las 9:10:00 UTC-3","26 de agosto de 2026 a las 17:10:00 UTC-3","lucas byrd,ellie holzman,lucas byrd height","./explore?q=lucas%20byrd&geo=US"
"gwen stefani son zuma birthday","5 mil+","26 de agosto de 2026 a las 17:40:00 UTC-3","26 de agosto de 2026 a las 21:30:00 UTC-3","gwen stefani son zuma birthday","./explore?q=gwen%20stefani%20son%20zuma%20birthday&geo=US"
"fire vs wings","20 mil+","25 de agosto de 2026 a las 20:10:00 UTC-3","26 de agosto de 2026 a las 11:10:00 UTC-3","fire vs wings,wnba playoffs","./explore?q=fire%20vs%20wings&geo=US"
"alexis ohanian","200+","26 de agosto de 2026 a las 23:50:00 UTC-3",,"alexis ohanian","./explore?q=alexis%20ohanian&geo=US"
"eva longoria","1 mil+","26 de agosto de 2026 a las 6:50:00 UTC-3",,"eva longoria","./explore?q=eva%20longoria&geo=US"
"scott bessent debt market policy","5 mil+","26 de agosto de 2026 a las 12:10:00 UTC-3","26 de agosto de 2026 a las 22:30:00 UTC-3","scott bessent debt market policy,stanley druckenmiller,scott bessent","./explore?q=scott%20bessent%20debt%20market%20policy&geo=US"
"monterrey vs chicago","20 mil+","25 de agosto de 2026 a las 20:40:00 UTC-3","26 de agosto de 2026 a las 10:20:00 UTC-3","monterrey vs chicago,monterrey fc,monterrey vs,rayados","./explore?q=monterrey%20vs%20chicago&geo=US"
"mystics vs mercury","20 mil+","25 de agosto de 2026 a las 22:10:00 UTC-3","26 de agosto de 2026 a las 12:40:00 UTC-3","mystics vs mercury,phoenix mercury,kiki iriafen,natasha mack","./explore?q=mystics%20vs%20mercury&geo=US"
"cat in the hat","2 mil+","26 de agosto de 2026 a las 23:10:00 UTC-3",,"cat in the hat","./explore?q=cat%20in%20the%20hat&geo=US"
"dewanna bonner","2 mil+","26 de agosto de 2026 a las 20:00:00 UTC-3","27 de agosto de 2026 a las 0:10:00 UTC-3","dewanna bonner","./explore?q=dewanna%20bonner&geo=US"
"n kiyla jasmine thomas","10 mil+","26 de agosto de 2026 a las 6:10:00 UTC-3","26 de agosto de 2026 a las 18:40:00 UTC-3","n kiyla jasmine thomas,n’kiyla jasmine thomas,n'kiyla jasmine thomas senate campaign,n'kiyla jasmine thomas,current events","./explore?q=n%20kiyla%20jasmine%20thomas&geo=US"
"hbcu band","10 mil+","26 de agosto de 2026 a las 7:00:00 UTC-3","26 de agosto de 2026 a las 22:40:00 UTC-3","hbcu band","./explore?q=hbcu%20band&geo=US"
"sean murphy","500+","26 de agosto de 2026 a las 22:10:00 UTC-3",,"sean murphy","./explore?q=sean%20murphy&geo=US"
"solar flare","20 mil+","25 de agosto de 2026 a las 16:30:00 UTC-3","26 de agosto de 2026 a las 15:40:00 UTC-3","solar flare,solar flares,m6.9 solar flare august 25,m6.9 solar flare eruption details,geomagnetic storm,sun","./explore?q=solar%20flare&geo=US"
"meghan markle prince harry uk move","10 mil+","25 de agosto de 2026 a las 19:40:00 UTC-3","26 de agosto de 2026 a las 16:50:00 UTC-3","meghan markle prince harry uk move,meghan markle britain arrival news,prince,prince harry family uk move","./explore?q=meghan%20markle%20prince%20harry%20uk%20move&geo=US"
"khosla family","5 mil+","26 de agosto de 2026 a las 16:00:00 UTC-3","26 de agosto de 2026 a las 23:10:00 UTC-3","khosla family,vinod khosla,khosla","./explore?q=khosla%20family&geo=US"
"oklahoma election results","20 mil+","25 de agosto de 2026 a las 21:00:00 UTC-3","26 de agosto de 2026 a las 13:40:00 UTC-3","oklahoma election results,oklahoma governor race,mike mazzei,gentner drummond,ok election results,oklahoma election results today,oklahoma elections today,election results oklahoma,cyndi munson,oklahoma elections,oklahoma governor runoff,oklahoma election board","./explore?q=oklahoma%20election%20results&geo=US"
"current mortgage rates","20 mil+","26 de agosto de 2026 a las 12:50:00 UTC-3","26 de agosto de 2026 a las 16:10:00 UTC-3","current mortgage rates,mortgage rates today,mortgage interest rates,mortgage refinance rates,mortgage rates,mortgages","./explore?q=current%20mortgage%20rates&geo=US"
"kfc oreo chicken burger","5 mil+","25 de agosto de 2026 a las 14:50:00 UTC-3","26 de agosto de 2026 a las 23:00:00 UTC-3","kfc oreo chicken burger","./explore?q=kfc%20oreo%20chicken%20burger&geo=US"
"power outage","5 mil+","26 de agosto de 2026 a las 15:10:00 UTC-3","26 de agosto de 2026 a las 21:20:00 UTC-3","power outage","./explore?q=power%20outage&geo=US"
"zebra mussel dna colorado river","10 mil+","26 de agosto de 2026 a las 7:00:00 UTC-3","26 de agosto de 2026 a las 21:50:00 UTC-3","zebra mussel dna colorado river","./explore?q=zebra%20mussel%20dna%20colorado%20river&geo=US"
"preston vs everton","5 mil+","26 de agosto de 2026 a las 15:10:00 UTC-3","26 de agosto de 2026 a las 20:50:00 UTC-3","preston vs everton,everton","./explore?q=preston%20vs%20everton&geo=US"
"chris hansen buys ads","2 mil+","26 de agosto de 2026 a las 20:00:00 UTC-3","26 de agosto de 2026 a las 23:30:00 UTC-3","chris hansen buys ads,primetime","./explore?q=chris%20hansen%20buys%20ads&geo=US"
"bill cosby","2 mil+","26 de agosto de 2026 a las 20:00:00 UTC-3","27 de agosto de 2026 a las 0:00:00 UTC-3","bill cosby","./explore?q=bill%20cosby&geo=US"
"flight attendant hawaii","20 mil+","25 de agosto de 2026 a las 5:20:00 UTC-3","26 de agosto de 2026 a las 13:10:00 UTC-3","flight attendant hawaii,southwest airlines flight attendant","./explore?q=flight%20attendant%20hawaii&geo=US"
"trump pauses visa appointments","10 mil+","26 de agosto de 2026 a las 16:10:00 UTC-3","26 de agosto de 2026 a las 22:50:00 UTC-3","trump pauses visa appointments,trump administration pauses immigrant visa applications,trump administration pauses all immigrant visa applications worldwide,trump administration visa interview pause,immigrant visa pause,us visa,us pauses visa appointments,trump pauses immigrant visa","./explore?q=trump%20pauses%20visa%20appointments&geo=US"
"jaafar jackson","20 mil+","25 de agosto de 2026 a las 14:10:00 UTC-3","26 de agosto de 2026 a las 21:30:00 UTC-3","jaafar jackson","./explore?q=jaafar%20jackson&geo=US"
"nfl rivalry jerseys 2026","50 mil+","25 de agosto de 2026 a las 9:10:00 UTC-3","26 de agosto de 2026 a las 13:10:00 UTC-3","nfl rivalry jerseys 2026,bears rivalry jersey,packers rivalry jersey,texans rivalry jersey,nfl rivalry jerseys,lions rivalry jersey,vikings rivalry jerseys,colts rivalry jersey,rivalry jerseys 2026,vikings rivalry jersey,chicago bears rivalry jersey,houston texans rivalry uniforms,jaguars rivalry jersey,packers rivalry uniforms,vikings rivalries jersey,nfl rivalries,detroit lions rivalry uniforms","./explore?q=nfl%20rivalry%20jerseys%202026&geo=US"
"tom selleck new television role","10 mil+","25 de agosto de 2026 a las 20:40:00 UTC-3","26 de agosto de 2026 a las 17:30:00 UTC-3","tom selleck new television role,blue bloods,tom selleck","./explore?q=tom%20selleck%20new%20television%20role&geo=US"
"mojtaba khamenei","20 mil+","25 de agosto de 2026 a las 10:10:00 UTC-3","26 de agosto de 2026 a las 11:50:00 UTC-3","mojtaba khamenei","./explore?q=mojtaba%20khamenei&geo=US"
"andy roddick","20 mil+","25 de agosto de 2026 a las 21:00:00 UTC-3","26 de agosto de 2026 a las 12:30:00 UTC-3","andy roddick,john mcenroe,andre agassi,how old is roger federer,agassi,roddick,mcenroe,federer us open 2026","./explore?q=andy%20roddick&geo=US"
"michael jordan","2 mil+","26 de agosto de 2026 a las 18:00:00 UTC-3","26 de agosto de 2026 a las 23:10:00 UTC-3","michael jordan","./explore?q=michael%20jordan&geo=US"
"meghan markle pets move britain","2 mil+","26 de agosto de 2026 a las 18:40:00 UTC-3","26 de agosto de 2026 a las 23:40:00 UTC-3","meghan markle pets move britain,meghan markle chickens staying california","./explore?q=meghan%20markle%20pets%20move%20britain&geo=US"
"crwd stock","5 mil+","26 de agosto de 2026 a las 17:00:00 UTC-3","26 de agosto de 2026 a las 21:30:00 UTC-3","crwd stock,crwd","./explore?q=crwd%20stock&geo=US"
"león - real salt lake","20 mil+","25 de agosto de 2026 a las 23:00:00 UTC-3","26 de agosto de 2026 a las 10:50:00 UTC-3","león - real salt lake,leon fc,leon vs,leon vs real salt lake,leon,diber cambindo,club leon","./explore?q=le%C3%B3n%20-%20real%20salt%20lake&geo=US"
"garmin fenix 9","20 mil+","25 de agosto de 2026 a las 8:10:00 UTC-3","26 de agosto de 2026 a las 12:20:00 UTC-3","garmin fenix 9,fenix 9","./explore?q=garmin%20fenix%209&geo=US"
"cámara corporal","10 mil+","26 de agosto de 2026 a las 1:30:00 UTC-3","26 de agosto de 2026 a las 18:00:00 UTC-3","cámara corporal","./explore?q=c%C3%A1mara%20corporal&geo=US"
"mama a","10 mil+","25 de agosto de 2026 a las 3:10:00 UTC-3","26 de agosto de 2026 a las 11:50:00 UTC-3","mama a,mama a car accident,mama a accident,landon dunn,mama a tik tok","./explore?q=mama%20a&geo=US"
"economic sanctions","5 mil+","26 de agosto de 2026 a las 16:50:00 UTC-3","26 de agosto de 2026 a las 21:00:00 UTC-3","economic sanctions,international sanctions against iran,economic d day,india","./explore?q=economic%20sanctions&geo=US"
"michael weatherly ncis season 24","20 mil+","25 de agosto de 2026 a las 13:50:00 UTC-3","26 de agosto de 2026 a las 11:50:00 UTC-3","michael weatherly ncis season 24,ncis","./explore?q=michael%20weatherly%20ncis%20season%2024&geo=US"
"calvin austin","10 mil+","25 de agosto de 2026 a las 16:20:00 UTC-3","26 de agosto de 2026 a las 16:30:00 UTC-3","calvin austin,calvin austin iii","./explore?q=calvin%20austin&geo=US"
"sitcom","10 mil+","26 de agosto de 2026 a las 7:20:00 UTC-3","26 de agosto de 2026 a las 18:20:00 UTC-3","sitcom","./explore?q=sitcom&geo=US"
"cte","10 mil+","25 de agosto de 2026 a las 8:00:00 UTC-3","26 de agosto de 2026 a las 16:00:00 UTC-3","cte,cte brain,what is cte in football players","./explore?q=cte&geo=US"
"ol vs fenerbahçe","5 mil+","26 de agosto de 2026 a las 15:10:00 UTC-3","26 de agosto de 2026 a las 20:00:00 UTC-3","ol vs fenerbahçe","./explore?q=ol%20vs%20fenerbah%C3%A7e&geo=US"
"jodie sweetin","1 mil+","26 de agosto de 2026 a las 22:30:00 UTC-3","27 de agosto de 2026 a las 0:10:00 UTC-3","jodie sweetin","./explore?q=jodie%20sweetin&geo=US"
"executive privilege","20 mil+","25 de agosto de 2026 a las 10:40:00 UTC-3","25 de agosto de 2026 a las 23:30:00 UTC-3","executive privilege","./explore?q=executive%20privilege&geo=US"
"free dunkin coffee promo code today","20 mil+","25 de agosto de 2026 a las 7:30:00 UTC-3","26 de agosto de 2026 a las 3:30:00 UTC-3","free dunkin coffee promo code today","./explore?q=free%20dunkin%20coffee%20promo%20code%20today&geo=US"
"accidente","2 mil+","26 de agosto de 2026 a las 17:30:00 UTC-3","26 de agosto de 2026 a las 22:30:00 UTC-3","accidente","./explore?q=accidente&geo=US"
"james talarico","200+","27 de agosto de 2026 a las 0:00:00 UTC-3",,"james talarico","./explore?q=james%20talarico&geo=US"
"epa air pollution permit rule change","2 mil+","26 de agosto de 2026 a las 16:20:00 UTC-3","26 de agosto de 2026 a las 21:40:00 UTC-3","epa air pollution permit rule change","./explore?q=epa%20air%20pollution%20permit%20rule%20change&geo=US"
"shaun mackelprang","2 mil+","26 de agosto de 2026 a las 16:50:00 UTC-3","26 de agosto de 2026 a las 23:50:00 UTC-3","shaun mackelprang","./explore?q=shaun%20mackelprang&geo=US"
"tiffany hayes","2 mil+","26 de agosto de 2026 a las 20:50:00 UTC-3","26 de agosto de 2026 a las 22:40:00 UTC-3","tiffany hayes","./explore?q=tiffany%20hayes&geo=US"
"vladimir putin critical infrastructure decree","10 mil+","25 de agosto de 2026 a las 14:50:00 UTC-3","26 de agosto de 2026 a las 13:10:00 UTC-3","vladimir putin critical infrastructure decree","./explore?q=vladimir%20putin%20critical%20infrastructure%20decree&geo=US"
"tropical storm dolly florida","10 mil+","26 de agosto de 2026 a las 18:40:00 UTC-3","26 de agosto de 2026 a las 21:50:00 UTC-3","tropical storm dolly florida,atlantic hurricane season,low pressure area,hurricane tracker","./explore?q=tropical%20storm%20dolly%20florida&geo=US"
"christian encarnacion-strand","200+","27 de agosto de 2026 a las 0:00:00 UTC-3",,"christian encarnacion-strand","./explore?q=christian%20encarnacion-strand&geo=US"
"lego skylines","10 mil+","25 de agosto de 2026 a las 16:30:00 UTC-3","26 de agosto de 2026 a las 20:00:00 UTC-3","lego skylines","./explore?q=lego%20skylines&geo=US"
"hairstyle","5 mil+","26 de agosto de 2026 a las 7:00:00 UTC-3","26 de agosto de 2026 a las 20:50:00 UTC-3","hairstyle","./explore?q=hairstyle&geo=US"
"the rookie season 9 release date","5 mil+","26 de agosto de 2026 a las 6:30:00 UTC-3","26 de agosto de 2026 a las 20:00:00 UTC-3","the rookie season 9 release date,the rookie","./explore?q=the%20rookie%20season%209%20release%20date&geo=US"
"boston scientific","10 mil+","26 de agosto de 2026 a las 9:00:00 UTC-3","26 de agosto de 2026 a las 18:40:00 UTC-3","boston scientific,boston scientific cyber attack","./explore?q=boston%20scientific&geo=US"
"oil","10 mil+","25 de agosto de 2026 a las 11:20:00 UTC-3","26 de agosto de 2026 a las 19:30:00 UTC-3","oil","./explore?q=oil&geo=US"
"lennox lewis","10 mil+","25 de agosto de 2026 a las 16:40:00 UTC-3","26 de agosto de 2026 a las 13:10:00 UTC-3","lennox lewis","./explore?q=lennox%20lewis&geo=US"
"al-ettifaq vs al-nassr","50 mil+","25 de agosto de 2026 a las 14:10:00 UTC-3","25 de agosto de 2026 a las 21:50:00 UTC-3","al-ettifaq vs al-nassr,al-ettifaq - al-nassr,al nassr,al-ettifaq vs al-nassr standings,saudi pro league","./explore?q=al-ettifaq%20vs%20al-nassr&geo=US"
"east stroudsburg university","2 mil+","26 de agosto de 2026 a las 21:20:00 UTC-3","26 de agosto de 2026 a las 23:10:00 UTC-3","east stroudsburg university,esu,esu active shooter","./explore?q=east%20stroudsburg%20university&geo=US"
"trade war","10 mil+","26 de agosto de 2026 a las 10:20:00 UTC-3","26 de agosto de 2026 a las 16:30:00 UTC-3","trade war,donald trump canada trade talks,trump canada,what is the latest news on canada's counter duties on us products,mark carney,canada tariffs,ap news,what is the latest news on canada's retaliatory tariffs against the us,american","./explore?q=trade%20war&geo=US"
"byron scott","5 mil+","26 de agosto de 2026 a las 10:40:00 UTC-3","26 de agosto de 2026 a las 20:40:00 UTC-3","byron scott","./explore?q=byron%20scott&geo=US"
"tyrrell hatton","2 mil+","26 de agosto de 2026 a las 15:00:00 UTC-3","26 de agosto de 2026 a las 22:10:00 UTC-3","tyrrell hatton","./explore?q=tyrrell%20hatton&geo=US"
"américa de cali vs junior","2 mil+","26 de agosto de 2026 a las 20:00:00 UTC-3","26 de agosto de 2026 a las 23:10:00 UTC-3","américa de cali vs junior","./explore?q=am%C3%A9rica%20de%20cali%20vs%20junior&geo=US"
"méxico","5 mil+","25 de agosto de 2026 a las 17:30:00 UTC-3","26 de agosto de 2026 a las 21:20:00 UTC-3","méxico","./explore?q=m%C3%A9xico&geo=US"
"amanda batula boyfriend west wilson","10 mil+","25 de agosto de 2026 a las 18:30:00 UTC-3","26 de agosto de 2026 a las 17:20:00 UTC-3","amanda batula boyfriend west wilson","./explore?q=amanda%20batula%20boyfriend%20west%20wilson&geo=US"
"león vs salt lake","10 mil+","25 de agosto de 2026 a las 23:00:00 UTC-3","26 de agosto de 2026 a las 10:30:00 UTC-3","león vs salt lake,leon vs salt lake,real salt lake,rsl","./explore?q=le%C3%B3n%20vs%20salt%20lake&geo=US"
"patillas","5 mil+","26 de agosto de 2026 a las 9:00:00 UTC-3","26 de agosto de 2026 a las 22:50:00 UTC-3","patillas","./explore?q=patillas&geo=US"
"zodiac signs","5 mil+","25 de agosto de 2026 a las 23:20:00 UTC-3","26 de agosto de 2026 a las 23:40:00 UTC-3","zodiac signs","./explore?q=zodiac%20signs&geo=US"
"kroger pharmacy settlement eligibility","5 mil+","26 de agosto de 2026 a las 8:00:00 UTC-3","26 de agosto de 2026 a las 20:10:00 UTC-3","kroger pharmacy settlement eligibility","./explore?q=kroger%20pharmacy%20settlement%20eligibility&geo=US"
"pete hegseth general dismissals","10 mil+","25 de agosto de 2026 a las 14:40:00 UTC-3","26 de agosto de 2026 a las 9:40:00 UTC-3","pete hegseth general dismissals","./explore?q=pete%20hegseth%20general%20dismissals&geo=US"
"tsa horizon 25 strategy changes","20 mil+","25 de agosto de 2026 a las 13:20:00 UTC-3","26 de agosto de 2026 a las 2:00:00 UTC-3","tsa horizon 25 strategy changes","./explore?q=tsa%20horizon%2025%20strategy%20changes&geo=US"
"ina garten","5 mil+","25 de agosto de 2026 a las 20:50:00 UTC-3","26 de agosto de 2026 a las 16:10:00 UTC-3","ina garten","./explore?q=ina%20garten&geo=US"
"when does 2k27 come out","10 mil+","25 de agosto de 2026 a las 0:50:00 UTC-3","26 de agosto de 2026 a las 19:40:00 UTC-3","when does 2k27 come out","./explore?q=when%20does%202k27%20come%20out&geo=US"
"hyeseong kim","200+","27 de agosto de 2026 a las 0:00:00 UTC-3",,"hyeseong kim","./explore?q=hyeseong%20kim&geo=US"
"jonathan cannon","200+","27 de agosto de 2026 a las 0:00:00 UTC-3",,"jonathan cannon","./explore?q=jonathan%20cannon&geo=US"
"spacex stock price 2030 forecast","10 mil+","25 de agosto de 2026 a las 8:30:00 UTC-3","26 de agosto de 2026 a las 11:10:00 UTC-3","spacex stock price 2030 forecast","./explore?q=spacex%20stock%20price%202030%20forecast&geo=US"
"bella mir","10 mil+","25 de agosto de 2026 a las 19:40:00 UTC-3","26 de agosto de 2026 a las 12:40:00 UTC-3","bella mir,alex apodaca,frank mir,dwcs","./explore?q=bella%20mir&geo=US"
"taylor sheridan action thriller sicario","10 mil+","25 de agosto de 2026 a las 18:00:00 UTC-3","26 de agosto de 2026 a las 10:50:00 UTC-3","taylor sheridan action thriller sicario","./explore?q=taylor%20sheridan%20action%20thriller%20sicario&geo=US"
"vasco vs vitória","2 mil+","26 de agosto de 2026 a las 20:50:00 UTC-3","27 de agosto de 2026 a las 0:00:00 UTC-3","vasco vs vitória,vasco da gama x ec vitória","./explore?q=vasco%20vs%20vit%C3%B3ria&geo=US"
"navy notice social media","10 mil+","25 de agosto de 2026 a las 11:40:00 UTC-3","26 de agosto de 2026 a las 3:10:00 UTC-3","navy notice social media","./explore?q=navy%20notice%20social%20media&geo=US"
"mexicali","10 mil+","25 de agosto de 2026 a las 2:40:00 UTC-3","26 de agosto de 2026 a las 21:30:00 UTC-3","mexicali","./explore?q=mexicali&geo=US"
"injury","2 mil+","26 de agosto de 2026 a las 19:50:00 UTC-3","26 de agosto de 2026 a las 22:30:00 UTC-3","injury","./explore?q=injury&geo=US"
"dolly parton favorite car","2 mil+","26 de agosto de 2026 a las 18:10:00 UTC-3","26 de agosto de 2026 a las 23:20:00 UTC-3","dolly parton favorite car","./explore?q=dolly%20parton%20favorite%20car&geo=US"
"mark ruffalo","10 mil+","25 de agosto de 2026 a las 20:30:00 UTC-3","26 de agosto de 2026 a las 9:00:00 UTC-3","mark ruffalo,jane fonda supports mark ruffalo","./explore?q=mark%20ruffalo&geo=US"
"keith caesar hip hop pioneer","5 mil+","26 de agosto de 2026 a las 4:00:00 UTC-3","26 de agosto de 2026 a las 20:50:00 UTC-3","keith caesar hip hop pioneer","./explore?q=keith%20caesar%20hip%20hop%20pioneer&geo=US"
"yahoo fantasy","2 mil+","26 de agosto de 2026 a las 20:50:00 UTC-3","26 de agosto de 2026 a las 22:40:00 UTC-3","yahoo fantasy,undervalued running backs fantasy football 2026","./explore?q=yahoo%20fantasy&geo=US"
"hospital","10 mil+","26 de agosto de 2026 a las 4:10:00 UTC-3","26 de agosto de 2026 a las 12:40:00 UTC-3","hospital","./explore?q=hospital&geo=US"
"lioness season 4","10 mil+","25 de agosto de 2026 a las 20:50:00 UTC-3","26 de agosto de 2026 a las 22:50:00 UTC-3","lioness season 4,special ops lioness season 4 update,special ops lioness season 4","./explore?q=lioness%20season%204&geo=US"
"lyon - fenerbahçe","5 mil+","26 de agosto de 2026 a las 15:30:00 UTC-3","26 de agosto de 2026 a las 19:40:00 UTC-3","lyon - fenerbahçe,fenerbahçe,fenerbahce","./explore?q=lyon%20-%20fenerbah%C3%A7e&geo=US"
"lili estefan","5 mil+","25 de agosto de 2026 a las 21:50:00 UTC-3","26 de agosto de 2026 a las 18:10:00 UTC-3","lili estefan","./explore?q=lili%20estefan&geo=US"
"meryl streep","10 mil+","25 de agosto de 2026 a las 19:10:00 UTC-3","26 de agosto de 2026 a las 16:30:00 UTC-3","meryl streep","./explore?q=meryl%20streep&geo=US"
"xbox","10 mil+","26 de agosto de 2026 a las 12:10:00 UTC-3","26 de agosto de 2026 a las 15:40:00 UTC-3","xbox,xbox physical games,xbox disc to digital","./explore?q=xbox&geo=US"
"playstation blackout physical media protest","5 mil+","25 de agosto de 2026 a las 22:20:00 UTC-3","26 de agosto de 2026 a las 13:00:00 UTC-3","playstation blackout physical media protest","./explore?q=playstation%20blackout%20physical%20media%20protest&geo=US"
"populism","10 mil+","25 de agosto de 2026 a las 15:30:00 UTC-3","26 de agosto de 2026 a las 9:10:00 UTC-3","populism","./explore?q=populism&geo=US"
"altruist","5 mil+","26 de agosto de 2026 a las 9:00:00 UTC-3","26 de agosto de 2026 a las 16:20:00 UTC-3","altruist,vanguard altruist","./explore?q=altruist&geo=US"
"global catastrophic risk","10 mil+","25 de agosto de 2026 a las 14:10:00 UTC-3","26 de agosto de 2026 a las 7:10:00 UTC-3","global catastrophic risk","./explore?q=global%20catastrophic%20risk&geo=US"
"spacex rocket launch","20 mil+","25 de agosto de 2026 a las 6:30:00 UTC-3","26 de agosto de 2026 a las 3:00:00 UTC-3","spacex rocket launch,vermilion parish,spacex launch,space x,space x launch,spacex louisiana","./explore?q=spacex%20rocket%20launch&geo=US"
"kamu kirk big brother 28 interview","10 mil+","25 de agosto de 2026 a las 11:40:00 UTC-3","26 de agosto de 2026 a las 10:20:00 UTC-3","kamu kirk big brother 28 interview","./explore?q=kamu%20kirk%20big%20brother%2028%20interview&geo=US"
"2026 little league world series","2 mil+","26 de agosto de 2026 a las 19:30:00 UTC-3","26 de agosto de 2026 a las 23:30:00 UTC-3","2026 little league world series,little league world series scores","./explore?q=2026%20little%20league%20world%20series&geo=US"
"blues legend latimore age 86","20 mil+","25 de agosto de 2026 a las 10:40:00 UTC-3","25 de agosto de 2026 a las 20:50:00 UTC-3","blues legend latimore age 86","./explore?q=blues%20legend%20latimore%20age%2086&geo=US"
"shaq comments on caitlin clark","10 mil+","25 de agosto de 2026 a las 13:30:00 UTC-3","26 de agosto de 2026 a las 21:10:00 UTC-3","shaq comments on caitlin clark","./explore?q=shaq%20comments%20on%20caitlin%20clark&geo=US"
"only murders in the building","5 mil+","26 de agosto de 2026 a las 9:20:00 UTC-3","26 de agosto de 2026 a las 20:20:00 UTC-3","only murders in the building","./explore?q=only%20murders%20in%20the%20building&geo=US"
"us open tickets","10 mil+","25 de agosto de 2026 a las 9:20:00 UTC-3","27 de agosto de 2026 a las 0:10:00 UTC-3","us open tickets,us open nyc tickets,mamdani us open tickets,nyc us open tickets,usopen.org/nyctickets,us open tickets mamdani,us open tickets nyc,nyc us open tickets mayor","./explore?q=us%20open%20tickets&geo=US"
"vietnam vs thailand","5 mil+","26 de agosto de 2026 a las 9:40:00 UTC-3","26 de agosto de 2026 a las 14:50:00 UTC-3","vietnam vs thailand","./explore?q=vietnam%20vs%20thailand&geo=US"
"gilded age season 4","10 mil+","25 de agosto de 2026 a las 14:50:00 UTC-3","26 de agosto de 2026 a las 22:40:00 UTC-3","gilded age season 4,the gilded age season 4 preview","./explore?q=gilded%20age%20season%204&geo=US"
"livvy dunne","2 mil+","26 de agosto de 2026 a las 17:00:00 UTC-3","26 de agosto de 2026 a las 21:50:00 UTC-3","livvy dunne","./explore?q=livvy%20dunne&geo=US"
"ali g","10 mil+","25 de agosto de 2026 a las 11:20:00 UTC-3","26 de agosto de 2026 a las 10:30:00 UTC-3","ali g,sacha baron cohen","./explore?q=ali%20g&geo=US"
"burger king new chicken nuggets","10 mil+","25 de agosto de 2026 a las 12:40:00 UTC-3","26 de agosto de 2026 a las 15:40:00 UTC-3","burger king new chicken nuggets","./explore?q=burger%20king%20new%20chicken%20nuggets&geo=US"
"butter and grit","1 mil+","26 de agosto de 2026 a las 21:30:00 UTC-3","26 de agosto de 2026 a las 23:00:00 UTC-3","butter and grit","./explore?q=butter%20and%20grit&geo=US"
"daulton varsho","10 mil+","26 de agosto de 2026 a las 21:30:00 UTC-3","26 de agosto de 2026 a las 23:10:00 UTC-3","daulton varsho,bennett sousa,enyel de los santos,astros - yankees,yainer diaz,yordan álvarez,yankees score,brent headrick,josh hader,nyy,mlb tv,yankees vs astros,yordan alvarez","./explore?q=daulton%20varsho&geo=US"
"james gunn","5 mil+","26 de agosto de 2026 a las 16:40:00 UTC-3","26 de agosto de 2026 a las 23:00:00 UTC-3","james gunn,man of tomorrow","./explore?q=james%20gunn&geo=US"
"walmart contactless payment rollout","10 mil+","25 de agosto de 2026 a las 15:50:00 UTC-3","26 de agosto de 2026 a las 7:30:00 UTC-3","walmart contactless payment rollout,apple pay","./explore?q=walmart%20contactless%20payment%20rollout&geo=US"
"wnba","20 mil+","25 de agosto de 2026 a las 21:00:00 UTC-3","26 de agosto de 2026 a las 9:50:00 UTC-3","wnba","./explore?q=wnba&geo=US"
"ryan reynolds","2 mil+","26 de agosto de 2026 a las 20:10:00 UTC-3","26 de agosto de 2026 a las 22:00:00 UTC-3","ryan reynolds,blake lively","./explore?q=ryan%20reynolds&geo=US"
"independence day","1 mil+","26 de agosto de 2026 a las 21:40:00 UTC-3","26 de agosto de 2026 a las 23:50:00 UTC-3","independence day","./explore?q=independence%20day&geo=US"
"kaelen culpepper","1 mil+","26 de agosto de 2026 a las 23:00:00 UTC-3","27 de agosto de 2026 a las 0:10:00 UTC-3","kaelen culpepper","./explore?q=kaelen%20culpepper&geo=US"
"jamie foxx kerry washington django unchained","2 mil+","26 de agosto de 2026 a las 15:10:00 UTC-3","26 de agosto de 2026 a las 20:40:00 UTC-3","jamie foxx kerry washington django unchained,jamie foxx","./explore?q=jamie%20foxx%20kerry%20washington%20django%20unchained&geo=US"
"brandon williams","10 mil+","25 de agosto de 2026 a las 10:30:00 UTC-3","26 de agosto de 2026 a las 14:10:00 UTC-3","brandon williams,georges niang,george niang,brandon williams golden state warriors","./explore?q=brandon%20williams&geo=US"
"piano","5 mil+","26 de agosto de 2026 a las 3:00:00 UTC-3","26 de agosto de 2026 a las 16:20:00 UTC-3","piano","./explore?q=piano&geo=US"
"flood watch","10 mil+","26 de agosto de 2026 a las 16:20:00 UTC-3","26 de agosto de 2026 a las 17:20:00 UTC-3","flood watch","./explore?q=flood%20watch&geo=US"
"okta stock","2 mil+","26 de agosto de 2026 a las 17:00:00 UTC-3","26 de agosto de 2026 a las 20:20:00 UTC-3","okta stock,okta","./explore?q=okta%20stock&geo=US"
"jeff browning heart attack","5 mil+","26 de agosto de 2026 a las 17:00:00 UTC-3","26 de agosto de 2026 a las 21:10:00 UTC-3","jeff browning heart attack,jeff browning","./explore?q=jeff%20browning%20heart%20attack&geo=US"
"vanessa marcil","2 mil+","26 de agosto de 2026 a las 16:40:00 UTC-3","26 de agosto de 2026 a las 21:10:00 UTC-3","vanessa marcil,maurice benard","./explore?q=vanessa%20marcil&geo=US"
"austin wells","200+","26 de agosto de 2026 a las 23:00:00 UTC-3","27 de agosto de 2026 a las 0:10:00 UTC-3","austin wells","./explore?q=austin%20wells&geo=US"
"humanoid robot apartment cleaning service","2 mil+","26 de agosto de 2026 a las 8:30:00 UTC-3","26 de agosto de 2026 a las 19:50:00 UTC-3","humanoid robot apartment cleaning service","./explore?q=humanoid%20robot%20apartment%20cleaning%20service&geo=US"
"billy ray cyrus birthday","5 mil+","25 de agosto de 2026 a las 19:00:00 UTC-3","26 de agosto de 2026 a las 23:10:00 UTC-3","billy ray cyrus birthday","./explore?q=billy%20ray%20cyrus%20birthday&geo=US"
"nebraska volleyball schedule","1 mil+","26 de agosto de 2026 a las 21:10:00 UTC-3","26 de agosto de 2026 a las 23:20:00 UTC-3","nebraska volleyball schedule","./explore?q=nebraska%20volleyball%20schedule&geo=US"
"immaculate inning","5 mil+","26 de agosto de 2026 a las 0:10:00 UTC-3","26 de agosto de 2026 a las 12:40:00 UTC-3","immaculate inning,what is an immaculate inning in baseball","./explore?q=immaculate%20inning&geo=US"
"college gameday","2 mil+","26 de agosto de 2026 a las 8:40:00 UTC-3","26 de agosto de 2026 a las 21:20:00 UTC-3","college gameday","./explore?q=college%20gameday&geo=US"
"kevin holland","1 mil+","26 de agosto de 2026 a las 18:40:00 UTC-3","26 de agosto de 2026 a las 22:40:00 UTC-3","kevin holland","./explore?q=kevin%20holland&geo=US"
"bryson dechambeau mikayla demaiter relationship","20 mil+","25 de agosto de 2026 a las 12:40:00 UTC-3","25 de agosto de 2026 a las 22:20:00 UTC-3","bryson dechambeau mikayla demaiter relationship,bryson dechambeau girlfriend,mikayla demaiter","./explore?q=bryson%20dechambeau%20mikayla%20demaiter%20relationship&geo=US"
"real madrid schedule","2 mil+","26 de agosto de 2026 a las 16:10:00 UTC-3","26 de agosto de 2026 a las 19:00:00 UTC-3","real madrid schedule,marc cucurella","./explore?q=real%20madrid%20schedule&geo=US"
"buc-ee's expansion conservative states","5 mil+","25 de agosto de 2026 a las 20:30:00 UTC-3","26 de agosto de 2026 a las 10:50:00 UTC-3","buc-ee's expansion conservative states","./explore?q=buc-ee%27s%20expansion%20conservative%20states&geo=US"
"facing el chapo netflix","1 mil+","26 de agosto de 2026 a las 21:20:00 UTC-3","26 de agosto de 2026 a las 23:10:00 UTC-3","facing el chapo netflix","./explore?q=facing%20el%20chapo%20netflix&geo=US"
"trump trade policy pushback canada","2 mil+","26 de agosto de 2026 a las 12:00:00 UTC-3","26 de agosto de 2026 a las 17:20:00 UTC-3","trump trade policy pushback canada","./explore?q=trump%20trade%20policy%20pushback%20canada&geo=US"
"bronny james","10 mil+","25 de agosto de 2026 a las 16:00:00 UTC-3","25 de agosto de 2026 a las 22:30:00 UTC-3","bronny james","./explore?q=bronny%20james&geo=US"
"reacher bridge","1 mil+","26 de agosto de 2026 a las 18:30:00 UTC-3","26 de agosto de 2026 a las 22:20:00 UTC-3","reacher bridge","./explore?q=reacher%20bridge&geo=US"
"sf giants","2 mil+","26 de agosto de 2026 a las 20:00:00 UTC-3","26 de agosto de 2026 a las 21:00:00 UTC-3","sf giants,san francisco giants,shay whitcomb,reds - giants,eugenio suárez","./explore?q=sf%20giants&geo=US"
"game of thrones the mad king","2 mil+","26 de agosto de 2026 a las 17:20:00 UTC-3","26 de agosto de 2026 a las 21:40:00 UTC-3","game of thrones the mad king","./explore?q=game%20of%20thrones%20the%20mad%20king&geo=US"
"gamescon","10 mil+","25 de agosto de 2026 a las 12:20:00 UTC-3","26 de agosto de 2026 a las 5:10:00 UTC-3","gamescon,gamescom announcements,gamescom opening night games,gamescom opening night live","./explore?q=gamescon&geo=US"
"angel reese","20 mil+","25 de agosto de 2026 a las 1:10:00 UTC-3","25 de agosto de 2026 a las 13:20:00 UTC-3","angel reese,angel reese stats,atlanta dream,nneka ogwumike,atlanta dream vs los angeles sparks match player stats,most rebounds in a wnba game","./explore?q=angel%20reese&geo=US"
"trump administration prosecution lamonica mciver","1 mil+","26 de agosto de 2026 a las 19:00:00 UTC-3","26 de agosto de 2026 a las 21:50:00 UTC-3","trump administration prosecution lamonica mciver","./explore?q=trump%20administration%20prosecution%20lamonica%20mciver&geo=US"
"guy ritchie","5 mil+","25 de agosto de 2026 a las 21:20:00 UTC-3","26 de agosto de 2026 a las 13:40:00 UTC-3","guy ritchie","./explore?q=guy%20ritchie&geo=US"
"iran oman hormuz","2 mil+","26 de agosto de 2026 a las 17:40:00 UTC-3","26 de agosto de 2026 a las 20:10:00 UTC-3","iran oman hormuz,iran war","./explore?q=iran%20oman%20hormuz&geo=US"
"stefanos tsitsipas","2 mil+","26 de agosto de 2026 a las 20:00:00 UTC-3","26 de agosto de 2026 a las 21:50:00 UTC-3","stefanos tsitsipas,tsitsipas","./explore?q=stefanos%20tsitsipas&geo=US"
"national park","10 mil+","25 de agosto de 2026 a las 8:40:00 UTC-3","25 de agosto de 2026 a las 19:00:00 UTC-3","national park","./explore?q=national%20park&geo=US"
"bobby mccray","5 mil+","26 de agosto de 2026 a las 3:20:00 UTC-3","26 de agosto de 2026 a las 12:30:00 UTC-3","bobby mccray,khadijah haqq","./explore?q=bobby%20mccray&geo=US"
"swiss flight lx9 emergency diversion","10 mil+","25 de agosto de 2026 a las 7:50:00 UTC-3","25 de agosto de 2026 a las 18:10:00 UTC-3","swiss flight lx9 emergency diversion","./explore?q=swiss%20flight%20lx9%20emergency%20diversion&geo=US"
"california couple confront their surrogate in a texas court as dispute over newborn escalates","2 mil+","26 de agosto de 2026 a las 15:40:00 UTC-3","26 de agosto de 2026 a las 19:10:00 UTC-3","california couple confront their surrogate in a texas court as dispute over newborn escalates,texas surrogacy parental rights case","./explore?q=california%20couple%20confront%20their%20surrogate%20in%20a%20texas%20court%20as%20dispute%20over%20newborn%20escalates&geo=US"
"guillotine","2 mil+","26 de agosto de 2026 a las 6:00:00 UTC-3","26 de agosto de 2026 a las 20:50:00 UTC-3","guillotine","./explore?q=guillotine&geo=US"
"serena williams","10 mil+","25 de agosto de 2026 a las 16:50:00 UTC-3","25 de agosto de 2026 a las 23:40:00 UTC-3","serena williams","./explore?q=serena%20williams&geo=US"
"julie chen moonves","5 mil+","25 de agosto de 2026 a las 22:00:00 UTC-3","26 de agosto de 2026 a las 10:30:00 UTC-3","julie chen moonves","./explore?q=julie%20chen%20moonves&geo=US"
"valencia c. f. - real betis","10 mil+","25 de agosto de 2026 a las 15:10:00 UTC-3","25 de agosto de 2026 a las 21:10:00 UTC-3","valencia c. f. - real betis","./explore?q=valencia%20c.%20f.%20-%20real%20betis&geo=US"
"zohran mamdani emergency housing cases","5 mil+","25 de agosto de 2026 a las 17:40:00 UTC-3","26 de agosto de 2026 a las 8:40:00 UTC-3","zohran mamdani emergency housing cases","./explore?q=zohran%20mamdani%20emergency%20housing%20cases&geo=US"
"sony september 2026 ps plus games","10 mil+","25 de agosto de 2026 a las 15:40:00 UTC-3","26 de agosto de 2026 a las 9:20:00 UTC-3","sony september 2026 ps plus games,playstation september games,playstation plus september 2026 leaks,sony playstation,playstation plus","./explore?q=sony%20september%202026%20ps%20plus%20games&geo=US"
"colton smith","500+","26 de agosto de 2026 a las 22:20:00 UTC-3","26 de agosto de 2026 a las 23:30:00 UTC-3","colton smith","./explore?q=colton%20smith&geo=US"
"kyle larson comments carson hocevar","5 mil+","25 de agosto de 2026 a las 14:50:00 UTC-3","26 de agosto de 2026 a las 9:10:00 UTC-3","kyle larson comments carson hocevar","./explore?q=kyle%20larson%20comments%20carson%20hocevar&geo=US"
"love island usa season 8 couples","2 mil+","26 de agosto de 2026 a las 13:50:00 UTC-3","26 de agosto de 2026 a las 18:10:00 UTC-3","love island usa season 8 couples","./explore?q=love%20island%20usa%20season%208%20couples&geo=US"
"crimson desert","10 mil+","25 de agosto de 2026 a las 15:50:00 UTC-3","26 de agosto de 2026 a las 9:00:00 UTC-3","crimson desert,crimson desert enhanced,crimson desert enhanced free update","./explore?q=crimson%20desert&geo=US"
"guardians","10 mil+","26 de agosto de 2026 a las 1:50:00 UTC-3","26 de agosto de 2026 a las 9:20:00 UTC-3","guardians,cleveland guardians,steven kwan,josé ramírez","./explore?q=guardians&geo=US"
"tim mcgraw","10 mil+","25 de agosto de 2026 a las 9:50:00 UTC-3","25 de agosto de 2026 a las 22:10:00 UTC-3","tim mcgraw","./explore?q=tim%20mcgraw&geo=US"
"valencia vs betis","10 mil+","25 de agosto de 2026 a las 15:10:00 UTC-3","25 de agosto de 2026 a las 21:30:00 UTC-3","valencia vs betis,valencia cf vs real betis standings,valencia vs real betis","./explore?q=valencia%20vs%20betis&geo=US"
"jesús luzardo","5 mil+","26 de agosto de 2026 a las 19:00:00 UTC-3","26 de agosto de 2026 a las 21:00:00 UTC-3","jesús luzardo,bryan woo,phillies score,kyle schwarber","./explore?q=jes%C3%BAs%20luzardo&geo=US"
"roki sasaki","1 mil+","26 de agosto de 2026 a las 21:30:00 UTC-3","26 de agosto de 2026 a las 22:50:00 UTC-3","roki sasaki","./explore?q=roki%20sasaki&geo=US"
"wwe raw results","5 mil+","25 de agosto de 2026 a las 7:50:00 UTC-3","26 de agosto de 2026 a las 2:30:00 UTC-3","wwe raw results","./explore?q=wwe%20raw%20results&geo=US"
"mickey gasper","10 mil+","25 de agosto de 2026 a las 20:00:00 UTC-3","26 de agosto de 2026 a las 7:50:00 UTC-3","mickey gasper","./explore?q=mickey%20gasper&geo=US"
"blu on the hudson apology","10 mil+","26 de agosto de 2026 a las 11:50:00 UTC-3","26 de agosto de 2026 a las 15:10:00 UTC-3","blu on the hudson apology,weehawken restaurant dessert mistake","./explore?q=blu%20on%20the%20hudson%20apology&geo=US"
"texas roadhouse","10 mil+","25 de agosto de 2026 a las 5:20:00 UTC-3","26 de agosto de 2026 a las 9:40:00 UTC-3","texas roadhouse","./explore?q=texas%20roadhouse&geo=US"
"abbey gate","2 mil+","26 de agosto de 2026 a las 16:40:00 UTC-3","26 de agosto de 2026 a las 18:10:00 UTC-3","abbey gate,abbey gate bombing,abbey gate attack","./explore?q=abbey%20gate&geo=US"
"america's got talent quarterfinals 2","10 mil+","25 de agosto de 2026 a las 7:40:00 UTC-3","26 de agosto de 2026 a las 4:50:00 UTC-3","america's got talent quarterfinals 2,agt vote,america's got talent,agt 2026","./explore?q=america%27s%20got%20talent%20quarterfinals%202&geo=US"
"fotmob","2 mil+","26 de agosto de 2026 a las 15:00:00 UTC-3","26 de agosto de 2026 a las 18:50:00 UTC-3","fotmob","./explore?q=fotmob&geo=US"
"rob halford dolly parton","2 mil+","25 de agosto de 2026 a las 20:40:00 UTC-3","26 de agosto de 2026 a las 10:20:00 UTC-3","rob halford dolly parton","./explore?q=rob%20halford%20dolly%20parton&geo=US"
"damian lillard","1 mil+","26 de agosto de 2026 a las 19:20:00 UTC-3","26 de agosto de 2026 a las 21:30:00 UTC-3","damian lillard","./explore?q=damian%20lillard&geo=US"
"halloween costumes target","10 mil+","26 de agosto de 2026 a las 2:50:00 UTC-3","26 de agosto de 2026 a las 12:20:00 UTC-3","halloween costumes target,target black face mask,minstrel show clown,target clown costume child,kids’ glows under blacklight circus clown halloween costume,target clown costumes,what halloween costume is target apologizing for,target clown,minstrel costume,target costume pulled","./explore?q=halloween%20costumes%20target&geo=US"
"where is simon cowell tonight","2 mil+","26 de agosto de 2026 a las 21:20:00 UTC-3","26 de agosto de 2026 a las 22:40:00 UTC-3","where is simon cowell tonight,simon cowell surgery 2026,simon cowell surgery,what surgery is simon cowell having,what happened to simon cowell,why is simon not on agt tonight","./explore?q=where%20is%20simon%20cowell%20tonight&geo=US"
"wisconsin interscholastic athletic association","2 mil+","26 de agosto de 2026 a las 11:20:00 UTC-3","26 de agosto de 2026 a las 16:50:00 UTC-3","wisconsin interscholastic athletic association","./explore?q=wisconsin%20interscholastic%20athletic%20association&geo=US"
"secret lives of mormon wives season 5","2 mil+","26 de agosto de 2026 a las 15:10:00 UTC-3","26 de agosto de 2026 a las 19:50:00 UTC-3","secret lives of mormon wives season 5","./explore?q=secret%20lives%20of%20mormon%20wives%20season%205&geo=US"
"municipal - motagua","2 mil+","26 de agosto de 2026 a las 4:00:00 UTC-3","26 de agosto de 2026 a las 11:00:00 UTC-3","municipal - motagua","./explore?q=municipal%20-%20motagua&geo=US"
"bennedict mathurin","2 mil+","26 de agosto de 2026 a las 12:00:00 UTC-3","26 de agosto de 2026 a las 15:30:00 UTC-3","bennedict mathurin","./explore?q=bennedict%20mathurin&geo=US"
"kenneth walker","10 mil+","25 de agosto de 2026 a las 14:30:00 UTC-3","26 de agosto de 2026 a las 2:40:00 UTC-3","kenneth walker,kenneth walker injury,tyler warren","./explore?q=kenneth%20walker&geo=US"
"tommy edman","500+","26 de agosto de 2026 a las 21:40:00 UTC-3","26 de agosto de 2026 a las 23:50:00 UTC-3","tommy edman","./explore?q=tommy%20edman&geo=US"
"wyndham clark bmw championship celebration","5 mil+","25 de agosto de 2026 a las 5:50:00 UTC-3","25 de agosto de 2026 a las 19:00:00 UTC-3","wyndham clark bmw championship celebration","./explore?q=wyndham%20clark%20bmw%20championship%20celebration&geo=US"
"héctor rodríguez","1 mil+","26 de agosto de 2026 a las 19:40:00 UTC-3","26 de agosto de 2026 a las 21:40:00 UTC-3","héctor rodríguez","./explore?q=h%C3%A9ctor%20rodr%C3%ADguez&geo=US"
"trump dolly parton","5 mil+","25 de agosto de 2026 a las 16:30:00 UTC-3","26 de agosto de 2026 a las 9:30:00 UTC-3","trump dolly parton,huffpost","./explore?q=trump%20dolly%20parton&geo=US"
"iran barron trump","5 mil+","25 de agosto de 2026 a las 7:00:00 UTC-3","25 de agosto de 2026 a las 21:40:00 UTC-3","iran barron trump","./explore?q=iran%20barron%20trump&geo=US"
"kacey musgraves tour charity donation","5 mil+","25 de agosto de 2026 a las 0:20:00 UTC-3","25 de agosto de 2026 a las 16:20:00 UTC-3","kacey musgraves tour charity donation","./explore?q=kacey%20musgraves%20tour%20charity%20donation&geo=US"
"cnn","20 mil+","25 de agosto de 2026 a las 15:00:00 UTC-3","25 de agosto de 2026 a las 18:10:00 UTC-3","cnn","./explore?q=cnn&geo=US"
"ben affleck","5 mil+","25 de agosto de 2026 a las 5:10:00 UTC-3","25 de agosto de 2026 a las 18:00:00 UTC-3","ben affleck,jennifer garner","./explore?q=ben%20affleck&geo=US"
"lyon fc","2 mil+","26 de agosto de 2026 a las 16:30:00 UTC-3","26 de agosto de 2026 a las 18:50:00 UTC-3","lyon fc,lyon vs fenerbahce","./explore?q=lyon%20fc&geo=US"
"wyndham clark lie improvement allegations","2 mil+","26 de agosto de 2026 a las 13:00:00 UTC-3","26 de agosto de 2026 a las 18:10:00 UTC-3","wyndham clark lie improvement allegations","./explore?q=wyndham%20clark%20lie%20improvement%20allegations&geo=US"
"dunkin","20 mil+","25 de agosto de 2026 a las 13:00:00 UTC-3","25 de agosto de 2026 a las 15:00:00 UTC-3","dunkin,dunkin free coffee code,dunkin code,dunkin free coffee,free dunkin august 25,dunkin promo code today,dunkin code today,dunkin promo code,dunkin rewards,free dunkin code,dunkin free code,dunkin free drink code,dunkin codes today,free dunkin","./explore?q=dunkin&geo=US"
"jay jammal","5 mil+","25 de agosto de 2026 a las 12:30:00 UTC-3","26 de agosto de 2026 a las 8:00:00 UTC-3","jay jammal","./explore?q=jay%20jammal&geo=US"
"bradford city vs burnley","2 mil+","26 de agosto de 2026 a las 15:10:00 UTC-3","26 de agosto de 2026 a las 19:10:00 UTC-3","bradford city vs burnley,burnley","./explore?q=bradford%20city%20vs%20burnley&geo=US"
"sylvester stallone","2 mil+","26 de agosto de 2026 a las 13:30:00 UTC-3","26 de agosto de 2026 a las 23:40:00 UTC-3","sylvester stallone","./explore?q=sylvester%20stallone&geo=US"
"crowdstrike stock","1 mil+","26 de agosto de 2026 a las 17:10:00 UTC-3","26 de agosto de 2026 a las 20:00:00 UTC-3","crowdstrike stock","./explore?q=crowdstrike%20stock&geo=US"
"mortgage calculator","5 mil+","26 de agosto de 2026 a las 13:00:00 UTC-3","26 de agosto de 2026 a las 16:10:00 UTC-3","mortgage calculator","./explore?q=mortgage%20calculator&geo=US"
"lamade stadium","500+","26 de agosto de 2026 a las 21:20:00 UTC-3","26 de agosto de 2026 a las 22:40:00 UTC-3","lamade stadium","./explore?q=lamade%20stadium&geo=US"
"birmingham vs brentford","10 mil+","25 de agosto de 2026 a las 15:50:00 UTC-3","25 de agosto de 2026 a las 21:00:00 UTC-3","birmingham vs brentford,birmingham city - brentford","./explore?q=birmingham%20vs%20brentford&geo=US"
"pete alonso","5 mil+","25 de agosto de 2026 a las 22:10:00 UTC-3","26 de agosto de 2026 a las 9:00:00 UTC-3","pete alonso,jackson holliday","./explore?q=pete%20alonso&geo=US"
"nottm forest vs leeds","10 mil+","25 de agosto de 2026 a las 16:10:00 UTC-3","25 de agosto de 2026 a las 20:10:00 UTC-3","nottm forest vs leeds,nottingham forest - leeds,leeds united","./explore?q=nottm%20forest%20vs%20leeds&geo=US"
"alysa liu","2 mil+","26 de agosto de 2026 a las 1:10:00 UTC-3","26 de agosto de 2026 a las 21:40:00 UTC-3","alysa liu,alysa liu figure skating announcement","./explore?q=alysa%20liu&geo=US"
"excessive heat","2 mil+","26 de agosto de 2026 a las 11:20:00 UTC-3","26 de agosto de 2026 a las 15:00:00 UTC-3","excessive heat","./explore?q=excessive%20heat&geo=US"
"eli stowers","2 mil+","26 de agosto de 2026 a las 13:20:00 UTC-3","26 de agosto de 2026 a las 17:10:00 UTC-3","eli stowers","./explore?q=eli%20stowers&geo=US"
"christopher mcdonald","2 mil+","25 de agosto de 2026 a las 5:00:00 UTC-3","26 de agosto de 2026 a las 11:00:00 UTC-3","christopher mcdonald","./explore?q=christopher%20mcdonald&geo=US"
"trump approval","10 mil+","25 de agosto de 2026 a las 18:10:00 UTC-3","25 de agosto de 2026 a las 21:30:00 UTC-3","trump approval,ms now","./explore?q=trump%20approval&geo=US"
"boy abandoned hiking mt fuji","1 mil+","26 de agosto de 2026 a las 18:20:00 UTC-3","26 de agosto de 2026 a las 20:30:00 UTC-3","boy abandoned hiking mt fuji","./explore?q=boy%20abandoned%20hiking%20mt%20fuji&geo=US"
"enes freedom","5 mil+","26 de agosto de 2026 a las 15:00:00 UTC-3","26 de agosto de 2026 a las 18:50:00 UTC-3","enes freedom,chicago sky","./explore?q=enes%20freedom&geo=US"
"kei nishikori","1 mil+","26 de agosto de 2026 a las 18:30:00 UTC-3","26 de agosto de 2026 a las 20:30:00 UTC-3","kei nishikori,heather watson","./explore?q=kei%20nishikori&geo=US"
"snow","10 mil+","25 de agosto de 2026 a las 5:40:00 UTC-3","25 de agosto de 2026 a las 11:40:00 UTC-3","snow,super el nino colorado snow forecast","./explore?q=snow&geo=US"
"starbucks fall menu 2026","10 mil+","25 de agosto de 2026 a las 7:40:00 UTC-3","25 de agosto de 2026 a las 13:10:00 UTC-3","starbucks fall menu 2026,pumpkin spice latte,psl,starbucks menu,psl day","./explore?q=starbucks%20fall%20menu%202026&geo=US"
"annie andrews","2 mil+","25 de agosto de 2026 a las 22:00:00 UTC-3","26 de agosto de 2026 a las 11:20:00 UTC-3","annie andrews","./explore?q=annie%20andrews&geo=US"
"boston logan airport flight disruptions","2 mil+","25 de agosto de 2026 a las 18:50:00 UTC-3","26 de agosto de 2026 a las 12:40:00 UTC-3","boston logan airport flight disruptions","./explore?q=boston%20logan%20airport%20flight%20disruptions&geo=US"
"ocarina of time remake release date","2 mil+","25 de agosto de 2026 a las 18:40:00 UTC-3","26 de agosto de 2026 a las 9:50:00 UTC-3","ocarina of time remake release date","./explore?q=ocarina%20of%20time%20remake%20release%20date&geo=US"
"andy cohen","5 mil+","25 de agosto de 2026 a las 14:50:00 UTC-3","26 de agosto de 2026 a las 8:30:00 UTC-3","andy cohen","./explore?q=andy%20cohen&geo=US"
"bud clark","5 mil+","25 de agosto de 2026 a las 23:30:00 UTC-3","26 de agosto de 2026 a las 2:50:00 UTC-3","bud clark,bud clark injury","./explore?q=bud%20clark&geo=US"
"météo demain","500+","26 de agosto de 2026 a las 21:40:00 UTC-3","26 de agosto de 2026 a las 22:30:00 UTC-3","météo demain","./explore?q=m%C3%A9t%C3%A9o%20demain&geo=US"
"daniel diemer","5 mil+","25 de agosto de 2026 a las 11:10:00 UTC-3","25 de agosto de 2026 a las 23:50:00 UTC-3","daniel diemer,shaheen jafargholi","./explore?q=daniel%20diemer&geo=US"
"mitch mcconnell","2 mil+","26 de agosto de 2026 a las 13:40:00 UTC-3","26 de agosto de 2026 a las 15:40:00 UTC-3","mitch mcconnell","./explore?q=mitch%20mcconnell&geo=US"
"marcye scott everton blair runoff","2 mil+","26 de agosto de 2026 a las 5:20:00 UTC-3","26 de agosto de 2026 a las 14:20:00 UTC-3","marcye scott everton blair runoff,everton blair","./explore?q=marcye%20scott%20everton%20blair%20runoff&geo=US"
"red sox - marlins","1 mil+","26 de agosto de 2026 a las 19:30:00 UTC-3","26 de agosto de 2026 a las 23:00:00 UTC-3","red sox - marlins,ryan gusto","./explore?q=red%20sox%20-%20marlins&geo=US"
"jarren duran","5 mil+","25 de agosto de 2026 a las 22:50:00 UTC-3","26 de agosto de 2026 a las 10:10:00 UTC-3","jarren duran,red sox - marlins,miami marlins","./explore?q=jarren%20duran&geo=US"
"chicago sky guard dijonai carrington","5 mil+","25 de agosto de 2026 a las 10:40:00 UTC-3","25 de agosto de 2026 a las 21:10:00 UTC-3","chicago sky guard dijonai carrington","./explore?q=chicago%20sky%20guard%20dijonai%20carrington&geo=US"
"anduril","2 mil+","25 de agosto de 2026 a las 23:30:00 UTC-3","26 de agosto de 2026 a las 10:00:00 UTC-3","anduril","./explore?q=anduril&geo=US"
"spider","2 mil+","26 de agosto de 2026 a las 9:30:00 UTC-3","26 de agosto de 2026 a las 15:40:00 UTC-3","spider","./explore?q=spider&geo=US"
"sage steele","500+","26 de agosto de 2026 a las 21:30:00 UTC-3","26 de agosto de 2026 a las 22:30:00 UTC-3","sage steele","./explore?q=sage%20steele&geo=US"
"christian styles death","5 mil+","25 de agosto de 2026 a las 1:30:00 UTC-3","25 de agosto de 2026 a las 15:50:00 UTC-3","christian styles death,christian styles cause of death,christian style","./explore?q=christian%20styles%20death&geo=US"
"погода завтра","500+","26 de agosto de 2026 a las 21:50:00 UTC-3","26 de agosto de 2026 a las 22:40:00 UTC-3","погода завтра","./explore?q=%D0%BF%D0%BE%D0%B3%D0%BE%D0%B4%D0%B0%20%D0%B7%D0%B0%D0%B2%D1%82%D1%80%D0%B0&geo=US"
"orlando weather","1 mil+","26 de agosto de 2026 a las 18:40:00 UTC-3","26 de agosto de 2026 a las 20:30:00 UTC-3","orlando weather,weather orlando","./explore?q=orlando%20weather&geo=US"
"now stock","1 mil+","26 de agosto de 2026 a las 17:20:00 UTC-3","26 de agosto de 2026 a las 19:00:00 UTC-3","now stock","./explore?q=now%20stock&geo=US"
"high intensity exercise","5 mil+","25 de agosto de 2026 a las 1:10:00 UTC-3","25 de agosto de 2026 a las 12:30:00 UTC-3","high intensity exercise","./explore?q=high%20intensity%20exercise&geo=US"
"data center","5 mil+","25 de agosto de 2026 a las 17:10:00 UTC-3","25 de agosto de 2026 a las 22:10:00 UTC-3","data center","./explore?q=data%20center&geo=US"
"jake bobo","5 mil+","25 de agosto de 2026 a las 22:40:00 UTC-3","26 de agosto de 2026 a las 3:50:00 UTC-3","jake bobo,jake bobo injury","./explore?q=jake%20bobo&geo=US"
"rockstar","5 mil+","26 de agosto de 2026 a las 9:10:00 UTC-3","26 de agosto de 2026 a las 18:40:00 UTC-3","rockstar,rockstar games,discord,gta6 leaks","./explore?q=rockstar&geo=US"
"ruben rada","1 mil+","26 de agosto de 2026 a las 17:20:00 UTC-3","26 de agosto de 2026 a las 20:00:00 UTC-3","ruben rada","./explore?q=ruben%20rada&geo=US"
"rays - tigers","2 mil+","26 de agosto de 2026 a las 13:50:00 UTC-3","26 de agosto de 2026 a las 16:50:00 UTC-3","rays - tigers,freddy peralta","./explore?q=rays%20-%20tigers&geo=US"
"alex pretti","5 mil+","25 de agosto de 2026 a las 8:30:00 UTC-3","26 de agosto de 2026 a las 10:10:00 UTC-3","alex pretti,alex pretti what happened","./explore?q=alex%20pretti&geo=US"
"federer","5 mil+","25 de agosto de 2026 a las 21:10:00 UTC-3","26 de agosto de 2026 a las 3:00:00 UTC-3","federer","./explore?q=federer&geo=US"
"fox news","20 mil+","25 de agosto de 2026 a las 15:00:00 UTC-3","25 de agosto de 2026 a las 17:30:00 UTC-3","fox news","./explore?q=fox%20news&geo=US"
"celtic fc","10 mil+","25 de agosto de 2026 a las 16:30:00 UTC-3","25 de agosto de 2026 a las 21:30:00 UTC-3","celtic fc,lask vs celtic,lask,celtic,lask linz","./explore?q=celtic%20fc&geo=US"
"cruzeiro x atlético-mg","5 mil+","25 de agosto de 2026 a las 20:10:00 UTC-3","26 de agosto de 2026 a las 0:00:00 UTC-3","cruzeiro x atlético-mg,cruzeiro,cruzeiro - atlético mineiro","./explore?q=cruzeiro%20x%20atl%C3%A9tico-mg&geo=US"
"guitar hero","2 mil+","26 de agosto de 2026 a las 1:20:00 UTC-3","26 de agosto de 2026 a las 13:50:00 UTC-3","guitar hero","./explore?q=guitar%20hero&geo=US"
"cruzeiro vs atlético mineiro","5 mil+","25 de agosto de 2026 a las 20:10:00 UTC-3","26 de agosto de 2026 a las 0:20:00 UTC-3","cruzeiro vs atlético mineiro","./explore?q=cruzeiro%20vs%20atl%C3%A9tico%20mineiro&geo=US"
"vinícius júnior","1 mil+","26 de agosto de 2026 a las 17:50:00 UTC-3","26 de agosto de 2026 a las 19:20:00 UTC-3","vinícius júnior","./explore?q=vin%C3%ADcius%20j%C3%BAnior&geo=US"
"gulf of mexico","5 mil+","25 de agosto de 2026 a las 9:20:00 UTC-3","26 de agosto de 2026 a las 0:00:00 UTC-3","gulf of mexico","./explore?q=gulf%20of%20mexico&geo=US"
"stephen curry","2 mil+","26 de agosto de 2026 a las 13:50:00 UTC-3","26 de agosto de 2026 a las 18:00:00 UTC-3","stephen curry,steph curry,warriors","./explore?q=stephen%20curry&geo=US"
"fromm and oma's pride recall","5 mil+","25 de agosto de 2026 a las 8:30:00 UTC-3","25 de agosto de 2026 a las 17:20:00 UTC-3","fromm and oma's pride recall","./explore?q=fromm%20and%20oma%27s%20pride%20recall&geo=US"
"marvel tokon fighting souls player trust","5 mil+","25 de agosto de 2026 a las 11:00:00 UTC-3","25 de agosto de 2026 a las 20:40:00 UTC-3","marvel tokon fighting souls player trust","./explore?q=marvel%20tokon%20fighting%20souls%20player%20trust&geo=US"
"claudeforce","2 mil+","26 de agosto de 2026 a las 17:30:00 UTC-3","26 de agosto de 2026 a las 19:20:00 UTC-3","claudeforce,anthropic","./explore?q=claudeforce&geo=US"
"us military plane moscow landing","2 mil+","25 de agosto de 2026 a las 17:40:00 UTC-3","26 de agosto de 2026 a las 10:00:00 UTC-3","us military plane moscow landing","./explore?q=us%20military%20plane%20moscow%20landing&geo=US"
"southampton vs west ham","5 mil+","25 de agosto de 2026 a las 15:50:00 UTC-3","25 de agosto de 2026 a las 20:20:00 UTC-3","southampton vs west ham,southampton - west ham","./explore?q=southampton%20vs%20west%20ham&geo=US"
"emily in paris season 6 netflix","1 mil+","26 de agosto de 2026 a las 14:30:00 UTC-3","26 de agosto de 2026 a las 18:30:00 UTC-3","emily in paris season 6 netflix","./explore?q=emily%20in%20paris%20season%206%20netflix&geo=US"
"queen mary of denmark fashion","500+","26 de agosto de 2026 a las 20:00:00 UTC-3","26 de agosto de 2026 a las 21:30:00 UTC-3","queen mary of denmark fashion","./explore?q=queen%20mary%20of%20denmark%20fashion&geo=US"
"ingvar carlsson","200+","26 de agosto de 2026 a las 21:20:00 UTC-3","26 de agosto de 2026 a las 22:30:00 UTC-3","ingvar carlsson","./explore?q=ingvar%20carlsson&geo=US"
"john ratcliffe","5 mil+","25 de agosto de 2026 a las 12:30:00 UTC-3","26 de agosto de 2026 a las 9:20:00 UTC-3","john ratcliffe,us air force c-17 moscow,military aircraft,john ratcliffe moscow trip,c","./explore?q=john%20ratcliffe&geo=US"
"fema","2 mil+","26 de agosto de 2026 a las 11:00:00 UTC-3","26 de agosto de 2026 a las 15:10:00 UTC-3","fema","./explore?q=fema&geo=US"
"ismaila sarr","2 mil+","26 de agosto de 2026 a las 9:00:00 UTC-3","26 de agosto de 2026 a las 12:00:00 UTC-3","ismaila sarr","./explore?q=ismaila%20sarr&geo=US"
"deshaun watson video","2 mil+","26 de agosto de 2026 a las 3:20:00 UTC-3","26 de agosto de 2026 a las 9:20:00 UTC-3","deshaun watson video,shedeur sanders cleveland browns news","./explore?q=deshaun%20watson%20video&geo=US"
"people climbing out manhole nyc","5 mil+","25 de agosto de 2026 a las 10:40:00 UTC-3","25 de agosto de 2026 a las 16:40:00 UTC-3","people climbing out manhole nyc,penn station,manhole","./explore?q=people%20climbing%20out%20manhole%20nyc&geo=US"
"independiente del valle - tolima","5 mil+","25 de agosto de 2026 a las 20:50:00 UTC-3","26 de agosto de 2026 a las 7:20:00 UTC-3","independiente del valle - tolima,independiente del valle vs tolima","./explore?q=independiente%20del%20valle%20-%20tolima&geo=US"
"paul skenes","2 mil+","25 de agosto de 2026 a las 23:40:00 UTC-3","26 de agosto de 2026 a las 8:40:00 UTC-3","paul skenes,pirates - padres","./explore?q=paul%20skenes&geo=US"
"bank","1 mil+","26 de agosto de 2026 a las 18:10:00 UTC-3","26 de agosto de 2026 a las 19:20:00 UTC-3","bank","./explore?q=bank&geo=US"
"apple software engineer job losses","2 mil+","25 de agosto de 2026 a las 22:00:00 UTC-3","26 de agosto de 2026 a las 6:30:00 UTC-3","apple software engineer job losses,apple layoffs,apple laid off 147 bay area software engineers and workers","./explore?q=apple%20software%20engineer%20job%20losses&geo=US"
"lebron james","5 mil+","25 de agosto de 2026 a las 12:30:00 UTC-3","25 de agosto de 2026 a las 20:20:00 UTC-3","lebron james,lebron borrowed 300 million,lebron james guggenheim","./explore?q=lebron%20james&geo=US"
"padres","20 mil+","25 de agosto de 2026 a las 1:20:00 UTC-3","25 de agosto de 2026 a las 4:00:00 UTC-3","padres,padres game today,padres score,san diego padres,sd padres","./explore?q=padres&geo=US"
"landon doty","5 mil+","25 de agosto de 2026 a las 4:30:00 UTC-3","25 de agosto de 2026 a las 17:00:00 UTC-3","landon doty","./explore?q=landon%20doty&geo=US"
"tormenta","5 mil+","25 de agosto de 2026 a las 19:10:00 UTC-3","25 de agosto de 2026 a las 21:40:00 UTC-3","tormenta","./explore?q=tormenta&geo=US"
"eduardo rodríguez","500+","26 de agosto de 2026 a las 18:10:00 UTC-3","26 de agosto de 2026 a las 20:00:00 UTC-3","eduardo rodríguez","./explore?q=eduardo%20rodr%C3%ADguez&geo=US"
"draftkings promo code","2 mil+","26 de agosto de 2026 a las 2:40:00 UTC-3","26 de agosto de 2026 a las 8:10:00 UTC-3","draftkings promo code,draftkings,draftkings free bet,draftkings bonus code,draftkings bonus","./explore?q=draftkings%20promo%20code&geo=US"
"jared huffman","1 mil+","26 de agosto de 2026 a las 13:30:00 UTC-3","26 de agosto de 2026 a las 20:00:00 UTC-3","jared huffman","./explore?q=jared%20huffman&geo=US"
"tim cook","1 mil+","26 de agosto de 2026 a las 13:10:00 UTC-3","26 de agosto de 2026 a las 15:40:00 UTC-3","tim cook","./explore?q=tim%20cook&geo=US"
"south korea jeju island","1 mil+","26 de agosto de 2026 a las 13:10:00 UTC-3","26 de agosto de 2026 a las 16:10:00 UTC-3","south korea jeju island","./explore?q=south%20korea%20jeju%20island&geo=US"
"ted danson","2 mil+","26 de agosto de 2026 a las 10:30:00 UTC-3","26 de agosto de 2026 a las 14:30:00 UTC-3","ted danson","./explore?q=ted%20danson&geo=US"
"arby's","1 mil+","26 de agosto de 2026 a las 18:00:00 UTC-3","26 de agosto de 2026 a las 19:50:00 UTC-3","arby's","./explore?q=arby%27s&geo=US"
"tom clancy's the division 2","1 mil+","26 de agosto de 2026 a las 15:30:00 UTC-3","26 de agosto de 2026 a las 17:50:00 UTC-3","tom clancy's the division 2","./explore?q=tom%20clancy%27s%20the%20division%202&geo=US"
"qatar","5 mil+","25 de agosto de 2026 a las 10:40:00 UTC-3","25 de agosto de 2026 a las 15:10:00 UTC-3","qatar","./explore?q=qatar&geo=US"
"fort worth fire","1 mil+","26 de agosto de 2026 a las 15:00:00 UTC-3","26 de agosto de 2026 a las 17:20:00 UTC-3","fort worth fire","./explore?q=fort%20worth%20fire&geo=US"
"taylor swift travis kelce ring","5 mil+","25 de agosto de 2026 a las 15:10:00 UTC-3","25 de agosto de 2026 a las 19:00:00 UTC-3","taylor swift travis kelce ring,taylor swift displayed her wedding band during a grammy museum performance,wedding of taylor swift and travis kelce","./explore?q=taylor%20swift%20travis%20kelce%20ring&geo=US"
"sheffield wednesday vs wolves","5 mil+","25 de agosto de 2026 a las 15:50:00 UTC-3","25 de agosto de 2026 a las 19:20:00 UTC-3","sheffield wednesday vs wolves,sheffield wednesday - wolves","./explore?q=sheffield%20wednesday%20vs%20wolves&geo=US"
"pce","2 mil+","26 de agosto de 2026 a las 9:30:00 UTC-3","26 de agosto de 2026 a las 12:20:00 UTC-3","pce,inflation,pce inflation,pce report","./explore?q=pce&geo=US"
"mason rudolph pittsburgh steelers quarterback depth","2 mil+","25 de agosto de 2026 a las 4:50:00 UTC-3","25 de agosto de 2026 a las 14:30:00 UTC-3","mason rudolph pittsburgh steelers quarterback depth","./explore?q=mason%20rudolph%20pittsburgh%20steelers%20quarterback%20depth&geo=US"
"new pringles dippers release","1 mil+","26 de agosto de 2026 a las 13:20:00 UTC-3","26 de agosto de 2026 a las 16:40:00 UTC-3","new pringles dippers release","./explore?q=new%20pringles%20dippers%20release&geo=US"
"mike breen","500+","26 de agosto de 2026 a las 21:20:00 UTC-3","26 de agosto de 2026 a las 22:10:00 UTC-3","mike breen","./explore?q=mike%20breen&geo=US"
"phillies score","20 mil+","25 de agosto de 2026 a las 5:50:00 UTC-3","25 de agosto de 2026 a las 9:10:00 UTC-3","phillies score,mariners,seattle mariners,mariners game,mariners schedule,mariners game today,mariners standings","./explore?q=phillies%20score&geo=US"
"cnbc","2 mil+","26 de agosto de 2026 a las 17:30:00 UTC-3","26 de agosto de 2026 a las 18:20:00 UTC-3","cnbc","./explore?q=cnbc&geo=US"
"chris olave","5 mil+","25 de agosto de 2026 a las 16:30:00 UTC-3","25 de agosto de 2026 a las 22:20:00 UTC-3","chris olave,olave,chris olave injury","./explore?q=chris%20olave&geo=US"
"andreina yepez","1 mil+","26 de agosto de 2026 a las 0:50:00 UTC-3","26 de agosto de 2026 a las 11:20:00 UTC-3","andreina yepez","./explore?q=andreina%20yepez&geo=US"
"memphis","2 mil+","25 de agosto de 2026 a las 19:00:00 UTC-3","26 de agosto de 2026 a las 1:10:00 UTC-3","memphis","./explore?q=memphis&geo=US"
"jayden james mac cosmetics cover","2 mil+","25 de agosto de 2026 a las 19:10:00 UTC-3","25 de agosto de 2026 a las 23:10:00 UTC-3","jayden james mac cosmetics cover","./explore?q=jayden%20james%20mac%20cosmetics%20cover&geo=US"
"georgia 2021 redistricting maps review","2 mil+","25 de agosto de 2026 a las 20:40:00 UTC-3","26 de agosto de 2026 a las 8:50:00 UTC-3","georgia 2021 redistricting maps review","./explore?q=georgia%202021%20redistricting%20maps%20review&geo=US"
"detención","1 mil+","26 de agosto de 2026 a las 9:20:00 UTC-3","26 de agosto de 2026 a las 16:10:00 UTC-3","detención","./explore?q=detenci%C3%B3n&geo=US"
"betmgm","2 mil+","26 de agosto de 2026 a las 3:00:00 UTC-3","26 de agosto de 2026 a las 8:30:00 UTC-3","betmgm,bet 365,bet365 free bet,bet365","./explore?q=betmgm&geo=US"
"harrison ford","1 mil+","26 de agosto de 2026 a las 13:20:00 UTC-3","26 de agosto de 2026 a las 15:10:00 UTC-3","harrison ford","./explore?q=harrison%20ford&geo=US"
"amber alert las vegas","500+","26 de agosto de 2026 a las 20:20:00 UTC-3","26 de agosto de 2026 a las 21:30:00 UTC-3","amber alert las vegas","./explore?q=amber%20alert%20las%20vegas&geo=US"
"infinity ward","1 mil+","26 de agosto de 2026 a las 4:10:00 UTC-3","26 de agosto de 2026 a las 11:30:00 UTC-3","infinity ward,mw4 beta dates","./explore?q=infinity%20ward&geo=US"
"plymouth vs coventry","5 mil+","25 de agosto de 2026 a las 16:00:00 UTC-3","25 de agosto de 2026 a las 19:20:00 UTC-3","plymouth vs coventry","./explore?q=plymouth%20vs%20coventry&geo=US"
"mariners standings","5 mil+","26 de agosto de 2026 a las 1:10:00 UTC-3","26 de agosto de 2026 a las 3:50:00 UTC-3","mariners standings,al wild card standings,guardians standings,guardians score,mariners score,astros standings,mariners game today,al west standings,wild card standings,orioles score","./explore?q=mariners%20standings&geo=US"
"dbacks","5 mil+","26 de agosto de 2026 a las 1:00:00 UTC-3","26 de agosto de 2026 a las 3:00:00 UTC-3","dbacks,diamondbacks,gabriel arias,arizona diamondbacks,dbacks game,carson kelly","./explore?q=dbacks&geo=US"
"kelsey plum","2 mil+","25 de agosto de 2026 a las 23:00:00 UTC-3","26 de agosto de 2026 a las 2:10:00 UTC-3","kelsey plum,is kelsey plum playing tonight","./explore?q=kelsey%20plum&geo=US"
"banks near me","1 mil+","26 de agosto de 2026 a las 1:40:00 UTC-3","26 de agosto de 2026 a las 10:30:00 UTC-3","banks near me","./explore?q=banks%20near%20me&geo=US"
"boeing","1 mil+","26 de agosto de 2026 a las 2:20:00 UTC-3","26 de agosto de 2026 a las 6:40:00 UTC-3","boeing","./explore?q=boeing&geo=US"
"spacex launch today","10 mil+","25 de agosto de 2026 a las 6:00:00 UTC-3","25 de agosto de 2026 a las 9:50:00 UTC-3","spacex launch today,rocket launch today,rocket launch,falcon 9 launch,spacex launch schedule,space launch today,falcon 9,spacex launch today live,launch today,was there a rocket launch today,space x launch today,rocket launch this morning","./explore?q=spacex%20launch%20today&geo=US"
"not suitable for work season 2","2 mil+","25 de agosto de 2026 a las 0:40:00 UTC-3","25 de agosto de 2026 a las 13:20:00 UTC-3","not suitable for work season 2,not suitable for work cancelled","./explore?q=not%20suitable%20for%20work%20season%202&geo=US"
"brytni sarpy","1 mil+","26 de agosto de 2026 a las 7:50:00 UTC-3","26 de agosto de 2026 a las 13:00:00 UTC-3","brytni sarpy","./explore?q=brytni%20sarpy&geo=US"
"brandon marsh","2 mil+","25 de agosto de 2026 a las 16:00:00 UTC-3","25 de agosto de 2026 a las 20:50:00 UTC-3","brandon marsh","./explore?q=brandon%20marsh&geo=US"
"dolly parton politics","2 mil+","25 de agosto de 2026 a las 15:20:00 UTC-3","25 de agosto de 2026 a las 23:00:00 UTC-3","dolly parton politics","./explore?q=dolly%20parton%20politics&geo=US"
"taylor swift 20 year career chat","2 mil+","25 de agosto de 2026 a las 4:50:00 UTC-3","25 de agosto de 2026 a las 14:30:00 UTC-3","taylor swift 20 year career chat","./explore?q=taylor%20swift%2020%20year%20career%20chat&geo=US"
"jaden mcdaniels","500+","26 de agosto de 2026 a las 20:10:00 UTC-3","26 de agosto de 2026 a las 21:10:00 UTC-3","jaden mcdaniels","./explore?q=jaden%20mcdaniels&geo=US"
"ben mckenzie","1 mil+","26 de agosto de 2026 a las 16:40:00 UTC-3","26 de agosto de 2026 a las 17:50:00 UTC-3","ben mckenzie,morena baccarin","./explore?q=ben%20mckenzie&geo=US"
"keke palmer","5 mil+","25 de agosto de 2026 a las 23:30:00 UTC-3","26 de agosto de 2026 a las 3:40:00 UTC-3","keke palmer","./explore?q=keke%20palmer&geo=US"
"ryan seacrest","2 mil+","25 de agosto de 2026 a las 21:00:00 UTC-3","26 de agosto de 2026 a las 2:10:00 UTC-3","ryan seacrest","./explore?q=ryan%20seacrest&geo=US"
"raheem sterling","1 mil+","26 de agosto de 2026 a las 9:00:00 UTC-3","26 de agosto de 2026 a las 22:50:00 UTC-3","raheem sterling","./explore?q=raheem%20sterling&geo=US"
"naomi osaka tennis style 2026","1 mil+","26 de agosto de 2026 a las 7:10:00 UTC-3","26 de agosto de 2026 a las 13:30:00 UTC-3","naomi osaka tennis style 2026","./explore?q=naomi%20osaka%20tennis%20style%202026&geo=US"
"pittsburgh","1 mil+","26 de agosto de 2026 a las 8:20:00 UTC-3","26 de agosto de 2026 a las 13:10:00 UTC-3","pittsburgh","./explore?q=pittsburgh&geo=US"
"lsu football","2 mil+","25 de agosto de 2026 a las 7:00:00 UTC-3","26 de agosto de 2026 a las 10:30:00 UTC-3","lsu football,lsu,portal","./explore?q=lsu%20football&geo=US"
"cubs - dbacks","2 mil+","25 de agosto de 2026 a las 22:30:00 UTC-3","26 de agosto de 2026 a las 20:00:00 UTC-3","cubs - dbacks","./explore?q=cubs%20-%20dbacks&geo=US"
"wildlife photographer of the year 2026","1 mil+","26 de agosto de 2026 a las 0:40:00 UTC-3","26 de agosto de 2026 a las 10:10:00 UTC-3","wildlife photographer of the year 2026","./explore?q=wildlife%20photographer%20of%20the%20year%202026&geo=US"
"whitten burrage state farm case","2 mil+","25 de agosto de 2026 a las 8:30:00 UTC-3","25 de agosto de 2026 a las 15:40:00 UTC-3","whitten burrage state farm case,state farm secret documents","./explore?q=whitten%20burrage%20state%20farm%20case&geo=US"
"la liga standings","500+","26 de agosto de 2026 a las 17:50:00 UTC-3","26 de agosto de 2026 a las 19:00:00 UTC-3","la liga standings","./explore?q=la%20liga%20standings&geo=US"
"fanduel promo code","2 mil+","26 de agosto de 2026 a las 2:20:00 UTC-3","26 de agosto de 2026 a las 8:20:00 UTC-3","fanduel promo code,fanduel free bet,fanduel bonus code,fanduel","./explore?q=fanduel%20promo%20code&geo=US"
"grigor dimitrov","1 mil+","26 de agosto de 2026 a las 14:30:00 UTC-3","26 de agosto de 2026 a las 16:30:00 UTC-3","grigor dimitrov","./explore?q=grigor%20dimitrov&geo=US"
"samantha busch","2 mil+","25 de agosto de 2026 a las 19:20:00 UTC-3","26 de agosto de 2026 a las 7:50:00 UTC-3","samantha busch","./explore?q=samantha%20busch&geo=US"
"yan diomandé","500+","26 de agosto de 2026 a las 17:50:00 UTC-3","26 de agosto de 2026 a las 19:00:00 UTC-3","yan diomandé","./explore?q=yan%20diomand%C3%A9&geo=US"
"intuit stock","5 mil+","25 de agosto de 2026 a las 17:00:00 UTC-3","26 de agosto de 2026 a las 11:40:00 UTC-3","intuit stock,intu stock,intuit,intu","./explore?q=intuit%20stock&geo=US"
"jaden smith","2 mil+","25 de agosto de 2026 a las 16:50:00 UTC-3","25 de agosto de 2026 a las 20:50:00 UTC-3","jaden smith","./explore?q=jaden%20smith&geo=US"
"starbucks","10 mil+","25 de agosto de 2026 a las 7:30:00 UTC-3","25 de agosto de 2026 a las 10:00:00 UTC-3","starbucks","./explore?q=starbucks&geo=US"
"bill skarsgård","1 mil+","26 de agosto de 2026 a las 13:30:00 UTC-3","26 de agosto de 2026 a las 16:20:00 UTC-3","bill skarsgård","./explore?q=bill%20skarsg%C3%A5rd&geo=US"
"glenn close","1 mil+","26 de agosto de 2026 a las 2:50:00 UTC-3","26 de agosto de 2026 a las 10:00:00 UTC-3","glenn close","./explore?q=glenn%20close&geo=US"
"eminem","5 mil+","25 de agosto de 2026 a las 21:40:00 UTC-3","25 de agosto de 2026 a las 23:20:00 UTC-3","eminem,eminem dolly parton","./explore?q=eminem&geo=US"
"dave ramsey","2 mil+","25 de agosto de 2026 a las 19:40:00 UTC-3","25 de agosto de 2026 a las 22:40:00 UTC-3","dave ramsey","./explore?q=dave%20ramsey&geo=US"
"robert de niro","2 mil+","25 de agosto de 2026 a las 9:20:00 UTC-3","25 de agosto de 2026 a las 13:50:00 UTC-3","robert de niro,robert deniro","./explore?q=robert%20de%20niro&geo=US"
"mrvl stock","500+","26 de agosto de 2026 a las 18:10:00 UTC-3","26 de agosto de 2026 a las 19:00:00 UTC-3","mrvl stock","./explore?q=mrvl%20stock&geo=US"
"mikel oyarzabal","1 mil+","26 de agosto de 2026 a las 16:20:00 UTC-3","26 de agosto de 2026 a las 17:50:00 UTC-3","mikel oyarzabal","./explore?q=mikel%20oyarzabal&geo=US"
"madonna","2 mil+","25 de agosto de 2026 a las 15:50:00 UTC-3","25 de agosto de 2026 a las 21:00:00 UTC-3","madonna","./explore?q=madonna&geo=US"
"2k","1 mil+","26 de agosto de 2026 a las 13:20:00 UTC-3","26 de agosto de 2026 a las 18:50:00 UTC-3","2k,2k servers down","./explore?q=2k&geo=US"
"red sox standings","2 mil+","25 de agosto de 2026 a las 23:20:00 UTC-3","26 de agosto de 2026 a las 8:50:00 UTC-3","red sox standings","./explore?q=red%20sox%20standings&geo=US"
"luis garcía jr.","2 mil+","25 de agosto de 2026 a las 21:40:00 UTC-3","26 de agosto de 2026 a las 0:30:00 UTC-3","luis garcía jr.","./explore?q=luis%20garc%C3%ADa%20jr.&geo=US"
"cody bellinger","2 mil+","25 de agosto de 2026 a las 21:00:00 UTC-3","26 de agosto de 2026 a las 0:30:00 UTC-3","cody bellinger","./explore?q=cody%20bellinger&geo=US"
"oneil cruz","2 mil+","26 de agosto de 2026 a las 0:50:00 UTC-3","26 de agosto de 2026 a las 8:40:00 UTC-3","oneil cruz,padres score,mason miller,padres game today","./explore?q=oneil%20cruz&geo=US"
"dj humphries","2 mil+","25 de agosto de 2026 a las 17:50:00 UTC-3","25 de agosto de 2026 a las 21:10:00 UTC-3","dj humphries","./explore?q=dj%20humphries&geo=US"
"temblor en colombia hoy","1 mil+","26 de agosto de 2026 a las 14:00:00 UTC-3","26 de agosto de 2026 a las 15:40:00 UTC-3","temblor en colombia hoy,temblor en colombia","./explore?q=temblor%20en%20colombia%20hoy&geo=US"
"imagination library state budget reductions","1 mil+","26 de agosto de 2026 a las 12:40:00 UTC-3","26 de agosto de 2026 a las 15:00:00 UTC-3","imagination library state budget reductions","./explore?q=imagination%20library%20state%20budget%20reductions&geo=US"
"daniil medvedev","2 mil+","25 de agosto de 2026 a las 19:50:00 UTC-3","25 de agosto de 2026 a las 22:50:00 UTC-3","daniil medvedev,medvedev","./explore?q=daniil%20medvedev&geo=US"
"jamie dimon foundation hbcu donation","2 mil+","25 de agosto de 2026 a las 8:30:00 UTC-3","25 de agosto de 2026 a las 15:00:00 UTC-3","jamie dimon foundation hbcu donation","./explore?q=jamie%20dimon%20foundation%20hbcu%20donation&geo=US"
"health care","2 mil+","25 de agosto de 2026 a las 9:40:00 UTC-3","25 de agosto de 2026 a las 13:50:00 UTC-3","health care","./explore?q=health%20care&geo=US"
"backrooms hbo max release date","2 mil+","25 de agosto de 2026 a las 18:30:00 UTC-3","25 de agosto de 2026 a las 22:50:00 UTC-3","backrooms hbo max release date,backrooms movie streaming hbo max","./explore?q=backrooms%20hbo%20max%20release%20date&geo=US"
"fanduel","500+","26 de agosto de 2026 a las 2:40:00 UTC-3","26 de agosto de 2026 a las 8:00:00 UTC-3","fanduel","./explore?q=fanduel&geo=US"
"breaking news","2 mil+","25 de agosto de 2026 a las 15:00:00 UTC-3","25 de agosto de 2026 a las 18:00:00 UTC-3","breaking news,tucson","./explore?q=breaking%20news&geo=US"
"espn plus","500+","26 de agosto de 2026 a las 16:00:00 UTC-3","26 de agosto de 2026 a las 17:10:00 UTC-3","espn plus","./explore?q=espn%20plus&geo=US"
"thescore bet promo code","2 mil+","26 de agosto de 2026 a las 3:20:00 UTC-3","26 de agosto de 2026 a las 8:10:00 UTC-3","thescore bet promo code,thescore bet,bodo glimt,bodø/glimt vs nec","./explore?q=thescore%20bet%20promo%20code&geo=US"
"the lake bay vessel grounding","2 mil+","25 de agosto de 2026 a las 19:30:00 UTC-3","25 de agosto de 2026 a las 22:50:00 UTC-3","the lake bay vessel grounding","./explore?q=the%20lake%20bay%20vessel%20grounding&geo=US"
"fanduel vs draftkings","1 mil+","26 de agosto de 2026 a las 3:20:00 UTC-3","26 de agosto de 2026 a las 8:10:00 UTC-3","fanduel vs draftkings,draftkings odds","./explore?q=fanduel%20vs%20draftkings&geo=US"
"ohio principal homeless student","2 mil+","25 de agosto de 2026 a las 1:00:00 UTC-3","25 de agosto de 2026 a las 6:00:00 UTC-3","ohio principal homeless student","./explore?q=ohio%20principal%20homeless%20student&geo=US"
"ella langley","2 mil+","26 de agosto de 2026 a las 0:50:00 UTC-3","26 de agosto de 2026 a las 3:00:00 UTC-3","ella langley","./explore?q=ella%20langley&geo=US"
"mets","5 mil+","25 de agosto de 2026 a las 23:10:00 UTC-3","26 de agosto de 2026 a las 0:20:00 UTC-3","mets,new york mets,zac thornton","./explore?q=mets&geo=US"
"dólar estadounidense","1 mil+","26 de agosto de 2026 a las 2:10:00 UTC-3","26 de agosto de 2026 a las 9:20:00 UTC-3","dólar estadounidense","./explore?q=d%C3%B3lar%20estadounidense&geo=US"
"clay holmes","2 mil+","25 de agosto de 2026 a las 23:30:00 UTC-3","26 de agosto de 2026 a las 1:30:00 UTC-3","clay holmes,ryan waldschmidt,jacob webb","./explore?q=clay%20holmes&geo=US"
"hillary clinton","500+","26 de agosto de 2026 a las 18:10:00 UTC-3","26 de agosto de 2026 a las 19:10:00 UTC-3","hillary clinton","./explore?q=hillary%20clinton&geo=US"
"layoff","2 mil+","25 de agosto de 2026 a las 17:40:00 UTC-3","25 de agosto de 2026 a las 20:40:00 UTC-3","layoff","./explore?q=layoff&geo=US"
"qinwen zheng","1 mil+","26 de agosto de 2026 a las 12:40:00 UTC-3","26 de agosto de 2026 a las 14:40:00 UTC-3","qinwen zheng","./explore?q=qinwen%20zheng&geo=US"
"jose altuve","2 mil+","25 de agosto de 2026 a las 20:40:00 UTC-3","25 de agosto de 2026 a las 23:50:00 UTC-3","jose altuve","./explore?q=jose%20altuve&geo=US"
"new york giants wide receiver cuts","2 mil+","25 de agosto de 2026 a las 6:40:00 UTC-3","25 de agosto de 2026 a las 13:40:00 UTC-3","new york giants wide receiver cuts","./explore?q=new%20york%20giants%20wide%20receiver%20cuts&geo=US"
"will forte","1 mil+","26 de agosto de 2026 a las 2:10:00 UTC-3","26 de agosto de 2026 a las 10:30:00 UTC-3","will forte","./explore?q=will%20forte&geo=US"
"bassem youssef australian tour postponed","1 mil+","26 de agosto de 2026 a las 11:30:00 UTC-3","26 de agosto de 2026 a las 13:50:00 UTC-3","bassem youssef australian tour postponed","./explore?q=bassem%20youssef%20australian%20tour%20postponed&geo=US"
"abdul el sayed dolly parton post","1 mil+","26 de agosto de 2026 a las 14:20:00 UTC-3","26 de agosto de 2026 a las 15:40:00 UTC-3","abdul el sayed dolly parton post,abdul el-sayed dolly parton post","./explore?q=abdul%20el%20sayed%20dolly%20parton%20post&geo=US"
"ali larter","2 mil+","25 de agosto de 2026 a las 10:40:00 UTC-3","26 de agosto de 2026 a las 4:20:00 UTC-3","ali larter","./explore?q=ali%20larter&geo=US"
"paul engelmayer ghislaine maxwell decision","2 mil+","25 de agosto de 2026 a las 12:30:00 UTC-3","25 de agosto de 2026 a las 15:10:00 UTC-3","paul engelmayer ghislaine maxwell decision,ghislaine maxwell,ghislaine maxwell appeal ruling","./explore?q=paul%20engelmayer%20ghislaine%20maxwell%20decision&geo=US"
"max holloway ufc 329 fine","500+","26 de agosto de 2026 a las 15:30:00 UTC-3","26 de agosto de 2026 a las 17:00:00 UTC-3","max holloway ufc 329 fine","./explore?q=max%20holloway%20ufc%20329%20fine&geo=US"
"burning man","2 mil+","25 de agosto de 2026 a las 1:20:00 UTC-3","26 de agosto de 2026 a las 3:40:00 UTC-3","burning man","./explore?q=burning%20man&geo=US"
"fan duel","1 mil+","26 de agosto de 2026 a las 2:50:00 UTC-3","26 de agosto de 2026 a las 8:20:00 UTC-3","fan duel,jonah cox,lars nootbaar,ryan kreidler","./explore?q=fan%20duel&geo=US"
"chelsea vs sociedad","500+","26 de agosto de 2026 a las 15:00:00 UTC-3","26 de agosto de 2026 a las 17:20:00 UTC-3","chelsea vs sociedad","./explore?q=chelsea%20vs%20sociedad&geo=US"
"espn+","500+","26 de agosto de 2026 a las 16:00:00 UTC-3","26 de agosto de 2026 a las 17:10:00 UTC-3","espn+","./explore?q=espn%2B&geo=US"
"people magazine","2 mil+","25 de agosto de 2026 a las 14:50:00 UTC-3","25 de agosto de 2026 a las 18:10:00 UTC-3","people magazine","./explore?q=people%20magazine&geo=US"
"al east standings","1 mil+","25 de agosto de 2026 a las 23:20:00 UTC-3","26 de agosto de 2026 a las 8:30:00 UTC-3","al east standings","./explore?q=al%20east%20standings&geo=US"
"ola de frío","500+","26 de agosto de 2026 a las 7:10:00 UTC-3","26 de agosto de 2026 a las 10:10:00 UTC-3","ola de frío","./explore?q=ola%20de%20fr%C3%ADo&geo=US"
"patrick mcenroe","500+","26 de agosto de 2026 a las 10:30:00 UTC-3","26 de agosto de 2026 a las 12:40:00 UTC-3","patrick mcenroe","./explore?q=patrick%20mcenroe&geo=US"
"ipswich town vs leicester city","2 mil+","25 de agosto de 2026 a las 16:30:00 UTC-3","25 de agosto de 2026 a las 19:20:00 UTC-3","ipswich town vs leicester city","./explore?q=ipswich%20town%20vs%20leicester%20city&geo=US"
"dallas weather","500+","26 de agosto de 2026 a las 20:40:00 UTC-3","26 de agosto de 2026 a las 21:10:00 UTC-3","dallas weather","./explore?q=dallas%20weather&geo=US"
"mark curry","1 mil+","26 de agosto de 2026 a las 0:20:00 UTC-3","26 de agosto de 2026 a las 10:20:00 UTC-3","mark curry","./explore?q=mark%20curry&geo=US"
"real betis","2 mil+","25 de agosto de 2026 a las 16:20:00 UTC-3","25 de agosto de 2026 a las 19:00:00 UTC-3","real betis,betis","./explore?q=real%20betis&geo=US"
"bryan avila","2 mil+","25 de agosto de 2026 a las 11:50:00 UTC-3","25 de agosto de 2026 a las 16:20:00 UTC-3","bryan avila","./explore?q=bryan%20avila&geo=US"
"glen powell","2 mil+","25 de agosto de 2026 a las 0:50:00 UTC-3","25 de agosto de 2026 a las 5:40:00 UTC-3","glen powell","./explore?q=glen%20powell&geo=US"
"draftkings vs fanduel","500+","26 de agosto de 2026 a las 3:20:00 UTC-3","26 de agosto de 2026 a las 8:10:00 UTC-3","draftkings vs fanduel","./explore?q=draftkings%20vs%20fanduel&geo=US"
"nicaragua","500+","26 de agosto de 2026 a las 14:50:00 UTC-3","26 de agosto de 2026 a las 16:20:00 UTC-3","nicaragua","./explore?q=nicaragua&geo=US"
"jeanine pirro bar complaints","2 mil+","25 de agosto de 2026 a las 17:50:00 UTC-3","25 de agosto de 2026 a las 22:00:00 UTC-3","jeanine pirro bar complaints","./explore?q=jeanine%20pirro%20bar%20complaints&geo=US"
"draft kings","500+","26 de agosto de 2026 a las 3:10:00 UTC-3","26 de agosto de 2026 a las 8:20:00 UTC-3","draft kings","./explore?q=draft%20kings&geo=US"
"mariners schedule","5 mil+","26 de agosto de 2026 a las 1:00:00 UTC-3","26 de agosto de 2026 a las 3:20:00 UTC-3","mariners schedule,phillies","./explore?q=mariners%20schedule&geo=US"
"max clark","2 mil+","25 de agosto de 2026 a las 21:20:00 UTC-3","25 de agosto de 2026 a las 23:50:00 UTC-3","max clark","./explore?q=max%20clark&geo=US"
"iphone ultra","1 mil+","26 de agosto de 2026 a las 0:30:00 UTC-3","26 de agosto de 2026 a las 9:50:00 UTC-3","iphone ultra","./explore?q=iphone%20ultra&geo=US"
"cleveland guardians","2 mil+","25 de agosto de 2026 a las 1:20:00 UTC-3","25 de agosto de 2026 a las 9:00:00 UTC-3","cleveland guardians,guardians score,austin hedges","./explore?q=cleveland%20guardians&geo=US"
"francisco lindor","2 mil+","25 de agosto de 2026 a las 22:00:00 UTC-3","26 de agosto de 2026 a las 8:20:00 UTC-3","francisco lindor,christopher morel","./explore?q=francisco%20lindor&geo=US"
"dutch boy paints 2027 color","2 mil+","25 de agosto de 2026 a las 16:00:00 UTC-3","25 de agosto de 2026 a las 20:10:00 UTC-3","dutch boy paints 2027 color","./explore?q=dutch%20boy%20paints%202027%20color&geo=US"
"bet365 bonus code","500+","26 de agosto de 2026 a las 3:10:00 UTC-3","26 de agosto de 2026 a las 8:20:00 UTC-3","bet365 bonus code","./explore?q=bet365%20bonus%20code&geo=US"
"blaze berlowitz","2 mil+","25 de agosto de 2026 a las 10:20:00 UTC-3","25 de agosto de 2026 a las 14:50:00 UTC-3","blaze berlowitz","./explore?q=blaze%20berlowitz&geo=US"
"john goodman","1 mil+","25 de agosto de 2026 a las 23:40:00 UTC-3","26 de agosto de 2026 a las 2:10:00 UTC-3","john goodman","./explore?q=john%20goodman&geo=US"
"nail","2 mil+","25 de agosto de 2026 a las 6:10:00 UTC-3","25 de agosto de 2026 a las 13:30:00 UTC-3","nail","./explore?q=nail&geo=US"
"queen elizabeth","2 mil+","25 de agosto de 2026 a las 16:00:00 UTC-3","26 de agosto de 2026 a las 4:10:00 UTC-3","queen elizabeth","./explore?q=queen%20elizabeth&geo=US"
"bet mgm","500+","26 de agosto de 2026 a las 3:50:00 UTC-3","26 de agosto de 2026 a las 8:20:00 UTC-3","bet mgm","./explore?q=bet%20mgm&geo=US"
"lego star wars ucs super star destroyer","500+","26 de agosto de 2026 a las 15:10:00 UTC-3","26 de agosto de 2026 a las 16:10:00 UTC-3","lego star wars ucs super star destroyer","./explore?q=lego%20star%20wars%20ucs%20super%20star%20destroyer&geo=US"
"draftkings sportsbook","500+","26 de agosto de 2026 a las 3:20:00 UTC-3","26 de agosto de 2026 a las 8:00:00 UTC-3","draftkings sportsbook","./explore?q=draftkings%20sportsbook&geo=US"
"dazed","1 mil+","26 de agosto de 2026 a las 13:50:00 UTC-3","26 de agosto de 2026 a las 15:00:00 UTC-3","dazed,dazed magazine","./explore?q=dazed&geo=US"
"google news","5 mil+","25 de agosto de 2026 a las 15:10:00 UTC-3","25 de agosto de 2026 a las 17:20:00 UTC-3","google news","./explore?q=google%20news&geo=US"
"tires near me","1 mil+","26 de agosto de 2026 a las 4:10:00 UTC-3","26 de agosto de 2026 a las 12:40:00 UTC-3","tires near me","./explore?q=tires%20near%20me&geo=US"
"anna wintour","2 mil+","25 de agosto de 2026 a las 22:10:00 UTC-3","25 de agosto de 2026 a las 23:30:00 UTC-3","anna wintour","./explore?q=anna%20wintour&geo=US"
"17-0","1 mil+","26 de agosto de 2026 a las 10:00:00 UTC-3","26 de agosto de 2026 a las 15:40:00 UTC-3","17-0","./explore?q=17-0&geo=US"
"pce data","500+","26 de agosto de 2026 a las 9:30:00 UTC-3","26 de agosto de 2026 a las 11:10:00 UTC-3","pce data","./explore?q=pce%20data&geo=US"
"blick","1 mil+","25 de agosto de 2026 a las 7:10:00 UTC-3","25 de agosto de 2026 a las 14:30:00 UTC-3","blick","./explore?q=blick&geo=US"
"george kirby","1 mil+","25 de agosto de 2026 a las 23:20:00 UTC-3","26 de agosto de 2026 a las 2:20:00 UTC-3","george kirby","./explore?q=george%20kirby&geo=US"
"tom aspinall","200+","26 de agosto de 2026 a las 17:10:00 UTC-3","26 de agosto de 2026 a las 18:20:00 UTC-3","tom aspinall","./explore?q=tom%20aspinall&geo=US"
"betmgm free bet","500+","26 de agosto de 2026 a las 3:50:00 UTC-3","26 de agosto de 2026 a las 8:20:00 UTC-3","betmgm free bet","./explore?q=betmgm%20free%20bet&geo=US"
"jordan lawlar","500+","26 de agosto de 2026 a las 18:40:00 UTC-3","26 de agosto de 2026 a las 19:20:00 UTC-3","jordan lawlar","./explore?q=jordan%20lawlar&geo=US"
"motley fool","500+","26 de agosto de 2026 a las 3:00:00 UTC-3","26 de agosto de 2026 a las 7:50:00 UTC-3","motley fool","./explore?q=motley%20fool&geo=US"
"courier","1 mil+","25 de agosto de 2026 a las 8:00:00 UTC-3","25 de agosto de 2026 a las 14:00:00 UTC-3","courier","./explore?q=courier&geo=US"
"draftkings fantasy","500+","26 de agosto de 2026 a las 3:50:00 UTC-3","26 de agosto de 2026 a las 8:10:00 UTC-3","draftkings fantasy","./explore?q=draftkings%20fantasy&geo=US"
"bayonne little league","1 mil+","25 de agosto de 2026 a las 21:50:00 UTC-3","25 de agosto de 2026 a las 23:30:00 UTC-3","bayonne little league","./explore?q=bayonne%20little%20league&geo=US"
"daniel rincon","500+","26 de agosto de 2026 a las 12:50:00 UTC-3","26 de agosto de 2026 a las 14:20:00 UTC-3","daniel rincon","./explore?q=daniel%20rincon&geo=US"
"ian mckellen","500+","26 de agosto de 2026 a las 13:40:00 UTC-3","26 de agosto de 2026 a las 14:50:00 UTC-3","ian mckellen","./explore?q=ian%20mckellen&geo=US"
"policía","1 mil+","25 de agosto de 2026 a las 10:50:00 UTC-3","25 de agosto de 2026 a las 15:20:00 UTC-3","policía","./explore?q=polic%C3%ADa&geo=US"
"ian happ","1 mil+","25 de agosto de 2026 a las 23:30:00 UTC-3","26 de agosto de 2026 a las 1:40:00 UTC-3","ian happ","./explore?q=ian%20happ&geo=US"
"sunday ticket","1 mil+","25 de agosto de 2026 a las 6:50:00 UTC-3","25 de agosto de 2026 a las 11:30:00 UTC-3","sunday ticket","./explore?q=sunday%20ticket&geo=US"
"cal raleigh stats","1 mil+","25 de agosto de 2026 a las 1:10:00 UTC-3","26 de agosto de 2026 a las 0:50:00 UTC-3","cal raleigh stats","./explore?q=cal%20raleigh%20stats&geo=US"
"sec","2 mil+","25 de agosto de 2026 a las 20:20:00 UTC-3","25 de agosto de 2026 a las 23:00:00 UTC-3","sec,associated press,college","./explore?q=sec&geo=US"
"foxnews","5 mil+","25 de agosto de 2026 a las 15:10:00 UTC-3","25 de agosto de 2026 a las 17:00:00 UTC-3","foxnews,fox","./explore?q=foxnews&geo=US"
"angels","2 mil+","26 de agosto de 2026 a las 1:40:00 UTC-3","26 de agosto de 2026 a las 3:00:00 UTC-3","angels,los angeles angels","./explore?q=angels&geo=US"
"aliens fireteam elite 2","1 mil+","25 de agosto de 2026 a las 12:40:00 UTC-3","26 de agosto de 2026 a las 7:10:00 UTC-3","aliens fireteam elite 2","./explore?q=aliens%20fireteam%20elite%202&geo=US"
"copa centroamericana de concacaf","500+","26 de agosto de 2026 a las 1:20:00 UTC-3","26 de agosto de 2026 a las 8:50:00 UTC-3","copa centroamericana de concacaf","./explore?q=copa%20centroamericana%20de%20concacaf&geo=US"
"the motley fool","500+","26 de agosto de 2026 a las 3:30:00 UTC-3","26 de agosto de 2026 a las 7:50:00 UTC-3","the motley fool","./explore?q=the%20motley%20fool&geo=US"
"budget","500+","26 de agosto de 2026 a las 3:30:00 UTC-3","26 de agosto de 2026 a las 7:50:00 UTC-3","budget","./explore?q=budget&geo=US"
"lions vs new zealand","1 mil+","25 de agosto de 2026 a las 13:40:00 UTC-3","25 de agosto de 2026 a las 16:20:00 UTC-3","lions vs new zealand","./explore?q=lions%20vs%20new%20zealand&geo=US"
"kathie lee gifford","2 mil+","25 de agosto de 2026 a las 20:10:00 UTC-3","25 de agosto de 2026 a las 21:30:00 UTC-3","kathie lee gifford","./explore?q=kathie%20lee%20gifford&geo=US"
"liam delap","1 mil+","25 de agosto de 2026 a las 14:20:00 UTC-3","25 de agosto de 2026 a las 17:50:00 UTC-3","liam delap","./explore?q=liam%20delap&geo=US"
"blood sacrifice netflix","1 mil+","25 de agosto de 2026 a las 21:30:00 UTC-3","26 de agosto de 2026 a las 0:30:00 UTC-3","blood sacrifice netflix","./explore?q=blood%20sacrifice%20netflix&geo=US"
"dallas weather","1 mil+","25 de agosto de 2026 a las 8:20:00 UTC-3","25 de agosto de 2026 a las 12:50:00 UTC-3","dallas weather,weather dallas","./explore?q=dallas%20weather&geo=US"
"ajax vs real madrid","500+","26 de agosto de 2026 a las 14:50:00 UTC-3","26 de agosto de 2026 a las 15:50:00 UTC-3","ajax vs real madrid","./explore?q=ajax%20vs%20real%20madrid&geo=US"
"former steelers wr allen robinson","1 mil+","25 de agosto de 2026 a las 5:30:00 UTC-3","25 de agosto de 2026 a las 10:20:00 UTC-3","former steelers wr allen robinson","./explore?q=former%20steelers%20wr%20allen%20robinson&geo=US"
"epstein files","500+","26 de agosto de 2026 a las 11:30:00 UTC-3","26 de agosto de 2026 a las 12:40:00 UTC-3","epstein files","./explore?q=epstein%20files&geo=US"
"apple martin gwyneth paltrow style","1 mil+","25 de agosto de 2026 a las 14:50:00 UTC-3","25 de agosto de 2026 a las 18:40:00 UTC-3","apple martin gwyneth paltrow style","./explore?q=apple%20martin%20gwyneth%20paltrow%20style&geo=US"
"gordie howe","200+","26 de agosto de 2026 a las 18:10:00 UTC-3","26 de agosto de 2026 a las 18:50:00 UTC-3","gordie howe","./explore?q=gordie%20howe&geo=US"
"new york times best seller list","200+","26 de agosto de 2026 a las 19:30:00 UTC-3","26 de agosto de 2026 a las 20:00:00 UTC-3","new york times best seller list","./explore?q=new%20york%20times%20best%20seller%20list&geo=US"
"sofia vergara","1 mil+","25 de agosto de 2026 a las 21:40:00 UTC-3","26 de agosto de 2026 a las 1:20:00 UTC-3","sofia vergara","./explore?q=sofia%20vergara&geo=US"
"india vs sri lanka","2 mil+","25 de agosto de 2026 a las 7:20:00 UTC-3","25 de agosto de 2026 a las 8:50:00 UTC-3","india vs sri lanka,sonal dinusha,pasindu sooriyabandara","./explore?q=india%20vs%20sri%20lanka&geo=US"
"kfc hot ranch release","1 mil+","25 de agosto de 2026 a las 7:00:00 UTC-3","25 de agosto de 2026 a las 12:10:00 UTC-3","kfc hot ranch release","./explore?q=kfc%20hot%20ranch%20release&geo=US"
"stan wawrinka","500+","26 de agosto de 2026 a las 10:00:00 UTC-3","26 de agosto de 2026 a las 14:00:00 UTC-3","stan wawrinka,stan wawrinka us open farewell","./explore?q=stan%20wawrinka&geo=US"
"chivas vs america","1 mil+","25 de agosto de 2026 a las 19:50:00 UTC-3","26 de agosto de 2026 a las 3:00:00 UTC-3","chivas vs america","./explore?q=chivas%20vs%20america&geo=US"
"snps stock","200+","26 de agosto de 2026 a las 17:30:00 UTC-3","26 de agosto de 2026 a las 18:10:00 UTC-3","snps stock","./explore?q=snps%20stock&geo=US"
"stoke city vs hull","1 mil+","25 de agosto de 2026 a las 17:50:00 UTC-3","25 de agosto de 2026 a las 19:30:00 UTC-3","stoke city vs hull","./explore?q=stoke%20city%20vs%20hull&geo=US"
"speed limit","1 mil+","25 de agosto de 2026 a las 8:10:00 UTC-3","25 de agosto de 2026 a las 11:30:00 UTC-3","speed limit","./explore?q=speed%20limit&geo=US"
"truck accident lawyer","1 mil+","25 de agosto de 2026 a las 6:10:00 UTC-3","25 de agosto de 2026 a las 8:00:00 UTC-3","truck accident lawyer,truck accident attorney,car accident attorney","./explore?q=truck%20accident%20lawyer&geo=US"
"joey porter jr","2 mil+","25 de agosto de 2026 a las 14:00:00 UTC-3","25 de agosto de 2026 a las 16:40:00 UTC-3","joey porter jr","./explore?q=joey%20porter%20jr&geo=US"
"supermarket","500+","26 de agosto de 2026 a las 4:30:00 UTC-3","26 de agosto de 2026 a las 6:10:00 UTC-3","supermarket","./explore?q=supermarket&geo=US"
"powerball winning numbers august 24 2026","1 mil+","25 de agosto de 2026 a las 7:20:00 UTC-3","25 de agosto de 2026 a las 19:40:00 UTC-3","powerball winning numbers august 24 2026","./explore?q=powerball%20winning%20numbers%20august%2024%202026&geo=US"
"vermont avenue intersection closed las vegas","200+","26 de agosto de 2026 a las 4:00:00 UTC-3","26 de agosto de 2026 a las 7:10:00 UTC-3","vermont avenue intersection closed las vegas","./explore?q=vermont%20avenue%20intersection%20closed%20las%20vegas&geo=US"
"annie lowrey","1 mil+","25 de agosto de 2026 a las 7:00:00 UTC-3","25 de agosto de 2026 a las 15:00:00 UTC-3","annie lowrey","./explore?q=annie%20lowrey&geo=US"
"famous birthdays","2 mil+","25 de agosto de 2026 a las 20:50:00 UTC-3","26 de agosto de 2026 a las 0:00:00 UTC-3","famous birthdays","./explore?q=famous%20birthdays&geo=US"
"edward furlong","1 mil+","25 de agosto de 2026 a las 5:50:00 UTC-3","25 de agosto de 2026 a las 11:00:00 UTC-3","edward furlong","./explore?q=edward%20furlong&geo=US"
"robert reich","200+","26 de agosto de 2026 a las 9:20:00 UTC-3","26 de agosto de 2026 a las 10:30:00 UTC-3","robert reich","./explore?q=robert%20reich&geo=US"
"cam hazzard","500+","25 de agosto de 2026 a las 22:20:00 UTC-3","26 de agosto de 2026 a las 9:10:00 UTC-3","cam hazzard","./explore?q=cam%20hazzard&geo=US"
"9 to 5 song","1 mil+","25 de agosto de 2026 a las 15:30:00 UTC-3","25 de agosto de 2026 a las 18:00:00 UTC-3","9 to 5 song","./explore?q=9%20to%205%20song&geo=US"
"mystics","1 mil+","25 de agosto de 2026 a las 23:30:00 UTC-3","26 de agosto de 2026 a las 1:30:00 UTC-3","mystics,washington mystics","./explore?q=mystics&geo=US"
"the home depot","500+","26 de agosto de 2026 a las 5:00:00 UTC-3","26 de agosto de 2026 a las 6:20:00 UTC-3","the home depot","./explore?q=the%20home%20depot&geo=US"
"alyssa thomas","500+","25 de agosto de 2026 a las 23:40:00 UTC-3","26 de agosto de 2026 a las 1:30:00 UTC-3","alyssa thomas","./explore?q=alyssa%20thomas&geo=US"
"payton tolle","1 mil+","25 de agosto de 2026 a las 20:30:00 UTC-3","25 de agosto de 2026 a las 21:40:00 UTC-3","payton tolle,marlins","./explore?q=payton%20tolle&geo=US"
"usha vance","200+","26 de agosto de 2026 a las 8:40:00 UTC-3","26 de agosto de 2026 a las 9:50:00 UTC-3","usha vance","./explore?q=usha%20vance&geo=US"
"flock camera","2 mil+","25 de agosto de 2026 a las 7:30:00 UTC-3","25 de agosto de 2026 a las 9:20:00 UTC-3","flock camera","./explore?q=flock%20camera&geo=US"
"james blake tennis","1 mil+","25 de agosto de 2026 a las 22:30:00 UTC-3","25 de agosto de 2026 a las 23:40:00 UTC-3","james blake tennis","./explore?q=james%20blake%20tennis&geo=US"
"raygun","200+","26 de agosto de 2026 a las 7:30:00 UTC-3","26 de agosto de 2026 a las 9:30:00 UTC-3","raygun","./explore?q=raygun&geo=US"
"吉隆口岸","200+","26 de agosto de 2026 a las 6:50:00 UTC-3","26 de agosto de 2026 a las 8:20:00 UTC-3","吉隆口岸,西藏泥石流","./explore?q=%E5%90%89%E9%9A%86%E5%8F%A3%E5%B2%B8&geo=US"
"antonia gorga post college plans","200+","26 de agosto de 2026 a las 8:30:00 UTC-3","26 de agosto de 2026 a las 10:00:00 UTC-3","antonia gorga post college plans","./explore?q=antonia%20gorga%20post%20college%20plans&geo=US"
"opa opa big e","500+","26 de agosto de 2026 a las 7:40:00 UTC-3","26 de agosto de 2026 a las 9:30:00 UTC-3","opa opa big e","./explore?q=opa%20opa%20big%20e&geo=US"
"giants depth chart","200+","26 de agosto de 2026 a las 10:00:00 UTC-3","26 de agosto de 2026 a las 11:10:00 UTC-3","giants depth chart","./explore?q=giants%20depth%20chart&geo=US"
"ron desantis","1 mil+","25 de agosto de 2026 a las 7:50:00 UTC-3","25 de agosto de 2026 a las 10:20:00 UTC-3","ron desantis","./explore?q=ron%20desantis&geo=US"
"shakur stevenson","500+","25 de agosto de 2026 a las 4:50:00 UTC-3","25 de agosto de 2026 a las 8:10:00 UTC-3","shakur stevenson","./explore?q=shakur%20stevenson&geo=US"
"ethan pecko","1 mil+","25 de agosto de 2026 a las 20:30:00 UTC-3","25 de agosto de 2026 a las 22:10:00 UTC-3","ethan pecko","./explore?q=ethan%20pecko&geo=US"
"padres game","1 mil+","26 de agosto de 2026 a las 0:40:00 UTC-3","26 de agosto de 2026 a las 1:50:00 UTC-3","padres game,padres vs pirates,pirates","./explore?q=padres%20game&geo=US"
"luis garcia jr","1 mil+","25 de agosto de 2026 a las 21:40:00 UTC-3","25 de agosto de 2026 a las 23:30:00 UTC-3","luis garcia jr","./explore?q=luis%20garcia%20jr&geo=US"
"meghan markle news","1 mil+","25 de agosto de 2026 a las 19:20:00 UTC-3","25 de agosto de 2026 a las 21:00:00 UTC-3","meghan markle news","./explore?q=meghan%20markle%20news&geo=US"
"nikola bartunkova","500+","26 de agosto de 2026 a las 2:00:00 UTC-3","26 de agosto de 2026 a las 4:00:00 UTC-3","nikola bartunkova","./explore?q=nikola%20bartunkova&geo=US"
"tom","200+","26 de agosto de 2026 a las 13:20:00 UTC-3","26 de agosto de 2026 a las 14:20:00 UTC-3","tom","./explore?q=tom&geo=US"
"john wayne","1 mil+","25 de agosto de 2026 a las 16:30:00 UTC-3","25 de agosto de 2026 a las 18:10:00 UTC-3","john wayne","./explore?q=john%20wayne&geo=US"
"josh brolin","1 mil+","25 de agosto de 2026 a las 1:00:00 UTC-3","25 de agosto de 2026 a las 10:50:00 UTC-3","josh brolin","./explore?q=josh%20brolin&geo=US"
"tim finchem","500+","25 de agosto de 2026 a las 20:30:00 UTC-3","25 de agosto de 2026 a las 23:40:00 UTC-3","tim finchem","./explore?q=tim%20finchem&geo=US"
"prince harry news","2 mil+","25 de agosto de 2026 a las 10:30:00 UTC-3","25 de agosto de 2026 a las 13:10:00 UTC-3","prince harry news","./explore?q=prince%20harry%20news&geo=US"
"kc royals","1 mil+","25 de agosto de 2026 a las 23:10:00 UTC-3","26 de agosto de 2026 a las 0:00:00 UTC-3","kc royals,kansas city royals,royals - blue jays","./explore?q=kc%20royals&geo=US"
"cycling","200+","26 de agosto de 2026 a las 4:30:00 UTC-3","26 de agosto de 2026 a las 6:10:00 UTC-3","cycling","./explore?q=cycling&geo=US"
"nyrr","1 mil+","25 de agosto de 2026 a las 13:00:00 UTC-3","25 de agosto de 2026 a las 14:40:00 UTC-3","nyrr","./explore?q=nyrr&geo=US"
"pentagon","1 mil+","25 de agosto de 2026 a las 15:20:00 UTC-3","25 de agosto de 2026 a las 17:20:00 UTC-3","pentagon","./explore?q=pentagon&geo=US"
"alek thomas","1 mil+","25 de agosto de 2026 a las 21:20:00 UTC-3","25 de agosto de 2026 a las 22:20:00 UTC-3","alek thomas","./explore?q=alek%20thomas&geo=US"
"ohio voter citizenship requirement injunction","500+","25 de agosto de 2026 a las 19:10:00 UTC-3","25 de agosto de 2026 a las 21:10:00 UTC-3","ohio voter citizenship requirement injunction","./explore?q=ohio%20voter%20citizenship%20requirement%20injunction&geo=US"
"themotleyfool","200+","26 de agosto de 2026 a las 5:20:00 UTC-3","26 de agosto de 2026 a las 8:10:00 UTC-3","themotleyfool","./explore?q=themotleyfool&geo=US"
"mortgages","1 mil+","25 de agosto de 2026 a las 2:00:00 UTC-3","25 de agosto de 2026 a las 5:10:00 UTC-3","mortgages","./explore?q=mortgages&geo=US"
"rob gronkowski","500+","25 de agosto de 2026 a las 9:40:00 UTC-3","25 de agosto de 2026 a las 14:00:00 UTC-3","rob gronkowski","./explore?q=rob%20gronkowski&geo=US"
"npr","1 mil+","25 de agosto de 2026 a las 15:10:00 UTC-3","25 de agosto de 2026 a las 17:00:00 UTC-3","npr","./explore?q=npr&geo=US"
"monica barbaro","1 mil+","25 de agosto de 2026 a las 0:50:00 UTC-3","25 de agosto de 2026 a las 5:00:00 UTC-3","monica barbaro","./explore?q=monica%20barbaro&geo=US"
"notah begay","1 mil+","25 de agosto de 2026 a las 20:40:00 UTC-3","25 de agosto de 2026 a las 23:20:00 UTC-3","notah begay","./explore?q=notah%20begay&geo=US"
"bryce elder","500+","25 de agosto de 2026 a las 20:40:00 UTC-3","25 de agosto de 2026 a las 22:20:00 UTC-3","bryce elder","./explore?q=bryce%20elder&geo=US"
"hidetaka miyazaki","500+","25 de agosto de 2026 a las 5:30:00 UTC-3","25 de agosto de 2026 a las 10:10:00 UTC-3","hidetaka miyazaki","./explore?q=hidetaka%20miyazaki&geo=US"
"el cholo ivan","1 mil+","25 de agosto de 2026 a las 1:30:00 UTC-3","25 de agosto de 2026 a las 5:00:00 UTC-3","el cholo ivan,la captura netflix","./explore?q=el%20cholo%20ivan&geo=US"
"funny videos","500+","26 de agosto de 2026 a las 12:00:00 UTC-3","26 de agosto de 2026 a las 12:40:00 UTC-3","funny videos","./explore?q=funny%20videos&geo=US"
"dolly parton reading program","1 mil+","25 de agosto de 2026 a las 15:30:00 UTC-3","25 de agosto de 2026 a las 17:40:00 UTC-3","dolly parton reading program","./explore?q=dolly%20parton%20reading%20program&geo=US"
"gavin williams","500+","25 de agosto de 2026 a las 23:30:00 UTC-3","26 de agosto de 2026 a las 1:10:00 UTC-3","gavin williams","./explore?q=gavin%20williams&geo=US"
"burning man reno travel advisory","1 mil+","26 de agosto de 2026 a las 1:50:00 UTC-3","26 de agosto de 2026 a las 3:10:00 UTC-3","burning man reno travel advisory,burning man 2026,homes","./explore?q=burning%20man%20reno%20travel%20advisory&geo=US"
"economic calendar","200+","26 de agosto de 2026 a las 9:30:00 UTC-3","26 de agosto de 2026 a las 10:40:00 UTC-3","economic calendar","./explore?q=economic%20calendar&geo=US"
"diane parry","1 mil+","25 de agosto de 2026 a las 1:10:00 UTC-3","25 de agosto de 2026 a las 3:30:00 UTC-3","diane parry,donna vekic,donna vekić","./explore?q=diane%20parry&geo=US"
"whoop","200+","26 de agosto de 2026 a las 6:20:00 UTC-3","26 de agosto de 2026 a las 8:00:00 UTC-3","whoop","./explore?q=whoop&geo=US"
"bank","200+","26 de agosto de 2026 a las 2:40:00 UTC-3","26 de agosto de 2026 a las 3:50:00 UTC-3","bank","./explore?q=bank&geo=US"
"lonzo ball","500+","26 de agosto de 2026 a las 3:10:00 UTC-3","26 de agosto de 2026 a las 5:20:00 UTC-3","lonzo ball","./explore?q=lonzo%20ball&geo=US"
"ronald humphrey","1 mil+","25 de agosto de 2026 a las 20:40:00 UTC-3","25 de agosto de 2026 a las 21:50:00 UTC-3","ronald humphrey,ronald humphrey mma","./explore?q=ronald%20humphrey&geo=US"
"alan ritchson motor city digital release","500+","26 de agosto de 2026 a las 12:50:00 UTC-3","26 de agosto de 2026 a las 13:30:00 UTC-3","alan ritchson motor city digital release,motor city movie","./explore?q=alan%20ritchson%20motor%20city%20digital%20release&geo=US"
"gervon dexter","1 mil+","25 de agosto de 2026 a las 17:10:00 UTC-3","25 de agosto de 2026 a las 18:40:00 UTC-3","gervon dexter","./explore?q=gervon%20dexter&geo=US"
"film crew","200+","26 de agosto de 2026 a las 4:30:00 UTC-3","26 de agosto de 2026 a las 5:40:00 UTC-3","film crew","./explore?q=film%20crew&geo=US"
"wendell pierce","500+","25 de agosto de 2026 a las 20:40:00 UTC-3","25 de agosto de 2026 a las 21:50:00 UTC-3","wendell pierce","./explore?q=wendell%20pierce&geo=US"
"kareem hunt","1 mil+","25 de agosto de 2026 a las 14:50:00 UTC-3","25 de agosto de 2026 a las 16:40:00 UTC-3","kareem hunt","./explore?q=kareem%20hunt&geo=US"
"starlink","1 mil+","26 de agosto de 2026 a las 9:50:00 UTC-3","26 de agosto de 2026 a las 10:20:00 UTC-3","starlink","./explore?q=starlink&geo=US"
"annalynne mccord","500+","25 de agosto de 2026 a las 7:30:00 UTC-3","25 de agosto de 2026 a las 13:10:00 UTC-3","annalynne mccord","./explore?q=annalynne%20mccord&geo=US"
"dawn of the dead","500+","25 de agosto de 2026 a las 8:10:00 UTC-3","25 de agosto de 2026 a las 14:10:00 UTC-3","dawn of the dead","./explore?q=dawn%20of%20the%20dead&geo=US"
"car accident lawyer","1 mil+","25 de agosto de 2026 a las 6:20:00 UTC-3","25 de agosto de 2026 a las 7:50:00 UTC-3","car accident lawyer","./explore?q=car%20accident%20lawyer&geo=US"
"aura farming","1 mil+","25 de agosto de 2026 a las 10:50:00 UTC-3","25 de agosto de 2026 a las 19:40:00 UTC-3","aura farming","./explore?q=aura%20farming&geo=US"
"nick galanti","500+","25 de agosto de 2026 a las 20:00:00 UTC-3","25 de agosto de 2026 a las 21:20:00 UTC-3","nick galanti","./explore?q=nick%20galanti&geo=US"
"mets score","500+","25 de agosto de 2026 a las 23:10:00 UTC-3","26 de agosto de 2026 a las 0:00:00 UTC-3","mets score","./explore?q=mets%20score&geo=US"
"pablo escobar","200+","26 de agosto de 2026 a las 2:30:00 UTC-3","26 de agosto de 2026 a las 5:30:00 UTC-3","pablo escobar","./explore?q=pablo%20escobar&geo=US"
"loans","200+","26 de agosto de 2026 a las 1:40:00 UTC-3","26 de agosto de 2026 a las 2:50:00 UTC-3","loans","./explore?q=loans&geo=US"
"ohio state football schedule","200+","26 de agosto de 2026 a las 7:40:00 UTC-3","26 de agosto de 2026 a las 8:50:00 UTC-3","ohio state football schedule","./explore?q=ohio%20state%20football%20schedule&geo=US"
"credit card","200+","26 de agosto de 2026 a las 1:40:00 UTC-3","26 de agosto de 2026 a las 2:50:00 UTC-3","credit card","./explore?q=credit%20card&geo=US"
"score","200+","26 de agosto de 2026 a las 6:10:00 UTC-3","26 de agosto de 2026 a las 8:00:00 UTC-3","score","./explore?q=score&geo=US"
"resignation","200+","26 de agosto de 2026 a las 8:40:00 UTC-3","26 de agosto de 2026 a las 10:00:00 UTC-3","resignation","./explore?q=resignation&geo=US"
"austin metcalf","500+","25 de agosto de 2026 a las 9:10:00 UTC-3","25 de agosto de 2026 a las 10:20:00 UTC-3","austin metcalf","./explore?q=austin%20metcalf&geo=US"
"aaron nola","500+","25 de agosto de 2026 a las 23:30:00 UTC-3","26 de agosto de 2026 a las 0:30:00 UTC-3","aaron nola","./explore?q=aaron%20nola&geo=US"
"gen z years","500+","25 de agosto de 2026 a las 8:40:00 UTC-3","25 de agosto de 2026 a las 10:50:00 UTC-3","gen z years","./explore?q=gen%20z%20years&geo=US"
"diego luna","500+","26 de agosto de 2026 a las 0:20:00 UTC-3","26 de agosto de 2026 a las 1:40:00 UTC-3","diego luna","./explore?q=diego%20luna&geo=US"
"ted cruz","1 mil+","25 de agosto de 2026 a las 22:20:00 UTC-3","25 de agosto de 2026 a las 23:20:00 UTC-3","ted cruz,ted","./explore?q=ted%20cruz&geo=US"
"tormenta tropical","1 mil+","25 de agosto de 2026 a las 16:10:00 UTC-3","25 de agosto de 2026 a las 17:40:00 UTC-3","tormenta tropical","./explore?q=tormenta%20tropical&geo=US"
"independence high school","500+","25 de agosto de 2026 a las 7:10:00 UTC-3","25 de agosto de 2026 a las 8:40:00 UTC-3","independence high school","./explore?q=independence%20high%20school&geo=US"
"jp crawford","500+","25 de agosto de 2026 a las 23:30:00 UTC-3","26 de agosto de 2026 a las 1:00:00 UTC-3","jp crawford","./explore?q=jp%20crawford&geo=US"
"tom hanks movies","500+","25 de agosto de 2026 a las 8:10:00 UTC-3","25 de agosto de 2026 a las 10:50:00 UTC-3","tom hanks movies","./explore?q=tom%20hanks%20movies&geo=US"
"gravhounds","500+","25 de agosto de 2026 a las 16:30:00 UTC-3","25 de agosto de 2026 a las 17:30:00 UTC-3","gravhounds","./explore?q=gravhounds&geo=US"
"darnell wright","500+","25 de agosto de 2026 a las 17:10:00 UTC-3","25 de agosto de 2026 a las 18:20:00 UTC-3","darnell wright","./explore?q=darnell%20wright&geo=US"
"franklin mint federal credit union","500+","25 de agosto de 2026 a las 8:10:00 UTC-3","25 de agosto de 2026 a las 10:40:00 UTC-3","franklin mint federal credit union","./explore?q=franklin%20mint%20federal%20credit%20union&geo=US"
"anthony davis","500+","25 de agosto de 2026 a las 20:50:00 UTC-3","25 de agosto de 2026 a las 22:00:00 UTC-3","anthony davis","./explore?q=anthony%20davis&geo=US"
"francisco paulino","200+","26 de agosto de 2026 a las 10:00:00 UTC-3","26 de agosto de 2026 a las 10:50:00 UTC-3","francisco paulino","./explore?q=francisco%20paulino&geo=US"
"cruz hewitt","500+","25 de agosto de 2026 a las 18:20:00 UTC-3","25 de agosto de 2026 a las 19:40:00 UTC-3","cruz hewitt","./explore?q=cruz%20hewitt&geo=US"
"dolly parton imdb","500+","25 de agosto de 2026 a las 15:40:00 UTC-3","25 de agosto de 2026 a las 17:00:00 UTC-3","dolly parton imdb","./explore?q=dolly%20parton%20imdb&geo=US"
"bank","500+","25 de agosto de 2026 a las 5:20:00 UTC-3","25 de agosto de 2026 a las 7:50:00 UTC-3","bank","./explore?q=bank&geo=US"
"cremation","200+","26 de agosto de 2026 a las 5:10:00 UTC-3","26 de agosto de 2026 a las 6:10:00 UTC-3","cremation","./explore?q=cremation&geo=US"
"alexander trowbridge north carolina sentencing","200+","25 de agosto de 2026 a las 5:40:00 UTC-3","25 de agosto de 2026 a las 8:50:00 UTC-3","alexander trowbridge north carolina sentencing","./explore?q=alexander%20trowbridge%20north%20carolina%20sentencing&geo=US"
"kate lsu women's basketball","500+","25 de agosto de 2026 a las 7:10:00 UTC-3","25 de agosto de 2026 a las 9:40:00 UTC-3","kate lsu women's basketball","./explore?q=kate%20lsu%20women%27s%20basketball&geo=US"
"new","500+","25 de agosto de 2026 a las 15:10:00 UTC-3","25 de agosto de 2026 a las 16:50:00 UTC-3","new","./explore?q=new&geo=US"
"cartaginés - fas","200+","26 de agosto de 2026 a las 10:00:00 UTC-3","26 de agosto de 2026 a las 10:50:00 UTC-3","cartaginés - fas","./explore?q=cartagin%C3%A9s%20-%20fas&geo=US"
"metro 2039","500+","25 de agosto de 2026 a las 16:00:00 UTC-3","26 de agosto de 2026 a las 5:10:00 UTC-3","metro 2039","./explore?q=metro%202039&geo=US"
"mariners score","500+","25 de agosto de 2026 a las 0:50:00 UTC-3","25 de agosto de 2026 a las 2:30:00 UTC-3","mariners score,phillies score yesterday","./explore?q=mariners%20score&geo=US"
"daily mail","500+","25 de agosto de 2026 a las 15:40:00 UTC-3","25 de agosto de 2026 a las 16:40:00 UTC-3","daily mail","./explore?q=daily%20mail&geo=US"
"kriti sanon","200+","26 de agosto de 2026 a las 8:40:00 UTC-3","26 de agosto de 2026 a las 9:40:00 UTC-3","kriti sanon,ndtv","./explore?q=kriti%20sanon&geo=US"
"renaissance","1 mil+","25 de agosto de 2026 a las 12:40:00 UTC-3","25 de agosto de 2026 a las 14:40:00 UTC-3","renaissance","./explore?q=renaissance&geo=US"
"juventus","200+","25 de agosto de 2026 a las 7:30:00 UTC-3","25 de agosto de 2026 a las 9:20:00 UTC-3","juventus","./explore?q=juventus&geo=US"
"esmerlyn valdez","500+","25 de agosto de 2026 a las 0:30:00 UTC-3","25 de agosto de 2026 a las 8:30:00 UTC-3","esmerlyn valdez","./explore?q=esmerlyn%20valdez&geo=US"
"thad luckinbill","200+","25 de agosto de 2026 a las 7:00:00 UTC-3","25 de agosto de 2026 a las 10:50:00 UTC-3","thad luckinbill","./explore?q=thad%20luckinbill&geo=US"
"us bond market expectations reuters","500+","25 de agosto de 2026 a las 9:10:00 UTC-3","25 de agosto de 2026 a las 11:10:00 UTC-3","us bond market expectations reuters","./explore?q=us%20bond%20market%20expectations%20reuters&geo=US"
"jeshaun jones nfl suspension","100+","26 de agosto de 2026 a las 8:20:00 UTC-3","26 de agosto de 2026 a las 9:30:00 UTC-3","jeshaun jones nfl suspension","./explore?q=jeshaun%20jones%20nfl%20suspension&geo=US"
"moscú","500+","25 de agosto de 2026 a las 17:10:00 UTC-3","25 de agosto de 2026 a las 18:20:00 UTC-3","moscú","./explore?q=mosc%C3%BA&geo=US"
"colman domingo","500+","25 de agosto de 2026 a las 10:40:00 UTC-3","25 de agosto de 2026 a las 12:30:00 UTC-3","colman domingo","./explore?q=colman%20domingo&geo=US"
"mario piazzon","500+","25 de agosto de 2026 a las 21:10:00 UTC-3","25 de agosto de 2026 a las 22:10:00 UTC-3","mario piazzon","./explore?q=mario%20piazzon&geo=US"
"bitcoin price today","500+","25 de agosto de 2026 a las 7:20:00 UTC-3","25 de agosto de 2026 a las 12:00:00 UTC-3","bitcoin price today","./explore?q=bitcoin%20price%20today&geo=US"
"barack obama","200+","26 de agosto de 2026 a las 5:50:00 UTC-3","26 de agosto de 2026 a las 7:00:00 UTC-3","barack obama","./explore?q=barack%20obama&geo=US"
"zach witkoff","500+","25 de agosto de 2026 a las 9:50:00 UTC-3","25 de agosto de 2026 a las 11:00:00 UTC-3","zach witkoff","./explore?q=zach%20witkoff&geo=US"
"el nino forecast california","500+","25 de agosto de 2026 a las 19:10:00 UTC-3","25 de agosto de 2026 a las 20:10:00 UTC-3","el nino forecast california","./explore?q=el%20nino%20forecast%20california&geo=US"
"luis robert jr.","500+","25 de agosto de 2026 a las 22:10:00 UTC-3","25 de agosto de 2026 a las 23:00:00 UTC-3","luis robert jr.","./explore?q=luis%20robert%20jr.&geo=US"
"argentina","200+","26 de agosto de 2026 a las 13:10:00 UTC-3","26 de agosto de 2026 a las 13:40:00 UTC-3","argentina","./explore?q=argentina&geo=US"
"sean clancy jr","500+","25 de agosto de 2026 a las 20:50:00 UTC-3","25 de agosto de 2026 a las 21:50:00 UTC-3","sean clancy jr","./explore?q=sean%20clancy%20jr&geo=US"
"philippine airlines","200+","25 de agosto de 2026 a las 2:20:00 UTC-3","25 de agosto de 2026 a las 6:10:00 UTC-3","philippine airlines","./explore?q=philippine%20airlines&geo=US"
"henry patten","500+","25 de agosto de 2026 a las 13:30:00 UTC-3","25 de agosto de 2026 a las 14:40:00 UTC-3","henry patten,siniakova","./explore?q=henry%20patten&geo=US"
"christian encarnacion-strand","200+","25 de agosto de 2026 a las 22:20:00 UTC-3","25 de agosto de 2026 a las 23:20:00 UTC-3","christian encarnacion-strand","./explore?q=christian%20encarnacion-strand&geo=US"
"mason miller","500+","25 de agosto de 2026 a las 1:40:00 UTC-3","25 de agosto de 2026 a las 2:50:00 UTC-3","mason miller","./explore?q=mason%20miller&geo=US"
"nitter","200+","25 de agosto de 2026 a las 18:20:00 UTC-3","25 de agosto de 2026 a las 19:30:00 UTC-3","nitter","./explore?q=nitter&geo=US"
"kirby yates","500+","25 de agosto de 2026 a las 2:20:00 UTC-3","25 de agosto de 2026 a las 3:30:00 UTC-3","kirby yates","./explore?q=kirby%20yates&geo=US"
"howie mandel","200+","25 de agosto de 2026 a las 22:10:00 UTC-3","26 de agosto de 2026 a las 2:50:00 UTC-3","howie mandel","./explore?q=howie%20mandel&geo=US"
"bret michaels","200+","25 de agosto de 2026 a las 6:50:00 UTC-3","25 de agosto de 2026 a las 8:20:00 UTC-3","bret michaels","./explore?q=bret%20michaels&geo=US"
"clarence thomas","500+","25 de agosto de 2026 a las 22:50:00 UTC-3","25 de agosto de 2026 a las 23:20:00 UTC-3","clarence thomas","./explore?q=clarence%20thomas&geo=US"
"drew starkey","200+","26 de agosto de 2026 a las 2:30:00 UTC-3","26 de agosto de 2026 a las 3:10:00 UTC-3","drew starkey","./explore?q=drew%20starkey&geo=US"
"dave franco","500+","25 de agosto de 2026 a las 10:40:00 UTC-3","25 de agosto de 2026 a las 11:30:00 UTC-3","dave franco","./explore?q=dave%20franco&geo=US"
"heart","100+","26 de agosto de 2026 a las 6:40:00 UTC-3","26 de agosto de 2026 a las 7:40:00 UTC-3","heart","./explore?q=heart&geo=US"
"dadeschools","1 mil+","25 de agosto de 2026 a las 9:00:00 UTC-3","25 de agosto de 2026 a las 9:30:00 UTC-3","dadeschools","./explore?q=dadeschools&geo=US"
"tennis hall of fame","500+","25 de agosto de 2026 a las 22:50:00 UTC-3","25 de agosto de 2026 a las 23:30:00 UTC-3","tennis hall of fame","./explore?q=tennis%20hall%20of%20fame&geo=US"
"jayson tatum","200+","25 de agosto de 2026 a las 6:20:00 UTC-3","25 de agosto de 2026 a las 9:10:00 UTC-3","jayson tatum","./explore?q=jayson%20tatum&geo=US"
"heroes of might and magic 3","500+","25 de agosto de 2026 a las 16:40:00 UTC-3","25 de agosto de 2026 a las 17:40:00 UTC-3","heroes of might and magic 3","./explore?q=heroes%20of%20might%20and%20magic%203&geo=US"
"gage jump","200+","26 de agosto de 2026 a las 0:10:00 UTC-3","26 de agosto de 2026 a las 1:00:00 UTC-3","gage jump","./explore?q=gage%20jump&geo=US"
"chad bianco","500+","25 de agosto de 2026 a las 12:30:00 UTC-3","25 de agosto de 2026 a las 13:40:00 UTC-3","chad bianco","./explore?q=chad%20bianco&geo=US"
"raisel iglesias","200+","25 de agosto de 2026 a las 23:00:00 UTC-3","25 de agosto de 2026 a las 23:50:00 UTC-3","raisel iglesias","./explore?q=raisel%20iglesias&geo=US"
"mike farrell shelley fabares romance","500+","25 de agosto de 2026 a las 8:00:00 UTC-3","25 de agosto de 2026 a las 10:00:00 UTC-3","mike farrell shelley fabares romance,craig t nelson","./explore?q=mike%20farrell%20shelley%20fabares%20romance&geo=US"
"hilary knight","200+","25 de agosto de 2026 a las 20:20:00 UTC-3","25 de agosto de 2026 a las 21:20:00 UTC-3","hilary knight","./explore?q=hilary%20knight&geo=US"
"energy","100+","26 de agosto de 2026 a las 6:40:00 UTC-3","26 de agosto de 2026 a las 7:50:00 UTC-3","energy","./explore?q=energy&geo=US"
"mets game today","500+","25 de agosto de 2026 a las 23:10:00 UTC-3","25 de agosto de 2026 a las 23:40:00 UTC-3","mets game today","./explore?q=mets%20game%20today&geo=US"
"sc runoff election","200+","25 de agosto de 2026 a las 21:50:00 UTC-3","25 de agosto de 2026 a las 22:40:00 UTC-3","sc runoff election","./explore?q=sc%20runoff%20election&geo=US"
"zm stock","500+","25 de agosto de 2026 a las 17:30:00 UTC-3","25 de agosto de 2026 a las 18:20:00 UTC-3","zm stock","./explore?q=zm%20stock&geo=US"
"sal stewart","100+","26 de agosto de 2026 a las 6:20:00 UTC-3","26 de agosto de 2026 a las 7:30:00 UTC-3","sal stewart","./explore?q=sal%20stewart&geo=US"
"bitcoin price usd","500+","25 de agosto de 2026 a las 7:50:00 UTC-3","25 de agosto de 2026 a las 9:20:00 UTC-3","bitcoin price usd","./explore?q=bitcoin%20price%20usd&geo=US"
"will warren","200+","25 de agosto de 2026 a las 20:50:00 UTC-3","25 de agosto de 2026 a las 22:00:00 UTC-3","will warren","./explore?q=will%20warren&geo=US"
"hwy 24 and piney point","1 mil+","25 de agosto de 2026 a las 11:50:00 UTC-3","25 de agosto de 2026 a las 12:50:00 UTC-3","hwy 24 and piney point,highway 24,woodland park","./explore?q=hwy%2024%20and%20piney%20point&geo=US"
"misty copeland","200+","25 de agosto de 2026 a las 9:50:00 UTC-3","25 de agosto de 2026 a las 11:00:00 UTC-3","misty copeland","./explore?q=misty%20copeland&geo=US"
"jeremy peña","200+","25 de agosto de 2026 a las 22:30:00 UTC-3","25 de agosto de 2026 a las 23:10:00 UTC-3","jeremy peña","./explore?q=jeremy%20pe%C3%B1a&geo=US"
"michael douglas","100+","26 de agosto de 2026 a las 7:50:00 UTC-3","26 de agosto de 2026 a las 8:40:00 UTC-3","michael douglas","./explore?q=michael%20douglas&geo=US"
"enrique hernandez","200+","25 de agosto de 2026 a las 2:00:00 UTC-3","25 de agosto de 2026 a las 3:20:00 UTC-3","enrique hernandez","./explore?q=enrique%20hernandez&geo=US"
"roco kingdom","500+","25 de agosto de 2026 a las 17:10:00 UTC-3","25 de agosto de 2026 a las 17:50:00 UTC-3","roco kingdom","./explore?q=roco%20kingdom&geo=US"
"yahya abdul-mateen ii","200+","25 de agosto de 2026 a las 9:30:00 UTC-3","25 de agosto de 2026 a las 10:30:00 UTC-3","yahya abdul-mateen ii","./explore?q=yahya%20abdul-mateen%20ii&geo=US"
"liang en-shuo","100+","26 de agosto de 2026 a las 2:20:00 UTC-3","26 de agosto de 2026 a las 3:30:00 UTC-3","liang en-shuo","./explore?q=liang%20en-shuo&geo=US"
"mega millions numbers","100+","26 de agosto de 2026 a las 7:20:00 UTC-3","26 de agosto de 2026 a las 7:50:00 UTC-3","mega millions numbers","./explore?q=mega%20millions%20numbers&geo=US"
"little league world series 2026 scores","200+","25 de agosto de 2026 a las 6:20:00 UTC-3","25 de agosto de 2026 a las 8:40:00 UTC-3","little league world series 2026 scores","./explore?q=little%20league%20world%20series%202026%20scores&geo=US"
"amplify","500+","25 de agosto de 2026 a las 13:10:00 UTC-3","25 de agosto de 2026 a las 15:40:00 UTC-3","amplify","./explore?q=amplify&geo=US"
"mike greenberg","200+","26 de agosto de 2026 a las 9:30:00 UTC-3","26 de agosto de 2026 a las 10:00:00 UTC-3","mike greenberg","./explore?q=mike%20greenberg&geo=US"
"pirates score","200+","25 de agosto de 2026 a las 7:40:00 UTC-3","25 de agosto de 2026 a las 9:00:00 UTC-3","pirates score","./explore?q=pirates%20score&geo=US"
"cole young","500+","25 de agosto de 2026 a las 1:00:00 UTC-3","25 de agosto de 2026 a las 2:40:00 UTC-3","cole young","./explore?q=cole%20young&geo=US"
"mn state fair","500+","25 de agosto de 2026 a las 11:10:00 UTC-3","25 de agosto de 2026 a las 12:10:00 UTC-3","mn state fair,mn state fair 2026","./explore?q=mn%20state%20fair&geo=US"
"usa today","200+","25 de agosto de 2026 a las 15:30:00 UTC-3","25 de agosto de 2026 a las 16:20:00 UTC-3","usa today","./explore?q=usa%20today&geo=US"
"australian hiker","200+","25 de agosto de 2026 a las 8:50:00 UTC-3","25 de agosto de 2026 a las 11:10:00 UTC-3","australian hiker","./explore?q=australian%20hiker&geo=US"
"brett goldstein","200+","25 de agosto de 2026 a las 2:00:00 UTC-3","25 de agosto de 2026 a las 3:20:00 UTC-3","brett goldstein","./explore?q=brett%20goldstein&geo=US"
"jaleel white","200+","25 de agosto de 2026 a las 10:40:00 UTC-3","25 de agosto de 2026 a las 11:40:00 UTC-3","jaleel white","./explore?q=jaleel%20white&geo=US"
"zohran mamdani","200+","25 de agosto de 2026 a las 7:20:00 UTC-3","25 de agosto de 2026 a las 8:30:00 UTC-3","zohran mamdani","./explore?q=zohran%20mamdani&geo=US"
"palmer","200+","25 de agosto de 2026 a las 11:10:00 UTC-3","25 de agosto de 2026 a las 12:20:00 UTC-3","palmer","./explore?q=palmer&geo=US"
"band","200+","25 de agosto de 2026 a las 11:30:00 UTC-3","25 de agosto de 2026 a las 12:40:00 UTC-3","band","./explore?q=band&geo=US"
"justin crawford","200+","25 de agosto de 2026 a las 23:40:00 UTC-3","26 de agosto de 2026 a las 0:10:00 UTC-3","justin crawford","./explore?q=justin%20crawford&geo=US"
"phillies standings","200+","25 de agosto de 2026 a las 7:10:00 UTC-3","25 de agosto de 2026 a las 8:20:00 UTC-3","phillies standings","./explore?q=phillies%20standings&geo=US"
"rhyne howard","200+","25 de agosto de 2026 a las 0:40:00 UTC-3","25 de agosto de 2026 a las 1:40:00 UTC-3","rhyne howard","./explore?q=rhyne%20howard&geo=US"
"al west standings","200+","25 de agosto de 2026 a las 1:20:00 UTC-3","25 de agosto de 2026 a las 2:40:00 UTC-3","al west standings","./explore?q=al%20west%20standings&geo=US"
"1001 threads of mizan","500+","25 de agosto de 2026 a las 16:30:00 UTC-3","25 de agosto de 2026 a las 17:00:00 UTC-3","1001 threads of mizan","./explore?q=1001%20threads%20of%20mizan&geo=US"
"ap","200+","25 de agosto de 2026 a las 15:20:00 UTC-3","25 de agosto de 2026 a las 16:20:00 UTC-3","ap","./explore?q=ap&geo=US"
"psychiatrist","200+","25 de agosto de 2026 a las 4:50:00 UTC-3","25 de agosto de 2026 a las 5:50:00 UTC-3","psychiatrist","./explore?q=psychiatrist&geo=US"
"nasa","200+","25 de agosto de 2026 a las 6:30:00 UTC-3","25 de agosto de 2026 a las 7:40:00 UTC-3","nasa","./explore?q=nasa&geo=US"
"豆包工作","100+","26 de agosto de 2026 a las 5:00:00 UTC-3","26 de agosto de 2026 a las 5:40:00 UTC-3","豆包工作","./explore?q=%E8%B1%86%E5%8C%85%E5%B7%A5%E4%BD%9C&geo=US"
"temperature","200+","25 de agosto de 2026 a las 7:40:00 UTC-3","25 de agosto de 2026 a las 8:50:00 UTC-3","temperature","./explore?q=temperature&geo=US"
"red dead redemption 2","100+","26 de agosto de 2026 a las 7:20:00 UTC-3","26 de agosto de 2026 a las 7:50:00 UTC-3","red dead redemption 2","./explore?q=red%20dead%20redemption%202&geo=US"
"mason thames","200+","25 de agosto de 2026 a las 10:20:00 UTC-3","25 de agosto de 2026 a las 11:30:00 UTC-3","mason thames","./explore?q=mason%20thames&geo=US"
"myles garrett","200+","26 de agosto de 2026 a las 1:40:00 UTC-3","26 de agosto de 2026 a las 2:20:00 UTC-3","myles garrett","./explore?q=myles%20garrett&geo=US"
"byron buxton","200+","26 de agosto de 2026 a las 1:20:00 UTC-3","26 de agosto de 2026 a las 1:50:00 UTC-3","byron buxton","./explore?q=byron%20buxton&geo=US"
"jo adell","200+","25 de agosto de 2026 a las 0:30:00 UTC-3","25 de agosto de 2026 a las 7:30:00 UTC-3","jo adell","./explore?q=jo%20adell&geo=US"
"hagen smith","200+","26 de agosto de 2026 a las 0:00:00 UTC-3","26 de agosto de 2026 a las 0:30:00 UTC-3","hagen smith","./explore?q=hagen%20smith&geo=US"
"rangers - white sox","200+","26 de agosto de 2026 a las 0:30:00 UTC-3","26 de agosto de 2026 a las 1:00:00 UTC-3","rangers - white sox","./explore?q=rangers%20-%20white%20sox&geo=US"
"dallas cowboys cheerleaders","200+","25 de agosto de 2026 a las 8:20:00 UTC-3","25 de agosto de 2026 a las 9:30:00 UTC-3","dallas cowboys cheerleaders","./explore?q=dallas%20cowboys%20cheerleaders&geo=US"
"bengals depth chart","500+","25 de agosto de 2026 a las 16:30:00 UTC-3","25 de agosto de 2026 a las 17:00:00 UTC-3","bengals depth chart","./explore?q=bengals%20depth%20chart&geo=US"
"jacksonville","100+","25 de agosto de 2026 a las 8:20:00 UTC-3","25 de agosto de 2026 a las 9:30:00 UTC-3","jacksonville","./explore?q=jacksonville&geo=US"
"brandon pfaadt","200+","25 de agosto de 2026 a las 23:30:00 UTC-3","25 de agosto de 2026 a las 23:50:00 UTC-3","brandon pfaadt","./explore?q=brandon%20pfaadt&geo=US"
"bbc news","200+","25 de agosto de 2026 a las 15:50:00 UTC-3","25 de agosto de 2026 a las 16:20:00 UTC-3","bbc news","./explore?q=bbc%20news&geo=US"
"new york times games","200+","25 de agosto de 2026 a las 10:10:00 UTC-3","25 de agosto de 2026 a las 12:10:00 UTC-3","new york times games,green mile shawshank redemption running man","./explore?q=new%20york%20times%20games&geo=US"
"espncricinfo","100+","25 de agosto de 2026 a las 8:10:00 UTC-3","25 de agosto de 2026 a las 9:20:00 UTC-3","espncricinfo","./explore?q=espncricinfo&geo=US"
"savannah guthrie","200+","25 de agosto de 2026 a las 8:10:00 UTC-3","25 de agosto de 2026 a las 9:00:00 UTC-3","savannah guthrie","./explore?q=savannah%20guthrie&geo=US"
"asylum seeker","200+","25 de agosto de 2026 a las 14:10:00 UTC-3","25 de agosto de 2026 a las 15:00:00 UTC-3","asylum seeker","./explore?q=asylum%20seeker&geo=US"
"kye robichaux","100+","25 de agosto de 2026 a las 9:30:00 UTC-3","25 de agosto de 2026 a las 10:30:00 UTC-3","kye robichaux","./explore?q=kye%20robichaux&geo=US"
"mlb playoff picture","100+","25 de agosto de 2026 a las 7:50:00 UTC-3","25 de agosto de 2026 a las 9:00:00 UTC-3","mlb playoff picture","./explore?q=mlb%20playoff%20picture&geo=US"
"abc","200+","25 de agosto de 2026 a las 15:40:00 UTC-3","25 de agosto de 2026 a las 16:10:00 UTC-3","abc","./explore?q=abc&geo=US"
"pick 4","100+","25 de agosto de 2026 a las 6:00:00 UTC-3","25 de agosto de 2026 a las 7:50:00 UTC-3","pick 4","./explore?q=pick%204&geo=US"
"x.","100+","25 de agosto de 2026 a las 3:50:00 UTC-3","25 de agosto de 2026 a las 5:00:00 UTC-3","x.","./explore?q=x.&geo=US"
"xbox game pass","100+","25 de agosto de 2026 a las 7:50:00 UTC-3","25 de agosto de 2026 a las 8:40:00 UTC-3","xbox game pass","./explore?q=xbox%20game%20pass&geo=US"
"price of gold today","100+","25 de agosto de 2026 a las 7:50:00 UTC-3","25 de agosto de 2026 a las 14:40:00 UTC-3","price of gold today","./explore?q=price%20of%20gold%20today&geo=US"
"tina charles","200+","25 de agosto de 2026 a las 1:40:00 UTC-3","25 de agosto de 2026 a las 2:30:00 UTC-3","tina charles","./explore?q=tina%20charles&geo=US"
"perez hilton update","200+","25 de agosto de 2026 a las 10:00:00 UTC-3","25 de agosto de 2026 a las 10:40:00 UTC-3","perez hilton update","./explore?q=perez%20hilton%20update&geo=US"
"robert irwin","100+","25 de agosto de 2026 a las 4:20:00 UTC-3","25 de agosto de 2026 a las 5:10:00 UTC-3","robert irwin","./explore?q=robert%20irwin&geo=US"
"padres standings","100+","25 de agosto de 2026 a las 2:50:00 UTC-3","25 de agosto de 2026 a las 3:50:00 UTC-3","padres standings","./explore?q=padres%20standings&geo=US"
"boston celtics","100+","25 de agosto de 2026 a las 7:30:00 UTC-3","25 de agosto de 2026 a las 8:30:00 UTC-3","boston celtics","./explore?q=boston%20celtics&geo=US"
"singapore airlines","100+","25 de agosto de 2026 a las 3:00:00 UTC-3","25 de agosto de 2026 a las 4:00:00 UTC-3","singapore airlines","./explore?q=singapore%20airlines&geo=US"
"bmo","200+","25 de agosto de 2026 a las 10:30:00 UTC-3","25 de agosto de 2026 a las 11:10:00 UTC-3","bmo","./explore?q=bmo&geo=US"
"davante adams","200+","25 de agosto de 2026 a las 14:50:00 UTC-3","25 de agosto de 2026 a las 15:10:00 UTC-3","davante adams","./explore?q=davante%20adams&geo=US"
"class","100+","25 de agosto de 2026 a las 13:40:00 UTC-3","25 de agosto de 2026 a las 14:20:00 UTC-3","class","./explore?q=class&geo=US"
"monarch","100+","25 de agosto de 2026 a las 14:20:00 UTC-3","25 de agosto de 2026 a las 15:00:00 UTC-3","monarch","./explore?q=monarch&geo=US"
"wmur","100+","25 de agosto de 2026 a las 7:10:00 UTC-3","25 de agosto de 2026 a las 8:00:00 UTC-3","wmur","./explore?q=wmur&geo=US"
"csuf","100+","25 de agosto de 2026 a las 4:00:00 UTC-3","25 de agosto de 2026 a las 5:10:00 UTC-3","csuf","./explore?q=csuf&geo=US"
"robbie williams","200+","25 de agosto de 2026 a las 8:30:00 UTC-3","25 de agosto de 2026 a las 8:50:00 UTC-3","robbie williams","./explore?q=robbie%20williams&geo=US"
"resident evil 2026","100+","25 de agosto de 2026 a las 3:10:00 UTC-3","25 de agosto de 2026 a las 3:50:00 UTC-3","resident evil 2026","./explore?q=resident%20evil%202026&geo=US"
"solana price","100+","25 de agosto de 2026 a las 4:00:00 UTC-3","25 de agosto de 2026 a las 7:40:00 UTC-3","solana price","./explore?q=solana%20price&geo=US"
"manny machado","200+","25 de agosto de 2026 a las 1:20:00 UTC-3","25 de agosto de 2026 a las 1:40:00 UTC-3","manny machado","./explore?q=manny%20machado&geo=US"
"reuters","200+","25 de agosto de 2026 a las 15:30:00 UTC-3","25 de agosto de 2026 a las 15:50:00 UTC-3","reuters","./explore?q=reuters&geo=US"
"notre dame football","100+","25 de agosto de 2026 a las 7:50:00 UTC-3","25 de agosto de 2026 a las 8:20:00 UTC-3","notre dame football","./explore?q=notre%20dame%20football&geo=US"
"office","100+","25 de agosto de 2026 a las 13:50:00 UTC-3","25 de agosto de 2026 a las 14:20:00 UTC-3","office","./explore?q=office&geo=US"
"turkish airlines","100+","25 de agosto de 2026 a las 2:50:00 UTC-3","25 de agosto de 2026 a las 3:20:00 UTC-3","turkish airlines","./explore?q=turkish%20airlines&geo=US"
"huffpost","100+","25 de agosto de 2026 a las 16:00:00 UTC-3","25 de agosto de 2026 a las 16:20:00 UTC-3","huffpost","./explore?q=huffpost&geo=US"
"lindsay lohan","100+","25 de agosto de 2026 a las 4:30:00 UTC-3","25 de agosto de 2026 a las 5:00:00 UTC-3","lindsay lohan","./explore?q=lindsay%20lohan&geo=US"
"cricbuzz","100+","25 de agosto de 2026 a las 7:40:00 UTC-3","25 de agosto de 2026 a las 8:00:00 UTC-3","cricbuzz","./explore?q=cricbuzz&geo=US"
"di","100+","25 de agosto de 2026 a las 16:10:00 UTC-3","25 de agosto de 2026 a las 16:30:00 UTC-3","di","./explore?q=di&geo=US"
"act","100+","25 de agosto de 2026 a las 13:50:00 UTC-3","25 de agosto de 2026 a las 14:10:00 UTC-3","act","./explore?q=act&geo=US"
"jackson merrill","100+","25 de agosto de 2026 a las 3:10:00 UTC-3","25 de agosto de 2026 a las 3:30:00 UTC-3","jackson merrill","./explore?q=jackson%20merrill&geo=US"
"nhl","100+","25 de agosto de 2026 a las 14:00:00 UTC-3","25 de agosto de 2026 a las 14:20:00 UTC-3","nhl","./explore?q=nhl&geo=US"