"Tendencias","Volumen de búsquedas","Inicio","Finalizada","Desglose de tendencias","Enlace a Explorar"
"santos x atlético-mg","1 M+","9 de septiembre de 2026 a las 17:30:00 UTC-3",,"santos x atlético-mg,santos x atletico mg,sul americana,santos e atlético mineiro,santos vs atlético mineiro,santos fc,sulamericana 2026,onde assistir santos futebol clube x atlético-mg,santos - atlético-mg,conmebol sudamericana,rodinei,escalações de santos futebol clube x atlético-mg,willian arão,galo x santos,santos futebol clube x atlético-mg minuto a minuto,estatísticas de santos futebol clube x atlético-mg,santos x atletico mg onde assistir,santos - atlético mineiro,santos onde assistir,santos futebol clube x atlético-mg,atletico x santos,copa sul americana,santos x atletico,santos x atlético mg onde assistir,onde assistir santos e atlético mineiro,santos e atlético,christian oliva,onde assistir santos hoje,santos e atletico mg,onde assistir santos,santos x galo,galo e santos,onde assistir santos x atletico mg,santos atletico mg,onde vai passar o jogo do santos,jogo do santos hoje onde assistir,onde assistir o jogo do santos,santos x atlético-mg onde assistir,chaveamento libertadores,onde assistir o jogo do santos hoje,atletico e santos,chaveamento sulamericana,gabriel delfim,onde assistir o jogo do galo hoje,santos atlético mineiro 09/09/2026,onde vai passar o jogo do santos hoje","./explore?q=santos%20x%20atl%C3%A9tico-mg&geo=BR"
"estudiantes x corinthians","1 M+","9 de septiembre de 2026 a las 13:10:00 UTC-3",,"estudiantes x corinthians,corinthians x estudiantes,corinthians,corinthians x,estudiantes,jogo do corinthians,corinthians e estudiantes,libertadores,estudiantes vs corinthians,estudiantes - corinthians,escalações de estudiantes x corinthians,jogo corinthians,jogo do corinthians ontem,jogo do corinthians hoje,estudiantes corinthians 09/09/2026,kaio césar,onde assistir estudiantes x corinthians,estudiantes x corinthians onde assistir,estudiantes x corinthians minuto a minuto,jogo corinthians hoje,estatísticas de estudiantes x corinthians,resultado do corinthians,onde assistir corinthians hoje,estudiantes e corinthians,corinthians onde assistir,onde assistir o jogo do corinthians hoje,onde assistir corinthians,onde vai passar o jogo do corinthians,estudiantes x,onde assistir o jogo do corinthians,corinthians fc,corinthians x estudiantes onde assistir,corinthians jogos,jogos de corinthians,garro,o jogo do corinthians,onde vai passar o jogo do corinthians hoje,corinthians estudiantes,onde assistir estudiantes e corinthians,corinthians jogo,corinthians hoje onde assistir,jogo do corinthians hoje onde assistir,corinthians x rosario,qual canal vai passar o jogo do corinthians,kaio cesar,onde assistir corinthians e estudiantes,corinthians onde assistir hoje,jogo do corinthians de hoje,onde assistir corinthians x estudiantes,resultado corinthians,estudiantes x corinthians palpite,jogos do corinthians,onde assistir jogo do corinthians hoje,corinthians libertadores,estudiantes e corinthians onde assistir,corinthians vs,corinthians joga hoje,onde assistir o corinthians hoje,globoesporte,aonde vai passar o jogo do corinthians,onde vai passar corinthians hoje,gabriel paulista","./explore?q=estudiantes%20x%20corinthians&geo=BR"
"palmeiras x ldu quito","1 M+","9 de septiembre de 2026 a las 5:40:00 UTC-3",,"palmeiras x ldu quito,palmeiras x ldu,palmeiras e ldu,palmeiras x ldu onde assistir,ldu,palmeiras - ldu quito,palmeiras vs ldu quito,onde assistir palmeiras e ldu,palmeiras ldu,ldu quito,palmeiras x ldu quito onde vai passar,onde assistir palmeiras x ldu,agustín giay,palmeiras x ldu quito onde assistir,palmeiras e ldu onde assistir,escalações de sociedade esportiva palmeiras x ldu,ldu x palmeiras,onde assistir sociedade esportiva palmeiras x ldu,onde assistir palmeiras hoje,onde assistir palmeiras,onde vai passar o jogo do palmeiras,onde assistir o jogo do palmeiras hoje,palmeiras onde assistir,palmeiras ldu onde assistir,palmeiras x ldu quito ao vivo,palmeiras x ldu: onde assistir,jogo do palmeiras hoje onde assistir,gustavo gómez,onde vai passar palmeiras e ldu,resultado do jogo do palmeiras e ldu,palmeiras x ldu ao vivo,qual canal vai passar o jogo do palmeiras,palmeiras onde assistir hoje,resultado do jogo palmeiras e ldu,onde assistir o jogo do palmeiras e ldu,palmeiras vs ldu,onde vai passar o jogo do palmeiras hoje,assistir palmeiras ao vivo,jogo do palmeiras e ldu,palmeiras e ldu ao vivo,que horas é o jogo do palmeiras hoje,ldu quito x palmeiras,jogo palmeiras onde assistir,onde vai passar o jogo do palmeiras e ldu","./explore?q=palmeiras%20x%20ldu%20quito&geo=BR"
"alerta extremo de tempestade","500 mil+","10 de septiembre de 2026 a las 14:20:00 UTC-3",,"alerta extremo de tempestade,alerta laranja: tempestade,alerta vermelho: tempestade,ciclone,paraná,clima,defesa civil do rio grande do sul,tornado em sao paulo,espigão alto do iguaçu,tornado parana,tornado em sp,clima agora","./explore?q=alerta%20extremo%20de%20tempestade&geo=BR"
"santa fe x vasco da gama","500 mil+","8 de septiembre de 2026 a las 18:00:00 UTC-3","10 de septiembre de 2026 a las 13:30:00 UTC-3","santa fe x vasco da gama,vasco x santa fe,santa fe vs vasco,santa fe - vasco da gama,santa fe,independiente santa fe,santa fe x vasco,vasco onde assistir,onde assistir vasco hoje,independiente santa fe x vasco,vasco e santa fe,onde assistir o jogo do vasco,vasco x santa fé,onde assistir jogo vasco,onde assistir vasco,independiente santa fe x vasco minuto a minuto,onde assistir o jogo do vasco hoje,onde assistir santa fe x vasco hoje,jogo do vasco hoje onde assistir,vasco hoje onde assistir,vasco e santa fé,onde vai passar o jogo do vasco,claudio spinelli,onde está passando o jogo do vasco,onde vai passar o jogo do vasco hoje,vasco onde assistir hoje,marino hinestroza,vasco ao vivo,onde assistir independiente santa fe x vasco,independiente santa fe vasco da gama 08/09/2026,qual canal vai passar o jogo do vasco,escalações de independiente santa fe x vasco,santa fé x vasco","./explore?q=santa%20fe%20x%20vasco%20da%20gama&geo=BR"
"fluminense x platense","500 mil+","8 de septiembre de 2026 a las 16:00:00 UTC-3","10 de septiembre de 2026 a las 7:20:00 UTC-3","fluminense x platense,escalacao brasil,platense,fluminense x platense onde assistir,fluminense - platense,fluminense vs platense,fluminense e platense,onde assistir fluminense-platense,maracanã,fluminense platense,fluminense x platense palpite,sbt ao vivo online,onde assistir fluminense e platense,flu x platense,paulo henrique ganso,julián millán","./explore?q=fluminense%20x%20platense&geo=BR"
"iphone duo","200 mil+","9 de septiembre de 2026 a las 10:00:00 UTC-3",,"iphone duo,iphone 18 pro max,iphone 18 pro,novo iphone,iphone duo preço,iphone 18 duo,iphone 18 pro max preço,iphone,iphone dobravel,apple iphone 18 pro max,novo iphone 18,lancamento iphone 18,iphone novo,18 pro max,iphone 18 lançamento,evento apple,iphone 18 dobravel,iphone 18 valor,apple iphone dobravel,apple iphone 18 pro,novos iphones,xiaomi 18 fold,iphone ultra,iphone fold,apple duo,apple iphone 18,iphone 18 preço,evento apple 2026,macmagazine,lancamento apple,lançamento apple,iphone 18 ultra,iphone dobrável,iphone 18 cores,iphone duo valor,apple evento","./explore?q=iphone%20duo&geo=BR"
"chelsea x leeds","200 mil+","9 de septiembre de 2026 a las 15:00:00 UTC-3",,"chelsea x leeds,copa da liga inglesa,jogo do chelsea,chelsea x,escalações de chelsea x leeds,danny welbeck,chelsea leeds 09/09/2026,estêvão willian","./explore?q=chelsea%20x%20leeds&geo=BR"
"barcelona x feyenoord","200 mil+","9 de septiembre de 2026 a las 11:00:00 UTC-3","10 de septiembre de 2026 a las 14:30:00 UTC-3","barcelona x feyenoord,classificações de barcelona x feyenoord,barcelona x,jogo do barcelona,barcelona - feyenoord,onde assistir barcelona x feyenoord,jogo barcelona,estatísticas de barcelona x feyenoord,barcelona onde assistir,barcelona hoje,feyenoord rotterdam,barcelona ao vivo,onde assistir barcelona,barcelone – feyenoord,onde assistir o jogo do barcelona","./explore?q=barcelona%20x%20feyenoord&geo=BR"
"joia","200 mil+","10 de septiembre de 2026 a las 10:50:00 UTC-3",,"joia,convocação da seleção brasileira,convocação seleção,pedro morisco,convocacao selecao brasileira,seleção brasileira,convocação,arthur dias,carlo ancelotti,convocados seleção brasileira,convocação seleção brasileira hoje,mauro junior,convocação da seleção brasileira hoje,convocação seleção brasileira futebol,convocados seleção,mauro jr,lista de convocados seleção brasileira,convocados seleção brasileira ancelotti,breno bidon,convocacao,jogo do brasil,convocação brasil,convocação da seleção,convocação seleção brasileira amistosos,convocados,convocados da seleção brasileira,vitor reis,amistoso brasil,convocados para seleção brasileira,jair cunha,hugo souza,douglas santos,convocação ancelotti,convocacao selecao,otavio goleiro,lista de convocados,lista de convocados seleção brasileira hoje,convocação do brasil,mauro jr jogador,arthur,convocação seleção brasileira amistoso,morisco,que horas é a convocação da seleção,mauro junior psv,otavio cruzeiro,mauro júnior,que horas vai ser a convocação da seleção brasileira,ancelotti,selecao brasileira,jair zagueiro,andrey santos,convocacao brasil,escalação seleção brasileira,selecao,jair nottingham forest,pedro,goleiro otavio,bidon,convocados brasil,jair (nottingham forest),mauro júnior (psv),otavio,otávio,lista convocados seleção brasileira,otávio goleiro,jogos de seleção brasileira,matheuzinho corinthians,amistosos seleção brasileira,jogos do brasil,escalação brasil,amistoso da seleção brasileira,otavio goleiro cruzeiro,lista convocados,lista de convocados da seleção brasileira,samuel lino,seleção,otavio costa,brasil seleção,victor reis,que horas é a convocação da seleção brasileira","./explore?q=joia&geo=BR"
"liverpool x atlético madrid","100 mil+","9 de septiembre de 2026 a las 14:00:00 UTC-3",,"liverpool x atlético madrid,liverpool,liverpool x,liverpool - atlético madrid,liga dos campeoes","./explore?q=liverpool%20x%20atl%C3%A9tico%20madrid&geo=BR"
"fortaleza x avaí","100 mil+","9 de septiembre de 2026 a las 18:30:00 UTC-3",,"fortaleza x avaí,fortaleza,fortaleza x,jogo do fortaleza,fortaleza esporte clube,fortaleza x avai,jogo fortaleza,fortaleza fc,avai,jogo do fortaleza hoje,fortaleza e avaí","./explore?q=fortaleza%20x%20ava%C3%AD&geo=BR"
"flavio dino","100 mil+","9 de septiembre de 2026 a las 8:50:00 UTC-3",,"flavio dino,mario frias,flávio dino,polícia,ministro,delação premiada,g1,dark horse,deputado,karina gama,cnn,noticias de hoje,flávio dino stf,malhação,ação,oglobo","./explore?q=flavio%20dino&geo=BR"
"crianças encontradas nos estados unidos","100 mil+","8 de septiembre de 2026 a las 21:00:00 UTC-3",,"crianças encontradas nos estados unidos,criancas encontradas nos estados unidos,interpol,163 criancas resgatadas,bacabal,criança,edson davi,estados unidos criancas desaparecidas,crianças desaparecidas estados unidos,criancas resgatadas nos eua,crianças resgatadas nos estados unidos,criancas de bacabal,crianças de bacabal","./explore?q=crian%C3%A7as%20encontradas%20nos%20estados%20unidos&geo=BR"
"iphone 17 pro max","100 mil+","9 de septiembre de 2026 a las 15:00:00 UTC-3",,"iphone 17 pro max,iphone 17,iphone air,iphone 17e","./explore?q=iphone%2017%20pro%20max&geo=BR"
"napoli x arsenal","100 mil+","9 de septiembre de 2026 a las 14:00:00 UTC-3","10 de septiembre de 2026 a las 10:00:00 UTC-3","napoli x arsenal,jogos da champions hoje,classificações de napoli x arsenal,arsenal x,jogo do arsenal,arsenal fc,napoli x,jogo arsenal","./explore?q=napoli%20x%20arsenal&geo=BR"
"classificações de real madrid x inter de milão","100 mil+","8 de septiembre de 2026 a las 18:00:00 UTC-3","9 de septiembre de 2026 a las 20:10:00 UTC-3","classificações de real madrid x inter de milão,sbt ao vivo,jogo do real madrid,real,real x,real x inter,real madrid e inter de milão,real madri,jogo real madrid,real madrid x inter onde assistir,sbt online,escalações de real madrid x inter de milão,real madrid onde assistir,real madrid x inter de milão onde assistir,real madrid – inter,estatísticas de real madrid x inter de milão,carlos augusto,jogo do real,onde assistir real madrid x inter,real madrid hoje,onde assistir real madrid,onde assistir real madrid e inter de milão,jogo real madrid hoje ao vivo,real madrid ao vivo","./explore?q=classifica%C3%A7%C3%B5es%20de%20real%20madrid%20x%20inter%20de%20mil%C3%A3o&geo=BR"
"boca juniors","100 mil+","8 de septiembre de 2026 a las 21:50:00 UTC-3","9 de septiembre de 2026 a las 8:00:00 UTC-3","boca juniors,boca,sao paulo x,são paulo,são paulo x boca juniors,boca juniors x são paulo futebol clube,são paulo e boca juniors,boca x sao paulo,boca juniors - são paulo,sao paulo x boca junior,boca vs são paulo,onde assistir boca juniors x são paulo futebol clube,miguel merentiel,jogo sao paulo,sao paulo x boca juniors,sao paulo e boca juniors,boca x,boca junior,sao paulo e boca,boca juniors x são paulo onde assistir,jonathan calleri,onde assistir sao paulo x boca juniors,jogo do sao paulo hoje,sao paulo x boca onde assistir,calleri,escalações de boca juniors x são paulo futebol clube,boca x sao paulo onde assistir,spfc x boca,jogo sao paulo hoje,sao paulo onde assistir,boca juniors x são paulo futebol clube minuto a minuto,onde assistir sao paulo hoje,merentiel,boca juniors x,onde assistir são paulo e boca juniors,jogo são paulo,sao,boca jr,onde assistir boca junior x são paulo,sbt ao vivo agora,onde assistir o jogo do são paulo,resultado do jogo do são paulo e boca juniors,sp x boca,onde vai passar o jogo do sao paulo hoje,sao paulo x boca juniors onde assistir,resultado do jogo boca juniors-são paulo,onde assistir o jogo do são paulo hoje,onde vai passar o jogo do são paulo,onde vai passar o jogo do são paulo hoje,são paulo x boca,boca jrs,+sbt,qual canal vai passar o jogo do são paulo,são paulo e boca,merentiel palmeiras","./explore?q=boca%20juniors&geo=BR"
"alerta vermelho: tempestade","100 mil+","9 de septiembre de 2026 a las 8:50:00 UTC-3","9 de septiembre de 2026 a las 10:20:00 UTC-3","alerta vermelho: tempestade,tempo são paulo,clima hoje,clima para hoje,clima de hoje","./explore?q=alerta%20vermelho%3A%20tempestade&geo=BR"
"real madrid","100 mil+","8 de septiembre de 2026 a las 16:10:00 UTC-3","8 de septiembre de 2026 a las 19:00:00 UTC-3","real madrid,real madrid x,real madrid club de fútbol,posiciones de real madrid contra inter milan,real madrid vs,federico valverde","./explore?q=real%20madrid&geo=BR"
"cigarro","50 mil+","10 de septiembre de 2026 a las 5:40:00 UTC-3",,"cigarro,bebe fumante indonesia,ardi rizal,ardi rizal indonesia,menino","./explore?q=cigarro&geo=BR"
"atlético-go x ceará sc","50 mil+","9 de septiembre de 2026 a las 20:30:00 UTC-3",,"atlético-go x ceará sc,classificações de atlético-go x ceará sc,atletico go,ceara x,atlético goianiense,ceará,atlético clube goianiense,atletico go x ceara,jogo ceara,jogo do ceara","./explore?q=atl%C3%A9tico-go%20x%20cear%C3%A1%20sc&geo=BR"
"américa-mg x náutico","50 mil+","9 de septiembre de 2026 a las 19:30:00 UTC-3",,"américa-mg x náutico,america mg,brasileirao b","./explore?q=am%C3%A9rica-mg%20x%20n%C3%A1utico&geo=BR"
"carol lekker","50 mil+","9 de septiembre de 2026 a las 13:50:00 UTC-3",,"carol lekker,record,sbt,fofocalizando","./explore?q=carol%20lekker&geo=BR"
"al-nassr x abha","50 mil+","9 de septiembre de 2026 a las 14:10:00 UTC-3","10 de septiembre de 2026 a las 8:50:00 UTC-3","al-nassr x abha,al nassr,campeonato saudita,cristiano ronaldo,al-nassr","./explore?q=al-nassr%20x%20abha&geo=BR"
"criciúma x juventude","50 mil+","8 de septiembre de 2026 a las 20:10:00 UTC-3","9 de septiembre de 2026 a las 16:30:00 UTC-3","criciúma x juventude,criciuma,criciuma x,criciúma,criciuma x juventude,alan kardec,jogo do criciúma,esporte clube juventude,criciúma esporte clube","./explore?q=crici%C3%BAma%20x%20juventude&geo=BR"
"wepink","50 mil+","9 de septiembre de 2026 a las 11:10:00 UTC-3","10 de septiembre de 2026 a las 0:40:00 UTC-3","wepink,virginia fonseca,we pink","./explore?q=wepink&geo=BR"
"cuiabá x athletic","50 mil+","8 de septiembre de 2026 a las 19:40:00 UTC-3","9 de septiembre de 2026 a las 14:50:00 UTC-3","cuiabá x athletic,cuiaba fc,classificações de cuiabá esporte clube x athletic club,cuiabá x,cuiaba x,cuiabá esporte clube,cuiabá fc","./explore?q=cuiab%C3%A1%20x%20athletic&geo=BR"
"barcelona","50 mil+","9 de septiembre de 2026 a las 14:00:00 UTC-3","9 de septiembre de 2026 a las 17:30:00 UTC-3","barcelona,barcelona fc,barcelona vs,fc barcelona,futbol club barcelona","./explore?q=barcelona&geo=BR"
"serie b","50 mil+","9 de septiembre de 2026 a las 21:10:00 UTC-3","9 de septiembre de 2026 a las 22:50:00 UTC-3","serie b,brasileiro série b,brasileirão série b,sport club do recife,série b,campeonato brasileiro série b,brasileirao b,campeonato brasileiro b","./explore?q=serie%20b&geo=BR"
"china","20 mil+","10 de septiembre de 2026 a las 8:40:00 UTC-3",,"china","./explore?q=china&geo=BR"
"apple usa","20 mil+","9 de septiembre de 2026 a las 14:20:00 UTC-3",,"apple usa,samsung,z fold 8,iphone 16 pro,apple event,apple store,galaxy z fold 8,apple.com,ipad,samsung fold","./explore?q=apple%20usa&geo=BR"
"ilson mateus rodrigues","20 mil+","8 de septiembre de 2026 a las 16:00:00 UTC-3",,"ilson mateus rodrigues","./explore?q=ilson%20mateus%20rodrigues&geo=BR"
"mega sena 3055","20 mil+","8 de septiembre de 2026 a las 20:50:00 UTC-3",,"mega sena 3055,resultado da mega sena concurso 3055,mega sena 3056,resultado da mega sena concurso 3054,resultado mega sena 3055,resultado da mega-sena concurso 3055,resultado da mega sena 3055,resultado da mega-sena de hoje,mega 3055,resultado mega sena hoje","./explore?q=mega%20sena%203055&geo=BR"
"cinemark","20 mil+","10 de septiembre de 2026 a las 10:30:00 UTC-3","10 de septiembre de 2026 a las 15:00:00 UTC-3","cinemark,ingresso,cinepolis,semana do cinema,kinoplex,moviecom,filmes em cartaz,semana do cinema 2026,cinema 10 reais,cinemais,ingressos,gnc cinemas,uci,cineart","./explore?q=cinemark&geo=BR"
"chicago fire x inter miami","20 mil+","9 de septiembre de 2026 a las 20:50:00 UTC-3","10 de septiembre de 2026 a las 14:40:00 UTC-3","chicago fire x inter miami,classificações de chicago fire football club x inter miami,chicago fire - inter miami,inter miami x,escalações de chicago fire football club x inter miami","./explore?q=chicago%20fire%20x%20inter%20miami&geo=BR"
"instituto nacional do seguro social","20 mil+","9 de septiembre de 2026 a las 17:00:00 UTC-3","10 de septiembre de 2026 a las 9:40:00 UTC-3","instituto nacional do seguro social,r7.com,josé carlos oliveira","./explore?q=instituto%20nacional%20do%20seguro%20social&geo=BR"
"el niño","20 mil+","10 de septiembre de 2026 a las 5:40:00 UTC-3","10 de septiembre de 2026 a las 14:40:00 UTC-3","el niño","./explore?q=el%20ni%C3%B1o&geo=BR"
"operário x crb","20 mil+","9 de septiembre de 2026 a las 19:40:00 UTC-3","10 de septiembre de 2026 a las 13:30:00 UTC-3","operário x crb,operario,lucas lovat","./explore?q=oper%C3%A1rio%20x%20crb&geo=BR"
"atlas intel","20 mil+","10 de septiembre de 2026 a las 14:50:00 UTC-3",,"atlas intel,nova pesquisa quaest para presidente 2026,atlasintel,pesquisa atlas intel,flávio bolsonaro lula,pesquisa meio/ideia,pesquisa palver,lula flávio bolsonaro pesquisa,o estado de s. paulo,palver,eleições presidenciais,pesquisa palver presidente","./explore?q=atlas%20intel&geo=BR"
"botafogo sp x novorizontino","20 mil+","9 de septiembre de 2026 a las 18:40:00 UTC-3","10 de septiembre de 2026 a las 8:50:00 UTC-3","botafogo sp x novorizontino,classificações de botafogo sp x novorizontino,novorizontino,grêmio novorizontino,botafogo sp","./explore?q=botafogo%20sp%20x%20novorizontino&geo=BR"
"nfl","20 mil+","9 de septiembre de 2026 a las 18:10:00 UTC-3","10 de septiembre de 2026 a las 9:30:00 UTC-3","nfl","./explore?q=nfl&geo=BR"
"pronunciamento","20 mil+","10 de septiembre de 2026 a las 12:00:00 UTC-3","10 de septiembre de 2026 a las 14:50:00 UTC-3","pronunciamento,moraes cancela pronunciamento,alexandre de moraes pronunciamento,pronunciamento alexandre de moraes,pronunciamento alexandre moraes hoje,stf,metropoles,ministro flávio dino,inquérito das fake news,fachin suspende,ministro fachin","./explore?q=pronunciamento&geo=BR"
"quina 7113","20 mil+","9 de septiembre de 2026 a las 21:00:00 UTC-3","10 de septiembre de 2026 a las 14:40:00 UTC-3","quina 7113,quina 7112,resultado da quina 7113,resultado da quina concurso 7113,resultado da quina de hoje,resultado da quina 7112,resultado da quina concurso 7112,quina de hoje,resultado da quina de ontem,resultado quina,quina hoje","./explore?q=quina%207113&geo=BR"
"pnd local de prova 2026","20 mil+","9 de septiembre de 2026 a las 12:40:00 UTC-3","10 de septiembre de 2026 a las 9:30:00 UTC-3","pnd local de prova 2026,enade,inep,pnd 2026,enade 2026,pnd local de prova,prova nacional docente","./explore?q=pnd%20local%20de%20prova%202026&geo=BR"
"iphone 17 pro","20 mil+","9 de septiembre de 2026 a las 18:50:00 UTC-3","10 de septiembre de 2026 a las 13:30:00 UTC-3","iphone 17 pro,max,iphone 15 pro max","./explore?q=iphone%2017%20pro&geo=BR"
"iphone 15","20 mil+","9 de septiembre de 2026 a las 17:20:00 UTC-3","10 de septiembre de 2026 a las 14:40:00 UTC-3","iphone 15,iphone 16","./explore?q=iphone%2015&geo=BR"
"casimiro miguel","20 mil+","8 de septiembre de 2026 a las 15:30:00 UTC-3","9 de septiembre de 2026 a las 18:50:00 UTC-3","casimiro miguel,caze tv","./explore?q=casimiro%20miguel&geo=BR"
"diretor-geral","20 mil+","10 de septiembre de 2026 a las 12:40:00 UTC-3","10 de septiembre de 2026 a las 15:20:00 UTC-3","diretor-geral,dino,flavio dino ministro stf,estado de sítio,juiz,marco aurélio de carvalho,dino reintegra andrei,dino andrei,policia federal","./explore?q=diretor-geral&geo=BR"
"miss áustria","20 mil+","8 de septiembre de 2026 a las 18:10:00 UTC-3","9 de septiembre de 2026 a las 13:10:00 UTC-3","miss áustria,miss austria lucia sisic","./explore?q=miss%20%C3%A1ustria&geo=BR"
"corinthians hoje","20 mil+","9 de septiembre de 2026 a las 21:30:00 UTC-3","10 de septiembre de 2026 a las 0:30:00 UTC-3","corinthians hoje,memphis depay","./explore?q=corinthians%20hoje&geo=BR"
"gado","20 mil+","9 de septiembre de 2026 a las 5:30:00 UTC-3","9 de septiembre de 2026 a las 20:40:00 UTC-3","gado","./explore?q=gado&geo=BR"
"sporting x galatasaray","20 mil+","9 de septiembre de 2026 a las 15:10:00 UTC-3","9 de septiembre de 2026 a las 21:20:00 UTC-3","sporting x galatasaray,sporting,sporting x,sporting clube de portugal,sporting fc","./explore?q=sporting%20x%20galatasaray&geo=BR"
"alcaraz","20 mil+","8 de septiembre de 2026 a las 21:00:00 UTC-3","9 de septiembre de 2026 a las 10:20:00 UTC-3","alcaraz,carlos alcaraz","./explore?q=alcaraz&geo=BR"
"ceara","20 mil+","9 de septiembre de 2026 a las 21:40:00 UTC-3","10 de septiembre de 2026 a las 0:30:00 UTC-3","ceara,debate,elmano de freitas,imagens","./explore?q=ceara&geo=BR"
"casas bahia","20 mil+","9 de septiembre de 2026 a las 4:40:00 UTC-3","9 de septiembre de 2026 a las 16:00:00 UTC-3","casas bahia","./explore?q=casas%20bahia&geo=BR"
"arsenal","20 mil+","9 de septiembre de 2026 a las 16:30:00 UTC-3","9 de septiembre de 2026 a las 19:00:00 UTC-3","arsenal,napoli vs arsenal,arsenal football club","./explore?q=arsenal&geo=BR"
"chelsea","20 mil+","9 de septiembre de 2026 a las 16:50:00 UTC-3","9 de septiembre de 2026 a las 19:00:00 UTC-3","chelsea,chelsea football club,chelsea vs leeds,chelsea - leeds","./explore?q=chelsea&geo=BR"
"us open","20 mil+","8 de septiembre de 2026 a las 22:40:00 UTC-3","9 de septiembre de 2026 a las 8:10:00 UTC-3","us open,ben shelton,us open 2026,tiafoe,alcaraz e shelton","./explore?q=us%20open&geo=BR"
"classificações de futebol clube do porto x manchester city","20 mil+","8 de septiembre de 2026 a las 18:00:00 UTC-3","8 de septiembre de 2026 a las 22:10:00 UTC-3","classificações de futebol clube do porto x manchester city,city,manchester city,city x,porto,porto x,manchester city x,jogo do manchester city,estatísticas de futebol clube do porto x manchester city","./explore?q=classifica%C3%A7%C3%B5es%20de%20futebol%20clube%20do%20porto%20x%20manchester%20city&geo=BR"
"borussia","20 mil+","8 de septiembre de 2026 a las 16:20:00 UTC-3","8 de septiembre de 2026 a las 19:10:00 UTC-3","borussia,borussia dortmund,bvb","./explore?q=borussia&geo=BR"
"fenerbahçe x roma","10 mil+","10 de septiembre de 2026 a las 13:00:00 UTC-3",,"fenerbahçe x roma,roma x,fenerbahçe - roma,estatísticas de champions league","./explore?q=fenerbah%C3%A7e%20x%20roma&geo=BR"
"claudio carsughi","10 mil+","10 de septiembre de 2026 a las 9:00:00 UTC-3",,"claudio carsughi,carsughi","./explore?q=claudio%20carsughi&geo=BR"
"sucralose adoçante","10 mil+","8 de septiembre de 2026 a las 21:10:00 UTC-3",,"sucralose adoçante","./explore?q=sucralose%20ado%C3%A7ante&geo=BR"
"greve caixa","10 mil+","9 de septiembre de 2026 a las 12:40:00 UTC-3",,"greve caixa,sindicato,greve caixa econômica federal,caixa greve,greve dos bancos,caixa economica","./explore?q=greve%20caixa&geo=BR"
"fiuk","10 mil+","9 de septiembre de 2026 a las 19:00:00 UTC-3","10 de septiembre de 2026 a las 14:20:00 UTC-3","fiuk","./explore?q=fiuk&geo=BR"
"oscar","10 mil+","9 de septiembre de 2026 a las 19:10:00 UTC-3","10 de septiembre de 2026 a las 14:40:00 UTC-3","oscar,lázaro ramos","./explore?q=oscar&geo=BR"
"ios 27","10 mil+","9 de septiembre de 2026 a las 14:50:00 UTC-3","10 de septiembre de 2026 a las 15:10:00 UTC-3","ios 27","./explore?q=ios%2027&geo=BR"
"mls","10 mil+","9 de septiembre de 2026 a las 21:10:00 UTC-3","10 de septiembre de 2026 a las 7:50:00 UTC-3","mls","./explore?q=mls&geo=BR"
"seahawks x patriots","10 mil+","9 de septiembre de 2026 a las 20:20:00 UTC-3","10 de septiembre de 2026 a las 8:30:00 UTC-3","seahawks x patriots,nfl hoje,nfl onde assistir","./explore?q=seahawks%20x%20patriots&geo=BR"
"faustão","10 mil+","8 de septiembre de 2026 a las 19:20:00 UTC-3","9 de septiembre de 2026 a las 23:00:00 UTC-3","faustão","./explore?q=faust%C3%A3o&geo=BR"
"boeing 767","10 mil+","8 de septiembre de 2026 a las 18:30:00 UTC-3","10 de septiembre de 2026 a las 14:30:00 UTC-3","boeing 767","./explore?q=boeing%20767&geo=BR"
"fátima bernardes","10 mil+","9 de septiembre de 2026 a las 4:50:00 UTC-3","9 de septiembre de 2026 a las 20:00:00 UTC-3","fátima bernardes","./explore?q=f%C3%A1tima%20bernardes&geo=BR"
"chá","10 mil+","9 de septiembre de 2026 a las 10:10:00 UTC-3","10 de septiembre de 2026 a las 0:10:00 UTC-3","chá","./explore?q=ch%C3%A1&geo=BR"
"sbt cidades","10 mil+","9 de septiembre de 2026 a las 4:00:00 UTC-3","9 de septiembre de 2026 a las 21:50:00 UTC-3","sbt cidades","./explore?q=sbt%20cidades&geo=BR"
"cupom mercado livre","10 mil+","9 de septiembre de 2026 a las 0:20:00 UTC-3","10 de septiembre de 2026 a las 1:20:00 UTC-3","cupom mercado livre,cupom mercado livre hoje","./explore?q=cupom%20mercado%20livre&geo=BR"
"pesquisa senado sp","10 mil+","9 de septiembre de 2026 a las 0:20:00 UTC-3","10 de septiembre de 2026 a las 9:40:00 UTC-3","pesquisa senado sp,pesquisa para senador em são paulo 2026,simone tebet,marina silva","./explore?q=pesquisa%20senado%20sp&geo=BR"
"imprensa","10 mil+","9 de septiembre de 2026 a las 7:50:00 UTC-3","9 de septiembre de 2026 a las 20:30:00 UTC-3","imprensa","./explore?q=imprensa&geo=BR"
"desembargador","10 mil+","9 de septiembre de 2026 a las 15:10:00 UTC-3","9 de septiembre de 2026 a las 21:40:00 UTC-3","desembargador","./explore?q=desembargador&geo=BR"
"carteira digital de trânsito","10 mil+","8 de septiembre de 2026 a las 18:40:00 UTC-3","9 de septiembre de 2026 a las 10:50:00 UTC-3","carteira digital de trânsito","./explore?q=carteira%20digital%20de%20tr%C3%A2nsito&geo=BR"
"moreirense x benfica","10 mil+","9 de septiembre de 2026 a las 16:30:00 UTC-3","9 de septiembre de 2026 a las 20:40:00 UTC-3","moreirense x benfica,benfica,classificações de moreirense x benfica,benfica x,jogo do benfica","./explore?q=moreirense%20x%20benfica&geo=BR"
"brasil x","10 mil+","9 de septiembre de 2026 a las 15:10:00 UTC-3","10 de septiembre de 2026 a las 0:20:00 UTC-3","brasil x,volei feminino,de olho na vaga,brasil x venezuela volei","./explore?q=brasil%20x&geo=BR"
"tabela serie b","10 mil+","9 de septiembre de 2026 a las 21:10:00 UTC-3","9 de septiembre de 2026 a las 23:50:00 UTC-3","tabela serie b,tabela da série b,classificação serie b,serie b 2026,tabela série b,classificacao serie b,jogo do cuiabá","./explore?q=tabela%20serie%20b&geo=BR"
"inter miami","10 mil+","9 de septiembre de 2026 a las 23:00:00 UTC-3","10 de septiembre de 2026 a las 1:00:00 UTC-3","inter miami,inter de miami,chicago fire fc","./explore?q=inter%20miami&geo=BR"
"valor do dolar","10 mil+","9 de septiembre de 2026 a las 13:10:00 UTC-3","10 de septiembre de 2026 a las 13:00:00 UTC-3","valor do dolar,dolar hoje,valor do dolar hoje,dolar para real","./explore?q=valor%20do%20dolar&geo=BR"
"valores a receber","10 mil+","8 de septiembre de 2026 a las 20:00:00 UTC-3","9 de septiembre de 2026 a las 15:10:00 UTC-3","valores a receber,valores a receber banco central,dinheiro esquecido,valoresareceber.bcb.gov.br","./explore?q=valores%20a%20receber&geo=BR"
"lille","10 mil+","8 de septiembre de 2026 a las 15:50:00 UTC-3","8 de septiembre de 2026 a las 19:00:00 UTC-3","lille,ethan mbappé,betis x,lille x betis,antony,lille x,real betis x","./explore?q=lille&geo=BR"
"miami","10 mil+","8 de septiembre de 2026 a las 17:50:00 UTC-3","9 de septiembre de 2026 a las 7:10:00 UTC-3","miami,amazon","./explore?q=miami&geo=BR"
"roma fc","5 mil+","10 de septiembre de 2026 a las 13:50:00 UTC-3",,"roma fc,champions league 2026","./explore?q=roma%20fc&geo=BR"
"charlie kirk","5 mil+","9 de septiembre de 2026 a las 22:00:00 UTC-3",,"charlie kirk","./explore?q=charlie%20kirk&geo=BR"
"piloto","5 mil+","9 de septiembre de 2026 a las 17:40:00 UTC-3",,"piloto","./explore?q=piloto&geo=BR"
"concurso público","5 mil+","9 de septiembre de 2026 a las 16:20:00 UTC-3",,"concurso público,concurso transpetro","./explore?q=concurso%20p%C3%BAblico&geo=BR"
"atraidos pelo destino","5 mil+","9 de septiembre de 2026 a las 17:50:00 UTC-3",,"atraidos pelo destino,atraidos pelo destino 2026,ester expósito,atraídos pelo destino 2026","./explore?q=atraidos%20pelo%20destino&geo=BR"
"cartão de crédito","5 mil+","9 de septiembre de 2026 a las 15:00:00 UTC-3",,"cartão de crédito","./explore?q=cart%C3%A3o%20de%20cr%C3%A9dito&geo=BR"
"gasolina","5 mil+","9 de septiembre de 2026 a las 15:50:00 UTC-3",,"gasolina,ipca,axia3","./explore?q=gasolina&geo=BR"
"independiente del valle x flamengo","5 mil+","9 de septiembre de 2026 a las 18:50:00 UTC-3",,"independiente del valle x flamengo,ge,flamengo libertadores,onde assistir independiente del valle x flamengo,final libertadores 2026,final da libertadores 2026","./explore?q=independiente%20del%20valle%20x%20flamengo&geo=BR"
"jogo","5 mil+","10 de septiembre de 2026 a las 14:40:00 UTC-3",,"jogo,confederação brasileira de futebol,sorteio copa do brasil,esportes,jogos hoje,cbf","./explore?q=jogo&geo=BR"
"sociedade anônima do futebol","5 mil+","9 de septiembre de 2026 a las 19:10:00 UTC-3","10 de septiembre de 2026 a las 10:20:00 UTC-3","sociedade anônima do futebol","./explore?q=sociedade%20an%C3%B4nima%20do%20futebol&geo=BR"
"slavia praga","5 mil+","10 de septiembre de 2026 a las 12:30:00 UTC-3",,"slavia praga,uefa champions league","./explore?q=slavia%20praga&geo=BR"
"iphone 16 pro max","5 mil+","9 de septiembre de 2026 a las 15:30:00 UTC-3","10 de septiembre de 2026 a las 15:20:00 UTC-3","iphone 16 pro max","./explore?q=iphone%2016%20pro%20max&geo=BR"
"gabriel bontempo","5 mil+","9 de septiembre de 2026 a las 15:10:00 UTC-3","10 de septiembre de 2026 a las 8:10:00 UTC-3","gabriel bontempo,bontempo","./explore?q=gabriel%20bontempo&geo=BR"
"gás do povo","5 mil+","9 de septiembre de 2026 a las 8:20:00 UTC-3","10 de septiembre de 2026 a las 14:00:00 UTC-3","gás do povo","./explore?q=g%C3%A1s%20do%20povo&geo=BR"
"playstation plus extra","5 mil+","9 de septiembre de 2026 a las 16:10:00 UTC-3","10 de septiembre de 2026 a las 15:10:00 UTC-3","playstation plus extra,playstation plus","./explore?q=playstation%20plus%20extra&geo=BR"
"roberto carlos morreu","5 mil+","9 de septiembre de 2026 a las 11:40:00 UTC-3","10 de septiembre de 2026 a las 8:50:00 UTC-3","roberto carlos morreu,roberto carlos morreu?","./explore?q=roberto%20carlos%20morreu&geo=BR"
"manifesto","5 mil+","9 de septiembre de 2026 a las 7:30:00 UTC-3","9 de septiembre de 2026 a las 20:00:00 UTC-3","manifesto,oab sp,economista,manifesto empresarios","./explore?q=manifesto&geo=BR"
"submarino","5 mil+","8 de septiembre de 2026 a las 15:50:00 UTC-3","9 de septiembre de 2026 a las 17:00:00 UTC-3","submarino","./explore?q=submarino&geo=BR"
"br-163","5 mil+","9 de septiembre de 2026 a las 15:50:00 UTC-3","9 de septiembre de 2026 a las 21:40:00 UTC-3","br-163,velório","./explore?q=br-163&geo=BR"
"ana castela","5 mil+","8 de septiembre de 2026 a las 19:40:00 UTC-3","9 de septiembre de 2026 a las 9:30:00 UTC-3","ana castela,césar rincon influenciador","./explore?q=ana%20castela&geo=BR"
"débora rodrigues dos santos","5 mil+","8 de septiembre de 2026 a las 16:10:00 UTC-3","9 de septiembre de 2026 a las 13:30:00 UTC-3","débora rodrigues dos santos","./explore?q=d%C3%A9bora%20rodrigues%20dos%20santos&geo=BR"
"massa de ar","5 mil+","9 de septiembre de 2026 a las 15:20:00 UTC-3","9 de septiembre de 2026 a las 21:10:00 UTC-3","massa de ar","./explore?q=massa%20de%20ar&geo=BR"
"ferran torres","5 mil+","9 de septiembre de 2026 a las 16:40:00 UTC-3","9 de septiembre de 2026 a las 20:30:00 UTC-3","ferran torres","./explore?q=ferran%20torres&geo=BR"
"will smith","5 mil+","9 de septiembre de 2026 a las 8:30:00 UTC-3","9 de septiembre de 2026 a las 19:20:00 UTC-3","will smith","./explore?q=will%20smith&geo=BR"
"hbo max","5 mil+","9 de septiembre de 2026 a las 13:30:00 UTC-3","9 de septiembre de 2026 a las 17:30:00 UTC-3","hbo max","./explore?q=hbo%20max&geo=BR"
"tênis","5 mil+","8 de septiembre de 2026 a las 18:20:00 UTC-3","9 de septiembre de 2026 a las 9:50:00 UTC-3","tênis,usopen","./explore?q=t%C3%AAnis&geo=BR"
"estudiantes de la plata","5 mil+","9 de septiembre de 2026 a las 21:00:00 UTC-3","10 de septiembre de 2026 a las 0:10:00 UTC-3","estudiantes de la plata,alexis castro,club estudiantes de la plata,joaquin correa","./explore?q=estudiantes%20de%20la%20plata&geo=BR"
"vfb stuttgart x viking","5 mil+","9 de septiembre de 2026 a las 12:50:00 UTC-3","9 de septiembre de 2026 a las 18:10:00 UTC-3","vfb stuttgart x viking,classificações de vfb stuttgart x viking fk,stuttgart x","./explore?q=vfb%20stuttgart%20x%20viking&geo=BR"
"hbo","5 mil+","9 de septiembre de 2026 a las 13:50:00 UTC-3","9 de septiembre de 2026 a las 17:10:00 UTC-3","hbo","./explore?q=hbo&geo=BR"
"silvia pfeifer","5 mil+","8 de septiembre de 2026 a las 18:30:00 UTC-3","9 de septiembre de 2026 a las 8:10:00 UTC-3","silvia pfeifer","./explore?q=silvia%20pfeifer&geo=BR"
"barcelona vs feyenoord","5 mil+","9 de septiembre de 2026 a las 12:50:00 UTC-3","9 de septiembre de 2026 a las 17:10:00 UTC-3","barcelona vs feyenoord","./explore?q=barcelona%20vs%20feyenoord&geo=BR"
"napoli","5 mil+","9 de septiembre de 2026 a las 16:40:00 UTC-3","9 de septiembre de 2026 a las 18:50:00 UTC-3","napoli","./explore?q=napoli&geo=BR"
"bolsa família","5 mil+","8 de septiembre de 2026 a las 21:40:00 UTC-3","9 de septiembre de 2026 a las 8:20:00 UTC-3","bolsa família","./explore?q=bolsa%20fam%C3%ADlia&geo=BR"
"alex michelsen","5 mil+","8 de septiembre de 2026 a las 15:40:00 UTC-3","8 de septiembre de 2026 a las 21:20:00 UTC-3","alex michelsen,frances tiafoe,michelsen","./explore?q=alex%20michelsen&geo=BR"
"emma navarro","5 mil+","8 de septiembre de 2026 a las 21:10:00 UTC-3","9 de septiembre de 2026 a las 0:50:00 UTC-3","emma navarro,jessica pegula,pegula","./explore?q=emma%20navarro&geo=BR"
"betis","5 mil+","8 de septiembre de 2026 a las 16:40:00 UTC-3","8 de septiembre de 2026 a las 19:00:00 UTC-3","betis","./explore?q=betis&geo=BR"
"classificações de borussia dortmund x villarreal","5 mil+","8 de septiembre de 2026 a las 18:00:00 UTC-3","8 de septiembre de 2026 a las 20:10:00 UTC-3","classificações de borussia dortmund x villarreal,renato veiga,borussia dortmund x villarreal","./explore?q=classifica%C3%A7%C3%B5es%20de%20borussia%20dortmund%20x%20villarreal&geo=BR"
"real betis","5 mil+","8 de septiembre de 2026 a las 17:00:00 UTC-3","8 de septiembre de 2026 a las 19:00:00 UTC-3","real betis,real betis balompié","./explore?q=real%20betis&geo=BR"
"psv x shakhtar donetsk","2 mil+","10 de septiembre de 2026 a las 13:10:00 UTC-3",,"psv x shakhtar donetsk,psv fc,psv x","./explore?q=psv%20x%20shakhtar%20donetsk&geo=BR"
"psv","2 mil+","10 de septiembre de 2026 a las 13:10:00 UTC-3",,"psv,psv eindhoven","./explore?q=psv&geo=BR"
"celso russomanno","2 mil+","10 de septiembre de 2026 a las 7:50:00 UTC-3",,"celso russomanno","./explore?q=celso%20russomanno&geo=BR"
"fenerbahçe","2 mil+","10 de septiembre de 2026 a las 13:20:00 UTC-3",,"fenerbahçe,uefa","./explore?q=fenerbah%C3%A7e&geo=BR"
"viviane barci de moraes","2 mil+","10 de septiembre de 2026 a las 13:30:00 UTC-3",,"viviane barci de moraes","./explore?q=viviane%20barci%20de%20moraes&geo=BR"
"polymarket","2 mil+","10 de septiembre de 2026 a las 9:50:00 UTC-3",,"polymarket,centrão,poder360","./explore?q=polymarket&geo=BR"
"espécie invasora","2 mil+","10 de septiembre de 2026 a las 6:10:00 UTC-3",,"espécie invasora","./explore?q=esp%C3%A9cie%20invasora&geo=BR"
"como x rb leipzig","2 mil+","10 de septiembre de 2026 a las 15:00:00 UTC-3",,"como x rb leipzig,jogos da champions hoje,jogos de champions league","./explore?q=como%20x%20rb%20leipzig&geo=BR"
"nívea maria","2 mil+","10 de septiembre de 2026 a las 7:10:00 UTC-3",,"nívea maria","./explore?q=n%C3%ADvea%20maria&geo=BR"
"bayern x bodø/glimt","2 mil+","10 de septiembre de 2026 a las 15:00:00 UTC-3",,"bayern x bodø/glimt","./explore?q=bayern%20x%20bod%C3%B8%2Fglimt&geo=BR"
"jennifer lawrence","2 mil+","10 de septiembre de 2026 a las 12:10:00 UTC-3",,"jennifer lawrence,instagram,ig","./explore?q=jennifer%20lawrence&geo=BR"
"vereador","2 mil+","9 de septiembre de 2026 a las 20:50:00 UTC-3",,"vereador","./explore?q=vereador&geo=BR"
"google","2 mil+","10 de septiembre de 2026 a las 14:30:00 UTC-3",,"google","./explore?q=google&geo=BR"
"promotor de justiça","2 mil+","10 de septiembre de 2026 a las 12:40:00 UTC-3",,"promotor de justiça,rogerio rudiniki neto","./explore?q=promotor%20de%20justi%C3%A7a&geo=BR"
"uol","2 mil+","10 de septiembre de 2026 a las 14:40:00 UTC-3",,"uol,globo","./explore?q=uol&geo=BR"
"plenário do senado federal","2 mil+","10 de septiembre de 2026 a las 6:50:00 UTC-3",,"plenário do senado federal,imposto","./explore?q=plen%C3%A1rio%20do%20senado%20federal&geo=BR"
"praia","2 mil+","10 de septiembre de 2026 a las 12:00:00 UTC-3","10 de septiembre de 2026 a las 14:40:00 UTC-3","praia","./explore?q=praia&geo=BR"
"dualsense gta 6","2 mil+","10 de septiembre de 2026 a las 9:40:00 UTC-3","10 de septiembre de 2026 a las 15:20:00 UTC-3","dualsense gta 6,controle ps5 gta 6,controle gta 6","./explore?q=dualsense%20gta%206&geo=BR"
"estudante de medicina","2 mil+","10 de septiembre de 2026 a las 11:10:00 UTC-3","10 de septiembre de 2026 a las 14:10:00 UTC-3","estudante de medicina","./explore?q=estudante%20de%20medicina&geo=BR"
"cirurgia","2 mil+","10 de septiembre de 2026 a las 3:00:00 UTC-3","10 de septiembre de 2026 a las 13:50:00 UTC-3","cirurgia","./explore?q=cirurgia&geo=BR"
"10 de setembro","2 mil+","10 de septiembre de 2026 a las 1:00:00 UTC-3","10 de septiembre de 2026 a las 15:10:00 UTC-3","10 de setembro,signos horóscopo","./explore?q=10%20de%20setembro&geo=BR"
"joão fonseca","2 mil+","10 de septiembre de 2026 a las 6:00:00 UTC-3","10 de septiembre de 2026 a las 14:40:00 UTC-3","joão fonseca","./explore?q=jo%C3%A3o%20fonseca&geo=BR"
"physint","2 mil+","9 de septiembre de 2026 a las 23:50:00 UTC-3","10 de septiembre de 2026 a las 15:20:00 UTC-3","physint","./explore?q=physint&geo=BR"
"débito","2 mil+","9 de septiembre de 2026 a las 18:50:00 UTC-3","10 de septiembre de 2026 a las 10:10:00 UTC-3","débito","./explore?q=d%C3%A9bito&geo=BR"
"sofascore","2 mil+","10 de septiembre de 2026 a las 14:30:00 UTC-3","10 de septiembre de 2026 a las 15:10:00 UTC-3","sofascore,stuttgart fc,viking fk","./explore?q=sofascore&geo=BR"
"artur jorge","2 mil+","9 de septiembre de 2026 a las 22:30:00 UTC-3","10 de septiembre de 2026 a las 12:50:00 UTC-3","artur jorge","./explore?q=artur%20jorge&geo=BR"
"aeronave","2 mil+","9 de septiembre de 2026 a las 17:50:00 UTC-3","10 de septiembre de 2026 a las 6:10:00 UTC-3","aeronave,avião","./explore?q=aeronave&geo=BR"
"patriots","2 mil+","9 de septiembre de 2026 a las 21:20:00 UTC-3","10 de septiembre de 2026 a las 7:20:00 UTC-3","patriots,we,seahawks,drew lock","./explore?q=patriots&geo=BR"
"hopi hari","2 mil+","9 de septiembre de 2026 a las 21:50:00 UTC-3","10 de septiembre de 2026 a las 8:20:00 UTC-3","hopi hari","./explore?q=hopi%20hari&geo=BR"
"rio de janeiro","2 mil+","9 de septiembre de 2026 a las 15:10:00 UTC-3","9 de septiembre de 2026 a las 20:40:00 UTC-3","rio de janeiro","./explore?q=rio%20de%20janeiro&geo=BR"
"jogos de brasileirão série b","2 mil+","9 de septiembre de 2026 a las 21:10:00 UTC-3","10 de septiembre de 2026 a las 6:40:00 UTC-3","jogos de brasileirão série b","./explore?q=jogos%20de%20brasileir%C3%A3o%20s%C3%A9rie%20b&geo=BR"
"whoop","2 mil+","9 de septiembre de 2026 a las 0:30:00 UTC-3","10 de septiembre de 2026 a las 2:00:00 UTC-3","whoop,apple watch,iphone 12","./explore?q=whoop&geo=BR"
"oscar de melhor atriz","2 mil+","9 de septiembre de 2026 a las 18:30:00 UTC-3","10 de septiembre de 2026 a las 7:10:00 UTC-3","oscar de melhor atriz","./explore?q=oscar%20de%20melhor%20atriz&geo=BR"
"alexander zverev","2 mil+","9 de septiembre de 2026 a las 21:20:00 UTC-3","10 de septiembre de 2026 a las 6:30:00 UTC-3","alexander zverev","./explore?q=alexander%20zverev&geo=BR"
"carla perez","2 mil+","9 de septiembre de 2026 a las 4:30:00 UTC-3","9 de septiembre de 2026 a las 15:40:00 UTC-3","carla perez","./explore?q=carla%20perez&geo=BR"
"navier stokes","2 mil+","8 de septiembre de 2026 a las 16:10:00 UTC-3","9 de septiembre de 2026 a las 15:10:00 UTC-3","navier stokes","./explore?q=navier%20stokes&geo=BR"
"douglas luiz","2 mil+","9 de septiembre de 2026 a las 15:10:00 UTC-3","9 de septiembre de 2026 a las 19:30:00 UTC-3","douglas luiz","./explore?q=douglas%20luiz&geo=BR"
"quebra de sigilo","2 mil+","9 de septiembre de 2026 a las 19:50:00 UTC-3","10 de septiembre de 2026 a las 6:30:00 UTC-3","quebra de sigilo","./explore?q=quebra%20de%20sigilo&geo=BR"
"lionel messi","2 mil+","9 de septiembre de 2026 a las 23:50:00 UTC-3","10 de septiembre de 2026 a las 7:00:00 UTC-3","lionel messi","./explore?q=lionel%20messi&geo=BR"
"r7","2 mil+","10 de septiembre de 2026 a las 0:10:00 UTC-3","10 de septiembre de 2026 a las 15:10:00 UTC-3","r7","./explore?q=r7&geo=BR"
"boa esperança do sul","2 mil+","9 de septiembre de 2026 a las 16:30:00 UTC-3","9 de septiembre de 2026 a las 23:10:00 UTC-3","boa esperança do sul","./explore?q=boa%20esperan%C3%A7a%20do%20sul&geo=BR"
"lafc x ny red bulls","2 mil+","9 de septiembre de 2026 a las 23:10:00 UTC-3","10 de septiembre de 2026 a las 7:00:00 UTC-3","lafc x ny red bulls,los angeles fc,lafc ny red bulls 09/09/2026","./explore?q=lafc%20x%20ny%20red%20bulls&geo=BR"
"lotomania 2973","2 mil+","9 de septiembre de 2026 a las 21:20:00 UTC-3","10 de septiembre de 2026 a las 9:40:00 UTC-3","lotomania 2973,resultado da lotomania de hoje,lotomania de hoje","./explore?q=lotomania%202973&geo=BR"
"matheuzinho","2 mil+","9 de septiembre de 2026 a las 15:10:00 UTC-3","10 de septiembre de 2026 a las 0:20:00 UTC-3","matheuzinho","./explore?q=matheuzinho&geo=BR"
"jogos de champions league","2 mil+","9 de septiembre de 2026 a las 14:20:00 UTC-3","9 de septiembre de 2026 a las 19:00:00 UTC-3","jogos de champions league,jogos da champions,champions league hoje","./explore?q=jogos%20de%20champions%20league&geo=BR"
"karen khachanov","2 mil+","9 de septiembre de 2026 a las 18:10:00 UTC-3","10 de septiembre de 2026 a las 0:40:00 UTC-3","karen khachanov,zverev,botic van de zandschulp","./explore?q=karen%20khachanov&geo=BR"
"papa leão xiv","2 mil+","9 de septiembre de 2026 a las 4:50:00 UTC-3","9 de septiembre de 2026 a las 17:00:00 UTC-3","papa leão xiv","./explore?q=papa%20le%C3%A3o%20xiv&geo=BR"
"brian rodríguez","2 mil+","9 de septiembre de 2026 a las 12:30:00 UTC-3","9 de septiembre de 2026 a las 19:10:00 UTC-3","brian rodríguez","./explore?q=brian%20rodr%C3%ADguez&geo=BR"
"ermedin demirović","2 mil+","9 de septiembre de 2026 a las 14:10:00 UTC-3","9 de septiembre de 2026 a las 19:00:00 UTC-3","ermedin demirović,vfb stuttgart,stuttgart","./explore?q=ermedin%20demirovi%C4%87&geo=BR"
"iphone 16e","2 mil+","9 de septiembre de 2026 a las 13:30:00 UTC-3","10 de septiembre de 2026 a las 13:20:00 UTC-3","iphone 16e","./explore?q=iphone%2016e&geo=BR"
"natalie harp","2 mil+","9 de septiembre de 2026 a las 11:30:00 UTC-3","9 de septiembre de 2026 a las 17:00:00 UTC-3","natalie harp","./explore?q=natalie%20harp&geo=BR"
"jogo do ceará","2 mil+","9 de septiembre de 2026 a las 21:40:00 UTC-3","10 de septiembre de 2026 a las 0:10:00 UTC-3","jogo do ceará","./explore?q=jogo%20do%20cear%C3%A1&geo=BR"
"brasil","2 mil+","9 de septiembre de 2026 a las 15:50:00 UTC-3","9 de septiembre de 2026 a las 19:20:00 UTC-3","brasil","./explore?q=brasil&geo=BR"
"alíquota","2 mil+","9 de septiembre de 2026 a las 12:30:00 UTC-3","9 de septiembre de 2026 a las 19:10:00 UTC-3","alíquota","./explore?q=al%C3%ADquota&geo=BR"
"alisson santos","2 mil+","9 de septiembre de 2026 a las 15:20:00 UTC-3","9 de septiembre de 2026 a las 18:50:00 UTC-3","alisson santos","./explore?q=alisson%20santos&geo=BR"
"raphinha","2 mil+","9 de septiembre de 2026 a las 14:00:00 UTC-3","9 de septiembre de 2026 a las 19:00:00 UTC-3","raphinha","./explore?q=raphinha&geo=BR"
"reacher s4e7","2 mil+","9 de septiembre de 2026 a las 13:00:00 UTC-3","9 de septiembre de 2026 a las 23:00:00 UTC-3","reacher s4e7","./explore?q=reacher%20s4e7&geo=BR"
"deyverson","2 mil+","9 de septiembre de 2026 a las 18:30:00 UTC-3","9 de septiembre de 2026 a las 22:10:00 UTC-3","deyverson","./explore?q=deyverson&geo=BR"
"coco gauff","2 mil+","9 de septiembre de 2026 a las 15:50:00 UTC-3","9 de septiembre de 2026 a las 18:50:00 UTC-3","coco gauff,mirra andreeva,andreeva","./explore?q=coco%20gauff&geo=BR"
"9 de setembro","2 mil+","9 de septiembre de 2026 a las 14:20:00 UTC-3","9 de septiembre de 2026 a las 21:20:00 UTC-3","9 de setembro","./explore?q=9%20de%20setembro&geo=BR"
"classificação da série b","2 mil+","9 de septiembre de 2026 a las 21:10:00 UTC-3","10 de septiembre de 2026 a las 6:40:00 UTC-3","classificação da série b","./explore?q=classifica%C3%A7%C3%A3o%20da%20s%C3%A9rie%20b&geo=BR"
"matheus gonçalves","2 mil+","8 de septiembre de 2026 a las 16:20:00 UTC-3","9 de septiembre de 2026 a las 14:30:00 UTC-3","matheus gonçalves","./explore?q=matheus%20gon%C3%A7alves&geo=BR"
"karim adeyemi","2 mil+","9 de septiembre de 2026 a las 14:00:00 UTC-3","9 de septiembre de 2026 a las 17:10:00 UTC-3","karim adeyemi,adeyemi","./explore?q=karim%20adeyemi&geo=BR"
"no man's sky","2 mil+","9 de septiembre de 2026 a las 17:00:00 UTC-3","9 de septiembre de 2026 a las 20:50:00 UTC-3","no man's sky,sky","./explore?q=no%20man%27s%20sky&geo=BR"
"apple us","2 mil+","9 de septiembre de 2026 a las 14:50:00 UTC-3","9 de septiembre de 2026 a las 19:20:00 UTC-3","apple us","./explore?q=apple%20us&geo=BR"
"prisão","2 mil+","9 de septiembre de 2026 a las 19:50:00 UTC-3","9 de septiembre de 2026 a las 21:30:00 UTC-3","prisão","./explore?q=pris%C3%A3o&geo=BR"
"nintendo switch zelda ocarina of time","2 mil+","9 de septiembre de 2026 a las 11:20:00 UTC-3","9 de septiembre de 2026 a las 14:50:00 UTC-3","nintendo switch zelda ocarina of time,zelda ocarina remake","./explore?q=nintendo%20switch%20zelda%20ocarina%20of%20time&geo=BR"
"árbitro","2 mil+","9 de septiembre de 2026 a las 18:30:00 UTC-3","9 de septiembre de 2026 a las 20:50:00 UTC-3","árbitro","./explore?q=%C3%A1rbitro&geo=BR"
"elena rybakina","2 mil+","9 de septiembre de 2026 a las 13:10:00 UTC-3","9 de septiembre de 2026 a las 16:30:00 UTC-3","elena rybakina,rybakina,qinwen zheng","./explore?q=elena%20rybakina&geo=BR"
"celtic","2 mil+","9 de septiembre de 2026 a las 16:50:00 UTC-3","9 de septiembre de 2026 a las 18:50:00 UTC-3","celtic","./explore?q=celtic&geo=BR"
"alcaraz us open","2 mil+","8 de septiembre de 2026 a las 21:50:00 UTC-3","9 de septiembre de 2026 a las 9:30:00 UTC-3","alcaraz us open,shelton","./explore?q=alcaraz%20us%20open&geo=BR"
"bauru","2 mil+","9 de septiembre de 2026 a las 11:20:00 UTC-3","9 de septiembre de 2026 a las 17:30:00 UTC-3","bauru,médico","./explore?q=bauru&geo=BR"
"paris saint-germain football club","2 mil+","9 de septiembre de 2026 a las 16:30:00 UTC-3","9 de septiembre de 2026 a las 19:10:00 UTC-3","paris saint-germain football club","./explore?q=paris%20saint-germain%20football%20club&geo=BR"
"canta comigo teen","2 mil+","9 de septiembre de 2026 a las 23:10:00 UTC-3","10 de septiembre de 2026 a las 1:40:00 UTC-3","canta comigo teen,r7 com votação canta comigo,r7 votação final canta comigo,canta comigo teen 2026,canta comigo,quem ganhou o canta comigo teen","./explore?q=canta%20comigo%20teen&geo=BR"
"quem joga hoje","2 mil+","9 de septiembre de 2026 a las 19:30:00 UTC-3","9 de septiembre de 2026 a las 22:10:00 UTC-3","quem joga hoje","./explore?q=quem%20joga%20hoje&geo=BR"
"yuri alberto","2 mil+","9 de septiembre de 2026 a las 22:10:00 UTC-3","10 de septiembre de 2026 a las 0:30:00 UTC-3","yuri alberto,yuri alberto volta quando","./explore?q=yuri%20alberto&geo=BR"
"lago","2 mil+","9 de septiembre de 2026 a las 6:30:00 UTC-3","9 de septiembre de 2026 a las 13:40:00 UTC-3","lago","./explore?q=lago&geo=BR"
"joelma","2 mil+","9 de septiembre de 2026 a las 14:20:00 UTC-3","9 de septiembre de 2026 a las 19:40:00 UTC-3","joelma","./explore?q=joelma&geo=BR"
"jacob coxon","2 mil+","9 de septiembre de 2026 a las 11:00:00 UTC-3","9 de septiembre de 2026 a las 17:40:00 UTC-3","jacob coxon","./explore?q=jacob%20coxon&geo=BR"
"muse","2 mil+","8 de septiembre de 2026 a las 20:10:00 UTC-3","9 de septiembre de 2026 a las 8:30:00 UTC-3","muse,muse meta","./explore?q=muse&geo=BR"
"dolar","2 mil+","9 de septiembre de 2026 a las 15:10:00 UTC-3","9 de septiembre de 2026 a las 17:00:00 UTC-3","dolar","./explore?q=dolar&geo=BR"
"betty faria","2 mil+","8 de septiembre de 2026 a las 23:40:00 UTC-3","9 de septiembre de 2026 a las 15:20:00 UTC-3","betty faria,tony ramos","./explore?q=betty%20faria&geo=BR"
"liverpool vs atlético madrid","2 mil+","9 de septiembre de 2026 a las 16:10:00 UTC-3","9 de septiembre de 2026 a las 18:50:00 UTC-3","liverpool vs atlético madrid,atletico de madrid,posiciones de liverpool fc contra atlético de madrid,marcos llorente","./explore?q=liverpool%20vs%20atl%C3%A9tico%20madrid&geo=BR"
"ufscar","2 mil+","8 de septiembre de 2026 a las 20:20:00 UTC-3","9 de septiembre de 2026 a las 10:10:00 UTC-3","ufscar","./explore?q=ufscar&geo=BR"
"galatasaray","2 mil+","9 de septiembre de 2026 a las 17:50:00 UTC-3","9 de septiembre de 2026 a las 18:50:00 UTC-3","galatasaray","./explore?q=galatasaray&geo=BR"
"rangers","2 mil+","9 de septiembre de 2026 a las 17:10:00 UTC-3","9 de septiembre de 2026 a las 18:40:00 UTC-3","rangers,rangers fc,rangers x","./explore?q=rangers&geo=BR"
"gabriel barbosa","2 mil+","9 de septiembre de 2026 a las 20:40:00 UTC-3","9 de septiembre de 2026 a las 22:10:00 UTC-3","gabriel barbosa,ciro gomes","./explore?q=gabriel%20barbosa&geo=BR"
"honda wr-v","2 mil+","8 de septiembre de 2026 a las 16:00:00 UTC-3","8 de septiembre de 2026 a las 19:20:00 UTC-3","honda wr-v","./explore?q=honda%20wr-v&geo=BR"
"lamine yamal","2 mil+","9 de septiembre de 2026 a las 15:50:00 UTC-3","9 de septiembre de 2026 a las 16:50:00 UTC-3","lamine yamal,yamal","./explore?q=lamine%20yamal&geo=BR"
"cuiaba","2 mil+","8 de septiembre de 2026 a las 18:10:00 UTC-3","8 de septiembre de 2026 a las 23:40:00 UTC-3","cuiaba","./explore?q=cuiaba&geo=BR"
"acidente","2 mil+","8 de septiembre de 2026 a las 18:30:00 UTC-3","8 de septiembre de 2026 a las 20:50:00 UTC-3","acidente,br-470","./explore?q=acidente&geo=BR"
"luan santana","2 mil+","8 de septiembre de 2026 a las 15:30:00 UTC-3","8 de septiembre de 2026 a las 20:00:00 UTC-3","luan santana","./explore?q=luan%20santana&geo=BR"
"plantao globo","2 mil+","9 de septiembre de 2026 a las 17:20:00 UTC-3","9 de septiembre de 2026 a las 18:30:00 UTC-3","plantao globo,plantão da globo,plantão globo,plantao da globo","./explore?q=plantao%20globo&geo=BR"
"solange bezerra","2 mil+","8 de septiembre de 2026 a las 20:50:00 UTC-3","9 de septiembre de 2026 a las 7:50:00 UTC-3","solange bezerra,deolane bezerra","./explore?q=solange%20bezerra&geo=BR"
"classificações de club brugge x aston villa","2 mil+","8 de septiembre de 2026 a las 15:50:00 UTC-3","8 de septiembre de 2026 a las 17:50:00 UTC-3","classificações de club brugge x aston villa","./explore?q=classifica%C3%A7%C3%B5es%20de%20club%20brugge%20x%20aston%20villa&geo=BR"
"leandro paredes","2 mil+","8 de septiembre de 2026 a las 21:00:00 UTC-3","9 de septiembre de 2026 a las 0:30:00 UTC-3","leandro paredes","./explore?q=leandro%20paredes&geo=BR"
"tnt sports","2 mil+","9 de septiembre de 2026 a las 14:00:00 UTC-3","9 de septiembre de 2026 a las 17:00:00 UTC-3","tnt sports,tnt,jogos champions league,jogos da champions hoje,champions hoje","./explore?q=tnt%20sports&geo=BR"
"borussia x","2 mil+","8 de septiembre de 2026 a las 16:30:00 UTC-3","8 de septiembre de 2026 a las 19:00:00 UTC-3","borussia x,jogo do borussia dortmund","./explore?q=borussia%20x&geo=BR"
"manchester city football club","2 mil+","8 de septiembre de 2026 a las 17:40:00 UTC-3","8 de septiembre de 2026 a las 19:00:00 UTC-3","manchester city football club,man city,porto vs man city","./explore?q=manchester%20city%20football%20club&geo=BR"
"paredes","2 mil+","8 de septiembre de 2026 a las 21:40:00 UTC-3","9 de septiembre de 2026 a las 0:10:00 UTC-3","paredes,alan velasco,club atlético boca juniors","./explore?q=paredes&geo=BR"
"sofascore","2 mil+","8 de septiembre de 2026 a las 16:20:00 UTC-3","8 de septiembre de 2026 a las 18:40:00 UTC-3","sofascore","./explore?q=sofascore&geo=BR"
"newcastle","2 mil+","8 de septiembre de 2026 a las 17:40:00 UTC-3","8 de septiembre de 2026 a las 18:40:00 UTC-3","newcastle","./explore?q=newcastle&geo=BR"
"gleiker mendoza","1 mil+","10 de septiembre de 2026 a las 13:50:00 UTC-3",,"gleiker mendoza","./explore?q=gleiker%20mendoza&geo=BR"
"justa causa","1 mil+","10 de septiembre de 2026 a las 14:10:00 UTC-3",,"justa causa","./explore?q=justa%20causa&geo=BR"
"eton college","1 mil+","10 de septiembre de 2026 a las 11:30:00 UTC-3",,"eton college","./explore?q=eton%20college&geo=BR"
"roma","1 mil+","10 de septiembre de 2026 a las 13:40:00 UTC-3",,"roma,as roma","./explore?q=roma&geo=BR"
"jogos","1 mil+","10 de septiembre de 2026 a las 14:30:00 UTC-3",,"jogos","./explore?q=jogos&geo=BR"
"fla-flu","1 mil+","10 de septiembre de 2026 a las 12:30:00 UTC-3",,"fla-flu,jogo na globo hoje","./explore?q=fla-flu&geo=BR"
"outlook","1 mil+","10 de septiembre de 2026 a las 14:40:00 UTC-3",,"outlook","./explore?q=outlook&geo=BR"
"acm neto","1 mil+","10 de septiembre de 2026 a las 7:00:00 UTC-3","10 de septiembre de 2026 a las 14:30:00 UTC-3","acm neto","./explore?q=acm%20neto&geo=BR"
"renault niagara","1 mil+","10 de septiembre de 2026 a las 11:10:00 UTC-3","10 de septiembre de 2026 a las 15:10:00 UTC-3","renault niagara","./explore?q=renault%20niagara&geo=BR"
"noruega","1 mil+","10 de septiembre de 2026 a las 11:20:00 UTC-3","10 de septiembre de 2026 a las 15:20:00 UTC-3","noruega","./explore?q=noruega&geo=BR"
"wolverine metacritic","1 mil+","10 de septiembre de 2026 a las 12:10:00 UTC-3","10 de septiembre de 2026 a las 14:10:00 UTC-3","wolverine metacritic,metacritic","./explore?q=wolverine%20metacritic&geo=BR"
"senador","1 mil+","10 de septiembre de 2026 a las 9:00:00 UTC-3","10 de septiembre de 2026 a las 14:30:00 UTC-3","senador","./explore?q=senador&geo=BR"
"lewandowski","1 mil+","9 de septiembre de 2026 a las 15:30:00 UTC-3","10 de septiembre de 2026 a las 14:40:00 UTC-3","lewandowski,robert lewandowski","./explore?q=lewandowski&geo=BR"
"cinema","1 mil+","10 de septiembre de 2026 a las 12:40:00 UTC-3","10 de septiembre de 2026 a las 13:50:00 UTC-3","cinema","./explore?q=cinema&geo=BR"
"cidade","1 mil+","10 de septiembre de 2026 a las 5:30:00 UTC-3","10 de septiembre de 2026 a las 9:30:00 UTC-3","cidade","./explore?q=cidade&geo=BR"
"corinthians ontem","1 mil+","10 de septiembre de 2026 a las 5:10:00 UTC-3","10 de septiembre de 2026 a las 8:30:00 UTC-3","corinthians ontem","./explore?q=corinthians%20ontem&geo=BR"
"miss brasil 2026","1 mil+","10 de septiembre de 2026 a las 10:50:00 UTC-3","10 de septiembre de 2026 a las 12:20:00 UTC-3","miss brasil 2026,miss universo 2026","./explore?q=miss%20brasil%202026&geo=BR"
"adriana novela quem ama cuida","1 mil+","9 de septiembre de 2026 a las 21:40:00 UTC-3","10 de septiembre de 2026 a las 3:20:00 UTC-3","adriana novela quem ama cuida","./explore?q=adriana%20novela%20quem%20ama%20cuida&geo=BR"
"resultado jogo do corinthians","1 mil+","10 de septiembre de 2026 a las 4:30:00 UTC-3","10 de septiembre de 2026 a las 7:30:00 UTC-3","resultado jogo do corinthians,cor x,rodrigo garro","./explore?q=resultado%20jogo%20do%20corinthians&geo=BR"
"ceará sporting club","1 mil+","9 de septiembre de 2026 a las 21:40:00 UTC-3","10 de septiembre de 2026 a las 0:20:00 UTC-3","ceará sporting club","./explore?q=cear%C3%A1%20sporting%20club&geo=BR"
"litoral","1 mil+","9 de septiembre de 2026 a las 15:50:00 UTC-3","9 de septiembre de 2026 a las 19:50:00 UTC-3","litoral","./explore?q=litoral&geo=BR"
"sam darnold","1 mil+","9 de septiembre de 2026 a las 22:00:00 UTC-3","10 de septiembre de 2026 a las 1:10:00 UTC-3","sam darnold,seattle seahawks","./explore?q=sam%20darnold&geo=BR"
"nicolas cage","1 mil+","9 de septiembre de 2026 a las 12:10:00 UTC-3","10 de septiembre de 2026 a las 6:50:00 UTC-3","nicolas cage","./explore?q=nicolas%20cage&geo=BR"
"dro fernández","1 mil+","9 de septiembre de 2026 a las 16:20:00 UTC-3","9 de septiembre de 2026 a las 19:30:00 UTC-3","dro fernández","./explore?q=dro%20fern%C3%A1ndez&geo=BR"
"sccp","1 mil+","9 de septiembre de 2026 a las 21:30:00 UTC-3","10 de septiembre de 2026 a las 0:10:00 UTC-3","sccp","./explore?q=sccp&geo=BR"
"ucl","1 mil+","9 de septiembre de 2026 a las 15:00:00 UTC-3","9 de septiembre de 2026 a las 18:50:00 UTC-3","ucl","./explore?q=ucl&geo=BR"
"hbomax","1 mil+","9 de septiembre de 2026 a las 13:50:00 UTC-3","9 de septiembre de 2026 a las 17:30:00 UTC-3","hbomax","./explore?q=hbomax&geo=BR"
"psg - slovan bratislava","1 mil+","9 de septiembre de 2026 a las 15:50:00 UTC-3","9 de septiembre de 2026 a las 19:00:00 UTC-3","psg - slovan bratislava","./explore?q=psg%20-%20slovan%20bratislava&geo=BR"
"twente","1 mil+","9 de septiembre de 2026 a las 13:50:00 UTC-3","9 de septiembre de 2026 a las 17:00:00 UTC-3","twente","./explore?q=twente&geo=BR"
"jair","1 mil+","9 de septiembre de 2026 a las 15:10:00 UTC-3","9 de septiembre de 2026 a las 18:00:00 UTC-3","jair","./explore?q=jair&geo=BR"
"psg vs slovan bratislava","1 mil+","9 de septiembre de 2026 a las 15:50:00 UTC-3","9 de septiembre de 2026 a las 18:50:00 UTC-3","psg vs slovan bratislava,ousmane dembélé","./explore?q=psg%20vs%20slovan%20bratislava&geo=BR"
"muslera","1 mil+","9 de septiembre de 2026 a las 21:40:00 UTC-3","10 de septiembre de 2026 a las 0:00:00 UTC-3","muslera,muslera goleiro","./explore?q=muslera&geo=BR"
"yamaha crosser 2027","1 mil+","9 de septiembre de 2026 a las 6:30:00 UTC-3","9 de septiembre de 2026 a las 11:10:00 UTC-3","yamaha crosser 2027","./explore?q=yamaha%20crosser%202027&geo=BR"
"barça","1 mil+","9 de septiembre de 2026 a las 13:50:00 UTC-3","9 de septiembre de 2026 a las 17:40:00 UTC-3","barça","./explore?q=bar%C3%A7a&geo=BR"
"atlanta utd orlando city 09/09/2026","1 mil+","9 de septiembre de 2026 a las 20:50:00 UTC-3","9 de septiembre de 2026 a las 23:00:00 UTC-3","atlanta utd orlando city 09/09/2026","./explore?q=atlanta%20utd%20orlando%20city%2009%2F09%2F2026&geo=BR"
"nintendo direct","1 mil+","9 de septiembre de 2026 a las 10:10:00 UTC-3","9 de septiembre de 2026 a las 13:50:00 UTC-3","nintendo direct","./explore?q=nintendo%20direct&geo=BR"
"america","1 mil+","9 de septiembre de 2026 a las 21:10:00 UTC-3","9 de septiembre de 2026 a las 23:10:00 UTC-3","america","./explore?q=america&geo=BR"
"airbus a330","1 mil+","9 de septiembre de 2026 a las 12:50:00 UTC-3","9 de septiembre de 2026 a las 17:50:00 UTC-3","airbus a330","./explore?q=airbus%20a330&geo=BR"
"mercado da mentira","1 mil+","9 de septiembre de 2026 a las 14:50:00 UTC-3","9 de septiembre de 2026 a las 17:30:00 UTC-3","mercado da mentira","./explore?q=mercado%20da%20mentira&geo=BR"
"marquinhos","1 mil+","9 de septiembre de 2026 a las 15:20:00 UTC-3","9 de septiembre de 2026 a las 17:50:00 UTC-3","marquinhos","./explore?q=marquinhos&geo=BR"
"luisa stefani","1 mil+","9 de septiembre de 2026 a las 20:30:00 UTC-3","9 de septiembre de 2026 a las 22:50:00 UTC-3","luisa stefani","./explore?q=luisa%20stefani&geo=BR"
"brasil fc","1 mil+","9 de septiembre de 2026 a las 15:20:00 UTC-3","9 de septiembre de 2026 a las 18:50:00 UTC-3","brasil fc","./explore?q=brasil%20fc&geo=BR"
"barca","1 mil+","9 de septiembre de 2026 a las 14:20:00 UTC-3","9 de septiembre de 2026 a las 17:00:00 UTC-3","barca,fc barcelona vs feyenoord standings","./explore?q=barca&geo=BR"
"isis valverde","1 mil+","8 de septiembre de 2026 a las 18:30:00 UTC-3","9 de septiembre de 2026 a las 5:20:00 UTC-3","isis valverde","./explore?q=isis%20valverde&geo=BR"
"al-mokawloon x al ahly","1 mil+","9 de septiembre de 2026 a las 14:20:00 UTC-3","9 de septiembre de 2026 a las 17:00:00 UTC-3","al-mokawloon x al ahly","./explore?q=al-mokawloon%20x%20al%20ahly&geo=BR"
"alexander blockx","1 mil+","9 de septiembre de 2026 a las 18:40:00 UTC-3","9 de septiembre de 2026 a las 21:00:00 UTC-3","alexander blockx","./explore?q=alexander%20blockx&geo=BR"
"marcos mion","1 mil+","9 de septiembre de 2026 a las 9:40:00 UTC-3","9 de septiembre de 2026 a las 13:50:00 UTC-3","marcos mion","./explore?q=marcos%20mion&geo=BR"
"samsung galaxy watch","1 mil+","9 de septiembre de 2026 a las 10:50:00 UTC-3","9 de septiembre de 2026 a las 14:30:00 UTC-3","samsung galaxy watch","./explore?q=samsung%20galaxy%20watch&geo=BR"
"samsung galaxy s25 ultra 256gb","1 mil+","8 de septiembre de 2026 a las 23:20:00 UTC-3","9 de septiembre de 2026 a las 5:10:00 UTC-3","samsung galaxy s25 ultra 256gb","./explore?q=samsung%20galaxy%20s25%20ultra%20256gb&geo=BR"
"pedro flamengo","1 mil+","9 de septiembre de 2026 a las 15:20:00 UTC-3","9 de septiembre de 2026 a las 17:30:00 UTC-3","pedro flamengo","./explore?q=pedro%20flamengo&geo=BR"
"airpods 5","1 mil+","9 de septiembre de 2026 a las 15:10:00 UTC-3","10 de septiembre de 2026 a las 0:20:00 UTC-3","airpods 5","./explore?q=airpods%205&geo=BR"
"tarcísio de freitas","1 mil+","8 de septiembre de 2026 a las 15:40:00 UTC-3","8 de septiembre de 2026 a las 19:30:00 UTC-3","tarcísio de freitas","./explore?q=tarc%C3%ADsio%20de%20freitas&geo=BR"
"maroon 5","1 mil+","8 de septiembre de 2026 a las 19:20:00 UTC-3","9 de septiembre de 2026 a las 1:10:00 UTC-3","maroon 5,adam levine","./explore?q=maroon%205&geo=BR"
"david fincher","1 mil+","8 de septiembre de 2026 a las 17:20:00 UTC-3","8 de septiembre de 2026 a las 20:40:00 UTC-3","david fincher","./explore?q=david%20fincher&geo=BR"
"renato góes","1 mil+","9 de septiembre de 2026 a las 16:40:00 UTC-3","9 de septiembre de 2026 a las 17:40:00 UTC-3","renato góes,renato goes","./explore?q=renato%20g%C3%B3es&geo=BR"
"prompt trend fotos anos 80","1 mil+","8 de septiembre de 2026 a las 21:00:00 UTC-3","8 de septiembre de 2026 a las 23:40:00 UTC-3","prompt trend fotos anos 80,patrícia poeta","./explore?q=prompt%20trend%20fotos%20anos%2080&geo=BR"
"crystal palace","1 mil+","8 de septiembre de 2026 a las 15:40:00 UTC-3","8 de septiembre de 2026 a las 18:10:00 UTC-3","crystal palace","./explore?q=crystal%20palace&geo=BR"
"susana vieira","1 mil+","8 de septiembre de 2026 a las 21:00:00 UTC-3","8 de septiembre de 2026 a las 23:30:00 UTC-3","susana vieira","./explore?q=susana%20vieira&geo=BR"
"leonel flores","1 mil+","8 de septiembre de 2026 a las 21:00:00 UTC-3","8 de septiembre de 2026 a las 23:40:00 UTC-3","leonel flores","./explore?q=leonel%20flores&geo=BR"
"andy diouf","1 mil+","8 de septiembre de 2026 a las 15:30:00 UTC-3","8 de septiembre de 2026 a las 18:00:00 UTC-3","andy diouf","./explore?q=andy%20diouf&geo=BR"
"anitta","1 mil+","9 de septiembre de 2026 a las 11:50:00 UTC-3","9 de septiembre de 2026 a las 13:40:00 UTC-3","anitta","./explore?q=anitta&geo=BR"
"banco central","1 mil+","9 de septiembre de 2026 a las 8:20:00 UTC-3","9 de septiembre de 2026 a las 10:20:00 UTC-3","banco central","./explore?q=banco%20central&geo=BR"
"santa fe fc","1 mil+","8 de septiembre de 2026 a las 18:20:00 UTC-3","8 de septiembre de 2026 a las 21:20:00 UTC-3","santa fe fc","./explore?q=santa%20fe%20fc&geo=BR"
"rodovia washington luís","1 mil+","8 de septiembre de 2026 a las 20:40:00 UTC-3","8 de septiembre de 2026 a las 22:20:00 UTC-3","rodovia washington luís","./explore?q=rodovia%20washington%20lu%C3%ADs&geo=BR"
"caverna","1 mil+","9 de septiembre de 2026 a las 13:30:00 UTC-3","9 de septiembre de 2026 a las 14:20:00 UTC-3","caverna","./explore?q=caverna&geo=BR"
"plástico","1 mil+","8 de septiembre de 2026 a las 17:20:00 UTC-3","8 de septiembre de 2026 a las 19:30:00 UTC-3","plástico","./explore?q=pl%C3%A1stico&geo=BR"
"jogos da champions","1 mil+","8 de septiembre de 2026 a las 15:50:00 UTC-3","8 de septiembre de 2026 a las 19:00:00 UTC-3","jogos da champions","./explore?q=jogos%20da%20champions&geo=BR"
"previsão do tempo belo horizonte","1 mil+","9 de septiembre de 2026 a las 8:40:00 UTC-3","9 de septiembre de 2026 a las 9:50:00 UTC-3","previsão do tempo belo horizonte,previsão do tempo bh","./explore?q=previs%C3%A3o%20do%20tempo%20belo%20horizonte&geo=BR"
"dortmund","1 mil+","8 de septiembre de 2026 a las 16:50:00 UTC-3","8 de septiembre de 2026 a las 19:00:00 UTC-3","dortmund","./explore?q=dortmund&geo=BR"
"vinicius júnior","1 mil+","8 de septiembre de 2026 a las 18:00:00 UTC-3","8 de septiembre de 2026 a las 19:10:00 UTC-3","vinicius júnior","./explore?q=vinicius%20j%C3%BAnior&geo=BR"
"além do tempo","1 mil+","8 de septiembre de 2026 a las 17:40:00 UTC-3","8 de septiembre de 2026 a las 19:40:00 UTC-3","além do tempo","./explore?q=al%C3%A9m%20do%20tempo&geo=BR"
"tiempo","1 mil+","9 de septiembre de 2026 a las 6:30:00 UTC-3","9 de septiembre de 2026 a las 7:40:00 UTC-3","tiempo","./explore?q=tiempo&geo=BR"
"flashscore","1 mil+","8 de septiembre de 2026 a las 16:30:00 UTC-3","8 de septiembre de 2026 a las 18:20:00 UTC-3","flashscore","./explore?q=flashscore&geo=BR"
"west ham","1 mil+","8 de septiembre de 2026 a las 17:40:00 UTC-3","8 de septiembre de 2026 a las 18:50:00 UTC-3","west ham","./explore?q=west%20ham&geo=BR"
"dan stulbach","1 mil+","9 de septiembre de 2026 a las 21:20:00 UTC-3","9 de septiembre de 2026 a las 22:00:00 UTC-3","dan stulbach,resumo da novela quem ama cuida,resumo quem ama cuida","./explore?q=dan%20stulbach&geo=BR"
"avenida brasil","1 mil+","8 de septiembre de 2026 a las 18:50:00 UTC-3","8 de septiembre de 2026 a las 20:10:00 UTC-3","avenida brasil","./explore?q=avenida%20brasil&geo=BR"
"paramount","1 mil+","8 de septiembre de 2026 a las 19:10:00 UTC-3","8 de septiembre de 2026 a las 19:40:00 UTC-3","paramount","./explore?q=paramount&geo=BR"
"sofascore","1 mil+","9 de septiembre de 2026 a las 16:20:00 UTC-3","9 de septiembre de 2026 a las 16:40:00 UTC-3","sofascore,serhou guirassy","./explore?q=sofascore&geo=BR"
"after","500+","10 de septiembre de 2026 a las 15:00:00 UTC-3",,"after","./explore?q=after&geo=BR"
"marc overmars","500+","10 de septiembre de 2026 a las 14:20:00 UTC-3",,"marc overmars","./explore?q=marc%20overmars&geo=BR"
"wesley batista","500+","10 de septiembre de 2026 a las 13:20:00 UTC-3",,"wesley batista","./explore?q=wesley%20batista&geo=BR"
"shakhtar donetsk","500+","10 de septiembre de 2026 a las 12:00:00 UTC-3",,"shakhtar donetsk","./explore?q=shakhtar%20donetsk&geo=BR"
"gisele bündchen","500+","10 de septiembre de 2026 a las 13:20:00 UTC-3",,"gisele bündchen","./explore?q=gisele%20b%C3%BCndchen&geo=BR"
"teams","500+","10 de septiembre de 2026 a las 14:40:00 UTC-3",,"teams","./explore?q=teams&geo=BR"
"nota parana","500+","10 de septiembre de 2026 a las 11:40:00 UTC-3",,"nota parana,nota paraná","./explore?q=nota%20parana&geo=BR"
"agência nacional de saúde suplementar","500+","10 de septiembre de 2026 a las 13:50:00 UTC-3","10 de septiembre de 2026 a las 15:20:00 UTC-3","agência nacional de saúde suplementar","./explore?q=ag%C3%AAncia%20nacional%20de%20sa%C3%BAde%20suplementar&geo=BR"
"celesc","500+","10 de septiembre de 2026 a las 13:20:00 UTC-3","10 de septiembre de 2026 a las 15:00:00 UTC-3","celesc","./explore?q=celesc&geo=BR"
"flórida","500+","10 de septiembre de 2026 a las 12:20:00 UTC-3","10 de septiembre de 2026 a las 14:30:00 UTC-3","flórida","./explore?q=fl%C3%B3rida&geo=BR"
"superior tribunal de justiça","500+","10 de septiembre de 2026 a las 12:20:00 UTC-3","10 de septiembre de 2026 a las 14:20:00 UTC-3","superior tribunal de justiça","./explore?q=superior%20tribunal%20de%20justi%C3%A7a&geo=BR"
"chanceler","500+","10 de septiembre de 2026 a las 6:50:00 UTC-3","10 de septiembre de 2026 a las 9:50:00 UTC-3","chanceler","./explore?q=chanceler&geo=BR"
"cauã reymond","500+","10 de septiembre de 2026 a las 0:10:00 UTC-3","10 de septiembre de 2026 a las 8:20:00 UTC-3","cauã reymond","./explore?q=cau%C3%A3%20reymond&geo=BR"
"leilão casas bahia","500+","9 de septiembre de 2026 a las 20:10:00 UTC-3","10 de septiembre de 2026 a las 8:00:00 UTC-3","leilão casas bahia","./explore?q=leil%C3%A3o%20casas%20bahia&geo=BR"
"abel ferreira","500+","10 de septiembre de 2026 a las 7:20:00 UTC-3","10 de septiembre de 2026 a las 8:30:00 UTC-3","abel ferreira","./explore?q=abel%20ferreira&geo=BR"
"san diego fc","500+","9 de septiembre de 2026 a las 23:30:00 UTC-3","10 de septiembre de 2026 a las 2:40:00 UTC-3","san diego fc","./explore?q=san%20diego%20fc&geo=BR"
"inter miami cf","500+","9 de septiembre de 2026 a las 22:20:00 UTC-3","10 de septiembre de 2026 a las 0:30:00 UTC-3","inter miami cf","./explore?q=inter%20miami%20cf&geo=BR"
"joaquín correa","500+","9 de septiembre de 2026 a las 23:00:00 UTC-3","10 de septiembre de 2026 a las 7:00:00 UTC-3","joaquín correa","./explore?q=joaqu%C3%ADn%20correa&geo=BR"
"new york city new england 09/09/2026","500+","9 de septiembre de 2026 a las 21:20:00 UTC-3","9 de septiembre de 2026 a las 23:20:00 UTC-3","new york city new england 09/09/2026","./explore?q=new%20york%20city%20new%20england%2009%2F09%2F2026&geo=BR"
"dc united columbus crew 09/09/2026","500+","9 de septiembre de 2026 a las 20:50:00 UTC-3","9 de septiembre de 2026 a las 22:50:00 UTC-3","dc united columbus crew 09/09/2026","./explore?q=dc%20united%20columbus%20crew%2009%2F09%2F2026&geo=BR"
"iphone 15 pro","500+","9 de septiembre de 2026 a las 16:40:00 UTC-3","10 de septiembre de 2026 a las 14:00:00 UTC-3","iphone 15 pro","./explore?q=iphone%2015%20pro&geo=BR"
"al kholood x al-shabab","500+","9 de septiembre de 2026 a las 12:10:00 UTC-3","9 de septiembre de 2026 a las 15:50:00 UTC-3","al kholood x al-shabab","./explore?q=al%20kholood%20x%20al-shabab&geo=BR"
"santos ao vivo","500+","9 de septiembre de 2026 a las 19:10:00 UTC-3","9 de septiembre de 2026 a las 20:50:00 UTC-3","santos ao vivo","./explore?q=santos%20ao%20vivo&geo=BR"
"liverpool football club","500+","9 de septiembre de 2026 a las 16:50:00 UTC-3","9 de septiembre de 2026 a las 19:00:00 UTC-3","liverpool football club","./explore?q=liverpool%20football%20club&geo=BR"
"associação dos funcionários públicos do estado de são paulo","500+","9 de septiembre de 2026 a las 21:10:00 UTC-3","9 de septiembre de 2026 a las 23:10:00 UTC-3","associação dos funcionários públicos do estado de são paulo","./explore?q=associa%C3%A7%C3%A3o%20dos%20funcion%C3%A1rios%20p%C3%BAblicos%20do%20estado%20de%20s%C3%A3o%20paulo&geo=BR"
"maghnes akliouche","500+","9 de septiembre de 2026 a las 16:30:00 UTC-3","9 de septiembre de 2026 a las 19:00:00 UTC-3","maghnes akliouche","./explore?q=maghnes%20akliouche&geo=BR"
"la galaxy","500+","10 de septiembre de 2026 a las 0:20:00 UTC-3","10 de septiembre de 2026 a las 2:00:00 UTC-3","la galaxy,vancouver whitecaps la galaxy 09/09/2026,vancouver whitecaps,los angeles galaxy","./explore?q=la%20galaxy&geo=BR"
"chelsea fc","500+","9 de septiembre de 2026 a las 16:50:00 UTC-3","9 de septiembre de 2026 a las 18:30:00 UTC-3","chelsea fc","./explore?q=chelsea%20fc&geo=BR"
"lee kang-in","500+","9 de septiembre de 2026 a las 16:00:00 UTC-3","9 de septiembre de 2026 a las 17:50:00 UTC-3","lee kang-in","./explore?q=lee%20kang-in&geo=BR"
"rio ngumoha","500+","9 de septiembre de 2026 a las 16:00:00 UTC-3","9 de septiembre de 2026 a las 17:50:00 UTC-3","rio ngumoha","./explore?q=rio%20ngumoha&geo=BR"
"meningite","500+","9 de septiembre de 2026 a las 16:30:00 UTC-3","9 de septiembre de 2026 a las 18:00:00 UTC-3","meningite","./explore?q=meningite&geo=BR"
"volkswagen amarok","500+","9 de septiembre de 2026 a las 19:00:00 UTC-3","9 de septiembre de 2026 a las 20:50:00 UTC-3","volkswagen amarok","./explore?q=volkswagen%20amarok&geo=BR"
"metroid ravenous","500+","9 de septiembre de 2026 a las 11:40:00 UTC-3","9 de septiembre de 2026 a las 15:00:00 UTC-3","metroid ravenous","./explore?q=metroid%20ravenous&geo=BR"
"neto","500+","9 de septiembre de 2026 a las 19:30:00 UTC-3","9 de septiembre de 2026 a las 20:50:00 UTC-3","neto","./explore?q=neto&geo=BR"
"bbse3","500+","9 de septiembre de 2026 a las 18:10:00 UTC-3","9 de septiembre de 2026 a las 19:20:00 UTC-3","bbse3","./explore?q=bbse3&geo=BR"
"disney magic run 2026 são paulo","500+","9 de septiembre de 2026 a las 9:50:00 UTC-3","9 de septiembre de 2026 a las 11:40:00 UTC-3","disney magic run 2026 são paulo","./explore?q=disney%20magic%20run%202026%20s%C3%A3o%20paulo&geo=BR"
"arcanjo renegado","500+","9 de septiembre de 2026 a las 19:50:00 UTC-3","9 de septiembre de 2026 a las 21:10:00 UTC-3","arcanjo renegado","./explore?q=arcanjo%20renegado&geo=BR"
"navarro tenista","500+","8 de septiembre de 2026 a las 21:40:00 UTC-3","9 de septiembre de 2026 a las 0:20:00 UTC-3","navarro tenista","./explore?q=navarro%20tenista&geo=BR"
"allan","500+","9 de septiembre de 2026 a las 23:40:00 UTC-3","10 de septiembre de 2026 a las 0:10:00 UTC-3","allan","./explore?q=allan&geo=BR"
"valentín barco","500+","9 de septiembre de 2026 a las 18:00:00 UTC-3","9 de septiembre de 2026 a las 19:00:00 UTC-3","valentín barco,xabi alonso","./explore?q=valent%C3%ADn%20barco&geo=BR"
"josé boto","500+","9 de septiembre de 2026 a las 6:20:00 UTC-3","9 de septiembre de 2026 a las 9:10:00 UTC-3","josé boto,luis henrique","./explore?q=jos%C3%A9%20boto&geo=BR"
"jogos de barcelona","500+","9 de septiembre de 2026 a las 15:20:00 UTC-3","9 de septiembre de 2026 a las 16:40:00 UTC-3","jogos de barcelona,jogo do barcelona hoje","./explore?q=jogos%20de%20barcelona&geo=BR"
"diário da região","500+","9 de septiembre de 2026 a las 13:00:00 UTC-3","9 de septiembre de 2026 a las 14:40:00 UTC-3","diário da região,vírus","./explore?q=di%C3%A1rio%20da%20regi%C3%A3o&geo=BR"
"atletico madrid","500+","9 de septiembre de 2026 a las 16:40:00 UTC-3","9 de septiembre de 2026 a las 17:30:00 UTC-3","atletico madrid","./explore?q=atletico%20madrid&geo=BR"
"barcola","500+","9 de septiembre de 2026 a las 16:30:00 UTC-3","9 de septiembre de 2026 a las 17:30:00 UTC-3","barcola","./explore?q=barcola&geo=BR"
"sesc","500+","9 de septiembre de 2026 a las 13:20:00 UTC-3","9 de septiembre de 2026 a las 18:00:00 UTC-3","sesc","./explore?q=sesc&geo=BR"
"bradley barcola","500+","9 de septiembre de 2026 a las 16:30:00 UTC-3","9 de septiembre de 2026 a las 17:50:00 UTC-3","bradley barcola","./explore?q=bradley%20barcola&geo=BR"
"hat-trick","500+","8 de septiembre de 2026 a las 19:30:00 UTC-3","8 de septiembre de 2026 a las 21:20:00 UTC-3","hat-trick","./explore?q=hat-trick&geo=BR"
"cientista","500+","8 de septiembre de 2026 a las 15:40:00 UTC-3","8 de septiembre de 2026 a las 18:10:00 UTC-3","cientista","./explore?q=cientista&geo=BR"
"oriente petrolero","500+","8 de septiembre de 2026 a las 22:00:00 UTC-3","9 de septiembre de 2026 a las 0:20:00 UTC-3","oriente petrolero","./explore?q=oriente%20petrolero&geo=BR"
"curtis jones","500+","8 de septiembre de 2026 a las 15:50:00 UTC-3","8 de septiembre de 2026 a las 17:50:00 UTC-3","curtis jones","./explore?q=curtis%20jones&geo=BR"
"roberto justus","500+","8 de septiembre de 2026 a las 20:20:00 UTC-3","8 de septiembre de 2026 a las 22:00:00 UTC-3","roberto justus","./explore?q=roberto%20justus&geo=BR"
"al-ittihad x al feiha","500+","9 de septiembre de 2026 a las 11:00:00 UTC-3","9 de septiembre de 2026 a las 11:50:00 UTC-3","al-ittihad x al feiha","./explore?q=al-ittihad%20x%20al%20feiha&geo=BR"
"la bombonera","500+","8 de septiembre de 2026 a las 21:40:00 UTC-3","8 de septiembre de 2026 a las 23:40:00 UTC-3","la bombonera","./explore?q=la%20bombonera&geo=BR"
"valheim","500+","9 de septiembre de 2026 a las 12:50:00 UTC-3","9 de septiembre de 2026 a las 19:50:00 UTC-3","valheim","./explore?q=valheim&geo=BR"
"gustavo nonato","500+","8 de septiembre de 2026 a las 19:10:00 UTC-3","8 de septiembre de 2026 a las 20:40:00 UTC-3","gustavo nonato","./explore?q=gustavo%20nonato&geo=BR"
"muse ia","500+","8 de septiembre de 2026 a las 22:10:00 UTC-3","9 de septiembre de 2026 a las 0:50:00 UTC-3","muse ia","./explore?q=muse%20ia&geo=BR"
"atacante","500+","9 de septiembre de 2026 a las 11:50:00 UTC-3","9 de septiembre de 2026 a las 12:40:00 UTC-3","atacante","./explore?q=atacante&geo=BR"
"band","500+","8 de septiembre de 2026 a las 22:30:00 UTC-3","9 de septiembre de 2026 a las 0:00:00 UTC-3","band","./explore?q=band&geo=BR"
"classificações de al-ittihad x al-fayha","500+","8 de septiembre de 2026 a las 17:20:00 UTC-3","8 de septiembre de 2026 a las 18:50:00 UTC-3","classificações de al-ittihad x al-fayha","./explore?q=classifica%C3%A7%C3%B5es%20de%20al-ittihad%20x%20al-fayha&geo=BR"
"ayase ueda","500+","8 de septiembre de 2026 a las 16:20:00 UTC-3","8 de septiembre de 2026 a las 18:00:00 UTC-3","ayase ueda","./explore?q=ayase%20ueda&geo=BR"
"quem ama cuida resumo","500+","8 de septiembre de 2026 a las 23:10:00 UTC-3","9 de septiembre de 2026 a las 8:20:00 UTC-3","quem ama cuida resumo","./explore?q=quem%20ama%20cuida%20resumo&geo=BR"
"emha - agência municipal de habitação de campo grande","500+","8 de septiembre de 2026 a las 20:20:00 UTC-3","8 de septiembre de 2026 a las 22:10:00 UTC-3","emha - agência municipal de habitação de campo grande","./explore?q=emha%20-%20ag%C3%AAncia%20municipal%20de%20habita%C3%A7%C3%A3o%20de%20campo%20grande&geo=BR"
"álvaro montoro","500+","8 de septiembre de 2026 a las 16:00:00 UTC-3","8 de septiembre de 2026 a las 17:50:00 UTC-3","álvaro montoro","./explore?q=%C3%A1lvaro%20montoro&geo=BR"
"btg nexus","500+","8 de septiembre de 2026 a las 18:40:00 UTC-3","8 de septiembre de 2026 a las 20:10:00 UTC-3","btg nexus","./explore?q=btg%20nexus&geo=BR"
"alexsandro","500+","8 de septiembre de 2026 a las 16:40:00 UTC-3","8 de septiembre de 2026 a las 18:10:00 UTC-3","alexsandro","./explore?q=alexsandro&geo=BR"
"programação sbt","500+","8 de septiembre de 2026 a las 15:40:00 UTC-3","8 de septiembre de 2026 a las 21:50:00 UTC-3","programação sbt","./explore?q=programa%C3%A7%C3%A3o%20sbt&geo=BR"
"slce3","500+","9 de septiembre de 2026 a las 11:00:00 UTC-3","9 de septiembre de 2026 a las 12:20:00 UTC-3","slce3","./explore?q=slce3&geo=BR"
"sol","500+","9 de septiembre de 2026 a las 10:30:00 UTC-3","9 de septiembre de 2026 a las 23:10:00 UTC-3","sol,previsão do tempo guarulhos","./explore?q=sol&geo=BR"
"sommer","500+","8 de septiembre de 2026 a las 16:30:00 UTC-3","8 de septiembre de 2026 a las 18:00:00 UTC-3","sommer","./explore?q=sommer&geo=BR"
"club atlético platense","500+","8 de septiembre de 2026 a las 19:20:00 UTC-3","8 de septiembre de 2026 a las 20:30:00 UTC-3","club atlético platense","./explore?q=club%20atl%C3%A9tico%20platense&geo=BR"
"volkswagen id polo","500+","8 de septiembre de 2026 a las 19:20:00 UTC-3","8 de septiembre de 2026 a las 21:00:00 UTC-3","volkswagen id polo","./explore?q=volkswagen%20id%20polo&geo=BR"
"real madrid vs inter milan standings","500+","8 de septiembre de 2026 a las 18:10:00 UTC-3","8 de septiembre de 2026 a las 19:30:00 UTC-3","real madrid vs inter milan standings","./explore?q=real%20madrid%20vs%20inter%20milan%20standings&geo=BR"
"flashscore","500+","9 de septiembre de 2026 a las 16:50:00 UTC-3","9 de septiembre de 2026 a las 17:20:00 UTC-3","flashscore","./explore?q=flashscore&geo=BR"
"yan diomande","500+","8 de septiembre de 2026 a las 17:50:00 UTC-3","8 de septiembre de 2026 a las 18:40:00 UTC-3","yan diomande,diomande","./explore?q=yan%20diomande&geo=BR"
"rayan","500+","8 de septiembre de 2026 a las 17:50:00 UTC-3","8 de septiembre de 2026 a las 18:40:00 UTC-3","rayan","./explore?q=rayan&geo=BR"
"losc lille","500+","8 de septiembre de 2026 a las 17:10:00 UTC-3","8 de septiembre de 2026 a las 18:10:00 UTC-3","losc lille,losc - real betis","./explore?q=losc%20lille&geo=BR"
"burning man","500+","8 de septiembre de 2026 a las 15:30:00 UTC-3","8 de septiembre de 2026 a las 18:00:00 UTC-3","burning man","./explore?q=burning%20man&geo=BR"
"alone","200+","10 de septiembre de 2026 a las 15:10:00 UTC-3",,"alone","./explore?q=alone&geo=BR"
"indenização","200+","10 de septiembre de 2026 a las 14:30:00 UTC-3",,"indenização","./explore?q=indeniza%C3%A7%C3%A3o&geo=BR"
"action","200+","10 de septiembre de 2026 a las 14:50:00 UTC-3",,"action","./explore?q=action&geo=BR"
"administration","200+","10 de septiembre de 2026 a las 14:50:00 UTC-3",,"administration","./explore?q=administration&geo=BR"
"jim caviezel","200+","10 de septiembre de 2026 a las 14:30:00 UTC-3",,"jim caviezel","./explore?q=jim%20caviezel&geo=BR"
"eutanásia","200+","10 de septiembre de 2026 a las 15:10:00 UTC-3",,"eutanásia","./explore?q=eutan%C3%A1sia&geo=BR"
"us open junior","200+","10 de septiembre de 2026 a las 13:50:00 UTC-3",,"us open junior","./explore?q=us%20open%20junior&geo=BR"
"noticias","200+","10 de septiembre de 2026 a las 14:40:00 UTC-3",,"noticias","./explore?q=noticias&geo=BR"
"word","200+","10 de septiembre de 2026 a las 14:40:00 UTC-3",,"word","./explore?q=word&geo=BR"
"g","200+","10 de septiembre de 2026 a las 15:00:00 UTC-3",,"g","./explore?q=g&geo=BR"
"bol","200+","10 de septiembre de 2026 a las 14:40:00 UTC-3",,"bol","./explore?q=bol&geo=BR"
"stj","200+","10 de septiembre de 2026 a las 15:00:00 UTC-3",,"stj","./explore?q=stj&geo=BR"
"games","200+","10 de septiembre de 2026 a las 14:40:00 UTC-3",,"games,wolverine ps5,wolverine","./explore?q=games&geo=BR"
"cinesystem","200+","10 de septiembre de 2026 a las 12:10:00 UTC-3","10 de septiembre de 2026 a las 14:20:00 UTC-3","cinesystem","./explore?q=cinesystem&geo=BR"
"email","200+","10 de septiembre de 2026 a las 14:40:00 UTC-3","10 de septiembre de 2026 a las 15:20:00 UTC-3","email","./explore?q=email&geo=BR"
"demi lovato","200+","10 de septiembre de 2026 a las 11:40:00 UTC-3","10 de septiembre de 2026 a las 14:30:00 UTC-3","demi lovato","./explore?q=demi%20lovato&geo=BR"
"one piece 1193","200+","10 de septiembre de 2026 a las 11:50:00 UTC-3","10 de septiembre de 2026 a las 15:00:00 UTC-3","one piece 1193","./explore?q=one%20piece%201193&geo=BR"
"south park","200+","10 de septiembre de 2026 a las 12:30:00 UTC-3","10 de septiembre de 2026 a las 15:00:00 UTC-3","south park","./explore?q=south%20park&geo=BR"
"bb seguridade","200+","10 de septiembre de 2026 a las 14:30:00 UTC-3","10 de septiembre de 2026 a las 15:00:00 UTC-3","bb seguridade","./explore?q=bb%20seguridade&geo=BR"
"como 1907","200+","10 de septiembre de 2026 a las 12:40:00 UTC-3","10 de septiembre de 2026 a las 14:20:00 UTC-3","como 1907","./explore?q=como%201907&geo=BR"
"da magia a sedução","200+","10 de septiembre de 2026 a las 12:50:00 UTC-3","10 de septiembre de 2026 a las 14:10:00 UTC-3","da magia a sedução","./explore?q=da%20magia%20a%20sedu%C3%A7%C3%A3o&geo=BR"
"deborah secco","200+","10 de septiembre de 2026 a las 13:00:00 UTC-3","10 de septiembre de 2026 a las 14:50:00 UTC-3","deborah secco","./explore?q=deborah%20secco&geo=BR"
"dia do brigadeiro","200+","10 de septiembre de 2026 a las 9:40:00 UTC-3","10 de septiembre de 2026 a las 15:00:00 UTC-3","dia do brigadeiro","./explore?q=dia%20do%20brigadeiro&geo=BR"
"iphone 13","200+","10 de septiembre de 2026 a las 13:30:00 UTC-3","10 de septiembre de 2026 a las 14:40:00 UTC-3","iphone 13","./explore?q=iphone%2013&geo=BR"
"parque olimpico rj","200+","10 de septiembre de 2026 a las 12:30:00 UTC-3","10 de septiembre de 2026 a las 13:30:00 UTC-3","parque olimpico rj","./explore?q=parque%20olimpico%20rj&geo=BR"
"iphone 14","200+","10 de septiembre de 2026 a las 13:30:00 UTC-3","10 de septiembre de 2026 a las 14:10:00 UTC-3","iphone 14","./explore?q=iphone%2014&geo=BR"
"ingressos palmeiras","200+","10 de septiembre de 2026 a las 10:10:00 UTC-3","10 de septiembre de 2026 a las 11:00:00 UTC-3","ingressos palmeiras","./explore?q=ingressos%20palmeiras&geo=BR"
"dana white","200+","10 de septiembre de 2026 a las 7:00:00 UTC-3","10 de septiembre de 2026 a las 13:10:00 UTC-3","dana white","./explore?q=dana%20white&geo=BR"
"live","200+","10 de septiembre de 2026 a las 11:50:00 UTC-3","10 de septiembre de 2026 a las 14:40:00 UTC-3","live","./explore?q=live&geo=BR"
"argentina","200+","10 de septiembre de 2026 a las 9:10:00 UTC-3","10 de septiembre de 2026 a las 9:50:00 UTC-3","argentina","./explore?q=argentina&geo=BR"
"shawn mendes","200+","10 de septiembre de 2026 a las 6:20:00 UTC-3","10 de septiembre de 2026 a las 8:10:00 UTC-3","shawn mendes","./explore?q=shawn%20mendes&geo=BR"
"sorteio loteria federal","200+","10 de septiembre de 2026 a las 2:20:00 UTC-3","10 de septiembre de 2026 a las 4:10:00 UTC-3","sorteio loteria federal","./explore?q=sorteio%20loteria%20federal&geo=BR"
"portland timbers","200+","9 de septiembre de 2026 a las 23:30:00 UTC-3","10 de septiembre de 2026 a las 2:30:00 UTC-3","portland timbers","./explore?q=portland%20timbers&geo=BR"
"whitecaps x la galaxy","200+","9 de septiembre de 2026 a las 23:50:00 UTC-3","10 de septiembre de 2026 a las 2:00:00 UTC-3","whitecaps x la galaxy","./explore?q=whitecaps%20x%20la%20galaxy&geo=BR"
"r7 canta comigo","200+","10 de septiembre de 2026 a las 0:10:00 UTC-3","10 de septiembre de 2026 a las 1:30:00 UTC-3","r7 canta comigo","./explore?q=r7%20canta%20comigo&geo=BR"
"guido carrillo","200+","9 de septiembre de 2026 a las 22:40:00 UTC-3","10 de septiembre de 2026 a las 0:10:00 UTC-3","guido carrillo","./explore?q=guido%20carrillo&geo=BR"
"previsão do tempo fortaleza","200+","10 de septiembre de 2026 a las 8:20:00 UTC-3","10 de septiembre de 2026 a las 9:00:00 UTC-3","previsão do tempo fortaleza","./explore?q=previs%C3%A3o%20do%20tempo%20fortaleza&geo=BR"
"romarinho","200+","9 de septiembre de 2026 a las 23:10:00 UTC-3","10 de septiembre de 2026 a las 0:20:00 UTC-3","romarinho","./explore?q=romarinho&geo=BR"
"r7 ao vivo","200+","10 de septiembre de 2026 a las 0:10:00 UTC-3","10 de septiembre de 2026 a las 1:30:00 UTC-3","r7 ao vivo","./explore?q=r7%20ao%20vivo&geo=BR"
"toronto fc","200+","9 de septiembre de 2026 a las 22:00:00 UTC-3","9 de septiembre de 2026 a las 23:20:00 UTC-3","toronto fc","./explore?q=toronto%20fc&geo=BR"
"dazn","200+","9 de septiembre de 2026 a las 21:20:00 UTC-3","9 de septiembre de 2026 a las 22:30:00 UTC-3","dazn","./explore?q=dazn&geo=BR"
"maisa","200+","9 de septiembre de 2026 a las 22:20:00 UTC-3","9 de septiembre de 2026 a las 23:30:00 UTC-3","maisa","./explore?q=maisa&geo=BR"
"alexandre borges","200+","9 de septiembre de 2026 a las 21:10:00 UTC-3","9 de septiembre de 2026 a las 22:20:00 UTC-3","alexandre borges","./explore?q=alexandre%20borges&geo=BR"
"corinthinas","200+","9 de septiembre de 2026 a las 22:30:00 UTC-3","9 de septiembre de 2026 a las 23:40:00 UTC-3","corinthinas","./explore?q=corinthinas&geo=BR"
"pyramids fc","200+","9 de septiembre de 2026 a las 12:00:00 UTC-3","9 de septiembre de 2026 a las 14:10:00 UTC-3","pyramids fc","./explore?q=pyramids%20fc&geo=BR"
"al-nassr - abha","200+","9 de septiembre de 2026 a las 15:50:00 UTC-3","9 de septiembre de 2026 a las 17:20:00 UTC-3","al-nassr - abha","./explore?q=al-nassr%20-%20abha&geo=BR"
"športový klub slovan bratislava","200+","9 de septiembre de 2026 a las 17:20:00 UTC-3","9 de septiembre de 2026 a las 18:20:00 UTC-3","športový klub slovan bratislava","./explore?q=%C5%A1portov%C3%BD%20klub%20slovan%20bratislava&geo=BR"
"mamelodi","200+","9 de septiembre de 2026 a las 15:50:00 UTC-3","9 de septiembre de 2026 a las 17:00:00 UTC-3","mamelodi","./explore?q=mamelodi&geo=BR"
"jogo em nuvem","200+","9 de septiembre de 2026 a las 12:40:00 UTC-3","9 de septiembre de 2026 a las 14:30:00 UTC-3","jogo em nuvem","./explore?q=jogo%20em%20nuvem&geo=BR"
"faculdade de direito da universidade de são paulo (fdusp)","200+","9 de septiembre de 2026 a las 17:40:00 UTC-3","9 de septiembre de 2026 a las 18:40:00 UTC-3","faculdade de direito da universidade de são paulo (fdusp)","./explore?q=faculdade%20de%20direito%20da%20universidade%20de%20s%C3%A3o%20paulo%20%28fdusp%29&geo=BR"
"flamengo x corinthians","200+","9 de septiembre de 2026 a las 23:20:00 UTC-3","10 de septiembre de 2026 a las 0:20:00 UTC-3","flamengo x corinthians","./explore?q=flamengo%20x%20corinthians&geo=BR"
"shaqueel van persie","200+","9 de septiembre de 2026 a las 15:10:00 UTC-3","9 de septiembre de 2026 a las 16:10:00 UTC-3","shaqueel van persie","./explore?q=shaqueel%20van%20persie&geo=BR"
"mercedes","200+","9 de septiembre de 2026 a las 12:50:00 UTC-3","10 de septiembre de 2026 a las 0:40:00 UTC-3","mercedes","./explore?q=mercedes&geo=BR"
"graciele lacerda","200+","9 de septiembre de 2026 a las 14:20:00 UTC-3","9 de septiembre de 2026 a las 19:00:00 UTC-3","graciele lacerda","./explore?q=graciele%20lacerda&geo=BR"
"mãeana","200+","9 de septiembre de 2026 a las 13:00:00 UTC-3","9 de septiembre de 2026 a las 15:00:00 UTC-3","mãeana","./explore?q=m%C3%A3eana&geo=BR"
"fc bayern münchen","200+","9 de septiembre de 2026 a las 19:00:00 UTC-3","9 de septiembre de 2026 a las 20:00:00 UTC-3","fc bayern münchen","./explore?q=fc%20bayern%20m%C3%BCnchen&geo=BR"
"alexander isak","200+","9 de septiembre de 2026 a las 17:50:00 UTC-3","9 de septiembre de 2026 a las 18:40:00 UTC-3","alexander isak","./explore?q=alexander%20isak&geo=BR"
"seahawks vs patriots","200+","9 de septiembre de 2026 a las 21:40:00 UTC-3","9 de septiembre de 2026 a las 22:20:00 UTC-3","seahawks vs patriots","./explore?q=seahawks%20vs%20patriots&geo=BR"
"ronald araújo","200+","9 de septiembre de 2026 a las 17:00:00 UTC-3","9 de septiembre de 2026 a las 17:50:00 UTC-3","ronald araújo","./explore?q=ronald%20ara%C3%BAjo&geo=BR"
"abel braga","200+","9 de septiembre de 2026 a las 17:00:00 UTC-3","9 de septiembre de 2026 a las 17:50:00 UTC-3","abel braga","./explore?q=abel%20braga&geo=BR"
"kick tv","200+","9 de septiembre de 2026 a las 10:30:00 UTC-3","9 de septiembre de 2026 a las 11:20:00 UTC-3","kick tv","./explore?q=kick%20tv&geo=BR"
"resultado da milionária de hoje","200+","9 de septiembre de 2026 a las 22:00:00 UTC-3","9 de septiembre de 2026 a las 22:30:00 UTC-3","resultado da milionária de hoje","./explore?q=resultado%20da%20milion%C3%A1ria%20de%20hoje&geo=BR"
"all nassr","200+","9 de septiembre de 2026 a las 16:30:00 UTC-3","9 de septiembre de 2026 a las 17:10:00 UTC-3","all nassr","./explore?q=all%20nassr&geo=BR"
"sunderland","200+","8 de septiembre de 2026 a las 17:20:00 UTC-3","8 de septiembre de 2026 a las 18:30:00 UTC-3","sunderland","./explore?q=sunderland&geo=BR"
"tiffany volei","200+","8 de septiembre de 2026 a las 20:40:00 UTC-3","8 de septiembre de 2026 a las 21:50:00 UTC-3","tiffany volei","./explore?q=tiffany%20volei&geo=BR"
"comando vermelho","200+","8 de septiembre de 2026 a las 18:50:00 UTC-3","8 de septiembre de 2026 a las 20:00:00 UTC-3","comando vermelho","./explore?q=comando%20vermelho&geo=BR"
"luis suárez","200+","9 de septiembre de 2026 a las 18:00:00 UTC-3","9 de septiembre de 2026 a las 18:30:00 UTC-3","luis suárez","./explore?q=luis%20su%C3%A1rez&geo=BR"
"gdo","200+","9 de septiembre de 2026 a las 12:30:00 UTC-3","9 de septiembre de 2026 a las 13:10:00 UTC-3","gdo","./explore?q=gdo&geo=BR"
"midway","200+","9 de septiembre de 2026 a las 9:30:00 UTC-3","9 de septiembre de 2026 a las 10:20:00 UTC-3","midway","./explore?q=midway&geo=BR"
"álvaro montero","200+","8 de septiembre de 2026 a las 21:40:00 UTC-3","8 de septiembre de 2026 a las 22:50:00 UTC-3","álvaro montero","./explore?q=%C3%A1lvaro%20montero&geo=BR"
"previsão do tempo santos","200+","9 de septiembre de 2026 a las 4:50:00 UTC-3","9 de septiembre de 2026 a las 6:10:00 UTC-3","previsão do tempo santos","./explore?q=previs%C3%A3o%20do%20tempo%20santos&geo=BR"
"gabarito sedes","200+","9 de septiembre de 2026 a las 9:30:00 UTC-3","9 de septiembre de 2026 a las 14:20:00 UTC-3","gabarito sedes","./explore?q=gabarito%20sedes&geo=BR"
"tnt sports","200+","8 de septiembre de 2026 a las 16:00:00 UTC-3","8 de septiembre de 2026 a las 17:10:00 UTC-3","tnt sports","./explore?q=tnt%20sports&geo=BR"
"oposição","200+","9 de septiembre de 2026 a las 17:00:00 UTC-3","9 de septiembre de 2026 a las 17:20:00 UTC-3","oposição","./explore?q=oposi%C3%A7%C3%A3o&geo=BR"
"mamelodi sundowns","200+","9 de septiembre de 2026 a las 15:50:00 UTC-3","9 de septiembre de 2026 a las 16:40:00 UTC-3","mamelodi sundowns","./explore?q=mamelodi%20sundowns&geo=BR"
"atletiba","200+","8 de septiembre de 2026 a las 19:40:00 UTC-3","8 de septiembre de 2026 a las 20:50:00 UTC-3","atletiba","./explore?q=atletiba&geo=BR"
"pyramids x el gouna","200+","9 de septiembre de 2026 a las 12:50:00 UTC-3","9 de septiembre de 2026 a las 13:50:00 UTC-3","pyramids x el gouna","./explore?q=pyramids%20x%20el%20gouna&geo=BR"
"cvm","200+","8 de septiembre de 2026 a las 21:10:00 UTC-3","8 de septiembre de 2026 a las 22:20:00 UTC-3","cvm","./explore?q=cvm&geo=BR"
"jack grealish","200+","9 de septiembre de 2026 a las 23:00:00 UTC-3","9 de septiembre de 2026 a las 23:20:00 UTC-3","jack grealish","./explore?q=jack%20grealish&geo=BR"
"southampton x swansea city","200+","8 de septiembre de 2026 a las 15:50:00 UTC-3","8 de septiembre de 2026 a las 16:50:00 UTC-3","southampton x swansea city","./explore?q=southampton%20x%20swansea%20city&geo=BR"
"ryan christie","200+","8 de septiembre de 2026 a las 17:30:00 UTC-3","8 de septiembre de 2026 a las 18:30:00 UTC-3","ryan christie","./explore?q=ryan%20christie&geo=BR"
"mbappe","200+","8 de septiembre de 2026 a las 16:30:00 UTC-3","8 de septiembre de 2026 a las 17:20:00 UTC-3","mbappe","./explore?q=mbappe&geo=BR"
"william gomes","200+","8 de septiembre de 2026 a las 15:40:00 UTC-3","8 de septiembre de 2026 a las 17:40:00 UTC-3","william gomes","./explore?q=william%20gomes&geo=BR"
"álvaro carreras","200+","8 de septiembre de 2026 a las 18:00:00 UTC-3","8 de septiembre de 2026 a las 18:50:00 UTC-3","álvaro carreras","./explore?q=%C3%A1lvaro%20carreras&geo=BR"
"atenas fc","200+","8 de septiembre de 2026 a las 15:30:00 UTC-3","8 de septiembre de 2026 a las 16:20:00 UTC-3","atenas fc","./explore?q=atenas%20fc&geo=BR"
"resende","200+","8 de septiembre de 2026 a las 20:20:00 UTC-3","8 de septiembre de 2026 a las 20:50:00 UTC-3","resende","./explore?q=resende&geo=BR"
"aston villa football club","200+","8 de septiembre de 2026 a las 18:00:00 UTC-3","8 de septiembre de 2026 a las 19:00:00 UTC-3","aston villa football club","./explore?q=aston%20villa%20football%20club&geo=BR"
"newcastle x","200+","8 de septiembre de 2026 a las 17:50:00 UTC-3","8 de septiembre de 2026 a las 18:30:00 UTC-3","newcastle x","./explore?q=newcastle%20x&geo=BR"
"van persie","200+","9 de septiembre de 2026 a las 15:50:00 UTC-3","9 de septiembre de 2026 a las 16:10:00 UTC-3","van persie","./explore?q=van%20persie&geo=BR"
"brt do rio de janeiro","200+","8 de septiembre de 2026 a las 19:30:00 UTC-3","8 de septiembre de 2026 a las 20:20:00 UTC-3","brt do rio de janeiro","./explore?q=brt%20do%20rio%20de%20janeiro&geo=BR"
"troy parrott","200+","8 de septiembre de 2026 a las 17:50:00 UTC-3","8 de septiembre de 2026 a las 18:20:00 UTC-3","troy parrott","./explore?q=troy%20parrott&geo=BR"
"jobe bellingham","200+","8 de septiembre de 2026 a las 18:00:00 UTC-3","8 de septiembre de 2026 a las 18:40:00 UTC-3","jobe bellingham","./explore?q=jobe%20bellingham&geo=BR"
"zelia amador de deus","200+","8 de septiembre de 2026 a las 19:20:00 UTC-3","8 de septiembre de 2026 a las 20:00:00 UTC-3","zelia amador de deus","./explore?q=zelia%20amador%20de%20deus&geo=BR"
"villarreal club de fútbol","200+","8 de septiembre de 2026 a las 17:50:00 UTC-3","8 de septiembre de 2026 a las 18:30:00 UTC-3","villarreal club de fútbol","./explore?q=villarreal%20club%20de%20f%C3%BAtbol&geo=BR"
"masterchef","200+","9 de septiembre de 2026 a las 6:50:00 UTC-3","9 de septiembre de 2026 a las 7:30:00 UTC-3","masterchef","./explore?q=masterchef&geo=BR"
"aterrissagem","200+","9 de septiembre de 2026 a las 14:10:00 UTC-3","9 de septiembre de 2026 a las 14:30:00 UTC-3","aterrissagem","./explore?q=aterrissagem&geo=BR"
"corredor","200+","9 de septiembre de 2026 a las 13:00:00 UTC-3","9 de septiembre de 2026 a las 13:20:00 UTC-3","corredor","./explore?q=corredor&geo=BR"
"antônio de rueda","200+","8 de septiembre de 2026 a las 19:00:00 UTC-3","8 de septiembre de 2026 a las 19:40:00 UTC-3","antônio de rueda","./explore?q=ant%C3%B4nio%20de%20rueda&geo=BR"
"julián álvarez","200+","9 de septiembre de 2026 a las 17:00:00 UTC-3","9 de septiembre de 2026 a las 17:20:00 UTC-3","julián álvarez","./explore?q=juli%C3%A1n%20%C3%A1lvarez&geo=BR"
"call of duty: black ops cold war","200+","8 de septiembre de 2026 a las 21:30:00 UTC-3","8 de septiembre de 2026 a las 22:00:00 UTC-3","call of duty: black ops cold war","./explore?q=call%20of%20duty%3A%20black%20ops%20cold%20war&geo=BR"
"yann bisseck","200+","8 de septiembre de 2026 a las 16:40:00 UTC-3","8 de septiembre de 2026 a las 17:10:00 UTC-3","yann bisseck","./explore?q=yann%20bisseck&geo=BR"
"andré silva","200+","8 de septiembre de 2026 a las 15:50:00 UTC-3","8 de septiembre de 2026 a las 16:20:00 UTC-3","andré silva","./explore?q=andr%C3%A9%20silva&geo=BR"
"navio","200+","8 de septiembre de 2026 a las 17:10:00 UTC-3","8 de septiembre de 2026 a las 17:30:00 UTC-3","navio","./explore?q=navio&geo=BR"
"cirurgião","200+","8 de septiembre de 2026 a las 18:40:00 UTC-3","8 de septiembre de 2026 a las 19:00:00 UTC-3","cirurgião","./explore?q=cirurgi%C3%A3o&geo=BR"
"assinatura digital","100+","10 de septiembre de 2026 a las 14:50:00 UTC-3",,"assinatura digital","./explore?q=assinatura%20digital&geo=BR"
"stop","100+","10 de septiembre de 2026 a las 14:40:00 UTC-3",,"stop","./explore?q=stop&geo=BR"
"flashscore","100+","10 de septiembre de 2026 a las 14:30:00 UTC-3",,"flashscore","./explore?q=flashscore&geo=BR"
"jogos online","100+","10 de septiembre de 2026 a las 14:40:00 UTC-3","10 de septiembre de 2026 a las 15:20:00 UTC-3","jogos online,jogo online","./explore?q=jogos%20online&geo=BR"
"passagens aereas","100+","10 de septiembre de 2026 a las 14:30:00 UTC-3","10 de septiembre de 2026 a las 15:00:00 UTC-3","passagens aereas","./explore?q=passagens%20aereas&geo=BR"
"tjrj","100+","10 de septiembre de 2026 a las 14:40:00 UTC-3","10 de septiembre de 2026 a las 15:00:00 UTC-3","tjrj","./explore?q=tjrj&geo=BR"
"cineflix","100+","10 de septiembre de 2026 a las 11:50:00 UTC-3","10 de septiembre de 2026 a las 14:00:00 UTC-3","cineflix","./explore?q=cineflix&geo=BR"
"resultado do corinthians ontem","100+","10 de septiembre de 2026 a las 6:50:00 UTC-3","10 de septiembre de 2026 a las 7:40:00 UTC-3","resultado do corinthians ontem","./explore?q=resultado%20do%20corinthians%20ontem&geo=BR"
"marcia sensitiva","100+","10 de septiembre de 2026 a las 0:40:00 UTC-3","10 de septiembre de 2026 a las 1:50:00 UTC-3","marcia sensitiva","./explore?q=marcia%20sensitiva&geo=BR"
"drake maye","100+","10 de septiembre de 2026 a las 0:50:00 UTC-3","10 de septiembre de 2026 a las 1:30:00 UTC-3","drake maye","./explore?q=drake%20maye&geo=BR"
"stanley","100+","9 de septiembre de 2026 a las 11:50:00 UTC-3","9 de septiembre de 2026 a las 13:20:00 UTC-3","stanley","./explore?q=stanley&geo=BR"
"meu timão","100+","10 de septiembre de 2026 a las 0:10:00 UTC-3","10 de septiembre de 2026 a las 0:30:00 UTC-3","meu timão","./explore?q=meu%20tim%C3%A3o&geo=BR"
"soninha francine","100+","10 de septiembre de 2026 a las 0:50:00 UTC-3","10 de septiembre de 2026 a las 1:10:00 UTC-3","soninha francine","./explore?q=soninha%20francine&geo=BR"
"semana do cinema 2026","100+","9 de septiembre de 2026 a las 13:00:00 UTC-3","9 de septiembre de 2026 a las 15:20:00 UTC-3","semana do cinema 2026","./explore?q=semana%20do%20cinema%202026&geo=BR"
"go live","100+","9 de septiembre de 2026 a las 16:30:00 UTC-3","9 de septiembre de 2026 a las 17:00:00 UTC-3","go live","./explore?q=go%20live&geo=BR"
"previsão do tempo goiania","100+","9 de septiembre de 2026 a las 6:20:00 UTC-3","9 de septiembre de 2026 a las 7:00:00 UTC-3","previsão do tempo goiania","./explore?q=previs%C3%A3o%20do%20tempo%20goiania&geo=BR"
"insider","100+","9 de septiembre de 2026 a las 13:10:00 UTC-3","9 de septiembre de 2026 a las 13:40:00 UTC-3","insider","./explore?q=insider&geo=BR"
"lg","100+","9 de septiembre de 2026 a las 15:40:00 UTC-3","9 de septiembre de 2026 a las 16:00:00 UTC-3","lg","./explore?q=lg&geo=BR"