"Tendencias","Volumen de búsquedas","Inicio","Finalizada","Desglose de tendencias","Enlace a Explorar"
"flamengo x mirassol","2 M+","1 de septiembre de 2026 a las 22:40:00 UTC-3","4 de septiembre de 2026 a las 21:40:00 UTC-3","flamengo x mirassol,classificações de flamengo x mirassol futebol clube,evertton araújo,flamengo e mirassol,brasileirao,onde assistir flamengo x mirassol,brasileirão,flamengo - mirassol,flamengo x mirassol onde assistir,onde assistir flamengo x mirassol futebol clube,flamengo vs mirassol,campeonato brasileiro série a,mirassol x flamengo,jogo do flamengo e mirassol,jogo do flamengo,lucas paquetá,flamengo x mirassol ao vivo,flamengo e mirassol onde assistir,resultado do jogo do flamengo e mirassol,resultado do jogo flamengo e mirassol,mirassol futebol clube,flamengo ao vivo,flamengo mirassol,futebol,jogo do flamengo ao vivo,flamengo onde assistir,quanto tá o jogo do flamengo e mirassol,brasileiro,jogo do flamengo hoje onde assistir,onde vai passar o jogo do flamengo,flamengo x mirassol futebol clube minuto a minuto,jogo flamengo e mirassol,onde assistir o jogo do flamengo,onde vai passar o jogo do flamengo hoje,onde assistir o jogo do flamengo hoje,jogo,premiere ao vivo,onde assistir flamengo x mirassol?,jogo do flamengo onde assistir,fla x mirassol,flamengo x mirasol,placar do jogo do flamengo,tabela da série a,flamengo fc,mirassol-flamengo,flamengo hoje onde assistir,resultado de flamengo e mirassol,qual canal vai passar o jogo do flamengo,que hora é o jogo do flamengo hoje,onde assistir flamengo,fla x,jogo do flamengo hoje ao vivo,flamengo classificação,onde ta passando o jogo do flamengo,assistir jogo ao vivo,onde assistir flamengo hoje,jogo flamengo x mirassol onde assistir,horário do jogo do flamengo hoje,aonde vai passar o jogo do flamengo,assistir jogo do flamengo ao vivo,o jogo do flamengo,transmissão do jogo do flamengo,flamengo e mirasol,qual canal vai passar o jogo do flamengo hoje,jogo do palmeiras ontem,assistir flamengo e mirassol,jogos do flamengo,resultado do flamengo e mirassol,jogos,flamengo x palmeiras,jogo flamengo onde assistir,flamengo jogo,flamengo e mirassol hoje,flamengo onde assistir hoje,jogo do flamengo ao vivo hoje,qual canal tá passando o jogo do flamengo,globo esporte flamengo,flamengo copa do brasil,onde assistir jogo do flamengo hoje,maracanã,band ao vivo","./explore?q=flamengo%20x%20mirassol&geo=BR"
"atlético-mg x cruzeiro","2 M+","1 de septiembre de 2026 a las 18:10:00 UTC-3","4 de septiembre de 2026 a las 7:50:00 UTC-3","atlético-mg x cruzeiro,cruzeiro,atletico mg x cruzeiro,jogo do cruzeiro,atletico x cruzeiro,galo x cruzeiro,jogo do galo,cruzeiro esporte clube,alexsander,galo,atlético mineiro vs cruzeiro,cruzeiro hoje,atlético mineiro-cruzeiro,atlético-mg x cruzeiro esporte clube,atletico,atlético-mg - cruzeiro,atletico mineiro,clube atlético mineiro,kaio jorge,onde assistir cruzeiro hoje,cruzeiro e atletico,atletico mg,atlético-cruzeiro,jogo atletico e cruzeiro,jogo do cruzeiro hoje,jogo cruzeiro e atlético,galo e cruzeiro,atletico x cruzeiro onde assistir,jogo cruzeiro hoje,cruzeiro-atlético,cruzeiro e atlético,cruzeiro onde assistir,atlético x cruzeiro,fred atletico mg,itatiaia,atlético mg x cruzeiro onde assistir,atletico e cruzeiro,jogo do galo hoje,placar do jogo do cruzeiro,atlético-mg x cruzeiro esporte clube minuto a minuto,onde assistir atletico x cruzeiro,copa do brasil hoje,cruzeiro x atletico,jogo galo e cruzeiro,jogo do cruzeiro-atlético,escalações de atlético-mg x cruzeiro esporte clube,jogo galo,atlético,estatísticas de atlético-mg x cruzeiro esporte clube,grenal hoje placar,cruzeiro-atlético mineiro,onde assistir atlético mineiro-cruzeiro,jogo galo hoje,onde vai passar o jogo do cruzeiro,jogo do atlético-cruzeiro,resultado do jogo cruzeiro-atlético,onde assistir atlético-mg x cruzeiro esporte clube,jogo do cruzeiro hoje ao vivo,atletico mg x cruzeiro onde assistir,onde assistir atlético-cruzeiro,galo x,cruzeiro e galo,galo hoje,placar do jogo do galo,atlético-mg x cruzeiro onde assistir,atlético e cruzeiro,resultado do jogo do cruzeiro-atlético,cruzeiro x galo,fred galo,atlético mg x cruzeiro,cruzeiro ao vivo,atlético mineiro,galo x cruzeiro onde assistir,quanto tá o jogo do cruzeiro-atlético,jogo cruzeiro-atlético,jogos da copa hoje,atlético mineiro - cruzeiro,jogo atletico,jogo do galo e cruzeiro,jogo galo hoje ao vivo,galo e cruzeiro hoje,quanto tá o jogo cruzeiro-atlético,placar do jogo de hoje,jogos de copa do brasil,jogo do cruzeiro e atlético,cruzeiro x atlético-mg onde assistir,arthur jorge,grenal ao vivo agora,resultado do jogo atlético-cruzeiro,onde assistir o jogo do cruzeiro hoje,lucas romero,resultado do jogo do atlético-cruzeiro,jogo do cruzeiro ao vivo,onde assistir cruzeiro-atlético hoje,onde assistir atlético-cruzeiro hoje,cruzeiro atletico,onde vai passar o jogo do cruzeiro hoje,resultado do jogo atlético mineiro-cruzeiro,cruzeiro e atlético hoje,placar do jogo cruzeiro-atlético,alexsander atletico mg,onde assistir cruzeiro-atlético,jogo do cruzeiro hoje onde assistir,jogos de cruzeiro esporte clube,onde assistir cruzeiro,atletico x,cruzeiro e atlético mineiro,jogo do galo-cruzeiro,atletico mg x,resultado jogo do cruzeiro,galo cruzeiro,atlético mg,fred atletico mineiro,atlético mineiro x cruzeiro,jogo do atlético mineiro-cruzeiro,jogo galo e cruzeiro hoje,jogo atlético-cruzeiro,placar jogo do cruzeiro,jogo cruzeiro e atletico,jogo atlético e cruzeiro,assistir jogo ao vivo,arena mrv,cruzeiro x atlético,atletico e cruzeiro onde assistir,natanael,onde assistir cruzeiro e atlético,onde assistir cruzeiro x atletico,quanto tá o jogo do atlético-cruzeiro,onde assistir o jogo do cruzeiro,cruzeiro esporte clube x atlético-mg,qual canal vai passar o jogo do cruzeiro,horário do jogo do cruzeiro,melhores momentos de atlético-cruzeiro,resultado do cruzeiro-atlético,copa brasil,jogo do cruzeiro onde assistir,atlético mineiro e cruzeiro,resultado do jogo do cruzeiro hoje,jogo hoje,galo-cruzeiro,jogo atletico mg,victor hugo atletico mg,quanto ficou o jogo do cruzeiro-atlético,onde vai passar o jogo do galo hoje,jogos futebol hoje ao vivo,atletico cruzeiro,jogo cruzeiro e atlético hoje,placar do jogo do galo hoje,jogo cruzeiro e galo,cruzeiro hoje onde assistir,resultado de cruzeiro-atlético,onde assistir galo x cruzeiro,galo vs cruzeiro,quanto tá o jogo do galo-cruzeiro,escalacao atletico mg,atletico x cruzeiro ao vivo,atletico vs cruzeiro,jogo hoje cruzeiro,quanto tá o jogo atlético-cruzeiro,jogos da copa do brasil hoje,cruzeiro vs atletico,resultado do jogo do atlético mineiro-cruzeiro,como é que tá o jogo do cruzeiro-atlético,jogo do cruzeiro-atlético mineiro,resultado cruzeiro-atlético,jogo do cruzeiro e galo,copa do.brasil,quanto que tá o jogo do cruzeiro-atlético,cam x cruzeiro,placar cruzeiro hoje,placar cruzeiro,atlético x cruzeiro onde assistir,placar jogo do galo,placar do jogo do cruzeiro hoje,cru x,cruzeiro vs,quanto está o jogo do cruzeiro,placar do jogo do cruzeiro-atlético,copa.do.brasil,atletico mg onde assistir,transmissão do jogo do cruzeiro,onde assistir atlético mineiro-cruzeiro hoje,atletico e cruzeiro hoje,jogo copa do brasil,classico atletico e cruzeiro,copa.do brasil,placar cruzeiro-atlético,horário do jogo cruzeiro-atlético,fred atlético mg,onde assistir cruzeiro-atlético mineiro,cruzeiro galo,cruzeiro x atletico mg,cruzeiro x atlético-mg ao vivo,cruzeiro e atletico hoje,que hora é o jogo do cruzeiro-atlético,jogos do cruzeiro,cruzeiro hj,jogo cruzeiro e atletico hoje,jogo atlético mineiro,quanto que tá o jogo do atlético-cruzeiro,jogo atlético,cruzeiro jogo,quanto ficou o jogo do atlético-cruzeiro,jogo atletico e cruzeiro hoje,onde assistir o jogo do cruzeiro-atlético,onde vai passar atletico x cruzeiro,onde vai passar o jogo do atlético-cruzeiro,villalba cruzeiro,atletico hoje,jogo do cruzeiro e atlético hoje,jogo do atlético hoje,jogo do galo e do cruzeiro,resultado de atlético mineiro-cruzeiro","./explore?q=atl%C3%A9tico-mg%20x%20cruzeiro&geo=BR"
"grêmio x internacional","1 M+","3 de septiembre de 2026 a las 18:30:00 UTC-3","4 de septiembre de 2026 a las 20:40:00 UTC-3","grêmio x internacional,gremio,grenal,copa do brasil,gremio x inter,gremio x internacional,internacional,grêmio,gremio x,jogo do gremio,grenal hoje,jogo do grêmio,inter,carlos vinícius,grenal copa do brasil,jogo do inter,inter x gremio,grêmio x internacional onde assistir,grêmio e internacional,jogo gremio,gremio hoje,grêmio-internacional,jogo do grêmio hoje,grêmio foot-ball porto alegrense,inter e gremio,gremio e inter,grêmio vs internacional,inter x,gremio fc,grêmio - internacional,gremio onde assistir,gremio e internacional,onde assistir grêmio x internacional,onde assistir gremio x inter,gremio x internacional onde assistir,gremio x inter onde assistir,jogo gremio hoje,placar grenal,resultado do grenal,grêmio e inter,grenal ao vivo,jogo inter,jogos de copa do brasil,jogo gremio x inter,grêmio x,onde assistir grêmio e internacional,jogo grenal,onde assistir gremio x internacional,placar do grenal,assistir grêmio internacional,brasil,onde assistir gremio hoje,gremio inter,onde assistir grêmio-internacional,estatísticas de grêmio x internacional,jogo do internacional,onde assistir o jogo do grêmio hoje,grêmio x internacional minuto a minuto,resultado grenal,gremio x inter copa do brasil,inter-grêmio,jogo do inter hoje,alan patrick,jogo grenal hoje,escalações de grêmio x internacional,grêmio x inter,onde assistir grêmio e inter,jogo grêmio,jogo gremio e inter,placar do jogo do grêmio,internacional-grêmio,resultado do jogo do grêmio-internacional,jogo inter hoje,grêmio hoje,resultado do jogo grêmio-internacional,jogo internacional,grenal placar,onde vai passar o grenal da copa do brasil,inter gremio,jogo do grêmio-internacional,grêmio internacional,gremio vs inter,gre,diego caito,onde vai passar o grenal hoje,onde assistir grenal hoje,inter hoje,onde assistir o jogo do grêmio,inter e grêmio,onde vai passar o jogo do grêmio,gremio ao vivo,grêmio x internacional onde assistir ao vivo,gremio e internacional onde assistir,jogo do gremio onde assistir,sport club internacional,inter vs gremio,internacional onde assistir,jogo do inter-grêmio,grêmio x internacional: onde assistir,jogo do grêmio e inter,krovinovic gremio,onde assistir gremio,grenal de hoje,onde assistir o grenal da copa do brasil,gremio vs,jogo do grenal,carlos vinicius,gremio e inter onde assistir,valsa,jogo inter e gremio,qual canal vai passar o jogo do grêmio,grêmio x internacional ao vivo,inter x gremio copa do brasil,carlos vinicius gremio,jogo do grêmio ao vivo,jogo do gremio hoje,jogo do grêmio hoje ao vivo,onde assistir grêmio e internacional hoje,onde vai passar o jogo do grêmio hoje,onde assistir inter-grêmio,onde vai passar gremio x inter,internacional e grêmio,resultado do jogo do grêmio e inter,weverton,grêmio onde assistir,onde assistir inter e grêmio,grêmio e internacional onde assistir,gremio internacional,grenal copa do brasil onde assistir,amuzu,onde está passando o jogo do grêmio,inter x grêmio,internacional x gremio,jogo do grêmio e internacional,copa do brasil tabela,grenal copa do brasil placar,marlon,gremio onde assistir hoje,jogos da copa do brasil,inter jogo,grêmio-internacional onde assistir,copa brasil","./explore?q=gr%C3%AAmio%20x%20internacional&geo=BR"
"clima para amanhã","1 M+","4 de septiembre de 2026 a las 20:40:00 UTC-3","4 de septiembre de 2026 a las 23:50:00 UTC-3","clima para amanhã,tempo para amanhã,massa de ar,inmet,instituto nacional de meteorologia,onda de frio,previsão do tempo amanhã","./explore?q=clima%20para%20amanh%C3%A3&geo=BR"
"santos x palmeiras","1 M+","2 de septiembre de 2026 a las 20:10:00 UTC-3","3 de septiembre de 2026 a las 14:00:00 UTC-3","santos x palmeiras,copa do brasil,santos-palmeiras,santos vs palmeiras,resultado do jogo do santos-palmeiras,jogo do palmeiras-santos,resultado de santos-palmeiras,resultado do jogo do palmeiras-santos,santos x palmeiras onde assistir,quanto foi o jogo do palmeiras-santos,resultado do jogo palmeiras-santos,jogo do palmeiras,quanto foi o jogo do santos-palmeiras,escalações de santos futebol clube x sociedade esportiva palmeiras,onde assistir santos futebol clube x sociedade esportiva palmeiras,jogo palmeiras e santos,resultado do palmeiras-santos,resultado do jogo santos-palmeiras,resultado de palmeiras-santos,estatísticas de santos futebol clube x sociedade esportiva palmeiras,quanto tá o jogo do palmeiras-santos,santos vs,jogo palmeiras-santos,resultado palmeiras-santos,resultado do santos-palmeiras,rony,onde assistir santos x palmeiras,resultado santos-palmeiras,santos x palmeiras copa do brasil,onde assistir palmeiras-santos,santos x palmeiras: onde assistir,onde assistir santos hoje,resultado do jogo de palmeiras-santos,santos e palmeiras copa do brasil,resultado do jogo do santos-palmeiras ontem,onde assistir santos-palmeiras,onde assistir santos e palmeiras,santos e palmeiras onde assistir,noticias de hoje,resultado do jogo de santos-palmeiras,santos-palmeiras onde assistir,santos.,quanto foi o jogo palmeiras-santos,copa.do.brasil,onde vai passar santos-palmeiras,quanto tá o jogo palmeiras-santos,jogo do palmeiras-santos ontem,jogos da copa do brasil","./explore?q=santos%20x%20palmeiras&geo=BR"
"corinthians x santos","1 M+","29 de agosto de 2026 a las 11:50:00 UTC-3","3 de septiembre de 2026 a las 6:30:00 UTC-3","corinthians x santos,corinthians nota oficial,neymar,palmeiras classificação","./explore?q=corinthians%20x%20santos&geo=BR"
"vasco da gama x cruzeiro","1 M+","29 de agosto de 2026 a las 17:20:00 UTC-3","3 de septiembre de 2026 a las 7:50:00 UTC-3","vasco da gama x cruzeiro,classificações de vasco x cruzeiro esporte clube,vasco,cruzeiro x vasco,vasco e cruzeiro,vasco-cruzeiro,cruzeiro e vasco,vasco da gama - cruzeiro,vasco x,vitoria,vasco vs cruzeiro,vasco x cruzeiro esporte clube,vasco hoje,jogo do vasco,cruzeiro x,resultado do jogo vasco-cruzeiro,resultado do jogo do vasco-cruzeiro,onde assistir vasco-cruzeiro,cruzeiro,cruzeiro hoje,lucas freitas,resultado de vasco-cruzeiro,jogo vasco,vasco da gama,vasco cruzeiro,jogo do vasco-cruzeiro,cruzeiro x vasco da gama,jogo vasco hoje,onde assistir vasco x cruzeiro,resultado do vasco-cruzeiro,vitória,vasco e cruzeiro onde assistir,melhores momentos de vasco-cruzeiro,premiere,vasco.,vasco da gama x cruzeiro onde assistir,onde assistir vasco e cruzeiro,escalações de vasco x cruzeiro esporte clube,jogos de vasco,vasco onde assistir,onde assistir vasco hoje,quanto tá o jogo do vasco-cruzeiro,estatísticas de vasco x cruzeiro esporte clube,onde assistir vasco x cruzeiro esporte clube,vasco e cruzeiro hoje,onde assistir o jogo do vasco,tche tche,onde vai passar o jogo do vasco,tabela brasileirao,onde assistir cruzeiro hoje,onde assistir cruzeiro e vasco,cruzeiro x vasco onde assistir,jonathan jesus,onde assistir vasco-cruzeiro hoje,quanto foi o jogo do vasco-cruzeiro,zé lucas,horário do jogo do cruzeiro,vasco cruzeiro onde assistir,jogo do vasco hoje onde assistir,onde assistir vasco,jogo do cruzeiro e vasco,vasco jogo,aonde assistir vasco-cruzeiro,vasco-cruzeiro onde assistir,vasco da gama x,pedro emanuel,cruzeiro vasco","./explore?q=vasco%20da%20gama%20x%20cruzeiro&geo=BR"
"mirassol x palmeiras","1 M+","29 de agosto de 2026 a las 17:40:00 UTC-3","2 de septiembre de 2026 a las 23:00:00 UTC-3","mirassol x palmeiras,palmeiras x mirassol,palmeiras e mirassol,mirassol x palmeiras onde assistir,palmeiras hoje,mirassol-palmeiras,palmeiras x,jogo do palmeiras,palmeiras onde assistir,onde assistir jogo mirassol x palmeiras,palmeiras x mirassol hoje,sociedade esportiva palmeiras,mirassol vs palmeiras,mirassol x palmeiras hoje,mirassol - palmeiras,onde assistir mirassol-palmeiras,palmeiras x mirassol onde assistir,onde assistir mirassol x palmeiras,palmeiras e mirassol hoje,mirassol e palmeiras,onde assistir palmeiras hoje,resultado do jogo do palmeiras e mirassol,resultado do jogo mirassol-palmeiras,onde assistir palmeiras e mirassol,onde assistir mirassol x sociedade esportiva palmeiras,mirassol,palmeiras x mirassol ao vivo,jogo palmeiras,onde assistir palmeiras,mirassol futebol clube,resultado do jogo palmeiras e mirassol,palmeiras-mirassol,jogo do palmeiras e mirassol,vitor roque,onde assistir o jogo do palmeiras,palmeiras hoje onde assistir,onde assistir palmeiras-mirassol,quanto tá o jogo do palmeiras e mirassol,jogo palmeiras hoje,onde vai passar o jogo do palmeiras,resultado jogo do palmeiras,palmeiras joga hoje,palmeiras hoje ao vivo,palmeiras ao vivo,jogo do palmeiras ao vivo hoje,palmeiras e mirassol onde assistir,placar do jogo do palmeiras,resultado de palmeiras e mirassol,jogo do palmeiras hoje onde assistir,quanto foi o jogo do palmeiras,palmeiras onde assistir hoje,próximo jogo do palmeiras,resultado do palmeiras e mirassol,mirassol e palmeiras onde assistir,jogo do mirassol-palmeiras,jogo palmeiras hoje onde assistir,onde assistir o jogo do palmeiras hoje,abel ferreira,onde assistir mirassol e palmeiras,palmeiras fc,palmeiras mirassol,mirassol x palmeiras placar,resultado do jogo palmeiras-mirassol,mirassol x,mirassol x palmeiras ao vivo,palmeiras x mirassol hj,jogo do palmeiras ao vivo,qual canal vai passar o jogo do palmeiras,onde assistir palmeiras x mirassol,palmeiras jogos,pal,que hora é o jogo do palmeiras,horário do jogo do palmeiras,mirassol x palmeiras hj,maurício,quanto tá o jogo do mirassol-palmeiras,o jogo do palmeiras,onde vai passar o jogo do palmeiras hoje,palmeiras e mirassol ao vivo,mirassol x palmeiras transmissão,campeonato brasileiro,quanto tá o jogo mirassol-palmeiras,resultado do jogo do mirassol-palmeiras,aonde assistir mirassol-palmeiras,jogo do palmeiras onde assistir,jogo do palmeiras hoje ao vivo,palmeiras x mirasol,como é que tá o jogo do palmeiras e mirassol,mirassol-palmeiras ao vivo,resultado do jogo do palmeiras-mirassol,palmeiras x mirassol masculino,que horas é o jogo do palmeiras,quanto foi o jogo do palmeiras e mirassol,palmeiras e mirasol,jogo palmeiras e mirassol,mirassol x sociedade esportiva palmeiras,mirasol,jogo mirassol-palmeiras,mirasol x palmeiras,palmeiras transmissão,onde assistir jogo do palmeiras hoje,onde assistir palmeiras e mirassol hoje,jogo do palmeiras-mirassol,resultado do mirassol-palmeiras,jogos do palmeiras,onde vai passar mirassol-palmeiras,palmeiras-mirassol onde assistir,mirassol palmeiras 30/08/2026,jogo do palmeiras de hoje,quanto tá o jogo palmeiras e mirassol,placar do jogo mirassol-palmeiras,palmeiras vs mirassol,onde vai passar palmeiras e mirassol,onde assistir mirassol-palmeiras hoje,onde vai passar palmeiras-mirassol,aonde vai passar o jogo do palmeiras,palmeiras jogo,palmeiras-mirassol ao vivo,onde assistir o palmeiras hoje,campeonato brasileiro 2026,onde assistir jogo do palmeiras,que hora que é o jogo do palmeiras,resultado palmeiras,mirassol x palmeiras em tempo real,palmeiras x onde assistir,onde vai passar o jogo do palmeiras e mirassol,qual canal vai passar o jogo do palmeiras hoje,aonde assistir o jogo do palmeiras,palmeiras mirassol onde assistir,resultado palmeiras e mirassol,mirassol x palmeiras masculino,aonde assistir palmeiras-mirassol,mirassol palmeiras,que canal vai passar o jogo do palmeiras,onde vai passar palmeiras hoje,resultado do jogo de mirassol-palmeiras,palmeiras vs,palmeiras joga que horas,qual canal vai passar palmeiras-mirassol,mirassol-palmeiras hoje,palmeiras mirassol hoje,brasileirao serie a,jogo palmeiras onde assistir,onde vai passar mirassol e palmeiras,resultado do jogo de palmeiras e mirassol,placar de mirassol-palmeiras,que canal vai passar mirassol-palmeiras,qual canal vai transmitir mirassol-palmeiras,palmeiras x mirassol 2026,mirassol x palmeira,onde vai passar o jogo do palmeiras-mirassol,mirassol x palmeiras resultado,tabela do brasileirão 2025,onde assistir o palmeiras,mirassol fc,que hora é o jogo do palmeiras hoje,em qual canal vai passar o jogo do palmeiras,mirassol e palmeiras hoje,placar palmeiras,mirassol-palmeiras resultado,mirassol vs palmeiras onde assistir,onde vai passar palmeiras,que horas é o jogo do palmeiras hoje,resultado do palmeiras-mirassol,horário do jogo do palmeiras hoje,aonde está passando o jogo do palmeiras,quanto ficou o jogo do palmeiras e mirassol,aonde assistir palmeiras e mirassol,onde está passando mirassol-palmeiras,internacional classificação,assistir jogo ao vivo,quanto que tá o jogo do palmeiras e mirassol,placar de palmeiras e mirassol","./explore?q=mirassol%20x%20palmeiras&geo=BR"
"clima para amanhã","1 M+","31 de agosto de 2026 a las 20:40:00 UTC-3","1 de septiembre de 2026 a las 0:40:00 UTC-3","clima para amanhã,tempo para amanhã,previsão do tempo hoje,clima para hoje,clima de hoje,clima tempo hoje,clima amanhã","./explore?q=clima%20para%20amanh%C3%A3&geo=BR"
"moraes","500 mil+","1 de septiembre de 2026 a las 11:10:00 UTC-3",,"moraes,andre mendonça,stf,mendonça,ministro alexandre de moraes,fachin,edson fachin,alcolumbre,andré mendonça,banco master,jorge messias,pgr,presidente do supremo tribunal federal do brasil,mendonça pede afastamento de moraes,avalia,andre mendonca,mendonca,moraes acusa mendonça,assimetria,andre mendonça pede afastamento de moraes","./explore?q=moraes&geo=BR"
"vorcaro","500 mil+","1 de septiembre de 2026 a las 12:30:00 UTC-3",,"vorcaro,daniel vorcaro,alexandre de moraes,estadao,nulidade,andre mendonca,g1,ministro andré mendonça,barci de moraes,fabio farias,poder360,folha de sp,ministros do stf,alexandre de moraes vorcaro,oposição,folha,moraes vorcaro,vorcaro moraes,stf ao vivo,moraes e mendonça batem boca,alexandre de moraes e banco master,impeachment,radio itatiaia,procurador-geral da república,pgr pede nulidade,martha graeff,fábio faria,luiz inácio lula da silva,suspeição,flavio bolsonaro vorcaro,icl notícias,r7,anulidade,moraes e mendonça,vorcaro alexandre de moraes,moraes e vorcaro,icl noticias,fabio faria é casado com quem,alexandre moraes,uol noticias,oeste,brasil 247,terremoto","./explore?q=vorcaro&geo=BR"
"ec vitória x vasco da gama","500 mil+","2 de septiembre de 2026 a las 20:30:00 UTC-3","4 de septiembre de 2026 a las 20:40:00 UTC-3","ec vitória x vasco da gama,vitoria,vasco x,vitoria x,vasco x vitória,vitória-vasco,vasco e vitória,vitória,vitória x vasco,vitória vs vasco,vitoria e vasco,vasco x vitoria,jogo do vitoria,ec vitória - vasco da gama,vasco hoje,vitória e vasco,vasco e vitoria,jogo vitoria,resultado de vitória-vasco,vasco x vitoria copa do brasil,vasco-vitória,resultado do jogo do vitória-vasco,jogo vasco,estatísticas de ec vitória x vasco,jogo do vitória-vasco,vasco da gama,ec vitória,resultado do vasco,vitoria x vasco copa do brasil,placar do jogo do vasco,resultado do jogo do vasco e vitória,resultado do jogo vitória-vasco,onde assistir vitória-vasco,resultado do jogo vasco-vitória,vitória x,vitoria x vasco onde assistir,ge tv,jogo do vasco e vitória,vasco jogo,vitoria vasco,ecvitoria,vasco copa do brasil,resultado do jogo do vasco-vitória,radio tupi,placar do jogo do vitória,jogo do vasco de hoje,barradao,cazé tv","./explore?q=ec%20vit%C3%B3ria%20x%20vasco%20da%20gama&geo=BR"
"classificações de clube do remo x coritiba","500 mil+","31 de agosto de 2026 a las 21:20:00 UTC-3","2 de septiembre de 2026 a las 7:40:00 UTC-3","classificações de clube do remo x coritiba,remo x coritiba,remo,remo x,jogo do remo,coritiba,jogo remo x coritiba,coritiba x remo,remo e coritiba,jogo do remo hoje,clube do remo,remo vs coritiba,jogo remo,remo e curitiba,coritiba foot ball club,remo hoje,remo x coritiba onde assistir,coxa,remo - coritiba,jogo do coritiba,onde assistir remo e coritiba,coritiba x,fabinho,coritiba fc,coritiba e remo,jogo remo hoje,josé welison,remo x coritiba palpite,yago pikachu,onde assistir o jogo do remo,pedro rocha,quanto tá o jogo do remo e coritiba,remo classificação,jogo do remo hoje ao vivo","./explore?q=classifica%C3%A7%C3%B5es%20de%20clube%20do%20remo%20x%20coritiba&geo=BR"
"bahia x internacional","500 mil+","30 de agosto de 2026 a las 9:30:00 UTC-3","1 de septiembre de 2026 a las 8:10:00 UTC-3","bahia x internacional,jogo bahia hoje","./explore?q=bahia%20x%20internacional&geo=BR"
"são paulo x bragantino","500 mil+","29 de agosto de 2026 a las 16:20:00 UTC-3","31 de agosto de 2026 a las 9:00:00 UTC-3","são paulo x bragantino,classificações de são paulo futebol clube x bragantino,sao paulo,sao paulo x bragantino,gustavo domingos santana,são paulo-bragantino,sao paulo x,spfc,são paulo,são paulo futebol clube,são paulo vs bragantino,jogo do são paulo,sao paulo fc,são paulo - bragantino,jogo sao paulo,sao paulo hoje,onde assistir são paulo-bragantino,red bull bragantino,sao paulo x bragantino onde assistir,jogo sao paulo hoje,são paulo x bragantino onde assistir,jogo do sao paulo hoje,são paulo x,onde assistir são paulo futebol clube x bragantino,resultado do jogo são paulo-bragantino,jogo do sao paulo,resultado de são paulo-bragantino,sao paulo e bragantino,quanto tá o jogo do são paulo,sao paulo onde assistir,são paulo fc,spfc x,resultado do jogo do são paulo-bragantino,spfc x bragantino,jogo são paulo,são paulo fc vs red bull bragantino standings,são paulo e bragantino,são paulo hoje,onde assistir sao paulo x bragantino,gustavo santana spfc,onde assistir sao paulo hoje,são paulo futebol clube x bragantino,jogo do são paulo-bragantino,sao,sao.paulo,são paulo x bragantino ao vivo,jogo do sp,jogo sp,estatísticas de são paulo futebol clube x bragantino,onde assistir o jogo do são paulo,onde vai passar o jogo do são paulo,sao paulo ao vivo,são paulo futebol clube x bragantino minuto a minuto,onde assistir o jogo do são paulo hoje,onde assistir sao paulo,jogo do são paulo hoje ao vivo,quanto tá o jogo do são paulo-bragantino,são paulo-bragantino onde assistir,escalações de são paulo futebol clube x bragantino,onde assistir são paulo-bragantino hoje,onde assistir são paulo e bragantino","./explore?q=s%C3%A3o%20paulo%20x%20bragantino&geo=BR"
"athletico-pr x fluminense","500 mil+","30 de agosto de 2026 a las 9:40:00 UTC-3","1 de septiembre de 2026 a las 7:00:00 UTC-3","athletico-pr x fluminense,classificações de athletico-pr x fluminense,brasileirao,fluminense,athletico pr,atletico pr,athletico,atlético paranaense,fluminense x athletico pr,athletico-pr vs fluminense,fluminense football club,club athletico paranaense,athletico paranaense,fluminense x,athletico-pr - fluminense,cap,fluminense hoje,fluminense-atlético paranaense,jogo do athletico paranaense,flu,athletico-pr,athletico pr x fluminense onde assistir,jogo do atlético paranaense,atlético paranaense e fluminense,jogo do fluminense,atlético paranaense-fluminense,athletico pr x fluminense,onde assistir atlético paranaense-fluminense,athletico x fluminense,onde assistir athletico-pr x fluminense,athletico paranaense x fluminense,flu x,paranaense - fluminense,jogo fluminense,athletico pr x,fluminense fc,atletico pr x,premiere ao vivo,onde assistir fluminense hoje,athletico-pr vs fluminense fc standings,jogo athletico pr hoje,atletico x fluminense,onde assistir fluminense-atlético paranaense,fluminense x athletico-pr,fluminense onde assistir,resultado do jogo fluminense-atlético paranaense,atlético-fluminense,atletico paranaense,atlético pr,estatísticas de athletico-pr x fluminense,agustín canobbio,athletico-pr x fluminense onde assistir,jogo atlético paranaense,athletico x fluminense onde assistir,athletico paranaense fluminense 30/08/2026","./explore?q=athletico-pr%20x%20fluminense&geo=BR"
"classificações de corinthians x santos futebol clube","500 mil+","30 de agosto de 2026 a las 16:30:00 UTC-3","1 de septiembre de 2026 a las 7:30:00 UTC-3","classificações de corinthians x santos futebol clube,santos x corinthians,santos e corinthians,corinthians-santos,christian oliva,corinthians e santos,santos x,corinthians x santos onde assistir,santos-corinthians,corinthians x santos futebol clube,corinthians x,corinthians vs santos,resultado do jogo corinthians-santos,yuri alberto,onde assistir corinthians-santos,corinthians - santos,jogo do corinthians-santos,resultado do jogo do corinthians-santos,escalações de corinthians x santos futebol clube,jogo corinthians,santos vs corinthians,jogo santos e corinthians,resultado de corinthians-santos,santos x corinthians onde assistir,onde assistir corinthians e santos,santos futebol clube,memphis depay,jogo do santos-corinthians,onde assistir corinthians hoje,quanto tá o jogo do corinthians-santos,resultado do jogo santos-corinthians,onde vai passar o jogo do corinthians,santos e corinthians hoje,santos x corinthians ao vivo,corinthians onde assistir,corinthians santos,quanto foi o jogo do corinthians-santos,onde assistir corinthians x santos,onde assistir corinthians x santos futebol clube,corinthians x santos futebol clube minuto a minuto,resultado do jogo do santos-corinthians,resultado do corinthians-santos,onde assistir corinthians,placar do jogo do corinthians,jogo corinthians e santos,estatísticas de corinthians x santos futebol clube,onde assistir o jogo do corinthians hoje,brasileiro,corinthians x santos ao vivo,santos corinthians,resultado corinthians-santos,onde assistir santos-corinthians,santos e corinthians onde assistir,santos onde assistir,resultado de santos-corinthians,onde vai passar corinthians-santos,quanto tá o jogo do santos-corinthians,corinthians-santos ao vivo,quanto tá o jogo corinthians-santos,corinthians e santos onde vai passar,corinthians ao vivo,jogo corinthians-santos,jogo corinthians hoje,corinthians hoje onde assistir,quanto foi o jogo do santos-corinthians,jogo do corinthians onde assistir,corinthians onde assistir hoje,onde assistir santos e corinthians,onde vai passar o jogo do corinthians hoje,onde assistir o jogo do corinthians,jogo do corinthians hoje ao vivo,onde vai passar o jogo do corinthians-santos,jogo do corinthians hoje onde assistir,onde assistir corinthians-santos hoje,gabriel bontempo,corinthians e santos onde assistir,corinthians-santos onde assistir,onde assistir santos hoje,resultado do santos-corinthians,corinthians fc,quanto ficou o jogo do corinthians-santos,willian arão,corinthians santos 30/08/2026,ultimas noticias,aonde assistir corinthians-santos,placar do jogo corinthians-santos,qual jogo vai passar na globo hoje,jogo do corinthians ao vivo,corinthians e santos hoje,santos ao vivo,gol do santos,onde assistir jogo do corinthians hoje,onde assistir o jogo do corinthians-santos,onde vai passar corinthians e santos,onde ta passando o jogo do corinthians,premiere ao vivo,sccp,quanto que tá o jogo do corinthians-santos,resultado do jogo de corinthians-santos,corinthians jogos,quanto foi o jogo corinthians-santos,placar do jogo do santos,onde assistir santos x corinthians,jogo do corinthians de hoje,corinthians-santos hoje,corinthians-santos resultado,corinthians vs santos onde assistir,campeonato brasileiro serie a","./explore?q=classifica%C3%A7%C3%B5es%20de%20corinthians%20x%20santos%20futebol%20clube&geo=BR"
"real madrid x málaga","500 mil+","30 de agosto de 2026 a las 11:00:00 UTC-3","31 de agosto de 2026 a las 22:30:00 UTC-3","real madrid x málaga,classificações de real madrid x málaga club de fútbol,la liga,real madrid x,jogo do real madrid,campeonato espanhol,real,real madrid x malaga,real madri,jogo real madrid,real x,vini jr,real madrid onde assistir,onde assistir real madrid hoje,mbappe,real madrid hoje,malaga fc,real madrid x málaga onde assistir,real madrid x málaga club de fútbol,jogo real madrid hoje,onde assistir real madrid,real x malaga,escalações de real madrid x málaga club de fútbol","./explore?q=real%20madrid%20x%20m%C3%A1laga&geo=BR"
"grêmio x chapecoense","500 mil+","30 de agosto de 2026 a las 15:40:00 UTC-3","1 de septiembre de 2026 a las 7:00:00 UTC-3","grêmio x chapecoense,classificações de grêmio x chapecoense,gremio,gremio x chapecoense,jogo do gremio,gremio x,grêmio,grêmio vs chapecoense,jogo do grêmio,grêmio - chapecoense,jogo gremio hoje,grêmio e chapecoense,gremio x chapecoense onde assistir,gremio hoje,chapecoense,gremio e chapecoense,grêmio x,onde assistir grêmio x chapecoense,horário do jogo do grêmio,gremio onde assistir,grêmio x chapecoense onde assistir,onde vai passar o jogo do grêmio,chapecoense x,jogo do gremio onde assistir,onde assistir gremio hoje,onde assistir o jogo do grêmio hoje,onde assistir gremio x chapecoense,onde assistir o jogo do grêmio,onde assistir grêmio e chapecoense,gremio ao vivo,escalações de grêmio x chapecoense","./explore?q=gr%C3%AAmio%20x%20chapecoense&geo=BR"
"atlético-mg x ec vitória","500 mil+","29 de agosto de 2026 a las 17:00:00 UTC-3","31 de agosto de 2026 a las 8:00:00 UTC-3","atlético-mg x ec vitória,premiere,placar do jogo do vasco,athletico-pr x fluminense minuto a minuto,copa do brasil onde assistir,luiz penido","./explore?q=atl%C3%A9tico-mg%20x%20ec%20vit%C3%B3ria&geo=BR"
"clima","500 mil+","30 de agosto de 2026 a las 6:40:00 UTC-3","30 de agosto de 2026 a las 9:20:00 UTC-3","clima","./explore?q=clima&geo=BR"
"clima","500 mil+","31 de agosto de 2026 a las 6:30:00 UTC-3","31 de agosto de 2026 a las 8:10:00 UTC-3","clima","./explore?q=clima&geo=BR"
"betis x real madrid","200 mil+","4 de septiembre de 2026 a las 14:30:00 UTC-3",,"betis x real madrid,classificações de betis x real madrid,real madrid x,real madrid x betis,real,jogo do real madrid,real x,laliga,campeonato espanhol,jogo real madrid,real betis x real madrid,lá liga,real madrid x real betis,jogo do real,escalações de betis x real madrid,real betis x,real madrid hoje,real x betis,betis x,estatísticas de betis x real madrid","./explore?q=betis%20x%20real%20madrid&geo=BR"
"psg x mônaco","200 mil+","4 de septiembre de 2026 a las 14:10:00 UTC-3",,"psg x mônaco,monaco x psg,filipe luís,classificações de psg x as monaco,monaco fc,campeonato francês,psg x monaco,monaco x,flávio nazinho,campeonato frances,psg x,psg vs monaco,jogo do psg,monaco e psg,liga 1,monaco psg,psg e mônaco,jogo psg,filipe luis,mônaco fc,mônaco x psg,felipe luis,association sportive de monaco football club,jogo do monaco,mônaco x,mônaco e psg,psg - mônaco","./explore?q=psg%20x%20m%C3%B4naco&geo=BR"
"gracindo júnior","200 mil+","2 de septiembre de 2026 a las 8:50:00 UTC-3","5 de septiembre de 2026 a las 9:10:00 UTC-3","gracindo júnior,gracindo jr,gracindo junior,paulo gracindo,tv globo,gracindo,gracindo júnior morreu,ator gracindo júnior,gracindo junior hoje,paulo gracindo junior,maite proença","./explore?q=gracindo%20j%C3%BAnior&geo=BR"
"marcelo gasparini","200 mil+","31 de agosto de 2026 a las 7:20:00 UTC-3","3 de septiembre de 2026 a las 8:00:00 UTC-3","marcelo gasparini","./explore?q=marcelo%20gasparini&geo=BR"
"barcelona x rayo vallecano","200 mil+","31 de agosto de 2026 a las 13:10:00 UTC-3","2 de septiembre de 2026 a las 7:10:00 UTC-3","barcelona x rayo vallecano,classificações de barcelona x rayo vallecano,barcelona x,lamine yamal,raphinha,laliga,yamal,barcelona x rayo vallecano onde assistir","./explore?q=barcelona%20x%20rayo%20vallecano&geo=BR"
"alerta vermelho: tempestade","200 mil+","30 de agosto de 2026 a las 10:30:00 UTC-3","1 de septiembre de 2026 a las 0:50:00 UTC-3","alerta vermelho: tempestade,previsão do tempo londrina,alerta vermelho curitiba,tempo,alerta amarelo: tempestade,alerta vermelho tempestade defesa civil,curitiba,tempo curitiba,previsao tempo,previsão do tempo curitiba,clima curitiba,simepar,previsão do tempo ponta grossa,previsao do tempo curitiba,defesa civil parana,parana,clima tempo curitiba,clima em curitiba,defesa civil pr,alerta amarelo: chuva intensa,simepar curitiba","./explore?q=alerta%20vermelho%3A%20tempestade&geo=BR"
"gabriel jesus","200 mil+","30 de agosto de 2026 a las 9:40:00 UTC-3","4 de septiembre de 2026 a las 1:00:00 UTC-3","gabriel jesus,barcelona,gabriel jesus barcelona,jogo do barcelona,jogo barcelona,gabriel jesus no barcelona,gabriel jesus palmeiras","./explore?q=gabriel%20jesus&geo=BR"
"classificações de flamengo x botafogo","200 mil+","30 de agosto de 2026 a las 16:00:00 UTC-3","1 de septiembre de 2026 a las 7:00:00 UTC-3","classificações de flamengo x botafogo,flamengo-botafogo,flamengo e botafogo,botafogo x flamengo,flamengo - botafogo,flamengo vs botafogo,flamengo x botafogo onde assistir,onde assistir flamengo x botafogo,samuel lino,jogo do flamengo-botafogo,resultado do jogo do flamengo-botafogo,resultado do jogo flamengo-botafogo,gabriel batista,flamengo botafogo,botafogo-flamengo,quanto tá o jogo do flamengo-botafogo,tabela do brasileirão série a,botafogo e flamengo,resultado de flamengo-botafogo,onde assistir flamengo-botafogo,escalações de flamengo x botafogo,arthur cabral,jogo flamengo e botafogo,ge tv,quanto foi o jogo do flamengo-botafogo,flamengo vs botafogo standings,fla x botafogo,flamengo x botafogo ao vivo,resultado do flamengo-botafogo,quanto tá o jogo flamengo-botafogo,jogo flamengo-botafogo,carrascal,estatísticas de flamengo x botafogo,luiz araújo,que hora é o jogo do flamengo-botafogo,flamengo-botafogo ao vivo,resultado flamengo-botafogo,flamengo onde assistir,flamengo e botafogo onde assistir,placar do jogo flamengo-botafogo,como é que tá o jogo do flamengo-botafogo,jogo do flamengo hoje onde assistir,programação globo hoje,quanto que tá o jogo do flamengo-botafogo,onde vai passar o jogo do flamengo-botafogo,quanto tá o jogo do botafogo-flamengo,brasileirao 2026,quanto ficou o jogo do flamengo-botafogo,que horas é o jogo do flamengo-botafogo,edenilson,melhores momentos de flamengo-botafogo,placar do jogo do flamengo-botafogo,onde vai passar flamengo-botafogo,onde assistir flamengo e botafogo,onde assistir flamengo-botafogo hoje,melhores momentos flamengo-botafogo,flamengo botafogo 30/08/2026,jogos do campeonato brasileiro hoje,horário do jogo flamengo-botafogo,que hora que é o jogo do flamengo-botafogo,campeonato brasileiro série a 2026","./explore?q=classifica%C3%A7%C3%B5es%20de%20flamengo%20x%20botafogo&geo=BR"
"marcos penido jornalista","200 mil+","29 de agosto de 2026 a las 16:10:00 UTC-3","31 de agosto de 2026 a las 14:10:00 UTC-3","marcos penido jornalista,marcos penido,jornalista,penido","./explore?q=marcos%20penido%20jornalista&geo=BR"
"fortaleza x operário","200 mil+","31 de agosto de 2026 a las 18:10:00 UTC-3","1 de septiembre de 2026 a las 21:20:00 UTC-3","fortaleza x operário,classificações de fortaleza esporte clube x operário ferroviário esporte clube,fortaleza,fortaleza x,jogo do fortaleza,fortaleza esporte clube,fortaleza fc,jogo fortaleza,jogo do fortaleza hoje,fortaleza x operario,fortaleza - operário,jogo fortaleza hoje","./explore?q=fortaleza%20x%20oper%C3%A1rio&geo=BR"
"santos","200 mil+","2 de septiembre de 2026 a las 21:50:00 UTC-3","3 de septiembre de 2026 a las 7:50:00 UTC-3","santos,neymar,santos fc,jogo do santos hoje,santos hoje,nubank,jogo santos hoje","./explore?q=santos&geo=BR"
"renan santos","200 mil+","31 de agosto de 2026 a las 15:00:00 UTC-3","1 de septiembre de 2026 a las 8:00:00 UTC-3","renan santos,dias toffoli,renan santos suspenso,toffoli,dias toffoli renan santos,renan santos pesquisa eleitoral,renan,toffoli renan santos,candidatura renan santos,renan santos candidatura,tse renan santos,tse,tse suspende candidatura de renan santos,renam santos,candidatura de renan santos,tofolli,tse suspende renan,tse suspende renan santos,wilson grassi,renan santos tse,toffoli suspende campanha de renan santos,ministro dias toffoli suspende a candidatura de renan santos à presidência da república.","./explore?q=renan%20santos&geo=BR"
"chelsea x brighton","200 mil+","30 de agosto de 2026 a las 7:30:00 UTC-3","31 de agosto de 2026 a las 9:10:00 UTC-3","chelsea x brighton,chelsea,classificações de chelsea x brighton,chelsea x,joão pedro,chelsea fc,jogo do chelsea,chelsea - brighton,campeonato ingles,campeonato inglês,chelsea x brighton onde assistir,chelsea x brighton palpite,jorrel hato,joao pedro","./explore?q=chelsea%20x%20brighton&geo=BR"
"classificações de esporte clube bahia x internacional","200 mil+","30 de agosto de 2026 a las 20:00:00 UTC-3","31 de agosto de 2026 a las 22:40:00 UTC-3","classificações de esporte clube bahia x internacional,internacional,bahia,inter,jogo do bahia,inter x bahia,erick pulga,inter x,bahia x,esporte clube bahia,bahia vs internacional,bahia e internacional,jogo inter,jogo do bahia hoje,jogo bahia,bahia x inter,bahia - internacional,inter e bahia,internacional x bahia,ec bahia,alan patrick,inter jogo,bahia internacional,bahia e inter,rádio gaúcha,bahia x internacional onde assistir,inter bahia,internacional x,inter hoje ao vivo,bahia hoje,bahia x inter onde assistir,onde assistir bahia x inter,internacional e bahia,inter x bahia onde assistir,bahia x internacional onde vai passar,sc internacional,onde assistir bahia e inter,onde vai passar o jogo do inter","./explore?q=classifica%C3%A7%C3%B5es%20de%20esporte%20clube%20bahia%20x%20internacional&geo=BR"
"anthony valencia","200 mil+","30 de agosto de 2026 a las 11:20:00 UTC-3","1 de septiembre de 2026 a las 23:30:00 UTC-3","anthony valencia,flamengo,joaquín freitas,jogo do flamengo,joaquin freitas,fla,ge tv ao vivo,flamengo classificação,anthony valencia flamengo","./explore?q=anthony%20valencia&geo=BR"
"chatgpt","200 mil+","3 de septiembre de 2026 a las 11:40:00 UTC-3","3 de septiembre de 2026 a las 13:20:00 UTC-3","chatgpt,chat gpt,gpt,openai,open ai,openai status,chat gpt status","./explore?q=chatgpt&geo=BR"
"santos","200 mil+","30 de agosto de 2026 a las 16:30:00 UTC-3","30 de agosto de 2026 a las 19:40:00 UTC-3","santos,david vasco,david correa,vila nova,santos fc,jogo do santos,hayner,david correa vasco,dvd vasco,jogo do vasco hoje,jogo vasco hoje,renyer oliveira,notícia,david corrêa,vila nova futebol clube,david,renyer,jogador do vasco,vasco.,david corrêa vasco,jogos de vasco,david corrêa da fonseca,jogador do vasco preso,globo sp,atleta do santos preso,jogador do santos preso hoje,renyer santos,vila,ge.globo/craque,santos.,netvasco","./explore?q=santos&geo=BR"
"palmeiras","200 mil+","30 de agosto de 2026 a las 19:50:00 UTC-3","30 de agosto de 2026 a las 21:50:00 UTC-3","palmeiras,jogo do palmeiras hoje,placar do palmeiras,palmeiras e,palmeiras.","./explore?q=palmeiras&geo=BR"
"serie c","200 mil+","29 de agosto de 2026 a las 17:10:00 UTC-3","29 de agosto de 2026 a las 20:40:00 UTC-3","serie c,classificações de brasileirão série c,brasileirão série c,tabela serie c,santa cruz,guarani,série c,classificação da série c,classificação serie a,classificação serie c,tabela da série c,serie c 2026,jogos de brasileirão série c,campeonato brasileiro série c,classificação série c,tabela série c,jogos de brasileirão série a,classificação do campeonato brasileiro série a,jogo do santa cruz,tabela do brasileirão atualizada,tabela do brasileirão 2026,brasileirao c,classificação do brasileirão,a tabela do brasileirão,brasileiro série c,campeonato brasileiro de futebol - série c,campeonato brasileiro c,tabela do brasileirão série c,série c 2026,brasileiro serie c,classificação campeonato brasileiro,rodada do brasileirão,brasileirão série a classificação,classificação do brasileirão 2026,brasileirao serie c,classificação brasileirão série a,guarani futebol clube,campeonato brasileiro serie c,tabela de classificação da série c,serie c classificação 2026,tabela serie c 2026,tabela da série c 2026,campeonato brasileiro série c 2026,classificação brasileirão 2026,futebol interior,brasileirão 2026,classificação serie c 2026,floresta esporte clube,classificação brasileirão,jogos da série c,jogo do guarani,a tabela da série c,tabela da serie c,tabela brasileirão série c,brasileiro c,serie c tabela,segunda fase serie c,serie,jogo santa cruz hoje","./explore?q=serie%20c&geo=BR"
"crb x américa-mg","100 mil+","4 de septiembre de 2026 a las 20:30:00 UTC-3",,"crb x américa-mg,classificações de crb x américa-mg,crb,crb x,america mg,jogo crb,clube de regatas brasil","./explore?q=crb%20x%20am%C3%A9rica-mg&geo=BR"
"leverkusen x union berlin","100 mil+","5 de septiembre de 2026 a las 9:40:00 UTC-3",,"leverkusen x union berlin,londrina x juventude,classificações de londrina esporte clube x esporte clube juventude,juventude,londrina,juventude x,londrina x,jogo do juventude,londrina e juventude","./explore?q=leverkusen%20x%20union%20berlin&geo=BR"
"jornada de trabalho","100 mil+","5 de septiembre de 2026 a las 8:20:00 UTC-3",,"jornada de trabalho,escala 6x1,fim da escala 6x1,6x1,pec escala 6x1 senado,votação escala 6x1,quem votou contra o fim da escala 6x1?,rogério marinho,ccj,escala 5x2,pec 6x1,fim da escala 6x1 foi aprovado,senado,votação,plenario,marinho,ccj senado,escala 6x1 foi aprovada","./explore?q=jornada%20de%20trabalho&geo=BR"
"receita federal do brasil","100 mil+","3 de septiembre de 2026 a las 12:40:00 UTC-3","4 de septiembre de 2026 a las 20:30:00 UTC-3","receita federal do brasil,leilão","./explore?q=receita%20federal%20do%20brasil&geo=BR"
"pesquisa","100 mil+","4 de septiembre de 2026 a las 16:40:00 UTC-3","5 de septiembre de 2026 a las 9:10:00 UTC-3","pesquisa,pesquisa lula flávio bolsonaro,cnn brasil,pesquisa quaest presidente 2026,pesquisa datafolha,pesquisa quaest presidente,últimas pesquisas para presidente 2026,pesquisa presidente 2026 cury,pesquisa datafolha para presidente,pesquisa, presidente 2026,cientista político,pesquisa quaest,pesquisa btg nexus presidente,augusto cury pesquisa eleitoral,datafolha pesquisa,pesquisa eleitoral flavio bolsonaro,augusto cury direita ou esquerda,pesquisa btg nexus,nova pesquisa quaest para presidente 2026,pesquisa flavio bolsonaro,pesquisa, presidente,btg nexus,uol,pesquisa quest,flávio bolsonaro lula,augusto cury pesquisa,btg pactual,pesquisa btg,globo.com","./explore?q=pesquisa&geo=BR"
"classificações de náutico x botafogo sp","100 mil+","3 de septiembre de 2026 a las 22:10:00 UTC-3","4 de septiembre de 2026 a las 23:20:00 UTC-3","classificações de náutico x botafogo sp,náutico x botafogo sp,nautico,náutico,nautico x botafogo sp,nautico x,jogo do náutico,botafogo sp,estatísticas de náutico x botafogo sp","./explore?q=classifica%C3%A7%C3%B5es%20de%20n%C3%A1utico%20x%20botafogo%20sp&geo=BR"
"real madrid","100 mil+","4 de septiembre de 2026 a las 16:50:00 UTC-3","4 de septiembre de 2026 a las 20:00:00 UTC-3","real madrid,real betis - real madrid,betis vs real madrid,real betis,betis,facundo bernal,betis - real madrid,posiciones de betis contra real madrid,betis – real madrid,real madrid club de fútbol,álvaro valles,nelson deossa,cucho hernández","./explore?q=real%20madrid&geo=BR"
"setembro amarelo","100 mil+","31 de agosto de 2026 a las 7:30:00 UTC-3","4 de septiembre de 2026 a las 16:50:00 UTC-3","setembro amarelo,setembro amarelo 2026","./explore?q=setembro%20amarelo&geo=BR"
"vfl osnabrück x bayern","100 mil+","2 de septiembre de 2026 a las 14:50:00 UTC-3","3 de septiembre de 2026 a las 8:20:00 UTC-3","vfl osnabrück x bayern,bayern de munique,copa da alemanha,bayern x,jogo do bayern de munique","./explore?q=vfl%20osnabr%C3%BCck%20x%20bayern&geo=BR"
"aston villa x arsenal","100 mil+","31 de agosto de 2026 a las 15:00:00 UTC-3","1 de septiembre de 2026 a las 17:20:00 UTC-3","aston villa x arsenal,arsenal x,arsenal x aston villa,arsenal fc,aston villa - arsenal","./explore?q=aston%20villa%20x%20arsenal&geo=BR"
"carlos monforte","100 mil+","31 de agosto de 2026 a las 8:50:00 UTC-3","2 de septiembre de 2026 a las 9:50:00 UTC-3","carlos monforte,carlos monforte jornalista","./explore?q=carlos%20monforte&geo=BR"
"vasco","100 mil+","2 de septiembre de 2026 a las 23:00:00 UTC-3","3 de septiembre de 2026 a las 7:30:00 UTC-3","vasco,alan lescano,lescano,argentinos juniors","./explore?q=vasco&geo=BR"
"pix","100 mil+","31 de agosto de 2026 a las 17:40:00 UTC-3","1 de septiembre de 2026 a las 9:00:00 UTC-3","pix,nova regra pix","./explore?q=pix&geo=BR"
"classificações de atlético-mg x ec vitória","100 mil+","29 de agosto de 2026 a las 20:10:00 UTC-3","31 de agosto de 2026 a las 7:20:00 UTC-3","classificações de atlético-mg x ec vitória,vitoria x,thiago borbas,jogo do vitória,atlético mineiro vs vitória,atlético-mg - ec vitória,atletico x vitoria,tabela do brasileirão,atletico mg x vitoria,everson,atlético mg onde assistir,reinier,galo x vitoria,vitoria x atletico mg,jogo do vitoria,ec vitória,atlético mineiro e vitória,esporte clube vitória,atlético mineiro-vitória,jogo do vitória hoje,vitoria hoje,clube atlético mineiro,gabriel delfim,atlético e vitória,jogo atletico mg onde assistir,vitória x,erick,estatísticas de atlético-mg x ec vitória,jogo vitoria,atletico mg x vitoria onde assistir,atletico x vitoria onde assistir,onde assistir atlético-vitória,atlético-mg x vitória onde assistir,atletico mg onde assistir","./explore?q=classifica%C3%A7%C3%B5es%20de%20atl%C3%A9tico-mg%20x%20ec%20vit%C3%B3ria&geo=BR"
"manchester united x ipswich town","100 mil+","30 de agosto de 2026 a las 11:30:00 UTC-3","31 de agosto de 2026 a las 10:00:00 UTC-3","manchester united x ipswich town,manchester united,united,man united,united fc,manchester united football club,emersonn,man united vs ipswich town,united manchester,man utd,ipswich town,manchester united - ipswich,kjell scherpen","./explore?q=manchester%20united%20x%20ipswich%20town&geo=BR"
"pesquisa vox","100 mil+","29 de agosto de 2026 a las 11:20:00 UTC-3","30 de agosto de 2026 a las 10:40:00 UTC-3","pesquisa vox,pesquisa vox brasil,pesquisa atlas intel,pesquisa atlas,pesquisa, presidente 2026,atlas intel pesquisa presidencial,flávio bolsonaro lula,últimas pesquisas presidente 2026,pesquisa presidente,atlas intel,lula x flavio bolsonaro pesquisa,pesquisa real time big data,atlas,pesquisa eleitoral,poder360,pesquisa para presidente do brasil 2026","./explore?q=pesquisa%20vox&geo=BR"
"brasileirão série a","100 mil+","2 de septiembre de 2026 a las 20:00:00 UTC-3","2 de septiembre de 2026 a las 22:40:00 UTC-3","brasileirão série a,campeonato brasileiro,tabela do brasileirão 2026,campeonato brasileiro 2026,jogos de flamengo,brasileirao serie a","./explore?q=brasileir%C3%A3o%20s%C3%A9rie%20a&geo=BR"
"paysandu x maringá","100 mil+","29 de agosto de 2026 a las 16:00:00 UTC-3","30 de agosto de 2026 a las 18:30:00 UTC-3","paysandu x maringá,classificações de paysandu x maringá futebol clube,paysandu,jogo do paysandu,paysandu hoje,paysandu x,paysandu sport club,maringa fc,jogo do paysandu hoje,jogo paysandu,jogo paysandu hoje,paysandu classificação,paysandu x maringa,ingresso paysandu","./explore?q=paysandu%20x%20maring%C3%A1&geo=BR"
"climatempo","100 mil+","30 de agosto de 2026 a las 15:10:00 UTC-3","2 de septiembre de 2026 a las 13:40:00 UTC-3","climatempo,chuva,previsão do tempo,tempo,previsao do tempo,ciclone,previsão do tempo são paulo,previsão do tempo sp,clima em são paulo,tempo são paulo,previsão do tempo para hoje,inmet,clima tempo são paulo,clima sp,climatempo são paulo,previsão do tempo hoje,previsao do tempo sp,previsao do tempo hoje,tempo em são paulo,clima para hoje,tempo sp,previsao,climatempo sp,previsão do tempo santos,temperatura são paulo,tempo sao paulo,temperatura em são paulo,temperatura,previsão de tempo,alerta,ventos,clima rio de janeiro,vai chover amanhã,temperatura sp,alerta defesa civil","./explore?q=climatempo&geo=BR"
"gemini","100 mil+","3 de septiembre de 2026 a las 11:40:00 UTC-3","3 de septiembre de 2026 a las 13:20:00 UTC-3","gemini,claude,chat gtp,gemini ai,gpt chat,chatgpt login,grok,chatgpt status,claude ai,cht gpt,chatgpt down,chat gpt login,codex","./explore?q=gemini&geo=BR"
"newcastle x bournemouth","50 mil+","5 de septiembre de 2026 a las 7:30:00 UTC-3",,"newcastle x bournemouth,newcastle x,jogo do newcastle,rayan","./explore?q=newcastle%20x%20bournemouth&geo=BR"
"thaiz pedrosa","50 mil+","4 de septiembre de 2026 a las 15:00:00 UTC-3",,"thaiz pedrosa,mulher trans","./explore?q=thaiz%20pedrosa&geo=BR"
"athletic x vila nova","50 mil+","4 de septiembre de 2026 a las 19:30:00 UTC-3",,"athletic x vila nova,vila nova,vila nova x,vila nova futebol clube,jogo do vila nova,vila","./explore?q=athletic%20x%20vila%20nova&geo=BR"
"ipswich town x liverpool","50 mil+","4 de septiembre de 2026 a las 15:00:00 UTC-3",,"ipswich town x liverpool,classificações de ipswich town x liverpool","./explore?q=ipswich%20town%20x%20liverpool&geo=BR"
"criciúma x cuiabá","50 mil+","4 de septiembre de 2026 a las 18:30:00 UTC-3",,"criciúma x cuiabá,criciuma,criciúma,criciuma x,cuiaba fc,jogo do criciúma,criciúma esporte clube,criciuma x cuiaba","./explore?q=crici%C3%BAma%20x%20cuiab%C3%A1&geo=BR"
"giulia silva de araújo","50 mil+","2 de septiembre de 2026 a las 20:30:00 UTC-3",,"giulia silva de araújo,hospital municipal francisco da silva telles","./explore?q=giulia%20silva%20de%20ara%C3%BAjo&geo=BR"
"2027","50 mil+","4 de septiembre de 2026 a las 13:30:00 UTC-3",,"2027","./explore?q=2027&geo=BR"
"rock in rio","50 mil+","2 de septiembre de 2026 a las 16:00:00 UTC-3",,"rock in rio,quem ama cuida?,mau mau quem ama cuida","./explore?q=rock%20in%20rio&geo=BR"
"rock in rio 2026 line up","50 mil+","4 de septiembre de 2026 a las 7:30:00 UTC-3",,"rock in rio 2026 line up,line up rock in rio 2026,rock in rio hoje,programação rock in rio 2026,rock in rio line up,rock in rio ao vivo,chuva,line up rock in rio,rock in rio 2026 atrações,programacao rock in rio,multishow,programacao rock in rio 2026,lineup rock in rio 2026,horario show foo fighters rock in rio,rock in rio programação,atracoes rock in rio,foo fighters rock in rio,shows rock in rio 2026,previsao do tempo,rock in rio,teste,rock in rio 2026","./explore?q=rock%20in%20rio%202026%20line%20up&geo=BR"
"rock in rio 2026","50 mil+","3 de septiembre de 2026 a las 7:20:00 UTC-3",,"rock in rio 2026,foo fighters rock in rio 2026,setlist foo fighters rock in rio,setlist foo fighters rock in rio 2026,setlist foo fighters,foo fighters setlist,dave grohl","./explore?q=rock%20in%20rio%202026&geo=BR"
"7 de setembro é feriado nacional","50 mil+","31 de agosto de 2026 a las 7:50:00 UTC-3",,"7 de setembro é feriado nacional,feriado nacional,calendario setembro 2026,feriado setembro,feriados setembro 2026,diario do nordeste,calendário,feriados setembro,feriados","./explore?q=7%20de%20setembro%20%C3%A9%20feriado%20nacional&geo=BR"
"mega sena 3053","50 mil+","3 de septiembre de 2026 a las 20:50:00 UTC-3",,"mega sena 3053,mega sena 3052,mega sena 3051,3053 mega sena,resultado da mega sena concurso 3053,resultado mega sena 3053,resultado da mega sena 3053,mega 3053,resultado mega sena 3051,resultado mega sena 3052,mega sena 3053 resultado,resultado da mega-sena concurso 3053,resultado da mega-sena concurso 3052,mega 3052,poupança,resultado da mega-sena 3053,mega 3051,resultado da mega sena 3052,loterias da caixa","./explore?q=mega%20sena%203053&geo=BR"
"quinto dia útil de setembro 2026","50 mil+","31 de agosto de 2026 a las 7:00:00 UTC-3",,"quinto dia útil de setembro 2026,5 dia util de setembro 2026,dia útil,pagamento","./explore?q=quinto%20dia%20%C3%BAtil%20de%20setembro%202026&geo=BR"
"delegado da cunha","50 mil+","3 de septiembre de 2026 a las 13:40:00 UTC-3","4 de septiembre de 2026 a las 19:10:00 UTC-3","delegado da cunha,da cunha","./explore?q=delegado%20da%20cunha&geo=BR"
"my vintage dress","50 mil+","1 de septiembre de 2026 a las 1:00:00 UTC-3","4 de septiembre de 2026 a las 20:10:00 UTC-3","my vintage dress,loja,vestido de noiva","./explore?q=my%20vintage%20dress&geo=BR"
"bandeira do brasil","50 mil+","31 de agosto de 2026 a las 7:00:00 UTC-3","4 de septiembre de 2026 a las 21:10:00 UTC-3","bandeira do brasil","./explore?q=bandeira%20do%20brasil&geo=BR"
"psg","50 mil+","4 de septiembre de 2026 a las 16:50:00 UTC-3","4 de septiembre de 2026 a las 19:50:00 UTC-3","psg,ligue 1,paris saint-germain football club,psg e monaco,as monaco,psg monaco,maghnes akliouche","./explore?q=psg&geo=BR"
"paulo gonet","50 mil+","1 de septiembre de 2026 a las 5:20:00 UTC-3","5 de septiembre de 2026 a las 9:20:00 UTC-3","paulo gonet,master","./explore?q=paulo%20gonet&geo=BR"
"rato","50 mil+","1 de septiembre de 2026 a las 17:40:00 UTC-3","4 de septiembre de 2026 a las 8:00:00 UTC-3","rato","./explore?q=rato&geo=BR"
"lotofacil 3779","50 mil+","3 de septiembre de 2026 a las 21:00:00 UTC-3","5 de septiembre de 2026 a las 10:30:00 UTC-3","lotofacil 3779,lotofácil 3779,lotofacil 3778,resultado da lotofácil concurso 3779,resultado da lotofácil 3779,lotofácil 3778,lotofácil 3776,resultado da lotofácil concurso 3778,resultado da lotofácil 3778,resultado lotofacil 3779,resultado da lotofácil 3776,sorteio loterias lotofacil hoje,resultado da lotofácil concurso 3777,resultado lotofácil 3779,resultado lotofacil 3778,lotofácil,resultado lotofácil 3778,loterias,resultado,resultado da lotofácil de ontem","./explore?q=lotofacil%203779&geo=BR"
"deportivo recoleta x cerro porteño","50 mil+","3 de septiembre de 2026 a las 18:10:00 UTC-3","4 de septiembre de 2026 a las 8:20:00 UTC-3","deportivo recoleta x cerro porteño,classificações de deportivo recoleta x cerro porteño,deportivo recoleta - cerro","./explore?q=deportivo%20recoleta%20x%20cerro%20porte%C3%B1o&geo=BR"
"christopher judge","50 mil+","1 de septiembre de 2026 a las 21:10:00 UTC-3","3 de septiembre de 2026 a las 8:20:00 UTC-3","christopher judge,dave bautista,ryan hurst","./explore?q=christopher%20judge&geo=BR"
"nikolas ferreira","50 mil+","3 de septiembre de 2026 a las 8:40:00 UTC-3","3 de septiembre de 2026 a las 20:50:00 UTC-3","nikolas ferreira,nicolas ferreira,nikolas,icl,nikolas ferreira vorcaro,icl notícias,leonardo sakamoto,nikolas vorcaro,nikolas e vorcaro,nikolas ferreira e vorcaro,ativo minerario","./explore?q=nikolas%20ferreira&geo=BR"
"ensaios da anitta 2027","50 mil+","1 de septiembre de 2026 a las 8:00:00 UTC-3","4 de septiembre de 2026 a las 1:00:00 UTC-3","ensaios da anitta 2027,ingresse,ingresse ensaios da anitta 2027,ensaios da anitta,ingresse anitta,ensaio da anitta 2027,ingresse ensaios da anitta,ensaios da anitta 2027 ingresso","./explore?q=ensaios%20da%20anitta%202027&geo=BR"
"lara alves rueda","50 mil+","30 de agosto de 2026 a las 22:30:00 UTC-3","2 de septiembre de 2026 a las 8:10:00 UTC-3","lara alves rueda,rainha de rodeio lara alves rueda,rodeio","./explore?q=lara%20alves%20rueda&geo=BR"
"vila nova x ceará sc","50 mil+","30 de agosto de 2026 a las 17:30:00 UTC-3","31 de agosto de 2026 a las 19:20:00 UTC-3","vila nova x ceará sc,ceara x,vila nova x,jogo do ceará,vila nova x ceara,ceará sporting club,ceara,ceará,jogo do vila nova,jogo ceara,ceara sc","./explore?q=vila%20nova%20x%20cear%C3%A1%20sc&geo=BR"
"santos x","50 mil+","2 de septiembre de 2026 a las 21:40:00 UTC-3","3 de septiembre de 2026 a las 7:40:00 UTC-3","santos x,jogo do santos,jogo do santos ontem","./explore?q=santos%20x&geo=BR"
"ponte preta","50 mil+","29 de agosto de 2026 a las 17:30:00 UTC-3","31 de agosto de 2026 a las 8:20:00 UTC-3","ponte preta,américa-mg x ponte preta,ponte preta x,america mg,classificações de américa-mg x ponte preta,classificação da série a,associação atlética ponte preta","./explore?q=ponte%20preta&geo=BR"
"crb x criciúma","50 mil+","30 de agosto de 2026 a las 17:10:00 UTC-3","31 de agosto de 2026 a las 19:20:00 UTC-3","crb x criciúma,classificações de crb x criciuma ec,crb,criciuma,crb x,criciúma,criciúma esporte clube,jogo do crb,clube de regatas brasil","./explore?q=crb%20x%20crici%C3%BAma&geo=BR"
"us open","50 mil+","30 de agosto de 2026 a las 8:30:00 UTC-3","1 de septiembre de 2026 a las 0:00:00 UTC-3","us open,naomi osaka,anastasia zakharova","./explore?q=us%20open&geo=BR"
"sevilla x atlético madrid","50 mil+","29 de agosto de 2026 a las 15:30:00 UTC-3","30 de agosto de 2026 a las 16:50:00 UTC-3","sevilla x atlético madrid,sevilla,lee kang-in,atlético madrid,ademola lookman","./explore?q=sevilla%20x%20atl%C3%A9tico%20madrid&geo=BR"
"raio","50 mil+","29 de agosto de 2026 a las 11:50:00 UTC-3","30 de agosto de 2026 a las 23:00:00 UTC-3","raio,praia da pinheira,mulher atingida por raio morreu,mulher atingida por raio palhoça,praia pinheira raio,g1 sc","./explore?q=raio&geo=BR"
"inter miami x montréal","50 mil+","29 de agosto de 2026 a las 19:40:00 UTC-3","30 de agosto de 2026 a las 17:50:00 UTC-3","inter miami x montréal,classificações de inter miami x cf montréal,quantos gols messi tem,casemiro,inter miami x,messi gols,jogo do inter miami","./explore?q=inter%20miami%20x%20montr%C3%A9al&geo=BR"
"cruzeiro x","50 mil+","1 de septiembre de 2026 a las 21:00:00 UTC-3","2 de septiembre de 2026 a las 6:30:00 UTC-3","cruzeiro x,jogo cruzeiro,gabigol,gabriel barbosa","./explore?q=cruzeiro%20x&geo=BR"
"tempestade","50 mil+","30 de agosto de 2026 a las 21:30:00 UTC-3","31 de agosto de 2026 a las 8:00:00 UTC-3","tempestade,tornado,campo ere,defesa civil sc,inmet,santa catarina,campo ere sc,previsão do tempo florianopolis,tornado em santa catarina,granizo,tornado campo erê sc,tornado sc,campo erê,defesa civil do estado de santa catarina,nivel do rio itajai açu,alerta defesa civil sc hoje,chuva de granizo,previsão,tornado em sc","./explore?q=tempestade&geo=BR"
"classificações de anápolis futebol clube x santa cruz futebol clube","50 mil+","29 de agosto de 2026 a las 18:50:00 UTC-3","30 de agosto de 2026 a las 14:50:00 UTC-3","classificações de anápolis futebol clube x santa cruz futebol clube,anápolis x santa cruz,santa cruz futebol clube,santa cruz x,classificacao serie c,anapolis fc,classificações de santa cruz futebol clube,jogo santa cruz,anapolis,classificação,santa cruz classificação,jogo do santa cruz hoje,classificacao","./explore?q=classifica%C3%A7%C3%B5es%20de%20an%C3%A1polis%20futebol%20clube%20x%20santa%20cruz%20futebol%20clube&geo=BR"
"real madrid","50 mil+","30 de agosto de 2026 a las 12:10:00 UTC-3","30 de agosto de 2026 a las 15:10:00 UTC-3","real madrid,real madrid - málaga,real madrid vs málaga,posiciones de real madrid contra málaga cf,real madrid – málaga,real madrid club de fútbol,real madrid vs,arda guler,málaga club de fútbol","./explore?q=real%20madrid&geo=BR"
"tabela do brasileirão 2026","50 mil+","30 de agosto de 2026 a las 18:00:00 UTC-3","30 de agosto de 2026 a las 22:10:00 UTC-3","tabela do brasileirão 2026,jogo do inter,inter hoje,resultado do palmeiras,classificação do campeonato brasileiro,jogo do inter hoje,jogos de hoje brasileirão série a,campeonato brasileiro a,jogo inter hoje,tabela do brasileirão 2026 série a,tabela do campeonato brasileiro 2026,tabela brasileirão 2026 série a,a tabela do campeonato brasileiro,jogos de internacional","./explore?q=tabela%20do%20brasileir%C3%A3o%202026&geo=BR"
"tabela do brasileirão","50 mil+","30 de agosto de 2026 a las 20:40:00 UTC-3","30 de agosto de 2026 a las 21:40:00 UTC-3","tabela do brasileirão,tabela brasileirão,tabela serie a,tabela de classificação do brasileirão,classificação do brasileirão série a,classificação da série a,tabela brasileirao,tabela,tabela do brasileirao,tabela do brasileiro,tabela atualizada do brasileirão,brasileirao tabela,tabela de classificação do campeonato brasileiro,brasileirao 2026 serie a","./explore?q=tabela%20do%20brasileir%C3%A3o&geo=BR"
"city x coventry city","20 mil+","5 de septiembre de 2026 a las 10:00:00 UTC-3",,"city x coventry city","./explore?q=city%20x%20coventry%20city&geo=BR"
"oceano pacífico","20 mil+","4 de septiembre de 2026 a las 18:00:00 UTC-3",,"oceano pacífico,tres furacoes oceano pacifico,ciclone tropical","./explore?q=oceano%20pac%C3%ADfico&geo=BR"
"ettore zuim","20 mil+","4 de septiembre de 2026 a las 13:40:00 UTC-3",,"ettore zuim,dublador,ettore zuim dublador","./explore?q=ettore%20zuim&geo=BR"
"7 de setembro","20 mil+","31 de agosto de 2026 a las 7:10:00 UTC-3",,"7 de setembro,b3","./explore?q=7%20de%20setembro&geo=BR"
"rodrygo","20 mil+","3 de septiembre de 2026 a las 18:10:00 UTC-3",,"rodrygo,real madri","./explore?q=rodrygo&geo=BR"
"carla jeffery","20 mil+","2 de septiembre de 2026 a las 18:30:00 UTC-3",,"carla jeffery","./explore?q=carla%20jeffery&geo=BR"
"quina 7110","20 mil+","4 de septiembre de 2026 a las 21:10:00 UTC-3",,"quina 7110,resultado da quina concurso 7110,resultado da quina 7110,quina 7109,quina 7108,loteria,quina 7107,bolão,resultado da quina 7109,resultado da quina de hoje,resultado da quina 7108,resultado da quina 7107,resultado da quina concurso 7108","./explore?q=quina%207110&geo=BR"
"monaco","20 mil+","4 de septiembre de 2026 a las 16:20:00 UTC-3","5 de septiembre de 2026 a las 10:10:00 UTC-3","monaco,monaco vs psg,psg vs","./explore?q=monaco&geo=BR"
"trabalhador","20 mil+","4 de septiembre de 2026 a las 8:20:00 UTC-3","5 de septiembre de 2026 a las 9:50:00 UTC-3","trabalhador","./explore?q=trabalhador&geo=BR"
"palmeiras sub 20","20 mil+","4 de septiembre de 2026 a las 17:50:00 UTC-3","5 de septiembre de 2026 a las 9:10:00 UTC-3","palmeiras sub 20,brasileiro sub 20,vasco sub 20,palmeiras x vasco sub 20,sub 20,vasco x palmeiras sub 20,brasileirao sub 20,brasileirão sub 20,brasileiro sub-20,vasco sub 20 x palmeiras sub 20,campeonato brasileiro sub 20,palmeiras sub-20 x vasco sub-20,palmeiras e vasco sub 20,vasco e palmeiras sub 20,vasco sub20,palmeiras sub 20 x vasco sub 20,palmeiras sub20,campeonato brasileiro de futebol sub-20,vasco-palmeiras sub-20,vasco campeão sub 20","./explore?q=palmeiras%20sub%2020&geo=BR"
"sony","20 mil+","5 de septiembre de 2026 a las 5:50:00 UTC-3","5 de septiembre de 2026 a las 10:20:00 UTC-3","sony,chat","./explore?q=sony&geo=BR"
"pix nubank","20 mil+","4 de septiembre de 2026 a las 20:00:00 UTC-3","5 de septiembre de 2026 a las 5:10:00 UTC-3","pix nubank,nubank,nubank fora do ar,pix nubank fora do ar,nubank caiu,pix nubank fora do ar hoje,nubank pix fora do ar,nubank fora do ar hoje,nubank nao esta fazendo pix,nubank caiu?,instabilidade nubank,nubank ta fora do ar,nubank instabilidade,nubank pix,nubank com instabilidade,nubank está fora do ar,o nubank está fora do ar,a nubank está fora do ar","./explore?q=pix%20nubank&geo=BR"
"club técnico universitario x ldu quito","20 mil+","4 de septiembre de 2026 a las 20:30:00 UTC-3","5 de septiembre de 2026 a las 7:00:00 UTC-3","club técnico universitario x ldu quito","./explore?q=club%20t%C3%A9cnico%20universitario%20x%20ldu%20quito&geo=BR"
"participante de reality show","20 mil+","3 de septiembre de 2026 a las 16:40:00 UTC-3","4 de septiembre de 2026 a las 18:00:00 UTC-3","participante de reality show,reality show","./explore?q=participante%20de%20reality%20show&geo=BR"
"lyon x auxerre","20 mil+","4 de septiembre de 2026 a las 13:10:00 UTC-3","4 de septiembre de 2026 a las 22:40:00 UTC-3","lyon x auxerre,classificações de olympique lyonnais x auxerre,lyon x","./explore?q=lyon%20x%20auxerre&geo=BR"
"diego sanches musico","20 mil+","3 de septiembre de 2026 a las 12:40:00 UTC-3","4 de septiembre de 2026 a las 14:10:00 UTC-3","diego sanches musico,avenida wenceslau escobar,acidente wenceslau escobar,diego sanches","./explore?q=diego%20sanches%20musico&geo=BR"
"gabarito encceja 2026","20 mil+","3 de septiembre de 2026 a las 17:10:00 UTC-3","5 de septiembre de 2026 a las 1:30:00 UTC-3","gabarito encceja 2026,gov.br,gov br","./explore?q=gabarito%20encceja%202026&geo=BR"
"marçal","20 mil+","4 de septiembre de 2026 a las 12:30:00 UTC-3","5 de septiembre de 2026 a las 0:20:00 UTC-3","marçal,pablo marçal candidato,pablo marçal,pablo marcal,pablo marçal candidatura,tse pablo marçal,marcal","./explore?q=mar%C3%A7al&geo=BR"
"fernanda rodrigues","20 mil+","2 de septiembre de 2026 a las 15:00:00 UTC-3","4 de septiembre de 2026 a las 14:30:00 UTC-3","fernanda rodrigues","./explore?q=fernanda%20rodrigues&geo=BR"
"csa x nacional","20 mil+","3 de septiembre de 2026 a las 19:10:00 UTC-3","4 de septiembre de 2026 a las 15:10:00 UTC-3","csa x nacional,csa,csa nacional am 03/09/2026,csa x,nacional fc,jogo do csa,csa hoje,nacional am","./explore?q=csa%20x%20nacional&geo=BR"
"pesquisa governo de pernambuco","20 mil+","3 de septiembre de 2026 a las 12:40:00 UTC-3","4 de septiembre de 2026 a las 14:10:00 UTC-3","pesquisa governo de pernambuco,real time big data,pesquisa pernambuco,pesquisa para governador de pernambuco","./explore?q=pesquisa%20governo%20de%20pernambuco&geo=BR"
"seleção brasileira","20 mil+","2 de septiembre de 2026 a las 13:00:00 UTC-3","3 de septiembre de 2026 a las 20:00:00 UTC-3","seleção brasileira,convocação seleção brasileira,copa,savinho","./explore?q=sele%C3%A7%C3%A3o%20brasileira&geo=BR"
"real sociedad x celta de vigo","20 mil+","3 de septiembre de 2026 a las 15:10:00 UTC-3","4 de septiembre de 2026 a las 9:30:00 UTC-3","real sociedad x celta de vigo,real sociedad,classificações de real sociedad x celta de vigo,real sociedad x celta vigo,real sociedad x,jogo do real sociedad","./explore?q=real%20sociedad%20x%20celta%20de%20vigo&geo=BR"
"delação vorcaro","20 mil+","3 de septiembre de 2026 a las 18:40:00 UTC-3","4 de septiembre de 2026 a las 20:00:00 UTC-3","delação vorcaro,daniel vorcaro delação,cnn,vorcaro delação,eduardo bolsonaro,dark horse","./explore?q=dela%C3%A7%C3%A3o%20vorcaro&geo=BR"
"água mineral","20 mil+","2 de septiembre de 2026 a las 8:00:00 UTC-3","3 de septiembre de 2026 a las 20:00:00 UTC-3","água mineral","./explore?q=%C3%A1gua%20mineral&geo=BR"
"enare","20 mil+","4 de septiembre de 2026 a las 10:50:00 UTC-3","5 de septiembre de 2026 a las 0:10:00 UTC-3","enare,enamed local de prova 2026,enamed 2026,inep,inep enamed,revalida inep,enare 2026,local de prova enamed,inep revalida,enamed local de prova","./explore?q=enare&geo=BR"
"fábio faria","20 mil+","3 de septiembre de 2026 a las 15:50:00 UTC-3","4 de septiembre de 2026 a las 8:00:00 UTC-3","fábio faria,fabio faria,fábio faria vorcaro,patrícia abravanel","./explore?q=f%C3%A1bio%20faria&geo=BR"
"greve","20 mil+","3 de septiembre de 2026 a las 4:10:00 UTC-3","3 de septiembre de 2026 a las 22:50:00 UTC-3","greve,caixa econômica federal,sindicato,bancos em greve","./explore?q=greve&geo=BR"
"simone mendes","20 mil+","2 de septiembre de 2026 a las 10:20:00 UTC-3","3 de septiembre de 2026 a las 18:40:00 UTC-3","simone mendes","./explore?q=simone%20mendes&geo=BR"
"manuel belmar","20 mil+","3 de septiembre de 2026 a las 23:00:00 UTC-3","4 de septiembre de 2026 a las 16:20:00 UTC-3","manuel belmar,globo,demissão,caze tv,cazétv","./explore?q=manuel%20belmar&geo=BR"
"angélica","20 mil+","1 de septiembre de 2026 a las 13:40:00 UTC-3","2 de septiembre de 2026 a las 18:40:00 UTC-3","angélica","./explore?q=ang%C3%A9lica&geo=BR"
"miley cyrus","20 mil+","31 de agosto de 2026 a las 18:40:00 UTC-3","3 de septiembre de 2026 a las 8:30:00 UTC-3","miley cyrus","./explore?q=miley%20cyrus&geo=BR"
"unilever","20 mil+","2 de septiembre de 2026 a las 8:20:00 UTC-3","3 de septiembre de 2026 a las 18:00:00 UTC-3","unilever,anvisa interdita unilever,anvisa suspende unilever,omo,limpeza","./explore?q=unilever&geo=BR"
"viúva","20 mil+","1 de septiembre de 2026 a las 11:00:00 UTC-3","3 de septiembre de 2026 a las 8:10:00 UTC-3","viúva","./explore?q=vi%C3%BAva&geo=BR"
"tibete","20 mil+","3 de septiembre de 2026 a las 8:30:00 UTC-3","4 de septiembre de 2026 a las 7:40:00 UTC-3","tibete,avalanche,himalaia","./explore?q=tibete&geo=BR"
"hebc x borussia","20 mil+","1 de septiembre de 2026 a las 14:50:00 UTC-3","2 de septiembre de 2026 a las 16:00:00 UTC-3","hebc x borussia,copa da alemanha,borussia x,jogo do borussia dortmund,hamburgo fc","./explore?q=hebc%20x%20borussia&geo=BR"
"césar tralli","20 mil+","2 de septiembre de 2026 a las 8:20:00 UTC-3","3 de septiembre de 2026 a las 9:50:00 UTC-3","césar tralli","./explore?q=c%C3%A9sar%20tralli&geo=BR"
"setembro","20 mil+","30 de agosto de 2026 a las 14:30:00 UTC-3","2 de septiembre de 2026 a las 16:30:00 UTC-3","setembro,el niño","./explore?q=setembro&geo=BR"
"vitoria x vasco","20 mil+","2 de septiembre de 2026 a las 19:10:00 UTC-3","3 de septiembre de 2026 a las 9:40:00 UTC-3","vitoria x vasco,classificações de brasileirão série a,classificações de flamengo,vasco x mirassol,vasco da gama fc","./explore?q=vitoria%20x%20vasco&geo=BR"
"santos e palmeiras","20 mil+","2 de septiembre de 2026 a las 20:50:00 UTC-3","3 de septiembre de 2026 a las 9:40:00 UTC-3","santos e palmeiras,semifinal copa do brasil,copa do brasil 2026 jogos,semi final da copa do brasil,tabela copa do brasil,copa do brasil 2026,chaveamento copa do brasil,tabela da copa do brasil,copa do brasil 2026 jogos de hoje,semifinal copa do brasil 2026,classificação da copa do brasil,chaveamento copa do brasil 2026,final da copa do brasil 2026,final copa do brasil 2026,copa.do brasil,semi final da copa do brasil 2026,tabela copa do brasil 2026","./explore?q=santos%20e%20palmeiras&geo=BR"
"madonna","20 mil+","1 de septiembre de 2026 a las 16:30:00 UTC-3","3 de septiembre de 2026 a las 9:20:00 UTC-3","madonna","./explore?q=madonna&geo=BR"
"jadon sancho palmeiras","20 mil+","1 de septiembre de 2026 a las 18:40:00 UTC-3","2 de septiembre de 2026 a las 21:40:00 UTC-3","jadon sancho palmeiras,jadon sancho,sancho","./explore?q=jadon%20sancho%20palmeiras&geo=BR"
"al-hilal x al-ahli saudi","20 mil+","1 de septiembre de 2026 a las 14:00:00 UTC-3","2 de septiembre de 2026 a las 15:50:00 UTC-3","al-hilal x al-ahli saudi,classificações de al-hilal x al-ahli,al hilal x,jogo do al-hilal","./explore?q=al-hilal%20x%20al-ahli%20saudi&geo=BR"
"ponte","20 mil+","31 de agosto de 2026 a las 20:20:00 UTC-3","2 de septiembre de 2026 a las 21:00:00 UTC-3","ponte","./explore?q=ponte&geo=BR"
"maya massafera","20 mil+","30 de agosto de 2026 a las 13:10:00 UTC-3","1 de septiembre de 2026 a las 15:30:00 UTC-3","maya massafera,maia massafera,metropoles","./explore?q=maya%20massafera&geo=BR"
"celso portiolli","20 mil+","31 de agosto de 2026 a las 11:00:00 UTC-3","1 de septiembre de 2026 a las 13:30:00 UTC-3","celso portiolli","./explore?q=celso%20portiolli&geo=BR"
"mãe","20 mil+","30 de agosto de 2026 a las 13:30:00 UTC-3","31 de agosto de 2026 a las 15:00:00 UTC-3","mãe","./explore?q=m%C3%A3e&geo=BR"
"universidade estadual de campinas","20 mil+","29 de agosto de 2026 a las 16:40:00 UTC-3","1 de septiembre de 2026 a las 7:40:00 UTC-3","universidade estadual de campinas,unicamp","./explore?q=universidade%20estadual%20de%20campinas&geo=BR"
"cintia chagas","20 mil+","1 de septiembre de 2026 a las 10:10:00 UTC-3","3 de septiembre de 2026 a las 14:00:00 UTC-3","cintia chagas,rubens barrichello,cíntia chagas","./explore?q=cintia%20chagas&geo=BR"
"plata","20 mil+","1 de septiembre de 2026 a las 17:40:00 UTC-3","2 de septiembre de 2026 a las 10:40:00 UTC-3","plata,gonzalo plata,matheus martins,plata flamengo,flamengo plata,plata saiu do flamengo,flamengo fc,plata voltou para o flamengo","./explore?q=plata&geo=BR"
"quadrix","20 mil+","31 de agosto de 2026 a las 8:30:00 UTC-3","3 de septiembre de 2026 a las 20:10:00 UTC-3","quadrix,quadrix sedes,quadrix sedes df,local de prova sedes df,sedes df","./explore?q=quadrix&geo=BR"
"dia do profissional de educação física","20 mil+","31 de agosto de 2026 a las 13:10:00 UTC-3","2 de septiembre de 2026 a las 0:40:00 UTC-3","dia do profissional de educação física","./explore?q=dia%20do%20profissional%20de%20educa%C3%A7%C3%A3o%20f%C3%ADsica&geo=BR"
"messi","20 mil+","31 de agosto de 2026 a las 12:10:00 UTC-3","1 de septiembre de 2026 a las 9:20:00 UTC-3","messi,messi se aposentou,messi aposentou,messi se aposentou?","./explore?q=messi&geo=BR"
"carlos alcaraz","20 mil+","4 de septiembre de 2026 a las 15:50:00 UTC-3","4 de septiembre de 2026 a las 19:50:00 UTC-3","carlos alcaraz,alcaraz","./explore?q=carlos%20alcaraz&geo=BR"
"wsl","20 mil+","1 de septiembre de 2026 a las 16:30:00 UTC-3","2 de septiembre de 2026 a las 21:00:00 UTC-3","wsl,gabriel medina,kelly slater","./explore?q=wsl&geo=BR"
"ronaldo caiado","20 mil+","1 de septiembre de 2026 a las 9:10:00 UTC-3","1 de septiembre de 2026 a las 19:10:00 UTC-3","ronaldo caiado","./explore?q=ronaldo%20caiado&geo=BR"
"palmeiras-santos","20 mil+","2 de septiembre de 2026 a las 22:00:00 UTC-3","3 de septiembre de 2026 a las 8:00:00 UTC-3","palmeiras-santos,santos - palmeiras,jogo santos e palmeiras,jogo do santos-palmeiras,quanto ficou o jogo do palmeiras-santos,santos futebol clube x sociedade esportiva palmeiras minuto a minuto,gabriel bontempo,quanto foi o jogo do santos-palmeiras ontem,jogo do santos e palmeiras","./explore?q=palmeiras-santos&geo=BR"
"túlio amâncio","20 mil+","31 de agosto de 2026 a las 17:30:00 UTC-3","1 de septiembre de 2026 a las 19:30:00 UTC-3","túlio amâncio,jornalista tulio amancio,globonews","./explore?q=t%C3%BAlio%20am%C3%A2ncio&geo=BR"
"neide duarte","20 mil+","29 de agosto de 2026 a las 20:00:00 UTC-3","31 de agosto de 2026 a las 14:00:00 UTC-3","neide duarte,natuza nery","./explore?q=neide%20duarte&geo=BR"
"lotofacil 3775","20 mil+","29 de agosto de 2026 a las 21:30:00 UTC-3","1 de septiembre de 2026 a las 13:20:00 UTC-3","lotofacil 3775,lotofacil 3776,lotofácil 3775,resultado da lotofácil concurso 3775,loterias caixa lotofácil,resultado da lotofácil 3775,lotofácil hoje,resultado lotofácil 3775,resultado lotofácil 3776,resultado lotofacil 3775","./explore?q=lotofacil%203775&geo=BR"
"sport club corinthians paulista","20 mil+","2 de septiembre de 2026 a las 20:30:00 UTC-3","3 de septiembre de 2026 a las 7:50:00 UTC-3","sport club corinthians paulista","./explore?q=sport%20club%20corinthians%20paulista&geo=BR"
"lucas & matheus","20 mil+","30 de agosto de 2026 a las 20:50:00 UTC-3","1 de septiembre de 2026 a las 6:10:00 UTC-3","lucas & matheus","./explore?q=lucas%20%26%20matheus&geo=BR"
"ana hickmann","20 mil+","31 de agosto de 2026 a las 17:20:00 UTC-3","1 de septiembre de 2026 a las 19:30:00 UTC-3","ana hickmann","./explore?q=ana%20hickmann&geo=BR"
"rosario x gimnasia","20 mil+","29 de agosto de 2026 a las 16:10:00 UTC-3","30 de agosto de 2026 a las 15:00:00 UTC-3","rosario x gimnasia","./explore?q=rosario%20x%20gimnasia&geo=BR"
"botafogo sp x cuiabá","20 mil+","29 de agosto de 2026 a las 17:40:00 UTC-3","30 de agosto de 2026 a las 15:40:00 UTC-3","botafogo sp x cuiabá,botafogo sp,cuiaba fc,cuiabá esporte clube,sp x","./explore?q=botafogo%20sp%20x%20cuiab%C3%A1&geo=BR"
"ldu quito x mushuc runa","20 mil+","1 de septiembre de 2026 a las 20:30:00 UTC-3","2 de septiembre de 2026 a las 10:00:00 UTC-3","ldu quito x mushuc runa,ldu quito","./explore?q=ldu%20quito%20x%20mushuc%20runa&geo=BR"
"classificações de mirassol futebol clube x sociedade esportiva palmeiras","20 mil+","31 de agosto de 2026 a las 11:10:00 UTC-3","1 de septiembre de 2026 a las 13:00:00 UTC-3","classificações de mirassol futebol clube x sociedade esportiva palmeiras","./explore?q=classifica%C3%A7%C3%B5es%20de%20mirassol%20futebol%20clube%20x%20sociedade%20esportiva%20palmeiras&geo=BR"
"itaú","20 mil+","30 de agosto de 2026 a las 21:40:00 UTC-3","31 de agosto de 2026 a las 21:20:00 UTC-3","itaú","./explore?q=ita%C3%BA&geo=BR"
"muzema","20 mil+","30 de agosto de 2026 a las 15:10:00 UTC-3","1 de septiembre de 2026 a las 7:40:00 UTC-3","muzema,ônibus,tiroteio,zona sudoeste do rio de janeiro","./explore?q=muzema&geo=BR"
"jogo do vitória","20 mil+","2 de septiembre de 2026 a las 22:10:00 UTC-3","3 de septiembre de 2026 a las 7:30:00 UTC-3","jogo do vitória,esporte clube vitória,jogo do vitória hoje,jogo do vasco ontem,vasco ontem,vasco vitoria,jogo do vitoria hoje,vitoria hoje,jogo vitoria hoje,ecvitoria","./explore?q=jogo%20do%20vit%C3%B3ria&geo=BR"
"independiente rivadavia x racing","20 mil+","30 de agosto de 2026 a las 20:50:00 UTC-3","31 de agosto de 2026 a las 14:10:00 UTC-3","independiente rivadavia x racing,independiente rivadavia racing club 30/08/2026,racing club","./explore?q=independiente%20rivadavia%20x%20racing&geo=BR"
"eleição","20 mil+","31 de agosto de 2026 a las 7:20:00 UTC-3","31 de agosto de 2026 a las 20:30:00 UTC-3","eleição","./explore?q=elei%C3%A7%C3%A3o&geo=BR"
"aluna e orientadora morrem","20 mil+","30 de agosto de 2026 a las 18:40:00 UTC-3","31 de agosto de 2026 a las 14:40:00 UTC-3","aluna e orientadora morrem,defesa póstuma unicamp,universidade","./explore?q=aluna%20e%20orientadora%20morrem&geo=BR"
"classificações de aston villa x arsenal","20 mil+","31 de agosto de 2026 a las 18:00:00 UTC-3","1 de septiembre de 2026 a las 7:30:00 UTC-3","classificações de aston villa x arsenal,arsenal,aston villa vs arsenal,arsenal football club,aston villa","./explore?q=classifica%C3%A7%C3%B5es%20de%20aston%20villa%20x%20arsenal&geo=BR"
"avaí x atlético-go","20 mil+","30 de agosto de 2026 a las 15:10:00 UTC-3","31 de agosto de 2026 a las 7:10:00 UTC-3","avaí x atlético-go,classificações de avaí x atlético-go,avai,avai x,atletico go,avai fc,avai hoje","./explore?q=ava%C3%AD%20x%20atl%C3%A9tico-go&geo=BR"
"atropelamento","20 mil+","30 de agosto de 2026 a las 14:40:00 UTC-3","31 de agosto de 2026 a las 8:40:00 UTC-3","atropelamento","./explore?q=atropelamento&geo=BR"
"morfina","20 mil+","31 de agosto de 2026 a las 12:50:00 UTC-3","1 de septiembre de 2026 a las 7:10:00 UTC-3","morfina,endometriose","./explore?q=morfina&geo=BR"
"lecce x roma","20 mil+","31 de agosto de 2026 a las 12:40:00 UTC-3","31 de agosto de 2026 a las 20:40:00 UTC-3","lecce x roma,roma fc,roma x,classificações de lecce x as roma,roma x lecce","./explore?q=lecce%20x%20roma&geo=BR"
"serie a","20 mil+","2 de septiembre de 2026 a las 20:00:00 UTC-3","2 de septiembre de 2026 a las 22:30:00 UTC-3","serie a","./explore?q=serie%20a&geo=BR"
"playstation","20 mil+","30 de agosto de 2026 a las 18:30:00 UTC-3","31 de agosto de 2026 a las 9:00:00 UTC-3","playstation","./explore?q=playstation&geo=BR"
"juventus x parma","20 mil+","29 de agosto de 2026 a las 14:50:00 UTC-3","30 de agosto de 2026 a las 2:50:00 UTC-3","juventus x parma,campeonato italiano,juventus x,jogo da juventus","./explore?q=juventus%20x%20parma&geo=BR"
"abc x uberlândia","20 mil+","30 de agosto de 2026 a las 16:10:00 UTC-3","31 de agosto de 2026 a las 8:00:00 UTC-3","abc x uberlândia,abc,uberlandia fc,abc fc,jogo do abc,abc x,abc x uberlandia,uberlandia,uberlândia esporte clube,campeonato brasileiro série d,uberlandia x abc,uberlandia x","./explore?q=abc%20x%20uberl%C3%A2ndia&geo=BR"
"glover teixeira","20 mil+","29 de agosto de 2026 a las 21:50:00 UTC-3","31 de agosto de 2026 a las 0:30:00 UTC-3","glover teixeira,shogun,spaten fight night 3,lutas spaten fight night,mauricio shogun,shogun x glover,glover x shogun,anderson silva,luta hoje,spaten fight night onde assistir,maurício shogun,rafaela silva,spaten fight,bia souza judo,spaten fight night card,combate,card spaten fight night,meregali x pena,canal combate,spaten fight night ao vivo,meregali,luta glover x shogun,glover","./explore?q=glover%20teixeira&geo=BR"
"nunes marques incêndio","20 mil+","31 de agosto de 2026 a las 4:50:00 UTC-3","31 de agosto de 2026 a las 20:20:00 UTC-3","nunes marques incêndio,nunes marques,incêndio,nunes marques incendio","./explore?q=nunes%20marques%20inc%C3%AAndio&geo=BR"
"tabela do brasileirão","20 mil+","2 de septiembre de 2026 a las 20:30:00 UTC-3","2 de septiembre de 2026 a las 22:30:00 UTC-3","tabela do brasileirão","./explore?q=tabela%20do%20brasileir%C3%A3o&geo=BR"
"jogos de brasileirão série a","20 mil+","2 de septiembre de 2026 a las 20:10:00 UTC-3","2 de septiembre de 2026 a las 22:30:00 UTC-3","jogos de brasileirão série a,tabela do brasileirão série a,brasileirão,tabela brasileirao,tabela da série a,tabela do campeonato brasileiro,curitiba jogo,brasileirao serie a,classificação do brasileirão série a,jogo do coxa","./explore?q=jogos%20de%20brasileir%C3%A3o%20s%C3%A9rie%20a&geo=BR"
"borussia x hamburg","20 mil+","29 de agosto de 2026 a las 12:30:00 UTC-3","30 de agosto de 2026 a las 8:40:00 UTC-3","borussia x hamburg,borussia dortmund","./explore?q=borussia%20x%20hamburg&geo=BR"
"cagliari x inter","20 mil+","30 de agosto de 2026 a las 14:50:00 UTC-3","30 de agosto de 2026 a las 21:40:00 UTC-3","cagliari x inter,inter de milão,inter de milao,classificações de cagliari calcio x inter de milão","./explore?q=cagliari%20x%20inter&geo=BR"
"edital seduc pa 2026","20 mil+","31 de agosto de 2026 a las 8:00:00 UTC-3","31 de agosto de 2026 a las 20:20:00 UTC-3","edital seduc pa 2026,edital seduc pa,seduc pa,concurso seduc pa,seduc,fgv concursos,fgv seduc pa,edital seduc,seduc pa concurso,concurso seduc pa 2026,concurso seduc","./explore?q=edital%20seduc%20pa%202026&geo=BR"
"banfield x river plate","20 mil+","30 de agosto de 2026 a las 14:20:00 UTC-3","30 de agosto de 2026 a las 21:10:00 UTC-3","banfield x river plate,banfield - river plate","./explore?q=banfield%20x%20river%20plate&geo=BR"
"mônaco x olympique","20 mil+","30 de agosto de 2026 a las 15:10:00 UTC-3","30 de agosto de 2026 a las 22:00:00 UTC-3","mônaco x olympique,monaco fc,monaco x,campeonato francês,classificações de as monaco x olympique de marseille","./explore?q=m%C3%B4naco%20x%20olympique&geo=BR"
"o globo","20 mil+","29 de agosto de 2026 a las 13:20:00 UTC-3","30 de agosto de 2026 a las 8:50:00 UTC-3","o globo","./explore?q=o%20globo&geo=BR"
"xbox","20 mil+","30 de agosto de 2026 a las 18:30:00 UTC-3","30 de agosto de 2026 a las 22:20:00 UTC-3","xbox","./explore?q=xbox&geo=BR"
"tottenham","20 mil+","29 de agosto de 2026 a las 12:50:00 UTC-3","29 de agosto de 2026 a las 17:20:00 UTC-3","tottenham,richarlison","./explore?q=tottenham&geo=BR"
"climatempo rj","20 mil+","29 de agosto de 2026 a las 20:30:00 UTC-3","31 de agosto de 2026 a las 7:10:00 UTC-3","climatempo rj,previsão do tempo rio de janeiro,previsão do tempo rj,tempo rj,previsao do tempo rio de janeiro,previsao do tempo rj,clima tempo rio de janeiro,clima em rio de janeiro,tempo hoje,clima rj,tempo rio de janeiro","./explore?q=climatempo%20rj&geo=BR"
"messi","20 mil+","29 de agosto de 2026 a las 22:30:00 UTC-3","30 de agosto de 2026 a las 9:40:00 UTC-3","messi,inter miami,inter miami - montréal,mls,inter miami vs montréal,lionel messi,alexander shaw,inter de miami,inter miami cf","./explore?q=messi&geo=BR"
"globoplay","20 mil+","30 de agosto de 2026 a las 15:50:00 UTC-3","30 de agosto de 2026 a las 17:40:00 UTC-3","globoplay","./explore?q=globoplay&geo=BR"
"newcastle","10 mil+","5 de septiembre de 2026 a las 7:40:00 UTC-3",,"newcastle,bournemouth,new castle,marcus tavernier,newcastle vs bournemouth,newcastle united football club","./explore?q=newcastle&geo=BR"
"chico pinheiro","10 mil+","4 de septiembre de 2026 a las 13:40:00 UTC-3",,"chico pinheiro","./explore?q=chico%20pinheiro&geo=BR"
"entregador","10 mil+","4 de septiembre de 2026 a las 18:30:00 UTC-3",,"entregador","./explore?q=entregador&geo=BR"
"f1 horarios","10 mil+","5 de septiembre de 2026 a las 7:30:00 UTC-3",,"f1 horarios,treino f1,gp monza 2026,formula 1 horarios,f1tv,f1 tv,gabriel bortoleto,horarios f1,corrida de fórmula 1","./explore?q=f1%20horarios&geo=BR"
"empregado","10 mil+","3 de septiembre de 2026 a las 19:00:00 UTC-3",,"empregado","./explore?q=empregado&geo=BR"
"governador","10 mil+","4 de septiembre de 2026 a las 15:00:00 UTC-3",,"governador,pesquisa datafolha ceara","./explore?q=governador&geo=BR"
"bienal do livro sp","10 mil+","4 de septiembre de 2026 a las 7:30:00 UTC-3",,"bienal do livro sp,bienal do livro,bienal do livro sp 2026","./explore?q=bienal%20do%20livro%20sp&geo=BR"
"seleção brasileira de voleibol feminino","10 mil+","5 de septiembre de 2026 a las 6:10:00 UTC-3",,"seleção brasileira de voleibol feminino,vôlei","./explore?q=sele%C3%A7%C3%A3o%20brasileira%20de%20voleibol%20feminino&geo=BR"
"suspeito","10 mil+","3 de septiembre de 2026 a las 21:10:00 UTC-3",,"suspeito","./explore?q=suspeito&geo=BR"
"palmeiras x bahia","10 mil+","4 de septiembre de 2026 a las 23:00:00 UTC-3",,"palmeiras x bahia,palmeiras feminino,brasileirão feminino,palmeiras x bahia feminino,brasileiro feminino,palmeiras feminino hoje,bahia feminino,campeonato brasileiro feminino,campeonato brasileiro feminino a1,palmeiras hj,palmeiras feminino x","./explore?q=palmeiras%20x%20bahia&geo=BR"
"rodovia","10 mil+","4 de septiembre de 2026 a las 15:40:00 UTC-3","5 de septiembre de 2026 a las 8:50:00 UTC-3","rodovia","./explore?q=rodovia&geo=BR"
"al-shabab x al-hilal","10 mil+","4 de septiembre de 2026 a las 14:00:00 UTC-3","4 de septiembre de 2026 a las 23:20:00 UTC-3","al-shabab x al-hilal,classificações de al-shabab x al-hilal","./explore?q=al-shabab%20x%20al-hilal&geo=BR"
"flávia alessandra","10 mil+","3 de septiembre de 2026 a las 15:10:00 UTC-3","4 de septiembre de 2026 a las 15:50:00 UTC-3","flávia alessandra","./explore?q=fl%C3%A1via%20alessandra&geo=BR"
"senador dos estados unidos","10 mil+","4 de septiembre de 2026 a las 12:20:00 UTC-3","4 de septiembre de 2026 a las 23:20:00 UTC-3","senador dos estados unidos","./explore?q=senador%20dos%20estados%20unidos&geo=BR"
"porto x moreirense","10 mil+","4 de septiembre de 2026 a las 15:30:00 UTC-3","4 de septiembre de 2026 a las 21:30:00 UTC-3","porto x moreirense,porto x,jogo do porto,classificações de futebol clube do porto x moreirense","./explore?q=porto%20x%20moreirense&geo=BR"
"zendaya","10 mil+","4 de septiembre de 2026 a las 4:00:00 UTC-3","4 de septiembre de 2026 a las 18:30:00 UTC-3","zendaya","./explore?q=zendaya&geo=BR"
"ita","10 mil+","4 de septiembre de 2026 a las 0:10:00 UTC-3","4 de septiembre de 2026 a las 20:20:00 UTC-3","ita","./explore?q=ita&geo=BR"
"presidente","10 mil+","3 de septiembre de 2026 a las 5:00:00 UTC-3","4 de septiembre de 2026 a las 21:50:00 UTC-3","presidente","./explore?q=presidente&geo=BR"
"prisão perpétua","10 mil+","4 de septiembre de 2026 a las 12:20:00 UTC-3","4 de septiembre de 2026 a las 20:20:00 UTC-3","prisão perpétua","./explore?q=pris%C3%A3o%20perp%C3%A9tua&geo=BR"
"porto","10 mil+","4 de septiembre de 2026 a las 16:30:00 UTC-3","4 de septiembre de 2026 a las 19:20:00 UTC-3","porto,porto fc,fc porto","./explore?q=porto&geo=BR"
"vacina contra o herpes zoster","10 mil+","2 de septiembre de 2026 a las 16:50:00 UTC-3","4 de septiembre de 2026 a las 8:40:00 UTC-3","vacina contra o herpes zoster","./explore?q=vacina%20contra%20o%20herpes%20zoster&geo=BR"
"filip krovinović","10 mil+","3 de septiembre de 2026 a las 20:00:00 UTC-3","4 de septiembre de 2026 a las 8:00:00 UTC-3","filip krovinović,krovinovic,filip krovinovic","./explore?q=filip%20krovinovi%C4%87&geo=BR"
"experimento lz","10 mil+","3 de septiembre de 2026 a las 2:10:00 UTC-3","4 de septiembre de 2026 a las 0:10:00 UTC-3","experimento lz,matéria escura","./explore?q=experimento%20lz&geo=BR"
"alex escobar","10 mil+","2 de septiembre de 2026 a las 21:20:00 UTC-3","3 de septiembre de 2026 a las 18:00:00 UTC-3","alex escobar,miastenia","./explore?q=alex%20escobar&geo=BR"
"vélez sársfield x boca juniors","10 mil+","2 de septiembre de 2026 a las 20:50:00 UTC-3","3 de septiembre de 2026 a las 14:30:00 UTC-3","vélez sársfield x boca juniors","./explore?q=v%C3%A9lez%20s%C3%A1rsfield%20x%20boca%20juniors&geo=BR"
"al hilal","10 mil+","4 de septiembre de 2026 a las 15:10:00 UTC-3","4 de septiembre de 2026 a las 18:10:00 UTC-3","al hilal,al-hilal","./explore?q=al%20hilal&geo=BR"
"calcinha preta","10 mil+","1 de septiembre de 2026 a las 12:00:00 UTC-3","3 de septiembre de 2026 a las 7:10:00 UTC-3","calcinha preta","./explore?q=calcinha%20preta&geo=BR"
"gloria steinem","10 mil+","3 de septiembre de 2026 a las 8:20:00 UTC-3","4 de septiembre de 2026 a las 8:10:00 UTC-3","gloria steinem,gloria","./explore?q=gloria%20steinem&geo=BR"
"la liga","10 mil+","4 de septiembre de 2026 a las 18:00:00 UTC-3","4 de septiembre de 2026 a las 19:30:00 UTC-3","la liga","./explore?q=la%20liga&geo=BR"
"pedro scooby","10 mil+","31 de agosto de 2026 a las 5:50:00 UTC-3","3 de septiembre de 2026 a las 14:00:00 UTC-3","pedro scooby,uai,pedro scooby e cintia dicker","./explore?q=pedro%20scooby&geo=BR"
"liverpool","10 mil+","4 de septiembre de 2026 a las 16:40:00 UTC-3","4 de septiembre de 2026 a las 18:30:00 UTC-3","liverpool","./explore?q=liverpool&geo=BR"
"klb","10 mil+","2 de septiembre de 2026 a las 16:50:00 UTC-3","3 de septiembre de 2026 a las 15:00:00 UTC-3","klb","./explore?q=klb&geo=BR"
"casan","10 mil+","1 de septiembre de 2026 a las 12:00:00 UTC-3","4 de septiembre de 2026 a las 21:50:00 UTC-3","casan","./explore?q=casan&geo=BR"
"toulouse x losc","10 mil+","3 de septiembre de 2026 a las 14:50:00 UTC-3","3 de septiembre de 2026 a las 21:10:00 UTC-3","toulouse x losc,lille,lille x","./explore?q=toulouse%20x%20losc&geo=BR"
"rodinei","10 mil+","30 de agosto de 2026 a las 9:10:00 UTC-3","3 de septiembre de 2026 a las 0:30:00 UTC-3","rodinei,rodinei no santos","./explore?q=rodinei&geo=BR"
"leo dias","10 mil+","1 de septiembre de 2026 a las 14:50:00 UTC-3","2 de septiembre de 2026 a las 20:00:00 UTC-3","leo dias","./explore?q=leo%20dias&geo=BR"
"regis pitbull","10 mil+","2 de septiembre de 2026 a las 11:20:00 UTC-3","3 de septiembre de 2026 a las 13:00:00 UTC-3","regis pitbull,régis pitbull,futebol hoje,jogador de futebol","./explore?q=regis%20pitbull&geo=BR"
"semana do cinema","10 mil+","31 de agosto de 2026 a las 16:40:00 UTC-3","2 de septiembre de 2026 a las 19:50:00 UTC-3","semana do cinema,cinema 10,filmes em cartaz,cinemark","./explore?q=semana%20do%20cinema&geo=BR"
"césar tralli","10 mil+","4 de septiembre de 2026 a las 12:10:00 UTC-3","4 de septiembre de 2026 a las 15:10:00 UTC-3","césar tralli,renata lo prete,globo tv,renata vasconcellos","./explore?q=c%C3%A9sar%20tralli&geo=BR"
"estatina","10 mil+","31 de agosto de 2026 a las 11:10:00 UTC-3","1 de septiembre de 2026 a las 23:00:00 UTC-3","estatina","./explore?q=estatina&geo=BR"
"juliano cazarré","10 mil+","30 de agosto de 2026 a las 21:40:00 UTC-3","1 de septiembre de 2026 a las 8:10:00 UTC-3","juliano cazarré","./explore?q=juliano%20cazarr%C3%A9&geo=BR"
"opção simples nacional","10 mil+","1 de septiembre de 2026 a las 17:20:00 UTC-3","3 de septiembre de 2026 a las 8:10:00 UTC-3","opção simples nacional,simples,2027","./explore?q=op%C3%A7%C3%A3o%20simples%20nacional&geo=BR"
"alexander zverev","10 mil+","3 de septiembre de 2026 a las 23:00:00 UTC-3","4 de septiembre de 2026 a las 8:10:00 UTC-3","alexander zverev,usopen,zverev,quentin halys,tennis scores today,lorenzo sonego","./explore?q=alexander%20zverev&geo=BR"
"lenice neves","10 mil+","31 de agosto de 2026 a las 15:00:00 UTC-3","1 de septiembre de 2026 a las 14:00:00 UTC-3","lenice neves","./explore?q=lenice%20neves&geo=BR"
"dupla sertaneja","10 mil+","30 de agosto de 2026 a las 20:00:00 UTC-3","1 de septiembre de 2026 a las 12:30:00 UTC-3","dupla sertaneja,giovani,morais","./explore?q=dupla%20sertaneja&geo=BR"
"nicole louise","10 mil+","30 de agosto de 2026 a las 7:30:00 UTC-3","1 de septiembre de 2026 a las 2:00:00 UTC-3","nicole louise","./explore?q=nicole%20louise&geo=BR"
"calendário setembro 2026","10 mil+","31 de agosto de 2026 a las 7:30:00 UTC-3","1 de septiembre de 2026 a las 13:40:00 UTC-3","calendário setembro 2026","./explore?q=calend%C3%A1rio%20setembro%202026&geo=BR"
"réu","10 mil+","31 de agosto de 2026 a las 16:10:00 UTC-3","1 de septiembre de 2026 a las 15:50:00 UTC-3","réu","./explore?q=r%C3%A9u&geo=BR"
"montanha russa","10 mil+","1 de septiembre de 2026 a las 12:00:00 UTC-3","2 de septiembre de 2026 a las 8:30:00 UTC-3","montanha russa,montanha-russa","./explore?q=montanha%20russa&geo=BR"
"grenal onde assistir","10 mil+","3 de septiembre de 2026 a las 18:40:00 UTC-3","3 de septiembre de 2026 a las 22:20:00 UTC-3","grenal onde assistir,onde assistir o grenal,horario grenal,onde assistir o grenal hoje,onde assistir grenal,grenal hoje onde assistir,horário do grenal,horário do grenal hoje,grenal hoje ao vivo","./explore?q=grenal%20onde%20assistir&geo=BR"
"jodar","10 mil+","2 de septiembre de 2026 a las 16:30:00 UTC-3","3 de septiembre de 2026 a las 14:50:00 UTC-3","jodar,rafael jodar","./explore?q=jodar&geo=BR"
"ministério do desenvolvimento, indústria, comércio e serviços","10 mil+","30 de agosto de 2026 a las 8:50:00 UTC-3","31 de agosto de 2026 a las 14:20:00 UTC-3","ministério do desenvolvimento, indústria, comércio e serviços","./explore?q=minist%C3%A9rio%20do%20desenvolvimento%2C%20ind%C3%BAstria%2C%20com%C3%A9rcio%20e%20servi%C3%A7os&geo=BR"
"meutudo","10 mil+","1 de septiembre de 2026 a las 5:00:00 UTC-3","1 de septiembre de 2026 a las 21:10:00 UTC-3","meutudo","./explore?q=meutudo&geo=BR"
"festa","10 mil+","31 de agosto de 2026 a las 23:00:00 UTC-3","2 de septiembre de 2026 a las 12:40:00 UTC-3","festa","./explore?q=festa&geo=BR"
"greve entregadores ifood","10 mil+","1 de septiembre de 2026 a las 22:20:00 UTC-3","2 de septiembre de 2026 a las 21:00:00 UTC-3","greve entregadores ifood,greve motoboy,greve entregadores,sedes,keeta","./explore?q=greve%20entregadores%20ifood&geo=BR"
"ticiane pinheiro","10 mil+","2 de septiembre de 2026 a las 16:40:00 UTC-3","2 de septiembre de 2026 a las 22:30:00 UTC-3","ticiane pinheiro","./explore?q=ticiane%20pinheiro&geo=BR"
"claude troisgros","10 mil+","1 de septiembre de 2026 a las 4:30:00 UTC-3","1 de septiembre de 2026 a las 21:10:00 UTC-3","claude troisgros","./explore?q=claude%20troisgros&geo=BR"
"djokovic","10 mil+","30 de agosto de 2026 a las 19:30:00 UTC-3","31 de agosto de 2026 a las 23:00:00 UTC-3","djokovic,us open de ténis,us open 2026,djokovic us open","./explore?q=djokovic&geo=BR"
"sidney sampaio","10 mil+","31 de agosto de 2026 a las 17:20:00 UTC-3","1 de septiembre de 2026 a las 21:30:00 UTC-3","sidney sampaio","./explore?q=sidney%20sampaio&geo=BR"
"última pesquisa presidente 2026","10 mil+","31 de agosto de 2026 a las 16:20:00 UTC-3","1 de septiembre de 2026 a las 18:00:00 UTC-3","última pesquisa presidente 2026","./explore?q=%C3%BAltima%20pesquisa%20presidente%202026&geo=BR"
"sandra annenberg","10 mil+","29 de agosto de 2026 a las 22:10:00 UTC-3","31 de agosto de 2026 a las 10:00:00 UTC-3","sandra annenberg","./explore?q=sandra%20annenberg&geo=BR"
"promotor bevilacqua limeira","10 mil+","31 de agosto de 2026 a las 17:00:00 UTC-3","1 de septiembre de 2026 a las 15:50:00 UTC-3","promotor bevilacqua limeira,bevilacqua limeira","./explore?q=promotor%20bevilacqua%20limeira&geo=BR"
"copa do brasil 2026","10 mil+","2 de septiembre de 2026 a las 23:20:00 UTC-3","3 de septiembre de 2026 a las 7:30:00 UTC-3","copa do brasil 2026,próximo jogo do palmeiras,resultado da copa do brasil,tabela copa do brasil 2026,resultado copa do brasil","./explore?q=copa%20do%20brasil%202026&geo=BR"
"nota fiscal mei","10 mil+","1 de septiembre de 2026 a las 8:00:00 UTC-3","2 de septiembre de 2026 a las 18:10:00 UTC-3","nota fiscal mei","./explore?q=nota%20fiscal%20mei&geo=BR"
"cintia dicker","10 mil+","31 de agosto de 2026 a las 23:10:00 UTC-3","1 de septiembre de 2026 a las 19:00:00 UTC-3","cintia dicker,casamento,boca rosa,cíntia dicker","./explore?q=cintia%20dicker&geo=BR"
"enzo fernandez","10 mil+","1 de septiembre de 2026 a las 13:00:00 UTC-3","2 de septiembre de 2026 a las 17:00:00 UTC-3","enzo fernandez,enzo fernández","./explore?q=enzo%20fernandez&geo=BR"
"quina 7105","10 mil+","29 de agosto de 2026 a las 22:00:00 UTC-3","31 de agosto de 2026 a las 14:30:00 UTC-3","quina 7105,quina 7106,resultado da quina concurso 7105,resultado da quina 7105,resultado da quina 7106,resultado da quina concurso 7106","./explore?q=quina%207105&geo=BR"
"novak djokovic","10 mil+","30 de agosto de 2026 a las 20:10:00 UTC-3","31 de agosto de 2026 a las 12:10:00 UTC-3","novak djokovic,navone","./explore?q=novak%20djokovic&geo=BR"
"br-376","10 mil+","29 de agosto de 2026 a las 13:30:00 UTC-3","30 de agosto de 2026 a las 17:30:00 UTC-3","br-376,acidente nova esperança","./explore?q=br-376&geo=BR"
"cachorro","10 mil+","1 de septiembre de 2026 a las 17:20:00 UTC-3","1 de septiembre de 2026 a las 22:50:00 UTC-3","cachorro","./explore?q=cachorro&geo=BR"
"bbas3","10 mil+","2 de septiembre de 2026 a las 12:10:00 UTC-3","2 de septiembre de 2026 a las 21:00:00 UTC-3","bbas3","./explore?q=bbas3&geo=BR"
"benfica x estoril","10 mil+","31 de agosto de 2026 a las 15:30:00 UTC-3","1 de septiembre de 2026 a las 6:40:00 UTC-3","benfica x estoril","./explore?q=benfica%20x%20estoril&geo=BR"
"falência","10 mil+","31 de agosto de 2026 a las 22:30:00 UTC-3","1 de septiembre de 2026 a las 13:50:00 UTC-3","falência,refit","./explore?q=fal%C3%AAncia&geo=BR"
"us open 2026","10 mil+","30 de agosto de 2026 a las 15:50:00 UTC-3","1 de septiembre de 2026 a las 7:40:00 UTC-3","us open 2026","./explore?q=us%20open%202026&geo=BR"
"perna","10 mil+","29 de agosto de 2026 a las 16:40:00 UTC-3","30 de agosto de 2026 a las 10:20:00 UTC-3","perna","./explore?q=perna&geo=BR"
"nicolás maduro","10 mil+","30 de agosto de 2026 a las 12:20:00 UTC-3","31 de agosto de 2026 a las 8:00:00 UTC-3","nicolás maduro,prisão,presidente da venezuela","./explore?q=nicol%C3%A1s%20maduro&geo=BR"
"parque de exposições assis brasil","10 mil+","31 de agosto de 2026 a las 20:20:00 UTC-3","1 de septiembre de 2026 a las 15:00:00 UTC-3","parque de exposições assis brasil,expointer 2026,sicoob,expointer","./explore?q=parque%20de%20exposi%C3%A7%C3%B5es%20assis%20brasil&geo=BR"
"napoli x como","10 mil+","30 de agosto de 2026 a las 12:30:00 UTC-3","30 de agosto de 2026 a las 19:30:00 UTC-3","napoli x como,campeonato italiano","./explore?q=napoli%20x%20como&geo=BR"
"cobasi","10 mil+","30 de agosto de 2026 a las 0:20:00 UTC-3","30 de agosto de 2026 a las 16:40:00 UTC-3","cobasi","./explore?q=cobasi&geo=BR"
"downdetector","10 mil+","3 de septiembre de 2026 a las 11:40:00 UTC-3","3 de septiembre de 2026 a las 13:30:00 UTC-3","downdetector,chatgpt caiu,instabilidade chatgpt,chatgpt caiu?,chat gpt fora do ar hoje,apagão,chatgpt fora do ar hoje,claude fora do ar,gpt caiu","./explore?q=downdetector&geo=BR"
"carlos de almeida baptista júnior","10 mil+","30 de agosto de 2026 a las 5:10:00 UTC-3","30 de agosto de 2026 a las 17:40:00 UTC-3","carlos de almeida baptista júnior","./explore?q=carlos%20de%20almeida%20baptista%20j%C3%BAnior&geo=BR"
"light","10 mil+","1 de septiembre de 2026 a las 9:30:00 UTC-3","2 de septiembre de 2026 a las 19:00:00 UTC-3","light","./explore?q=light&geo=BR"
"ibovespa","10 mil+","2 de septiembre de 2026 a las 11:30:00 UTC-3","2 de septiembre de 2026 a las 19:20:00 UTC-3","ibovespa,ibov,ibovespa hoje,dolar hoje,dolar","./explore?q=ibovespa&geo=BR"
"gama x asa","10 mil+","30 de agosto de 2026 a las 15:40:00 UTC-3","31 de agosto de 2026 a las 6:30:00 UTC-3","gama x asa,final série d,brasileirão série d,gama asa 30/08/2026,jogo do gama,final serie d,gama e asa","./explore?q=gama%20x%20asa&geo=BR"
"benfica","10 mil+","31 de agosto de 2026 a las 15:50:00 UTC-3","31 de agosto de 2026 a las 20:10:00 UTC-3","benfica,richard ríos","./explore?q=benfica&geo=BR"
"al hilal","10 mil+","1 de septiembre de 2026 a las 14:50:00 UTC-3","1 de septiembre de 2026 a las 18:40:00 UTC-3","al hilal,al-hilal,ollie watkins","./explore?q=al%20hilal&geo=BR"
"barcelona - rayo vallecano","10 mil+","31 de agosto de 2026 a las 15:40:00 UTC-3","31 de agosto de 2026 a las 21:00:00 UTC-3","barcelona - rayo vallecano,barcelona vs rayo vallecano,barcelona fc,posiciones de fc barcelona contra rayo vallecano,barcelona vs,fc barcelona,futbol club barcelona","./explore?q=barcelona%20-%20rayo%20vallecano&geo=BR"
"atalanta x bologna","10 mil+","31 de agosto de 2026 a las 14:50:00 UTC-3","31 de agosto de 2026 a las 20:30:00 UTC-3","atalanta x bologna,atalanta x","./explore?q=atalanta%20x%20bologna&geo=BR"
"leeds x brentford","10 mil+","30 de agosto de 2026 a las 9:10:00 UTC-3","30 de agosto de 2026 a las 16:10:00 UTC-3","leeds x brentford","./explore?q=leeds%20x%20brentford&geo=BR"
"braga fc","10 mil+","31 de agosto de 2026 a las 12:50:00 UTC-3","31 de agosto de 2026 a las 20:30:00 UTC-3","braga fc,braga","./explore?q=braga%20fc&geo=BR"
"atalanta","10 mil+","31 de agosto de 2026 a las 15:30:00 UTC-3","31 de agosto de 2026 a las 19:40:00 UTC-3","atalanta,atalanta fc","./explore?q=atalanta&geo=BR"
"sunderland x fulham","10 mil+","30 de agosto de 2026 a las 9:10:00 UTC-3","30 de agosto de 2026 a las 15:50:00 UTC-3","sunderland x fulham,classificações de sunderland x fulham","./explore?q=sunderland%20x%20fulham&geo=BR"
"meu imposto de renda","10 mil+","31 de agosto de 2026 a las 8:10:00 UTC-3","1 de septiembre de 2026 a las 13:00:00 UTC-3","meu imposto de renda,imposto de renda 2026,restituição do imposto de renda,lote,imposto de renda,restituição imposto de renda 2026,renda,restituição ir 2026,restituição imposto de renda","./explore?q=meu%20imposto%20de%20renda&geo=BR"
"juventus","10 mil+","29 de agosto de 2026 a las 15:10:00 UTC-3","29 de agosto de 2026 a las 19:30:00 UTC-3","juventus,serie a tim,juventus fc,juventus football club","./explore?q=juventus&geo=BR"
"xuxa","10 mil+","29 de agosto de 2026 a las 18:10:00 UTC-3","29 de agosto de 2026 a las 22:20:00 UTC-3","xuxa","./explore?q=xuxa&geo=BR"
"guayaquil city x ldu quito","10 mil+","29 de agosto de 2026 a las 17:00:00 UTC-3","29 de agosto de 2026 a las 22:00:00 UTC-3","guayaquil city x ldu quito","./explore?q=guayaquil%20city%20x%20ldu%20quito&geo=BR"
"napoli","10 mil+","30 de agosto de 2026 a las 13:00:00 UTC-3","30 de agosto de 2026 a las 17:20:00 UTC-3","napoli","./explore?q=napoli&geo=BR"
"borussia","10 mil+","29 de agosto de 2026 a las 12:20:00 UTC-3","29 de agosto de 2026 a las 17:40:00 UTC-3","borussia,borussia dortmund,dortmund,giannis konstantelias,bvb","./explore?q=borussia&geo=BR"
"deportivo recoleta x olimpia","10 mil+","29 de agosto de 2026 a las 17:50:00 UTC-3","29 de agosto de 2026 a las 22:30:00 UTC-3","deportivo recoleta x olimpia","./explore?q=deportivo%20recoleta%20x%20olimpia&geo=BR"
"entrevista augusto cury globo","10 mil+","29 de agosto de 2026 a las 19:50:00 UTC-3","30 de agosto de 2026 a las 13:50:00 UTC-3","entrevista augusto cury globo,sabatina augusto cury,augusto cury na globo,candidato augusto cury avante,augusto cury embaixador,augusto cury globo,globo ao vivo,augusto cury entrevista globo,entrevista augusto cury,cury candidato,augusto cury telemedicina,avante,cury na globo","./explore?q=entrevista%20augusto%20cury%20globo&geo=BR"
"flamengo feminino","10 mil+","29 de agosto de 2026 a las 15:50:00 UTC-3","29 de agosto de 2026 a las 22:40:00 UTC-3","flamengo feminino,futebol feminino,flamengo x ferroviária,brasileirão feminino,brasileirao feminino,ferroviaria,campeonato brasileiro feminino,campeonato brasileiro de futebol feminino,grêmio x são paulo,brasileiro feminino,gremio feminino,campeonato brasileiro feminino a1,tabela brasileiro,sao paulo feminino,ferroviária","./explore?q=flamengo%20feminino&geo=BR"
"gabriel mec","10 mil+","30 de agosto de 2026 a las 12:10:00 UTC-3","30 de agosto de 2026 a las 20:20:00 UTC-3","gabriel mec,grêmio foot-ball porto alegrense,gremio fc,alysson","./explore?q=gabriel%20mec&geo=BR"
"guarani x brusque","10 mil+","29 de agosto de 2026 a las 16:20:00 UTC-3","29 de agosto de 2026 a las 21:20:00 UTC-3","guarani x brusque,brusque fc,guarani x,guarani e brusque","./explore?q=guarani%20x%20brusque&geo=BR"
"fgv","10 mil+","31 de agosto de 2026 a las 8:30:00 UTC-3","31 de agosto de 2026 a las 12:30:00 UTC-3","fgv","./explore?q=fgv&geo=BR"
"amazonas fc x ypiranga","10 mil+","29 de agosto de 2026 a las 16:40:00 UTC-3","29 de agosto de 2026 a las 21:10:00 UTC-3","amazonas fc x ypiranga,classificações de amazonas fc x ypiranga futebol clube,ypiranga,ypiranga futebol clube","./explore?q=amazonas%20fc%20x%20ypiranga&geo=BR"
"jogo do vasco","10 mil+","2 de septiembre de 2026 a las 23:20:00 UTC-3","3 de septiembre de 2026 a las 0:10:00 UTC-3","jogo do vasco,club de regatas vasco da gama,santiago sosa","./explore?q=jogo%20do%20vasco&geo=BR"
"club de regatas vasco da gama","10 mil+","2 de septiembre de 2026 a las 23:10:00 UTC-3","3 de septiembre de 2026 a las 0:30:00 UTC-3","club de regatas vasco da gama,jogo do vasco hoje,vasco fc,vasco da gama classificação,jogo do vasco ontem","./explore?q=club%20de%20regatas%20vasco%20da%20gama&geo=BR"
"previsão do tempo para amanhã","10 mil+","30 de agosto de 2026 a las 19:30:00 UTC-3","31 de agosto de 2026 a las 6:00:00 UTC-3","previsão do tempo para amanhã,tempo sp,previsao do tempo são paulo,clima tempo,previsão do tempo para hoje,previsao do tempo sp,climatempo sp,tempo hoje,previsao do tempo sao paulo,previsão tempo,previsão do tempo em são paulo,previsão do tempo de hoje","./explore?q=previs%C3%A3o%20do%20tempo%20para%20amanh%C3%A3&geo=BR"
"lyon","10 mil+","29 de agosto de 2026 a las 15:50:00 UTC-3","29 de agosto de 2026 a las 19:00:00 UTC-3","lyon,lyon fc,olympique lyonnais","./explore?q=lyon&geo=BR"
"serie a","10 mil+","31 de agosto de 2026 a las 21:50:00 UTC-3","1 de septiembre de 2026 a las 6:20:00 UTC-3","serie a","./explore?q=serie%20a&geo=BR"
"globo ao vivo","10 mil+","30 de agosto de 2026 a las 15:50:00 UTC-3","30 de agosto de 2026 a las 18:00:00 UTC-3","globo ao vivo,tv globo,tv globo ao vivo,o que estava escrito na mao do flavio bolsonaro,assistir globo ao vivo,paulo vieira","./explore?q=globo%20ao%20vivo&geo=BR"
"classificações de manchester united x ipswich town","10 mil+","30 de agosto de 2026 a las 14:30:00 UTC-3","30 de agosto de 2026 a las 16:40:00 UTC-3","classificações de manchester united x ipswich town,bruno fernandes,united x,manchester united x,jogo do manchester united,onde assistir manchester united,manchester,ipswich","./explore?q=classifica%C3%A7%C3%B5es%20de%20manchester%20united%20x%20ipswich%20town&geo=BR"
"alerta laranja: tempestade","10 mil+","31 de agosto de 2026 a las 4:40:00 UTC-3","31 de agosto de 2026 a las 14:40:00 UTC-3","alerta laranja: tempestade,tempo para amanhã,clima tempo rio de janeiro,clima para hoje,clima tempo rj,temperatura agora,alerta vermelho tempestade,clima rio de janeiro","./explore?q=alerta%20laranja%3A%20tempestade&geo=BR"
"la liga","10 mil+","31 de agosto de 2026 a las 18:20:00 UTC-3","31 de agosto de 2026 a las 19:30:00 UTC-3","la liga","./explore?q=la%20liga&geo=BR"
"jogo do flamengo hoje","10 mil+","30 de agosto de 2026 a las 16:40:00 UTC-3","30 de agosto de 2026 a las 18:40:00 UTC-3","jogo do flamengo hoje,jogo flamengo hoje,brasileirão série a 2026","./explore?q=jogo%20do%20flamengo%20hoje&geo=BR"
"globo","10 mil+","30 de agosto de 2026 a las 16:20:00 UTC-3","30 de agosto de 2026 a las 17:00:00 UTC-3","globo","./explore?q=globo&geo=BR"
"ath. bilbao x atlético madrid","5 mil+","5 de septiembre de 2026 a las 10:20:00 UTC-3",,"ath. bilbao x atlético madrid,athletic - atlético madrid","./explore?q=ath.%20bilbao%20x%20atl%C3%A9tico%20madrid&geo=BR"
"nottingham forest x spurs","5 mil+","5 de septiembre de 2026 a las 10:00:00 UTC-3",,"nottingham forest x spurs","./explore?q=nottingham%20forest%20x%20spurs&geo=BR"
"hoffenheim x borussia","5 mil+","5 de septiembre de 2026 a las 9:30:00 UTC-3",,"hoffenheim x borussia,campeonato alemão","./explore?q=hoffenheim%20x%20borussia&geo=BR"
"spider-noir","5 mil+","4 de septiembre de 2026 a las 19:00:00 UTC-3",,"spider-noir","./explore?q=spider-noir&geo=BR"
"cavalo","5 mil+","4 de septiembre de 2026 a las 19:50:00 UTC-3",,"cavalo","./explore?q=cavalo&geo=BR"
"lotofacil independencia","5 mil+","4 de septiembre de 2026 a las 8:50:00 UTC-3",,"lotofacil independencia,lotofacil 3780,lotofácil independência","./explore?q=lotofacil%20independencia&geo=BR"
"atlasintel","5 mil+","5 de septiembre de 2026 a las 6:00:00 UTC-3","5 de septiembre de 2026 a las 9:20:00 UTC-3","atlasintel","./explore?q=atlasintel&geo=BR"
"secretário de estado dos estados unidos","5 mil+","4 de septiembre de 2026 a las 14:40:00 UTC-3","5 de septiembre de 2026 a las 8:50:00 UTC-3","secretário de estado dos estados unidos","./explore?q=secret%C3%A1rio%20de%20estado%20dos%20estados%20unidos&geo=BR"
"lindsay clancy","5 mil+","4 de septiembre de 2026 a las 13:10:00 UTC-3","5 de septiembre de 2026 a las 10:20:00 UTC-3","lindsay clancy,mistrial","./explore?q=lindsay%20clancy&geo=BR"
"spider noir","5 mil+","4 de septiembre de 2026 a las 18:50:00 UTC-3","5 de septiembre de 2026 a las 10:00:00 UTC-3","spider noir,aranha noir","./explore?q=spider%20noir&geo=BR"
"fluminense x vasco","5 mil+","5 de septiembre de 2026 a las 10:40:00 UTC-3",,"fluminense x vasco,brasileirao 2026,brasileirão 2026","./explore?q=fluminense%20x%20vasco&geo=BR"
"rise against","5 mil+","4 de septiembre de 2026 a las 8:00:00 UTC-3","5 de septiembre de 2026 a las 8:50:00 UTC-3","rise against","./explore?q=rise%20against&geo=BR"
"comercial globo ia","5 mil+","4 de septiembre de 2026 a las 14:30:00 UTC-3","5 de septiembre de 2026 a las 11:00:00 UTC-3","comercial globo ia,globo filmes,globo ia","./explore?q=comercial%20globo%20ia&geo=BR"
"genoa x como","5 mil+","4 de septiembre de 2026 a las 15:10:00 UTC-3","4 de septiembre de 2026 a las 21:30:00 UTC-3","genoa x como,como 1907","./explore?q=genoa%20x%20como&geo=BR"
"dinho ouro preto","5 mil+","4 de septiembre de 2026 a las 22:40:00 UTC-3","5 de septiembre de 2026 a las 2:50:00 UTC-3","dinho ouro preto,dinho ouro preto idade","./explore?q=dinho%20ouro%20preto&geo=BR"
"série de televisão","5 mil+","4 de septiembre de 2026 a las 11:00:00 UTC-3","4 de septiembre de 2026 a las 20:50:00 UTC-3","série de televisão","./explore?q=s%C3%A9rie%20de%20televis%C3%A3o&geo=BR"
"multa","5 mil+","4 de septiembre de 2026 a las 9:00:00 UTC-3","4 de septiembre de 2026 a las 16:20:00 UTC-3","multa","./explore?q=multa&geo=BR"
"br-282","5 mil+","4 de septiembre de 2026 a las 12:30:00 UTC-3","4 de septiembre de 2026 a las 22:20:00 UTC-3","br-282","./explore?q=br-282&geo=BR"
"silo 4 temporada","5 mil+","4 de septiembre de 2026 a las 19:20:00 UTC-3","5 de septiembre de 2026 a las 0:50:00 UTC-3","silo 4 temporada,silo,silo s3e10","./explore?q=silo%204%20temporada&geo=BR"
"zezé di camargo","5 mil+","4 de septiembre de 2026 a las 11:30:00 UTC-3","4 de septiembre de 2026 a las 20:00:00 UTC-3","zezé di camargo","./explore?q=zez%C3%A9%20di%20camargo&geo=BR"
"espancamento","5 mil+","4 de septiembre de 2026 a las 17:10:00 UTC-3","4 de septiembre de 2026 a las 22:20:00 UTC-3","espancamento","./explore?q=espancamento&geo=BR"
"one piece 1192","5 mil+","3 de septiembre de 2026 a las 12:50:00 UTC-3","5 de septiembre de 2026 a las 0:40:00 UTC-3","one piece 1192","./explore?q=one%20piece%201192&geo=BR"
"rafaella justus","5 mil+","4 de septiembre de 2026 a las 16:30:00 UTC-3","4 de septiembre de 2026 a las 22:00:00 UTC-3","rafaella justus","./explore?q=rafaella%20justus&geo=BR"
"toyota yaris cross","5 mil+","3 de septiembre de 2026 a las 17:10:00 UTC-3","5 de septiembre de 2026 a las 10:10:00 UTC-3","toyota yaris cross","./explore?q=toyota%20yaris%20cross&geo=BR"
"al-ahli saudi x al-riyadh","5 mil+","4 de septiembre de 2026 a las 14:10:00 UTC-3","4 de septiembre de 2026 a las 21:40:00 UTC-3","al-ahli saudi x al-riyadh,classificações de al-ahli x al-riyadh","./explore?q=al-ahli%20saudi%20x%20al-riyadh&geo=BR"
"stuttgart fc","5 mil+","4 de septiembre de 2026 a las 12:30:00 UTC-3","4 de septiembre de 2026 a las 19:10:00 UTC-3","stuttgart fc","./explore?q=stuttgart%20fc&geo=BR"
"luiz fernando moraes dos santos","5 mil+","3 de septiembre de 2026 a las 16:30:00 UTC-3","4 de septiembre de 2026 a las 10:00:00 UTC-3","luiz fernando moraes dos santos,diario do nordeste","./explore?q=luiz%20fernando%20moraes%20dos%20santos&geo=BR"
"elliot page","5 mil+","3 de septiembre de 2026 a las 6:40:00 UTC-3","4 de septiembre de 2026 a las 9:50:00 UTC-3","elliot page","./explore?q=elliot%20page&geo=BR"
"delação premiada","5 mil+","4 de septiembre de 2026 a las 12:50:00 UTC-3","4 de septiembre de 2026 a las 18:10:00 UTC-3","delação premiada,kassab,gilberto kassab","./explore?q=dela%C3%A7%C3%A3o%20premiada&geo=BR"
"texas","5 mil+","1 de septiembre de 2026 a las 14:50:00 UTC-3","3 de septiembre de 2026 a las 17:40:00 UTC-3","texas","./explore?q=texas&geo=BR"
"stellantis","5 mil+","3 de septiembre de 2026 a las 14:00:00 UTC-3","4 de septiembre de 2026 a las 7:30:00 UTC-3","stellantis,recall jeep","./explore?q=stellantis&geo=BR"
"flor do diabo planta","5 mil+","2 de septiembre de 2026 a las 20:30:00 UTC-3","3 de septiembre de 2026 a las 19:20:00 UTC-3","flor do diabo planta","./explore?q=flor%20do%20diabo%20planta&geo=BR"
"lyon","5 mil+","4 de septiembre de 2026 a las 14:20:00 UTC-3","4 de septiembre de 2026 a las 15:50:00 UTC-3","lyon","./explore?q=lyon&geo=BR"
"alemanha","5 mil+","1 de septiembre de 2026 a las 23:00:00 UTC-3","4 de septiembre de 2026 a las 18:20:00 UTC-3","alemanha","./explore?q=alemanha&geo=BR"
"coral","5 mil+","2 de septiembre de 2026 a las 11:40:00 UTC-3","3 de septiembre de 2026 a las 7:50:00 UTC-3","coral","./explore?q=coral&geo=BR"
"câmera","5 mil+","1 de septiembre de 2026 a las 22:00:00 UTC-3","2 de septiembre de 2026 a las 13:30:00 UTC-3","câmera","./explore?q=c%C3%A2mera&geo=BR"
"cerveja","5 mil+","3 de septiembre de 2026 a las 4:20:00 UTC-3","3 de septiembre de 2026 a las 14:20:00 UTC-3","cerveja","./explore?q=cerveja&geo=BR"
"state of play","5 mil+","3 de septiembre de 2026 a las 8:50:00 UTC-3","3 de septiembre de 2026 a las 17:20:00 UTC-3","state of play,sony state of play","./explore?q=state%20of%20play&geo=BR"
"sean lennon","5 mil+","2 de septiembre de 2026 a las 13:40:00 UTC-3","2 de septiembre de 2026 a las 23:30:00 UTC-3","sean lennon","./explore?q=sean%20lennon&geo=BR"
"davi alcolumbre","5 mil+","2 de septiembre de 2026 a las 0:10:00 UTC-3","3 de septiembre de 2026 a las 9:20:00 UTC-3","davi alcolumbre,impeachment","./explore?q=davi%20alcolumbre&geo=BR"
"jogo santos","5 mil+","2 de septiembre de 2026 a las 21:30:00 UTC-3","3 de septiembre de 2026 a las 8:10:00 UTC-3","jogo santos","./explore?q=jogo%20santos&geo=BR"
"pamela cisneros","5 mil+","1 de septiembre de 2026 a las 16:20:00 UTC-3","2 de septiembre de 2026 a las 20:00:00 UTC-3","pamela cisneros,bank of america","./explore?q=pamela%20cisneros&geo=BR"
"gpt 6 astra","5 mil+","3 de septiembre de 2026 a las 17:20:00 UTC-3","4 de septiembre de 2026 a las 0:20:00 UTC-3","gpt 6 astra,gpt astra,gpt 6,inteligência artificial","./explore?q=gpt%206%20astra&geo=BR"
"cbf","5 mil+","3 de septiembre de 2026 a las 8:50:00 UTC-3","3 de septiembre de 2026 a las 17:30:00 UTC-3","cbf","./explore?q=cbf&geo=BR"
"galatasaray","5 mil+","4 de septiembre de 2026 a las 15:30:00 UTC-3","4 de septiembre de 2026 a las 16:50:00 UTC-3","galatasaray","./explore?q=galatasaray&geo=BR"
"carla madeira","5 mil+","31 de agosto de 2026 a las 17:10:00 UTC-3","1 de septiembre de 2026 a las 14:50:00 UTC-3","carla madeira","./explore?q=carla%20madeira&geo=BR"
"alerta amarelo: chuva intensa","5 mil+","3 de septiembre de 2026 a las 6:10:00 UTC-3","3 de septiembre de 2026 a las 22:30:00 UTC-3","alerta amarelo: chuva intensa,previsão do tempo salvador,vai chover","./explore?q=alerta%20amarelo%3A%20chuva%20intensa&geo=BR"
"gilmar mendes","5 mil+","3 de septiembre de 2026 a las 16:50:00 UTC-3","3 de septiembre de 2026 a las 20:00:00 UTC-3","gilmar mendes","./explore?q=gilmar%20mendes&geo=BR"
"sucuri","5 mil+","3 de septiembre de 2026 a las 5:00:00 UTC-3","3 de septiembre de 2026 a las 14:00:00 UTC-3","sucuri","./explore?q=sucuri&geo=BR"
"jovem pan","5 mil+","1 de septiembre de 2026 a las 14:50:00 UTC-3","3 de septiembre de 2026 a las 7:30:00 UTC-3","jovem pan","./explore?q=jovem%20pan&geo=BR"
"macallan","5 mil+","1 de septiembre de 2026 a las 16:40:00 UTC-3","3 de septiembre de 2026 a las 8:10:00 UTC-3","macallan","./explore?q=macallan&geo=BR"
"al hilal x","5 mil+","4 de septiembre de 2026 a las 15:20:00 UTC-3","4 de septiembre de 2026 a las 18:00:00 UTC-3","al hilal x,martinelli,gabriel martinelli,alhilal,jogo do arsenal","./explore?q=al%20hilal%20x&geo=BR"
"aniversário do corinthians","5 mil+","31 de agosto de 2026 a las 23:20:00 UTC-3","1 de septiembre de 2026 a las 21:50:00 UTC-3","aniversário do corinthians,aniversario do corinthians","./explore?q=anivers%C3%A1rio%20do%20corinthians&geo=BR"
"ibope","5 mil+","31 de agosto de 2026 a las 18:10:00 UTC-3","1 de septiembre de 2026 a las 15:30:00 UTC-3","ibope","./explore?q=ibope&geo=BR"
"al ahly","5 mil+","3 de septiembre de 2026 a las 13:50:00 UTC-3","3 de septiembre de 2026 a las 18:00:00 UTC-3","al ahly,al ahly x smouha","./explore?q=al%20ahly&geo=BR"
"torino","5 mil+","1 de septiembre de 2026 a las 0:10:00 UTC-3","1 de septiembre de 2026 a las 20:40:00 UTC-3","torino","./explore?q=torino&geo=BR"
"br-070","5 mil+","30 de agosto de 2026 a las 21:10:00 UTC-3","31 de agosto de 2026 a las 20:40:00 UTC-3","br-070","./explore?q=br-070&geo=BR"
"áfrica","5 mil+","30 de agosto de 2026 a las 14:00:00 UTC-3","31 de agosto de 2026 a las 14:40:00 UTC-3","áfrica","./explore?q=%C3%A1frica&geo=BR"
"frio","5 mil+","3 de septiembre de 2026 a las 15:50:00 UTC-3","3 de septiembre de 2026 a las 19:30:00 UTC-3","frio,tempo sp,clima tempo são paulo","./explore?q=frio&geo=BR"
"erin piacenti","5 mil+","1 de septiembre de 2026 a las 13:40:00 UTC-3","2 de septiembre de 2026 a las 13:30:00 UTC-3","erin piacenti,times square","./explore?q=erin%20piacenti&geo=BR"
"latest iphone rumors","5 mil+","5 de septiembre de 2026 a las 4:10:00 UTC-3","5 de septiembre de 2026 a las 5:40:00 UTC-3","latest iphone rumors,apple iphone 18 pro,iphone 17 pro","./explore?q=latest%20iphone%20rumors&geo=BR"
"barcelona sc x independiente del valle","5 mil+","2 de septiembre de 2026 a las 20:10:00 UTC-3","3 de septiembre de 2026 a las 0:30:00 UTC-3","barcelona sc x independiente del valle","./explore?q=barcelona%20sc%20x%20independiente%20del%20valle&geo=BR"
"lionel richie","5 mil+","31 de agosto de 2026 a las 17:20:00 UTC-3","1 de septiembre de 2026 a las 16:30:00 UTC-3","lionel richie","./explore?q=lionel%20richie&geo=BR"
"robert kiyosaki","5 mil+","29 de agosto de 2026 a las 18:20:00 UTC-3","31 de agosto de 2026 a las 11:10:00 UTC-3","robert kiyosaki","./explore?q=robert%20kiyosaki&geo=BR"
"azzas 2154","5 mil+","2 de septiembre de 2026 a las 12:40:00 UTC-3","3 de septiembre de 2026 a las 8:10:00 UTC-3","azzas 2154,azza3,azzas","./explore?q=azzas%202154&geo=BR"
"dwayne johnson","5 mil+","30 de agosto de 2026 a las 8:40:00 UTC-3","31 de agosto de 2026 a las 8:40:00 UTC-3","dwayne johnson","./explore?q=dwayne%20johnson&geo=BR"
"caverna","5 mil+","31 de agosto de 2026 a las 21:50:00 UTC-3","1 de septiembre de 2026 a las 15:30:00 UTC-3","caverna","./explore?q=caverna&geo=BR"
"zeca veloso","5 mil+","30 de agosto de 2026 a las 22:50:00 UTC-3","1 de septiembre de 2026 a las 0:00:00 UTC-3","zeca veloso","./explore?q=zeca%20veloso&geo=BR"
"grupo ricoy","5 mil+","31 de agosto de 2026 a las 18:10:00 UTC-3","1 de septiembre de 2026 a las 10:20:00 UTC-3","grupo ricoy,ricoy supermercados","./explore?q=grupo%20ricoy&geo=BR"
"avenida paulista","5 mil+","30 de agosto de 2026 a las 19:10:00 UTC-3","31 de agosto de 2026 a las 13:10:00 UTC-3","avenida paulista","./explore?q=avenida%20paulista&geo=BR"
"chilli beans","5 mil+","31 de agosto de 2026 a las 16:40:00 UTC-3","1 de septiembre de 2026 a las 17:50:00 UTC-3","chilli beans","./explore?q=chilli%20beans&geo=BR"
"irã","5 mil+","30 de agosto de 2026 a las 19:40:00 UTC-3","2 de septiembre de 2026 a las 19:40:00 UTC-3","irã","./explore?q=ir%C3%A3&geo=BR"
"mglu3","5 mil+","2 de septiembre de 2026 a las 11:50:00 UTC-3","2 de septiembre de 2026 a las 20:10:00 UTC-3","mglu3,euro hoje","./explore?q=mglu3&geo=BR"
"vira-lata","5 mil+","31 de agosto de 2026 a las 11:30:00 UTC-3","1 de septiembre de 2026 a las 6:20:00 UTC-3","vira-lata","./explore?q=vira-lata&geo=BR"
"margot robbie","5 mil+","30 de agosto de 2026 a las 17:30:00 UTC-3","31 de agosto de 2026 a las 13:00:00 UTC-3","margot robbie","./explore?q=margot%20robbie&geo=BR"
"controle ps5 gta 6","5 mil+","3 de septiembre de 2026 a las 11:10:00 UTC-3","3 de septiembre de 2026 a las 18:30:00 UTC-3","controle ps5 gta 6,dualsense gta 6,controle gta 6 ps5,dualsense gta vi,gta6 ps5,controle gta 6","./explore?q=controle%20ps5%20gta%206&geo=BR"
"farol","5 mil+","31 de agosto de 2026 a las 6:30:00 UTC-3","31 de agosto de 2026 a las 20:50:00 UTC-3","farol,carro cai farol torres,farol torres","./explore?q=farol&geo=BR"
"o homem que sussurra elenco","5 mil+","29 de agosto de 2026 a las 17:20:00 UTC-3","31 de agosto de 2026 a las 1:50:00 UTC-3","o homem que sussurra elenco,michael keaton","./explore?q=o%20homem%20que%20sussurra%20elenco&geo=BR"
"william bonner","5 mil+","29 de agosto de 2026 a las 13:00:00 UTC-3","30 de agosto de 2026 a las 11:50:00 UTC-3","william bonner,fátima bernardes","./explore?q=william%20bonner&geo=BR"
"1 de setembro","5 mil+","31 de agosto de 2026 a las 23:50:00 UTC-3","1 de septiembre de 2026 a las 19:20:00 UTC-3","1 de setembro,primeiro de setembro","./explore?q=1%20de%20setembro&geo=BR"
"metropoles","5 mil+","1 de septiembre de 2026 a las 14:50:00 UTC-3","2 de septiembre de 2026 a las 17:30:00 UTC-3","metropoles","./explore?q=metropoles&geo=BR"
"deserto de atacama","5 mil+","1 de septiembre de 2026 a las 8:50:00 UTC-3","1 de septiembre de 2026 a las 20:20:00 UTC-3","deserto de atacama","./explore?q=deserto%20de%20atacama&geo=BR"
"reag investimentos","5 mil+","30 de agosto de 2026 a las 8:30:00 UTC-3","30 de agosto de 2026 a las 21:50:00 UTC-3","reag investimentos,oglobo,valor economico","./explore?q=reag%20investimentos&geo=BR"
"requisitos fable pc","5 mil+","31 de agosto de 2026 a las 8:00:00 UTC-3","31 de agosto de 2026 a las 20:10:00 UTC-3","requisitos fable pc,fable","./explore?q=requisitos%20fable%20pc&geo=BR"
"goiatuba ec x são josé","5 mil+","2 de septiembre de 2026 a las 18:40:00 UTC-3","2 de septiembre de 2026 a las 23:00:00 UTC-3","goiatuba ec x são josé,goiatuba,brasileirão série d","./explore?q=goiatuba%20ec%20x%20s%C3%A3o%20jos%C3%A9&geo=BR"
"raquel lyra","5 mil+","30 de agosto de 2026 a las 20:20:00 UTC-3","31 de agosto de 2026 a las 10:50:00 UTC-3","raquel lyra","./explore?q=raquel%20lyra&geo=BR"
"estudiantes x newell's old boys","5 mil+","31 de agosto de 2026 a las 18:20:00 UTC-3","1 de septiembre de 2026 a las 7:40:00 UTC-3","estudiantes x newell's old boys,classificações de estudiantes x newell's old boys","./explore?q=estudiantes%20x%20newell%27s%20old%20boys&geo=BR"
"careca do inss","5 mil+","30 de agosto de 2026 a las 5:50:00 UTC-3","30 de agosto de 2026 a las 21:50:00 UTC-3","careca do inss","./explore?q=careca%20do%20inss&geo=BR"
"bayern","5 mil+","2 de septiembre de 2026 a las 16:10:00 UTC-3","2 de septiembre de 2026 a las 18:30:00 UTC-3","bayern,tom bischof,fc bayern münchen","./explore?q=bayern&geo=BR"
"saúde","5 mil+","30 de agosto de 2026 a las 9:50:00 UTC-3","31 de agosto de 2026 a las 13:00:00 UTC-3","saúde","./explore?q=sa%C3%BAde&geo=BR"
"pl","5 mil+","30 de agosto de 2026 a las 5:20:00 UTC-3","31 de agosto de 2026 a las 7:20:00 UTC-3","pl","./explore?q=pl&geo=BR"
"lucas villalba","5 mil+","1 de septiembre de 2026 a las 21:40:00 UTC-3","2 de septiembre de 2026 a las 7:30:00 UTC-3","lucas villalba,cruzeiro fc,artur jorge","./explore?q=lucas%20villalba&geo=BR"
"salário mínimo","5 mil+","1 de septiembre de 2026 a las 18:40:00 UTC-3","2 de septiembre de 2026 a las 8:40:00 UTC-3","salário mínimo,ploa 2027,salario minimo 2026","./explore?q=sal%C3%A1rio%20m%C3%ADnimo&geo=BR"
"west ham","5 mil+","1 de septiembre de 2026 a las 6:40:00 UTC-3","1 de septiembre de 2026 a las 19:10:00 UTC-3","west ham","./explore?q=west%20ham&geo=BR"
"futebol feminino","5 mil+","31 de agosto de 2026 a las 19:40:00 UTC-3","1 de septiembre de 2026 a las 8:00:00 UTC-3","futebol feminino,corinthians feminino,cruzeiro feminino,brasileiro feminino,cruzeiro x corinthians feminino","./explore?q=futebol%20feminino&geo=BR"
"elon musk","5 mil+","29 de agosto de 2026 a las 21:00:00 UTC-3","30 de agosto de 2026 a las 15:40:00 UTC-3","elon musk","./explore?q=elon%20musk&geo=BR"
"professor","5 mil+","31 de agosto de 2026 a las 6:20:00 UTC-3","31 de agosto de 2026 a las 17:10:00 UTC-3","professor","./explore?q=professor&geo=BR"
"sam altman","5 mil+","31 de agosto de 2026 a las 12:00:00 UTC-3","1 de septiembre de 2026 a las 0:30:00 UTC-3","sam altman","./explore?q=sam%20altman&geo=BR"
"marco buzzi","5 mil+","30 de agosto de 2026 a las 9:00:00 UTC-3","30 de agosto de 2026 a las 21:40:00 UTC-3","marco buzzi","./explore?q=marco%20buzzi&geo=BR"
"jorge carrascal","5 mil+","2 de septiembre de 2026 a las 19:40:00 UTC-3","2 de septiembre de 2026 a las 22:30:00 UTC-3","jorge carrascal,carrascal","./explore?q=jorge%20carrascal&geo=BR"
"lara marina miss supranational","5 mil+","29 de agosto de 2026 a las 20:30:00 UTC-3","30 de agosto de 2026 a las 8:50:00 UTC-3","lara marina miss supranational,miss lara marina","./explore?q=lara%20marina%20miss%20supranational&geo=BR"
"londrina fc","5 mil+","1 de septiembre de 2026 a las 18:10:00 UTC-3","1 de septiembre de 2026 a las 23:10:00 UTC-3","londrina fc","./explore?q=londrina%20fc&geo=BR"
"tempestade solar","5 mil+","29 de agosto de 2026 a las 20:10:00 UTC-3","30 de agosto de 2026 a las 15:30:00 UTC-3","tempestade solar","./explore?q=tempestade%20solar&geo=BR"
"latam airlines brasil","5 mil+","30 de agosto de 2026 a las 6:30:00 UTC-3","31 de agosto de 2026 a las 8:20:00 UTC-3","latam airlines brasil,aviao latam cascavel","./explore?q=latam%20airlines%20brasil&geo=BR"
"cienciano x cusco","5 mil+","30 de agosto de 2026 a las 20:20:00 UTC-3","31 de agosto de 2026 a las 8:20:00 UTC-3","cienciano x cusco","./explore?q=cienciano%20x%20cusco&geo=BR"
"biometria","5 mil+","31 de agosto de 2026 a las 4:30:00 UTC-3","31 de agosto de 2026 a las 9:50:00 UTC-3","biometria","./explore?q=biometria&geo=BR"
"tupac","5 mil+","1 de septiembre de 2026 a las 1:00:00 UTC-3","1 de septiembre de 2026 a las 15:40:00 UTC-3","tupac,crime,keefe d","./explore?q=tupac&geo=BR"
"luiza kadi","5 mil+","30 de agosto de 2026 a las 18:40:00 UTC-3","31 de agosto de 2026 a las 15:00:00 UTC-3","luiza kadi,casamento luiza kadi,casamento pedro felmanas","./explore?q=luiza%20kadi&geo=BR"
"besiktas","5 mil+","31 de agosto de 2026 a las 1:00:00 UTC-3","31 de agosto de 2026 a las 19:00:00 UTC-3","besiktas","./explore?q=besiktas&geo=BR"
"anne hathaway","5 mil+","1 de septiembre de 2026 a las 5:20:00 UTC-3","1 de septiembre de 2026 a las 11:20:00 UTC-3","anne hathaway,dias de trovão","./explore?q=anne%20hathaway&geo=BR"
"leão","5 mil+","30 de agosto de 2026 a las 13:20:00 UTC-3","31 de agosto de 2026 a las 7:30:00 UTC-3","leão","./explore?q=le%C3%A3o&geo=BR"
"dibu martinez","5 mil+","30 de agosto de 2026 a las 9:50:00 UTC-3","31 de agosto de 2026 a las 7:00:00 UTC-3","dibu martinez,emiliano martínez","./explore?q=dibu%20martinez&geo=BR"
"mel maia","5 mil+","30 de agosto de 2026 a las 0:10:00 UTC-3","31 de agosto de 2026 a las 22:30:00 UTC-3","mel maia,namorado mel maia","./explore?q=mel%20maia&geo=BR"
"championship","5 mil+","1 de septiembre de 2026 a las 13:10:00 UTC-3","1 de septiembre de 2026 a las 18:50:00 UTC-3","championship,classificações de west ham x wolves","./explore?q=championship&geo=BR"
"rodovia","5 mil+","31 de agosto de 2026 a las 15:10:00 UTC-3","31 de agosto de 2026 a las 20:00:00 UTC-3","rodovia","./explore?q=rodovia&geo=BR"
"tortura","5 mil+","30 de agosto de 2026 a las 10:40:00 UTC-3","30 de agosto de 2026 a las 19:50:00 UTC-3","tortura","./explore?q=tortura&geo=BR"
"celta de vigo x ath. bilbao","5 mil+","30 de agosto de 2026 a las 15:40:00 UTC-3","30 de agosto de 2026 a las 22:20:00 UTC-3","celta de vigo x ath. bilbao","./explore?q=celta%20de%20vigo%20x%20ath.%20bilbao&geo=BR"
"isabel teixeira","5 mil+","30 de agosto de 2026 a las 18:00:00 UTC-3","31 de agosto de 2026 a las 2:30:00 UTC-3","isabel teixeira,tata werneck,isabel teixeira é filha de quem,isabel teixeira filhos","./explore?q=isabel%20teixeira&geo=BR"
"ia","5 mil+","3 de septiembre de 2026 a las 12:00:00 UTC-3","3 de septiembre de 2026 a las 13:20:00 UTC-3","ia","./explore?q=ia&geo=BR"
"itatiaia ao vivo","5 mil+","1 de septiembre de 2026 a las 21:00:00 UTC-3","2 de septiembre de 2026 a las 0:30:00 UTC-3","itatiaia ao vivo,julgamento kaio jorge,kaio jorge,resultado do cruzeiro,resultado jogo do galo,stjd","./explore?q=itatiaia%20ao%20vivo&geo=BR"
"universidad católica x o'higgins","5 mil+","31 de agosto de 2026 a las 20:50:00 UTC-3","1 de septiembre de 2026 a las 1:00:00 UTC-3","universidad católica x o'higgins,classificações de universidad católica x o'higgins","./explore?q=universidad%20cat%C3%B3lica%20x%20o%27higgins&geo=BR"
"osasuna x getafe","5 mil+","31 de agosto de 2026 a las 14:00:00 UTC-3","31 de agosto de 2026 a las 18:10:00 UTC-3","osasuna x getafe,osasuna,classificações de osasuna x getafe","./explore?q=osasuna%20x%20getafe&geo=BR"
"copa argentina","5 mil+","2 de septiembre de 2026 a las 21:40:00 UTC-3","3 de septiembre de 2026 a las 0:40:00 UTC-3","copa argentina,vélez - boca juniors,boca juniors,velez,boca","./explore?q=copa%20argentina&geo=BR"
"bradesco","5 mil+","3 de septiembre de 2026 a las 8:10:00 UTC-3","3 de septiembre de 2026 a las 10:10:00 UTC-3","bradesco","./explore?q=bradesco&geo=BR"
"leilão","5 mil+","29 de agosto de 2026 a las 11:30:00 UTC-3","29 de agosto de 2026 a las 21:30:00 UTC-3","leilão","./explore?q=leil%C3%A3o&geo=BR"
"manto da nação","5 mil+","1 de septiembre de 2026 a las 11:30:00 UTC-3","1 de septiembre de 2026 a las 17:50:00 UTC-3","manto da nação,manto da nação flamengo,manto da nacao,urubu de lima","./explore?q=manto%20da%20na%C3%A7%C3%A3o&geo=BR"
"roma","5 mil+","31 de agosto de 2026 a las 13:30:00 UTC-3","31 de agosto de 2026 a las 18:10:00 UTC-3","roma","./explore?q=roma&geo=BR"
"fiat pulse","5 mil+","30 de agosto de 2026 a las 15:40:00 UTC-3","30 de agosto de 2026 a las 21:30:00 UTC-3","fiat pulse","./explore?q=fiat%20pulse&geo=BR"
"tv globo","5 mil+","31 de agosto de 2026 a las 17:40:00 UTC-3","31 de agosto de 2026 a las 22:00:00 UTC-3","tv globo,ben carson,dr carson,programação globo hoje,sessão da tarde,programação da globo hoje","./explore?q=tv%20globo&geo=BR"
"parana clube","5 mil+","29 de agosto de 2026 a las 13:40:00 UTC-3","30 de agosto de 2026 a las 6:40:00 UTC-3","parana clube,copa paraná 2026,paraná clube,athletico x parana,athletico pr x parana","./explore?q=parana%20clube&geo=BR"
"copenhagen fc","5 mil+","31 de agosto de 2026 a las 12:50:00 UTC-3","31 de agosto de 2026 a las 17:10:00 UTC-3","copenhagen fc,fc copenhagen","./explore?q=copenhagen%20fc&geo=BR"
"rock in rio","5 mil+","31 de agosto de 2026 a las 22:30:00 UTC-3","1 de septiembre de 2026 a las 19:30:00 UTC-3","rock in rio","./explore?q=rock%20in%20rio&geo=BR"
"galatasaray","5 mil+","29 de agosto de 2026 a las 14:50:00 UTC-3","29 de agosto de 2026 a las 18:50:00 UTC-3","galatasaray","./explore?q=galatasaray&geo=BR"
"académico de viseu x porto","5 mil+","29 de agosto de 2026 a las 13:00:00 UTC-3","29 de agosto de 2026 a las 19:10:00 UTC-3","académico de viseu x porto,porto fc","./explore?q=acad%C3%A9mico%20de%20viseu%20x%20porto&geo=BR"
"itabaiana x botafogo-pb","5 mil+","29 de agosto de 2026 a las 16:30:00 UTC-3","29 de agosto de 2026 a las 21:10:00 UTC-3","itabaiana x botafogo-pb","./explore?q=itabaiana%20x%20botafogo-pb&geo=BR"
"monaco","5 mil+","30 de agosto de 2026 a las 16:00:00 UTC-3","31 de agosto de 2026 a las 2:10:00 UTC-3","monaco","./explore?q=monaco&geo=BR"
"classificações de figueirense x maranhão atlético clube","5 mil+","29 de agosto de 2026 a las 20:10:00 UTC-3","30 de agosto de 2026 a las 9:00:00 UTC-3","classificações de figueirense x maranhão atlético clube,figueirense,maranhão atlético clube","./explore?q=classifica%C3%A7%C3%B5es%20de%20figueirense%20x%20maranh%C3%A3o%20atl%C3%A9tico%20clube&geo=BR"
"tempo rio de janeiro","5 mil+","29 de agosto de 2026 a las 20:20:00 UTC-3","30 de agosto de 2026 a las 8:10:00 UTC-3","tempo rio de janeiro,ventania rio de janeiro,previsão do tempo rio de janeiro,previsao do tempo rio de janeiro,ventania,previsao do tempo rj,vento rio de janeiro,ventos rio de janeiro,previsao,g1 rj,ventania rj,rio de janeiro,previsão de chuva","./explore?q=tempo%20rio%20de%20janeiro&geo=BR"
"galatasaray x göztepe","5 mil+","29 de agosto de 2026 a las 14:40:00 UTC-3","29 de agosto de 2026 a las 20:00:00 UTC-3","galatasaray x göztepe,galatasaray x","./explore?q=galatasaray%20x%20g%C3%B6ztepe&geo=BR"
"uber","5 mil+","30 de agosto de 2026 a las 10:20:00 UTC-3","30 de agosto de 2026 a las 14:40:00 UTC-3","uber","./explore?q=uber&geo=BR"
"investidor10","5 mil+","30 de agosto de 2026 a las 19:30:00 UTC-3","31 de agosto de 2026 a las 13:20:00 UTC-3","investidor10,vale3,itub4","./explore?q=investidor10&geo=BR"
"aryna sabalenka","5 mil+","30 de agosto de 2026 a las 10:30:00 UTC-3","30 de agosto de 2026 a las 14:20:00 UTC-3","aryna sabalenka","./explore?q=aryna%20sabalenka&geo=BR"
"ferroviária x confiança","5 mil+","29 de agosto de 2026 a las 16:40:00 UTC-3","29 de agosto de 2026 a las 21:10:00 UTC-3","ferroviária x confiança,associação ferroviária de esportes","./explore?q=ferrovi%C3%A1ria%20x%20confian%C3%A7a&geo=BR"
"futebol ao vivo","5 mil+","1 de septiembre de 2026 a las 21:20:00 UTC-3","1 de septiembre de 2026 a las 23:50:00 UTC-3","futebol ao vivo,futebol online,jogo agora,assistir futebol ao vivo","./explore?q=futebol%20ao%20vivo&geo=BR"
"resultado da mega sena concurso 3051","5 mil+","30 de agosto de 2026 a las 10:30:00 UTC-3","30 de agosto de 2026 a las 17:00:00 UTC-3","resultado da mega sena concurso 3051,resultado da mega sena 3051,resultado da mega-sena concurso 3051,mega sena 3051 resultado,resultado da mega-sena 3051,mega 3051,mega-sena 3051","./explore?q=resultado%20da%20mega%20sena%20concurso%203051&geo=BR"
"braga x vitória sc","5 mil+","31 de agosto de 2026 a las 15:30:00 UTC-3","31 de agosto de 2026 a las 20:00:00 UTC-3","braga x vitória sc,braga x,jogo do braga,sc braga,classificações de sporting clube de braga x vitória sc","./explore?q=braga%20x%20vit%C3%B3ria%20sc&geo=BR"
"bruno dantas","5 mil+","31 de agosto de 2026 a las 12:20:00 UTC-3","1 de septiembre de 2026 a las 6:40:00 UTC-3","bruno dantas,rodrigo pacheco,ministro","./explore?q=bruno%20dantas&geo=BR"
"tottenham x newcastle","5 mil+","29 de agosto de 2026 a las 11:40:00 UTC-3","29 de agosto de 2026 a las 17:50:00 UTC-3","tottenham x newcastle,tottenham x,jogo do tottenham,mateus fernandes,new castle,newcastle x","./explore?q=tottenham%20x%20newcastle&geo=BR"
"gabriel galípolo","5 mil+","29 de agosto de 2026 a las 12:10:00 UTC-3","29 de agosto de 2026 a las 16:50:00 UTC-3","gabriel galípolo","./explore?q=gabriel%20gal%C3%ADpolo&geo=BR"
"allan","5 mil+","30 de agosto de 2026 a las 16:10:00 UTC-3","30 de agosto de 2026 a las 18:30:00 UTC-3","allan,miguel bilong","./explore?q=allan&geo=BR"
"barra x volta redonda","5 mil+","29 de agosto de 2026 a las 16:40:00 UTC-3","29 de agosto de 2026 a las 20:50:00 UTC-3","barra x volta redonda,classificações de barra futebol clube x volta redonda futebol clube,barra fc","./explore?q=barra%20x%20volta%20redonda&geo=BR"
"feyenoord","5 mil+","30 de agosto de 2026 a las 9:30:00 UTC-3","30 de agosto de 2026 a las 12:40:00 UTC-3","feyenoord","./explore?q=feyenoord&geo=BR"
"rita guedes olhos","5 mil+","30 de agosto de 2026 a las 19:30:00 UTC-3","31 de agosto de 2026 a las 8:30:00 UTC-3","rita guedes olhos,rita guedes","./explore?q=rita%20guedes%20olhos&geo=BR"
"maju coutinho está grávida","5 mil+","30 de agosto de 2026 a las 20:30:00 UTC-3","31 de agosto de 2026 a las 0:40:00 UTC-3","maju coutinho está grávida,idade maju coutinho,maju coutinho idade,maju esta gravida,idade de maju coutinho,idade da maju coutinho,quantos anos tem maju coutinho,maju,maju gravida","./explore?q=maju%20coutinho%20est%C3%A1%20gr%C3%A1vida&geo=BR"
"botafogo de futebol e regatas","5 mil+","30 de agosto de 2026 a las 16:00:00 UTC-3","30 de agosto de 2026 a las 18:50:00 UTC-3","botafogo de futebol e regatas,alex telles","./explore?q=botafogo%20de%20futebol%20e%20regatas&geo=BR"
"roda viva fernando haddad","5 mil+","31 de agosto de 2026 a las 13:40:00 UTC-3","31 de agosto de 2026 a las 21:40:00 UTC-3","roda viva fernando haddad,roberta luchsinger","./explore?q=roda%20viva%20fernando%20haddad&geo=BR"
"ajax","5 mil+","30 de agosto de 2026 a las 11:50:00 UTC-3","30 de agosto de 2026 a las 14:50:00 UTC-3","ajax,eredivisie","./explore?q=ajax&geo=BR"
"jude bellingham","5 mil+","30 de agosto de 2026 a las 12:20:00 UTC-3","30 de agosto de 2026 a las 15:10:00 UTC-3","jude bellingham,malaga,kylian mbappé,bellingham,real madrid vs málaga cf standings,real madrid fc","./explore?q=jude%20bellingham&geo=BR"
"morte","5 mil+","30 de agosto de 2026 a las 19:10:00 UTC-3","30 de agosto de 2026 a las 20:20:00 UTC-3","morte","./explore?q=morte&geo=BR"
"paula fernandes","5 mil+","30 de agosto de 2026 a las 23:00:00 UTC-3","31 de agosto de 2026 a las 0:10:00 UTC-3","paula fernandes","./explore?q=paula%20fernandes&geo=BR"
"adam sandler","2 mil+","5 de septiembre de 2026 a las 1:00:00 UTC-3",,"adam sandler","./explore?q=adam%20sandler&geo=BR"
"fulham x crystal palace","2 mil+","5 de septiembre de 2026 a las 10:10:00 UTC-3",,"fulham x crystal palace","./explore?q=fulham%20x%20crystal%20palace&geo=BR"
"fiorentina x torino","2 mil+","5 de septiembre de 2026 a las 9:20:00 UTC-3",,"fiorentina x torino","./explore?q=fiorentina%20x%20torino&geo=BR"
"otaviano costa","2 mil+","5 de septiembre de 2026 a las 6:00:00 UTC-3",,"otaviano costa","./explore?q=otaviano%20costa&geo=BR"
"davi brito","2 mil+","5 de septiembre de 2026 a las 6:10:00 UTC-3",,"davi brito","./explore?q=davi%20brito&geo=BR"
"borussia","2 mil+","5 de septiembre de 2026 a las 10:50:00 UTC-3",,"borussia,borussia dortmund","./explore?q=borussia&geo=BR"
"gta 6 pc","2 mil+","4 de septiembre de 2026 a las 19:10:00 UTC-3",,"gta 6 pc","./explore?q=gta%206%20pc&geo=BR"
"luciano hang","2 mil+","4 de septiembre de 2026 a las 12:40:00 UTC-3",,"luciano hang","./explore?q=luciano%20hang&geo=BR"
"bruce campbell","2 mil+","4 de septiembre de 2026 a las 22:00:00 UTC-3",,"bruce campbell","./explore?q=bruce%20campbell&geo=BR"
"condomínio","2 mil+","5 de septiembre de 2026 a las 6:10:00 UTC-3","5 de septiembre de 2026 a las 10:40:00 UTC-3","condomínio","./explore?q=condom%C3%ADnio&geo=BR"
"herança","2 mil+","5 de septiembre de 2026 a las 7:50:00 UTC-3",,"herança,sefaz,assaí","./explore?q=heran%C3%A7a&geo=BR"
"novela quem ama cuida","2 mil+","5 de septiembre de 2026 a las 8:00:00 UTC-3","5 de septiembre de 2026 a las 11:00:00 UTC-3","novela quem ama cuida,adriana novela quem ama cuida,resumo quem ama cuida,resumo de quem ama cuida,capítulo de quem ama cuida de hoje ao vivo","./explore?q=novela%20quem%20ama%20cuida&geo=BR"
"planta","2 mil+","4 de septiembre de 2026 a las 19:10:00 UTC-3","5 de septiembre de 2026 a las 9:10:00 UTC-3","planta","./explore?q=planta&geo=BR"
"maiara","2 mil+","4 de septiembre de 2026 a las 16:30:00 UTC-3","5 de septiembre de 2026 a las 7:50:00 UTC-3","maiara","./explore?q=maiara&geo=BR"
"rodrigo","2 mil+","4 de septiembre de 2026 a las 8:10:00 UTC-3","5 de septiembre de 2026 a las 3:30:00 UTC-3","rodrigo","./explore?q=rodrigo&geo=BR"
"duda salabert","2 mil+","4 de septiembre de 2026 a las 11:10:00 UTC-3","5 de septiembre de 2026 a las 1:20:00 UTC-3","duda salabert","./explore?q=duda%20salabert&geo=BR"
"força aérea argentina","2 mil+","4 de septiembre de 2026 a las 19:20:00 UTC-3","5 de septiembre de 2026 a las 9:20:00 UTC-3","força aérea argentina","./explore?q=for%C3%A7a%20a%C3%A9rea%20argentina&geo=BR"
"bodycam","2 mil+","3 de septiembre de 2026 a las 22:50:00 UTC-3","5 de septiembre de 2026 a las 2:00:00 UTC-3","bodycam","./explore?q=bodycam&geo=BR"
"poco x8 power","2 mil+","4 de septiembre de 2026 a las 16:30:00 UTC-3","5 de septiembre de 2026 a las 0:30:00 UTC-3","poco x8 power","./explore?q=poco%20x8%20power&geo=BR"
"us open de ténis","2 mil+","4 de septiembre de 2026 a las 17:30:00 UTC-3","5 de septiembre de 2026 a las 9:00:00 UTC-3","us open de ténis","./explore?q=us%20open%20de%20t%C3%A9nis&geo=BR"
"liga mundial de surfe","2 mil+","4 de septiembre de 2026 a las 15:50:00 UTC-3","4 de septiembre de 2026 a las 23:20:00 UTC-3","liga mundial de surfe","./explore?q=liga%20mundial%20de%20surfe&geo=BR"
"oab","2 mil+","4 de septiembre de 2026 a las 17:10:00 UTC-3","5 de septiembre de 2026 a las 10:30:00 UTC-3","oab","./explore?q=oab&geo=BR"
"bill gates","2 mil+","4 de septiembre de 2026 a las 12:10:00 UTC-3","5 de septiembre de 2026 a las 8:30:00 UTC-3","bill gates","./explore?q=bill%20gates&geo=BR"
"alexandre pato","2 mil+","4 de septiembre de 2026 a las 15:00:00 UTC-3","5 de septiembre de 2026 a las 8:10:00 UTC-3","alexandre pato","./explore?q=alexandre%20pato&geo=BR"
"istanbul x galatasaray","2 mil+","4 de septiembre de 2026 a las 13:10:00 UTC-3","4 de septiembre de 2026 a las 22:00:00 UTC-3","istanbul x galatasaray","./explore?q=istanbul%20x%20galatasaray&geo=BR"
"feriado 7 de setembro","2 mil+","4 de septiembre de 2026 a las 7:30:00 UTC-3","4 de septiembre de 2026 a las 19:10:00 UTC-3","feriado 7 de setembro","./explore?q=feriado%207%20de%20setembro&geo=BR"
"novo mapa-múndi","2 mil+","4 de septiembre de 2026 a las 16:30:00 UTC-3","4 de septiembre de 2026 a las 22:50:00 UTC-3","novo mapa-múndi,novo mapa mundi,mapa-múndi","./explore?q=novo%20mapa-m%C3%BAndi&geo=BR"
"sorocaba","2 mil+","4 de septiembre de 2026 a las 17:40:00 UTC-3","4 de septiembre de 2026 a las 23:10:00 UTC-3","sorocaba","./explore?q=sorocaba&geo=BR"
"anac","2 mil+","4 de septiembre de 2026 a las 5:40:00 UTC-3","4 de septiembre de 2026 a las 17:20:00 UTC-3","anac","./explore?q=anac&geo=BR"
"new york city fc x nashville sc","2 mil+","4 de septiembre de 2026 a las 19:50:00 UTC-3","5 de septiembre de 2026 a las 0:10:00 UTC-3","new york city fc x nashville sc,nashville sc,new york city fc","./explore?q=new%20york%20city%20fc%20x%20nashville%20sc&geo=BR"
"antony","2 mil+","4 de septiembre de 2026 a las 15:30:00 UTC-3","4 de septiembre de 2026 a las 22:00:00 UTC-3","antony","./explore?q=antony&geo=BR"
"vfb stuttgart x colônia","2 mil+","4 de septiembre de 2026 a las 15:10:00 UTC-3","4 de septiembre de 2026 a las 18:30:00 UTC-3","vfb stuttgart x colônia","./explore?q=vfb%20stuttgart%20x%20col%C3%B4nia&geo=BR"
"elton john","2 mil+","4 de septiembre de 2026 a las 20:00:00 UTC-3","5 de septiembre de 2026 a las 1:20:00 UTC-3","elton john,elton john shows,rock in rio 2026","./explore?q=elton%20john&geo=BR"
"serena williams","2 mil+","4 de septiembre de 2026 a las 20:40:00 UTC-3","5 de septiembre de 2026 a las 0:20:00 UTC-3","serena williams,venus williams,maya joint","./explore?q=serena%20williams&geo=BR"
"troy parrott","2 mil+","4 de septiembre de 2026 a las 17:40:00 UTC-3","5 de septiembre de 2026 a las 0:40:00 UTC-3","troy parrott","./explore?q=troy%20parrott&geo=BR"
"downdetector","2 mil+","4 de septiembre de 2026 a las 20:10:00 UTC-3","4 de septiembre de 2026 a las 23:30:00 UTC-3","downdetector","./explore?q=downdetector&geo=BR"
"beyonce","2 mil+","4 de septiembre de 2026 a las 0:00:00 UTC-3","5 de septiembre de 2026 a las 0:20:00 UTC-3","beyonce","./explore?q=beyonce&geo=BR"
"rússia","2 mil+","4 de septiembre de 2026 a las 17:00:00 UTC-3","4 de septiembre de 2026 a las 20:30:00 UTC-3","rússia","./explore?q=r%C3%BAssia&geo=BR"
"belgrano","2 mil+","4 de septiembre de 2026 a las 18:10:00 UTC-3","4 de septiembre de 2026 a las 22:10:00 UTC-3","belgrano,huracan","./explore?q=belgrano&geo=BR"
"murilo huff","2 mil+","3 de septiembre de 2026 a las 17:20:00 UTC-3","4 de septiembre de 2026 a las 19:50:00 UTC-3","murilo huff","./explore?q=murilo%20huff&geo=BR"
"nina de pádua","2 mil+","4 de septiembre de 2026 a las 9:30:00 UTC-3","4 de septiembre de 2026 a las 13:40:00 UTC-3","nina de pádua","./explore?q=nina%20de%20p%C3%A1dua&geo=BR"
"hot milk","2 mil+","4 de septiembre de 2026 a las 19:50:00 UTC-3","4 de septiembre de 2026 a las 22:10:00 UTC-3","hot milk","./explore?q=hot%20milk&geo=BR"
"gongogi","2 mil+","3 de septiembre de 2026 a las 12:40:00 UTC-3","3 de septiembre de 2026 a las 20:40:00 UTC-3","gongogi","./explore?q=gongogi&geo=BR"
"morango","2 mil+","3 de septiembre de 2026 a las 15:30:00 UTC-3","3 de septiembre de 2026 a las 23:10:00 UTC-3","morango","./explore?q=morango&geo=BR"
"como fc","2 mil+","4 de septiembre de 2026 a las 15:50:00 UTC-3","4 de septiembre de 2026 a las 18:40:00 UTC-3","como fc","./explore?q=como%20fc&geo=BR"
"caminhão de lixo","2 mil+","3 de septiembre de 2026 a las 15:30:00 UTC-3","3 de septiembre de 2026 a las 23:30:00 UTC-3","caminhão de lixo","./explore?q=caminh%C3%A3o%20de%20lixo&geo=BR"
"aplicativo disney+ tv samsung","2 mil+","2 de septiembre de 2026 a las 21:30:00 UTC-3","3 de septiembre de 2026 a las 10:30:00 UTC-3","aplicativo disney+ tv samsung,aplicativo disney tv samsung","./explore?q=aplicativo%20disney%2B%20tv%20samsung&geo=BR"
"hardware","2 mil+","4 de septiembre de 2026 a las 6:50:00 UTC-3","4 de septiembre de 2026 a las 13:30:00 UTC-3","hardware,apple","./explore?q=hardware&geo=BR"
"deportivo pereira x independiente medellín","2 mil+","3 de septiembre de 2026 a las 21:40:00 UTC-3","4 de septiembre de 2026 a las 1:10:00 UTC-3","deportivo pereira x independiente medellín","./explore?q=deportivo%20pereira%20x%20independiente%20medell%C3%ADn&geo=BR"
"adc 80 stf","2 mil+","3 de septiembre de 2026 a las 22:10:00 UTC-3","4 de septiembre de 2026 a las 9:40:00 UTC-3","adc 80 stf,adc 80 justiça gratuita","./explore?q=adc%2080%20stf&geo=BR"
"chevrolet opala","2 mil+","3 de septiembre de 2026 a las 7:20:00 UTC-3","3 de septiembre de 2026 a las 21:00:00 UTC-3","chevrolet opala","./explore?q=chevrolet%20opala&geo=BR"
"bodo","2 mil+","4 de septiembre de 2026 a las 14:30:00 UTC-3","4 de septiembre de 2026 a las 16:40:00 UTC-3","bodo","./explore?q=bodo&geo=BR"
"epic games","2 mil+","4 de septiembre de 2026 a las 5:10:00 UTC-3","4 de septiembre de 2026 a las 9:30:00 UTC-3","epic games","./explore?q=epic%20games&geo=BR"
"bonnie hill","2 mil+","4 de septiembre de 2026 a las 12:20:00 UTC-3","4 de septiembre de 2026 a las 15:10:00 UTC-3","bonnie hill,billy barratt,lenny rush","./explore?q=bonnie%20hill&geo=BR"
"pedreiro","2 mil+","3 de septiembre de 2026 a las 20:10:00 UTC-3","4 de septiembre de 2026 a las 7:20:00 UTC-3","pedreiro","./explore?q=pedreiro&geo=BR"
"abel ferreira","2 mil+","3 de septiembre de 2026 a las 5:30:00 UTC-3","3 de septiembre de 2026 a las 14:10:00 UTC-3","abel ferreira","./explore?q=abel%20ferreira&geo=BR"
"pezzolano","2 mil+","3 de septiembre de 2026 a las 22:00:00 UTC-3","4 de septiembre de 2026 a las 10:00:00 UTC-3","pezzolano,paulo pezzolano","./explore?q=pezzolano&geo=BR"
"aryna sabalenka","2 mil+","4 de septiembre de 2026 a las 12:30:00 UTC-3","4 de septiembre de 2026 a las 14:20:00 UTC-3","aryna sabalenka,kamilla rakhimova","./explore?q=aryna%20sabalenka&geo=BR"
"promoção chaveiro coca cola","2 mil+","3 de septiembre de 2026 a las 18:40:00 UTC-3","4 de septiembre de 2026 a las 3:40:00 UTC-3","promoção chaveiro coca cola,chaveiro coca cola","./explore?q=promo%C3%A7%C3%A3o%20chaveiro%20coca%20cola&geo=BR"
"bruno gadiol","2 mil+","3 de septiembre de 2026 a las 23:30:00 UTC-3","5 de septiembre de 2026 a las 0:00:00 UTC-3","bruno gadiol","./explore?q=bruno%20gadiol&geo=BR"
"xp investimentos","2 mil+","3 de septiembre de 2026 a las 18:40:00 UTC-3","4 de septiembre de 2026 a las 8:50:00 UTC-3","xp investimentos,csna3,benjamin steinbruch,csn steinbruch","./explore?q=xp%20investimentos&geo=BR"
"chevrolet onix plus","2 mil+","3 de septiembre de 2026 a las 19:30:00 UTC-3","4 de septiembre de 2026 a las 7:50:00 UTC-3","chevrolet onix plus","./explore?q=chevrolet%20onix%20plus&geo=BR"
"libertad fútbol club x emelec","2 mil+","3 de septiembre de 2026 a las 20:40:00 UTC-3","4 de septiembre de 2026 a las 0:00:00 UTC-3","libertad fútbol club x emelec,emelec","./explore?q=libertad%20f%C3%BAtbol%20club%20x%20emelec&geo=BR"
"leonardo dicaprio","2 mil+","2 de septiembre de 2026 a las 16:20:00 UTC-3","3 de septiembre de 2026 a las 10:10:00 UTC-3","leonardo dicaprio","./explore?q=leonardo%20dicaprio&geo=BR"
"kylian mbappé","2 mil+","4 de septiembre de 2026 a las 18:10:00 UTC-3","4 de septiembre de 2026 a las 19:10:00 UTC-3","kylian mbappé,real betis vs real madrid standings,madrid","./explore?q=kylian%20mbapp%C3%A9&geo=BR"
"cagliari fc","2 mil+","3 de septiembre de 2026 a las 12:40:00 UTC-3","3 de septiembre de 2026 a las 19:00:00 UTC-3","cagliari fc,verona fc","./explore?q=cagliari%20fc&geo=BR"
"jaecoo 5","2 mil+","2 de septiembre de 2026 a las 6:30:00 UTC-3","2 de septiembre de 2026 a las 18:30:00 UTC-3","jaecoo 5","./explore?q=jaecoo%205&geo=BR"
"taxa das blusinhas","2 mil+","3 de septiembre de 2026 a las 18:10:00 UTC-3","4 de septiembre de 2026 a las 9:30:00 UTC-3","taxa das blusinhas,senado","./explore?q=taxa%20das%20blusinhas&geo=BR"
"rafael navarro","2 mil+","3 de septiembre de 2026 a las 5:30:00 UTC-3","4 de septiembre de 2026 a las 7:30:00 UTC-3","rafael navarro","./explore?q=rafael%20navarro&geo=BR"
"mortgage rates today","2 mil+","5 de septiembre de 2026 a las 4:40:00 UTC-3","5 de septiembre de 2026 a las 6:10:00 UTC-3","mortgage rates today","./explore?q=mortgage%20rates%20today&geo=BR"
"sassuolo","2 mil+","2 de septiembre de 2026 a las 0:20:00 UTC-3","2 de septiembre de 2026 a las 14:40:00 UTC-3","sassuolo,coppa italia","./explore?q=sassuolo&geo=BR"
"compesa","2 mil+","3 de septiembre de 2026 a las 7:40:00 UTC-3","3 de septiembre de 2026 a las 17:10:00 UTC-3","compesa","./explore?q=compesa&geo=BR"
"universidad católica x aucas","2 mil+","3 de septiembre de 2026 a las 15:20:00 UTC-3","3 de septiembre de 2026 a las 19:10:00 UTC-3","universidad católica x aucas","./explore?q=universidad%20cat%C3%B3lica%20x%20aucas&geo=BR"
"previsão do tempo sp","2 mil+","4 de septiembre de 2026 a las 17:30:00 UTC-3","4 de septiembre de 2026 a las 18:20:00 UTC-3","previsão do tempo sp,previsao do tempo sp,clima sp,previsao do tempo são paulo,previsao do tempo sao paulo,tempo sp","./explore?q=previs%C3%A3o%20do%20tempo%20sp&geo=BR"
"ouro","2 mil+","3 de septiembre de 2026 a las 18:10:00 UTC-3","4 de septiembre de 2026 a las 8:30:00 UTC-3","ouro","./explore?q=ouro&geo=BR"
"estadão","2 mil+","1 de septiembre de 2026 a las 11:40:00 UTC-3","2 de septiembre de 2026 a las 17:50:00 UTC-3","estadão,atlas","./explore?q=estad%C3%A3o&geo=BR"
"criminoso","2 mil+","31 de agosto de 2026 a las 18:50:00 UTC-3","1 de septiembre de 2026 a las 8:20:00 UTC-3","criminoso","./explore?q=criminoso&geo=BR"
"xbox cloud gaming","2 mil+","4 de septiembre de 2026 a las 6:20:00 UTC-3","4 de septiembre de 2026 a las 10:00:00 UTC-3","xbox cloud gaming,xbox game pass jogos,xbox game pass","./explore?q=xbox%20cloud%20gaming&geo=BR"
"mc pipokinha","2 mil+","29 de agosto de 2026 a las 19:10:00 UTC-3","31 de agosto de 2026 a las 13:00:00 UTC-3","mc pipokinha","./explore?q=mc%20pipokinha&geo=BR"
"palermo fc","2 mil+","3 de septiembre de 2026 a las 12:20:00 UTC-3","3 de septiembre de 2026 a las 16:30:00 UTC-3","palermo fc","./explore?q=palermo%20fc&geo=BR"
"santa fe x millonarios","2 mil+","2 de septiembre de 2026 a las 21:30:00 UTC-3","3 de septiembre de 2026 a las 1:40:00 UTC-3","santa fe x millonarios","./explore?q=santa%20fe%20x%20millonarios&geo=BR"
"kohler","2 mil+","1 de septiembre de 2026 a las 7:40:00 UTC-3","1 de septiembre de 2026 a las 21:50:00 UTC-3","kohler","./explore?q=kohler&geo=BR"
"américa de cali x alianza fútbol club","2 mil+","3 de septiembre de 2026 a las 17:20:00 UTC-3","3 de septiembre de 2026 a las 20:50:00 UTC-3","américa de cali x alianza fútbol club","./explore?q=am%C3%A9rica%20de%20cali%20x%20alianza%20f%C3%BAtbol%20club&geo=BR"
"aviação civil","2 mil+","3 de septiembre de 2026 a las 15:30:00 UTC-3","3 de septiembre de 2026 a las 20:10:00 UTC-3","aviação civil","./explore?q=avia%C3%A7%C3%A3o%20civil&geo=BR"
"copenhagen fc","2 mil+","3 de septiembre de 2026 a las 15:00:00 UTC-3","3 de septiembre de 2026 a las 18:00:00 UTC-3","copenhagen fc","./explore?q=copenhagen%20fc&geo=BR"
"dividendos bbas3","2 mil+","2 de septiembre de 2026 a las 20:10:00 UTC-3","3 de septiembre de 2026 a las 12:00:00 UTC-3","dividendos bbas3,bbas3 dividendos","./explore?q=dividendos%20bbas3&geo=BR"
"cristian pavón","2 mil+","3 de septiembre de 2026 a las 20:00:00 UTC-3","3 de septiembre de 2026 a las 22:50:00 UTC-3","cristian pavón,erick noriega","./explore?q=cristian%20pav%C3%B3n&geo=BR"
"julia roberts","2 mil+","2 de septiembre de 2026 a las 9:40:00 UTC-3","3 de septiembre de 2026 a las 9:10:00 UTC-3","julia roberts","./explore?q=julia%20roberts&geo=BR"
"coronel","2 mil+","29 de agosto de 2026 a las 14:10:00 UTC-3","31 de agosto de 2026 a las 16:20:00 UTC-3","coronel","./explore?q=coronel&geo=BR"
"kelly key","2 mil+","1 de septiembre de 2026 a las 15:30:00 UTC-3","1 de septiembre de 2026 a las 23:40:00 UTC-3","kelly key","./explore?q=kelly%20key&geo=BR"
"america de cali","2 mil+","3 de septiembre de 2026 a las 17:50:00 UTC-3","3 de septiembre de 2026 a las 20:50:00 UTC-3","america de cali","./explore?q=america%20de%20cali&geo=BR"
"pete hegseth","2 mil+","4 de septiembre de 2026 a las 6:50:00 UTC-3","4 de septiembre de 2026 a las 9:30:00 UTC-3","pete hegseth,o pentágono","./explore?q=pete%20hegseth&geo=BR"
"limeira","2 mil+","1 de septiembre de 2026 a las 18:20:00 UTC-3","2 de septiembre de 2026 a las 8:10:00 UTC-3","limeira","./explore?q=limeira&geo=BR"
"nissan kait","2 mil+","2 de septiembre de 2026 a las 17:40:00 UTC-3","2 de septiembre de 2026 a las 22:10:00 UTC-3","nissan kait,nissan kait 2027","./explore?q=nissan%20kait&geo=BR"
"flamengo samuel lino","2 mil+","3 de septiembre de 2026 a las 8:50:00 UTC-3","3 de septiembre de 2026 a las 13:30:00 UTC-3","flamengo samuel lino,samuel lino","./explore?q=flamengo%20samuel%20lino&geo=BR"
"imóvel","2 mil+","2 de septiembre de 2026 a las 18:30:00 UTC-3","2 de septiembre de 2026 a las 22:40:00 UTC-3","imóvel","./explore?q=im%C3%B3vel&geo=BR"
"calendário pé de meia","2 mil+","1 de septiembre de 2026 a las 14:50:00 UTC-3","2 de septiembre de 2026 a las 7:10:00 UTC-3","calendário pé de meia","./explore?q=calend%C3%A1rio%20p%C3%A9%20de%20meia&geo=BR"
"uss abraham lincoln (cvn-72)","2 mil+","3 de septiembre de 2026 a las 16:10:00 UTC-3","3 de septiembre de 2026 a las 19:50:00 UTC-3","uss abraham lincoln (cvn-72),pattaya","./explore?q=uss%20abraham%20lincoln%20%28cvn-72%29&geo=BR"
"icl","2 mil+","2 de septiembre de 2026 a las 7:40:00 UTC-3","2 de septiembre de 2026 a las 14:30:00 UTC-3","icl","./explore?q=icl&geo=BR"
"x-men","2 mil+","29 de agosto de 2026 a las 21:20:00 UTC-3","31 de agosto de 2026 a las 8:40:00 UTC-3","x-men","./explore?q=x-men&geo=BR"
"santos palmeiras","2 mil+","2 de septiembre de 2026 a las 21:30:00 UTC-3","3 de septiembre de 2026 a las 8:30:00 UTC-3","santos palmeiras,palmeiras santos","./explore?q=santos%20palmeiras&geo=BR"
"mareks gaļinskis","2 mil+","30 de agosto de 2026 a las 15:20:00 UTC-3","31 de agosto de 2026 a las 10:30:00 UTC-3","mareks gaļinskis","./explore?q=mareks%20ga%C4%BCinskis&geo=BR"
"renato gaúcho","2 mil+","30 de agosto de 2026 a las 21:00:00 UTC-3","31 de agosto de 2026 a las 23:10:00 UTC-3","renato gaúcho","./explore?q=renato%20ga%C3%BAcho&geo=BR"
"ea sports fc 27","2 mil+","2 de septiembre de 2026 a las 17:40:00 UTC-3","3 de septiembre de 2026 a las 13:00:00 UTC-3","ea sports fc 27","./explore?q=ea%20sports%20fc%2027&geo=BR"
"the blood of dawnwalker","2 mil+","2 de septiembre de 2026 a las 19:40:00 UTC-3","3 de septiembre de 2026 a las 3:20:00 UTC-3","the blood of dawnwalker","./explore?q=the%20blood%20of%20dawnwalker&geo=BR"
"travis kelce","2 mil+","31 de agosto de 2026 a las 13:00:00 UTC-3","31 de agosto de 2026 a las 23:00:00 UTC-3","travis kelce","./explore?q=travis%20kelce&geo=BR"
"vacina pneumocócica","2 mil+","29 de agosto de 2026 a las 22:40:00 UTC-3","30 de agosto de 2026 a las 20:50:00 UTC-3","vacina pneumocócica","./explore?q=vacina%20pneumoc%C3%B3cica&geo=BR"
"boeing","2 mil+","1 de septiembre de 2026 a las 6:00:00 UTC-3","1 de septiembre de 2026 a las 15:50:00 UTC-3","boeing","./explore?q=boeing&geo=BR"
"climatização","2 mil+","30 de agosto de 2026 a las 8:50:00 UTC-3","31 de agosto de 2026 a las 8:00:00 UTC-3","climatização","./explore?q=climatiza%C3%A7%C3%A3o&geo=BR"
"fable 5.1","2 mil+","1 de septiembre de 2026 a las 15:00:00 UTC-3","2 de septiembre de 2026 a las 9:20:00 UTC-3","fable 5.1","./explore?q=fable%205.1&geo=BR"
"sassuolo x frosinone","2 mil+","2 de septiembre de 2026 a las 9:30:00 UTC-3","2 de septiembre de 2026 a las 14:20:00 UTC-3","sassuolo x frosinone,sassuolo x","./explore?q=sassuolo%20x%20frosinone&geo=BR"
"netvasco","2 mil+","2 de septiembre de 2026 a las 23:50:00 UTC-3","3 de septiembre de 2026 a las 7:40:00 UTC-3","netvasco,everton cebolinha,cebolinha","./explore?q=netvasco&geo=BR"
"oposição","2 mil+","29 de agosto de 2026 a las 14:40:00 UTC-3","30 de agosto de 2026 a las 11:40:00 UTC-3","oposição","./explore?q=oposi%C3%A7%C3%A3o&geo=BR"
"sedentarismo","2 mil+","31 de agosto de 2026 a las 7:30:00 UTC-3","31 de agosto de 2026 a las 17:40:00 UTC-3","sedentarismo","./explore?q=sedentarismo&geo=BR"
"paok","2 mil+","2 de septiembre de 2026 a las 16:50:00 UTC-3","2 de septiembre de 2026 a las 19:50:00 UTC-3","paok","./explore?q=paok&geo=BR"
"ator","2 mil+","31 de agosto de 2026 a las 10:00:00 UTC-3","31 de agosto de 2026 a las 20:30:00 UTC-3","ator","./explore?q=ator&geo=BR"
"resende","2 mil+","31 de agosto de 2026 a las 12:00:00 UTC-3","31 de agosto de 2026 a las 22:50:00 UTC-3","resende","./explore?q=resende&geo=BR"
"rangers","2 mil+","2 de septiembre de 2026 a las 16:10:00 UTC-3","2 de septiembre de 2026 a las 19:20:00 UTC-3","rangers","./explore?q=rangers&geo=BR"
"once caldas","2 mil+","1 de septiembre de 2026 a las 17:40:00 UTC-3","2 de septiembre de 2026 a las 1:20:00 UTC-3","once caldas","./explore?q=once%20caldas&geo=BR"
"a mulher secreta","2 mil+","29 de agosto de 2026 a las 15:50:00 UTC-3","31 de agosto de 2026 a las 0:30:00 UTC-3","a mulher secreta","./explore?q=a%20mulher%20secreta&geo=BR"
"torino x a.c. monza","2 mil+","1 de septiembre de 2026 a las 15:20:00 UTC-3","1 de septiembre de 2026 a las 20:20:00 UTC-3","torino x a.c. monza,torino x,torino x monza","./explore?q=torino%20x%20a.c.%20monza&geo=BR"
"metrópoles","2 mil+","1 de septiembre de 2026 a las 6:20:00 UTC-3","2 de septiembre de 2026 a las 14:10:00 UTC-3","metrópoles","./explore?q=metr%C3%B3poles&geo=BR"
"governo lula","2 mil+","2 de septiembre de 2026 a las 12:30:00 UTC-3","2 de septiembre de 2026 a las 20:00:00 UTC-3","governo lula,salario minimo,reserva","./explore?q=governo%20lula&geo=BR"
"classificação do brasileirão","2 mil+","2 de septiembre de 2026 a las 20:20:00 UTC-3","2 de septiembre de 2026 a las 22:30:00 UTC-3","classificação do brasileirão,brasileirão série a classificação,classificação brasileirão","./explore?q=classifica%C3%A7%C3%A3o%20do%20brasileir%C3%A3o&geo=BR"
"defesa civil rio do sul","2 mil+","30 de agosto de 2026 a las 22:50:00 UTC-3","1 de septiembre de 2026 a las 8:10:00 UTC-3","defesa civil rio do sul","./explore?q=defesa%20civil%20rio%20do%20sul&geo=BR"
"novelas quem ama cuida","2 mil+","31 de agosto de 2026 a las 9:50:00 UTC-3","31 de agosto de 2026 a las 20:10:00 UTC-3","novelas quem ama cuida","./explore?q=novelas%20quem%20ama%20cuida&geo=BR"
"porta-aviões","2 mil+","3 de septiembre de 2026 a las 8:00:00 UTC-3","3 de septiembre de 2026 a las 14:40:00 UTC-3","porta-aviões,navio","./explore?q=porta-avi%C3%B5es&geo=BR"
"al feiha x al kholood","2 mil+","3 de septiembre de 2026 a las 12:30:00 UTC-3","3 de septiembre de 2026 a las 15:20:00 UTC-3","al feiha x al kholood,al feiha al-kholood 03/09/2026","./explore?q=al%20feiha%20x%20al%20kholood&geo=BR"
"portugal","2 mil+","29 de agosto de 2026 a las 13:20:00 UTC-3","30 de agosto de 2026 a las 8:30:00 UTC-3","portugal","./explore?q=portugal&geo=BR"
"energia solar","2 mil+","30 de agosto de 2026 a las 18:40:00 UTC-3","31 de agosto de 2026 a las 9:20:00 UTC-3","energia solar","./explore?q=energia%20solar&geo=BR"
"windy","2 mil+","30 de agosto de 2026 a las 21:10:00 UTC-3","1 de septiembre de 2026 a las 7:20:00 UTC-3","windy","./explore?q=windy&geo=BR"
"the blood of dawnwalker","2 mil+","1 de septiembre de 2026 a las 9:40:00 UTC-3","1 de septiembre de 2026 a las 19:30:00 UTC-3","the blood of dawnwalker","./explore?q=the%20blood%20of%20dawnwalker&geo=BR"
"tigre x barracas central","2 mil+","31 de agosto de 2026 a las 20:40:00 UTC-3","1 de septiembre de 2026 a las 7:20:00 UTC-3","tigre x barracas central,tigre barracas central 31/08/2026,tigre x","./explore?q=tigre%20x%20barracas%20central&geo=BR"
"udinese x venezia","2 mil+","2 de septiembre de 2026 a las 12:10:00 UTC-3","2 de septiembre de 2026 a las 17:40:00 UTC-3","udinese x venezia,udinese fc","./explore?q=udinese%20x%20venezia&geo=BR"
"dust2","2 mil+","31 de agosto de 2026 a las 11:00:00 UTC-3","31 de agosto de 2026 a las 18:40:00 UTC-3","dust2","./explore?q=dust2&geo=BR"
"thiago mastroianni","2 mil+","1 de septiembre de 2026 a las 12:30:00 UTC-3","1 de septiembre de 2026 a las 20:50:00 UTC-3","thiago mastroianni","./explore?q=thiago%20mastroianni&geo=BR"
"united labz","2 mil+","1 de septiembre de 2026 a las 10:20:00 UTC-3","1 de septiembre de 2026 a las 18:40:00 UTC-3","united labz","./explore?q=united%20labz&geo=BR"
"burnley x middlesbrough","2 mil+","2 de septiembre de 2026 a las 15:20:00 UTC-3","2 de septiembre de 2026 a las 20:00:00 UTC-3","burnley x middlesbrough,classificações de burnley x middlesbrough","./explore?q=burnley%20x%20middlesbrough&geo=BR"
"sefaz sc","2 mil+","1 de septiembre de 2026 a las 18:10:00 UTC-3","2 de septiembre de 2026 a las 12:40:00 UTC-3","sefaz sc,edital sefaz sc,sefaz sc concurso","./explore?q=sefaz%20sc&geo=BR"
"supermercado","2 mil+","30 de agosto de 2026 a las 6:00:00 UTC-3","30 de agosto de 2026 a las 17:10:00 UTC-3","supermercado","./explore?q=supermercado&geo=BR"
"coquimbo unido x univ. concepción","2 mil+","2 de septiembre de 2026 a las 18:30:00 UTC-3","2 de septiembre de 2026 a las 22:00:00 UTC-3","coquimbo unido x univ. concepción","./explore?q=coquimbo%20unido%20x%20univ.%20concepci%C3%B3n&geo=BR"
"instituto nacional de meteorologia","2 mil+","29 de agosto de 2026 a las 16:50:00 UTC-3","30 de agosto de 2026 a las 13:30:00 UTC-3","instituto nacional de meteorologia","./explore?q=instituto%20nacional%20de%20meteorologia&geo=BR"
"jaime faria","2 mil+","2 de septiembre de 2026 a las 21:40:00 UTC-3","3 de septiembre de 2026 a las 0:50:00 UTC-3","jaime faria,wu yibing,roman safiullin,sabalenka","./explore?q=jaime%20faria&geo=BR"
"big data","2 mil+","1 de septiembre de 2026 a las 9:40:00 UTC-3","2 de septiembre de 2026 a las 6:50:00 UTC-3","big data","./explore?q=big%20data&geo=BR"
"finanças","2 mil+","2 de septiembre de 2026 a las 6:30:00 UTC-3","2 de septiembre de 2026 a las 13:30:00 UTC-3","finanças,tesouro direto","./explore?q=finan%C3%A7as&geo=BR"
"parma x cremonese","2 mil+","1 de septiembre de 2026 a las 12:10:00 UTC-3","1 de septiembre de 2026 a las 17:10:00 UTC-3","parma x cremonese,parma x","./explore?q=parma%20x%20cremonese&geo=BR"
"xbox game pass","2 mil+","1 de septiembre de 2026 a las 17:00:00 UTC-3","1 de septiembre de 2026 a las 20:50:00 UTC-3","xbox game pass,jogo de xbox","./explore?q=xbox%20game%20pass&geo=BR"
"barrashopping","2 mil+","30 de agosto de 2026 a las 11:50:00 UTC-3","31 de agosto de 2026 a las 7:20:00 UTC-3","barrashopping","./explore?q=barrashopping&geo=BR"
"campeonato brasileiro a","2 mil+","2 de septiembre de 2026 a las 20:10:00 UTC-3","2 de septiembre de 2026 a las 22:40:00 UTC-3","campeonato brasileiro a","./explore?q=campeonato%20brasileiro%20a&geo=BR"
"bb","2 mil+","3 de septiembre de 2026 a las 19:40:00 UTC-3","3 de septiembre de 2026 a las 21:10:00 UTC-3","bb","./explore?q=bb&geo=BR"
"dept. q","2 mil+","1 de septiembre de 2026 a las 20:30:00 UTC-3","2 de septiembre de 2026 a las 13:10:00 UTC-3","dept. q","./explore?q=dept.%20q&geo=BR"
"instituto x san lorenzo","2 mil+","31 de agosto de 2026 a las 20:50:00 UTC-3","1 de septiembre de 2026 a las 8:10:00 UTC-3","instituto x san lorenzo","./explore?q=instituto%20x%20san%20lorenzo&geo=BR"
"colesterol","2 mil+","30 de agosto de 2026 a las 19:20:00 UTC-3","31 de agosto de 2026 a las 8:00:00 UTC-3","colesterol","./explore?q=colesterol&geo=BR"
"defensa y justicia x platense","2 mil+","31 de agosto de 2026 a las 18:30:00 UTC-3","31 de agosto de 2026 a las 22:10:00 UTC-3","defensa y justicia x platense,classificações de defensa y justicia x platense","./explore?q=defensa%20y%20justicia%20x%20platense&geo=BR"
"evertton araújo","2 mil+","2 de septiembre de 2026 a las 20:10:00 UTC-3","2 de septiembre de 2026 a las 22:10:00 UTC-3","evertton araújo,erick pulgar,josé boto","./explore?q=evertton%20ara%C3%BAjo&geo=BR"
"bolsa","2 mil+","30 de agosto de 2026 a las 20:40:00 UTC-3","31 de agosto de 2026 a las 9:30:00 UTC-3","bolsa","./explore?q=bolsa&geo=BR"
"brasileiro série a","2 mil+","2 de septiembre de 2026 a las 20:10:00 UTC-3","2 de septiembre de 2026 a las 22:30:00 UTC-3","brasileiro série a,jogo ao vivo,flamengo x botafogo minuto a minuto,quanto tá o jogo flamengo e mirassol,quanto tá o jogo","./explore?q=brasileiro%20s%C3%A9rie%20a&geo=BR"
"ficção científica","2 mil+","31 de agosto de 2026 a las 17:00:00 UTC-3","31 de agosto de 2026 a las 21:40:00 UTC-3","ficção científica","./explore?q=fic%C3%A7%C3%A3o%20cient%C3%ADfica&geo=BR"
"roberto de carvalho","2 mil+","1 de septiembre de 2026 a las 13:40:00 UTC-3","1 de septiembre de 2026 a las 22:10:00 UTC-3","roberto de carvalho","./explore?q=roberto%20de%20carvalho&geo=BR"
"celtic","2 mil+","2 de septiembre de 2026 a las 15:50:00 UTC-3","2 de septiembre de 2026 a las 18:40:00 UTC-3","celtic","./explore?q=celtic&geo=BR"
"millwall x wrexham","2 mil+","2 de septiembre de 2026 a las 15:20:00 UTC-3","2 de septiembre de 2026 a las 18:40:00 UTC-3","millwall x wrexham","./explore?q=millwall%20x%20wrexham&geo=BR"
"bem de família","2 mil+","30 de agosto de 2026 a las 14:40:00 UTC-3","31 de agosto de 2026 a las 8:40:00 UTC-3","bem de família","./explore?q=bem%20de%20fam%C3%ADlia&geo=BR"
"br-470","2 mil+","1 de septiembre de 2026 a las 11:50:00 UTC-3","1 de septiembre de 2026 a las 20:50:00 UTC-3","br-470","./explore?q=br-470&geo=BR"
"parapente","2 mil+","29 de agosto de 2026 a las 12:40:00 UTC-3","29 de agosto de 2026 a las 21:00:00 UTC-3","parapente","./explore?q=parapente&geo=BR"
"barragem","2 mil+","1 de septiembre de 2026 a las 9:30:00 UTC-3","1 de septiembre de 2026 a las 16:40:00 UTC-3","barragem","./explore?q=barragem&geo=BR"
"araçoiaba da serra","2 mil+","31 de agosto de 2026 a las 18:50:00 UTC-3","1 de septiembre de 2026 a las 7:20:00 UTC-3","araçoiaba da serra","./explore?q=ara%C3%A7oiaba%20da%20serra&geo=BR"
"delcy rodríguez","2 mil+","30 de agosto de 2026 a las 6:10:00 UTC-3","30 de agosto de 2026 a las 14:50:00 UTC-3","delcy rodríguez,petróleo,globo news","./explore?q=delcy%20rodr%C3%ADguez&geo=BR"
"fiorentina","2 mil+","29 de agosto de 2026 a las 12:00:00 UTC-3","29 de agosto de 2026 a las 18:30:00 UTC-3","fiorentina","./explore?q=fiorentina&geo=BR"
"domingão com huck","2 mil+","1 de septiembre de 2026 a las 12:00:00 UTC-3","1 de septiembre de 2026 a las 21:20:00 UTC-3","domingão com huck,globo","./explore?q=doming%C3%A3o%20com%20huck&geo=BR"
"one ui","2 mil+","1 de septiembre de 2026 a las 20:00:00 UTC-3","1 de septiembre de 2026 a las 23:00:00 UTC-3","one ui,one ui 9","./explore?q=one%20ui&geo=BR"
"ferias","2 mil+","31 de agosto de 2026 a las 17:00:00 UTC-3","1 de septiembre de 2026 a las 10:30:00 UTC-3","ferias","./explore?q=ferias&geo=BR"
"lavar","2 mil+","29 de agosto de 2026 a las 16:10:00 UTC-3","29 de agosto de 2026 a las 22:40:00 UTC-3","lavar","./explore?q=lavar&geo=BR"
"seleção mexicana de basquetebol masculino x seleção brasileira de basquetebol masculino","2 mil+","31 de agosto de 2026 a las 22:10:00 UTC-3","1 de septiembre de 2026 a las 7:40:00 UTC-3","seleção mexicana de basquetebol masculino x seleção brasileira de basquetebol masculino,brasil basquete","./explore?q=sele%C3%A7%C3%A3o%20mexicana%20de%20basquetebol%20masculino%20x%20sele%C3%A7%C3%A3o%20brasileira%20de%20basquetebol%20masculino&geo=BR"
"primavera","2 mil+","1 de septiembre de 2026 a las 6:20:00 UTC-3","1 de septiembre de 2026 a las 16:30:00 UTC-3","primavera,clima para hoje","./explore?q=primavera&geo=BR"
"ação","2 mil+","29 de agosto de 2026 a las 16:20:00 UTC-3","30 de agosto de 2026 a las 19:10:00 UTC-3","ação","./explore?q=a%C3%A7%C3%A3o&geo=BR"
"adria arjona","2 mil+","31 de agosto de 2026 a las 15:00:00 UTC-3","1 de septiembre de 2026 a las 6:50:00 UTC-3","adria arjona","./explore?q=adria%20arjona&geo=BR"
"cryptocurrency trading","2 mil+","1 de septiembre de 2026 a las 23:40:00 UTC-3","2 de septiembre de 2026 a las 7:50:00 UTC-3","cryptocurrency trading","./explore?q=cryptocurrency%20trading&geo=BR"
"fiorentina x frosinone","2 mil+","29 de agosto de 2026 a las 12:40:00 UTC-3","29 de agosto de 2026 a las 19:10:00 UTC-3","fiorentina x frosinone,fiorentina x","./explore?q=fiorentina%20x%20frosinone&geo=BR"
"penedo","2 mil+","31 de agosto de 2026 a las 12:50:00 UTC-3","31 de agosto de 2026 a las 19:00:00 UTC-3","penedo","./explore?q=penedo&geo=BR"
"coquimbo unido x huachipato","2 mil+","30 de agosto de 2026 a las 20:30:00 UTC-3","31 de agosto de 2026 a las 7:30:00 UTC-3","coquimbo unido x huachipato,huachipato","./explore?q=coquimbo%20unido%20x%20huachipato&geo=BR"
"casper ruud","2 mil+","30 de agosto de 2026 a las 18:50:00 UTC-3","30 de agosto de 2026 a las 23:10:00 UTC-3","casper ruud","./explore?q=casper%20ruud&geo=BR"
"teste","2 mil+","3 de septiembre de 2026 a las 11:40:00 UTC-3","3 de septiembre de 2026 a las 13:10:00 UTC-3","teste","./explore?q=teste&geo=BR"
"milton soldani afonso","2 mil+","2 de septiembre de 2026 a las 22:10:00 UTC-3","3 de septiembre de 2026 a las 0:10:00 UTC-3","milton soldani afonso,milton afonso","./explore?q=milton%20soldani%20afonso&geo=BR"
"lazio","2 mil+","30 de agosto de 2026 a las 15:10:00 UTC-3","30 de agosto de 2026 a las 18:50:00 UTC-3","lazio","./explore?q=lazio&geo=BR"
"franquia","2 mil+","30 de agosto de 2026 a las 6:30:00 UTC-3","30 de agosto de 2026 a las 16:40:00 UTC-3","franquia","./explore?q=franquia&geo=BR"
"ciclismo","2 mil+","30 de agosto de 2026 a las 8:00:00 UTC-3","30 de agosto de 2026 a las 16:30:00 UTC-3","ciclismo","./explore?q=ciclismo&geo=BR"
"felipe morais","2 mil+","29 de agosto de 2026 a las 23:10:00 UTC-3","30 de agosto de 2026 a las 10:00:00 UTC-3","felipe morais","./explore?q=felipe%20morais&geo=BR"
"bernard","2 mil+","1 de septiembre de 2026 a las 21:10:00 UTC-3","2 de septiembre de 2026 a las 0:30:00 UTC-3","bernard,everson","./explore?q=bernard&geo=BR"
"31 de agosto","2 mil+","30 de agosto de 2026 a las 23:50:00 UTC-3","31 de agosto de 2026 a las 11:40:00 UTC-3","31 de agosto,virgem","./explore?q=31%20de%20agosto&geo=BR"
"polina iatcenko","2 mil+","2 de septiembre de 2026 a las 20:20:00 UTC-3","2 de septiembre de 2026 a las 22:10:00 UTC-3","polina iatcenko,sabalenka,iatcenko,camila osorio","./explore?q=polina%20iatcenko&geo=BR"
"explosão","2 mil+","30 de agosto de 2026 a las 12:30:00 UTC-3","30 de agosto de 2026 a las 19:50:00 UTC-3","explosão","./explore?q=explos%C3%A3o&geo=BR"
"2 de mayo x sportivo luqueño","2 mil+","1 de septiembre de 2026 a las 17:50:00 UTC-3","1 de septiembre de 2026 a las 21:20:00 UTC-3","2 de mayo x sportivo luqueño","./explore?q=2%20de%20mayo%20x%20sportivo%20luque%C3%B1o&geo=BR"
"semente","2 mil+","30 de agosto de 2026 a las 16:00:00 UTC-3","31 de agosto de 2026 a las 13:00:00 UTC-3","semente","./explore?q=semente&geo=BR"
"advogado gabriel xique xique","2 mil+","30 de agosto de 2026 a las 14:10:00 UTC-3","30 de agosto de 2026 a las 19:10:00 UTC-3","advogado gabriel xique xique","./explore?q=advogado%20gabriel%20xique%20xique&geo=BR"
"isabela garcia","2 mil+","1 de septiembre de 2026 a las 10:50:00 UTC-3","1 de septiembre de 2026 a las 23:20:00 UTC-3","isabela garcia","./explore?q=isabela%20garcia&geo=BR"
"real sociedad","2 mil+","29 de agosto de 2026 a las 12:50:00 UTC-3","29 de agosto de 2026 a las 18:20:00 UTC-3","real sociedad","./explore?q=real%20sociedad&geo=BR"
"dança dos famosos","2 mil+","31 de agosto de 2026 a las 10:50:00 UTC-3","31 de agosto de 2026 a las 15:50:00 UTC-3","dança dos famosos","./explore?q=dan%C3%A7a%20dos%20famosos&geo=BR"
"napoli x","2 mil+","30 de agosto de 2026 a las 13:00:00 UTC-3","30 de agosto de 2026 a las 17:20:00 UTC-3","napoli x","./explore?q=napoli%20x&geo=BR"
"america","2 mil+","30 de agosto de 2026 a las 16:30:00 UTC-3","30 de agosto de 2026 a las 23:30:00 UTC-3","america,trump","./explore?q=america&geo=BR"
"gta 6 ps5 pro","2 mil+","30 de agosto de 2026 a las 18:50:00 UTC-3","30 de agosto de 2026 a las 23:10:00 UTC-3","gta 6 ps5 pro,gta 6 online","./explore?q=gta%206%20ps5%20pro&geo=BR"
"zodíaco","2 mil+","31 de agosto de 2026 a las 8:10:00 UTC-3","31 de agosto de 2026 a las 13:00:00 UTC-3","zodíaco,mes de setembro,tarô","./explore?q=zod%C3%ADaco&geo=BR"
"shineray denver 400","2 mil+","31 de agosto de 2026 a las 20:40:00 UTC-3","31 de agosto de 2026 a las 23:30:00 UTC-3","shineray denver 400,shineray sbm denver 400","./explore?q=shineray%20denver%20400&geo=BR"
"harry styles","2 mil+","30 de agosto de 2026 a las 12:10:00 UTC-3","30 de agosto de 2026 a las 20:20:00 UTC-3","harry styles","./explore?q=harry%20styles&geo=BR"
"alerta amarelo: tempestade","2 mil+","1 de septiembre de 2026 a las 4:40:00 UTC-3","1 de septiembre de 2026 a las 7:10:00 UTC-3","alerta amarelo: tempestade","./explore?q=alerta%20amarelo%3A%20tempestade&geo=BR"
"sheffield united","2 mil+","1 de septiembre de 2026 a las 14:20:00 UTC-3","1 de septiembre de 2026 a las 18:50:00 UTC-3","sheffield united,bolton","./explore?q=sheffield%20united&geo=BR"
"robinho jr.","2 mil+","1 de septiembre de 2026 a las 18:10:00 UTC-3","1 de septiembre de 2026 a las 20:50:00 UTC-3","robinho jr.,cidadania","./explore?q=robinho%20jr.&geo=BR"
"rennes","2 mil+","30 de agosto de 2026 a las 8:10:00 UTC-3","30 de agosto de 2026 a las 15:40:00 UTC-3","rennes","./explore?q=rennes&geo=BR"
"poco x8","2 mil+","31 de agosto de 2026 a las 20:50:00 UTC-3","1 de septiembre de 2026 a las 0:40:00 UTC-3","poco x8,poco x8 5g","./explore?q=poco%20x8&geo=BR"
"metro df","2 mil+","31 de agosto de 2026 a las 21:20:00 UTC-3","1 de septiembre de 2026 a las 8:40:00 UTC-3","metro df,greve metro df","./explore?q=metro%20df&geo=BR"
"tolima x cúcuta","2 mil+","31 de agosto de 2026 a las 21:30:00 UTC-3","1 de septiembre de 2026 a las 1:10:00 UTC-3","tolima x cúcuta","./explore?q=tolima%20x%20c%C3%BAcuta&geo=BR"
"figueirense futebol clube","2 mil+","31 de agosto de 2026 a las 17:00:00 UTC-3","31 de agosto de 2026 a las 21:40:00 UTC-3","figueirense futebol clube","./explore?q=figueirense%20futebol%20clube&geo=BR"
"agosto","2 mil+","30 de agosto de 2026 a las 18:10:00 UTC-3","31 de agosto de 2026 a las 8:10:00 UTC-3","agosto,petr4,ibov","./explore?q=agosto&geo=BR"
"orense sporting club x macará","2 mil+","30 de agosto de 2026 a las 16:40:00 UTC-3","30 de agosto de 2026 a las 20:30:00 UTC-3","orense sporting club x macará","./explore?q=orense%20sporting%20club%20x%20macar%C3%A1&geo=BR"
"revista crusoé","2 mil+","29 de agosto de 2026 a las 13:10:00 UTC-3","29 de agosto de 2026 a las 20:00:00 UTC-3","revista crusoé","./explore?q=revista%20cruso%C3%A9&geo=BR"
"alexandra martins","2 mil+","1 de septiembre de 2026 a las 9:50:00 UTC-3","1 de septiembre de 2026 a las 19:40:00 UTC-3","alexandra martins,antonio fagundes","./explore?q=alexandra%20martins&geo=BR"
"independiente medellín x llaneros fc","2 mil+","30 de agosto de 2026 a las 17:20:00 UTC-3","30 de agosto de 2026 a las 21:10:00 UTC-3","independiente medellín x llaneros fc,independiente medellín","./explore?q=independiente%20medell%C3%ADn%20x%20llaneros%20fc&geo=BR"
"caxias x inter de limeira","2 mil+","29 de agosto de 2026 a las 16:40:00 UTC-3","29 de agosto de 2026 a las 20:50:00 UTC-3","caxias x inter de limeira","./explore?q=caxias%20x%20inter%20de%20limeira&geo=BR"
"defensa y justicia","2 mil+","31 de agosto de 2026 a las 18:00:00 UTC-3","31 de agosto de 2026 a las 22:10:00 UTC-3","defensa y justicia","./explore?q=defensa%20y%20justicia&geo=BR"
"lazio x genoa","2 mil+","30 de agosto de 2026 a las 15:10:00 UTC-3","30 de agosto de 2026 a las 19:50:00 UTC-3","lazio x genoa,lazio x","./explore?q=lazio%20x%20genoa&geo=BR"
"gta 5","2 mil+","1 de septiembre de 2026 a las 19:10:00 UTC-3","1 de septiembre de 2026 a las 21:10:00 UTC-3","gta 5,grand theft auto v","./explore?q=gta%205&geo=BR"
"utrecht x psv","2 mil+","30 de agosto de 2026 a las 6:40:00 UTC-3","30 de agosto de 2026 a las 11:50:00 UTC-3","utrecht x psv,psv fc","./explore?q=utrecht%20x%20psv&geo=BR"
"sindicato dos bancários","2 mil+","30 de agosto de 2026 a las 14:20:00 UTC-3","30 de agosto de 2026 a las 21:30:00 UTC-3","sindicato dos bancários","./explore?q=sindicato%20dos%20banc%C3%A1rios&geo=BR"
"psv","2 mil+","30 de agosto de 2026 a las 6:50:00 UTC-3","30 de agosto de 2026 a las 10:30:00 UTC-3","psv","./explore?q=psv&geo=BR"
"deportivo cali","2 mil+","30 de agosto de 2026 a las 20:30:00 UTC-3","31 de agosto de 2026 a las 2:20:00 UTC-3","deportivo cali,deportivo cali x bucaramanga,campeonato colombiano","./explore?q=deportivo%20cali&geo=BR"
"placar do jogo","2 mil+","1 de septiembre de 2026 a las 21:40:00 UTC-3","2 de septiembre de 2026 a las 0:10:00 UTC-3","placar do jogo,jogo hoje","./explore?q=placar%20do%20jogo&geo=BR"
"bodø/glimt x rosenborg","2 mil+","30 de agosto de 2026 a las 8:40:00 UTC-3","30 de agosto de 2026 a las 12:20:00 UTC-3","bodø/glimt x rosenborg,bodo","./explore?q=bod%C3%B8%2Fglimt%20x%20rosenborg&geo=BR"
"sindicato","2 mil+","31 de agosto de 2026 a las 6:10:00 UTC-3","31 de agosto de 2026 a las 10:40:00 UTC-3","sindicato,reajuste bancários 2026,inpc","./explore?q=sindicato&geo=BR"
"fulham","2 mil+","30 de agosto de 2026 a las 10:00:00 UTC-3","30 de agosto de 2026 a las 13:00:00 UTC-3","fulham,sunderland","./explore?q=fulham&geo=BR"
"weather tomorrow","2 mil+","31 de agosto de 2026 a las 18:30:00 UTC-3","31 de agosto de 2026 a las 22:40:00 UTC-3","weather tomorrow","./explore?q=weather%20tomorrow&geo=BR"
"classificações de sevilla x atlético madrid","2 mil+","29 de agosto de 2026 a las 18:40:00 UTC-3","29 de agosto de 2026 a las 21:20:00 UTC-3","classificações de sevilla x atlético madrid","./explore?q=classifica%C3%A7%C3%B5es%20de%20sevilla%20x%20atl%C3%A9tico%20madrid&geo=BR"
"lavar","2 mil+","1 de septiembre de 2026 a las 9:10:00 UTC-3","1 de septiembre de 2026 a las 11:50:00 UTC-3","lavar","./explore?q=lavar&geo=BR"
"drone","2 mil+","30 de agosto de 2026 a las 7:20:00 UTC-3","30 de agosto de 2026 a las 14:40:00 UTC-3","drone","./explore?q=drone&geo=BR"
"al fateh x al-ittihad","2 mil+","29 de agosto de 2026 a las 14:20:00 UTC-3","29 de agosto de 2026 a las 19:40:00 UTC-3","al fateh x al-ittihad,talleres x central córdoba,minnesota united x orlando city","./explore?q=al%20fateh%20x%20al-ittihad&geo=BR"
"independiente x gimnasia mendoza","2 mil+","30 de agosto de 2026 a las 18:50:00 UTC-3","31 de agosto de 2026 a las 5:50:00 UTC-3","independiente x gimnasia mendoza,independiente","./explore?q=independiente%20x%20gimnasia%20mendoza&geo=BR"
"masterchef brasil","2 mil+","2 de septiembre de 2026 a las 11:00:00 UTC-3","2 de septiembre de 2026 a las 14:40:00 UTC-3","masterchef brasil,masterchef,masterchef 2026","./explore?q=masterchef%20brasil&geo=BR"
"benfica x","2 mil+","31 de agosto de 2026 a las 16:20:00 UTC-3","31 de agosto de 2026 a las 19:30:00 UTC-3","benfica x,campeonato português","./explore?q=benfica%20x&geo=BR"
"racing","2 mil+","30 de agosto de 2026 a las 20:50:00 UTC-3","31 de agosto de 2026 a las 0:50:00 UTC-3","racing","./explore?q=racing&geo=BR"
"ldu","2 mil+","1 de septiembre de 2026 a las 23:00:00 UTC-3","2 de septiembre de 2026 a las 0:00:00 UTC-3","ldu","./explore?q=ldu&geo=BR"
"trabzonspor","2 mil+","31 de agosto de 2026 a las 15:40:00 UTC-3","31 de agosto de 2026 a las 18:40:00 UTC-3","trabzonspor,amed x trabzonspor","./explore?q=trabzonspor&geo=BR"
"six flags magic mountain","2 mil+","29 de agosto de 2026 a las 16:40:00 UTC-3","30 de agosto de 2026 a las 9:00:00 UTC-3","six flags magic mountain","./explore?q=six%20flags%20magic%20mountain&geo=BR"
"caminhoneiro","2 mil+","31 de agosto de 2026 a las 5:40:00 UTC-3","31 de agosto de 2026 a las 9:00:00 UTC-3","caminhoneiro","./explore?q=caminhoneiro&geo=BR"
"al kholood x al-ahli saudi","2 mil+","29 de agosto de 2026 a las 12:30:00 UTC-3","29 de agosto de 2026 a las 17:30:00 UTC-3","al kholood x al-ahli saudi","./explore?q=al%20kholood%20x%20al-ahli%20saudi&geo=BR"
"praia","2 mil+","31 de agosto de 2026 a las 20:40:00 UTC-3","1 de septiembre de 2026 a las 7:30:00 UTC-3","praia","./explore?q=praia&geo=BR"
"viking fk","2 mil+","30 de agosto de 2026 a las 11:30:00 UTC-3","30 de agosto de 2026 a las 15:20:00 UTC-3","viking fk,viking fc","./explore?q=viking%20fk&geo=BR"
"augsburg x schalke","2 mil+","30 de agosto de 2026 a las 11:40:00 UTC-3","30 de agosto de 2026 a las 17:00:00 UTC-3","augsburg x schalke","./explore?q=augsburg%20x%20schalke&geo=BR"
"android","2 mil+","29 de agosto de 2026 a las 18:00:00 UTC-3","29 de agosto de 2026 a las 21:30:00 UTC-3","android","./explore?q=android&geo=BR"
"motogp","2 mil+","30 de agosto de 2026 a las 7:10:00 UTC-3","30 de agosto de 2026 a las 12:20:00 UTC-3","motogp,diogo moreira","./explore?q=motogp&geo=BR"
"premiere","2 mil+","1 de septiembre de 2026 a las 20:50:00 UTC-3","1 de septiembre de 2026 a las 22:10:00 UTC-3","premiere","./explore?q=premiere&geo=BR"
"junior x santa fe","2 mil+","29 de agosto de 2026 a las 19:50:00 UTC-3","29 de agosto de 2026 a las 23:30:00 UTC-3","junior x santa fe","./explore?q=junior%20x%20santa%20fe&geo=BR"
"inmet","2 mil+","1 de septiembre de 2026 a las 16:10:00 UTC-3","1 de septiembre de 2026 a las 18:00:00 UTC-3","inmet,previsão do tempo piracicaba","./explore?q=inmet&geo=BR"
"roberta moreira luchsinger","2 mil+","31 de agosto de 2026 a las 7:10:00 UTC-3","31 de agosto de 2026 a las 9:40:00 UTC-3","roberta moreira luchsinger","./explore?q=roberta%20moreira%20luchsinger&geo=BR"
"facundo colidio","2 mil+","29 de agosto de 2026 a las 21:20:00 UTC-3","30 de agosto de 2026 a las 0:30:00 UTC-3","facundo colidio,colidio,colidio vasco","./explore?q=facundo%20colidio&geo=BR"
"futbol club barcelona","2 mil+","31 de agosto de 2026 a las 16:50:00 UTC-3","31 de agosto de 2026 a las 19:30:00 UTC-3","futbol club barcelona,barça","./explore?q=futbol%20club%20barcelona&geo=BR"
"corinthians vs santos fc standings","2 mil+","30 de agosto de 2026 a las 18:10:00 UTC-3","30 de agosto de 2026 a las 21:10:00 UTC-3","corinthians vs santos fc standings,santos vs","./explore?q=corinthians%20vs%20santos%20fc%20standings&geo=BR"
"sevilla - atlético madrid","2 mil+","29 de agosto de 2026 a las 15:50:00 UTC-3","29 de agosto de 2026 a las 20:20:00 UTC-3","sevilla - atlético madrid,álex baena,atlético de madrid,sevilla fc","./explore?q=sevilla%20-%20atl%C3%A9tico%20madrid&geo=BR"
"peñarol x nacional","2 mil+","30 de agosto de 2026 a las 14:50:00 UTC-3","30 de agosto de 2026 a las 18:30:00 UTC-3","peñarol x nacional,penarol","./explore?q=pe%C3%B1arol%20x%20nacional&geo=BR"
"paulista feminino","2 mil+","30 de agosto de 2026 a las 19:40:00 UTC-3","30 de agosto de 2026 a las 21:40:00 UTC-3","paulista feminino","./explore?q=paulista%20feminino&geo=BR"
"moto gp","2 mil+","30 de agosto de 2026 a las 6:40:00 UTC-3","30 de agosto de 2026 a las 12:00:00 UTC-3","moto gp,moto gp hoje","./explore?q=moto%20gp&geo=BR"
"casa","2 mil+","3 de septiembre de 2026 a las 19:30:00 UTC-3","3 de septiembre de 2026 a las 19:50:00 UTC-3","casa","./explore?q=casa&geo=BR"
"irene ravache","2 mil+","30 de agosto de 2026 a las 20:50:00 UTC-3","30 de agosto de 2026 a las 22:40:00 UTC-3","irene ravache","./explore?q=irene%20ravache&geo=BR"
"senador","2 mil+","29 de agosto de 2026 a las 16:10:00 UTC-3","29 de agosto de 2026 a las 21:40:00 UTC-3","senador","./explore?q=senador&geo=BR"
"vinicius júnior","2 mil+","30 de agosto de 2026 a las 13:50:00 UTC-3","30 de agosto de 2026 a las 15:50:00 UTC-3","vinicius júnior","./explore?q=vinicius%20j%C3%BAnior&geo=BR"
"isabeli fontana","2 mil+","30 de agosto de 2026 a las 22:20:00 UTC-3","31 de agosto de 2026 a las 0:30:00 UTC-3","isabeli fontana","./explore?q=isabeli%20fontana&geo=BR"
"wallace yan","2 mil+","30 de agosto de 2026 a las 12:10:00 UTC-3","30 de agosto de 2026 a las 16:20:00 UTC-3","wallace yan","./explore?q=wallace%20yan&geo=BR"
"palmeira","2 mil+","30 de agosto de 2026 a las 19:30:00 UTC-3","30 de agosto de 2026 a las 21:50:00 UTC-3","palmeira","./explore?q=palmeira&geo=BR"
"gustavo henrique","2 mil+","30 de agosto de 2026 a las 16:10:00 UTC-3","30 de agosto de 2026 a las 18:40:00 UTC-3","gustavo henrique","./explore?q=gustavo%20henrique&geo=BR"
"idoso","2 mil+","1 de septiembre de 2026 a las 18:20:00 UTC-3","1 de septiembre de 2026 a las 19:30:00 UTC-3","idoso","./explore?q=idoso&geo=BR"
"club américa x puebla","2 mil+","29 de agosto de 2026 a las 21:50:00 UTC-3","30 de agosto de 2026 a las 1:10:00 UTC-3","club américa x puebla,america mexico","./explore?q=club%20am%C3%A9rica%20x%20puebla&geo=BR"
"globo play","2 mil+","30 de agosto de 2026 a las 15:50:00 UTC-3","30 de agosto de 2026 a las 18:10:00 UTC-3","globo play","./explore?q=globo%20play&geo=BR"
"zélia duncan","2 mil+","29 de agosto de 2026 a las 11:40:00 UTC-3","29 de agosto de 2026 a las 15:10:00 UTC-3","zélia duncan","./explore?q=z%C3%A9lia%20duncan&geo=BR"
"newcastle","2 mil+","29 de agosto de 2026 a las 14:00:00 UTC-3","29 de agosto de 2026 a las 16:20:00 UTC-3","newcastle,spurs vs newcastle,tottenham hotspur football club,yoane wissa,pedro porro","./explore?q=newcastle&geo=BR"
"chelsea vs brighton","2 mil+","30 de agosto de 2026 a las 9:30:00 UTC-3","30 de agosto de 2026 a las 13:00:00 UTC-3","chelsea vs brighton,roméo lavia,cole palmer","./explore?q=chelsea%20vs%20brighton&geo=BR"
"amanhã vai chover","2 mil+","30 de agosto de 2026 a las 20:00:00 UTC-3","31 de agosto de 2026 a las 2:00:00 UTC-3","amanhã vai chover,clima amanhã,temperatura de hoje,temperatura hoje","./explore?q=amanh%C3%A3%20vai%20chover&geo=BR"
"clima tempo","2 mil+","1 de septiembre de 2026 a las 5:50:00 UTC-3","1 de septiembre de 2026 a las 7:10:00 UTC-3","clima tempo,tempo guarulhos,previsão do tempo guarulhos","./explore?q=clima%20tempo&geo=BR"
"emelec x club deportivo leones del norte","2 mil+","30 de agosto de 2026 a las 19:20:00 UTC-3","30 de agosto de 2026 a las 22:50:00 UTC-3","emelec x club deportivo leones del norte,emelec","./explore?q=emelec%20x%20club%20deportivo%20leones%20del%20norte&geo=BR"
"porto","2 mil+","29 de agosto de 2026 a las 14:20:00 UTC-3","29 de agosto de 2026 a las 16:50:00 UTC-3","porto","./explore?q=porto&geo=BR"
"marcos silas traficante","2 mil+","30 de agosto de 2026 a las 15:20:00 UTC-3","30 de agosto de 2026 a las 18:10:00 UTC-3","marcos silas traficante,marcos silas","./explore?q=marcos%20silas%20traficante&geo=BR"
"lyon x","2 mil+","29 de agosto de 2026 a las 16:00:00 UTC-3","29 de agosto de 2026 a las 19:00:00 UTC-3","lyon x","./explore?q=lyon%20x&geo=BR"
"resumo de por voce","2 mil+","1 de septiembre de 2026 a las 20:10:00 UTC-3","1 de septiembre de 2026 a las 21:30:00 UTC-3","resumo de por voce,resumo por você,por voce resumo,resumo da novela por você,novela das 7","./explore?q=resumo%20de%20por%20voce&geo=BR"
"napoli fc","2 mil+","30 de agosto de 2026 a las 13:20:00 UTC-3","30 de agosto de 2026 a las 16:40:00 UTC-3","napoli fc,como fc","./explore?q=napoli%20fc&geo=BR"
"betis","2 mil+","29 de agosto de 2026 a las 12:50:00 UTC-3","29 de agosto de 2026 a las 14:50:00 UTC-3","betis,real betis","./explore?q=betis&geo=BR"
"cruzeiro esporte clube","2 mil+","29 de agosto de 2026 a las 23:10:00 UTC-3","30 de agosto de 2026 a las 0:20:00 UTC-3","cruzeiro esporte clube","./explore?q=cruzeiro%20esporte%20clube&geo=BR"
"candidato","2 mil+","30 de agosto de 2026 a las 10:20:00 UTC-3","30 de agosto de 2026 a las 11:50:00 UTC-3","candidato","./explore?q=candidato&geo=BR"
"tabela do campeonato brasileiro","2 mil+","30 de agosto de 2026 a las 20:30:00 UTC-3","30 de agosto de 2026 a las 22:00:00 UTC-3","tabela do campeonato brasileiro","./explore?q=tabela%20do%20campeonato%20brasileiro&geo=BR"
"jogo flamengo","2 mil+","30 de agosto de 2026 a las 17:40:00 UTC-3","30 de agosto de 2026 a las 18:30:00 UTC-3","jogo flamengo,flamengo jogo","./explore?q=jogo%20flamengo&geo=BR"
"tiempo","2 mil+","30 de agosto de 2026 a las 7:00:00 UTC-3","30 de agosto de 2026 a las 9:20:00 UTC-3","tiempo","./explore?q=tiempo&geo=BR"
"tiempo mañana","2 mil+","29 de agosto de 2026 a las 20:50:00 UTC-3","29 de agosto de 2026 a las 23:10:00 UTC-3","tiempo mañana","./explore?q=tiempo%20ma%C3%B1ana&geo=BR"
"outlook","2 mil+","2 de septiembre de 2026 a las 7:10:00 UTC-3","2 de septiembre de 2026 a las 8:00:00 UTC-3","outlook,dell","./explore?q=outlook&geo=BR"
"tiempo","2 mil+","31 de agosto de 2026 a las 6:10:00 UTC-3","31 de agosto de 2026 a las 7:50:00 UTC-3","tiempo","./explore?q=tiempo&geo=BR"
"weather tomorrow","2 mil+","29 de agosto de 2026 a las 20:40:00 UTC-3","29 de agosto de 2026 a las 22:30:00 UTC-3","weather tomorrow","./explore?q=weather%20tomorrow&geo=BR"
"programação globo","2 mil+","29 de agosto de 2026 a las 21:00:00 UTC-3","30 de agosto de 2026 a las 3:20:00 UTC-3","programação globo,globoplay gratuito,programacao globo,globo programação","./explore?q=programa%C3%A7%C3%A3o%20globo&geo=BR"
"ibovespa","2 mil+","31 de agosto de 2026 a las 18:10:00 UTC-3","31 de agosto de 2026 a las 19:00:00 UTC-3","ibovespa","./explore?q=ibovespa&geo=BR"
"estudiantes","2 mil+","31 de agosto de 2026 a las 20:50:00 UTC-3","31 de agosto de 2026 a las 21:10:00 UTC-3","estudiantes","./explore?q=estudiantes&geo=BR"
"ivete sangalo","2 mil+","30 de agosto de 2026 a las 15:00:00 UTC-3","30 de agosto de 2026 a las 15:30:00 UTC-3","ivete sangalo,eliana","./explore?q=ivete%20sangalo&geo=BR"
"twitch","2 mil+","29 de agosto de 2026 a las 17:40:00 UTC-3","29 de agosto de 2026 a las 18:00:00 UTC-3","twitch","./explore?q=twitch&geo=BR"
"brighton x leeds","1 mil+","5 de septiembre de 2026 a las 10:00:00 UTC-3",,"brighton x leeds","./explore?q=brighton%20x%20leeds&geo=BR"
"brentford x sunderland","1 mil+","5 de septiembre de 2026 a las 10:10:00 UTC-3",,"brentford x sunderland","./explore?q=brentford%20x%20sunderland&geo=BR"
"werder bremen x rb leipzig","1 mil+","5 de septiembre de 2026 a las 9:40:00 UTC-3",,"werder bremen x rb leipzig","./explore?q=werder%20bremen%20x%20rb%20leipzig&geo=BR"
"brasil x","1 mil+","5 de septiembre de 2026 a las 7:10:00 UTC-3",,"brasil x,brasil x tanzania","./explore?q=brasil%20x&geo=BR"
"titina medeiros","1 mil+","5 de septiembre de 2026 a las 9:40:00 UTC-3",,"titina medeiros,marcílio amorim","./explore?q=titina%20medeiros&geo=BR"
"f2","1 mil+","5 de septiembre de 2026 a las 6:40:00 UTC-3",,"f2,formula 2","./explore?q=f2&geo=BR"
"absolvição","1 mil+","5 de septiembre de 2026 a las 7:40:00 UTC-3",,"absolvição,cacá","./explore?q=absolvi%C3%A7%C3%A3o&geo=BR"
"edu guedes","1 mil+","5 de septiembre de 2026 a las 7:00:00 UTC-3",,"edu guedes","./explore?q=edu%20guedes&geo=BR"
"a hora da venenosa","1 mil+","5 de septiembre de 2026 a las 6:10:00 UTC-3",,"a hora da venenosa","./explore?q=a%20hora%20da%20venenosa&geo=BR"
"copa do mundo feminina","1 mil+","5 de septiembre de 2026 a las 10:20:00 UTC-3",,"copa do mundo feminina,fifa,copa","./explore?q=copa%20do%20mundo%20feminina&geo=BR"
"curitiba","1 mil+","5 de septiembre de 2026 a las 6:10:00 UTC-3","5 de septiembre de 2026 a las 9:40:00 UTC-3","curitiba","./explore?q=curitiba&geo=BR"
"sydney sweeney","1 mil+","4 de septiembre de 2026 a las 21:50:00 UTC-3","5 de septiembre de 2026 a las 11:00:00 UTC-3","sydney sweeney","./explore?q=sydney%20sweeney&geo=BR"
"ben shelton","1 mil+","4 de septiembre de 2026 a las 23:50:00 UTC-3","5 de septiembre de 2026 a las 9:00:00 UTC-3","ben shelton,denis shapovalov","./explore?q=ben%20shelton&geo=BR"
"príncipe harry, duque de sussex","1 mil+","4 de septiembre de 2026 a las 20:00:00 UTC-3","5 de septiembre de 2026 a las 8:40:00 UTC-3","príncipe harry, duque de sussex","./explore?q=pr%C3%ADncipe%20harry%2C%20duque%20de%20sussex&geo=BR"
"athletic","1 mil+","4 de septiembre de 2026 a las 20:40:00 UTC-3","5 de septiembre de 2026 a las 6:50:00 UTC-3","athletic","./explore?q=athletic&geo=BR"
"ios 27","1 mil+","4 de septiembre de 2026 a las 16:50:00 UTC-3","4 de septiembre de 2026 a las 23:00:00 UTC-3","ios 27","./explore?q=ios%2027&geo=BR"
"anna kalinskaya","1 mil+","4 de septiembre de 2026 a las 22:30:00 UTC-3","5 de septiembre de 2026 a las 1:30:00 UTC-3","anna kalinskaya,svitolina","./explore?q=anna%20kalinskaya&geo=BR"
"a morte da esposa do pastor","1 mil+","4 de septiembre de 2026 a las 16:40:00 UTC-3","5 de septiembre de 2026 a las 0:50:00 UTC-3","a morte da esposa do pastor","./explore?q=a%20morte%20da%20esposa%20do%20pastor&geo=BR"
"renato jayme","1 mil+","4 de septiembre de 2026 a las 19:30:00 UTC-3","5 de septiembre de 2026 a las 8:20:00 UTC-3","renato jayme","./explore?q=renato%20jayme&geo=BR"
"elina svitolina","1 mil+","4 de septiembre de 2026 a las 22:40:00 UTC-3","5 de septiembre de 2026 a las 1:30:00 UTC-3","elina svitolina,kalinskaya","./explore?q=elina%20svitolina&geo=BR"
"pachuca","1 mil+","4 de septiembre de 2026 a las 23:40:00 UTC-3","5 de septiembre de 2026 a las 3:10:00 UTC-3","pachuca,juarez fc","./explore?q=pachuca&geo=BR"
"semavy","1 mil+","4 de septiembre de 2026 a las 14:50:00 UTC-3","4 de septiembre de 2026 a las 23:20:00 UTC-3","semavy","./explore?q=semavy&geo=BR"
"fernando castro globo","1 mil+","4 de septiembre de 2026 a las 16:40:00 UTC-3","4 de septiembre de 2026 a las 20:30:00 UTC-3","fernando castro globo","./explore?q=fernando%20castro%20globo&geo=BR"
"saka","1 mil+","4 de septiembre de 2026 a las 22:00:00 UTC-3","5 de septiembre de 2026 a las 1:40:00 UTC-3","saka","./explore?q=saka&geo=BR"
"além do tempo","1 mil+","4 de septiembre de 2026 a las 18:00:00 UTC-3","4 de septiembre de 2026 a las 21:10:00 UTC-3","além do tempo","./explore?q=al%C3%A9m%20do%20tempo&geo=BR"
"lotomania 2972","1 mil+","4 de septiembre de 2026 a las 21:30:00 UTC-3","5 de septiembre de 2026 a las 9:00:00 UTC-3","lotomania 2972,lotomania 2971","./explore?q=lotomania%202972&geo=BR"
"torque x cerro largo","1 mil+","4 de septiembre de 2026 a las 18:30:00 UTC-3","4 de septiembre de 2026 a las 21:40:00 UTC-3","torque x cerro largo","./explore?q=torque%20x%20cerro%20largo&geo=BR"
"jogo do crb","1 mil+","4 de septiembre de 2026 a las 21:30:00 UTC-3","5 de septiembre de 2026 a las 0:30:00 UTC-3","jogo do crb","./explore?q=jogo%20do%20crb&geo=BR"
"onimusha","1 mil+","4 de septiembre de 2026 a las 19:00:00 UTC-3","5 de septiembre de 2026 a las 1:30:00 UTC-3","onimusha","./explore?q=onimusha&geo=BR"
"club social y de deportes concepción x audax italiano","1 mil+","4 de septiembre de 2026 a las 21:00:00 UTC-3","5 de septiembre de 2026 a las 0:10:00 UTC-3","club social y de deportes concepción x audax italiano","./explore?q=club%20social%20y%20de%20deportes%20concepci%C3%B3n%20x%20audax%20italiano&geo=BR"
"valentin vacherot","1 mil+","4 de septiembre de 2026 a las 20:20:00 UTC-3","4 de septiembre de 2026 a las 22:50:00 UTC-3","valentin vacherot,vacherot","./explore?q=valentin%20vacherot&geo=BR"
"julio iglesias","1 mil+","4 de septiembre de 2026 a las 18:10:00 UTC-3","4 de septiembre de 2026 a las 22:20:00 UTC-3","julio iglesias","./explore?q=julio%20iglesias&geo=BR"
"isabelle drummond","1 mil+","4 de septiembre de 2026 a las 18:40:00 UTC-3","4 de septiembre de 2026 a las 23:40:00 UTC-3","isabelle drummond","./explore?q=isabelle%20drummond&geo=BR"
"rogéria bolsonaro","1 mil+","4 de septiembre de 2026 a las 17:50:00 UTC-3","4 de septiembre de 2026 a las 21:00:00 UTC-3","rogéria bolsonaro","./explore?q=rog%C3%A9ria%20bolsonaro&geo=BR"
"genoa","1 mil+","4 de septiembre de 2026 a las 15:10:00 UTC-3","4 de septiembre de 2026 a las 18:40:00 UTC-3","genoa","./explore?q=genoa&geo=BR"
"wellington césar lima e silva","1 mil+","4 de septiembre de 2026 a las 17:40:00 UTC-3","4 de septiembre de 2026 a las 21:30:00 UTC-3","wellington césar lima e silva","./explore?q=wellington%20c%C3%A9sar%20lima%20e%20silva&geo=BR"
"tico santa cruz","1 mil+","4 de septiembre de 2026 a las 18:00:00 UTC-3","5 de septiembre de 2026 a las 1:20:00 UTC-3","tico santa cruz,biquini cavadao","./explore?q=tico%20santa%20cruz&geo=BR"
"flávio dino","1 mil+","4 de septiembre de 2026 a las 10:50:00 UTC-3","4 de septiembre de 2026 a las 15:50:00 UTC-3","flávio dino","./explore?q=fl%C3%A1vio%20dino&geo=BR"
"nova twins","1 mil+","4 de septiembre de 2026 a las 16:40:00 UTC-3","4 de septiembre de 2026 a las 18:40:00 UTC-3","nova twins","./explore?q=nova%20twins&geo=BR"
"mariana ximenes","1 mil+","4 de septiembre de 2026 a las 22:00:00 UTC-3","4 de septiembre de 2026 a las 23:00:00 UTC-3","mariana ximenes","./explore?q=mariana%20ximenes&geo=BR"
"policial","1 mil+","4 de septiembre de 2026 a las 17:20:00 UTC-3","4 de septiembre de 2026 a las 20:30:00 UTC-3","policial","./explore?q=policial&geo=BR"
"club brugge","1 mil+","4 de septiembre de 2026 a las 16:20:00 UTC-3","4 de septiembre de 2026 a las 18:30:00 UTC-3","club brugge,lommel x club brugge","./explore?q=club%20brugge&geo=BR"
"zverev","1 mil+","4 de septiembre de 2026 a las 1:20:00 UTC-3","4 de septiembre de 2026 a las 8:50:00 UTC-3","zverev","./explore?q=zverev&geo=BR"
"luciano soul","1 mil+","3 de septiembre de 2026 a las 19:50:00 UTC-3","4 de septiembre de 2026 a las 6:50:00 UTC-3","luciano soul","./explore?q=luciano%20soul&geo=BR"
"viborg","1 mil+","4 de septiembre de 2026 a las 14:20:00 UTC-3","4 de septiembre de 2026 a las 17:00:00 UTC-3","viborg","./explore?q=viborg&geo=BR"
"nina dobrev","1 mil+","3 de septiembre de 2026 a las 17:30:00 UTC-3","4 de septiembre de 2026 a las 9:00:00 UTC-3","nina dobrev","./explore?q=nina%20dobrev&geo=BR"
"tenente","1 mil+","4 de septiembre de 2026 a las 17:00:00 UTC-3","4 de septiembre de 2026 a las 18:30:00 UTC-3","tenente","./explore?q=tenente&geo=BR"
"geely ex2","1 mil+","4 de septiembre de 2026 a las 22:50:00 UTC-3","5 de septiembre de 2026 a las 0:20:00 UTC-3","geely ex2","./explore?q=geely%20ex2&geo=BR"
"alcaraz","1 mil+","4 de septiembre de 2026 a las 17:30:00 UTC-3","4 de septiembre de 2026 a las 19:10:00 UTC-3","alcaraz","./explore?q=alcaraz&geo=BR"
"kisy nascimento","1 mil+","3 de septiembre de 2026 a las 19:10:00 UTC-3","4 de septiembre de 2026 a las 7:50:00 UTC-3","kisy nascimento","./explore?q=kisy%20nascimento&geo=BR"
"bodo glimt","1 mil+","4 de septiembre de 2026 a las 14:50:00 UTC-3","4 de septiembre de 2026 a las 16:40:00 UTC-3","bodo glimt","./explore?q=bodo%20glimt&geo=BR"
"isco","1 mil+","4 de septiembre de 2026 a las 15:50:00 UTC-3","4 de septiembre de 2026 a las 18:30:00 UTC-3","isco","./explore?q=isco&geo=BR"
"psg - mónaco","1 mil+","4 de septiembre de 2026 a las 15:50:00 UTC-3","4 de septiembre de 2026 a las 18:50:00 UTC-3","psg - mónaco,liga francesa,posiciones de psg contra as mónaco","./explore?q=psg%20-%20m%C3%B3naco&geo=BR"
"aeroporto regional de jericoacoara comandante ariston pessoa","1 mil+","3 de septiembre de 2026 a las 18:30:00 UTC-3","4 de septiembre de 2026 a las 8:40:00 UTC-3","aeroporto regional de jericoacoara comandante ariston pessoa","./explore?q=aeroporto%20regional%20de%20jericoacoara%20comandante%20ariston%20pessoa&geo=BR"
"furia esports","1 mil+","3 de septiembre de 2026 a las 22:20:00 UTC-3","4 de septiembre de 2026 a las 9:20:00 UTC-3","furia esports,furia","./explore?q=furia%20esports&geo=BR"
"uberlândia","1 mil+","3 de septiembre de 2026 a las 17:50:00 UTC-3","3 de septiembre de 2026 a las 22:00:00 UTC-3","uberlândia","./explore?q=uberl%C3%A2ndia&geo=BR"
"embraer","1 mil+","3 de septiembre de 2026 a las 12:10:00 UTC-3","3 de septiembre de 2026 a las 17:00:00 UTC-3","embraer,azul linhas aereas","./explore?q=embraer&geo=BR"
"francis amuzu","1 mil+","3 de septiembre de 2026 a las 20:10:00 UTC-3","3 de septiembre de 2026 a las 23:40:00 UTC-3","francis amuzu","./explore?q=francis%20amuzu&geo=BR"
"instituto iter","1 mil+","3 de septiembre de 2026 a las 12:40:00 UTC-3","3 de septiembre de 2026 a las 20:30:00 UTC-3","instituto iter","./explore?q=instituto%20iter&geo=BR"
"ferias","1 mil+","4 de septiembre de 2026 a las 17:20:00 UTC-3","4 de septiembre de 2026 a las 19:00:00 UTC-3","ferias","./explore?q=ferias&geo=BR"
"cagliari x verona","1 mil+","3 de septiembre de 2026 a las 15:30:00 UTC-3","3 de septiembre de 2026 a las 19:00:00 UTC-3","cagliari x verona","./explore?q=cagliari%20x%20verona&geo=BR"
"playstation plus","1 mil+","3 de septiembre de 2026 a las 22:40:00 UTC-3","4 de septiembre de 2026 a las 2:20:00 UTC-3","playstation plus,playstation plus extra","./explore?q=playstation%20plus&geo=BR"
"al draih x al quadisiya","1 mil+","3 de septiembre de 2026 a las 14:10:00 UTC-3","3 de septiembre de 2026 a las 17:50:00 UTC-3","al draih x al quadisiya,al qadsiah","./explore?q=al%20draih%20x%20al%20quadisiya&geo=BR"
"rui costa pimenta","1 mil+","3 de septiembre de 2026 a las 7:50:00 UTC-3","3 de septiembre de 2026 a las 12:00:00 UTC-3","rui costa pimenta","./explore?q=rui%20costa%20pimenta&geo=BR"
"independiente medellín","1 mil+","3 de septiembre de 2026 a las 21:50:00 UTC-3","4 de septiembre de 2026 a las 1:10:00 UTC-3","independiente medellín","./explore?q=independiente%20medell%C3%ADn&geo=BR"
"coca-cola","1 mil+","3 de septiembre de 2026 a las 15:30:00 UTC-3","3 de septiembre de 2026 a las 19:20:00 UTC-3","coca-cola","./explore?q=coca-cola&geo=BR"
"anderlecht","1 mil+","3 de septiembre de 2026 a las 15:40:00 UTC-3","3 de septiembre de 2026 a las 18:30:00 UTC-3","anderlecht","./explore?q=anderlecht&geo=BR"
"paula badosa","1 mil+","3 de septiembre de 2026 a las 20:20:00 UTC-3","3 de septiembre de 2026 a las 23:10:00 UTC-3","paula badosa","./explore?q=paula%20badosa&geo=BR"
"jogos de grêmio","1 mil+","3 de septiembre de 2026 a las 20:10:00 UTC-3","3 de septiembre de 2026 a las 22:50:00 UTC-3","jogos de grêmio","./explore?q=jogos%20de%20gr%C3%AAmio&geo=BR"
"aeroporto regional de jericoacoara - comandante ariston pessoa","1 mil+","3 de septiembre de 2026 a las 14:00:00 UTC-3","3 de septiembre de 2026 a las 18:20:00 UTC-3","aeroporto regional de jericoacoara - comandante ariston pessoa","./explore?q=aeroporto%20regional%20de%20jericoacoara%20-%20comandante%20ariston%20pessoa&geo=BR"
"eduardo cunha","1 mil+","3 de septiembre de 2026 a las 19:50:00 UTC-3","3 de septiembre de 2026 a las 23:10:00 UTC-3","eduardo cunha","./explore?q=eduardo%20cunha&geo=BR"
"zombies","1 mil+","2 de septiembre de 2026 a las 19:20:00 UTC-3","3 de septiembre de 2026 a las 7:40:00 UTC-3","zombies","./explore?q=zombies&geo=BR"
"folha de são paulo","1 mil+","1 de septiembre de 2026 a las 14:50:00 UTC-3","2 de septiembre de 2026 a las 16:40:00 UTC-3","folha de são paulo","./explore?q=folha%20de%20s%C3%A3o%20paulo&geo=BR"
"neom x al khaleej","1 mil+","3 de septiembre de 2026 a las 12:50:00 UTC-3","3 de septiembre de 2026 a las 15:40:00 UTC-3","neom x al khaleej,neom sc","./explore?q=neom%20x%20al%20khaleej&geo=BR"
"primevideo","1 mil+","3 de septiembre de 2026 a las 19:40:00 UTC-3","3 de septiembre de 2026 a las 21:20:00 UTC-3","primevideo","./explore?q=primevideo&geo=BR"
"simon baker","1 mil+","2 de septiembre de 2026 a las 7:20:00 UTC-3","2 de septiembre de 2026 a las 20:20:00 UTC-3","simon baker","./explore?q=simon%20baker&geo=BR"
"lille fc","1 mil+","3 de septiembre de 2026 a las 16:00:00 UTC-3","3 de septiembre de 2026 a las 18:50:00 UTC-3","lille fc","./explore?q=lille%20fc&geo=BR"
"trabalhador","1 mil+","2 de septiembre de 2026 a las 18:20:00 UTC-3","2 de septiembre de 2026 a las 22:40:00 UTC-3","trabalhador","./explore?q=trabalhador&geo=BR"
"toulouse fc","1 mil+","3 de septiembre de 2026 a las 16:10:00 UTC-3","3 de septiembre de 2026 a las 18:50:00 UTC-3","toulouse fc","./explore?q=toulouse%20fc&geo=BR"
"walter kannemann","1 mil+","3 de septiembre de 2026 a las 20:40:00 UTC-3","3 de septiembre de 2026 a las 22:40:00 UTC-3","walter kannemann,kannemann","./explore?q=walter%20kannemann&geo=BR"
"baldasso","1 mil+","3 de septiembre de 2026 a las 20:40:00 UTC-3","3 de septiembre de 2026 a las 23:10:00 UTC-3","baldasso","./explore?q=baldasso&geo=BR"
"lateral","1 mil+","3 de septiembre de 2026 a las 17:20:00 UTC-3","3 de septiembre de 2026 a las 20:10:00 UTC-3","lateral","./explore?q=lateral&geo=BR"
"udinese","1 mil+","2 de septiembre de 2026 a las 12:10:00 UTC-3","2 de septiembre de 2026 a las 17:00:00 UTC-3","udinese","./explore?q=udinese&geo=BR"
"campeonato paraguaio","1 mil+","3 de septiembre de 2026 a las 18:40:00 UTC-3","3 de septiembre de 2026 a las 21:00:00 UTC-3","campeonato paraguaio","./explore?q=campeonato%20paraguaio&geo=BR"
"artilheiro","1 mil+","1 de septiembre de 2026 a las 19:40:00 UTC-3","2 de septiembre de 2026 a las 17:30:00 UTC-3","artilheiro","./explore?q=artilheiro&geo=BR"
"caraguatatuba","1 mil+","2 de septiembre de 2026 a las 15:30:00 UTC-3","2 de septiembre de 2026 a las 21:00:00 UTC-3","caraguatatuba","./explore?q=caraguatatuba&geo=BR"
"celtic x aberdeen","1 mil+","2 de septiembre de 2026 a las 15:30:00 UTC-3","2 de septiembre de 2026 a las 18:40:00 UTC-3","celtic x aberdeen","./explore?q=celtic%20x%20aberdeen&geo=BR"
"nba standings","1 mil+","1 de septiembre de 2026 a las 23:50:00 UTC-3","2 de septiembre de 2026 a las 8:20:00 UTC-3","nba standings","./explore?q=nba%20standings&geo=BR"
"leila pereira","1 mil+","1 de septiembre de 2026 a las 21:30:00 UTC-3","2 de septiembre de 2026 a las 19:00:00 UTC-3","leila pereira","./explore?q=leila%20pereira&geo=BR"
"bu yunchaokete","1 mil+","2 de septiembre de 2026 a las 15:10:00 UTC-3","2 de septiembre de 2026 a las 19:30:00 UTC-3","bu yunchaokete","./explore?q=bu%20yunchaokete&geo=BR"
"celta de vigo","1 mil+","3 de septiembre de 2026 a las 17:40:00 UTC-3","3 de septiembre de 2026 a las 19:00:00 UTC-3","celta de vigo","./explore?q=celta%20de%20vigo&geo=BR"
"marshals","1 mil+","2 de septiembre de 2026 a las 19:10:00 UTC-3","3 de septiembre de 2026 a las 8:00:00 UTC-3","marshals","./explore?q=marshals&geo=BR"
"netflix top movies right now","1 mil+","1 de septiembre de 2026 a las 23:50:00 UTC-3","2 de septiembre de 2026 a las 8:10:00 UTC-3","netflix top movies right now","./explore?q=netflix%20top%20movies%20right%20now&geo=BR"
"joesley batista","1 mil+","1 de septiembre de 2026 a las 5:20:00 UTC-3","1 de septiembre de 2026 a las 12:50:00 UTC-3","joesley batista","./explore?q=joesley%20batista&geo=BR"
"local weekend events","1 mil+","1 de septiembre de 2026 a las 23:50:00 UTC-3","2 de septiembre de 2026 a las 8:10:00 UTC-3","local weekend events","./explore?q=local%20weekend%20events&geo=BR"
"what is a heat index","1 mil+","1 de septiembre de 2026 a las 23:50:00 UTC-3","2 de septiembre de 2026 a las 8:10:00 UTC-3","what is a heat index","./explore?q=what%20is%20a%20heat%20index&geo=BR"
"burnley","1 mil+","2 de septiembre de 2026 a las 16:20:00 UTC-3","2 de septiembre de 2026 a las 19:00:00 UTC-3","burnley","./explore?q=burnley&geo=BR"
"best sci fi tv shows","1 mil+","1 de septiembre de 2026 a las 23:50:00 UTC-3","2 de septiembre de 2026 a las 8:00:00 UTC-3","best sci fi tv shows","./explore?q=best%20sci%20fi%20tv%20shows&geo=BR"
"baleia-jubarte","1 mil+","29 de agosto de 2026 a las 21:20:00 UTC-3","30 de agosto de 2026 a las 13:50:00 UTC-3","baleia-jubarte","./explore?q=baleia-jubarte&geo=BR"
"what is a data breach","1 mil+","1 de septiembre de 2026 a las 23:50:00 UTC-3","2 de septiembre de 2026 a las 8:10:00 UTC-3","what is a data breach","./explore?q=what%20is%20a%20data%20breach&geo=BR"
"ben shelton","1 mil+","31 de agosto de 2026 a las 20:30:00 UTC-3","1 de septiembre de 2026 a las 7:20:00 UTC-3","ben shelton","./explore?q=ben%20shelton&geo=BR"
"delfín x club técnico universitario","1 mil+","1 de septiembre de 2026 a las 17:50:00 UTC-3","1 de septiembre de 2026 a las 21:00:00 UTC-3","delfín x club técnico universitario","./explore?q=delf%C3%ADn%20x%20club%20t%C3%A9cnico%20universitario&geo=BR"
"torino fc","1 mil+","1 de septiembre de 2026 a las 16:30:00 UTC-3","1 de septiembre de 2026 a las 19:30:00 UTC-3","torino fc","./explore?q=torino%20fc&geo=BR"
"rb salzburg x rapid wien","1 mil+","2 de septiembre de 2026 a las 14:50:00 UTC-3","2 de septiembre de 2026 a las 18:20:00 UTC-3","rb salzburg x rapid wien","./explore?q=rb%20salzburg%20x%20rapid%20wien&geo=BR"
"órbita terrestre","1 mil+","30 de agosto de 2026 a las 17:30:00 UTC-3","31 de agosto de 2026 a las 7:10:00 UTC-3","órbita terrestre","./explore?q=%C3%B3rbita%20terrestre&geo=BR"
"andrés gómez","1 mil+","2 de septiembre de 2026 a las 23:00:00 UTC-3","3 de septiembre de 2026 a las 0:40:00 UTC-3","andrés gómez","./explore?q=andr%C3%A9s%20g%C3%B3mez&geo=BR"
"birmingham x southampton","1 mil+","1 de septiembre de 2026 a las 15:20:00 UTC-3","1 de septiembre de 2026 a las 18:50:00 UTC-3","birmingham x southampton","./explore?q=birmingham%20x%20southampton&geo=BR"
"himalayan","1 mil+","2 de septiembre de 2026 a las 7:40:00 UTC-3","2 de septiembre de 2026 a las 14:10:00 UTC-3","himalayan","./explore?q=himalayan&geo=BR"
"murilo huff","1 mil+","2 de septiembre de 2026 a las 6:30:00 UTC-3","2 de septiembre de 2026 a las 16:00:00 UTC-3","murilo huff","./explore?q=murilo%20huff&geo=BR"
"championship","1 mil+","2 de septiembre de 2026 a las 16:30:00 UTC-3","2 de septiembre de 2026 a las 18:40:00 UTC-3","championship","./explore?q=championship&geo=BR"
"joao gomes inhotim","1 mil+","3 de septiembre de 2026 a las 9:50:00 UTC-3","3 de septiembre de 2026 a las 11:20:00 UTC-3","joao gomes inhotim,inhotim ingressos joao gomes,joão gomes inhotim ingressos","./explore?q=joao%20gomes%20inhotim&geo=BR"
"kyle chandler","1 mil+","30 de agosto de 2026 a las 18:40:00 UTC-3","31 de agosto de 2026 a las 4:00:00 UTC-3","kyle chandler","./explore?q=kyle%20chandler&geo=BR"
"br-135","1 mil+","2 de septiembre de 2026 a las 10:30:00 UTC-3","2 de septiembre de 2026 a las 13:50:00 UTC-3","br-135","./explore?q=br-135&geo=BR"
"zack snyder","1 mil+","31 de agosto de 2026 a las 8:30:00 UTC-3","31 de agosto de 2026 a las 15:10:00 UTC-3","zack snyder","./explore?q=zack%20snyder&geo=BR"
"mariano navone","1 mil+","30 de agosto de 2026 a las 20:40:00 UTC-3","31 de agosto de 2026 a las 7:40:00 UTC-3","mariano navone","./explore?q=mariano%20navone&geo=BR"
"sargento","1 mil+","1 de septiembre de 2026 a las 17:40:00 UTC-3","1 de septiembre de 2026 a las 20:00:00 UTC-3","sargento","./explore?q=sargento&geo=BR"
"aviação","1 mil+","31 de agosto de 2026 a las 5:30:00 UTC-3","31 de agosto de 2026 a las 10:40:00 UTC-3","aviação","./explore?q=avia%C3%A7%C3%A3o&geo=BR"
"midtjylland","1 mil+","2 de septiembre de 2026 a las 15:10:00 UTC-3","2 de septiembre de 2026 a las 17:50:00 UTC-3","midtjylland,agf x midtjylland","./explore?q=midtjylland&geo=BR"
"ambulância","1 mil+","2 de septiembre de 2026 a las 6:20:00 UTC-3","2 de septiembre de 2026 a las 8:40:00 UTC-3","ambulância","./explore?q=ambul%C3%A2ncia&geo=BR"
"oscar","1 mil+","1 de septiembre de 2026 a las 15:30:00 UTC-3","1 de septiembre de 2026 a las 20:00:00 UTC-3","oscar","./explore?q=oscar&geo=BR"
"artificial intelligence news","1 mil+","1 de septiembre de 2026 a las 23:50:00 UTC-3","2 de septiembre de 2026 a las 7:50:00 UTC-3","artificial intelligence news,classroom","./explore?q=artificial%20intelligence%20news&geo=BR"
"arnold schwarzenegger","1 mil+","1 de septiembre de 2026 a las 17:00:00 UTC-3","1 de septiembre de 2026 a las 20:10:00 UTC-3","arnold schwarzenegger","./explore?q=arnold%20schwarzenegger&geo=BR"
"monterrey x atlético san luis","1 mil+","30 de agosto de 2026 a las 22:20:00 UTC-3","31 de agosto de 2026 a las 2:20:00 UTC-3","monterrey x atlético san luis","./explore?q=monterrey%20x%20atl%C3%A9tico%20san%20luis&geo=BR"
"sportv","1 mil+","1 de septiembre de 2026 a las 20:50:00 UTC-3","1 de septiembre de 2026 a las 22:40:00 UTC-3","sportv","./explore?q=sportv&geo=BR"
"mateo cassierra","1 mil+","1 de septiembre de 2026 a las 21:10:00 UTC-3","1 de septiembre de 2026 a las 23:50:00 UTC-3","mateo cassierra,cassierra","./explore?q=mateo%20cassierra&geo=BR"
"penarol","1 mil+","2 de septiembre de 2026 a las 20:40:00 UTC-3","2 de septiembre de 2026 a las 23:00:00 UTC-3","penarol","./explore?q=penarol&geo=BR"
"jogo do gremio hoje","1 mil+","30 de agosto de 2026 a las 16:30:00 UTC-3","30 de agosto de 2026 a las 21:30:00 UTC-3","jogo do gremio hoje","./explore?q=jogo%20do%20gremio%20hoje&geo=BR"
"iss","1 mil+","2 de septiembre de 2026 a las 18:30:00 UTC-3","2 de septiembre de 2026 a las 20:10:00 UTC-3","iss","./explore?q=iss&geo=BR"
"kai cenat","1 mil+","29 de agosto de 2026 a las 17:30:00 UTC-3","30 de agosto de 2026 a las 8:40:00 UTC-3","kai cenat","./explore?q=kai%20cenat&geo=BR"
"giuliano bertolucci","1 mil+","1 de septiembre de 2026 a las 15:30:00 UTC-3","1 de septiembre de 2026 a las 19:50:00 UTC-3","giuliano bertolucci","./explore?q=giuliano%20bertolucci&geo=BR"
"pedreiro","1 mil+","2 de septiembre de 2026 a las 6:00:00 UTC-3","2 de septiembre de 2026 a las 13:40:00 UTC-3","pedreiro","./explore?q=pedreiro&geo=BR"
"paris brunner","1 mil+","30 de agosto de 2026 a las 16:50:00 UTC-3","31 de agosto de 2026 a las 1:00:00 UTC-3","paris brunner","./explore?q=paris%20brunner&geo=BR"
"estação espacial","1 mil+","2 de septiembre de 2026 a las 18:40:00 UTC-3","2 de septiembre de 2026 a las 20:00:00 UTC-3","estação espacial,estação espacial internacional,estacao espacial","./explore?q=esta%C3%A7%C3%A3o%20espacial&geo=BR"
"príncipe harry, duque de sussex","1 mil+","31 de agosto de 2026 a las 12:10:00 UTC-3","31 de agosto de 2026 a las 15:50:00 UTC-3","príncipe harry, duque de sussex","./explore?q=pr%C3%ADncipe%20harry%2C%20duque%20de%20sussex&geo=BR"
"silo","1 mil+","30 de agosto de 2026 a las 7:50:00 UTC-3","31 de agosto de 2026 a las 1:40:00 UTC-3","silo","./explore?q=silo&geo=BR"
"blockchain technology","1 mil+","2 de septiembre de 2026 a las 0:00:00 UTC-3","2 de septiembre de 2026 a las 7:50:00 UTC-3","blockchain technology,shein","./explore?q=blockchain%20technology&geo=BR"
"partido dos trabalhadores","1 mil+","29 de agosto de 2026 a las 11:20:00 UTC-3","29 de agosto de 2026 a las 18:00:00 UTC-3","partido dos trabalhadores","./explore?q=partido%20dos%20trabalhadores&geo=BR"
"colisão","1 mil+","30 de agosto de 2026 a las 5:20:00 UTC-3","30 de agosto de 2026 a las 10:40:00 UTC-3","colisão","./explore?q=colis%C3%A3o&geo=BR"
"agustín giay","1 mil+","2 de septiembre de 2026 a las 22:10:00 UTC-3","3 de septiembre de 2026 a las 0:00:00 UTC-3","agustín giay,ramón sosa,flaco lopez","./explore?q=agust%C3%ADn%20giay&geo=BR"
"acessório","1 mil+","31 de agosto de 2026 a las 16:50:00 UTC-3","31 de agosto de 2026 a las 21:00:00 UTC-3","acessório","./explore?q=acess%C3%B3rio&geo=BR"
"kim jong-un","1 mil+","30 de agosto de 2026 a las 10:40:00 UTC-3","30 de agosto de 2026 a las 14:50:00 UTC-3","kim jong-un","./explore?q=kim%20jong-un&geo=BR"
"jogo do atlético","1 mil+","1 de septiembre de 2026 a las 21:30:00 UTC-3","2 de septiembre de 2026 a las 6:50:00 UTC-3","jogo do atlético","./explore?q=jogo%20do%20atl%C3%A9tico&geo=BR"
"infomoney","1 mil+","2 de septiembre de 2026 a las 7:20:00 UTC-3","2 de septiembre de 2026 a las 17:00:00 UTC-3","infomoney","./explore?q=infomoney&geo=BR"
"piauí","1 mil+","30 de agosto de 2026 a las 16:30:00 UTC-3","30 de agosto de 2026 a las 20:30:00 UTC-3","piauí","./explore?q=piau%C3%AD&geo=BR"
"afogamento","1 mil+","30 de agosto de 2026 a las 12:40:00 UTC-3","30 de agosto de 2026 a las 18:10:00 UTC-3","afogamento","./explore?q=afogamento&geo=BR"
"boeing 737","1 mil+","1 de septiembre de 2026 a las 18:00:00 UTC-3","1 de septiembre de 2026 a las 19:30:00 UTC-3","boeing 737,decolagem","./explore?q=boeing%20737&geo=BR"
"dilma rousseff","1 mil+","30 de agosto de 2026 a las 9:00:00 UTC-3","30 de agosto de 2026 a las 15:40:00 UTC-3","dilma rousseff","./explore?q=dilma%20rousseff&geo=BR"
"sistema único de saúde","1 mil+","31 de agosto de 2026 a las 4:30:00 UTC-3","31 de agosto de 2026 a las 13:20:00 UTC-3","sistema único de saúde","./explore?q=sistema%20%C3%BAnico%20de%20sa%C3%BAde&geo=BR"
"ester expósito","1 mil+","30 de agosto de 2026 a las 12:30:00 UTC-3","30 de agosto de 2026 a las 16:30:00 UTC-3","ester expósito","./explore?q=ester%20exp%C3%B3sito&geo=BR"
"embraer","1 mil+","2 de septiembre de 2026 a las 18:20:00 UTC-3","2 de septiembre de 2026 a las 20:00:00 UTC-3","embraer","./explore?q=embraer&geo=BR"
"aécio neves","1 mil+","2 de septiembre de 2026 a las 10:30:00 UTC-3","2 de septiembre de 2026 a las 18:50:00 UTC-3","aécio neves","./explore?q=a%C3%A9cio%20neves&geo=BR"
"mewtwo","1 mil+","31 de agosto de 2026 a las 7:10:00 UTC-3","31 de agosto de 2026 a las 14:00:00 UTC-3","mewtwo","./explore?q=mewtwo&geo=BR"
"campeonato brasileiro de futebol - série d","1 mil+","30 de agosto de 2026 a las 6:30:00 UTC-3","31 de agosto de 2026 a las 10:00:00 UTC-3","campeonato brasileiro de futebol - série d,cotovelada","./explore?q=campeonato%20brasileiro%20de%20futebol%20-%20s%C3%A9rie%20d&geo=BR"
"acadêmicos de niterói","1 mil+","31 de agosto de 2026 a las 9:30:00 UTC-3","1 de septiembre de 2026 a las 7:00:00 UTC-3","acadêmicos de niterói","./explore?q=acad%C3%AAmicos%20de%20niter%C3%B3i&geo=BR"
"goiânia","1 mil+","31 de agosto de 2026 a las 11:00:00 UTC-3","31 de agosto de 2026 a las 14:20:00 UTC-3","goiânia","./explore?q=goi%C3%A2nia&geo=BR"
"feyenoord x den haag","1 mil+","30 de agosto de 2026 a las 9:00:00 UTC-3","30 de agosto de 2026 a las 12:30:00 UTC-3","feyenoord x den haag","./explore?q=feyenoord%20x%20den%20haag&geo=BR"
"gemini google","1 mil+","3 de septiembre de 2026 a las 12:00:00 UTC-3","3 de septiembre de 2026 a las 13:10:00 UTC-3","gemini google,google gemini","./explore?q=gemini%20google&geo=BR"
"august","1 mil+","31 de agosto de 2026 a las 13:20:00 UTC-3","1 de septiembre de 2026 a las 0:40:00 UTC-3","august","./explore?q=august&geo=BR"
"série de televisão","1 mil+","29 de agosto de 2026 a las 18:30:00 UTC-3","30 de agosto de 2026 a las 9:30:00 UTC-3","série de televisão","./explore?q=s%C3%A9rie%20de%20televis%C3%A3o&geo=BR"
"emerson palmieri","1 mil+","30 de agosto de 2026 a las 10:20:00 UTC-3","30 de agosto de 2026 a las 17:20:00 UTC-3","emerson palmieri","./explore?q=emerson%20palmieri&geo=BR"
"trem","1 mil+","1 de septiembre de 2026 a las 8:50:00 UTC-3","1 de septiembre de 2026 a las 13:40:00 UTC-3","trem,cptm agora,cptm","./explore?q=trem&geo=BR"
"paris jackson","1 mil+","29 de agosto de 2026 a las 16:00:00 UTC-3","29 de agosto de 2026 a las 20:40:00 UTC-3","paris jackson","./explore?q=paris%20jackson&geo=BR"
"getafe","1 mil+","31 de agosto de 2026 a las 15:00:00 UTC-3","31 de agosto de 2026 a las 17:20:00 UTC-3","getafe","./explore?q=getafe&geo=BR"
"copa parana","1 mil+","29 de agosto de 2026 a las 15:20:00 UTC-3","29 de agosto de 2026 a las 20:30:00 UTC-3","copa parana","./explore?q=copa%20parana&geo=BR"
"copa do brasil chaveamento","1 mil+","2 de septiembre de 2026 a las 23:20:00 UTC-3","3 de septiembre de 2026 a las 1:00:00 UTC-3","copa do brasil chaveamento,chaveamento copa do brasil 2026","./explore?q=copa%20do%20brasil%20chaveamento&geo=BR"
"coyote vs acme filme","1 mil+","29 de agosto de 2026 a las 11:10:00 UTC-3","29 de agosto de 2026 a las 19:40:00 UTC-3","coyote vs acme filme","./explore?q=coyote%20vs%20acme%20filme&geo=BR"
"pitty","1 mil+","1 de septiembre de 2026 a las 11:30:00 UTC-3","1 de septiembre de 2026 a las 14:50:00 UTC-3","pitty","./explore?q=pitty&geo=BR"
"previsão do tempo campinas","1 mil+","1 de septiembre de 2026 a las 1:00:00 UTC-3","1 de septiembre de 2026 a las 7:50:00 UTC-3","previsão do tempo campinas,tempo campinas,previsao do tempo campinas","./explore?q=previs%C3%A3o%20do%20tempo%20campinas&geo=BR"
"el nino","1 mil+","30 de agosto de 2026 a las 21:50:00 UTC-3","1 de septiembre de 2026 a las 1:50:00 UTC-3","el nino","./explore?q=el%20nino&geo=BR"
"são caetano x primavera","1 mil+","29 de agosto de 2026 a las 14:50:00 UTC-3","29 de agosto de 2026 a las 18:30:00 UTC-3","são caetano x primavera","./explore?q=s%C3%A3o%20caetano%20x%20primavera&geo=BR"
"kevin castaño","1 mil+","1 de septiembre de 2026 a las 21:00:00 UTC-3","2 de septiembre de 2026 a las 0:00:00 UTC-3","kevin castaño","./explore?q=kevin%20casta%C3%B1o&geo=BR"
"zeynep sönmez","1 mil+","1 de septiembre de 2026 a las 20:20:00 UTC-3","1 de septiembre de 2026 a las 22:30:00 UTC-3","zeynep sönmez","./explore?q=zeynep%20s%C3%B6nmez&geo=BR"
"daniel alves","1 mil+","31 de agosto de 2026 a las 17:10:00 UTC-3","31 de agosto de 2026 a las 22:20:00 UTC-3","daniel alves","./explore?q=daniel%20alves&geo=BR"
"fipe","1 mil+","1 de septiembre de 2026 a las 4:40:00 UTC-3","1 de septiembre de 2026 a las 9:10:00 UTC-3","fipe","./explore?q=fipe&geo=BR"
"besiktas x çorum","1 mil+","31 de agosto de 2026 a las 15:00:00 UTC-3","31 de agosto de 2026 a las 22:20:00 UTC-3","besiktas x çorum","./explore?q=besiktas%20x%20%C3%A7orum&geo=BR"
"imóvel","1 mil+","31 de agosto de 2026 a las 17:30:00 UTC-3","31 de agosto de 2026 a las 19:30:00 UTC-3","imóvel","./explore?q=im%C3%B3vel&geo=BR"
"márcio garcia","1 mil+","30 de agosto de 2026 a las 13:10:00 UTC-3","30 de agosto de 2026 a las 16:40:00 UTC-3","márcio garcia","./explore?q=m%C3%A1rcio%20garcia&geo=BR"
"comercial (rp) x são bernardo","1 mil+","31 de agosto de 2026 a las 19:50:00 UTC-3","31 de agosto de 2026 a las 23:00:00 UTC-3","comercial (rp) x são bernardo","./explore?q=comercial%20%28rp%29%20x%20s%C3%A3o%20bernardo&geo=BR"
"centrão","1 mil+","30 de agosto de 2026 a las 15:10:00 UTC-3","30 de agosto de 2026 a las 19:00:00 UTC-3","centrão","./explore?q=centr%C3%A3o&geo=BR"
"jogos de atlético-mg","1 mil+","1 de septiembre de 2026 a las 21:30:00 UTC-3","2 de septiembre de 2026 a las 0:10:00 UTC-3","jogos de atlético-mg,jogo atletico hoje","./explore?q=jogos%20de%20atl%C3%A9tico-mg&geo=BR"
"arthur chaves","1 mil+","1 de septiembre de 2026 a las 13:40:00 UTC-3","1 de septiembre de 2026 a las 16:10:00 UTC-3","arthur chaves","./explore?q=arthur%20chaves&geo=BR"
"inter milan","1 mil+","30 de agosto de 2026 a las 15:40:00 UTC-3","30 de agosto de 2026 a las 18:40:00 UTC-3","inter milan","./explore?q=inter%20milan&geo=BR"
"malick yalcouyé","1 mil+","30 de agosto de 2026 a las 10:30:00 UTC-3","30 de agosto de 2026 a las 16:00:00 UTC-3","malick yalcouyé","./explore?q=malick%20yalcouy%C3%A9&geo=BR"
"days of thunder","1 mil+","29 de agosto de 2026 a las 14:30:00 UTC-3","29 de agosto de 2026 a las 20:20:00 UTC-3","days of thunder","./explore?q=days%20of%20thunder&geo=BR"
"split payment","1 mil+","31 de agosto de 2026 a las 9:10:00 UTC-3","31 de agosto de 2026 a las 14:30:00 UTC-3","split payment","./explore?q=split%20payment&geo=BR"
"coquimbo unido huachipato 30/08/2026","1 mil+","30 de agosto de 2026 a las 21:00:00 UTC-3","31 de agosto de 2026 a las 6:40:00 UTC-3","coquimbo unido huachipato 30/08/2026","./explore?q=coquimbo%20unido%20huachipato%2030%2F08%2F2026&geo=BR"
"batalha da aldeia 10 anos","1 mil+","29 de agosto de 2026 a las 14:50:00 UTC-3","29 de agosto de 2026 a las 22:20:00 UTC-3","batalha da aldeia 10 anos,quem ganhou bda 10 anos","./explore?q=batalha%20da%20aldeia%2010%20anos&geo=BR"
"serie a tim","1 mil+","30 de agosto de 2026 a las 13:50:00 UTC-3","30 de agosto de 2026 a las 16:30:00 UTC-3","serie a tim","./explore?q=serie%20a%20tim&geo=BR"
"tênis","1 mil+","29 de agosto de 2026 a las 13:00:00 UTC-3","29 de agosto de 2026 a las 19:10:00 UTC-3","tênis","./explore?q=t%C3%AAnis&geo=BR"
"premier","1 mil+","2 de septiembre de 2026 a las 19:30:00 UTC-3","2 de septiembre de 2026 a las 20:40:00 UTC-3","premier","./explore?q=premier&geo=BR"
"ldu x","1 mil+","1 de septiembre de 2026 a las 22:40:00 UTC-3","2 de septiembre de 2026 a las 0:10:00 UTC-3","ldu x,ingressos palmeiras","./explore?q=ldu%20x&geo=BR"
"fórmula 1 hoje","1 mil+","30 de agosto de 2026 a las 11:10:00 UTC-3","30 de agosto de 2026 a las 14:50:00 UTC-3","fórmula 1 hoje,hoje tem fórmula 1","./explore?q=f%C3%B3rmula%201%20hoje&geo=BR"
"previsão do tempo campinas","1 mil+","30 de agosto de 2026 a las 15:20:00 UTC-3","31 de agosto de 2026 a las 7:30:00 UTC-3","previsão do tempo campinas,tempo campinas,previsao do tempo campinas","./explore?q=previs%C3%A3o%20do%20tempo%20campinas&geo=BR"
"xavi espart","1 mil+","31 de agosto de 2026 a las 16:50:00 UTC-3","31 de agosto de 2026 a las 19:00:00 UTC-3","xavi espart","./explore?q=xavi%20espart&geo=BR"
"bruna biancardi","1 mil+","3 de septiembre de 2026 a las 16:00:00 UTC-3","3 de septiembre de 2026 a las 16:30:00 UTC-3","bruna biancardi","./explore?q=bruna%20biancardi&geo=BR"
"as roma","1 mil+","31 de agosto de 2026 a las 13:40:00 UTC-3","31 de agosto de 2026 a las 16:30:00 UTC-3","as roma","./explore?q=as%20roma&geo=BR"
"roberto medronho","1 mil+","29 de agosto de 2026 a las 12:00:00 UTC-3","29 de agosto de 2026 a las 17:40:00 UTC-3","roberto medronho","./explore?q=roberto%20medronho&geo=BR"
"grupo mateus","1 mil+","31 de agosto de 2026 a las 6:10:00 UTC-3","31 de agosto de 2026 a las 8:10:00 UTC-3","grupo mateus","./explore?q=grupo%20mateus&geo=BR"
"placar","1 mil+","1 de septiembre de 2026 a las 21:50:00 UTC-3","2 de septiembre de 2026 a las 0:00:00 UTC-3","placar,corinthians aniversário,aniversario corinthians","./explore?q=placar&geo=BR"
"exército","1 mil+","1 de septiembre de 2026 a las 19:40:00 UTC-3","1 de septiembre de 2026 a las 21:00:00 UTC-3","exército","./explore?q=ex%C3%A9rcito&geo=BR"
"lens fc","1 mil+","29 de agosto de 2026 a las 12:30:00 UTC-3","29 de agosto de 2026 a las 15:10:00 UTC-3","lens fc","./explore?q=lens%20fc&geo=BR"
"sassuolo x torino","1 mil+","29 de agosto de 2026 a las 13:00:00 UTC-3","29 de agosto de 2026 a las 17:40:00 UTC-3","sassuolo x torino","./explore?q=sassuolo%20x%20torino&geo=BR"
"millonarios fc","1 mil+","30 de agosto de 2026 a las 20:50:00 UTC-3","30 de agosto de 2026 a las 23:20:00 UTC-3","millonarios fc,millonarios","./explore?q=millonarios%20fc&geo=BR"
"sensor","1 mil+","29 de agosto de 2026 a las 20:00:00 UTC-3","30 de agosto de 2026 a las 8:40:00 UTC-3","sensor","./explore?q=sensor&geo=BR"
"coquimbo unido","1 mil+","30 de agosto de 2026 a las 22:40:00 UTC-3","31 de agosto de 2026 a las 0:20:00 UTC-3","coquimbo unido","./explore?q=coquimbo%20unido&geo=BR"
"paris fc","1 mil+","30 de agosto de 2026 a las 9:20:00 UTC-3","30 de agosto de 2026 a las 13:00:00 UTC-3","paris fc","./explore?q=paris%20fc&geo=BR"
"eleições presidenciais","1 mil+","31 de agosto de 2026 a las 6:40:00 UTC-3","31 de agosto de 2026 a las 8:50:00 UTC-3","eleições presidenciais","./explore?q=elei%C3%A7%C3%B5es%20presidenciais&geo=BR"
"huracan","1 mil+","29 de agosto de 2026 a las 18:40:00 UTC-3","29 de agosto de 2026 a las 22:00:00 UTC-3","huracan","./explore?q=huracan&geo=BR"
"mibr","1 mil+","29 de agosto de 2026 a las 15:10:00 UTC-3","30 de agosto de 2026 a las 1:30:00 UTC-3","mibr","./explore?q=mibr&geo=BR"
"bola de ouro","1 mil+","29 de agosto de 2026 a las 17:50:00 UTC-3","29 de agosto de 2026 a las 23:10:00 UTC-3","bola de ouro","./explore?q=bola%20de%20ouro&geo=BR"
"millonarios x internacional de bogotá","1 mil+","30 de agosto de 2026 a las 19:50:00 UTC-3","30 de agosto de 2026 a las 23:10:00 UTC-3","millonarios x internacional de bogotá","./explore?q=millonarios%20x%20internacional%20de%20bogot%C3%A1&geo=BR"
"roberto carlos","1 mil+","1 de septiembre de 2026 a las 22:10:00 UTC-3","1 de septiembre de 2026 a las 23:50:00 UTC-3","roberto carlos","./explore?q=roberto%20carlos&geo=BR"
"xi jinping","1 mil+","31 de agosto de 2026 a las 11:50:00 UTC-3","31 de agosto de 2026 a las 17:50:00 UTC-3","xi jinping","./explore?q=xi%20jinping&geo=BR"
"deportivo riestra x vélez sársfield","1 mil+","29 de agosto de 2026 a las 14:20:00 UTC-3","29 de agosto de 2026 a las 17:40:00 UTC-3","deportivo riestra x vélez sársfield","./explore?q=deportivo%20riestra%20x%20v%C3%A9lez%20s%C3%A1rsfield&geo=BR"
"zezé di camargo","1 mil+","1 de septiembre de 2026 a las 15:30:00 UTC-3","1 de septiembre de 2026 a las 17:10:00 UTC-3","zezé di camargo","./explore?q=zez%C3%A9%20di%20camargo&geo=BR"
"nanda costa","1 mil+","30 de agosto de 2026 a las 8:00:00 UTC-3","30 de agosto de 2026 a las 20:40:00 UTC-3","nanda costa","./explore?q=nanda%20costa&geo=BR"
"amazonas fc","1 mil+","29 de agosto de 2026 a las 17:10:00 UTC-3","29 de agosto de 2026 a las 20:40:00 UTC-3","amazonas fc","./explore?q=amazonas%20fc&geo=BR"
"vestido","1 mil+","30 de agosto de 2026 a las 14:30:00 UTC-3","30 de agosto de 2026 a las 18:00:00 UTC-3","vestido","./explore?q=vestido&geo=BR"
"jaguares de córdoba x américa de cali","1 mil+","29 de agosto de 2026 a las 18:00:00 UTC-3","29 de agosto de 2026 a las 21:20:00 UTC-3","jaguares de córdoba x américa de cali,america de cali","./explore?q=jaguares%20de%20c%C3%B3rdoba%20x%20am%C3%A9rica%20de%20cali&geo=BR"
"gent x club brugge","1 mil+","30 de agosto de 2026 a las 8:00:00 UTC-3","30 de agosto de 2026 a las 11:10:00 UTC-3","gent x club brugge","./explore?q=gent%20x%20club%20brugge&geo=BR"
"seattle sounders x chicago fire","1 mil+","29 de agosto de 2026 a las 17:10:00 UTC-3","29 de agosto de 2026 a las 20:50:00 UTC-3","seattle sounders x chicago fire","./explore?q=seattle%20sounders%20x%20chicago%20fire&geo=BR"
"gustavo scarpa","1 mil+","1 de septiembre de 2026 a las 22:50:00 UTC-3","1 de septiembre de 2026 a las 23:50:00 UTC-3","gustavo scarpa","./explore?q=gustavo%20scarpa&geo=BR"
"bodo glimt","1 mil+","30 de agosto de 2026 a las 9:30:00 UTC-3","30 de agosto de 2026 a las 12:00:00 UTC-3","bodo glimt","./explore?q=bodo%20glimt&geo=BR"
"esportes","1 mil+","1 de septiembre de 2026 a las 23:00:00 UTC-3","2 de septiembre de 2026 a las 0:00:00 UTC-3","esportes","./explore?q=esportes&geo=BR"
"isaquias queiroz","1 mil+","29 de agosto de 2026 a las 11:10:00 UTC-3","30 de agosto de 2026 a las 1:00:00 UTC-3","isaquias queiroz","./explore?q=isaquias%20queiroz&geo=BR"
"sport club internacional","1 mil+","30 de agosto de 2026 a las 20:10:00 UTC-3","30 de agosto de 2026 a las 22:20:00 UTC-3","sport club internacional,lucas veríssimo,bernabei","./explore?q=sport%20club%20internacional&geo=BR"
"previsão do tempo blumenau","1 mil+","31 de agosto de 2026 a las 6:30:00 UTC-3","31 de agosto de 2026 a las 9:50:00 UTC-3","previsão do tempo blumenau","./explore?q=previs%C3%A3o%20do%20tempo%20blumenau&geo=BR"
"paris saint-germain football club","1 mil+","29 de agosto de 2026 a las 12:30:00 UTC-3","29 de agosto de 2026 a las 15:50:00 UTC-3","paris saint-germain football club","./explore?q=paris%20saint-germain%20football%20club&geo=BR"
"mmorpg","1 mil+","29 de agosto de 2026 a las 16:00:00 UTC-3","29 de agosto de 2026 a las 19:40:00 UTC-3","mmorpg","./explore?q=mmorpg&geo=BR"
"valencia fc","1 mil+","30 de agosto de 2026 a las 14:30:00 UTC-3","30 de agosto de 2026 a las 16:40:00 UTC-3","valencia fc","./explore?q=valencia%20fc&geo=BR"
"cristian pavón","1 mil+","30 de agosto de 2026 a las 18:50:00 UTC-3","30 de agosto de 2026 a las 21:00:00 UTC-3","cristian pavón,josé enamorado","./explore?q=cristian%20pav%C3%B3n&geo=BR"
"gustavo martins","1 mil+","30 de agosto de 2026 a las 19:40:00 UTC-3","30 de agosto de 2026 a las 22:10:00 UTC-3","gustavo martins","./explore?q=gustavo%20martins&geo=BR"
"coreia do norte","1 mil+","30 de agosto de 2026 a las 16:00:00 UTC-3","30 de agosto de 2026 a las 18:00:00 UTC-3","coreia do norte","./explore?q=coreia%20do%20norte&geo=BR"
"zagueiro","1 mil+","30 de agosto de 2026 a las 14:40:00 UTC-3","30 de agosto de 2026 a las 17:50:00 UTC-3","zagueiro","./explore?q=zagueiro&geo=BR"
"brentford","1 mil+","30 de agosto de 2026 a las 10:40:00 UTC-3","30 de agosto de 2026 a las 12:50:00 UTC-3","brentford","./explore?q=brentford&geo=BR"
"clima em rio de janeiro","1 mil+","29 de agosto de 2026 a las 20:30:00 UTC-3","29 de agosto de 2026 a las 23:10:00 UTC-3","clima em rio de janeiro,previsão do tempo são gonçalo","./explore?q=clima%20em%20rio%20de%20janeiro&geo=BR"
"fla x","1 mil+","30 de agosto de 2026 a las 16:30:00 UTC-3","30 de agosto de 2026 a las 18:30:00 UTC-3","fla x,flamengo ingressos,1","./explore?q=fla%20x&geo=BR"
"michelle monaghan","1 mil+","29 de agosto de 2026 a las 20:30:00 UTC-3","30 de agosto de 2026 a las 0:50:00 UTC-3","michelle monaghan,adam scott,michael keaton","./explore?q=michelle%20monaghan&geo=BR"
"minha vida com a família walter","1 mil+","29 de agosto de 2026 a las 15:20:00 UTC-3","29 de agosto de 2026 a las 18:40:00 UTC-3","minha vida com a família walter","./explore?q=minha%20vida%20com%20a%20fam%C3%ADlia%20walter&geo=BR"
"vasco fc","1 mil+","2 de septiembre de 2026 a las 23:20:00 UTC-3","3 de septiembre de 2026 a las 0:10:00 UTC-3","vasco fc,diego carlos","./explore?q=vasco%20fc&geo=BR"
"microsoft","1 mil+","2 de septiembre de 2026 a las 10:30:00 UTC-3","2 de septiembre de 2026 a las 11:30:00 UTC-3","microsoft,cloud","./explore?q=microsoft&geo=BR"
"iptv","1 mil+","31 de agosto de 2026 a las 16:30:00 UTC-3","31 de agosto de 2026 a las 18:00:00 UTC-3","iptv","./explore?q=iptv&geo=BR"
"mpf","1 mil+","30 de agosto de 2026 a las 9:10:00 UTC-3","30 de agosto de 2026 a las 11:20:00 UTC-3","mpf","./explore?q=mpf&geo=BR"
"macris carneiro","1 mil+","31 de agosto de 2026 a las 11:50:00 UTC-3","31 de agosto de 2026 a las 13:50:00 UTC-3","macris carneiro,zé roberto guimarães","./explore?q=macris%20carneiro&geo=BR"
"nathalia dill","1 mil+","29 de agosto de 2026 a las 13:50:00 UTC-3","29 de agosto de 2026 a las 18:10:00 UTC-3","nathalia dill","./explore?q=nathalia%20dill&geo=BR"
"campeonato francês","1 mil+","29 de agosto de 2026 a las 16:00:00 UTC-3","29 de agosto de 2026 a las 18:30:00 UTC-3","campeonato francês","./explore?q=campeonato%20franc%C3%AAs&geo=BR"
"rayan","1 mil+","29 de agosto de 2026 a las 11:50:00 UTC-3","29 de agosto de 2026 a las 14:30:00 UTC-3","rayan","./explore?q=rayan&geo=BR"
"defensor x torque","1 mil+","29 de agosto de 2026 a las 16:40:00 UTC-3","29 de agosto de 2026 a las 19:30:00 UTC-3","defensor x torque","./explore?q=defensor%20x%20torque&geo=BR"
"kevin viveros","1 mil+","30 de agosto de 2026 a las 12:50:00 UTC-3","30 de agosto de 2026 a las 14:10:00 UTC-3","kevin viveros","./explore?q=kevin%20viveros&geo=BR"
"toluca juárez fc 30/08/2026","1 mil+","30 de agosto de 2026 a las 21:10:00 UTC-3","30 de agosto de 2026 a las 23:10:00 UTC-3","toluca juárez fc 30/08/2026,toluca","./explore?q=toluca%20ju%C3%A1rez%20fc%2030%2F08%2F2026&geo=BR"
"al ahli","1 mil+","29 de agosto de 2026 a las 13:20:00 UTC-3","29 de agosto de 2026 a las 15:50:00 UTC-3","al ahli","./explore?q=al%20ahli&geo=BR"
"celta de vigo","1 mil+","30 de agosto de 2026 a las 16:40:00 UTC-3","30 de agosto de 2026 a las 18:40:00 UTC-3","celta de vigo","./explore?q=celta%20de%20vigo&geo=BR"
"go","1 mil+","3 de septiembre de 2026 a las 12:00:00 UTC-3","3 de septiembre de 2026 a las 12:40:00 UTC-3","go","./explore?q=go&geo=BR"
"mãe","1 mil+","29 de agosto de 2026 a las 19:40:00 UTC-3","29 de agosto de 2026 a las 21:20:00 UTC-3","mãe","./explore?q=m%C3%A3e&geo=BR"
"tabela do campeonato brasileiro série a","1 mil+","30 de agosto de 2026 a las 5:20:00 UTC-3","30 de agosto de 2026 a las 21:30:00 UTC-3","tabela do campeonato brasileiro série a,tabela da série a","./explore?q=tabela%20do%20campeonato%20brasileiro%20s%C3%A9rie%20a&geo=BR"
"criptomoeda","1 mil+","1 de septiembre de 2026 a las 18:20:00 UTC-3","1 de septiembre de 2026 a las 19:50:00 UTC-3","criptomoeda,binance","./explore?q=criptomoeda&geo=BR"
"cgn","1 mil+","30 de agosto de 2026 a las 11:00:00 UTC-3","30 de agosto de 2026 a las 13:20:00 UTC-3","cgn,cgn cascavel","./explore?q=cgn&geo=BR"
"jorge carrascal","1 mil+","30 de agosto de 2026 a las 17:50:00 UTC-3","30 de agosto de 2026 a las 19:30:00 UTC-3","jorge carrascal","./explore?q=jorge%20carrascal&geo=BR"
"jornal nacional horario","1 mil+","1 de septiembre de 2026 a las 20:00:00 UTC-3","1 de septiembre de 2026 a las 21:10:00 UTC-3","jornal nacional horario,que horas começa o jornal nacional,globo ao vivo agora","./explore?q=jornal%20nacional%20horario&geo=BR"
"defesa civil do estado de são paulo","1 mil+","30 de agosto de 2026 a las 17:00:00 UTC-3","30 de agosto de 2026 a las 18:40:00 UTC-3","defesa civil do estado de são paulo","./explore?q=defesa%20civil%20do%20estado%20de%20s%C3%A3o%20paulo&geo=BR"
"celtic","1 mil+","29 de agosto de 2026 a las 11:20:00 UTC-3","29 de agosto de 2026 a las 13:30:00 UTC-3","celtic","./explore?q=celtic&geo=BR"
"incêndio","1 mil+","1 de septiembre de 2026 a las 13:10:00 UTC-3","1 de septiembre de 2026 a las 14:20:00 UTC-3","incêndio","./explore?q=inc%C3%AAndio&geo=BR"
"previsão do tempo praia grande","1 mil+","30 de agosto de 2026 a las 6:30:00 UTC-3","30 de agosto de 2026 a las 10:00:00 UTC-3","previsão do tempo praia grande,clima sao paulo,temperatura guarulhos,graus","./explore?q=previs%C3%A3o%20do%20tempo%20praia%20grande&geo=BR"
"prémio","1 mil+","2 de septiembre de 2026 a las 7:10:00 UTC-3","2 de septiembre de 2026 a las 8:20:00 UTC-3","prémio,resultado da federal de hoje 30 08,loteria","./explore?q=pr%C3%A9mio&geo=BR"
"tre","1 mil+","31 de agosto de 2026 a las 12:50:00 UTC-3","31 de agosto de 2026 a las 13:50:00 UTC-3","tre","./explore?q=tre&geo=BR"
"primevideo","1 mil+","30 de agosto de 2026 a las 18:30:00 UTC-3","30 de agosto de 2026 a las 20:40:00 UTC-3","primevideo","./explore?q=primevideo&geo=BR"
"daniel dantas","1 mil+","30 de agosto de 2026 a las 18:30:00 UTC-3","30 de agosto de 2026 a las 19:40:00 UTC-3","daniel dantas,leticia sabatella,letícia sabatella","./explore?q=daniel%20dantas&geo=BR"
"yan diomande","1 mil+","30 de agosto de 2026 a las 13:20:00 UTC-3","30 de agosto de 2026 a las 14:50:00 UTC-3","yan diomande,diomande","./explore?q=yan%20diomande&geo=BR"
"cac","1 mil+","31 de agosto de 2026 a las 10:20:00 UTC-3","31 de agosto de 2026 a las 15:40:00 UTC-3","cac","./explore?q=cac&geo=BR"
"cartola","1 mil+","29 de agosto de 2026 a las 17:40:00 UTC-3","29 de agosto de 2026 a las 19:10:00 UTC-3","cartola,cartola fc","./explore?q=cartola&geo=BR"
"az alkmaar","1 mil+","29 de agosto de 2026 a las 13:00:00 UTC-3","29 de agosto de 2026 a las 15:50:00 UTC-3","az alkmaar,az x go ahead eagles","./explore?q=az%20alkmaar&geo=BR"
"oab","1 mil+","31 de agosto de 2026 a las 16:30:00 UTC-3","31 de agosto de 2026 a las 18:10:00 UTC-3","oab","./explore?q=oab&geo=BR"
"laliga","1 mil+","31 de agosto de 2026 a las 18:30:00 UTC-3","31 de agosto de 2026 a las 19:10:00 UTC-3","laliga","./explore?q=laliga&geo=BR"
"everton fc","1 mil+","29 de agosto de 2026 a las 11:20:00 UTC-3","29 de agosto de 2026 a las 13:50:00 UTC-3","everton fc,alex scott,afc bournemouth","./explore?q=everton%20fc&geo=BR"
"météo demain","1 mil+","29 de agosto de 2026 a las 21:00:00 UTC-3","29 de agosto de 2026 a las 23:20:00 UTC-3","météo demain,météo","./explore?q=m%C3%A9t%C3%A9o%20demain&geo=BR"
"classificação brasileirão","1 mil+","30 de agosto de 2026 a las 20:30:00 UTC-3","30 de agosto de 2026 a las 21:40:00 UTC-3","classificação brasileirão","./explore?q=classifica%C3%A7%C3%A3o%20brasileir%C3%A3o&geo=BR"
"futebol ao vivo","1 mil+","30 de agosto de 2026 a las 16:30:00 UTC-3","30 de agosto de 2026 a las 17:00:00 UTC-3","futebol ao vivo,tv ao vivo","./explore?q=futebol%20ao%20vivo&geo=BR"
"augusto cury livros","1 mil+","29 de agosto de 2026 a las 22:00:00 UTC-3","29 de agosto de 2026 a las 22:40:00 UTC-3","augusto cury livros","./explore?q=augusto%20cury%20livros&geo=BR"
"otaviano costa","1 mil+","30 de agosto de 2026 a las 20:30:00 UTC-3","30 de agosto de 2026 a las 21:00:00 UTC-3","otaviano costa","./explore?q=otaviano%20costa&geo=BR"
"west ham x derby county","500+","5 de septiembre de 2026 a las 10:10:00 UTC-3",,"west ham x derby county","./explore?q=west%20ham%20x%20derby%20county&geo=BR"
"iliman ndiaye","500+","5 de septiembre de 2026 a las 10:10:00 UTC-3",,"iliman ndiaye","./explore?q=iliman%20ndiaye&geo=BR"
"fiorentina","500+","5 de septiembre de 2026 a las 10:10:00 UTC-3",,"fiorentina","./explore?q=fiorentina&geo=BR"
"bayer leverkusen","500+","5 de septiembre de 2026 a las 10:40:00 UTC-3",,"bayer leverkusen","./explore?q=bayer%20leverkusen&geo=BR"
"ricardo teodoro","500+","5 de septiembre de 2026 a las 9:20:00 UTC-3",,"ricardo teodoro","./explore?q=ricardo%20teodoro&geo=BR"
"5 de setembro","500+","5 de septiembre de 2026 a las 7:40:00 UTC-3",,"5 de setembro","./explore?q=5%20de%20setembro&geo=BR"
"revista forum","500+","5 de septiembre de 2026 a las 8:30:00 UTC-3",,"revista forum","./explore?q=revista%20forum&geo=BR"
"agu","500+","5 de septiembre de 2026 a las 8:00:00 UTC-3",,"agu","./explore?q=agu&geo=BR"
"dragon ball super","500+","5 de septiembre de 2026 a las 8:10:00 UTC-3",,"dragon ball super","./explore?q=dragon%20ball%20super&geo=BR"
"refeição","500+","5 de septiembre de 2026 a las 8:10:00 UTC-3",,"refeição","./explore?q=refei%C3%A7%C3%A3o&geo=BR"
"patrocinador","500+","5 de septiembre de 2026 a las 8:10:00 UTC-3",,"patrocinador","./explore?q=patrocinador&geo=BR"
"wolfsburg x energie cottbus","500+","5 de septiembre de 2026 a las 8:00:00 UTC-3","5 de septiembre de 2026 a las 10:40:00 UTC-3","wolfsburg x energie cottbus","./explore?q=wolfsburg%20x%20energie%20cottbus&geo=BR"
"gustavo heide","500+","5 de septiembre de 2026 a las 9:50:00 UTC-3","5 de septiembre de 2026 a las 10:40:00 UTC-3","gustavo heide,thiago monteiro","./explore?q=gustavo%20heide&geo=BR"
"remo x flamengo","500+","5 de septiembre de 2026 a las 10:40:00 UTC-3","5 de septiembre de 2026 a las 11:00:00 UTC-3","remo x flamengo,ingresso remo x flamengo","./explore?q=remo%20x%20flamengo&geo=BR"
"gta vi","500+","5 de septiembre de 2026 a las 0:30:00 UTC-3","5 de septiembre de 2026 a las 4:00:00 UTC-3","gta vi","./explore?q=gta%20vi&geo=BR"
"tennis scores today","500+","5 de septiembre de 2026 a las 3:30:00 UTC-3","5 de septiembre de 2026 a las 6:40:00 UTC-3","tennis scores today","./explore?q=tennis%20scores%20today&geo=BR"
"best shows on hbo max","500+","5 de septiembre de 2026 a las 3:50:00 UTC-3","5 de septiembre de 2026 a las 6:20:00 UTC-3","best shows on hbo max","./explore?q=best%20shows%20on%20hbo%20max&geo=BR"
"america","500+","4 de septiembre de 2026 a las 22:00:00 UTC-3","5 de septiembre de 2026 a las 0:30:00 UTC-3","america","./explore?q=america&geo=BR"
"athletic club","500+","4 de septiembre de 2026 a las 21:00:00 UTC-3","4 de septiembre de 2026 a las 23:30:00 UTC-3","athletic club","./explore?q=athletic%20club&geo=BR"
"enap","500+","4 de septiembre de 2026 a las 20:10:00 UTC-3","4 de septiembre de 2026 a las 22:50:00 UTC-3","enap","./explore?q=enap&geo=BR"
"tempo londrina","500+","5 de septiembre de 2026 a las 9:10:00 UTC-3","5 de septiembre de 2026 a las 9:40:00 UTC-3","tempo londrina,previsão do tempo londrina","./explore?q=tempo%20londrina&geo=BR"
"paraguai","500+","4 de septiembre de 2026 a las 20:50:00 UTC-3","4 de septiembre de 2026 a las 23:10:00 UTC-3","paraguai","./explore?q=paraguai&geo=BR"
"miss universo","500+","4 de septiembre de 2026 a las 17:30:00 UTC-3","4 de septiembre de 2026 a las 20:20:00 UTC-3","miss universo","./explore?q=miss%20universo&geo=BR"
"picape","500+","4 de septiembre de 2026 a las 17:20:00 UTC-3","4 de septiembre de 2026 a las 21:00:00 UTC-3","picape","./explore?q=picape&geo=BR"
"atletic","500+","4 de septiembre de 2026 a las 21:10:00 UTC-3","4 de septiembre de 2026 a las 23:30:00 UTC-3","atletic","./explore?q=atletic&geo=BR"
"gabriel martinelli","500+","4 de septiembre de 2026 a las 21:30:00 UTC-3","4 de septiembre de 2026 a las 23:30:00 UTC-3","gabriel martinelli","./explore?q=gabriel%20martinelli&geo=BR"
"embarcação","500+","4 de septiembre de 2026 a las 16:00:00 UTC-3","4 de septiembre de 2026 a las 18:50:00 UTC-3","embarcação","./explore?q=embarca%C3%A7%C3%A3o&geo=BR"
"mariana fagundes","500+","4 de septiembre de 2026 a las 22:20:00 UTC-3","4 de septiembre de 2026 a las 23:30:00 UTC-3","mariana fagundes","./explore?q=mariana%20fagundes&geo=BR"
"transação","500+","4 de septiembre de 2026 a las 11:30:00 UTC-3","4 de septiembre de 2026 a las 14:30:00 UTC-3","transação","./explore?q=transa%C3%A7%C3%A3o&geo=BR"
"campeonato português","500+","4 de septiembre de 2026 a las 16:40:00 UTC-3","4 de septiembre de 2026 a las 19:00:00 UTC-3","campeonato português","./explore?q=campeonato%20portugu%C3%AAs&geo=BR"
"fran garcía","500+","4 de septiembre de 2026 a las 16:00:00 UTC-3","4 de septiembre de 2026 a las 18:50:00 UTC-3","fran garcía","./explore?q=fran%20garc%C3%ADa&geo=BR"
"bandeirante de birigui x união são joão","500+","4 de septiembre de 2026 a las 20:10:00 UTC-3","4 de septiembre de 2026 a las 21:50:00 UTC-3","bandeirante de birigui x união são joão","./explore?q=bandeirante%20de%20birigui%20x%20uni%C3%A3o%20s%C3%A3o%20jo%C3%A3o&geo=BR"
"al ahli","500+","4 de septiembre de 2026 a las 15:20:00 UTC-3","4 de septiembre de 2026 a las 16:40:00 UTC-3","al ahli","./explore?q=al%20ahli&geo=BR"
"ibge","500+","4 de septiembre de 2026 a las 17:10:00 UTC-3","4 de septiembre de 2026 a las 19:00:00 UTC-3","ibge","./explore?q=ibge&geo=BR"
"real madrid vs","500+","4 de septiembre de 2026 a las 17:30:00 UTC-3","4 de septiembre de 2026 a las 19:10:00 UTC-3","real madrid vs","./explore?q=real%20madrid%20vs&geo=BR"
"agustín rossi","500+","4 de septiembre de 2026 a las 18:20:00 UTC-3","4 de septiembre de 2026 a las 20:00:00 UTC-3","agustín rossi","./explore?q=agust%C3%ADn%20rossi&geo=BR"
"lyon fc","500+","4 de septiembre de 2026 a las 14:20:00 UTC-3","4 de septiembre de 2026 a las 15:40:00 UTC-3","lyon fc","./explore?q=lyon%20fc&geo=BR"
"corrida contra o tempo","500+","4 de septiembre de 2026 a las 22:40:00 UTC-3","5 de septiembre de 2026 a las 0:00:00 UTC-3","corrida contra o tempo","./explore?q=corrida%20contra%20o%20tempo&geo=BR"
"stuttgart","500+","4 de septiembre de 2026 a las 16:00:00 UTC-3","4 de septiembre de 2026 a las 17:40:00 UTC-3","stuttgart,vfb stuttgart","./explore?q=stuttgart&geo=BR"
"paris","500+","4 de septiembre de 2026 a las 17:30:00 UTC-3","4 de septiembre de 2026 a las 19:00:00 UTC-3","paris","./explore?q=paris&geo=BR"
"1password","500+","4 de septiembre de 2026 a las 6:50:00 UTC-3","4 de septiembre de 2026 a las 9:40:00 UTC-3","1password","./explore?q=1password&geo=BR"
"jogador de futebol","500+","4 de septiembre de 2026 a las 11:50:00 UTC-3","4 de septiembre de 2026 a las 14:00:00 UTC-3","jogador de futebol","./explore?q=jogador%20de%20futebol&geo=BR"
"cabelo curto","500+","4 de septiembre de 2026 a las 6:10:00 UTC-3","4 de septiembre de 2026 a las 13:20:00 UTC-3","cabelo curto,trend cortando cabelo","./explore?q=cabelo%20curto&geo=BR"
"ipswich town vs liverpool","500+","4 de septiembre de 2026 a las 16:10:00 UTC-3","4 de septiembre de 2026 a las 17:30:00 UTC-3","ipswich town vs liverpool","./explore?q=ipswich%20town%20vs%20liverpool&geo=BR"
"socorrista","500+","3 de septiembre de 2026 a las 19:10:00 UTC-3","4 de septiembre de 2026 a las 7:00:00 UTC-3","socorrista","./explore?q=socorrista&geo=BR"
"vct americas","500+","4 de septiembre de 2026 a las 17:50:00 UTC-3","4 de septiembre de 2026 a las 19:10:00 UTC-3","vct americas","./explore?q=vct%20americas&geo=BR"
"flashscore","500+","4 de septiembre de 2026 a las 17:40:00 UTC-3","4 de septiembre de 2026 a las 18:40:00 UTC-3","flashscore","./explore?q=flashscore&geo=BR"
"gaucha","500+","3 de septiembre de 2026 a las 20:10:00 UTC-3","3 de septiembre de 2026 a las 22:40:00 UTC-3","gaucha","./explore?q=gaucha&geo=BR"
"apple iphone 18 pro max","500+","3 de septiembre de 2026 a las 14:50:00 UTC-3","4 de septiembre de 2026 a las 6:40:00 UTC-3","apple iphone 18 pro max","./explore?q=apple%20iphone%2018%20pro%20max&geo=BR"
"campo grande","500+","3 de septiembre de 2026 a las 6:20:00 UTC-3","3 de septiembre de 2026 a las 9:20:00 UTC-3","campo grande","./explore?q=campo%20grande&geo=BR"
"lugano fc","500+","3 de septiembre de 2026 a las 16:20:00 UTC-3","3 de septiembre de 2026 a las 18:30:00 UTC-3","lugano fc","./explore?q=lugano%20fc&geo=BR"
"influencer marketing","500+","1 de septiembre de 2026 a las 23:50:00 UTC-3","2 de septiembre de 2026 a las 8:10:00 UTC-3","influencer marketing","./explore?q=influencer%20marketing&geo=BR"
"anderson talisca","500+","4 de septiembre de 2026 a las 7:10:00 UTC-3","4 de septiembre de 2026 a las 19:10:00 UTC-3","anderson talisca","./explore?q=anderson%20talisca&geo=BR"
"adriana colin","500+","3 de septiembre de 2026 a las 22:10:00 UTC-3","3 de septiembre de 2026 a las 23:20:00 UTC-3","adriana colin","./explore?q=adriana%20colin&geo=BR"
"club america","500+","3 de septiembre de 2026 a las 0:00:00 UTC-3","3 de septiembre de 2026 a las 3:50:00 UTC-3","club america","./explore?q=club%20america&geo=BR"
"panathinaikos","500+","3 de septiembre de 2026 a las 15:50:00 UTC-3","3 de septiembre de 2026 a las 18:00:00 UTC-3","panathinaikos","./explore?q=panathinaikos&geo=BR"
"thiago seyboth wild","500+","4 de septiembre de 2026 a las 7:40:00 UTC-3","4 de septiembre de 2026 a las 9:00:00 UTC-3","thiago seyboth wild","./explore?q=thiago%20seyboth%20wild&geo=BR"
"where to watch nfl games","500+","1 de septiembre de 2026 a las 23:50:00 UTC-3","2 de septiembre de 2026 a las 7:50:00 UTC-3","where to watch nfl games","./explore?q=where%20to%20watch%20nfl%20games&geo=BR"
"best places to retire","500+","1 de septiembre de 2026 a las 23:50:00 UTC-3","2 de septiembre de 2026 a las 8:20:00 UTC-3","best places to retire","./explore?q=best%20places%20to%20retire&geo=BR"
"imposto territorial rural","500+","3 de septiembre de 2026 a las 15:40:00 UTC-3","3 de septiembre de 2026 a las 17:40:00 UTC-3","imposto territorial rural","./explore?q=imposto%20territorial%20rural&geo=BR"
"alexandre borges","500+","3 de septiembre de 2026 a las 22:20:00 UTC-3","3 de septiembre de 2026 a las 23:30:00 UTC-3","alexandre borges,gshow","./explore?q=alexandre%20borges&geo=BR"
"gustavo mioto","500+","3 de septiembre de 2026 a las 19:10:00 UTC-3","4 de septiembre de 2026 a las 7:10:00 UTC-3","gustavo mioto","./explore?q=gustavo%20mioto&geo=BR"
"training and development","500+","1 de septiembre de 2026 a las 23:50:00 UTC-3","2 de septiembre de 2026 a las 8:00:00 UTC-3","training and development","./explore?q=training%20and%20development&geo=BR"
"best shows on hbo max","500+","1 de septiembre de 2026 a las 23:50:00 UTC-3","2 de septiembre de 2026 a las 8:20:00 UTC-3","best shows on hbo max","./explore?q=best%20shows%20on%20hbo%20max&geo=BR"
"previsão do tempo praia grande","500+","4 de septiembre de 2026 a las 17:30:00 UTC-3","4 de septiembre de 2026 a las 18:10:00 UTC-3","previsão do tempo praia grande","./explore?q=previs%C3%A3o%20do%20tempo%20praia%20grande&geo=BR"
"campeonato brasileiro de futebol - série d","500+","3 de septiembre de 2026 a las 6:00:00 UTC-3","3 de septiembre de 2026 a las 8:40:00 UTC-3","campeonato brasileiro de futebol - série d","./explore?q=campeonato%20brasileiro%20de%20futebol%20-%20s%C3%A9rie%20d&geo=BR"
"charlie sheen","500+","3 de septiembre de 2026 a las 10:40:00 UTC-3","3 de septiembre de 2026 a las 13:00:00 UTC-3","charlie sheen","./explore?q=charlie%20sheen&geo=BR"
"nfl schedule this week","500+","2 de septiembre de 2026 a las 0:00:00 UTC-3","2 de septiembre de 2026 a las 8:10:00 UTC-3","nfl schedule this week","./explore?q=nfl%20schedule%20this%20week&geo=BR"
"al ahly cairo","500+","3 de septiembre de 2026 a las 14:30:00 UTC-3","3 de septiembre de 2026 a las 16:50:00 UTC-3","al ahly cairo","./explore?q=al%20ahly%20cairo&geo=BR"
"deportivo pereira","500+","3 de septiembre de 2026 a las 22:00:00 UTC-3","3 de septiembre de 2026 a las 23:50:00 UTC-3","deportivo pereira","./explore?q=deportivo%20pereira&geo=BR"
"agatha moreira","500+","3 de septiembre de 2026 a las 22:00:00 UTC-3","3 de septiembre de 2026 a las 23:10:00 UTC-3","agatha moreira,gshow","./explore?q=agatha%20moreira&geo=BR"
"weather tomorrow","500+","2 de septiembre de 2026 a las 1:30:00 UTC-3","2 de septiembre de 2026 a las 8:00:00 UTC-3","weather tomorrow","./explore?q=weather%20tomorrow&geo=BR"
"quem ama cuida novela","500+","3 de septiembre de 2026 a las 18:40:00 UTC-3","3 de septiembre de 2026 a las 20:20:00 UTC-3","quem ama cuida novela","./explore?q=quem%20ama%20cuida%20novela&geo=BR"
"rafael câmara","500+","3 de septiembre de 2026 a las 18:00:00 UTC-3","3 de septiembre de 2026 a las 19:50:00 UTC-3","rafael câmara","./explore?q=rafael%20c%C3%A2mara&geo=BR"
"dane sweeny","500+","3 de septiembre de 2026 a las 17:30:00 UTC-3","3 de septiembre de 2026 a las 19:10:00 UTC-3","dane sweeny","./explore?q=dane%20sweeny&geo=BR"
"stock market news today","500+","1 de septiembre de 2026 a las 23:50:00 UTC-3","2 de septiembre de 2026 a las 8:20:00 UTC-3","stock market news today","./explore?q=stock%20market%20news%20today&geo=BR"
"mirra andreeva","500+","3 de septiembre de 2026 a las 18:50:00 UTC-3","3 de septiembre de 2026 a las 20:00:00 UTC-3","mirra andreeva,eva lys","./explore?q=mirra%20andreeva&geo=BR"
"vestibulinho etec","500+","2 de septiembre de 2026 a las 7:20:00 UTC-3","2 de septiembre de 2026 a las 21:00:00 UTC-3","vestibulinho etec","./explore?q=vestibulinho%20etec&geo=BR"
"mamelodi","500+","2 de septiembre de 2026 a las 14:40:00 UTC-3","2 de septiembre de 2026 a las 17:30:00 UTC-3","mamelodi","./explore?q=mamelodi&geo=BR"
"br-158","500+","3 de septiembre de 2026 a las 17:50:00 UTC-3","3 de septiembre de 2026 a las 19:20:00 UTC-3","br-158","./explore?q=br-158&geo=BR"
"andres gomez","500+","2 de septiembre de 2026 a las 23:00:00 UTC-3","3 de septiembre de 2026 a las 0:40:00 UTC-3","andres gomez","./explore?q=andres%20gomez&geo=BR"
"bayer","500+","2 de septiembre de 2026 a las 16:20:00 UTC-3","2 de septiembre de 2026 a las 18:40:00 UTC-3","bayer","./explore?q=bayer&geo=BR"
"falkirk x rangers","500+","2 de septiembre de 2026 a las 16:10:00 UTC-3","2 de septiembre de 2026 a las 18:40:00 UTC-3","falkirk x rangers","./explore?q=falkirk%20x%20rangers&geo=BR"
"palermo","500+","3 de septiembre de 2026 a las 13:40:00 UTC-3","3 de septiembre de 2026 a las 15:40:00 UTC-3","palermo","./explore?q=palermo&geo=BR"
"ben shelton","500+","2 de septiembre de 2026 a las 16:40:00 UTC-3","2 de septiembre de 2026 a las 18:40:00 UTC-3","ben shelton","./explore?q=ben%20shelton&geo=BR"
"letícia colin","500+","3 de septiembre de 2026 a las 22:20:00 UTC-3","3 de septiembre de 2026 a las 23:20:00 UTC-3","letícia colin","./explore?q=let%C3%ADcia%20colin&geo=BR"
"west brom","500+","2 de septiembre de 2026 a las 16:40:00 UTC-3","2 de septiembre de 2026 a las 18:40:00 UTC-3","west brom","./explore?q=west%20brom&geo=BR"
"rádio itatiaia","500+","1 de septiembre de 2026 a las 21:30:00 UTC-3","2 de septiembre de 2026 a las 0:10:00 UTC-3","rádio itatiaia","./explore?q=r%C3%A1dio%20itatiaia&geo=BR"
"opta","500+","3 de septiembre de 2026 a las 21:00:00 UTC-3","3 de septiembre de 2026 a las 23:00:00 UTC-3","opta","./explore?q=opta&geo=BR"
"millwall","500+","2 de septiembre de 2026 a las 16:10:00 UTC-3","2 de septiembre de 2026 a las 18:20:00 UTC-3","millwall","./explore?q=millwall&geo=BR"
"previsão do tempo porto alegre","500+","3 de septiembre de 2026 a las 16:40:00 UTC-3","3 de septiembre de 2026 a las 17:30:00 UTC-3","previsão do tempo porto alegre","./explore?q=previs%C3%A3o%20do%20tempo%20porto%20alegre&geo=BR"
"salzburg fc","500+","2 de septiembre de 2026 a las 13:20:00 UTC-3","2 de septiembre de 2026 a las 17:30:00 UTC-3","salzburg fc","./explore?q=salzburg%20fc&geo=BR"
"fortaleza esporte clube","500+","2 de septiembre de 2026 a las 21:00:00 UTC-3","2 de septiembre de 2026 a las 22:10:00 UTC-3","fortaleza esporte clube","./explore?q=fortaleza%20esporte%20clube&geo=BR"
"joão fonseca","500+","3 de septiembre de 2026 a las 13:50:00 UTC-3","3 de septiembre de 2026 a las 14:40:00 UTC-3","joão fonseca","./explore?q=jo%C3%A3o%20fonseca&geo=BR"
"dragon's dogma 2","500+","2 de septiembre de 2026 a las 10:40:00 UTC-3","2 de septiembre de 2026 a las 13:20:00 UTC-3","dragon's dogma 2","./explore?q=dragon%27s%20dogma%202&geo=BR"
"paul mescal","500+","2 de septiembre de 2026 a las 6:30:00 UTC-3","2 de septiembre de 2026 a las 13:10:00 UTC-3","paul mescal","./explore?q=paul%20mescal&geo=BR"
"luton town x stockport county","500+","2 de septiembre de 2026 a las 15:40:00 UTC-3","2 de septiembre de 2026 a las 17:40:00 UTC-3","luton town x stockport county","./explore?q=luton%20town%20x%20stockport%20county&geo=BR"
"fase da lua hoje","500+","31 de agosto de 2026 a las 2:30:00 UTC-3","31 de agosto de 2026 a las 8:10:00 UTC-3","fase da lua hoje","./explore?q=fase%20da%20lua%20hoje&geo=BR"
"radar","500+","2 de septiembre de 2026 a las 6:30:00 UTC-3","2 de septiembre de 2026 a las 12:00:00 UTC-3","radar","./explore?q=radar&geo=BR"
"kalshi","500+","3 de septiembre de 2026 a las 8:10:00 UTC-3","3 de septiembre de 2026 a las 9:50:00 UTC-3","kalshi","./explore?q=kalshi&geo=BR"
"parma fc","500+","1 de septiembre de 2026 a las 12:50:00 UTC-3","1 de septiembre de 2026 a las 16:00:00 UTC-3","parma fc","./explore?q=parma%20fc&geo=BR"
"southampton","500+","1 de septiembre de 2026 a las 16:40:00 UTC-3","1 de septiembre de 2026 a las 19:00:00 UTC-3","southampton","./explore?q=southampton&geo=BR"
"dudu","500+","1 de septiembre de 2026 a las 21:50:00 UTC-3","2 de septiembre de 2026 a las 0:20:00 UTC-3","dudu","./explore?q=dudu&geo=BR"
"funerária terezinha de jesus","500+","1 de septiembre de 2026 a las 17:50:00 UTC-3","1 de septiembre de 2026 a las 20:20:00 UTC-3","funerária terezinha de jesus","./explore?q=funer%C3%A1ria%20terezinha%20de%20jesus&geo=BR"
"cnes","500+","3 de septiembre de 2026 a las 17:10:00 UTC-3","3 de septiembre de 2026 a las 18:20:00 UTC-3","cnes","./explore?q=cnes&geo=BR"
"paysandu sport club","500+","3 de septiembre de 2026 a las 13:00:00 UTC-3","3 de septiembre de 2026 a las 14:10:00 UTC-3","paysandu sport club","./explore?q=paysandu%20sport%20club&geo=BR"
"previsão do tempo juiz de fora","500+","31 de agosto de 2026 a las 5:10:00 UTC-3","31 de agosto de 2026 a las 9:10:00 UTC-3","previsão do tempo juiz de fora","./explore?q=previs%C3%A3o%20do%20tempo%20juiz%20de%20fora&geo=BR"
"reinier","500+","1 de septiembre de 2026 a las 22:10:00 UTC-3","2 de septiembre de 2026 a las 0:10:00 UTC-3","reinier","./explore?q=reinier&geo=BR"
"lula gari","500+","31 de agosto de 2026 a las 22:20:00 UTC-3","1 de septiembre de 2026 a las 13:50:00 UTC-3","lula gari","./explore?q=lula%20gari&geo=BR"
"monza fc","500+","1 de septiembre de 2026 a las 16:50:00 UTC-3","1 de septiembre de 2026 a las 19:00:00 UTC-3","monza fc","./explore?q=monza%20fc&geo=BR"
"horário político","500+","29 de agosto de 2026 a las 21:10:00 UTC-3","30 de agosto de 2026 a las 8:50:00 UTC-3","horário político","./explore?q=hor%C3%A1rio%20pol%C3%ADtico&geo=BR"
"nemesis","500+","30 de agosto de 2026 a las 21:40:00 UTC-3","31 de agosto de 2026 a las 2:20:00 UTC-3","nemesis","./explore?q=nemesis&geo=BR"
"olimpia - guaraní","500+","2 de septiembre de 2026 a las 18:30:00 UTC-3","2 de septiembre de 2026 a las 20:40:00 UTC-3","olimpia - guaraní","./explore?q=olimpia%20-%20guaran%C3%AD&geo=BR"
"lotomania 2970","500+","31 de agosto de 2026 a las 21:30:00 UTC-3","1 de septiembre de 2026 a las 9:30:00 UTC-3","lotomania 2970","./explore?q=lotomania%202970&geo=BR"
"jack grealish","500+","1 de septiembre de 2026 a las 13:20:00 UTC-3","1 de septiembre de 2026 a las 19:20:00 UTC-3","jack grealish","./explore?q=jack%20grealish&geo=BR"
"cremonese","500+","1 de septiembre de 2026 a las 13:20:00 UTC-3","1 de septiembre de 2026 a las 15:50:00 UTC-3","cremonese","./explore?q=cremonese&geo=BR"
"sundowns x milford","500+","2 de septiembre de 2026 a las 14:00:00 UTC-3","2 de septiembre de 2026 a las 15:40:00 UTC-3","sundowns x milford","./explore?q=sundowns%20x%20milford&geo=BR"
"padrasto","500+","1 de septiembre de 2026 a las 17:20:00 UTC-3","1 de septiembre de 2026 a las 19:40:00 UTC-3","padrasto","./explore?q=padrasto&geo=BR"
"luizão","500+","31 de agosto de 2026 a las 10:10:00 UTC-3","31 de agosto de 2026 a las 14:40:00 UTC-3","luizão","./explore?q=luiz%C3%A3o&geo=BR"
"cruz","500+","2 de septiembre de 2026 a las 12:40:00 UTC-3","2 de septiembre de 2026 a las 14:30:00 UTC-3","cruz","./explore?q=cruz&geo=BR"
"maya gabeira","500+","31 de agosto de 2026 a las 14:30:00 UTC-3","31 de agosto de 2026 a las 17:50:00 UTC-3","maya gabeira","./explore?q=maya%20gabeira&geo=BR"
"vasco vs","500+","2 de septiembre de 2026 a las 23:00:00 UTC-3","3 de septiembre de 2026 a las 0:30:00 UTC-3","vasco vs","./explore?q=vasco%20vs&geo=BR"
"celtic fc","500+","2 de septiembre de 2026 a las 16:10:00 UTC-3","2 de septiembre de 2026 a las 18:10:00 UTC-3","celtic fc","./explore?q=celtic%20fc&geo=BR"
"toluca x juárez","500+","30 de agosto de 2026 a las 20:40:00 UTC-3","30 de agosto de 2026 a las 23:40:00 UTC-3","toluca x juárez","./explore?q=toluca%20x%20ju%C3%A1rez&geo=BR"
"filipe luís","500+","1 de septiembre de 2026 a las 12:40:00 UTC-3","1 de septiembre de 2026 a las 14:30:00 UTC-3","filipe luís","./explore?q=filipe%20lu%C3%ADs&geo=BR"
"spinelli","500+","2 de septiembre de 2026 a las 22:00:00 UTC-3","2 de septiembre de 2026 a las 23:20:00 UTC-3","spinelli","./explore?q=spinelli&geo=BR"
"barcelone – rayo","500+","31 de agosto de 2026 a las 16:30:00 UTC-3","31 de agosto de 2026 a las 19:00:00 UTC-3","barcelone – rayo","./explore?q=barcelone%20%E2%80%93%20rayo&geo=BR"
"linha aérea","500+","30 de agosto de 2026 a las 21:10:00 UTC-3","31 de agosto de 2026 a las 0:00:00 UTC-3","linha aérea","./explore?q=linha%20a%C3%A9rea&geo=BR"
"raiz4","500+","1 de septiembre de 2026 a las 17:50:00 UTC-3","1 de septiembre de 2026 a las 19:30:00 UTC-3","raiz4","./explore?q=raiz4&geo=BR"
"seplag rj","500+","31 de agosto de 2026 a las 9:10:00 UTC-3","31 de agosto de 2026 a las 13:50:00 UTC-3","seplag rj","./explore?q=seplag%20rj&geo=BR"
"mineração","500+","30 de agosto de 2026 a las 8:50:00 UTC-3","30 de agosto de 2026 a las 12:40:00 UTC-3","mineração","./explore?q=minera%C3%A7%C3%A3o&geo=BR"
"resumo da novela por você","500+","1 de septiembre de 2026 a las 20:10:00 UTC-3","1 de septiembre de 2026 a las 21:30:00 UTC-3","resumo da novela por você","./explore?q=resumo%20da%20novela%20por%20voc%C3%AA&geo=BR"
"éder militão","500+","30 de agosto de 2026 a las 15:00:00 UTC-3","31 de agosto de 2026 a las 1:50:00 UTC-3","éder militão","./explore?q=%C3%A9der%20milit%C3%A3o&geo=BR"
"netflix top movies right now","500+","31 de agosto de 2026 a las 18:20:00 UTC-3","1 de septiembre de 2026 a las 5:00:00 UTC-3","netflix top movies right now","./explore?q=netflix%20top%20movies%20right%20now&geo=BR"
"instituto nacional de meteorologia","500+","2 de septiembre de 2026 a las 7:40:00 UTC-3","2 de septiembre de 2026 a las 9:00:00 UTC-3","instituto nacional de meteorologia,alerta amarelo: chuva intensa","./explore?q=instituto%20nacional%20de%20meteorologia&geo=BR"
"bbse3","500+","3 de septiembre de 2026 a las 11:10:00 UTC-3","3 de septiembre de 2026 a las 12:10:00 UTC-3","bbse3,cxse3","./explore?q=bbse3&geo=BR"
"dodf","500+","2 de septiembre de 2026 a las 7:20:00 UTC-3","2 de septiembre de 2026 a las 9:30:00 UTC-3","dodf,habitação","./explore?q=dodf&geo=BR"
"arena corinthians","500+","2 de septiembre de 2026 a las 16:20:00 UTC-3","2 de septiembre de 2026 a las 19:10:00 UTC-3","arena corinthians,caixa econômica federal,cef","./explore?q=arena%20corinthians&geo=BR"
"estudiantes de la plata","500+","31 de agosto de 2026 a las 18:50:00 UTC-3","31 de agosto de 2026 a las 21:40:00 UTC-3","estudiantes de la plata","./explore?q=estudiantes%20de%20la%20plata&geo=BR"
"pedestre","500+","30 de agosto de 2026 a las 13:40:00 UTC-3","31 de agosto de 2026 a las 9:00:00 UTC-3","pedestre","./explore?q=pedestre&geo=BR"
"freiburg x werder bremen","500+","30 de agosto de 2026 a las 10:10:00 UTC-3","30 de agosto de 2026 a las 13:10:00 UTC-3","freiburg x werder bremen","./explore?q=freiburg%20x%20werder%20bremen&geo=BR"
"taxa selic","500+","30 de agosto de 2026 a las 12:20:00 UTC-3","30 de agosto de 2026 a las 15:50:00 UTC-3","taxa selic","./explore?q=taxa%20selic&geo=BR"
"axl rose","500+","31 de agosto de 2026 a las 21:10:00 UTC-3","31 de agosto de 2026 a las 23:20:00 UTC-3","axl rose","./explore?q=axl%20rose&geo=BR"
"downdetector","500+","2 de septiembre de 2026 a las 15:40:00 UTC-3","2 de septiembre de 2026 a las 16:40:00 UTC-3","downdetector","./explore?q=downdetector&geo=BR"
"gabriel","500+","2 de septiembre de 2026 a las 19:10:00 UTC-3","2 de septiembre de 2026 a las 20:20:00 UTC-3","gabriel","./explore?q=gabriel&geo=BR"
"bradesco","500+","2 de septiembre de 2026 a las 5:20:00 UTC-3","2 de septiembre de 2026 a las 8:20:00 UTC-3","bradesco","./explore?q=bradesco&geo=BR"
"fcc","500+","1 de septiembre de 2026 a las 18:10:00 UTC-3","1 de septiembre de 2026 a las 19:40:00 UTC-3","fcc","./explore?q=fcc&geo=BR"
"teams","500+","2 de septiembre de 2026 a las 7:10:00 UTC-3","2 de septiembre de 2026 a las 14:50:00 UTC-3","teams","./explore?q=teams&geo=BR"
"what is a heat index","500+","31 de agosto de 2026 a las 18:30:00 UTC-3","1 de septiembre de 2026 a las 5:00:00 UTC-3","what is a heat index","./explore?q=what%20is%20a%20heat%20index&geo=BR"
"sportivo trinidense x 2 de mayo","500+","29 de agosto de 2026 a las 15:40:00 UTC-3","29 de agosto de 2026 a las 18:50:00 UTC-3","sportivo trinidense x 2 de mayo","./explore?q=sportivo%20trinidense%20x%202%20de%20mayo&geo=BR"
"previsão do tempo maringa","500+","31 de agosto de 2026 a las 6:20:00 UTC-3","1 de septiembre de 2026 a las 7:40:00 UTC-3","previsão do tempo maringa","./explore?q=previs%C3%A3o%20do%20tempo%20maringa&geo=BR"
"planalto jogo","500+","30 de agosto de 2026 a las 18:50:00 UTC-3","30 de agosto de 2026 a las 21:30:00 UTC-3","planalto jogo","./explore?q=planalto%20jogo&geo=BR"
"gazeta do povo","500+","1 de septiembre de 2026 a las 15:40:00 UTC-3","1 de septiembre de 2026 a las 17:50:00 UTC-3","gazeta do povo","./explore?q=gazeta%20do%20povo&geo=BR"
"economia","500+","29 de agosto de 2026 a las 12:50:00 UTC-3","29 de agosto de 2026 a las 15:50:00 UTC-3","economia","./explore?q=economia&geo=BR"
"onimusha way of the sword","500+","30 de agosto de 2026 a las 5:50:00 UTC-3","30 de agosto de 2026 a las 14:10:00 UTC-3","onimusha way of the sword","./explore?q=onimusha%20way%20of%20the%20sword&geo=BR"
"campeonato equatoriano","500+","1 de septiembre de 2026 a las 22:10:00 UTC-3","1 de septiembre de 2026 a las 23:50:00 UTC-3","campeonato equatoriano","./explore?q=campeonato%20equatoriano&geo=BR"
"lincoln city","500+","1 de septiembre de 2026 a las 17:00:00 UTC-3","1 de septiembre de 2026 a las 18:30:00 UTC-3","lincoln city","./explore?q=lincoln%20city&geo=BR"
"daniella marques","500+","1 de septiembre de 2026 a las 13:50:00 UTC-3","1 de septiembre de 2026 a las 22:30:00 UTC-3","daniella marques","./explore?q=daniella%20marques&geo=BR"
"ibama","500+","3 de septiembre de 2026 a las 9:30:00 UTC-3","3 de septiembre de 2026 a las 10:10:00 UTC-3","ibama","./explore?q=ibama&geo=BR"
"haakon viii da noruega","500+","31 de agosto de 2026 a las 18:00:00 UTC-3","31 de agosto de 2026 a las 20:40:00 UTC-3","haakon viii da noruega","./explore?q=haakon%20viii%20da%20noruega&geo=BR"
"jornal hoje globo","500+","2 de septiembre de 2026 a las 22:00:00 UTC-3","2 de septiembre de 2026 a las 22:50:00 UTC-3","jornal hoje globo,dcj doença","./explore?q=jornal%20hoje%20globo&geo=BR"
"rb salzburg x austria wien","500+","30 de agosto de 2026 a las 13:40:00 UTC-3","30 de agosto de 2026 a las 16:10:00 UTC-3","rb salzburg x austria wien","./explore?q=rb%20salzburg%20x%20austria%20wien&geo=BR"
"noah jupe","500+","1 de septiembre de 2026 a las 16:40:00 UTC-3","1 de septiembre de 2026 a las 18:30:00 UTC-3","noah jupe","./explore?q=noah%20jupe&geo=BR"
"stoke city","500+","1 de septiembre de 2026 a las 17:20:00 UTC-3","1 de septiembre de 2026 a las 18:50:00 UTC-3","stoke city","./explore?q=stoke%20city&geo=BR"
"jogo de hoje","500+","1 de septiembre de 2026 a las 23:00:00 UTC-3","2 de septiembre de 2026 a las 0:00:00 UTC-3","jogo de hoje","./explore?q=jogo%20de%20hoje&geo=BR"
"levante","500+","29 de agosto de 2026 a las 11:50:00 UTC-3","29 de agosto de 2026 a las 15:00:00 UTC-3","levante","./explore?q=levante&geo=BR"
"lourdes melo","500+","29 de agosto de 2026 a las 21:40:00 UTC-3","30 de agosto de 2026 a las 9:10:00 UTC-3","lourdes melo","./explore?q=lourdes%20melo&geo=BR"
"bodycam","500+","2 de septiembre de 2026 a las 15:50:00 UTC-3","2 de septiembre de 2026 a las 17:40:00 UTC-3","bodycam","./explore?q=bodycam&geo=BR"
"unión la calera x club de deportes la serena","500+","31 de agosto de 2026 a las 18:50:00 UTC-3","31 de agosto de 2026 a las 21:00:00 UTC-3","unión la calera x club de deportes la serena","./explore?q=uni%C3%B3n%20la%20calera%20x%20club%20de%20deportes%20la%20serena&geo=BR"
"zion suzuki","500+","31 de agosto de 2026 a las 16:20:00 UTC-3","31 de agosto de 2026 a las 18:20:00 UTC-3","zion suzuki","./explore?q=zion%20suzuki&geo=BR"
"mickey 17","500+","29 de agosto de 2026 a las 20:50:00 UTC-3","30 de agosto de 2026 a las 1:40:00 UTC-3","mickey 17","./explore?q=mickey%2017&geo=BR"
"virada cultural bh 2026","500+","29 de agosto de 2026 a las 16:00:00 UTC-3","29 de agosto de 2026 a las 20:10:00 UTC-3","virada cultural bh 2026,tempo bh","./explore?q=virada%20cultural%20bh%202026&geo=BR"
"omar marmoush","500+","29 de agosto de 2026 a las 13:20:00 UTC-3","29 de agosto de 2026 a las 16:20:00 UTC-3","omar marmoush","./explore?q=omar%20marmoush&geo=BR"
"binance trading","500+","30 de agosto de 2026 a las 3:50:00 UTC-3","30 de agosto de 2026 a las 7:40:00 UTC-3","binance trading,binance","./explore?q=binance%20trading&geo=BR"
"previsão do tempo jundiai","500+","31 de agosto de 2026 a las 4:30:00 UTC-3","31 de agosto de 2026 a las 7:30:00 UTC-3","previsão do tempo jundiai","./explore?q=previs%C3%A3o%20do%20tempo%20jundiai&geo=BR"
"gorjeta","500+","29 de agosto de 2026 a las 18:50:00 UTC-3","29 de agosto de 2026 a las 22:40:00 UTC-3","gorjeta","./explore?q=gorjeta&geo=BR"
"sergio camello","500+","31 de agosto de 2026 a las 17:50:00 UTC-3","31 de agosto de 2026 a las 19:30:00 UTC-3","sergio camello","./explore?q=sergio%20camello&geo=BR"
"gabigol","500+","30 de agosto de 2026 a las 16:40:00 UTC-3","30 de agosto de 2026 a las 18:20:00 UTC-3","gabigol","./explore?q=gabigol&geo=BR"
"melgar","500+","1 de septiembre de 2026 a las 18:10:00 UTC-3","1 de septiembre de 2026 a las 19:40:00 UTC-3","melgar","./explore?q=melgar&geo=BR"
"flavio cobolli","500+","1 de septiembre de 2026 a las 13:40:00 UTC-3","1 de septiembre de 2026 a las 17:00:00 UTC-3","flavio cobolli","./explore?q=flavio%20cobolli&geo=BR"
"rangers","500+","30 de agosto de 2026 a las 8:30:00 UTC-3","30 de agosto de 2026 a las 10:50:00 UTC-3","rangers","./explore?q=rangers&geo=BR"
"ana de armas","500+","30 de agosto de 2026 a las 2:10:00 UTC-3","30 de agosto de 2026 a las 4:50:00 UTC-3","ana de armas","./explore?q=ana%20de%20armas&geo=BR"
"cpg click petroleo e gas","500+","30 de agosto de 2026 a las 13:30:00 UTC-3","30 de agosto de 2026 a las 17:40:00 UTC-3","cpg click petroleo e gas","./explore?q=cpg%20click%20petroleo%20e%20gas&geo=BR"
"binance buy crypto","500+","2 de septiembre de 2026 a las 5:10:00 UTC-3","2 de septiembre de 2026 a las 7:50:00 UTC-3","binance buy crypto,binance,binance app","./explore?q=binance%20buy%20crypto&geo=BR"
"chelsea football club","500+","30 de agosto de 2026 a las 10:00:00 UTC-3","30 de agosto de 2026 a las 12:30:00 UTC-3","chelsea football club","./explore?q=chelsea%20football%20club&geo=BR"
"classificações de leicester city x plymouth argyle","500+","1 de septiembre de 2026 a las 18:00:00 UTC-3","1 de septiembre de 2026 a las 19:10:00 UTC-3","classificações de leicester city x plymouth argyle,leicester","./explore?q=classifica%C3%A7%C3%B5es%20de%20leicester%20city%20x%20plymouth%20argyle&geo=BR"
"lewandowski","500+","30 de agosto de 2026 a las 12:20:00 UTC-3","30 de agosto de 2026 a las 15:20:00 UTC-3","lewandowski","./explore?q=lewandowski&geo=BR"
"previsão do tempo osasco","500+","30 de agosto de 2026 a las 10:10:00 UTC-3","31 de agosto de 2026 a las 7:00:00 UTC-3","previsão do tempo osasco,tempo osasco","./explore?q=previs%C3%A3o%20do%20tempo%20osasco&geo=BR"
"dump","500+","31 de agosto de 2026 a las 20:50:00 UTC-3","31 de agosto de 2026 a las 23:40:00 UTC-3","dump","./explore?q=dump&geo=BR"
"sonmez","500+","1 de septiembre de 2026 a las 20:50:00 UTC-3","1 de septiembre de 2026 a las 22:10:00 UTC-3","sonmez","./explore?q=sonmez&geo=BR"
"bologna","500+","31 de agosto de 2026 a las 17:00:00 UTC-3","31 de agosto de 2026 a las 18:30:00 UTC-3","bologna","./explore?q=bologna&geo=BR"
"peñarol - nacional","500+","30 de agosto de 2026 a las 15:30:00 UTC-3","30 de agosto de 2026 a las 18:00:00 UTC-3","peñarol - nacional","./explore?q=pe%C3%B1arol%20-%20nacional&geo=BR"
"tennis scores today","500+","31 de agosto de 2026 a las 18:30:00 UTC-3","1 de septiembre de 2026 a las 4:50:00 UTC-3","tennis scores today","./explore?q=tennis%20scores%20today&geo=BR"
"furia esports","500+","30 de agosto de 2026 a las 14:50:00 UTC-3","30 de agosto de 2026 a las 16:40:00 UTC-3","furia esports","./explore?q=furia%20esports&geo=BR"
"goiânia","500+","29 de agosto de 2026 a las 14:20:00 UTC-3","29 de agosto de 2026 a las 17:50:00 UTC-3","goiânia","./explore?q=goi%C3%A2nia&geo=BR"
"jonathan jesus","500+","1 de septiembre de 2026 a las 21:40:00 UTC-3","1 de septiembre de 2026 a las 22:50:00 UTC-3","jonathan jesus","./explore?q=jonathan%20jesus&geo=BR"
"prefeito","500+","30 de agosto de 2026 a las 8:50:00 UTC-3","30 de agosto de 2026 a las 11:20:00 UTC-3","prefeito,vice-prefeito","./explore?q=prefeito&geo=BR"
"globo sp ao vivo","500+","30 de agosto de 2026 a las 15:50:00 UTC-3","30 de agosto de 2026 a las 17:40:00 UTC-3","globo sp ao vivo","./explore?q=globo%20sp%20ao%20vivo&geo=BR"
"twitch tv","500+","30 de agosto de 2026 a las 23:30:00 UTC-3","31 de agosto de 2026 a las 3:00:00 UTC-3","twitch tv","./explore?q=twitch%20tv&geo=BR"
"benzema","500+","30 de agosto de 2026 a las 14:30:00 UTC-3","31 de agosto de 2026 a las 3:00:00 UTC-3","benzema","./explore?q=benzema&geo=BR"
"filme batismo de sangue","500+","29 de agosto de 2026 a las 23:30:00 UTC-3","30 de agosto de 2026 a las 1:40:00 UTC-3","filme batismo de sangue,batismo de sangue filme","./explore?q=filme%20batismo%20de%20sangue&geo=BR"
"papa","500+","30 de agosto de 2026 a las 21:10:00 UTC-3","30 de agosto de 2026 a las 22:30:00 UTC-3","papa","./explore?q=papa&geo=BR"
"alex bruno","500+","29 de agosto de 2026 a las 18:10:00 UTC-3","29 de agosto de 2026 a las 20:40:00 UTC-3","alex bruno","./explore?q=alex%20bruno&geo=BR"
"seriec","500+","29 de agosto de 2026 a las 17:50:00 UTC-3","29 de agosto de 2026 a las 20:10:00 UTC-3","seriec","./explore?q=seriec&geo=BR"
"deportivo recoleta - olimpia","500+","29 de agosto de 2026 a las 18:30:00 UTC-3","29 de agosto de 2026 a las 20:50:00 UTC-3","deportivo recoleta - olimpia","./explore?q=deportivo%20recoleta%20-%20olimpia&geo=BR"
"al ittihad","500+","29 de agosto de 2026 a las 16:00:00 UTC-3","29 de agosto de 2026 a las 17:50:00 UTC-3","al ittihad","./explore?q=al%20ittihad&geo=BR"
"1","500+","31 de agosto de 2026 a las 3:40:00 UTC-3","31 de agosto de 2026 a las 6:40:00 UTC-3","1","./explore?q=1&geo=BR"
"carlos viana","500+","1 de septiembre de 2026 a las 21:30:00 UTC-3","1 de septiembre de 2026 a las 22:50:00 UTC-3","carlos viana","./explore?q=carlos%20viana&geo=BR"
"tempo agora","500+","31 de agosto de 2026 a las 4:40:00 UTC-3","31 de agosto de 2026 a las 7:00:00 UTC-3","tempo agora","./explore?q=tempo%20agora&geo=BR"
"deportivo pasto","500+","31 de agosto de 2026 a las 18:20:00 UTC-3","31 de agosto de 2026 a las 21:00:00 UTC-3","deportivo pasto","./explore?q=deportivo%20pasto&geo=BR"
"luiz henrique","500+","29 de agosto de 2026 a las 14:10:00 UTC-3","29 de agosto de 2026 a las 16:50:00 UTC-3","luiz henrique","./explore?q=luiz%20henrique&geo=BR"
"alan minda","500+","1 de septiembre de 2026 a las 22:40:00 UTC-3","2 de septiembre de 2026 a las 0:00:00 UTC-3","alan minda,tomás cuello","./explore?q=alan%20minda&geo=BR"
"universidad católica","500+","31 de agosto de 2026 a las 22:00:00 UTC-3","1 de septiembre de 2026 a las 0:30:00 UTC-3","universidad católica","./explore?q=universidad%20cat%C3%B3lica&geo=BR"
"benfica fc","500+","31 de agosto de 2026 a las 16:50:00 UTC-3","31 de agosto de 2026 a las 19:00:00 UTC-3","benfica fc","./explore?q=benfica%20fc&geo=BR"
"zoe saldana","500+","30 de agosto de 2026 a las 14:20:00 UTC-3","30 de agosto de 2026 a las 15:30:00 UTC-3","zoe saldana","./explore?q=zoe%20saldana&geo=BR"
"jogos de grêmio","500+","30 de agosto de 2026 a las 19:10:00 UTC-3","30 de agosto de 2026 a las 21:20:00 UTC-3","jogos de grêmio","./explore?q=jogos%20de%20gr%C3%AAmio&geo=BR"
"artificial intelligence news","500+","31 de agosto de 2026 a las 18:20:00 UTC-3","31 de agosto de 2026 a las 19:20:00 UTC-3","artificial intelligence news","./explore?q=artificial%20intelligence%20news&geo=BR"
"tucuman x belgrano","500+","29 de agosto de 2026 a las 21:30:00 UTC-3","30 de agosto de 2026 a las 0:00:00 UTC-3","tucuman x belgrano,belgrano","./explore?q=tucuman%20x%20belgrano&geo=BR"
"g20","500+","31 de agosto de 2026 a las 19:10:00 UTC-3","31 de agosto de 2026 a las 21:00:00 UTC-3","g20","./explore?q=g20&geo=BR"
"pib","500+","1 de septiembre de 2026 a las 9:30:00 UTC-3","1 de septiembre de 2026 a las 14:50:00 UTC-3","pib,5","./explore?q=pib&geo=BR"
"shogun rua","500+","30 de agosto de 2026 a las 1:10:00 UTC-3","30 de agosto de 2026 a las 2:50:00 UTC-3","shogun rua","./explore?q=shogun%20rua&geo=BR"
"jogos de hoje da copa do brasil","500+","1 de septiembre de 2026 a las 19:10:00 UTC-3","1 de septiembre de 2026 a las 20:10:00 UTC-3","jogos de hoje da copa do brasil","./explore?q=jogos%20de%20hoje%20da%20copa%20do%20brasil&geo=BR"
"domingo espetacular","500+","30 de agosto de 2026 a las 19:00:00 UTC-3","30 de agosto de 2026 a las 22:10:00 UTC-3","domingo espetacular","./explore?q=domingo%20espetacular&geo=BR"
"stock market news today","500+","31 de agosto de 2026 a las 18:30:00 UTC-3","1 de septiembre de 2026 a las 4:10:00 UTC-3","stock market news today","./explore?q=stock%20market%20news%20today&geo=BR"
"planalto","500+","30 de agosto de 2026 a las 19:00:00 UTC-3","31 de agosto de 2026 a las 0:20:00 UTC-3","planalto","./explore?q=planalto&geo=BR"
"arcabouço fiscal","500+","29 de agosto de 2026 a las 21:20:00 UTC-3","29 de agosto de 2026 a las 22:40:00 UTC-3","arcabouço fiscal","./explore?q=arcabou%C3%A7o%20fiscal&geo=BR"
"como 1907","500+","30 de agosto de 2026 a las 14:10:00 UTC-3","30 de agosto de 2026 a las 16:20:00 UTC-3","como 1907","./explore?q=como%201907&geo=BR"
"que horas começa a novela quem ama cuida hoje","500+","29 de agosto de 2026 a las 20:50:00 UTC-3","29 de agosto de 2026 a las 22:30:00 UTC-3","que horas começa a novela quem ama cuida hoje,horário da novela quem ama cuida hoje","./explore?q=que%20horas%20come%C3%A7a%20a%20novela%20quem%20ama%20cuida%20hoje&geo=BR"
"álvaro barreal","500+","30 de agosto de 2026 a las 16:10:00 UTC-3","30 de agosto de 2026 a las 17:30:00 UTC-3","álvaro barreal","./explore?q=%C3%A1lvaro%20barreal&geo=BR"
"st pauli kaiserslautern 30/08/2026","500+","30 de agosto de 2026 a las 9:00:00 UTC-3","30 de agosto de 2026 a las 10:50:00 UTC-3","st pauli kaiserslautern 30/08/2026,st pauli","./explore?q=st%20pauli%20kaiserslautern%2030%2F08%2F2026&geo=BR"
"binance exchange","500+","30 de agosto de 2026 a las 4:00:00 UTC-3","30 de agosto de 2026 a las 6:10:00 UTC-3","binance exchange","./explore?q=binance%20exchange&geo=BR"
"superior tribunal militar","500+","30 de agosto de 2026 a las 12:30:00 UTC-3","30 de agosto de 2026 a las 14:40:00 UTC-3","superior tribunal militar","./explore?q=superior%20tribunal%20militar&geo=BR"
"lecce fc","500+","31 de agosto de 2026 a las 12:50:00 UTC-3","31 de agosto de 2026 a las 14:40:00 UTC-3","lecce fc","./explore?q=lecce%20fc&geo=BR"
"nfl schedule this week","500+","31 de agosto de 2026 a las 18:30:00 UTC-3","1 de septiembre de 2026 a las 4:40:00 UTC-3","nfl schedule this week","./explore?q=nfl%20schedule%20this%20week&geo=BR"
"copasa","500+","1 de septiembre de 2026 a las 6:40:00 UTC-3","1 de septiembre de 2026 a las 8:10:00 UTC-3","copasa","./explore?q=copasa&geo=BR"
"travel restrictions to canada","500+","31 de agosto de 2026 a las 18:20:00 UTC-3","31 de agosto de 2026 a las 19:10:00 UTC-3","travel restrictions to canada","./explore?q=travel%20restrictions%20to%20canada&geo=BR"
"ronaldo","500+","30 de agosto de 2026 a las 19:30:00 UTC-3","30 de agosto de 2026 a las 21:50:00 UTC-3","ronaldo","./explore?q=ronaldo&geo=BR"
"emiliane","500+","31 de agosto de 2026 a las 9:50:00 UTC-3","31 de agosto de 2026 a las 11:00:00 UTC-3","emiliane","./explore?q=emiliane&geo=BR"
"nico gonzález","500+","29 de agosto de 2026 a las 14:00:00 UTC-3","29 de agosto de 2026 a las 16:20:00 UTC-3","nico gonzález,nicolás gonzález","./explore?q=nico%20gonz%C3%A1lez&geo=BR"
"aubameyang","500+","30 de agosto de 2026 a las 14:40:00 UTC-3","30 de agosto de 2026 a las 16:10:00 UTC-3","aubameyang,pierre-emerick aubameyang","./explore?q=aubameyang&geo=BR"
"bradesco saude","500+","31 de agosto de 2026 a las 15:20:00 UTC-3","31 de agosto de 2026 a las 16:40:00 UTC-3","bradesco saude","./explore?q=bradesco%20saude&geo=BR"
"gustavo santana","500+","29 de agosto de 2026 a las 20:40:00 UTC-3","29 de agosto de 2026 a las 22:30:00 UTC-3","gustavo santana","./explore?q=gustavo%20santana&geo=BR"
"internazionale","500+","30 de agosto de 2026 a las 16:20:00 UTC-3","30 de agosto de 2026 a las 18:20:00 UTC-3","internazionale","./explore?q=internazionale&geo=BR"
"previsão do tempo joinville","500+","31 de agosto de 2026 a las 0:10:00 UTC-3","31 de agosto de 2026 a las 10:40:00 UTC-3","previsão do tempo joinville,tempo joinville","./explore?q=previs%C3%A3o%20do%20tempo%20joinville&geo=BR"
"alverca x santa clara","500+","29 de agosto de 2026 a las 11:20:00 UTC-3","29 de agosto de 2026 a las 16:10:00 UTC-3","alverca x santa clara","./explore?q=alverca%20x%20santa%20clara&geo=BR"
"dani calabresa","500+","30 de agosto de 2026 a las 14:30:00 UTC-3","30 de agosto de 2026 a las 16:00:00 UTC-3","dani calabresa","./explore?q=dani%20calabresa&geo=BR"
"marginal tietê","500+","29 de agosto de 2026 a las 17:30:00 UTC-3","29 de agosto de 2026 a las 20:20:00 UTC-3","marginal tietê","./explore?q=marginal%20tiet%C3%AA&geo=BR"
"jogo do atlético mineiro","500+","1 de septiembre de 2026 a las 23:30:00 UTC-3","2 de septiembre de 2026 a las 7:10:00 UTC-3","jogo do atlético mineiro","./explore?q=jogo%20do%20atl%C3%A9tico%20mineiro&geo=BR"
"konstantinos karetsas","500+","29 de agosto de 2026 a las 13:30:00 UTC-3","29 de agosto de 2026 a las 15:40:00 UTC-3","konstantinos karetsas","./explore?q=konstantinos%20karetsas&geo=BR"
"bayern munich","500+","2 de septiembre de 2026 a las 16:40:00 UTC-3","2 de septiembre de 2026 a las 18:20:00 UTC-3","bayern munich","./explore?q=bayern%20munich&geo=BR"
"alianza lima","500+","29 de agosto de 2026 a las 22:30:00 UTC-3","30 de agosto de 2026 a las 0:30:00 UTC-3","alianza lima","./explore?q=alianza%20lima&geo=BR"
"lívia andrade","500+","30 de agosto de 2026 a las 18:10:00 UTC-3","30 de agosto de 2026 a las 19:20:00 UTC-3","lívia andrade","./explore?q=l%C3%ADvia%20andrade&geo=BR"
"dc united x lafc","500+","29 de agosto de 2026 a las 20:10:00 UTC-3","30 de agosto de 2026 a las 0:10:00 UTC-3","dc united x lafc","./explore?q=dc%20united%20x%20lafc&geo=BR"
"sim","500+","30 de agosto de 2026 a las 11:00:00 UTC-3","30 de agosto de 2026 a las 12:30:00 UTC-3","sim","./explore?q=sim&geo=BR"
"utc cajamarca x universitario","500+","29 de agosto de 2026 a las 17:40:00 UTC-3","29 de agosto de 2026 a las 20:00:00 UTC-3","utc cajamarca x universitario","./explore?q=utc%20cajamarca%20x%20universitario&geo=BR"
"operario","500+","31 de agosto de 2026 a las 21:30:00 UTC-3","31 de agosto de 2026 a las 22:20:00 UTC-3","operario","./explore?q=operario&geo=BR"
"ipmet","500+","31 de agosto de 2026 a las 4:50:00 UTC-3","31 de agosto de 2026 a las 6:40:00 UTC-3","ipmet","./explore?q=ipmet&geo=BR"
"são josé dos campos","500+","30 de agosto de 2026 a las 20:00:00 UTC-3","30 de agosto de 2026 a las 21:30:00 UTC-3","são josé dos campos","./explore?q=s%C3%A3o%20jos%C3%A9%20dos%20campos&geo=BR"
"sc-401","500+","29 de agosto de 2026 a las 12:10:00 UTC-3","29 de agosto de 2026 a las 14:40:00 UTC-3","sc-401","./explore?q=sc-401&geo=BR"
"automóvel","500+","30 de agosto de 2026 a las 7:10:00 UTC-3","30 de agosto de 2026 a las 8:30:00 UTC-3","automóvel","./explore?q=autom%C3%B3vel&geo=BR"
"netvasco","500+","30 de agosto de 2026 a las 0:00:00 UTC-3","30 de agosto de 2026 a las 7:10:00 UTC-3","netvasco","./explore?q=netvasco&geo=BR"
"best sci fi tv shows","500+","31 de agosto de 2026 a las 18:30:00 UTC-3","31 de agosto de 2026 a las 19:10:00 UTC-3","best sci fi tv shows","./explore?q=best%20sci%20fi%20tv%20shows&geo=BR"
"viver sertanejo","500+","30 de agosto de 2026 a las 10:20:00 UTC-3","30 de agosto de 2026 a las 12:00:00 UTC-3","viver sertanejo","./explore?q=viver%20sertanejo&geo=BR"
"julio enciso","500+","30 de agosto de 2026 a las 13:00:00 UTC-3","30 de agosto de 2026 a las 14:50:00 UTC-3","julio enciso,charalampos kostoulas","./explore?q=julio%20enciso&geo=BR"
"betis x","500+","29 de agosto de 2026 a las 13:10:00 UTC-3","29 de agosto de 2026 a las 14:40:00 UTC-3","betis x","./explore?q=betis%20x&geo=BR"
"météo demain","500+","30 de agosto de 2026 a las 20:50:00 UTC-3","30 de agosto de 2026 a las 22:30:00 UTC-3","météo demain","./explore?q=m%C3%A9t%C3%A9o%20demain&geo=BR"
"hull city","500+","29 de agosto de 2026 a las 12:50:00 UTC-3","29 de agosto de 2026 a las 14:00:00 UTC-3","hull city","./explore?q=hull%20city&geo=BR"
"previsão do tempo goiania","500+","1 de septiembre de 2026 a las 16:30:00 UTC-3","2 de septiembre de 2026 a las 6:50:00 UTC-3","previsão do tempo goiania,temperatura goiania","./explore?q=previs%C3%A3o%20do%20tempo%20goiania&geo=BR"
"direita","500+","30 de agosto de 2026 a las 18:00:00 UTC-3","30 de agosto de 2026 a las 19:20:00 UTC-3","direita","./explore?q=direita&geo=BR"
"lion","500+","29 de agosto de 2026 a las 17:10:00 UTC-3","29 de agosto de 2026 a las 18:40:00 UTC-3","lion,where to watch nfl games","./explore?q=lion&geo=BR"
"sportynet","500+","29 de agosto de 2026 a las 16:50:00 UTC-3","29 de agosto de 2026 a las 19:20:00 UTC-3","sportynet","./explore?q=sportynet&geo=BR"
"cuiaba","500+","29 de agosto de 2026 a las 20:00:00 UTC-3","29 de agosto de 2026 a las 21:30:00 UTC-3","cuiaba","./explore?q=cuiaba&geo=BR"
"mainz 05 x paderborn 07","500+","29 de agosto de 2026 a las 11:10:00 UTC-3","29 de agosto de 2026 a las 13:00:00 UTC-3","mainz 05 x paderborn 07,mainz 05","./explore?q=mainz%2005%20x%20paderborn%2007&geo=BR"
"keira knightley","500+","29 de agosto de 2026 a las 14:10:00 UTC-3","29 de agosto de 2026 a las 19:40:00 UTC-3","keira knightley","./explore?q=keira%20knightley&geo=BR"
"roblox","500+","2 de septiembre de 2026 a las 7:40:00 UTC-3","2 de septiembre de 2026 a las 8:20:00 UTC-3","roblox","./explore?q=roblox&geo=BR"
"what is a phishing scam","500+","31 de agosto de 2026 a las 18:30:00 UTC-3","31 de agosto de 2026 a las 19:00:00 UTC-3","what is a phishing scam","./explore?q=what%20is%20a%20phishing%20scam&geo=BR"
"caze tv","500+","29 de agosto de 2026 a las 21:30:00 UTC-3","29 de agosto de 2026 a las 22:30:00 UTC-3","caze tv","./explore?q=caze%20tv&geo=BR"
"premier","500+","30 de agosto de 2026 a las 16:00:00 UTC-3","30 de agosto de 2026 a las 17:10:00 UTC-3","premier","./explore?q=premier&geo=BR"
"previsão do tempo campo grande ms","500+","1 de septiembre de 2026 a las 0:00:00 UTC-3","1 de septiembre de 2026 a las 1:10:00 UTC-3","previsão do tempo campo grande ms,energisa","./explore?q=previs%C3%A3o%20do%20tempo%20campo%20grande%20ms&geo=BR"
"danca dos famosos","500+","30 de agosto de 2026 a las 19:40:00 UTC-3","30 de agosto de 2026 a las 20:40:00 UTC-3","danca dos famosos,dança dos famosos 2026","./explore?q=danca%20dos%20famosos&geo=BR"
"daniil medvedev","500+","30 de agosto de 2026 a las 15:30:00 UTC-3","30 de agosto de 2026 a las 16:20:00 UTC-3","daniil medvedev,hugo gaston","./explore?q=daniil%20medvedev&geo=BR"
"jogo aberto","500+","31 de agosto de 2026 a las 11:50:00 UTC-3","31 de agosto de 2026 a las 13:10:00 UTC-3","jogo aberto","./explore?q=jogo%20aberto&geo=BR"
"ingresso","500+","1 de septiembre de 2026 a las 12:40:00 UTC-3","1 de septiembre de 2026 a las 13:20:00 UTC-3","ingresso,passagem aerea","./explore?q=ingresso&geo=BR"
"quiz","500+","29 de agosto de 2026 a las 20:40:00 UTC-3","29 de agosto de 2026 a las 21:30:00 UTC-3","quiz","./explore?q=quiz&geo=BR"
"iptv","500+","30 de agosto de 2026 a las 16:10:00 UTC-3","30 de agosto de 2026 a las 16:50:00 UTC-3","iptv","./explore?q=iptv&geo=BR"
"lottery results today","500+","31 de agosto de 2026 a las 18:30:00 UTC-3","31 de agosto de 2026 a las 18:50:00 UTC-3","lottery results today","./explore?q=lottery%20results%20today&geo=BR"
"globo play","500+","29 de agosto de 2026 a las 21:40:00 UTC-3","29 de agosto de 2026 a las 22:20:00 UTC-3","globo play","./explore?q=globo%20play&geo=BR"
"club atlético de madrid","500+","29 de agosto de 2026 a las 16:50:00 UTC-3","29 de agosto de 2026 a las 18:00:00 UTC-3","club atlético de madrid,julian alvarez","./explore?q=club%20atl%C3%A9tico%20de%20madrid&geo=BR"
"alinne moraes","500+","29 de agosto de 2026 a las 20:20:00 UTC-3","29 de agosto de 2026 a las 20:50:00 UTC-3","alinne moraes,renata sorrah","./explore?q=alinne%20moraes&geo=BR"
"man city vs coventry","200+","5 de septiembre de 2026 a las 10:40:00 UTC-3",,"man city vs coventry","./explore?q=man%20city%20vs%20coventry&geo=BR"
"operação carbono oculto","200+","5 de septiembre de 2026 a las 9:00:00 UTC-3",,"operação carbono oculto","./explore?q=opera%C3%A7%C3%A3o%20carbono%20oculto&geo=BR"
"paderborn 07 x freiburg","200+","5 de septiembre de 2026 a las 10:50:00 UTC-3",,"paderborn 07 x freiburg","./explore?q=paderborn%2007%20x%20freiburg&geo=BR"
"wolfsburg","200+","5 de septiembre de 2026 a las 9:50:00 UTC-3","5 de septiembre de 2026 a las 10:50:00 UTC-3","wolfsburg","./explore?q=wolfsburg&geo=BR"
"163 crianças resgatadas nos eua","200+","5 de septiembre de 2026 a las 8:10:00 UTC-3","5 de septiembre de 2026 a las 10:30:00 UTC-3","163 crianças resgatadas nos eua","./explore?q=163%20crian%C3%A7as%20resgatadas%20nos%20eua&geo=BR"
"débito","200+","5 de septiembre de 2026 a las 7:30:00 UTC-3","5 de septiembre de 2026 a las 9:40:00 UTC-3","débito","./explore?q=d%C3%A9bito&geo=BR"
"comentarista","200+","5 de septiembre de 2026 a las 6:30:00 UTC-3","5 de septiembre de 2026 a las 9:10:00 UTC-3","comentarista","./explore?q=comentarista&geo=BR"
"túmulo","200+","5 de septiembre de 2026 a las 6:50:00 UTC-3","5 de septiembre de 2026 a las 9:20:00 UTC-3","túmulo","./explore?q=t%C3%BAmulo&geo=BR"
"carro usado","200+","5 de septiembre de 2026 a las 7:50:00 UTC-3","5 de septiembre de 2026 a las 9:10:00 UTC-3","carro usado","./explore?q=carro%20usado&geo=BR"
"world's tallest buildings","200+","5 de septiembre de 2026 a las 4:40:00 UTC-3","5 de septiembre de 2026 a las 6:50:00 UTC-3","world's tallest buildings","./explore?q=world%27s%20tallest%20buildings&geo=BR"
"where to watch nfl games","200+","5 de septiembre de 2026 a las 4:30:00 UTC-3","5 de septiembre de 2026 a las 6:50:00 UTC-3","where to watch nfl games","./explore?q=where%20to%20watch%20nfl%20games&geo=BR"
"previsão do tempo recife","200+","5 de septiembre de 2026 a las 6:20:00 UTC-3","5 de septiembre de 2026 a las 7:30:00 UTC-3","previsão do tempo recife","./explore?q=previs%C3%A3o%20do%20tempo%20recife&geo=BR"
"stock market news today","200+","5 de septiembre de 2026 a las 5:40:00 UTC-3","5 de septiembre de 2026 a las 7:00:00 UTC-3","stock market news today","./explore?q=stock%20market%20news%20today&geo=BR"
"where to watch champions league","200+","5 de septiembre de 2026 a las 3:50:00 UTC-3","5 de septiembre de 2026 a las 5:50:00 UTC-3","where to watch champions league","./explore?q=where%20to%20watch%20champions%20league&geo=BR"
"artificial intelligence news","200+","5 de septiembre de 2026 a las 4:30:00 UTC-3","5 de septiembre de 2026 a las 6:10:00 UTC-3","artificial intelligence news","./explore?q=artificial%20intelligence%20news&geo=BR"
"netflix top movies right now","200+","5 de septiembre de 2026 a las 4:40:00 UTC-3","5 de septiembre de 2026 a las 6:10:00 UTC-3","netflix top movies right now","./explore?q=netflix%20top%20movies%20right%20now&geo=BR"
"brasil volei masculino","200+","4 de septiembre de 2026 a las 23:00:00 UTC-3","5 de septiembre de 2026 a las 0:30:00 UTC-3","brasil volei masculino","./explore?q=brasil%20volei%20masculino&geo=BR"
"poco f9 ultra","200+","4 de septiembre de 2026 a las 23:30:00 UTC-3","5 de septiembre de 2026 a las 1:30:00 UTC-3","poco f9 ultra","./explore?q=poco%20f9%20ultra&geo=BR"
"cláudia raia","200+","4 de septiembre de 2026 a las 21:50:00 UTC-3","4 de septiembre de 2026 a las 23:40:00 UTC-3","cláudia raia","./explore?q=cl%C3%A1udia%20raia&geo=BR"
"carlinhos","200+","4 de septiembre de 2026 a las 21:20:00 UTC-3","4 de septiembre de 2026 a las 22:50:00 UTC-3","carlinhos","./explore?q=carlinhos&geo=BR"
"mc guimê","200+","4 de septiembre de 2026 a las 19:00:00 UTC-3","4 de septiembre de 2026 a las 20:50:00 UTC-3","mc guimê","./explore?q=mc%20guim%C3%AA&geo=BR"
"bahrein","200+","4 de septiembre de 2026 a las 20:20:00 UTC-3","4 de septiembre de 2026 a las 23:10:00 UTC-3","bahrein","./explore?q=bahrein&geo=BR"
"eduardo domínguez","200+","4 de septiembre de 2026 a las 20:30:00 UTC-3","4 de septiembre de 2026 a las 21:50:00 UTC-3","eduardo domínguez","./explore?q=eduardo%20dom%C3%ADnguez&geo=BR"
"real betis balompié","200+","4 de septiembre de 2026 a las 17:50:00 UTC-3","4 de septiembre de 2026 a las 19:00:00 UTC-3","real betis balompié","./explore?q=real%20betis%20balompi%C3%A9&geo=BR"
"gaël monfils","200+","4 de septiembre de 2026 a las 14:00:00 UTC-3","4 de septiembre de 2026 a las 15:50:00 UTC-3","gaël monfils","./explore?q=ga%C3%ABl%20monfils&geo=BR"
"sabalenka","200+","4 de septiembre de 2026 a las 13:10:00 UTC-3","4 de septiembre de 2026 a las 14:40:00 UTC-3","sabalenka","./explore?q=sabalenka&geo=BR"
"pstu","200+","4 de septiembre de 2026 a las 21:10:00 UTC-3","4 de septiembre de 2026 a las 22:20:00 UTC-3","pstu","./explore?q=pstu&geo=BR"
"cuiaba","200+","4 de septiembre de 2026 a las 20:50:00 UTC-3","4 de septiembre de 2026 a las 21:50:00 UTC-3","cuiaba","./explore?q=cuiaba&geo=BR"
"previsão do tempo bauru","200+","4 de septiembre de 2026 a las 18:10:00 UTC-3","4 de septiembre de 2026 a las 19:20:00 UTC-3","previsão do tempo bauru","./explore?q=previs%C3%A3o%20do%20tempo%20bauru&geo=BR"
"jude bellingham","200+","4 de septiembre de 2026 a las 18:20:00 UTC-3","4 de septiembre de 2026 a las 19:10:00 UTC-3","jude bellingham","./explore?q=jude%20bellingham&geo=BR"
"moda","200+","4 de septiembre de 2026 a las 19:00:00 UTC-3","4 de septiembre de 2026 a las 20:10:00 UTC-3","moda","./explore?q=moda&geo=BR"
"psg fc","200+","4 de septiembre de 2026 a las 18:00:00 UTC-3","4 de septiembre de 2026 a las 19:00:00 UTC-3","psg fc","./explore?q=psg%20fc&geo=BR"
"ricardo couto","200+","4 de septiembre de 2026 a las 19:20:00 UTC-3","4 de septiembre de 2026 a las 20:30:00 UTC-3","ricardo couto","./explore?q=ricardo%20couto&geo=BR"
"real madrid fc","200+","4 de septiembre de 2026 a las 17:50:00 UTC-3","4 de septiembre de 2026 a las 19:00:00 UTC-3","real madrid fc","./explore?q=real%20madrid%20fc&geo=BR"
"diogo defante","200+","4 de septiembre de 2026 a las 20:40:00 UTC-3","4 de septiembre de 2026 a las 21:30:00 UTC-3","diogo defante","./explore?q=diogo%20defante&geo=BR"
"meningite","200+","4 de septiembre de 2026 a las 18:50:00 UTC-3","4 de septiembre de 2026 a las 19:50:00 UTC-3","meningite","./explore?q=meningite&geo=BR"
"ligue one","200+","4 de septiembre de 2026 a las 18:10:00 UTC-3","4 de septiembre de 2026 a las 19:20:00 UTC-3","ligue one","./explore?q=ligue%20one&geo=BR"
"vera holtz","200+","4 de septiembre de 2026 a las 22:30:00 UTC-3","4 de septiembre de 2026 a las 23:20:00 UTC-3","vera holtz","./explore?q=vera%20holtz&geo=BR"
"john malkovich","200+","4 de septiembre de 2026 a las 14:20:00 UTC-3","4 de septiembre de 2026 a las 15:30:00 UTC-3","john malkovich","./explore?q=john%20malkovich&geo=BR"
"unesp","200+","4 de septiembre de 2026 a las 7:00:00 UTC-3","4 de septiembre de 2026 a las 14:20:00 UTC-3","unesp","./explore?q=unesp&geo=BR"
"campeonato equatoriano","200+","4 de septiembre de 2026 a las 23:00:00 UTC-3","5 de septiembre de 2026 a las 0:10:00 UTC-3","campeonato equatoriano","./explore?q=campeonato%20equatoriano&geo=BR"
"seleção brasileira de futebol sub-17","200+","4 de septiembre de 2026 a las 18:20:00 UTC-3","4 de septiembre de 2026 a las 19:20:00 UTC-3","seleção brasileira de futebol sub-17","./explore?q=sele%C3%A7%C3%A3o%20brasileira%20de%20futebol%20sub-17&geo=BR"
"carlos espi","200+","4 de septiembre de 2026 a las 18:10:00 UTC-3","4 de septiembre de 2026 a las 19:00:00 UTC-3","carlos espi","./explore?q=carlos%20espi&geo=BR"
"isis valverde","200+","4 de septiembre de 2026 a las 18:10:00 UTC-3","4 de septiembre de 2026 a las 19:00:00 UTC-3","isis valverde","./explore?q=isis%20valverde&geo=BR"
"galatasaray x","200+","4 de septiembre de 2026 a las 15:50:00 UTC-3","4 de septiembre de 2026 a las 16:40:00 UTC-3","galatasaray x","./explore?q=galatasaray%20x&geo=BR"
"las palmas","200+","4 de septiembre de 2026 a las 17:20:00 UTC-3","4 de septiembre de 2026 a las 18:10:00 UTC-3","las palmas","./explore?q=las%20palmas&geo=BR"
"payroll","200+","4 de septiembre de 2026 a las 9:30:00 UTC-3","4 de septiembre de 2026 a las 10:40:00 UTC-3","payroll","./explore?q=payroll&geo=BR"
"br-020","200+","4 de septiembre de 2026 a las 20:20:00 UTC-3","4 de septiembre de 2026 a las 21:00:00 UTC-3","br-020","./explore?q=br-020&geo=BR"
"aleksandr golovin","200+","4 de septiembre de 2026 a las 18:10:00 UTC-3","4 de septiembre de 2026 a las 19:00:00 UTC-3","aleksandr golovin","./explore?q=aleksandr%20golovin&geo=BR"
"luis enrique","200+","4 de septiembre de 2026 a las 7:40:00 UTC-3","4 de septiembre de 2026 a las 9:00:00 UTC-3","luis enrique","./explore?q=luis%20enrique&geo=BR"
"carlos sadi","200+","4 de septiembre de 2026 a las 18:40:00 UTC-3","4 de septiembre de 2026 a las 19:30:00 UTC-3","carlos sadi","./explore?q=carlos%20sadi&geo=BR"
"campo grande news","200+","4 de septiembre de 2026 a las 17:30:00 UTC-3","4 de septiembre de 2026 a las 18:40:00 UTC-3","campo grande news","./explore?q=campo%20grande%20news&geo=BR"
"previsão do tempo foz do iguaçu","200+","4 de septiembre de 2026 a las 9:50:00 UTC-3","4 de septiembre de 2026 a las 10:50:00 UTC-3","previsão do tempo foz do iguaçu","./explore?q=previs%C3%A3o%20do%20tempo%20foz%20do%20igua%C3%A7u&geo=BR"
"estrelas da casa","200+","3 de septiembre de 2026 a las 23:20:00 UTC-3","4 de septiembre de 2026 a las 0:30:00 UTC-3","estrelas da casa","./explore?q=estrelas%20da%20casa&geo=BR"
"paris brunner","200+","4 de septiembre de 2026 a las 17:50:00 UTC-3","4 de septiembre de 2026 a las 18:30:00 UTC-3","paris brunner","./explore?q=paris%20brunner&geo=BR"
"supergirl","200+","3 de septiembre de 2026 a las 21:20:00 UTC-3","3 de septiembre de 2026 a las 23:10:00 UTC-3","supergirl","./explore?q=supergirl&geo=BR"
"sawadika","200+","3 de septiembre de 2026 a las 21:50:00 UTC-3","4 de septiembre de 2026 a las 0:50:00 UTC-3","sawadika","./explore?q=sawadika&geo=BR"
"alexander isak","200+","4 de septiembre de 2026 a las 16:50:00 UTC-3","4 de septiembre de 2026 a las 17:20:00 UTC-3","alexander isak","./explore?q=alexander%20isak&geo=BR"
"marquinhos","200+","4 de septiembre de 2026 a las 17:10:00 UTC-3","4 de septiembre de 2026 a las 17:40:00 UTC-3","marquinhos","./explore?q=marquinhos&geo=BR"
"tabela da copa do brasil 2026","200+","2 de septiembre de 2026 a las 23:20:00 UTC-3","3 de septiembre de 2026 a las 7:00:00 UTC-3","tabela da copa do brasil 2026","./explore?q=tabela%20da%20copa%20do%20brasil%202026&geo=BR"
"yoki","200+","3 de septiembre de 2026 a las 13:10:00 UTC-3","3 de septiembre de 2026 a las 14:40:00 UTC-3","yoki","./explore?q=yoki&geo=BR"
"carminha","200+","2 de septiembre de 2026 a las 22:10:00 UTC-3","3 de septiembre de 2026 a las 8:00:00 UTC-3","carminha","./explore?q=carminha&geo=BR"
"sydney","200+","3 de septiembre de 2026 a las 6:50:00 UTC-3","3 de septiembre de 2026 a las 8:50:00 UTC-3","sydney","./explore?q=sydney&geo=BR"
"ministro andré mendonça","200+","4 de septiembre de 2026 a las 2:40:00 UTC-3","4 de septiembre de 2026 a las 3:40:00 UTC-3","ministro andré mendonça","./explore?q=ministro%20andr%C3%A9%20mendon%C3%A7a&geo=BR"
"arruda","200+","3 de septiembre de 2026 a las 19:10:00 UTC-3","3 de septiembre de 2026 a las 20:20:00 UTC-3","arruda","./explore?q=arruda&geo=BR"
"creamy","200+","3 de septiembre de 2026 a las 12:00:00 UTC-3","3 de septiembre de 2026 a las 23:50:00 UTC-3","creamy","./explore?q=creamy&geo=BR"
"america do mexico","200+","3 de septiembre de 2026 a las 1:00:00 UTC-3","3 de septiembre de 2026 a las 3:20:00 UTC-3","america do mexico","./explore?q=america%20do%20mexico&geo=BR"
"gate","200+","2 de septiembre de 2026 a las 3:00:00 UTC-3","2 de septiembre de 2026 a las 7:50:00 UTC-3","gate","./explore?q=gate&geo=BR"
"argentina","200+","2 de septiembre de 2026 a las 6:30:00 UTC-3","2 de septiembre de 2026 a las 15:30:00 UTC-3","argentina","./explore?q=argentina&geo=BR"
"alexandro bernabei","200+","3 de septiembre de 2026 a las 20:20:00 UTC-3","3 de septiembre de 2026 a las 21:30:00 UTC-3","alexandro bernabei","./explore?q=alexandro%20bernabei&geo=BR"
"grande prêmio de mônaco","200+","4 de septiembre de 2026 a las 9:10:00 UTC-3","4 de septiembre de 2026 a las 9:50:00 UTC-3","grande prêmio de mônaco","./explore?q=grande%20pr%C3%AAmio%20de%20m%C3%B4naco&geo=BR"
"binance exchange","200+","2 de septiembre de 2026 a las 2:40:00 UTC-3","2 de septiembre de 2026 a las 8:10:00 UTC-3","binance exchange","./explore?q=binance%20exchange&geo=BR"
"novo mitsubishi pajero 2027","200+","3 de septiembre de 2026 a las 14:30:00 UTC-3","3 de septiembre de 2026 a las 15:40:00 UTC-3","novo mitsubishi pajero 2027","./explore?q=novo%20mitsubishi%20pajero%202027&geo=BR"
"américa de cali","200+","3 de septiembre de 2026 a las 18:10:00 UTC-3","3 de septiembre de 2026 a las 19:10:00 UTC-3","américa de cali","./explore?q=am%C3%A9rica%20de%20cali&geo=BR"
"gabriela guimarães","200+","3 de septiembre de 2026 a las 18:40:00 UTC-3","3 de septiembre de 2026 a las 19:40:00 UTC-3","gabriela guimarães","./explore?q=gabriela%20guimar%C3%A3es&geo=BR"
"vancouver whitecaps","200+","2 de septiembre de 2026 a las 23:50:00 UTC-3","3 de septiembre de 2026 a las 1:30:00 UTC-3","vancouver whitecaps","./explore?q=vancouver%20whitecaps&geo=BR"
"stefanos tsitsipas","200+","4 de septiembre de 2026 a las 19:00:00 UTC-3","4 de septiembre de 2026 a las 19:20:00 UTC-3","stefanos tsitsipas","./explore?q=stefanos%20tsitsipas&geo=BR"
"joão vicente de castro","200+","3 de septiembre de 2026 a las 13:00:00 UTC-3","3 de septiembre de 2026 a las 14:10:00 UTC-3","joão vicente de castro","./explore?q=jo%C3%A3o%20vicente%20de%20castro&geo=BR"
"copa do brasil 2024","200+","2 de septiembre de 2026 a las 23:20:00 UTC-3","3 de septiembre de 2026 a las 0:40:00 UTC-3","copa do brasil 2024","./explore?q=copa%20do%20brasil%202024&geo=BR"
"hibernian x hearts","200+","3 de septiembre de 2026 a las 16:40:00 UTC-3","3 de septiembre de 2026 a las 17:40:00 UTC-3","hibernian x hearts","./explore?q=hibernian%20x%20hearts&geo=BR"
"banco bradesco","200+","2 de septiembre de 2026 a las 5:20:00 UTC-3","2 de septiembre de 2026 a las 18:10:00 UTC-3","banco bradesco","./explore?q=banco%20bradesco&geo=BR"
"pokerstars tournaments","200+","2 de septiembre de 2026 a las 5:10:00 UTC-3","2 de septiembre de 2026 a las 8:10:00 UTC-3","pokerstars tournaments","./explore?q=pokerstars%20tournaments&geo=BR"
"álvaro barreal","200+","2 de septiembre de 2026 a las 22:10:00 UTC-3","2 de septiembre de 2026 a las 23:10:00 UTC-3","álvaro barreal","./explore?q=%C3%A1lvaro%20barreal&geo=BR"
"gael monfils","200+","4 de septiembre de 2026 a las 19:50:00 UTC-3","4 de septiembre de 2026 a las 20:10:00 UTC-3","gael monfils","./explore?q=gael%20monfils&geo=BR"
"coco gauff","200+","3 de septiembre de 2026 a las 22:10:00 UTC-3","3 de septiembre de 2026 a las 22:40:00 UTC-3","coco gauff","./explore?q=coco%20gauff&geo=BR"
"superior tribunal de justiça","200+","3 de septiembre de 2026 a las 8:30:00 UTC-3","3 de septiembre de 2026 a las 9:40:00 UTC-3","superior tribunal de justiça","./explore?q=superior%20tribunal%20de%20justi%C3%A7a&geo=BR"
"oculos arrascaeta","200+","2 de septiembre de 2026 a las 20:30:00 UTC-3","2 de septiembre de 2026 a las 21:40:00 UTC-3","oculos arrascaeta","./explore?q=oculos%20arrascaeta&geo=BR"
"horoscopo do dia","200+","4 de septiembre de 2026 a las 3:40:00 UTC-3","4 de septiembre de 2026 a las 4:40:00 UTC-3","horoscopo do dia,horóscopo do dia","./explore?q=horoscopo%20do%20dia&geo=BR"
"gonzalo escobar","200+","2 de septiembre de 2026 a las 21:50:00 UTC-3","2 de septiembre de 2026 a las 22:50:00 UTC-3","gonzalo escobar","./explore?q=gonzalo%20escobar&geo=BR"
"rangers fc","200+","2 de septiembre de 2026 a las 17:40:00 UTC-3","2 de septiembre de 2026 a las 18:50:00 UTC-3","rangers fc","./explore?q=rangers%20fc&geo=BR"
"got","200+","3 de septiembre de 2026 a las 12:10:00 UTC-3","3 de septiembre de 2026 a las 13:10:00 UTC-3","got","./explore?q=got&geo=BR"
"ricardo couto","200+","3 de septiembre de 2026 a las 14:50:00 UTC-3","3 de septiembre de 2026 a las 15:40:00 UTC-3","ricardo couto","./explore?q=ricardo%20couto&geo=BR"
"binance trading","200+","2 de septiembre de 2026 a las 2:40:00 UTC-3","2 de septiembre de 2026 a las 7:50:00 UTC-3","binance trading","./explore?q=binance%20trading&geo=BR"
"tv oled","200+","2 de septiembre de 2026 a las 7:00:00 UTC-3","2 de septiembre de 2026 a las 8:40:00 UTC-3","tv oled","./explore?q=tv%20oled&geo=BR"
"a nobreza do amor resumo","200+","2 de septiembre de 2026 a las 22:50:00 UTC-3","2 de septiembre de 2026 a las 23:50:00 UTC-3","a nobreza do amor resumo","./explore?q=a%20nobreza%20do%20amor%20resumo&geo=BR"
"venus williams","200+","31 de agosto de 2026 a las 1:00:00 UTC-3","31 de agosto de 2026 a las 4:00:00 UTC-3","venus williams","./explore?q=venus%20williams&geo=BR"
"petr4","200+","2 de septiembre de 2026 a las 11:50:00 UTC-3","2 de septiembre de 2026 a las 16:10:00 UTC-3","petr4","./explore?q=petr4&geo=BR"
"gemi","200+","3 de septiembre de 2026 a las 12:20:00 UTC-3","3 de septiembre de 2026 a las 13:00:00 UTC-3","gemi","./explore?q=gemi&geo=BR"
"america mexico","200+","3 de septiembre de 2026 a las 1:10:00 UTC-3","3 de septiembre de 2026 a las 3:30:00 UTC-3","america mexico","./explore?q=america%20mexico&geo=BR"
"santiago sosa","200+","2 de septiembre de 2026 a las 23:40:00 UTC-3","3 de septiembre de 2026 a las 0:40:00 UTC-3","santiago sosa","./explore?q=santiago%20sosa&geo=BR"
"grand blue codes","200+","3 de septiembre de 2026 a las 0:40:00 UTC-3","3 de septiembre de 2026 a las 2:20:00 UTC-3","grand blue codes","./explore?q=grand%20blue%20codes&geo=BR"
"previsao tempo","200+","30 de agosto de 2026 a las 15:20:00 UTC-3","31 de agosto de 2026 a las 7:30:00 UTC-3","previsao tempo","./explore?q=previsao%20tempo&geo=BR"
"monterrey fc","200+","30 de agosto de 2026 a las 23:20:00 UTC-3","31 de agosto de 2026 a las 2:30:00 UTC-3","monterrey fc","./explore?q=monterrey%20fc&geo=BR"
"masami kurumada","200+","3 de septiembre de 2026 a las 19:30:00 UTC-3","3 de septiembre de 2026 a las 20:20:00 UTC-3","masami kurumada","./explore?q=masami%20kurumada&geo=BR"
"elena rybakina","200+","3 de septiembre de 2026 a las 23:40:00 UTC-3","4 de septiembre de 2026 a las 0:10:00 UTC-3","elena rybakina","./explore?q=elena%20rybakina&geo=BR"
"harry kane","200+","2 de septiembre de 2026 a las 17:50:00 UTC-3","2 de septiembre de 2026 a las 18:50:00 UTC-3","harry kane","./explore?q=harry%20kane&geo=BR"
"binance","200+","2 de septiembre de 2026 a las 5:10:00 UTC-3","2 de septiembre de 2026 a las 7:30:00 UTC-3","binance","./explore?q=binance&geo=BR"
"huawei","200+","2 de septiembre de 2026 a las 19:00:00 UTC-3","2 de septiembre de 2026 a las 20:00:00 UTC-3","huawei","./explore?q=huawei&geo=BR"
"dividendo","200+","1 de septiembre de 2026 a las 5:50:00 UTC-3","1 de septiembre de 2026 a las 7:30:00 UTC-3","dividendo","./explore?q=dividendo&geo=BR"
"roberto brant","200+","1 de septiembre de 2026 a las 21:40:00 UTC-3","1 de septiembre de 2026 a las 23:00:00 UTC-3","roberto brant","./explore?q=roberto%20brant&geo=BR"
"argelia","200+","29 de agosto de 2026 a las 22:40:00 UTC-3","30 de agosto de 2026 a las 2:10:00 UTC-3","argelia","./explore?q=argelia&geo=BR"
"renato kayzer","200+","2 de septiembre de 2026 a las 22:10:00 UTC-3","2 de septiembre de 2026 a las 23:10:00 UTC-3","renato kayzer","./explore?q=renato%20kayzer&geo=BR"
"gui negão","200+","2 de septiembre de 2026 a las 18:40:00 UTC-3","2 de septiembre de 2026 a las 19:40:00 UTC-3","gui negão","./explore?q=gui%20neg%C3%A3o&geo=BR"
"setembro 2026","200+","1 de septiembre de 2026 a las 7:00:00 UTC-3","1 de septiembre de 2026 a las 8:50:00 UTC-3","setembro 2026","./explore?q=setembro%202026&geo=BR"
"cânion tajuvas","200+","2 de septiembre de 2026 a las 17:50:00 UTC-3","2 de septiembre de 2026 a las 19:00:00 UTC-3","cânion tajuvas,g1 rs","./explore?q=c%C3%A2nion%20tajuvas&geo=BR"
"masterchef hoje","200+","1 de septiembre de 2026 a las 22:30:00 UTC-3","1 de septiembre de 2026 a las 23:40:00 UTC-3","masterchef hoje","./explore?q=masterchef%20hoje&geo=BR"
"thea frodin","200+","1 de septiembre de 2026 a las 16:50:00 UTC-3","1 de septiembre de 2026 a las 17:50:00 UTC-3","thea frodin","./explore?q=thea%20frodin&geo=BR"
"sebastian gorzny","200+","2 de septiembre de 2026 a las 12:30:00 UTC-3","2 de septiembre de 2026 a las 14:40:00 UTC-3","sebastian gorzny","./explore?q=sebastian%20gorzny&geo=BR"
"boca aberta","200+","1 de septiembre de 2026 a las 19:40:00 UTC-3","1 de septiembre de 2026 a las 20:50:00 UTC-3","boca aberta","./explore?q=boca%20aberta&geo=BR"
"italia serie a","200+","30 de agosto de 2026 a las 14:00:00 UTC-3","30 de agosto de 2026 a las 16:10:00 UTC-3","italia serie a","./explore?q=italia%20serie%20a&geo=BR"
"lista de espera prouni","200+","2 de septiembre de 2026 a las 10:30:00 UTC-3","2 de septiembre de 2026 a las 11:10:00 UTC-3","lista de espera prouni","./explore?q=lista%20de%20espera%20prouni&geo=BR"
"binance buy crypto","200+","30 de agosto de 2026 a las 4:00:00 UTC-3","30 de agosto de 2026 a las 6:50:00 UTC-3","binance buy crypto","./explore?q=binance%20buy%20crypto&geo=BR"
"deportivo cuenca","200+","2 de septiembre de 2026 a las 18:30:00 UTC-3","2 de septiembre de 2026 a las 19:20:00 UTC-3","deportivo cuenca","./explore?q=deportivo%20cuenca&geo=BR"
"lask","200+","1 de septiembre de 2026 a las 15:30:00 UTC-3","1 de septiembre de 2026 a las 16:30:00 UTC-3","lask","./explore?q=lask&geo=BR"
"eduardo paes","200+","2 de septiembre de 2026 a las 10:40:00 UTC-3","2 de septiembre de 2026 a las 11:40:00 UTC-3","eduardo paes","./explore?q=eduardo%20paes&geo=BR"
"itaquaquecetuba","200+","30 de agosto de 2026 a las 9:20:00 UTC-3","30 de agosto de 2026 a las 14:00:00 UTC-3","itaquaquecetuba","./explore?q=itaquaquecetuba&geo=BR"
"ryu jun-yeol","200+","31 de agosto de 2026 a las 11:50:00 UTC-3","31 de agosto de 2026 a las 13:30:00 UTC-3","ryu jun-yeol","./explore?q=ryu%20jun-yeol&geo=BR"
"the early spring quantos episódios","200+","30 de agosto de 2026 a las 8:20:00 UTC-3","30 de agosto de 2026 a las 11:30:00 UTC-3","the early spring quantos episódios","./explore?q=the%20early%20spring%20quantos%20epis%C3%B3dios&geo=BR"
"motoboy","200+","30 de agosto de 2026 a las 6:30:00 UTC-3","30 de agosto de 2026 a las 9:10:00 UTC-3","motoboy","./explore?q=motoboy&geo=BR"
"dino crisis 2","200+","3 de septiembre de 2026 a las 13:50:00 UTC-3","3 de septiembre de 2026 a las 15:00:00 UTC-3","dino crisis 2","./explore?q=dino%20crisis%202&geo=BR"
"charlton","200+","2 de septiembre de 2026 a las 17:20:00 UTC-3","2 de septiembre de 2026 a las 18:30:00 UTC-3","charlton","./explore?q=charlton&geo=BR"
"hino nacional","200+","2 de septiembre de 2026 a las 7:40:00 UTC-3","2 de septiembre de 2026 a las 8:50:00 UTC-3","hino nacional","./explore?q=hino%20nacional&geo=BR"
"desenrola brasil","200+","31 de agosto de 2026 a las 2:30:00 UTC-3","31 de agosto de 2026 a las 7:20:00 UTC-3","desenrola brasil","./explore?q=desenrola%20brasil&geo=BR"
"sergio abreu","200+","1 de septiembre de 2026 a las 17:00:00 UTC-3","1 de septiembre de 2026 a las 18:00:00 UTC-3","sergio abreu","./explore?q=sergio%20abreu&geo=BR"
"club de deportes limache x ñublense","200+","2 de septiembre de 2026 a las 21:40:00 UTC-3","2 de septiembre de 2026 a las 22:20:00 UTC-3","club de deportes limache x ñublense","./explore?q=club%20de%20deportes%20limache%20x%20%C3%B1ublense&geo=BR"
"sou","200+","31 de agosto de 2026 a las 8:00:00 UTC-3","31 de agosto de 2026 a las 9:30:00 UTC-3","sou","./explore?q=sou&geo=BR"
"samuele inácio","200+","1 de septiembre de 2026 a las 17:20:00 UTC-3","1 de septiembre de 2026 a las 18:10:00 UTC-3","samuele inácio","./explore?q=samuele%20in%C3%A1cio&geo=BR"
"mamady cissé","200+","29 de agosto de 2026 a las 18:50:00 UTC-3","29 de agosto de 2026 a las 21:00:00 UTC-3","mamady cissé","./explore?q=mamady%20ciss%C3%A9&geo=BR"
"alfonso herrero","200+","30 de agosto de 2026 a las 12:50:00 UTC-3","30 de agosto de 2026 a las 14:30:00 UTC-3","alfonso herrero","./explore?q=alfonso%20herrero&geo=BR"
"contexto","200+","31 de agosto de 2026 a las 1:10:00 UTC-3","31 de agosto de 2026 a las 4:20:00 UTC-3","contexto","./explore?q=contexto&geo=BR"
"onimusha way of the sword","200+","31 de agosto de 2026 a las 13:00:00 UTC-3","31 de agosto de 2026 a las 14:40:00 UTC-3","onimusha way of the sword","./explore?q=onimusha%20way%20of%20the%20sword&geo=BR"
"dean huijsen","200+","30 de agosto de 2026 a las 12:30:00 UTC-3","30 de agosto de 2026 a las 14:30:00 UTC-3","dean huijsen","./explore?q=dean%20huijsen&geo=BR"
"alina korneeva","200+","1 de septiembre de 2026 a las 13:20:00 UTC-3","1 de septiembre de 2026 a las 14:30:00 UTC-3","alina korneeva","./explore?q=alina%20korneeva&geo=BR"
"congestionamento","200+","30 de agosto de 2026 a las 16:50:00 UTC-3","30 de agosto de 2026 a las 18:20:00 UTC-3","congestionamento","./explore?q=congestionamento&geo=BR"
"atlas fc","200+","29 de agosto de 2026 a las 20:20:00 UTC-3","29 de agosto de 2026 a las 22:20:00 UTC-3","atlas fc","./explore?q=atlas%20fc&geo=BR"
"conceição do coité","200+","30 de agosto de 2026 a las 20:30:00 UTC-3","30 de agosto de 2026 a las 22:10:00 UTC-3","conceição do coité","./explore?q=concei%C3%A7%C3%A3o%20do%20coit%C3%A9&geo=BR"
"john stewart","200+","30 de agosto de 2026 a las 23:10:00 UTC-3","31 de agosto de 2026 a las 2:30:00 UTC-3","john stewart","./explore?q=john%20stewart&geo=BR"
"fc barcelona vs rayo vallecano standings","200+","31 de agosto de 2026 a las 18:50:00 UTC-3","31 de agosto de 2026 a las 20:00:00 UTC-3","fc barcelona vs rayo vallecano standings","./explore?q=fc%20barcelona%20vs%20rayo%20vallecano%20standings&geo=BR"
"lá liga","200+","30 de agosto de 2026 a las 12:40:00 UTC-3","30 de agosto de 2026 a las 15:00:00 UTC-3","lá liga","./explore?q=l%C3%A1%20liga&geo=BR"
"previsão do tempo juiz de fora","200+","29 de agosto de 2026 a las 17:30:00 UTC-3","29 de agosto de 2026 a las 19:20:00 UTC-3","previsão do tempo juiz de fora","./explore?q=previs%C3%A3o%20do%20tempo%20juiz%20de%20fora&geo=BR"
"vasco vs","200+","29 de agosto de 2026 a las 22:10:00 UTC-3","30 de agosto de 2026 a las 0:20:00 UTC-3","vasco vs","./explore?q=vasco%20vs&geo=BR"
"christos tzolis","200+","31 de agosto de 2026 a las 16:00:00 UTC-3","31 de agosto de 2026 a las 17:00:00 UTC-3","christos tzolis","./explore?q=christos%20tzolis&geo=BR"
"neo química arena","200+","31 de agosto de 2026 a las 6:00:00 UTC-3","31 de agosto de 2026 a las 8:30:00 UTC-3","neo química arena","./explore?q=neo%20qu%C3%ADmica%20arena&geo=BR"
"santos laguna","200+","30 de agosto de 2026 a las 0:50:00 UTC-3","30 de agosto de 2026 a las 3:20:00 UTC-3","santos laguna,tigres fc","./explore?q=santos%20laguna&geo=BR"
"engavetamento","200+","31 de agosto de 2026 a las 17:50:00 UTC-3","31 de agosto de 2026 a las 19:00:00 UTC-3","engavetamento","./explore?q=engavetamento&geo=BR"
"campeonato equatoriano","200+","29 de agosto de 2026 a las 19:00:00 UTC-3","29 de agosto de 2026 a las 21:00:00 UTC-3","campeonato equatoriano","./explore?q=campeonato%20equatoriano&geo=BR"
"lloyd harris","200+","2 de septiembre de 2026 a las 18:40:00 UTC-3","2 de septiembre de 2026 a las 19:30:00 UTC-3","lloyd harris","./explore?q=lloyd%20harris&geo=BR"
"rodrigo mora","200+","31 de agosto de 2026 a las 15:00:00 UTC-3","31 de agosto de 2026 a las 16:10:00 UTC-3","rodrigo mora","./explore?q=rodrigo%20mora&geo=BR"
"grécia","200+","1 de septiembre de 2026 a las 4:50:00 UTC-3","1 de septiembre de 2026 a las 7:20:00 UTC-3","grécia","./explore?q=gr%C3%A9cia&geo=BR"
"san diego fc","200+","29 de agosto de 2026 a las 23:40:00 UTC-3","30 de agosto de 2026 a las 2:10:00 UTC-3","san diego fc","./explore?q=san%20diego%20fc&geo=BR"
"matheus cunha","200+","30 de agosto de 2026 a las 13:40:00 UTC-3","30 de agosto de 2026 a las 15:20:00 UTC-3","matheus cunha","./explore?q=matheus%20cunha&geo=BR"
"club brugge","200+","30 de agosto de 2026 a las 8:50:00 UTC-3","30 de agosto de 2026 a las 10:50:00 UTC-3","club brugge","./explore?q=club%20brugge&geo=BR"
"bundesliga 2","200+","30 de agosto de 2026 a las 8:30:00 UTC-3","30 de agosto de 2026 a las 10:20:00 UTC-3","bundesliga 2","./explore?q=bundesliga%202&geo=BR"
"previsão do tempo bauru","200+","31 de agosto de 2026 a las 5:40:00 UTC-3","31 de agosto de 2026 a las 7:40:00 UTC-3","previsão do tempo bauru,tempo bauru","./explore?q=previs%C3%A3o%20do%20tempo%20bauru&geo=BR"
"union x anderlecht","200+","30 de agosto de 2026 a las 13:30:00 UTC-3","30 de agosto de 2026 a las 15:10:00 UTC-3","union x anderlecht","./explore?q=union%20x%20anderlecht&geo=BR"
"hino nacional","200+","1 de septiembre de 2026 a las 7:30:00 UTC-3","1 de septiembre de 2026 a las 8:50:00 UTC-3","hino nacional","./explore?q=hino%20nacional&geo=BR"
"ajax fc","200+","30 de agosto de 2026 a las 12:10:00 UTC-3","30 de agosto de 2026 a las 14:00:00 UTC-3","ajax fc","./explore?q=ajax%20fc&geo=BR"
"aeroporto internacional de campo grande","200+","30 de agosto de 2026 a las 19:40:00 UTC-3","30 de agosto de 2026 a las 21:10:00 UTC-3","aeroporto internacional de campo grande","./explore?q=aeroporto%20internacional%20de%20campo%20grande&geo=BR"
"livinho","200+","30 de agosto de 2026 a las 19:40:00 UTC-3","30 de agosto de 2026 a las 20:50:00 UTC-3","livinho","./explore?q=livinho&geo=BR"
"as monaco","200+","30 de agosto de 2026 a las 17:00:00 UTC-3","30 de agosto de 2026 a las 18:40:00 UTC-3","as monaco","./explore?q=as%20monaco&geo=BR"
"hamza abdelkarim","200+","31 de agosto de 2026 a las 18:20:00 UTC-3","31 de agosto de 2026 a las 19:30:00 UTC-3","hamza abdelkarim","./explore?q=hamza%20abdelkarim&geo=BR"
"gal gadot","200+","1 de septiembre de 2026 a las 5:40:00 UTC-3","1 de septiembre de 2026 a las 7:10:00 UTC-3","gal gadot","./explore?q=gal%20gadot&geo=BR"
"atleta","200+","2 de septiembre de 2026 a las 8:00:00 UTC-3","2 de septiembre de 2026 a las 12:50:00 UTC-3","atleta","./explore?q=atleta&geo=BR"
"bets","200+","29 de agosto de 2026 a las 21:20:00 UTC-3","30 de agosto de 2026 a las 5:40:00 UTC-3","bets","./explore?q=bets&geo=BR"
"aline wirley","200+","1 de septiembre de 2026 a las 23:20:00 UTC-3","2 de septiembre de 2026 a las 0:20:00 UTC-3","aline wirley","./explore?q=aline%20wirley&geo=BR"
"operário ferroviário esporte clube","200+","31 de agosto de 2026 a las 20:00:00 UTC-3","31 de agosto de 2026 a las 21:10:00 UTC-3","operário ferroviário esporte clube","./explore?q=oper%C3%A1rio%20ferrovi%C3%A1rio%20esporte%20clube&geo=BR"
"nvidia dlss 5","200+","1 de septiembre de 2026 a las 19:00:00 UTC-3","1 de septiembre de 2026 a las 21:10:00 UTC-3","nvidia dlss 5","./explore?q=nvidia%20dlss%205&geo=BR"
"treta","200+","1 de septiembre de 2026 a las 10:10:00 UTC-3","1 de septiembre de 2026 a las 11:10:00 UTC-3","treta","./explore?q=treta&geo=BR"
"avenida dante michelini","200+","30 de agosto de 2026 a las 19:50:00 UTC-3","30 de agosto de 2026 a las 21:40:00 UTC-3","avenida dante michelini","./explore?q=avenida%20dante%20michelini&geo=BR"
"nvidia","200+","1 de septiembre de 2026 a las 17:30:00 UTC-3","1 de septiembre de 2026 a las 18:10:00 UTC-3","nvidia","./explore?q=nvidia&geo=BR"
"rafa kalimann","200+","30 de agosto de 2026 a las 23:50:00 UTC-3","31 de agosto de 2026 a las 1:00:00 UTC-3","rafa kalimann","./explore?q=rafa%20kalimann&geo=BR"
"cadunico","200+","3 de septiembre de 2026 a las 8:10:00 UTC-3","3 de septiembre de 2026 a las 8:50:00 UTC-3","cadunico","./explore?q=cadunico&geo=BR"
"cagliari fc","200+","30 de agosto de 2026 a las 14:30:00 UTC-3","30 de agosto de 2026 a las 16:30:00 UTC-3","cagliari fc","./explore?q=cagliari%20fc&geo=BR"
"valentín barco","200+","30 de agosto de 2026 a las 11:00:00 UTC-3","30 de agosto de 2026 a las 12:50:00 UTC-3","valentín barco","./explore?q=valent%C3%ADn%20barco&geo=BR"
"iss","200+","31 de agosto de 2026 a las 18:50:00 UTC-3","31 de agosto de 2026 a las 20:00:00 UTC-3","iss","./explore?q=iss&geo=BR"
"nicolas jackson","200+","31 de agosto de 2026 a las 16:00:00 UTC-3","31 de agosto de 2026 a las 18:00:00 UTC-3","nicolas jackson","./explore?q=nicolas%20jackson&geo=BR"
"professor","200+","30 de agosto de 2026 a las 6:30:00 UTC-3","30 de agosto de 2026 a las 9:40:00 UTC-3","professor","./explore?q=professor&geo=BR"
"austin fc","200+","30 de agosto de 2026 a las 0:30:00 UTC-3","30 de agosto de 2026 a las 2:30:00 UTC-3","austin fc","./explore?q=austin%20fc&geo=BR"
"chicago fire fc","200+","29 de agosto de 2026 a las 18:00:00 UTC-3","29 de agosto de 2026 a las 20:20:00 UTC-3","chicago fire fc","./explore?q=chicago%20fire%20fc&geo=BR"
"fabiana bolsonaro","200+","30 de agosto de 2026 a las 14:00:00 UTC-3","30 de agosto de 2026 a las 15:10:00 UTC-3","fabiana bolsonaro","./explore?q=fabiana%20bolsonaro&geo=BR"
"bet 365","200+","1 de septiembre de 2026 a las 23:20:00 UTC-3","2 de septiembre de 2026 a las 0:40:00 UTC-3","bet 365","./explore?q=bet%20365&geo=BR"
"sérgio goldsztein","200+","30 de agosto de 2026 a las 18:00:00 UTC-3","30 de agosto de 2026 a las 19:30:00 UTC-3","sérgio goldsztein","./explore?q=s%C3%A9rgio%20goldsztein&geo=BR"
"ultimate fighting championship","200+","29 de agosto de 2026 a las 17:50:00 UTC-3","29 de agosto de 2026 a las 19:30:00 UTC-3","ultimate fighting championship","./explore?q=ultimate%20fighting%20championship&geo=BR"
"trent alexander-arnold","200+","30 de agosto de 2026 a las 12:50:00 UTC-3","30 de agosto de 2026 a las 14:20:00 UTC-3","trent alexander-arnold","./explore?q=trent%20alexander-arnold&geo=BR"
"cblol","200+","30 de agosto de 2026 a las 13:00:00 UTC-3","30 de agosto de 2026 a las 14:40:00 UTC-3","cblol","./explore?q=cblol&geo=BR"
"reestruturação","200+","2 de septiembre de 2026 a las 12:20:00 UTC-3","2 de septiembre de 2026 a las 13:00:00 UTC-3","reestruturação","./explore?q=reestrutura%C3%A7%C3%A3o&geo=BR"
"previsão do tempo cascavel","200+","30 de agosto de 2026 a las 10:40:00 UTC-3","30 de agosto de 2026 a las 12:00:00 UTC-3","previsão do tempo cascavel","./explore?q=previs%C3%A3o%20do%20tempo%20cascavel&geo=BR"
"morgan rogers","200+","30 de agosto de 2026 a las 10:20:00 UTC-3","30 de agosto de 2026 a las 11:40:00 UTC-3","morgan rogers","./explore?q=morgan%20rogers&geo=BR"
"2028","200+","30 de agosto de 2026 a las 8:00:00 UTC-3","30 de agosto de 2026 a las 9:50:00 UTC-3","2028","./explore?q=2028&geo=BR"
"coventry city","200+","29 de agosto de 2026 a las 12:10:00 UTC-3","29 de agosto de 2026 a las 13:50:00 UTC-3","coventry city","./explore?q=coventry%20city&geo=BR"
"spurs","200+","29 de agosto de 2026 a las 14:10:00 UTC-3","29 de agosto de 2026 a las 16:10:00 UTC-3","spurs","./explore?q=spurs&geo=BR"
"união são joão x bandeirante de birigui","200+","29 de agosto de 2026 a las 18:20:00 UTC-3","29 de agosto de 2026 a las 20:40:00 UTC-3","união são joão x bandeirante de birigui","./explore?q=uni%C3%A3o%20s%C3%A3o%20jo%C3%A3o%20x%20bandeirante%20de%20birigui&geo=BR"
"paulo henrique ganso","200+","30 de agosto de 2026 a las 11:50:00 UTC-3","30 de agosto de 2026 a las 13:40:00 UTC-3","paulo henrique ganso","./explore?q=paulo%20henrique%20ganso&geo=BR"
"anthony gordon","200+","31 de agosto de 2026 a las 18:20:00 UTC-3","31 de agosto de 2026 a las 19:30:00 UTC-3","anthony gordon","./explore?q=anthony%20gordon&geo=BR"
"caxias","200+","29 de agosto de 2026 a las 18:20:00 UTC-3","29 de agosto de 2026 a las 19:50:00 UTC-3","caxias","./explore?q=caxias&geo=BR"
"ca tigre","200+","31 de agosto de 2026 a las 22:40:00 UTC-3","31 de agosto de 2026 a las 23:50:00 UTC-3","ca tigre","./explore?q=ca%20tigre&geo=BR"
"vasco bruno duarte","200+","31 de agosto de 2026 a las 20:10:00 UTC-3","31 de agosto de 2026 a las 21:00:00 UTC-3","vasco bruno duarte","./explore?q=vasco%20bruno%20duarte&geo=BR"
"lion fc","200+","29 de agosto de 2026 a las 17:00:00 UTC-3","29 de agosto de 2026 a las 18:30:00 UTC-3","lion fc","./explore?q=lion%20fc&geo=BR"
"mark ruffalo","200+","2 de septiembre de 2026 a las 8:00:00 UTC-3","2 de septiembre de 2026 a las 11:50:00 UTC-3","mark ruffalo","./explore?q=mark%20ruffalo&geo=BR"
"lioness o exército de idiotas úteis","200+","30 de agosto de 2026 a las 19:10:00 UTC-3","30 de agosto de 2026 a las 20:40:00 UTC-3","lioness o exército de idiotas úteis","./explore?q=lioness%20o%20ex%C3%A9rcito%20de%20idiotas%20%C3%BAteis&geo=BR"
"marcelino núñez","200+","30 de agosto de 2026 a las 12:50:00 UTC-3","30 de agosto de 2026 a las 14:30:00 UTC-3","marcelino núñez","./explore?q=marcelino%20n%C3%BA%C3%B1ez&geo=BR"
"finanças","200+","1 de septiembre de 2026 a las 9:40:00 UTC-3","1 de septiembre de 2026 a las 13:30:00 UTC-3","finanças","./explore?q=finan%C3%A7as&geo=BR"
"boston river x cerro","200+","29 de agosto de 2026 a las 13:50:00 UTC-3","29 de agosto de 2026 a las 15:30:00 UTC-3","boston river x cerro","./explore?q=boston%20river%20x%20cerro&geo=BR"
"nacionalidade italiana","200+","29 de agosto de 2026 a las 13:00:00 UTC-3","29 de agosto de 2026 a las 14:40:00 UTC-3","nacionalidade italiana","./explore?q=nacionalidade%20italiana&geo=BR"
"harry potter cinema","200+","30 de agosto de 2026 a las 22:30:00 UTC-3","31 de agosto de 2026 a las 1:10:00 UTC-3","harry potter cinema","./explore?q=harry%20potter%20cinema&geo=BR"
"tre rj","200+","31 de agosto de 2026 a las 12:50:00 UTC-3","31 de agosto de 2026 a las 13:50:00 UTC-3","tre rj","./explore?q=tre%20rj&geo=BR"
"thiago monteiro","200+","31 de agosto de 2026 a las 12:20:00 UTC-3","31 de agosto de 2026 a las 13:30:00 UTC-3","thiago monteiro","./explore?q=thiago%20monteiro&geo=BR"
"bbc","200+","3 de septiembre de 2026 a las 18:30:00 UTC-3","3 de septiembre de 2026 a las 18:50:00 UTC-3","bbc","./explore?q=bbc&geo=BR"
"barracas central","200+","31 de agosto de 2026 a las 22:50:00 UTC-3","1 de septiembre de 2026 a las 0:00:00 UTC-3","barracas central","./explore?q=barracas%20central&geo=BR"
"estacio","200+","1 de septiembre de 2026 a las 6:20:00 UTC-3","1 de septiembre de 2026 a las 7:30:00 UTC-3","estacio","./explore?q=estacio&geo=BR"
"masoud pezeshkian","200+","29 de agosto de 2026 a las 18:10:00 UTC-3","29 de agosto de 2026 a las 20:00:00 UTC-3","masoud pezeshkian","./explore?q=masoud%20pezeshkian&geo=BR"
"andré esteves","200+","30 de agosto de 2026 a las 19:30:00 UTC-3","30 de agosto de 2026 a las 21:10:00 UTC-3","andré esteves","./explore?q=andr%C3%A9%20esteves&geo=BR"
"deportivo la coruna","200+","30 de agosto de 2026 a las 15:10:00 UTC-3","30 de agosto de 2026 a las 16:10:00 UTC-3","deportivo la coruna,valencia x","./explore?q=deportivo%20la%20coruna&geo=BR"
"tv online","200+","1 de septiembre de 2026 a las 21:30:00 UTC-3","1 de septiembre de 2026 a las 22:10:00 UTC-3","tv online","./explore?q=tv%20online&geo=BR"
"donyell malen","200+","31 de agosto de 2026 a las 14:10:00 UTC-3","31 de agosto de 2026 a las 15:10:00 UTC-3","donyell malen","./explore?q=donyell%20malen&geo=BR"
"feyenoord rotterdam","200+","30 de agosto de 2026 a las 10:50:00 UTC-3","30 de agosto de 2026 a las 12:10:00 UTC-3","feyenoord rotterdam","./explore?q=feyenoord%20rotterdam&geo=BR"
"pedro neto","200+","30 de agosto de 2026 a las 10:30:00 UTC-3","30 de agosto de 2026 a las 11:40:00 UTC-3","pedro neto","./explore?q=pedro%20neto&geo=BR"
"campeonato brasileiro série a 2026","200+","31 de agosto de 2026 a las 22:00:00 UTC-3","31 de agosto de 2026 a las 22:50:00 UTC-3","campeonato brasileiro série a 2026","./explore?q=campeonato%20brasileiro%20s%C3%A9rie%20a%202026&geo=BR"
"layoff uber","200+","2 de septiembre de 2026 a las 17:10:00 UTC-3","2 de septiembre de 2026 a las 19:10:00 UTC-3","layoff uber","./explore?q=layoff%20uber&geo=BR"
"tabela da copa do brasil","200+","2 de septiembre de 2026 a las 0:00:00 UTC-3","2 de septiembre de 2026 a las 7:20:00 UTC-3","tabela da copa do brasil","./explore?q=tabela%20da%20copa%20do%20brasil&geo=BR"
"talleres","200+","29 de agosto de 2026 a las 22:50:00 UTC-3","30 de agosto de 2026 a las 0:10:00 UTC-3","talleres","./explore?q=talleres&geo=BR"
"marcus rashford","200+","30 de agosto de 2026 a las 13:10:00 UTC-3","30 de agosto de 2026 a las 15:00:00 UTC-3","marcus rashford","./explore?q=marcus%20rashford&geo=BR"
"simaria mendes","200+","31 de agosto de 2026 a las 6:40:00 UTC-3","31 de agosto de 2026 a las 8:20:00 UTC-3","simaria mendes","./explore?q=simaria%20mendes&geo=BR"
"lens x","200+","29 de agosto de 2026 a las 13:20:00 UTC-3","29 de agosto de 2026 a las 15:10:00 UTC-3","lens x","./explore?q=lens%20x&geo=BR"
"fabrício bruno","200+","1 de septiembre de 2026 a las 23:40:00 UTC-3","2 de septiembre de 2026 a las 0:10:00 UTC-3","fabrício bruno","./explore?q=fabr%C3%ADcio%20bruno&geo=BR"
"papa leão xiv","200+","29 de agosto de 2026 a las 13:20:00 UTC-3","29 de agosto de 2026 a las 15:00:00 UTC-3","papa leão xiv","./explore?q=papa%20le%C3%A3o%20xiv&geo=BR"
"cucurella","200+","30 de agosto de 2026 a las 13:10:00 UTC-3","30 de agosto de 2026 a las 14:30:00 UTC-3","cucurella","./explore?q=cucurella&geo=BR"
"térence atmane","200+","31 de agosto de 2026 a las 19:00:00 UTC-3","31 de agosto de 2026 a las 20:00:00 UTC-3","térence atmane","./explore?q=t%C3%A9rence%20atmane&geo=BR"
"hering","200+","3 de septiembre de 2026 a las 12:50:00 UTC-3","3 de septiembre de 2026 a las 13:10:00 UTC-3","hering","./explore?q=hering&geo=BR"
"ben affleck","200+","30 de agosto de 2026 a las 2:50:00 UTC-3","30 de agosto de 2026 a las 4:20:00 UTC-3","ben affleck","./explore?q=ben%20affleck&geo=BR"
"guarani fc","200+","29 de agosto de 2026 a las 18:40:00 UTC-3","29 de agosto de 2026 a las 20:00:00 UTC-3","guarani fc","./explore?q=guarani%20fc&geo=BR"
"liga portugal","200+","31 de agosto de 2026 a las 18:10:00 UTC-3","31 de agosto de 2026 a las 19:00:00 UTC-3","liga portugal","./explore?q=liga%20portugal&geo=BR"
"shakhtar donetsk","200+","29 de agosto de 2026 a las 12:50:00 UTC-3","29 de agosto de 2026 a las 14:20:00 UTC-3","shakhtar donetsk","./explore?q=shakhtar%20donetsk&geo=BR"
"singapura","200+","31 de agosto de 2026 a las 0:50:00 UTC-3","31 de agosto de 2026 a las 2:10:00 UTC-3","singapura","./explore?q=singapura&geo=BR"
"metrópoles","200+","31 de agosto de 2026 a las 8:00:00 UTC-3","31 de agosto de 2026 a las 9:10:00 UTC-3","metrópoles","./explore?q=metr%C3%B3poles&geo=BR"
"campeonato turco","200+","29 de agosto de 2026 a las 15:30:00 UTC-3","29 de agosto de 2026 a las 17:00:00 UTC-3","campeonato turco","./explore?q=campeonato%20turco&geo=BR"
"alan lescano","200+","30 de agosto de 2026 a las 22:10:00 UTC-3","31 de agosto de 2026 a las 0:30:00 UTC-3","alan lescano","./explore?q=alan%20lescano&geo=BR"
"binance buy crypto","200+","31 de agosto de 2026 a las 3:20:00 UTC-3","31 de agosto de 2026 a las 4:50:00 UTC-3","binance buy crypto","./explore?q=binance%20buy%20crypto&geo=BR"
"marc bernal","200+","31 de agosto de 2026 a las 17:10:00 UTC-3","31 de agosto de 2026 a las 18:00:00 UTC-3","marc bernal","./explore?q=marc%20bernal&geo=BR"
"riquelme fillipi","200+","2 de septiembre de 2026 a las 13:20:00 UTC-3","2 de septiembre de 2026 a las 14:00:00 UTC-3","riquelme fillipi","./explore?q=riquelme%20fillipi&geo=BR"
"khamzat chimaev","200+","31 de agosto de 2026 a las 22:00:00 UTC-3","31 de agosto de 2026 a las 23:00:00 UTC-3","khamzat chimaev","./explore?q=khamzat%20chimaev&geo=BR"
"chitãozinho","200+","31 de agosto de 2026 a las 6:10:00 UTC-3","31 de agosto de 2026 a las 7:30:00 UTC-3","chitãozinho","./explore?q=chit%C3%A3ozinho&geo=BR"
"primeiro comando da capital","200+","30 de agosto de 2026 a las 12:50:00 UTC-3","30 de agosto de 2026 a las 14:10:00 UTC-3","primeiro comando da capital","./explore?q=primeiro%20comando%20da%20capital&geo=BR"
"estrelas da casa","200+","2 de septiembre de 2026 a las 0:10:00 UTC-3","2 de septiembre de 2026 a las 0:50:00 UTC-3","estrelas da casa","./explore?q=estrelas%20da%20casa&geo=BR"
"ollie watkins","200+","30 de agosto de 2026 a las 19:10:00 UTC-3","30 de agosto de 2026 a las 20:20:00 UTC-3","ollie watkins","./explore?q=ollie%20watkins&geo=BR"
"estrelas da casa","200+","31 de agosto de 2026 a las 23:20:00 UTC-3","1 de septiembre de 2026 a las 0:00:00 UTC-3","estrelas da casa","./explore?q=estrelas%20da%20casa&geo=BR"
"mara gabrilli","200+","30 de agosto de 2026 a las 22:20:00 UTC-3","30 de agosto de 2026 a las 23:20:00 UTC-3","mara gabrilli","./explore?q=mara%20gabrilli&geo=BR"
"terra","200+","2 de septiembre de 2026 a las 7:30:00 UTC-3","2 de septiembre de 2026 a las 8:00:00 UTC-3","terra","./explore?q=terra&geo=BR"
"kai havertz","200+","31 de agosto de 2026 a las 17:40:00 UTC-3","31 de agosto de 2026 a las 18:30:00 UTC-3","kai havertz","./explore?q=kai%20havertz&geo=BR"
"líder supremo do irã","200+","30 de agosto de 2026 a las 10:00:00 UTC-3","30 de agosto de 2026 a las 11:10:00 UTC-3","líder supremo do irã","./explore?q=l%C3%ADder%20supremo%20do%20ir%C3%A3&geo=BR"
"justiça militar da união","200+","29 de agosto de 2026 a las 11:20:00 UTC-3","29 de agosto de 2026 a las 13:00:00 UTC-3","justiça militar da união","./explore?q=justi%C3%A7a%20militar%20da%20uni%C3%A3o&geo=BR"
"kimi antonelli","200+","2 de septiembre de 2026 a las 23:40:00 UTC-3","3 de septiembre de 2026 a las 0:00:00 UTC-3","kimi antonelli","./explore?q=kimi%20antonelli&geo=BR"
"juro","200+","31 de agosto de 2026 a las 17:10:00 UTC-3","31 de agosto de 2026 a las 18:00:00 UTC-3","juro","./explore?q=juro&geo=BR"
"australia","200+","30 de agosto de 2026 a las 16:30:00 UTC-3","30 de agosto de 2026 a las 17:30:00 UTC-3","australia","./explore?q=australia&geo=BR"
"20:20","200+","29 de agosto de 2026 a las 20:20:00 UTC-3","29 de agosto de 2026 a las 21:20:00 UTC-3","20:20","./explore?q=20%3A20&geo=BR"
"tabela campeonato brasileiro","200+","29 de agosto de 2026 a las 23:50:00 UTC-3","30 de agosto de 2026 a las 7:20:00 UTC-3","tabela campeonato brasileiro","./explore?q=tabela%20campeonato%20brasileiro&geo=BR"
"arda güler","200+","30 de agosto de 2026 a las 14:10:00 UTC-3","30 de agosto de 2026 a las 15:10:00 UTC-3","arda güler","./explore?q=arda%20g%C3%BCler&geo=BR"
"serie a 2026","200+","31 de agosto de 2026 a las 21:50:00 UTC-3","31 de agosto de 2026 a las 22:30:00 UTC-3","serie a 2026","./explore?q=serie%20a%202026&geo=BR"
"socio fluminense","200+","31 de agosto de 2026 a las 12:50:00 UTC-3","31 de agosto de 2026 a las 13:20:00 UTC-3","socio fluminense","./explore?q=socio%20fluminense&geo=BR"
"walter","200+","2 de septiembre de 2026 a las 21:20:00 UTC-3","2 de septiembre de 2026 a las 21:40:00 UTC-3","walter","./explore?q=walter&geo=BR"
"emerson royal","200+","30 de agosto de 2026 a las 16:20:00 UTC-3","30 de agosto de 2026 a las 17:10:00 UTC-3","emerson royal","./explore?q=emerson%20royal&geo=BR"
"cristina mullins","200+","1 de septiembre de 2026 a las 12:30:00 UTC-3","1 de septiembre de 2026 a las 13:00:00 UTC-3","cristina mullins","./explore?q=cristina%20mullins&geo=BR"
"casa pia","200+","30 de agosto de 2026 a las 15:40:00 UTC-3","30 de agosto de 2026 a las 16:40:00 UTC-3","casa pia,casa pia x moreirense","./explore?q=casa%20pia&geo=BR"
"previsão do tempo londrina","200+","29 de agosto de 2026 a las 15:30:00 UTC-3","29 de agosto de 2026 a las 16:30:00 UTC-3","previsão do tempo londrina","./explore?q=previs%C3%A3o%20do%20tempo%20londrina&geo=BR"
"radar meteorológico","200+","31 de agosto de 2026 a las 0:30:00 UTC-3","31 de agosto de 2026 a las 5:00:00 UTC-3","radar meteorológico","./explore?q=radar%20meteorol%C3%B3gico&geo=BR"
"data center","200+","30 de agosto de 2026 a las 21:10:00 UTC-3","30 de agosto de 2026 a las 22:10:00 UTC-3","data center","./explore?q=data%20center&geo=BR"
"globoplay ao vivo","200+","29 de agosto de 2026 a las 21:50:00 UTC-3","29 de agosto de 2026 a las 22:50:00 UTC-3","globoplay ao vivo","./explore?q=globoplay%20ao%20vivo&geo=BR"
"al hazm x al-shabab","200+","31 de agosto de 2026 a las 7:10:00 UTC-3","31 de agosto de 2026 a las 8:00:00 UTC-3","al hazm x al-shabab","./explore?q=al%20hazm%20x%20al-shabab&geo=BR"
"elena-gabriela ruse","200+","30 de agosto de 2026 a las 14:30:00 UTC-3","30 de agosto de 2026 a las 15:20:00 UTC-3","elena-gabriela ruse","./explore?q=elena-gabriela%20ruse&geo=BR"
"convocados","200+","2 de septiembre de 2026 a las 20:00:00 UTC-3","2 de septiembre de 2026 a las 20:20:00 UTC-3","convocados","./explore?q=convocados&geo=BR"
"os donos da bola","200+","31 de agosto de 2026 a las 13:00:00 UTC-3","31 de agosto de 2026 a las 14:10:00 UTC-3","os donos da bola","./explore?q=os%20donos%20da%20bola&geo=BR"
"bernardo silva","200+","30 de agosto de 2026 a las 13:40:00 UTC-3","30 de agosto de 2026 a las 14:40:00 UTC-3","bernardo silva","./explore?q=bernardo%20silva&geo=BR"
"stefanos tsitsipas","200+","31 de agosto de 2026 a las 12:50:00 UTC-3","31 de agosto de 2026 a las 13:30:00 UTC-3","stefanos tsitsipas","./explore?q=stefanos%20tsitsipas&geo=BR"
"malmo","200+","31 de agosto de 2026 a las 15:50:00 UTC-3","31 de agosto de 2026 a las 16:30:00 UTC-3","malmo","./explore?q=malmo&geo=BR"
"orlando city","200+","29 de agosto de 2026 a las 23:40:00 UTC-3","30 de agosto de 2026 a las 0:40:00 UTC-3","orlando city","./explore?q=orlando%20city&geo=BR"
"mitsubishi","200+","31 de agosto de 2026 a las 17:40:00 UTC-3","31 de agosto de 2026 a las 18:30:00 UTC-3","mitsubishi","./explore?q=mitsubishi&geo=BR"
"crimson moon","200+","1 de septiembre de 2026 a las 14:50:00 UTC-3","1 de septiembre de 2026 a las 15:50:00 UTC-3","crimson moon","./explore?q=crimson%20moon&geo=BR"
"jessica pegula","200+","30 de agosto de 2026 a las 14:20:00 UTC-3","30 de agosto de 2026 a las 15:10:00 UTC-3","jessica pegula","./explore?q=jessica%20pegula&geo=BR"
"pje","200+","2 de septiembre de 2026 a las 17:30:00 UTC-3","2 de septiembre de 2026 a las 17:50:00 UTC-3","pje","./explore?q=pje&geo=BR"
"previsão do tempo bh","200+","30 de agosto de 2026 a las 14:40:00 UTC-3","30 de agosto de 2026 a las 15:30:00 UTC-3","previsão do tempo bh","./explore?q=previs%C3%A3o%20do%20tempo%20bh&geo=BR"
"tomás pochettino","200+","29 de agosto de 2026 a las 19:00:00 UTC-3","29 de agosto de 2026 a las 20:10:00 UTC-3","tomás pochettino","./explore?q=tom%C3%A1s%20pochettino&geo=BR"
"nelson deossa","200+","29 de agosto de 2026 a las 14:30:00 UTC-3","29 de agosto de 2026 a las 15:20:00 UTC-3","nelson deossa","./explore?q=nelson%20deossa&geo=BR"
"stade brestois x toulouse","200+","29 de agosto de 2026 a las 16:20:00 UTC-3","29 de agosto de 2026 a las 17:50:00 UTC-3","stade brestois x toulouse","./explore?q=stade%20brestois%20x%20toulouse&geo=BR"
"amaury lorenzo","200+","29 de agosto de 2026 a las 20:00:00 UTC-3","29 de agosto de 2026 a las 21:00:00 UTC-3","amaury lorenzo","./explore?q=amaury%20lorenzo&geo=BR"
"jogos do vasco","200+","29 de agosto de 2026 a las 23:20:00 UTC-3","30 de agosto de 2026 a las 0:30:00 UTC-3","jogos do vasco,vasco jogos","./explore?q=jogos%20do%20vasco&geo=BR"
"programação da globo hoje","200+","29 de agosto de 2026 a las 21:00:00 UTC-3","29 de agosto de 2026 a las 22:10:00 UTC-3","programação da globo hoje","./explore?q=programa%C3%A7%C3%A3o%20da%20globo%20hoje&geo=BR"
"canetas emagrecedoras","200+","29 de agosto de 2026 a las 19:40:00 UTC-3","29 de agosto de 2026 a las 20:40:00 UTC-3","canetas emagrecedoras","./explore?q=canetas%20emagrecedoras&geo=BR"
"darwin blanch","200+","1 de septiembre de 2026 a las 15:30:00 UTC-3","1 de septiembre de 2026 a las 16:00:00 UTC-3","darwin blanch","./explore?q=darwin%20blanch&geo=BR"
"rennes x","200+","30 de agosto de 2026 a las 14:00:00 UTC-3","30 de agosto de 2026 a las 15:00:00 UTC-3","rennes x","./explore?q=rennes%20x&geo=BR"
"sevilla vs atlético madrid","200+","29 de agosto de 2026 a las 17:00:00 UTC-3","29 de agosto de 2026 a las 18:10:00 UTC-3","sevilla vs atlético madrid","./explore?q=sevilla%20vs%20atl%C3%A9tico%20madrid&geo=BR"
"aek atenas","200+","30 de agosto de 2026 a las 17:00:00 UTC-3","30 de agosto de 2026 a las 17:50:00 UTC-3","aek atenas","./explore?q=aek%20atenas&geo=BR"
"previsão do tempo vitoria da conquista","200+","2 de septiembre de 2026 a las 18:30:00 UTC-3","2 de septiembre de 2026 a las 18:50:00 UTC-3","previsão do tempo vitoria da conquista","./explore?q=previs%C3%A3o%20do%20tempo%20vitoria%20da%20conquista&geo=BR"
"aterosclerose","200+","1 de septiembre de 2026 a las 14:00:00 UTC-3","1 de septiembre de 2026 a las 15:00:00 UTC-3","aterosclerose","./explore?q=aterosclerose&geo=BR"
"karol g","200+","30 de agosto de 2026 a las 18:40:00 UTC-3","30 de agosto de 2026 a las 19:40:00 UTC-3","karol g","./explore?q=karol%20g&geo=BR"
"suzy rêgo","200+","30 de agosto de 2026 a las 22:20:00 UTC-3","30 de agosto de 2026 a las 22:50:00 UTC-3","suzy rêgo","./explore?q=suzy%20r%C3%AAgo&geo=BR"
"folha de s.paulo","200+","29 de agosto de 2026 a las 12:00:00 UTC-3","29 de agosto de 2026 a las 13:00:00 UTC-3","folha de s.paulo","./explore?q=folha%20de%20s.paulo&geo=BR"
"aviação","200+","29 de agosto de 2026 a las 18:50:00 UTC-3","29 de agosto de 2026 a las 19:40:00 UTC-3","aviação","./explore?q=avia%C3%A7%C3%A3o&geo=BR"
"samsung","200+","31 de agosto de 2026 a las 5:20:00 UTC-3","31 de agosto de 2026 a las 13:50:00 UTC-3","samsung","./explore?q=samsung&geo=BR"
"ny red bulls x philadelphia union","200+","29 de agosto de 2026 a las 20:30:00 UTC-3","29 de agosto de 2026 a las 21:20:00 UTC-3","ny red bulls x philadelphia union","./explore?q=ny%20red%20bulls%20x%20philadelphia%20union&geo=BR"
"ajuricaba","200+","30 de agosto de 2026 a las 20:10:00 UTC-3","30 de agosto de 2026 a las 20:50:00 UTC-3","ajuricaba","./explore?q=ajuricaba&geo=BR"
"rayssa furlan","200+","29 de agosto de 2026 a las 13:20:00 UTC-3","29 de agosto de 2026 a las 14:10:00 UTC-3","rayssa furlan","./explore?q=rayssa%20furlan&geo=BR"
"arthur melo","200+","31 de agosto de 2026 a las 14:50:00 UTC-3","31 de agosto de 2026 a las 15:20:00 UTC-3","arthur melo","./explore?q=arthur%20melo&geo=BR"
"jhsf3","200+","31 de agosto de 2026 a las 18:30:00 UTC-3","31 de agosto de 2026 a las 19:00:00 UTC-3","jhsf3","./explore?q=jhsf3&geo=BR"
"rui costa pimenta","200+","29 de agosto de 2026 a las 21:30:00 UTC-3","29 de agosto de 2026 a las 22:20:00 UTC-3","rui costa pimenta","./explore?q=rui%20costa%20pimenta&geo=BR"
"rodrigo riquelme","200+","29 de agosto de 2026 a las 13:20:00 UTC-3","29 de agosto de 2026 a las 14:00:00 UTC-3","rodrigo riquelme","./explore?q=rodrigo%20riquelme&geo=BR"
"omonia nicosia","200+","31 de agosto de 2026 a las 15:50:00 UTC-3","31 de agosto de 2026 a las 16:20:00 UTC-3","omonia nicosia","./explore?q=omonia%20nicosia&geo=BR"
"twente","200+","30 de agosto de 2026 a las 15:30:00 UTC-3","30 de agosto de 2026 a las 16:10:00 UTC-3","twente","./explore?q=twente&geo=BR"
"itamaraty","200+","29 de agosto de 2026 a las 22:20:00 UTC-3","29 de agosto de 2026 a las 23:00:00 UTC-3","itamaraty","./explore?q=itamaraty&geo=BR"
"gilberto","200+","1 de septiembre de 2026 a las 19:30:00 UTC-3","1 de septiembre de 2026 a las 19:50:00 UTC-3","gilberto","./explore?q=gilberto&geo=BR"
"forge fc","200+","1 de septiembre de 2026 a las 19:20:00 UTC-3","1 de septiembre de 2026 a las 19:40:00 UTC-3","forge fc","./explore?q=forge%20fc&geo=BR"
"bidon","200+","30 de agosto de 2026 a las 16:40:00 UTC-3","30 de agosto de 2026 a las 17:10:00 UTC-3","bidon","./explore?q=bidon&geo=BR"
"grazi massafera","200+","29 de agosto de 2026 a las 16:10:00 UTC-3","29 de agosto de 2026 a las 16:50:00 UTC-3","grazi massafera","./explore?q=grazi%20massafera&geo=BR"
"whatsapp whatsapp","200+","31 de agosto de 2026 a las 8:10:00 UTC-3","31 de agosto de 2026 a las 8:50:00 UTC-3","whatsapp whatsapp","./explore?q=whatsapp%20whatsapp&geo=BR"
"previsão do tempo niteroi","200+","29 de agosto de 2026 a las 21:40:00 UTC-3","29 de agosto de 2026 a las 22:10:00 UTC-3","previsão do tempo niteroi,previsão do tempo niterói","./explore?q=previs%C3%A3o%20do%20tempo%20niteroi&geo=BR"
"domingo","200+","30 de agosto de 2026 a las 7:10:00 UTC-3","30 de agosto de 2026 a las 8:00:00 UTC-3","domingo","./explore?q=domingo&geo=BR"
"chay suede","200+","31 de agosto de 2026 a las 23:00:00 UTC-3","31 de agosto de 2026 a las 23:20:00 UTC-3","chay suede","./explore?q=chay%20suede&geo=BR"
"fever","200+","31 de agosto de 2026 a las 11:00:00 UTC-3","31 de agosto de 2026 a las 11:20:00 UTC-3","fever","./explore?q=fever&geo=BR"
"macuco safari","200+","31 de agosto de 2026 a las 20:10:00 UTC-3","31 de agosto de 2026 a las 20:30:00 UTC-3","macuco safari","./explore?q=macuco%20safari&geo=BR"
"oggi","200+","29 de agosto de 2026 a las 19:00:00 UTC-3","29 de agosto de 2026 a las 19:30:00 UTC-3","oggi","./explore?q=oggi&geo=BR"
"adam scott","200+","30 de agosto de 2026 a las 22:40:00 UTC-3","30 de agosto de 2026 a las 23:00:00 UTC-3","adam scott","./explore?q=adam%20scott&geo=BR"
"deputado estadual","200+","29 de agosto de 2026 a las 21:00:00 UTC-3","29 de agosto de 2026 a las 21:20:00 UTC-3","deputado estadual","./explore?q=deputado%20estadual&geo=BR"
"janja lula da silva","100+","5 de septiembre de 2026 a las 8:10:00 UTC-3","5 de septiembre de 2026 a las 8:40:00 UTC-3","janja lula da silva","./explore?q=janja%20lula%20da%20silva&geo=BR"
"what is a heat index","100+","5 de septiembre de 2026 a las 5:40:00 UTC-3","5 de septiembre de 2026 a las 6:30:00 UTC-3","what is a heat index","./explore?q=what%20is%20a%20heat%20index&geo=BR"
"cryptocurrency trading","100+","5 de septiembre de 2026 a las 5:10:00 UTC-3","5 de septiembre de 2026 a las 6:10:00 UTC-3","cryptocurrency trading","./explore?q=cryptocurrency%20trading&geo=BR"
"fargo","100+","4 de septiembre de 2026 a las 7:30:00 UTC-3","4 de septiembre de 2026 a las 8:20:00 UTC-3","fargo","./explore?q=fargo&geo=BR"
"tjdft","100+","2 de septiembre de 2026 a las 12:00:00 UTC-3","2 de septiembre de 2026 a las 15:10:00 UTC-3","tjdft","./explore?q=tjdft&geo=BR"
"tributo","100+","3 de septiembre de 2026 a las 7:20:00 UTC-3","3 de septiembre de 2026 a las 8:10:00 UTC-3","tributo","./explore?q=tributo&geo=BR"
"tesla","100+","2 de septiembre de 2026 a las 2:30:00 UTC-3","2 de septiembre de 2026 a las 3:40:00 UTC-3","tesla","./explore?q=tesla&geo=BR"
"2 de setembro","100+","2 de septiembre de 2026 a las 7:40:00 UTC-3","2 de septiembre de 2026 a las 8:40:00 UTC-3","2 de setembro","./explore?q=2%20de%20setembro&geo=BR"
"copa do brasil ontem","100+","3 de septiembre de 2026 a las 6:40:00 UTC-3","3 de septiembre de 2026 a las 7:20:00 UTC-3","copa do brasil ontem","./explore?q=copa%20do%20brasil%20ontem&geo=BR"
"criança","100+","3 de septiembre de 2026 a las 1:50:00 UTC-3","3 de septiembre de 2026 a las 3:30:00 UTC-3","criança","./explore?q=crian%C3%A7a&geo=BR"
"fast","100+","2 de septiembre de 2026 a las 16:10:00 UTC-3","2 de septiembre de 2026 a las 17:00:00 UTC-3","fast","./explore?q=fast&geo=BR"
"corinthians loja oficial","100+","1 de septiembre de 2026 a las 23:20:00 UTC-3","2 de septiembre de 2026 a las 0:30:00 UTC-3","corinthians loja oficial","./explore?q=corinthians%20loja%20oficial&geo=BR"
"ads","100+","1 de septiembre de 2026 a las 7:20:00 UTC-3","1 de septiembre de 2026 a las 8:20:00 UTC-3","ads","./explore?q=ads&geo=BR"
"cptm","100+","31 de agosto de 2026 a las 6:30:00 UTC-3","31 de agosto de 2026 a las 7:40:00 UTC-3","cptm","./explore?q=cptm&geo=BR"
"hoje é feriado","100+","31 de agosto de 2026 a las 7:00:00 UTC-3","31 de agosto de 2026 a las 8:10:00 UTC-3","hoje é feriado","./explore?q=hoje%20%C3%A9%20feriado&geo=BR"
"primavera 2026","100+","1 de septiembre de 2026 a las 8:00:00 UTC-3","1 de septiembre de 2026 a las 8:50:00 UTC-3","primavera 2026","./explore?q=primavera%202026&geo=BR"
"previsão do tempo cascavel","100+","31 de agosto de 2026 a las 5:00:00 UTC-3","31 de agosto de 2026 a las 6:40:00 UTC-3","previsão do tempo cascavel","./explore?q=previs%C3%A3o%20do%20tempo%20cascavel&geo=BR"
"nio","100+","1 de septiembre de 2026 a las 13:10:00 UTC-3","1 de septiembre de 2026 a las 15:40:00 UTC-3","nio","./explore?q=nio&geo=BR"
"unimed","100+","1 de septiembre de 2026 a las 23:50:00 UTC-3","2 de septiembre de 2026 a las 7:50:00 UTC-3","unimed","./explore?q=unimed&geo=BR"
"copa do mundo 2026","100+","1 de septiembre de 2026 a las 23:20:00 UTC-3","2 de septiembre de 2026 a las 0:10:00 UTC-3","copa do mundo 2026","./explore?q=copa%20do%20mundo%202026&geo=BR"
"lanternas ep 3","100+","30 de agosto de 2026 a las 22:40:00 UTC-3","30 de agosto de 2026 a las 23:50:00 UTC-3","lanternas ep 3","./explore?q=lanternas%20ep%203&geo=BR"
"previsão do tempo santo andré","100+","31 de agosto de 2026 a las 5:40:00 UTC-3","31 de agosto de 2026 a las 7:10:00 UTC-3","previsão do tempo santo andré","./explore?q=previs%C3%A3o%20do%20tempo%20santo%20andr%C3%A9&geo=BR"
"us open 2026","100+","2 de septiembre de 2026 a las 6:10:00 UTC-3","2 de septiembre de 2026 a las 7:00:00 UTC-3","us open 2026","./explore?q=us%20open%202026&geo=BR"
"dodf","100+","1 de septiembre de 2026 a las 7:10:00 UTC-3","1 de septiembre de 2026 a las 8:20:00 UTC-3","dodf","./explore?q=dodf&geo=BR"
"pablo garcia","100+","1 de septiembre de 2026 a las 23:50:00 UTC-3","2 de septiembre de 2026 a las 2:00:00 UTC-3","pablo garcia","./explore?q=pablo%20garcia&geo=BR"
"ipva","100+","2 de septiembre de 2026 a las 5:40:00 UTC-3","2 de septiembre de 2026 a las 14:00:00 UTC-3","ipva","./explore?q=ipva&geo=BR"
"2","100+","31 de agosto de 2026 a las 2:40:00 UTC-3","31 de agosto de 2026 a las 4:40:00 UTC-3","2","./explore?q=2&geo=BR"
"creatina","100+","2 de septiembre de 2026 a las 13:30:00 UTC-3","2 de septiembre de 2026 a las 16:10:00 UTC-3","creatina","./explore?q=creatina&geo=BR"
"portland timbers x austin","100+","30 de agosto de 2026 a las 0:50:00 UTC-3","30 de agosto de 2026 a las 2:10:00 UTC-3","portland timbers x austin","./explore?q=portland%20timbers%20x%20austin&geo=BR"
"previsão do tempo foz do iguaçu","100+","31 de agosto de 2026 a las 6:30:00 UTC-3","31 de agosto de 2026 a las 7:40:00 UTC-3","previsão do tempo foz do iguaçu","./explore?q=previs%C3%A3o%20do%20tempo%20foz%20do%20igua%C3%A7u&geo=BR"
"jannik sinner","100+","29 de agosto de 2026 a las 13:10:00 UTC-3","29 de agosto de 2026 a las 14:20:00 UTC-3","jannik sinner","./explore?q=jannik%20sinner&geo=BR"
"desenrola brasil","100+","30 de agosto de 2026 a las 5:30:00 UTC-3","30 de agosto de 2026 a las 6:40:00 UTC-3","desenrola brasil","./explore?q=desenrola%20brasil&geo=BR"
"maps google","100+","2 de septiembre de 2026 a las 14:50:00 UTC-3","2 de septiembre de 2026 a las 16:00:00 UTC-3","maps google","./explore?q=maps%20google&geo=BR"
"previsão do tempo guarapuava","100+","31 de agosto de 2026 a las 6:50:00 UTC-3","31 de agosto de 2026 a las 7:50:00 UTC-3","previsão do tempo guarapuava","./explore?q=previs%C3%A3o%20do%20tempo%20guarapuava&geo=BR"
"colorado rapids","100+","29 de agosto de 2026 a las 23:40:00 UTC-3","30 de agosto de 2026 a las 0:50:00 UTC-3","colorado rapids","./explore?q=colorado%20rapids&geo=BR"
"t","100+","31 de agosto de 2026 a las 2:10:00 UTC-3","31 de agosto de 2026 a las 3:10:00 UTC-3","t","./explore?q=t&geo=BR"
"amputação","100+","29 de agosto de 2026 a las 23:20:00 UTC-3","30 de agosto de 2026 a las 0:20:00 UTC-3","amputação","./explore?q=amputa%C3%A7%C3%A3o&geo=BR"
"30 de agosto","100+","30 de agosto de 2026 a las 8:40:00 UTC-3","30 de agosto de 2026 a las 9:50:00 UTC-3","30 de agosto","./explore?q=30%20de%20agosto&geo=BR"
"al ain x al-nasr","100+","29 de agosto de 2026 a las 14:10:00 UTC-3","29 de agosto de 2026 a las 15:10:00 UTC-3","al ain x al-nasr","./explore?q=al%20ain%20x%20al-nasr&geo=BR"
"patrícia abravanel","100+","30 de agosto de 2026 a las 22:50:00 UTC-3","30 de agosto de 2026 a las 23:40:00 UTC-3","patrícia abravanel","./explore?q=patr%C3%ADcia%20abravanel&geo=BR"
"rennes fc","100+","30 de agosto de 2026 a las 14:10:00 UTC-3","30 de agosto de 2026 a las 15:00:00 UTC-3","rennes fc","./explore?q=rennes%20fc&geo=BR"
"sada cruzeiro vôlei","100+","1 de septiembre de 2026 a las 6:40:00 UTC-3","1 de septiembre de 2026 a las 7:30:00 UTC-3","sada cruzeiro vôlei","./explore?q=sada%20cruzeiro%20v%C3%B4lei&geo=BR"
"senai","100+","2 de septiembre de 2026 a las 6:20:00 UTC-3","2 de septiembre de 2026 a las 6:50:00 UTC-3","senai","./explore?q=senai&geo=BR"
"nashville fc","100+","29 de agosto de 2026 a las 22:50:00 UTC-3","29 de agosto de 2026 a las 23:50:00 UTC-3","nashville fc","./explore?q=nashville%20fc&geo=BR"
"exequiel palacios","100+","30 de agosto de 2026 a las 13:40:00 UTC-3","30 de agosto de 2026 a las 14:30:00 UTC-3","exequiel palacios","./explore?q=exequiel%20palacios&geo=BR"
"thun fc","100+","2 de septiembre de 2026 a las 17:50:00 UTC-3","2 de septiembre de 2026 a las 18:10:00 UTC-3","thun fc","./explore?q=thun%20fc&geo=BR"
"toronto fc","100+","29 de agosto de 2026 a las 22:20:00 UTC-3","29 de agosto de 2026 a las 23:10:00 UTC-3","toronto fc","./explore?q=toronto%20fc&geo=BR"
"seleção brasileira de voleibol masculino","100+","30 de agosto de 2026 a las 8:40:00 UTC-3","30 de agosto de 2026 a las 9:40:00 UTC-3","seleção brasileira de voleibol masculino","./explore?q=sele%C3%A7%C3%A3o%20brasileira%20de%20voleibol%20masculino&geo=BR"
"previsão do tempo atibaia","100+","31 de agosto de 2026 a las 6:30:00 UTC-3","31 de agosto de 2026 a las 7:10:00 UTC-3","previsão do tempo atibaia","./explore?q=previs%C3%A3o%20do%20tempo%20atibaia&geo=BR"
"nascar","100+","29 de agosto de 2026 a las 23:40:00 UTC-3","30 de agosto de 2026 a las 0:40:00 UTC-3","nascar","./explore?q=nascar&geo=BR"
"pirula","100+","29 de agosto de 2026 a las 16:50:00 UTC-3","29 de agosto de 2026 a las 18:00:00 UTC-3","pirula","./explore?q=pirula&geo=BR"
"real sociedad - rcd espanyol","100+","29 de agosto de 2026 a las 14:20:00 UTC-3","29 de agosto de 2026 a las 15:10:00 UTC-3","real sociedad - rcd espanyol","./explore?q=real%20sociedad%20-%20rcd%20espanyol&geo=BR"
"poatan","100+","30 de agosto de 2026 a las 2:00:00 UTC-3","30 de agosto de 2026 a las 2:40:00 UTC-3","poatan","./explore?q=poatan&geo=BR"
"antonio banderas","100+","30 de agosto de 2026 a las 13:20:00 UTC-3","30 de agosto de 2026 a las 14:10:00 UTC-3","antonio banderas","./explore?q=antonio%20banderas&geo=BR"
"8","100+","30 de agosto de 2026 a las 4:00:00 UTC-3","30 de agosto de 2026 a las 5:50:00 UTC-3","8","./explore?q=8&geo=BR"
"stop","100+","2 de septiembre de 2026 a las 8:00:00 UTC-3","2 de septiembre de 2026 a las 8:20:00 UTC-3","stop","./explore?q=stop&geo=BR"
"psv eindhoven","100+","30 de agosto de 2026 a las 9:20:00 UTC-3","30 de agosto de 2026 a las 10:10:00 UTC-3","psv eindhoven","./explore?q=psv%20eindhoven&geo=BR"
"grande prêmio do milwaukee","100+","30 de agosto de 2026 a las 9:20:00 UTC-3","30 de agosto de 2026 a las 10:10:00 UTC-3","grande prêmio do milwaukee","./explore?q=grande%20pr%C3%AAmio%20do%20milwaukee&geo=BR"
"eduardo domínguez","100+","2 de septiembre de 2026 a las 0:10:00 UTC-3","2 de septiembre de 2026 a las 0:30:00 UTC-3","eduardo domínguez","./explore?q=eduardo%20dom%C3%ADnguez&geo=BR"
"midway","100+","2 de septiembre de 2026 a las 10:00:00 UTC-3","2 de septiembre de 2026 a las 10:20:00 UTC-3","midway","./explore?q=midway&geo=BR"
"midtjylland","100+","30 de agosto de 2026 a las 9:50:00 UTC-3","30 de agosto de 2026 a las 10:30:00 UTC-3","midtjylland","./explore?q=midtjylland&geo=BR"
"jogo do cuiabá","100+","29 de agosto de 2026 a las 20:20:00 UTC-3","29 de agosto de 2026 a las 21:00:00 UTC-3","jogo do cuiabá","./explore?q=jogo%20do%20cuiab%C3%A1&geo=BR"
"nice fc","100+","30 de agosto de 2026 a las 10:40:00 UTC-3","30 de agosto de 2026 a las 11:20:00 UTC-3","nice fc","./explore?q=nice%20fc&geo=BR"
"antony","100+","29 de agosto de 2026 a las 13:20:00 UTC-3","29 de agosto de 2026 a las 14:00:00 UTC-3","antony","./explore?q=antony&geo=BR"
"carlos alcaraz","100+","29 de agosto de 2026 a las 13:00:00 UTC-3","29 de agosto de 2026 a las 13:50:00 UTC-3","carlos alcaraz","./explore?q=carlos%20alcaraz&geo=BR"
"anatel","100+","2 de septiembre de 2026 a las 17:10:00 UTC-3","2 de septiembre de 2026 a las 17:30:00 UTC-3","anatel","./explore?q=anatel&geo=BR"
"séville – atlético madrid","100+","29 de agosto de 2026 a las 17:20:00 UTC-3","29 de agosto de 2026 a las 18:00:00 UTC-3","séville – atlético madrid","./explore?q=s%C3%A9ville%20%E2%80%93%20atl%C3%A9tico%20madrid&geo=BR"
"india","100+","29 de agosto de 2026 a las 23:50:00 UTC-3","30 de agosto de 2026 a las 1:50:00 UTC-3","india","./explore?q=india&geo=BR"
"benedita da silva","100+","31 de agosto de 2026 a las 13:40:00 UTC-3","31 de agosto de 2026 a las 14:10:00 UTC-3","benedita da silva","./explore?q=benedita%20da%20silva&geo=BR"
"pogacar","100+","29 de agosto de 2026 a las 13:10:00 UTC-3","29 de agosto de 2026 a las 13:50:00 UTC-3","pogacar","./explore?q=pogacar&geo=BR"
"veronika erjavec","100+","30 de agosto de 2026 a las 13:40:00 UTC-3","30 de agosto de 2026 a las 14:10:00 UTC-3","veronika erjavec","./explore?q=veronika%20erjavec&geo=BR"
"g1 sp","100+","1 de septiembre de 2026 a las 8:00:00 UTC-3","1 de septiembre de 2026 a las 8:20:00 UTC-3","g1 sp","./explore?q=g1%20sp&geo=BR"
"julia roberts","100+","30 de agosto de 2026 a las 15:00:00 UTC-3","30 de agosto de 2026 a las 15:30:00 UTC-3","julia roberts","./explore?q=julia%20roberts&geo=BR"
"toronto x new york city fc","100+","29 de agosto de 2026 a las 21:10:00 UTC-3","29 de agosto de 2026 a las 21:50:00 UTC-3","toronto x new york city fc","./explore?q=toronto%20x%20new%20york%20city%20fc&geo=BR"
"iphone 17 pro max","100+","30 de agosto de 2026 a las 5:00:00 UTC-3","30 de agosto de 2026 a las 5:40:00 UTC-3","iphone 17 pro max","./explore?q=iphone%2017%20pro%20max&geo=BR"
"tst","100+","2 de septiembre de 2026 a las 12:20:00 UTC-3","2 de septiembre de 2026 a las 12:40:00 UTC-3","tst","./explore?q=tst&geo=BR"
"fiorentina fc","100+","29 de agosto de 2026 a las 14:40:00 UTC-3","29 de agosto de 2026 a las 15:10:00 UTC-3","fiorentina fc","./explore?q=fiorentina%20fc&geo=BR"
"tribunal de justiça do estado de são paulo","100+","1 de septiembre de 2026 a las 16:50:00 UTC-3","1 de septiembre de 2026 a las 17:10:00 UTC-3","tribunal de justiça do estado de são paulo","./explore?q=tribunal%20de%20justi%C3%A7a%20do%20estado%20de%20s%C3%A3o%20paulo&geo=BR"
"poder360","100+","30 de agosto de 2026 a las 6:20:00 UTC-3","30 de agosto de 2026 a las 7:00:00 UTC-3","poder360","./explore?q=poder360&geo=BR"
"g1 campinas","100+","1 de septiembre de 2026 a las 7:40:00 UTC-3","1 de septiembre de 2026 a las 8:00:00 UTC-3","g1 campinas","./explore?q=g1%20campinas&geo=BR"
"tracker","100+","30 de agosto de 2026 a las 2:40:00 UTC-3","30 de agosto de 2026 a las 3:20:00 UTC-3","tracker","./explore?q=tracker&geo=BR"
"d","100+","31 de agosto de 2026 a las 4:00:00 UTC-3","31 de agosto de 2026 a las 4:30:00 UTC-3","d","./explore?q=d&geo=BR"
"tra","100+","30 de agosto de 2026 a las 2:50:00 UTC-3","30 de agosto de 2026 a las 3:30:00 UTC-3","tra","./explore?q=tra&geo=BR"
"coulibaly","100+","29 de agosto de 2026 a las 16:40:00 UTC-3","29 de agosto de 2026 a las 17:10:00 UTC-3","coulibaly","./explore?q=coulibaly&geo=BR"
"sydney sweeney","100+","31 de agosto de 2026 a las 13:10:00 UTC-3","31 de agosto de 2026 a las 13:30:00 UTC-3","sydney sweeney","./explore?q=sydney%20sweeney&geo=BR"
"h","100+","31 de agosto de 2026 a las 3:10:00 UTC-3","31 de agosto de 2026 a las 4:40:00 UTC-3","h","./explore?q=h&geo=BR"
"btg pactual","100+","30 de agosto de 2026 a las 10:50:00 UTC-3","30 de agosto de 2026 a las 11:10:00 UTC-3","btg pactual","./explore?q=btg%20pactual&geo=BR"
"6","100+","30 de agosto de 2026 a las 4:40:00 UTC-3","30 de agosto de 2026 a las 5:10:00 UTC-3","6,ai,out","./explore?q=6&geo=BR"
"juventud x deportivo maldonado","100+","29 de agosto de 2026 a las 14:20:00 UTC-3","29 de agosto de 2026 a las 14:40:00 UTC-3","juventud x deportivo maldonado","./explore?q=juventud%20x%20deportivo%20maldonado&geo=BR"
"ator rafael infante","100+","29 de agosto de 2026 a las 14:20:00 UTC-3","29 de agosto de 2026 a las 14:40:00 UTC-3","ator rafael infante","./explore?q=ator%20rafael%20infante&geo=BR"
"instituto","100+","29 de agosto de 2026 a las 18:40:00 UTC-3","29 de agosto de 2026 a las 19:00:00 UTC-3","instituto","./explore?q=instituto&geo=BR"