"Tendencias","Volumen de búsquedas","Inicio","Finalizada","Desglose de tendencias","Enlace a Explorar"
"fever vs liberty","200 mil+","22 de agosto de 2026 a las 19:00:00 UTC-3",,"fever vs liberty,fever vs liberty where to watch,indiana fever,fever game today,indiana fever vs new york liberty match player stats,fever score,aliyah boston,indiana fever schedule,jonquel jones,fever schedule,indiana fever score,new york liberty vs indiana fever match player stats,fever game tonight,fever basketball,indiana fever game today,what channel is fever on tonight,indiana fever game","./explore?q=fever%20vs%20liberty&geo=US"
"espanyol vs real madrid","500 mil+","22 de agosto de 2026 a las 15:20:00 UTC-3",,"espanyol vs real madrid,rcd espanyol - real madrid,posiciones de rcd espanyol de barcelona contra real madrid,carlos espí,real madrid,liga española,madrid,real madrid hoy,rcd espanyol vs. real madrid,espi real madrid,a qué hora juega el real madrid,espanyol x real madrid,como,cómo va el real madrid","./explore?q=espanyol%20vs%20real%20madrid&geo=US"
"boy left on mount fuji","200 mil+","21 de agosto de 2026 a las 7:40:00 UTC-3",,"boy left on mount fuji,mount fuji,boy left on mount fuji japan,father leaves boy mt fuji,mount fuji hiker leaves son","./explore?q=boy%20left%20on%20mount%20fuji&geo=US"
"cardinals vs phillies","100 mil+","21 de agosto de 2026 a las 18:40:00 UTC-3",,"cardinals vs phillies,st. louis cardinals","./explore?q=cardinals%20vs%20phillies&geo=US"
"michael wright","200 mil+","21 de agosto de 2026 a las 23:40:00 UTC-3",,"michael wright,michael wright actor,five heartbeats,allen iverson michael wright tribute,michael wright actor age 70,actor michael wright,micheal wright,michael wright death,michael wright movies,michael wright cause of death,5 heartbeats,is michael wright still alive,eddie king jr,michael wright (actor)","./explore?q=michael%20wright&geo=US"
"pirates vs dodgers","100 mil+","21 de agosto de 2026 a las 22:10:00 UTC-3",,"pirates vs dodgers,pirates - dodgers,jared jones,skubal,pittsburgh pirates,pirates,dodgers vs pirates,la dodgers","./explore?q=pirates%20vs%20dodgers&geo=US"
"cubs vs mariners","100 mil+","21 de agosto de 2026 a las 22:10:00 UTC-3",,"cubs vs mariners,randy arozarena,cubs - mariners,cubs,mariners,mariners game today","./explore?q=cubs%20vs%20mariners&geo=US"
"giants vs red sox","100 mil+","21 de agosto de 2026 a las 19:20:00 UTC-3",,"giants vs red sox","./explore?q=giants%20vs%20red%20sox&geo=US"
"guadalajara vs club tijuana","100 mil+","22 de agosto de 2026 a las 19:10:00 UTC-3",,"guadalajara vs club tijuana,guadalajara - tijuana,chivas vs tijuana,chivas vs xolos,guadalajara vs. tijuana,xolos vs chivas,chivas de guadalajara,futbol mexicano","./explore?q=guadalajara%20vs%20club%20tijuana&geo=US"
"blue jays vs yankees","100 mil+","21 de agosto de 2026 a las 19:10:00 UTC-3",,"blue jays vs yankees,wild card standings","./explore?q=blue%20jays%20vs%20yankees&geo=US"
"ed markey seth moulton primary","50 mil+","22 de agosto de 2026 a las 13:00:00 UTC-3",,"ed markey seth moulton primary,ed markey,politico","./explore?q=ed%20markey%20seth%20moulton%20primary&geo=US"
"ed oliver","100 mil+","21 de agosto de 2026 a las 22:00:00 UTC-3",,"ed oliver,ed oliver son,what happened to ed oliver's son,buffalo bills,bills,buffalo bills ed oliver son,ed oliver son drowning,josh allen,what happened to ed olivers son,ed oliver's son,ed oliver wife,how did ed olivers son die","./explore?q=ed%20oliver&geo=US"
"mets vs white sox","50 mil+","21 de agosto de 2026 a las 19:40:00 UTC-3",,"mets vs white sox,mets - white sox,braden montgomery,white sox game,sox","./explore?q=mets%20vs%20white%20sox&geo=US"
"braves vs brewers","100 mil+","21 de agosto de 2026 a las 16:10:00 UTC-3",,"braves vs brewers,jake bauers,logan henderson,braves - brewers","./explore?q=braves%20vs%20brewers&geo=US"
"fromm and oma's pride recalls","20 mil+","22 de agosto de 2026 a las 19:40:00 UTC-3",,"fromm and oma's pride recalls","./explore?q=fromm%20and%20oma%27s%20pride%20recalls&geo=US"
"bankruptcy","50 mil+","22 de agosto de 2026 a las 1:30:00 UTC-3",,"bankruptcy,red lobster endless shrimp return","./explore?q=bankruptcy&geo=US"
"nick chubb","100 mil+","21 de agosto de 2026 a las 22:10:00 UTC-3",,"nick chubb,nick chubb stats,sony michel,did nick chubb retire,nick chubb retired,nick chubb net worth,nick chubb injury,nick chubb age,nick chubb retirement cleveland browns,nick chubb retirement","./explore?q=nick%20chubb&geo=US"
"toronto vs inter miami","20 mil+","22 de agosto de 2026 a las 19:40:00 UTC-3",,"toronto vs inter miami,toronto - inter miami,inter miami vs toronto","./explore?q=toronto%20vs%20inter%20miami&geo=US"
"bigx arrested","50 mil+","22 de agosto de 2026 a las 12:30:00 UTC-3",,"bigx arrested,big x the plug jail,bigxthaplug news,big x the plug iowa state fair,big x the plug in jail,big x tha plug iowa state fair,bigxthaplug iowa state fair","./explore?q=bigx%20arrested&geo=US"
"tigers vs royals","50 mil+","21 de agosto de 2026 a las 20:20:00 UTC-3",,"tigers vs royals,kansas city royals","./explore?q=tigers%20vs%20royals&geo=US"
"rolly vs teofimo","50 mil+","21 de agosto de 2026 a las 23:40:00 UTC-3",,"rolly vs teofimo,rolly romero,teofimo vs rolly,teofimo lopez,rolly romero vs teofimo lopez,teofimo lopez vs rolly romero,rolly vs teofimo fight card,rolly vs teofimo time,romero vs lopez,teo vs rolly,rolly vs teofimo undercard,lopez vs romero,teofimo lopez vs rolly romero fight card","./explore?q=rolly%20vs%20teofimo&geo=US"
"bears","50 mil+","22 de agosto de 2026 a las 19:40:00 UTC-3",,"bears,bears vs bengals,chicago bears,bears game,cincinnati bengals,bears game today,colbie young,bengals schedule,bengals vs bears,bengals game today,dillon thieneman,bears bengals,bears schedule,chicago bears schedule,where to watch bengals vs chicago bears,chicago bears game,where to watch bears vs bengals,how to watch bears game today,josh johnson bengals,bears preseason,what channel is the bears game on","./explore?q=bears&geo=US"
"buckcherry","20 mil+","22 de agosto de 2026 a las 13:30:00 UTC-3",,"buckcherry,buckcherry tour bus crash","./explore?q=buckcherry&geo=US"
"john sarcone disqualified u.s. attorney","100 mil+","21 de agosto de 2026 a las 20:40:00 UTC-3",,"john sarcone disqualified u.s. attorney,john sarcone us attorney appointment ruling,trump us attorney,john sarcone","./explore?q=john%20sarcone%20disqualified%20u.s.%20attorney&geo=US"
"klay thompson","100 mil+","21 de agosto de 2026 a las 16:10:00 UTC-3",,"klay thompson,miami heat,miami heat roster,klay thompson trade,nba,dallas mavericks,heat roster,nba news,miami heat news,klay thompson dallas mavericks buyout,clay thompson,klay thompson miami heat,klay,klay thompson heat,klay thompson mavericks buyout,warriors","./explore?q=klay%20thompson&geo=US"
"eagles","100 mil+","22 de agosto de 2026 a las 20:10:00 UTC-3",,"eagles,patriots,eagles game,philadelphia eagles,new england patriots,patriots schedule,patriots vs eagles,eagles patriots,drake maye,aj brown,eagles game today,patriots schedule 2026,pats game,patriots eagles,patriots game today,jalen hurts,eagles preseason","./explore?q=eagles&geo=US"
"athletics vs astros","50 mil+","21 de agosto de 2026 a las 20:10:00 UTC-3",,"athletics vs astros","./explore?q=athletics%20vs%20astros&geo=US"
"twins vs padres","20 mil+","21 de agosto de 2026 a las 21:40:00 UTC-3",,"twins vs padres,padres game","./explore?q=twins%20vs%20padres&geo=US"
"rays vs orioles","50 mil+","21 de agosto de 2026 a las 19:20:00 UTC-3",,"rays vs orioles,orioles,rays - orioles,dylan beavers","./explore?q=rays%20vs%20orioles&geo=US"
"james o keefe","20 mil+","21 de agosto de 2026 a las 20:50:00 UTC-3",,"james o keefe,james o’keefe","./explore?q=james%20o%20keefe&geo=US"
"chiefs vs buccaneers","50 mil+","22 de agosto de 2026 a las 19:10:00 UTC-3",,"chiefs vs buccaneers,chiefs,chiefs game,kansas city chiefs,tampa bay buccaneers,kc chiefs,bucs game,buccaneers,bucs,chiefs game today,bucs vs chiefs,bucs schedule,bucs game today","./explore?q=chiefs%20vs%20buccaneers&geo=US"
"reds vs diamondbacks","20 mil+","21 de agosto de 2026 a las 21:50:00 UTC-3",,"reds vs diamondbacks","./explore?q=reds%20vs%20diamondbacks&geo=US"
"save america","20 mil+","22 de agosto de 2026 a las 13:40:00 UTC-3",,"save america","./explore?q=save%20america&geo=US"
"angels vs rangers","20 mil+","21 de agosto de 2026 a las 20:20:00 UTC-3",,"angels vs rangers","./explore?q=angels%20vs%20rangers&geo=US"
"dollar tree halloween icon glasses","50 mil+","21 de agosto de 2026 a las 15:40:00 UTC-3",,"dollar tree halloween icon glasses","./explore?q=dollar%20tree%20halloween%20icon%20glasses&geo=US"
"guardians vs rockies","20 mil+","21 de agosto de 2026 a las 20:50:00 UTC-3",,"guardians vs rockies,travis bazzana,rockies game","./explore?q=guardians%20vs%20rockies&geo=US"
"kim zolciak","100 mil+","21 de agosto de 2026 a las 13:30:00 UTC-3",,"kim zolciak,kroy biermann,kj biermann,kim zolciak son,kim zolciak kids,kim zolciak son arrest,kim zolciak-biermann","./explore?q=kim%20zolciak&geo=US"
"kick","20 mil+","22 de agosto de 2026 a las 20:00:00 UTC-3",,"kick,carli judice,jeisla chaves,carli judice ufc","./explore?q=kick&geo=US"
"boston","50 mil+","21 de agosto de 2026 a las 20:40:00 UTC-3",,"boston","./explore?q=boston&geo=US"
"jake lang","20 mil+","22 de agosto de 2026 a las 15:50:00 UTC-3",,"jake lang,who is jake lang,jake lang minneapolis","./explore?q=jake%20lang&geo=US"
"anthony hernandez","20 mil+","22 de agosto de 2026 a las 1:50:00 UTC-3",,"anthony hernandez,gregory rodrigues,ufc sacramento","./explore?q=anthony%20hernandez&geo=US"
"hawk fire","20 mil+","22 de agosto de 2026 a las 16:10:00 UTC-3",,"hawk fire,hawk fire reno,reno fire,fires near me,fire reno,reno fires,fire watch","./explore?q=hawk%20fire&geo=US"
"police","50 mil+","22 de agosto de 2026 a las 4:40:00 UTC-3",,"police","./explore?q=police&geo=US"
"dortmund vs bayern","100 mil+","22 de agosto de 2026 a las 14:30:00 UTC-3",,"dortmund vs bayern,dortmund - bayern,bayern,bayern vs dortmund,dortmund,bvb,dortmund – bayern,bvb vs bayern,franz beckenbauer","./explore?q=dortmund%20vs%20bayern&geo=US"
"espanyol vs real madrid standings","200 mil+","22 de agosto de 2026 a las 18:40:00 UTC-3",,"espanyol vs real madrid standings,la liga,carlos espi,laliga,real madrid vs,kylian mbappé,real madrid vs espanyol,jude bellingham,madrid vs,espanyol vs real madrid lineups,real madrid fc,madrid vs espanyol,espanyol,real madrid game,epl scores,real madrid cf,jose mourinho,espi,madrid game,yan diomande,where to watch espanyol vs real madrid,real madrid standings,bellingham,diomande,c espi,espanyol vs real madrid stats,real madrid players","./explore?q=espanyol%20vs%20real%20madrid%20standings&geo=US"
"stranger things animated series season 2","20 mil+","21 de agosto de 2026 a las 21:10:00 UTC-3",,"stranger things animated series season 2","./explore?q=stranger%20things%20animated%20series%20season%202&geo=US"
"musk","20 mil+","22 de agosto de 2026 a las 1:10:00 UTC-3",,"musk","./explore?q=musk&geo=US"
"eagles vs patriots","20 mil+","22 de agosto de 2026 a las 18:20:00 UTC-3",,"eagles vs patriots,ja'quinden jackson,yahoo fantasy,eagles injury,ja quinden jackson,ja'quinden jackson injury,patriots injury,jaquinden jackson,eagles player hurt","./explore?q=eagles%20vs%20patriots&geo=US"
"adin ross boxing event","20 mil+","22 de agosto de 2026 a las 17:50:00 UTC-3",,"adin ross boxing event,larry wheels vs vitaly,brand risk boxing,brand risk,brandrisk fights,brand risk fight card,brand risk 15,brandrisk 15","./explore?q=adin%20ross%20boxing%20event&geo=US"
"prince william","20 mil+","22 de agosto de 2026 a las 19:20:00 UTC-3",,"prince william,the gentlemen,tina brown meghan markle uk return","./explore?q=prince%20william&geo=US"
"walmart tap to pay","50 mil+","21 de agosto de 2026 a las 12:10:00 UTC-3",,"walmart tap to pay,walmart apple pay,is walmart adding tap to pay,is walmart getting apple pay,walmart tap to pay rollout,apple pay,google pay,is walmart getting tap to pay","./explore?q=walmart%20tap%20to%20pay&geo=US"
"mindy jennings","10 mil+","22 de agosto de 2026 a las 13:00:00 UTC-3",,"mindy jennings","./explore?q=mindy%20jennings&geo=US"
"donald trump state level polling","20 mil+","21 de agosto de 2026 a las 20:10:00 UTC-3",,"donald trump state level polling","./explore?q=donald%20trump%20state%20level%20polling&geo=US"
"premier league","200 mil+","21 de agosto de 2026 a las 4:10:00 UTC-3","22 de agosto de 2026 a las 22:00:00 UTC-3","premier league,premier league standings,brentford vs spurs,tottenham,tottenham hotspur,hull city vs manchester united f.c. standings,brentford - tottenham,brentford,brentford f.c. vs tottenham standings,spurs vs brentford,english premier league,brentford fc,brentford vs tottenham,tottenham vs brentford,tottenham hotspur f.c.,sandro tonali,igor thiago,brentford f.c. vs tottenham,archie gray,keane lewis-potter,michael kayode,brentford vs tottenham prediction,sangare brentford,pedro porro,spurs fc","./explore?q=premier%20league&geo=US"
"sun vs sparks","5 mil+","22 de agosto de 2026 a las 21:10:00 UTC-3",,"sun vs sparks,olivia nelson-ododa,diamond miller","./explore?q=sun%20vs%20sparks&geo=US"
"deshaun watson","20 mil+","22 de agosto de 2026 a las 16:30:00 UTC-3",,"deshaun watson,browns quarterback competition shedeur sanders,espn","./explore?q=deshaun%20watson&geo=US"
"american airlines flight smoke dallas","20 mil+","22 de agosto de 2026 a las 18:40:00 UTC-3",,"american airlines flight smoke dallas,passenger,laptop catches fire on plane,american airlines passenger laptop burns,american airlines laptop fire dfw","./explore?q=american%20airlines%20flight%20smoke%20dallas&geo=US"
"federal judge strikes down visa ban","20 mil+","22 de agosto de 2026 a las 8:00:00 UTC-3",,"federal judge strikes down visa ban,75 country visa pause,jeannette vargas visa ban ruling","./explore?q=federal%20judge%20strikes%20down%20visa%20ban&geo=US"
"horror","20 mil+","21 de agosto de 2026 a las 16:50:00 UTC-3",,"horror","./explore?q=horror&geo=US"
"puebla - santos","5 mil+","22 de agosto de 2026 a las 21:20:00 UTC-3",,"puebla - santos","./explore?q=puebla%20-%20santos&geo=US"
"prince harry and meghan hollywood","10 mil+","22 de agosto de 2026 a las 8:50:00 UTC-3",,"prince harry and meghan hollywood","./explore?q=prince%20harry%20and%20meghan%20hollywood&geo=US"
"roman dolidze","10 mil+","22 de agosto de 2026 a las 16:40:00 UTC-3",,"roman dolidze,reinier de ridder","./explore?q=roman%20dolidze&geo=US"
"johnathan hillstrand","20 mil+","22 de agosto de 2026 a las 7:40:00 UTC-3",,"johnathan hillstrand","./explore?q=johnathan%20hillstrand&geo=US"
"hull city","200 mil+","22 de agosto de 2026 a las 8:10:00 UTC-3",,"hull city,epl,hull vs man united,man united,manchester united,hull city - manchester united,man u,man utd,nobel mendy,semi ajayi,manchester united f.c.,andrey santos,where to watch hull city vs manchester united f.c.,man u vs hull city,hull,epl fixtures,konstantinos tzolakis,hull city fc,youri tielemans,hull city vs manchester united,hull city vs manchester united f.c. lineups,man united vs hull city,manchester united vs hull city,hull city vs manchester united f.c,patrick dorgu,michael carrick,where is hull city,bruno fernandes,harry maguire,hull city stadium,hull city – manchester united,man utd vs hull city,manchester united f.c,mendy hull city,premier,united vs hull,dorgu,john egan,hull city a.f.c.,tielemans","./explore?q=hull%20city&geo=US"
"el chapo","10 mil+","21 de agosto de 2026 a las 20:10:00 UTC-3",,"el chapo,el cholo ivan","./explore?q=el%20chapo&geo=US"
"travis kelce chiefs training camp","50 mil+","21 de agosto de 2026 a las 8:40:00 UTC-3",,"travis kelce chiefs training camp","./explore?q=travis%20kelce%20chiefs%20training%20camp&geo=US"
"jacob elordi","20 mil+","21 de agosto de 2026 a las 9:00:00 UTC-3",,"jacob elordi,kendall jenner","./explore?q=jacob%20elordi&geo=US"
"vitor petrino","10 mil+","22 de agosto de 2026 a las 14:00:00 UTC-3",,"vitor petrino,serghei spivac","./explore?q=vitor%20petrino&geo=US"
"food recalls 2026","20 mil+","21 de agosto de 2026 a las 16:20:00 UTC-3",,"food recalls 2026,food recalls 2026 list","./explore?q=food%20recalls%202026&geo=US"
"giancarlo stanton","20 mil+","22 de agosto de 2026 a las 12:30:00 UTC-3",,"giancarlo stanton,giancarlo stanton calf strain yankees,stanton,yankee standings","./explore?q=giancarlo%20stanton&geo=US"
"saints vs rams","50 mil+","22 de agosto de 2026 a las 16:40:00 UTC-3",,"saints vs rams,stetson bennett,rams game,rams,saints,rams vs saints,la rams,new orleans saints,zach wilson,saints schedule,cj daniels,los angeles rams,spencer rattler,rams schedule,rams game today,saints game today","./explore?q=saints%20vs%20rams&geo=US"
"extreme heat watch","10 mil+","22 de agosto de 2026 a las 17:30:00 UTC-3",,"extreme heat watch","./explore?q=extreme%20heat%20watch&geo=US"
"cowboys vs cardinals","10 mil+","22 de agosto de 2026 a las 14:20:00 UTC-3",,"cowboys vs cardinals,dallas cowboys schedule,cowboys schedule,cardinals vs cowboys,cowboys game today","./explore?q=cowboys%20vs%20cardinals&geo=US"
"serie a","20 mil+","21 de agosto de 2026 a las 15:40:00 UTC-3",,"serie a,inter vs monza,inter milan,inter - monza,inter milan vs ac monza standings,inter,djed spence","./explore?q=serie%20a&geo=US"
"giants vs dolphins","50 mil+","22 de agosto de 2026 a las 16:20:00 UTC-3",,"giants vs dolphins,mark gronowski,miami dolphins,ny giants,giants,dolphins,jameis winston,dolphins game,new york giants,john harbaugh,nyg,dolphins qb,dolphins schedule,dolphins head coach,dolphins vs giants,odell beckham,jeff hafley,giants dolphins,ny giants game today,miami dolphins head coach,miami dolphins qb,miami dolphins schedule","./explore?q=giants%20vs%20dolphins&geo=US"
"little debbie new snack release","20 mil+","21 de agosto de 2026 a las 18:30:00 UTC-3",,"little debbie new snack release","./explore?q=little%20debbie%20new%20snack%20release&geo=US"
"bills vs browns","100 mil+","22 de agosto de 2026 a las 13:20:00 UTC-3",,"bills vs browns,browns,cleveland browns,browns game,browns vs bills,bills game,shedeur sanders,browns game today,bills schedule,bills browns,luke floriea,buffalo bills vs cleveland browns match player stats,buffalo bills schedule,bills game today,cleveland weather,buffalo bills vs cleveland browns,browns bills,browns preseason,why is the bills game delayed today,buffalo bills game today,buffalo bills game,why is the bills game delayed,nfl today,bills game delayed","./explore?q=bills%20vs%20browns&geo=US"
"payload embedded payments funding","5 mil+","22 de agosto de 2026 a las 9:00:00 UTC-3",,"payload embedded payments funding","./explore?q=payload%20embedded%20payments%20funding&geo=US"
"bryan randall","10 mil+","22 de agosto de 2026 a las 19:30:00 UTC-3",,"bryan randall","./explore?q=bryan%20randall&geo=US"
"mason jones","5 mil+","22 de agosto de 2026 a las 20:40:00 UTC-3",,"mason jones,marquel mederos,mason jones ufc,mason jones vs marquel mederos","./explore?q=mason%20jones&geo=US"
"carson steele","20 mil+","22 de agosto de 2026 a las 21:20:00 UTC-3",,"carson steele,tommy devito,brandon allen,odell beckham jr,athan kaliakmanis,lan larison,calvin austin iii,odell beckham jr.,jaden nixon,obj,efton chism iii,lajohntay wester,dare ogunbowale,aj dillon,pierre strong jr","./explore?q=carson%20steele&geo=US"
"wendy williams","20 mil+","21 de agosto de 2026 a las 20:10:00 UTC-3",,"wendy williams","./explore?q=wendy%20williams&geo=US"
"atlantic blue marlin massachusetts catch","10 mil+","22 de agosto de 2026 a las 16:00:00 UTC-3",,"atlantic blue marlin massachusetts catch,1260 pound blue marlin new england","./explore?q=atlantic%20blue%20marlin%20massachusetts%20catch&geo=US"
"donald trump white house statues","5 mil+","22 de agosto de 2026 a las 15:50:00 UTC-3",,"donald trump white house statues","./explore?q=donald%20trump%20white%20house%20statues&geo=US"
"venkata vasamsetty ice detention","10 mil+","21 de agosto de 2026 a las 23:50:00 UTC-3",,"venkata vasamsetty ice detention","./explore?q=venkata%20vasamsetty%20ice%20detention&geo=US"
"chicago vs ny red bulls","5 mil+","22 de agosto de 2026 a las 19:50:00 UTC-3",,"chicago vs ny red bulls,chicago fire - new york rb","./explore?q=chicago%20vs%20ny%20red%20bulls&geo=US"
"puebla vs santos laguna","2 mil+","22 de agosto de 2026 a las 21:20:00 UTC-3",,"puebla vs santos laguna","./explore?q=puebla%20vs%20santos%20laguna&geo=US"
"caleb williams","200 mil+","22 de agosto de 2026 a las 20:00:00 UTC-3",,"caleb williams,sean clifford,tanner mckee,ty robinson,will shipley,britain covey,case keenum,jets vs steelers,philadelphia eagles vs new england patriots match player stats,steelers,jermar jefferson,raheim sanders,steelers vs jets,geno smith,cash jones,steelers game,pittsburgh steelers,jahdae walker,jets,steelers schedule,ny jets,eagles schedule 2026,sam hartman,joshua metellus,will howard,steelers game today,steelers score,cade klubnik,new york jets,steelers jets,jelani woods,alex cook,new york jets vs pittsburgh steelers match player stats,jarrett stidham,steelers news,jets steelers,jets game,brady cook,nolan teasley,quincy skinner jr.,josh cuevas,steeler game,jets qb,adonai mitchell,17-0,ben skowronek,where to watch steelers game","./explore?q=caleb%20williams&geo=US"
"the hollies band retirement","20 mil+","21 de agosto de 2026 a las 8:50:00 UTC-3",,"the hollies band retirement","./explore?q=the%20hollies%20band%20retirement&geo=US"
"adf letter to wnba cathy engelbert","10 mil+","21 de agosto de 2026 a las 22:20:00 UTC-3",,"adf letter to wnba cathy engelbert,breanna stewart,new york liberty,ny liberty,fever wnba","./explore?q=adf%20letter%20to%20wnba%20cathy%20engelbert&geo=US"
"economic times","10 mil+","22 de agosto de 2026 a las 11:30:00 UTC-3",,"economic times","./explore?q=economic%20times&geo=US"
"jack strand","20 mil+","22 de agosto de 2026 a las 15:30:00 UTC-3",,"jack strand,colts,falcons vs colts,colts game,atlanta falcons,riley leonard,indianapolis colts,colts vs falcons","./explore?q=jack%20strand&geo=US"
"columbus vs nashville","5 mil+","22 de agosto de 2026 a las 21:00:00 UTC-3",,"columbus vs nashville,columbus crew - nashville sc","./explore?q=columbus%20vs%20nashville&geo=US"
"nationals vs marlins","20 mil+","21 de agosto de 2026 a las 19:20:00 UTC-3",,"nationals vs marlins,marlins,nationals - marlins","./explore?q=nationals%20vs%20marlins&geo=US"
"colorado bear trapped in car","20 mil+","22 de agosto de 2026 a las 5:20:00 UTC-3",,"colorado bear trapped in car,bear gets stuck in vehicle colorado","./explore?q=colorado%20bear%20trapped%20in%20car&geo=US"
"tiafoe","20 mil+","22 de agosto de 2026 a las 20:30:00 UTC-3",,"tiafoe,frances tiafoe,nakashima,tiafoe vs nakashima,brandon nakashima,tiafoe tennis,taylor fritz,lorenzo musetti,fritz,fritz vs nakashima,musetti","./explore?q=tiafoe&geo=US"
"crypto daily","10 mil+","21 de agosto de 2026 a las 23:30:00 UTC-3",,"crypto daily,clarity act","./explore?q=crypto%20daily&geo=US"
"independence high school","20 mil+","22 de agosto de 2026 a las 0:20:00 UTC-3",,"independence high school,bakersfield shooting,high school football,independence high school bakersfield,bakersfield news,independence high school shooting,bakersfield","./explore?q=independence%20high%20school&geo=US"
"shamil gaziev","10 mil+","22 de agosto de 2026 a las 14:00:00 UTC-3",,"shamil gaziev,kennedy nzechukwu","./explore?q=shamil%20gaziev&geo=US"
"karmelo anthony update","5 mil+","22 de agosto de 2026 a las 17:30:00 UTC-3",,"karmelo anthony update,karmelo anthony trial,carmelo anthony trial","./explore?q=karmelo%20anthony%20update&geo=US"
"little league world series bracket","10 mil+","21 de agosto de 2026 a las 18:20:00 UTC-3",,"little league world series bracket,llws bracket,how many innings in little league world series,little league world series scores,little league world series scores friday,todays weather","./explore?q=little%20league%20world%20series%20bracket&geo=US"
"marvel studios","10 mil+","21 de agosto de 2026 a las 14:50:00 UTC-3",,"marvel studios","./explore?q=marvel%20studios&geo=US"
"national treasure 3","5 mil+","22 de agosto de 2026 a las 15:00:00 UTC-3",,"national treasure 3","./explore?q=national%20treasure%203&geo=US"
"anthony wint","5 mil+","22 de agosto de 2026 a las 20:40:00 UTC-3",,"anthony wint,terrance chatman,anthony wint nfl,anthony wint ufc","./explore?q=anthony%20wint&geo=US"
"jack blues bieber birthday pancakes","5 mil+","22 de agosto de 2026 a las 16:40:00 UTC-3",,"jack blues bieber birthday pancakes","./explore?q=jack%20blues%20bieber%20birthday%20pancakes&geo=US"
"starr manufacturing julie watson lawsuit","10 mil+","22 de agosto de 2026 a las 13:50:00 UTC-3",,"starr manufacturing julie watson lawsuit","./explore?q=starr%20manufacturing%20julie%20watson%20lawsuit&geo=US"
"keelon russell","20 mil+","22 de agosto de 2026 a las 12:10:00 UTC-3",,"keelon russell,alabama football,austin mack","./explore?q=keelon%20russell&geo=US"
"philadelphia vs austin","2 mil+","22 de agosto de 2026 a las 21:40:00 UTC-3",,"philadelphia vs austin,philadelphia - austin fc","./explore?q=philadelphia%20vs%20austin&geo=US"
"canada","50 mil+","22 de agosto de 2026 a las 1:10:00 UTC-3",,"canada,trump administration canada trade talks,canada tariffs trump,trump,jamieson greer,us canada trade tariffs trump,canada tariffs,trade war,usa,to,breaking news,what is the latest news on the us canada trade negotiations and tariffs?,google news,world news,mark carney us canada trade tariffs,new","./explore?q=canada&geo=US"
"jessica pegula","20 mil+","22 de agosto de 2026 a las 17:00:00 UTC-3",,"jessica pegula,pegula,iga swiatek,pegula vs swiatek,swiatek","./explore?q=jessica%20pegula&geo=US"
"wardogs","10 mil+","21 de agosto de 2026 a las 2:50:00 UTC-3",,"wardogs,wardogs beta","./explore?q=wardogs&geo=US"
"bangladesh vs australia","5 mil+","21 de agosto de 2026 a las 21:00:00 UTC-3",,"bangladesh vs australia","./explore?q=bangladesh%20vs%20australia&geo=US"
"seattle sounders vs cincinnati","5 mil+","22 de agosto de 2026 a las 19:50:00 UTC-3",,"seattle sounders vs cincinnati,seattle sounders - cincinnati","./explore?q=seattle%20sounders%20vs%20cincinnati&geo=US"
"wyndham clark","10 mil+","22 de agosto de 2026 a las 14:10:00 UTC-3",,"wyndham clark,championship,wyndham clark girlfriend","./explore?q=wyndham%20clark&geo=US"
"eagles score","20 mil+","22 de agosto de 2026 a las 20:50:00 UTC-3",,"eagles score,bears score,patriots score,chiefs score,bengals score,browns score,vikings score,bills score,packers score,vikings vs ravens,lions score,lpga leaderboard,buffalo bills score,green bay packers vs denver broncos match player stats,packer score,baltimore ravens vs minnesota vikings match player stats","./explore?q=eagles%20score&geo=US"
"activision","50 mil+","21 de agosto de 2026 a las 1:00:00 UTC-3",,"activision,mw4,mw4 release date,mw4 beta code,modern warfare 4 beta,call of duty modern warfare 4 beta,cod mw4 beta code,cod modern warfare 4 open beta","./explore?q=activision&geo=US"
"alek thomas","20 mil+","22 de agosto de 2026 a las 16:50:00 UTC-3",,"alek thomas,andy pages,dodgers,dodger game,dodgers game,dodgers games,dodger","./explore?q=alek%20thomas&geo=US"
"dana bash","5 mil+","21 de agosto de 2026 a las 23:30:00 UTC-3",,"dana bash","./explore?q=dana%20bash&geo=US"
"dream vs mercury","2 mil+","22 de agosto de 2026 a las 22:10:00 UTC-3",,"dream vs mercury","./explore?q=dream%20vs%20mercury&geo=US"
"arrest","20 mil+","22 de agosto de 2026 a las 19:20:00 UTC-3",,"arrest,rashod bateman","./explore?q=arrest&geo=US"
"fever game","5 mil+","22 de agosto de 2026 a las 20:30:00 UTC-3",,"fever game","./explore?q=fever%20game&geo=US"
"eclipse lunar","50 mil+","22 de agosto de 2026 a las 15:20:00 UTC-3",,"eclipse lunar,near total lunar eclipse visibility,lunar eclipse august 2026,august 2026 lunar eclipse timeline,blood moon total lunar eclipse today,total lunar eclipse blood moon,blood moon total lunar eclipse,lunar eclipse","./explore?q=eclipse%20lunar&geo=US"
"salt lake vs orlando city","2 mil+","22 de agosto de 2026 a las 19:50:00 UTC-3",,"salt lake vs orlando city,real salt lake - orlando city","./explore?q=salt%20lake%20vs%20orlando%20city&geo=US"
"andrew painter","5 mil+","22 de agosto de 2026 a las 19:30:00 UTC-3",,"andrew painter,kyle schwarber,quinn mathews","./explore?q=andrew%20painter&geo=US"
"jake browning","2 mil+","22 de agosto de 2026 a las 21:10:00 UTC-3",,"jake browning","./explore?q=jake%20browning&geo=US"
"leonie fiebich","2 mil+","22 de agosto de 2026 a las 20:30:00 UTC-3",,"leonie fiebich","./explore?q=leonie%20fiebich&geo=US"
"chris pratt","20 mil+","21 de agosto de 2026 a las 5:50:00 UTC-3",,"chris pratt,anna faris","./explore?q=chris%20pratt&geo=US"
"ban vs aus","20 mil+","21 de agosto de 2026 a las 20:50:00 UTC-3",,"ban vs aus,aus vs ban","./explore?q=ban%20vs%20aus&geo=US"
"andy dalton","5 mil+","22 de agosto de 2026 a las 20:20:00 UTC-3",,"andy dalton,darius cooper","./explore?q=andy%20dalton&geo=US"
"ja'mori maclin","20 mil+","22 de agosto de 2026 a las 16:30:00 UTC-3",,"ja'mori maclin,kyle allen,shane buechele","./explore?q=ja%27mori%20maclin&geo=US"
"rufus du sol boulder","2 mil+","22 de agosto de 2026 a las 13:40:00 UTC-3",,"rufus du sol boulder","./explore?q=rufus%20du%20sol%20boulder&geo=US"
"sophie cunningham indiana fever contract","2 mil+","22 de agosto de 2026 a las 16:50:00 UTC-3",,"sophie cunningham indiana fever contract","./explore?q=sophie%20cunningham%20indiana%20fever%20contract&geo=US"
"cruzeiro x flamengo","5 mil+","22 de agosto de 2026 a las 19:50:00 UTC-3",,"cruzeiro x flamengo,flamengo,cruzeiro - flamengo","./explore?q=cruzeiro%20x%20flamengo&geo=US"
"cruzeiro vs flamengo","5 mil+","22 de agosto de 2026 a las 19:50:00 UTC-3",,"cruzeiro vs flamengo","./explore?q=cruzeiro%20vs%20flamengo&geo=US"
"aimee teegarden","2 mil+","22 de agosto de 2026 a las 21:00:00 UTC-3",,"aimee teegarden","./explore?q=aimee%20teegarden&geo=US"
"lexie hull indiana fever contract","2 mil+","22 de agosto de 2026 a las 19:10:00 UTC-3",,"lexie hull indiana fever contract,lexie hull","./explore?q=lexie%20hull%20indiana%20fever%20contract&geo=US"
"leadville 100","5 mil+","22 de agosto de 2026 a las 8:10:00 UTC-3",,"leadville 100","./explore?q=leadville%20100&geo=US"
"josh johnson nfl","2 mil+","22 de agosto de 2026 a las 20:20:00 UTC-3",,"josh johnson nfl","./explore?q=josh%20johnson%20nfl&geo=US"
"antigua gfc - comunicaciones","2 mil+","22 de agosto de 2026 a las 20:50:00 UTC-3",,"antigua gfc - comunicaciones","./explore?q=antigua%20gfc%20-%20comunicaciones&geo=US"
"olympiacos fc","5 mil+","22 de agosto de 2026 a las 13:10:00 UTC-3",,"olympiacos fc","./explore?q=olympiacos%20fc&geo=US"
"barcelona sc - orense","2 mil+","22 de agosto de 2026 a las 20:30:00 UTC-3",,"barcelona sc - orense,bsc vs orense","./explore?q=barcelona%20sc%20-%20orense&geo=US"
"d.c. united vs charlotte","2 mil+","22 de agosto de 2026 a las 19:50:00 UTC-3",,"d.c. united vs charlotte,dc united - charlotte fc","./explore?q=d.c.%20united%20vs%20charlotte&geo=US"
"sabrina ionescu","2 mil+","22 de agosto de 2026 a las 20:20:00 UTC-3",,"sabrina ionescu","./explore?q=sabrina%20ionescu&geo=US"
"kinley rasmus","2 mil+","22 de agosto de 2026 a las 20:20:00 UTC-3",,"kinley rasmus,colby rasmus","./explore?q=kinley%20rasmus&geo=US"
"houston dynamo vs st. louis","1 mil+","22 de agosto de 2026 a las 21:00:00 UTC-3",,"houston dynamo vs st. louis","./explore?q=houston%20dynamo%20vs%20st.%20louis&geo=US"
"justin fields","2 mil+","22 de agosto de 2026 a las 20:50:00 UTC-3",,"justin fields","./explore?q=justin%20fields&geo=US"
"ivanka trump jared kushner bbc subpoena","2 mil+","22 de agosto de 2026 a las 15:10:00 UTC-3",,"ivanka trump jared kushner bbc subpoena","./explore?q=ivanka%20trump%20jared%20kushner%20bbc%20subpoena&geo=US"
"us open tennis","5 mil+","21 de agosto de 2026 a las 11:00:00 UTC-3",,"us open tennis","./explore?q=us%20open%20tennis&geo=US"
"citizenship in the united states","2 mil+","22 de agosto de 2026 a las 9:40:00 UTC-3",,"citizenship in the united states","./explore?q=citizenship%20in%20the%20united%20states&geo=US"
"samsung galaxy s26","1 mil+","22 de agosto de 2026 a las 20:50:00 UTC-3",,"samsung galaxy s26,samsung galaxy august 2026 event","./explore?q=samsung%20galaxy%20s26&geo=US"
"detroit lions","100 mil+","22 de agosto de 2026 a las 13:00:00 UTC-3","22 de agosto de 2026 a las 17:20:00 UTC-3","detroit lions,commanders vs lions,lions,commanders,washington commanders,lions game,lions preseason game,lions vs commanders,lions schedule,lions game today,joshua dobbs,commanders schedule,josh dobbs,detroit lions schedule,commanders game,nick nash,lions tv network,lions commanders,where to watch detroit lions vs washington commanders,commanders lions,commanders depth chart,how to watch lions game today,commanders game today","./explore?q=detroit%20lions&geo=US"
"billionaire","2 mil+","22 de agosto de 2026 a las 17:40:00 UTC-3",,"billionaire","./explore?q=billionaire&geo=US"
"kyle williams","1 mil+","22 de agosto de 2026 a las 21:20:00 UTC-3",,"kyle williams","./explore?q=kyle%20williams&geo=US"
"boeing 737","5 mil+","22 de agosto de 2026 a las 10:40:00 UTC-3",,"boeing 737","./explore?q=boeing%20737&geo=US"
"pauline astier","1 mil+","22 de agosto de 2026 a las 20:40:00 UTC-3",,"pauline astier","./explore?q=pauline%20astier&geo=US"
"jj mccarthy preseason snaps vikings ravens","20 mil+","22 de agosto de 2026 a las 20:40:00 UTC-3",,"jj mccarthy preseason snaps vikings ravens,vikings,mn vikings,minnesota vikings,carson wentz,j j mccarthy,j.j. mccarthy","./explore?q=jj%20mccarthy%20preseason%20snaps%20vikings%20ravens&geo=US"
"raf 12","2 mil+","22 de agosto de 2026 a las 20:30:00 UTC-3",,"raf 12,merab dvalishvili henry cejudo raf 12","./explore?q=raf%2012&geo=US"
"sonny styles","5 mil+","22 de agosto de 2026 a las 14:50:00 UTC-3",,"sonny styles","./explore?q=sonny%20styles&geo=US"
"jeff gordon iroc washington dc","2 mil+","22 de agosto de 2026 a las 20:00:00 UTC-3",,"jeff gordon iroc washington dc,jeff gordon,iroc racing","./explore?q=jeff%20gordon%20iroc%20washington%20dc&geo=US"
"arsenal vs coventry","200 mil+","21 de agosto de 2026 a las 7:50:00 UTC-3","22 de agosto de 2026 a las 13:00:00 UTC-3","arsenal vs coventry,arsenal,arsenal - coventry city,arsenal f.c. vs coventry city fc standings,arsenal f.c,coventry city,where to watch arsenal f.c. vs coventry city fc,arsenal fc,arsenal game,arsenal vs,arsenal coventry,arsenal f.c.,coventry,where to watch arsenal vs coventry,kai havertz,tzolis arsenal,arsenal score,arsenal vs coventry where to watch,bukayo saka,arsenal vs coventry prediction,prem,arsenal – coventry city,arsenal v coventry,arsenal game today","./explore?q=arsenal%20vs%20coventry&geo=US"
"mark mitchell","2 mil+","22 de agosto de 2026 a las 20:10:00 UTC-3",,"mark mitchell","./explore?q=mark%20mitchell&geo=US"
"anna paquin","5 mil+","22 de agosto de 2026 a las 13:50:00 UTC-3",,"anna paquin,viola davis","./explore?q=anna%20paquin&geo=US"
"harrison butker","1 mil+","22 de agosto de 2026 a las 22:00:00 UTC-3",,"harrison butker","./explore?q=harrison%20butker&geo=US"
"usps mail in ballot guidelines","50 mil+","22 de agosto de 2026 a las 19:10:00 UTC-3",,"usps mail in ballot guidelines,postal service mail ballot regulations,voting,usps mail-in voter list rule","./explore?q=usps%20mail%20in%20ballot%20guidelines&geo=US"
"baker mayfield","2 mil+","22 de agosto de 2026 a las 20:30:00 UTC-3",,"baker mayfield","./explore?q=baker%20mayfield&geo=US"
"harry styles zoe kravitz jfk arrival","2 mil+","22 de agosto de 2026 a las 16:30:00 UTC-3",,"harry styles zoe kravitz jfk arrival","./explore?q=harry%20styles%20zoe%20kravitz%20jfk%20arrival&geo=US"
"comix","10 mil+","22 de agosto de 2026 a las 15:00:00 UTC-3","22 de agosto de 2026 a las 22:00:00 UTC-3","comix","./explore?q=comix&geo=US"
"santa fe - américa","2 mil+","22 de agosto de 2026 a las 19:40:00 UTC-3",,"santa fe - américa,santa fe vs américa de cali","./explore?q=santa%20fe%20-%20am%C3%A9rica&geo=US"
"behren morton","1 mil+","22 de agosto de 2026 a las 22:00:00 UTC-3",,"behren morton","./explore?q=behren%20morton&geo=US"
"bayern munich","20 mil+","22 de agosto de 2026 a las 8:10:00 UTC-3","22 de agosto de 2026 a las 21:10:00 UTC-3","bayern munich,dfl-supercup,fc bayern munich,borussia dortmund,michael olise,bayern vs,german super cup,dortmund vs bayern where to watch,luis díaz,franz beckenbauer supercup","./explore?q=bayern%20munich&geo=US"
"strait of hormuz","10 mil+","22 de agosto de 2026 a las 8:40:00 UTC-3",,"strait of hormuz,dark shipping oil tankers persian gulf","./explore?q=strait%20of%20hormuz&geo=US"
"united airlines route expansion 2026","2 mil+","22 de agosto de 2026 a las 17:40:00 UTC-3",,"united airlines route expansion 2026","./explore?q=united%20airlines%20route%20expansion%202026&geo=US"
"premier league schedule","50 mil+","21 de agosto de 2026 a las 7:20:00 UTC-3","22 de agosto de 2026 a las 19:30:00 UTC-3","premier league schedule,premier league table,usa network streaming,sling,where to watch premier league in usa","./explore?q=premier%20league%20schedule&geo=US"
"vikings game","50 mil+","22 de agosto de 2026 a las 13:50:00 UTC-3","22 de agosto de 2026 a las 20:10:00 UTC-3","vikings game,ravens vs vikings,ravens,baltimore ravens,vikings game today,ravens game,max brosmer,ravens game today,ravens vikings","./explore?q=vikings%20game&geo=US"
"cris cyborg","5 mil+","22 de agosto de 2026 a las 16:40:00 UTC-3",,"cris cyborg,ronda rousey","./explore?q=cris%20cyborg&geo=US"
"ufc 334","500+","22 de agosto de 2026 a las 21:40:00 UTC-3",,"ufc 334","./explore?q=ufc%20334&geo=US"
"blade tidwell","1 mil+","22 de agosto de 2026 a las 20:40:00 UTC-3",,"blade tidwell","./explore?q=blade%20tidwell&geo=US"
"carson benge","1 mil+","22 de agosto de 2026 a las 21:40:00 UTC-3",,"carson benge","./explore?q=carson%20benge&geo=US"
"drew starkey","5 mil+","20 de agosto de 2026 a las 22:30:00 UTC-3",,"drew starkey","./explore?q=drew%20starkey&geo=US"
"dancing with the stars season 35","5 mil+","21 de agosto de 2026 a las 1:20:00 UTC-3",,"dancing with the stars season 35,dwts season 35 cast reveal date,tatyana ali","./explore?q=dancing%20with%20the%20stars%20season%2035&geo=US"
"alisa goods","100 mil+","21 de agosto de 2026 a las 14:20:00 UTC-3","22 de agosto de 2026 a las 16:00:00 UTC-3","alisa goods,alisa goods las vegas,alisa goods found las vegas,las vegas,new york post","./explore?q=alisa%20goods&geo=US"
"kelsey mitchell","1 mil+","22 de agosto de 2026 a las 22:10:00 UTC-3",,"kelsey mitchell","./explore?q=kelsey%20mitchell&geo=US"
"bleach","2 mil+","22 de agosto de 2026 a las 17:30:00 UTC-3",,"bleach","./explore?q=bleach&geo=US"
"cincinnati open 2026","10 mil+","21 de agosto de 2026 a las 22:20:00 UTC-3",,"cincinnati open 2026,flavio cobolli,cobolli","./explore?q=cincinnati%20open%202026&geo=US"
"uss abraham lincoln (cvn-72)","20 mil+","22 de agosto de 2026 a las 9:20:00 UTC-3","22 de agosto de 2026 a las 22:00:00 UTC-3","uss abraham lincoln (cvn-72)","./explore?q=uss%20abraham%20lincoln%20%28cvn-72%29&geo=US"
"qc p","100 mil+","21 de agosto de 2026 a las 14:10:00 UTC-3","22 de agosto de 2026 a las 19:30:00 UTC-3","qc p,pierre thomas quality control music,pierre thomas,pierre thomas qc,pierre p thomas,quality control p,quality control,qc pee,quality control music,pierre thomas quality control,p quality control,p from qc,pierre p,qc pierre thomas,quality control pierre thomas","./explore?q=qc%20p&geo=US"
"packers vs broncos","200 mil+","21 de agosto de 2026 a las 19:10:00 UTC-3","22 de agosto de 2026 a las 15:20:00 UTC-3","packers vs broncos,broncos,broncos game,green bay packers,packers,denver broncos,broncos vs packers,packers schedule,bo nix,broncos game today,packer game,packers game,broncos score,denver broncos schedule,packers broncos,broncos packers,green bay packers vs denver broncos,jordan love,sam ehlinger,mark perry,broncos schedule 2026,green bay,where to watch broncos game,packers news,greenbay,where to watch denver broncos vs green bay packers","./explore?q=packers%20vs%20broncos&geo=US"
"dallas vs vancouver","500+","22 de agosto de 2026 a las 21:40:00 UTC-3",,"dallas vs vancouver","./explore?q=dallas%20vs%20vancouver&geo=US"
"trump importing beef","10 mil+","22 de agosto de 2026 a las 17:50:00 UTC-3",,"trump importing beef,trump ground beef tariff waiver,trump beef","./explore?q=trump%20importing%20beef&geo=US"
"deshaun watson contract","2 mil+","22 de agosto de 2026 a las 16:50:00 UTC-3",,"deshaun watson contract","./explore?q=deshaun%20watson%20contract&geo=US"
"phillies slugger felix reyes hurt","2 mil+","22 de agosto de 2026 a las 19:00:00 UTC-3",,"phillies slugger felix reyes hurt","./explore?q=phillies%20slugger%20felix%20reyes%20hurt&geo=US"
"juárez - américa","50 mil+","21 de agosto de 2026 a las 23:10:00 UTC-3","22 de agosto de 2026 a las 14:10:00 UTC-3","juárez - américa,posiciones de fútbol club juárez contra club américa,america vs juarez,club américa,america vs,juarez vs america,juárez vs. américa","./explore?q=ju%C3%A1rez%20-%20am%C3%A9rica&geo=US"
"patrick mahomes","1 mil+","22 de agosto de 2026 a las 21:10:00 UTC-3",,"patrick mahomes","./explore?q=patrick%20mahomes&geo=US"
"chris mcnally","1 mil+","22 de agosto de 2026 a las 21:00:00 UTC-3",,"chris mcnally","./explore?q=chris%20mcnally&geo=US"
"miss universe jamaica","2 mil+","22 de agosto de 2026 a las 20:20:00 UTC-3",,"miss universe jamaica,miss universe","./explore?q=miss%20universe%20jamaica&geo=US"
"paramount+ weekend streaming recommendations","2 mil+","22 de agosto de 2026 a las 19:00:00 UTC-3",,"paramount+ weekend streaming recommendations","./explore?q=paramount%2B%20weekend%20streaming%20recommendations&geo=US"
"harry and meghan news","50 mil+","21 de agosto de 2026 a las 9:20:00 UTC-3","22 de agosto de 2026 a las 18:30:00 UTC-3","harry and meghan news,harry and meghan return to uk,prince harry news,meghan markle news,prince harry security costs,why are harry and meghan going back to the uk,prince archie princess lilibet british schooling","./explore?q=harry%20and%20meghan%20news&geo=US"
"phillies standings","5 mil+","21 de agosto de 2026 a las 22:50:00 UTC-3",,"phillies standings,alec bohm","./explore?q=phillies%20standings&geo=US"
"scooter braun","1 mil+","22 de agosto de 2026 a las 18:00:00 UTC-3",,"scooter braun","./explore?q=scooter%20braun&geo=US"
"air jordan 5 halloween colorway details","2 mil+","22 de agosto de 2026 a las 8:30:00 UTC-3",,"air jordan 5 halloween colorway details","./explore?q=air%20jordan%205%20halloween%20colorway%20details&geo=US"
"texas volleyball","1 mil+","22 de agosto de 2026 a las 20:40:00 UTC-3",,"texas volleyball","./explore?q=texas%20volleyball&geo=US"
"ice t mariska hargitay svu interview","10 mil+","22 de agosto de 2026 a las 11:30:00 UTC-3","22 de agosto de 2026 a las 22:10:00 UTC-3","ice t mariska hargitay svu interview","./explore?q=ice%20t%20mariska%20hargitay%20svu%20interview&geo=US"
"espn fantasy football","10 mil+","22 de agosto de 2026 a las 18:40:00 UTC-3","22 de agosto de 2026 a las 22:00:00 UTC-3","espn fantasy football,espn fantasy","./explore?q=espn%20fantasy%20football&geo=US"
"tropical storm moke hawaii","200 mil+","22 de agosto de 2026 a las 10:00:00 UTC-3","22 de agosto de 2026 a las 21:20:00 UTC-3","tropical storm moke hawaii,tropical cyclone,weather,tropical storm moke","./explore?q=tropical%20storm%20moke%20hawaii&geo=US"
"new movies on netflix","2 mil+","22 de agosto de 2026 a las 20:30:00 UTC-3",,"new movies on netflix,best movies on netflix,streaming movies,new movies streaming,movies to stream,hulu weekend streaming recommendations","./explore?q=new%20movies%20on%20netflix&geo=US"
"buford vs gainesville","2 mil+","22 de agosto de 2026 a las 19:30:00 UTC-3",,"buford vs gainesville,georgia high school football scores","./explore?q=buford%20vs%20gainesville&geo=US"
"food recalls","20 mil+","22 de agosto de 2026 a las 9:40:00 UTC-3","22 de agosto de 2026 a las 20:00:00 UTC-3","food recalls,clear eyes eye drops recall","./explore?q=food%20recalls&geo=US"
"to catch a cheater netflix","5 mil+","22 de agosto de 2026 a las 21:20:00 UTC-3",,"to catch a cheater netflix","./explore?q=to%20catch%20a%20cheater%20netflix&geo=US"
"powerball jackpot august 22 numbers","500+","22 de agosto de 2026 a las 22:00:00 UTC-3",,"powerball jackpot august 22 numbers","./explore?q=powerball%20jackpot%20august%2022%20numbers&geo=US"
"jon gruden","500+","22 de agosto de 2026 a las 21:10:00 UTC-3",,"jon gruden","./explore?q=jon%20gruden&geo=US"
"andrew haden san diego","20 mil+","21 de agosto de 2026 a las 7:10:00 UTC-3","22 de agosto de 2026 a las 12:40:00 UTC-3","andrew haden san diego,andrew haden","./explore?q=andrew%20haden%20san%20diego&geo=US"
"flower that blooms in fall","500+","22 de agosto de 2026 a las 21:40:00 UTC-3",,"flower that blooms in fall","./explore?q=flower%20that%20blooms%20in%20fall&geo=US"
"nba 2k hq","50 mil+","21 de agosto de 2026 a las 5:20:00 UTC-3","22 de agosto de 2026 a las 17:20:00 UTC-3","nba 2k hq,2k hq app,nba 2k hq app,2k hq,nba2k,nba 2k hq app release time,nba2k hq app","./explore?q=nba%202k%20hq&geo=US"
"new insidious movie","2 mil+","21 de agosto de 2026 a las 20:40:00 UTC-3",,"new insidious movie,insidious new movie","./explore?q=new%20insidious%20movie&geo=US"
"college football schedule","20 mil+","21 de agosto de 2026 a las 9:10:00 UTC-3","22 de agosto de 2026 a las 20:20:00 UTC-3","college football schedule,when does college football start,college football today,ncaa football schedule","./explore?q=college%20football%20schedule&geo=US"
"college football","20 mil+","22 de agosto de 2026 a las 8:30:00 UTC-3","22 de agosto de 2026 a las 18:20:00 UTC-3","college football,ncaa football,ohio state buckeyes football","./explore?q=college%20football&geo=US"
"alex james barnett","50 mil+","21 de agosto de 2026 a las 3:10:00 UTC-3","22 de agosto de 2026 a las 6:40:00 UTC-3","alex james barnett,pima county,alex james barnett tucson az,james barnett,alex james barnett arizona,carlos ramirez tucson az,alex james barnet,public safety alert,pima county alert,pima county jail,alex james barnett phoenix az,alex james,alex james barnett az,tucson news","./explore?q=alex%20james%20barnett&geo=US"
"jaden smith","1 mil+","22 de agosto de 2026 a las 19:40:00 UTC-3",,"jaden smith,karl anthony towns wedding shoes","./explore?q=jaden%20smith&geo=US"
"blood sacrifice netflix","500+","22 de agosto de 2026 a las 21:10:00 UTC-3",,"blood sacrifice netflix","./explore?q=blood%20sacrifice%20netflix&geo=US"
"nashville hospital drug mix up","1 mil+","22 de agosto de 2026 a las 21:50:00 UTC-3",,"nashville hospital drug mix up,nashville hospital potassium","./explore?q=nashville%20hospital%20drug%20mix%20up&geo=US"
"grand theft auto 6 legal subpoena","20 mil+","21 de agosto de 2026 a las 13:50:00 UTC-3","22 de agosto de 2026 a las 21:50:00 UTC-3","grand theft auto 6 legal subpoena,gta6 leaks,rockstar games,rockstar,6","./explore?q=grand%20theft%20auto%206%20legal%20subpoena&geo=US"
"greenland","10 mil+","22 de agosto de 2026 a las 7:30:00 UTC-3","22 de agosto de 2026 a las 20:50:00 UTC-3","greenland","./explore?q=greenland&geo=US"
"valkyries vs sky","50 mil+","21 de agosto de 2026 a las 19:30:00 UTC-3","22 de agosto de 2026 a las 12:40:00 UTC-3","valkyries vs sky,games,chicago sky,cloud,wnba games","./explore?q=valkyries%20vs%20sky&geo=US"
"mike vrabel","500+","22 de agosto de 2026 a las 20:40:00 UTC-3",,"mike vrabel","./explore?q=mike%20vrabel&geo=US"
"lerryan douglas","2 mil+","22 de agosto de 2026 a las 20:10:00 UTC-3","22 de agosto de 2026 a las 21:50:00 UTC-3","lerryan douglas,jamall emmers,jamal emmers","./explore?q=lerryan%20douglas&geo=US"
"mlgw power outage","2 mil+","22 de agosto de 2026 a las 19:40:00 UTC-3",,"mlgw power outage,memphis weather,mlgw outage","./explore?q=mlgw%20power%20outage&geo=US"
"lynx vs mystics","20 mil+","21 de agosto de 2026 a las 19:30:00 UTC-3","22 de agosto de 2026 a las 12:10:00 UTC-3","lynx vs mystics,natasha howard,courtney williams,sonia citron,kiki iriafen,lynx wnba,brittany sykes,mystics,georgia amoore","./explore?q=lynx%20vs%20mystics&geo=US"
"gary antonio russell","500+","22 de agosto de 2026 a las 22:10:00 UTC-3",,"gary antonio russell","./explore?q=gary%20antonio%20russell&geo=US"
"real madrid schedule","10 mil+","22 de agosto de 2026 a las 9:40:00 UTC-3","22 de agosto de 2026 a las 20:00:00 UTC-3","real madrid schedule,real,vinicius jr","./explore?q=real%20madrid%20schedule&geo=US"
"playstation blackout","2 mil+","22 de agosto de 2026 a las 15:30:00 UTC-3",,"playstation blackout,sony playstation","./explore?q=playstation%20blackout&geo=US"
"bundesliga","10 mil+","21 de agosto de 2026 a las 17:10:00 UTC-3","22 de agosto de 2026 a las 21:50:00 UTC-3","bundesliga","./explore?q=bundesliga&geo=US"
"laken snelling","20 mil+","21 de agosto de 2026 a las 11:20:00 UTC-3","22 de agosto de 2026 a las 16:50:00 UTC-3","laken snelling","./explore?q=laken%20snelling&geo=US"
"demar derozan","20 mil+","21 de agosto de 2026 a las 17:30:00 UTC-3","22 de agosto de 2026 a las 13:10:00 UTC-3","demar derozan,denver nuggets,derozan,nuggets,demar derozan nuggets,yahoo fantasy","./explore?q=demar%20derozan&geo=US"
"sundance","20 mil+","21 de agosto de 2026 a las 1:10:00 UTC-3","22 de agosto de 2026 a las 4:40:00 UTC-3","sundance","./explore?q=sundance&geo=US"
"querétaro - toluca","20 mil+","21 de agosto de 2026 a las 23:30:00 UTC-3","22 de agosto de 2026 a las 11:50:00 UTC-3","querétaro - toluca,querétaro vs toluca,toluca fc,toluca,toluca vs,queretaro vs toluca,toluca vs queretaro","./explore?q=quer%C3%A9taro%20-%20toluca&geo=US"
"météo demain","500+","22 de agosto de 2026 a las 21:50:00 UTC-3",,"météo demain","./explore?q=m%C3%A9t%C3%A9o%20demain&geo=US"
"boxing fights tonight","5 mil+","22 de agosto de 2026 a las 21:20:00 UTC-3",,"boxing fights tonight,amanda serrano","./explore?q=boxing%20fights%20tonight&geo=US"
"anne hathaway short hair style","20 mil+","21 de agosto de 2026 a las 18:50:00 UTC-3","22 de agosto de 2026 a las 15:50:00 UTC-3","anne hathaway short hair style","./explore?q=anne%20hathaway%20short%20hair%20style&geo=US"
"athletic - sevilla","20 mil+","22 de agosto de 2026 a las 11:10:00 UTC-3","22 de agosto de 2026 a las 16:30:00 UTC-3","athletic - sevilla,athletic vs sevilla,sevilla,sevilla fc","./explore?q=athletic%20-%20sevilla&geo=US"
"food recalls august 2026","10 mil+","21 de agosto de 2026 a las 23:30:00 UTC-3","22 de agosto de 2026 a las 21:10:00 UTC-3","food recalls august 2026,blueberries recalled","./explore?q=food%20recalls%20august%202026&geo=US"
"lane johnson","500+","22 de agosto de 2026 a las 22:00:00 UTC-3",,"lane johnson","./explore?q=lane%20johnson&geo=US"
"cam miller","5 mil+","22 de agosto de 2026 a las 17:20:00 UTC-3","22 de agosto de 2026 a las 20:40:00 UTC-3","cam miller","./explore?q=cam%20miller&geo=US"
"seattle reign fc vs kc current","2 mil+","22 de agosto de 2026 a las 18:50:00 UTC-3","22 de agosto de 2026 a las 22:10:00 UTC-3","seattle reign fc vs kc current","./explore?q=seattle%20reign%20fc%20vs%20kc%20current&geo=US"
"facing el chapo netflix","200+","22 de agosto de 2026 a las 21:20:00 UTC-3",,"facing el chapo netflix","./explore?q=facing%20el%20chapo%20netflix&geo=US"
"everton vs palace","20 mil+","22 de agosto de 2026 a las 10:10:00 UTC-3","22 de agosto de 2026 a las 16:00:00 UTC-3","everton vs palace,everton,crystal palace,everton vs crystal palace,everton - crystal palace,everton f.c. vs crystal palace f.c. standings,everton f.c,everton vs crystal palace prediction,thierno barry,dewsbury hall,tyrique george","./explore?q=everton%20vs%20palace&geo=US"
"saquon barkley","1 mil+","22 de agosto de 2026 a las 20:40:00 UTC-3",,"saquon barkley,saquon barkley eagles patriots","./explore?q=saquon%20barkley&geo=US"
"jason statham movies","1 mil+","22 de agosto de 2026 a las 20:30:00 UTC-3",,"jason statham movies","./explore?q=jason%20statham%20movies&geo=US"
"solar system model","10 mil+","22 de agosto de 2026 a las 1:40:00 UTC-3","22 de agosto de 2026 a las 19:30:00 UTC-3","solar system model","./explore?q=solar%20system%20model&geo=US"
"jackson mcvey","5 mil+","22 de agosto de 2026 a las 15:50:00 UTC-3","22 de agosto de 2026 a las 20:10:00 UTC-3","jackson mcvey,wes schultz","./explore?q=jackson%20mcvey&geo=US"
"gary woodland","5 mil+","22 de agosto de 2026 a las 14:50:00 UTC-3","22 de agosto de 2026 a las 20:00:00 UTC-3","gary woodland,pga leaderboard today","./explore?q=gary%20woodland&geo=US"
"jelly roll wife bunnie xo split","20 mil+","21 de agosto de 2026 a las 16:40:00 UTC-3","22 de agosto de 2026 a las 13:00:00 UTC-3","jelly roll wife bunnie xo split","./explore?q=jelly%20roll%20wife%20bunnie%20xo%20split&geo=US"
"visa bulletin september 2026","10 mil+","22 de agosto de 2026 a las 0:00:00 UTC-3","22 de agosto de 2026 a las 20:00:00 UTC-3","visa bulletin september 2026,visa bulletin,september visa bulletin 2026,september 2026 visa bulletin","./explore?q=visa%20bulletin%20september%202026&geo=US"
"jj wetherholt","200+","22 de agosto de 2026 a las 21:50:00 UTC-3",,"jj wetherholt","./explore?q=jj%20wetherholt&geo=US"
"natalie harp letters","20 mil+","21 de agosto de 2026 a las 9:00:00 UTC-3","22 de agosto de 2026 a las 17:00:00 UTC-3","natalie harp letters,natalie harp letters to trump,who is natalie harp,daily beast","./explore?q=natalie%20harp%20letters&geo=US"
"jake bobo","10 mil+","21 de agosto de 2026 a las 14:50:00 UTC-3","22 de agosto de 2026 a las 19:20:00 UTC-3","jake bobo","./explore?q=jake%20bobo&geo=US"
"social security 2027 cola projections","5 mil+","22 de agosto de 2026 a las 1:40:00 UTC-3","22 de agosto de 2026 a las 21:10:00 UTC-3","social security 2027 cola projections","./explore?q=social%20security%202027%20cola%20projections&geo=US"
"high school football scores","10 mil+","21 de agosto de 2026 a las 7:50:00 UTC-3","22 de agosto de 2026 a las 16:20:00 UTC-3","high school football scores","./explore?q=high%20school%20football%20scores&geo=US"
"frank gansz jr","200+","22 de agosto de 2026 a las 21:50:00 UTC-3",,"frank gansz jr","./explore?q=frank%20gansz%20jr&geo=US"
"león - monterrey","20 mil+","21 de agosto de 2026 a las 21:30:00 UTC-3","22 de agosto de 2026 a las 9:00:00 UTC-3","león - monterrey,león vs monterrey,posiciones de club león contra club de fútbol monterrey,leon vs monterrey,leon fc","./explore?q=le%C3%B3n%20-%20monterrey&geo=US"
"anthony edwards child support payments","10 mil+","22 de agosto de 2026 a las 3:30:00 UTC-3","22 de agosto de 2026 a las 20:30:00 UTC-3","anthony edwards child support payments,anthony edwards","./explore?q=anthony%20edwards%20child%20support%20payments&geo=US"
"iga świątek","5 mil+","22 de agosto de 2026 a las 17:10:00 UTC-3","22 de agosto de 2026 a las 20:20:00 UTC-3","iga świątek","./explore?q=iga%20%C5%9Bwi%C4%85tek&geo=US"
"nottm forest vs leeds","20 mil+","22 de agosto de 2026 a las 10:10:00 UTC-3","22 de agosto de 2026 a las 15:30:00 UTC-3","nottm forest vs leeds,leeds united,nottingham forest,nottingham forest - leeds,nottingham forest vs leeds united f.c. standings,leeds","./explore?q=nottm%20forest%20vs%20leeds&geo=US"
"chris padilla","5 mil+","22 de agosto de 2026 a las 19:10:00 UTC-3","22 de agosto de 2026 a las 21:10:00 UTC-3","chris padilla,nasrat haqparast,chris padilla ufc,padilla vs haqparast,haqparast","./explore?q=chris%20padilla&geo=US"
"busch stadium","2 mil+","22 de agosto de 2026 a las 21:50:00 UTC-3",,"busch stadium,savannah bananas st louis","./explore?q=busch%20stadium&geo=US"
"mike rogers campaign aipac tension","5 mil+","22 de agosto de 2026 a las 11:50:00 UTC-3","22 de agosto de 2026 a las 20:10:00 UTC-3","mike rogers campaign aipac tension","./explore?q=mike%20rogers%20campaign%20aipac%20tension&geo=US"
"matt damon","20 mil+","21 de agosto de 2026 a las 1:20:00 UTC-3","22 de agosto de 2026 a las 18:00:00 UTC-3","matt damon","./explore?q=matt%20damon&geo=US"
"georgina rodríguez","20 mil+","21 de agosto de 2026 a las 17:50:00 UTC-3","22 de agosto de 2026 a las 20:00:00 UTC-3","georgina rodríguez","./explore?q=georgina%20rodr%C3%ADguez&geo=US"
"blue jays - yankees","10 mil+","21 de agosto de 2026 a las 19:20:00 UTC-3","22 de agosto de 2026 a las 19:10:00 UTC-3","blue jays - yankees,ryan weathers","./explore?q=blue%20jays%20-%20yankees&geo=US"
"bruno mars metlife","5 mil+","21 de agosto de 2026 a las 17:30:00 UTC-3","22 de agosto de 2026 a las 22:00:00 UTC-3","bruno mars metlife","./explore?q=bruno%20mars%20metlife&geo=US"
"guardians of the galaxy","2 mil+","22 de agosto de 2026 a las 19:20:00 UTC-3","22 de agosto de 2026 a las 21:50:00 UTC-3","guardians of the galaxy","./explore?q=guardians%20of%20the%20galaxy&geo=US"
"fire vs tempo","20 mil+","21 de agosto de 2026 a las 22:10:00 UTC-3","22 de agosto de 2026 a las 12:00:00 UTC-3","fire vs tempo,brittney sykes,portland fire,isabelle harrison,brittney sykes injury,emily engstler","./explore?q=fire%20vs%20tempo&geo=US"
"panthers vs jaguars","50 mil+","21 de agosto de 2026 a las 19:40:00 UTC-3","22 de agosto de 2026 a las 11:30:00 UTC-3","panthers vs jaguars,panthers,carolina panthers,jaguars,jacksonville jaguars,kyle trask,jags game,panthers game,carter bradley,jaguars game,kenny pickett,jags,jaguars vs panthers,casey washington,bryce young,roc taylor","./explore?q=panthers%20vs%20jaguars&geo=US"
"pet","20 mil+","21 de agosto de 2026 a las 14:50:00 UTC-3","22 de agosto de 2026 a las 11:10:00 UTC-3","pet","./explore?q=pet&geo=US"
"marcos rodríguez pantoja wolf upbringing","5 mil+","22 de agosto de 2026 a las 13:10:00 UTC-3","22 de agosto de 2026 a las 19:30:00 UTC-3","marcos rodríguez pantoja wolf upbringing,marcos rodríguez pantoja","./explore?q=marcos%20rodr%C3%ADguez%20pantoja%20wolf%20upbringing&geo=US"
"wrexham vs watford","10 mil+","22 de agosto de 2026 a las 10:10:00 UTC-3","22 de agosto de 2026 a las 15:20:00 UTC-3","wrexham vs watford,wrexham,wrexham vs watford f.c. standings,wrexham afc","./explore?q=wrexham%20vs%20watford&geo=US"
"kasaya","20 mil+","20 de agosto de 2026 a las 23:10:00 UTC-3","22 de agosto de 2026 a las 8:40:00 UTC-3","kasaya","./explore?q=kasaya&geo=US"
"fc juárez vs club américa standings","20 mil+","22 de agosto de 2026 a las 2:30:00 UTC-3","22 de agosto de 2026 a las 13:50:00 UTC-3","fc juárez vs club américa standings,club america,america fc,where to watch fc juárez vs club américa","./explore?q=fc%20ju%C3%A1rez%20vs%20club%20am%C3%A9rica%20standings&geo=US"
"spurs","5 mil+","22 de agosto de 2026 a las 13:00:00 UTC-3","22 de agosto de 2026 a las 20:00:00 UTC-3","spurs","./explore?q=spurs&geo=US"
"kamu kirk big brother interview","10 mil+","21 de agosto de 2026 a las 14:00:00 UTC-3","22 de agosto de 2026 a las 12:10:00 UTC-3","kamu kirk big brother interview","./explore?q=kamu%20kirk%20big%20brother%20interview&geo=US"
"tigres - atlante","20 mil+","21 de agosto de 2026 a las 21:20:00 UTC-3","22 de agosto de 2026 a las 9:40:00 UTC-3","tigres - atlante,tigres vs atlante,tigres","./explore?q=tigres%20-%20atlante&geo=US"
"warren hudson jax pitalo morgan seymour","5 mil+","22 de agosto de 2026 a las 14:00:00 UTC-3","22 de agosto de 2026 a las 19:20:00 UTC-3","warren hudson jax pitalo morgan seymour,nolan wells,al sharpton","./explore?q=warren%20hudson%20jax%20pitalo%20morgan%20seymour&geo=US"
"yahoo fantasy football","5 mil+","22 de agosto de 2026 a las 17:30:00 UTC-3","22 de agosto de 2026 a las 21:50:00 UTC-3","yahoo fantasy football,lamar jackson,fantasypros,keaton mitchell","./explore?q=yahoo%20fantasy%20football&geo=US"
"mabton fire","1 mil+","22 de agosto de 2026 a las 20:20:00 UTC-3","22 de agosto de 2026 a las 21:50:00 UTC-3","mabton fire,mabton","./explore?q=mabton%20fire&geo=US"
"gwen stefani son zuma birthday","10 mil+","21 de agosto de 2026 a las 17:30:00 UTC-3","22 de agosto de 2026 a las 19:10:00 UTC-3","gwen stefani son zuma birthday","./explore?q=gwen%20stefani%20son%20zuma%20birthday&geo=US"
"patrick sandoval","5 mil+","22 de agosto de 2026 a las 20:50:00 UTC-3","22 de agosto de 2026 a las 22:10:00 UTC-3","patrick sandoval,giants - red sox,logan webb","./explore?q=patrick%20sandoval&geo=US"
"lindsay clancy trial update","50 mil+","21 de agosto de 2026 a las 10:20:00 UTC-3","22 de agosto de 2026 a las 17:00:00 UTC-3","lindsay clancy trial update,andrea yates,lindsay clancy trial live,lindsay clancy live,clancy case,phillip resnick,court tv,lindsay clancy trial day 18,dr avram mack,clancy trial live,lindsay clancy day 18,phillip resnick md,psychiatrist,filicide,avram mack,lindsey clancy trial live,lindsay clancy trial today,jeffrey dahmer,lindsay clancy trial live day 18,lindsay clancy live trial,what time does the lindsay clancy trial start,dr phillip resnick,what time does lindsay clancy trial start,live lindsay clancy trial","./explore?q=lindsay%20clancy%20trial%20update&geo=US"
"coronavirus","5 mil+","22 de agosto de 2026 a las 12:20:00 UTC-3","22 de agosto de 2026 a las 19:00:00 UTC-3","coronavirus","./explore?q=coronavirus&geo=US"
"tesla autopilot","20 mil+","21 de agosto de 2026 a las 10:10:00 UTC-3","22 de agosto de 2026 a las 10:20:00 UTC-3","tesla autopilot","./explore?q=tesla%20autopilot&geo=US"
"llws scores","2 mil+","21 de agosto de 2026 a las 15:30:00 UTC-3",,"llws scores","./explore?q=llws%20scores&geo=US"
"weather tornado warning","20 mil+","21 de agosto de 2026 a las 0:50:00 UTC-3","21 de agosto de 2026 a las 23:00:00 UTC-3","weather tornado warning","./explore?q=weather%20tornado%20warning&geo=US"
"espanyol – real madrid","2 mil+","22 de agosto de 2026 a las 15:40:00 UTC-3","22 de agosto de 2026 a las 19:40:00 UTC-3","espanyol – real madrid","./explore?q=espanyol%20%E2%80%93%20real%20madrid&geo=US"
"nutria","5 mil+","22 de agosto de 2026 a las 5:20:00 UTC-3","22 de agosto de 2026 a las 21:10:00 UTC-3","nutria","./explore?q=nutria&geo=US"
"kevin coleman jr.","2 mil+","22 de agosto de 2026 a las 17:30:00 UTC-3","22 de agosto de 2026 a las 21:00:00 UTC-3","kevin coleman jr.","./explore?q=kevin%20coleman%20jr.&geo=US"
"hannah mcnair","2 mil+","22 de agosto de 2026 a las 18:40:00 UTC-3","22 de agosto de 2026 a las 22:20:00 UTC-3","hannah mcnair","./explore?q=hannah%20mcnair&geo=US"
"tyreek hill","2 mil+","22 de agosto de 2026 a las 17:20:00 UTC-3","22 de agosto de 2026 a las 20:30:00 UTC-3","tyreek hill","./explore?q=tyreek%20hill&geo=US"
"marc stad","20 mil+","21 de agosto de 2026 a las 11:50:00 UTC-3","22 de agosto de 2026 a las 11:10:00 UTC-3","marc stad,minnesota lynx,mn lynx,timberwolves,lynx,marc lore,elisa stad,mark stad","./explore?q=marc%20stad&geo=US"
"phoebe gates","5 mil+","21 de agosto de 2026 a las 22:10:00 UTC-3","22 de agosto de 2026 a las 13:40:00 UTC-3","phoebe gates","./explore?q=phoebe%20gates&geo=US"
"ipswich town vs sunderland","10 mil+","22 de agosto de 2026 a las 10:10:00 UTC-3","22 de agosto de 2026 a las 15:20:00 UTC-3","ipswich town vs sunderland,ipswich town,sunderland,sunderland afc,emersonn,julio enciso,jack clarke,ipswich town vs sunderland a.f.c. standings,ipswich - sunderland afc,enciso","./explore?q=ipswich%20town%20vs%20sunderland&geo=US"
"ligue 1","5 mil+","21 de agosto de 2026 a las 15:30:00 UTC-3","22 de agosto de 2026 a las 19:40:00 UTC-3","ligue 1,toulouse - lyon","./explore?q=ligue%201&geo=US"
"gauge young","2 mil+","22 de agosto de 2026 a las 18:30:00 UTC-3","22 de agosto de 2026 a las 20:20:00 UTC-3","gauge young,stan dorsainvil,gauge young vs stan dorsainvil","./explore?q=gauge%20young&geo=US"
"preston vs wolves","10 mil+","22 de agosto de 2026 a las 10:10:00 UTC-3","22 de agosto de 2026 a las 15:20:00 UTC-3","preston vs wolves,preston - wolves,wolves","./explore?q=preston%20vs%20wolves&geo=US"
"frontier airlines new nonstop routes","5 mil+","22 de agosto de 2026 a las 6:10:00 UTC-3","22 de agosto de 2026 a las 20:50:00 UTC-3","frontier airlines new nonstop routes","./explore?q=frontier%20airlines%20new%20nonstop%20routes&geo=US"
"pl","5 mil+","21 de agosto de 2026 a las 10:40:00 UTC-3","22 de agosto de 2026 a las 18:10:00 UTC-3","pl","./explore?q=pl&geo=US"
"genoa vs napoli","5 mil+","22 de agosto de 2026 a las 15:00:00 UTC-3","22 de agosto de 2026 a las 19:20:00 UTC-3","genoa vs napoli,napoli fc,genoa - napoli,napoli vs genoa","./explore?q=genoa%20vs%20napoli&geo=US"
"grand prix dc","10 mil+","22 de agosto de 2026 a las 8:10:00 UTC-3","22 de agosto de 2026 a las 18:30:00 UTC-3","grand prix dc,freedom 250,indy car race dc,dc grand prix,indycar,sling tv,sling,grand prix washington dc","./explore?q=grand%20prix%20dc&geo=US"
"ethel caterham","10 mil+","21 de agosto de 2026 a las 9:40:00 UTC-3","22 de agosto de 2026 a las 12:40:00 UTC-3","ethel caterham,world's oldest person age 117,world","./explore?q=ethel%20caterham&geo=US"
"deportation","10 mil+","22 de agosto de 2026 a las 7:50:00 UTC-3","22 de agosto de 2026 a las 14:00:00 UTC-3","deportation","./explore?q=deportation&geo=US"
"tom brady fernando mendoza rookie card","5 mil+","21 de agosto de 2026 a las 21:10:00 UTC-3","22 de agosto de 2026 a las 15:00:00 UTC-3","tom brady fernando mendoza rookie card,tom brady","./explore?q=tom%20brady%20fernando%20mendoza%20rookie%20card&geo=US"
"ice cream recall","10 mil+","22 de agosto de 2026 a las 1:20:00 UTC-3","22 de agosto de 2026 a las 9:50:00 UTC-3","ice cream recall,ice cream","./explore?q=ice%20cream%20recall&geo=US"
"the pitt season 3","10 mil+","21 de agosto de 2026 a las 13:00:00 UTC-3","22 de agosto de 2026 a las 20:00:00 UTC-3","the pitt season 3","./explore?q=the%20pitt%20season%203&geo=US"
"netflix remake the getaway movie","2 mil+","22 de agosto de 2026 a las 12:50:00 UTC-3","22 de agosto de 2026 a las 20:30:00 UTC-3","netflix remake the getaway movie","./explore?q=netflix%20remake%20the%20getaway%20movie&geo=US"
"west ham","10 mil+","22 de agosto de 2026 a las 10:50:00 UTC-3","22 de agosto de 2026 a las 15:50:00 UTC-3","west ham,west ham vs charlton,west ham vs charlton athletic f.c. standings,west ham - charlton","./explore?q=west%20ham&geo=US"
"aeropuerto","1 mil+","22 de agosto de 2026 a las 20:30:00 UTC-3","22 de agosto de 2026 a las 22:20:00 UTC-3","aeropuerto","./explore?q=aeropuerto&geo=US"
"quevin castro","2 mil+","22 de agosto de 2026 a las 17:10:00 UTC-3","22 de agosto de 2026 a las 21:50:00 UTC-3","quevin castro","./explore?q=quevin%20castro&geo=US"
"luis arraez","2 mil+","22 de agosto de 2026 a las 20:10:00 UTC-3","22 de agosto de 2026 a las 21:50:00 UTC-3","luis arraez,philadelphia phillies game,phillies schedule","./explore?q=luis%20arraez&geo=US"
"arthur fils","5 mil+","22 de agosto de 2026 a las 15:00:00 UTC-3","22 de agosto de 2026 a las 18:10:00 UTC-3","arthur fils,fils","./explore?q=arthur%20fils&geo=US"
"valencia c. f. - celta de vigo","5 mil+","22 de agosto de 2026 a las 13:50:00 UTC-3","22 de agosto de 2026 a las 20:20:00 UTC-3","valencia c. f. - celta de vigo,valencia vs celta","./explore?q=valencia%20c.%20f.%20-%20celta%20de%20vigo&geo=US"
"el nino winter temperature precipitation us","5 mil+","22 de agosto de 2026 a las 6:40:00 UTC-3","22 de agosto de 2026 a las 16:30:00 UTC-3","el nino winter temperature precipitation us,el nino 2026","./explore?q=el%20nino%20winter%20temperature%20precipitation%20us&geo=US"
"bryce harper","1 mil+","22 de agosto de 2026 a las 21:30:00 UTC-3","22 de agosto de 2026 a las 22:00:00 UTC-3","bryce harper","./explore?q=bryce%20harper&geo=US"
"shanelle dyer","2 mil+","22 de agosto de 2026 a las 16:30:00 UTC-3","22 de agosto de 2026 a las 19:30:00 UTC-3","shanelle dyer,elise reed","./explore?q=shanelle%20dyer&geo=US"
"cyclospora","10 mil+","22 de agosto de 2026 a las 9:10:00 UTC-3","22 de agosto de 2026 a las 13:50:00 UTC-3","cyclospora","./explore?q=cyclospora&geo=US"
"everpass directv sunday ticket dispute","5 mil+","21 de agosto de 2026 a las 16:00:00 UTC-3","22 de agosto de 2026 a las 18:50:00 UTC-3","everpass directv sunday ticket dispute","./explore?q=everpass%20directv%20sunday%20ticket%20dispute&geo=US"
"sinners","20 mil+","20 de agosto de 2026 a las 23:20:00 UTC-3","22 de agosto de 2026 a las 3:40:00 UTC-3","sinners,jannik sinner,sinner us open,sinner","./explore?q=sinners&geo=US"
"justin hartley","5 mil+","22 de agosto de 2026 a las 7:40:00 UTC-3","22 de agosto de 2026 a las 16:10:00 UTC-3","justin hartley","./explore?q=justin%20hartley&geo=US"
"internacional vs atlético mineiro","2 mil+","22 de agosto de 2026 a las 17:40:00 UTC-3","22 de agosto de 2026 a las 21:00:00 UTC-3","internacional vs atlético mineiro,internacional x atlético-mg","./explore?q=internacional%20vs%20atl%C3%A9tico%20mineiro&geo=US"
"bryan de la cruz","1 mil+","22 de agosto de 2026 a las 20:00:00 UTC-3","22 de agosto de 2026 a las 22:10:00 UTC-3","bryan de la cruz","./explore?q=bryan%20de%20la%20cruz&geo=US"
"bfg supply chapter 11","10 mil+","21 de agosto de 2026 a las 0:00:00 UTC-3","22 de agosto de 2026 a las 12:40:00 UTC-3","bfg supply chapter 11","./explore?q=bfg%20supply%20chapter%2011&geo=US"
"state of emergency","2 mil+","22 de agosto de 2026 a las 15:50:00 UTC-3","22 de agosto de 2026 a las 20:20:00 UTC-3","state of emergency,weather philadelphia,dover delaware tornado,philadelphia weather","./explore?q=state%20of%20emergency&geo=US"
"peru earthquakes","20 mil+","21 de agosto de 2026 a las 1:40:00 UTC-3","21 de agosto de 2026 a las 22:50:00 UTC-3","peru earthquakes,earthquakes today","./explore?q=peru%20earthquakes&geo=US"
"petanque","10 mil+","20 de agosto de 2026 a las 23:20:00 UTC-3","22 de agosto de 2026 a las 1:10:00 UTC-3","petanque","./explore?q=petanque&geo=US"
"rafael devers","10 mil+","21 de agosto de 2026 a las 20:00:00 UTC-3","22 de agosto de 2026 a las 22:00:00 UTC-3","rafael devers,willson contreras","./explore?q=rafael%20devers&geo=US"
"kate middleton prince william balmoral","10 mil+","21 de agosto de 2026 a las 14:50:00 UTC-3","22 de agosto de 2026 a las 18:20:00 UTC-3","kate middleton prince william balmoral","./explore?q=kate%20middleton%20prince%20william%20balmoral&geo=US"
"ohio state football schedule","5 mil+","21 de agosto de 2026 a las 22:30:00 UTC-3","22 de agosto de 2026 a las 21:30:00 UTC-3","ohio state football schedule","./explore?q=ohio%20state%20football%20schedule&geo=US"
"christian gonzalez","2 mil+","22 de agosto de 2026 a las 5:30:00 UTC-3","22 de agosto de 2026 a las 22:20:00 UTC-3","christian gonzalez","./explore?q=christian%20gonzalez&geo=US"
"the bold and the beautiful","1 mil+","22 de agosto de 2026 a las 17:30:00 UTC-3","22 de agosto de 2026 a las 21:30:00 UTC-3","the bold and the beautiful","./explore?q=the%20bold%20and%20the%20beautiful&geo=US"
"low-pressure area","10 mil+","21 de agosto de 2026 a las 15:30:00 UTC-3","22 de agosto de 2026 a las 10:10:00 UTC-3","low-pressure area,national hurricane center,national hurricane center atlantic","./explore?q=low-pressure%20area&geo=US"
"education department student loan forgiveness reversal","10 mil+","21 de agosto de 2026 a las 14:30:00 UTC-3","22 de agosto de 2026 a las 12:20:00 UTC-3","education department student loan forgiveness reversal","./explore?q=education%20department%20student%20loan%20forgiveness%20reversal&geo=US"
"vuelta espana 2026","2 mil+","22 de agosto de 2026 a las 8:00:00 UTC-3","22 de agosto de 2026 a las 19:00:00 UTC-3","vuelta espana 2026","./explore?q=vuelta%20espana%202026&geo=US"
"damar hamlin","2 mil+","22 de agosto de 2026 a las 15:50:00 UTC-3","22 de agosto de 2026 a las 21:00:00 UTC-3","damar hamlin","./explore?q=damar%20hamlin&geo=US"
"rae burrell","2 mil+","22 de agosto de 2026 a las 21:10:00 UTC-3","22 de agosto de 2026 a las 22:10:00 UTC-3","rae burrell,trevor etienne,zamir white,brent suter,lamonte wade jr.","./explore?q=rae%20burrell&geo=US"
"fox sports","1 mil+","22 de agosto de 2026 a las 20:00:00 UTC-3","22 de agosto de 2026 a las 21:50:00 UTC-3","fox sports","./explore?q=fox%20sports&geo=US"
"kyle busch","10 mil+","21 de agosto de 2026 a las 8:30:00 UTC-3","22 de agosto de 2026 a las 21:30:00 UTC-3","kyle busch","./explore?q=kyle%20busch&geo=US"
"dolly parton","5 mil+","22 de agosto de 2026 a las 6:40:00 UTC-3","22 de agosto de 2026 a las 20:50:00 UTC-3","dolly parton,dolly parton museum nashville announcement,dolly parton health update","./explore?q=dolly%20parton&geo=US"
"vic burley","2 mil+","22 de agosto de 2026 a las 17:10:00 UTC-3","22 de agosto de 2026 a las 20:50:00 UTC-3","vic burley","./explore?q=vic%20burley&geo=US"
"barry mitchell bass player passes","5 mil+","21 de agosto de 2026 a las 20:10:00 UTC-3","22 de agosto de 2026 a las 19:20:00 UTC-3","barry mitchell bass player passes,former queen bassist barry mitchell passes","./explore?q=barry%20mitchell%20bass%20player%20passes&geo=US"
"la liga standings","10 mil+","22 de agosto de 2026 a las 16:30:00 UTC-3","22 de agosto de 2026 a las 20:10:00 UTC-3","la liga standings,betis vs real sociedad,real betis vs real sociedad standings,real betis vs real sociedad,real sociedad","./explore?q=la%20liga%20standings&geo=US"
"aaron donald","2 mil+","22 de agosto de 2026 a las 18:40:00 UTC-3","22 de agosto de 2026 a las 20:20:00 UTC-3","aaron donald","./explore?q=aaron%20donald&geo=US"
"james harden cleveland cavaliers contract","10 mil+","21 de agosto de 2026 a las 7:00:00 UTC-3","22 de agosto de 2026 a las 13:10:00 UTC-3","james harden cleveland cavaliers contract","./explore?q=james%20harden%20cleveland%20cavaliers%20contract&geo=US"
"jason kelce","5 mil+","21 de agosto de 2026 a las 19:40:00 UTC-3","22 de agosto de 2026 a las 11:40:00 UTC-3","jason kelce","./explore?q=jason%20kelce&geo=US"
"congress vs white house budget power","10 mil+","21 de agosto de 2026 a las 9:10:00 UTC-3","22 de agosto de 2026 a las 0:50:00 UTC-3","congress vs white house budget power","./explore?q=congress%20vs%20white%20house%20budget%20power&geo=US"
"employee","10 mil+","21 de agosto de 2026 a las 11:40:00 UTC-3","22 de agosto de 2026 a las 22:20:00 UTC-3","employee","./explore?q=employee&geo=US"
"mike mcdaniel","2 mil+","22 de agosto de 2026 a las 17:50:00 UTC-3","22 de agosto de 2026 a las 20:40:00 UTC-3","mike mcdaniel","./explore?q=mike%20mcdaniel&geo=US"
"nancy kassebaum","2 mil+","22 de agosto de 2026 a las 11:10:00 UTC-3","22 de agosto de 2026 a las 20:30:00 UTC-3","nancy kassebaum","./explore?q=nancy%20kassebaum&geo=US"
"farmers' almanac","10 mil+","21 de agosto de 2026 a las 15:50:00 UTC-3","22 de agosto de 2026 a las 8:20:00 UTC-3","farmers' almanac,old farmer's almanac","./explore?q=farmers%27%20almanac&geo=US"
"apple iphone 18 pro max","5 mil+","22 de agosto de 2026 a las 11:20:00 UTC-3","22 de agosto de 2026 a las 15:30:00 UTC-3","apple iphone 18 pro max,apple iphone 18 pro","./explore?q=apple%20iphone%2018%20pro%20max&geo=US"
"cathie wood tech stock investment","2 mil+","22 de agosto de 2026 a las 14:10:00 UTC-3","22 de agosto de 2026 a las 20:30:00 UTC-3","cathie wood tech stock investment","./explore?q=cathie%20wood%20tech%20stock%20investment&geo=US"
"micah parsons","2 mil+","22 de agosto de 2026 a las 16:20:00 UTC-3","22 de agosto de 2026 a las 20:00:00 UTC-3","micah parsons","./explore?q=micah%20parsons&geo=US"
"la liga schedule","2 mil+","22 de agosto de 2026 a las 9:10:00 UTC-3","22 de agosto de 2026 a las 19:30:00 UTC-3","la liga schedule","./explore?q=la%20liga%20schedule&geo=US"
"dylan cease","2 mil+","22 de agosto de 2026 a las 14:50:00 UTC-3","22 de agosto de 2026 a las 18:10:00 UTC-3","dylan cease,toronto blue jays","./explore?q=dylan%20cease&geo=US"
"ciclón tropical","2 mil+","22 de agosto de 2026 a las 13:00:00 UTC-3","22 de agosto de 2026 a las 20:00:00 UTC-3","ciclón tropical","./explore?q=cicl%C3%B3n%20tropical&geo=US"
"yan diomandé","2 mil+","22 de agosto de 2026 a las 16:30:00 UTC-3","22 de agosto de 2026 a las 19:40:00 UTC-3","yan diomandé","./explore?q=yan%20diomand%C3%A9&geo=US"
"scottie scheffler bmw championship performance","5 mil+","22 de agosto de 2026 a las 7:50:00 UTC-3","22 de agosto de 2026 a las 18:40:00 UTC-3","scottie scheffler bmw championship performance,scottie scheffler today","./explore?q=scottie%20scheffler%20bmw%20championship%20performance&geo=US"
"fantasy football rankings","5 mil+","22 de agosto de 2026 a las 10:50:00 UTC-3","22 de agosto de 2026 a las 20:50:00 UTC-3","fantasy football rankings,jonah coleman","./explore?q=fantasy%20football%20rankings&geo=US"
"f1 qualifying","10 mil+","22 de agosto de 2026 a las 9:00:00 UTC-3","22 de agosto de 2026 a las 14:00:00 UTC-3","f1 qualifying,f1 sprint,f1 standings,f1,formula 1,f1 qualifying results,f1 sprint race","./explore?q=f1%20qualifying&geo=US"
"furious hulu","5 mil+","21 de agosto de 2026 a las 23:40:00 UTC-3","22 de agosto de 2026 a las 12:30:00 UTC-3","furious hulu","./explore?q=furious%20hulu&geo=US"
"willy adames","500+","22 de agosto de 2026 a las 20:30:00 UTC-3","22 de agosto de 2026 a las 22:00:00 UTC-3","willy adames","./explore?q=willy%20adames&geo=US"
"earth wind fire john paris recovery","5 mil+","21 de agosto de 2026 a las 17:00:00 UTC-3","22 de agosto de 2026 a las 9:30:00 UTC-3","earth wind fire john paris recovery","./explore?q=earth%20wind%20fire%20john%20paris%20recovery&geo=US"
"deleyah mendoza","5 mil+","22 de agosto de 2026 a las 11:10:00 UTC-3","22 de agosto de 2026 a las 15:50:00 UTC-3","deleyah mendoza,amber alert","./explore?q=deleyah%20mendoza&geo=US"
"águilas doradas - millonarios","2 mil+","22 de agosto de 2026 a las 17:00:00 UTC-3","22 de agosto de 2026 a las 20:30:00 UTC-3","águilas doradas - millonarios,rionegro águilas vs millonarios","./explore?q=%C3%A1guilas%20doradas%20-%20millonarios&geo=US"
"kurt busch talks about kyle busch","20 mil+","21 de agosto de 2026 a las 12:30:00 UTC-3","21 de agosto de 2026 a las 23:20:00 UTC-3","kurt busch talks about kyle busch,kurt busch,kyle busch cause of death","./explore?q=kurt%20busch%20talks%20about%20kyle%20busch&geo=US"
"marcio barbosa","2 mil+","22 de agosto de 2026 a las 19:10:00 UTC-3","22 de agosto de 2026 a las 20:30:00 UTC-3","marcio barbosa,ryan kuse","./explore?q=marcio%20barbosa&geo=US"
"nathaniel brown","2 mil+","22 de agosto de 2026 a las 15:50:00 UTC-3","22 de agosto de 2026 a las 18:30:00 UTC-3","nathaniel brown","./explore?q=nathaniel%20brown&geo=US"
"fox one","1 mil+","22 de agosto de 2026 a las 15:50:00 UTC-3","22 de agosto de 2026 a las 21:30:00 UTC-3","fox one","./explore?q=fox%20one&geo=US"
"mass general brigham hidden device","5 mil+","21 de agosto de 2026 a las 14:30:00 UTC-3","22 de agosto de 2026 a las 12:50:00 UTC-3","mass general brigham hidden device","./explore?q=mass%20general%20brigham%20hidden%20device&geo=US"
"kelly ripa mark consuelos wedding advice","10 mil+","21 de agosto de 2026 a las 16:30:00 UTC-3","22 de agosto de 2026 a las 1:30:00 UTC-3","kelly ripa mark consuelos wedding advice","./explore?q=kelly%20ripa%20mark%20consuelos%20wedding%20advice&geo=US"
"wisconsin volleyball","2 mil+","22 de agosto de 2026 a las 17:30:00 UTC-3","22 de agosto de 2026 a las 19:50:00 UTC-3","wisconsin volleyball,louisville volleyball","./explore?q=wisconsin%20volleyball&geo=US"
"49ers","50 mil+","20 de agosto de 2026 a las 23:20:00 UTC-3","21 de agosto de 2026 a las 3:40:00 UTC-3","49ers,49ers game,niners,san francisco 49ers,niners game,jacob cowing,kaelon black,sf 49ers,chargers game,la chargers,los angeles chargers,49ers game today,niners vs chargers,49ers vs los angeles chargers,kyle shanahan,chargers vs 49ers prediction","./explore?q=49ers&geo=US"
"lamelo ball","5 mil+","22 de agosto de 2026 a las 1:30:00 UTC-3","22 de agosto de 2026 a las 19:00:00 UTC-3","lamelo ball","./explore?q=lamelo%20ball&geo=US"
"cleveland","10 mil+","21 de agosto de 2026 a las 8:10:00 UTC-3","21 de agosto de 2026 a las 22:10:00 UTC-3","cleveland","./explore?q=cleveland&geo=US"
"tornado warning cleveland","2 mil+","22 de agosto de 2026 a las 18:00:00 UTC-3","22 de agosto de 2026 a las 19:40:00 UTC-3","tornado warning cleveland","./explore?q=tornado%20warning%20cleveland&geo=US"
"s.w.a.t. exiles","2 mil+","22 de agosto de 2026 a las 6:20:00 UTC-3","22 de agosto de 2026 a las 16:40:00 UTC-3","s.w.a.t. exiles","./explore?q=s.w.a.t.%20exiles&geo=US"
"al-riyadh vs al-nassr","10 mil+","21 de agosto de 2026 a las 12:20:00 UTC-3","21 de agosto de 2026 a las 20:40:00 UTC-3","al-riyadh vs al-nassr,saudi pro league","./explore?q=al-riyadh%20vs%20al-nassr&geo=US"
"trayveon williams","2 mil+","22 de agosto de 2026 a las 15:10:00 UTC-3","22 de agosto de 2026 a las 18:10:00 UTC-3","trayveon williams","./explore?q=trayveon%20williams&geo=US"
"ohio high school football scores","5 mil+","21 de agosto de 2026 a las 20:40:00 UTC-3","22 de agosto de 2026 a las 11:50:00 UTC-3","ohio high school football scores,football tonight","./explore?q=ohio%20high%20school%20football%20scores&geo=US"
"andrew knizner","500+","22 de agosto de 2026 a las 21:00:00 UTC-3","22 de agosto de 2026 a las 22:00:00 UTC-3","andrew knizner","./explore?q=andrew%20knizner&geo=US"
"dohnte meyers","500+","22 de agosto de 2026 a las 20:40:00 UTC-3","22 de agosto de 2026 a las 21:50:00 UTC-3","dohnte meyers","./explore?q=dohnte%20meyers&geo=US"
"tyler goodson","2 mil+","22 de agosto de 2026 a las 14:30:00 UTC-3","22 de agosto de 2026 a las 17:50:00 UTC-3","tyler goodson","./explore?q=tyler%20goodson&geo=US"
"coco gauff","20 mil+","21 de agosto de 2026 a las 22:50:00 UTC-3","22 de agosto de 2026 a las 1:00:00 UTC-3","coco gauff,madison keys,sara bejlek,bejlek,bejlek tennis","./explore?q=coco%20gauff&geo=US"
"plane","10 mil+","22 de agosto de 2026 a las 4:20:00 UTC-3","22 de agosto de 2026 a las 15:00:00 UTC-3","plane,cessna 441,alaska plane crash,cape newenham","./explore?q=plane&geo=US"
"harry kane","2 mil+","22 de agosto de 2026 a las 15:40:00 UTC-3","22 de agosto de 2026 a las 19:00:00 UTC-3","harry kane","./explore?q=harry%20kane&geo=US"
"trey smack","5 mil+","21 de agosto de 2026 a las 23:10:00 UTC-3","22 de agosto de 2026 a las 11:30:00 UTC-3","trey smack","./explore?q=trey%20smack&geo=US"
"scp vs alverca","2 mil+","22 de agosto de 2026 a las 16:10:00 UTC-3","22 de agosto de 2026 a las 19:30:00 UTC-3","scp vs alverca","./explore?q=scp%20vs%20alverca&geo=US"
"ukraine news","10 mil+","21 de agosto de 2026 a las 7:50:00 UTC-3","22 de agosto de 2026 a las 8:20:00 UTC-3","ukraine news","./explore?q=ukraine%20news&geo=US"
"keizer lego star wars dispute","5 mil+","22 de agosto de 2026 a las 8:10:00 UTC-3","22 de agosto de 2026 a las 16:00:00 UTC-3","keizer lego star wars dispute,reckless ben","./explore?q=keizer%20lego%20star%20wars%20dispute&geo=US"
"verzuz joe verzuz donell jones","10 mil+","21 de agosto de 2026 a las 2:10:00 UTC-3","21 de agosto de 2026 a las 22:20:00 UTC-3","verzuz joe verzuz donell jones","./explore?q=verzuz%20joe%20verzuz%20donell%20jones&geo=US"
"will sheppard","5 mil+","21 de agosto de 2026 a las 23:20:00 UTC-3","22 de agosto de 2026 a las 10:50:00 UTC-3","will sheppard,marshawn lloyd,pierre strong jr.,pierre strong","./explore?q=will%20sheppard&geo=US"
"tigres uanl vs atlante","10 mil+","21 de agosto de 2026 a las 21:30:00 UTC-3","22 de agosto de 2026 a las 1:30:00 UTC-3","tigres uanl vs atlante,tigres uanl vs atlante f.c. standings","./explore?q=tigres%20uanl%20vs%20atlante&geo=US"
"education department american bar association review","10 mil+","21 de agosto de 2026 a las 14:30:00 UTC-3","21 de agosto de 2026 a las 22:50:00 UTC-3","education department american bar association review,trump administration education department aba review","./explore?q=education%20department%20american%20bar%20association%20review&geo=US"
"thailand vs vietnam","5 mil+","22 de agosto de 2026 a las 9:30:00 UTC-3","22 de agosto de 2026 a las 13:40:00 UTC-3","thailand vs vietnam,vietnam vs thailand","./explore?q=thailand%20vs%20vietnam&geo=US"
"vinícius júnior","1 mil+","22 de agosto de 2026 a las 17:10:00 UTC-3","22 de agosto de 2026 a las 20:00:00 UTC-3","vinícius júnior","./explore?q=vin%C3%ADcius%20j%C3%BAnior&geo=US"
"bernardo silva","1 mil+","22 de agosto de 2026 a las 16:30:00 UTC-3","22 de agosto de 2026 a las 19:30:00 UTC-3","bernardo silva","./explore?q=bernardo%20silva&geo=US"
"barn owl rescued at sea","2 mil+","21 de agosto de 2026 a las 23:30:00 UTC-3","22 de agosto de 2026 a las 13:30:00 UTC-3","barn owl rescued at sea","./explore?q=barn%20owl%20rescued%20at%20sea&geo=US"
"alabama high school football scores","2 mil+","21 de agosto de 2026 a las 22:00:00 UTC-3","22 de agosto de 2026 a las 12:00:00 UTC-3","alabama high school football scores,ahsaa football scores","./explore?q=alabama%20high%20school%20football%20scores&geo=US"
"bellerive country club","2 mil+","22 de agosto de 2026 a las 16:20:00 UTC-3","22 de agosto de 2026 a las 19:30:00 UTC-3","bellerive country club,demos","./explore?q=bellerive%20country%20club&geo=US"
"napoli","1 mil+","22 de agosto de 2026 a las 15:50:00 UTC-3","22 de agosto de 2026 a las 18:50:00 UTC-3","napoli","./explore?q=napoli&geo=US"
"mls fines lionel messi ian fray","2 mil+","21 de agosto de 2026 a las 21:40:00 UTC-3","22 de agosto de 2026 a las 13:00:00 UTC-3","mls fines lionel messi ian fray","./explore?q=mls%20fines%20lionel%20messi%20ian%20fray&geo=US"
"justice kagan","10 mil+","20 de agosto de 2026 a las 23:30:00 UTC-3","21 de agosto de 2026 a las 23:40:00 UTC-3","justice kagan","./explore?q=justice%20kagan&geo=US"
"espn plus","2 mil+","22 de agosto de 2026 a las 15:40:00 UTC-3","22 de agosto de 2026 a las 18:10:00 UTC-3","espn plus,espn+","./explore?q=espn%20plus&geo=US"
"joey aguilar","5 mil+","21 de agosto de 2026 a las 22:30:00 UTC-3","22 de agosto de 2026 a las 10:00:00 UTC-3","joey aguilar","./explore?q=joey%20aguilar&geo=US"
"star wars ahsoka season 2","10 mil+","20 de agosto de 2026 a las 23:40:00 UTC-3","21 de agosto de 2026 a las 19:20:00 UTC-3","star wars ahsoka season 2","./explore?q=star%20wars%20ahsoka%20season%202&geo=US"
"al nassr","10 mil+","21 de agosto de 2026 a las 12:40:00 UTC-3","21 de agosto de 2026 a las 21:20:00 UTC-3","al nassr","./explore?q=al%20nassr&geo=US"
"gunner rivers","2 mil+","22 de agosto de 2026 a las 15:10:00 UTC-3","22 de agosto de 2026 a las 19:40:00 UTC-3","gunner rivers,philip rivers","./explore?q=gunner%20rivers&geo=US"
"cbs news","5 mil+","22 de agosto de 2026 a las 3:10:00 UTC-3","22 de agosto de 2026 a las 13:00:00 UTC-3","cbs news,stars and stripes,stars and stripes newspaper","./explore?q=cbs%20news&geo=US"
"fluminense vs remo","2 mil+","22 de agosto de 2026 a las 15:40:00 UTC-3","22 de agosto de 2026 a las 19:00:00 UTC-3","fluminense vs remo,fluminense x remo","./explore?q=fluminense%20vs%20remo&geo=US"
"supreme court ballroom","10 mil+","21 de agosto de 2026 a las 16:00:00 UTC-3","22 de agosto de 2026 a las 0:10:00 UTC-3","supreme court ballroom,ballroom,on,white house ballroom","./explore?q=supreme%20court%20ballroom&geo=US"
"ceviche","500+","22 de agosto de 2026 a las 20:00:00 UTC-3","22 de agosto de 2026 a las 21:40:00 UTC-3","ceviche","./explore?q=ceviche&geo=US"
"texas longhorns football","2 mil+","22 de agosto de 2026 a las 21:20:00 UTC-3","22 de agosto de 2026 a las 22:00:00 UTC-3","texas longhorns football,tyanthony smith,ty anthony smith,ty'anthony smith","./explore?q=texas%20longhorns%20football&geo=US"
"usa network","5 mil+","21 de agosto de 2026 a las 15:20:00 UTC-3","22 de agosto de 2026 a las 11:40:00 UTC-3","usa network","./explore?q=usa%20network&geo=US"
"fenerbahçe","2 mil+","22 de agosto de 2026 a las 15:40:00 UTC-3","22 de agosto de 2026 a las 18:00:00 UTC-3","fenerbahçe,fenerbahce,fenerbahçe - konyaspor","./explore?q=fenerbah%C3%A7e&geo=US"
"vivienne jolie legal name change","10 mil+","21 de agosto de 2026 a las 16:00:00 UTC-3","22 de agosto de 2026 a las 1:10:00 UTC-3","vivienne jolie legal name change,vivienne jolie","./explore?q=vivienne%20jolie%20legal%20name%20change&geo=US"
"mbappe","1 mil+","22 de agosto de 2026 a las 16:40:00 UTC-3","22 de agosto de 2026 a las 19:30:00 UTC-3","mbappe","./explore?q=mbappe&geo=US"
"jim cramer","5 mil+","21 de agosto de 2026 a las 0:40:00 UTC-3","22 de agosto de 2026 a las 11:30:00 UTC-3","jim cramer","./explore?q=jim%20cramer&geo=US"
"chrissy metz glp-1 usage","10 mil+","20 de agosto de 2026 a las 22:30:00 UTC-3","21 de agosto de 2026 a las 12:30:00 UTC-3","chrissy metz glp-1 usage,chrissy metz glp 1 usage","./explore?q=chrissy%20metz%20glp-1%20usage&geo=US"
"peacock","10 mil+","22 de agosto de 2026 a las 8:30:00 UTC-3","22 de agosto de 2026 a las 14:30:00 UTC-3","peacock,chris yost","./explore?q=peacock&geo=US"
"preseason games today","5 mil+","22 de agosto de 2026 a las 14:10:00 UTC-3","22 de agosto de 2026 a las 17:30:00 UTC-3","preseason games today,when does nfl season start,nfl preseason games today,football today,nfl games tonight","./explore?q=preseason%20games%20today&geo=US"
"eagles roster","500+","22 de agosto de 2026 a las 20:10:00 UTC-3","22 de agosto de 2026 a las 21:20:00 UTC-3","eagles roster","./explore?q=eagles%20roster&geo=US"
"lens vs auxerre","2 mil+","22 de agosto de 2026 a las 11:30:00 UTC-3","22 de agosto de 2026 a las 15:20:00 UTC-3","lens vs auxerre","./explore?q=lens%20vs%20auxerre&geo=US"
"royal caribbean","20 mil+","21 de agosto de 2026 a las 14:50:00 UTC-3","21 de agosto de 2026 a las 19:50:00 UTC-3","royal caribbean,navigator of the seas canceled trips","./explore?q=royal%20caribbean&geo=US"
"watch duty","1 mil+","22 de agosto de 2026 a las 16:10:00 UTC-3","22 de agosto de 2026 a las 18:10:00 UTC-3","watch duty","./explore?q=watch%20duty&geo=US"
"hidetaka miyazaki","2 mil+","22 de agosto de 2026 a las 13:00:00 UTC-3","22 de agosto de 2026 a las 19:00:00 UTC-3","hidetaka miyazaki,duskbloods network test","./explore?q=hidetaka%20miyazaki&geo=US"
"wisconsin volleyball roster","5 mil+","22 de agosto de 2026 a las 17:50:00 UTC-3","22 de agosto de 2026 a las 19:30:00 UTC-3","wisconsin volleyball roster,wisconsin volleyball","./explore?q=wisconsin%20volleyball%20roster&geo=US"
"battlestar galactica","500+","22 de agosto de 2026 a las 19:50:00 UTC-3","22 de agosto de 2026 a las 21:20:00 UTC-3","battlestar galactica","./explore?q=battlestar%20galactica&geo=US"
"alfalfa sprouts food poisoning outbreak","5 mil+","21 de agosto de 2026 a las 15:00:00 UTC-3","22 de agosto de 2026 a las 11:30:00 UTC-3","alfalfa sprouts food poisoning outbreak,alfalfa sprouts","./explore?q=alfalfa%20sprouts%20food%20poisoning%20outbreak&geo=US"
"mikey moore","2 mil+","22 de agosto de 2026 a las 12:50:00 UTC-3","22 de agosto de 2026 a las 15:50:00 UTC-3","mikey moore","./explore?q=mikey%20moore&geo=US"
"broncos schedule","5 mil+","21 de agosto de 2026 a las 19:30:00 UTC-3","22 de agosto de 2026 a las 2:10:00 UTC-3","broncos schedule","./explore?q=broncos%20schedule&geo=US"
"devin singletary","1 mil+","22 de agosto de 2026 a las 18:10:00 UTC-3","22 de agosto de 2026 a las 20:10:00 UTC-3","devin singletary","./explore?q=devin%20singletary&geo=US"
"real betis - real sociedad","10 mil+","21 de agosto de 2026 a las 15:10:00 UTC-3","21 de agosto de 2026 a las 20:20:00 UTC-3","real betis - real sociedad,real betis,posiciones de betis contra real sociedad","./explore?q=real%20betis%20-%20real%20sociedad&geo=US"
"soldier field","1 mil+","22 de agosto de 2026 a las 20:50:00 UTC-3","22 de agosto de 2026 a las 22:00:00 UTC-3","soldier field","./explore?q=soldier%20field&geo=US"
"deion sanders","1 mil+","22 de agosto de 2026 a las 15:40:00 UTC-3","22 de agosto de 2026 a las 20:40:00 UTC-3","deion sanders","./explore?q=deion%20sanders&geo=US"
"brunei","5 mil+","20 de agosto de 2026 a las 23:20:00 UTC-3","21 de agosto de 2026 a las 18:40:00 UTC-3","brunei","./explore?q=brunei&geo=US"
"olympiacos vs atromitos","1 mil+","22 de agosto de 2026 a las 14:40:00 UTC-3","22 de agosto de 2026 a las 18:10:00 UTC-3","olympiacos vs atromitos","./explore?q=olympiacos%20vs%20atromitos&geo=US"
"ahmad hardy","200+","22 de agosto de 2026 a las 21:00:00 UTC-3","22 de agosto de 2026 a las 21:50:00 UTC-3","ahmad hardy","./explore?q=ahmad%20hardy&geo=US"
"warren buffett stock market warning","2 mil+","22 de agosto de 2026 a las 11:30:00 UTC-3","22 de agosto de 2026 a las 14:50:00 UTC-3","warren buffett stock market warning","./explore?q=warren%20buffett%20stock%20market%20warning&geo=US"
"chicken recalled","5 mil+","21 de agosto de 2026 a las 21:50:00 UTC-3","22 de agosto de 2026 a las 3:00:00 UTC-3","chicken recalled","./explore?q=chicken%20recalled&geo=US"
"nfhs","5 mil+","21 de agosto de 2026 a las 18:40:00 UTC-3","22 de agosto de 2026 a las 0:40:00 UTC-3","nfhs","./explore?q=nfhs&geo=US"
"heidi klum","2 mil+","21 de agosto de 2026 a las 22:50:00 UTC-3","22 de agosto de 2026 a las 11:40:00 UTC-3","heidi klum","./explore?q=heidi%20klum&geo=US"
"aidan o'connell","10 mil+","20 de agosto de 2026 a las 22:50:00 UTC-3","21 de agosto de 2026 a las 12:10:00 UTC-3","aidan o'connell","./explore?q=aidan%20o%27connell&geo=US"
"efl championship","2 mil+","22 de agosto de 2026 a las 8:50:00 UTC-3","22 de agosto de 2026 a las 14:00:00 UTC-3","efl championship","./explore?q=efl%20championship&geo=US"
"holland america","10 mil+","21 de agosto de 2026 a las 19:10:00 UTC-3","22 de agosto de 2026 a las 7:50:00 UTC-3","holland america,cruise ship","./explore?q=holland%20america&geo=US"
"bishop gorman football","5 mil+","21 de agosto de 2026 a las 23:20:00 UTC-3","22 de agosto de 2026 a las 8:50:00 UTC-3","bishop gorman football,st john bosco football,bishop gorman vs st john bosco","./explore?q=bishop%20gorman%20football&geo=US"
"picchu","5 mil+","20 de agosto de 2026 a las 23:20:00 UTC-3","21 de agosto de 2026 a las 17:40:00 UTC-3","picchu","./explore?q=picchu&geo=US"
"udinese vs como","2 mil+","22 de agosto de 2026 a las 13:00:00 UTC-3","22 de agosto de 2026 a las 16:30:00 UTC-3","udinese vs como","./explore?q=udinese%20vs%20como&geo=US"
"where to watch chivas de guadalajara vs club tijuana","500+","22 de agosto de 2026 a las 20:00:00 UTC-3","22 de agosto de 2026 a las 21:20:00 UTC-3","where to watch chivas de guadalajara vs club tijuana","./explore?q=where%20to%20watch%20chivas%20de%20guadalajara%20vs%20club%20tijuana&geo=US"
"bret michaels","500+","22 de agosto de 2026 a las 19:00:00 UTC-3","22 de agosto de 2026 a las 20:50:00 UTC-3","bret michaels","./explore?q=bret%20michaels&geo=US"
"maxpreps football","2 mil+","21 de agosto de 2026 a las 20:40:00 UTC-3","22 de agosto de 2026 a las 10:10:00 UTC-3","maxpreps football","./explore?q=maxpreps%20football&geo=US"
"ihsa football scores","2 mil+","21 de agosto de 2026 a las 22:20:00 UTC-3","22 de agosto de 2026 a las 12:10:00 UTC-3","ihsa football scores,illinois high school football scores,ihsa football","./explore?q=ihsa%20football%20scores&geo=US"
"arda güler","1 mil+","22 de agosto de 2026 a las 17:10:00 UTC-3","22 de agosto de 2026 a las 19:30:00 UTC-3","arda güler","./explore?q=arda%20g%C3%BCler&geo=US"
"jarquez hunter","500+","22 de agosto de 2026 a las 19:50:00 UTC-3","22 de agosto de 2026 a las 21:00:00 UTC-3","jarquez hunter","./explore?q=jarquez%20hunter&geo=US"
"sydney taylor","2 mil+","21 de agosto de 2026 a las 22:10:00 UTC-3","22 de agosto de 2026 a las 11:10:00 UTC-3","sydney taylor,veronica burton","./explore?q=sydney%20taylor&geo=US"
"al riyadh - al-nassr","10 mil+","21 de agosto de 2026 a las 12:20:00 UTC-3","21 de agosto de 2026 a las 18:10:00 UTC-3","al riyadh - al-nassr,al-riyadh vs al-nassr standings","./explore?q=al%20riyadh%20-%20al-nassr&geo=US"
"willie lampkin","200+","22 de agosto de 2026 a las 21:00:00 UTC-3","22 de agosto de 2026 a las 21:50:00 UTC-3","willie lampkin","./explore?q=willie%20lampkin&geo=US"
"michigan football","2 mil+","21 de agosto de 2026 a las 19:40:00 UTC-3","22 de agosto de 2026 a las 16:50:00 UTC-3","michigan football","./explore?q=michigan%20football&geo=US"
"marshall manning baylor school debut","10 mil+","21 de agosto de 2026 a las 11:30:00 UTC-3","21 de agosto de 2026 a las 20:50:00 UTC-3","marshall manning baylor school debut,marshall manning baylor school football,peyton manning,baylor school football,peyton manning son","./explore?q=marshall%20manning%20baylor%20school%20debut&geo=US"
"larry kudlow","500+","22 de agosto de 2026 a las 19:50:00 UTC-3","22 de agosto de 2026 a las 20:50:00 UTC-3","larry kudlow","./explore?q=larry%20kudlow&geo=US"
"bill gates buys home depot","2 mil+","22 de agosto de 2026 a las 5:20:00 UTC-3","22 de agosto de 2026 a las 12:50:00 UTC-3","bill gates buys home depot","./explore?q=bill%20gates%20buys%20home%20depot&geo=US"
"nueva york","2 mil+","22 de agosto de 2026 a las 7:20:00 UTC-3","22 de agosto de 2026 a las 13:50:00 UTC-3","nueva york","./explore?q=nueva%20york&geo=US"
"birmingham vs bristol city","2 mil+","22 de agosto de 2026 a las 7:50:00 UTC-3","22 de agosto de 2026 a las 12:20:00 UTC-3","birmingham vs bristol city,birmingham city - bristol city","./explore?q=birmingham%20vs%20bristol%20city&geo=US"
"pamela anderson","2 mil+","21 de agosto de 2026 a las 21:50:00 UTC-3","22 de agosto de 2026 a las 10:50:00 UTC-3","pamela anderson","./explore?q=pamela%20anderson&geo=US"
"cam skattebo","1 mil+","22 de agosto de 2026 a las 17:50:00 UTC-3","22 de agosto de 2026 a las 20:30:00 UTC-3","cam skattebo","./explore?q=cam%20skattebo&geo=US"
"topps flagship football 2026","5 mil+","21 de agosto de 2026 a las 6:30:00 UTC-3","21 de agosto de 2026 a las 23:00:00 UTC-3","topps flagship football 2026","./explore?q=topps%20flagship%20football%202026&geo=US"
"bryan johnson","2 mil+","21 de agosto de 2026 a las 17:40:00 UTC-3","22 de agosto de 2026 a las 10:50:00 UTC-3","bryan johnson","./explore?q=bryan%20johnson&geo=US"
"is caleb williams playing today","500+","22 de agosto de 2026 a las 19:30:00 UTC-3","22 de agosto de 2026 a las 20:50:00 UTC-3","is caleb williams playing today","./explore?q=is%20caleb%20williams%20playing%20today&geo=US"
"japan earthquake","2 mil+","22 de agosto de 2026 a las 14:00:00 UTC-3","22 de agosto de 2026 a las 16:20:00 UTC-3","japan earthquake,japan earthquake today,tokyo earthquake,earthquake japan,tokyo earthquake today","./explore?q=japan%20earthquake&geo=US"
"michigan football schedule","2 mil+","22 de agosto de 2026 a las 9:20:00 UTC-3","22 de agosto de 2026 a las 15:50:00 UTC-3","michigan football schedule,espn top college football teams 2026","./explore?q=michigan%20football%20schedule&geo=US"
"tzolis","10 mil+","21 de agosto de 2026 a las 16:00:00 UTC-3","22 de agosto de 2026 a las 2:50:00 UTC-3","tzolis,christos tzolis","./explore?q=tzolis&geo=US"
"tyrod taylor","5 mil+","21 de agosto de 2026 a las 22:40:00 UTC-3","22 de agosto de 2026 a las 2:00:00 UTC-3","tyrod taylor","./explore?q=tyrod%20taylor&geo=US"
"trump accounts","2 mil+","21 de agosto de 2026 a las 21:10:00 UTC-3","22 de agosto de 2026 a las 13:20:00 UTC-3","trump accounts,trump account for kids","./explore?q=trump%20accounts&geo=US"
"lake claiborne brain eating amoeba case","1 mil+","22 de agosto de 2026 a las 16:00:00 UTC-3","22 de agosto de 2026 a las 19:50:00 UTC-3","lake claiborne brain eating amoeba case,brain-eating amoeba","./explore?q=lake%20claiborne%20brain%20eating%20amoeba%20case&geo=US"
"jerry jones","2 mil+","22 de agosto de 2026 a las 6:30:00 UTC-3","22 de agosto de 2026 a las 11:00:00 UTC-3","jerry jones","./explore?q=jerry%20jones&geo=US"
"muro fronterizo estados unidos-méxico","5 mil+","21 de agosto de 2026 a las 8:40:00 UTC-3","21 de agosto de 2026 a las 23:20:00 UTC-3","muro fronterizo estados unidos-méxico","./explore?q=muro%20fronterizo%20estados%20unidos-m%C3%A9xico&geo=US"
"f1 schedule","2 mil+","22 de agosto de 2026 a las 7:30:00 UTC-3","22 de agosto de 2026 a las 11:20:00 UTC-3","f1 schedule,f1 tv,mercedes","./explore?q=f1%20schedule&geo=US"
"chris brown maria avila judgment","1 mil+","22 de agosto de 2026 a las 14:40:00 UTC-3","22 de agosto de 2026 a las 17:10:00 UTC-3","chris brown maria avila judgment","./explore?q=chris%20brown%20maria%20avila%20judgment&geo=US"
"ridley scott","5 mil+","21 de agosto de 2026 a las 6:30:00 UTC-3","21 de agosto de 2026 a las 20:10:00 UTC-3","ridley scott,the dog stars,ridley scott new sci fi thriller","./explore?q=ridley%20scott&geo=US"
"trey lance","10 mil+","20 de agosto de 2026 a las 23:20:00 UTC-3","21 de agosto de 2026 a las 8:40:00 UTC-3","trey lance,dj uiagalelei","./explore?q=trey%20lance&geo=US"
"wehen wiesbaden vs leverkusen","2 mil+","22 de agosto de 2026 a las 7:30:00 UTC-3","22 de agosto de 2026 a las 11:10:00 UTC-3","wehen wiesbaden vs leverkusen,wehen wiesbaden - leverkusen","./explore?q=wehen%20wiesbaden%20vs%20leverkusen&geo=US"
"ftc prime subscription settlement fund","5 mil+","21 de agosto de 2026 a las 5:50:00 UTC-3","21 de agosto de 2026 a las 23:20:00 UTC-3","ftc prime subscription settlement fund","./explore?q=ftc%20prime%20subscription%20settlement%20fund&geo=US"
"toulouse vs ol","1 mil+","22 de agosto de 2026 a las 15:10:00 UTC-3","22 de agosto de 2026 a las 18:40:00 UTC-3","toulouse vs ol","./explore?q=toulouse%20vs%20ol&geo=US"
"why chelah horsdal left hallmark show","5 mil+","21 de agosto de 2026 a las 3:30:00 UTC-3","21 de agosto de 2026 a las 16:10:00 UTC-3","why chelah horsdal left hallmark show","./explore?q=why%20chelah%20horsdal%20left%20hallmark%20show&geo=US"
"conor anderson","5 mil+","20 de agosto de 2026 a las 23:40:00 UTC-3","21 de agosto de 2026 a las 12:20:00 UTC-3","conor anderson,conor anderson nashville","./explore?q=conor%20anderson&geo=US"
"jake rogers","5 mil+","21 de agosto de 2026 a las 23:20:00 UTC-3","22 de agosto de 2026 a las 10:30:00 UTC-3","jake rogers,jefry yan,mets game today,sean manaea","./explore?q=jake%20rogers&geo=US"
"aurora - suchitepequez","500+","22 de agosto de 2026 a las 18:20:00 UTC-3","22 de agosto de 2026 a las 20:50:00 UTC-3","aurora - suchitepequez","./explore?q=aurora%20-%20suchitepequez&geo=US"
"assim alkhawaja ice detention case","5 mil+","21 de agosto de 2026 a las 13:10:00 UTC-3","21 de agosto de 2026 a las 21:50:00 UTC-3","assim alkhawaja ice detention case","./explore?q=assim%20alkhawaja%20ice%20detention%20case&geo=US"
"oj simpson","200+","22 de agosto de 2026 a las 19:50:00 UTC-3","22 de agosto de 2026 a las 21:00:00 UTC-3","oj simpson","./explore?q=oj%20simpson&geo=US"
"classement espanyol – real madrid","500+","22 de agosto de 2026 a las 18:50:00 UTC-3","22 de agosto de 2026 a las 20:00:00 UTC-3","classement espanyol – real madrid","./explore?q=classement%20espanyol%20%E2%80%93%20real%20madrid&geo=US"
"nationals - marlins","1 mil+","22 de agosto de 2026 a las 16:50:00 UTC-3","22 de agosto de 2026 a las 20:20:00 UTC-3","nationals - marlins","./explore?q=nationals%20-%20marlins&geo=US"
"jaylen waddle","2 mil+","21 de agosto de 2026 a las 22:20:00 UTC-3","22 de agosto de 2026 a las 4:50:00 UTC-3","jaylen waddle","./explore?q=jaylen%20waddle&geo=US"
"four sixes ranch owner taylor sheridan","5 mil+","21 de agosto de 2026 a las 8:20:00 UTC-3","21 de agosto de 2026 a las 18:00:00 UTC-3","four sixes ranch owner taylor sheridan,taylor sheridan texas ranch purchase","./explore?q=four%20sixes%20ranch%20owner%20taylor%20sheridan&geo=US"
"germany","5 mil+","21 de agosto de 2026 a las 9:40:00 UTC-3","21 de agosto de 2026 a las 18:30:00 UTC-3","germany","./explore?q=germany&geo=US"
"denzel dumfries","500+","22 de agosto de 2026 a las 16:40:00 UTC-3","22 de agosto de 2026 a las 18:50:00 UTC-3","denzel dumfries","./explore?q=denzel%20dumfries&geo=US"
"indiana high school football scores","2 mil+","21 de agosto de 2026 a las 21:40:00 UTC-3","22 de agosto de 2026 a las 11:00:00 UTC-3","indiana high school football scores","./explore?q=indiana%20high%20school%20football%20scores&geo=US"
"sterling shepard","5 mil+","21 de agosto de 2026 a las 17:50:00 UTC-3","22 de agosto de 2026 a las 0:20:00 UTC-3","sterling shepard,zay jones","./explore?q=sterling%20shepard&geo=US"
"chris gotterup","500+","22 de agosto de 2026 a las 17:10:00 UTC-3","22 de agosto de 2026 a las 19:10:00 UTC-3","chris gotterup","./explore?q=chris%20gotterup&geo=US"
"matt calkins seattle times resignation","5 mil+","20 de agosto de 2026 a las 22:50:00 UTC-3","21 de agosto de 2026 a las 12:30:00 UTC-3","matt calkins seattle times resignation,matt calkins seattle times","./explore?q=matt%20calkins%20seattle%20times%20resignation&geo=US"
"blue bell strawberry cheesecake flavor","5 mil+","20 de agosto de 2026 a las 23:20:00 UTC-3","21 de agosto de 2026 a las 19:50:00 UTC-3","blue bell strawberry cheesecake flavor","./explore?q=blue%20bell%20strawberry%20cheesecake%20flavor&geo=US"
"marc cucurella","1 mil+","22 de agosto de 2026 a las 18:20:00 UTC-3","22 de agosto de 2026 a las 19:30:00 UTC-3","marc cucurella,cucurella","./explore?q=marc%20cucurella&geo=US"
"megan mullally","5 mil+","21 de agosto de 2026 a las 0:50:00 UTC-3","22 de agosto de 2026 a las 0:10:00 UTC-3","megan mullally","./explore?q=megan%20mullally&geo=US"
"cliff burton sister connie passes away","2 mil+","21 de agosto de 2026 a las 16:00:00 UTC-3","22 de agosto de 2026 a las 8:30:00 UTC-3","cliff burton sister connie passes away","./explore?q=cliff%20burton%20sister%20connie%20passes%20away&geo=US"
"jon bernthal prime video movie","2 mil+","21 de agosto de 2026 a las 0:20:00 UTC-3","22 de agosto de 2026 a las 11:20:00 UTC-3","jon bernthal prime video movie","./explore?q=jon%20bernthal%20prime%20video%20movie&geo=US"
"bayonne little league","2 mil+","21 de agosto de 2026 a las 20:50:00 UTC-3","22 de agosto de 2026 a las 9:50:00 UTC-3","bayonne little league,bayonne little league world series","./explore?q=bayonne%20little%20league&geo=US"
"spelling bee nyt","2 mil+","22 de agosto de 2026 a las 8:00:00 UTC-3","22 de agosto de 2026 a las 12:40:00 UTC-3","spelling bee nyt,nyt spelling bee","./explore?q=spelling%20bee%20nyt&geo=US"
"bbc sport","5 mil+","22 de agosto de 2026 a las 8:20:00 UTC-3","22 de agosto de 2026 a las 13:30:00 UTC-3","bbc sport,pga leaderboard","./explore?q=bbc%20sport&geo=US"
"adrian martinez","5 mil+","21 de agosto de 2026 a las 1:10:00 UTC-3","21 de agosto de 2026 a las 9:10:00 UTC-3","adrian martinez","./explore?q=adrian%20martinez&geo=US"
"luis garcía jr.","500+","22 de agosto de 2026 a las 17:50:00 UTC-3","22 de agosto de 2026 a las 19:00:00 UTC-3","luis garcía jr.","./explore?q=luis%20garc%C3%ADa%20jr.&geo=US"
"python","2 mil+","22 de agosto de 2026 a las 8:00:00 UTC-3","22 de agosto de 2026 a las 10:30:00 UTC-3","python","./explore?q=python&geo=US"
"uconn documentary","5 mil+","21 de agosto de 2026 a las 6:10:00 UTC-3","22 de agosto de 2026 a las 3:40:00 UTC-3","uconn documentary,apple tv","./explore?q=uconn%20documentary&geo=US"
"budds creek mx","1 mil+","22 de agosto de 2026 a las 11:30:00 UTC-3","22 de agosto de 2026 a las 15:30:00 UTC-3","budds creek mx","./explore?q=budds%20creek%20mx&geo=US"
"bonnaroo 2027","5 mil+","21 de agosto de 2026 a las 12:30:00 UTC-3","21 de agosto de 2026 a las 19:40:00 UTC-3","bonnaroo 2027,bonnaroo","./explore?q=bonnaroo%202027&geo=US"
"jeremy clarkson","500+","22 de agosto de 2026 a las 20:00:00 UTC-3","22 de agosto de 2026 a las 20:30:00 UTC-3","jeremy clarkson","./explore?q=jeremy%20clarkson&geo=US"
"tolima - bucaramanga","500+","22 de agosto de 2026 a las 18:00:00 UTC-3","22 de agosto de 2026 a las 19:30:00 UTC-3","tolima - bucaramanga","./explore?q=tolima%20-%20bucaramanga&geo=US"
"joel kinnaman icefall prime video","2 mil+","21 de agosto de 2026 a las 19:50:00 UTC-3","22 de agosto de 2026 a las 11:30:00 UTC-3","joel kinnaman icefall prime video","./explore?q=joel%20kinnaman%20icefall%20prime%20video&geo=US"
"sat","2 mil+","21 de agosto de 2026 a las 21:30:00 UTC-3","22 de agosto de 2026 a las 10:20:00 UTC-3","sat","./explore?q=sat&geo=US"
"sincere mccormick","5 mil+","21 de agosto de 2026 a las 0:10:00 UTC-3","21 de agosto de 2026 a las 10:10:00 UTC-3","sincere mccormick","./explore?q=sincere%20mccormick&geo=US"
"olivia rodrigo tour","5 mil+","21 de agosto de 2026 a las 8:00:00 UTC-3","22 de agosto de 2026 a las 3:40:00 UTC-3","olivia rodrigo tour,olivia rodrigo ticketmaster request,olivia rodrigo.request.ticketmaster.com","./explore?q=olivia%20rodrigo%20tour&geo=US"
"kentucky state fair","1 mil+","22 de agosto de 2026 a las 9:10:00 UTC-3","22 de agosto de 2026 a las 16:30:00 UTC-3","kentucky state fair","./explore?q=kentucky%20state%20fair&geo=US"
"ambassador bridge","1 mil+","22 de agosto de 2026 a las 8:20:00 UTC-3","22 de agosto de 2026 a las 13:10:00 UTC-3","ambassador bridge","./explore?q=ambassador%20bridge&geo=US"
"kacey musgraves setlist","1 mil+","22 de agosto de 2026 a las 1:40:00 UTC-3","22 de agosto de 2026 a las 12:50:00 UTC-3","kacey musgraves setlist","./explore?q=kacey%20musgraves%20setlist&geo=US"
"mackenzie scott beverly hills donation","2 mil+","21 de agosto de 2026 a las 20:10:00 UTC-3","22 de agosto de 2026 a las 12:30:00 UTC-3","mackenzie scott beverly hills donation","./explore?q=mackenzie%20scott%20beverly%20hills%20donation&geo=US"
"marta kostyuk","5 mil+","21 de agosto de 2026 a las 22:30:00 UTC-3","22 de agosto de 2026 a las 1:00:00 UTC-3","marta kostyuk,kostyuk,gauff","./explore?q=marta%20kostyuk&geo=US"
"ibrahima konaté","500+","22 de agosto de 2026 a las 16:40:00 UTC-3","22 de agosto de 2026 a las 18:50:00 UTC-3","ibrahima konaté","./explore?q=ibrahima%20konat%C3%A9&geo=US"
"iran news","2 mil+","22 de agosto de 2026 a las 15:00:00 UTC-3","22 de agosto de 2026 a las 16:10:00 UTC-3","iran news,what is the latest news on the us economic pressure campaign against iran,what is the latest news on the us economic campaign and naval oil corridor regarding iran?","./explore?q=iran%20news&geo=US"
"marcus rashford","1 mil+","22 de agosto de 2026 a las 9:00:00 UTC-3","22 de agosto de 2026 a las 12:00:00 UTC-3","marcus rashford","./explore?q=marcus%20rashford&geo=US"
"derrick moore","500+","22 de agosto de 2026 a las 14:30:00 UTC-3","22 de agosto de 2026 a las 17:00:00 UTC-3","derrick moore","./explore?q=derrick%20moore&geo=US"
"mac jones","5 mil+","20 de agosto de 2026 a las 23:30:00 UTC-3","21 de agosto de 2026 a las 10:00:00 UTC-3","mac jones,49ers vs los angeles chargers match player stats,49ers score,texans score,chargers score","./explore?q=mac%20jones&geo=US"
"oura faces a class action lawsuit over alleged inaccurate sleep tracking","2 mil+","21 de agosto de 2026 a las 19:40:00 UTC-3","22 de agosto de 2026 a las 11:20:00 UTC-3","oura faces a class action lawsuit over alleged inaccurate sleep tracking","./explore?q=oura%20faces%20a%20class%20action%20lawsuit%20over%20alleged%20inaccurate%20sleep%20tracking&geo=US"
"gulf of mexico (gulf of america)","2 mil+","21 de agosto de 2026 a las 16:10:00 UTC-3","21 de agosto de 2026 a las 21:30:00 UTC-3","gulf of mexico (gulf of america)","./explore?q=gulf%20of%20mexico%20%28gulf%20of%20america%29&geo=US"
"nintendo removes switch emulator repositories","2 mil+","21 de agosto de 2026 a las 15:40:00 UTC-3","22 de agosto de 2026 a las 9:10:00 UTC-3","nintendo removes switch emulator repositories","./explore?q=nintendo%20removes%20switch%20emulator%20repositories&geo=US"
"ox alpha","2 mil+","22 de agosto de 2026 a las 1:10:00 UTC-3","22 de agosto de 2026 a las 11:20:00 UTC-3","ox alpha","./explore?q=ox%20alpha&geo=US"
"just like heaven 2026","2 mil+","22 de agosto de 2026 a las 1:40:00 UTC-3","22 de agosto de 2026 a las 18:30:00 UTC-3","just like heaven 2026","./explore?q=just%20like%20heaven%202026&geo=US"
"christa pike","1 mil+","22 de agosto de 2026 a las 5:20:00 UTC-3","22 de agosto de 2026 a las 11:30:00 UTC-3","christa pike,christa gail pike","./explore?q=christa%20pike&geo=US"
"cfb","1 mil+","22 de agosto de 2026 a las 12:00:00 UTC-3","22 de agosto de 2026 a las 15:20:00 UTC-3","cfb","./explore?q=cfb&geo=US"
"macaulay culkin","200+","22 de agosto de 2026 a las 19:00:00 UTC-3","22 de agosto de 2026 a las 20:00:00 UTC-3","macaulay culkin","./explore?q=macaulay%20culkin&geo=US"
"kyle mccord","2 mil+","21 de agosto de 2026 a las 23:40:00 UTC-3","22 de agosto de 2026 a las 2:00:00 UTC-3","kyle mccord","./explore?q=kyle%20mccord&geo=US"
"dani rojas","2 mil+","21 de agosto de 2026 a las 3:10:00 UTC-3","21 de agosto de 2026 a las 15:50:00 UTC-3","dani rojas","./explore?q=dani%20rojas&geo=US"
"mai yamamoto","2 mil+","21 de agosto de 2026 a las 8:40:00 UTC-3","22 de agosto de 2026 a las 11:20:00 UTC-3","mai yamamoto","./explore?q=mai%20yamamoto&geo=US"
"the new york times","5 mil+","21 de agosto de 2026 a las 16:50:00 UTC-3","21 de agosto de 2026 a las 18:40:00 UTC-3","the new york times","./explore?q=the%20new%20york%20times&geo=US"
"pittsburgh penguins","1 mil+","22 de agosto de 2026 a las 8:40:00 UTC-3","22 de agosto de 2026 a las 17:00:00 UTC-3","pittsburgh penguins","./explore?q=pittsburgh%20penguins&geo=US"
"oneil cruz","1 mil+","22 de agosto de 2026 a las 0:00:00 UTC-3","22 de agosto de 2026 a las 9:30:00 UTC-3","oneil cruz","./explore?q=oneil%20cruz&geo=US"
"kai spears defamation lawsuit","2 mil+","21 de agosto de 2026 a las 1:50:00 UTC-3","21 de agosto de 2026 a las 13:50:00 UTC-3","kai spears defamation lawsuit","./explore?q=kai%20spears%20defamation%20lawsuit&geo=US"
"united states secretary of the army","2 mil+","21 de agosto de 2026 a las 19:30:00 UTC-3","21 de agosto de 2026 a las 23:30:00 UTC-3","united states secretary of the army,dan driscoll","./explore?q=united%20states%20secretary%20of%20the%20army&geo=US"
"newt gingrich","1 mil+","22 de agosto de 2026 a las 4:40:00 UTC-3","22 de agosto de 2026 a las 18:50:00 UTC-3","newt gingrich","./explore?q=newt%20gingrich&geo=US"
"priyanka chopra","500+","22 de agosto de 2026 a las 19:50:00 UTC-3","22 de agosto de 2026 a las 20:50:00 UTC-3","priyanka chopra,nick jonas","./explore?q=priyanka%20chopra&geo=US"
"sam smith","2 mil+","21 de agosto de 2026 a las 17:20:00 UTC-3","22 de agosto de 2026 a las 12:40:00 UTC-3","sam smith","./explore?q=sam%20smith&geo=US"
"danielle fishel","1 mil+","22 de agosto de 2026 a las 11:40:00 UTC-3","22 de agosto de 2026 a las 14:00:00 UTC-3","danielle fishel","./explore?q=danielle%20fishel&geo=US"
"ghsa football scores","2 mil+","21 de agosto de 2026 a las 21:30:00 UTC-3","22 de agosto de 2026 a las 10:00:00 UTC-3","ghsa football scores","./explore?q=ghsa%20football%20scores&geo=US"
"ray davis","500+","22 de agosto de 2026 a las 15:30:00 UTC-3","22 de agosto de 2026 a las 17:20:00 UTC-3","ray davis","./explore?q=ray%20davis&geo=US"
"zach neto","2 mil+","20 de agosto de 2026 a las 23:00:00 UTC-3","21 de agosto de 2026 a las 10:10:00 UTC-3","zach neto,astros standings","./explore?q=zach%20neto&geo=US"
"championship standings","1 mil+","22 de agosto de 2026 a las 9:50:00 UTC-3","22 de agosto de 2026 a las 14:10:00 UTC-3","championship standings","./explore?q=championship%20standings&geo=US"
"police raid","2 mil+","21 de agosto de 2026 a las 16:40:00 UTC-3","21 de agosto de 2026 a las 21:00:00 UTC-3","police raid","./explore?q=police%20raid&geo=US"
"shoriful islam","1 mil+","22 de agosto de 2026 a las 4:00:00 UTC-3","22 de agosto de 2026 a las 10:20:00 UTC-3","shoriful islam,bangladesh national cricket team vs australia national cricket team match scorecard","./explore?q=shoriful%20islam&geo=US"
"prince harry privacy case payment","5 mil+","21 de agosto de 2026 a las 12:00:00 UTC-3","21 de agosto de 2026 a las 17:30:00 UTC-3","prince harry privacy case payment,prince harry elton john legal costs,daily mail,harry","./explore?q=prince%20harry%20privacy%20case%20payment&geo=US"
"super bowl 2026","200+","22 de agosto de 2026 a las 21:10:00 UTC-3","22 de agosto de 2026 a las 21:30:00 UTC-3","super bowl 2026","./explore?q=super%20bowl%202026&geo=US"
"leandro paredes","2 mil+","21 de agosto de 2026 a las 11:40:00 UTC-3","21 de agosto de 2026 a las 18:30:00 UTC-3","leandro paredes","./explore?q=leandro%20paredes&geo=US"
"theo james","2 mil+","20 de agosto de 2026 a las 22:50:00 UTC-3","22 de agosto de 2026 a las 6:00:00 UTC-3","theo james","./explore?q=theo%20james&geo=US"
"luke altmyer","1 mil+","22 de agosto de 2026 a las 14:00:00 UTC-3","22 de agosto de 2026 a las 14:50:00 UTC-3","luke altmyer","./explore?q=luke%20altmyer&geo=US"
"ameer abdullah","2 mil+","21 de agosto de 2026 a las 21:20:00 UTC-3","22 de agosto de 2026 a las 2:20:00 UTC-3","ameer abdullah","./explore?q=ameer%20abdullah&geo=US"
"maga inc super pac finances","2 mil+","21 de agosto de 2026 a las 12:30:00 UTC-3","21 de agosto de 2026 a las 20:00:00 UTC-3","maga inc super pac finances","./explore?q=maga%20inc%20super%20pac%20finances&geo=US"
"democratic party","2 mil+","21 de agosto de 2026 a las 14:50:00 UTC-3","21 de agosto de 2026 a las 22:10:00 UTC-3","democratic party","./explore?q=democratic%20party&geo=US"
"jet","1 mil+","22 de agosto de 2026 a las 8:20:00 UTC-3","22 de agosto de 2026 a las 12:30:00 UTC-3","jet","./explore?q=jet&geo=US"
"springboks vs all blacks","1 mil+","22 de agosto de 2026 a las 12:40:00 UTC-3","22 de agosto de 2026 a las 15:10:00 UTC-3","springboks vs all blacks","./explore?q=springboks%20vs%20all%20blacks&geo=US"
"leicester city vs burton","1 mil+","22 de agosto de 2026 a las 11:00:00 UTC-3","22 de agosto de 2026 a las 13:40:00 UTC-3","leicester city vs burton,leicester city","./explore?q=leicester%20city%20vs%20burton&geo=US"
"mina kimes","2 mil+","21 de agosto de 2026 a las 21:10:00 UTC-3","22 de agosto de 2026 a las 2:00:00 UTC-3","mina kimes","./explore?q=mina%20kimes&geo=US"
"nathan lukes","500+","22 de agosto de 2026 a las 17:30:00 UTC-3","22 de agosto de 2026 a las 18:40:00 UTC-3","nathan lukes","./explore?q=nathan%20lukes&geo=US"
"nithya raman","2 mil+","21 de agosto de 2026 a las 9:20:00 UTC-3","21 de agosto de 2026 a las 16:10:00 UTC-3","nithya raman","./explore?q=nithya%20raman&geo=US"
"jacob misiorowski","5 mil+","21 de agosto de 2026 a las 18:20:00 UTC-3","21 de agosto de 2026 a las 20:40:00 UTC-3","jacob misiorowski,william contreras,brewers standings","./explore?q=jacob%20misiorowski&geo=US"
"wwe smackdown","5 mil+","21 de agosto de 2026 a las 21:10:00 UTC-3","22 de agosto de 2026 a las 9:00:00 UTC-3","wwe smackdown,kevin owens,wwe,cm punk,wwe smackdown results,smackdown results,smackdown,wwe smackdown august 21 results,r truth","./explore?q=wwe%20smackdown&geo=US"
"mamadou sangaré","1 mil+","22 de agosto de 2026 a las 13:50:00 UTC-3","22 de agosto de 2026 a las 16:00:00 UTC-3","mamadou sangaré,keith andrews","./explore?q=mamadou%20sangar%C3%A9&geo=US"
"braves - brewers","5 mil+","21 de agosto de 2026 a las 16:40:00 UTC-3","21 de agosto de 2026 a las 20:40:00 UTC-3","braves - brewers,chris sale,milwaukee brewers,brewers game today","./explore?q=braves%20-%20brewers&geo=US"
"pete alonso","2 mil+","21 de agosto de 2026 a las 22:00:00 UTC-3","22 de agosto de 2026 a las 8:50:00 UTC-3","pete alonso","./explore?q=pete%20alonso&geo=US"
"packers schedule 2026","2 mil+","21 de agosto de 2026 a las 19:10:00 UTC-3","22 de agosto de 2026 a las 0:10:00 UTC-3","packers schedule 2026,derrick henry,khadarel hodge,martinez 49ers","./explore?q=packers%20schedule%202026&geo=US"
"josh jacobs","2 mil+","21 de agosto de 2026 a las 22:10:00 UTC-3","22 de agosto de 2026 a las 5:50:00 UTC-3","josh jacobs","./explore?q=josh%20jacobs&geo=US"
"giants depth chart","200+","22 de agosto de 2026 a las 18:00:00 UTC-3","22 de agosto de 2026 a las 19:10:00 UTC-3","giants depth chart","./explore?q=giants%20depth%20chart&geo=US"
"bbc football","1 mil+","22 de agosto de 2026 a las 7:20:00 UTC-3","22 de agosto de 2026 a las 12:10:00 UTC-3","bbc football","./explore?q=bbc%20football&geo=US"
"jeremy peters","1 mil+","21 de agosto de 2026 a las 23:30:00 UTC-3","22 de agosto de 2026 a las 4:10:00 UTC-3","jeremy peters","./explore?q=jeremy%20peters&geo=US"
"celina high school quarterback parker wynk","200+","22 de agosto de 2026 a las 18:30:00 UTC-3","22 de agosto de 2026 a las 19:40:00 UTC-3","celina high school quarterback parker wynk","./explore?q=celina%20high%20school%20quarterback%20parker%20wynk&geo=US"
"steph curry dallas mavericks rumors","2 mil+","20 de agosto de 2026 a las 22:30:00 UTC-3","21 de agosto de 2026 a las 9:30:00 UTC-3","steph curry dallas mavericks rumors","./explore?q=steph%20curry%20dallas%20mavericks%20rumors&geo=US"
"khalil herbert","2 mil+","21 de agosto de 2026 a las 1:20:00 UTC-3","21 de agosto de 2026 a las 10:10:00 UTC-3","khalil herbert","./explore?q=khalil%20herbert&geo=US"
"utah royals fc vs san diego wave","2 mil+","21 de agosto de 2026 a las 22:30:00 UTC-3","22 de agosto de 2026 a las 2:00:00 UTC-3","utah royals fc vs san diego wave","./explore?q=utah%20royals%20fc%20vs%20san%20diego%20wave&geo=US"
"lucas herrington","1 mil+","22 de agosto de 2026 a las 9:50:00 UTC-3","22 de agosto de 2026 a las 11:20:00 UTC-3","lucas herrington","./explore?q=lucas%20herrington&geo=US"
"brett rypien","2 mil+","20 de agosto de 2026 a las 22:50:00 UTC-3","21 de agosto de 2026 a las 8:30:00 UTC-3","brett rypien","./explore?q=brett%20rypien&geo=US"
"yoshinobu yamamoto","2 mil+","22 de agosto de 2026 a las 0:00:00 UTC-3","22 de agosto de 2026 a las 3:40:00 UTC-3","yoshinobu yamamoto,tommy edman","./explore?q=yoshinobu%20yamamoto&geo=US"
"colorado geo group ice law blocked","2 mil+","21 de agosto de 2026 a las 18:10:00 UTC-3","21 de agosto de 2026 a las 23:10:00 UTC-3","colorado geo group ice law blocked","./explore?q=colorado%20geo%20group%20ice%20law%20blocked&geo=US"
"go fans","2 mil+","21 de agosto de 2026 a las 18:10:00 UTC-3","21 de agosto de 2026 a las 22:20:00 UTC-3","go fans","./explore?q=go%20fans&geo=US"
"middlesbrough news","1 mil+","22 de agosto de 2026 a las 8:40:00 UTC-3","22 de agosto de 2026 a las 11:20:00 UTC-3","middlesbrough news,teesside,brave","./explore?q=middlesbrough%20news&geo=US"
"kyrie irving","2 mil+","21 de agosto de 2026 a las 16:50:00 UTC-3","22 de agosto de 2026 a las 6:20:00 UTC-3","kyrie irving","./explore?q=kyrie%20irving&geo=US"
"comcast xfinity shield launch","500+","22 de agosto de 2026 a las 16:30:00 UTC-3","22 de agosto de 2026 a las 18:40:00 UTC-3","comcast xfinity shield launch","./explore?q=comcast%20xfinity%20shield%20launch&geo=US"
"paige bueckers foul caitlin clark","2 mil+","22 de agosto de 2026 a las 10:20:00 UTC-3","22 de agosto de 2026 a las 13:10:00 UTC-3","paige bueckers foul caitlin clark,caitlin clark uncalled foul wnba,indiana fever caitlin clark,dallas wings vs indiana fever","./explore?q=paige%20bueckers%20foul%20caitlin%20clark&geo=US"
"zachariah branch","500+","22 de agosto de 2026 a las 14:50:00 UTC-3","22 de agosto de 2026 a las 16:20:00 UTC-3","zachariah branch","./explore?q=zachariah%20branch&geo=US"
"boeing","2 mil+","21 de agosto de 2026 a las 22:10:00 UTC-3","22 de agosto de 2026 a las 4:50:00 UTC-3","boeing,speea","./explore?q=boeing&geo=US"
"bradley chubb","500+","22 de agosto de 2026 a las 16:40:00 UTC-3","22 de agosto de 2026 a las 17:50:00 UTC-3","bradley chubb","./explore?q=bradley%20chubb&geo=US"
"best buy gift card","1 mil+","22 de agosto de 2026 a las 11:00:00 UTC-3","22 de agosto de 2026 a las 13:20:00 UTC-3","best buy gift card,best buy 60th anniversary sale,best buy gift card deal","./explore?q=best%20buy%20gift%20card&geo=US"
"sonny gray","1 mil+","21 de agosto de 2026 a las 20:50:00 UTC-3","22 de agosto de 2026 a las 9:10:00 UTC-3","sonny gray","./explore?q=sonny%20gray&geo=US"
"abc st louis station switch","500+","22 de agosto de 2026 a las 6:40:00 UTC-3","22 de agosto de 2026 a las 11:40:00 UTC-3","abc st louis station switch","./explore?q=abc%20st%20louis%20station%20switch&geo=US"
"mstr stock","2 mil+","21 de agosto de 2026 a las 6:00:00 UTC-3","21 de agosto de 2026 a las 12:40:00 UTC-3","mstr stock,mstr","./explore?q=mstr%20stock&geo=US"
"posiciones de al riyadh contra al-nassr","2 mil+","21 de agosto de 2026 a las 15:10:00 UTC-3","21 de agosto de 2026 a las 18:20:00 UTC-3","posiciones de al riyadh contra al-nassr","./explore?q=posiciones%20de%20al%20riyadh%20contra%20al-nassr&geo=US"
"marseille vs strasbourg","2 mil+","21 de agosto de 2026 a las 15:10:00 UTC-3","21 de agosto de 2026 a las 18:50:00 UTC-3","marseille vs strasbourg","./explore?q=marseille%20vs%20strasbourg&geo=US"
"kaytron allen","1 mil+","22 de agosto de 2026 a las 13:50:00 UTC-3","22 de agosto de 2026 a las 14:40:00 UTC-3","kaytron allen","./explore?q=kaytron%20allen&geo=US"
"america","2 mil+","22 de agosto de 2026 a las 0:40:00 UTC-3","22 de agosto de 2026 a las 3:20:00 UTC-3","america","./explore?q=america&geo=US"
"notre dame football schedule","1 mil+","22 de agosto de 2026 a las 9:30:00 UTC-3","22 de agosto de 2026 a las 14:00:00 UTC-3","notre dame football schedule","./explore?q=notre%20dame%20football%20schedule&geo=US"
"selena gomez","1 mil+","22 de agosto de 2026 a las 3:20:00 UTC-3","22 de agosto de 2026 a las 7:00:00 UTC-3","selena gomez","./explore?q=selena%20gomez&geo=US"
"brock purdy","5 mil+","20 de agosto de 2026 a las 23:10:00 UTC-3","21 de agosto de 2026 a las 5:00:00 UTC-3","brock purdy,deebo samuel","./explore?q=brock%20purdy&geo=US"
"devon achane","200+","22 de agosto de 2026 a las 18:00:00 UTC-3","22 de agosto de 2026 a las 19:00:00 UTC-3","devon achane","./explore?q=devon%20achane&geo=US"
"steph curry","1 mil+","21 de agosto de 2026 a las 23:00:00 UTC-3","22 de agosto de 2026 a las 5:00:00 UTC-3","steph curry","./explore?q=steph%20curry&geo=US"
"nebraska volleyball schedule","2 mil+","21 de agosto de 2026 a las 19:40:00 UTC-3","22 de agosto de 2026 a las 0:40:00 UTC-3","nebraska volleyball schedule","./explore?q=nebraska%20volleyball%20schedule&geo=US"
"athletics - astros","2 mil+","21 de agosto de 2026 a las 20:50:00 UTC-3","22 de agosto de 2026 a las 1:10:00 UTC-3","athletics - astros","./explore?q=athletics%20-%20astros&geo=US"
"southampton vs stoke city","1 mil+","22 de agosto de 2026 a las 10:40:00 UTC-3","22 de agosto de 2026 a las 13:20:00 UTC-3","southampton vs stoke city","./explore?q=southampton%20vs%20stoke%20city&geo=US"
"córdoba - girona","2 mil+","21 de agosto de 2026 a las 15:20:00 UTC-3","21 de agosto de 2026 a las 19:10:00 UTC-3","córdoba - girona","./explore?q=c%C3%B3rdoba%20-%20girona&geo=US"
"pokemon firered leafgreen free celebi","2 mil+","21 de agosto de 2026 a las 7:30:00 UTC-3","22 de agosto de 2026 a las 8:20:00 UTC-3","pokemon firered leafgreen free celebi","./explore?q=pokemon%20firered%20leafgreen%20free%20celebi&geo=US"
"hiromu takahashi","2 mil+","21 de agosto de 2026 a las 22:30:00 UTC-3","22 de agosto de 2026 a las 0:50:00 UTC-3","hiromu takahashi,kyoki,kyoki wwe","./explore?q=hiromu%20takahashi&geo=US"
"simon afram netflix police report","1 mil+","22 de agosto de 2026 a las 7:30:00 UTC-3","22 de agosto de 2026 a las 12:30:00 UTC-3","simon afram netflix police report","./explore?q=simon%20afram%20netflix%20police%20report&geo=US"
"red flag (fire weather) warning","500+","22 de agosto de 2026 a las 3:50:00 UTC-3","22 de agosto de 2026 a las 7:50:00 UTC-3","red flag (fire weather) warning","./explore?q=red%20flag%20%28fire%20weather%29%20warning&geo=US"
"michelle pfeiffer","2 mil+","21 de agosto de 2026 a las 0:50:00 UTC-3","21 de agosto de 2026 a las 7:50:00 UTC-3","michelle pfeiffer","./explore?q=michelle%20pfeiffer&geo=US"
"raiders game","10 mil+","21 de agosto de 2026 a las 0:10:00 UTC-3","21 de agosto de 2026 a las 2:10:00 UTC-3","raiders game,kirk cousins,mendoza football,nfl week 1,fernando mendoza raiders rookie performance","./explore?q=raiders%20game&geo=US"
"rico dowdle","2 mil+","21 de agosto de 2026 a las 20:30:00 UTC-3","21 de agosto de 2026 a las 23:40:00 UTC-3","rico dowdle","./explore?q=rico%20dowdle&geo=US"
"galatasaray","2 mil+","21 de agosto de 2026 a las 15:20:00 UTC-3","21 de agosto de 2026 a las 18:30:00 UTC-3","galatasaray","./explore?q=galatasaray&geo=US"
"bitcoin price today","5 mil+","21 de agosto de 2026 a las 6:00:00 UTC-3","21 de agosto de 2026 a las 13:30:00 UTC-3","bitcoin price today,crypto,coin,why is crypto going up today,btc usd,bitcoin news,ibit stock,why is bitcoin going up today","./explore?q=bitcoin%20price%20today&geo=US"
"gabby williams","2 mil+","21 de agosto de 2026 a las 21:50:00 UTC-3","21 de agosto de 2026 a las 23:40:00 UTC-3","gabby williams","./explore?q=gabby%20williams&geo=US"
"jordan walker","2 mil+","21 de agosto de 2026 a las 21:20:00 UTC-3","21 de agosto de 2026 a las 23:50:00 UTC-3","jordan walker","./explore?q=jordan%20walker&geo=US"
"where is the bmw championship being played","500+","22 de agosto de 2026 a las 18:10:00 UTC-3","22 de agosto de 2026 a las 19:10:00 UTC-3","where is the bmw championship being played,bmw championship tv schedule","./explore?q=where%20is%20the%20bmw%20championship%20being%20played&geo=US"
"isla fisher","2 mil+","21 de agosto de 2026 a las 5:40:00 UTC-3","21 de agosto de 2026 a las 11:40:00 UTC-3","isla fisher,leslie mann","./explore?q=isla%20fisher&geo=US"
"astros","10 mil+","20 de agosto de 2026 a las 22:50:00 UTC-3","21 de agosto de 2026 a las 0:50:00 UTC-3","astros,houston astros","./explore?q=astros&geo=US"
"fubotv","500+","22 de agosto de 2026 a las 8:30:00 UTC-3","22 de agosto de 2026 a las 17:30:00 UTC-3","fubotv","./explore?q=fubotv&geo=US"
"haiti","2 mil+","21 de agosto de 2026 a las 7:00:00 UTC-3","21 de agosto de 2026 a las 12:50:00 UTC-3","haiti","./explore?q=haiti&geo=US"
"nilson angulo","500+","22 de agosto de 2026 a las 11:40:00 UTC-3","22 de agosto de 2026 a las 13:20:00 UTC-3","nilson angulo","./explore?q=nilson%20angulo&geo=US"
"pbs","2 mil+","21 de agosto de 2026 a las 11:40:00 UTC-3","21 de agosto de 2026 a las 17:10:00 UTC-3","pbs","./explore?q=pbs&geo=US"
"mariners game","2 mil+","22 de agosto de 2026 a las 1:00:00 UTC-3","22 de agosto de 2026 a las 3:10:00 UTC-3","mariners game,seattle mariners,mariners standings","./explore?q=mariners%20game&geo=US"
"oli mcburnie","500+","22 de agosto de 2026 a las 8:40:00 UTC-3","22 de agosto de 2026 a las 11:10:00 UTC-3","oli mcburnie","./explore?q=oli%20mcburnie&geo=US"
"mater dei football","1 mil+","22 de agosto de 2026 a las 0:40:00 UTC-3","22 de agosto de 2026 a las 5:10:00 UTC-3","mater dei football","./explore?q=mater%20dei%20football&geo=US"
"tssaa football scores","1 mil+","21 de agosto de 2026 a las 23:30:00 UTC-3","22 de agosto de 2026 a las 10:30:00 UTC-3","tssaa football scores","./explore?q=tssaa%20football%20scores&geo=US"
"tigres uanl","2 mil+","21 de agosto de 2026 a las 22:40:00 UTC-3","22 de agosto de 2026 a las 1:00:00 UTC-3","tigres uanl","./explore?q=tigres%20uanl&geo=US"
"athletic bilbao vs sevilla fc standings","500+","22 de agosto de 2026 a las 14:20:00 UTC-3","22 de agosto de 2026 a las 15:30:00 UTC-3","athletic bilbao vs sevilla fc standings,athletic bilbao","./explore?q=athletic%20bilbao%20vs%20sevilla%20fc%20standings&geo=US"
"álvaro carreras","200+","22 de agosto de 2026 a las 16:40:00 UTC-3","22 de agosto de 2026 a las 17:50:00 UTC-3","álvaro carreras","./explore?q=%C3%A1lvaro%20carreras&geo=US"
"outer banks season 5 cast","2 mil+","21 de agosto de 2026 a las 22:40:00 UTC-3","22 de agosto de 2026 a las 1:40:00 UTC-3","outer banks season 5 cast,chase stokes,rudy pankow","./explore?q=outer%20banks%20season%205%20cast&geo=US"
"national book festival","500+","22 de agosto de 2026 a las 9:50:00 UTC-3","22 de agosto de 2026 a las 12:40:00 UTC-3","national book festival","./explore?q=national%20book%20festival&geo=US"
"river cruise","2 mil+","21 de agosto de 2026 a las 1:40:00 UTC-3","21 de agosto de 2026 a las 12:20:00 UTC-3","river cruise","./explore?q=river%20cruise&geo=US"
"olivia miles","2 mil+","21 de agosto de 2026 a las 22:10:00 UTC-3","21 de agosto de 2026 a las 23:20:00 UTC-3","olivia miles,washington mystics","./explore?q=olivia%20miles&geo=US"
"severe thunderstorm watch","10 mil+","21 de agosto de 2026 a las 18:00:00 UTC-3","21 de agosto de 2026 a las 18:30:00 UTC-3","severe thunderstorm watch,weather forecast","./explore?q=severe%20thunderstorm%20watch&geo=US"
"amik robertson","500+","22 de agosto de 2026 a las 13:10:00 UTC-3","22 de agosto de 2026 a las 14:30:00 UTC-3","amik robertson","./explore?q=amik%20robertson&geo=US"
"hood stock","2 mil+","21 de agosto de 2026 a las 10:40:00 UTC-3","21 de agosto de 2026 a las 17:20:00 UTC-3","hood stock","./explore?q=hood%20stock&geo=US"
"aaron rodgers","2 mil+","21 de agosto de 2026 a las 20:40:00 UTC-3","21 de agosto de 2026 a las 23:30:00 UTC-3","aaron rodgers","./explore?q=aaron%20rodgers&geo=US"
"lake powell","2 mil+","21 de agosto de 2026 a las 14:40:00 UTC-3","21 de agosto de 2026 a las 18:20:00 UTC-3","lake powell","./explore?q=lake%20powell&geo=US"
"darryl strawberry","1 mil+","22 de agosto de 2026 a las 0:50:00 UTC-3","22 de agosto de 2026 a las 11:20:00 UTC-3","darryl strawberry","./explore?q=darryl%20strawberry&geo=US"
"lsu football schedule","500+","22 de agosto de 2026 a las 10:10:00 UTC-3","22 de agosto de 2026 a las 16:10:00 UTC-3","lsu football schedule","./explore?q=lsu%20football%20schedule&geo=US"
"isaiah bond","200+","22 de agosto de 2026 a las 15:50:00 UTC-3","22 de agosto de 2026 a las 17:00:00 UTC-3","isaiah bond","./explore?q=isaiah%20bond&geo=US"
"david e kelley","2 mil+","21 de agosto de 2026 a las 1:00:00 UTC-3","21 de agosto de 2026 a las 11:30:00 UTC-3","david e kelley,david e. kelley","./explore?q=david%20e%20kelley&geo=US"
"amad diallo","500+","22 de agosto de 2026 a las 8:10:00 UTC-3","22 de agosto de 2026 a las 10:40:00 UTC-3","amad diallo","./explore?q=amad%20diallo&geo=US"
"max holloway","1 mil+","22 de agosto de 2026 a las 1:50:00 UTC-3","22 de agosto de 2026 a las 7:10:00 UTC-3","max holloway,max holloway comments on conor mcgregor","./explore?q=max%20holloway&geo=US"
"al pacino","1 mil+","21 de agosto de 2026 a las 21:50:00 UTC-3","22 de agosto de 2026 a las 1:50:00 UTC-3","al pacino","./explore?q=al%20pacino&geo=US"
"mariners score","2 mil+","22 de agosto de 2026 a las 1:00:00 UTC-3","22 de agosto de 2026 a las 3:20:00 UTC-3","mariners score,alex bregman","./explore?q=mariners%20score&geo=US"
"comeback","2 mil+","21 de agosto de 2026 a las 7:00:00 UTC-3","21 de agosto de 2026 a las 13:00:00 UTC-3","comeback","./explore?q=comeback&geo=US"
"frankie muniz","500+","22 de agosto de 2026 a las 15:00:00 UTC-3","22 de agosto de 2026 a las 16:20:00 UTC-3","frankie muniz","./explore?q=frankie%20muniz&geo=US"
"de'zhaun stribling","2 mil+","20 de agosto de 2026 a las 23:30:00 UTC-3","21 de agosto de 2026 a las 3:30:00 UTC-3","de'zhaun stribling,stribling,stribling 49ers","./explore?q=de%27zhaun%20stribling&geo=US"
"riley moss","1 mil+","21 de agosto de 2026 a las 22:20:00 UTC-3","22 de agosto de 2026 a las 2:10:00 UTC-3","riley moss","./explore?q=riley%20moss&geo=US"
"data center","500+","22 de agosto de 2026 a las 8:10:00 UTC-3","22 de agosto de 2026 a las 10:20:00 UTC-3","data center","./explore?q=data%20center&geo=US"
"fantasy premier league","2 mil+","21 de agosto de 2026 a las 10:00:00 UTC-3","21 de agosto de 2026 a las 15:50:00 UTC-3","fantasy premier league,fpl","./explore?q=fantasy%20premier%20league&geo=US"
"jonas brothers burnin up tour","2 mil+","20 de agosto de 2026 a las 23:40:00 UTC-3","21 de agosto de 2026 a las 12:20:00 UTC-3","jonas brothers burnin up tour,jonas brothers setlist","./explore?q=jonas%20brothers%20burnin%20up%20tour&geo=US"
"liv golf indianapolis","500+","22 de agosto de 2026 a las 12:50:00 UTC-3","22 de agosto de 2026 a las 14:40:00 UTC-3","liv golf indianapolis","./explore?q=liv%20golf%20indianapolis&geo=US"
"joe thomas","500+","22 de agosto de 2026 a las 15:50:00 UTC-3","22 de agosto de 2026 a las 16:50:00 UTC-3","joe thomas","./explore?q=joe%20thomas&geo=US"
"tai felton","500+","22 de agosto de 2026 a las 14:40:00 UTC-3","22 de agosto de 2026 a las 15:50:00 UTC-3","tai felton","./explore?q=tai%20felton&geo=US"
"jordan watkins","2 mil+","21 de agosto de 2026 a las 0:40:00 UTC-3","21 de agosto de 2026 a las 8:40:00 UTC-3","jordan watkins,49ers depth chart","./explore?q=jordan%20watkins&geo=US"
"jonathon brooks","2 mil+","21 de agosto de 2026 a las 21:00:00 UTC-3","22 de agosto de 2026 a las 0:10:00 UTC-3","jonathon brooks,jonathan brooks","./explore?q=jonathon%20brooks&geo=US"
"toronto tempo","1 mil+","21 de agosto de 2026 a las 23:30:00 UTC-3","22 de agosto de 2026 a las 2:10:00 UTC-3","toronto tempo","./explore?q=toronto%20tempo&geo=US"
"wnba scores","5 mil+","20 de agosto de 2026 a las 23:10:00 UTC-3","21 de agosto de 2026 a las 7:20:00 UTC-3","wnba scores,atlanta dream,angel reese stats","./explore?q=wnba%20scores&geo=US"
"blackburn rovers vs middlesbrough","500+","22 de agosto de 2026 a las 10:30:00 UTC-3","22 de agosto de 2026 a las 12:30:00 UTC-3","blackburn rovers vs middlesbrough","./explore?q=blackburn%20rovers%20vs%20middlesbrough&geo=US"
"browns depth chart","200+","22 de agosto de 2026 a las 15:40:00 UTC-3","22 de agosto de 2026 a las 16:40:00 UTC-3","browns depth chart","./explore?q=browns%20depth%20chart&geo=US"
"rory mcilroy family and golf balance","1 mil+","21 de agosto de 2026 a las 18:00:00 UTC-3","21 de agosto de 2026 a las 21:10:00 UTC-3","rory mcilroy family and golf balance","./explore?q=rory%20mcilroy%20family%20and%20golf%20balance&geo=US"
"kat dennings","500+","22 de agosto de 2026 a las 7:00:00 UTC-3","22 de agosto de 2026 a las 10:20:00 UTC-3","kat dennings","./explore?q=kat%20dennings&geo=US"
"massillon football","1 mil+","21 de agosto de 2026 a las 20:50:00 UTC-3","22 de agosto de 2026 a las 0:50:00 UTC-3","massillon football","./explore?q=massillon%20football&geo=US"
"ty france","1 mil+","21 de agosto de 2026 a las 23:00:00 UTC-3","22 de agosto de 2026 a las 2:00:00 UTC-3","ty france,twins - padres","./explore?q=ty%20france&geo=US"
"querétaro f.c. vs toluca fc standings","1 mil+","22 de agosto de 2026 a las 2:30:00 UTC-3","22 de agosto de 2026 a las 7:40:00 UTC-3","querétaro f.c. vs toluca fc standings","./explore?q=quer%C3%A9taro%20f.c.%20vs%20toluca%20fc%20standings&geo=US"
"john metchie iii","1 mil+","21 de agosto de 2026 a las 22:50:00 UTC-3","22 de agosto de 2026 a las 2:00:00 UTC-3","john metchie iii","./explore?q=john%20metchie%20iii&geo=US"
"michael cammarata","500+","22 de agosto de 2026 a las 13:10:00 UTC-3","22 de agosto de 2026 a las 14:10:00 UTC-3","michael cammarata","./explore?q=michael%20cammarata&geo=US"
"importación","2 mil+","21 de agosto de 2026 a las 14:30:00 UTC-3","21 de agosto de 2026 a las 20:20:00 UTC-3","importación","./explore?q=importaci%C3%B3n&geo=US"
"orioles game today","1 mil+","21 de agosto de 2026 a las 20:10:00 UTC-3","21 de agosto de 2026 a las 23:30:00 UTC-3","orioles game today","./explore?q=orioles%20game%20today&geo=US"
"trey moore","200+","22 de agosto de 2026 a las 17:30:00 UTC-3","22 de agosto de 2026 a las 18:20:00 UTC-3","trey moore","./explore?q=trey%20moore&geo=US"
"ethan burke","200+","22 de agosto de 2026 a las 16:50:00 UTC-3","22 de agosto de 2026 a las 17:50:00 UTC-3","ethan burke","./explore?q=ethan%20burke&geo=US"
"dc weather","500+","22 de agosto de 2026 a las 8:30:00 UTC-3","22 de agosto de 2026 a las 10:50:00 UTC-3","dc weather,weather dc","./explore?q=dc%20weather&geo=US"
"alianza - olimpia","1 mil+","21 de agosto de 2026 a las 4:40:00 UTC-3","21 de agosto de 2026 a las 10:10:00 UTC-3","alianza - olimpia","./explore?q=alianza%20-%20olimpia&geo=US"
"tyler huntley","500+","22 de agosto de 2026 a las 14:50:00 UTC-3","22 de agosto de 2026 a las 15:40:00 UTC-3","tyler huntley","./explore?q=tyler%20huntley&geo=US"
"wind advisory","2 mil+","21 de agosto de 2026 a las 17:00:00 UTC-3","21 de agosto de 2026 a las 21:20:00 UTC-3","wind advisory","./explore?q=wind%20advisory&geo=US"
"ismaila sarr","500+","22 de agosto de 2026 a las 10:30:00 UTC-3","22 de agosto de 2026 a las 12:20:00 UTC-3","ismaila sarr","./explore?q=ismaila%20sarr&geo=US"
"liv golf news","500+","22 de agosto de 2026 a las 9:20:00 UTC-3","22 de agosto de 2026 a las 11:20:00 UTC-3","liv golf news","./explore?q=liv%20golf%20news&geo=US"
"costco offering medicare advantage plans","500+","22 de agosto de 2026 a las 11:30:00 UTC-3","22 de agosto de 2026 a las 13:40:00 UTC-3","costco offering medicare advantage plans","./explore?q=costco%20offering%20medicare%20advantage%20plans&geo=US"
"dodgers score","2 mil+","22 de agosto de 2026 a las 2:20:00 UTC-3","22 de agosto de 2026 a las 3:30:00 UTC-3","dodgers score,dodger game today,dodger score","./explore?q=dodgers%20score&geo=US"
"mateus fernandes","200+","22 de agosto de 2026 a las 14:30:00 UTC-3","22 de agosto de 2026 a las 15:40:00 UTC-3","mateus fernandes","./explore?q=mateus%20fernandes&geo=US"
"charlotte weather","2 mil+","21 de agosto de 2026 a las 1:20:00 UTC-3","21 de agosto de 2026 a las 18:00:00 UTC-3","charlotte weather","./explore?q=charlotte%20weather&geo=US"
"penn state football","1 mil+","22 de agosto de 2026 a las 8:40:00 UTC-3","22 de agosto de 2026 a las 11:30:00 UTC-3","penn state football","./explore?q=penn%20state%20football&geo=US"
"kaleb johnson","1 mil+","21 de agosto de 2026 a las 21:50:00 UTC-3","22 de agosto de 2026 a las 0:50:00 UTC-3","kaleb johnson","./explore?q=kaleb%20johnson&geo=US"
"boston weather","2 mil+","21 de agosto de 2026 a las 7:20:00 UTC-3","21 de agosto de 2026 a las 10:50:00 UTC-3","boston weather,weather boston","./explore?q=boston%20weather&geo=US"
"khsaa scoreboard","500+","21 de agosto de 2026 a las 23:20:00 UTC-3","22 de agosto de 2026 a las 9:50:00 UTC-3","khsaa scoreboard","./explore?q=khsaa%20scoreboard&geo=US"
"max muncy","2 mil+","21 de agosto de 2026 a las 23:50:00 UTC-3","22 de agosto de 2026 a las 1:10:00 UTC-3","max muncy","./explore?q=max%20muncy&geo=US"
"tony","1 mil+","21 de agosto de 2026 a las 20:00:00 UTC-3","22 de agosto de 2026 a las 3:20:00 UTC-3","tony","./explore?q=tony&geo=US"
"sarah paulson","2 mil+","20 de agosto de 2026 a las 22:50:00 UTC-3","21 de agosto de 2026 a las 10:10:00 UTC-3","sarah paulson","./explore?q=sarah%20paulson&geo=US"
"justin herbert","2 mil+","20 de agosto de 2026 a las 23:10:00 UTC-3","21 de agosto de 2026 a las 4:20:00 UTC-3","justin herbert","./explore?q=justin%20herbert&geo=US"
"jean smart","1 mil+","22 de agosto de 2026 a las 1:00:00 UTC-3","22 de agosto de 2026 a las 2:20:00 UTC-3","jean smart","./explore?q=jean%20smart&geo=US"
"weather cleveland","200+","22 de agosto de 2026 a las 18:40:00 UTC-3","22 de agosto de 2026 a las 19:10:00 UTC-3","weather cleveland","./explore?q=weather%20cleveland&geo=US"
"eintracht trier vs rb leipzig","500+","22 de agosto de 2026 a las 12:40:00 UTC-3","22 de agosto de 2026 a las 15:20:00 UTC-3","eintracht trier vs rb leipzig","./explore?q=eintracht%20trier%20vs%20rb%20leipzig&geo=US"
"jimmy horn jr.","1 mil+","21 de agosto de 2026 a las 21:50:00 UTC-3","22 de agosto de 2026 a las 0:30:00 UTC-3","jimmy horn jr.","./explore?q=jimmy%20horn%20jr.&geo=US"
"usain bolt","200+","22 de agosto de 2026 a las 15:50:00 UTC-3","22 de agosto de 2026 a las 16:50:00 UTC-3","usain bolt","./explore?q=usain%20bolt&geo=US"
"álex calatrava","200+","22 de agosto de 2026 a las 17:30:00 UTC-3","22 de agosto de 2026 a las 18:10:00 UTC-3","álex calatrava","./explore?q=%C3%A1lex%20calatrava&geo=US"
"xst stock","1 mil+","21 de agosto de 2026 a las 2:20:00 UTC-3","21 de agosto de 2026 a las 8:40:00 UTC-3","xst stock","./explore?q=xst%20stock&geo=US"
"san andreas fault","1 mil+","22 de agosto de 2026 a las 2:30:00 UTC-3","22 de agosto de 2026 a las 5:20:00 UTC-3","san andreas fault","./explore?q=san%20andreas%20fault&geo=US"
"haji wright","1 mil+","21 de agosto de 2026 a las 15:30:00 UTC-3","21 de agosto de 2026 a las 18:20:00 UTC-3","haji wright","./explore?q=haji%20wright&geo=US"
"friday night lights","1 mil+","21 de agosto de 2026 a las 22:30:00 UTC-3","22 de agosto de 2026 a las 1:50:00 UTC-3","friday night lights","./explore?q=friday%20night%20lights&geo=US"
"song","2 mil+","22 de agosto de 2026 a las 12:10:00 UTC-3","22 de agosto de 2026 a las 13:30:00 UTC-3","song,rosie o'donnell","./explore?q=song&geo=US"
"dp world tour","1 mil+","22 de agosto de 2026 a las 9:30:00 UTC-3","22 de agosto de 2026 a las 12:10:00 UTC-3","dp world tour","./explore?q=dp%20world%20tour&geo=US"
"securities fraud","2 mil+","21 de agosto de 2026 a las 9:30:00 UTC-3","21 de agosto de 2026 a las 12:20:00 UTC-3","securities fraud","./explore?q=securities%20fraud&geo=US"
"little league world series schedule change","500+","22 de agosto de 2026 a las 10:40:00 UTC-3","22 de agosto de 2026 a las 12:10:00 UTC-3","little league world series schedule change","./explore?q=little%20league%20world%20series%20schedule%20change&geo=US"
"alianza atlético - sporting cristal","2 mil+","21 de agosto de 2026 a las 16:50:00 UTC-3","21 de agosto de 2026 a las 20:00:00 UTC-3","alianza atlético - sporting cristal,alianza atlético vs sporting cristal,posiciones de alianza atlético contra sporting cristal","./explore?q=alianza%20atl%C3%A9tico%20-%20sporting%20cristal&geo=US"
"usa","2 mil+","21 de agosto de 2026 a las 15:40:00 UTC-3","21 de agosto de 2026 a las 17:40:00 UTC-3","usa,darlene graham","./explore?q=usa&geo=US"
"openai","2 mil+","21 de agosto de 2026 a las 4:50:00 UTC-3","21 de agosto de 2026 a las 7:40:00 UTC-3","openai","./explore?q=openai&geo=US"
"charlotte weather","500+","22 de agosto de 2026 a las 8:30:00 UTC-3","22 de agosto de 2026 a las 11:00:00 UTC-3","charlotte weather","./explore?q=charlotte%20weather&geo=US"
"rangers","2 mil+","22 de agosto de 2026 a las 0:20:00 UTC-3","22 de agosto de 2026 a las 1:30:00 UTC-3","rangers,rangers game today,rangers game","./explore?q=rangers&geo=US"
"córdoba vs girona","1 mil+","21 de agosto de 2026 a las 15:40:00 UTC-3","21 de agosto de 2026 a las 19:00:00 UTC-3","córdoba vs girona","./explore?q=c%C3%B3rdoba%20vs%20girona&geo=US"
"trevor lawrence","1 mil+","21 de agosto de 2026 a las 20:50:00 UTC-3","21 de agosto de 2026 a las 23:40:00 UTC-3","trevor lawrence","./explore?q=trevor%20lawrence&geo=US"
"mamdani pied-à-terre tax rollout","1 mil+","21 de agosto de 2026 a las 8:20:00 UTC-3","21 de agosto de 2026 a las 12:30:00 UTC-3","mamdani pied-à-terre tax rollout","./explore?q=mamdani%20pied-%C3%A0-terre%20tax%20rollout&geo=US"
"bubba chandler","1 mil+","21 de agosto de 2026 a las 23:10:00 UTC-3","22 de agosto de 2026 a las 1:30:00 UTC-3","bubba chandler","./explore?q=bubba%20chandler&geo=US"
"fábio silva","200+","22 de agosto de 2026 a las 17:30:00 UTC-3","22 de agosto de 2026 a las 18:10:00 UTC-3","fábio silva","./explore?q=f%C3%A1bio%20silva&geo=US"
"power outage seattle","200+","22 de agosto de 2026 a las 14:40:00 UTC-3","22 de agosto de 2026 a las 15:30:00 UTC-3","power outage seattle","./explore?q=power%20outage%20seattle&geo=US"
"brooke baldwin","500+","22 de agosto de 2026 a las 8:10:00 UTC-3","22 de agosto de 2026 a las 11:20:00 UTC-3","brooke baldwin","./explore?q=brooke%20baldwin&geo=US"
"space x","1 mil+","22 de agosto de 2026 a las 6:50:00 UTC-3","22 de agosto de 2026 a las 8:40:00 UTC-3","space x","./explore?q=space%20x&geo=US"
"matthew mcconaughey","1 mil+","22 de agosto de 2026 a las 1:00:00 UTC-3","22 de agosto de 2026 a las 2:10:00 UTC-3","matthew mcconaughey","./explore?q=matthew%20mcconaughey&geo=US"
"shawn hatosy","1 mil+","21 de agosto de 2026 a las 1:00:00 UTC-3","21 de agosto de 2026 a las 8:00:00 UTC-3","shawn hatosy","./explore?q=shawn%20hatosy&geo=US"
"dólar estadounidense","2 mil+","20 de agosto de 2026 a las 22:40:00 UTC-3","21 de agosto de 2026 a las 8:40:00 UTC-3","dólar estadounidense","./explore?q=d%C3%B3lar%20estadounidense&geo=US"
"地震","200+","22 de agosto de 2026 a las 14:20:00 UTC-3","22 de agosto de 2026 a las 15:10:00 UTC-3","地震","./explore?q=%E5%9C%B0%E9%9C%87&geo=US"
"current events","1 mil+","21 de agosto de 2026 a las 10:20:00 UTC-3","21 de agosto de 2026 a las 15:00:00 UTC-3","current events","./explore?q=current%20events&geo=US"
"matthew boyd","1 mil+","21 de agosto de 2026 a las 23:20:00 UTC-3","22 de agosto de 2026 a las 1:20:00 UTC-3","matthew boyd,craig counsell","./explore?q=matthew%20boyd&geo=US"
"luis arráez","1 mil+","21 de agosto de 2026 a las 21:00:00 UTC-3","22 de agosto de 2026 a las 0:20:00 UTC-3","luis arráez","./explore?q=luis%20arr%C3%A1ez&geo=US"
"christian hursey","1 mil+","21 de agosto de 2026 a las 16:10:00 UTC-3","21 de agosto de 2026 a las 19:10:00 UTC-3","christian hursey","./explore?q=christian%20hursey&geo=US"
"cruise ship overboard rescue dundee","1 mil+","21 de agosto de 2026 a las 11:30:00 UTC-3","21 de agosto de 2026 a las 14:20:00 UTC-3","cruise ship overboard rescue dundee","./explore?q=cruise%20ship%20overboard%20rescue%20dundee&geo=US"
"chase stokes","1 mil+","22 de agosto de 2026 a las 0:00:00 UTC-3","22 de agosto de 2026 a las 2:00:00 UTC-3","chase stokes","./explore?q=chase%20stokes&geo=US"
"tomoko akane","1 mil+","20 de agosto de 2026 a las 23:10:00 UTC-3","21 de agosto de 2026 a las 10:10:00 UTC-3","tomoko akane","./explore?q=tomoko%20akane&geo=US"
"raúl jiménez","200+","22 de agosto de 2026 a las 13:10:00 UTC-3","22 de agosto de 2026 a las 14:10:00 UTC-3","raúl jiménez","./explore?q=ra%C3%BAl%20jim%C3%A9nez&geo=US"
"marseille fc","1 mil+","21 de agosto de 2026 a las 16:00:00 UTC-3","21 de agosto de 2026 a las 18:40:00 UTC-3","marseille fc","./explore?q=marseille%20fc&geo=US"
"jimmy tatro","1 mil+","21 de agosto de 2026 a las 15:20:00 UTC-3","21 de agosto de 2026 a las 18:20:00 UTC-3","jimmy tatro","./explore?q=jimmy%20tatro&geo=US"
"hull city owner","500+","22 de agosto de 2026 a las 10:20:00 UTC-3","22 de agosto de 2026 a las 11:30:00 UTC-3","hull city owner,hull city manager","./explore?q=hull%20city%20owner&geo=US"
"bkfc","1 mil+","21 de agosto de 2026 a las 19:50:00 UTC-3","21 de agosto de 2026 a las 22:30:00 UTC-3","bkfc","./explore?q=bkfc&geo=US"
"jaden bradley","200+","22 de agosto de 2026 a las 15:00:00 UTC-3","22 de agosto de 2026 a las 15:50:00 UTC-3","jaden bradley","./explore?q=jaden%20bradley&geo=US"
"cal raleigh","2 mil+","22 de agosto de 2026 a las 0:20:00 UTC-3","22 de agosto de 2026 a las 2:30:00 UTC-3","cal raleigh","./explore?q=cal%20raleigh&geo=US"
"mohamed belloumi","200+","22 de agosto de 2026 a las 9:00:00 UTC-3","22 de agosto de 2026 a las 10:50:00 UTC-3","mohamed belloumi","./explore?q=mohamed%20belloumi&geo=US"
"the rock","200+","22 de agosto de 2026 a las 13:30:00 UTC-3","22 de agosto de 2026 a las 14:40:00 UTC-3","the rock","./explore?q=the%20rock&geo=US"
"ross stores q2 sales growth","1 mil+","21 de agosto de 2026 a las 20:30:00 UTC-3","22 de agosto de 2026 a las 1:20:00 UTC-3","ross stores q2 sales growth","./explore?q=ross%20stores%20q2%20sales%20growth&geo=US"
"max prep football","1 mil+","21 de agosto de 2026 a las 21:50:00 UTC-3","22 de agosto de 2026 a las 0:20:00 UTC-3","max prep football,maxprep","./explore?q=max%20prep%20football&geo=US"
"mike johnson tom kean fundraiser","500+","22 de agosto de 2026 a las 10:00:00 UTC-3","22 de agosto de 2026 a las 12:10:00 UTC-3","mike johnson tom kean fundraiser","./explore?q=mike%20johnson%20tom%20kean%20fundraiser&geo=US"
"aneesah morrow","1 mil+","21 de agosto de 2026 a las 23:50:00 UTC-3","22 de agosto de 2026 a las 1:40:00 UTC-3","aneesah morrow","./explore?q=aneesah%20morrow&geo=US"
"nick folk","200+","22 de agosto de 2026 a las 14:30:00 UTC-3","22 de agosto de 2026 a las 15:20:00 UTC-3","nick folk","./explore?q=nick%20folk&geo=US"
"jfk airport flight disruptions today","1 mil+","21 de agosto de 2026 a las 18:10:00 UTC-3","21 de agosto de 2026 a las 20:40:00 UTC-3","jfk airport flight disruptions today","./explore?q=jfk%20airport%20flight%20disruptions%20today&geo=US"
"alex jones","500+","21 de agosto de 2026 a las 13:50:00 UTC-3","22 de agosto de 2026 a las 11:10:00 UTC-3","alex jones","./explore?q=alex%20jones&geo=US"
"aaron blevins jennings county","200+","22 de agosto de 2026 a las 8:20:00 UTC-3","22 de agosto de 2026 a las 10:50:00 UTC-3","aaron blevins jennings county","./explore?q=aaron%20blevins%20jennings%20county&geo=US"
"phil handy","1 mil+","21 de agosto de 2026 a las 17:00:00 UTC-3","21 de agosto de 2026 a las 20:00:00 UTC-3","phil handy","./explore?q=phil%20handy&geo=US"
"venezuela","1 mil+","21 de agosto de 2026 a las 7:30:00 UTC-3","21 de agosto de 2026 a las 11:40:00 UTC-3","venezuela","./explore?q=venezuela&geo=US"
"nfl top 100","1 mil+","21 de agosto de 2026 a las 12:40:00 UTC-3","21 de agosto de 2026 a las 15:40:00 UTC-3","nfl top 100","./explore?q=nfl%20top%20100&geo=US"
"craig reynolds","200+","22 de agosto de 2026 a las 13:40:00 UTC-3","22 de agosto de 2026 a las 14:40:00 UTC-3","craig reynolds","./explore?q=craig%20reynolds&geo=US"
"amber alert california","500+","22 de agosto de 2026 a las 11:20:00 UTC-3","22 de agosto de 2026 a las 12:20:00 UTC-3","amber alert california,amber alert","./explore?q=amber%20alert%20california&geo=US"
"shea lacey","500+","22 de agosto de 2026 a las 10:00:00 UTC-3","22 de agosto de 2026 a las 11:20:00 UTC-3","shea lacey","./explore?q=shea%20lacey&geo=US"
"sc high school football scores","500+","21 de agosto de 2026 a las 23:00:00 UTC-3","22 de agosto de 2026 a las 9:40:00 UTC-3","sc high school football scores","./explore?q=sc%20high%20school%20football%20scores&geo=US"
"hyperliquid","500+","22 de agosto de 2026 a las 1:50:00 UTC-3","22 de agosto de 2026 a las 7:40:00 UTC-3","hyperliquid","./explore?q=hyperliquid&geo=US"
"cameroon","1 mil+","21 de agosto de 2026 a las 8:10:00 UTC-3","21 de agosto de 2026 a las 12:20:00 UTC-3","cameroon","./explore?q=cameroon&geo=US"
"méxico","1 mil+","21 de agosto de 2026 a las 0:30:00 UTC-3","21 de agosto de 2026 a las 22:00:00 UTC-3","méxico","./explore?q=m%C3%A9xico&geo=US"
"gasoline","500+","22 de agosto de 2026 a las 10:30:00 UTC-3","22 de agosto de 2026 a las 11:50:00 UTC-3","gasoline","./explore?q=gasoline&geo=US"
"dylan laube","2 mil+","20 de agosto de 2026 a las 23:00:00 UTC-3","21 de agosto de 2026 a las 1:40:00 UTC-3","dylan laube,laube raiders","./explore?q=dylan%20laube&geo=US"
"fubo","500+","22 de agosto de 2026 a las 8:30:00 UTC-3","22 de agosto de 2026 a las 9:30:00 UTC-3","fubo","./explore?q=fubo&geo=US"
"bills depth chart","200+","22 de agosto de 2026 a las 16:00:00 UTC-3","22 de agosto de 2026 a las 16:40:00 UTC-3","bills depth chart","./explore?q=bills%20depth%20chart&geo=US"
"new york times games","1 mil+","21 de agosto de 2026 a las 10:30:00 UTC-3","21 de agosto de 2026 a las 13:20:00 UTC-3","new york times games,nytimes connections","./explore?q=new%20york%20times%20games&geo=US"
"martín pérez","200+","22 de agosto de 2026 a las 16:00:00 UTC-3","22 de agosto de 2026 a las 16:40:00 UTC-3","martín pérez","./explore?q=mart%C3%ADn%20p%C3%A9rez&geo=US"
"darnell washington","1 mil+","21 de agosto de 2026 a las 20:50:00 UTC-3","21 de agosto de 2026 a las 22:50:00 UTC-3","darnell washington","./explore?q=darnell%20washington&geo=US"
"trinity high school","1 mil+","21 de agosto de 2026 a las 18:20:00 UTC-3","21 de agosto de 2026 a las 20:10:00 UTC-3","trinity high school","./explore?q=trinity%20high%20school&geo=US"
"luke weaver","500+","22 de agosto de 2026 a las 1:40:00 UTC-3","22 de agosto de 2026 a las 3:00:00 UTC-3","luke weaver","./explore?q=luke%20weaver&geo=US"
"democratic socialists of america","1 mil+","21 de agosto de 2026 a las 16:00:00 UTC-3","21 de agosto de 2026 a las 17:40:00 UTC-3","democratic socialists of america","./explore?q=democratic%20socialists%20of%20america&geo=US"
"carnegie deli reopening manhattan 7th avenue","200+","22 de agosto de 2026 a las 9:10:00 UTC-3","22 de agosto de 2026 a las 11:10:00 UTC-3","carnegie deli reopening manhattan 7th avenue","./explore?q=carnegie%20deli%20reopening%20manhattan%207th%20avenue&geo=US"
"champs elysees","1 mil+","21 de agosto de 2026 a las 6:40:00 UTC-3","21 de agosto de 2026 a las 11:40:00 UTC-3","champs elysees","./explore?q=champs%20elysees&geo=US"
"homicide","1 mil+","21 de agosto de 2026 a las 3:10:00 UTC-3","21 de agosto de 2026 a las 5:00:00 UTC-3","homicide","./explore?q=homicide&geo=US"
"mama june","1 mil+","21 de agosto de 2026 a las 6:20:00 UTC-3","21 de agosto de 2026 a las 11:10:00 UTC-3","mama june","./explore?q=mama%20june&geo=US"
"thomas castellanos","1 mil+","21 de agosto de 2026 a las 17:40:00 UTC-3","21 de agosto de 2026 a las 20:00:00 UTC-3","thomas castellanos","./explore?q=thomas%20castellanos&geo=US"
"irad ortiz jr off mounts","1 mil+","21 de agosto de 2026 a las 13:50:00 UTC-3","21 de agosto de 2026 a las 17:10:00 UTC-3","irad ortiz jr off mounts","./explore?q=irad%20ortiz%20jr%20off%20mounts&geo=US"
"tornado wilmington nc","1 mil+","21 de agosto de 2026 a las 17:30:00 UTC-3","21 de agosto de 2026 a las 19:00:00 UTC-3","tornado wilmington nc","./explore?q=tornado%20wilmington%20nc&geo=US"
"franklin sports badminton lawsuit maine","1 mil+","21 de agosto de 2026 a las 1:30:00 UTC-3","21 de agosto de 2026 a las 10:50:00 UTC-3","franklin sports badminton lawsuit maine","./explore?q=franklin%20sports%20badminton%20lawsuit%20maine&geo=US"
"genesis gv90 price","1 mil+","21 de agosto de 2026 a las 1:10:00 UTC-3","21 de agosto de 2026 a las 10:30:00 UTC-3","genesis gv90 price","./explore?q=genesis%20gv90%20price&geo=US"
"pirates score","200+","22 de agosto de 2026 a las 7:40:00 UTC-3","22 de agosto de 2026 a las 9:50:00 UTC-3","pirates score","./explore?q=pirates%20score&geo=US"
"vaccinations","2 mil+","20 de agosto de 2026 a las 23:40:00 UTC-3","21 de agosto de 2026 a las 1:00:00 UTC-3","vaccinations,vaccines,cancer vaccine","./explore?q=vaccinations&geo=US"
"paul rudd","1 mil+","21 de agosto de 2026 a las 1:30:00 UTC-3","21 de agosto de 2026 a las 7:40:00 UTC-3","paul rudd","./explore?q=paul%20rudd&geo=US"
"david harbour avengers doomsday spoiler","1 mil+","21 de agosto de 2026 a las 17:40:00 UTC-3","21 de agosto de 2026 a las 19:50:00 UTC-3","david harbour avengers doomsday spoiler","./explore?q=david%20harbour%20avengers%20doomsday%20spoiler&geo=US"
"theft","1 mil+","21 de agosto de 2026 a las 7:50:00 UTC-3","21 de agosto de 2026 a las 11:10:00 UTC-3","theft","./explore?q=theft&geo=US"
"todays weather","200+","22 de agosto de 2026 a las 7:10:00 UTC-3","22 de agosto de 2026 a las 9:20:00 UTC-3","todays weather","./explore?q=todays%20weather&geo=US"
"goldendoodle","200+","22 de agosto de 2026 a las 18:10:00 UTC-3","22 de agosto de 2026 a las 18:30:00 UTC-3","goldendoodle","./explore?q=goldendoodle&geo=US"
"miguel vargas","1 mil+","21 de agosto de 2026 a las 22:50:00 UTC-3","22 de agosto de 2026 a las 0:20:00 UTC-3","miguel vargas","./explore?q=miguel%20vargas&geo=US"
"emerson hancock","500+","21 de agosto de 2026 a las 23:20:00 UTC-3","22 de agosto de 2026 a las 1:20:00 UTC-3","emerson hancock","./explore?q=emerson%20hancock&geo=US"
"nexo championship","500+","22 de agosto de 2026 a las 9:40:00 UTC-3","22 de agosto de 2026 a las 13:40:00 UTC-3","nexo championship","./explore?q=nexo%20championship&geo=US"
"millwall vs norwich city","200+","22 de agosto de 2026 a las 9:00:00 UTC-3","22 de agosto de 2026 a las 10:50:00 UTC-3","millwall vs norwich city","./explore?q=millwall%20vs%20norwich%20city&geo=US"
"karate","1 mil+","21 de agosto de 2026 a las 8:10:00 UTC-3","21 de agosto de 2026 a las 11:40:00 UTC-3","karate","./explore?q=karate&geo=US"
"equifax 100 million fcra settlement","1 mil+","21 de agosto de 2026 a las 15:30:00 UTC-3","21 de agosto de 2026 a las 18:20:00 UTC-3","equifax 100 million fcra settlement","./explore?q=equifax%20100%20million%20fcra%20settlement&geo=US"
"margot robbie","200+","22 de agosto de 2026 a las 4:40:00 UTC-3","22 de agosto de 2026 a las 7:40:00 UTC-3","margot robbie","./explore?q=margot%20robbie&geo=US"
"bridget carleton","1 mil+","21 de agosto de 2026 a las 23:30:00 UTC-3","22 de agosto de 2026 a las 1:20:00 UTC-3","bridget carleton","./explore?q=bridget%20carleton&geo=US"
"frank lampard","1 mil+","21 de agosto de 2026 a las 16:10:00 UTC-3","21 de agosto de 2026 a las 18:50:00 UTC-3","frank lampard","./explore?q=frank%20lampard&geo=US"
"padres score","500+","22 de agosto de 2026 a las 0:10:00 UTC-3","22 de agosto de 2026 a las 1:50:00 UTC-3","padres score","./explore?q=padres%20score&geo=US"
"aroldis chapman","1 mil+","21 de agosto de 2026 a las 22:50:00 UTC-3","22 de agosto de 2026 a las 0:10:00 UTC-3","aroldis chapman","./explore?q=aroldis%20chapman&geo=US"
"baylor genetics","1 mil+","21 de agosto de 2026 a las 8:30:00 UTC-3","21 de agosto de 2026 a las 10:40:00 UTC-3","baylor genetics","./explore?q=baylor%20genetics&geo=US"
"arizona diamondbacks","500+","22 de agosto de 2026 a las 1:30:00 UTC-3","22 de agosto de 2026 a las 2:30:00 UTC-3","arizona diamondbacks,casino","./explore?q=arizona%20diamondbacks&geo=US"
"nick mullens","1 mil+","21 de agosto de 2026 a las 21:00:00 UTC-3","21 de agosto de 2026 a las 22:40:00 UTC-3","nick mullens","./explore?q=nick%20mullens&geo=US"
"irumudi movie","1 mil+","20 de agosto de 2026 a las 23:50:00 UTC-3","21 de agosto de 2026 a las 4:20:00 UTC-3","irumudi movie","./explore?q=irumudi%20movie&geo=US"
"nicole williams english","1 mil+","21 de agosto de 2026 a las 10:30:00 UTC-3","21 de agosto de 2026 a las 12:40:00 UTC-3","nicole williams english","./explore?q=nicole%20williams%20english&geo=US"
"dogecoin","500+","21 de agosto de 2026 a las 19:00:00 UTC-3","22 de agosto de 2026 a las 3:00:00 UTC-3","dogecoin","./explore?q=dogecoin&geo=US"
"solana price","500+","22 de agosto de 2026 a las 1:40:00 UTC-3","22 de agosto de 2026 a las 3:40:00 UTC-3","solana price","./explore?q=solana%20price&geo=US"
"ryan clark","1 mil+","21 de agosto de 2026 a las 21:00:00 UTC-3","21 de agosto de 2026 a las 22:10:00 UTC-3","ryan clark","./explore?q=ryan%20clark&geo=US"
"tornado warning wilmington nc","1 mil+","21 de agosto de 2026 a las 17:40:00 UTC-3","21 de agosto de 2026 a las 18:50:00 UTC-3","tornado warning wilmington nc,wilmington nc weather","./explore?q=tornado%20warning%20wilmington%20nc&geo=US"
"harry wilson","200+","22 de agosto de 2026 a las 11:20:00 UTC-3","22 de agosto de 2026 a las 12:30:00 UTC-3","harry wilson","./explore?q=harry%20wilson&geo=US"
"bo bichette","1 mil+","21 de agosto de 2026 a las 22:20:00 UTC-3","21 de agosto de 2026 a las 23:40:00 UTC-3","bo bichette","./explore?q=bo%20bichette&geo=US"
"nl east standings","500+","21 de agosto de 2026 a las 23:20:00 UTC-3","22 de agosto de 2026 a las 8:50:00 UTC-3","nl east standings","./explore?q=nl%20east%20standings&geo=US"
"appletv","1 mil+","22 de agosto de 2026 a las 7:10:00 UTC-3","22 de agosto de 2026 a las 11:50:00 UTC-3","appletv","./explore?q=appletv&geo=US"
"coin stock","500+","21 de agosto de 2026 a las 6:40:00 UTC-3","21 de agosto de 2026 a las 12:00:00 UTC-3","coin stock","./explore?q=coin%20stock&geo=US"
"wild horses","200+","22 de agosto de 2026 a las 2:20:00 UTC-3","22 de agosto de 2026 a las 9:30:00 UTC-3","wild horses","./explore?q=wild%20horses&geo=US"
"dassault rafale","1 mil+","21 de agosto de 2026 a las 13:00:00 UTC-3","21 de agosto de 2026 a las 15:40:00 UTC-3","dassault rafale","./explore?q=dassault%20rafale&geo=US"
"carlos alcaraz","1 mil+","21 de agosto de 2026 a las 12:00:00 UTC-3","21 de agosto de 2026 a las 14:30:00 UTC-3","carlos alcaraz","./explore?q=carlos%20alcaraz&geo=US"
"measles","1 mil+","21 de agosto de 2026 a las 10:40:00 UTC-3","21 de agosto de 2026 a las 13:50:00 UTC-3","measles","./explore?q=measles&geo=US"
"larry bird","1 mil+","21 de agosto de 2026 a las 16:10:00 UTC-3","21 de agosto de 2026 a las 21:20:00 UTC-3","larry bird","./explore?q=larry%20bird&geo=US"
"naomi campbell","500+","21 de agosto de 2026 a las 0:30:00 UTC-3","21 de agosto de 2026 a las 8:40:00 UTC-3","naomi campbell","./explore?q=naomi%20campbell&geo=US"
"fotmob","1 mil+","21 de agosto de 2026 a las 16:00:00 UTC-3","21 de agosto de 2026 a las 18:10:00 UTC-3","fotmob","./explore?q=fotmob&geo=US"
"rory kennedy","1 mil+","21 de agosto de 2026 a las 9:40:00 UTC-3","21 de agosto de 2026 a las 10:50:00 UTC-3","rory kennedy","./explore?q=rory%20kennedy&geo=US"
"linda cohn","200+","22 de agosto de 2026 a las 9:00:00 UTC-3","22 de agosto de 2026 a las 10:30:00 UTC-3","linda cohn","./explore?q=linda%20cohn&geo=US"
"chargers depth chart","1 mil+","20 de agosto de 2026 a las 23:10:00 UTC-3","21 de agosto de 2026 a las 2:30:00 UTC-3","chargers depth chart","./explore?q=chargers%20depth%20chart&geo=US"
"sienna miller","200+","22 de agosto de 2026 a las 8:30:00 UTC-3","22 de agosto de 2026 a las 10:10:00 UTC-3","sienna miller","./explore?q=sienna%20miller&geo=US"
"isaiah neyor","500+","22 de agosto de 2026 a las 0:40:00 UTC-3","22 de agosto de 2026 a las 2:20:00 UTC-3","isaiah neyor","./explore?q=isaiah%20neyor&geo=US"
"philadelphia weather","200+","22 de agosto de 2026 a las 8:50:00 UTC-3","22 de agosto de 2026 a las 10:30:00 UTC-3","philadelphia weather","./explore?q=philadelphia%20weather&geo=US"
"packers depth chart","500+","21 de agosto de 2026 a las 22:50:00 UTC-3","22 de agosto de 2026 a las 0:20:00 UTC-3","packers depth chart","./explore?q=packers%20depth%20chart&geo=US"
"milana vayntrub","1 mil+","21 de agosto de 2026 a las 13:00:00 UTC-3","21 de agosto de 2026 a las 15:00:00 UTC-3","milana vayntrub","./explore?q=milana%20vayntrub&geo=US"
"lanterns episode 2","500+","22 de agosto de 2026 a las 3:30:00 UTC-3","22 de agosto de 2026 a las 6:10:00 UTC-3","lanterns episode 2","./explore?q=lanterns%20episode%202&geo=US"
"karen solomon","500+","21 de agosto de 2026 a las 0:10:00 UTC-3","21 de agosto de 2026 a las 9:30:00 UTC-3","karen solomon","./explore?q=karen%20solomon&geo=US"
"wnba standings","2 mil+","20 de agosto de 2026 a las 23:20:00 UTC-3","21 de agosto de 2026 a las 0:20:00 UTC-3","wnba standings","./explore?q=wnba%20standings&geo=US"
"caitlin clark 2026 wnba postseason","200+","22 de agosto de 2026 a las 11:30:00 UTC-3","22 de agosto de 2026 a las 12:30:00 UTC-3","caitlin clark 2026 wnba postseason","./explore?q=caitlin%20clark%202026%20wnba%20postseason&geo=US"
"rescue dog","1 mil+","21 de agosto de 2026 a las 14:20:00 UTC-3","21 de agosto de 2026 a las 16:00:00 UTC-3","rescue dog","./explore?q=rescue%20dog&geo=US"
"jets depth chart","500+","21 de agosto de 2026 a las 20:10:00 UTC-3","21 de agosto de 2026 a las 21:40:00 UTC-3","jets depth chart","./explore?q=jets%20depth%20chart&geo=US"
"broncos depth chart","500+","21 de agosto de 2026 a las 22:40:00 UTC-3","22 de agosto de 2026 a las 0:10:00 UTC-3","broncos depth chart","./explore?q=broncos%20depth%20chart&geo=US"
"gypsy rose","1 mil+","21 de agosto de 2026 a las 8:50:00 UTC-3","21 de agosto de 2026 a las 11:20:00 UTC-3","gypsy rose","./explore?q=gypsy%20rose&geo=US"
"edgardo henriquez","500+","22 de agosto de 2026 a las 1:50:00 UTC-3","22 de agosto de 2026 a las 3:20:00 UTC-3","edgardo henriquez","./explore?q=edgardo%20henriquez&geo=US"
"junior tuihalamaka","1 mil+","21 de agosto de 2026 a las 17:20:00 UTC-3","21 de agosto de 2026 a las 18:50:00 UTC-3","junior tuihalamaka,notre dame football,it","./explore?q=junior%20tuihalamaka&geo=US"
"apple watch ultra 4","500+","21 de agosto de 2026 a las 21:00:00 UTC-3","21 de agosto de 2026 a las 22:30:00 UTC-3","apple watch ultra 4","./explore?q=apple%20watch%20ultra%204&geo=US"
"london johnson","1 mil+","21 de agosto de 2026 a las 13:30:00 UTC-3","21 de agosto de 2026 a las 15:20:00 UTC-3","london johnson","./explore?q=london%20johnson&geo=US"
"today's weather","200+","22 de agosto de 2026 a las 7:10:00 UTC-3","22 de agosto de 2026 a las 9:00:00 UTC-3","today's weather","./explore?q=today%27s%20weather&geo=US"
"fire restoration","200+","22 de agosto de 2026 a las 10:10:00 UTC-3","22 de agosto de 2026 a las 11:20:00 UTC-3","fire restoration","./explore?q=fire%20restoration&geo=US"
"senator mitch mcconnell","500+","21 de agosto de 2026 a las 22:40:00 UTC-3","22 de agosto de 2026 a las 0:10:00 UTC-3","senator mitch mcconnell","./explore?q=senator%20mitch%20mcconnell&geo=US"
"jim harbaugh","1 mil+","20 de agosto de 2026 a las 23:40:00 UTC-3","21 de agosto de 2026 a las 2:30:00 UTC-3","jim harbaugh","./explore?q=jim%20harbaugh&geo=US"
"thái lan đấu với việt nam","200+","22 de agosto de 2026 a las 10:00:00 UTC-3","22 de agosto de 2026 a las 11:00:00 UTC-3","thái lan đấu với việt nam","./explore?q=th%C3%A1i%20lan%20%C4%91%E1%BA%A5u%20v%E1%BB%9Bi%20vi%E1%BB%87t%20nam&geo=US"
"nbc sports","500+","22 de agosto de 2026 a las 8:30:00 UTC-3","22 de agosto de 2026 a las 9:50:00 UTC-3","nbc sports","./explore?q=nbc%20sports&geo=US"
"ryan seacrest","500+","21 de agosto de 2026 a las 20:30:00 UTC-3","21 de agosto de 2026 a las 21:40:00 UTC-3","ryan seacrest","./explore?q=ryan%20seacrest&geo=US"
"astros game today","2 mil+","20 de agosto de 2026 a las 23:30:00 UTC-3","21 de agosto de 2026 a las 0:50:00 UTC-3","astros game today,astros score","./explore?q=astros%20game%20today&geo=US"
"crypto news","500+","22 de agosto de 2026 a las 2:00:00 UTC-3","22 de agosto de 2026 a las 3:20:00 UTC-3","crypto news","./explore?q=crypto%20news&geo=US"
"joshua báez","1 mil+","21 de agosto de 2026 a las 20:20:00 UTC-3","21 de agosto de 2026 a las 20:50:00 UTC-3","joshua báez","./explore?q=joshua%20b%C3%A1ez&geo=US"
"xrp news","200+","22 de agosto de 2026 a las 1:50:00 UTC-3","22 de agosto de 2026 a las 3:00:00 UTC-3","xrp news","./explore?q=xrp%20news&geo=US"
"yankees - orioles","2 mil+","20 de agosto de 2026 a las 22:40:00 UTC-3","21 de agosto de 2026 a las 0:30:00 UTC-3","yankees - orioles,yankees schedule","./explore?q=yankees%20-%20orioles&geo=US"
"immunizations","1 mil+","20 de agosto de 2026 a las 23:40:00 UTC-3","21 de agosto de 2026 a las 1:00:00 UTC-3","immunizations","./explore?q=immunizations&geo=US"
"trackhouse racing team","500+","21 de agosto de 2026 a las 7:00:00 UTC-3","21 de agosto de 2026 a las 9:50:00 UTC-3","trackhouse racing team","./explore?q=trackhouse%20racing%20team&geo=US"
"neera tanden","1 mil+","21 de agosto de 2026 a las 22:30:00 UTC-3","21 de agosto de 2026 a las 23:30:00 UTC-3","neera tanden,center for american progress","./explore?q=neera%20tanden&geo=US"
"keylan rutledge","1 mil+","20 de agosto de 2026 a las 23:10:00 UTC-3","21 de agosto de 2026 a las 0:50:00 UTC-3","keylan rutledge","./explore?q=keylan%20rutledge&geo=US"
"cpkc women's open","500+","21 de agosto de 2026 a las 20:10:00 UTC-3","21 de agosto de 2026 a las 21:40:00 UTC-3","cpkc women's open","./explore?q=cpkc%20women%27s%20open&geo=US"
"brandon johnson","1 mil+","21 de agosto de 2026 a las 0:10:00 UTC-3","21 de agosto de 2026 a las 4:40:00 UTC-3","brandon johnson","./explore?q=brandon%20johnson&geo=US"
"ed o'neill","500+","21 de agosto de 2026 a las 8:30:00 UTC-3","21 de agosto de 2026 a las 11:20:00 UTC-3","ed o'neill","./explore?q=ed%20o%27neill&geo=US"
"tigres vs","500+","21 de agosto de 2026 a las 23:30:00 UTC-3","22 de agosto de 2026 a las 0:40:00 UTC-3","tigres vs","./explore?q=tigres%20vs&geo=US"
"jeff bezos indian creek miami","500+","21 de agosto de 2026 a las 20:20:00 UTC-3","21 de agosto de 2026 a las 21:40:00 UTC-3","jeff bezos indian creek miami","./explore?q=jeff%20bezos%20indian%20creek%20miami&geo=US"
"trebor pena","500+","21 de agosto de 2026 a las 23:40:00 UTC-3","22 de agosto de 2026 a las 1:00:00 UTC-3","trebor pena","./explore?q=trebor%20pena&geo=US"
"blake monroe","500+","21 de agosto de 2026 a las 21:40:00 UTC-3","21 de agosto de 2026 a las 22:50:00 UTC-3","blake monroe","./explore?q=blake%20monroe&geo=US"
"michelle hadley","500+","21 de agosto de 2026 a las 23:30:00 UTC-3","22 de agosto de 2026 a las 1:00:00 UTC-3","michelle hadley","./explore?q=michelle%20hadley&geo=US"
"love island reunion 2026","500+","21 de agosto de 2026 a las 23:20:00 UTC-3","22 de agosto de 2026 a las 3:00:00 UTC-3","love island reunion 2026","./explore?q=love%20island%20reunion%202026&geo=US"
"flu shots","1 mil+","20 de agosto de 2026 a las 23:40:00 UTC-3","21 de agosto de 2026 a las 1:00:00 UTC-3","flu shots","./explore?q=flu%20shots&geo=US"
"insidious 5","200+","22 de agosto de 2026 a las 1:20:00 UTC-3","22 de agosto de 2026 a las 4:20:00 UTC-3","insidious 5","./explore?q=insidious%205&geo=US"
"who won hoh on big brother tonight","500+","21 de agosto de 2026 a las 3:40:00 UTC-3","21 de agosto de 2026 a las 9:40:00 UTC-3","who won hoh on big brother tonight","./explore?q=who%20won%20hoh%20on%20big%20brother%20tonight&geo=US"
"colson montgomery","500+","21 de agosto de 2026 a las 23:10:00 UTC-3","22 de agosto de 2026 a las 0:30:00 UTC-3","colson montgomery","./explore?q=colson%20montgomery&geo=US"
"eth price","1 mil+","21 de agosto de 2026 a las 6:10:00 UTC-3","21 de agosto de 2026 a las 9:10:00 UTC-3","eth price,eth,crypto news","./explore?q=eth%20price&geo=US"
"draftkings","500+","22 de agosto de 2026 a las 5:50:00 UTC-3","22 de agosto de 2026 a las 7:20:00 UTC-3","draftkings,bet365,bet 365","./explore?q=draftkings&geo=US"
"gen z years","200+","22 de agosto de 2026 a las 9:10:00 UTC-3","22 de agosto de 2026 a las 10:00:00 UTC-3","gen z years,z","./explore?q=gen%20z%20years&geo=US"
"st. tönis 1911/20 vs eintracht frankfurt","1 mil+","21 de agosto de 2026 a las 12:50:00 UTC-3","21 de agosto de 2026 a las 15:10:00 UTC-3","st. tönis 1911/20 vs eintracht frankfurt","./explore?q=st.%20t%C3%B6nis%201911%2F20%20vs%20eintracht%20frankfurt&geo=US"
"brett bateman","500+","21 de agosto de 2026 a las 22:50:00 UTC-3","22 de agosto de 2026 a las 0:00:00 UTC-3","brett bateman","./explore?q=brett%20bateman&geo=US"
"league of legends","500+","22 de agosto de 2026 a las 1:50:00 UTC-3","22 de agosto de 2026 a las 5:00:00 UTC-3","league of legends,2xko shutting down,riot","./explore?q=league%20of%20legends&geo=US"
"brock stewart","200+","22 de agosto de 2026 a las 1:10:00 UTC-3","22 de agosto de 2026 a las 2:20:00 UTC-3","brock stewart","./explore?q=brock%20stewart&geo=US"
"f1tv","500+","21 de agosto de 2026 a las 11:20:00 UTC-3","21 de agosto de 2026 a las 12:50:00 UTC-3","f1tv","./explore?q=f1tv&geo=US"
"apple tv","500+","22 de agosto de 2026 a las 7:10:00 UTC-3","22 de agosto de 2026 a las 7:50:00 UTC-3","apple tv","./explore?q=apple%20tv&geo=US"
"david eckstein","500+","21 de agosto de 2026 a las 22:50:00 UTC-3","21 de agosto de 2026 a las 23:50:00 UTC-3","david eckstein","./explore?q=david%20eckstein&geo=US"
"david bailey","500+","21 de agosto de 2026 a las 20:30:00 UTC-3","21 de agosto de 2026 a las 21:50:00 UTC-3","david bailey","./explore?q=david%20bailey&geo=US"
"norwegian cruise line","1 mil+","20 de agosto de 2026 a las 22:30:00 UTC-3","21 de agosto de 2026 a las 8:00:00 UTC-3","norwegian cruise line","./explore?q=norwegian%20cruise%20line&geo=US"
"showtime","500+","21 de agosto de 2026 a las 8:10:00 UTC-3","21 de agosto de 2026 a las 10:50:00 UTC-3","showtime","./explore?q=showtime&geo=US"
"roman wilson","500+","21 de agosto de 2026 a las 20:30:00 UTC-3","21 de agosto de 2026 a las 21:50:00 UTC-3","roman wilson","./explore?q=roman%20wilson&geo=US"
"pinkchyu","1 mil+","21 de agosto de 2026 a las 7:50:00 UTC-3","21 de agosto de 2026 a las 9:00:00 UTC-3","pinkchyu","./explore?q=pinkchyu&geo=US"
"cardiologist","500+","21 de agosto de 2026 a las 23:40:00 UTC-3","22 de agosto de 2026 a las 0:40:00 UTC-3","cardiologist","./explore?q=cardiologist&geo=US"
"lions schedule 2026","200+","22 de agosto de 2026 a las 13:20:00 UTC-3","22 de agosto de 2026 a las 13:50:00 UTC-3","lions schedule 2026","./explore?q=lions%20schedule%202026&geo=US"
"liga inglesa","200+","22 de agosto de 2026 a las 10:30:00 UTC-3","22 de agosto de 2026 a las 11:40:00 UTC-3","liga inglesa","./explore?q=liga%20inglesa&geo=US"
"max strus","1 mil+","21 de agosto de 2026 a las 8:10:00 UTC-3","21 de agosto de 2026 a las 10:40:00 UTC-3","max strus,nuggets roster","./explore?q=max%20strus&geo=US"
"kenya","500+","21 de agosto de 2026 a las 8:40:00 UTC-3","21 de agosto de 2026 a las 11:30:00 UTC-3","kenya","./explore?q=kenya&geo=US"
"chuck schumer","500+","21 de agosto de 2026 a las 18:00:00 UTC-3","21 de agosto de 2026 a las 19:10:00 UTC-3","chuck schumer","./explore?q=chuck%20schumer&geo=US"
"raiders game today","1 mil+","21 de agosto de 2026 a las 0:10:00 UTC-3","21 de agosto de 2026 a las 1:40:00 UTC-3","raiders game today","./explore?q=raiders%20game%20today&geo=US"
"yordan álvarez","200+","22 de agosto de 2026 a las 0:00:00 UTC-3","22 de agosto de 2026 a las 1:10:00 UTC-3","yordan álvarez","./explore?q=yordan%20%C3%A1lvarez&geo=US"
"gary indiana blackout","500+","21 de agosto de 2026 a las 7:10:00 UTC-3","21 de agosto de 2026 a las 10:20:00 UTC-3","gary indiana blackout,power outage near me","./explore?q=gary%20indiana%20blackout&geo=US"
"the game documentary 3","1 mil+","21 de agosto de 2026 a las 1:40:00 UTC-3","21 de agosto de 2026 a las 8:20:00 UTC-3","the game documentary 3,the documentary 3","./explore?q=the%20game%20documentary%203&geo=US"
"gaelic football","200+","22 de agosto de 2026 a las 10:20:00 UTC-3","22 de agosto de 2026 a las 11:20:00 UTC-3","gaelic football","./explore?q=gaelic%20football&geo=US"
"joe thomas","1 mil+","20 de agosto de 2026 a las 22:30:00 UTC-3","21 de agosto de 2026 a las 0:20:00 UTC-3","joe thomas","./explore?q=joe%20thomas&geo=US"
"liam millar","200+","22 de agosto de 2026 a las 10:20:00 UTC-3","22 de agosto de 2026 a las 11:00:00 UTC-3","liam millar,elliot stroud","./explore?q=liam%20millar&geo=US"
"al qadsiah vs al-ittihad","500+","21 de agosto de 2026 a las 14:50:00 UTC-3","21 de agosto de 2026 a las 17:20:00 UTC-3","al qadsiah vs al-ittihad","./explore?q=al%20qadsiah%20vs%20al-ittihad&geo=US"
"amed rosario","500+","21 de agosto de 2026 a las 20:40:00 UTC-3","21 de agosto de 2026 a las 22:00:00 UTC-3","amed rosario","./explore?q=amed%20rosario&geo=US"
"boerne little league","500+","21 de agosto de 2026 a las 18:30:00 UTC-3","21 de agosto de 2026 a las 19:50:00 UTC-3","boerne little league","./explore?q=boerne%20little%20league&geo=US"
"raffle","200+","22 de agosto de 2026 a las 10:10:00 UTC-3","22 de agosto de 2026 a las 11:00:00 UTC-3","raffle","./explore?q=raffle&geo=US"
"jeff kent","500+","21 de agosto de 2026 a las 21:30:00 UTC-3","21 de agosto de 2026 a las 22:40:00 UTC-3","jeff kent","./explore?q=jeff%20kent&geo=US"
"sweden","500+","21 de agosto de 2026 a las 13:10:00 UTC-3","21 de agosto de 2026 a las 14:50:00 UTC-3","sweden","./explore?q=sweden&geo=US"
"brock rodden","200+","22 de agosto de 2026 a las 0:50:00 UTC-3","22 de agosto de 2026 a las 2:00:00 UTC-3","brock rodden","./explore?q=brock%20rodden&geo=US"
"carson bruener","500+","21 de agosto de 2026 a las 21:10:00 UTC-3","21 de agosto de 2026 a las 22:20:00 UTC-3","carson bruener","./explore?q=carson%20bruener&geo=US"
"travis hunter","500+","21 de agosto de 2026 a las 21:00:00 UTC-3","21 de agosto de 2026 a las 22:10:00 UTC-3","travis hunter","./explore?q=travis%20hunter&geo=US"
"a different world","200+","22 de agosto de 2026 a las 9:40:00 UTC-3","22 de agosto de 2026 a las 10:20:00 UTC-3","a different world","./explore?q=a%20different%20world&geo=US"
"mets score","100+","22 de agosto de 2026 a las 8:00:00 UTC-3","22 de agosto de 2026 a las 9:10:00 UTC-3","mets score","./explore?q=mets%20score&geo=US"
"chadi riad","200+","22 de agosto de 2026 a las 13:00:00 UTC-3","22 de agosto de 2026 a las 13:30:00 UTC-3","chadi riad","./explore?q=chadi%20riad&geo=US"
"padres game today","500+","22 de agosto de 2026 a las 1:00:00 UTC-3","22 de agosto de 2026 a las 1:30:00 UTC-3","padres game today","./explore?q=padres%20game%20today&geo=US"
"rj harvey","500+","21 de agosto de 2026 a las 22:50:00 UTC-3","21 de agosto de 2026 a las 23:50:00 UTC-3","rj harvey","./explore?q=rj%20harvey&geo=US"
"peso mexicano","500+","21 de agosto de 2026 a las 7:30:00 UTC-3","21 de agosto de 2026 a las 9:50:00 UTC-3","peso mexicano,dolar a peso","./explore?q=peso%20mexicano&geo=US"
"tina peters","200+","22 de agosto de 2026 a las 10:00:00 UTC-3","22 de agosto de 2026 a las 10:50:00 UTC-3","tina peters","./explore?q=tina%20peters&geo=US"
"hunter dobbins","500+","21 de agosto de 2026 a las 19:50:00 UTC-3","21 de agosto de 2026 a las 21:00:00 UTC-3","hunter dobbins","./explore?q=hunter%20dobbins&geo=US"
"leon goretzka","200+","22 de agosto de 2026 a las 10:50:00 UTC-3","22 de agosto de 2026 a las 11:30:00 UTC-3","leon goretzka","./explore?q=leon%20goretzka&geo=US"
"caleb yirenkyi","500+","21 de agosto de 2026 a las 16:10:00 UTC-3","21 de agosto de 2026 a las 17:30:00 UTC-3","caleb yirenkyi","./explore?q=caleb%20yirenkyi&geo=US"
"steelers depth chart","500+","21 de agosto de 2026 a las 20:40:00 UTC-3","21 de agosto de 2026 a las 21:30:00 UTC-3","steelers depth chart","./explore?q=steelers%20depth%20chart&geo=US"
"universo","100+","22 de agosto de 2026 a las 8:30:00 UTC-3","22 de agosto de 2026 a las 9:30:00 UTC-3","universo","./explore?q=universo&geo=US"
"denny hamlin ty gibbs nascar","200+","21 de agosto de 2026 a las 6:50:00 UTC-3","21 de agosto de 2026 a las 9:20:00 UTC-3","denny hamlin ty gibbs nascar","./explore?q=denny%20hamlin%20ty%20gibbs%20nascar&geo=US"
"henry kissinger","200+","22 de agosto de 2026 a las 10:00:00 UTC-3","22 de agosto de 2026 a las 10:30:00 UTC-3","henry kissinger","./explore?q=henry%20kissinger&geo=US"
"kiki rice","200+","22 de agosto de 2026 a las 1:10:00 UTC-3","22 de agosto de 2026 a las 2:00:00 UTC-3","kiki rice","./explore?q=kiki%20rice&geo=US"
"kate middleton","1 mil+","20 de agosto de 2026 a las 23:10:00 UTC-3","21 de agosto de 2026 a las 0:40:00 UTC-3","kate middleton","./explore?q=kate%20middleton&geo=US"
"new hampshire senate seat polling","100+","22 de agosto de 2026 a las 8:40:00 UTC-3","22 de agosto de 2026 a las 9:50:00 UTC-3","new hampshire senate seat polling","./explore?q=new%20hampshire%20senate%20seat%20polling&geo=US"
"atlanta weather","500+","21 de agosto de 2026 a las 4:40:00 UTC-3","21 de agosto de 2026 a las 10:00:00 UTC-3","atlanta weather","./explore?q=atlanta%20weather&geo=US"
"indiana fever vs dallas wings","1 mil+","20 de agosto de 2026 a las 23:00:00 UTC-3","21 de agosto de 2026 a las 7:40:00 UTC-3","indiana fever vs dallas wings,dallas wings vs indiana fever match player stats","./explore?q=indiana%20fever%20vs%20dallas%20wings&geo=US"
"fannie mae","500+","21 de agosto de 2026 a las 15:10:00 UTC-3","21 de agosto de 2026 a las 17:20:00 UTC-3","fannie mae","./explore?q=fannie%20mae&geo=US"
"vikings depth chart","200+","22 de agosto de 2026 a las 15:00:00 UTC-3","22 de agosto de 2026 a las 15:20:00 UTC-3","vikings depth chart","./explore?q=vikings%20depth%20chart&geo=US"
"eli morgan","200+","21 de agosto de 2026 a las 6:50:00 UTC-3","21 de agosto de 2026 a las 9:30:00 UTC-3","eli morgan","./explore?q=eli%20morgan&geo=US"
"chigozie anusiem","1 mil+","20 de agosto de 2026 a las 22:50:00 UTC-3","21 de agosto de 2026 a las 0:00:00 UTC-3","chigozie anusiem,raiders injury","./explore?q=chigozie%20anusiem&geo=US"
"fbi most wanted","200+","22 de agosto de 2026 a las 12:30:00 UTC-3","22 de agosto de 2026 a las 13:00:00 UTC-3","fbi most wanted","./explore?q=fbi%20most%20wanted&geo=US"
"aces wnba","1 mil+","20 de agosto de 2026 a las 23:50:00 UTC-3","21 de agosto de 2026 a las 1:20:00 UTC-3","aces wnba,cheyenne parker-tyus","./explore?q=aces%20wnba&geo=US"
"ventrell miller","500+","21 de agosto de 2026 a las 21:10:00 UTC-3","21 de agosto de 2026 a las 22:10:00 UTC-3","ventrell miller","./explore?q=ventrell%20miller&geo=US"
"fanduel","100+","22 de agosto de 2026 a las 5:30:00 UTC-3","22 de agosto de 2026 a las 7:50:00 UTC-3","fanduel","./explore?q=fanduel&geo=US"
"brady edmunds","100+","22 de agosto de 2026 a las 9:10:00 UTC-3","22 de agosto de 2026 a las 10:10:00 UTC-3","brady edmunds","./explore?q=brady%20edmunds&geo=US"
"the international 2026","100+","22 de agosto de 2026 a las 5:10:00 UTC-3","22 de agosto de 2026 a las 6:40:00 UTC-3","the international 2026","./explore?q=the%20international%202026&geo=US"
"justin thomas","500+","21 de agosto de 2026 a las 18:10:00 UTC-3","21 de agosto de 2026 a las 19:10:00 UTC-3","justin thomas","./explore?q=justin%20thomas&geo=US"
"chad duell michael recast thoughts","500+","21 de agosto de 2026 a las 10:50:00 UTC-3","21 de agosto de 2026 a las 13:30:00 UTC-3","chad duell michael recast thoughts","./explore?q=chad%20duell%20michael%20recast%20thoughts&geo=US"
"dadeschools","1 mil+","21 de agosto de 2026 a las 8:50:00 UTC-3","21 de agosto de 2026 a las 9:30:00 UTC-3","dadeschools","./explore?q=dadeschools&geo=US"
"antonio senzatela","500+","21 de agosto de 2026 a las 19:10:00 UTC-3","21 de agosto de 2026 a las 20:10:00 UTC-3","antonio senzatela","./explore?q=antonio%20senzatela&geo=US"
"wounded in action","200+","21 de agosto de 2026 a las 18:50:00 UTC-3","21 de agosto de 2026 a las 20:00:00 UTC-3","wounded in action","./explore?q=wounded%20in%20action&geo=US"
"trump accounts for kids","100+","22 de agosto de 2026 a las 8:20:00 UTC-3","22 de agosto de 2026 a las 9:20:00 UTC-3","trump accounts for kids","./explore?q=trump%20accounts%20for%20kids&geo=US"
"northeast high school","500+","21 de agosto de 2026 a las 9:00:00 UTC-3","21 de agosto de 2026 a las 10:30:00 UTC-3","northeast high school","./explore?q=northeast%20high%20school&geo=US"
"aliyah boston","500+","20 de agosto de 2026 a las 23:00:00 UTC-3","21 de agosto de 2026 a las 0:00:00 UTC-3","aliyah boston","./explore?q=aliyah%20boston&geo=US"
"ian happ","200+","22 de agosto de 2026 a las 1:40:00 UTC-3","22 de agosto de 2026 a las 2:30:00 UTC-3","ian happ","./explore?q=ian%20happ&geo=US"
"indianapolis weather","100+","22 de agosto de 2026 a las 7:30:00 UTC-3","22 de agosto de 2026 a las 8:10:00 UTC-3","indianapolis weather","./explore?q=indianapolis%20weather&geo=US"
"hacks","200+","22 de agosto de 2026 a las 1:10:00 UTC-3","22 de agosto de 2026 a las 2:10:00 UTC-3","hacks","./explore?q=hacks&geo=US"
"hallie shoffner","200+","21 de agosto de 2026 a las 8:50:00 UTC-3","21 de agosto de 2026 a las 10:00:00 UTC-3","hallie shoffner","./explore?q=hallie%20shoffner&geo=US"
"erzurumspor - galatasaray","500+","21 de agosto de 2026 a las 15:20:00 UTC-3","21 de agosto de 2026 a las 16:20:00 UTC-3","erzurumspor - galatasaray","./explore?q=erzurumspor%20-%20galatasaray&geo=US"
"travel warning","200+","22 de agosto de 2026 a las 10:40:00 UTC-3","22 de agosto de 2026 a las 11:10:00 UTC-3","travel warning","./explore?q=travel%20warning&geo=US"
"arc after dark","500+","21 de agosto de 2026 a las 13:50:00 UTC-3","21 de agosto de 2026 a las 15:00:00 UTC-3","arc after dark","./explore?q=arc%20after%20dark&geo=US"
"mason montgomery","200+","22 de agosto de 2026 a las 2:20:00 UTC-3","22 de agosto de 2026 a las 3:10:00 UTC-3","mason montgomery","./explore?q=mason%20montgomery&geo=US"
"fidelity bitcoin etf","500+","21 de agosto de 2026 a las 9:30:00 UTC-3","21 de agosto de 2026 a las 10:50:00 UTC-3","fidelity bitcoin etf,fidelity bitcoin","./explore?q=fidelity%20bitcoin%20etf&geo=US"
"mason miller","200+","22 de agosto de 2026 a las 1:10:00 UTC-3","22 de agosto de 2026 a las 1:50:00 UTC-3","mason miller","./explore?q=mason%20miller&geo=US"
"lake mead low water discoveries","500+","21 de agosto de 2026 a las 9:10:00 UTC-3","21 de agosto de 2026 a las 10:50:00 UTC-3","lake mead low water discoveries","./explore?q=lake%20mead%20low%20water%20discoveries&geo=US"
"gen z","200+","22 de agosto de 2026 a las 9:10:00 UTC-3","22 de agosto de 2026 a las 9:40:00 UTC-3","gen z","./explore?q=gen%20z&geo=US"
"donald hicklin charlotte tow bill","500+","21 de agosto de 2026 a las 8:20:00 UTC-3","21 de agosto de 2026 a las 12:00:00 UTC-3","donald hicklin charlotte tow bill","./explore?q=donald%20hicklin%20charlotte%20tow%20bill&geo=US"
"molly martens","100+","22 de agosto de 2026 a las 9:00:00 UTC-3","22 de agosto de 2026 a las 9:40:00 UTC-3","molly martens","./explore?q=molly%20martens&geo=US"
"leones vs independiente del valle","500+","21 de agosto de 2026 a las 21:00:00 UTC-3","21 de agosto de 2026 a las 23:30:00 UTC-3","leones vs independiente del valle","./explore?q=leones%20vs%20independiente%20del%20valle&geo=US"
"universal studios hollywood","500+","21 de agosto de 2026 a las 3:10:00 UTC-3","21 de agosto de 2026 a las 4:40:00 UTC-3","universal studios hollywood","./explore?q=universal%20studios%20hollywood&geo=US"
"matheus cunha","100+","22 de agosto de 2026 a las 9:10:00 UTC-3","22 de agosto de 2026 a las 10:00:00 UTC-3","matheus cunha","./explore?q=matheus%20cunha&geo=US"
"nick shirley","200+","21 de agosto de 2026 a las 18:00:00 UTC-3","21 de agosto de 2026 a las 19:00:00 UTC-3","nick shirley","./explore?q=nick%20shirley&geo=US"
"mel brooks","200+","21 de agosto de 2026 a las 20:30:00 UTC-3","21 de agosto de 2026 a las 21:30:00 UTC-3","mel brooks","./explore?q=mel%20brooks&geo=US"
"google play store","500+","21 de agosto de 2026 a las 19:50:00 UTC-3","21 de agosto de 2026 a las 20:50:00 UTC-3","google play store","./explore?q=google%20play%20store&geo=US"
"kenny piper","200+","21 de agosto de 2026 a las 20:50:00 UTC-3","21 de agosto de 2026 a las 21:40:00 UTC-3","kenny piper","./explore?q=kenny%20piper&geo=US"
"f1 tv","500+","21 de agosto de 2026 a las 11:30:00 UTC-3","21 de agosto de 2026 a las 12:40:00 UTC-3","f1 tv","./explore?q=f1%20tv&geo=US"
"deseret news","200+","22 de agosto de 2026 a las 1:20:00 UTC-3","22 de agosto de 2026 a las 2:30:00 UTC-3","deseret news","./explore?q=deseret%20news&geo=US"
"ea","100+","22 de agosto de 2026 a las 5:40:00 UTC-3","22 de agosto de 2026 a las 6:40:00 UTC-3","ea","./explore?q=ea&geo=US"
"nick gonzales","200+","22 de agosto de 2026 a las 0:30:00 UTC-3","22 de agosto de 2026 a las 1:20:00 UTC-3","nick gonzales","./explore?q=nick%20gonzales&geo=US"
"will anderson jr","500+","20 de agosto de 2026 a las 23:00:00 UTC-3","21 de agosto de 2026 a las 0:10:00 UTC-3","will anderson jr","./explore?q=will%20anderson%20jr&geo=US"
"renaissance","500+","21 de agosto de 2026 a las 10:50:00 UTC-3","21 de agosto de 2026 a las 13:20:00 UTC-3","renaissance","./explore?q=renaissance&geo=US"
"alysha clark","500+","20 de agosto de 2026 a las 23:00:00 UTC-3","21 de agosto de 2026 a las 0:10:00 UTC-3","alysha clark","./explore?q=alysha%20clark&geo=US"
"interstate 15","100+","22 de agosto de 2026 a las 3:50:00 UTC-3","22 de agosto de 2026 a las 4:50:00 UTC-3","interstate 15","./explore?q=interstate%2015&geo=US"
"matt crooks","100+","22 de agosto de 2026 a las 9:30:00 UTC-3","22 de agosto de 2026 a las 10:10:00 UTC-3","matt crooks","./explore?q=matt%20crooks&geo=US"
"guy fieri","200+","21 de agosto de 2026 a las 23:00:00 UTC-3","21 de agosto de 2026 a las 23:50:00 UTC-3","guy fieri","./explore?q=guy%20fieri&geo=US"
"christian mccaffrey","500+","20 de agosto de 2026 a las 23:10:00 UTC-3","21 de agosto de 2026 a las 0:30:00 UTC-3","christian mccaffrey","./explore?q=christian%20mccaffrey&geo=US"
"jordan lawlar","200+","22 de agosto de 2026 a las 1:30:00 UTC-3","22 de agosto de 2026 a las 2:30:00 UTC-3","jordan lawlar","./explore?q=jordan%20lawlar&geo=US"
"nyt mini","100+","22 de agosto de 2026 a las 8:10:00 UTC-3","22 de agosto de 2026 a las 9:10:00 UTC-3","nyt mini","./explore?q=nyt%20mini&geo=US"
"lauren betts","200+","21 de agosto de 2026 a las 21:10:00 UTC-3","21 de agosto de 2026 a las 22:00:00 UTC-3","lauren betts","./explore?q=lauren%20betts&geo=US"
"jose caballero","200+","21 de agosto de 2026 a las 21:50:00 UTC-3","21 de agosto de 2026 a las 22:40:00 UTC-3","jose caballero","./explore?q=jose%20caballero&geo=US"
"klubnik","500+","21 de agosto de 2026 a las 20:50:00 UTC-3","21 de agosto de 2026 a las 21:40:00 UTC-3","klubnik","./explore?q=klubnik&geo=US"
"nathan cofnas","1 mil+","21 de agosto de 2026 a las 7:30:00 UTC-3","21 de agosto de 2026 a las 8:30:00 UTC-3","nathan cofnas,cambridge professor jason arday,jason arday death","./explore?q=nathan%20cofnas&geo=US"
"widows bay","500+","21 de agosto de 2026 a las 8:40:00 UTC-3","21 de agosto de 2026 a las 9:50:00 UTC-3","widows bay","./explore?q=widows%20bay&geo=US"
"lord of mysteries game","200+","22 de agosto de 2026 a las 3:50:00 UTC-3","22 de agosto de 2026 a las 5:10:00 UTC-3","lord of mysteries game","./explore?q=lord%20of%20mysteries%20game&geo=US"
"pedro pascal","500+","21 de agosto de 2026 a las 1:50:00 UTC-3","21 de agosto de 2026 a las 6:00:00 UTC-3","pedro pascal","./explore?q=pedro%20pascal&geo=US"
"malik willis","500+","21 de agosto de 2026 a las 23:20:00 UTC-3","21 de agosto de 2026 a las 23:40:00 UTC-3","malik willis","./explore?q=malik%20willis&geo=US"
"new york weather","200+","22 de agosto de 2026 a las 8:20:00 UTC-3","22 de agosto de 2026 a las 9:10:00 UTC-3","new york weather,delaware tornado,weather new york","./explore?q=new%20york%20weather&geo=US"
"demeco ryans","500+","20 de agosto de 2026 a las 22:40:00 UTC-3","20 de agosto de 2026 a las 23:50:00 UTC-3","demeco ryans","./explore?q=demeco%20ryans&geo=US"
"npb","100+","22 de agosto de 2026 a las 6:00:00 UTC-3","22 de agosto de 2026 a las 7:10:00 UTC-3","npb","./explore?q=npb&geo=US"
"trevor megill","500+","21 de agosto de 2026 a las 19:50:00 UTC-3","21 de agosto de 2026 a las 20:30:00 UTC-3","trevor megill","./explore?q=trevor%20megill&geo=US"
"mark ruffalo david ellison merger reaction","200+","21 de agosto de 2026 a las 19:10:00 UTC-3","21 de agosto de 2026 a las 20:10:00 UTC-3","mark ruffalo david ellison merger reaction","./explore?q=mark%20ruffalo%20david%20ellison%20merger%20reaction&geo=US"
"cable tv","500+","20 de agosto de 2026 a las 22:30:00 UTC-3","20 de agosto de 2026 a las 23:40:00 UTC-3","cable tv","./explore?q=cable%20tv&geo=US"
"united states capitol police","500+","21 de agosto de 2026 a las 9:20:00 UTC-3","21 de agosto de 2026 a las 10:40:00 UTC-3","united states capitol police","./explore?q=united%20states%20capitol%20police&geo=US"
"fidelity trading","200+","21 de agosto de 2026 a las 4:10:00 UTC-3","21 de agosto de 2026 a las 6:10:00 UTC-3","fidelity trading","./explore?q=fidelity%20trading&geo=US"
"coinmarketcap","200+","21 de agosto de 2026 a las 6:10:00 UTC-3","21 de agosto de 2026 a las 8:50:00 UTC-3","coinmarketcap","./explore?q=coinmarketcap&geo=US"
"fred warner","500+","21 de agosto de 2026 a las 1:00:00 UTC-3","21 de agosto de 2026 a las 2:30:00 UTC-3","fred warner","./explore?q=fred%20warner&geo=US"
"middletown ohio","200+","21 de agosto de 2026 a las 14:20:00 UTC-3","21 de agosto de 2026 a las 15:20:00 UTC-3","middletown ohio","./explore?q=middletown%20ohio&geo=US"
"law and order svu","500+","20 de agosto de 2026 a las 23:00:00 UTC-3","21 de agosto de 2026 a las 0:20:00 UTC-3","law and order svu","./explore?q=law%20and%20order%20svu&geo=US"
"bindi irwin","500+","21 de agosto de 2026 a las 0:40:00 UTC-3","21 de agosto de 2026 a las 3:10:00 UTC-3","bindi irwin","./explore?q=bindi%20irwin&geo=US"
"martinelli","200+","21 de agosto de 2026 a las 16:50:00 UTC-3","21 de agosto de 2026 a las 18:00:00 UTC-3","martinelli","./explore?q=martinelli&geo=US"
"hoda kotb","200+","21 de agosto de 2026 a las 11:20:00 UTC-3","21 de agosto de 2026 a las 12:20:00 UTC-3","hoda kotb","./explore?q=hoda%20kotb&geo=US"
"ps5 pro","100+","22 de agosto de 2026 a las 5:20:00 UTC-3","22 de agosto de 2026 a las 6:20:00 UTC-3","ps5 pro","./explore?q=ps5%20pro&geo=US"
"tesla fsd v15 ai updates","200+","21 de agosto de 2026 a las 8:00:00 UTC-3","21 de agosto de 2026 a las 9:40:00 UTC-3","tesla fsd v15 ai updates","./explore?q=tesla%20fsd%20v15%20ai%20updates&geo=US"
"lynyrd skynyrd","200+","21 de agosto de 2026 a las 22:30:00 UTC-3","21 de agosto de 2026 a las 23:20:00 UTC-3","lynyrd skynyrd","./explore?q=lynyrd%20skynyrd&geo=US"
"weather.com","100+","22 de agosto de 2026 a las 7:50:00 UTC-3","22 de agosto de 2026 a las 8:30:00 UTC-3","weather.com","./explore?q=weather.com&geo=US"
"texas rangers","2 mil+","20 de agosto de 2026 a las 23:40:00 UTC-3","21 de agosto de 2026 a las 0:00:00 UTC-3","texas rangers","./explore?q=texas%20rangers&geo=US"
"lpga leaderboard","200+","21 de agosto de 2026 a las 20:30:00 UTC-3","21 de agosto de 2026 a las 21:10:00 UTC-3","lpga leaderboard","./explore?q=lpga%20leaderboard&geo=US"
"cyberpunk 2077","200+","21 de agosto de 2026 a las 16:00:00 UTC-3","21 de agosto de 2026 a las 17:00:00 UTC-3","cyberpunk 2077","./explore?q=cyberpunk%202077&geo=US"
"deebo samuel sr.","500+","21 de agosto de 2026 a las 0:40:00 UTC-3","21 de agosto de 2026 a las 2:30:00 UTC-3","deebo samuel sr.","./explore?q=deebo%20samuel%20sr.&geo=US"
"buckeye lake","200+","21 de agosto de 2026 a las 7:50:00 UTC-3","21 de agosto de 2026 a las 9:30:00 UTC-3","buckeye lake","./explore?q=buckeye%20lake&geo=US"
"ellis simms","200+","21 de agosto de 2026 a las 16:10:00 UTC-3","21 de agosto de 2026 a las 17:00:00 UTC-3","ellis simms","./explore?q=ellis%20simms&geo=US"
"ncaa","200+","21 de agosto de 2026 a las 12:30:00 UTC-3","21 de agosto de 2026 a las 13:20:00 UTC-3","ncaa","./explore?q=ncaa&geo=US"
"daily beast","200+","22 de agosto de 2026 a las 9:10:00 UTC-3","22 de agosto de 2026 a las 9:50:00 UTC-3","daily beast","./explore?q=daily%20beast&geo=US"
"julian alvarez","200+","21 de agosto de 2026 a las 8:10:00 UTC-3","21 de agosto de 2026 a las 9:40:00 UTC-3","julian alvarez","./explore?q=julian%20alvarez&geo=US"
"nia coffey","200+","21 de agosto de 2026 a las 21:10:00 UTC-3","21 de agosto de 2026 a las 21:50:00 UTC-3","nia coffey","./explore?q=nia%20coffey&geo=US"
"louisville volleyball","200+","21 de agosto de 2026 a las 19:50:00 UTC-3","21 de agosto de 2026 a las 20:40:00 UTC-3","louisville volleyball","./explore?q=louisville%20volleyball&geo=US"
"junior bergen","200+","21 de agosto de 2026 a las 22:50:00 UTC-3","21 de agosto de 2026 a las 23:30:00 UTC-3","junior bergen","./explore?q=junior%20bergen&geo=US"
"gasoline","200+","21 de agosto de 2026 a las 8:00:00 UTC-3","21 de agosto de 2026 a las 9:50:00 UTC-3","gasoline","./explore?q=gasoline&geo=US"
"today's weather","200+","21 de agosto de 2026 a las 7:20:00 UTC-3","21 de agosto de 2026 a las 8:50:00 UTC-3","today's weather","./explore?q=today%27s%20weather&geo=US"
"swansea vs sheffield united","200+","22 de agosto de 2026 a las 11:10:00 UTC-3","22 de agosto de 2026 a las 11:30:00 UTC-3","swansea vs sheffield united","./explore?q=swansea%20vs%20sheffield%20united&geo=US"
"senne lammens","100+","22 de agosto de 2026 a las 9:40:00 UTC-3","22 de agosto de 2026 a las 10:10:00 UTC-3","senne lammens","./explore?q=senne%20lammens&geo=US"
"la","100+","22 de agosto de 2026 a las 9:10:00 UTC-3","22 de agosto de 2026 a las 9:40:00 UTC-3","la","./explore?q=la&geo=US"
"george springer","200+","21 de agosto de 2026 a las 22:50:00 UTC-3","21 de agosto de 2026 a las 23:30:00 UTC-3","george springer","./explore?q=george%20springer&geo=US"
"kevin keegan","200+","21 de agosto de 2026 a las 17:50:00 UTC-3","21 de agosto de 2026 a las 18:40:00 UTC-3","kevin keegan","./explore?q=kevin%20keegan&geo=US"
"case","500+","20 de agosto de 2026 a las 22:30:00 UTC-3","20 de agosto de 2026 a las 23:40:00 UTC-3","case","./explore?q=case&geo=US"
"car accident lawyers","200+","21 de agosto de 2026 a las 4:50:00 UTC-3","21 de agosto de 2026 a las 6:50:00 UTC-3","car accident lawyers","./explore?q=car%20accident%20lawyers&geo=US"
"eastern york high school","200+","21 de agosto de 2026 a las 7:50:00 UTC-3","21 de agosto de 2026 a las 9:40:00 UTC-3","eastern york high school","./explore?q=eastern%20york%20high%20school&geo=US"
"mason fluharty","200+","21 de agosto de 2026 a las 20:40:00 UTC-3","21 de agosto de 2026 a las 21:20:00 UTC-3","mason fluharty","./explore?q=mason%20fluharty&geo=US"
"myles garrett","500+","20 de agosto de 2026 a las 23:10:00 UTC-3","21 de agosto de 2026 a las 0:10:00 UTC-3","myles garrett","./explore?q=myles%20garrett&geo=US"
"wect","200+","21 de agosto de 2026 a las 18:00:00 UTC-3","21 de agosto de 2026 a las 18:40:00 UTC-3","wect","./explore?q=wect&geo=US"
"codex harness","100+","21 de agosto de 2026 a las 5:20:00 UTC-3","21 de agosto de 2026 a las 7:20:00 UTC-3","codex harness","./explore?q=codex%20harness&geo=US"
"stock market news today","200+","21 de agosto de 2026 a las 5:50:00 UTC-3","21 de agosto de 2026 a las 7:00:00 UTC-3","stock market news today","./explore?q=stock%20market%20news%20today&geo=US"
"death by lightning","200+","21 de agosto de 2026 a las 1:00:00 UTC-3","21 de agosto de 2026 a las 2:10:00 UTC-3","death by lightning","./explore?q=death%20by%20lightning&geo=US"
"carl rushworth","200+","21 de agosto de 2026 a las 17:30:00 UTC-3","21 de agosto de 2026 a las 18:10:00 UTC-3","carl rushworth","./explore?q=carl%20rushworth&geo=US"
"white sox score","200+","21 de agosto de 2026 a las 23:50:00 UTC-3","22 de agosto de 2026 a las 0:20:00 UTC-3","white sox score","./explore?q=white%20sox%20score&geo=US"
"josh brolin","200+","21 de agosto de 2026 a las 9:10:00 UTC-3","21 de agosto de 2026 a las 10:20:00 UTC-3","josh brolin","./explore?q=josh%20brolin&geo=US"
"gap malbon","200+","21 de agosto de 2026 a las 13:20:00 UTC-3","21 de agosto de 2026 a las 14:10:00 UTC-3","gap malbon","./explore?q=gap%20malbon&geo=US"
"bruno guimarães","500+","21 de agosto de 2026 a las 15:50:00 UTC-3","21 de agosto de 2026 a las 16:20:00 UTC-3","bruno guimarães","./explore?q=bruno%20guimar%C3%A3es&geo=US"
"charlie kirk","200+","21 de agosto de 2026 a las 7:40:00 UTC-3","21 de agosto de 2026 a las 8:50:00 UTC-3","charlie kirk","./explore?q=charlie%20kirk&geo=US"
"dinosaur","500+","21 de agosto de 2026 a las 12:30:00 UTC-3","21 de agosto de 2026 a las 13:30:00 UTC-3","dinosaur","./explore?q=dinosaur&geo=US"
"usher brown foxborough curfew fine","200+","21 de agosto de 2026 a las 7:10:00 UTC-3","21 de agosto de 2026 a las 10:00:00 UTC-3","usher brown foxborough curfew fine","./explore?q=usher%20brown%20foxborough%20curfew%20fine&geo=US"
"astros game","200+","20 de agosto de 2026 a las 23:10:00 UTC-3","21 de agosto de 2026 a las 0:20:00 UTC-3","astros game","./explore?q=astros%20game&geo=US"
"arch manning","500+","20 de agosto de 2026 a las 22:40:00 UTC-3","20 de agosto de 2026 a las 23:40:00 UTC-3","arch manning","./explore?q=arch%20manning&geo=US"
"anime nyc","200+","21 de agosto de 2026 a las 11:50:00 UTC-3","21 de agosto de 2026 a las 12:50:00 UTC-3","anime nyc","./explore?q=anime%20nyc&geo=US"
"lake mcree","200+","21 de agosto de 2026 a las 22:30:00 UTC-3","21 de agosto de 2026 a las 23:00:00 UTC-3","lake mcree","./explore?q=lake%20mcree&geo=US"
"meme","500+","21 de agosto de 2026 a las 13:30:00 UTC-3","21 de agosto de 2026 a las 16:00:00 UTC-3","meme","./explore?q=meme&geo=US"
"ryan yarbrough","200+","20 de agosto de 2026 a las 22:40:00 UTC-3","20 de agosto de 2026 a las 23:40:00 UTC-3","ryan yarbrough","./explore?q=ryan%20yarbrough&geo=US"
"george kittle","500+","20 de agosto de 2026 a las 23:00:00 UTC-3","20 de agosto de 2026 a las 23:50:00 UTC-3","george kittle","./explore?q=george%20kittle&geo=US"
"johnny unitas","200+","21 de agosto de 2026 a las 1:20:00 UTC-3","21 de agosto de 2026 a las 2:30:00 UTC-3","johnny unitas","./explore?q=johnny%20unitas&geo=US"
"wral","200+","21 de agosto de 2026 a las 7:30:00 UTC-3","21 de agosto de 2026 a las 8:30:00 UTC-3","wral","./explore?q=wral&geo=US"
"truck accident attorney","100+","21 de agosto de 2026 a las 4:40:00 UTC-3","21 de agosto de 2026 a las 5:50:00 UTC-3","truck accident attorney","./explore?q=truck%20accident%20attorney&geo=US"
"prison break","200+","22 de agosto de 2026 a las 2:30:00 UTC-3","22 de agosto de 2026 a las 3:00:00 UTC-3","prison break","./explore?q=prison%20break&geo=US"
"sam raimi","100+","22 de agosto de 2026 a las 3:30:00 UTC-3","22 de agosto de 2026 a las 4:10:00 UTC-3","sam raimi","./explore?q=sam%20raimi&geo=US"
"luke shaw","100+","22 de agosto de 2026 a las 9:40:00 UTC-3","22 de agosto de 2026 a las 10:00:00 UTC-3","luke shaw","./explore?q=luke%20shaw&geo=US"
"diane warren","200+","21 de agosto de 2026 a las 9:20:00 UTC-3","21 de agosto de 2026 a las 10:20:00 UTC-3","diane warren","./explore?q=diane%20warren&geo=US"
"seguridad social","500+","21 de agosto de 2026 a las 1:20:00 UTC-3","21 de agosto de 2026 a las 7:50:00 UTC-3","seguridad social","./explore?q=seguridad%20social&geo=US"
"florida vs california ballot counting speed","200+","21 de agosto de 2026 a las 8:30:00 UTC-3","21 de agosto de 2026 a las 9:40:00 UTC-3","florida vs california ballot counting speed","./explore?q=florida%20vs%20california%20ballot%20counting%20speed&geo=US"
"alejandro kirk","200+","21 de agosto de 2026 a las 21:40:00 UTC-3","21 de agosto de 2026 a las 22:00:00 UTC-3","alejandro kirk","./explore?q=alejandro%20kirk&geo=US"
"sofi stadium","200+","20 de agosto de 2026 a las 23:50:00 UTC-3","21 de agosto de 2026 a las 2:00:00 UTC-3","sofi stadium","./explore?q=sofi%20stadium&geo=US"
"europe","200+","21 de agosto de 2026 a las 13:00:00 UTC-3","21 de agosto de 2026 a las 13:50:00 UTC-3","europe","./explore?q=europe&geo=US"
"lamelo ball","200+","21 de agosto de 2026 a las 8:40:00 UTC-3","21 de agosto de 2026 a las 9:40:00 UTC-3","lamelo ball","./explore?q=lamelo%20ball&geo=US"
"jason wilson gadsden al","100+","21 de agosto de 2026 a las 8:20:00 UTC-3","21 de agosto de 2026 a las 9:20:00 UTC-3","jason wilson gadsden al","./explore?q=jason%20wilson%20gadsden%20al&geo=US"
"ricky martin","200+","20 de agosto de 2026 a las 22:30:00 UTC-3","20 de agosto de 2026 a las 23:20:00 UTC-3","ricky martin","./explore?q=ricky%20martin&geo=US"
"jessica simpson","200+","21 de agosto de 2026 a las 9:20:00 UTC-3","21 de agosto de 2026 a las 10:10:00 UTC-3","jessica simpson","./explore?q=jessica%20simpson&geo=US"
"junior colson","200+","21 de agosto de 2026 a las 1:30:00 UTC-3","21 de agosto de 2026 a las 2:10:00 UTC-3","junior colson","./explore?q=junior%20colson&geo=US"
"fanduel","100+","21 de agosto de 2026 a las 5:30:00 UTC-3","21 de agosto de 2026 a las 7:30:00 UTC-3","fanduel","./explore?q=fanduel&geo=US"
"nurys mateo the challenge interview","100+","21 de agosto de 2026 a las 8:30:00 UTC-3","21 de agosto de 2026 a las 9:30:00 UTC-3","nurys mateo the challenge interview","./explore?q=nurys%20mateo%20the%20challenge%20interview&geo=US"
"thompson high school football","100+","21 de agosto de 2026 a las 7:50:00 UTC-3","21 de agosto de 2026 a las 9:00:00 UTC-3","thompson high school football","./explore?q=thompson%20high%20school%20football&geo=US"
"davis webb","200+","21 de agosto de 2026 a las 23:10:00 UTC-3","21 de agosto de 2026 a las 23:30:00 UTC-3","davis webb","./explore?q=davis%20webb&geo=US"
"paul goldschmidt","200+","21 de agosto de 2026 a las 22:30:00 UTC-3","21 de agosto de 2026 a las 22:50:00 UTC-3","paul goldschmidt","./explore?q=paul%20goldschmidt&geo=US"
"cfl","200+","22 de agosto de 2026 a las 1:20:00 UTC-3","22 de agosto de 2026 a las 1:40:00 UTC-3","cfl","./explore?q=cfl&geo=US"
"ilona maher","200+","20 de agosto de 2026 a las 22:50:00 UTC-3","20 de agosto de 2026 a las 23:30:00 UTC-3","ilona maher","./explore?q=ilona%20maher&geo=US"
"local weather","100+","21 de agosto de 2026 a las 7:20:00 UTC-3","21 de agosto de 2026 a las 8:10:00 UTC-3","local weather","./explore?q=local%20weather&geo=US"
"sydney colson","200+","20 de agosto de 2026 a las 22:30:00 UTC-3","20 de agosto de 2026 a las 23:10:00 UTC-3","sydney colson","./explore?q=sydney%20colson&geo=US"
"how did kyle busch die","200+","21 de agosto de 2026 a las 10:00:00 UTC-3","21 de agosto de 2026 a las 10:40:00 UTC-3","how did kyle busch die","./explore?q=how%20did%20kyle%20busch%20die&geo=US"
"dua lipa","200+","21 de agosto de 2026 a las 6:50:00 UTC-3","21 de agosto de 2026 a las 8:40:00 UTC-3","dua lipa","./explore?q=dua%20lipa&geo=US"
"grayson rodriguez","200+","21 de agosto de 2026 a las 0:00:00 UTC-3","21 de agosto de 2026 a las 0:40:00 UTC-3","grayson rodriguez","./explore?q=grayson%20rodriguez&geo=US"
"las vegas weather","100+","21 de agosto de 2026 a las 7:00:00 UTC-3","21 de agosto de 2026 a las 7:40:00 UTC-3","las vegas weather","./explore?q=las%20vegas%20weather&geo=US"
"jackson holliday","200+","20 de agosto de 2026 a las 22:30:00 UTC-3","20 de agosto de 2026 a las 23:00:00 UTC-3","jackson holliday","./explore?q=jackson%20holliday&geo=US"
"fidelity etf","200+","21 de agosto de 2026 a las 9:50:00 UTC-3","21 de agosto de 2026 a las 10:30:00 UTC-3","fidelity etf","./explore?q=fidelity%20etf&geo=US"
"elle fanning","200+","21 de agosto de 2026 a las 1:30:00 UTC-3","21 de agosto de 2026 a las 2:00:00 UTC-3","elle fanning","./explore?q=elle%20fanning&geo=US"
"twitch tv","100+","22 de agosto de 2026 a las 4:50:00 UTC-3","22 de agosto de 2026 a las 5:10:00 UTC-3","twitch tv","./explore?q=twitch%20tv&geo=US"
"xst","200+","21 de agosto de 2026 a las 2:40:00 UTC-3","21 de agosto de 2026 a las 3:10:00 UTC-3","xst","./explore?q=xst&geo=US"
"forecast","100+","21 de agosto de 2026 a las 7:20:00 UTC-3","21 de agosto de 2026 a las 8:10:00 UTC-3","forecast","./explore?q=forecast&geo=US"
"bill ackman","100+","21 de agosto de 2026 a las 8:20:00 UTC-3","21 de agosto de 2026 a las 8:50:00 UTC-3","bill ackman","./explore?q=bill%20ackman&geo=US"
"livakovic","200+","21 de agosto de 2026 a las 9:40:00 UTC-3","21 de agosto de 2026 a las 10:10:00 UTC-3","livakovic","./explore?q=livakovic&geo=US"
"fidelity crypto","200+","21 de agosto de 2026 a las 10:10:00 UTC-3","21 de agosto de 2026 a las 10:30:00 UTC-3","fidelity crypto","./explore?q=fidelity%20crypto&geo=US"
"morgan stanley","100+","21 de agosto de 2026 a las 7:00:00 UTC-3","21 de agosto de 2026 a las 7:30:00 UTC-3","morgan stanley","./explore?q=morgan%20stanley&geo=US"
"ct lottery","200+","21 de agosto de 2026 a las 7:20:00 UTC-3","21 de agosto de 2026 a las 7:40:00 UTC-3","ct lottery","./explore?q=ct%20lottery&geo=US"
"anne hathaway mother mary hbo max","100+","21 de agosto de 2026 a las 8:40:00 UTC-3","21 de agosto de 2026 a las 9:10:00 UTC-3","anne hathaway mother mary hbo max","./explore?q=anne%20hathaway%20mother%20mary%20hbo%20max&geo=US"
"croatia","200+","20 de agosto de 2026 a las 22:50:00 UTC-3","20 de agosto de 2026 a las 23:10:00 UTC-3","croatia","./explore?q=croatia&geo=US"
"corey seager","200+","20 de agosto de 2026 a las 22:40:00 UTC-3","20 de agosto de 2026 a las 23:00:00 UTC-3","corey seager","./explore?q=corey%20seager&geo=US"
"tiempo de hoy","100+","21 de agosto de 2026 a las 7:50:00 UTC-3","21 de agosto de 2026 a las 8:20:00 UTC-3","tiempo de hoy","./explore?q=tiempo%20de%20hoy&geo=US"
"new york knicks","100+","21 de agosto de 2026 a las 7:00:00 UTC-3","21 de agosto de 2026 a las 7:30:00 UTC-3","new york knicks","./explore?q=new%20york%20knicks&geo=US"
"buddy","200+","21 de agosto de 2026 a las 2:30:00 UTC-3","21 de agosto de 2026 a las 2:50:00 UTC-3","buddy","./explore?q=buddy&geo=US"