"Tendencias","Volumen de búsquedas","Inicio","Finalizada","Desglose de tendencias","Enlace a Explorar"
"gimnasia y esgrima - boca juniors","500 mil+","5 de septiembre de 2026 a las 15:30:00 UTC-3",,"gimnasia y esgrima - boca juniors,posiciones de gimnasia de mendoza contra boca juniors,boca,boca vs gimnasia de mendoza,gimnasia y esgrima vs. boca juniors,boca hoy,boca vs gimnasia,boca vs,boca juniors,gimnasia de mendoza,boca gimnasia,boca gimnasia de mendoza,gimnasia y esgirma vs boca,club atlético gimnasia y esgrima,como va boca,a qué hora juega boca,gimnasia de mendoza vs boca,alineaciones de gimnasia de mendoza contra boca juniors,ignacio sabatini,a que hora juega boca,gimnasia vs boca,gimnasia boca,dario franco,boca hoy partido,gimnasia y esgrima la plata,partido de boca hoy,esteban fernández,resultado de boca,boca vs gimnasia hoy,como va boca hoy,boca en vivo,estadísticas de gimnasia de mendoza contra boca juniors,gimnasia de mendoza contra boca juniors,alan velasco,a qué hora juega boca hoy,cómo salió boca juniors,resultado de boca hoy,a que hora juega boca hoy,esteban fernandez,posiciones de boca juniors,que hora juega boca,gimnasia y esgrima,gimnasia mendoza vs boca,boca va,qué hora juega boca,boca partidos,velasco,boca ahora","./explore?q=gimnasia%20y%20esgrima%20-%20boca%20juniors&geo=AR"
"inter miami - atlanta united","50 mil+","5 de septiembre de 2026 a las 19:40:00 UTC-3",,"inter miami - atlanta united,posiciones de inter miami contra atlanta united,inter miami,alineaciones de inter miami contra atlanta united,apple tv,inter miami hoy,inter miami cf,inter de miami,inter vs,futbol en vivo","./explore?q=inter%20miami%20-%20atlanta%20united&geo=AR"
"vélez - estudiantes","50 mil+","5 de septiembre de 2026 a las 20:20:00 UTC-3",,"vélez - estudiantes,velez vs estudiantes,velez vs,velez hoy,velez estudiantes,vélez vs. estudiantes,ronaldo martínez,vélez sársfield vs estudiantes,ronaldo martinez","./explore?q=v%C3%A9lez%20-%20estudiantes&geo=AR"
"san lorenzo - talleres","100 mil+","5 de septiembre de 2026 a las 18:10:00 UTC-3",,"san lorenzo - talleres,san lorenzo,san lorenzo hoy,san lorenzo vs talleres,san lorenzo vs,pelota libre boca hoy,talleres,san lorenzo vs. talleres,talleres vs san lorenzo,san lorenzo talleres,a qué hora juega talleres","./explore?q=san%20lorenzo%20-%20talleres&geo=AR"
"los palmeras","20 mil+","4 de septiembre de 2026 a las 19:50:00 UTC-3",,"los palmeras,ricardo stec,ricardo oveja stec los palmeras","./explore?q=los%20palmeras&geo=AR"
"us open","100 mil+","30 de agosto de 2026 a las 18:20:00 UTC-3",,"us open,usopen","./explore?q=us%20open&geo=AR"
"athletic - atlético madrid","50 mil+","5 de septiembre de 2026 a las 10:20:00 UTC-3",,"athletic - atlético madrid,atletico de madrid,atletico,atletico madrid,julián alvarez,cuti romero,atlético madrid,athletic vs. atlético madrid,la liga,athletic vs atlético madrid,liga española,laliga,atlético de madrid","./explore?q=athletic%20-%20atl%C3%A9tico%20madrid&geo=AR"
"cristian belec","20 mil+","5 de septiembre de 2026 a las 9:50:00 UTC-3",,"cristian belec","./explore?q=cristian%20belec&geo=AR"
"gimnasia - tigre","20 mil+","5 de septiembre de 2026 a las 13:40:00 UTC-3",,"gimnasia - tigre,gimnasia vs. tigre,gimnasia vs tigre,gelp,gimnasia tigre","./explore?q=gimnasia%20-%20tigre&geo=AR"
"manchester city - coventry city","20 mil+","5 de septiembre de 2026 a las 10:00:00 UTC-3",,"manchester city - coventry city,man city,manchester city vs. coventry city,erling haaland,man city vs coventry","./explore?q=manchester%20city%20-%20coventry%20city&geo=AR"
"us open 2026","20 mil+","30 de agosto de 2026 a las 9:20:00 UTC-3",,"us open 2026,wu yibing,usopen,roman safiullin,jaime faria,safiullin,sabalenka","./explore?q=us%20open%202026&geo=AR"
"santa fe - fortaleza","10 mil+","5 de septiembre de 2026 a las 19:30:00 UTC-3",,"santa fe - fortaleza","./explore?q=santa%20fe%20-%20fortaleza&geo=AR"
"margarita zabalza","10 mil+","5 de septiembre de 2026 a las 14:40:00 UTC-3",,"margarita zabalza,jueza margarita zabalza,margarita zabalza hijos","./explore?q=margarita%20zabalza&geo=AR"
"junín","5 mil+","5 de septiembre de 2026 a las 14:50:00 UTC-3",,"junín","./explore?q=jun%C3%ADn&geo=AR"
"adam sandler","5 mil+","5 de septiembre de 2026 a las 1:00:00 UTC-3",,"adam sandler","./explore?q=adam%20sandler&geo=AR"
"dia del hermano en argentina","10 mil+","5 de septiembre de 2026 a las 9:20:00 UTC-3",,"dia del hermano en argentina,5 de septiembre que se celebra,dia de los hermanos en argentina,día del hermano argentina,dia de que es hoy,cuando es el dia del hermano en argentina,día del hermano en argentina,dia mundial del hermano","./explore?q=dia%20del%20hermano%20en%20argentina&geo=AR"
"tuli acosta","5 mil+","5 de septiembre de 2026 a las 21:40:00 UTC-3",,"tuli acosta,tuli acosta quien es,tuli","./explore?q=tuli%20acosta&geo=AR"
"inter miami vs atlanta united","5 mil+","5 de septiembre de 2026 a las 20:40:00 UTC-3",,"inter miami vs atlanta united,inter miami vs. atlanta united,breel embolo,embolo,miguel almirón,atlanta","./explore?q=inter%20miami%20vs%20atlanta%20united&geo=AR"
"johnny depp","2 mil+","5 de septiembre de 2026 a las 21:40:00 UTC-3",,"johnny depp","./explore?q=johnny%20depp&geo=AR"
"graupel que es","10 mil+","5 de septiembre de 2026 a las 9:10:00 UTC-3",,"graupel que es,que es graupel,nieve,qué es graupel,que es graupel?,clima bahia blanca","./explore?q=graupel%20que%20es&geo=AR"
"fluminense - vasco da gama","2 mil+","5 de septiembre de 2026 a las 20:10:00 UTC-3",,"fluminense - vasco da gama","./explore?q=fluminense%20-%20vasco%20da%20gama&geo=AR"
"romina yan","5 mil+","5 de septiembre de 2026 a las 16:20:00 UTC-3",,"romina yan","./explore?q=romina%20yan&geo=AR"
"presupuesto","2 mil+","5 de septiembre de 2026 a las 17:30:00 UTC-3",,"presupuesto","./explore?q=presupuesto&geo=AR"
"posiciones de colon de santa fe contra deportivo morón","20 mil+","5 de septiembre de 2026 a las 19:10:00 UTC-3",,"posiciones de colon de santa fe contra deportivo morón,colón - deportivo morón,colon,colon de santa fe,colon hoy,colon vs,deportivo moron,colon vs moron,moron vs,colón vs. deportivo morón","./explore?q=posiciones%20de%20colon%20de%20santa%20fe%20contra%20deportivo%20mor%C3%B3n&geo=AR"
"7 de septiembre","5 mil+","5 de septiembre de 2026 a las 23:30:00 UTC-3",,"7 de septiembre","./explore?q=7%20de%20septiembre&geo=AR"
"5 de septiembre","5 mil+","5 de septiembre de 2026 a las 9:20:00 UTC-3",,"5 de septiembre","./explore?q=5%20de%20septiembre&geo=AR"
"ola de frío","20 mil+","5 de septiembre de 2026 a las 17:10:00 UTC-3",,"ola de frío,frío,hielo,masa de aire,pronostico caba,temperatura,temperatura caba,temperatura buenos aires","./explore?q=ola%20de%20fr%C3%ADo&geo=AR"
"8 de septiembre","5 mil+","4 de septiembre de 2026 a las 22:10:00 UTC-3",,"8 de septiembre","./explore?q=8%20de%20septiembre&geo=AR"
"vélez - boca juniors","500 mil+","2 de septiembre de 2026 a las 20:20:00 UTC-3","4 de septiembre de 2026 a las 22:10:00 UTC-3","vélez - boca juniors,velez,vélez,partido de boca,cómo va boca,velez sarsfield,partido boca","./explore?q=v%C3%A9lez%20-%20boca%20juniors&geo=AR"
"f1 monza","20 mil+","5 de septiembre de 2026 a las 7:30:00 UTC-3",,"f1 monza,clasificacion f1,monza f1,gasly,gran premio de italia,clasificación f1 hoy,qualy f1,f1 clasificacion,autodromo nacional de monza,colapinto,clasificacion f1 monza,monza,gp monza 2026,f1 franco colapinto,formula 1 horario,alpine f1 team,alpine,f1 en vivo,colapinto hoy,f1 qualy,clasificacion f1 hoy,fórmula 1 clasificación,clasificación f1,fórmula 1,a qué hora es la clasificación de la fórmula 1,formula 1 en vivo,gp f1 monza,fp3 monza,f1 libre,qualy f1 hoy,franco colapinto f1","./explore?q=f1%20monza&geo=AR"
"mar","1 mil+","5 de septiembre de 2026 a las 21:30:00 UTC-3",,"mar","./explore?q=mar&geo=AR"
"la joaqui","2 mil+","5 de septiembre de 2026 a las 10:50:00 UTC-3",,"la joaqui,luck ra,joaqui","./explore?q=la%20joaqui&geo=AR"
"aldosivi - banfield","20 mil+","5 de septiembre de 2026 a las 13:00:00 UTC-3","6 de septiembre de 2026 a las 1:00:00 UTC-3","aldosivi - banfield,aldosivi,aldosivi vs banfield,aldosivi vs. banfield","./explore?q=aldosivi%20-%20banfield&geo=AR"
"belgrano - huracán","50 mil+","4 de septiembre de 2026 a las 18:10:00 UTC-3","5 de septiembre de 2026 a las 20:40:00 UTC-3","belgrano - huracán,posiciones de club atlético belgrano contra club atlético huracán,belgrano,belgrano hoy,belgrano vs,belgrano vs huracan,belgrano vs. huracán,belgrano vs huracán,club atlético belgrano,belgrano huracan,huracan hoy","./explore?q=belgrano%20-%20hurac%C3%A1n&geo=AR"
"inter - napoli","10 mil+","5 de septiembre de 2026 a las 12:20:00 UTC-3","6 de septiembre de 2026 a las 1:20:00 UTC-3","inter - napoli,inter napoli,napoli","./explore?q=inter%20-%20napoli&geo=AR"
"desastre","500+","5 de septiembre de 2026 a las 23:00:00 UTC-3",,"desastre","./explore?q=desastre&geo=AR"
"qualy monza","2 mil+","5 de septiembre de 2026 a las 12:20:00 UTC-3",,"qualy monza","./explore?q=qualy%20monza&geo=AR"
"jim thornton","2 mil+","5 de septiembre de 2026 a las 18:10:00 UTC-3",,"jim thornton,chat","./explore?q=jim%20thornton&geo=AR"
"alexander zverev","1 mil+","6 de septiembre de 2026 a las 0:00:00 UTC-3",,"alexander zverev,tabilo","./explore?q=alexander%20zverev&geo=AR"
"posiciones de betis contra real madrid","100 mil+","4 de septiembre de 2026 a las 18:20:00 UTC-3","5 de septiembre de 2026 a las 19:10:00 UTC-3","posiciones de betis contra real madrid,real betis - real madrid,real madrid,real madrid vs,betis,real madrid hoy,liga española,real betis","./explore?q=posiciones%20de%20betis%20contra%20real%20madrid&geo=AR"
"platense - deportivo riestra","20 mil+","4 de septiembre de 2026 a las 18:20:00 UTC-3","5 de septiembre de 2026 a las 20:20:00 UTC-3","platense - deportivo riestra,posiciones de platense contra deportivo riestra,riestra,platense vs riestra,platense vs. deportivo riestra","./explore?q=platense%20-%20deportivo%20riestra&geo=AR"
"johnny","500+","5 de septiembre de 2026 a las 23:00:00 UTC-3",,"johnny","./explore?q=johnny&geo=AR"
"argentina - australia","20 mil+","5 de septiembre de 2026 a las 17:50:00 UTC-3","5 de septiembre de 2026 a las 21:10:00 UTC-3","argentina - australia,los pumas,pumas,pumas vs australia,los pumas vs australia,los pumas hoy,los pumas en mendoza,pumas rugby,pumas hoy,pumas australia,pumas vs,argentina vs australia","./explore?q=argentina%20-%20australia&geo=AR"
"camión","10 mil+","5 de septiembre de 2026 a las 11:40:00 UTC-3","5 de septiembre de 2026 a las 23:20:00 UTC-3","camión","./explore?q=cami%C3%B3n&geo=AR"
"tres arroyos","5 mil+","5 de septiembre de 2026 a las 7:50:00 UTC-3","6 de septiembre de 2026 a las 1:10:00 UTC-3","tres arroyos,granja tres arroyos","./explore?q=tres%20arroyos&geo=AR"
"11 de septiembre","500+","5 de septiembre de 2026 a las 21:40:00 UTC-3",,"11 de septiembre","./explore?q=11%20de%20septiembre&geo=AR"
"psg - mónaco","20 mil+","4 de septiembre de 2026 a las 15:20:00 UTC-3","5 de septiembre de 2026 a las 17:20:00 UTC-3","psg - mónaco,posiciones de psg contra as mónaco","./explore?q=psg%20-%20m%C3%B3naco&geo=AR"
"chacarita","10 mil+","5 de septiembre de 2026 a las 14:50:00 UTC-3","5 de septiembre de 2026 a las 21:10:00 UTC-3","chacarita,chacarita - atlanta,chacarita atlanta,chacarita hoy,chacarita vs atlanta,chacarita vs. atlanta,chacarita vs,chaca vs atlanta,atlanta chacarita,atlanta vs chacarita","./explore?q=chacarita&geo=AR"
"carla jeffery murio","20 mil+","3 de septiembre de 2026 a las 18:10:00 UTC-3","5 de septiembre de 2026 a las 15:40:00 UTC-3","carla jeffery murio,carla jeffery,icarly","./explore?q=carla%20jeffery%20murio&geo=AR"
"manchester city","20 mil+","5 de septiembre de 2026 a las 10:30:00 UTC-3","5 de septiembre de 2026 a las 16:40:00 UTC-3","manchester city,city,manchester city vs,city vs","./explore?q=manchester%20city&geo=AR"
"terremoto","10 mil+","5 de septiembre de 2026 a las 13:30:00 UTC-3","5 de septiembre de 2026 a las 22:00:00 UTC-3","terremoto","./explore?q=terremoto&geo=AR"
"schalke 04 - bayern","10 mil+","5 de septiembre de 2026 a las 12:40:00 UTC-3","5 de septiembre de 2026 a las 21:00:00 UTC-3","schalke 04 - bayern","./explore?q=schalke%2004%20-%20bayern&geo=AR"
"banfield - river plate","200 mil+","30 de agosto de 2026 a las 14:00:00 UTC-3","1 de septiembre de 2026 a las 1:10:00 UTC-3","banfield - river plate","./explore?q=banfield%20-%20river%20plate&geo=AR"
"iva jovic","2 mil+","5 de septiembre de 2026 a las 21:00:00 UTC-3","6 de septiembre de 2026 a las 0:30:00 UTC-3","iva jovic,alexandra eala,eala,jovic iva","./explore?q=iva%20jovic&geo=AR"
"mont blanc","10 mil+","4 de septiembre de 2026 a las 16:40:00 UTC-3","5 de septiembre de 2026 a las 20:40:00 UTC-3","mont blanc,macizo del mont blanc","./explore?q=mont%20blanc&geo=AR"
"philadelphia - montréal","1 mil+","5 de septiembre de 2026 a las 20:00:00 UTC-3","6 de septiembre de 2026 a las 1:20:00 UTC-3","philadelphia - montréal","./explore?q=philadelphia%20-%20montr%C3%A9al&geo=AR"
"mattia colnaghi","2 mil+","5 de septiembre de 2026 a las 11:50:00 UTC-3","6 de septiembre de 2026 a las 0:30:00 UTC-3","mattia colnaghi","./explore?q=mattia%20colnaghi&geo=AR"
"roma - atalanta","5 mil+","5 de septiembre de 2026 a las 14:50:00 UTC-3","5 de septiembre de 2026 a las 21:20:00 UTC-3","roma - atalanta,roma,serie a","./explore?q=roma%20-%20atalanta&geo=AR"
"quiebra","20 mil+","3 de septiembre de 2026 a las 19:00:00 UTC-3","5 de septiembre de 2026 a las 0:40:00 UTC-3","quiebra,musimundo,datachaco","./explore?q=quiebra&geo=AR"
"juan pablo quinteros","20 mil+","4 de septiembre de 2026 a las 15:20:00 UTC-3","5 de septiembre de 2026 a las 13:10:00 UTC-3","juan pablo quinteros,estudiante,mariano martinez,mariano martinez desaparecido,la plata,canal 26,mariano martínez,mariano martinez estudiante desaparecido,la 100 en vivo","./explore?q=juan%20pablo%20quinteros&geo=AR"
"cerundolo","5 mil+","5 de septiembre de 2026 a las 13:00:00 UTC-3","5 de septiembre de 2026 a las 20:30:00 UTC-3","cerundolo","./explore?q=cerundolo&geo=AR"
"eclipse solar","2 mil+","5 de septiembre de 2026 a las 16:20:00 UTC-3","6 de septiembre de 2026 a las 0:30:00 UTC-3","eclipse solar","./explore?q=eclipse%20solar&geo=AR"
"boca vs velez","500 mil+","2 de septiembre de 2026 a las 17:30:00 UTC-3","3 de septiembre de 2026 a las 10:20:00 UTC-3","boca vs velez,boca,boca velez,copa argentina,vélez vs. boca juniors,boca hoy,velez vs boca,club atlético boca juniors,velez boca,boca vs,boca juniors,velez,boca vs vélez,boca velez copa argentina,boca juniors vs vélez,tyc sports en vivo,a que hora juega boca,boca vs velez copa argentina,como va boca,a qué hora juega boca,vélez sársfield vs boca,cómo va boca,a qué hora juega boca vélez,montero,boca vélez,boca juniors vs vélez copa argentina,boca en vivo,tyc sport en vivo,a qué hora juega boca hoy,velez hoy,partido boca hoy,velez vs,a que hora juega boca hoy,álvaro montero,milton delgado,a qué hora juega boca juniors,donde ver boca velez,a qué hora juega boca y vélez,tyc,montero boca,que hora juega boca,boca vs velez en vivo,boca y velez,resultado de boca,cómo salió boca vélez,cómo va boca vélez,qué hora juega boca,club atlético vélez sarsfield contra boca juniors,argentina vs,alvaro montero,montero arquero,resultado boca hoy,arquero de boca,partido de boca hoy en vivo,boca ahora,boca partido,dilan godoy,marchiori,lautaro blanco,montero arquero de boca,cómo salió el partido de boca,belmonte,estadio mario alberto kempes,partido boca velez,penales boca velez,boca va,river copa argentina,bica vs,velez boca copa argentina,boca velez hoy,boca.,cómo va boca y vélez,boca juniors hoy,velez sarsfield,boca versus vélez,boca vele,partido de boca en vivo,partido,boca partido hoy,boca jrs,donde ver el partido de boca,carlos palacios,ver tyc sport en vivo,por donde pasan el partido de boca,resultado boca,boca copa argentina,bica velez,boca vs velez donde ver,hinchada,tyc en vivo","./explore?q=boca%20vs%20velez&geo=AR"
"francisco cerúndolo","20 mil+","5 de septiembre de 2026 a las 12:50:00 UTC-3","5 de septiembre de 2026 a las 18:30:00 UTC-3","francisco cerúndolo,taylor fritz,cerundolo,fritz,cerundolo hoy,juan manuel cerúndolo,primera,ranking atp,cerundolo francisco,jan-lennard struff,struff,nadia podoroska,filip misolic,camilo ugo carabelli,cerundolo juan manuel","./explore?q=francisco%20cer%C3%BAndolo&geo=AR"
"claudio tapia","2 mil+","5 de septiembre de 2026 a las 15:30:00 UTC-3","6 de septiembre de 2026 a las 0:00:00 UTC-3","claudio tapia","./explore?q=claudio%20tapia&geo=AR"
"jubilación","20 mil+","4 de septiembre de 2026 a las 15:20:00 UTC-3","5 de septiembre de 2026 a las 1:40:00 UTC-3","jubilación,bono jubilados,fecha de cobro jubilados 2026,calendario septiembre 2026,calendario","./explore?q=jubilaci%C3%B3n&geo=AR"
"universitario - comerciantes unidos","500+","5 de septiembre de 2026 a las 22:20:00 UTC-3","6 de septiembre de 2026 a las 1:10:00 UTC-3","universitario - comerciantes unidos,universitario","./explore?q=universitario%20-%20comerciantes%20unidos&geo=AR"
"fin de semana","100 mil+","31 de agosto de 2026 a las 4:20:00 UTC-3","2 de septiembre de 2026 a las 0:00:00 UTC-3","fin de semana,feriados","./explore?q=fin%20de%20semana&geo=AR"
"posiciones de tristán suárez contra san martín de tucumán","5 mil+","5 de septiembre de 2026 a las 17:10:00 UTC-3","5 de septiembre de 2026 a las 21:50:00 UTC-3","posiciones de tristán suárez contra san martín de tucumán,san martin de tucuman,tristan suarez","./explore?q=posiciones%20de%20trist%C3%A1n%20su%C3%A1rez%20contra%20san%20mart%C3%ADn%20de%20tucum%C3%A1n&geo=AR"
"al ittihad - al-nassr","5 mil+","5 de septiembre de 2026 a las 14:10:00 UTC-3","5 de septiembre de 2026 a las 18:20:00 UTC-3","al ittihad - al-nassr,posiciones de al ittihad contra al-nassr","./explore?q=al%20ittihad%20-%20al-nassr&geo=AR"
"chino leunis","1 mil+","5 de septiembre de 2026 a las 22:00:00 UTC-3","6 de septiembre de 2026 a las 0:30:00 UTC-3","chino leunis","./explore?q=chino%20leunis&geo=AR"
"milei","50 mil+","3 de septiembre de 2026 a las 19:10:00 UTC-3","4 de septiembre de 2026 a las 17:50:00 UTC-3","milei,malvinas,cadena nacional,cadena nacional milei,islas malvinas,milei malvinas,que dijo milei sobre las malvinas,petróleo,como,milei cadena nacional,presupuesto,luis caputo,a que hora es la cadena nacional hoy,a que hora habla milei,javier milei,discurso de milei,decreto,que dijo milei,pagina 12,a que hora es la cadena nacional de milei,cadena nacional malvinas,cadena nacional hoy,discurso de milei hoy,que dijo milei en cadena nacional,reino unido,lanacion,a que hora es la cadena nacional,paso,discurso milei,a que hora habla milei en cadena nacional","./explore?q=milei&geo=AR"
"morfina","50 mil+","31 de agosto de 2026 a las 11:00:00 UTC-3","3 de septiembre de 2026 a las 12:10:00 UTC-3","morfina","./explore?q=morfina&geo=AR"
"são paulo - atlético mineiro","2 mil+","5 de septiembre de 2026 a las 17:40:00 UTC-3","5 de septiembre de 2026 a las 22:40:00 UTC-3","são paulo - atlético mineiro","./explore?q=s%C3%A3o%20paulo%20-%20atl%C3%A9tico%20mineiro&geo=AR"
"susurran tu nombre","1 mil+","5 de septiembre de 2026 a las 23:00:00 UTC-3","6 de septiembre de 2026 a las 1:00:00 UTC-3","susurran tu nombre,susurran tu nombre reparto,susurran tu nombre pelicula","./explore?q=susurran%20tu%20nombre&geo=AR"
"alberto iribarne","1 mil+","5 de septiembre de 2026 a las 13:00:00 UTC-3","5 de septiembre de 2026 a las 23:50:00 UTC-3","alberto iribarne","./explore?q=alberto%20iribarne&geo=AR"
"solange abraham","10 mil+","4 de septiembre de 2026 a las 15:20:00 UTC-3","5 de septiembre de 2026 a las 14:30:00 UTC-3","solange abraham","./explore?q=solange%20abraham&geo=AR"
"fábrica","2 mil+","5 de septiembre de 2026 a las 15:40:00 UTC-3","5 de septiembre de 2026 a las 21:30:00 UTC-3","fábrica","./explore?q=f%C3%A1brica&geo=AR"
"empresario","2 mil+","5 de septiembre de 2026 a las 9:00:00 UTC-3","5 de septiembre de 2026 a las 19:00:00 UTC-3","empresario","./explore?q=empresario&geo=AR"
"hull city - aston villa","5 mil+","5 de septiembre de 2026 a las 12:40:00 UTC-3","5 de septiembre de 2026 a las 19:10:00 UTC-3","hull city - aston villa,premier league","./explore?q=hull%20city%20-%20aston%20villa&geo=AR"
"villarreal - deportivo","2 mil+","5 de septiembre de 2026 a las 15:20:00 UTC-3","5 de septiembre de 2026 a las 21:00:00 UTC-3","villarreal - deportivo,villarreal,la liga","./explore?q=villarreal%20-%20deportivo&geo=AR"
"posiciones de independiente del valle contra macará","1 mil+","5 de septiembre de 2026 a las 22:20:00 UTC-3","6 de septiembre de 2026 a las 0:20:00 UTC-3","posiciones de independiente del valle contra macará,independiente del valle - macará","./explore?q=posiciones%20de%20independiente%20del%20valle%20contra%20macar%C3%A1&geo=AR"
"puerto iguazú","1 mil+","5 de septiembre de 2026 a las 15:30:00 UTC-3","5 de septiembre de 2026 a las 23:10:00 UTC-3","puerto iguazú","./explore?q=puerto%20iguaz%C3%BA&geo=AR"
"boris johnson","2 mil+","5 de septiembre de 2026 a las 14:30:00 UTC-3","5 de septiembre de 2026 a las 22:40:00 UTC-3","boris johnson","./explore?q=boris%20johnson&geo=AR"
"cascada","5 mil+","3 de septiembre de 2026 a las 22:20:00 UTC-3","5 de septiembre de 2026 a las 20:50:00 UTC-3","cascada","./explore?q=cascada&geo=AR"
"jorgelina vidal","5 mil+","4 de septiembre de 2026 a las 22:20:00 UTC-3","5 de septiembre de 2026 a las 14:20:00 UTC-3","jorgelina vidal","./explore?q=jorgelina%20vidal&geo=AR"
"piastri","10 mil+","5 de septiembre de 2026 a las 17:10:00 UTC-3","5 de septiembre de 2026 a las 23:40:00 UTC-3","piastri,f1","./explore?q=piastri&geo=AR"
"paula chaves","1 mil+","5 de septiembre de 2026 a las 22:10:00 UTC-3","5 de septiembre de 2026 a las 23:50:00 UTC-3","paula chaves","./explore?q=paula%20chaves&geo=AR"
"cerro chapelco","2 mil+","5 de septiembre de 2026 a las 15:00:00 UTC-3","5 de septiembre de 2026 a las 22:10:00 UTC-3","cerro chapelco,chapelco","./explore?q=cerro%20chapelco&geo=AR"
"independiente rivadavia - racing","200 mil+","30 de agosto de 2026 a las 20:30:00 UTC-3","31 de agosto de 2026 a las 23:10:00 UTC-3","independiente rivadavia - racing,posiciones de independiente rivadavia contra racing club,racing vs,racing vs independiente rivadavia,racing hoy,racing club,independiente rivadavia vs. racing,independiente rivadavia vs racing club,futbol,racing vs independiente,racing independiente rivadavia,independiente rivadavia hoy,club sportivo independiente rivadavia","./explore?q=independiente%20rivadavia%20-%20racing&geo=AR"
"ruta nacional 40","2 mil+","5 de septiembre de 2026 a las 11:40:00 UTC-3","5 de septiembre de 2026 a las 21:50:00 UTC-3","ruta nacional 40","./explore?q=ruta%20nacional%2040&geo=AR"
"ipswich - liverpool","10 mil+","4 de septiembre de 2026 a las 15:10:00 UTC-3","5 de septiembre de 2026 a las 9:10:00 UTC-3","ipswich - liverpool,liverpool fc,posiciones de ipswich town football club contra liverpool fc","./explore?q=ipswich%20-%20liverpool&geo=AR"
"inter","5 mil+","5 de septiembre de 2026 a las 13:30:00 UTC-3","5 de septiembre de 2026 a las 18:10:00 UTC-3","inter,inter milan,inter vs napoli,inter vs. napoli","./explore?q=inter&geo=AR"
"documento de identidad electrónico","10 mil+","3 de septiembre de 2026 a las 17:40:00 UTC-3","5 de septiembre de 2026 a las 1:30:00 UTC-3","documento de identidad electrónico","./explore?q=documento%20de%20identidad%20electr%C3%B3nico&geo=AR"
"messi","100 mil+","31 de agosto de 2026 a las 12:00:00 UTC-3","2 de septiembre de 2026 a las 8:20:00 UTC-3","messi,leo messi,carta de messi,messi se retira,messi se retira de la selección 2026,messi hoy,se retiro messi,messi se retiro,se retiro messi de la seleccion,messi se retira de argentina,que paso con messi,messi seleccion,messi retiro,messi se retira de la selección,messi deja la selección,selección de fútbol de argentina,diego maradona,se retira messi de la selección argentina,celia maría cuccittini,se retira messi,messi se retiró de la selección,messi se retira de la seleccion,scaloni,antonela roccuzzo,empresario,messi se retiro?,seleccion argentina,copa america,se retiró messi,paredes,clarin,de paul,se retira messi de la seleccion,messi se retiró?,messi argentina,retiro de messi,messi se retiró,messi se retira?,del potro,nico paz,messi retiro seleccion,messi se retira de la selección argentina 2026,messi anuncio su retiro de la seleccion,messi se retiro de la seleccion,messi se retiro de la selección,messi selección,messi instagram,messi anuncio su retiro de la selección,messi edad,messi con la copa del mundo,lanacion,messi se va de la seleccion,messi deja la seleccion,q paso con messi,carta messi,messi se va a retirar de la selección argentina,diario ole,mac allister,afa,dybala","./explore?q=messi&geo=AR"
"padre","5 mil+","4 de septiembre de 2026 a las 19:00:00 UTC-3","5 de septiembre de 2026 a las 16:40:00 UTC-3","padre","./explore?q=padre&geo=AR"
"crédito","5 mil+","5 de septiembre de 2026 a las 7:20:00 UTC-3","5 de septiembre de 2026 a las 17:30:00 UTC-3","crédito","./explore?q=cr%C3%A9dito&geo=AR"
"helicóptero","2 mil+","5 de septiembre de 2026 a las 16:00:00 UTC-3","5 de septiembre de 2026 a las 20:40:00 UTC-3","helicóptero","./explore?q=helic%C3%B3ptero&geo=AR"
"china suárez","500+","5 de septiembre de 2026 a las 22:00:00 UTC-3","6 de septiembre de 2026 a las 0:30:00 UTC-3","china suárez","./explore?q=china%20su%C3%A1rez&geo=AR"
"barcelona - rayo vallecano","100 mil+","31 de agosto de 2026 a las 15:50:00 UTC-3","1 de septiembre de 2026 a las 19:00:00 UTC-3","barcelona - rayo vallecano,posiciones de fc barcelona contra rayo vallecano,barcelona vs rayo vallecano,barcelona vs. rayo vallecano,fc barcelona","./explore?q=barcelona%20-%20rayo%20vallecano&geo=AR"
"fiorentina - torino","5 mil+","5 de septiembre de 2026 a las 9:20:00 UTC-3","5 de septiembre de 2026 a las 15:30:00 UTC-3","fiorentina - torino,fiorentina","./explore?q=fiorentina%20-%20torino&geo=AR"
"actor","2 mil+","5 de septiembre de 2026 a las 18:50:00 UTC-3","6 de septiembre de 2026 a las 0:50:00 UTC-3","actor,bruce campbell","./explore?q=actor&geo=AR"
"córdoba","10 mil+","4 de septiembre de 2026 a las 15:00:00 UTC-3","5 de septiembre de 2026 a las 10:30:00 UTC-3","córdoba","./explore?q=c%C3%B3rdoba&geo=AR"
"naomi osaka","500+","5 de septiembre de 2026 a las 20:50:00 UTC-3","5 de septiembre de 2026 a las 23:50:00 UTC-3","naomi osaka,elise mertens","./explore?q=naomi%20osaka&geo=AR"
"callejero fino","50 mil+","30 de agosto de 2026 a las 15:10:00 UTC-3","4 de septiembre de 2026 a las 2:50:00 UTC-3","callejero fino,camioneta,detuvieron a callejero fino,callejero fino preso,callejero fino detenido,que paso con callejero fino","./explore?q=callejero%20fino&geo=AR"
"sebastián d'angelo","2 mil+","5 de septiembre de 2026 a las 11:20:00 UTC-3","5 de septiembre de 2026 a las 21:40:00 UTC-3","sebastián d'angelo","./explore?q=sebasti%C3%A1n%20d%27angelo&geo=AR"
"nehuén pérez","10 mil+","4 de septiembre de 2026 a las 7:40:00 UTC-3","5 de septiembre de 2026 a las 2:30:00 UTC-3","nehuén pérez","./explore?q=nehu%C3%A9n%20p%C3%A9rez&geo=AR"
"miss mundo 2026","500+","5 de septiembre de 2026 a las 20:30:00 UTC-3","6 de septiembre de 2026 a las 0:00:00 UTC-3","miss mundo 2026","./explore?q=miss%20mundo%202026&geo=AR"
"nottingham forest - tottenham","2 mil+","5 de septiembre de 2026 a las 10:10:00 UTC-3","5 de septiembre de 2026 a las 16:30:00 UTC-3","nottingham forest - tottenham","./explore?q=nottingham%20forest%20-%20tottenham&geo=AR"
"horacio pagani","10 mil+","3 de septiembre de 2026 a las 16:00:00 UTC-3","4 de septiembre de 2026 a las 19:10:00 UTC-3","horacio pagani","./explore?q=horacio%20pagani&geo=AR"
"mónica cahen d'anvers","20 mil+","2 de septiembre de 2026 a las 7:30:00 UTC-3","3 de septiembre de 2026 a las 20:50:00 UTC-3","mónica cahen d'anvers","./explore?q=m%C3%B3nica%20cahen%20d%27anvers&geo=AR"
"2027","10 mil+","3 de septiembre de 2026 a las 19:30:00 UTC-3","5 de septiembre de 2026 a las 10:00:00 UTC-3","2027","./explore?q=2027&geo=AR"
"alexander blockx","1 mil+","5 de septiembre de 2026 a las 16:20:00 UTC-3","6 de septiembre de 2026 a las 0:10:00 UTC-3","alexander blockx,cobolli","./explore?q=alexander%20blockx&geo=AR"
"freddie mercury","2 mil+","5 de septiembre de 2026 a las 8:30:00 UTC-3","5 de septiembre de 2026 a las 23:30:00 UTC-3","freddie mercury","./explore?q=freddie%20mercury&geo=AR"
"newcastle - bournemouth","5 mil+","5 de septiembre de 2026 a las 7:50:00 UTC-3","5 de septiembre de 2026 a las 14:10:00 UTC-3","newcastle - bournemouth,newcastle","./explore?q=newcastle%20-%20bournemouth&geo=AR"
"everton - u. católica","1 mil+","5 de septiembre de 2026 a las 18:10:00 UTC-3","5 de septiembre de 2026 a las 21:30:00 UTC-3","everton - u. católica,posiciones de everton de viña del mar contra u. católica","./explore?q=everton%20-%20u.%20cat%C3%B3lica&geo=AR"
"u. de chile - coquimbo unido","500+","5 de septiembre de 2026 a las 21:00:00 UTC-3","6 de septiembre de 2026 a las 0:10:00 UTC-3","u. de chile - coquimbo unido","./explore?q=u.%20de%20chile%20-%20coquimbo%20unido&geo=AR"
"manto terrestre","10 mil+","31 de agosto de 2026 a las 16:30:00 UTC-3","5 de septiembre de 2026 a las 0:20:00 UTC-3","manto terrestre","./explore?q=manto%20terrestre&geo=AR"
"estudiantes - newell's","50 mil+","31 de agosto de 2026 a las 18:10:00 UTC-3","1 de septiembre de 2026 a las 21:00:00 UTC-3","estudiantes - newell's,posiciones de estudiantes de la plata contra club atlético newell's old boys,estudiantes vs newell's,nob,estudiantes vs. newell's,estudiantes de la plata,estudiantes hoy,estudiantes,newells vs,edlp,estudiantes vs,newells hoy","./explore?q=estudiantes%20-%20newell%27s&geo=AR"
"danubio - peñarol","2 mil+","5 de septiembre de 2026 a las 14:20:00 UTC-3","5 de septiembre de 2026 a las 19:10:00 UTC-3","danubio - peñarol","./explore?q=danubio%20-%20pe%C3%B1arol&geo=AR"
"independiente - gimnasia y esgrima","100 mil+","30 de agosto de 2026 a las 18:20:00 UTC-3","31 de agosto de 2026 a las 15:30:00 UTC-3","independiente - gimnasia y esgrima,posiciones de club atlético independiente contra gimnasia de mendoza,independiente,independiente vs,independiente hoy,gimnasia de mendoza,independiente vs. gimnasia y esgrima,lencioni,facundo lencioni,argentinos,independiente vs gimnasia de mendoza,club atlético gimnasia y esgrima,jadson viera,independiente vs gimnasia y esgirma,independiente vs gimnasia,tyc sports en vivo,esteban fernández,independiente vs gimnasia mendoza,gimnasia mendoza","./explore?q=independiente%20-%20gimnasia%20y%20esgrima&geo=AR"
"posiciones de banfield contra river plate","200 mil+","30 de agosto de 2026 a las 17:00:00 UTC-3","31 de agosto de 2026 a las 17:10:00 UTC-3","posiciones de banfield contra river plate,river,banfield vs. river plate,banfield vs river,river banfield,river vs,banfield,banfield river,river plate,river hoy,posiciones de banfield contra river,river plate vs banfield,thiago almada,cómo salió river,club atlético river plate,cómo va river,ruso rodriguez,riber,partido de river,club atlético banfield,futbol en vivo,leo ponzio,cómo salió river hoy,river hoy en vivo,angel correa,pelota,sebastián driussi,bruno sepúlveda,river va,partido river vs banfield,driussi,river en vivo,futbol argentino,river.,partido river,sepulveda banfield,almada,liga profesional,correa,a qué hora juega river banfield,cómo va river plate,river partido,river ahora,tnt sports en vivo,river plate vs,radio mitre en vivo,cómo va river banfield,river vs banfield en vivo,river vs banfiel,river versus banfield,ponzio river","./explore?q=posiciones%20de%20banfield%20contra%20river%20plate&geo=AR"
"ia-63 pampa","5 mil+","5 de septiembre de 2026 a las 14:40:00 UTC-3","5 de septiembre de 2026 a las 21:30:00 UTC-3","ia-63 pampa,aterrizaje","./explore?q=ia-63%20pampa&geo=AR"
"bbc news mundo","1 mil+","5 de septiembre de 2026 a las 18:40:00 UTC-3","5 de septiembre de 2026 a las 22:30:00 UTC-3","bbc news mundo","./explore?q=bbc%20news%20mundo&geo=AR"
"elba marcovecchio","500+","5 de septiembre de 2026 a las 22:10:00 UTC-3","5 de septiembre de 2026 a las 23:50:00 UTC-3","elba marcovecchio,ana rosenfeld","./explore?q=elba%20marcovecchio&geo=AR"
"reinaldo merlo","2 mil+","5 de septiembre de 2026 a las 0:10:00 UTC-3","5 de septiembre de 2026 a las 15:20:00 UTC-3","reinaldo merlo,mostaza merlo","./explore?q=reinaldo%20merlo&geo=AR"
"antonio mohamed","500+","5 de septiembre de 2026 a las 20:00:00 UTC-3","5 de septiembre de 2026 a las 23:00:00 UTC-3","antonio mohamed","./explore?q=antonio%20mohamed&geo=AR"
"instituto - san lorenzo","50 mil+","31 de agosto de 2026 a las 20:20:00 UTC-3","1 de septiembre de 2026 a las 23:00:00 UTC-3","instituto - san lorenzo,instituto,instituto vs,instituto vs. san lorenzo,instituto hoy,san lorenzo vs,instituto atlético central córdoba,san lorenzo vs instituto,instituto san lorenzo","./explore?q=instituto%20-%20san%20lorenzo&geo=AR"
"combustible","5 mil+","4 de septiembre de 2026 a las 9:10:00 UTC-3","5 de septiembre de 2026 a las 8:30:00 UTC-3","combustible","./explore?q=combustible&geo=AR"
"santa fe - millonarios","20 mil+","2 de septiembre de 2026 a las 21:30:00 UTC-3","3 de septiembre de 2026 a las 23:40:00 UTC-3","santa fe - millonarios,posiciones de independiente santa fe contra millonarios fc,millonarios","./explore?q=santa%20fe%20-%20millonarios&geo=AR"
"miguel zavaleta","20 mil+","31 de agosto de 2026 a las 12:00:00 UTC-3","2 de septiembre de 2026 a las 18:10:00 UTC-3","miguel zavaleta,miguel zabaleta,murió miguel zavaleta,zavaleta,sueter","./explore?q=miguel%20zavaleta&geo=AR"
"marítimo - benfica","2 mil+","5 de septiembre de 2026 a las 13:30:00 UTC-3","5 de septiembre de 2026 a las 19:00:00 UTC-3","marítimo - benfica,benfica","./explore?q=mar%C3%ADtimo%20-%20benfica&geo=AR"
"marcos maidana","500+","5 de septiembre de 2026 a las 18:30:00 UTC-3","5 de septiembre de 2026 a las 22:20:00 UTC-3","marcos maidana,chino maidana","./explore?q=marcos%20maidana&geo=AR"
"deportivo la coruña","1 mil+","5 de septiembre de 2026 a las 17:50:00 UTC-3","5 de septiembre de 2026 a las 22:50:00 UTC-3","deportivo la coruña","./explore?q=deportivo%20la%20coru%C3%B1a&geo=AR"
"brighton - leeds","2 mil+","5 de septiembre de 2026 a las 10:10:00 UTC-3","5 de septiembre de 2026 a las 15:20:00 UTC-3","brighton - leeds,brighton","./explore?q=brighton%20-%20leeds&geo=AR"
"fulham - crystal palace","2 mil+","5 de septiembre de 2026 a las 10:30:00 UTC-3","5 de septiembre de 2026 a las 16:10:00 UTC-3","fulham - crystal palace","./explore?q=fulham%20-%20crystal%20palace&geo=AR"
"claudia villafañe","5 mil+","3 de septiembre de 2026 a las 22:20:00 UTC-3","5 de septiembre de 2026 a las 0:00:00 UTC-3","claudia villafañe","./explore?q=claudia%20villafa%C3%B1e&geo=AR"
"posiciones de club atlético san telmo contra club atlético los andes","5 mil+","5 de septiembre de 2026 a las 17:10:00 UTC-3","5 de septiembre de 2026 a las 20:00:00 UTC-3","posiciones de club atlético san telmo contra club atlético los andes,ferro - club mitre,ferro hoy,ferro vs,ferro carril oeste","./explore?q=posiciones%20de%20club%20atl%C3%A9tico%20san%20telmo%20contra%20club%20atl%C3%A9tico%20los%20andes&geo=AR"
"meteorología","20 mil+","2 de septiembre de 2026 a las 12:20:00 UTC-3","3 de septiembre de 2026 a las 11:20:00 UTC-3","meteorología","./explore?q=meteorolog%C3%ADa&geo=AR"
"septiembre","10 mil+","30 de agosto de 2026 a las 17:30:00 UTC-3","4 de septiembre de 2026 a las 18:50:00 UTC-3","septiembre","./explore?q=septiembre&geo=AR"
"oscar ruggeri","2 mil+","5 de septiembre de 2026 a las 8:20:00 UTC-3","5 de septiembre de 2026 a las 17:00:00 UTC-3","oscar ruggeri","./explore?q=oscar%20ruggeri&geo=AR"
"elena rybakina","500+","5 de septiembre de 2026 a las 22:40:00 UTC-3","6 de septiembre de 2026 a las 0:10:00 UTC-3","elena rybakina","./explore?q=elena%20rybakina&geo=AR"
"toronto - chicago fire","500+","5 de septiembre de 2026 a las 20:50:00 UTC-3","5 de septiembre de 2026 a las 23:20:00 UTC-3","toronto - chicago fire","./explore?q=toronto%20-%20chicago%20fire&geo=AR"
"defensa y justicia - platense","20 mil+","31 de agosto de 2026 a las 18:20:00 UTC-3","1 de septiembre de 2026 a las 20:40:00 UTC-3","defensa y justicia - platense,defensa y justicia,defensa y justicia vs. platense,defensa y justicia vs,defensa y justicia vs platense","./explore?q=defensa%20y%20justicia%20-%20platense&geo=AR"
"frente frío","2 mil+","4 de septiembre de 2026 a las 17:10:00 UTC-3","5 de septiembre de 2026 a las 10:10:00 UTC-3","frente frío","./explore?q=frente%20fr%C3%ADo&geo=AR"
"dia de la secretaria 2026","10 mil+","3 de septiembre de 2026 a las 8:00:00 UTC-3","4 de septiembre de 2026 a las 16:30:00 UTC-3","dia de la secretaria 2026,4 de septiembre que se celebra,dia de la secretaria 2026 argentina,día de la secretaria,dia del secretario en argentina,secretaria,cuando es el dia de la secretaria en argentina,dia de que es hoy,hoy es el dia de","./explore?q=dia%20de%20la%20secretaria%202026&geo=AR"
"mirtha legrand","5 mil+","4 de septiembre de 2026 a las 17:30:00 UTC-3","5 de septiembre de 2026 a las 1:30:00 UTC-3","mirtha legrand,juana viale","./explore?q=mirtha%20legrand&geo=AR"
"real madrid - málaga","50 mil+","30 de agosto de 2026 a las 11:10:00 UTC-3","31 de agosto de 2026 a las 13:50:00 UTC-3","real madrid - málaga","./explore?q=real%20madrid%20-%20m%C3%A1laga&geo=AR"
"autopista córdoba-rosario","10 mil+","2 de septiembre de 2026 a las 21:50:00 UTC-3","4 de septiembre de 2026 a las 15:40:00 UTC-3","autopista córdoba-rosario,autopista córdoba - rosario,autopista","./explore?q=autopista%20c%C3%B3rdoba-rosario&geo=AR"
"adolfo cambiaso","5 mil+","3 de septiembre de 2026 a las 23:10:00 UTC-3","5 de septiembre de 2026 a las 1:20:00 UTC-3","adolfo cambiaso,cambiaso","./explore?q=adolfo%20cambiaso&geo=AR"
"cassandra wilson","5 mil+","2 de septiembre de 2026 a las 21:00:00 UTC-3","4 de septiembre de 2026 a las 16:50:00 UTC-3","cassandra wilson","./explore?q=cassandra%20wilson&geo=AR"
"f1 horarios","5 mil+","5 de septiembre de 2026 a las 7:10:00 UTC-3","5 de septiembre de 2026 a las 11:00:00 UTC-3","f1 horarios,horarios f1,a qué hora es la carrera de fórmula 1 mañana,a que hora es la clasificacion de f1,ver f1 en vivo gratis,f1 en vivo gratis","./explore?q=f1%20horarios&geo=AR"
"enner valencia","2 mil+","5 de septiembre de 2026 a las 16:50:00 UTC-3","5 de septiembre de 2026 a las 19:20:00 UTC-3","enner valencia,futbol libre boca junior","./explore?q=enner%20valencia&geo=AR"
"sergio urribarri","5 mil+","3 de septiembre de 2026 a las 16:40:00 UTC-3","4 de septiembre de 2026 a las 17:30:00 UTC-3","sergio urribarri","./explore?q=sergio%20urribarri&geo=AR"
"agustina albertario","10 mil+","2 de septiembre de 2026 a las 16:00:00 UTC-3","3 de septiembre de 2026 a las 19:50:00 UTC-3","agustina albertario","./explore?q=agustina%20albertario&geo=AR"
"claudio garcía","10 mil+","2 de septiembre de 2026 a las 8:30:00 UTC-3","3 de septiembre de 2026 a las 20:50:00 UTC-3","claudio garcía","./explore?q=claudio%20garc%C3%ADa&geo=AR"
"hoffenheim - dortmund","2 mil+","5 de septiembre de 2026 a las 9:40:00 UTC-3","5 de septiembre de 2026 a las 15:10:00 UTC-3","hoffenheim - dortmund,borussia dortmund,dortmund","./explore?q=hoffenheim%20-%20dortmund&geo=AR"
"guillermo bellingi","5 mil+","2 de septiembre de 2026 a las 16:40:00 UTC-3","4 de septiembre de 2026 a las 16:10:00 UTC-3","guillermo bellingi,bellingi","./explore?q=guillermo%20bellingi&geo=AR"
"cómo salió boca","5 mil+","5 de septiembre de 2026 a las 18:40:00 UTC-3","5 de septiembre de 2026 a las 20:20:00 UTC-3","cómo salió boca,partido de boca hoy,partido boca,boca hoy partido,partidos de boca juniors,cómo salió boca juniors,cómo salió boca hoy","./explore?q=c%C3%B3mo%20sali%C3%B3%20boca&geo=AR"
"federico martin aramburu","500+","5 de septiembre de 2026 a las 18:30:00 UTC-3","5 de septiembre de 2026 a las 22:30:00 UTC-3","federico martin aramburu","./explore?q=federico%20martin%20aramburu&geo=AR"
"producto","5 mil+","3 de septiembre de 2026 a las 8:20:00 UTC-3","4 de septiembre de 2026 a las 11:00:00 UTC-3","producto","./explore?q=producto&geo=AR"
"junior - jaguares","200+","5 de septiembre de 2026 a las 22:50:00 UTC-3","6 de septiembre de 2026 a las 0:50:00 UTC-3","junior - jaguares","./explore?q=junior%20-%20jaguares&geo=AR"
"argentinos jrs. - aldosivi","50 mil+","30 de agosto de 2026 a las 16:20:00 UTC-3","31 de agosto de 2026 a las 18:30:00 UTC-3","argentinos jrs. - aldosivi,posiciones de argentinos juniors contra aldosivi,aldosivi,argentinos juniors,argentinos jrs. vs. aldosivi,argentinos vs,aaaj,argentinos vs aldosivi,aldosivi vs,argentinos juniors vs aldosivi","./explore?q=argentinos%20jrs.%20-%20aldosivi&geo=AR"
"otan","200+","5 de septiembre de 2026 a las 20:20:00 UTC-3","6 de septiembre de 2026 a las 0:30:00 UTC-3","otan","./explore?q=otan&geo=AR"
"sofía martínez","1 mil+","5 de septiembre de 2026 a las 14:20:00 UTC-3","5 de septiembre de 2026 a las 20:50:00 UTC-3","sofía martínez","./explore?q=sof%C3%ADa%20mart%C3%ADnez&geo=AR"
"roma fc","1 mil+","5 de septiembre de 2026 a las 16:00:00 UTC-3","5 de septiembre de 2026 a las 18:50:00 UTC-3","roma fc","./explore?q=roma%20fc&geo=AR"
"bragantino - bahía","1 mil+","5 de septiembre de 2026 a las 15:50:00 UTC-3","5 de septiembre de 2026 a las 20:00:00 UTC-3","bragantino - bahía","./explore?q=bragantino%20-%20bah%C3%ADa&geo=AR"
"leandro paredes","10 mil+","4 de septiembre de 2026 a las 19:30:00 UTC-3","5 de septiembre de 2026 a las 10:50:00 UTC-3","leandro paredes,como salio boca,partido de boca,como salio boca hoy,cuanto salio boca,arruabarrena","./explore?q=leandro%20paredes&geo=AR"
"jakub mensík","200+","5 de septiembre de 2026 a las 23:30:00 UTC-3","6 de septiembre de 2026 a las 0:40:00 UTC-3","jakub mensík","./explore?q=jakub%20mens%C3%ADk&geo=AR"
"verónica llinás","5 mil+","3 de septiembre de 2026 a las 6:20:00 UTC-3","4 de septiembre de 2026 a las 8:20:00 UTC-3","verónica llinás","./explore?q=ver%C3%B3nica%20llin%C3%A1s&geo=AR"
"salta","10 mil+","2 de septiembre de 2026 a las 14:30:00 UTC-3","3 de septiembre de 2026 a las 19:40:00 UTC-3","salta","./explore?q=salta&geo=AR"
"uatre","5 mil+","3 de septiembre de 2026 a las 16:00:00 UTC-3","4 de septiembre de 2026 a las 22:40:00 UTC-3","uatre","./explore?q=uatre&geo=AR"
"acassuso - all boys","1 mil+","5 de septiembre de 2026 a las 15:20:00 UTC-3","5 de septiembre de 2026 a las 18:30:00 UTC-3","acassuso - all boys","./explore?q=acassuso%20-%20all%20boys&geo=AR"
"aston villa - arsenal","20 mil+","31 de agosto de 2026 a las 15:00:00 UTC-3","1 de septiembre de 2026 a las 17:40:00 UTC-3","aston villa - arsenal,premier league,posiciones de aston villa contra arsenal fc,aston villa vs arsenal,arsenal vs aston villa,aston villa vs. arsenal","./explore?q=aston%20villa%20-%20arsenal&geo=AR"
"bundesliga","1 mil+","5 de septiembre de 2026 a las 10:40:00 UTC-3","5 de septiembre de 2026 a las 16:40:00 UTC-3","bundesliga","./explore?q=bundesliga&geo=AR"
"leila gianni","5 mil+","2 de septiembre de 2026 a las 19:30:00 UTC-3","3 de septiembre de 2026 a las 22:40:00 UTC-3","leila gianni,libertad,leila gianni renuncio","./explore?q=leila%20gianni&geo=AR"
"abierto de estados unidos 2026","2 mil+","3 de septiembre de 2026 a las 12:50:00 UTC-3","4 de septiembre de 2026 a las 22:50:00 UTC-3","abierto de estados unidos 2026","./explore?q=abierto%20de%20estados%20unidos%202026&geo=AR"
"atlético mineiro - cruzeiro","10 mil+","1 de septiembre de 2026 a las 20:20:00 UTC-3","2 de septiembre de 2026 a las 22:40:00 UTC-3","atlético mineiro - cruzeiro","./explore?q=atl%C3%A9tico%20mineiro%20-%20cruzeiro&geo=AR"
"deportivo recoleta - cerro","10 mil+","3 de septiembre de 2026 a las 18:10:00 UTC-3","4 de septiembre de 2026 a las 5:50:00 UTC-3","deportivo recoleta - cerro","./explore?q=deportivo%20recoleta%20-%20cerro&geo=AR"
"tigre - barracas central","20 mil+","31 de agosto de 2026 a las 20:30:00 UTC-3","1 de septiembre de 2026 a las 22:40:00 UTC-3","tigre - barracas central,tigre vs,tigre vs barracas central,tigre,tigre hoy,tigre vs. barracas central","./explore?q=tigre%20-%20barracas%20central&geo=AR"
"chelsea - brighton","50 mil+","30 de agosto de 2026 a las 9:10:00 UTC-3","31 de agosto de 2026 a las 7:40:00 UTC-3","chelsea - brighton,chelsea vs,dibu martinez,chelsea hoy,liga inglesa,chelsea fc,colo barco","./explore?q=chelsea%20-%20brighton&geo=AR"
"gloria steinem","5 mil+","3 de septiembre de 2026 a las 9:40:00 UTC-3","4 de septiembre de 2026 a las 11:20:00 UTC-3","gloria steinem","./explore?q=gloria%20steinem&geo=AR"
"exequiel zeballos","20 mil+","1 de septiembre de 2026 a las 17:40:00 UTC-3","2 de septiembre de 2026 a las 18:40:00 UTC-3","exequiel zeballos,zeballos,changuito zeballos","./explore?q=exequiel%20zeballos&geo=AR"
"genoa - como","5 mil+","4 de septiembre de 2026 a las 15:20:00 UTC-3","4 de septiembre de 2026 a las 22:50:00 UTC-3","genoa - como,nico paz","./explore?q=genoa%20-%20como&geo=AR"
"bayern","1 mil+","5 de septiembre de 2026 a las 13:50:00 UTC-3","5 de septiembre de 2026 a las 16:40:00 UTC-3","bayern","./explore?q=bayern&geo=AR"
"navone","20 mil+","30 de agosto de 2026 a las 20:10:00 UTC-3","1 de septiembre de 2026 a las 0:40:00 UTC-3","navone,djokovic,novak djokovic,mariano navone,navone vs djokovic,primera,djokovic navone","./explore?q=navone&geo=AR"
"learner tien","100+","5 de septiembre de 2026 a las 23:30:00 UTC-3","6 de septiembre de 2026 a las 0:40:00 UTC-3","learner tien","./explore?q=learner%20tien&geo=AR"
"salario mínimo","10 mil+","2 de septiembre de 2026 a las 10:00:00 UTC-3","3 de septiembre de 2026 a las 12:30:00 UTC-3","salario mínimo,salario,empleadas domésticas","./explore?q=salario%20m%C3%ADnimo&geo=AR"
"santos - palmeiras","10 mil+","2 de septiembre de 2026 a las 20:40:00 UTC-3","3 de septiembre de 2026 a las 16:10:00 UTC-3","santos - palmeiras,santos","./explore?q=santos%20-%20palmeiras&geo=AR"
"serena williams","5 mil+","4 de septiembre de 2026 a las 21:20:00 UTC-3","5 de septiembre de 2026 a las 3:10:00 UTC-3","serena williams,venus williams,maya joint,chan hao-ching","./explore?q=serena%20williams&geo=AR"
"naufragio","20 mil+","30 de agosto de 2026 a las 11:40:00 UTC-3","31 de agosto de 2026 a las 19:40:00 UTC-3","naufragio,barco chipre,ferry chipre,chipre","./explore?q=naufragio&geo=AR"
"guillermo alejandro de los países bajos","5 mil+","2 de septiembre de 2026 a las 21:00:00 UTC-3","4 de septiembre de 2026 a las 17:10:00 UTC-3","guillermo alejandro de los países bajos","./explore?q=guillermo%20alejandro%20de%20los%20pa%C3%ADses%20bajos&geo=AR"
"banco de la nación argentina","10 mil+","2 de septiembre de 2026 a las 13:20:00 UTC-3","3 de septiembre de 2026 a las 15:40:00 UTC-3","banco de la nación argentina","./explore?q=banco%20de%20la%20naci%C3%B3n%20argentina&geo=AR"
"mauro zárate","2 mil+","4 de septiembre de 2026 a las 13:00:00 UTC-3","5 de septiembre de 2026 a las 0:40:00 UTC-3","mauro zárate","./explore?q=mauro%20z%C3%A1rate&geo=AR"
"cincinnati fc","200+","5 de septiembre de 2026 a las 22:50:00 UTC-3","6 de septiembre de 2026 a las 0:10:00 UTC-3","cincinnati fc","./explore?q=cincinnati%20fc&geo=AR"
"futbol para todos","2 mil+","5 de septiembre de 2026 a las 16:40:00 UTC-3","5 de septiembre de 2026 a las 17:50:00 UTC-3","futbol para todos,fútbol para todos","./explore?q=futbol%20para%20todos&geo=AR"
"nicki minaj","2 mil+","4 de septiembre de 2026 a las 4:40:00 UTC-3","4 de septiembre de 2026 a las 20:20:00 UTC-3","nicki minaj","./explore?q=nicki%20minaj&geo=AR"
"bayern munich","2 mil+","5 de septiembre de 2026 a las 13:50:00 UTC-3","5 de septiembre de 2026 a las 16:30:00 UTC-3","bayern munich,posiciones de schalke 04 contra bayern,bayern vs","./explore?q=bayern%20munich&geo=AR"
"ernestina pais","2 mil+","5 de septiembre de 2026 a las 8:40:00 UTC-3","5 de septiembre de 2026 a las 15:40:00 UTC-3","ernestina pais,rocío igarzábal","./explore?q=ernestina%20pais&geo=AR"
"cuenta d n i","2 mil+","5 de septiembre de 2026 a las 7:50:00 UTC-3","5 de septiembre de 2026 a las 14:40:00 UTC-3","cuenta d n i","./explore?q=cuenta%20d%20n%20i&geo=AR"
"gabriela sabatini","5 mil+","1 de septiembre de 2026 a las 19:10:00 UTC-3","3 de septiembre de 2026 a las 17:00:00 UTC-3","gabriela sabatini","./explore?q=gabriela%20sabatini&geo=AR"
"quini 6 sorteo 3405","10 mil+","3 de septiembre de 2026 a las 8:40:00 UTC-3","4 de septiembre de 2026 a las 1:30:00 UTC-3","quini 6 sorteo 3405,quini 6 30 de agosto 2026,quini6","./explore?q=quini%206%20sorteo%203405&geo=AR"
"punilla","20 mil+","30 de agosto de 2026 a las 6:30:00 UTC-3","31 de agosto de 2026 a las 7:20:00 UTC-3","punilla,temblor en córdoba,temblor cordoba,sismo,sismo cordoba","./explore?q=punilla&geo=AR"
"clarín","2 mil+","5 de septiembre de 2026 a las 7:10:00 UTC-3","5 de septiembre de 2026 a las 14:20:00 UTC-3","clarín,clarin","./explore?q=clar%C3%ADn&geo=AR"
"lindsay clancy","2 mil+","4 de septiembre de 2026 a las 13:40:00 UTC-3","5 de septiembre de 2026 a las 10:20:00 UTC-3","lindsay clancy","./explore?q=lindsay%20clancy&geo=AR"
"pedro alfonso","200+","5 de septiembre de 2026 a las 22:40:00 UTC-3","5 de septiembre de 2026 a las 23:50:00 UTC-3","pedro alfonso","./explore?q=pedro%20alfonso&geo=AR"
"crimen","500+","5 de septiembre de 2026 a las 16:30:00 UTC-3","5 de septiembre de 2026 a las 21:40:00 UTC-3","crimen","./explore?q=crimen&geo=AR"
"deuda","2 mil+","5 de septiembre de 2026 a las 8:00:00 UTC-3","5 de septiembre de 2026 a las 13:40:00 UTC-3","deuda","./explore?q=deuda&geo=AR"
"beto orlando","10 mil+","31 de agosto de 2026 a las 14:10:00 UTC-3","2 de septiembre de 2026 a las 10:40:00 UTC-3","beto orlando,beto orlando hoy","./explore?q=beto%20orlando&geo=AR"
"francesc garrido","10 mil+","31 de agosto de 2026 a las 15:30:00 UTC-3","2 de septiembre de 2026 a las 1:00:00 UTC-3","francesc garrido,actor francesc garrido","./explore?q=francesc%20garrido&geo=AR"
"factura","10 mil+","31 de agosto de 2026 a las 12:40:00 UTC-3","2 de septiembre de 2026 a las 19:50:00 UTC-3","factura,arca monotributo","./explore?q=factura&geo=AR"
"korean air","10 mil+","1 de septiembre de 2026 a las 12:00:00 UTC-3","2 de septiembre de 2026 a las 19:30:00 UTC-3","korean air","./explore?q=korean%20air&geo=AR"
"tasa de interés","500+","5 de septiembre de 2026 a las 16:10:00 UTC-3","5 de septiembre de 2026 a las 19:00:00 UTC-3","tasa de interés","./explore?q=tasa%20de%20inter%C3%A9s&geo=AR"
"lautaro martínez","1 mil+","5 de septiembre de 2026 a las 15:00:00 UTC-3","5 de septiembre de 2026 a las 17:50:00 UTC-3","lautaro martínez,inter de milán","./explore?q=lautaro%20mart%C3%ADnez&geo=AR"
"santiago caputo","5 mil+","2 de septiembre de 2026 a las 15:50:00 UTC-3","3 de septiembre de 2026 a las 18:20:00 UTC-3","santiago caputo","./explore?q=santiago%20caputo&geo=AR"
"sudáfrica - nueva zelanda","1 mil+","5 de septiembre de 2026 a las 11:50:00 UTC-3","5 de septiembre de 2026 a las 14:40:00 UTC-3","sudáfrica - nueva zelanda","./explore?q=sud%C3%A1frica%20-%20nueva%20zelanda&geo=AR"
"vfl osnabrück - bayern","20 mil+","2 de septiembre de 2026 a las 14:50:00 UTC-3","3 de septiembre de 2026 a las 0:30:00 UTC-3","vfl osnabrück - bayern,bayern,dfb pokal","./explore?q=vfl%20osnabr%C3%BCck%20-%20bayern&geo=AR"
"sergio massa","10 mil+","31 de agosto de 2026 a las 13:10:00 UTC-3","2 de septiembre de 2026 a las 8:10:00 UTC-3","sergio massa,frente renovador","./explore?q=sergio%20massa&geo=AR"
"casa rosada","20 mil+","2 de septiembre de 2026 a las 14:30:00 UTC-3","3 de septiembre de 2026 a las 0:50:00 UTC-3","casa rosada,robo","./explore?q=casa%20rosada&geo=AR"
"tomás martín etcheverry","10 mil+","4 de septiembre de 2026 a las 18:50:00 UTC-3","5 de septiembre de 2026 a las 0:10:00 UTC-3","tomás martín etcheverry,etcheverry,mariano navone,matteo berrettini,navone,navone hoy,tomas etcheverry,berrettini","./explore?q=tom%C3%A1s%20mart%C3%ADn%20etcheverry&geo=AR"
"real salt lake - lafc","100+","5 de septiembre de 2026 a las 23:00:00 UTC-3","6 de septiembre de 2026 a las 0:10:00 UTC-3","real salt lake - lafc","./explore?q=real%20salt%20lake%20-%20lafc&geo=AR"
"profesor","2 mil+","3 de septiembre de 2026 a las 22:00:00 UTC-3","4 de septiembre de 2026 a las 18:10:00 UTC-3","profesor","./explore?q=profesor&geo=AR"
"sueño","2 mil+","4 de septiembre de 2026 a las 10:10:00 UTC-3","4 de septiembre de 2026 a las 22:30:00 UTC-3","sueño","./explore?q=sue%C3%B1o&geo=AR"
"grêmio - internacional","5 mil+","3 de septiembre de 2026 a las 19:20:00 UTC-3","4 de septiembre de 2026 a las 10:00:00 UTC-3","grêmio - internacional,gremio","./explore?q=gr%C3%AAmio%20-%20internacional&geo=AR"
"oscar piastri","500+","5 de septiembre de 2026 a las 15:50:00 UTC-3","5 de septiembre de 2026 a las 19:30:00 UTC-3","oscar piastri","./explore?q=oscar%20piastri&geo=AR"
"4 de septiembre","2 mil+","4 de septiembre de 2026 a las 0:40:00 UTC-3","4 de septiembre de 2026 a las 23:00:00 UTC-3","4 de septiembre","./explore?q=4%20de%20septiembre&geo=AR"
"31 de agosto","20 mil+","30 de agosto de 2026 a las 16:00:00 UTC-3","31 de agosto de 2026 a las 8:40:00 UTC-3","31 de agosto","./explore?q=31%20de%20agosto&geo=AR"
"precio dolar blue","10 mil+","31 de agosto de 2026 a las 20:00:00 UTC-3","2 de septiembre de 2026 a las 20:30:00 UTC-3","precio dolar blue,cotización dólar oficial dólar blue hoy,dólar blue hoy,dólar,2 de septiembre,precio dolar,dolar blue hoy","./explore?q=precio%20dolar%20blue&geo=AR"
"beca","10 mil+","31 de agosto de 2026 a las 7:50:00 UTC-3","1 de septiembre de 2026 a las 9:20:00 UTC-3","beca","./explore?q=beca&geo=AR"
"1 de septiembre","10 mil+","30 de agosto de 2026 a las 18:10:00 UTC-3","2 de septiembre de 2026 a las 1:40:00 UTC-3","1 de septiembre,quiniela de hoy,quiniela nacional,quinielas de hoy","./explore?q=1%20de%20septiembre&geo=AR"
"evento de el niño de 2026-2027","2 mil+","5 de septiembre de 2026 a las 10:30:00 UTC-3","5 de septiembre de 2026 a las 14:10:00 UTC-3","evento de el niño de 2026-2027,bbc","./explore?q=evento%20de%20el%20ni%C3%B1o%20de%202026-2027&geo=AR"
"evento de el niño de 2026 2027","5 mil+","1 de septiembre de 2026 a las 18:50:00 UTC-3","2 de septiembre de 2026 a las 20:50:00 UTC-3","evento de el niño de 2026 2027","./explore?q=evento%20de%20el%20ni%C3%B1o%20de%202026%202027&geo=AR"
"terrorismo","500+","5 de septiembre de 2026 a las 18:00:00 UTC-3","5 de septiembre de 2026 a las 20:30:00 UTC-3","terrorismo","./explore?q=terrorismo&geo=AR"
"oxígeno","1 mil+","4 de septiembre de 2026 a las 19:00:00 UTC-3","5 de septiembre de 2026 a las 11:50:00 UTC-3","oxígeno","./explore?q=ox%C3%ADgeno&geo=AR"
"botic van de zandschulp","100+","5 de septiembre de 2026 a las 23:10:00 UTC-3","6 de septiembre de 2026 a las 0:10:00 UTC-3","botic van de zandschulp","./explore?q=botic%20van%20de%20zandschulp&geo=AR"
"carlos tevez","2 mil+","4 de septiembre de 2026 a las 20:50:00 UTC-3","5 de septiembre de 2026 a las 19:00:00 UTC-3","carlos tevez,tevez","./explore?q=carlos%20tevez&geo=AR"
"enzo fernández","20 mil+","1 de septiembre de 2026 a las 12:00:00 UTC-3","2 de septiembre de 2026 a las 8:00:00 UTC-3","enzo fernández,enzo fernandez","./explore?q=enzo%20fern%C3%A1ndez&geo=AR"
"chofer","5 mil+","3 de septiembre de 2026 a las 17:50:00 UTC-3","4 de septiembre de 2026 a las 7:40:00 UTC-3","chofer","./explore?q=chofer&geo=AR"
"arturo puig","5 mil+","3 de septiembre de 2026 a las 16:20:00 UTC-3","4 de septiembre de 2026 a las 3:20:00 UTC-3","arturo puig,selva alemán","./explore?q=arturo%20puig&geo=AR"
"bono","20 mil+","31 de agosto de 2026 a las 8:10:00 UTC-3","31 de agosto de 2026 a las 21:00:00 UTC-3","bono","./explore?q=bono&geo=AR"
"extranjero","10 mil+","30 de agosto de 2026 a las 12:10:00 UTC-3","31 de agosto de 2026 a las 23:40:00 UTC-3","extranjero","./explore?q=extranjero&geo=AR"
"sarmiento de resistencia","500+","5 de septiembre de 2026 a las 17:10:00 UTC-3","5 de septiembre de 2026 a las 19:30:00 UTC-3","sarmiento de resistencia","./explore?q=sarmiento%20de%20resistencia&geo=AR"
"océano pacífico","5 mil+","1 de septiembre de 2026 a las 18:20:00 UTC-3","3 de septiembre de 2026 a las 1:00:00 UTC-3","océano pacífico","./explore?q=oc%C3%A9ano%20pac%C3%ADfico&geo=AR"
"guillermo heisinger","5 mil+","1 de septiembre de 2026 a las 20:30:00 UTC-3","2 de septiembre de 2026 a las 21:50:00 UTC-3","guillermo heisinger","./explore?q=guillermo%20heisinger&geo=AR"
"tomás aranda","5 mil+","2 de septiembre de 2026 a las 18:20:00 UTC-3","3 de septiembre de 2026 a las 19:40:00 UTC-3","tomás aranda","./explore?q=tom%C3%A1s%20aranda&geo=AR"
"andy kusnetzoff","100+","5 de septiembre de 2026 a las 23:30:00 UTC-3","6 de septiembre de 2026 a las 0:10:00 UTC-3","andy kusnetzoff","./explore?q=andy%20kusnetzoff&geo=AR"
"roma vs","500+","5 de septiembre de 2026 a las 16:40:00 UTC-3","5 de septiembre de 2026 a las 18:50:00 UTC-3","roma vs,roma vs atalanta","./explore?q=roma%20vs&geo=AR"
"leverkusen - fc union berlin","500+","5 de septiembre de 2026 a las 10:40:00 UTC-3","5 de septiembre de 2026 a las 14:40:00 UTC-3","leverkusen - fc union berlin","./explore?q=leverkusen%20-%20fc%20union%20berlin&geo=AR"
"carlos horacio salinas","5 mil+","2 de septiembre de 2026 a las 6:40:00 UTC-3","3 de septiembre de 2026 a las 1:00:00 UTC-3","carlos horacio salinas","./explore?q=carlos%20horacio%20salinas&geo=AR"
"alexander zverev","5 mil+","3 de septiembre de 2026 a las 22:50:00 UTC-3","4 de septiembre de 2026 a las 10:20:00 UTC-3","alexander zverev,zverev,quentin halys,lorenzo sonego","./explore?q=alexander%20zverev&geo=AR"
"devaluación","2 mil+","4 de septiembre de 2026 a las 11:50:00 UTC-3","4 de septiembre de 2026 a las 20:30:00 UTC-3","devaluación","./explore?q=devaluaci%C3%B3n&geo=AR"
"como salio boca hoy","500+","5 de septiembre de 2026 a las 18:50:00 UTC-3","5 de septiembre de 2026 a las 20:30:00 UTC-3","como salio boca hoy","./explore?q=como%20salio%20boca%20hoy&geo=AR"
"atletico madrid vs","500+","5 de septiembre de 2026 a las 12:40:00 UTC-3","5 de septiembre de 2026 a las 15:40:00 UTC-3","atletico madrid vs","./explore?q=atletico%20madrid%20vs&geo=AR"
"bárbara lanata","200+","5 de septiembre de 2026 a las 19:30:00 UTC-3","5 de septiembre de 2026 a las 21:40:00 UTC-3","bárbara lanata","./explore?q=b%C3%A1rbara%20lanata&geo=AR"
"ascensor","20 mil+","30 de agosto de 2026 a las 14:20:00 UTC-3","31 de agosto de 2026 a las 18:10:00 UTC-3","ascensor,córdoba","./explore?q=ascensor&geo=AR"
"deportivo toluca fútbol club","500+","5 de septiembre de 2026 a las 19:30:00 UTC-3","5 de septiembre de 2026 a las 21:10:00 UTC-3","deportivo toluca fútbol club,toluca - león","./explore?q=deportivo%20toluca%20f%C3%BAtbol%20club&geo=AR"
"fernando belluschi","2 mil+","4 de septiembre de 2026 a las 8:00:00 UTC-3","4 de septiembre de 2026 a las 20:40:00 UTC-3","fernando belluschi","./explore?q=fernando%20belluschi&geo=AR"
"choque múltiple","5 mil+","2 de septiembre de 2026 a las 12:00:00 UTC-3","3 de septiembre de 2026 a las 1:40:00 UTC-3","choque múltiple","./explore?q=choque%20m%C3%BAltiple&geo=AR"
"carburando","5 mil+","1 de septiembre de 2026 a las 17:40:00 UTC-3","2 de septiembre de 2026 a las 21:00:00 UTC-3","carburando","./explore?q=carburando&geo=AR"
"real sociedad - celta de vigo","5 mil+","3 de septiembre de 2026 a las 15:20:00 UTC-3","3 de septiembre de 2026 a las 23:30:00 UTC-3","real sociedad - celta de vigo,real sociedad,real sociedad vs","./explore?q=real%20sociedad%20-%20celta%20de%20vigo&geo=AR"
"yuliia starodubtseva","5 mil+","5 de septiembre de 2026 a las 23:30:00 UTC-3","6 de septiembre de 2026 a las 0:10:00 UTC-3","yuliia starodubtseva,marco trungelliti,emma navarro,thiago agustín tirante,adrian mannarino,tirante,arthur géa","./explore?q=yuliia%20starodubtseva&geo=AR"
"banco provincia","20 mil+","1 de septiembre de 2026 a las 8:30:00 UTC-3","2 de septiembre de 2026 a las 13:50:00 UTC-3","banco provincia,banco de la provincia de buenos aires","./explore?q=banco%20provincia&geo=AR"
"tomás rebord","5 mil+","1 de septiembre de 2026 a las 14:20:00 UTC-3","2 de septiembre de 2026 a las 16:40:00 UTC-3","tomás rebord","./explore?q=tom%C3%A1s%20rebord&geo=AR"
"posiciones de real madrid contra málaga cf","20 mil+","30 de agosto de 2026 a las 14:10:00 UTC-3","31 de agosto de 2026 a las 8:40:00 UTC-3","posiciones de real madrid contra málaga cf,real madrid,real madrid vs,laliga,real madrid vs málaga,real madrid vs. málaga,directv,real madrid hoy","./explore?q=posiciones%20de%20real%20madrid%20contra%20m%C3%A1laga%20cf&geo=AR"
"flamengo - mirassol","10 mil+","2 de septiembre de 2026 a las 18:40:00 UTC-3","3 de septiembre de 2026 a las 2:20:00 UTC-3","flamengo - mirassol","./explore?q=flamengo%20-%20mirassol&geo=AR"
"disney plus","2 mil+","5 de septiembre de 2026 a las 10:50:00 UTC-3","5 de septiembre de 2026 a las 12:10:00 UTC-3","disney plus","./explore?q=disney%20plus&geo=AR"
"manchester united - ipswich","20 mil+","30 de agosto de 2026 a las 11:40:00 UTC-3","31 de agosto de 2026 a las 0:40:00 UTC-3","manchester united - ipswich,manchester united,ipswich town,united,ipswich,manchester united vs,manchester united vs. ipswich,man united,united fc,ipswich town football club","./explore?q=manchester%20united%20-%20ipswich&geo=AR"
"soledad fandiño","2 mil+","3 de septiembre de 2026 a las 16:10:00 UTC-3","5 de septiembre de 2026 a las 1:30:00 UTC-3","soledad fandiño,soledad","./explore?q=soledad%20fandi%C3%B1o&geo=AR"
"brentford - sunderland afc","500+","5 de septiembre de 2026 a las 11:00:00 UTC-3","5 de septiembre de 2026 a las 14:40:00 UTC-3","brentford - sunderland afc,brentford","./explore?q=brentford%20-%20sunderland%20afc&geo=AR"
"federico sturzenegger","2 mil+","4 de septiembre de 2026 a las 16:40:00 UTC-3","4 de septiembre de 2026 a las 23:30:00 UTC-3","federico sturzenegger","./explore?q=federico%20sturzenegger&geo=AR"
"carlos alcaraz","10 mil+","4 de septiembre de 2026 a las 15:40:00 UTC-3","4 de septiembre de 2026 a las 20:50:00 UTC-3","carlos alcaraz,alcaraz,abierto de estados unidos","./explore?q=carlos%20alcaraz&geo=AR"
"defensores de belgrano - racing de córdoba","2 mil+","4 de septiembre de 2026 a las 15:10:00 UTC-3","4 de septiembre de 2026 a las 19:00:00 UTC-3","defensores de belgrano - racing de córdoba,defensores de belgrano","./explore?q=defensores%20de%20belgrano%20-%20racing%20de%20c%C3%B3rdoba&geo=AR"
"pipo gorosito","20 mil+","1 de septiembre de 2026 a las 12:50:00 UTC-3","2 de septiembre de 2026 a las 14:50:00 UTC-3","pipo gorosito,gorosito,san lorenzo,instituto vs san lorenzo,san lorenzo hoy,san lorenzo instituto","./explore?q=pipo%20gorosito&geo=AR"
"club sportivo independiente rivadavia","200+","5 de septiembre de 2026 a las 19:20:00 UTC-3","5 de septiembre de 2026 a las 20:50:00 UTC-3","club sportivo independiente rivadavia","./explore?q=club%20sportivo%20independiente%20rivadavia&geo=AR"
"chelsea","20 mil+","30 de agosto de 2026 a las 9:10:00 UTC-3","30 de agosto de 2026 a las 17:40:00 UTC-3","chelsea,leeds - brentford,chelsea brighton","./explore?q=chelsea&geo=AR"
"juan fernando quintero","2 mil+","3 de septiembre de 2026 a las 6:50:00 UTC-3","3 de septiembre de 2026 a las 19:50:00 UTC-3","juan fernando quintero","./explore?q=juan%20fernando%20quintero&geo=AR"
"tabla anual","500+","5 de septiembre de 2026 a las 18:20:00 UTC-3","5 de septiembre de 2026 a las 19:30:00 UTC-3","tabla anual","./explore?q=tabla%20anual&geo=AR"
"subsidio","1 mil+","4 de septiembre de 2026 a las 14:30:00 UTC-3","4 de septiembre de 2026 a las 23:50:00 UTC-3","subsidio","./explore?q=subsidio&geo=AR"
"clima la plata","500+","5 de septiembre de 2026 a las 17:30:00 UTC-3","5 de septiembre de 2026 a las 18:50:00 UTC-3","clima la plata,clima plata","./explore?q=clima%20la%20plata&geo=AR"
"fábrica","2 mil+","4 de septiembre de 2026 a las 9:30:00 UTC-3","4 de septiembre de 2026 a las 16:20:00 UTC-3","fábrica","./explore?q=f%C3%A1brica&geo=AR"
"lluvia","20 mil+","31 de agosto de 2026 a las 6:10:00 UTC-3","31 de agosto de 2026 a las 19:30:00 UTC-3","lluvia,pronostico cordoba,tiempo en cordoba","./explore?q=lluvia&geo=AR"
"técnico universitario - ldu quito","2 mil+","4 de septiembre de 2026 a las 20:50:00 UTC-3","5 de septiembre de 2026 a las 0:40:00 UTC-3","técnico universitario - ldu quito,posiciones de técnico universitario contra liga de quito","./explore?q=t%C3%A9cnico%20universitario%20-%20ldu%20quito&geo=AR"
"sarmiento de junin","2 mil+","4 de septiembre de 2026 a las 17:00:00 UTC-3","4 de septiembre de 2026 a las 20:20:00 UTC-3","sarmiento de junin,estudiantes de rio cuarto,sarmiento,sarmiento vs,estudiantes de río cuarto vs. sarmiento","./explore?q=sarmiento%20de%20junin&geo=AR"
"boeing 787","200+","5 de septiembre de 2026 a las 19:30:00 UTC-3","5 de septiembre de 2026 a las 21:10:00 UTC-3","boeing 787","./explore?q=boeing%20787&geo=AR"
"gabriel martinelli","2 mil+","3 de septiembre de 2026 a las 20:50:00 UTC-3","4 de septiembre de 2026 a las 11:40:00 UTC-3","gabriel martinelli","./explore?q=gabriel%20martinelli&geo=AR"
"olimpia - guaraní","10 mil+","2 de septiembre de 2026 a las 18:10:00 UTC-3","3 de septiembre de 2026 a las 0:40:00 UTC-3","olimpia - guaraní,futbol en vivo","./explore?q=olimpia%20-%20guaran%C3%AD&geo=AR"
"disney","2 mil+","5 de septiembre de 2026 a las 10:50:00 UTC-3","5 de septiembre de 2026 a las 12:10:00 UTC-3","disney","./explore?q=disney&geo=AR"
"mutiny","1 mil+","4 de septiembre de 2026 a las 9:30:00 UTC-3","4 de septiembre de 2026 a las 23:10:00 UTC-3","mutiny","./explore?q=mutiny&geo=AR"
"embargo","10 mil+","31 de agosto de 2026 a las 12:40:00 UTC-3","1 de septiembre de 2026 a las 19:20:00 UTC-3","embargo","./explore?q=embargo&geo=AR"
"mark ruffalo","5 mil+","2 de septiembre de 2026 a las 9:00:00 UTC-3","2 de septiembre de 2026 a las 22:30:00 UTC-3","mark ruffalo","./explore?q=mark%20ruffalo&geo=AR"
"alan lescano","2 mil+","3 de septiembre de 2026 a las 19:10:00 UTC-3","4 de septiembre de 2026 a las 10:40:00 UTC-3","alan lescano,argentinos juniors hoy","./explore?q=alan%20lescano&geo=AR"
"facundo farias","200+","5 de septiembre de 2026 a las 21:00:00 UTC-3","5 de septiembre de 2026 a las 22:10:00 UTC-3","facundo farias","./explore?q=facundo%20farias&geo=AR"
"pity alvarez","5 mil+","2 de septiembre de 2026 a las 13:00:00 UTC-3","3 de septiembre de 2026 a las 16:50:00 UTC-3","pity alvarez","./explore?q=pity%20alvarez&geo=AR"
"chatgpt","20 mil+","3 de septiembre de 2026 a las 11:40:00 UTC-3","3 de septiembre de 2026 a las 13:20:00 UTC-3","chatgpt,chat gpt,gpt,openai","./explore?q=chatgpt&geo=AR"
"al nassr","500+","5 de septiembre de 2026 a las 15:50:00 UTC-3","5 de septiembre de 2026 a las 17:30:00 UTC-3","al nassr","./explore?q=al%20nassr&geo=AR"
"tasa de cambio","5 mil+","2 de septiembre de 2026 a las 12:50:00 UTC-3","2 de septiembre de 2026 a las 23:10:00 UTC-3","tasa de cambio","./explore?q=tasa%20de%20cambio&geo=AR"
"sevilla - barcelona","500+","5 de septiembre de 2026 a las 15:30:00 UTC-3","5 de septiembre de 2026 a las 17:20:00 UTC-3","sevilla - barcelona","./explore?q=sevilla%20-%20barcelona&geo=AR"
"matías almeyda","5 mil+","31 de agosto de 2026 a las 12:30:00 UTC-3","1 de septiembre de 2026 a las 21:50:00 UTC-3","matías almeyda","./explore?q=mat%C3%ADas%20almeyda&geo=AR"
"fiorentina vs","1 mil+","5 de septiembre de 2026 a las 11:10:00 UTC-3","5 de septiembre de 2026 a las 13:40:00 UTC-3","fiorentina vs,mateo pellegrino,franco mastantuono","./explore?q=fiorentina%20vs&geo=AR"
"hernan feler","5 mil+","2 de septiembre de 2026 a las 22:50:00 UTC-3","3 de septiembre de 2026 a las 15:10:00 UTC-3","hernan feler,luca feler,feler velez","./explore?q=hernan%20feler&geo=AR"
"tomás rebord","2 mil+","4 de septiembre de 2026 a las 13:40:00 UTC-3","4 de septiembre de 2026 a las 17:50:00 UTC-3","tomás rebord","./explore?q=tom%C3%A1s%20rebord&geo=AR"
"cerati","2 mil+","4 de septiembre de 2026 a las 1:00:00 UTC-3","5 de septiembre de 2026 a las 0:10:00 UTC-3","cerati,gustavo cerati","./explore?q=cerati&geo=AR"
"pami","20 mil+","31 de agosto de 2026 a las 15:20:00 UTC-3","31 de agosto de 2026 a las 21:00:00 UTC-3","pami","./explore?q=pami&geo=AR"
"juez","2 mil+","5 de septiembre de 2026 a las 13:40:00 UTC-3","5 de septiembre de 2026 a las 15:00:00 UTC-3","juez,gasly","./explore?q=juez&geo=AR"
"kevin zenón","1 mil+","5 de septiembre de 2026 a las 17:10:00 UTC-3","5 de septiembre de 2026 a las 18:20:00 UTC-3","kevin zenón,zenon","./explore?q=kevin%20zen%C3%B3n&geo=AR"
"racing de córdoba - colón","20 mil+","30 de agosto de 2026 a las 16:10:00 UTC-3","31 de agosto de 2026 a las 7:50:00 UTC-3","racing de córdoba - colón,racing de cordoba,colon,colon de santa fe,colon vs,colon hoy,tabla de posiciones,posiciones de primera nacional","./explore?q=racing%20de%20c%C3%B3rdoba%20-%20col%C3%B3n&geo=AR"
"canadá - argentina","10 mil+","31 de agosto de 2026 a las 19:10:00 UTC-3","1 de septiembre de 2026 a las 10:40:00 UTC-3","canadá - argentina,argentina vs canada basquet,argentina basquet,argentina canada basquet,basquet argentina,argentina vs canada,basquet argentina vs canada,canada vs argentina basquet,argentina vs canadá básquet,canada argentina basquet","./explore?q=canad%C3%A1%20-%20argentina&geo=AR"
"gerardo morales","2 mil+","1 de septiembre de 2026 a las 18:00:00 UTC-3","2 de septiembre de 2026 a las 18:00:00 UTC-3","gerardo morales","./explore?q=gerardo%20morales&geo=AR"
"aeronave","1 mil+","3 de septiembre de 2026 a las 22:40:00 UTC-3","4 de septiembre de 2026 a las 14:00:00 UTC-3","aeronave","./explore?q=aeronave&geo=AR"
"sapito encina","2 mil+","3 de septiembre de 2026 a las 15:10:00 UTC-3","4 de septiembre de 2026 a las 8:30:00 UTC-3","sapito encina,hernán encina,deportes","./explore?q=sapito%20encina&geo=AR"
"ricardo darín","2 mil+","3 de septiembre de 2026 a las 7:30:00 UTC-3","3 de septiembre de 2026 a las 19:20:00 UTC-3","ricardo darín","./explore?q=ricardo%20dar%C3%ADn&geo=AR"
"sofia montenegro","200+","5 de septiembre de 2026 a las 14:00:00 UTC-3","5 de septiembre de 2026 a las 19:50:00 UTC-3","sofia montenegro","./explore?q=sofia%20montenegro&geo=AR"
"donald trump islas malvinas","2 mil+","1 de septiembre de 2026 a las 23:40:00 UTC-3","2 de septiembre de 2026 a las 20:40:00 UTC-3","donald trump islas malvinas,rockhopper exploration,the guardian,trump malvinas","./explore?q=donald%20trump%20islas%20malvinas&geo=AR"
"willer ditta","2 mil+","31 de agosto de 2026 a las 23:30:00 UTC-3","2 de septiembre de 2026 a las 1:00:00 UTC-3","willer ditta,club de fútbol cruz azul","./explore?q=willer%20ditta&geo=AR"
"dan hooker","200+","5 de septiembre de 2026 a las 18:30:00 UTC-3","5 de septiembre de 2026 a las 19:50:00 UTC-3","dan hooker,salahdine parnasse","./explore?q=dan%20hooker&geo=AR"
"julián álvarez","10 mil+","1 de septiembre de 2026 a las 14:40:00 UTC-3","1 de septiembre de 2026 a las 22:30:00 UTC-3","julián álvarez,club atlético de madrid,enrique cerezo","./explore?q=juli%C3%A1n%20%C3%A1lvarez&geo=AR"
"freitas","5 mil+","30 de agosto de 2026 a las 13:00:00 UTC-3","31 de agosto de 2026 a las 19:50:00 UTC-3","freitas","./explore?q=freitas&geo=AR"
"salario mínimo vital y móvil septiembre 2026","2 mil+","2 de septiembre de 2026 a las 13:50:00 UTC-3","3 de septiembre de 2026 a las 8:10:00 UTC-3","salario mínimo vital y móvil septiembre 2026,nuevo salario mínimo,salario minimo vital y movil agosto 2026,salario minimo vital y movil,diario norte","./explore?q=salario%20m%C3%ADnimo%20vital%20y%20m%C3%B3vil%20septiembre%202026&geo=AR"
"a qué hora juega boca juniors","2 mil+","5 de septiembre de 2026 a las 16:00:00 UTC-3","5 de septiembre de 2026 a las 17:00:00 UTC-3","a qué hora juega boca juniors,copa argentina 2026,boca racing copa argentina,futbol libre boca junior","./explore?q=a%20qu%C3%A9%20hora%20juega%20boca%20juniors&geo=AR"
"psg","2 mil+","4 de septiembre de 2026 a las 17:50:00 UTC-3","4 de septiembre de 2026 a las 19:00:00 UTC-3","psg,ligue 1","./explore?q=psg&geo=AR"
"río negro","2 mil+","2 de septiembre de 2026 a las 14:00:00 UTC-3","3 de septiembre de 2026 a las 0:30:00 UTC-3","río negro","./explore?q=r%C3%ADo%20negro&geo=AR"
"pablo carrizo","500+","4 de septiembre de 2026 a las 19:00:00 UTC-3","5 de septiembre de 2026 a las 12:40:00 UTC-3","pablo carrizo","./explore?q=pablo%20carrizo&geo=AR"
"pelota","500+","5 de septiembre de 2026 a las 16:40:00 UTC-3","5 de septiembre de 2026 a las 17:40:00 UTC-3","pelota","./explore?q=pelota&geo=AR"
"posiciones de gimnasia jujuy contra club agropecuario argentino","10 mil+","31 de agosto de 2026 a las 23:10:00 UTC-3","1 de septiembre de 2026 a las 13:50:00 UTC-3","posiciones de gimnasia jujuy contra club agropecuario argentino,gimnasia jujuy - agropecuario,gimnasia de jujuy,primera nacional","./explore?q=posiciones%20de%20gimnasia%20jujuy%20contra%20club%20agropecuario%20argentino&geo=AR"
"liverpool","2 mil+","4 de septiembre de 2026 a las 16:20:00 UTC-3","4 de septiembre de 2026 a las 18:40:00 UTC-3","liverpool","./explore?q=liverpool&geo=AR"
"u. católica - o'higgins","5 mil+","31 de agosto de 2026 a las 21:00:00 UTC-3","1 de septiembre de 2026 a las 13:00:00 UTC-3","u. católica - o'higgins,posiciones de u. católica contra club deportivo o'higgins","./explore?q=u.%20cat%C3%B3lica%20-%20o%27higgins&geo=AR"
"carla peterson","2 mil+","4 de septiembre de 2026 a las 15:30:00 UTC-3","4 de septiembre de 2026 a las 19:30:00 UTC-3","carla peterson,barreda pelicula,luis machin","./explore?q=carla%20peterson&geo=AR"
"ben shelton","500+","4 de septiembre de 2026 a las 23:30:00 UTC-3","5 de septiembre de 2026 a las 4:00:00 UTC-3","ben shelton","./explore?q=ben%20shelton&geo=AR"
"aryna sabalenka","2 mil+","4 de septiembre de 2026 a las 12:10:00 UTC-3","4 de septiembre de 2026 a las 16:00:00 UTC-3","aryna sabalenka","./explore?q=aryna%20sabalenka&geo=AR"
"real betis vs. real madrid","2 mil+","4 de septiembre de 2026 a las 16:20:00 UTC-3","4 de septiembre de 2026 a las 20:10:00 UTC-3","real betis vs. real madrid,troy parrott,madrid","./explore?q=real%20betis%20vs.%20real%20madrid&geo=AR"
"abc","500+","5 de septiembre de 2026 a las 7:40:00 UTC-3","5 de septiembre de 2026 a las 9:50:00 UTC-3","abc","./explore?q=abc&geo=AR"
"lo celso","2 mil+","1 de septiembre de 2026 a las 11:30:00 UTC-3","2 de septiembre de 2026 a las 2:50:00 UTC-3","lo celso","./explore?q=lo%20celso&geo=AR"
"rugby","200+","5 de septiembre de 2026 a las 15:40:00 UTC-3","5 de septiembre de 2026 a las 18:00:00 UTC-3","rugby","./explore?q=rugby&geo=AR"
"clarín","5 mil+","1 de septiembre de 2026 a las 12:50:00 UTC-3","2 de septiembre de 2026 a las 7:00:00 UTC-3","clarín","./explore?q=clar%C3%ADn&geo=AR"
"pablo aimar","200+","5 de septiembre de 2026 a las 11:20:00 UTC-3","5 de septiembre de 2026 a las 14:10:00 UTC-3","pablo aimar","./explore?q=pablo%20aimar&geo=AR"
"lago la plata","5 mil+","31 de agosto de 2026 a las 11:30:00 UTC-3","1 de septiembre de 2026 a las 9:50:00 UTC-3","lago la plata","./explore?q=lago%20la%20plata&geo=AR"
"vitória - vasco da gama","2 mil+","2 de septiembre de 2026 a las 20:40:00 UTC-3","3 de septiembre de 2026 a las 8:50:00 UTC-3","vitória - vasco da gama","./explore?q=vit%C3%B3ria%20-%20vasco%20da%20gama&geo=AR"
"phillies - braves","1 mil+","4 de septiembre de 2026 a las 19:20:00 UTC-3","4 de septiembre de 2026 a las 23:40:00 UTC-3","phillies - braves","./explore?q=phillies%20-%20braves&geo=AR"
"el chalten","2 mil+","5 de septiembre de 2026 a las 21:20:00 UTC-3","5 de septiembre de 2026 a las 21:50:00 UTC-3","el chalten,evacuación","./explore?q=el%20chalten&geo=AR"
"poceada chaqueña","2 mil+","1 de septiembre de 2026 a las 22:20:00 UTC-3","2 de septiembre de 2026 a las 20:20:00 UTC-3","poceada chaqueña","./explore?q=poceada%20chaque%C3%B1a&geo=AR"
"embargo","2 mil+","3 de septiembre de 2026 a las 17:10:00 UTC-3","3 de septiembre de 2026 a las 20:40:00 UTC-3","embargo","./explore?q=embargo&geo=AR"
"gabriel jesus","5 mil+","30 de agosto de 2026 a las 10:10:00 UTC-3","31 de agosto de 2026 a las 19:20:00 UTC-3","gabriel jesus","./explore?q=gabriel%20jesus&geo=AR"
"tercera edad","2 mil+","3 de septiembre de 2026 a las 8:40:00 UTC-3","3 de septiembre de 2026 a las 16:30:00 UTC-3","tercera edad","./explore?q=tercera%20edad&geo=AR"
"cagliari - inter","10 mil+","30 de agosto de 2026 a las 15:00:00 UTC-3","31 de agosto de 2026 a las 0:00:00 UTC-3","cagliari - inter","./explore?q=cagliari%20-%20inter&geo=AR"
"racing","20 mil+","30 de agosto de 2026 a las 21:30:00 UTC-3","31 de agosto de 2026 a las 6:40:00 UTC-3","racing,santiago solari,santiago solari racing","./explore?q=racing&geo=AR"
"margarita di tullio","2 mil+","1 de septiembre de 2026 a las 23:40:00 UTC-3","3 de septiembre de 2026 a las 21:40:00 UTC-3","margarita di tullio,pepita la pistolera película,película,luisana lopilato","./explore?q=margarita%20di%20tullio&geo=AR"
"betis vs real madrid","1 mil+","4 de septiembre de 2026 a las 16:20:00 UTC-3","4 de septiembre de 2026 a las 20:30:00 UTC-3","betis vs real madrid","./explore?q=betis%20vs%20real%20madrid&geo=AR"
"estadio mâs monumental","500+","4 de septiembre de 2026 a las 20:10:00 UTC-3","5 de septiembre de 2026 a las 0:30:00 UTC-3","estadio mâs monumental","./explore?q=estadio%20m%C3%A2s%20monumental&geo=AR"
"mario guerci","1 mil+","4 de septiembre de 2026 a las 9:20:00 UTC-3","4 de septiembre de 2026 a las 23:40:00 UTC-3","mario guerci","./explore?q=mario%20guerci&geo=AR"
"nyc fc - nashville sc","1 mil+","4 de septiembre de 2026 a las 20:20:00 UTC-3","5 de septiembre de 2026 a las 0:20:00 UTC-3","nyc fc - nashville sc,nashville sc","./explore?q=nyc%20fc%20-%20nashville%20sc&geo=AR"
"satas","200+","5 de septiembre de 2026 a las 16:40:00 UTC-3","5 de septiembre de 2026 a las 18:00:00 UTC-3","satas","./explore?q=satas&geo=AR"
"alex michelsen","500+","4 de septiembre de 2026 a las 21:10:00 UTC-3","5 de septiembre de 2026 a las 1:30:00 UTC-3","alex michelsen","./explore?q=alex%20michelsen&geo=AR"
"depósito a plazo fijo","5 mil+","31 de agosto de 2026 a las 13:00:00 UTC-3","31 de agosto de 2026 a las 21:10:00 UTC-3","depósito a plazo fijo","./explore?q=dep%C3%B3sito%20a%20plazo%20fijo&geo=AR"
"ajax - psv","200+","5 de septiembre de 2026 a las 15:20:00 UTC-3","5 de septiembre de 2026 a las 16:50:00 UTC-3","ajax - psv","./explore?q=ajax%20-%20psv&geo=AR"
"rodrygo","500+","4 de septiembre de 2026 a las 10:40:00 UTC-3","4 de septiembre de 2026 a las 23:20:00 UTC-3","rodrygo","./explore?q=rodrygo&geo=AR"
"facundo colidio","5 mil+","30 de agosto de 2026 a las 15:40:00 UTC-3","31 de agosto de 2026 a las 14:20:00 UTC-3","facundo colidio","./explore?q=facundo%20colidio&geo=AR"
"tagliafico","2 mil+","31 de agosto de 2026 a las 13:00:00 UTC-3","2 de septiembre de 2026 a las 0:50:00 UTC-3","tagliafico","./explore?q=tagliafico&geo=AR"
"millie bobby brown","500+","4 de septiembre de 2026 a las 17:50:00 UTC-3","4 de septiembre de 2026 a las 22:00:00 UTC-3","millie bobby brown","./explore?q=millie%20bobby%20brown&geo=AR"
"encuesta gran hermano hoy 2026","5 mil+","4 de septiembre de 2026 a las 14:30:00 UTC-3","4 de septiembre de 2026 a las 20:10:00 UTC-3","encuesta gran hermano hoy 2026,pincoya,quien se fue de gran hermano,gran hermano,quien se fue de gran hermano hoy,encuesta gran hermano hoy,encuestas gran hermano,gran hermano encuestas,yipio,quien se va hoy de gran hermano,gh,quien se va de gran hermano hoy","./explore?q=encuesta%20gran%20hermano%20hoy%202026&geo=AR"
"día del estudiante","2 mil+","1 de septiembre de 2026 a las 19:30:00 UTC-3","2 de septiembre de 2026 a las 16:00:00 UTC-3","día del estudiante","./explore?q=d%C3%ADa%20del%20estudiante&geo=AR"
"kevin lomónaco","2 mil+","2 de septiembre de 2026 a las 6:40:00 UTC-3","2 de septiembre de 2026 a las 19:40:00 UTC-3","kevin lomónaco,lomonaco","./explore?q=kevin%20lom%C3%B3naco&geo=AR"
"michael zheng","100+","5 de septiembre de 2026 a las 19:20:00 UTC-3","5 de septiembre de 2026 a las 20:30:00 UTC-3","michael zheng","./explore?q=michael%20zheng&geo=AR"
"posiciones de quilmes atlético club contra temperley","5 mil+","30 de agosto de 2026 a las 21:10:00 UTC-3","31 de agosto de 2026 a las 9:40:00 UTC-3","posiciones de quilmes atlético club contra temperley,quilmes - temperley,quilmes vs","./explore?q=posiciones%20de%20quilmes%20atl%C3%A9tico%20club%20contra%20temperley&geo=AR"
"porto","1 mil+","4 de septiembre de 2026 a las 16:20:00 UTC-3","4 de septiembre de 2026 a las 19:10:00 UTC-3","porto","./explore?q=porto&geo=AR"
"barcelona sc - independiente del valle","5 mil+","2 de septiembre de 2026 a las 20:20:00 UTC-3","3 de septiembre de 2026 a las 0:20:00 UTC-3","barcelona sc - independiente del valle,posiciones de barcelona sc contra independiente del valle,barcelona vs","./explore?q=barcelona%20sc%20-%20independiente%20del%20valle&geo=AR"
"masterchef celebrity argentina","2 mil+","2 de septiembre de 2026 a las 12:20:00 UTC-3","2 de septiembre de 2026 a las 20:40:00 UTC-3","masterchef celebrity argentina","./explore?q=masterchef%20celebrity%20argentina&geo=AR"
"lecce - roma","5 mil+","31 de agosto de 2026 a las 12:40:00 UTC-3","31 de agosto de 2026 a las 20:30:00 UTC-3","lecce - roma","./explore?q=lecce%20-%20roma&geo=AR"
"pamela anderson","200+","5 de septiembre de 2026 a las 12:50:00 UTC-3","5 de septiembre de 2026 a las 14:00:00 UTC-3","pamela anderson","./explore?q=pamela%20anderson&geo=AR"
"erin piacenti","2 mil+","1 de septiembre de 2026 a las 14:10:00 UTC-3","2 de septiembre de 2026 a las 10:30:00 UTC-3","erin piacenti,los andes","./explore?q=erin%20piacenti&geo=AR"
"lyon - auxerre","1 mil+","4 de septiembre de 2026 a las 13:40:00 UTC-3","4 de septiembre de 2026 a las 17:20:00 UTC-3","lyon - auxerre","./explore?q=lyon%20-%20auxerre&geo=AR"
"clima el niño","2 mil+","3 de septiembre de 2026 a las 19:20:00 UTC-3","4 de septiembre de 2026 a las 0:40:00 UTC-3","clima el niño,cambio climático,el niño clima,cuando llega el niño a buenos aires,organización meteorológica mundial,clima caba","./explore?q=clima%20el%20ni%C3%B1o&geo=AR"
"capital humano","5 mil+","31 de agosto de 2026 a las 13:10:00 UTC-3","31 de agosto de 2026 a las 18:20:00 UTC-3","capital humano,volver al trabajo","./explore?q=capital%20humano&geo=AR"
"club atlético peñarol","2 mil+","31 de agosto de 2026 a las 0:20:00 UTC-3","1 de septiembre de 2026 a las 19:30:00 UTC-3","club atlético peñarol,germán pezzella,la nueva","./explore?q=club%20atl%C3%A9tico%20pe%C3%B1arol&geo=AR"
"américa - monterrey","1 mil+","3 de septiembre de 2026 a las 0:10:00 UTC-3","3 de septiembre de 2026 a las 9:10:00 UTC-3","américa - monterrey,america vs monterrey","./explore?q=am%C3%A9rica%20-%20monterrey&geo=AR"
"gemini","20 mil+","3 de septiembre de 2026 a las 12:00:00 UTC-3","3 de septiembre de 2026 a las 13:20:00 UTC-3","gemini,claude,gemini ai,chat gtp,geminis,chatgpt status,downdetector,cht gpt,grok,codex","./explore?q=gemini&geo=AR"
"posiciones de rayo vallecano contra racing de santander","200+","5 de septiembre de 2026 a las 16:10:00 UTC-3","5 de septiembre de 2026 a las 17:00:00 UTC-3","posiciones de rayo vallecano contra racing de santander,rayo vallecano","./explore?q=posiciones%20de%20rayo%20vallecano%20contra%20racing%20de%20santander&geo=AR"
"violeta urtizberea","2 mil+","30 de agosto de 2026 a las 16:40:00 UTC-3","31 de agosto de 2026 a las 15:20:00 UTC-3","violeta urtizberea","./explore?q=violeta%20urtizberea&geo=AR"
"toulouse - losc","2 mil+","3 de septiembre de 2026 a las 15:20:00 UTC-3","3 de septiembre de 2026 a las 19:50:00 UTC-3","toulouse - losc,toulouse fc","./explore?q=toulouse%20-%20losc&geo=AR"
"keanu reeves","1 mil+","2 de septiembre de 2026 a las 12:10:00 UTC-3","3 de septiembre de 2026 a las 0:20:00 UTC-3","keanu reeves","./explore?q=keanu%20reeves&geo=AR"
"omar de felippe","2 mil+","1 de septiembre de 2026 a las 13:40:00 UTC-3","2 de septiembre de 2026 a las 1:00:00 UTC-3","omar de felippe,sampaoli","./explore?q=omar%20de%20felippe&geo=AR"
"colegiales - midland","2 mil+","2 de septiembre de 2026 a las 19:40:00 UTC-3","2 de septiembre de 2026 a las 23:30:00 UTC-3","colegiales - midland,colegiales","./explore?q=colegiales%20-%20midland&geo=AR"
"icardi","1 mil+","2 de septiembre de 2026 a las 12:10:00 UTC-3","3 de septiembre de 2026 a las 11:00:00 UTC-3","icardi","./explore?q=icardi&geo=AR"
"peñarol - nacional","10 mil+","30 de agosto de 2026 a las 14:50:00 UTC-3","30 de agosto de 2026 a las 20:50:00 UTC-3","peñarol - nacional,peñarol,nacional,nacional vs peñarol,peñarol nacional,nacional peñarol","./explore?q=pe%C3%B1arol%20-%20nacional&geo=AR"
"west ham - derby county","200+","5 de septiembre de 2026 a las 11:40:00 UTC-3","5 de septiembre de 2026 a las 13:50:00 UTC-3","west ham - derby county","./explore?q=west%20ham%20-%20derby%20county&geo=AR"
"san martín de tucumán - atlético güemes","10 mil+","30 de agosto de 2026 a las 18:10:00 UTC-3","30 de agosto de 2026 a las 23:30:00 UTC-3","san martín de tucumán - atlético güemes,san martin de tucuman,san martín de tucumán vs. atlético güemes","./explore?q=san%20mart%C3%ADn%20de%20tucum%C3%A1n%20-%20atl%C3%A9tico%20g%C3%BCemes&geo=AR"
"diego monroig","2 mil+","30 de agosto de 2026 a las 18:10:00 UTC-3","31 de agosto de 2026 a las 22:40:00 UTC-3","diego monroig,adam bareiro","./explore?q=diego%20monroig&geo=AR"
"nicole neumann","1 mil+","3 de septiembre de 2026 a las 15:50:00 UTC-3","3 de septiembre de 2026 a las 21:30:00 UTC-3","nicole neumann","./explore?q=nicole%20neumann&geo=AR"
"deportivo morón - san miguel","10 mil+","30 de agosto de 2026 a las 15:10:00 UTC-3","30 de agosto de 2026 a las 19:30:00 UTC-3","deportivo morón - san miguel,posiciones de deportivo morón contra club atlético san miguel,moron,moron vs,moron hoy,moron vs san miguel,deportivo morón vs. san miguel","./explore?q=deportivo%20mor%C3%B3n%20-%20san%20miguel&geo=AR"
"juan manuel herrera enfermedad","2 mil+","30 de agosto de 2026 a las 19:30:00 UTC-3","31 de agosto de 2026 a las 20:00:00 UTC-3","juan manuel herrera enfermedad,juan manuel herrera salud","./explore?q=juan%20manuel%20herrera%20enfermedad&geo=AR"
"base naval","1 mil+","3 de septiembre de 2026 a las 21:30:00 UTC-3","4 de septiembre de 2026 a las 9:30:00 UTC-3","base naval,base naval integrada ushuaia","./explore?q=base%20naval&geo=AR"
"istanbul bb - galatasaray","500+","4 de septiembre de 2026 a las 13:20:00 UTC-3","4 de septiembre de 2026 a las 16:50:00 UTC-3","istanbul bb - galatasaray","./explore?q=istanbul%20bb%20-%20galatasaray&geo=AR"
"laliga","5 mil+","5 de septiembre de 2026 a las 13:40:00 UTC-3","5 de septiembre de 2026 a las 14:20:00 UTC-3","laliga,marca,primera división","./explore?q=laliga&geo=AR"
"nayib bukele","500+","4 de septiembre de 2026 a las 12:30:00 UTC-3","4 de septiembre de 2026 a las 17:30:00 UTC-3","nayib bukele","./explore?q=nayib%20bukele&geo=AR"
"dia del ferretero","1 mil+","3 de septiembre de 2026 a las 8:10:00 UTC-3","3 de septiembre de 2026 a las 14:30:00 UTC-3","dia del ferretero","./explore?q=dia%20del%20ferretero&geo=AR"
"cataratas del iguazú","1 mil+","3 de septiembre de 2026 a las 19:50:00 UTC-3","4 de septiembre de 2026 a las 0:50:00 UTC-3","cataratas del iguazú","./explore?q=cataratas%20del%20iguaz%C3%BA&geo=AR"
"uber","2 mil+","2 de septiembre de 2026 a las 14:40:00 UTC-3","3 de septiembre de 2026 a las 8:00:00 UTC-3","uber","./explore?q=uber&geo=AR"
"campeón","2 mil+","2 de septiembre de 2026 a las 9:20:00 UTC-3","2 de septiembre de 2026 a las 19:50:00 UTC-3","campeón","./explore?q=campe%C3%B3n&geo=AR"
"todo noticias","2 mil+","3 de septiembre de 2026 a las 18:50:00 UTC-3","3 de septiembre de 2026 a las 23:30:00 UTC-3","todo noticias,tn,c5n","./explore?q=todo%20noticias&geo=AR"
"anna kalinskaya","500+","4 de septiembre de 2026 a las 22:40:00 UTC-3","5 de septiembre de 2026 a las 1:30:00 UTC-3","anna kalinskaya","./explore?q=anna%20kalinskaya&geo=AR"
"iliman ndiaye","200+","5 de septiembre de 2026 a las 11:30:00 UTC-3","5 de septiembre de 2026 a las 13:10:00 UTC-3","iliman ndiaye","./explore?q=iliman%20ndiaye&geo=AR"
"juan román riquelme","1 mil+","1 de septiembre de 2026 a las 17:50:00 UTC-3","2 de septiembre de 2026 a las 17:00:00 UTC-3","juan román riquelme","./explore?q=juan%20rom%C3%A1n%20riquelme&geo=AR"
"brad pitt","2 mil+","2 de septiembre de 2026 a las 14:00:00 UTC-3","2 de septiembre de 2026 a las 21:30:00 UTC-3","brad pitt","./explore?q=brad%20pitt&geo=AR"
"pronostico la plata","200+","5 de septiembre de 2026 a las 17:40:00 UTC-3","5 de septiembre de 2026 a las 18:30:00 UTC-3","pronostico la plata","./explore?q=pronostico%20la%20plata&geo=AR"
"sean lennon","2 mil+","2 de septiembre de 2026 a las 14:10:00 UTC-3","2 de septiembre de 2026 a las 21:30:00 UTC-3","sean lennon","./explore?q=sean%20lennon&geo=AR"
"posiciones de club atlético los andes contra club atlético acassuso","5 mil+","31 de agosto de 2026 a las 21:10:00 UTC-3","1 de septiembre de 2026 a las 9:00:00 UTC-3","posiciones de club atlético los andes contra club atlético acassuso,los andes - acassuso,los andes vs","./explore?q=posiciones%20de%20club%20atl%C3%A9tico%20los%20andes%20contra%20club%20atl%C3%A9tico%20acassuso&geo=AR"
"chelsea vs brighton","5 mil+","30 de agosto de 2026 a las 10:00:00 UTC-3","31 de agosto de 2026 a las 1:40:00 UTC-3","chelsea vs brighton,chelsea vs. brighton,brighton,joao pedro","./explore?q=chelsea%20vs%20brighton&geo=AR"
"fc cajamarca - cienciano","500+","4 de septiembre de 2026 a las 14:30:00 UTC-3","4 de septiembre de 2026 a las 17:40:00 UTC-3","fc cajamarca - cienciano","./explore?q=fc%20cajamarca%20-%20cienciano&geo=AR"
"mirassol - palmeiras","5 mil+","30 de agosto de 2026 a las 17:50:00 UTC-3","31 de agosto de 2026 a las 7:10:00 UTC-3","mirassol - palmeiras","./explore?q=mirassol%20-%20palmeiras&geo=AR"
"tyc sports","2 mil+","2 de septiembre de 2026 a las 21:00:00 UTC-3","3 de septiembre de 2026 a las 0:20:00 UTC-3","tyc sports","./explore?q=tyc%20sports&geo=AR"
"torneo argentino","200+","5 de septiembre de 2026 a las 18:30:00 UTC-3","5 de septiembre de 2026 a las 19:10:00 UTC-3","torneo argentino","./explore?q=torneo%20argentino&geo=AR"
"mario falak","1 mil+","2 de septiembre de 2026 a las 8:20:00 UTC-3","2 de septiembre de 2026 a las 20:20:00 UTC-3","mario falak","./explore?q=mario%20falak&geo=AR"
"cuenta dni","5 mil+","1 de septiembre de 2026 a las 18:30:00 UTC-3","1 de septiembre de 2026 a las 22:20:00 UTC-3","cuenta dni","./explore?q=cuenta%20dni&geo=AR"
"viento","1 mil+","4 de septiembre de 2026 a las 15:40:00 UTC-3","4 de septiembre de 2026 a las 17:00:00 UTC-3","viento","./explore?q=viento&geo=AR"
"andy ruiz","200+","5 de septiembre de 2026 a las 0:10:00 UTC-3","5 de septiembre de 2026 a las 9:20:00 UTC-3","andy ruiz","./explore?q=andy%20ruiz&geo=AR"
"comesaña","2 mil+","1 de septiembre de 2026 a las 13:40:00 UTC-3","1 de septiembre de 2026 a las 20:00:00 UTC-3","comesaña,francisco comesaña","./explore?q=comesa%C3%B1a&geo=AR"
"liverpool vs","500+","4 de septiembre de 2026 a las 16:10:00 UTC-3","4 de septiembre de 2026 a las 18:50:00 UTC-3","liverpool vs","./explore?q=liverpool%20vs&geo=AR"
"napoli - como","5 mil+","30 de agosto de 2026 a las 12:40:00 UTC-3","30 de agosto de 2026 a las 19:40:00 UTC-3","napoli - como,napoli vs,como vs","./explore?q=napoli%20-%20como&geo=AR"
"turismo carretera","2 mil+","2 de septiembre de 2026 a las 12:40:00 UTC-3","2 de septiembre de 2026 a las 20:20:00 UTC-3","turismo carretera","./explore?q=turismo%20carretera&geo=AR"
"sistema único de boleto electrónico","1 mil+","3 de septiembre de 2026 a las 9:30:00 UTC-3","3 de septiembre de 2026 a las 18:20:00 UTC-3","sistema único de boleto electrónico","./explore?q=sistema%20%C3%BAnico%20de%20boleto%20electr%C3%B3nico&geo=AR"
"san antonio oeste","2 mil+","1 de septiembre de 2026 a las 16:30:00 UTC-3","2 de septiembre de 2026 a las 0:50:00 UTC-3","san antonio oeste","./explore?q=san%20antonio%20oeste&geo=AR"
"kalinskaya","500+","4 de septiembre de 2026 a las 23:20:00 UTC-3","5 de septiembre de 2026 a las 1:10:00 UTC-3","kalinskaya,svitolina","./explore?q=kalinskaya&geo=AR"
"galatasaray","1 mil+","4 de septiembre de 2026 a las 14:20:00 UTC-3","4 de septiembre de 2026 a las 16:50:00 UTC-3","galatasaray","./explore?q=galatasaray&geo=AR"
"abogado","2 mil+","1 de septiembre de 2026 a las 16:50:00 UTC-3","1 de septiembre de 2026 a las 22:50:00 UTC-3","abogado","./explore?q=abogado&geo=AR"
"psg vs monaco","1 mil+","4 de septiembre de 2026 a las 17:00:00 UTC-3","4 de septiembre de 2026 a las 19:10:00 UTC-3","psg vs monaco,psg vs,psg vs. mónaco,monaco fc","./explore?q=psg%20vs%20monaco&geo=AR"
"al-shabab - al hilal","500+","4 de septiembre de 2026 a las 14:50:00 UTC-3","4 de septiembre de 2026 a las 17:50:00 UTC-3","al-shabab - al hilal","./explore?q=al-shabab%20-%20al%20hilal&geo=AR"
"coco gauff","200+","5 de septiembre de 2026 a las 17:50:00 UTC-3","5 de septiembre de 2026 a las 18:30:00 UTC-3","coco gauff","./explore?q=coco%20gauff&geo=AR"
"fuego","1 mil+","3 de septiembre de 2026 a las 7:20:00 UTC-3","3 de septiembre de 2026 a las 12:20:00 UTC-3","fuego","./explore?q=fuego&geo=AR"
"zombies","2 mil+","2 de septiembre de 2026 a las 19:30:00 UTC-3","3 de septiembre de 2026 a las 1:00:00 UTC-3","zombies,zombies disney","./explore?q=zombies&geo=AR"
"pat cash","2 mil+","31 de agosto de 2026 a las 12:00:00 UTC-3","1 de septiembre de 2026 a las 16:40:00 UTC-3","pat cash","./explore?q=pat%20cash&geo=AR"
"barcelona","10 mil+","31 de agosto de 2026 a las 16:50:00 UTC-3","31 de agosto de 2026 a las 19:30:00 UTC-3","barcelona,julián álvarez","./explore?q=barcelona&geo=AR"
"cáncer","500+","4 de septiembre de 2026 a las 19:50:00 UTC-3","4 de septiembre de 2026 a las 22:20:00 UTC-3","cáncer","./explore?q=c%C3%A1ncer&geo=AR"
"crédito hipotecario","2 mil+","31 de agosto de 2026 a las 15:50:00 UTC-3","31 de agosto de 2026 a las 23:00:00 UTC-3","crédito hipotecario","./explore?q=cr%C3%A9dito%20hipotecario&geo=AR"
"ferrocarril","1 mil+","3 de septiembre de 2026 a las 15:50:00 UTC-3","3 de septiembre de 2026 a las 21:00:00 UTC-3","ferrocarril","./explore?q=ferrocarril&geo=AR"
"godoy cruz - san telmo","5 mil+","30 de agosto de 2026 a las 17:40:00 UTC-3","30 de agosto de 2026 a las 22:00:00 UTC-3","godoy cruz - san telmo,godoy cruz,godoy cruz vs","./explore?q=godoy%20cruz%20-%20san%20telmo&geo=AR"
"alineaciones de athletic club contra atlético de madrid","200+","5 de septiembre de 2026 a las 13:00:00 UTC-3","5 de septiembre de 2026 a las 14:10:00 UTC-3","alineaciones de athletic club contra atlético de madrid","./explore?q=alineaciones%20de%20athletic%20club%20contra%20atl%C3%A9tico%20de%20madrid&geo=AR"
"maru botana","2 mil+","31 de agosto de 2026 a las 23:00:00 UTC-3","1 de septiembre de 2026 a las 22:40:00 UTC-3","maru botana,carla czudnowsky","./explore?q=maru%20botana&geo=AR"
"diego milito","1 mil+","3 de septiembre de 2026 a las 15:50:00 UTC-3","3 de septiembre de 2026 a las 21:10:00 UTC-3","diego milito","./explore?q=diego%20milito&geo=AR"
"donweb","2 mil+","31 de agosto de 2026 a las 8:10:00 UTC-3","1 de septiembre de 2026 a las 17:40:00 UTC-3","donweb","./explore?q=donweb&geo=AR"
"como vs","500+","4 de septiembre de 2026 a las 16:10:00 UTC-3","4 de septiembre de 2026 a las 18:40:00 UTC-3","como vs,como fc","./explore?q=como%20vs&geo=AR"
"brendan fraser","2 mil+","1 de septiembre de 2026 a las 9:30:00 UTC-3","1 de septiembre de 2026 a las 20:20:00 UTC-3","brendan fraser","./explore?q=brendan%20fraser&geo=AR"
"paranaense - fluminense","5 mil+","30 de agosto de 2026 a las 10:10:00 UTC-3","30 de agosto de 2026 a las 17:00:00 UTC-3","paranaense - fluminense","./explore?q=paranaense%20-%20fluminense&geo=AR"
"7 de septiembre","5 mil+","30 de agosto de 2026 a las 14:50:00 UTC-3","30 de agosto de 2026 a las 19:30:00 UTC-3","7 de septiembre","./explore?q=7%20de%20septiembre&geo=AR"
"ingreso","2 mil+","30 de agosto de 2026 a las 7:50:00 UTC-3","30 de agosto de 2026 a las 19:50:00 UTC-3","ingreso","./explore?q=ingreso&geo=AR"
"transporte","1 mil+","1 de septiembre de 2026 a las 22:50:00 UTC-3","2 de septiembre de 2026 a las 17:50:00 UTC-3","transporte","./explore?q=transporte&geo=AR"
"marco trungelliti","1 mil+","3 de septiembre de 2026 a las 16:30:00 UTC-3","3 de septiembre de 2026 a las 20:20:00 UTC-3","marco trungelliti,trungelliti","./explore?q=marco%20trungelliti&geo=AR"
"kun agüero","1 mil+","3 de septiembre de 2026 a las 5:50:00 UTC-3","3 de septiembre de 2026 a las 16:40:00 UTC-3","kun agüero,narcotráfico","./explore?q=kun%20ag%C3%BCero&geo=AR"
"copa airlines","500+","4 de septiembre de 2026 a las 12:20:00 UTC-3","4 de septiembre de 2026 a las 18:10:00 UTC-3","copa airlines","./explore?q=copa%20airlines&geo=AR"
"luna llena","1 mil+","3 de septiembre de 2026 a las 19:10:00 UTC-3","4 de septiembre de 2026 a las 0:50:00 UTC-3","luna llena","./explore?q=luna%20llena&geo=AR"
"porto - moreirense","500+","4 de septiembre de 2026 a las 16:40:00 UTC-3","4 de septiembre de 2026 a las 19:20:00 UTC-3","porto - moreirense","./explore?q=porto%20-%20moreirense&geo=AR"
"federica brignone","200+","5 de septiembre de 2026 a las 12:10:00 UTC-3","5 de septiembre de 2026 a las 13:10:00 UTC-3","federica brignone,antonelli","./explore?q=federica%20brignone&geo=AR"
"matías galarza","2 mil+","2 de septiembre de 2026 a las 17:30:00 UTC-3","2 de septiembre de 2026 a las 21:30:00 UTC-3","matías galarza,galarza fonda","./explore?q=mat%C3%ADas%20galarza&geo=AR"
"torque - cerro largo","500+","4 de septiembre de 2026 a las 19:00:00 UTC-3","4 de septiembre de 2026 a las 21:30:00 UTC-3","torque - cerro largo","./explore?q=torque%20-%20cerro%20largo&geo=AR"
"flow","5 mil+","2 de septiembre de 2026 a las 21:10:00 UTC-3","2 de septiembre de 2026 a las 22:30:00 UTC-3","flow","./explore?q=flow&geo=AR"
"banco de la nación argentina","2 mil+","31 de agosto de 2026 a las 8:20:00 UTC-3","31 de agosto de 2026 a las 21:50:00 UTC-3","banco de la nación argentina","./explore?q=banco%20de%20la%20naci%C3%B3n%20argentina&geo=AR"
"trasplante","200+","4 de septiembre de 2026 a las 17:30:00 UTC-3","4 de septiembre de 2026 a las 22:00:00 UTC-3","trasplante","./explore?q=trasplante&geo=AR"
"chino darín","2 mil+","31 de agosto de 2026 a las 12:00:00 UTC-3","31 de agosto de 2026 a las 23:00:00 UTC-3","chino darín","./explore?q=chino%20dar%C3%ADn&geo=AR"
"clima mar del plata","2 mil+","4 de septiembre de 2026 a las 16:20:00 UTC-3","4 de septiembre de 2026 a las 17:30:00 UTC-3","clima mar del plata,mar","./explore?q=clima%20mar%20del%20plata&geo=AR"
"lyon fc","500+","4 de septiembre de 2026 a las 14:20:00 UTC-3","4 de septiembre de 2026 a las 16:50:00 UTC-3","lyon fc","./explore?q=lyon%20fc&geo=AR"
"universidad nacional de la plata (unlp)","1 mil+","2 de septiembre de 2026 a las 15:40:00 UTC-3","2 de septiembre de 2026 a las 22:40:00 UTC-3","universidad nacional de la plata (unlp)","./explore?q=universidad%20nacional%20de%20la%20plata%20%28unlp%29&geo=AR"
"lautaro rivero","500+","3 de septiembre de 2026 a las 16:20:00 UTC-3","3 de septiembre de 2026 a las 21:20:00 UTC-3","lautaro rivero","./explore?q=lautaro%20rivero&geo=AR"
"charlotte caniggia","2 mil+","31 de agosto de 2026 a las 6:10:00 UTC-3","1 de septiembre de 2026 a las 0:30:00 UTC-3","charlotte caniggia,mariana nannis","./explore?q=charlotte%20caniggia&geo=AR"
"méxico","10 mil+","30 de agosto de 2026 a las 15:10:00 UTC-3","30 de agosto de 2026 a las 17:40:00 UTC-3","méxico","./explore?q=m%C3%A9xico&geo=AR"
"persona non grata","1 mil+","2 de septiembre de 2026 a las 14:40:00 UTC-3","2 de septiembre de 2026 a las 21:00:00 UTC-3","persona non grata","./explore?q=persona%20non%20grata&geo=AR"
"claudio echeverri","2 mil+","31 de agosto de 2026 a las 10:50:00 UTC-3","31 de agosto de 2026 a las 21:30:00 UTC-3","claudio echeverri,echeverri,benfica,tyc sport","./explore?q=claudio%20echeverri&geo=AR"
"yanina zilli","500+","3 de septiembre de 2026 a las 21:50:00 UTC-3","4 de septiembre de 2026 a las 2:10:00 UTC-3","yanina zilli","./explore?q=yanina%20zilli&geo=AR"
"shelton","200+","5 de septiembre de 2026 a las 0:00:00 UTC-3","5 de septiembre de 2026 a las 3:40:00 UTC-3","shelton","./explore?q=shelton&geo=AR"
"director técnico","500+","3 de septiembre de 2026 a las 17:50:00 UTC-3","3 de septiembre de 2026 a las 21:40:00 UTC-3","director técnico","./explore?q=director%20t%C3%A9cnico&geo=AR"
"tv argentina","100+","5 de septiembre de 2026 a las 17:20:00 UTC-3","5 de septiembre de 2026 a las 18:00:00 UTC-3","tv argentina","./explore?q=tv%20argentina&geo=AR"
"cerro - libertad","5 mil+","30 de agosto de 2026 a las 15:40:00 UTC-3","30 de agosto de 2026 a las 19:40:00 UTC-3","cerro - libertad","./explore?q=cerro%20-%20libertad&geo=AR"
"bryan cranston","500+","3 de septiembre de 2026 a las 21:00:00 UTC-3","4 de septiembre de 2026 a las 1:00:00 UTC-3","bryan cranston","./explore?q=bryan%20cranston&geo=AR"
"ariel lijo","1 mil+","31 de agosto de 2026 a las 17:20:00 UTC-3","1 de septiembre de 2026 a las 7:30:00 UTC-3","ariel lijo","./explore?q=ariel%20lijo&geo=AR"
"stuttgart vs","500+","4 de septiembre de 2026 a las 15:40:00 UTC-3","4 de septiembre de 2026 a las 18:10:00 UTC-3","stuttgart vs","./explore?q=stuttgart%20vs&geo=AR"
"luciano darderi","100+","5 de septiembre de 2026 a las 18:20:00 UTC-3","5 de septiembre de 2026 a las 18:50:00 UTC-3","luciano darderi","./explore?q=luciano%20darderi&geo=AR"
"juárez - pachuca","200+","5 de septiembre de 2026 a las 0:10:00 UTC-3","5 de septiembre de 2026 a las 2:30:00 UTC-3","juárez - pachuca","./explore?q=ju%C3%A1rez%20-%20pachuca&geo=AR"
"santino andino","200+","4 de septiembre de 2026 a las 20:50:00 UTC-3","4 de septiembre de 2026 a las 23:20:00 UTC-3","santino andino","./explore?q=santino%20andino&geo=AR"
"sabalenka","2 mil+","4 de septiembre de 2026 a las 12:50:00 UTC-3","4 de septiembre de 2026 a las 14:40:00 UTC-3","sabalenka,polina iatcenko,aryna sabalenka","./explore?q=sabalenka&geo=AR"
"estudiantes - ferro","5 mil+","30 de agosto de 2026 a las 15:10:00 UTC-3","30 de agosto de 2026 a las 19:10:00 UTC-3","estudiantes - ferro,posiciones de club atlético estudiantes contra ferro,ferro vs,ferro hoy","./explore?q=estudiantes%20-%20ferro&geo=AR"
"potapova","100+","5 de septiembre de 2026 a las 13:30:00 UTC-3","5 de septiembre de 2026 a las 14:30:00 UTC-3","potapova","./explore?q=potapova&geo=AR"
"telekino 2443","2 mil+","30 de agosto de 2026 a las 18:40:00 UTC-3","31 de agosto de 2026 a las 13:40:00 UTC-3","telekino 2443,telekino 30 de agosto,sorteo telekino","./explore?q=telekino%202443&geo=AR"
"johana chacon","500+","4 de septiembre de 2026 a las 8:50:00 UTC-3","4 de septiembre de 2026 a las 15:20:00 UTC-3","johana chacon","./explore?q=johana%20chacon&geo=AR"
"silvina luna","1 mil+","31 de agosto de 2026 a las 12:00:00 UTC-3","1 de septiembre de 2026 a las 17:50:00 UTC-3","silvina luna","./explore?q=silvina%20luna&geo=AR"
"primera división","5 mil+","1 de septiembre de 2026 a las 14:50:00 UTC-3","1 de septiembre de 2026 a las 16:10:00 UTC-3","primera división","./explore?q=primera%20divisi%C3%B3n&geo=AR"
"camilo septimo","1 mil+","2 de septiembre de 2026 a las 23:30:00 UTC-3","3 de septiembre de 2026 a las 14:40:00 UTC-3","camilo septimo,jonathan meléndez","./explore?q=camilo%20septimo&geo=AR"
"cerundolo","1 mil+","1 de septiembre de 2026 a las 12:50:00 UTC-3","2 de septiembre de 2026 a las 0:00:00 UTC-3","cerundolo","./explore?q=cerundolo&geo=AR"
"todo noticias","200+","5 de septiembre de 2026 a las 20:00:00 UTC-3","5 de septiembre de 2026 a las 20:20:00 UTC-3","todo noticias","./explore?q=todo%20noticias&geo=AR"
"atlanta - san martín","2 mil+","30 de agosto de 2026 a las 15:10:00 UTC-3","30 de agosto de 2026 a las 20:50:00 UTC-3","atlanta - san martín,san martin de san juan","./explore?q=atlanta%20-%20san%20mart%C3%ADn&geo=AR"
"lucia vergara desaparecida","1 mil+","2 de septiembre de 2026 a las 9:10:00 UTC-3","2 de septiembre de 2026 a las 20:20:00 UTC-3","lucia vergara desaparecida","./explore?q=lucia%20vergara%20desaparecida&geo=AR"
"maratón de buenos aires","500+","3 de septiembre de 2026 a las 20:50:00 UTC-3","4 de septiembre de 2026 a las 7:20:00 UTC-3","maratón de buenos aires,media maratón","./explore?q=marat%C3%B3n%20de%20buenos%20aires&geo=AR"
"despido laboral","1 mil+","2 de septiembre de 2026 a las 18:30:00 UTC-3","2 de septiembre de 2026 a las 21:50:00 UTC-3","despido laboral","./explore?q=despido%20laboral&geo=AR"
"corinthians - santos","2 mil+","30 de agosto de 2026 a las 15:40:00 UTC-3","30 de agosto de 2026 a las 19:50:00 UTC-3","corinthians - santos","./explore?q=corinthians%20-%20santos&geo=AR"
"club mitre - central norte","2 mil+","30 de agosto de 2026 a las 14:40:00 UTC-3","30 de agosto de 2026 a las 19:40:00 UTC-3","club mitre - central norte,central norte","./explore?q=club%20mitre%20-%20central%20norte&geo=AR"
"dia de la industria","1 mil+","2 de septiembre de 2026 a las 8:00:00 UTC-3","2 de septiembre de 2026 a las 14:00:00 UTC-3","dia de la industria","./explore?q=dia%20de%20la%20industria&geo=AR"
"nicolás reniero","500+","4 de septiembre de 2026 a las 16:50:00 UTC-3","4 de septiembre de 2026 a las 20:40:00 UTC-3","nicolás reniero","./explore?q=nicol%C3%A1s%20reniero&geo=AR"
"joan manuel serrat","2 mil+","30 de agosto de 2026 a las 12:20:00 UTC-3","30 de agosto de 2026 a las 21:00:00 UTC-3","joan manuel serrat","./explore?q=joan%20manuel%20serrat&geo=AR"
"al hilal - al-ahli saudi","2 mil+","1 de septiembre de 2026 a las 14:20:00 UTC-3","1 de septiembre de 2026 a las 19:10:00 UTC-3","al hilal - al-ahli saudi,al hilal","./explore?q=al%20hilal%20-%20al-ahli%20saudi&geo=AR"
"granizo córdoba","2 mil+","31 de agosto de 2026 a las 16:40:00 UTC-3","1 de septiembre de 2026 a las 0:20:00 UTC-3","granizo córdoba,temporal,clima cordoba capital,clima en cordoba","./explore?q=granizo%20c%C3%B3rdoba&geo=AR"
"2 de mayo - sportivo luqueño","2 mil+","1 de septiembre de 2026 a las 18:00:00 UTC-3","1 de septiembre de 2026 a las 21:40:00 UTC-3","2 de mayo - sportivo luqueño","./explore?q=2%20de%20mayo%20-%20sportivo%20luque%C3%B1o&geo=AR"
"cagliari - hellas verona","1 mil+","3 de septiembre de 2026 a las 16:20:00 UTC-3","3 de septiembre de 2026 a las 19:20:00 UTC-3","cagliari - hellas verona,cagliari fc","./explore?q=cagliari%20-%20hellas%20verona&geo=AR"
"alex michelsen","100+","5 de septiembre de 2026 a las 16:50:00 UTC-3","5 de septiembre de 2026 a las 17:30:00 UTC-3","alex michelsen","./explore?q=alex%20michelsen&geo=AR"
"skater","1 mil+","2 de septiembre de 2026 a las 14:20:00 UTC-3","2 de septiembre de 2026 a las 20:50:00 UTC-3","skater","./explore?q=skater&geo=AR"
"futbol para todos","10 mil+","30 de agosto de 2026 a las 14:50:00 UTC-3","30 de agosto de 2026 a las 16:50:00 UTC-3","futbol para todos,fútbol para todos","./explore?q=futbol%20para%20todos&geo=AR"
"crédito","2 mil+","1 de septiembre de 2026 a las 17:30:00 UTC-3","2 de septiembre de 2026 a las 8:20:00 UTC-3","crédito,tasa,tasa de interés","./explore?q=cr%C3%A9dito&geo=AR"
"poder judicial de san juan","1 mil+","1 de septiembre de 2026 a las 0:00:00 UTC-3","1 de septiembre de 2026 a las 13:40:00 UTC-3","poder judicial de san juan","./explore?q=poder%20judicial%20de%20san%20juan&geo=AR"
"antonela roccuzzo","2 mil+","30 de agosto de 2026 a las 7:20:00 UTC-3","30 de agosto de 2026 a las 13:10:00 UTC-3","antonela roccuzzo","./explore?q=antonela%20roccuzzo&geo=AR"
"monfils","1 mil+","3 de septiembre de 2026 a las 21:30:00 UTC-3","3 de septiembre de 2026 a las 23:40:00 UTC-3","monfils,gael monfils,learner tien,gaël monfils","./explore?q=monfils&geo=AR"
"joaquín freitas","2 mil+","30 de agosto de 2026 a las 13:50:00 UTC-3","30 de agosto de 2026 a las 23:30:00 UTC-3","joaquín freitas,como va river,partidos de river plate,joaquin freitas","./explore?q=joaqu%C3%ADn%20freitas&geo=AR"
"harry potter hbo max","500+","3 de septiembre de 2026 a las 16:40:00 UTC-3","3 de septiembre de 2026 a las 21:30:00 UTC-3","harry potter hbo max","./explore?q=harry%20potter%20hbo%20max&geo=AR"
"benfica - estoril","2 mil+","31 de agosto de 2026 a las 16:00:00 UTC-3","31 de agosto de 2026 a las 21:30:00 UTC-3","benfica - estoril","./explore?q=benfica%20-%20estoril&geo=AR"
"dionísio cerqueira","1 mil+","31 de agosto de 2026 a las 7:20:00 UTC-3","31 de agosto de 2026 a las 19:20:00 UTC-3","dionísio cerqueira","./explore?q=dion%C3%ADsio%20cerqueira&geo=AR"
"lille","500+","3 de septiembre de 2026 a las 15:50:00 UTC-3","3 de septiembre de 2026 a las 18:50:00 UTC-3","lille","./explore?q=lille&geo=AR"
"flamengo - botafogo","2 mil+","30 de agosto de 2026 a las 15:30:00 UTC-3","30 de agosto de 2026 a las 19:20:00 UTC-3","flamengo - botafogo","./explore?q=flamengo%20-%20botafogo&geo=AR"
"premier","2 mil+","30 de agosto de 2026 a las 9:40:00 UTC-3","30 de agosto de 2026 a las 15:00:00 UTC-3","premier","./explore?q=premier&geo=AR"
"sadie sink","1 mil+","1 de septiembre de 2026 a las 13:50:00 UTC-3","2 de septiembre de 2026 a las 2:00:00 UTC-3","sadie sink","./explore?q=sadie%20sink&geo=AR"
"maju lozano","200+","4 de septiembre de 2026 a las 22:40:00 UTC-3","5 de septiembre de 2026 a las 10:30:00 UTC-3","maju lozano","./explore?q=maju%20lozano&geo=AR"
"epicentro","2 mil+","1 de septiembre de 2026 a las 19:30:00 UTC-3","1 de septiembre de 2026 a las 22:10:00 UTC-3","epicentro","./explore?q=epicentro&geo=AR"
"clima cordoba","2 mil+","31 de agosto de 2026 a las 6:20:00 UTC-3","31 de agosto de 2026 a las 16:10:00 UTC-3","clima cordoba","./explore?q=clima%20cordoba&geo=AR"
"iplan","1 mil+","31 de agosto de 2026 a las 13:30:00 UTC-3","1 de septiembre de 2026 a las 12:30:00 UTC-3","iplan","./explore?q=iplan&geo=AR"
"playstation","1 mil+","1 de septiembre de 2026 a las 14:50:00 UTC-3","1 de septiembre de 2026 a las 22:20:00 UTC-3","playstation,state of play","./explore?q=playstation&geo=AR"
"torino - monza","1 mil+","1 de septiembre de 2026 a las 15:40:00 UTC-3","1 de septiembre de 2026 a las 20:20:00 UTC-3","torino - monza","./explore?q=torino%20-%20monza&geo=AR"
"west ham - wolves","2 mil+","1 de septiembre de 2026 a las 15:30:00 UTC-3","1 de septiembre de 2026 a las 18:50:00 UTC-3","west ham - wolves,championship,west ham,posiciones de west ham contra wolverhampton","./explore?q=west%20ham%20-%20wolves&geo=AR"
"badosa","1 mil+","3 de septiembre de 2026 a las 21:10:00 UTC-3","3 de septiembre de 2026 a las 23:10:00 UTC-3","badosa,coco gauff","./explore?q=badosa&geo=AR"
"materia oscura","1 mil+","1 de septiembre de 2026 a las 23:40:00 UTC-3","2 de septiembre de 2026 a las 17:00:00 UTC-3","materia oscura","./explore?q=materia%20oscura&geo=AR"
"gremio vs internacional","500+","3 de septiembre de 2026 a las 20:10:00 UTC-3","3 de septiembre de 2026 a las 22:50:00 UTC-3","gremio vs internacional,gremio vs","./explore?q=gremio%20vs%20internacional&geo=AR"
"claudio úbeda","500+","2 de septiembre de 2026 a las 16:50:00 UTC-3","2 de septiembre de 2026 a las 21:40:00 UTC-3","claudio úbeda","./explore?q=claudio%20%C3%BAbeda&geo=AR"
"uspallata","1 mil+","1 de septiembre de 2026 a las 13:10:00 UTC-3","1 de septiembre de 2026 a las 23:40:00 UTC-3","uspallata,godoy cruz hoy","./explore?q=uspallata&geo=AR"
"playstation 5","1 mil+","31 de agosto de 2026 a las 13:40:00 UTC-3","31 de agosto de 2026 a las 22:50:00 UTC-3","playstation 5","./explore?q=playstation%205&geo=AR"
"alan chaves","200+","4 de septiembre de 2026 a las 22:30:00 UTC-3","5 de septiembre de 2026 a las 0:20:00 UTC-3","alan chaves","./explore?q=alan%20chaves&geo=AR"
"sol pérez","1 mil+","1 de septiembre de 2026 a las 16:50:00 UTC-3","1 de septiembre de 2026 a las 21:50:00 UTC-3","sol pérez","./explore?q=sol%20p%C3%A9rez&geo=AR"
"paula badosa","500+","3 de septiembre de 2026 a las 20:40:00 UTC-3","3 de septiembre de 2026 a las 23:10:00 UTC-3","paula badosa","./explore?q=paula%20badosa&geo=AR"
"almirante brown - deportivo madryn","2 mil+","30 de agosto de 2026 a las 14:40:00 UTC-3","30 de agosto de 2026 a las 18:20:00 UTC-3","almirante brown - deportivo madryn,almirante,almirante brown","./explore?q=almirante%20brown%20-%20deportivo%20madryn&geo=AR"
"canal 12","1 mil+","2 de septiembre de 2026 a las 19:00:00 UTC-3","2 de septiembre de 2026 a las 22:10:00 UTC-3","canal 12","./explore?q=canal%2012&geo=AR"
"vacherot","200+","4 de septiembre de 2026 a las 21:50:00 UTC-3","4 de septiembre de 2026 a las 23:00:00 UTC-3","vacherot,valentin vacherot","./explore?q=vacherot&geo=AR"
"werder bremen - rb leipzig","100+","5 de septiembre de 2026 a las 12:20:00 UTC-3","5 de septiembre de 2026 a las 13:20:00 UTC-3","werder bremen - rb leipzig","./explore?q=werder%20bremen%20-%20rb%20leipzig&geo=AR"
"boeing b-52 stratofortress","1 mil+","31 de agosto de 2026 a las 15:20:00 UTC-3","31 de agosto de 2026 a las 22:10:00 UTC-3","boeing b-52 stratofortress","./explore?q=boeing%20b-52%20stratofortress&geo=AR"
"disney plus","1 mil+","4 de septiembre de 2026 a las 7:40:00 UTC-3","4 de septiembre de 2026 a las 8:40:00 UTC-3","disney plus","./explore?q=disney%20plus&geo=AR"
"selección de fútbol de españa","500+","3 de septiembre de 2026 a las 18:40:00 UTC-3","3 de septiembre de 2026 a las 21:00:00 UTC-3","selección de fútbol de españa,marcos llorente","./explore?q=selecci%C3%B3n%20de%20f%C3%BAtbol%20de%20espa%C3%B1a&geo=AR"
"celta de vigo - athletic","2 mil+","30 de agosto de 2026 a las 15:50:00 UTC-3","30 de agosto de 2026 a las 20:50:00 UTC-3","celta de vigo - athletic","./explore?q=celta%20de%20vigo%20-%20athletic&geo=AR"
"disney","500+","4 de septiembre de 2026 a las 7:40:00 UTC-3","4 de septiembre de 2026 a las 8:50:00 UTC-3","disney","./explore?q=disney&geo=AR"
"cruzeiro","2 mil+","1 de septiembre de 2026 a las 21:20:00 UTC-3","2 de septiembre de 2026 a las 0:10:00 UTC-3","cruzeiro,mineiro,cruzeiro vs atlético mineiro","./explore?q=cruzeiro&geo=AR"
"unión industrial argentina","500+","2 de septiembre de 2026 a las 15:40:00 UTC-3","2 de septiembre de 2026 a las 20:10:00 UTC-3","unión industrial argentina","./explore?q=uni%C3%B3n%20industrial%20argentina&geo=AR"
"santos vs palmeiras","500+","2 de septiembre de 2026 a las 21:50:00 UTC-3","3 de septiembre de 2026 a las 2:10:00 UTC-3","santos vs palmeiras,santos vs. palmeiras","./explore?q=santos%20vs%20palmeiras&geo=AR"
"juan martín del potro","1 mil+","2 de septiembre de 2026 a las 13:20:00 UTC-3","2 de septiembre de 2026 a las 19:40:00 UTC-3","juan martín del potro","./explore?q=juan%20mart%C3%ADn%20del%20potro&geo=AR"
"ldu quito - mushuc runa","1 mil+","1 de septiembre de 2026 a las 20:40:00 UTC-3","2 de septiembre de 2026 a las 0:10:00 UTC-3","ldu quito - mushuc runa","./explore?q=ldu%20quito%20-%20mushuc%20runa&geo=AR"
"deportivo pereira - medellín","500+","3 de septiembre de 2026 a las 22:10:00 UTC-3","4 de septiembre de 2026 a las 1:00:00 UTC-3","deportivo pereira - medellín","./explore?q=deportivo%20pereira%20-%20medell%C3%ADn&geo=AR"
"newells","2 mil+","31 de agosto de 2026 a las 19:40:00 UTC-3","31 de agosto de 2026 a las 21:50:00 UTC-3","newells","./explore?q=newells&geo=AR"
"aeropuerto","1 mil+","1 de septiembre de 2026 a las 11:20:00 UTC-3","1 de septiembre de 2026 a las 23:40:00 UTC-3","aeropuerto,paro aeropuertos","./explore?q=aeropuerto&geo=AR"
"al hilal","500+","4 de septiembre de 2026 a las 15:40:00 UTC-3","4 de septiembre de 2026 a las 17:20:00 UTC-3","al hilal","./explore?q=al%20hilal&geo=AR"
"onimusha","200+","4 de septiembre de 2026 a las 18:20:00 UTC-3","4 de septiembre de 2026 a las 20:00:00 UTC-3","onimusha","./explore?q=onimusha&geo=AR"
"marcela pagano","500+","3 de septiembre de 2026 a las 18:10:00 UTC-3","3 de septiembre de 2026 a las 20:40:00 UTC-3","marcela pagano,adriana baravalle","./explore?q=marcela%20pagano&geo=AR"
"fredrikstad fk - bodø/glimt","200+","4 de septiembre de 2026 a las 14:00:00 UTC-3","4 de septiembre de 2026 a las 15:40:00 UTC-3","fredrikstad fk - bodø/glimt","./explore?q=fredrikstad%20fk%20-%20bod%C3%B8%2Fglimt&geo=AR"
"flavio cobolli","1 mil+","1 de septiembre de 2026 a las 13:20:00 UTC-3","1 de septiembre de 2026 a las 17:30:00 UTC-3","flavio cobolli,cobolli","./explore?q=flavio%20cobolli&geo=AR"
"barco","1 mil+","1 de septiembre de 2026 a las 11:40:00 UTC-3","1 de septiembre de 2026 a las 15:40:00 UTC-3","barco","./explore?q=barco&geo=AR"
"arsenal","2 mil+","31 de agosto de 2026 a las 16:30:00 UTC-3","31 de agosto de 2026 a las 18:50:00 UTC-3","arsenal","./explore?q=arsenal&geo=AR"
"moria casán","2 mil+","31 de agosto de 2026 a las 16:00:00 UTC-3","31 de agosto de 2026 a las 19:10:00 UTC-3","moria casán","./explore?q=moria%20cas%C3%A1n&geo=AR"
"maximiliano gutiérrez","500+","1 de septiembre de 2026 a las 15:30:00 UTC-3","1 de septiembre de 2026 a las 22:10:00 UTC-3","maximiliano gutiérrez","./explore?q=maximiliano%20guti%C3%A9rrez&geo=AR"
"fp3","100+","5 de septiembre de 2026 a las 9:50:00 UTC-3","5 de septiembre de 2026 a las 11:00:00 UTC-3","fp3","./explore?q=fp3&geo=AR"
"monza","1 mil+","31 de agosto de 2026 a las 7:50:00 UTC-3","31 de agosto de 2026 a las 15:00:00 UTC-3","monza","./explore?q=monza&geo=AR"
"jadon sancho","1 mil+","1 de septiembre de 2026 a las 18:20:00 UTC-3","2 de septiembre de 2026 a las 0:00:00 UTC-3","jadon sancho","./explore?q=jadon%20sancho&geo=AR"
"armada argentina","1 mil+","31 de agosto de 2026 a las 15:50:00 UTC-3","31 de agosto de 2026 a las 21:30:00 UTC-3","armada argentina","./explore?q=armada%20argentina&geo=AR"
"incendio","1 mil+","30 de agosto de 2026 a las 16:50:00 UTC-3","31 de agosto de 2026 a las 19:50:00 UTC-3","incendio","./explore?q=incendio&geo=AR"
"miley","1 mil+","1 de septiembre de 2026 a las 17:50:00 UTC-3","1 de septiembre de 2026 a las 23:30:00 UTC-3","miley","./explore?q=miley&geo=AR"
"taekwondo","500+","2 de septiembre de 2026 a las 17:10:00 UTC-3","2 de septiembre de 2026 a las 21:10:00 UTC-3","taekwondo","./explore?q=taekwondo&geo=AR"
"monfils","2 mil+","1 de septiembre de 2026 a las 21:20:00 UTC-3","2 de septiembre de 2026 a las 0:00:00 UTC-3","monfils,daniel vallejo,gaël monfils,gael monfils","./explore?q=monfils&geo=AR"
"all boys - chaco for ever","2 mil+","30 de agosto de 2026 a las 15:10:00 UTC-3","30 de agosto de 2026 a las 18:40:00 UTC-3","all boys - chaco for ever,all boys","./explore?q=all%20boys%20-%20chaco%20for%20ever&geo=AR"
"maria consuelo cordoba acido","500+","3 de septiembre de 2026 a las 7:40:00 UTC-3","4 de septiembre de 2026 a las 0:20:00 UTC-3","maria consuelo cordoba acido","./explore?q=maria%20consuelo%20cordoba%20acido&geo=AR"
"maría vázquez","500+","3 de septiembre de 2026 a las 23:20:00 UTC-3","4 de septiembre de 2026 a las 1:10:00 UTC-3","maría vázquez","./explore?q=mar%C3%ADa%20v%C3%A1zquez&geo=AR"
"sinagoga","1 mil+","31 de agosto de 2026 a las 8:40:00 UTC-3","31 de agosto de 2026 a las 14:10:00 UTC-3","sinagoga","./explore?q=sinagoga&geo=AR"
"cartografía","200+","4 de septiembre de 2026 a las 20:40:00 UTC-3","4 de septiembre de 2026 a las 23:00:00 UTC-3","cartografía","./explore?q=cartograf%C3%ADa&geo=AR"
"diego peretti","1 mil+","30 de agosto de 2026 a las 8:00:00 UTC-3","30 de agosto de 2026 a las 21:20:00 UTC-3","diego peretti","./explore?q=diego%20peretti&geo=AR"
"santos vs","1 mil+","2 de septiembre de 2026 a las 22:10:00 UTC-3","3 de septiembre de 2026 a las 1:20:00 UTC-3","santos vs,neymar","./explore?q=santos%20vs&geo=AR"
"ronaldo martinez","1 mil+","2 de septiembre de 2026 a las 21:10:00 UTC-3","2 de septiembre de 2026 a las 23:50:00 UTC-3","ronaldo martinez","./explore?q=ronaldo%20martinez&geo=AR"
"roma fc","2 mil+","31 de agosto de 2026 a las 13:40:00 UTC-3","31 de agosto de 2026 a las 16:40:00 UTC-3","roma fc,roma vs,posiciones de us lecce contra a.s. roma,rodrigo mora","./explore?q=roma%20fc&geo=AR"
"sea lion","500+","3 de septiembre de 2026 a las 21:20:00 UTC-3","3 de septiembre de 2026 a las 23:40:00 UTC-3","sea lion","./explore?q=sea%20lion&geo=AR"
"tyc sport","1 mil+","2 de septiembre de 2026 a las 21:10:00 UTC-3","3 de septiembre de 2026 a las 0:10:00 UTC-3","tyc sport","./explore?q=tyc%20sport&geo=AR"
"real madrid vs betis","200+","4 de septiembre de 2026 a las 17:30:00 UTC-3","4 de septiembre de 2026 a las 19:20:00 UTC-3","real madrid vs betis","./explore?q=real%20madrid%20vs%20betis&geo=AR"
"colo-colo - audax italiano","2 mil+","30 de agosto de 2026 a las 18:00:00 UTC-3","30 de agosto de 2026 a las 23:50:00 UTC-3","colo-colo - audax italiano,posiciones de colo-colo contra audax italiano","./explore?q=colo-colo%20-%20audax%20italiano&geo=AR"
"china suárez","1 mil+","30 de agosto de 2026 a las 21:00:00 UTC-3","31 de agosto de 2026 a las 9:00:00 UTC-3","china suárez","./explore?q=china%20su%C3%A1rez&geo=AR"
"borussia","100+","5 de septiembre de 2026 a las 12:10:00 UTC-3","5 de septiembre de 2026 a las 13:00:00 UTC-3","borussia","./explore?q=borussia&geo=AR"
"tiro libre","1 mil+","30 de agosto de 2026 a las 10:50:00 UTC-3","30 de agosto de 2026 a las 19:20:00 UTC-3","tiro libre","./explore?q=tiro%20libre&geo=AR"
"peñarol vs nacional","1 mil+","30 de agosto de 2026 a las 15:30:00 UTC-3","30 de agosto de 2026 a las 23:40:00 UTC-3","peñarol vs nacional,peñarol vs","./explore?q=pe%C3%B1arol%20vs%20nacional&geo=AR"
"biasotti","200+","4 de septiembre de 2026 a las 11:00:00 UTC-3","4 de septiembre de 2026 a las 12:30:00 UTC-3","biasotti","./explore?q=biasotti&geo=AR"
"juventud antoniana","200+","4 de septiembre de 2026 a las 23:30:00 UTC-3","5 de septiembre de 2026 a las 1:00:00 UTC-3","juventud antoniana","./explore?q=juventud%20antoniana&geo=AR"
"coquimbo unido - univ. concepción","500+","2 de septiembre de 2026 a las 18:30:00 UTC-3","2 de septiembre de 2026 a las 21:40:00 UTC-3","coquimbo unido - univ. concepción","./explore?q=coquimbo%20unido%20-%20univ.%20concepci%C3%B3n&geo=AR"
"serie de televisión","200+","4 de septiembre de 2026 a las 9:20:00 UTC-3","4 de septiembre de 2026 a las 14:30:00 UTC-3","serie de televisión","./explore?q=serie%20de%20televisi%C3%B3n&geo=AR"
"airbus a380","1 mil+","30 de agosto de 2026 a las 13:10:00 UTC-3","30 de agosto de 2026 a las 22:10:00 UTC-3","airbus a380","./explore?q=airbus%20a380&geo=AR"
"patronato - almagro","2 mil+","30 de agosto de 2026 a las 15:20:00 UTC-3","30 de agosto de 2026 a las 18:40:00 UTC-3","patronato - almagro,patronato","./explore?q=patronato%20-%20almagro&geo=AR"
"udinese","1 mil+","2 de septiembre de 2026 a las 13:00:00 UTC-3","2 de septiembre de 2026 a las 16:00:00 UTC-3","udinese,udinese - venezia","./explore?q=udinese&geo=AR"
"serie de televisión","1 mil+","30 de agosto de 2026 a las 21:10:00 UTC-3","31 de agosto de 2026 a las 7:40:00 UTC-3","serie de televisión","./explore?q=serie%20de%20televisi%C3%B3n&geo=AR"
"ciclismo","1 mil+","30 de agosto de 2026 a las 19:40:00 UTC-3","31 de agosto de 2026 a las 6:40:00 UTC-3","ciclismo","./explore?q=ciclismo&geo=AR"
"cfmoto","200+","4 de septiembre de 2026 a las 21:50:00 UTC-3","4 de septiembre de 2026 a las 23:10:00 UTC-3","cfmoto","./explore?q=cfmoto&geo=AR"
"enner valencia","1 mil+","2 de septiembre de 2026 a las 22:40:00 UTC-3","3 de septiembre de 2026 a las 0:20:00 UTC-3","enner valencia","./explore?q=enner%20valencia&geo=AR"
"adam levine","200+","3 de septiembre de 2026 a las 22:50:00 UTC-3","4 de septiembre de 2026 a las 1:20:00 UTC-3","adam levine","./explore?q=adam%20levine&geo=AR"
"lotería de santa fe","1 mil+","31 de agosto de 2026 a las 11:10:00 UTC-3","31 de agosto de 2026 a las 17:10:00 UTC-3","lotería de santa fe","./explore?q=loter%C3%ADa%20de%20santa%20fe&geo=AR"
"dr. a. sáenz","2 mil+","31 de agosto de 2026 a las 18:10:00 UTC-3","31 de agosto de 2026 a las 22:30:00 UTC-3","dr. a. sáenz,colapso escalera mecanica,colapso una escalera mecanica","./explore?q=dr.%20a.%20s%C3%A1enz&geo=AR"
"ludovica squirru","1 mil+","1 de septiembre de 2026 a las 16:10:00 UTC-3","1 de septiembre de 2026 a las 20:20:00 UTC-3","ludovica squirru","./explore?q=ludovica%20squirru&geo=AR"
"venus williams","1 mil+","30 de agosto de 2026 a las 22:10:00 UTC-3","31 de agosto de 2026 a las 4:10:00 UTC-3","venus williams,sofia kenin","./explore?q=venus%20williams&geo=AR"
"palermo fc","200+","3 de septiembre de 2026 a las 13:10:00 UTC-3","3 de septiembre de 2026 a las 16:00:00 UTC-3","palermo fc","./explore?q=palermo%20fc&geo=AR"
"bu yunchaokete","500+","2 de septiembre de 2026 a las 15:20:00 UTC-3","2 de septiembre de 2026 a las 19:30:00 UTC-3","bu yunchaokete","./explore?q=bu%20yunchaokete&geo=AR"
"sindicato","1 mil+","2 de septiembre de 2026 a las 13:30:00 UTC-3","2 de septiembre de 2026 a las 15:20:00 UTC-3","sindicato","./explore?q=sindicato&geo=AR"
"gran cañón","1 mil+","31 de agosto de 2026 a las 13:30:00 UTC-3","31 de agosto de 2026 a las 19:10:00 UTC-3","gran cañón","./explore?q=gran%20ca%C3%B1%C3%B3n&geo=AR"
"eugenio derbez","500+","2 de septiembre de 2026 a las 23:10:00 UTC-3","3 de septiembre de 2026 a las 2:50:00 UTC-3","eugenio derbez","./explore?q=eugenio%20derbez&geo=AR"
"perfil","2 mil+","1 de septiembre de 2026 a las 17:10:00 UTC-3","1 de septiembre de 2026 a las 19:40:00 UTC-3","perfil","./explore?q=perfil&geo=AR"
"monza fc","500+","1 de septiembre de 2026 a las 17:30:00 UTC-3","1 de septiembre de 2026 a las 22:30:00 UTC-3","monza fc","./explore?q=monza%20fc&geo=AR"
"libertad fc - emelec","500+","3 de septiembre de 2026 a las 21:10:00 UTC-3","3 de septiembre de 2026 a las 23:30:00 UTC-3","libertad fc - emelec,emelec","./explore?q=libertad%20fc%20-%20emelec&geo=AR"
"caso matias juarez tucuman","200+","4 de septiembre de 2026 a las 16:50:00 UTC-3","4 de septiembre de 2026 a las 18:20:00 UTC-3","caso matias juarez tucuman","./explore?q=caso%20matias%20juarez%20tucuman&geo=AR"
"se cayo chatgpt","1 mil+","3 de septiembre de 2026 a las 12:00:00 UTC-3","3 de septiembre de 2026 a las 13:20:00 UTC-3","se cayo chatgpt,se cayo chat gpt hoy","./explore?q=se%20cayo%20chatgpt&geo=AR"
"dbacks - phillies","500+","1 de septiembre de 2026 a las 22:20:00 UTC-3","2 de septiembre de 2026 a las 19:40:00 UTC-3","dbacks - phillies","./explore?q=dbacks%20-%20phillies&geo=AR"
"dani carvajal","1 mil+","1 de septiembre de 2026 a las 10:10:00 UTC-3","1 de septiembre de 2026 a las 13:50:00 UTC-3","dani carvajal","./explore?q=dani%20carvajal&geo=AR"
"clima formosa","200+","4 de septiembre de 2026 a las 1:10:00 UTC-3","4 de septiembre de 2026 a las 7:50:00 UTC-3","clima formosa","./explore?q=clima%20formosa&geo=AR"
"lyon","200+","4 de septiembre de 2026 a las 14:30:00 UTC-3","4 de septiembre de 2026 a las 16:20:00 UTC-3","lyon","./explore?q=lyon&geo=AR"
"usopen","200+","4 de septiembre de 2026 a las 17:50:00 UTC-3","4 de septiembre de 2026 a las 22:00:00 UTC-3","usopen","./explore?q=usopen&geo=AR"
"acuerdo","500+","2 de septiembre de 2026 a las 8:40:00 UTC-3","2 de septiembre de 2026 a las 12:20:00 UTC-3","acuerdo","./explore?q=acuerdo&geo=AR"
"deportivo - valencia c. f.","1 mil+","30 de agosto de 2026 a las 14:10:00 UTC-3","30 de agosto de 2026 a las 18:10:00 UTC-3","deportivo - valencia c. f.,deportivo la coruña","./explore?q=deportivo%20-%20valencia%20c.%20f.&geo=AR"
"inter","2 mil+","30 de agosto de 2026 a las 15:50:00 UTC-3","30 de agosto de 2026 a las 19:00:00 UTC-3","inter,inter de milán,lautaro martínez","./explore?q=inter&geo=AR"
"tomás martín etcheverry","1 mil+","30 de agosto de 2026 a las 18:30:00 UTC-3","30 de agosto de 2026 a las 22:50:00 UTC-3","tomás martín etcheverry,solana sierra","./explore?q=tom%C3%A1s%20mart%C3%ADn%20etcheverry&geo=AR"
"armando cavalieri","200+","3 de septiembre de 2026 a las 8:30:00 UTC-3","3 de septiembre de 2026 a las 14:40:00 UTC-3","armando cavalieri","./explore?q=armando%20cavalieri&geo=AR"
"sporting lisboa - nacional","100+","5 de septiembre de 2026 a las 17:20:00 UTC-3","5 de septiembre de 2026 a las 17:40:00 UTC-3","sporting lisboa - nacional","./explore?q=sporting%20lisboa%20-%20nacional&geo=AR"
"barca","1 mil+","31 de agosto de 2026 a las 16:50:00 UTC-3","31 de agosto de 2026 a las 19:40:00 UTC-3","barca","./explore?q=barca&geo=AR"
"pronostico mar del plata","100+","4 de septiembre de 2026 a las 16:50:00 UTC-3","5 de septiembre de 2026 a las 8:00:00 UTC-3","pronostico mar del plata","./explore?q=pronostico%20mar%20del%20plata&geo=AR"
"wawrinka","1 mil+","31 de agosto de 2026 a las 17:40:00 UTC-3","31 de agosto de 2026 a las 21:20:00 UTC-3","wawrinka,stan wawrinka,matteo berrettini","./explore?q=wawrinka&geo=AR"
"bienvenido septiembre","500+","1 de septiembre de 2026 a las 7:00:00 UTC-3","1 de septiembre de 2026 a las 13:00:00 UTC-3","bienvenido septiembre","./explore?q=bienvenido%20septiembre&geo=AR"
"núñez","500+","2 de septiembre de 2026 a las 15:50:00 UTC-3","2 de septiembre de 2026 a las 20:10:00 UTC-3","núñez","./explore?q=n%C3%BA%C3%B1ez&geo=AR"
"juego de tronos","200+","3 de septiembre de 2026 a las 22:00:00 UTC-3","4 de septiembre de 2026 a las 0:20:00 UTC-3","juego de tronos","./explore?q=juego%20de%20tronos&geo=AR"
"19 de septiembre","100+","5 de septiembre de 2026 a las 9:30:00 UTC-3","5 de septiembre de 2026 a las 10:40:00 UTC-3","19 de septiembre","./explore?q=19%20de%20septiembre&geo=AR"
"sunderland afc - fulham","1 mil+","30 de agosto de 2026 a las 9:50:00 UTC-3","30 de agosto de 2026 a las 13:50:00 UTC-3","sunderland afc - fulham,fulham,sunderland","./explore?q=sunderland%20afc%20-%20fulham&geo=AR"
"squishy","1 mil+","31 de agosto de 2026 a las 8:10:00 UTC-3","31 de agosto de 2026 a las 23:00:00 UTC-3","squishy","./explore?q=squishy&geo=AR"
"gran hermano generación dorada","1 mil+","30 de agosto de 2026 a las 8:30:00 UTC-3","30 de agosto de 2026 a las 20:40:00 UTC-3","gran hermano generación dorada","./explore?q=gran%20hermano%20generaci%C3%B3n%20dorada&geo=AR"
"tabla anual","2 mil+","30 de agosto de 2026 a las 16:30:00 UTC-3","31 de agosto de 2026 a las 0:40:00 UTC-3","tabla anual","./explore?q=tabla%20anual&geo=AR"
"napoli","1 mil+","30 de agosto de 2026 a las 13:30:00 UTC-3","30 de agosto de 2026 a las 16:50:00 UTC-3","napoli","./explore?q=napoli&geo=AR"
"precipitación","1 mil+","30 de agosto de 2026 a las 20:50:00 UTC-3","31 de agosto de 2026 a las 7:30:00 UTC-3","precipitación,pronostico rosario,la gaceta","./explore?q=precipitaci%C3%B3n&geo=AR"
"américa - alianza","500+","3 de septiembre de 2026 a las 18:10:00 UTC-3","3 de septiembre de 2026 a las 19:50:00 UTC-3","américa - alianza","./explore?q=am%C3%A9rica%20-%20alianza&geo=AR"
"f2","100+","5 de septiembre de 2026 a las 10:00:00 UTC-3","5 de septiembre de 2026 a las 10:40:00 UTC-3","f2","./explore?q=f2&geo=AR"
"grêmio - chapecoense","1 mil+","30 de agosto de 2026 a las 18:10:00 UTC-3","30 de agosto de 2026 a las 22:20:00 UTC-3","grêmio - chapecoense,gremio","./explore?q=gr%C3%AAmio%20-%20chapecoense&geo=AR"
"nora colosimo","500+","1 de septiembre de 2026 a las 21:00:00 UTC-3","2 de septiembre de 2026 a las 0:50:00 UTC-3","nora colosimo","./explore?q=nora%20colosimo&geo=AR"
"laurita fernández","200+","3 de septiembre de 2026 a las 18:50:00 UTC-3","3 de septiembre de 2026 a las 21:20:00 UTC-3","laurita fernández","./explore?q=laurita%20fern%C3%A1ndez&geo=AR"
"aryna sabalenka","2 mil+","31 de agosto de 2026 a las 13:10:00 UTC-3","31 de agosto de 2026 a las 15:10:00 UTC-3","aryna sabalenka","./explore?q=aryna%20sabalenka&geo=AR"
"arsenal vs","1 mil+","31 de agosto de 2026 a las 16:20:00 UTC-3","31 de agosto de 2026 a las 19:00:00 UTC-3","arsenal vs","./explore?q=arsenal%20vs&geo=AR"
"palmeiras","2 mil+","30 de agosto de 2026 a las 19:00:00 UTC-3","30 de agosto de 2026 a las 21:30:00 UTC-3","palmeiras","./explore?q=palmeiras&geo=AR"
"marcelo gallardo","2 mil+","30 de agosto de 2026 a las 21:40:00 UTC-3","31 de agosto de 2026 a las 9:00:00 UTC-3","marcelo gallardo,gallardo,cuánto va river","./explore?q=marcelo%20gallardo&geo=AR"
"senador","500+","2 de septiembre de 2026 a las 17:40:00 UTC-3","2 de septiembre de 2026 a las 20:20:00 UTC-3","senador","./explore?q=senador&geo=AR"
"nazareno arasa","1 mil+","30 de agosto de 2026 a las 2:00:00 UTC-3","30 de agosto de 2026 a las 13:50:00 UTC-3","nazareno arasa,riestra velez arbitro","./explore?q=nazareno%20arasa&geo=AR"
"atalanta - bolonia","1 mil+","31 de agosto de 2026 a las 15:50:00 UTC-3","31 de agosto de 2026 a las 19:20:00 UTC-3","atalanta - bolonia,atalanta vs","./explore?q=atalanta%20-%20bolonia&geo=AR"
"river id","2 mil+","31 de agosto de 2026 a las 9:20:00 UTC-3","31 de agosto de 2026 a las 11:20:00 UTC-3","river id","./explore?q=river%20id&geo=AR"
"ignacio buse","500+","3 de septiembre de 2026 a las 18:40:00 UTC-3","3 de septiembre de 2026 a las 20:40:00 UTC-3","ignacio buse","./explore?q=ignacio%20buse&geo=AR"
"mary austin","500+","2 de septiembre de 2026 a las 17:50:00 UTC-3","2 de septiembre de 2026 a las 20:40:00 UTC-3","mary austin","./explore?q=mary%20austin&geo=AR"
"tendencia","200+","4 de septiembre de 2026 a las 18:50:00 UTC-3","4 de septiembre de 2026 a las 20:00:00 UTC-3","tendencia","./explore?q=tendencia&geo=AR"
"paro universitario","500+","1 de septiembre de 2026 a las 17:20:00 UTC-3","2 de septiembre de 2026 a las 8:50:00 UTC-3","paro universitario","./explore?q=paro%20universitario&geo=AR"
"pablo yadarola","200+","3 de septiembre de 2026 a las 21:00:00 UTC-3","3 de septiembre de 2026 a las 22:30:00 UTC-3","pablo yadarola","./explore?q=pablo%20yadarola&geo=AR"
"boc","500+","2 de septiembre de 2026 a las 22:50:00 UTC-3","3 de septiembre de 2026 a las 0:30:00 UTC-3","boc","./explore?q=boc&geo=AR"
"rafael jódar","500+","2 de septiembre de 2026 a las 14:50:00 UTC-3","2 de septiembre de 2026 a las 17:20:00 UTC-3","rafael jódar,jodar","./explore?q=rafael%20j%C3%B3dar&geo=AR"
"leones","2 mil+","30 de agosto de 2026 a las 10:30:00 UTC-3","30 de agosto de 2026 a las 12:10:00 UTC-3","leones,los leones hoy,los leones,leones hockey,los leones hockey,hockey masculino,leones hoy,los leones hockey mundial,a qué hora juegan los leones","./explore?q=leones&geo=AR"
"nadia podoroska","500+","31 de agosto de 2026 a las 16:00:00 UTC-3","31 de agosto de 2026 a las 20:30:00 UTC-3","nadia podoroska","./explore?q=nadia%20podoroska&geo=AR"
"monterrey - san luis","1 mil+","30 de agosto de 2026 a las 22:50:00 UTC-3","31 de agosto de 2026 a las 2:10:00 UTC-3","monterrey - san luis,monterrey fc","./explore?q=monterrey%20-%20san%20luis&geo=AR"
"subsidio","500+","1 de septiembre de 2026 a las 13:50:00 UTC-3","1 de septiembre de 2026 a las 19:40:00 UTC-3","subsidio","./explore?q=subsidio&geo=AR"
"quini 6 sorteo 3404","2 mil+","30 de agosto de 2026 a las 23:50:00 UTC-3","31 de agosto de 2026 a las 13:00:00 UTC-3","quini 6 sorteo 3404,quini6,resultado del quini 6","./explore?q=quini%206%20sorteo%203404&geo=AR"
"pete hegseth","500+","30 de agosto de 2026 a las 21:30:00 UTC-3","31 de agosto de 2026 a las 8:00:00 UTC-3","pete hegseth","./explore?q=pete%20hegseth&geo=AR"
"pablo garcía betis","500+","2 de septiembre de 2026 a las 16:40:00 UTC-3","2 de septiembre de 2026 a las 19:20:00 UTC-3","pablo garcía betis","./explore?q=pablo%20garc%C3%ADa%20betis&geo=AR"
"impuesto","500+","1 de septiembre de 2026 a las 19:50:00 UTC-3","1 de septiembre de 2026 a las 22:40:00 UTC-3","impuesto","./explore?q=impuesto&geo=AR"
"dazn","100+","5 de septiembre de 2026 a las 11:30:00 UTC-3","5 de septiembre de 2026 a las 12:00:00 UTC-3","dazn","./explore?q=dazn&geo=AR"
"lamine yamal","1 mil+","31 de agosto de 2026 a las 18:30:00 UTC-3","31 de agosto de 2026 a las 20:20:00 UTC-3","lamine yamal","./explore?q=lamine%20yamal&geo=AR"
"chocolate águila","500+","30 de agosto de 2026 a las 22:30:00 UTC-3","31 de agosto de 2026 a las 7:40:00 UTC-3","chocolate águila","./explore?q=chocolate%20%C3%A1guila&geo=AR"
"bayern munich","500+","2 de septiembre de 2026 a las 16:00:00 UTC-3","2 de septiembre de 2026 a las 18:10:00 UTC-3","bayern munich","./explore?q=bayern%20munich&geo=AR"
"atalanta","1 mil+","31 de agosto de 2026 a las 16:00:00 UTC-3","31 de agosto de 2026 a las 19:00:00 UTC-3","atalanta","./explore?q=atalanta&geo=AR"
"clima cordoba","1 mil+","3 de septiembre de 2026 a las 1:50:00 UTC-3","3 de septiembre de 2026 a las 3:30:00 UTC-3","clima cordoba,tiempo en cordoba,temperatura,el tiempo en córdoba","./explore?q=clima%20cordoba&geo=AR"
"trump","200+","3 de septiembre de 2026 a las 20:00:00 UTC-3","3 de septiembre de 2026 a las 22:40:00 UTC-3","trump","./explore?q=trump&geo=AR"
"suerte","500+","1 de septiembre de 2026 a las 13:50:00 UTC-3","1 de septiembre de 2026 a las 18:10:00 UTC-3","suerte","./explore?q=suerte&geo=AR"
"ia","1 mil+","3 de septiembre de 2026 a las 12:00:00 UTC-3","3 de septiembre de 2026 a las 13:10:00 UTC-3","ia","./explore?q=ia&geo=AR"
"puente","1 mil+","30 de agosto de 2026 a las 12:50:00 UTC-3","30 de agosto de 2026 a las 21:20:00 UTC-3","puente","./explore?q=puente&geo=AR"
"nina dobrev","200+","3 de septiembre de 2026 a las 23:10:00 UTC-3","4 de septiembre de 2026 a las 1:20:00 UTC-3","nina dobrev","./explore?q=nina%20dobrev&geo=AR"
"nicolás tripichio","500+","30 de agosto de 2026 a las 18:50:00 UTC-3","31 de agosto de 2026 a las 8:20:00 UTC-3","nicolás tripichio","./explore?q=nicol%C3%A1s%20tripichio&geo=AR"
"nuevo iphone 18 pro max","1 mil+","30 de agosto de 2026 a las 12:10:00 UTC-3","30 de agosto de 2026 a las 16:20:00 UTC-3","nuevo iphone 18 pro max,apple iphone 18 pro max","./explore?q=nuevo%20iphone%2018%20pro%20max&geo=AR"
"autovía norte","500+","31 de agosto de 2026 a las 15:40:00 UTC-3","31 de agosto de 2026 a las 21:00:00 UTC-3","autovía norte","./explore?q=autov%C3%ADa%20norte&geo=AR"
"sassuolo - frosinone","500+","2 de septiembre de 2026 a las 10:30:00 UTC-3","2 de septiembre de 2026 a las 13:20:00 UTC-3","sassuolo - frosinone","./explore?q=sassuolo%20-%20frosinone&geo=AR"
"madrid vs","100+","4 de septiembre de 2026 a las 18:10:00 UTC-3","4 de septiembre de 2026 a las 19:10:00 UTC-3","madrid vs","./explore?q=madrid%20vs&geo=AR"
"torino","500+","1 de septiembre de 2026 a las 16:10:00 UTC-3","1 de septiembre de 2026 a las 19:10:00 UTC-3","torino","./explore?q=torino&geo=AR"
"jalil elias","500+","2 de septiembre de 2026 a las 19:00:00 UTC-3","2 de septiembre de 2026 a las 20:50:00 UTC-3","jalil elias","./explore?q=jalil%20elias&geo=AR"
"porto vs","100+","4 de septiembre de 2026 a las 17:10:00 UTC-3","4 de septiembre de 2026 a las 18:10:00 UTC-3","porto vs","./explore?q=porto%20vs&geo=AR"
"fútbol club barcelona","1 mil+","31 de agosto de 2026 a las 16:30:00 UTC-3","31 de agosto de 2026 a las 19:30:00 UTC-3","fútbol club barcelona,barcelona hoy,barcelona fc","./explore?q=f%C3%BAtbol%20club%20barcelona&geo=AR"
"america","200+","3 de septiembre de 2026 a las 0:30:00 UTC-3","3 de septiembre de 2026 a las 3:50:00 UTC-3","america","./explore?q=america&geo=AR"
"parma - cremonese","500+","1 de septiembre de 2026 a las 13:00:00 UTC-3","1 de septiembre de 2026 a las 16:30:00 UTC-3","parma - cremonese","./explore?q=parma%20-%20cremonese&geo=AR"
"maipú","500+","31 de agosto de 2026 a las 14:30:00 UTC-3","31 de agosto de 2026 a las 17:30:00 UTC-3","maipú","./explore?q=maip%C3%BA&geo=AR"
"ben shelton","200+","2 de septiembre de 2026 a las 14:50:00 UTC-3","2 de septiembre de 2026 a las 18:40:00 UTC-3","ben shelton","./explore?q=ben%20shelton&geo=AR"
"ruta nacional 5","500+","2 de septiembre de 2026 a las 16:40:00 UTC-3","2 de septiembre de 2026 a las 19:20:00 UTC-3","ruta nacional 5,choque frontal,diario textual","./explore?q=ruta%20nacional%205&geo=AR"
"donald trump","500+","31 de agosto de 2026 a las 18:40:00 UTC-3","31 de agosto de 2026 a las 21:10:00 UTC-3","donald trump","./explore?q=donald%20trump&geo=AR"
"agostina jalabert","500+","2 de septiembre de 2026 a las 9:30:00 UTC-3","2 de septiembre de 2026 a las 13:20:00 UTC-3","agostina jalabert","./explore?q=agostina%20jalabert&geo=AR"
"guaraní - sportivo ameliano","1 mil+","30 de agosto de 2026 a las 18:30:00 UTC-3","30 de agosto de 2026 a las 21:20:00 UTC-3","guaraní - sportivo ameliano,posiciones de club guaraní contra sportivo ameliano","./explore?q=guaran%C3%AD%20-%20sportivo%20ameliano&geo=AR"
"alberto benegas lynch","500+","31 de agosto de 2026 a las 19:20:00 UTC-3","31 de agosto de 2026 a las 22:40:00 UTC-3","alberto benegas lynch,oficina de presupuesto del congreso","./explore?q=alberto%20benegas%20lynch&geo=AR"
"marte","500+","31 de agosto de 2026 a las 20:00:00 UTC-3","31 de agosto de 2026 a las 23:40:00 UTC-3","marte","./explore?q=marte&geo=AR"
"ignacio online","500+","31 de agosto de 2026 a las 11:40:00 UTC-3","31 de agosto de 2026 a las 17:20:00 UTC-3","ignacio online","./explore?q=ignacio%20online&geo=AR"
"nasa medusa","200+","2 de septiembre de 2026 a las 9:10:00 UTC-3","2 de septiembre de 2026 a las 18:40:00 UTC-3","nasa medusa","./explore?q=nasa%20medusa&geo=AR"
"millwall - wrexham","200+","2 de septiembre de 2026 a las 16:00:00 UTC-3","2 de septiembre de 2026 a las 18:30:00 UTC-3","millwall - wrexham","./explore?q=millwall%20-%20wrexham&geo=AR"
"zilli","1 mil+","1 de septiembre de 2026 a las 23:00:00 UTC-3","2 de septiembre de 2026 a las 0:10:00 UTC-3","zilli,yanina zilli","./explore?q=zilli&geo=AR"
"liga de quito","500+","1 de septiembre de 2026 a las 22:00:00 UTC-3","2 de septiembre de 2026 a las 0:00:00 UTC-3","liga de quito","./explore?q=liga%20de%20quito&geo=AR"
"disney+","200+","5 de septiembre de 2026 a las 11:20:00 UTC-3","5 de septiembre de 2026 a las 11:40:00 UTC-3","disney+","./explore?q=disney%2B&geo=AR"
"chubut","500+","31 de agosto de 2026 a las 18:20:00 UTC-3","31 de agosto de 2026 a las 23:20:00 UTC-3","chubut","./explore?q=chubut&geo=AR"
"b nacional","2 mil+","30 de agosto de 2026 a las 16:50:00 UTC-3","30 de agosto de 2026 a las 19:50:00 UTC-3","b nacional,nacional b","./explore?q=b%20nacional&geo=AR"
"roma","500+","31 de agosto de 2026 a las 13:50:00 UTC-3","31 de agosto de 2026 a las 16:40:00 UTC-3","roma","./explore?q=roma&geo=AR"
"mannarino","500+","30 de agosto de 2026 a las 18:30:00 UTC-3","30 de agosto de 2026 a las 22:00:00 UTC-3","mannarino","./explore?q=mannarino&geo=AR"
"osasuna - getafe","500+","31 de agosto de 2026 a las 14:30:00 UTC-3","31 de agosto de 2026 a las 17:20:00 UTC-3","osasuna - getafe","./explore?q=osasuna%20-%20getafe&geo=AR"
"ole","2 mil+","31 de agosto de 2026 a las 12:40:00 UTC-3","31 de agosto de 2026 a las 13:20:00 UTC-3","ole","./explore?q=ole&geo=AR"
"sassuolo","200+","2 de septiembre de 2026 a las 10:50:00 UTC-3","2 de septiembre de 2026 a las 13:20:00 UTC-3","sassuolo","./explore?q=sassuolo&geo=AR"
"inter milan","1 mil+","30 de agosto de 2026 a las 15:50:00 UTC-3","30 de agosto de 2026 a las 18:30:00 UTC-3","inter milan,dybala,sergio camello","./explore?q=inter%20milan&geo=AR"
"argentina canada","500+","31 de agosto de 2026 a las 21:10:00 UTC-3","31 de agosto de 2026 a las 23:50:00 UTC-3","argentina canada,alexander walker","./explore?q=argentina%20canada&geo=AR"
"máximo kirchner","500+","1 de septiembre de 2026 a las 20:20:00 UTC-3","1 de septiembre de 2026 a las 23:00:00 UTC-3","máximo kirchner","./explore?q=m%C3%A1ximo%20kirchner&geo=AR"
"arambarri","500+","1 de septiembre de 2026 a las 13:10:00 UTC-3","1 de septiembre de 2026 a las 20:30:00 UTC-3","arambarri","./explore?q=arambarri&geo=AR"
"el niño clima","2 mil+","1 de septiembre de 2026 a las 8:10:00 UTC-3","1 de septiembre de 2026 a las 10:20:00 UTC-3","el niño clima,pronostico,super niño,servicio meteorológico nacional","./explore?q=el%20ni%C3%B1o%20clima&geo=AR"
"ben shelton","500+","31 de agosto de 2026 a las 21:00:00 UTC-3","31 de agosto de 2026 a las 23:40:00 UTC-3","ben shelton","./explore?q=ben%20shelton&geo=AR"
"el santa evita","500+","30 de agosto de 2026 a las 15:20:00 UTC-3","30 de agosto de 2026 a las 18:50:00 UTC-3","el santa evita","./explore?q=el%20santa%20evita&geo=AR"
"dgo","2 mil+","30 de agosto de 2026 a las 15:00:00 UTC-3","30 de agosto de 2026 a las 16:10:00 UTC-3","dgo,tyc,tyc sports","./explore?q=dgo&geo=AR"
"matías moroni","500+","1 de septiembre de 2026 a las 15:40:00 UTC-3","1 de septiembre de 2026 a las 18:50:00 UTC-3","matías moroni","./explore?q=mat%C3%ADas%20moroni&geo=AR"
"mónaco - marsella","500+","30 de agosto de 2026 a las 15:50:00 UTC-3","30 de agosto de 2026 a las 19:20:00 UTC-3","mónaco - marsella","./explore?q=m%C3%B3naco%20-%20marsella&geo=AR"
"barcelona - ud tenerife","500+","30 de agosto de 2026 a las 14:00:00 UTC-3","30 de agosto de 2026 a las 17:40:00 UTC-3","barcelona - ud tenerife","./explore?q=barcelona%20-%20ud%20tenerife&geo=AR"
"harry potter","500+","2 de septiembre de 2026 a las 13:30:00 UTC-3","2 de septiembre de 2026 a las 15:20:00 UTC-3","harry potter","./explore?q=harry%20potter&geo=AR"
"final hockey masculino","500+","30 de agosto de 2026 a las 10:30:00 UTC-3","30 de agosto de 2026 a las 15:00:00 UTC-3","final hockey masculino","./explore?q=final%20hockey%20masculino&geo=AR"
"pronóstico para hoy","200+","3 de septiembre de 2026 a las 5:50:00 UTC-3","3 de septiembre de 2026 a las 8:00:00 UTC-3","pronóstico para hoy,tiempo de hoy","./explore?q=pron%C3%B3stico%20para%20hoy&geo=AR"
"deportivo moron","500+","30 de agosto de 2026 a las 16:00:00 UTC-3","30 de agosto de 2026 a las 18:40:00 UTC-3","deportivo moron","./explore?q=deportivo%20moron&geo=AR"
"lpf","2 mil+","30 de agosto de 2026 a las 16:50:00 UTC-3","30 de agosto de 2026 a las 19:40:00 UTC-3","lpf,torneo argentino","./explore?q=lpf&geo=AR"
"meteorología","500+","1 de septiembre de 2026 a las 15:40:00 UTC-3","1 de septiembre de 2026 a las 17:20:00 UTC-3","meteorología","./explore?q=meteorolog%C3%ADa&geo=AR"
"concepción - audax italiano","100+","4 de septiembre de 2026 a las 22:10:00 UTC-3","4 de septiembre de 2026 a las 22:50:00 UTC-3","concepción - audax italiano","./explore?q=concepci%C3%B3n%20-%20audax%20italiano&geo=AR"
"ricardo darín","200+","1 de septiembre de 2026 a las 19:10:00 UTC-3","1 de septiembre de 2026 a las 21:30:00 UTC-3","ricardo darín","./explore?q=ricardo%20dar%C3%ADn&geo=AR"
"delcy rodríguez","500+","30 de agosto de 2026 a las 19:40:00 UTC-3","31 de agosto de 2026 a las 9:10:00 UTC-3","delcy rodríguez","./explore?q=delcy%20rodr%C3%ADguez&geo=AR"
"once caldas","200+","1 de septiembre de 2026 a las 22:40:00 UTC-3","2 de septiembre de 2026 a las 1:00:00 UTC-3","once caldas","./explore?q=once%20caldas&geo=AR"
"exequiel palacios","1 mil+","30 de agosto de 2026 a las 13:00:00 UTC-3","30 de agosto de 2026 a las 15:20:00 UTC-3","exequiel palacios,united vs,marcelino núñez","./explore?q=exequiel%20palacios&geo=AR"
"lilia lardone","200+","1 de septiembre de 2026 a las 17:10:00 UTC-3","1 de septiembre de 2026 a las 22:30:00 UTC-3","lilia lardone","./explore?q=lilia%20lardone&geo=AR"
"sonmez","500+","1 de septiembre de 2026 a las 21:00:00 UTC-3","1 de septiembre de 2026 a las 22:30:00 UTC-3","sonmez,coco gauff","./explore?q=sonmez&geo=AR"
"cienciano - cusco","500+","30 de agosto de 2026 a las 21:00:00 UTC-3","30 de agosto de 2026 a las 23:50:00 UTC-3","cienciano - cusco","./explore?q=cienciano%20-%20cusco&geo=AR"
"liga argentina","2 mil+","30 de agosto de 2026 a las 16:50:00 UTC-3","30 de agosto de 2026 a las 18:00:00 UTC-3","liga argentina","./explore?q=liga%20argentina&geo=AR"
"domingo cavallo","200+","31 de agosto de 2026 a las 20:30:00 UTC-3","31 de agosto de 2026 a las 23:40:00 UTC-3","domingo cavallo","./explore?q=domingo%20cavallo&geo=AR"
"moto gp","500+","30 de agosto de 2026 a las 8:10:00 UTC-3","30 de agosto de 2026 a las 12:50:00 UTC-3","moto gp,motogp","./explore?q=moto%20gp&geo=AR"
"c5n en vivo","200+","3 de septiembre de 2026 a las 21:20:00 UTC-3","3 de septiembre de 2026 a las 22:20:00 UTC-3","c5n en vivo","./explore?q=c5n%20en%20vivo&geo=AR"
"nahitan nández","200+","31 de agosto de 2026 a las 20:50:00 UTC-3","31 de agosto de 2026 a las 23:50:00 UTC-3","nahitan nández","./explore?q=nahitan%20n%C3%A1ndez&geo=AR"
"facundo díaz acosta","500+","31 de agosto de 2026 a las 20:30:00 UTC-3","31 de agosto de 2026 a las 23:00:00 UTC-3","facundo díaz acosta,diaz acosta","./explore?q=facundo%20d%C3%ADaz%20acosta&geo=AR"
"futbolista","200+","2 de septiembre de 2026 a las 18:40:00 UTC-3","2 de septiembre de 2026 a las 20:20:00 UTC-3","futbolista","./explore?q=futbolista&geo=AR"
"osasuna","500+","31 de agosto de 2026 a las 14:50:00 UTC-3","31 de agosto de 2026 a las 17:10:00 UTC-3","osasuna","./explore?q=osasuna&geo=AR"
"remo - coritiba","500+","31 de agosto de 2026 a las 20:10:00 UTC-3","31 de agosto de 2026 a las 22:40:00 UTC-3","remo - coritiba","./explore?q=remo%20-%20coritiba&geo=AR"
"emilia mernes","200+","3 de septiembre de 2026 a las 15:00:00 UTC-3","3 de septiembre de 2026 a las 23:00:00 UTC-3","emilia mernes","./explore?q=emilia%20mernes&geo=AR"
"pronostico cordoba","200+","3 de septiembre de 2026 a las 1:50:00 UTC-3","3 de septiembre de 2026 a las 8:00:00 UTC-3","pronostico cordoba","./explore?q=pronostico%20cordoba&geo=AR"
"juventude","500+","1 de septiembre de 2026 a las 20:10:00 UTC-3","1 de septiembre de 2026 a las 22:20:00 UTC-3","juventude,londrina - juventude","./explore?q=juventude&geo=AR"
"mauricio macri","100+","4 de septiembre de 2026 a las 17:50:00 UTC-3","4 de septiembre de 2026 a las 18:40:00 UTC-3","mauricio macri","./explore?q=mauricio%20macri&geo=AR"
"robert kiyosaki","200+","30 de agosto de 2026 a las 21:00:00 UTC-3","31 de agosto de 2026 a las 13:20:00 UTC-3","robert kiyosaki","./explore?q=robert%20kiyosaki&geo=AR"
"película una mujer sin pasado","200+","2 de septiembre de 2026 a las 1:00:00 UTC-3","2 de septiembre de 2026 a las 4:50:00 UTC-3","película una mujer sin pasado","./explore?q=pel%C3%ADcula%20una%20mujer%20sin%20pasado&geo=AR"
"nicolás maduro","500+","30 de agosto de 2026 a las 19:20:00 UTC-3","30 de agosto de 2026 a las 23:00:00 UTC-3","nicolás maduro","./explore?q=nicol%C3%A1s%20maduro&geo=AR"
"matko miljevic","1 mil+","30 de agosto de 2026 a las 21:40:00 UTC-3","31 de agosto de 2026 a las 0:10:00 UTC-3","matko miljevic","./explore?q=matko%20miljevic&geo=AR"
"dani ceballos","200+","2 de septiembre de 2026 a las 14:10:00 UTC-3","2 de septiembre de 2026 a las 15:50:00 UTC-3","dani ceballos","./explore?q=dani%20ceballos&geo=AR"
"trungelliti","200+","31 de agosto de 2026 a las 21:40:00 UTC-3","1 de septiembre de 2026 a las 0:10:00 UTC-3","trungelliti","./explore?q=trungelliti&geo=AR"
"a qué hora juega independiente","500+","30 de agosto de 2026 a las 17:10:00 UTC-3","30 de agosto de 2026 a las 20:00:00 UTC-3","a qué hora juega independiente","./explore?q=a%20qu%C3%A9%20hora%20juega%20independiente&geo=AR"
"barca vs","500+","31 de agosto de 2026 a las 17:00:00 UTC-3","31 de agosto de 2026 a las 19:10:00 UTC-3","barca vs,raphinha","./explore?q=barca%20vs&geo=AR"
"mohammed ben sulayem","200+","2 de septiembre de 2026 a las 13:50:00 UTC-3","2 de septiembre de 2026 a las 18:30:00 UTC-3","mohammed ben sulayem","./explore?q=mohammed%20ben%20sulayem&geo=AR"
"clima concordia","200+","3 de septiembre de 2026 a las 7:20:00 UTC-3","3 de septiembre de 2026 a las 8:40:00 UTC-3","clima concordia","./explore?q=clima%20concordia&geo=AR"
"tv publica","200+","3 de septiembre de 2026 a las 21:00:00 UTC-3","3 de septiembre de 2026 a las 22:00:00 UTC-3","tv publica","./explore?q=tv%20publica&geo=AR"
"naomi osaka","200+","1 de septiembre de 2026 a las 0:30:00 UTC-3","1 de septiembre de 2026 a las 10:30:00 UTC-3","naomi osaka","./explore?q=naomi%20osaka&geo=AR"
"isack hadjar","200+","2 de septiembre de 2026 a las 13:20:00 UTC-3","2 de septiembre de 2026 a las 14:50:00 UTC-3","isack hadjar","./explore?q=isack%20hadjar&geo=AR"
"jennifer aniston","200+","31 de agosto de 2026 a las 18:50:00 UTC-3","31 de agosto de 2026 a las 21:10:00 UTC-3","jennifer aniston","./explore?q=jennifer%20aniston&geo=AR"
"feyenoord","500+","30 de agosto de 2026 a las 10:10:00 UTC-3","30 de agosto de 2026 a las 12:40:00 UTC-3","feyenoord","./explore?q=feyenoord&geo=AR"
"luis caputo","500+","31 de agosto de 2026 a las 15:50:00 UTC-3","31 de agosto de 2026 a las 17:30:00 UTC-3","luis caputo","./explore?q=luis%20caputo&geo=AR"
"malvinas argentinas","100+","3 de septiembre de 2026 a las 21:20:00 UTC-3","3 de septiembre de 2026 a las 22:20:00 UTC-3","malvinas argentinas","./explore?q=malvinas%20argentinas&geo=AR"
"zeynep sönmez","200+","1 de septiembre de 2026 a las 21:00:00 UTC-3","1 de septiembre de 2026 a las 22:30:00 UTC-3","zeynep sönmez","./explore?q=zeynep%20s%C3%B6nmez&geo=AR"
"cristiano ronaldo","500+","2 de septiembre de 2026 a las 16:40:00 UTC-3","2 de septiembre de 2026 a las 20:30:00 UTC-3","cristiano ronaldo","./explore?q=cristiano%20ronaldo&geo=AR"
"facundo roncaglia","200+","31 de agosto de 2026 a las 11:00:00 UTC-3","31 de agosto de 2026 a las 16:30:00 UTC-3","facundo roncaglia","./explore?q=facundo%20roncaglia&geo=AR"
"josé mourinho","100+","4 de septiembre de 2026 a las 15:20:00 UTC-3","4 de septiembre de 2026 a las 17:20:00 UTC-3","josé mourinho","./explore?q=jos%C3%A9%20mourinho&geo=AR"
"lu24","200+","30 de agosto de 2026 a las 9:10:00 UTC-3","30 de agosto de 2026 a las 20:30:00 UTC-3","lu24","./explore?q=lu24&geo=AR"
"atlanta","500+","30 de agosto de 2026 a las 16:30:00 UTC-3","30 de agosto de 2026 a las 18:50:00 UTC-3","atlanta","./explore?q=atlanta&geo=AR"
"championship","200+","2 de septiembre de 2026 a las 16:10:00 UTC-3","2 de septiembre de 2026 a las 17:40:00 UTC-3","championship","./explore?q=championship&geo=AR"
"estrecho de magallanes","200+","3 de septiembre de 2026 a las 8:00:00 UTC-3","3 de septiembre de 2026 a las 9:00:00 UTC-3","estrecho de magallanes","./explore?q=estrecho%20de%20magallanes&geo=AR"
"avalos","500+","30 de agosto de 2026 a las 19:40:00 UTC-3","30 de agosto de 2026 a las 22:10:00 UTC-3","avalos","./explore?q=avalos&geo=AR"
"clima hoy","1 mil+","31 de agosto de 2026 a las 6:40:00 UTC-3","31 de agosto de 2026 a las 7:50:00 UTC-3","clima hoy","./explore?q=clima%20hoy&geo=AR"
"julio iglesias","100+","4 de septiembre de 2026 a las 16:10:00 UTC-3","4 de septiembre de 2026 a las 16:40:00 UTC-3","julio iglesias","./explore?q=julio%20iglesias&geo=AR"
"el nine","200+","30 de agosto de 2026 a las 11:30:00 UTC-3","30 de agosto de 2026 a las 17:40:00 UTC-3","el nine","./explore?q=el%20nine&geo=AR"
"demanda judicial","200+","1 de septiembre de 2026 a las 15:40:00 UTC-3","1 de septiembre de 2026 a las 17:00:00 UTC-3","demanda judicial","./explore?q=demanda%20judicial&geo=AR"
"rey oyo nyimba kabamba iguru rukidi iv","200+","30 de agosto de 2026 a las 1:30:00 UTC-3","30 de agosto de 2026 a las 5:30:00 UTC-3","rey oyo nyimba kabamba iguru rukidi iv","./explore?q=rey%20oyo%20nyimba%20kabamba%20iguru%20rukidi%20iv&geo=AR"
"frente frío","200+","3 de septiembre de 2026 a las 17:40:00 UTC-3","3 de septiembre de 2026 a las 18:50:00 UTC-3","frente frío,clima mendoza","./explore?q=frente%20fr%C3%ADo&geo=AR"
"univ. concepción - u. de chile","500+","30 de agosto de 2026 a las 16:20:00 UTC-3","30 de agosto de 2026 a las 19:00:00 UTC-3","univ. concepción - u. de chile","./explore?q=univ.%20concepci%C3%B3n%20-%20u.%20de%20chile&geo=AR"
"dane sweeny","100+","3 de septiembre de 2026 a las 18:10:00 UTC-3","3 de septiembre de 2026 a las 19:10:00 UTC-3","dane sweeny","./explore?q=dane%20sweeny&geo=AR"
"inter vs","200+","30 de agosto de 2026 a las 15:50:00 UTC-3","30 de agosto de 2026 a las 18:30:00 UTC-3","inter vs","./explore?q=inter%20vs&geo=AR"
"copa de brasil","500+","1 de septiembre de 2026 a las 23:10:00 UTC-3","2 de septiembre de 2026 a las 0:30:00 UTC-3","copa de brasil","./explore?q=copa%20de%20brasil&geo=AR"
"dia del empleado de comercio 2026","500+","31 de agosto de 2026 a las 9:40:00 UTC-3","31 de agosto de 2026 a las 15:00:00 UTC-3","dia del empleado de comercio 2026","./explore?q=dia%20del%20empleado%20de%20comercio%202026&geo=AR"
"calingasta","200+","2 de septiembre de 2026 a las 13:00:00 UTC-3","2 de septiembre de 2026 a las 14:20:00 UTC-3","calingasta","./explore?q=calingasta&geo=AR"
"jacob elordi","100+","3 de septiembre de 2026 a las 9:10:00 UTC-3","3 de septiembre de 2026 a las 10:20:00 UTC-3","jacob elordi","./explore?q=jacob%20elordi&geo=AR"
"atletico mineiro","200+","1 de septiembre de 2026 a las 22:50:00 UTC-3","2 de septiembre de 2026 a las 0:20:00 UTC-3","atletico mineiro","./explore?q=atletico%20mineiro&geo=AR"
"quilmes ac","200+","30 de agosto de 2026 a las 19:40:00 UTC-3","30 de agosto de 2026 a las 22:00:00 UTC-3","quilmes ac","./explore?q=quilmes%20ac&geo=AR"
"juan pablo valdés","200+","1 de septiembre de 2026 a las 18:30:00 UTC-3","1 de septiembre de 2026 a las 20:30:00 UTC-3","juan pablo valdés","./explore?q=juan%20pablo%20vald%C3%A9s&geo=AR"
"hola","500+","3 de septiembre de 2026 a las 12:20:00 UTC-3","3 de septiembre de 2026 a las 13:10:00 UTC-3","hola","./explore?q=hola&geo=AR"
"gendarmería","200+","30 de agosto de 2026 a las 10:40:00 UTC-3","30 de agosto de 2026 a las 13:30:00 UTC-3","gendarmería","./explore?q=gendarmer%C3%ADa&geo=AR"
"víctor ormazábal","200+","31 de agosto de 2026 a las 22:20:00 UTC-3","1 de septiembre de 2026 a las 0:40:00 UTC-3","víctor ormazábal","./explore?q=v%C3%ADctor%20ormaz%C3%A1bal&geo=AR"
"besiktas","200+","31 de agosto de 2026 a las 15:40:00 UTC-3","31 de agosto de 2026 a las 17:40:00 UTC-3","besiktas","./explore?q=besiktas&geo=AR"
"don alejo autoservicio","200+","30 de agosto de 2026 a las 10:40:00 UTC-3","30 de agosto de 2026 a las 20:30:00 UTC-3","don alejo autoservicio","./explore?q=don%20alejo%20autoservicio&geo=AR"
"as","200+","31 de agosto de 2026 a las 12:20:00 UTC-3","31 de agosto de 2026 a las 14:50:00 UTC-3","as","./explore?q=as&geo=AR"
"puerto","200+","30 de agosto de 2026 a las 20:20:00 UTC-3","30 de agosto de 2026 a las 22:20:00 UTC-3","puerto","./explore?q=puerto&geo=AR"
"gal gadot","200+","1 de septiembre de 2026 a las 13:10:00 UTC-3","1 de septiembre de 2026 a las 19:40:00 UTC-3","gal gadot","./explore?q=gal%20gadot&geo=AR"
"nicolas repetto","200+","31 de agosto de 2026 a las 22:40:00 UTC-3","1 de septiembre de 2026 a las 0:10:00 UTC-3","nicolas repetto","./explore?q=nicolas%20repetto&geo=AR"
"fiscal","200+","31 de agosto de 2026 a las 16:40:00 UTC-3","31 de agosto de 2026 a las 18:20:00 UTC-3","fiscal","./explore?q=fiscal&geo=AR"
"latam","500+","31 de agosto de 2026 a las 19:30:00 UTC-3","31 de agosto de 2026 a las 21:10:00 UTC-3","latam","./explore?q=latam&geo=AR"
"malick yalcouyé","200+","30 de agosto de 2026 a las 10:30:00 UTC-3","30 de agosto de 2026 a las 12:40:00 UTC-3","malick yalcouyé","./explore?q=malick%20yalcouy%C3%A9&geo=AR"
"océano","500+","30 de agosto de 2026 a las 17:10:00 UTC-3","30 de agosto de 2026 a las 19:40:00 UTC-3","océano","./explore?q=oc%C3%A9ano&geo=AR"
"ajax","500+","30 de agosto de 2026 a las 12:10:00 UTC-3","30 de agosto de 2026 a las 14:30:00 UTC-3","ajax","./explore?q=ajax&geo=AR"
"clima la plata","200+","3 de septiembre de 2026 a las 6:40:00 UTC-3","3 de septiembre de 2026 a las 8:00:00 UTC-3","clima la plata","./explore?q=clima%20la%20plata&geo=AR"
"weather tomorrow","200+","4 de septiembre de 2026 a las 21:20:00 UTC-3","4 de septiembre de 2026 a las 21:40:00 UTC-3","weather tomorrow","./explore?q=weather%20tomorrow&geo=AR"
"alud","200+","2 de septiembre de 2026 a las 13:40:00 UTC-3","2 de septiembre de 2026 a las 18:10:00 UTC-3","alud","./explore?q=alud&geo=AR"
"leylah fernandez","100+","4 de septiembre de 2026 a las 14:40:00 UTC-3","4 de septiembre de 2026 a las 15:10:00 UTC-3","leylah fernandez","./explore?q=leylah%20fernandez&geo=AR"
"boca partidos","200+","2 de septiembre de 2026 a las 23:20:00 UTC-3","3 de septiembre de 2026 a las 0:10:00 UTC-3","boca partidos","./explore?q=boca%20partidos&geo=AR"
"coquimbo unido - huachipato","500+","30 de agosto de 2026 a las 21:00:00 UTC-3","30 de agosto de 2026 a las 22:30:00 UTC-3","coquimbo unido - huachipato,coquimbo unido","./explore?q=coquimbo%20unido%20-%20huachipato&geo=AR"
"giuliano galoppo","200+","31 de agosto de 2026 a las 21:50:00 UTC-3","31 de agosto de 2026 a las 23:10:00 UTC-3","giuliano galoppo","./explore?q=giuliano%20galoppo&geo=AR"
"laliga","1 mil+","31 de agosto de 2026 a las 18:30:00 UTC-3","31 de agosto de 2026 a las 19:10:00 UTC-3","laliga","./explore?q=laliga&geo=AR"
"jesús méndez","200+","2 de septiembre de 2026 a las 16:00:00 UTC-3","2 de septiembre de 2026 a las 17:40:00 UTC-3","jesús méndez,la capital","./explore?q=jes%C3%BAs%20m%C3%A9ndez&geo=AR"
"el clima hoy","200+","3 de septiembre de 2026 a las 6:40:00 UTC-3","3 de septiembre de 2026 a las 7:50:00 UTC-3","el clima hoy,el clima","./explore?q=el%20clima%20hoy&geo=AR"
"arsenal fc","200+","31 de agosto de 2026 a las 16:30:00 UTC-3","31 de agosto de 2026 a las 18:20:00 UTC-3","arsenal fc","./explore?q=arsenal%20fc&geo=AR"
"feriados 2027","200+","31 de agosto de 2026 a las 12:00:00 UTC-3","1 de septiembre de 2026 a las 1:50:00 UTC-3","feriados 2027","./explore?q=feriados%202027&geo=AR"
"temperatura cordoba","200+","31 de agosto de 2026 a las 6:50:00 UTC-3","31 de agosto de 2026 a las 15:40:00 UTC-3","temperatura cordoba","./explore?q=temperatura%20cordoba&geo=AR"
"espn premium","500+","30 de agosto de 2026 a las 15:10:00 UTC-3","30 de agosto de 2026 a las 16:30:00 UTC-3","espn premium,napoli vs como","./explore?q=espn%20premium&geo=AR"
"empleado público","200+","31 de agosto de 2026 a las 8:10:00 UTC-3","31 de agosto de 2026 a las 9:50:00 UTC-3","empleado público","./explore?q=empleado%20p%C3%BAblico&geo=AR"
"tn","500+","31 de agosto de 2026 a las 12:40:00 UTC-3","31 de agosto de 2026 a las 14:10:00 UTC-3","tn","./explore?q=tn&geo=AR"
"mi telefe en vivo","500+","31 de agosto de 2026 a las 22:50:00 UTC-3","1 de septiembre de 2026 a las 0:40:00 UTC-3","mi telefe en vivo","./explore?q=mi%20telefe%20en%20vivo&geo=AR"
"industria láctea","200+","31 de agosto de 2026 a las 16:30:00 UTC-3","31 de agosto de 2026 a las 18:40:00 UTC-3","industria láctea","./explore?q=industria%20l%C3%A1ctea&geo=AR"
"juego","200+","1 de septiembre de 2026 a las 19:00:00 UTC-3","1 de septiembre de 2026 a las 20:20:00 UTC-3","juego","./explore?q=juego&geo=AR"
"guillermo andino","200+","1 de septiembre de 2026 a las 21:20:00 UTC-3","1 de septiembre de 2026 a las 22:20:00 UTC-3","guillermo andino","./explore?q=guillermo%20andino&geo=AR"
"charlie garcia","200+","31 de agosto de 2026 a las 22:10:00 UTC-3","31 de agosto de 2026 a las 23:20:00 UTC-3","charlie garcia","./explore?q=charlie%20garcia&geo=AR"
"monumento a los españoles","200+","1 de septiembre de 2026 a las 9:30:00 UTC-3","1 de septiembre de 2026 a las 13:10:00 UTC-3","monumento a los españoles","./explore?q=monumento%20a%20los%20espa%C3%B1oles&geo=AR"
"palmeiras vs","200+","30 de agosto de 2026 a las 19:00:00 UTC-3","30 de agosto de 2026 a las 20:50:00 UTC-3","palmeiras vs","./explore?q=palmeiras%20vs&geo=AR"
"serie a","500+","30 de agosto de 2026 a las 14:20:00 UTC-3","30 de agosto de 2026 a las 16:50:00 UTC-3","serie a","./explore?q=serie%20a&geo=AR"
"martin damm jr.","200+","31 de agosto de 2026 a las 23:50:00 UTC-3","1 de septiembre de 2026 a las 1:40:00 UTC-3","martin damm jr.,frances tiafoe","./explore?q=martin%20damm%20jr.&geo=AR"
"horóscopo","200+","31 de agosto de 2026 a las 20:00:00 UTC-3","31 de agosto de 2026 a las 22:10:00 UTC-3","horóscopo","./explore?q=hor%C3%B3scopo&geo=AR"
"pronostico posadas","200+","31 de agosto de 2026 a las 4:30:00 UTC-3","31 de agosto de 2026 a las 7:20:00 UTC-3","pronostico posadas","./explore?q=pronostico%20posadas&geo=AR"
"classroom","1 mil+","31 de agosto de 2026 a las 8:00:00 UTC-3","31 de agosto de 2026 a las 9:10:00 UTC-3","classroom","./explore?q=classroom&geo=AR"
"north west","200+","31 de agosto de 2026 a las 7:30:00 UTC-3","31 de agosto de 2026 a las 8:40:00 UTC-3","north west","./explore?q=north%20west&geo=AR"
"fortaleza - operário","200+","31 de agosto de 2026 a las 19:50:00 UTC-3","31 de agosto de 2026 a las 21:10:00 UTC-3","fortaleza - operário,fortaleza","./explore?q=fortaleza%20-%20oper%C3%A1rio&geo=AR"
"clima merlo","200+","3 de septiembre de 2026 a las 0:00:00 UTC-3","3 de septiembre de 2026 a las 0:40:00 UTC-3","clima merlo,el tiempo hoy","./explore?q=clima%20merlo&geo=AR"
"jefe de la policía","100+","2 de septiembre de 2026 a las 20:40:00 UTC-3","2 de septiembre de 2026 a las 21:40:00 UTC-3","jefe de la policía","./explore?q=jefe%20de%20la%20polic%C3%ADa&geo=AR"
"clima bahia blanca","200+","2 de septiembre de 2026 a las 6:40:00 UTC-3","2 de septiembre de 2026 a las 8:00:00 UTC-3","clima bahia blanca","./explore?q=clima%20bahia%20blanca&geo=AR"
"deportivo cali","200+","30 de agosto de 2026 a las 22:50:00 UTC-3","31 de agosto de 2026 a las 1:20:00 UTC-3","deportivo cali","./explore?q=deportivo%20cali&geo=AR"
"electricidad","200+","2 de septiembre de 2026 a las 13:20:00 UTC-3","2 de septiembre de 2026 a las 14:10:00 UTC-3","electricidad","./explore?q=electricidad&geo=AR"
"anastasia zakharova","200+","1 de septiembre de 2026 a las 0:20:00 UTC-3","1 de septiembre de 2026 a las 2:10:00 UTC-3","anastasia zakharova","./explore?q=anastasia%20zakharova&geo=AR"
"partido hoy","200+","2 de septiembre de 2026 a las 23:40:00 UTC-3","3 de septiembre de 2026 a las 0:20:00 UTC-3","partido hoy","./explore?q=partido%20hoy&geo=AR"
"monaco fc","200+","30 de agosto de 2026 a las 16:30:00 UTC-3","30 de agosto de 2026 a las 18:30:00 UTC-3","monaco fc","./explore?q=monaco%20fc&geo=AR"
"diana de gales","200+","31 de agosto de 2026 a las 17:10:00 UTC-3","31 de agosto de 2026 a las 18:40:00 UTC-3","diana de gales","./explore?q=diana%20de%20gales&geo=AR"
"clima caba","1 mil+","31 de agosto de 2026 a las 7:00:00 UTC-3","31 de agosto de 2026 a las 8:10:00 UTC-3","clima caba,clima la plata,clima buenos aires","./explore?q=clima%20caba&geo=AR"
"dia de santa rosa","200+","30 de agosto de 2026 a las 10:50:00 UTC-3","30 de agosto de 2026 a las 13:30:00 UTC-3","dia de santa rosa","./explore?q=dia%20de%20santa%20rosa&geo=AR"
"clima de hoy","200+","31 de agosto de 2026 a las 6:10:00 UTC-3","31 de agosto de 2026 a las 7:50:00 UTC-3","clima de hoy","./explore?q=clima%20de%20hoy&geo=AR"
"julieta jankunas","500+","31 de agosto de 2026 a las 17:40:00 UTC-3","31 de agosto de 2026 a las 18:40:00 UTC-3","julieta jankunas,sofia cairo","./explore?q=julieta%20jankunas&geo=AR"
"pronóstico","500+","31 de agosto de 2026 a las 6:30:00 UTC-3","31 de agosto de 2026 a las 7:40:00 UTC-3","pronóstico,clima corrientes","./explore?q=pron%C3%B3stico&geo=AR"
"la cumbre","200+","1 de septiembre de 2026 a las 0:00:00 UTC-3","1 de septiembre de 2026 a las 1:20:00 UTC-3","la cumbre","./explore?q=la%20cumbre&geo=AR"
"lucas martínez quarta","500+","30 de agosto de 2026 a las 15:30:00 UTC-3","30 de agosto de 2026 a las 17:20:00 UTC-3","lucas martínez quarta","./explore?q=lucas%20mart%C3%ADnez%20quarta&geo=AR"
"ruta nacional 40","200+","3 de septiembre de 2026 a las 15:30:00 UTC-3","3 de septiembre de 2026 a las 16:00:00 UTC-3","ruta nacional 40","./explore?q=ruta%20nacional%2040&geo=AR"
"flores boca","200+","2 de septiembre de 2026 a las 23:10:00 UTC-3","2 de septiembre de 2026 a las 23:50:00 UTC-3","flores boca","./explore?q=flores%20boca&geo=AR"
"loto 5","500+","30 de agosto de 2026 a las 21:30:00 UTC-3","30 de agosto de 2026 a las 22:50:00 UTC-3","loto 5,sorteo loto plus,loto","./explore?q=loto%205&geo=AR"
"kylian mbappé","200+","30 de agosto de 2026 a las 14:10:00 UTC-3","30 de agosto de 2026 a las 15:20:00 UTC-3","kylian mbappé","./explore?q=kylian%20mbapp%C3%A9&geo=AR"
"edelap","200+","2 de septiembre de 2026 a las 11:50:00 UTC-3","2 de septiembre de 2026 a las 13:10:00 UTC-3","edelap","./explore?q=edelap&geo=AR"
"posiciones de al-shabab contra al hilal","100+","4 de septiembre de 2026 a las 18:10:00 UTC-3","4 de septiembre de 2026 a las 18:30:00 UTC-3","posiciones de al-shabab contra al hilal","./explore?q=posiciones%20de%20al-shabab%20contra%20al%20hilal&geo=AR"
"gran hermano en vivo","500+","31 de agosto de 2026 a las 23:10:00 UTC-3","1 de septiembre de 2026 a las 0:30:00 UTC-3","gran hermano en vivo","./explore?q=gran%20hermano%20en%20vivo&geo=AR"
"copenhague fc","200+","31 de agosto de 2026 a las 14:30:00 UTC-3","31 de agosto de 2026 a las 16:00:00 UTC-3","copenhague fc","./explore?q=copenhague%20fc&geo=AR"
"brave","200+","30 de agosto de 2026 a las 15:10:00 UTC-3","30 de agosto de 2026 a las 16:40:00 UTC-3","brave","./explore?q=brave&geo=AR"
"leipzig","200+","31 de agosto de 2026 a las 8:10:00 UTC-3","31 de agosto de 2026 a las 9:50:00 UTC-3","leipzig","./explore?q=leipzig&geo=AR"
"paulo dybala","200+","31 de agosto de 2026 a las 16:00:00 UTC-3","31 de agosto de 2026 a las 17:10:00 UTC-3","paulo dybala","./explore?q=paulo%20dybala&geo=AR"
"lloyd harris","100+","2 de septiembre de 2026 a las 19:40:00 UTC-3","2 de septiembre de 2026 a las 20:30:00 UTC-3","lloyd harris","./explore?q=lloyd%20harris&geo=AR"
"lionel richie","200+","1 de septiembre de 2026 a las 12:50:00 UTC-3","1 de septiembre de 2026 a las 14:40:00 UTC-3","lionel richie","./explore?q=lionel%20richie&geo=AR"
"tv argentina","200+","30 de agosto de 2026 a las 15:00:00 UTC-3","30 de agosto de 2026 a las 16:30:00 UTC-3","tv argentina","./explore?q=tv%20argentina&geo=AR"
"the sun","100+","3 de septiembre de 2026 a las 22:20:00 UTC-3","3 de septiembre de 2026 a las 22:50:00 UTC-3","the sun","./explore?q=the%20sun&geo=AR"
"daniel filmus","100+","3 de septiembre de 2026 a las 22:50:00 UTC-3","3 de septiembre de 2026 a las 23:20:00 UTC-3","daniel filmus","./explore?q=daniel%20filmus&geo=AR"
"boletin oficial","500+","31 de agosto de 2026 a las 8:00:00 UTC-3","31 de agosto de 2026 a las 9:30:00 UTC-3","boletin oficial","./explore?q=boletin%20oficial&geo=AR"
"transporte público","200+","1 de septiembre de 2026 a las 15:40:00 UTC-3","1 de septiembre de 2026 a las 19:10:00 UTC-3","transporte público","./explore?q=transporte%20p%C3%BAblico&geo=AR"
"sismo","200+","30 de agosto de 2026 a las 19:30:00 UTC-3","30 de agosto de 2026 a las 21:50:00 UTC-3","sismo","./explore?q=sismo&geo=AR"
"iga świątek","100+","3 de septiembre de 2026 a las 13:20:00 UTC-3","3 de septiembre de 2026 a las 13:50:00 UTC-3","iga świątek","./explore?q=iga%20%C5%9Bwi%C4%85tek&geo=AR"
"burnley - middlesbrough","100+","2 de septiembre de 2026 a las 16:30:00 UTC-3","2 de septiembre de 2026 a las 17:40:00 UTC-3","burnley - middlesbrough","./explore?q=burnley%20-%20middlesbrough&geo=AR"
"quiniela","200+","2 de septiembre de 2026 a las 11:10:00 UTC-3","2 de septiembre de 2026 a las 16:20:00 UTC-3","quiniela","./explore?q=quiniela&geo=AR"
"juan martín lucero","200+","30 de agosto de 2026 a las 17:30:00 UTC-3","30 de agosto de 2026 a las 22:20:00 UTC-3","juan martín lucero","./explore?q=juan%20mart%C3%ADn%20lucero&geo=AR"
"leonel messi","200+","31 de agosto de 2026 a las 13:10:00 UTC-3","31 de agosto de 2026 a las 14:40:00 UTC-3","leonel messi","./explore?q=leonel%20messi&geo=AR"
"clima posadas","200+","31 de agosto de 2026 a las 4:20:00 UTC-3","31 de agosto de 2026 a las 6:20:00 UTC-3","clima posadas","./explore?q=clima%20posadas&geo=AR"
"ruta marítima","100+","3 de septiembre de 2026 a las 16:40:00 UTC-3","3 de septiembre de 2026 a las 17:10:00 UTC-3","ruta marítima","./explore?q=ruta%20mar%C3%ADtima&geo=AR"
"ranking atp","100+","1 de septiembre de 2026 a las 22:40:00 UTC-3","1 de septiembre de 2026 a las 23:50:00 UTC-3","ranking atp","./explore?q=ranking%20atp&geo=AR"
"jonathan david","200+","31 de agosto de 2026 a las 11:30:00 UTC-3","31 de agosto de 2026 a las 13:00:00 UTC-3","jonathan david","./explore?q=jonathan%20david&geo=AR"
"cameron diaz","200+","30 de agosto de 2026 a las 16:40:00 UTC-3","30 de agosto de 2026 a las 20:00:00 UTC-3","cameron diaz","./explore?q=cameron%20diaz&geo=AR"
"sepulveda","200+","30 de agosto de 2026 a las 16:40:00 UTC-3","30 de agosto de 2026 a las 17:50:00 UTC-3","sepulveda","./explore?q=sepulveda&geo=AR"
"benfica vs","200+","31 de agosto de 2026 a las 17:00:00 UTC-3","31 de agosto de 2026 a las 18:30:00 UTC-3","benfica vs","./explore?q=benfica%20vs&geo=AR"
"pincoya","200+","30 de agosto de 2026 a las 22:40:00 UTC-3","30 de agosto de 2026 a las 23:50:00 UTC-3","pincoya","./explore?q=pincoya&geo=AR"
"clima trelew","100+","4 de septiembre de 2026 a las 13:20:00 UTC-3","4 de septiembre de 2026 a las 13:40:00 UTC-3","clima trelew","./explore?q=clima%20trelew&geo=AR"
"cge","200+","31 de agosto de 2026 a las 8:20:00 UTC-3","31 de agosto de 2026 a las 10:10:00 UTC-3","cge","./explore?q=cge&geo=AR"
"nadie dice match","200+","30 de agosto de 2026 a las 21:10:00 UTC-3","30 de agosto de 2026 a las 22:20:00 UTC-3","nadie dice match","./explore?q=nadie%20dice%20match&geo=AR"
"cqc","200+","30 de agosto de 2026 a las 21:30:00 UTC-3","30 de agosto de 2026 a las 22:40:00 UTC-3","cqc","./explore?q=cqc&geo=AR"
"volcan purace","200+","31 de agosto de 2026 a las 0:00:00 UTC-3","31 de agosto de 2026 a las 1:30:00 UTC-3","volcan purace","./explore?q=volcan%20purace&geo=AR"
"sport","200+","31 de agosto de 2026 a las 13:20:00 UTC-3","31 de agosto de 2026 a las 14:40:00 UTC-3","sport","./explore?q=sport&geo=AR"
"el territorio","200+","30 de agosto de 2026 a las 7:10:00 UTC-3","30 de agosto de 2026 a las 10:30:00 UTC-3","el territorio","./explore?q=el%20territorio&geo=AR"
"fiba","100+","31 de agosto de 2026 a las 22:00:00 UTC-3","31 de agosto de 2026 a las 23:10:00 UTC-3","fiba","./explore?q=fiba&geo=AR"
"maria becerra","100+","1 de septiembre de 2026 a las 13:30:00 UTC-3","1 de septiembre de 2026 a las 14:30:00 UTC-3","maria becerra","./explore?q=maria%20becerra&geo=AR"
"lady di","100+","31 de agosto de 2026 a las 23:00:00 UTC-3","1 de septiembre de 2026 a las 0:10:00 UTC-3","lady di","./explore?q=lady%20di&geo=AR"
"leeds","200+","30 de agosto de 2026 a las 11:30:00 UTC-3","30 de agosto de 2026 a las 12:50:00 UTC-3","leeds","./explore?q=leeds&geo=AR"
"visa","200+","31 de agosto de 2026 a las 11:00:00 UTC-3","31 de agosto de 2026 a las 12:10:00 UTC-3","visa","./explore?q=visa&geo=AR"
"clima formosa","200+","31 de agosto de 2026 a las 5:50:00 UTC-3","31 de agosto de 2026 a las 7:40:00 UTC-3","clima formosa","./explore?q=clima%20formosa&geo=AR"
"torino fc","100+","1 de septiembre de 2026 a las 17:50:00 UTC-3","1 de septiembre de 2026 a las 18:40:00 UTC-3","torino fc","./explore?q=torino%20fc&geo=AR"
"clima rosario","200+","3 de septiembre de 2026 a las 3:00:00 UTC-3","3 de septiembre de 2026 a las 3:30:00 UTC-3","clima rosario","./explore?q=clima%20rosario&geo=AR"
"rennes - le mans football club","200+","30 de agosto de 2026 a las 13:20:00 UTC-3","30 de agosto de 2026 a las 14:50:00 UTC-3","rennes - le mans football club","./explore?q=rennes%20-%20le%20mans%20football%20club&geo=AR"
"valentín barco","200+","30 de agosto de 2026 a las 12:00:00 UTC-3","30 de agosto de 2026 a las 13:10:00 UTC-3","valentín barco","./explore?q=valent%C3%ADn%20barco&geo=AR"
"masterchef","100+","1 de septiembre de 2026 a las 16:50:00 UTC-3","1 de septiembre de 2026 a las 17:50:00 UTC-3","masterchef","./explore?q=masterchef&geo=AR"
"victoria sauze","200+","1 de septiembre de 2026 a las 23:40:00 UTC-3","2 de septiembre de 2026 a las 0:10:00 UTC-3","victoria sauze","./explore?q=victoria%20sauze&geo=AR"
"brasileirão serie a","100+","2 de septiembre de 2026 a las 20:40:00 UTC-3","2 de septiembre de 2026 a las 21:20:00 UTC-3","brasileirão serie a","./explore?q=brasileir%C3%A3o%20serie%20a&geo=AR"
"pronostico del tiempo","500+","31 de agosto de 2026 a las 7:00:00 UTC-3","31 de agosto de 2026 a las 7:40:00 UTC-3","pronostico del tiempo","./explore?q=pronostico%20del%20tiempo&geo=AR"
"amina helmi","200+","2 de septiembre de 2026 a las 3:00:00 UTC-3","2 de septiembre de 2026 a las 13:30:00 UTC-3","amina helmi","./explore?q=amina%20helmi&geo=AR"
"el tiempo en córdoba","200+","31 de agosto de 2026 a las 14:30:00 UTC-3","31 de agosto de 2026 a las 15:40:00 UTC-3","el tiempo en córdoba","./explore?q=el%20tiempo%20en%20c%C3%B3rdoba&geo=AR"
"ceferino","100+","30 de agosto de 2026 a las 8:40:00 UTC-3","30 de agosto de 2026 a las 11:20:00 UTC-3","ceferino","./explore?q=ceferino&geo=AR"
"noticias","200+","31 de agosto de 2026 a las 12:50:00 UTC-3","31 de agosto de 2026 a las 13:40:00 UTC-3","noticias","./explore?q=noticias&geo=AR"
"chimy avila","200+","30 de agosto de 2026 a las 21:00:00 UTC-3","30 de agosto de 2026 a las 21:30:00 UTC-3","chimy avila,ezequiel ávila","./explore?q=chimy%20avila&geo=AR"
"cruzeiro vs","100+","1 de septiembre de 2026 a las 23:00:00 UTC-3","1 de septiembre de 2026 a las 23:50:00 UTC-3","cruzeiro vs","./explore?q=cruzeiro%20vs&geo=AR"
"braga fc","100+","31 de agosto de 2026 a las 17:40:00 UTC-3","31 de agosto de 2026 a las 18:40:00 UTC-3","braga fc","./explore?q=braga%20fc&geo=AR"
"norma lezana","100+","31 de agosto de 2026 a las 21:40:00 UTC-3","31 de agosto de 2026 a las 22:40:00 UTC-3","norma lezana","./explore?q=norma%20lezana&geo=AR"
"millonarios","100+","30 de agosto de 2026 a las 21:50:00 UTC-3","30 de agosto de 2026 a las 23:00:00 UTC-3","millonarios","./explore?q=millonarios&geo=AR"
"enzo","200+","30 de agosto de 2026 a las 10:20:00 UTC-3","30 de agosto de 2026 a las 12:10:00 UTC-3","enzo","./explore?q=enzo&geo=AR"
"neymar","200+","30 de agosto de 2026 a las 18:50:00 UTC-3","30 de agosto de 2026 a las 19:20:00 UTC-3","neymar","./explore?q=neymar&geo=AR"
"pronostico bahia blanca","100+","31 de agosto de 2026 a las 6:30:00 UTC-3","31 de agosto de 2026 a las 8:00:00 UTC-3","pronostico bahia blanca","./explore?q=pronostico%20bahia%20blanca&geo=AR"
"lanacion","200+","30 de agosto de 2026 a las 8:20:00 UTC-3","30 de agosto de 2026 a las 10:30:00 UTC-3","lanacion","./explore?q=lanacion&geo=AR"
"mel gibson","100+","2 de septiembre de 2026 a las 14:50:00 UTC-3","2 de septiembre de 2026 a las 15:20:00 UTC-3","mel gibson","./explore?q=mel%20gibson&geo=AR"
"curazao","200+","30 de agosto de 2026 a las 14:20:00 UTC-3","30 de agosto de 2026 a las 15:20:00 UTC-3","curazao","./explore?q=curazao&geo=AR"
"clima san luis","200+","31 de agosto de 2026 a las 6:40:00 UTC-3","31 de agosto de 2026 a las 8:10:00 UTC-3","clima san luis","./explore?q=clima%20san%20luis&geo=AR"
"el clima","100+","31 de agosto de 2026 a las 5:50:00 UTC-3","31 de agosto de 2026 a las 7:30:00 UTC-3","el clima","./explore?q=el%20clima&geo=AR"
"pronostico caba","200+","31 de agosto de 2026 a las 6:50:00 UTC-3","31 de agosto de 2026 a las 7:50:00 UTC-3","pronostico caba","./explore?q=pronostico%20caba&geo=AR"
"federal a","200+","30 de agosto de 2026 a las 18:20:00 UTC-3","30 de agosto de 2026 a las 19:20:00 UTC-3","federal a","./explore?q=federal%20a&geo=AR"
"diario chaco","200+","31 de agosto de 2026 a las 6:40:00 UTC-3","31 de agosto de 2026 a las 8:10:00 UTC-3","diario chaco","./explore?q=diario%20chaco&geo=AR"
"sc telstar - ajax","100+","30 de agosto de 2026 a las 13:30:00 UTC-3","30 de agosto de 2026 a las 14:40:00 UTC-3","sc telstar - ajax","./explore?q=sc%20telstar%20-%20ajax&geo=AR"
"valentina salcedo","100+","31 de agosto de 2026 a las 10:30:00 UTC-3","31 de agosto de 2026 a las 11:30:00 UTC-3","valentina salcedo","./explore?q=valentina%20salcedo&geo=AR"
"nicolás iván gonzález","100+","30 de agosto de 2026 a las 15:40:00 UTC-3","30 de agosto de 2026 a las 16:50:00 UTC-3","nicolás iván gonzález","./explore?q=nicol%C3%A1s%20iv%C3%A1n%20gonz%C3%A1lez&geo=AR"
"shang juncheng","100+","31 de agosto de 2026 a las 21:30:00 UTC-3","31 de agosto de 2026 a las 22:20:00 UTC-3","shang juncheng","./explore?q=shang%20juncheng&geo=AR"
"quiniela de tucuman","500+","2 de septiembre de 2026 a las 12:40:00 UTC-3","2 de septiembre de 2026 a las 13:10:00 UTC-3","quiniela de tucuman,quiniela de tucumán","./explore?q=quiniela%20de%20tucuman&geo=AR"
"román andrés burruchaga","100+","31 de agosto de 2026 a las 19:50:00 UTC-3","31 de agosto de 2026 a las 20:30:00 UTC-3","román andrés burruchaga","./explore?q=rom%C3%A1n%20andr%C3%A9s%20burruchaga&geo=AR"
"vicuña mackenna","100+","31 de agosto de 2026 a las 14:30:00 UTC-3","31 de agosto de 2026 a las 15:30:00 UTC-3","vicuña mackenna","./explore?q=vicu%C3%B1a%20mackenna&geo=AR"
"el once digital","100+","31 de agosto de 2026 a las 7:10:00 UTC-3","31 de agosto de 2026 a las 8:10:00 UTC-3","el once digital","./explore?q=el%20once%20digital&geo=AR"
"penélope cruz","100+","1 de septiembre de 2026 a las 15:00:00 UTC-3","1 de septiembre de 2026 a las 17:40:00 UTC-3","penélope cruz","./explore?q=pen%C3%A9lope%20cruz&geo=AR"
"temperatura actual","200+","31 de agosto de 2026 a las 5:40:00 UTC-3","31 de agosto de 2026 a las 7:00:00 UTC-3","temperatura actual","./explore?q=temperatura%20actual&geo=AR"
"john galliano","100+","31 de agosto de 2026 a las 22:30:00 UTC-3","31 de agosto de 2026 a las 23:30:00 UTC-3","john galliano","./explore?q=john%20galliano&geo=AR"
"netflix top movies right now","100+","31 de agosto de 2026 a las 18:50:00 UTC-3","31 de agosto de 2026 a las 19:30:00 UTC-3","netflix top movies right now","./explore?q=netflix%20top%20movies%20right%20now&geo=AR"
"tiempo de san juan","200+","31 de agosto de 2026 a las 7:50:00 UTC-3","31 de agosto de 2026 a las 9:00:00 UTC-3","tiempo de san juan","./explore?q=tiempo%20de%20san%20juan&geo=AR"
"anne hathaway","200+","30 de agosto de 2026 a las 9:50:00 UTC-3","30 de agosto de 2026 a las 10:50:00 UTC-3","anne hathaway,tom cruise","./explore?q=anne%20hathaway&geo=AR"
"allanamiento","200+","31 de agosto de 2026 a las 8:00:00 UTC-3","31 de agosto de 2026 a las 8:40:00 UTC-3","allanamiento","./explore?q=allanamiento&geo=AR"
"fentanilo","100+","1 de septiembre de 2026 a las 20:10:00 UTC-3","1 de septiembre de 2026 a las 20:40:00 UTC-3","fentanilo","./explore?q=fentanilo&geo=AR"
"chelsea football club","100+","30 de agosto de 2026 a las 11:20:00 UTC-3","30 de agosto de 2026 a las 12:30:00 UTC-3","chelsea football club","./explore?q=chelsea%20football%20club&geo=AR"
"crucigrama la nacion","200+","31 de agosto de 2026 a las 8:30:00 UTC-3","31 de agosto de 2026 a las 9:20:00 UTC-3","crucigrama la nacion","./explore?q=crucigrama%20la%20nacion&geo=AR"
"d","100+","3 de septiembre de 2026 a las 0:20:00 UTC-3","3 de septiembre de 2026 a las 0:40:00 UTC-3","d","./explore?q=d&geo=AR"
"dep. cuenca - guayaquil city","100+","2 de septiembre de 2026 a las 19:10:00 UTC-3","2 de septiembre de 2026 a las 19:30:00 UTC-3","dep. cuenca - guayaquil city","./explore?q=dep.%20cuenca%20-%20guayaquil%20city&geo=AR"
"clima mar del plata","200+","1 de septiembre de 2026 a las 7:20:00 UTC-3","1 de septiembre de 2026 a las 7:50:00 UTC-3","clima mar del plata","./explore?q=clima%20mar%20del%20plata&geo=AR"
"adrian suar","100+","30 de agosto de 2026 a las 23:10:00 UTC-3","31 de agosto de 2026 a las 0:00:00 UTC-3","adrian suar","./explore?q=adrian%20suar&geo=AR"
"julia roberts","100+","30 de agosto de 2026 a las 17:50:00 UTC-3","30 de agosto de 2026 a las 18:40:00 UTC-3","julia roberts","./explore?q=julia%20roberts&geo=AR"
"olivia rodrigo","100+","31 de agosto de 2026 a las 22:30:00 UTC-3","31 de agosto de 2026 a las 23:10:00 UTC-3","olivia rodrigo","./explore?q=olivia%20rodrigo&geo=AR"
"rhode","100+","31 de agosto de 2026 a las 23:50:00 UTC-3","1 de septiembre de 2026 a las 0:30:00 UTC-3","rhode","./explore?q=rhode&geo=AR"
"pronostico extendido","100+","31 de agosto de 2026 a las 6:30:00 UTC-3","31 de agosto de 2026 a las 7:40:00 UTC-3","pronostico extendido","./explore?q=pronostico%20extendido&geo=AR"
"charlotte hodson","100+","31 de agosto de 2026 a las 12:40:00 UTC-3","31 de agosto de 2026 a las 13:40:00 UTC-3","charlotte hodson","./explore?q=charlotte%20hodson&geo=AR"
"borussia dortmund","100+","1 de septiembre de 2026 a las 16:20:00 UTC-3","1 de septiembre de 2026 a las 17:20:00 UTC-3","borussia dortmund,dfb pokal","./explore?q=borussia%20dortmund&geo=AR"
"clima posadas","100+","1 de septiembre de 2026 a las 2:40:00 UTC-3","1 de septiembre de 2026 a las 6:40:00 UTC-3","clima posadas","./explore?q=clima%20posadas&geo=AR"
"marta luisa de noruega","100+","30 de agosto de 2026 a las 16:40:00 UTC-3","30 de agosto de 2026 a las 17:30:00 UTC-3","marta luisa de noruega","./explore?q=marta%20luisa%20de%20noruega&geo=AR"
"tsitsipas","100+","31 de agosto de 2026 a las 15:20:00 UTC-3","31 de agosto de 2026 a las 16:00:00 UTC-3","tsitsipas","./explore?q=tsitsipas&geo=AR"
"leicester city - plymouth argyle","100+","1 de septiembre de 2026 a las 18:20:00 UTC-3","1 de septiembre de 2026 a las 18:50:00 UTC-3","leicester city - plymouth argyle","./explore?q=leicester%20city%20-%20plymouth%20argyle&geo=AR"
"secretario judicial","100+","31 de agosto de 2026 a las 23:40:00 UTC-3","1 de septiembre de 2026 a las 0:20:00 UTC-3","secretario judicial","./explore?q=secretario%20judicial&geo=AR"
"mi anses","200+","1 de septiembre de 2026 a las 6:00:00 UTC-3","1 de septiembre de 2026 a las 6:20:00 UTC-3","mi anses","./explore?q=mi%20anses&geo=AR"
"tasa plazo fijo","100+","1 de septiembre de 2026 a las 13:10:00 UTC-3","1 de septiembre de 2026 a las 17:00:00 UTC-3","tasa plazo fijo","./explore?q=tasa%20plazo%20fijo&geo=AR"
"gonzalo gelini","100+","30 de agosto de 2026 a las 12:00:00 UTC-3","30 de agosto de 2026 a las 13:00:00 UTC-3","gonzalo gelini","./explore?q=gonzalo%20gelini&geo=AR"
"manchester","100+","30 de agosto de 2026 a las 14:10:00 UTC-3","30 de agosto de 2026 a las 15:00:00 UTC-3","manchester","./explore?q=manchester&geo=AR"
"apple iphone 18 pro max","100+","2 de septiembre de 2026 a las 0:20:00 UTC-3","2 de septiembre de 2026 a las 0:40:00 UTC-3","apple iphone 18 pro max,iphone 18","./explore?q=apple%20iphone%2018%20pro%20max&geo=AR"
"la politica online","100+","2 de septiembre de 2026 a las 7:30:00 UTC-3","2 de septiembre de 2026 a las 8:10:00 UTC-3","la politica online","./explore?q=la%20politica%20online&geo=AR"
"trabzonspor","100+","31 de agosto de 2026 a las 17:40:00 UTC-3","31 de agosto de 2026 a las 18:10:00 UTC-3","trabzonspor","./explore?q=trabzonspor&geo=AR"
"brian buley","100+","30 de agosto de 2026 a las 15:10:00 UTC-3","30 de agosto de 2026 a las 15:50:00 UTC-3","brian buley","./explore?q=brian%20buley&geo=AR"
"goat","100+","31 de agosto de 2026 a las 16:10:00 UTC-3","31 de agosto de 2026 a las 16:50:00 UTC-3","goat","./explore?q=goat&geo=AR"
"chicago","100+","30 de agosto de 2026 a las 21:40:00 UTC-3","30 de agosto de 2026 a las 22:40:00 UTC-3","chicago","./explore?q=chicago&geo=AR"
"serie argentina netflix","100+","30 de agosto de 2026 a las 15:10:00 UTC-3","30 de agosto de 2026 a las 15:40:00 UTC-3","serie argentina netflix","./explore?q=serie%20argentina%20netflix&geo=AR"
"superliga","500+","30 de agosto de 2026 a las 16:50:00 UTC-3","30 de agosto de 2026 a las 17:10:00 UTC-3","superliga","./explore?q=superliga&geo=AR"
"liga italiana","100+","30 de agosto de 2026 a las 14:40:00 UTC-3","30 de agosto de 2026 a las 15:20:00 UTC-3","liga italiana","./explore?q=liga%20italiana&geo=AR"
"diario el dia","100+","30 de agosto de 2026 a las 8:40:00 UTC-3","30 de agosto de 2026 a las 9:40:00 UTC-3","diario el dia","./explore?q=diario%20el%20dia&geo=AR"
"quiniela plus","100+","30 de agosto de 2026 a las 7:10:00 UTC-3","30 de agosto de 2026 a las 8:10:00 UTC-3","quiniela plus","./explore?q=quiniela%20plus&geo=AR"
"toluca - juárez","100+","30 de agosto de 2026 a las 21:50:00 UTC-3","30 de agosto de 2026 a las 22:20:00 UTC-3","toluca - juárez","./explore?q=toluca%20-%20ju%C3%A1rez&geo=AR"
"evangelio de hoy","100+","1 de septiembre de 2026 a las 7:20:00 UTC-3","1 de septiembre de 2026 a las 8:00:00 UTC-3","evangelio de hoy","./explore?q=evangelio%20de%20hoy&geo=AR"
"facultad de medicina","100+","1 de septiembre de 2026 a las 23:10:00 UTC-3","1 de septiembre de 2026 a las 23:30:00 UTC-3","facultad de medicina","./explore?q=facultad%20de%20medicina&geo=AR"
"clima mar del plata","100+","30 de agosto de 2026 a las 3:10:00 UTC-3","30 de agosto de 2026 a las 7:40:00 UTC-3","clima mar del plata","./explore?q=clima%20mar%20del%20plata&geo=AR"
"clima rosario","200+","31 de agosto de 2026 a las 7:10:00 UTC-3","31 de agosto de 2026 a las 7:30:00 UTC-3","clima rosario","./explore?q=clima%20rosario&geo=AR"
"chelse","100+","30 de agosto de 2026 a las 12:20:00 UTC-3","30 de agosto de 2026 a las 13:00:00 UTC-3","chelse","./explore?q=chelse&geo=AR"
"clima salta","100+","31 de agosto de 2026 a las 6:30:00 UTC-3","31 de agosto de 2026 a las 7:30:00 UTC-3","clima salta","./explore?q=clima%20salta&geo=AR"
"salta","100+","31 de agosto de 2026 a las 18:50:00 UTC-3","31 de agosto de 2026 a las 19:10:00 UTC-3","salta","./explore?q=salta&geo=AR"
"quiniela de mendoza","100+","2 de septiembre de 2026 a las 11:10:00 UTC-3","2 de septiembre de 2026 a las 11:30:00 UTC-3","quiniela de mendoza","./explore?q=quiniela%20de%20mendoza&geo=AR"
"como","200+","30 de agosto de 2026 a las 14:40:00 UTC-3","30 de agosto de 2026 a las 15:00:00 UTC-3","como","./explore?q=como&geo=AR"
"raízen","100+","1 de septiembre de 2026 a las 18:20:00 UTC-3","1 de septiembre de 2026 a las 18:40:00 UTC-3","raízen","./explore?q=ra%C3%ADzen&geo=AR"
"clima rio cuarto","100+","31 de agosto de 2026 a las 12:50:00 UTC-3","31 de agosto de 2026 a las 13:10:00 UTC-3","clima rio cuarto","./explore?q=clima%20rio%20cuarto&geo=AR"
"joão pedro","100+","30 de agosto de 2026 a las 12:30:00 UTC-3","30 de agosto de 2026 a las 13:00:00 UTC-3","joão pedro","./explore?q=jo%C3%A3o%20pedro&geo=AR"
"columbus crew - new england","100+","30 de agosto de 2026 a las 18:40:00 UTC-3","30 de agosto de 2026 a las 19:00:00 UTC-3","columbus crew - new england","./explore?q=columbus%20crew%20-%20new%20england&geo=AR"
"clima mar del plata","100+","31 de agosto de 2026 a las 6:40:00 UTC-3","31 de agosto de 2026 a las 7:00:00 UTC-3","clima mar del plata","./explore?q=clima%20mar%20del%20plata&geo=AR"
"valencia vs","100+","30 de agosto de 2026 a las 16:00:00 UTC-3","30 de agosto de 2026 a las 16:20:00 UTC-3","valencia vs","./explore?q=valencia%20vs&geo=AR"
"diego gómez","100+","30 de agosto de 2026 a las 12:10:00 UTC-3","30 de agosto de 2026 a las 12:30:00 UTC-3","diego gómez","./explore?q=diego%20g%C3%B3mez&geo=AR"
"datachaco","100+","31 de agosto de 2026 a las 7:30:00 UTC-3","31 de agosto de 2026 a las 7:50:00 UTC-3","datachaco","./explore?q=datachaco&geo=AR"
"cronica","100+","31 de agosto de 2026 a las 7:00:00 UTC-3","31 de agosto de 2026 a las 7:20:00 UTC-3","cronica","./explore?q=cronica&geo=AR"