"Tendencias","Volumen de búsquedas","Inicio","Finalizada","Desglose de tendencias","Enlace a Explorar"
"iphone duo","5 M+","9 de septiembre de 2026 a las 2:10:00 UTC-3",,"iphone duo,apple,apple event,iphone duo price,apple duo,iphone,apple event 2026,foldable iphone,iphone fold,apple folding phone,iphone duo release date,samsung,apple foldable iphone duo,apple stock,samsung fold,apple iphone,iphone 18 duo,folding iphone,iphone ultra,iphone foldable,apple foldable phone,iphone flip phone,aapl,apple iphone duo,new apple phone,new iphone release date,apple flip phone,dbrand,apple.com,apple announcements,apple ceo,apple new phone,new iphones,when does the iphone 18 come out,ipad mini,iphone duo iphone 18 pro,apple keynote,apple news,apple fold,samsung galaxy z fold 8,iphone flip,apple 18,macrumors,new apple watch,new iphone 2026,apple event time,samsung fold 8,iphone duo cost,apple duo phone,apple 18 pro max,apple event today,apple iphone 18 pro max,apple keynote 2026,apple new iphone,aapl stock,apple foldable iphone,when does iphone 18 come out,what time is the apple event,when is the apple event 2026,apple 18 pro,apple phone,apple new iphone design changes,iphone 18 fold,iphone event,when is apple event,apple release,new apple products,apple store,iphone duo size,app,apple event live,9to5mac,apple duo price,iphone duo dimensions,what time is the apple event today,apple launch,steve jobs,iphone due,apple event live blog,iphone 18 pro release date,surface duo,apple announcement,apple live event,smartphone,microsoft duo,apple phones,what time is apple event,apple event september 2026,apple announcement today,apple event updates,apple folding iphone,cnet,engadget,apple event live updates,how long is the apple event,apple foldable,iphone release,iphone fold release date,reddit apple,iphone 18 foldable,duolingo,new airpods,ipad,iphone foldable phone,apple release 2026,what time is apple event today,apple launch 2026,z fold 8,new apple ceo,duo,iphone new,where to watch apple event,iphone duo crease,att iphone 18,new apple iphone,apple live,new foldable iphone,apple events,mac rumors,samsung foldable phone,new iphone colors,pixel fold,apple watch,the verge,iphone announcement,how long is the apple event today,new iphone,galaxy fold 8,when is the apple event,apple event summary,galaxy z fold 8,galaxy fold,how to watch apple event,apple event stream,iphone 18 ultra,iphone ultra fold,how long is apple event,when is apple event 2026,iphone news,apple updates,iphone 17 pro max,meme,and","./explore?q=iphone%20duo&geo=US"
"cowboys vs giants","2 M+","12 de septiembre de 2026 a las 21:10:00 UTC-3",,"cowboys vs giants,cowboys,giants,dallas cowboys,giants vs cowboys,cowboys game,ny giants,new york giants,giants game,jaxson dart,sunday night football,cowboys schedule,giants cowboys,cowboys score,giants score,dallas cowboys schedule,cowboys giants,giants football,dallas cowboys vs new york giants match player stats,john harbaugh,giants schedule 2026,nyg,dallas cowboys game,giants schedule,dak prescott,dallas vs giants,cameron skattebo,ny giants schedule,dallas,george pickens,nfl,dallas cowboys score,cowboys giants game,dallas game,dallas score,giants vs cowboys 2026,giant,ny giants score,cowboy game,nfc east,cowboys game today,nfl standings today,ny giants game today,espn nfl,cowboys vs giants where to watch,who won the cowboys game,did the giants win,did the cowboys win,giants game today,dallas cowboys news,giants game nfl,snf,nfl games yesterday,cowboys schedule 2026,football games today,cris collinsworth,metlife stadium,nfl scores for today,new york giants vs dallas cowboys match player stats,ny giants news,cowboys - giants,giants cowboys score,dallas cowboys game today,dallas giants game,dallas cowboys vs new york giants,cowboys vs,ny giants game,giants head coach,giants coach,cowboys game sunday,where to watch dallas cowboys vs new york giants,dak prescott stats,cowboys vs giants prediction,christian parker,sunday night football tonight,brian schottenheimer,isiah likely,jevon holland,where to watch sunday night football,nfl football,games today,where to watch cowboys game,nfl.,dallas cowboys coach,ny giants coach,jaxson dart stats,nfl news,where to watch nfl games,new york giants vs dallas cowboys,sunday night football schedule,where to watch new york giants vs dallas cowboys,how to watch sunday night football,nfl games tonight,nfl +,what channel is sunday night football on,nyg vs cowboys,cowboys score today,sunday football,harbaugh,cowboys vs giants 2026,giants vs,quinnen williams,cowboy score,what channel is the cowboys game on,where can i watch the cowboys game,snf tonight,cowboys.,did the cowboys win today,where to watch giants game today,where to watch cowboys vs giants,giants vs cowboys prediction,cowboys giants prediction,nfl picks,cowboys football,nfl game,where can i watch the cowboys game today,jonathan mingo,how to watch cowboys game,sunday night football channel,what is sunday night football on,watch nfl,dallas cowboys vs new york giants stats,where to watch the cowboys game,nfl odds,where can i watch sunday night football,football game today,likely giants,cowboys vs giants score,giants cowboys game,where to watch giants game,sunday night football streaming,who plays sunday night football,where to watch football today,football games tonight,cowboys game tonight,cowboys vs giants channel,where to watch cowboys,nfl games on today,where to watch nfl game today,who plays nfl tonight,what time do the cowboys play today","./explore?q=cowboys%20vs%20giants&geo=US"
"iphone 18 pro max","2 M+","7 de septiembre de 2026 a las 14:20:00 UTC-3",,"iphone 18 pro max,iphone 18,new iphone,iphone 18 pro,tmobile,iphone 17 pro max,iphone 17 pro,airpods 5,iphone 18 release date,new iphone 18,apple iphone duo vs iphone 18 pro max,iphone 18 pro max case,iphone 18 colors,apple iphone 18,18 pro max,iphone 18 pro max colors,t mobile,iphone 18 pro max release date,verizon wireless,i phone 18,iphone 18 pro max price,iphone 18 pro case,iphone 18 price,new iphone release,iphone 18 pro colors,17 pro max,iphone 18 pro price,iphone18,apple iphone 18 pro max,iphone duo iphone 18 pro,t-mobile,when does the iphone 18 come out,att,verizon,apple iphone 18 pro duo,apple pre order,18 pro,new apple tv,iphone 17 pro max price,applestore,when does iphone 18 come out,iphone preorder,pre order iphone 18 pro max,iphone 18 pre order,iphone 17 pro price,verizon iphone 18,iphone 18 pro max pre order,iphone to buy,iphone 18 pro max vs 17 pro max","./explore?q=iphone%2018%20pro%20max&geo=US"
"ohio state vs texas","2 M+","11 de septiembre de 2026 a las 11:40:00 UTC-3",,"ohio state vs texas,texas vs ohio state,ohio state football,texas football,arch manning,texas ohio state,texas longhorns football,texas ohio state game,ohio state,texas,osu vs texas,texas game,osu football,texas vs ohio state 2026,texas longhorns,ut vs ohio state,ryan day,osu,ohio state texas,matthew mcconaughey,sports,ut football,texas score,ohio vs texas,ohio state game,ncaa football,ohio state score,osu game,college football scores today,longhorn football,osu texas,cooper manning,ohio state buckeyes,osu score,texas osu,texas vs ohio,longhorns,longhorns football,ohio state texas game,ohio state buckeyes football vs texas longhorns football match player stats,texas ohio,ohio state buckeyes football,texas v ohio state,university of texas football,texas vs osu,arch manning stats,ohio state schedule,ut austin football,texas football score,texas longhorns ohio state football,cam coleman,texas longhorns football vs ohio state buckeyes football match player stats,ohio state football score,osu texas game,texas and ohio state game,where to watch texas longhorns football vs ohio state buckeyes football,buckeyes football,texas vs ohio state score,texas osu game,hollywood smothers texas,where to watch ohio state buckeyes football vs texas longhorns football,ut vs ohio,longhorn,longhorns vs ohio state,ohio state texas score,raleek brown,ohio state football game,buckeyes,jeremiah smith stats,longhorns game,ohio football,ut vs osu,ohio st,texas vs,ohio state football roster,ohio state qb,texas ohio state score,texas ohio state highlights,ut ohio state,ohio state game today,texas longhorn football,kevin durant,ohio state offensive coordinator,ohio state vs texas prediction,texas longhorns football vs ohio state buckeyes football,ut ohio state game,texas game today,ohio texas game,ohio state buckeyes football vs texas longhorns football stats,ohio state vs texas score,connor hawkins,texas football roster,half-time,ohio game,ohio state buckeyes football vs texas longhorns football,what channel is the ohio state game on today,texas ohio game,how old is arch manning,colt mccoy,bo jackson osu,emmett mosley v,texas football schedule 2026,ohio state quarterback,texas vs ohio state prediction,texas football game,texas longhorns football vs ohio state buckeyes football stats,longhorn game,espn news,ncaa football today,where to watch ohio state vs texas,where to watch texas vs ohio state,ohio texas,texas ohio score,eleven warriors,longhorns score,what channel is the ohio state game on,ut football game,did ohio state win,ohio state versus texas,ohio state vs texas channel,ohio state vs texas 2025,who is arch manning,ohio state football coach,jay timmons,texas longhorn,ohio state football schedule 2026,manning,texas and ohio state,texas vs ohio state 2025,ohio state defensive coordinator,ut ohio,how to watch ohio state vs texas,manning texas,devin sanchez,ohio state vs texas highlights,texas ohio st,james laurinaitis,texas versus ohio state,ut osu,texas university football,how to watch texas vs ohio state,texas vs ohio st,ohio state vs texas where to watch,ut longhorns,ohio st vs texas,where to watch ohio state football,ohio state texas highlights,texas quarterback,kenyatta jackson,osu v texas,ohio state vs texas 2026,texas longhorns stadium,ut game score,ohio state running backs,sayin,manning texas qb,texas longhorn stadium,ut football score,ohio state game score","./explore?q=ohio%20state%20vs%20texas&geo=US"
"49ers vs rams","2 M+","9 de septiembre de 2026 a las 16:40:00 UTC-3","12 de septiembre de 2026 a las 18:10:00 UTC-3","49ers vs rams,sean mcvay,rams,49ers,la rams,matthew stafford,san francisco 49ers,fred warner,nfl scores today,nick bosa,rams niners,49ers vs los angeles rams,rams schedule,stafford,los angeles rams vs 49ers,nfl rams 49ers,rams coach,nfc west,49ers schedule 2026,49ers #7,#7 49ers,49ers coach,49rs,rams.","./explore?q=49ers%20vs%20rams&geo=US"
"patriots vs seahawks","2 M+","8 de septiembre de 2026 a las 9:40:00 UTC-3","11 de septiembre de 2026 a las 22:20:00 UTC-3","patriots vs seahawks,seahawks vs patriots,drew lock,patriots,seahawks,drake maye,seattle seahawks,seahawks game,new england patriots,pats vs seahawks,patriots schedule,patriots seahawks,patriots score,drake maye stats,seahawks score,new england patriots vs seahawks,new england patriots vs seahawks match player stats,seattle vs patriots,seahawks patriots,josh jobe,jaxon smith njigba,pats,nfl games this week,seahawks vs new england patriots match player stats,jaxon smith-njigba,ne patriots,new england patriots vs seahawks stats,pats seahawks,cris collinsworth,patriots - seahawks,pats score,seattle vs new england,drew locke,seahawk,new england,nfl kickoff 2026,who won the nfl game last night,super bowl,mike tirico,patriots qb,who won the game last night,nfl.,is sam darnold injured,fanduel,drake may,ernest jones iv,nfl season opener,sam darnold hurt,did sam darnold get hurt,sam darnold out for season,darnold seahawks,is sam darnold hurt,did the patriots win,patriots quarterback,is sam darnold playing tonight,sam darnold news,did the patriots win last night,who won the patriots game last night,sam darnold injured,2026 superbowl,football nfl,who won last night,patriots head coach,sam darnold hip injury,darnold injury update,seahawks qb depth chart,sam darnold out,is sam darnold starting,who won the patriots game,why is drew lock starting today,seahawks vs new england patriots stats,sam darnold hip,who won the seahawks game,lock seahawks,seattle seahawks score,is sam darnold out,sam darnild injury,seahawks vs patriots score,what happened to sam darnold today,nfl season,seahawks qbs,jobe seahawks,sam darnald,where is sam darnold,who won seahawks or patriots,pats schedule,sam darnold status,sea hawks,seattle score,who won nfl game last night,what happened to darnold,seahawks score today,derick hall,watch nbc,patriots offensive coordinator,seattle seahawks vs new england patriots,maye,seahawks qb 2026,why is drew lock playing,sam donald injury,seattle backup qb,seahawks super bowls,drake maye interceptions,lock seattle seahawks,did sam darnold get injured,what happened to sam darnold tonight,lock seattle,sam darnold injury update today,drake,pritchett seahawks,is sam darnold playing,why is sam darnold not playing today,did sam darnold get hurt today,score of the patriots game,as","./explore?q=patriots%20vs%20seahawks&geo=US"
"rams vs 49ers","2 M+","9 de septiembre de 2026 a las 3:40:00 UTC-3","12 de septiembre de 2026 a las 13:40:00 UTC-3","rams vs 49ers,thursday night football,nfl game tonight,nfl game,nfl tonight,what time is it in australia,rams game,nfl games today,what time is it in melbourne australia,rams 49ers,nfl game today,nfl score,los angeles rams,49ers game,niners vs rams,49ers vs los angeles rams match player stats,niners,what channel is the nfl game on tonight,brock purdy,rams score,nfl standings,49ers rams,where to watch nfl game tonight,where to watch 49ers vs los angeles rams,where to watch los angeles rams vs 49ers,where can i watch the nfl game tonight,how to watch the nfl game tonight,niners game,los angeles rams vs 49ers match player stats,how to watch nfl game tonight,49ers score,thursday night football schedule,melbourne,what time is the nfl game tonight,49ers vs rams where to watch,la rams vs 49ers,where to watch rams vs 49ers,australia,melbourne australia,football game tonight,melbourne cricket ground,nfl football tonight,where is the nfl game tonight,espn nfl scores,tnf,49ers - rams,49er game,what channel is the football game on tonight,where to watch thursday night football,rams schedule,how to watch rams vs 49ers,nfl 49ers rams,niners rams,what time is it in melbourne,rams vs 49ers 2025,melbourne australia weather,rams vs niners,melbourne cricket ground capacity,rams vs,how to watch thursday night football,nfl australia game,colby parkinson,niner game,sf vs rams,sanfrancisco 49ers,rams vs 49ers 2026,thursday night football where to watch,rams game today,san francisco 49ers rams game,49ers roster,nfl games today on tv,rams vs 49ers prediction,nfl games tonight,weather in melbourne australia,rams football,ram,where is the 49ers vs rams game,where to watch the nfl game tonight,what channel is thursday night football on,thursday night football 2026,how to watch 49ers vs rams,where are the 49ers and rams playing,rams vs 49ers where to watch,niners schedule,what nfl game is on tonight,what channel is nfl on tonight,rams and 49ers,nfl tonight where to watch,nfl game tonight where to watch,where to watch rams game,nfl.,la rams schedule,what network is the nfl game on tonight,purdy,how can i watch the nfl game tonight,australia nfl game,where are the rams and 49ers playing,where is the rams game,who plays nfl tonight,49er,where are the rams playing,niners score,rams qb,what is the nfl game on tonight,how to watch nfl tonight,49ers vs rams predictions,what time does the nfl game start tonight,49ers vs los angeles rams stats,what is thursday night football on,who plays football tonight,rams 49ers game,rams vs 49ers channel,49,what time is the football game tonight,49ers vs rams channel,49ers schedule,what is the rams game on,where to watch nfl tonight,what channel is football on tonight,byron young,where to watch football game tonight,where to watch rams 49ers,thursday night football tonight live,nfl game last night,where can i watch the rams game,what channel is the rams game on,who won the nfl game last night,games,where is nfl game tonight,thursday night football channel,how do i watch the nfl game tonight,rams schedule 2026,rams v 49ers,what station is the nfl game on tonight,football games tonight,where can i watch thursday night football,how many jonas brothers are there,melbourne stadium,nfl tonight on tv,what channel is the nfl game on,football game today,what channel is the 49ers game on,where can i watch rams vs 49ers,rams roster,game tonight,where to watch the rams game,what time is the 49ers rams game in australia,rams and 49ers game,when did the rams leave for australia,watch nfl tonight,where is thursday night football streaming,what channel is the game on tonight,rams vs 49ers how to watch,49er game today,what time is nfl game tonight,ronnie rivers,how to watch rams game,what channel is rams game on,what is the game on tonight,where to watch tnf,what time does the game start today,where to watch tonight's nfl game,where can i watch the 49ers game,how to watch tonight's nfl game,nfl news,nfl streaming,49ers vs rams how to watch,how to watch football tonight,rams vs 49ers streaming,where to watch 49ers game,where in australia is the nfl game,49ers where to watch,did the 49ers win last night,what channel is the rams 49ers game on,where to watch nfl,jake brendel,what channel is the football game on,what is the nfl game streaming on,nfl thursday night football,tnf nfl,thirsday night football,what channel is the nfl football game on tonight,watch nfl,la rams game,tnf tonight,49ers rams game,where is the nfl game in australia,where can i watch the football game tonight,nfl streaming tonight,nfl thursday,what channel is nfl game on tonight,7 on 49ers,rams defense,49ers vs,whos playing football tonight,thursday night football this week,where is the football game tonight,how to watch rams 49ers,where to watch rams,what time is the nfl game in australia,49ers vs rams streaming,thursday night football streaming,where to watch 49ers vs rams,where to watch the 49ers game,what nfl games are streaming today,where is the nfl game streaming tonight,where is the rams game today,nfl australia,rams game in australia,watch rams game,how to watch the rams game,watch rams vs 49ers,melbourne stadium capacity,49ers players,what channel is 49ers game on,where to watch nfl game,nfl live,what channel is tonight's nfl game on,what is nfl on tonight,how to watch rams 49ers game,tonights football game,la rams roster,australia weather,49ers game where to watch,rams game where to watch,49er score,weather in australia,san francisco 49ers la rams","./explore?q=rams%20vs%2049ers&geo=US"
"commanders vs eagles","1 M+","13 de septiembre de 2026 a las 11:40:00 UTC-3",,"commanders vs eagles,eagles,commanders,eagles game,washington commanders,eagles vs commanders,philadelphia eagles,eagles score,eagles schedule 2026,jalen hurts,commanders schedule,eagles game today,commanders game,commanders vs eagles where to watch,eagles commanders,redskins,washington commanders vs philadelphia eagles match player stats,eagles score today,jayden daniels stats,commanders score,eagles football,commanders eagles,where to watch eagles game today,did the eagles win today,nfl football schedule,eagles game score,what time do the eagles play today,where to watch eagles game,rachaad white,where to watch washington commanders vs philadelphia eagles,jalen carter,did the eagles win,eagles vs,eagles commanders game,philly eagles,what channel is the eagles game on,where can i watch the eagles game,philadelphia eagles vs washington commanders match player stats,washington - eagles,wicks,philadelphia eagles game today,what channel is the eagles game on today,watch eagles game,dan quinn,washington commanders vs philadelphia eagles,jake elliott,where to watch the eagles game,eagles game live,where can i watch the eagles game today,where to watch philadelphia eagles vs washington commanders,eagles game sunday,eagles game streaming,how to watch eagles game,commanders game today,eagles game where to watch,eagles roster 2026,how to watch eagles game today,washington vs philadelphia,where to watch the eagles game today","./explore?q=commanders%20vs%20eagles&geo=US"
"packers vs vikings","1 M+","13 de septiembre de 2026 a las 9:40:00 UTC-3",,"packers vs vikings,vikings,carson wentz,green bay packers,minnesota vikings,vikings game,mn vikings,vikings vs packers,packers,packers game,packers schedule,jordan love,packer game,matt lafleur,packers score,vikings score,scorigami,packers vs vikings where to watch,packers schedule 2026,green bay,vikings packers,green bay packers schedule,vikings game today,packers vikings,greenbay packers game,greenbay,green bay packers vs minnesota vikings match player stats,packer score,nfc north,packers game today,green bay packers games,packer game today,brian flores,wentz,vikings football,vikings packers game,vikings qb depth chart,where to watch packers game,green bay packers vs minnesota vikings,vikings schedule 2026,packer,where to watch green bay packers vs minnesota vikings,green bay game,green bay packers vs minnesota vikings stats,green bay vs minnesota,packers vikings game,green bay packers score,nfl streaming,viking game,minnesota vikings vs green bay packers match player stats,packers - vikings,green bay score,packers vs vikings prediction,what channel is the vikings game on,packers coach,vikings roster,packers vs vikings 2026","./explore?q=packers%20vs%20vikings&geo=US"
"nfl scores","1 M+","13 de septiembre de 2026 a las 14:20:00 UTC-3",,"nfl scores,nfl scores today,nfl games today,nfl scores yesterday,nfl week 1,sports scores today,espn nfl scores,lions score,bears game today,nfl stats,nfl shop,nfl results,bills score,jets score,ravens score,ravens game today,nfl teams,buffalo bills score,detroit lions score,nfl.scores,nfl scoreboard,nfl.com,nfl football scores,steeler game,nfl sunday,nfl football games today,jets game today,bears vs,yahoo sports,highest scoring nfl game,where to watch nfl,jaguars score,nfl live,cbssports,nfl+ premium,bills game score,nfl football today,watch bears game","./explore?q=nfl%20scores&geo=US"
"saints vs lions","1 M+","13 de septiembre de 2026 a las 10:40:00 UTC-3",,"saints vs lions,saints,lions,tyler shough,new orleans saints,detroit lions,lions game,saints game,lions vs saints,lions game today,saints vs lions where to watch,lions football,saints schedule,detroit lions schedule,saints schedule 2026,lions saints,lions schedule 2026,saints game today,saints lions,detroit lions game today,kellen moore,new orleans saints vs detroit lions match player stats,lions game sunday,fubo free trial,detroit lions game,saints football,shough,where to watch new orleans saints vs detroit lions,nfl coverage map,lions score today,saints head coach,saints coach,daniel carlson,overtime rules nfl,lion,detroit,chuck clark,where to watch lions game today,lions game score,did the lions win today,where to watch lions game,lions vs,new orleans saints vs detroit lions,detroit lions vs new orleans saints,saints quarterback,ot rules nfl,shough saints,detroit vs new orleans,did the lions win,how to watch lions game,where can i watch the lions game,where to watch the lions game,saints score today,aidan hutchinson,what time do the lions play today,where can i watch the lions game today,what channel is the lions game on,lions nfl,how to watch lions game today,who won the lions game,detroit game,what channel is the lions game on today,where to watch detroit lions vs new orleans saints,lions game where to watch,lions game streaming,lions saints game,new orleans saints vs detroit lions stats,how to watch the lions game today,detriot lions,lions game live,how to watch the lions game,watch lions game today","./explore?q=saints%20vs%20lions&geo=US"
"bears vs panthers","1 M+","13 de septiembre de 2026 a las 9:20:00 UTC-3",,"bears vs panthers,bears,chicago bears,panthers,caleb williams,bears schedule,bryce young,bears game,carolina panthers,bears score,chicago bears schedule,panthers game,bears schedule 2026,bears panthers,panthers vs bears,kyle monangai,chicago bears vs carolina panthers match player stats,chicago bears score,panthers score,chicago bears game,bears score today,bears football,panthers bears,bears game score,chicago bears vs carolina panthers,ben johnson,panthers football,carolina panthers vs chicago bears match player stats,where to watch chicago bears vs carolina panthers,did the bears win today,nfl score,monangai,the bears,chicago bears football,where to watch carolina panthers vs chicago bears,chicago bears radio,bears - panthers,nfl espn,chicago bears game today,chicago bears games","./explore?q=bears%20vs%20panthers&geo=US"
"falcons vs steelers","1 M+","13 de septiembre de 2026 a las 11:30:00 UTC-3",,"falcons vs steelers,steelers,falcons,pittsburgh steelers,steelers game,atlanta falcons,steelers news,steelers schedule,steelers score,steelers vs falcons,falcons game,tj watt,mike mccarthy,steelers game today,falcons qb,falcons vs steelers where to watch,steelers schedule 2026,falcons score,atlanta falcons vs pittsburgh steelers match player stats,steelers falcons,falcons steelers,steelers coach,where to watch atlanta falcons vs pittsburgh steelers,steeler score,steelers score today,where to watch steelers game,pittsburgh steelers schedule,how to watch steelers game,pittsburgh steelers score,acrisure stadium,falcons game today,steelers head coach,where can i watch the steelers game,t. j. watt,did the steelers win today,steelers radio,steelers qb,where to watch pittsburgh steelers vs atlanta falcons,steelers football,jalen ramsey,did the steelers win,pittsburgh,pittsburgh steelers game,falcons depth chart,pittsburgh steelers coach,falcons qb depth chart,1","./explore?q=falcons%20vs%20steelers&geo=US"
"bills vs texans","1 M+","13 de septiembre de 2026 a las 8:50:00 UTC-3",,"bills vs texans,bills,texans,buffalo bills,houston texans,josh allen,bills game,texans game,texans vs bills,buffalo bills schedule,bills game today,bills vs texans where to watch,bills texans,bills schedule 2026,texans score,buffalo bills game,buffalo bills vs texans match player stats,buffalo bills game today,texans bills,texans game today,buffalo bills vs texans,buffalo,josh allen stats,where to watch bills game,bills score today,where to watch buffalo bills vs texans,bills vs texans prediction,jadeveon clowney,texans vs buffalo bills match player stats,where can i watch the bills game,josh palmer,buffalo vs houston,joshua palmer,buffalo bills score today,texans vs buffalo bills,kamari lassiter,lassiter texans,where to watch texans vs buffalo bills,where to watch the bills game,what channel is the bills game on,bills vs,bills football,bills vs texans 2026,how to watch bills game,bills - texans,how to watch the bills game,houston texans score,bills game where to watch","./explore?q=bills%20vs%20texans&geo=US"
"ryan garcia","1 M+","11 de septiembre de 2026 a las 23:50:00 UTC-3","13 de septiembre de 2026 a las 17:20:00 UTC-3","ryan garcia,ryan garcia vs conor benn,ryan garcia fight,garcia vs benn,conor benn,ryan garcia next fight,ryan garcia fight time,ryan garcia record,boxing,teofimo lopez,conor benn record,boxing tonight,conor benn vs ryan garcia,ryan garcia vs conor benn fight card,ryan garcia fight card,what time does ryan garcia fight,zuffa boxing,ryan garcia vs conor benn time,what time is the ryan garcia fight,connor benn,did ryan garcia win,ryan garcia vs conor benn where to watch,what time is ryan garcia vs conor benn,where to watch ryan garcia vs conor benn,when does ryan garcia fight,ryan garcia fight where to watch,ryan garcia card,garcia fight,benn vs garcia,ryan vs benn,what time is ryan garcia fight,fight tonight,zuffa boxing card,garcia vs benn time,who won the ryan garcia fight,garcia vs benn card,where can i watch the ryan garcia fight,when is the ryan garcia fight,ryan garcia vs conor benn card,where to watch ryan garcia fight,ryan garcia vs conor benn fight,where can i watch ryan garcia fight,shakur stevenson,boxing schedule,devin haney,what time does the ryan garcia fight start,ryan vs conor benn,ryan garcia fight tonight,ryan garcia vs,who won ryan garcia fight,boxing fights tonight,zuffa boxing schedule,ryan garcia vs conor benn who won,who won ryan garcia vs conor benn,boxing card tonight,what time does ryan garcia fight tonight,conor benn ryan garcia fight,garcia benn,canelo fight,t mobile arena,when is ryan garcia fight,ryan garcia undercard,conor benn vs ryan garcia odds,ryan garcia where to watch,connor ben,garcia benn card,ryan garcia last fight,boxing card,where is ryan garcia from,ufc fight card,ryan garcia vs benn,garcia,ryan garcia conor benn,where to watch the ryan garcia fight,garcia fight card,teofimo,ryan garcia losses,fight card tonight,zuffa,conner benn,ryan garcia weight,how to watch ryan garcia fight,ryan garcia fight live,fights tonight,what time will ryan garcia fight,conor benn vs ryan garcia card,who won ryan garcia or devin haney,what time is the ryan garcia fight tonight,ryan garcia fight who won,ryan,ryan garcia fight today,ryan garcia fight conor benn,conor benn dad,ryan garcia vs conor benn fight time,where is ryan garcia fighting,ryan garcia vs conor benn results,ryan garcia weight class,where is the ryan garcia fight,ryan garcia fights,welterweight,ryan garcia vs conor benn live,who has ryan garcia lost to,ryan garcia fight stream,garcia benn fight card,fight,shakur stevenson next fight,ryan fight,how to watch ryan garcia vs conor benn,ryan garcia live,ryan garcia vs conor benn odds,what time is the fight tonight,connor benn record,boxing schedule tonight,ryan garcia fight results,what time ryan garcia fight,benn vs garcia card,how much did ryan garcia make his last fight,ryan garcia vs devin haney,ryan garcia win,garcia vs benn where to watch,what time is garcia vs benn,welterweight boxing,ryan garcia vs conor benn undercard,boxing fight card tonight,ryan garcia next fight time","./explore?q=ryan%20garcia&geo=US"
"us open","1 M+","13 de septiembre de 2026 a las 15:20:00 UTC-3","13 de septiembre de 2026 a las 20:00:00 UTC-3","us open,zverev,us open final,us open finals,alexander zverev,us open tennis 2026,us open tennis,ben shelton,shelton,us open mens final,shelton vs zverev,zverev us open,alexander zverev us open win,us open men's final,us open score,shelton tennis,tennis us open,tiafoe,us open mens,shelton vs tiafoe,tiafoe vs shelton,us open live,how old is ben shelton,mens us open,usopen,shelton zverev,us open 2026,how old is zverev,arthur ashe,frances tiafoe,zverev vs shelton,ben shelton vs zverev,us open finals 2026,tennis,tennis scores today,sascha zverev,us open scores,us open.,usopen tennis,shelton tiafoe,who won the us open,zverev shelton,francis tiafoe,alex zverev,who won the us open 2026,andy roddick,who won us open 2026,tennis scores,ben shelton vs tiafoe,where to watch us open,is open,us open winner,shelton age,us open results,how old is zverev tennis player,tiafoe us open,tiafoe shelton,us open where to watch,alexander zverev mom,how old is alexander zverev,mens final us open,us open 2026 tennis,fastest tennis serve,zverev son,where to watch us open tennis,fastest serve in tennis,ben shelton us open,ben stiller,who won us open,us open winners,a zverev,mens us open tennis,where is ben shelton from,big foe,us open men's singles,is open tennis,did ben shelton win,arthur ashe stadium,how old is tiafoe tennis player,is ben shelton black,us open streaming,mens us open final,is open 2026,ben shelton score,ben shelton tennis,us open tennis championships,us open semi finals,how old is ben shelton tennis player,tiafo,us open schedule today,jo jo,ben shelton father,atp rankings,zverev shelton h2h,tiafoe tennis,tiafoe net worth","./explore?q=us%20open&geo=US"
"sam darnold","1 M+","9 de septiembre de 2026 a las 16:40:00 UTC-3","14 de septiembre de 2026 a las 3:30:00 UTC-3","sam darnold,sam darnold injury,what happened to sam darnold,darnold,darnold injury,seahawks qb,sam darnold injury update,mike macdonald,jay glazer,dre'mont jones,seahawks backup qb,sam.darnold,sam darnild,seahawks coach,why is sam darnold not playing,seahawks quarterback,lumen field,seattle qb,seahawks quarterback 2026,seattle seahawks qb,sam darnold update,nfl last night,seattle quarterback,seattle seahawks game today,seattle seahawks coach,seattle seahawks quarterback,new england vs seattle","./explore?q=sam%20darnold&geo=US"
"lil durk trial update","1 M+","8 de septiembre de 2026 a las 15:40:00 UTC-3","13 de septiembre de 2026 a las 2:20:00 UTC-3","lil durk trial update,lil durk verdict,lil durk,brian steel,is lil durk out of jail,is lil durk free,verdict lil durk,durk,is durk free,lil durk trial,durk verdict,otf jam,racketeering,lil durk free,drew findling,lil durk verdict today,lil durk not guilty,otf dede,did lil durk get out of jail,durk trial,how long has lil durk been in jail,lil durk lawyer,brian steel net worth,lil durk released,lil durk racketeering charges,durk trial update,is lil durk coming home,was lil durk released,did lil durk win trial,was lil durk found guilty or not guilty,lil durk found not guilty,lil durk case,durk free,lil durk charges,lil durk not guilty or guilty,was durk found not guilty,how long was lil durk in jail,lil.durk,lil durk release date,lil durk trial verdict,durk not guilty,india royale,how long has durk been in jail,was lil durk found not guilty,is lil durk free from jail,lil durk update,is durk getting out of jail,is lil durk guilty,durk verdict today,will lil durk be released,how long was durk in jail,when is lil durk getting out of jail,when did lil durk go to jail,lil durk chicago case,did durk win his case,does lil durk have another case after this one,tmz lil durk,is lil durk not guilty,lil durk trial update today,when will lil durk be released,lil durk net worth,what was the verdict for lil durk,how long durk been in jail,what was lil durk verdict,how long lil durk been in jail,racketeering charges,lil durk news,lil durk free?,is durk guilty,durk found not guilty,lil.durk trial,lil durk rico charges,lil durk case update,brian steel lil durk,durk trial verdict,lil durk rico,is durk out of jail,did lil durk beat his case,lil durk trial live,was lil durk found guilty,lildurk,dj akademiks,was lil durk charged,is lil durk free?,not guilty,when will lil durk get out of jail,brian steel lawyer,lil durk second trial,durk case,otf dede verdict,did lil durk get found not guilty,lil durk is free,will durk be released from jail,lil durk chicago charges,is lil durk still in jail,when did lil durk get arrested","./explore?q=lil%20durk%20trial%20update&geo=US"
"oklahoma vs michigan","1 M+","12 de septiembre de 2026 a las 8:30:00 UTC-3","13 de septiembre de 2026 a las 11:10:00 UTC-3","oklahoma vs michigan,oklahoma football,michigan vs oklahoma,michigan football,michigan oklahoma,ou vs michigan,john mateer,oklahoma,michigan football schedule,michigan game,oklahoma sooners football,u of m football,michigan wolverines football,oklahoma michigan,ou michigan game,bryce underwood,ou football schedule,ou game today,michigan score,ou michigan,michigan football score,michigan,uofm football,michigan oklahoma game,oklahoma sooners football vs michigan wolverines football match player stats,oklahoma vs michigan prediction,ou vs michigan 2026,umich football,u of m football today,michigan vs ou,sooners,oklahoma michigan game,michigan game today,michigan football game,mateer,oklahoma game,oklahoma football score,oklahoma score,where to watch oklahoma sooners football vs michigan wolverines football,ou football score,michigan oklahoma score,michigan football roster,where to watch michigan wolverines football vs oklahoma sooners football,ou michigan score,michigan v oklahoma,oklahoma sooners,u of m football score,michigan ou,michigan football vs oklahoma,michigan schedule,mateer oklahoma,savion hiter,oklahoma football schedule,michigan vs oklahoma prediction,michigan vs oklahoma 2026,michigan wolverines,jordan marshall,michigan game score,john henry daley,ou football schedule 2026,michigan wolverines football vs oklahoma sooners football match player stats,michigan vs oklahoma score,ou football game,sooners football,oklahoma football vs michigan,jyaire hill,michigan football schedule 2026,taylor lewan","./explore?q=oklahoma%20vs%20michigan&geo=US"
"oregon vs oklahoma st","1 M+","12 de septiembre de 2026 a las 12:00:00 UTC-3","13 de septiembre de 2026 a las 1:40:00 UTC-3","oregon vs oklahoma st,oregon football,oklahoma state football,drew mestemaker,oregon vs oklahoma state,oregon ducks football,oregon,osu football schedule,oregon ducks,oklahoma state,osu vs oregon,oregon oklahoma state,ok state football,oregon game,oklahoma state football schedule,oregon football schedule,ducks football,oregon football score,oregon score,oklahoma state vs oregon,oklahoma state cowboys football,osu cowboys football,oklahoma st vs oregon,okstate football,dan lanning,oregon ducks game today,osu vs oregon 2026,osu oregon,mike gundy,oregon ducks score,oregon vs osu,osu oregon game,oregon ducks football score,oregon football game,oklahoma state oregon,oregon osu,oklahoma state football score,eric morris,ducks,ducks football score,oklahoma state game,oregon ducks game,oregon vs,where to watch oregon ducks football vs oklahoma state cowboys football,oklahoma state score,ducks game,oklahoma state football coach,what channel is oregon football on today,caleb hawkins,oregon ducks vs oklahoma state,where to watch oklahoma state cowboys football vs oregon ducks football,ducks score,oregon vs oklahoma state score,oregon football vs oklahoma state,oregon v oklahoma state,evan stewart,ok state vs oregon,osu oregon score,ok state,oregon ducks football schedule,oregon vs oklahoma st score,oklahoma st,ducks football schedule,oklahoma state schedule,oregon ducks football vs oklahoma state cowboys football,why is the oregon game delayed,oregon schedule,oklahoma state cowboys football vs oregon ducks football match player stats,oregon oklahoma state score,oregon osu game,oregon game score,oregon football channel,ducks football game,what channel is the oregon game on,oregon duck football,osu schedule,oregon vs oklahoma st prediction,why is oregon game delayed,oklahoma state coach,ducks vs oklahoma state,ducks game today,osu cowboys,boise state football schedule,oregon ducks game score","./explore?q=oregon%20vs%20oklahoma%20st&geo=US"
"nfl","1 M+","9 de septiembre de 2026 a las 17:50:00 UTC-3","11 de septiembre de 2026 a las 9:10:00 UTC-3","nfl,tua tagovailoa,falcons depth chart,michael penix jr,cooper rush,atlanta falcons qb,falcons,falcons starting qb,falcons qb,michael penix,olamide zaccheaus,cooper","./explore?q=nfl&geo=US"
"nfl games","1 M+","9 de septiembre de 2026 a las 7:40:00 UTC-3","11 de septiembre de 2026 a las 10:00:00 UTC-3","nfl games,nfl scores,nfl today,nfl week 1 schedule,nfl schedule week 1,nfl schedule 2026,espn nfl,nfl week 1,superbowl 2026,nfl games tonight,best nfl bets today,football games tonight,what time is kickoff tonight,nfl picks week 1,cbs fantasy football,nfl football games today,when is the first nfl game of the season,nfl live,first nfl game 2026,where to watch wednesday night football","./explore?q=nfl%20games&geo=US"
"smu vs florida state","1 M+","7 de septiembre de 2026 a las 8:40:00 UTC-3","8 de septiembre de 2026 a las 23:00:00 UTC-3","smu vs florida state,smu,florida state football,fsu vs smu,fsu football,fsu,smu vs fsu,fsu game,kevin jennings,fsu smu,florida state vs smu,fsu score,florida state,smu fsu,smu game,smu mustangs football,taylor mcgregor,smu florida state,florida state seminoles football,fsu football schedule,smu score,rhett lashlee,fsu game today,florida state smu football game,smu football schedule,florida state game,florida state football schedule,duce robinson,randy pittman jr,smu football vs florida state seminoles football match player stats,doak campbell stadium,smu mustangs,fsu football score,fsu power outage,florida state score,randy pittman jr.,fsu smu game,fsu game delay,fsu power outage today,florida state smu,smu qb,jalen cooper,tallahassee,smu depth chart,fsu delay,florida state power outage,fsu smu score,smu college football,fsu schedule,kromah fsu,tallahassee power outage,smu vs florida state delay,florida state seminoles football vs smu football match player stats,samuel singleton jr.,why is the fsu game delayed today,ashton daniels fsu,why is the florida state game delayed,florida state smu football,kevin jennings smu,where to watch smu football vs florida state seminoles football,yamir knight,smu fsu delay,fsu smu delay,where to watch florida state seminoles football vs smu football,fsu vs smu score","./explore?q=smu%20vs%20florida%20state&geo=US"
"ben shelton","1 M+","9 de septiembre de 2026 a las 0:00:00 UTC-3","9 de septiembre de 2026 a las 13:20:00 UTC-3","ben shelton,alcaraz vs shelton,us open,shelton vs alcaraz,carlos alcaraz,alcaraz,ben shelton vs carlos alcaraz,us open tennis 2026,shelton,shelton alcaraz,alcaraz us open,tennis,alcaraz shelton,ben shelton sister,carlos alcaraz vs ben shelton,us open 2026,usopen,tennis us open,shelton tennis,us open schedule,usopen tennis,ben shelton us open,shelton alcaraz match,ben shelton siblings,how old is alcaraz,us open where to watch,ben sheltons girlfriend,alcaraz shelton match","./explore?q=ben%20shelton&geo=US"
"sydney sweeney sports ad","500 mil+","9 de septiembre de 2026 a las 20:40:00 UTC-3",,"sydney sweeney sports ad,sydney sweeney,sydney sweeney ad,sydney sweeney novig ad,novig,novig sydney sweeney ad","./explore?q=sydney%20sweeney%20sports%20ad&geo=US"
"bloodhound q50","500 mil+","13 de septiembre de 2026 a las 8:20:00 UTC-3",,"bloodhound q50,q50,q50 rapper,q50 bloodhound,did bloodhound q50 die,did q50 die,blood hound q50,is q50 dead,q50 dead,bloodhound q50 death,bloodhound q50 real name,q50 rapper death,q50 death,bloodhound q50 died,did bloodhound q50 get shot,bloodhound q50 age,mikquale cooper,chicago,bloodhound q50 shot,did q50 the rapper die,bloodhound q50 name,q50 real name,bloodhound q50 dead?,how old is bloodhound q50","./explore?q=bloodhound%20q50&geo=US"
"income","500 mil+","12 de septiembre de 2026 a las 4:00:00 UTC-3",,"income","./explore?q=income&geo=US"
"dolphins vs raiders","500 mil+","13 de septiembre de 2026 a las 16:20:00 UTC-3",,"dolphins vs raiders,dolphins,miami dolphins,raiders,raiders schedule,kirk cousins,raiders game,raiders vs dolphins,las vegas raiders,dolphins game,raiders score,raiders game today,dolphins schedule,raider game,miami dolphins vs las vegas raiders match player stats,dolphins score,raiders dolphins,miami dolphins schedule,raiders qb,dolphins raiders,where to watch miami dolphins vs las vegas raiders,raiders schedule 2026,dolphins head coach,reddit nfl,dolphins - raiders,klint kubiak,raider game today,where to watch raiders game,nfl reddit,lv raiders,raider,dolphins game today,las vegas raiders vs miami dolphins match player stats,where can i watch the raiders game,miami dolphins game,miami dolphins game today,raiders depth chart,how to watch nfl","./explore?q=dolphins%20vs%20raiders&geo=US"
"browns vs jaguars","500 mil+","13 de septiembre de 2026 a las 12:50:00 UTC-3",,"browns vs jaguars,browns,cleveland browns,jaguars,jacksonville jaguars,browns game,trevor lawrence,browns schedule,jags,jaguars vs browns,jaguars game,jags game,cleveland browns vs jacksonville jaguars match player stats,browns jaguars,cleveland browns score,browns schedule 2026,cleveland browns schedule,jaguar,jags score","./explore?q=browns%20vs%20jaguars&geo=US"
"lady gaga","500 mil+","11 de septiembre de 2026 a las 21:30:00 UTC-3",,"lady gaga,lady gaga baby,michael polansky,lady gaga pregnant,did lady gaga have a baby,how old is lady gaga,lady gaga age,was lady gaga pregnant,lady gaga child,lady gaga pregnancy photo,lady gaga has baby,lady gaga had a baby,did lady gaga have a kid,did lady gaga give birth,gaga baby,gaga,lady gaga has a baby,is lady gaga pregnant now,lady gaga kid,lady gaga mom,is lady gaga pregnant","./explore?q=lady%20gaga&geo=US"
"cardinals vs chargers","500 mil+","13 de septiembre de 2026 a las 16:30:00 UTC-3",,"cardinals vs chargers,chargers,arizona cardinals,cardinals,jim harbaugh,la chargers,chargers game,cardinals nfl,cardinals football,chargers vs cardinals,az cardinals,mike lafleur,chargers score,cardinals game,los angeles chargers,cardinals qb,cardinals vs chargers where to watch,arizona cardinals vs chargers match player stats,chargers cardinals,cardinals chargers,chargers game today,cardinals head coach,cardinals score,chargers schedule 2026,watch nfl games,cardinals coach,chargers football,arizona cardinals head coach,cardinals schedule,chargers vs arizona cardinals match player stats,arizona cardinals coach,where to watch chargers game,chargers head coach,chargers coach","./explore?q=cardinals%20vs%20chargers&geo=US"
"bengals","500 mil+","13 de septiembre de 2026 a las 0:40:00 UTC-3",,"bengals,buccaneers vs bengals,tampa bay buccaneers,cincinnati bengals,buccaneers,joe burrow,bengals game,bucs,bengals score,bucs game,bengals vs bucs,buccaneers vs bengals where to watch,baker mayfield,bucs vs bengals,bengals game today,tampa bay buccaneers vs bengals match player stats,bucs score,joe flacco,bengals vs buccaneers,where to watch bengals vs tampa bay buccaneers,bengals bucs,bengals vs tampa bay buccaneers match player stats,bengals football,where to watch tampa bay buccaneers vs bengals,where to watch bengals game,where can i watch the bengals game,bengals score today,demetrius knight jr,tampa bay bucs,buccaneers game,tampa bay buccaneers game today,todd bowles,cincinnati bengals game today","./explore?q=bengals&geo=US"
"ravens vs colts","500 mil+","13 de septiembre de 2026 a las 10:00:00 UTC-3",,"ravens vs colts,ravens,derrick henry,baltimore ravens,colts,ravens game,lamar jackson,colts game,ravens head coach,indianapolis colts,colts vs ravens,colts score,jesse minter,ravens colts,baltimore ravens vs colts match player stats,ravens coach,colts ravens,derrick henry stats,colts qb,where to watch ravens game,ravens vs colts prediction,colts vs baltimore ravens match player stats,colts game today,where to watch colts vs baltimore ravens,where to watch baltimore ravens vs colts,baltimore ravens vs colts,where to watch ravens vs colts,where can i watch the ravens game,ravens football,where to watch the ravens game,baltimore,ravens vs,what channel is the ravens game on today,marcus allen,ravens score today,derek henry,time","./explore?q=ravens%20vs%20colts&geo=US"
"country musician brian duckworth","500 mil+","13 de septiembre de 2026 a las 8:30:00 UTC-3",,"country musician brian duckworth,country musician brian duckworth passes,brian duckworth,taylor made band","./explore?q=country%20musician%20brian%20duckworth&geo=US"
"college football rankings","500 mil+","12 de septiembre de 2026 a las 16:50:00 UTC-3",,"college football rankings,ncaa football rankings,espn,ap poll top 25,cfb rankings,ap poll,ap top 25,ap top 25 college football,ncaa,projected top 25 college football,top 25 college football,new college football number one,ncaaf top 25,ap top 25 football,ap poll college football,football,college football rankings after week 2,ap 25,ap college football rankings,coaches poll top 25,college football top 25,texas college football,ap rankings,coaches poll,top 25 college football rankings,cfb ap poll,ncaa division i football bowl subdivision,college football ap poll,cfb top 25,cfp rankings,sports on today,college football top 25 rankings,ncaa rankings,ncaa top 25,college football ranking,cbs fantasy football,espn fantasy football login,nfl tomorrow,new ap poll","./explore?q=college%20football%20rankings&geo=US"
"nfl games","500 mil+","13 de septiembre de 2026 a las 12:40:00 UTC-3","13 de septiembre de 2026 a las 21:50:00 UTC-3","nfl games,nfl schedule,nfl today,nfl schedule today,monday night football tonight,monday night football schedule,nfl games tomorrow,nfl schedule this week,what nfl games are on today,what football games are on today,sunday football schedule,stream nfl games,live nfl games today,where to watch nfl games today,nfl tv map,nfl broadcast map,how to watch all nfl games,nfl games today on tv channel what time,nfl games today on tv,nfl tv schedule,nfl games today where to watch,nfl where to watch,nfl tomorrow","./explore?q=nfl%20games&geo=US"
"9/11","500 mil+","8 de septiembre de 2026 a las 0:50:00 UTC-3","14 de septiembre de 2026 a las 4:50:00 UTC-3","9/11","./explore?q=9%2F11&geo=US"
"alabama vs kentucky","500 mil+","12 de septiembre de 2026 a las 9:30:00 UTC-3","13 de septiembre de 2026 a las 13:30:00 UTC-3","alabama vs kentucky,alabama football,kentucky football,alabama,alabama score,uk football,kentucky vs alabama,alabama football schedule,alabama game,will stein,alabama kentucky,uk vs alabama,kenny minchey,alabama kentucky game,kentucky alabama,bama,ky football,alabama crimson tide football,kentucky football schedule,kentucky vs alabama football,alabama schedule,what time does alabama play today,alabama football schedule 2026,kentucky football coach,uk vs alabama football,bama game,kalen deboer,uk alabama game,uk football schedule,uk football score,kentucky football score,ky vs alabama football,bama score,ryan coleman-williams,alabama crimson tide football vs kentucky wildcats football match player stats,daniel hill,uk game,kentucky wildcats football,will stein kentucky,alabama football game,alabama kentucky score,luke metz,university of kentucky football,ryan coleman williams,kentucky game,alabama vs kentucky prediction,alabama vs kentucky score,what channel is the alabama game on,alabama qb,uk football game,alabama vs kentucky football","./explore?q=alabama%20vs%20kentucky&geo=US"
"how many people died in 911","500 mil+","10 de septiembre de 2026 a las 0:40:00 UTC-3","14 de septiembre de 2026 a las 3:20:00 UTC-3","how many people died in 911,9/11 attack,september 11 2001,9/11 25th anniversary,what year was 9/11,9 11,what time did the first plane hit the twin towers,9/11 timeline,how many planes were hijacked on 9/11,september 11,never forget 911,when was 9/11,never forget,how many people died on 9/11,patriot day,9/11 never forget,remembering 9/11,9/11 timeline of events,how many people died in 9/11,timeline of 9/11,sept 11,102 minutes that changed america,9/11 images,25th anniversary of 9/11,how many died in 9/11,911 timeline,9/11 photos,9/11 hijackers,9/11 times,sept 11 2001,911 remembrance,911 never forget,september 11th,9/11/2001,united states,remember 9/11,9/11 moment of silence,9/11 facts,what happened on 9/11,9/11 year,never forget 9/11,9/11 quotes,9-11 attack,twin towers 9/11,first plane to hit the twin towers,what time did the first plane hit on 9/11,9/11 moment of silence time,911 photos,911 moment of silence,9/11 25 years,moment of silence,9/11 time,richard drew,9/11 attack timeline,9/11 moments of silence,what time was 9/11,moment of silence 9 11,9/11 memorial live,what year was 9/11 in new york,what is 9/11,what time did the first plane hit the world trade center,time first plane hit 9/11,live 9/11 coverage,twin towers,massachusetts","./explore?q=how%20many%20people%20died%20in%20911&geo=US"
"practical magic 2","500 mil+","10 de septiembre de 2026 a las 10:00:00 UTC-3","13 de septiembre de 2026 a las 21:20:00 UTC-3","practical magic 2,practical magic,nicole kidman,practical magic 1","./explore?q=practical%20magic%202&geo=US"
"aj brown","500 mil+","9 de septiembre de 2026 a las 9:50:00 UTC-3","12 de septiembre de 2026 a las 10:50:00 UTC-3","aj brown,aj brown injury,patriots game,patriots depth chart,aj brown injury update,a. j. brown,mack hollins,seahawks vs new england patriots,high ankle sprain recovery time nfl,aj brown hurt,what happened to aj brown,is aj brown hurt,aj brown news,aj brown update,high ankle sprain,aj brown ankle,high ankle sprain nfl recovery time,aj briwn,kevin byard,high ankle sprain recovery time,aj brown injured,is aj brown out,is aj brown injured,a j brown,aj brown ankle injury,how long is aj brown out,aj brown status,aj brown vs seahawks,hollins patriots,aj brown patriots","./explore?q=aj%20brown&geo=US"
"champions league","500 mil+","7 de septiembre de 2026 a las 11:10:00 UTC-3","10 de septiembre de 2026 a las 22:40:00 UTC-3","champions league,man utd vs sabah,champions league schedule,manchester united f.c. vs sabah fk standings,sabah fc,sabah,man utd,champions,manchester united f.c.","./explore?q=champions%20league&geo=US"
"elena rybakina","500 mil+","12 de septiembre de 2026 a las 17:20:00 UTC-3","13 de septiembre de 2026 a las 10:20:00 UTC-3","elena rybakina,aryna sabalenka,rybakina,sabalenka,coco gauff,sabalenka us open,rybakina height,us open women's final,tennis us open,coco gauff us open 2026,where is sabalenka from,elena rybakina coco gauff semifinal,us open womens final,sabalenka vs rybakina,elena rybakina height,gauff,us open women's singles,rybakina tennis,how old is sabalenka,where is rybakina from,gauff vs rybakina,coco gauff us open,sharapova,martina navratilova,us open womens,us open score,us open women,coco,womens us open,sabalenka height,us open live,us open results,women's us open,michelle obama,gauff us open,how tall is sabalenka,us open finals 2026,us open today,where is elena rybakina from,did coco gauff win,rybakina vs sabalenka,mary joe fernandez,rybakina grand slams,where to watch us open,e rybakina,us open tennis schedule,us open where to watch","./explore?q=elena%20rybakina&geo=US"
"charlie kirk","500 mil+","9 de septiembre de 2026 a las 8:30:00 UTC-3","11 de septiembre de 2026 a las 10:40:00 UTC-3","charlie kirk,when did charlie kirk die,charlie kirk death day,kirk,erika kirk,charlie kirk statue,charlie kirk death,when was charlie kirk shot,what day did charlie kirk die,when did kirk die,what time did charlie kirk get shot,when was charlie kirk killed,what time was charlie kirk shot,what day did kirk die","./explore?q=charlie%20kirk&geo=US"
"nintendo","500 mil+","8 de septiembre de 2026 a las 8:40:00 UTC-3","14 de septiembre de 2026 a las 8:00:00 UTC-3","nintendo,ocarina of time remake,zelda switch 2,ocarina of time,switch 2 zelda edition,nintendo switch 2 zelda edition,nintendo store,zelda direct,zelda switch 2 console,ocarina of time switch 2,legend of zelda ocarina of time,zelda ocarina of time,zelda,zelda ocarina of time remake cost,zelda 40th anniversary nintendo direct,zelda 40th anniversary nintendo switch,nintendo direct zelda 40th anniversary,ocarina of time remake release date,zelda ocarina of time remake,legend of zelda switch 2,ocarina of time pre order,legend of zelda,oot remake,zelda ocarina remake,ocarina of time preorder,ocarina of time remake pre order,nintendo zelda 40th anniversary ocarina,legend of zelda ocarina of time remake,nintendo direct time,zelda ocarina of time switch 2,the legend of zelda ocarina of time,ocarina of time remake preorder,zelda direct time,switch 2 zelda,ocarina of time switch 2 pre order,zelda nintendo direct,zelda ocarina of time pre order,the legend of zelda,zelda switch 2 preorder,zelda switch 2 console pre order,legend of zelda ocarina of time preorder,preorder ocarina of time switch 2,zelda ocarina of time remake pre order,legend of zelda switch 2 console,zelda ocarina of time preorder,nintendo zelda direct,ocarina of time switch 2 preorder,pre order ocarina of time switch 2,nintendo switch 2 zelda,legend of zelda ocarina of time switch 2,ocarina of time remake price","./explore?q=nintendo&geo=US"
"ncaa football (fbs i)","500 mil+","12 de septiembre de 2026 a las 13:10:00 UTC-3","13 de septiembre de 2026 a las 1:20:00 UTC-3","ncaa football (fbs i),college football,football tonight,football,ncaaf scores,college football games,cfb,college football schedule,ncaa football schedule,football games,college football games today,ncaaf,sling,byu football score,cfb schedule,football game,texas longhorns football schedule,cfb today,cfb games today,college football today on tv,college football schedule today,college football score,football scores today,ncaa football games,espn college football scores,football today schedule,football schedule today,football today,football score,joel klatt,college football scores, top 25,ncaa games today,ncaa scores today,games today,college,what nfl games are on tv today,2","./explore?q=ncaa%20football%20%28fbs%20i%29&geo=US"
"nfl schedule","500 mil+","9 de septiembre de 2026 a las 7:30:00 UTC-3","11 de septiembre de 2026 a las 1:10:00 UTC-3","nfl schedule,football games today,is there an nfl game tonight,is there a football game tonight,nfl football schedule,what football games are on tonight,thursday night football tonight,nfl schedule today,nfl games today on tv channel what time,is there football on tonight,is thursday night football still on prime,live nfl games today,where is tonight's nfl game being played","./explore?q=nfl%20schedule&geo=US"
"real madrid vs inter","500 mil+","8 de septiembre de 2026 a las 14:30:00 UTC-3","9 de septiembre de 2026 a las 10:50:00 UTC-3","real madrid vs inter,real madrid - inter,real madrid vs inter milan,champions league standings,madrid vs inter,real madrid vs,real madrid vs inter milan standings,real madrid vs. inter,champions,inter milan,real madrid schedule,inter vs real madrid,real madrid vs inter milan lineups,madrid vs,real madrid – inter,where to watch real madrid vs inter milan,josep martínez,real madrid vs inter milan stats,mbappe,champions league schedule,real madrid cf,kylian mbappé,real madrid game,inter milan vs real madrid,champions league stats,inter,madrid game,rma vs inter","./explore?q=real%20madrid%20vs%20inter&geo=US"
"kyler murray","200 mil+","13 de septiembre de 2026 a las 11:30:00 UTC-3",,"kyler murray,kyler murray injury,vikings schedule,vikings qb,kyler murray hit,what happened to kyler murray,vikings quarterback,what happened to kyler murray today,kyler murray concussion,vikings score today,vikings backup qb,kyler murray hurt,did kyler murray get hurt,kyler,why is kyler murray not playing,kyler murray injury update,murray,vikings qbs,javon bullard,kyler.murray,kyler murray injury today,murray vikings,is kyler murray hurt,did kyler murray get hurt today,kyler murray injured,kyler murray news,is jj mccarthy hurt","./explore?q=kyler%20murray&geo=US"
"jets","200 mil+","13 de septiembre de 2026 a las 11:20:00 UTC-3",,"jets,jets vs titans,titans,ny jets,tennessee titans,new york jets,jets game,jets schedule,titans game,titans vs jets,cam ward,jets qb,jets titans,robert saleh,jets football,titans score,breece hall,jets vs titans where to watch,new york jets vs tennessee titans match player stats,titans football,titans jets,ny jets game today,titans head coach,frank reich,jets vs titans prediction","./explore?q=jets&geo=US"
"monday night football","200 mil+","13 de septiembre de 2026 a las 12:30:00 UTC-3",,"monday night football,chiefs,kansas city chiefs,chiefs game,kc chiefs,chiefs schedule,broncos vs chiefs,chiefs vs broncos,mnf,jaylen waddle,afc west,where to watch nfl","./explore?q=monday%20night%20football&geo=US"
"mets vs yankees","200 mil+","11 de septiembre de 2026 a las 19:10:00 UTC-3",,"mets vs yankees,mets - yankees","./explore?q=mets%20vs%20yankees&geo=US"
"anthropic","200 mil+","9 de septiembre de 2026 a las 8:40:00 UTC-3",,"anthropic,dario amodei,stock,stock market today,jacob coxon,artificial intelligence news,stock market news today,human extinction,nasdaq futures,stock market,anthropic ai,artificial intelligence,bbc,scientist,anthropic researcher quits,jacob coxon leaves anthropic ai,brad gerstner,alarm,ai","./explore?q=anthropic&geo=US"
"aaron rodgers","200 mil+","9 de septiembre de 2026 a las 21:40:00 UTC-3",,"aaron rodgers,tom brady","./explore?q=aaron%20rodgers&geo=US"
"guadalajara - pumas","200 mil+","13 de septiembre de 2026 a las 21:20:00 UTC-3",,"guadalajara - pumas,guadalajara vs pumas unam,chivas,chivas vs pumas,chivas vs,santiago sandoval,pumas unam,pumas vs chivas,liga mx,guadalajara vs. pumas,club deportivo guadalajara,chivas de guadalajara,chivas vs america","./explore?q=guadalajara%20-%20pumas&geo=US"
"wow forever","200 mil+","12 de septiembre de 2026 a las 15:50:00 UTC-3",,"wow forever,warcraft forever,world of warcraft forever,what is wow forever,world of warcraft,what is world of warcraft forever,wow forever beta,wow classic plus,wow forever collectors edition,classic plus,skyborne wow,world of warcraft forever november release,wow forever collector's edition,world of warcraft forever beta","./explore?q=wow%20forever&geo=US"
"football scores","200 mil+","12 de septiembre de 2026 a las 16:30:00 UTC-3",,"football scores,college football scores,ncaa football scores,ncaa scores,cfb scores,college scores,cfb games,college football scores yesterday,ncaa football scores today,top 25 college football scores,football scores today,big 10","./explore?q=football%20scores&geo=US"
"nfl sunday ticket","200 mil+","12 de septiembre de 2026 a las 21:20:00 UTC-3","13 de septiembre de 2026 a las 20:30:00 UTC-3","nfl sunday ticket,youtube tv,sunday ticket,nfl sunday ticket price,nfl ticket,youtube tv sunday ticket,youtube tv free trial,youtube tv nfl sunday ticket,youtube nfl sunday ticket,nfl sunday ticket student discount,how much is nfl sunday ticket,youtube tv price,nfl sunday ticket student,youtube sunday ticket,nfl sunday ticket youtube tv,sunday ticket price,sunday ticket student discount,sunday ticket youtube tv,how much is nfl sunday ticket on youtube tv,youtube tv cost,nfl sunday ticket youtube,nfl ticket price,nfl sunday ticket free trial,youtube tv nfl sunday ticket price,how much is sunday ticket on youtube tv,sunday nfl ticket,youtube tv nfl,how much is sunday ticket,nfl ticket youtube,nfl package,youtube tv student discount","./explore?q=nfl%20sunday%20ticket&geo=US"
"angel reese caitlin clark gold medal","200 mil+","14 de septiembre de 2026 a las 5:40:00 UTC-3",,"angel reese caitlin clark gold medal,usa vs france,angel reese fiba world cup stats,spain vs usa,fiba world cup,gabby williams,beats,usa women's basketball,fiba women's basketball,fiba world cup 2026,jackie young,kahleah copper,breanna stewart,caitlin clark fiba world cup,fiba,usa vs france basketball,chelsea gray,caitlin clark team usa basketball,women's basketball world cup,sling,us women's basketball,womens fiba,napheesa collier,usa vs spain,usa vs france score,united states women's national basketball team,caitlin clark news,women's world cup,usa world cup,usa basketball,usa france,usa vs france fiba,usa vs france world cup 2026,team usa women's basketball,usa women basketball fiba final,france vs usa,fiba women's world cup,fiba score,usa vs spain world cup,france vs germany,usa basketball women,usa womens basketball,usa vs spain fiba,maría conde,martin, iyana","./explore?q=angel%20reese%20caitlin%20clark%20gold%20medal&geo=US"
"man utd vs man city","200 mil+","13 de septiembre de 2026 a las 11:20:00 UTC-3","14 de septiembre de 2026 a las 0:20:00 UTC-3","man utd vs man city,manchester united - manchester city,manchester united,man city,manchester united f.c. vs man city standings,man city vs man united,manchester city,united,man united,man u,manchester derby,phil foden,man u vs man city,man utd,manchester united vs manchester city,man united vs man city,city vs united,haaland,manchester city vs manchester united,manchester city f.c.,man city vs,united vs city,bruno fernandes,manchester united f.c.,foden red card,manchester united vs. manchester city,phil foden red card,manchester united f.c. vs man city,manchester city fc,manchester city vs,foden,manchester,premier league table,where to watch manchester united f.c. vs man city,man city score,man city game,premier league today matches,man city match,premier league games,man city vs man u","./explore?q=man%20utd%20vs%20man%20city&geo=US"
"levante vs barcelona","200 mil+","13 de septiembre de 2026 a las 10:20:00 UTC-3","13 de septiembre de 2026 a las 23:10:00 UTC-3","levante vs barcelona,levante ud vs fc barcelona standings,barca vs,barcelona schedule,barca game,laliga,la liga,levante,levante ud vs fc barcelona lineups,barcelona standings,barcelona game,karim adeyemi,where to watch levante ud vs fc barcelona","./explore?q=levante%20vs%20barcelona&geo=US"
"shailene woodley","200 mil+","10 de septiembre de 2026 a las 15:30:00 UTC-3","13 de septiembre de 2026 a las 17:50:00 UTC-3","shailene woodley,danica patrick,aaron rodgers shailene woodley,shailene woodley aaron rodgers,aaron rodgers personal life interview","./explore?q=shailene%20woodley&geo=US"
"phillies vs braves","200 mil+","11 de septiembre de 2026 a las 19:20:00 UTC-3","13 de septiembre de 2026 a las 23:50:00 UTC-3","phillies vs braves,atlanta braves,braves","./explore?q=phillies%20vs%20braves&geo=US"
"rosh hashanah","200 mil+","7 de septiembre de 2026 a las 10:20:00 UTC-3","14 de septiembre de 2026 a las 2:40:00 UTC-3","rosh hashanah","./explore?q=rosh%20hashanah&geo=US"
"levante - barcelona","200 mil+","13 de septiembre de 2026 a las 10:20:00 UTC-3","13 de septiembre de 2026 a las 21:10:00 UTC-3","levante - barcelona,barcelona,barcelona vs levante,barcelona fc,levante vs. barcelona,fútbol club barcelona","./explore?q=levante%20-%20barcelona&geo=US"
"myles garrett","200 mil+","13 de septiembre de 2026 a las 12:20:00 UTC-3","13 de septiembre de 2026 a las 21:20:00 UTC-3","myles garrett,myles garrett injury,myles garret,myles garrett ir,myles garrett knee,is myles garrett injured,myles garrett trade,myles garrett knee injury,myles garrett surgery,myles garrett knee surgery,myles garrett stats,myles garrett news,did aaron donald retire","./explore?q=myles%20garrett&geo=US"
"reds vs brewers","200 mil+","11 de septiembre de 2026 a las 19:50:00 UTC-3","13 de septiembre de 2026 a las 23:00:00 UTC-3","reds vs brewers,brewers,brewers score,brewers game,milwaukee brewers,milwaukee brewers baseball,brewers game today,reds,jackson chourio,luis mey,garrett mitchell,christian yelich,mlb playoff picture,cincinnati reds,brewers magic number","./explore?q=reds%20vs%20brewers&geo=US"
"la tech vs lsu","200 mil+","12 de septiembre de 2026 a las 19:30:00 UTC-3","13 de septiembre de 2026 a las 12:50:00 UTC-3","la tech vs lsu,lsu vs la tech,lsu football,lsu,lsu game,lsu football schedule,lsu tigers football,lsu vs louisiana tech,la tech football,lsu la tech,louisiana tech football,lsu vs tech,where to watch louisiana tech bulldogs football vs lsu tigers football,lsu football schedule 2026,la tech,lsu la tech game,what time does lsu play today,what channel is the lsu game on today,blake baker,tigers game today","./explore?q=la%20tech%20vs%20lsu&geo=US"
"pirates vs cubs","200 mil+","11 de septiembre de 2026 a las 14:20:00 UTC-3","13 de septiembre de 2026 a las 23:40:00 UTC-3","pirates vs cubs,pittsburgh pirates vs chicago cubs timeline","./explore?q=pirates%20vs%20cubs&geo=US"
"tennessee vs georgia tech","200 mil+","12 de septiembre de 2026 a las 17:30:00 UTC-3","13 de septiembre de 2026 a las 13:10:00 UTC-3","tennessee vs georgia tech,tennessee football,tennessee volunteers football,tn football,vols football,tennessee game,tennessee georgia tech,desean bishop,georgia tech vs tennessee,tennessee score,tennessee football score,tn vols football,georgia tech football schedule,utk football,tech football,where to watch tennessee volunteers football vs georgia tech football","./explore?q=tennessee%20vs%20georgia%20tech&geo=US"
"kj biermann","200 mil+","11 de septiembre de 2026 a las 14:10:00 UTC-3","13 de septiembre de 2026 a las 13:00:00 UTC-3","kj biermann,kim zolciak,kaia biermann,kroy biermann,kim zolciak kids,kim zolciak daughters,kaia biermann age,kim zolciak son,kroy biermann jr","./explore?q=kj%20biermann&geo=US"
"iowa state vs iowa","200 mil+","12 de septiembre de 2026 a las 19:30:00 UTC-3","13 de septiembre de 2026 a las 12:20:00 UTC-3","iowa state vs iowa,iowa vs iowa state,iowa football,iowa iowa state game,iowa state football,iowa hawkeyes football,iowa,iowa game,iowa vs iowa state football,iowa iowa state,iowa hawkeyes,cyhawk game,iowa iowa state football,kirk ferentz,iowa score,iowa state game,hank brown,isu football,iowa state football coach,isu vs iowa","./explore?q=iowa%20state%20vs%20iowa&geo=US"
"real madrid vs rayo vallecano","200 mil+","12 de septiembre de 2026 a las 15:00:00 UTC-3","13 de septiembre de 2026 a las 6:00:00 UTC-3","real madrid vs rayo vallecano,real madrid vs rayo vallecano standings,real madrid cf,kylian mbappé,real madrid vs rayo vallecano lineups,madrid vs,rayo vallecano,real madrid fc,real madrid standings,real madrid today,real madrid score,where to watch real madrid vs rayo vallecano,sergio camello,real madrid vs rayo vallecano stats,la liga games","./explore?q=real%20madrid%20vs%20rayo%20vallecano&geo=US"
"aster","200 mil+","11 de septiembre de 2026 a las 1:00:00 UTC-3","12 de septiembre de 2026 a las 11:20:00 UTC-3","aster","./explore?q=aster&geo=US"
"barry melrose","200 mil+","9 de septiembre de 2026 a las 21:40:00 UTC-3","12 de septiembre de 2026 a las 9:50:00 UTC-3","barry melrose,barry melrose cause of death,berry melrose,how did barry melrose die,coach,nhl,barry melrose health,barry meltose,barry melrose today,barry melrose death,barry melrose parkinson's disease,melrose,barry melrose espn,barry meleose","./explore?q=barry%20melrose&geo=US"
"wku vs georgia","200 mil+","12 de septiembre de 2026 a las 12:50:00 UTC-3","12 de septiembre de 2026 a las 23:50:00 UTC-3","wku vs georgia,georgia football,uga football schedule,uga football,georgia football schedule,uga game,georgia bulldogs,georgia bulldogs football,georgia game,ga bulldogs,ga football,ga game,uga football schedule 2026,gunner stockton,wku football,uga score,western kentucky football,uga game today,where to watch western kentucky hilltoppers football vs georgia bulldogs football,georgia vs western kentucky,uga vs western kentucky,brock glenn","./explore?q=wku%20vs%20georgia&geo=US"
"real madrid - rayo vallecano","200 mil+","12 de septiembre de 2026 a las 15:00:00 UTC-3","13 de septiembre de 2026 a las 1:20:00 UTC-3","real madrid - rayo vallecano,real madrid,posiciones de real madrid contra rayo vallecano,real madrid vs,real madrid vs. rayo vallecano,real madrid – rayo,real madrid hoy,liga española,cuándo juega el real madrid,real madrid vs rayo,la liga española","./explore?q=real%20madrid%20-%20rayo%20vallecano&geo=US"
"2027 social security benefit changes","200 mil+","8 de septiembre de 2026 a las 7:20:00 UTC-3","10 de septiembre de 2026 a las 9:50:00 UTC-3","2027 social security benefit changes,2027 social security cola projection,social security cola inflation calculation,social security cola 2027,social security cola increase 2027,social security cost-of-living adjustment,2027 social security cola increase,social security retirement age changes,social security 2027 cola forecast,social security administration,social security benefit increase 2027","./explore?q=2027%20social%20security%20benefit%20changes&geo=US"
"farmers almanac first snowfall map","200 mil+","10 de septiembre de 2026 a las 1:20:00 UTC-3","12 de septiembre de 2026 a las 22:40:00 UTC-3","farmers almanac first snowfall map,strong el nino snow map us,farmers almanac winter weather map,snowfall,el nino heavy snow map","./explore?q=farmers%20almanac%20first%20snowfall%20map&geo=US"
"missouri vs kansas","200 mil+","11 de septiembre de 2026 a las 19:20:00 UTC-3","12 de septiembre de 2026 a las 13:50:00 UTC-3","missouri vs kansas,kansas football,mizzou football,missouri football,ku football,kansas vs missouri,austin simmons,ku vs mizzou,mizzou vs kansas,mizzou,missouri,kansas missouri,mizzou game,ku mizzou game,college football tonight,kansas jayhawks football,mizzou vs ku,ku game,missouri vs kansas prediction,jayhawk,missouri kansas,ku vs mizzou football,mizzou score,missouri tigers football,ku,kansas missouri football,eli drinkwitz,kansas vs missouri football,nik mcmillan,mizzou ku game","./explore?q=missouri%20vs%20kansas&geo=US"
"uefa champions league","200 mil+","7 de septiembre de 2026 a las 16:30:00 UTC-3","10 de septiembre de 2026 a las 23:30:00 UTC-3","uefa champions league","./explore?q=uefa%20champions%20league&geo=US"
"penn state vs temple","200 mil+","12 de septiembre de 2026 a las 10:00:00 UTC-3","12 de septiembre de 2026 a las 23:00:00 UTC-3","penn state vs temple,penn state football,temple football,penn state,penn state football schedule,penn state score,penn state game,psu football,temple vs penn state,penn state football score,penn state temple,rocco becht,jaxon smolik,penn state vs temple prediction,psu vs temple,penn state game today","./explore?q=penn%20state%20vs%20temple&geo=US"
"arizona state vs texas a&m","200 mil+","12 de septiembre de 2026 a las 12:00:00 UTC-3","12 de septiembre de 2026 a las 21:10:00 UTC-3","arizona state vs texas a&m,texas a&m football,arizona state football,texas a&m,asu football,texas a&m football schedule,a&m football,texas am football,tamu football,aggie football,asu vs texas a&m,a&m game,cutter boley,asu,a&m football schedule,marcel reed,texas a and m football,asu game,isaiah horton,texas a&m vs arizona state,a&m,texas a&m score,asu football score,texas am,arizona state,tamu vs asu,kenny dillingham,asu football schedule,asu score,a&m score","./explore?q=arizona%20state%20vs%20texas%20a%26m&geo=US"
"ucl","200 mil+","7 de septiembre de 2026 a las 15:00:00 UTC-3","11 de septiembre de 2026 a las 17:00:00 UTC-3","ucl,como vs rb leipzig,como,como 1907,como vs leipzig,martin baturina","./explore?q=ucl&geo=US"
"rockies vs yankees","200 mil+","8 de septiembre de 2026 a las 19:10:00 UTC-3","11 de septiembre de 2026 a las 11:30:00 UTC-3","rockies vs yankees,anthony volpe,rockies - yankees,jazz chisholm jr","./explore?q=rockies%20vs%20yankees&geo=US"
"astros vs phillies","200 mil+","8 de septiembre de 2026 a las 18:40:00 UTC-3","10 de septiembre de 2026 a las 23:10:00 UTC-3","astros vs phillies,cam smith","./explore?q=astros%20vs%20phillies&geo=US"
"stella parton","200 mil+","9 de septiembre de 2026 a las 12:30:00 UTC-3","11 de septiembre de 2026 a las 20:10:00 UTC-3","stella parton,dolly parton final request prayer,stella parton social media plea,stella parton political views,makeup,stella parton social media statement","./explore?q=stella%20parton&geo=US"
"reds vs dodgers","200 mil+","7 de septiembre de 2026 a las 21:10:00 UTC-3","10 de septiembre de 2026 a las 14:50:00 UTC-3","reds vs dodgers,yoshinobu yamamoto","./explore?q=reds%20vs%20dodgers&geo=US"
"brock bowers","200 mil+","9 de septiembre de 2026 a las 16:50:00 UTC-3","11 de septiembre de 2026 a las 1:30:00 UTC-3","brock bowers,bower,brock bowers injury,bowers,meniscus trim,michael mayer,brock bowers news,bowers injury","./explore?q=brock%20bowers&geo=US"
"barcelona vs feyenoord","200 mil+","9 de septiembre de 2026 a las 11:00:00 UTC-3","10 de septiembre de 2026 a las 2:30:00 UTC-3","barcelona vs feyenoord,fc barcelona vs feyenoord standings,barcelona vs,barca vs,barca game,raphinha,barcelona vs. feyenoord,barcelone – feyenoord,adeyemi,fc barcelona vs feyenoord lineups,barcelona game,la champions,fcb,fc barcelona vs feyenoord,fc barcelona vs feyenoord stats","./explore?q=barcelona%20vs%20feyenoord&geo=US"
"miami football","200 mil+","10 de septiembre de 2026 a las 21:20:00 UTC-3","11 de septiembre de 2026 a las 10:20:00 UTC-3","miami football,miami hurricanes football,miami hurricanes,luke nickel,miami,famu vs miami,um football,miami vs florida a&m,famu football,florida a&m rattlers football,university of miami football,famu,florida a&m football,miami game,florida a&m,u miami football,miami score,um vs famu,miami college football,miami university football,miami vs florida a&m prediction,umiami football","./explore?q=miami%20football&geo=US"
"alex michelsen","200 mil+","8 de septiembre de 2026 a las 15:20:00 UTC-3","9 de septiembre de 2026 a las 5:50:00 UTC-3","alex michelsen,tiafoe,frances tiafoe,michelsen tennis,tiafoe vs michelsen,how old is tiafoe,michelsen,francis tiafoe,tiafoe us open,alex michelsen tennis,michelson tennis,big foe,tiafoe tennis,sinner us open","./explore?q=alex%20michelsen&geo=US"
"pegula","200 mil+","8 de septiembre de 2026 a las 20:20:00 UTC-3","9 de septiembre de 2026 a las 10:40:00 UTC-3","pegula,jessica pegula,emma navarro,navarro tennis,pegula vs navarro,pegula tennis,sabalenka,jessica pegula parents,pegula family,navarro vs pegula,jess pegula,navarro tennis player,pegula dad","./explore?q=pegula&geo=US"
"what channel is the nfl game on tonight","200 mil+","9 de septiembre de 2026 a las 16:50:00 UTC-3","10 de septiembre de 2026 a las 1:00:00 UTC-3","what channel is the nfl game on tonight,pats game,wednesday night football,where to watch new england patriots vs seahawks,patriots vs seahawks where to watch,where to watch seahawks vs new england patriots,seattle seahawks schedule,seahawks game today,patriots game today,where can i watch the nfl game tonight,patriots vs seahawks prediction,superbowl,patriots schedule 2026,seahawks roster,seahawks vs patriots super bowl,gabe jacas,seahawks vs patriots predictions,where to watch patriots seahawks,ne vs sea,how to watch seahawks vs patriots,seattle game,what channel is the patriots game on,where to watch patriots game,patriots game tonight,how to watch nfl tonight,devin mccourty,what channel is the seahawks game on,patriots seahawks game,where to watch patriots vs seahawks,where can i watch the seahawks game,how to watch patriots seahawks,patriots kicker,where to watch the seahawks game,what time is the patriots game tonight,where can i watch nfl tonight,seahawks patriots game,where to watch nfl tonight,where can i watch the patriots game tonight,where to watch seahawks patriots,seattle seahawks roster,seahawks players,where to watch seahawks game,dremont jones,where can i watch seahawks vs patriots,where can i watch patriots vs seahawks,seattle seahawks game,super bowl 60,what channel is the patriots game on tonight,patriots vs seahawks super bowl,patriots vs seahawks channel,how to watch the seahawks game,watch patriots vs seahawks,watch seahawks game,patriots roster 2026,where to watch the patriots game,jacas patriots,how to watch the patriots game tonight,seahawks vs,caleb lomu,watch nfl tonight","./explore?q=what%20channel%20is%20the%20nfl%20game%20on%20tonight&geo=US"
"us open tennis","200 mil+","8 de septiembre de 2026 a las 23:30:00 UTC-3","9 de septiembre de 2026 a las 10:00:00 UTC-3","us open tennis,coco gauff,mirra andreeva,us open scores,tennis scores,us open bracket,iva jovic,andreeva tennis,andreeva,jovic tennis,tien tennis,us open schedule,did coco gauff win today,arthur ashe stadium,us open live,gauff vs andreeva,gauff,jovic,coco gauff us open 2026,coco gauff parents,gauff vs jovic,us open today,coco gauff us open,us open tennis championships,coco,jovic vs gauff,us open 2026 tennis,usopen,andreeva vs gauff","./explore?q=us%20open%20tennis&geo=US"
"bombardier","200 mil+","7 de septiembre de 2026 a las 15:00:00 UTC-3","8 de septiembre de 2026 a las 20:50:00 UTC-3","bombardier,target,trump bombardier us sales restriction,target hours","./explore?q=bombardier&geo=US"
"costco","200 mil+","7 de septiembre de 2026 a las 8:30:00 UTC-3","7 de septiembre de 2026 a las 20:00:00 UTC-3","costco,costco open on labor day,whats open on labor day,target labor day hours,aldi hours,is sams open on labor day,what is open on labor day,is whole foods open on labor day,does mail run on labor day,restaurants open on labor day,is tj maxx open on labor day,are banks open on labor day,is fedex open on labor day,is walmart open today,are stores open on labor day,is marshalls open on labor day,stores open on labor day,h&m,is the post office open on labor day,whats labor day,does the mail run on labor day,are liquor stores open on labor day,post office,sam's club labor day hours,is kroger open on labor day,what restaurants are open on labor day,costco hours labor day,does ups deliver on labor day,trader joe's labor day hours,holiday today,is cvs open on labor day,walmart open on labor day,aldi labor day hours,what is closed on labor day,labor day grocery stores open,what's open on labor day,what stores are closed on labor day,is ulta open on labor day,hm,places open on labor day,costco closed on labor day,are restaurants open on labor day","./explore?q=costco&geo=US"
"student suspended for bringing coffee","100 mil+","13 de septiembre de 2026 a las 15:00:00 UTC-3",,"student suspended for bringing coffee,coffee,julie kaputa in school suspension","./explore?q=student%20suspended%20for%20bringing%20coffee&geo=US"
"john tuggle","100 mil+","13 de septiembre de 2026 a las 12:10:00 UTC-3",,"john tuggle,mr irrelevant,mr irrelevant movie,mr irrelevant 2026,mr irrelevant film,david corenswet,who is mr irrelevant,mr. irrelevant,mr irrelevant movie trailer,mr. irrelevant movie","./explore?q=john%20tuggle&geo=US"
"odell beckham jr","100 mil+","13 de septiembre de 2026 a las 20:10:00 UTC-3",,"odell beckham jr,obj,odell beckham,odell beckham jr stats,odell","./explore?q=odell%20beckham%20jr&geo=US"
"ios 27 release date","100 mil+","9 de septiembre de 2026 a las 14:40:00 UTC-3",,"ios 27 release date,ios 27,when does ios 27 come out,apple ios 27 new features,when is ios 27 coming out,ios 27 features,apple carplay changes ios 27,ios,ios 27 release","./explore?q=ios%2027%20release%20date&geo=US"
"alan ritchson","100 mil+","12 de septiembre de 2026 a las 16:20:00 UTC-3",,"alan ritchson,catherine ritchson,alan ritchson marriage split,alan ritchson and wife separation,alan ritchson catherine marriage split,alan ritchson wife","./explore?q=alan%20ritchson&geo=US"
"celine dion","100 mil+","12 de septiembre de 2026 a las 8:40:00 UTC-3",,"celine dion,michelle obama celine dion paris concert,stiff person syndrome,céline dion stage comeback preparations,concerts","./explore?q=celine%20dion&geo=US"
"malik nabers","100 mil+","13 de septiembre de 2026 a las 1:00:00 UTC-3",,"malik nabers,is malik nabers playing week 1,nabers,is nabers playing week 1,will malik nabers play week 1,malik nabers injury,malik nabers injury update,john harbaugh,is malik nabers playing","./explore?q=malik%20nabers&geo=US"
"royals vs red sox","100 mil+","11 de septiembre de 2026 a las 19:20:00 UTC-3",,"royals vs red sox,immaculate inning,payton tolle,immaculate inning in baseball,red sox game today","./explore?q=royals%20vs%20red%20sox&geo=US"
"cam skattebo","100 mil+","13 de septiembre de 2026 a las 15:20:00 UTC-3",,"cam skattebo,skattebo,cam skattebo injury,skattebo injury,cam skattebo height,cobie durant,is cam skattebo playing week 1","./explore?q=cam%20skattebo&geo=US"
"james talarico","100 mil+","9 de septiembre de 2026 a las 19:40:00 UTC-3",,"james talarico,jimmy kimmel james talarico,jimmy kimmel talarico interview,jimmy kimmel youtube","./explore?q=james%20talarico&geo=US"
"submarine","100 mil+","13 de septiembre de 2026 a las 18:10:00 UTC-3",,"submarine,us submarine captured,underwater vehicle,us submarine captured strait of hormuz,us navy underwater drone captured,iran war us submarine,strait of hormuz us submarine captured,us submarine captured iran","./explore?q=submarine&geo=US"
"trump $5,000","100 mil+","13 de septiembre de 2026 a las 17:40:00 UTC-3",,"trump $5,000,trump dividend checks congressional approval,trump dividend,trump offers $5000,howard lutnick,trump 5000,trump $5000 dividend,axios,trump pledge,trump 5000 dividend,jimmy kimmel donald trump midterm convention,the hill,trump $5000,howard lutnick trump dividend funding,trump 5000 dollars,trump promises 5000,$5,000 trump,when are midterm elections,k,dividend,criminal defense attorney,trump account,as,world news","./explore?q=trump%20%245%2C000&geo=US"
"deshaun watson","100 mil+","13 de septiembre de 2026 a las 12:10:00 UTC-3",,"deshaun watson,shedeur sanders,browns score,rex ryan on cleveland browns quarterback,browns football,browns score today,browns game today,browns qb,sports scores today,todd monken","./explore?q=deshaun%20watson&geo=US"
"nascar driver gary myers passes","100 mil+","12 de septiembre de 2026 a las 17:40:00 UTC-3",,"nascar driver gary myers passes,former nascar driver gary myers,bowman gray driver gary myers","./explore?q=nascar%20driver%20gary%20myers%20passes&geo=US"
"padres vs giants","100 mil+","11 de septiembre de 2026 a las 22:20:00 UTC-3",,"padres vs giants,sf giants,padres game today,padres,padres score,san francisco giants,san diego padres,giants game,padres game,robbie ray","./explore?q=padres%20vs%20giants&geo=US"
"solheim cup 2026","100 mil+","10 de septiembre de 2026 a las 7:50:00 UTC-3",,"solheim cup 2026,solheim cup,nastasia nadaud,charley hull","./explore?q=solheim%20cup%202026&geo=US"
"wolverine ps5","100 mil+","9 de septiembre de 2026 a las 22:10:00 UTC-3",,"wolverine ps5,wolverine game,wolverine,marvel wolverine ps5,marvel wolverine game review,wolverine review,wolverine metacritic,wolverine release date,wolverine reviews,insomniac wolverine ps5 review,wolverine ps5 review,ign,metacritic","./explore?q=wolverine%20ps5&geo=US"
"dodgers vs marlins","100 mil+","11 de septiembre de 2026 a las 19:10:00 UTC-3","14 de septiembre de 2026 a las 2:30:00 UTC-3","dodgers vs marlins","./explore?q=dodgers%20vs%20marlins&geo=US"
"nfl redzone","100 mil+","13 de septiembre de 2026 a las 3:40:00 UTC-3","13 de septiembre de 2026 a las 21:00:00 UTC-3","nfl redzone,fubo,redzone nfl,red zone,how to watch nfl games,how to watch redzone,nfl redzone cost,how to watch nfl redzone,where to watch redzone,where to watch nfl redzone,nfl redzone stream,red zone nfl,watch nfl redzone,watch redzone,how much is nfl redzone,redzone stream,nflredzone,how much is redzone,where can i watch nfl games,stream nfl,what is nfl redzone,free nfl games","./explore?q=nfl%20redzone&geo=US"
"lions schedule","100 mil+","13 de septiembre de 2026 a las 8:00:00 UTC-3","13 de septiembre de 2026 a las 21:50:00 UTC-3","lions schedule,bills schedule,von miller,chiefs schedule 2026,d'andre swift,cole kmet,jonnu smith,malik muhammad,jahdae walker,tyrone tracy jr.,tyrone tracy,panthers schedule 2026,sauce gardner,tj hockenson,deone walker,james pierre,trent mcduffie,jonathan allen,donovan ezeiruaku,van ginkel,montez sweat,texans coach,greg rousseau,tyler higbee,andrew wingard,rasul douglas,cairo santos,danielle hunter,bobby okereke,demario davis,keion white,san francisco 49ers schedule,mcduffie","./explore?q=lions%20schedule&geo=US"
"osama bin laden","100 mil+","10 de septiembre de 2026 a las 11:40:00 UTC-3","14 de septiembre de 2026 a las 5:10:00 UTC-3","osama bin laden,911 attack,al qaeda,bin laden,bill clinton,9 11 attacks","./explore?q=osama%20bin%20laden&geo=US"
"cruz azul - américa","100 mil+","12 de septiembre de 2026 a las 23:20:00 UTC-3","13 de septiembre de 2026 a las 14:30:00 UTC-3","cruz azul - américa,america vs cruz azul,posiciones de club de fútbol cruz azul contra club américa,club américa,cruz azul vs,cruz azul vs. américa,cruz azul vs club américa,liga mx,club de fútbol cruz azul,america cruz azul","./explore?q=cruz%20azul%20-%20am%C3%A9rica&geo=US"
"blizzcon","100 mil+","10 de septiembre de 2026 a las 16:20:00 UTC-3","13 de septiembre de 2026 a las 23:00:00 UTC-3","blizzcon,starcraft,blizzcon 2026,blizzcon schedule,blizzcon 2026 schedule,starcraft dominion,starcraft 2030,blizzcon announcements,blizzcon stream,starcraft 3,blizzcon schedule 2026,blizzcon news,blizzcon live stream,starcraft game","./explore?q=blizzcon&geo=US"
"bernie sanders standard workweek proposal","100 mil+","11 de septiembre de 2026 a las 15:10:00 UTC-3","13 de septiembre de 2026 a las 14:10:00 UTC-3","bernie sanders standard workweek proposal,32 hour work week","./explore?q=bernie%20sanders%20standard%20workweek%20proposal&geo=US"
"ga southern vs clemson","100 mil+","12 de septiembre de 2026 a las 19:40:00 UTC-3","13 de septiembre de 2026 a las 12:40:00 UTC-3","ga southern vs clemson,clemson football schedule,clemson score,clemson vs georgia southern,georgia southern football,clemson football score,ga southern football,tait reynolds,clemson game today,clemson vs ga southern,clemson score today,clay helton","./explore?q=ga%20southern%20vs%20clemson&geo=US"
"arkansas vs utah","100 mil+","12 de septiembre de 2026 a las 22:10:00 UTC-3","13 de septiembre de 2026 a las 13:40:00 UTC-3","arkansas vs utah,arkansas football,utah football,razorback football,ut score,arkansas razorbacks football,utah vs arkansas,utah utes football,utah utes,arkansas,arkansas football schedule,university of utah football,utes football,u of u football,utah game,devon dampier,wayshawn parker,aj hill","./explore?q=arkansas%20vs%20utah&geo=US"
"white sox vs cardinals","100 mil+","11 de septiembre de 2026 a las 20:20:00 UTC-3","13 de septiembre de 2026 a las 23:10:00 UTC-3","white sox vs cardinals,cardinals game today","./explore?q=white%20sox%20vs%20cardinals&geo=US"
"nfl plus","100 mil+","13 de septiembre de 2026 a las 10:10:00 UTC-3","13 de septiembre de 2026 a las 19:40:00 UTC-3","nfl plus,nfl+,redzone,nfl app,nfl app not working,nfl red zone,nfl app down,is the nfl app down,nfl redzone not working,nfl redzone down,is nfl app down,nfl+ not working,why is the nfl app not working,nfl plus down,nfl plus not working,is redzone down,redzone not working,is nfl redzone down,why is my nfl app not working,nfl app down?,nfl subscription,nfl+ down,is nfl plus down,redzone down,nfl plus app not working,nfl network down,how to watch redzone on nfl app,is nfl+ down","./explore?q=nfl%20plus&geo=US"
"yemen","100 mil+","10 de septiembre de 2026 a las 12:50:00 UTC-3","13 de septiembre de 2026 a las 22:00:00 UTC-3","yemen,houthis,iran us news,red,shipping,latest news,sea","./explore?q=yemen&geo=US"
"ufc noche","100 mil+","11 de septiembre de 2026 a las 19:20:00 UTC-3","13 de septiembre de 2026 a las 5:10:00 UTC-3","ufc noche,jean silva,jose delgado,noche ufc,ufc noche 2026,desert diamond arena,ufc card,ufc results,ufc noche card,silva vs delgado,jean silva vs jose delgado,ufc fight tonight,jose delgado ufc,jean silva ufc,delgado ufc","./explore?q=ufc%20noche&geo=US"
"apple store","100 mil+","9 de septiembre de 2026 a las 8:10:00 UTC-3","13 de septiembre de 2026 a las 13:20:00 UTC-3","apple store","./explore?q=apple%20store&geo=US"
"flight 93","100 mil+","10 de septiembre de 2026 a las 22:30:00 UTC-3","13 de septiembre de 2026 a las 9:50:00 UTC-3","flight 93,united 93,flight 93 movie,flight 93 memorial,shanksville pa,united flight 93,lisa beamer,shanksville memorial,flight","./explore?q=flight%2093&geo=US"
"clemson football","100 mil+","12 de septiembre de 2026 a las 20:50:00 UTC-3","13 de septiembre de 2026 a las 10:40:00 UTC-3","clemson football,clemson tigers football,clemson game","./explore?q=clemson%20football&geo=US"
"southern miss vs auburn","100 mil+","12 de septiembre de 2026 a las 19:50:00 UTC-3","13 de septiembre de 2026 a las 12:00:00 UTC-3","southern miss vs auburn,auburn football,auburn score,auburn game,auburn vs southern miss,auburn football score,southern miss football,auburn,auburn game today,auburn football game,auburn southern miss,auburn tigers football","./explore?q=southern%20miss%20vs%20auburn&geo=US"
"campbell vs florida","100 mil+","12 de septiembre de 2026 a las 17:40:00 UTC-3","13 de septiembre de 2026 a las 10:40:00 UTC-3","campbell vs florida,florida gators football,florida football,gator football,gators football,uf football,florida gators,campbell fighting camels football,campbell football,gators,gator game,gators football schedule,uf football schedule,uf vs campbell,florida vs campbell,campbell university football,where to watch campbell fighting camels football vs florida gators football,vernell brown iii","./explore?q=campbell%20vs%20florida&geo=US"
"sunderland vs arsenal","100 mil+","12 de septiembre de 2026 a las 15:00:00 UTC-3","13 de septiembre de 2026 a las 3:30:00 UTC-3","sunderland vs arsenal,arsenal,sunderland afc - arsenal,arsenal vs sunderland,sunderland a.f.c. vs arsenal f.c. standings,arsenal vs,sunderland,arsenal fc,arsenal game,bruno guimarães,arsenal score,arsenal sunderland,where to watch sunderland a.f.c. vs arsenal f.c.,david raya","./explore?q=sunderland%20vs%20arsenal&geo=US"
"bowling green vs nebraska","100 mil+","12 de septiembre de 2026 a las 19:00:00 UTC-3","13 de septiembre de 2026 a las 11:10:00 UTC-3","bowling green vs nebraska,nebraska football,husker football,nebraska football schedule,bowling green football,eddie george,nebraska game,nebraska football score,huskers,nebraska vs bowling green,anthony colandrea,husker football score,nebraska football game","./explore?q=bowling%20green%20vs%20nebraska&geo=US"
"rice vs notre dame","100 mil+","12 de septiembre de 2026 a las 15:30:00 UTC-3","13 de septiembre de 2026 a las 11:20:00 UTC-3","rice vs notre dame,rice football,notre dame vs rice,nd football,notre dame football schedule,notre dame football score,notre dame game today,notre dame rice,notre dame football game,noah grubbs notre dame,rice university football","./explore?q=rice%20vs%20notre%20dame&geo=US"
"weber state vs colorado","100 mil+","12 de septiembre de 2026 a las 15:30:00 UTC-3","13 de septiembre de 2026 a las 8:40:00 UTC-3","weber state vs colorado,cu football,colorado buffaloes football,weber state football,cu buffs football,cu boulder football,cu buffs,where to watch weber state football vs colorado buffaloes football,colorado vs weber state,cu football score,colorado football score,cu football game today,colorado buffaloes","./explore?q=weber%20state%20vs%20colorado&geo=US"
"towson vs south carolina","100 mil+","12 de septiembre de 2026 a las 19:00:00 UTC-3","13 de septiembre de 2026 a las 10:20:00 UTC-3","towson vs south carolina,south carolina football,gamecock football,towson football,south carolina gamecocks football,gamecocks football,carolina gamecocks football,usc gamecocks football,where to watch towson tigers football vs south carolina gamecocks football","./explore?q=towson%20vs%20south%20carolina&geo=US"
"911","100 mil+","10 de septiembre de 2026 a las 9:20:00 UTC-3","12 de septiembre de 2026 a las 14:00:00 UTC-3","911,khalid sheikh mohammed,ksm,guantanamo bay","./explore?q=911&geo=US"
"kim lusk goddess of thunder","100 mil+","11 de septiembre de 2026 a las 8:10:00 UTC-3","12 de septiembre de 2026 a las 10:30:00 UTC-3","kim lusk goddess of thunder","./explore?q=kim%20lusk%20goddess%20of%20thunder&geo=US"
"9/11 memorial","100 mil+","10 de septiembre de 2026 a las 12:10:00 UTC-3","12 de septiembre de 2026 a las 11:40:00 UTC-3","9/11 memorial,mamdani and aoc laughing,mamdani 9/11,zohran mamdani,aoc,911 memorial,rudy giuliani,mayor zohran mamdani,9/11 remembrance,9/11 tribute,9/11 museum,9-11 memorial,mamdani,9/11 ceremony 2026,911 times,9/11 ceremony","./explore?q=9%2F11%20memorial&geo=US"
"mississippi state football","100 mil+","12 de septiembre de 2026 a las 16:20:00 UTC-3","13 de septiembre de 2026 a las 1:20:00 UTC-3","mississippi state football,ms state vs minnesota,minnesota football,gopher football,mn gopher football,minnesota gophers football,ms state football,gophers football,miss state football,mississippi state football schedule,msu football score,minnesota gophers,gopher football score,mn gophers football","./explore?q=mississippi%20state%20football&geo=US"
"miami international airport","100 mil+","12 de septiembre de 2026 a las 20:10:00 UTC-3","13 de septiembre de 2026 a las 15:00:00 UTC-3","miami international airport,amazon prime,amazon plane,cargo aircraft,boeing 767,miami cargo plane cockpit warnings,jennifer homendy,ntsb,miami cargo plane approach speed warnings,amazon.com,airplane,files","./explore?q=miami%20international%20airport&geo=US"
"nashville vs inter miami","100 mil+","12 de septiembre de 2026 a las 19:40:00 UTC-3","13 de septiembre de 2026 a las 4:20:00 UTC-3","nashville vs inter miami,nashville sc - inter miami,inter miami vs nashville,nashville sc vs inter miami standings,espn news channel","./explore?q=nashville%20vs%20inter%20miami&geo=US"
"arizona vs byu","100 mil+","12 de septiembre de 2026 a las 15:30:00 UTC-3","12 de septiembre de 2026 a las 23:30:00 UTC-3","arizona vs byu,byu football,byu football schedule,byu vs arizona,arizona football,byu game,bear bachmeier,byu score,noah fifita,byu football game,arizona wildcats football,byu football schedule 2026,byu arizona","./explore?q=arizona%20vs%20byu&geo=US"
"south park","100 mil+","8 de septiembre de 2026 a las 13:50:00 UTC-3","12 de septiembre de 2026 a las 5:10:00 UTC-3","south park,south park rename south america,south park name change,south park title change announcement,south america,south park changes name,south park comedy central,south park emmy,south park name change south america","./explore?q=south%20park&geo=US"
"pirates vs white sox","100 mil+","8 de septiembre de 2026 a las 19:50:00 UTC-3","11 de septiembre de 2026 a las 10:10:00 UTC-3","pirates vs white sox,bubba chandler","./explore?q=pirates%20vs%20white%20sox&geo=US"
"half-mast","100 mil+","10 de septiembre de 2026 a las 10:30:00 UTC-3","11 de septiembre de 2026 a las 9:10:00 UTC-3","half-mast,half staff,patriots day,are flags at half staff today","./explore?q=half-mast&geo=US"
"chelsea vs hull","100 mil+","12 de septiembre de 2026 a las 10:00:00 UTC-3","12 de septiembre de 2026 a las 19:20:00 UTC-3","chelsea vs hull,chelsea - hull city,hull city,chelsea,chelsea f.c. vs hull city standings,chelsea f.c,chelsea vs hull city,chelsea fc,chelsea vs,prem,chelsea f.c.,where to watch chelsea f.c. vs hull city,premier league matches,hull city a.f.c.","./explore?q=chelsea%20vs%20hull&geo=US"
"boston college football","100 mil+","11 de septiembre de 2026 a las 18:10:00 UTC-3","12 de septiembre de 2026 a las 13:10:00 UTC-3","boston college football,rutgers vs boston college,boston college,rutgers football,bc football,rutgers,rutgers vs boston college prediction,boston college vs rutgers,aj surace,bc vs rutgers,greg schiano","./explore?q=boston%20college%20football&geo=US"
"howard vs indiana","100 mil+","12 de septiembre de 2026 a las 12:00:00 UTC-3","12 de septiembre de 2026 a las 20:50:00 UTC-3","howard vs indiana,iu football,iu football schedule,iu game,iu vs howard,howard football","./explore?q=howard%20vs%20indiana&geo=US"
"elizabeth holmes documentary","100 mil+","7 de septiembre de 2026 a las 8:40:00 UTC-3","12 de septiembre de 2026 a las 3:30:00 UTC-3","elizabeth holmes documentary,theranos elizabeth holmes nathan fielder,what did elizabeth holmes do,elizabeth holmes nathan fielder,theranos elizabeth holmes documentary,elizabeth holmes prison,billy evans,who is elizabeth holmes and what did she do","./explore?q=elizabeth%20holmes%20documentary&geo=US"
"sandra bullock","100 mil+","8 de septiembre de 2026 a las 9:10:00 UTC-3","12 de septiembre de 2026 a las 8:30:00 UTC-3","sandra bullock","./explore?q=sandra%20bullock&geo=US"
"florida a&m vs miami fl","100 mil+","10 de septiembre de 2026 a las 20:10:00 UTC-3","11 de septiembre de 2026 a las 12:40:00 UTC-3","florida a&m vs miami fl,draftkings","./explore?q=florida%20a%26m%20vs%20miami%20fl&geo=US"
"eastern mi vs mi state","100 mil+","12 de septiembre de 2026 a las 15:30:00 UTC-3","12 de septiembre de 2026 a las 22:40:00 UTC-3","eastern mi vs mi state,msu football,msu football schedule,michigan state football,michigan state football schedule,msu game,michigan state,msu football game,michigan state football score,noah kim,michigan state game,michigan state spartans football","./explore?q=eastern%20mi%20vs%20mi%20state&geo=US"
"rangers vs mariners","100 mil+","8 de septiembre de 2026 a las 21:50:00 UTC-3","11 de septiembre de 2026 a las 0:40:00 UTC-3","rangers vs mariners,rangers,texas rangers","./explore?q=rangers%20vs%20mariners&geo=US"
"ben shelton parents","100 mil+","11 de septiembre de 2026 a las 20:30:00 UTC-3","12 de septiembre de 2026 a las 12:50:00 UTC-3","ben shelton parents,ben shelton age,ben shelton sister,bryan shelton,ben shelton ethnicity,ben shelton mom,emma shelton,ben shelton dad,bryan shelton ethnicity,how old is ben shelton tennis player,ben shelton family,ben shelton mother,are ben shelton's parents still married,ben shelton's parents","./explore?q=ben%20shelton%20parents&geo=US"
"nfl football","100 mil+","9 de septiembre de 2026 a las 7:30:00 UTC-3","11 de septiembre de 2026 a las 21:40:00 UTC-3","nfl football,draftkings,who should i start,week 1 fantasy rankings,who should i start week 1,espn fantasy football,nfl premium,start em sit em week 1 2026,espn fantasy,start sit week 1,mfl,is ja'marr chase playing week 1,fantasy football,fantasy pros,fantasypros,fantasy footballers,jared goff,fantasy,espn fantasy football login,carnell tate","./explore?q=nfl%20football&geo=US"
"rays vs braves","100 mil+","8 de septiembre de 2026 a las 19:20:00 UTC-3","10 de septiembre de 2026 a las 21:20:00 UTC-3","rays vs braves,nick martinez","./explore?q=rays%20vs%20braves&geo=US"
"cardinals vs giants","100 mil+","7 de septiembre de 2026 a las 20:20:00 UTC-3","10 de septiembre de 2026 a las 2:40:00 UTC-3","cardinals vs giants","./explore?q=cardinals%20vs%20giants&geo=US"
"eton college","100 mil+","13 de septiembre de 2026 a las 12:10:00 UTC-3","13 de septiembre de 2026 a las 18:10:00 UTC-3","eton college,prince george,how old is prince george,william, prince of wales,prince george first day eton,prince george eton,prince george of wales","./explore?q=eton%20college&geo=US"
"super bowl 2026","100 mil+","9 de septiembre de 2026 a las 7:40:00 UTC-3","11 de septiembre de 2026 a las 1:10:00 UTC-3","super bowl 2026,who won the super bowl 2026,2026 super bowl,who won the super bowl last year,who won super bowl 2026,espn fantasy,2026 super bowl winner,nfl teams,last year super bowl 2026,nfl plus,super bowl last year,who won super bowl last year,2025 super bowl winner,super bowl winners,who won the 2026 super bowl,who won the super bowl in 2026,last year super bowl,who won 2026 super bowl,who played in super bowl 2026","./explore?q=super%20bowl%202026&geo=US"
"miss austria 2024 lucia sisic","100 mil+","8 de septiembre de 2026 a las 15:10:00 UTC-3","10 de septiembre de 2026 a las 10:10:00 UTC-3","miss austria 2024 lucia sisic,miss austria lucia sisic,miss austria","./explore?q=miss%20austria%202024%20lucia%20sisic&geo=US"
"barcelona - feyenoord","100 mil+","9 de septiembre de 2026 a las 12:50:00 UTC-3","9 de septiembre de 2026 a las 23:20:00 UTC-3","barcelona - feyenoord","./explore?q=barcelona%20-%20feyenoord&geo=US"
"chelsea vs leeds","100 mil+","9 de septiembre de 2026 a las 15:20:00 UTC-3","10 de septiembre de 2026 a las 8:40:00 UTC-3","chelsea vs leeds,chelsea - leeds,efl cup,chelsea,leeds united,chelsea fc,chelsea leeds,leeds,chelsea f.c.,chelsea vs","./explore?q=chelsea%20vs%20leeds&geo=US"
"verizon","100 mil+","9 de septiembre de 2026 a las 15:00:00 UTC-3","11 de septiembre de 2026 a las 8:50:00 UTC-3","verizon,att,t-mobile,consumer cellular,apple trade in value","./explore?q=verizon&geo=US"
"g","100 mil+","8 de septiembre de 2026 a las 9:30:00 UTC-3","10 de septiembre de 2026 a las 2:00:00 UTC-3","g","./explore?q=g&geo=US"
"kauai hurricane","100 mil+","7 de septiembre de 2026 a las 12:50:00 UTC-3","10 de septiembre de 2026 a las 3:30:00 UTC-3","kauai hurricane,kauai,hawaii hurricane,storm lowell,hurricane lowell hawaii,tropical storm forecast,kauai hurricane update,kauai hawaii,hawaii news now,hurricane hawaii forecast,hawaii,hurricane tracker hawaii,hi,tropical storm warning,hurricane hawaii,hurricanes,lowell hurricane,honolulu weather,tropical storm watch,hawaii weather","./explore?q=kauai%20hurricane&geo=US"
"inter miami vs chicago","100 mil+","9 de septiembre de 2026 a las 20:40:00 UTC-3","10 de septiembre de 2026 a las 10:20:00 UTC-3","inter miami vs chicago,mls,inter miami - chicago fire,chicago fire vs inter miami,chicago fire,chicago fire fc,chicago vs inter miami,inter miami vs chicago fire fc standings,inter miami vs chicago fire,lionel messi,inter miami vs,inter miami cf,miami vs chicago fire,chicago fire fc vs inter miami lineups,chicago fire soccer,casemiro","./explore?q=inter%20miami%20vs%20chicago&geo=US"
"king charles prince harry meghan status","100 mil+","7 de septiembre de 2026 a las 14:20:00 UTC-3","8 de septiembre de 2026 a las 11:00:00 UTC-3","king charles prince harry meghan status,king charles letter,couple,prince harry meghan uk return,meghan, duchess of sussex,king charles letter prince harry,prince harry meghan royal status letter,kings letter about harry and meghan,prince harry news,meghan,king charles statement prince harry meghan,prince harry, duke of sussex,king charles letter about harry and meghan,royals,prince harry meghan non working royals","./explore?q=king%20charles%20prince%20harry%20meghan%20status&geo=US"
"netflix","100 mil+","10 de septiembre de 2026 a las 20:30:00 UTC-3","11 de septiembre de 2026 a las 0:50:00 UTC-3","netflix,nbc sports,netflix nfl announcers,friday night lights,peter berg","./explore?q=netflix&geo=US"
"liverpool vs atlético madrid","100 mil+","9 de septiembre de 2026 a las 15:10:00 UTC-3","10 de septiembre de 2026 a las 3:50:00 UTC-3","liverpool vs atlético madrid,liga de campeones de la uefa,atletico de madrid,marcos llorente,liverpool vs. atlético madrid","./explore?q=liverpool%20vs%20atl%C3%A9tico%20madrid&geo=US"
"napoli vs arsenal","100 mil+","9 de septiembre de 2026 a las 15:10:00 UTC-3","10 de septiembre de 2026 a las 2:00:00 UTC-3","napoli vs arsenal,napoli - arsenal,arsenal,arsenal vs napoli,arsenal f.c,arsenal vs,arsenal fc,al-faisaly - al ittihad,arsenal f.c.,napoli vs. arsenal,napoli fc,la champions","./explore?q=napoli%20vs%20arsenal&geo=US"
"ray lamontagne","100 mil+","8 de septiembre de 2026 a las 8:50:00 UTC-3","9 de septiembre de 2026 a las 15:10:00 UTC-3","ray lamontagne,ray lamontagne collapse,ray lamontagne concert stopped nashville,ray lamontagne collapse stage news,country music star collapses on stage","./explore?q=ray%20lamontagne&geo=US"
"psg vs slovan bratislava","100 mil+","9 de septiembre de 2026 a las 15:00:00 UTC-3","10 de septiembre de 2026 a las 1:10:00 UTC-3","psg vs slovan bratislava,psg - slovan bratislava,psg vs,paris saint-germain f.c.,šk slovan bratislava,paris-sg – slovan bratislava","./explore?q=psg%20vs%20slovan%20bratislava&geo=US"
"iceland reaction trump map post","100 mil+","8 de septiembre de 2026 a las 7:40:00 UTC-3","8 de septiembre de 2026 a las 23:30:00 UTC-3","iceland reaction trump map post,donald trump north america flag map,iceland reaction to trump map,europe map","./explore?q=iceland%20reaction%20trump%20map%20post&geo=US"
"cubs vs brewers","100 mil+","8 de septiembre de 2026 a las 20:00:00 UTC-3","9 de septiembre de 2026 a las 1:10:00 UTC-3","cubs vs brewers,brewers,brewers standings,brewers game,logan henderson,jackson chourio,christian yelich,cubs - brewers","./explore?q=cubs%20vs%20brewers&geo=US"
"sabalenka","100 mil+","10 de septiembre de 2026 a las 20:20:00 UTC-3","11 de septiembre de 2026 a las 1:20:00 UTC-3","sabalenka,jessica pegula,pegula,sabalenka us open,sabalenka vs pegula,pegula vs sabalenka,pegula tennis,how old is sabalenka,gauff us open","./explore?q=sabalenka&geo=US"
"cubs vs brewers","100 mil+","7 de septiembre de 2026 a las 14:30:00 UTC-3","8 de septiembre de 2026 a las 2:20:00 UTC-3","cubs vs brewers,cubs,aaron civale","./explore?q=cubs%20vs%20brewers&geo=US"
"liverpool - atlético madrid","100 mil+","9 de septiembre de 2026 a las 15:10:00 UTC-3","9 de septiembre de 2026 a las 22:50:00 UTC-3","liverpool - atlético madrid,liverpool,atletico madrid,liverpool f.c. vs atlético madrid standings,liverpool vs,dominik szoboszlai,liverpool f.c.,rio ngumoha,atlético madrid","./explore?q=liverpool%20-%20atl%C3%A9tico%20madrid&geo=US"
"how old is rybakina","100 mil+","12 de septiembre de 2026 a las 18:00:00 UTC-3","12 de septiembre de 2026 a las 21:00:00 UTC-3","how old is rybakina,elena rybakina,us open results,rybakina,how old is elena rybakina,how old is rybakina tennis player,qinwen zheng,osaka,zheng tennis,zheng,osaka tennis,naomi osaka,elena rybakina age,wta live rankings,osaka us open,us open bracket 2026,osaka naomi,us open tennis results,kazakhstan,rybakina tennis,rybakina vs zheng,osaka vs rybakina,qinwen,zheng qinwen","./explore?q=how%20old%20is%20rybakina&geo=US"
"angels vs red sox","100 mil+","7 de septiembre de 2026 a las 13:50:00 UTC-3","7 de septiembre de 2026 a las 22:40:00 UTC-3","angels vs red sox,angels - red sox","./explore?q=angels%20vs%20red%20sox&geo=US"
"sam's club","100 mil+","7 de septiembre de 2026 a las 8:30:00 UTC-3","7 de septiembre de 2026 a las 20:50:00 UTC-3","sam's club,sams,sams club","./explore?q=sam%27s%20club&geo=US"
"real madrid","100 mil+","8 de septiembre de 2026 a las 16:00:00 UTC-3","8 de septiembre de 2026 a las 19:00:00 UTC-3","real madrid,posiciones de real madrid contra inter milan,madrid,real madrid hoy,federico valverde,cómo va el real madrid","./explore?q=real%20madrid&geo=US"
"yahoo fantasy football","100 mil+","7 de septiembre de 2026 a las 19:20:00 UTC-3","7 de septiembre de 2026 a las 23:00:00 UTC-3","yahoo fantasy football,espn fantasy football,yahoo fantasy,fantasy football rankings","./explore?q=yahoo%20fantasy%20football&geo=US"
"nfl standings","50 mil+","13 de septiembre de 2026 a las 13:50:00 UTC-3",,"nfl standings","./explore?q=nfl%20standings&geo=US"
"isaiah likely","50 mil+","13 de septiembre de 2026 a las 20:30:00 UTC-3",,"isaiah likely","./explore?q=isaiah%20likely&geo=US"
"zay flowers","50 mil+","13 de septiembre de 2026 a las 14:20:00 UTC-3",,"zay flowers,zay flowers injury,jakobi lane,jakobi lane injury,what happened to zay flowers,is zay flowers injured,ja'kobi lane,zay flowers injury update","./explore?q=zay%20flowers&geo=US"
"joanna gaines magnolia business break","50 mil+","11 de septiembre de 2026 a las 19:50:00 UTC-3",,"joanna gaines magnolia business break,joanna gaines","./explore?q=joanna%20gaines%20magnolia%20business%20break&geo=US"
"hasan piker","50 mil+","9 de septiembre de 2026 a las 20:50:00 UTC-3",,"hasan piker","./explore?q=hasan%20piker&geo=US"
"eagles schedule","50 mil+","13 de septiembre de 2026 a las 7:20:00 UTC-3",,"eagles schedule,eagles game schedule","./explore?q=eagles%20schedule&geo=US"
"cooper rush","50 mil+","11 de septiembre de 2026 a las 14:30:00 UTC-3",,"cooper rush","./explore?q=cooper%20rush&geo=US"
"ines de ramon","50 mil+","12 de septiembre de 2026 a las 18:00:00 UTC-3",,"ines de ramon,brad pitt,brad pitt girlfriend,us open tennis 2026 where to watch,paris hilton,brad pitt's girlfriend,amy adams","./explore?q=ines%20de%20ramon&geo=US"
"netflix cancels ransom canyon","50 mil+","12 de septiembre de 2026 a las 13:20:00 UTC-3",,"netflix cancels ransom canyon,ransom canyon,netflix cancels ransom canyon show,ransom canyon netflix cancellation,ransom canyon season 3,minka kelly,ransom canyon netflix canceled","./explore?q=netflix%20cancels%20ransom%20canyon&geo=US"
"lioness season 3 how many episodes","50 mil+","13 de septiembre de 2026 a las 19:30:00 UTC-3",,"lioness season 3 how many episodes,how many episodes in lioness season 3,taylor sheridan,how many episodes of lioness season 3","./explore?q=lioness%20season%203%20how%20many%20episodes&geo=US"
"mariners vs athletics","50 mil+","11 de septiembre de 2026 a las 21:50:00 UTC-3","14 de septiembre de 2026 a las 0:10:00 UTC-3","mariners vs athletics,weston wilson","./explore?q=mariners%20vs%20athletics&geo=US"
"real sociedad - atlético madrid","50 mil+","13 de septiembre de 2026 a las 15:10:00 UTC-3","13 de septiembre de 2026 a las 22:40:00 UTC-3","real sociedad - atlético madrid,atletico de madrid","./explore?q=real%20sociedad%20-%20atl%C3%A9tico%20madrid&geo=US"
"real sociedad vs atlético madrid","50 mil+","13 de septiembre de 2026 a las 15:10:00 UTC-3","13 de septiembre de 2026 a las 22:50:00 UTC-3","real sociedad vs atlético madrid","./explore?q=real%20sociedad%20vs%20atl%C3%A9tico%20madrid&geo=US"
"apple tv last seen series","50 mil+","13 de septiembre de 2026 a las 9:20:00 UTC-3","14 de septiembre de 2026 a las 0:30:00 UTC-3","apple tv last seen series,last seen apple tv","./explore?q=apple%20tv%20last%20seen%20series&geo=US"
"tommy mcmillen","50 mil+","11 de septiembre de 2026 a las 20:40:00 UTC-3","13 de septiembre de 2026 a las 17:40:00 UTC-3","tommy mcmillen,marwan rahiki,rahiki ufc,rahiki,mcmillen vs rahiki","./explore?q=tommy%20mcmillen&geo=US"
"steve sarkisian","50 mil+","12 de septiembre de 2026 a las 10:30:00 UTC-3","14 de septiembre de 2026 a las 1:30:00 UTC-3","steve sarkisian,holly rowe,texas coach steve sarkisian espn broadcast,laura rutledge,ohio state coach,sarkisian,texas coach,texas football coach,texas head coach","./explore?q=steve%20sarkisian&geo=US"
"cruz azul vs américa","50 mil+","12 de septiembre de 2026 a las 23:20:00 UTC-3","13 de septiembre de 2026 a las 13:30:00 UTC-3","cruz azul vs américa,cruz azul vs america","./explore?q=cruz%20azul%20vs%20am%C3%A9rica&geo=US"
"jeremiyah love","50 mil+","13 de septiembre de 2026 a las 9:10:00 UTC-3","14 de septiembre de 2026 a las 1:50:00 UTC-3","jeremiyah love,is jeremiyah love playing week 1,jeremiah love,cardinals depth chart,tyler allgeier","./explore?q=jeremiyah%20love&geo=US"
"arch manning dad","50 mil+","12 de septiembre de 2026 a las 12:00:00 UTC-3","13 de septiembre de 2026 a las 15:40:00 UTC-3","arch manning dad,peyton manning,archie manning,is arch manning related to peyton manning,how is arch manning related to peyton manning,manning family,arch manning parents,arch manning relation to peyton and eli,archie manning texas,who is arch manning dad","./explore?q=arch%20manning%20dad&geo=US"
"twin towers","50 mil+","10 de septiembre de 2026 a las 8:40:00 UTC-3","13 de septiembre de 2026 a las 11:40:00 UTC-3","twin towers,is","./explore?q=twin%20towers&geo=US"
"youtubetv","50 mil+","12 de septiembre de 2026 a las 13:10:00 UTC-3","13 de septiembre de 2026 a las 19:40:00 UTC-3","youtubetv,channels removed from youtube tv,you tube tv,youtube tv dropping channels september,yourube tv,yt tv","./explore?q=youtubetv&geo=US"
"todd beamer","50 mil+","11 de septiembre de 2026 a las 0:00:00 UTC-3","13 de septiembre de 2026 a las 12:20:00 UTC-3","todd beamer","./explore?q=todd%20beamer&geo=US"
"astros vs rays","50 mil+","11 de septiembre de 2026 a las 19:20:00 UTC-3","13 de septiembre de 2026 a las 20:30:00 UTC-3","astros vs rays","./explore?q=astros%20vs%20rays&geo=US"
"rangers vs diamondbacks","50 mil+","11 de septiembre de 2026 a las 21:50:00 UTC-3","13 de septiembre de 2026 a las 23:10:00 UTC-3","rangers vs diamondbacks","./explore?q=rangers%20vs%20diamondbacks&geo=US"
"guardians vs twins","50 mil+","11 de septiembre de 2026 a las 20:20:00 UTC-3","13 de septiembre de 2026 a las 21:10:00 UTC-3","guardians vs twins","./explore?q=guardians%20vs%20twins&geo=US"
"tony romo","50 mil+","13 de septiembre de 2026 a las 17:20:00 UTC-3","13 de septiembre de 2026 a las 21:50:00 UTC-3","tony romo,cbs sports,jj watt,is tony romo coming back to cbs,jim nantz,logan ryan","./explore?q=tony%20romo&geo=US"
"world trade center","50 mil+","10 de septiembre de 2026 a las 18:20:00 UTC-3","14 de septiembre de 2026 a las 3:40:00 UTC-3","world trade center","./explore?q=world%20trade%20center&geo=US"
"iphone duo case","50 mil+","9 de septiembre de 2026 a las 15:30:00 UTC-3","14 de septiembre de 2026 a las 3:10:00 UTC-3","iphone duo case","./explore?q=iphone%20duo%20case&geo=US"
"diablo 5","50 mil+","12 de septiembre de 2026 a las 15:20:00 UTC-3","13 de septiembre de 2026 a las 21:20:00 UTC-3","diablo 5,diablo 4,diablo 5 2029 launch,diablo v,diablo 4 release date,diablo","./explore?q=diablo%205&geo=US"
"louisiana vs usc","50 mil+","12 de septiembre de 2026 a las 23:00:00 UTC-3","13 de septiembre de 2026 a las 12:40:00 UTC-3","louisiana vs usc,usc football,usc game,usc football schedule,usc trojans football,usc vs louisiana,usc score,trent mosley,king miller","./explore?q=louisiana%20vs%20usc&geo=US"
"xbox game pass","50 mil+","11 de septiembre de 2026 a las 10:30:00 UTC-3","13 de septiembre de 2026 a las 7:50:00 UTC-3","xbox game pass","./explore?q=xbox%20game%20pass&geo=US"
"welles crowther","50 mil+","11 de septiembre de 2026 a las 7:10:00 UTC-3","13 de septiembre de 2026 a las 0:10:00 UTC-3","welles crowther,the man in the red bandana,man in the red bandana,boston college for welles,red bandana man,welles remy crowther","./explore?q=welles%20crowther&geo=US"
"jeremiah smith","50 mil+","12 de septiembre de 2026 a las 20:50:00 UTC-3","13 de septiembre de 2026 a las 9:50:00 UTC-3","jeremiah smith,will muschamp","./explore?q=jeremiah%20smith&geo=US"
"western il vs wisconsin","50 mil+","12 de septiembre de 2026 a las 19:20:00 UTC-3","13 de septiembre de 2026 a las 10:40:00 UTC-3","western il vs wisconsin,chris brooks,badger football,badgers football,wisconsin badgers football,wisconsin badgers,badgers,western illinois football","./explore?q=western%20il%20vs%20wisconsin&geo=US"
"why did i get married 3","50 mil+","8 de septiembre de 2026 a las 23:20:00 UTC-3","13 de septiembre de 2026 a las 6:40:00 UTC-3","why did i get married 3","./explore?q=why%20did%20i%20get%20married%203&geo=US"
"el nino winter weather impacts","50 mil+","12 de septiembre de 2026 a las 10:30:00 UTC-3","13 de septiembre de 2026 a las 10:20:00 UTC-3","el nino winter weather impacts,el niño southern oscillation winter weather,el nino winter forecast,kelvin wave,el niño 2026,el nino map,super el nino winter weather,austin weather","./explore?q=el%20nino%20winter%20weather%20impacts&geo=US"
"theo james","50 mil+","11 de septiembre de 2026 a las 16:00:00 UTC-3","13 de septiembre de 2026 a las 12:50:00 UTC-3","theo james","./explore?q=theo%20james&geo=US"
"cruz azul","50 mil+","12 de septiembre de 2026 a las 21:20:00 UTC-3","13 de septiembre de 2026 a las 10:40:00 UTC-3","cruz azul,cruz azul vs club américa standings,club america,america fc,cruz azul vs club américa lineups,where to watch cruz azul vs club américa","./explore?q=cruz%20azul&geo=US"
"nd state vs air force","50 mil+","12 de septiembre de 2026 a las 22:10:00 UTC-3","13 de septiembre de 2026 a las 11:40:00 UTC-3","nd state vs air force,ndsu football,air force football,north dakota state football,ndsu,north dakota state","./explore?q=nd%20state%20vs%20air%20force&geo=US"
"texas tech football","50 mil+","12 de septiembre de 2026 a las 19:50:00 UTC-3","13 de septiembre de 2026 a las 2:10:00 UTC-3","texas tech football,oregon state football,texas tech,oregon state,texas tech game,texas tech score,jesse legree,ttu football,beavers football,will hammond,oregon state vs texas tech","./explore?q=texas%20tech%20football&geo=US"
"walmart great value berry recall","50 mil+","10 de septiembre de 2026 a las 10:00:00 UTC-3","12 de septiembre de 2026 a las 10:40:00 UTC-3","walmart great value berry recall","./explore?q=walmart%20great%20value%20berry%20recall&geo=US"
"rockies vs tigers","50 mil+","11 de septiembre de 2026 a las 18:50:00 UTC-3","12 de septiembre de 2026 a las 21:50:00 UTC-3","rockies vs tigers","./explore?q=rockies%20vs%20tigers&geo=US"
"secret lives of mormon wives season 5","50 mil+","9 de septiembre de 2026 a las 15:00:00 UTC-3","13 de septiembre de 2026 a las 3:20:00 UTC-3","secret lives of mormon wives season 5,secret lives of mormon wives","./explore?q=secret%20lives%20of%20mormon%20wives%20season%205&geo=US"
"naval support activity bahrain","50 mil+","10 de septiembre de 2026 a las 21:30:00 UTC-3","12 de septiembre de 2026 a las 10:20:00 UTC-3","naval support activity bahrain,us fifth fleet bahrain damage","./explore?q=naval%20support%20activity%20bahrain&geo=US"
"pete davidson","50 mil+","11 de septiembre de 2026 a las 7:50:00 UTC-3","13 de septiembre de 2026 a las 8:50:00 UTC-3","pete davidson,pete davidson dad","./explore?q=pete%20davidson&geo=US"
"toluca - atlas","50 mil+","12 de septiembre de 2026 a las 19:20:00 UTC-3","13 de septiembre de 2026 a las 1:50:00 UTC-3","toluca - atlas,toluca vs atlas,toluca fc,toluca vs","./explore?q=toluca%20-%20atlas&geo=US"
"mike evans","50 mil+","10 de septiembre de 2026 a las 1:00:00 UTC-3","12 de septiembre de 2026 a las 4:00:00 UTC-3","mike evans","./explore?q=mike%20evans&geo=US"
"nintendo switch 2","50 mil+","8 de septiembre de 2026 a las 11:30:00 UTC-3","13 de septiembre de 2026 a las 14:30:00 UTC-3","nintendo switch 2","./explore?q=nintendo%20switch%202&geo=US"
"bo jackson","50 mil+","12 de septiembre de 2026 a las 20:50:00 UTC-3","13 de septiembre de 2026 a las 9:40:00 UTC-3","bo jackson,bo jackson ohio state,ohio state bo jackson","./explore?q=bo%20jackson&geo=US"
"world trade center movie","50 mil+","11 de septiembre de 2026 a las 9:20:00 UTC-3","13 de septiembre de 2026 a las 4:10:00 UTC-3","world trade center movie,9/11 movies,united 93 movie,zero dark thirty,best 9/11 documentaries,911 movies,9/11 movie","./explore?q=world%20trade%20center%20movie&geo=US"
"found","50 mil+","11 de septiembre de 2026 a las 22:00:00 UTC-3","12 de septiembre de 2026 a las 16:20:00 UTC-3","found,jarques ratliff,tasia fortune,tasia fortune hanging inquiry updates,black","./explore?q=found&geo=US"
"purdue football","50 mil+","12 de septiembre de 2026 a las 13:00:00 UTC-3","12 de septiembre de 2026 a las 19:00:00 UTC-3","purdue football,wake forest vs purdue,wake forest football,wake forest,purdue,purdue football score,purdue game,purdue vs wake forest,purdue wake forest,purdue score,wake forest vs purdue prediction,purdue vs wake forest football,wake forest football score,overtime,gio lopez","./explore?q=purdue%20football&geo=US"
"monterrey - tigres","50 mil+","12 de septiembre de 2026 a las 21:20:00 UTC-3","13 de septiembre de 2026 a las 3:30:00 UTC-3","monterrey - tigres,monterrey vs tigres uanl,monterrey vs tigres,tigres vs monterrey,tigres,tigres vs,rayados","./explore?q=monterrey%20-%20tigres&geo=US"
"trent williams","50 mil+","10 de septiembre de 2026 a las 21:30:00 UTC-3","12 de septiembre de 2026 a las 10:30:00 UTC-3","trent williams,christian mccaffrey,mccaffrey","./explore?q=trent%20williams&geo=US"
"f1 standings","50 mil+","13 de septiembre de 2026 a las 10:40:00 UTC-3","13 de septiembre de 2026 a las 15:30:00 UTC-3","f1 standings,f1 race,spanish grand prix,formula 1,f1 race today,f1,spanish gp 2026,kimi antonelli,f1 results,spanish gp,lando norris,f1 madrid,madring,f1 driver standings,f1.com/vote,andrea kimi antonelli,f1 results today","./explore?q=f1%20standings&geo=US"
"liverpool vs fulham","50 mil+","12 de septiembre de 2026 a las 10:00:00 UTC-3","12 de septiembre de 2026 a las 19:10:00 UTC-3","liverpool vs fulham,liverpool - fulham,liverpool f.c. vs fulham f.c. standings,liverpool f.c,liverpool,liverpool fc,liverpool vs,fulham,where to watch liverpool f.c. vs fulham f.c.","./explore?q=liverpool%20vs%20fulham&geo=US"
"app state vs east carolina","50 mil+","12 de septiembre de 2026 a las 12:00:00 UTC-3","13 de septiembre de 2026 a las 1:20:00 UTC-3","app state vs east carolina,ecu football,app state football,ecu vs app state","./explore?q=app%20state%20vs%20east%20carolina&geo=US"
"ucf vs pittsburgh","50 mil+","12 de septiembre de 2026 a las 15:40:00 UTC-3","12 de septiembre de 2026 a las 22:50:00 UTC-3","ucf vs pittsburgh,pitt football,pitt game,ucf football,pitt,ucf vs pitt,pitt vs ucf,pitt panthers,ucf pitt,pitt score,pitt football schedule","./explore?q=ucf%20vs%20pittsburgh&geo=US"
"duke vs illinois","50 mil+","12 de septiembre de 2026 a las 15:30:00 UTC-3","12 de septiembre de 2026 a las 22:30:00 UTC-3","duke vs illinois,duke football,illinois football,illini football,illinois vs duke,illinois football score","./explore?q=duke%20vs%20illinois&geo=US"
"george w bush","50 mil+","10 de septiembre de 2026 a las 17:40:00 UTC-3","12 de septiembre de 2026 a las 15:20:00 UTC-3","george w bush,george bush,who was the president during 9/11,who was president during 9/11,andrew card,andy card,w","./explore?q=george%20w%20bush&geo=US"
"deebo samuel","50 mil+","10 de septiembre de 2026 a las 18:10:00 UTC-3","11 de septiembre de 2026 a las 17:10:00 UTC-3","deebo samuel,deebo samuel sr.,deebo samuel stats,deebo","./explore?q=deebo%20samuel&geo=US"
"utah state vs washington","50 mil+","12 de septiembre de 2026 a las 15:40:00 UTC-3","12 de septiembre de 2026 a las 22:40:00 UTC-3","utah state vs washington,uw football,husky football,utah state football,washington huskies football,huskies football,uw football score,washington huskies","./explore?q=utah%20state%20vs%20washington&geo=US"
"ut martin vs west virginia","50 mil+","12 de septiembre de 2026 a las 13:00:00 UTC-3","12 de septiembre de 2026 a las 19:50:00 UTC-3","ut martin vs west virginia,wvu football,ut game today,wvu game,wvu football score,ut martin football","./explore?q=ut%20martin%20vs%20west%20virginia&geo=US"
"trinity rodman","50 mil+","13 de septiembre de 2026 a las 19:00:00 UTC-3","13 de septiembre de 2026 a las 20:10:00 UTC-3","trinity rodman,ben shelton girlfriend,how old is ben shelton,shelton girlfriend,ben shelton wife,who is ben shelton's girlfriend","./explore?q=trinity%20rodman&geo=US"
"stribling","50 mil+","10 de septiembre de 2026 a las 21:40:00 UTC-3","11 de septiembre de 2026 a las 18:40:00 UTC-3","stribling,dezhaun stribling,stribling 49ers,stribling injury,jake tonges,de'zhaun stribling,49ers injury,tonges,49ers injuries,who should i start","./explore?q=stribling&geo=US"
"demarcus robinson","50 mil+","10 de septiembre de 2026 a las 21:40:00 UTC-3","11 de septiembre de 2026 a las 15:00:00 UTC-3","demarcus robinson","./explore?q=demarcus%20robinson&geo=US"
"syracuse football","50 mil+","12 de septiembre de 2026 a las 16:40:00 UTC-3","12 de septiembre de 2026 a las 22:20:00 UTC-3","syracuse football,california vs syracuse,su football,syracuse football score,cal football,cal vs syracuse football","./explore?q=syracuse%20football&geo=US"
"jadarian price","50 mil+","8 de septiembre de 2026 a las 20:50:00 UTC-3","10 de septiembre de 2026 a las 11:40:00 UTC-3","jadarian price,jadarian price stats,price seahawks,seahawks running backs","./explore?q=jadarian%20price&geo=US"
"the drop a snowfall saga","50 mil+","7 de septiembre de 2026 a las 22:40:00 UTC-3","11 de septiembre de 2026 a las 6:40:00 UTC-3","the drop a snowfall saga,snowfall spinoff,the drop,the drop snowfall,the drop a snowfall saga cast,snowfall","./explore?q=the%20drop%20a%20snowfall%20saga&geo=US"
"navier stokes","50 mil+","8 de septiembre de 2026 a las 3:40:00 UTC-3","10 de septiembre de 2026 a las 16:30:00 UTC-3","navier stokes,navier stokes equation,navier stokes problem,it,openai navier stokes,tristan buckmaster,navier stokes equation millennium prize,artificial intelligence news","./explore?q=navier%20stokes&geo=US"
"sleep","50 mil+","9 de septiembre de 2026 a las 20:00:00 UTC-3","11 de septiembre de 2026 a las 13:20:00 UTC-3","sleep","./explore?q=sleep&geo=US"
"united airlines dubai flight suspension","50 mil+","9 de septiembre de 2026 a las 17:30:00 UTC-3","10 de septiembre de 2026 a las 18:20:00 UTC-3","united airlines dubai flight suspension","./explore?q=united%20airlines%20dubai%20flight%20suspension&geo=US"
"david rush","50 mil+","10 de septiembre de 2026 a las 10:30:00 UTC-3","11 de septiembre de 2026 a las 13:10:00 UTC-3","david rush,steve feinberg,david j rush plea deal","./explore?q=david%20rush&geo=US"
"maria bartiromo fox news departure","50 mil+","11 de septiembre de 2026 a las 12:00:00 UTC-3","12 de septiembre de 2026 a las 9:10:00 UTC-3","maria bartiromo fox news departure,peter navarro","./explore?q=maria%20bartiromo%20fox%20news%20departure&geo=US"
"lsu score","50 mil+","12 de septiembre de 2026 a las 21:50:00 UTC-3","13 de septiembre de 2026 a las 1:20:00 UTC-3","lsu score,alabama football score,college games today,lsu score today,lsu football score,alabama game today,iu football score,lsu game today,lsu vs,georgia score,georgia football score,texas a&m football score,uga football score,alabama score today","./explore?q=lsu%20score&geo=US"
"romeo doubs","50 mil+","9 de septiembre de 2026 a las 14:20:00 UTC-3","11 de septiembre de 2026 a las 0:40:00 UTC-3","romeo doubs,doubs,doubs patriots,is romeo doubs playing today","./explore?q=romeo%20doubs&geo=US"
"rotten tomatoes","50 mil+","10 de septiembre de 2026 a las 14:30:00 UTC-3","11 de septiembre de 2026 a las 9:30:00 UTC-3","rotten tomatoes,runner,runner 2026","./explore?q=rotten%20tomatoes&geo=US"
"ou football","50 mil+","12 de septiembre de 2026 a las 13:00:00 UTC-3","12 de septiembre de 2026 a las 19:10:00 UTC-3","ou football,university of michigan football,brian kelly,desmond howard,brady quinn","./explore?q=ou%20football&geo=US"
"army football","50 mil+","12 de septiembre de 2026 a las 10:40:00 UTC-3","12 de septiembre de 2026 a las 19:20:00 UTC-3","army football,south florida vs army,usf football,brian hartline,south florida football,usf vs army,army vs south florida,army","./explore?q=army%20football&geo=US"
"richmond vs nc state","50 mil+","11 de septiembre de 2026 a las 19:10:00 UTC-3","12 de septiembre de 2026 a las 10:30:00 UTC-3","richmond vs nc state,nc state football,richmond football,ncsu football,nc state,nc state vs richmond,nc state game","./explore?q=richmond%20vs%20nc%20state&geo=US"
"pentagon","50 mil+","11 de septiembre de 2026 a las 8:00:00 UTC-3","12 de septiembre de 2026 a las 3:00:00 UTC-3","pentagon,9-11,when did 9/11 happen,ground zero,what time did 9/11 happen,what year did 9/11 happen,why did 9/11 happen,the pentagon,where is trump today,9","./explore?q=pentagon&geo=US"
"baker mayfield","50 mil+","8 de septiembre de 2026 a las 18:00:00 UTC-3","10 de septiembre de 2026 a las 9:20:00 UTC-3","baker mayfield,baker mayfield contract,jason licht","./explore?q=baker%20mayfield&geo=US"
"iphone 17","50 mil+","8 de septiembre de 2026 a las 15:20:00 UTC-3","11 de septiembre de 2026 a las 9:50:00 UTC-3","iphone 17,iphone air,iphone 17e,iphone 17 price","./explore?q=iphone%2017&geo=US"
"harry styles","50 mil+","9 de septiembre de 2026 a las 21:00:00 UTC-3","11 de septiembre de 2026 a las 0:10:00 UTC-3","harry styles,harry styles tour,harry styles 2027 tour,harry styles presale,harry styles tour 2027,harry styles tickets","./explore?q=harry%20styles&geo=US"
"old dominion vs virginia tech","50 mil+","12 de septiembre de 2026 a las 12:10:00 UTC-3","12 de septiembre de 2026 a las 18:40:00 UTC-3","old dominion vs virginia tech,vt football,va tech football,vt vs odu,odu football,vt football schedule,virginia tech,virginia tech football schedule,old dominion football","./explore?q=old%20dominion%20vs%20virginia%20tech&geo=US"
"pumas - león","50 mil+","10 de septiembre de 2026 a las 23:20:00 UTC-3","11 de septiembre de 2026 a las 12:10:00 UTC-3","pumas - león,pumas unam vs león,pumas vs leon,pumas unam,pumas vs,leon vs pumas","./explore?q=pumas%20-%20le%C3%B3n&geo=US"
"metroid ravenous","50 mil+","9 de septiembre de 2026 a las 11:30:00 UTC-3","11 de septiembre de 2026 a las 3:20:00 UTC-3","metroid ravenous,nintendo direct september 2026,kirby and the world beyond,metroid ravenous special edition,kirby,switch 2 games,metroid,nintendo stock,nintendo direct announcements,smash 6,metroid ravenous preorder,new kirby game,nintendo direct today","./explore?q=metroid%20ravenous&geo=US"
"apple watch","50 mil+","9 de septiembre de 2026 a las 14:10:00 UTC-3","11 de septiembre de 2026 a las 9:00:00 UTC-3","apple watch,apple watch ultra 4,apple watch series 12,apple watch 12,whoop,apple ultra 4,apple watch series 11,apple watch ultra 3","./explore?q=apple%20watch&geo=US"
"spider-man: brand new day","50 mil+","8 de septiembre de 2026 a las 10:30:00 UTC-3","10 de septiembre de 2026 a las 11:40:00 UTC-3","spider-man: brand new day","./explore?q=spider-man%3A%20brand%20new%20day&geo=US"
"physint","50 mil+","9 de septiembre de 2026 a las 23:40:00 UTC-3","11 de septiembre de 2026 a las 12:50:00 UTC-3","physint,hideo kojima,playstation,kojima,physint game,kojima productions,hideo kojima physint,sony,hideo kojima games","./explore?q=physint&geo=US"
"liga mx","50 mil+","13 de septiembre de 2026 a las 0:40:00 UTC-3","13 de septiembre de 2026 a las 4:00:00 UTC-3","liga mx,futbol mexicano","./explore?q=liga%20mx&geo=US"
"delta flight 2311 rapid descent","50 mil+","10 de septiembre de 2026 a las 4:10:00 UTC-3","12 de septiembre de 2026 a las 9:10:00 UTC-3","delta flight 2311 rapid descent,delta air lines pressurization issue,delta air lines oxygen masks deployed,delta flight emergency diversion las vegas,oxygen mask","./explore?q=delta%20flight%202311%20rapid%20descent&geo=US"
"t mobile","50 mil+","9 de septiembre de 2026 a las 15:10:00 UTC-3","11 de septiembre de 2026 a las 8:00:00 UTC-3","t mobile","./explore?q=t%20mobile&geo=US"
"pamela anderson","50 mil+","7 de septiembre de 2026 a las 16:30:00 UTC-3","9 de septiembre de 2026 a las 10:10:00 UTC-3","pamela anderson","./explore?q=pamela%20anderson&geo=US"
"christian gonzalez","50 mil+","8 de septiembre de 2026 a las 1:50:00 UTC-3","10 de septiembre de 2026 a las 3:00:00 UTC-3","christian gonzalez,christian gonzalez contract,devon witherspoon contract,devon witherspoon,witherspoon seahawks,gonzalez patriots,witherspoon seahawks contract","./explore?q=christian%20gonzalez&geo=US"
"stevie wonder tour","50 mil+","8 de septiembre de 2026 a las 9:30:00 UTC-3","11 de septiembre de 2026 a las 2:20:00 UTC-3","stevie wonder tour,stevie wonder,stevie wonder album anniversary tour","./explore?q=stevie%20wonder%20tour&geo=US"
"jonas brothers","50 mil+","10 de septiembre de 2026 a las 22:50:00 UTC-3","11 de septiembre de 2026 a las 5:20:00 UTC-3","jonas brothers","./explore?q=jonas%20brothers&geo=US"
"rhode","50 mil+","8 de septiembre de 2026 a las 13:10:00 UTC-3","10 de septiembre de 2026 a las 3:50:00 UTC-3","rhode,helena foulkes,dan mckee,ri election results,rhode island primary,ri primary results,nbc live","./explore?q=rhode&geo=US"
"seahawks depth chart","50 mil+","8 de septiembre de 2026 a las 21:50:00 UTC-3","10 de septiembre de 2026 a las 1:20:00 UTC-3","seahawks depth chart,jalen milroe,nick emmanwori,seattle seahawks depth chart,rodney thomas,ty okada","./explore?q=seahawks%20depth%20chart&geo=US"
"el nino winter snow map us","50 mil+","7 de septiembre de 2026 a las 11:20:00 UTC-3","8 de septiembre de 2026 a las 10:20:00 UTC-3","el nino winter snow map us","./explore?q=el%20nino%20winter%20snow%20map%20us&geo=US"
"football games today","50 mil+","9 de septiembre de 2026 a las 18:10:00 UTC-3","10 de septiembre de 2026 a las 1:30:00 UTC-3","football games today,football schedule","./explore?q=football%20games%20today&geo=US"
"porto vs man city","50 mil+","8 de septiembre de 2026 a las 15:10:00 UTC-3","9 de septiembre de 2026 a las 2:40:00 UTC-3","porto vs man city,fenerbahçe - roma","./explore?q=porto%20vs%20man%20city&geo=US"
"tiafoe girlfriend","50 mil+","11 de septiembre de 2026 a las 20:40:00 UTC-3","12 de septiembre de 2026 a las 1:10:00 UTC-3","tiafoe girlfriend,frances tiafoe girlfriend,ayan broomfield,frances tiafoe wife,how old is frances tiafoe,tiafoe wife,tiafoe girlfriend 2026,who is tiafoe's girlfriend","./explore?q=tiafoe%20girlfriend&geo=US"
"usa vs hungary","50 mil+","10 de septiembre de 2026 a las 5:40:00 UTC-3","10 de septiembre de 2026 a las 16:30:00 UTC-3","usa vs hungary,fiba world cup,usa women's basketball,fiba women's basketball,kahleah copper,fiba world cup schedule,jackie young,fiba,napheesa collier,women's basketball world cup,us women's basketball,usa basketball,usa vs hungary today,usa fiba women's basketball,usa vs hungary women's basketball,basketball,usa world cup,rhyne howard,2026 fiba women's basketball world cup","./explore?q=usa%20vs%20hungary&geo=US"
"trinity rodman","50 mil+","9 de septiembre de 2026 a las 0:30:00 UTC-3","9 de septiembre de 2026 a las 13:00:00 UTC-3","trinity rodman,ben shelton girlfriend,dennis rodman,ben shelton dad,shelton girlfriend,ben shelton gf,ben shelton wife","./explore?q=trinity%20rodman&geo=US"
"karen khachanov","50 mil+","7 de septiembre de 2026 a las 18:30:00 UTC-3","8 de septiembre de 2026 a las 8:20:00 UTC-3","karen khachanov,alexander blockx,blockx,khachanov,blockx tennis","./explore?q=karen%20khachanov&geo=US"
"barcelona","50 mil+","9 de septiembre de 2026 a las 14:00:00 UTC-3","9 de septiembre de 2026 a las 17:00:00 UTC-3","barcelona,liga de campeones de la uefa,posiciones de fc barcelona contra feyenoord,fc barcelona,barcelona fc,barcelona hoy,barca hoy,fútbol club barcelona","./explore?q=barcelona&geo=US"
"guardians vs orioles","50 mil+","7 de septiembre de 2026 a las 13:50:00 UTC-3","7 de septiembre de 2026 a las 22:00:00 UTC-3","guardians vs orioles,coby mayo","./explore?q=guardians%20vs%20orioles&geo=US"
"twins vs tigers","50 mil+","7 de septiembre de 2026 a las 15:10:00 UTC-3","7 de septiembre de 2026 a las 23:30:00 UTC-3","twins vs tigers","./explore?q=twins%20vs%20tigers&geo=US"
"diamondbacks vs royals","50 mil+","7 de septiembre de 2026 a las 14:20:00 UTC-3","7 de septiembre de 2026 a las 21:40:00 UTC-3","diamondbacks vs royals,diamondbacks,arizona diamondbacks,kansas city royals,craig kimbrel","./explore?q=diamondbacks%20vs%20royals&geo=US"
"twins vs tigers","50 mil+","9 de septiembre de 2026 a las 13:50:00 UTC-3","9 de septiembre de 2026 a las 19:50:00 UTC-3","twins vs tigers","./explore?q=twins%20vs%20tigers&geo=US"
"mets vs marlins","50 mil+","7 de septiembre de 2026 a las 13:20:00 UTC-3","7 de septiembre de 2026 a las 21:40:00 UTC-3","mets vs marlins,mets - marlins","./explore?q=mets%20vs%20marlins&geo=US"
"nbc","50 mil+","9 de septiembre de 2026 a las 19:30:00 UTC-3","10 de septiembre de 2026 a las 1:20:00 UTC-3","nbc,mike vrabel,mike vrabel wife,patriots coach,vrabel,mike vrabel controversy,is mike vrabel still married","./explore?q=nbc&geo=US"
"youtube tv","50 mil+","9 de septiembre de 2026 a las 20:40:00 UTC-3","10 de septiembre de 2026 a las 0:30:00 UTC-3","youtube tv,youtubetv,youtube tv settlement","./explore?q=youtube%20tv&geo=US"
"club brugge vs aston villa","50 mil+","8 de septiembre de 2026 a las 12:50:00 UTC-3","8 de septiembre de 2026 a las 18:50:00 UTC-3","club brugge vs aston villa,club brujas - aston villa,aston villa,club brugge vs aston villa standings,nicolas jackson,aston villa vs club brugge","./explore?q=club%20brugge%20vs%20aston%20villa&geo=US"
"mets vs marlins","50 mil+","9 de septiembre de 2026 a las 19:20:00 UTC-3","10 de septiembre de 2026 a las 0:30:00 UTC-3","mets vs marlins,christopher morel,juan soto,mets,francisco lindor,marlins,mets - marlins","./explore?q=mets%20vs%20marlins&geo=US"
"nationals vs padres","50 mil+","7 de septiembre de 2026 a las 17:20:00 UTC-3","8 de septiembre de 2026 a las 1:10:00 UTC-3","nationals vs padres,nationals - padres,padres game","./explore?q=nationals%20vs%20padres&geo=US"
"botic van de zandschulp","50 mil+","9 de septiembre de 2026 a las 19:50:00 UTC-3","10 de septiembre de 2026 a las 0:10:00 UTC-3","botic van de zandschulp,alexander zverev,zverev,van de zandschulp,luciano darderi,darderi,darderi tennis,usopen tennis","./explore?q=botic%20van%20de%20zandschulp&geo=US"
"elche c. f. - real sociedad","50 mil+","7 de septiembre de 2026 a las 15:40:00 UTC-3","7 de septiembre de 2026 a las 21:50:00 UTC-3","elche c. f. - real sociedad,elche vs real sociedad","./explore?q=elche%20c.%20f.%20-%20real%20sociedad&geo=US"
"al-nassr vs abha","50 mil+","9 de septiembre de 2026 a las 14:20:00 UTC-3","9 de septiembre de 2026 a las 18:50:00 UTC-3","al-nassr vs abha,al-nassr - abha,al nassr,cristiano ronaldo,al-nassr vs abha club standings,ronaldo,saudi pro league","./explore?q=al-nassr%20vs%20abha&geo=US"
"learner tien","50 mil+","7 de septiembre de 2026 a las 18:40:00 UTC-3","7 de septiembre de 2026 a las 23:50:00 UTC-3","learner tien,khachanov,tien vs khachanov,lerner tien,khachanov karen","./explore?q=learner%20tien&geo=US"
"what time is the nfl game tonight","50 mil+","9 de septiembre de 2026 a las 17:40:00 UTC-3","9 de septiembre de 2026 a las 22:10:00 UTC-3","what time is the nfl game tonight,football today,nfl football tonight,nfl football schedule,what football games are on tonight,nfl games today on tv,what time is nfl game tonight,what time is the football game tonight,what channel is the football game on tonight,what time does the nfl game start tonight,what nfl game is on tonight,nfl tonight on tv,what channel is nfl on tonight,football game today,who plays football tonight,what is the nfl game on tonight,what time is the game tonight,is there an nfl game tonight,where to watch football game tonight,who plays nfl tonight,what time does the football game start tonight,where is the nfl game tonight,what time is football on tonight,how to watch football tonight,game tonight,where can i watch the football game tonight,what channel is football on tonight,nfl game tonight where to watch,nfl games today on tv channel what time,what time is the nfl game today,where to watch tonight's nfl game,where to watch football today,who won the football game tonight,nfl schedule today,live nfl games today","./explore?q=what%20time%20is%20the%20nfl%20game%20tonight&geo=US"
"qinwen zheng","50 mil+","7 de septiembre de 2026 a las 12:50:00 UTC-3","7 de septiembre de 2026 a las 20:50:00 UTC-3","qinwen zheng,iga swiatek,zheng tennis,swiatek,zheng,swiatek vs zheng,zheng qinwen,qinwen,zheng qin wen","./explore?q=qinwen%20zheng&geo=US"
"porto - manchester city","50 mil+","8 de septiembre de 2026 a las 15:10:00 UTC-3","8 de septiembre de 2026 a las 21:00:00 UTC-3","porto - manchester city,man city vs porto,manchester city,porto fc,man city,manchester city f.c.","./explore?q=porto%20-%20manchester%20city&geo=US"
"aryna sabalenka","50 mil+","8 de septiembre de 2026 a las 13:00:00 UTC-3","8 de septiembre de 2026 a las 16:30:00 UTC-3","aryna sabalenka,linda nosková,noskova,chris evert,noskova tennis,linda noskova,sabalenka us open,us open 2026,sabalenka vs noskova","./explore?q=aryna%20sabalenka&geo=US"
"lululemon","50 mil+","7 de septiembre de 2026 a las 9:00:00 UTC-3","7 de septiembre de 2026 a las 20:00:00 UTC-3","lululemon","./explore?q=lululemon&geo=US"
"stock market crash","20 mil+","13 de septiembre de 2026 a las 12:00:00 UTC-3",,"stock market crash","./explore?q=stock%20market%20crash&geo=US"
"sony playstation store credit settlement","20 mil+","13 de septiembre de 2026 a las 12:10:00 UTC-3",,"sony playstation store credit settlement,sony lawsuit","./explore?q=sony%20playstation%20store%20credit%20settlement&geo=US"
"bo french","20 mil+","13 de septiembre de 2026 a las 15:20:00 UTC-3",,"bo french,ut","./explore?q=bo%20french&geo=US"
"javonte williams","20 mil+","13 de septiembre de 2026 a las 19:30:00 UTC-3",,"javonte williams","./explore?q=javonte%20williams&geo=US"
"nicole kidman and faith margaret","20 mil+","13 de septiembre de 2026 a las 23:10:00 UTC-3",,"nicole kidman and faith margaret,nicole kidman daughter us open","./explore?q=nicole%20kidman%20and%20faith%20margaret&geo=US"
"dakota johnson","20 mil+","13 de septiembre de 2026 a las 0:50:00 UTC-3",,"dakota johnson,mgk","./explore?q=dakota%20johnson&geo=US"
"ladd mcconkey","20 mil+","13 de septiembre de 2026 a las 17:40:00 UTC-3",,"ladd mcconkey,ladd mcconkey injury,mcconkey","./explore?q=ladd%20mcconkey&geo=US"
"justin herbert","20 mil+","13 de septiembre de 2026 a las 17:30:00 UTC-3",,"justin herbert","./explore?q=justin%20herbert&geo=US"
"stefon diggs","20 mil+","13 de septiembre de 2026 a las 17:20:00 UTC-3",,"stefon diggs,diggs","./explore?q=stefon%20diggs&geo=US"
"malik willis","20 mil+","13 de septiembre de 2026 a las 11:40:00 UTC-3",,"malik willis,dolphins qb","./explore?q=malik%20willis&geo=US"
"crypto daily","20 mil+","12 de septiembre de 2026 a las 10:30:00 UTC-3",,"crypto daily","./explore?q=crypto%20daily&geo=US"
"joanna wietrzyk","20 mil+","13 de septiembre de 2026 a las 3:10:00 UTC-3",,"joanna wietrzyk","./explore?q=joanna%20wietrzyk&geo=US"
"tesla roadster","20 mil+","12 de septiembre de 2026 a las 16:00:00 UTC-3",,"tesla roadster","./explore?q=tesla%20roadster&geo=US"
"jalen coker","20 mil+","13 de septiembre de 2026 a las 14:30:00 UTC-3",,"jalen coker","./explore?q=jalen%20coker&geo=US"
"heidi klum","20 mil+","12 de septiembre de 2026 a las 15:50:00 UTC-3",,"heidi klum","./explore?q=heidi%20klum&geo=US"
"colston loveland","20 mil+","13 de septiembre de 2026 a las 14:10:00 UTC-3",,"colston loveland,loveland,is colston loveland playing today,is loveland playing today","./explore?q=colston%20loveland&geo=US"
"ceedee lamb","20 mil+","13 de septiembre de 2026 a las 19:00:00 UTC-3",,"ceedee lamb","./explore?q=ceedee%20lamb&geo=US"
"travis hunter","20 mil+","13 de septiembre de 2026 a las 13:50:00 UTC-3",,"travis hunter","./explore?q=travis%20hunter&geo=US"
"best fast food breakfast biscuitville","20 mil+","13 de septiembre de 2026 a las 8:40:00 UTC-3",,"best fast food breakfast biscuitville,biscuitville,usa today","./explore?q=best%20fast%20food%20breakfast%20biscuitville&geo=US"
"jacoby brissett","20 mil+","13 de septiembre de 2026 a las 17:20:00 UTC-3",,"jacoby brissett","./explore?q=jacoby%20brissett&geo=US"
"ravens schedule","20 mil+","13 de septiembre de 2026 a las 8:00:00 UTC-3",,"ravens schedule,colts schedule 2026,baltimore ravens schedule","./explore?q=ravens%20schedule&geo=US"
"fraud","20 mil+","11 de septiembre de 2026 a las 15:10:00 UTC-3",,"fraud","./explore?q=fraud&geo=US"
"caleb downs","20 mil+","13 de septiembre de 2026 a las 21:20:00 UTC-3",,"caleb downs,caleb downs number,what number is caleb downs","./explore?q=caleb%20downs&geo=US"
"judd nelson","20 mil+","12 de septiembre de 2026 a las 18:20:00 UTC-3",,"judd nelson,judd nelson rare public appearance,tell me more about judd nelson's recent public appearance and new look","./explore?q=judd%20nelson&geo=US"
"justin jefferson","20 mil+","13 de septiembre de 2026 a las 17:00:00 UTC-3",,"justin jefferson,randy moss","./explore?q=justin%20jefferson&geo=US"
"dj moore","20 mil+","13 de septiembre de 2026 a las 12:40:00 UTC-3",,"dj moore","./explore?q=dj%20moore&geo=US"
"chris olave","20 mil+","13 de septiembre de 2026 a las 14:30:00 UTC-3",,"chris olave,olave","./explore?q=chris%20olave&geo=US"
"tom tiffany","20 mil+","13 de septiembre de 2026 a las 7:00:00 UTC-3",,"tom tiffany,tom tiffany aircraft water landing,tom tiffany wisconsin,tom tiffany plane,tom tiffany plane crash","./explore?q=tom%20tiffany&geo=US"
"dontayvion wicks","20 mil+","13 de septiembre de 2026 a las 17:50:00 UTC-3",,"dontayvion wicks,wicks eagles,eagles wicks","./explore?q=dontayvion%20wicks&geo=US"
"measles outbreak pennsylvania","20 mil+","14 de septiembre de 2026 a las 3:00:00 UTC-3",,"measles outbreak pennsylvania,death,measles outbreak pa,adult measles mortality jefferson county,measles pennsylvania,vaccinations","./explore?q=measles%20outbreak%20pennsylvania&geo=US"
"powerball results september 12 2026","20 mil+","13 de septiembre de 2026 a las 14:40:00 UTC-3",,"powerball results september 12 2026,ohio lottery,powerball numbers,ohio powerball winners september 7,lottery powerball jackpot,powerball,ohio powerball prizes september 2026,winning powerball numbers","./explore?q=powerball%20results%20september%2012%202026&geo=US"
"mitch mcconnell","20 mil+","14 de septiembre de 2026 a las 6:50:00 UTC-3",,"mitch mcconnell,mitch mcconnell senate return timeline","./explore?q=mitch%20mcconnell&geo=US"
"bengals schedule","20 mil+","13 de septiembre de 2026 a las 8:30:00 UTC-3","14 de septiembre de 2026 a las 7:30:00 UTC-3","bengals schedule,bengals schedule 2026","./explore?q=bengals%20schedule&geo=US"
"santos - juárez","20 mil+","13 de septiembre de 2026 a las 21:20:00 UTC-3","14 de septiembre de 2026 a las 7:20:00 UTC-3","santos - juárez,santos laguna vs juarez,santos laguna,santos vs juarez","./explore?q=santos%20-%20ju%C3%A1rez&geo=US"
"brest vs psg","20 mil+","13 de septiembre de 2026 a las 15:00:00 UTC-3","13 de septiembre de 2026 a las 22:40:00 UTC-3","brest vs psg,stade brestois vs psg standings","./explore?q=brest%20vs%20psg&geo=US"
"american airlines dress code violation miami","20 mil+","13 de septiembre de 2026 a las 17:10:00 UTC-3","14 de septiembre de 2026 a las 1:00:00 UTC-3","american airlines dress code violation miami","./explore?q=american%20airlines%20dress%20code%20violation%20miami&geo=US"
"mike tomlin","20 mil+","13 de septiembre de 2026 a las 20:50:00 UTC-3","14 de septiembre de 2026 a las 1:40:00 UTC-3","mike tomlin","./explore?q=mike%20tomlin&geo=US"
"jackson dart","20 mil+","13 de septiembre de 2026 a las 21:00:00 UTC-3","14 de septiembre de 2026 a las 1:50:00 UTC-3","jackson dart,jaxson dart girlfriend","./explore?q=jackson%20dart&geo=US"
"jj mccarthy","20 mil+","13 de septiembre de 2026 a las 17:30:00 UTC-3","14 de septiembre de 2026 a las 0:00:00 UTC-3","jj mccarthy,jj mccarthy nfl trade rumors,j j mccarthy,vikings depth chart","./explore?q=jj%20mccarthy&geo=US"
"mexican independence day","20 mil+","11 de septiembre de 2026 a las 20:00:00 UTC-3","14 de septiembre de 2026 a las 3:50:00 UTC-3","mexican independence day,when is mexican independence day,mexican independence day chicago","./explore?q=mexican%20independence%20day&geo=US"
"spacex stock","20 mil+","13 de septiembre de 2026 a las 21:20:00 UTC-3","14 de septiembre de 2026 a las 3:00:00 UTC-3","spacex stock","./explore?q=spacex%20stock&geo=US"
"ja'marr chase","20 mil+","13 de septiembre de 2026 a las 14:30:00 UTC-3","14 de septiembre de 2026 a las 1:40:00 UTC-3","ja'marr chase,jamarr chase,jamarr chase injury","./explore?q=ja%27marr%20chase&geo=US"
"saquon barkley","20 mil+","13 de septiembre de 2026 a las 12:50:00 UTC-3","14 de septiembre de 2026 a las 1:30:00 UTC-3","saquon barkley","./explore?q=saquon%20barkley&geo=US"
"giants depth chart","20 mil+","13 de septiembre de 2026 a las 12:00:00 UTC-3","14 de septiembre de 2026 a las 1:20:00 UTC-3","giants depth chart,cowboys depth chart,ny giants depth chart,new york giants depth chart,deonte banks,giants depth chart 2026","./explore?q=giants%20depth%20chart&geo=US"
"david montgomery","20 mil+","13 de septiembre de 2026 a las 9:50:00 UTC-3","14 de septiembre de 2026 a las 1:10:00 UTC-3","david montgomery","./explore?q=david%20montgomery&geo=US"
"afg vs ind","20 mil+","13 de septiembre de 2026 a las 10:10:00 UTC-3","13 de septiembre de 2026 a las 21:10:00 UTC-3","afg vs ind,afghanistan vs india,ind vs afg,india vs afghanistan,afghanistan national cricket team vs india national cricket team match scorecard","./explore?q=afg%20vs%20ind&geo=US"
"super bowl 2027","20 mil+","13 de septiembre de 2026 a las 14:30:00 UTC-3","14 de septiembre de 2026 a las 0:20:00 UTC-3","super bowl 2027,superbowl 2027,when is the super bowl 2027","./explore?q=super%20bowl%202027&geo=US"
"russell wilson","20 mil+","13 de septiembre de 2026 a las 13:20:00 UTC-3","14 de septiembre de 2026 a las 1:30:00 UTC-3","russell wilson,russel wilson","./explore?q=russell%20wilson&geo=US"
"braxton berrios","20 mil+","13 de septiembre de 2026 a las 21:20:00 UTC-3","14 de septiembre de 2026 a las 1:30:00 UTC-3","braxton berrios,giants roster,ny giants roster,new york giants players","./explore?q=braxton%20berrios&geo=US"
"mobland","20 mil+","11 de septiembre de 2026 a las 20:00:00 UTC-3","14 de septiembre de 2026 a las 2:10:00 UTC-3","mobland,mobland season 2","./explore?q=mobland&geo=US"
"irish open","20 mil+","10 de septiembre de 2026 a las 9:50:00 UTC-3","13 de septiembre de 2026 a las 20:10:00 UTC-3","irish open,irish open 2026,shane lowry,irish open leaderboard,dp world tour","./explore?q=irish%20open&geo=US"
"zendaya short pixie haircut","20 mil+","12 de septiembre de 2026 a las 18:20:00 UTC-3","13 de septiembre de 2026 a las 22:10:00 UTC-3","zendaya short pixie haircut","./explore?q=zendaya%20short%20pixie%20haircut&geo=US"
"stade brestois - psg","20 mil+","13 de septiembre de 2026 a las 15:10:00 UTC-3","13 de septiembre de 2026 a las 21:00:00 UTC-3","stade brestois - psg,ligue 1","./explore?q=stade%20brestois%20-%20psg&geo=US"
"nascar","20 mil+","13 de septiembre de 2026 a las 18:50:00 UTC-3","13 de septiembre de 2026 a las 21:40:00 UTC-3","nascar,nascar race today,nascar standings,kyle larson,nascar race,who won the nascar race today,nascar results,nascar results today","./explore?q=nascar&geo=US"
"fox one","20 mil+","13 de septiembre de 2026 a las 11:20:00 UTC-3","13 de septiembre de 2026 a las 20:10:00 UTC-3","fox one,foxone","./explore?q=fox%20one&geo=US"
"ted cruz","20 mil+","11 de septiembre de 2026 a las 2:00:00 UTC-3","13 de septiembre de 2026 a las 11:40:00 UTC-3","ted cruz,protect college sports act,abc sports,saving college sports bill,ted cruz college,ted cruz college gameday","./explore?q=ted%20cruz&geo=US"
"nintendo sale","20 mil+","10 de septiembre de 2026 a las 15:00:00 UTC-3","13 de septiembre de 2026 a las 16:30:00 UTC-3","nintendo sale,nintendo customer appreciation,nintendo customer appreciation sale","./explore?q=nintendo%20sale&geo=US"
"anthony scaramucci donald trump administration","20 mil+","12 de septiembre de 2026 a las 13:00:00 UTC-3","13 de septiembre de 2026 a las 12:00:00 UTC-3","anthony scaramucci donald trump administration","./explore?q=anthony%20scaramucci%20donald%20trump%20administration&geo=US"
"cbs","20 mil+","13 de septiembre de 2026 a las 12:20:00 UTC-3","13 de septiembre de 2026 a las 21:20:00 UTC-3","cbs,norah o'donnell,60 minutes","./explore?q=cbs&geo=US"
"paramount","20 mil+","12 de septiembre de 2026 a las 23:20:00 UTC-3","13 de septiembre de 2026 a las 18:20:00 UTC-3","paramount","./explore?q=paramount&geo=US"
"fox sports","20 mil+","13 de septiembre de 2026 a las 13:10:00 UTC-3","13 de septiembre de 2026 a las 20:20:00 UTC-3","fox sports,foxsports","./explore?q=fox%20sports&geo=US"
"bijan robinson","20 mil+","12 de septiembre de 2026 a las 22:00:00 UTC-3","13 de septiembre de 2026 a las 21:50:00 UTC-3","bijan robinson","./explore?q=bijan%20robinson&geo=US"
"kathy hochul","20 mil+","12 de septiembre de 2026 a las 15:30:00 UTC-3","13 de septiembre de 2026 a las 10:00:00 UTC-3","kathy hochul","./explore?q=kathy%20hochul&geo=US"
"cillian murphy","20 mil+","12 de septiembre de 2026 a las 2:10:00 UTC-3","14 de septiembre de 2026 a las 3:30:00 UTC-3","cillian murphy","./explore?q=cillian%20murphy&geo=US"
"charles iii","20 mil+","12 de septiembre de 2026 a las 16:40:00 UTC-3","13 de septiembre de 2026 a las 14:10:00 UTC-3","charles iii","./explore?q=charles%20iii&geo=US"
"super earth","20 mil+","12 de septiembre de 2026 a las 3:50:00 UTC-3","13 de septiembre de 2026 a las 7:40:00 UTC-3","super earth","./explore?q=super%20earth&geo=US"
"zverev age","20 mil+","13 de septiembre de 2026 a las 15:20:00 UTC-3","13 de septiembre de 2026 a las 20:20:00 UTC-3","zverev age,zverev diabetes,zverev mother,is zverev diabetic,does zverev have diabetes,alexander zverev mother,alexander zverev age,irina zvereva,alexander zverev diabetes,sinner","./explore?q=zverev%20age&geo=US"
"burger king nugget purse","20 mil+","12 de septiembre de 2026 a las 13:30:00 UTC-3","13 de septiembre de 2026 a las 12:10:00 UTC-3","burger king nugget purse,burger king nuggets","./explore?q=burger%20king%20nugget%20purse&geo=US"
"hogwarts legacy 2","20 mil+","11 de septiembre de 2026 a las 18:20:00 UTC-3","13 de septiembre de 2026 a las 10:30:00 UTC-3","hogwarts legacy 2","./explore?q=hogwarts%20legacy%202&geo=US"
"saints score","20 mil+","13 de septiembre de 2026 a las 14:20:00 UTC-3","13 de septiembre de 2026 a las 20:00:00 UTC-3","saints score,jared goff,dan campbell,chase young,nfl pass","./explore?q=saints%20score&geo=US"
"texas football schedule","20 mil+","12 de septiembre de 2026 a las 12:20:00 UTC-3","13 de septiembre de 2026 a las 17:10:00 UTC-3","texas football schedule","./explore?q=texas%20football%20schedule&geo=US"
"rockies vs tigers","20 mil+","13 de septiembre de 2026 a las 12:30:00 UTC-3","13 de septiembre de 2026 a las 17:00:00 UTC-3","rockies vs tigers","./explore?q=rockies%20vs%20tigers&geo=US"
"woody harrelson","20 mil+","11 de septiembre de 2026 a las 17:00:00 UTC-3","13 de septiembre de 2026 a las 12:30:00 UTC-3","woody harrelson","./explore?q=woody%20harrelson&geo=US"
"aaron rodgers wife","20 mil+","10 de septiembre de 2026 a las 16:50:00 UTC-3","12 de septiembre de 2026 a las 12:10:00 UTC-3","aaron rodgers wife,how old is aaron rodgers,aaron rodgers' wife","./explore?q=aaron%20rodgers%20wife&geo=US"
"sv elversberg vs bayern","20 mil+","13 de septiembre de 2026 a las 11:40:00 UTC-3","13 de septiembre de 2026 a las 15:50:00 UTC-3","sv elversberg vs bayern,bayern munich,sv elversberg vs bayern munich standings","./explore?q=sv%20elversberg%20vs%20bayern&geo=US"
"chris johnson","20 mil+","10 de septiembre de 2026 a las 15:50:00 UTC-3","12 de septiembre de 2026 a las 14:50:00 UTC-3","chris johnson,chris johnson als","./explore?q=chris%20johnson&geo=US"
"jaylen mbakwe","20 mil+","12 de septiembre de 2026 a las 22:10:00 UTC-3","13 de septiembre de 2026 a las 16:30:00 UTC-3","jaylen mbakwe,gt vs tennessee,georgia tech injury,jaylen mbakwe injury,georgia tech football injury,mbakwe,georgia tech player injured","./explore?q=jaylen%20mbakwe&geo=US"
"teacher","20 mil+","12 de septiembre de 2026 a las 17:40:00 UTC-3","13 de septiembre de 2026 a las 10:00:00 UTC-3","teacher","./explore?q=teacher&geo=US"
"marvel studios","20 mil+","12 de septiembre de 2026 a las 17:40:00 UTC-3","13 de septiembre de 2026 a las 11:30:00 UTC-3","marvel studios","./explore?q=marvel%20studios&geo=US"
"regina tarin","20 mil+","12 de septiembre de 2026 a las 1:20:00 UTC-3","13 de septiembre de 2026 a las 11:50:00 UTC-3","regina tarin,jj aldrich","./explore?q=regina%20tarin&geo=US"
"julian sayin","20 mil+","12 de septiembre de 2026 a las 12:20:00 UTC-3","13 de septiembre de 2026 a las 11:10:00 UTC-3","julian sayin","./explore?q=julian%20sayin&geo=US"
"playstation plus","20 mil+","11 de septiembre de 2026 a las 16:30:00 UTC-3","13 de septiembre de 2026 a las 12:20:00 UTC-3","playstation plus","./explore?q=playstation%20plus&geo=US"
"sv elversberg - bayern","20 mil+","13 de septiembre de 2026 a las 11:40:00 UTC-3","13 de septiembre de 2026 a las 17:20:00 UTC-3","sv elversberg - bayern,bundesliga,bayern,elversberg","./explore?q=sv%20elversberg%20-%20bayern&geo=US"
"what did meghan share in her video of the family's uk return","20 mil+","13 de septiembre de 2026 a las 16:20:00 UTC-3","13 de septiembre de 2026 a las 22:20:00 UTC-3","what did meghan share in her video of the family's uk return,meghan markle prince harry uk move,prince archie british accent video,royal news,prince harry family return uk,harry and meghan,meghan markle news,harry & meghan,united kingdom","./explore?q=what%20did%20meghan%20share%20in%20her%20video%20of%20the%20family%27s%20uk%20return&geo=US"
"talarico","20 mil+","9 de septiembre de 2026 a las 23:30:00 UTC-3","14 de septiembre de 2026 a las 1:40:00 UTC-3","talarico","./explore?q=talarico&geo=US"
"charlotte vs ole miss","20 mil+","12 de septiembre de 2026 a las 19:50:00 UTC-3","13 de septiembre de 2026 a las 10:10:00 UTC-3","charlotte vs ole miss,ole miss vs charlotte,ole miss football schedule","./explore?q=charlotte%20vs%20ole%20miss&geo=US"
"alexa grasso","20 mil+","12 de septiembre de 2026 a las 6:20:00 UTC-3","13 de septiembre de 2026 a las 4:20:00 UTC-3","alexa grasso,manon fiorot,valentina shevchenko","./explore?q=alexa%20grasso&geo=US"
"brandon moreno","20 mil+","12 de septiembre de 2026 a las 14:40:00 UTC-3","13 de septiembre de 2026 a las 2:50:00 UTC-3","brandon moreno,joseph morales,moreno vs morales","./explore?q=brandon%20moreno&geo=US"
"tucker kraft","20 mil+","13 de septiembre de 2026 a las 18:00:00 UTC-3","13 de septiembre de 2026 a las 21:20:00 UTC-3","tucker kraft,nfl network,tucker kraft contract","./explore?q=tucker%20kraft&geo=US"
"nm state vs hawaii","20 mil+","13 de septiembre de 2026 a las 0:10:00 UTC-3","13 de septiembre de 2026 a las 10:30:00 UTC-3","nm state vs hawaii,hawaii football,new mexico state football,nmsu football,hawaii vs new mexico state,new mexico vs hawaii,hawaii vs new mexico football","./explore?q=nm%20state%20vs%20hawaii&geo=US"
"utsa vs texas state","20 mil+","12 de septiembre de 2026 a las 15:40:00 UTC-3","13 de septiembre de 2026 a las 1:00:00 UTC-3","utsa vs texas state,utsa football,texas state football,texas state vs utsa","./explore?q=utsa%20vs%20texas%20state&geo=US"
"reagan france federal theft charges","20 mil+","11 de septiembre de 2026 a las 15:20:00 UTC-3","12 de septiembre de 2026 a las 19:20:00 UTC-3","reagan france federal theft charges","./explore?q=reagan%20france%20federal%20theft%20charges&geo=US"
"ohio state football schedule","20 mil+","12 de septiembre de 2026 a las 20:10:00 UTC-3","13 de septiembre de 2026 a las 9:50:00 UTC-3","ohio state football schedule","./explore?q=ohio%20state%20football%20schedule&geo=US"
"memphis vs boise state","20 mil+","12 de septiembre de 2026 a las 18:10:00 UTC-3","13 de septiembre de 2026 a las 2:10:00 UTC-3","memphis vs boise state,bsu football,boise state football score,boise state vs memphis,boise state score","./explore?q=memphis%20vs%20boise%20state&geo=US"
"orioles vs blue jays","20 mil+","11 de septiembre de 2026 a las 19:10:00 UTC-3","12 de septiembre de 2026 a las 21:50:00 UTC-3","orioles vs blue jays,max scherzer,blue","./explore?q=orioles%20vs%20blue%20jays&geo=US"
"coventry vs brighton","20 mil+","13 de septiembre de 2026 a las 9:10:00 UTC-3","13 de septiembre de 2026 a las 15:30:00 UTC-3","coventry vs brighton,coventry city - brighton,coventry city fc vs brighton & hove albion f.c. standings,brighton fc,coventry city","./explore?q=coventry%20vs%20brighton&geo=US"
"cantor fitzgerald","20 mil+","10 de septiembre de 2026 a las 17:30:00 UTC-3","13 de septiembre de 2026 a las 11:20:00 UTC-3","cantor fitzgerald","./explore?q=cantor%20fitzgerald&geo=US"
"italy","20 mil+","11 de septiembre de 2026 a las 15:40:00 UTC-3","12 de septiembre de 2026 a las 17:50:00 UTC-3","italy","./explore?q=italy&geo=US"
"jennifer lawrence","20 mil+","10 de septiembre de 2026 a las 14:20:00 UTC-3","12 de septiembre de 2026 a las 10:00:00 UTC-3","jennifer lawrence,ig","./explore?q=jennifer%20lawrence&geo=US"
"east tn st vs unc","20 mil+","12 de septiembre de 2026 a las 12:00:00 UTC-3","12 de septiembre de 2026 a las 20:20:00 UTC-3","east tn st vs unc,unc football,etsu football,unc football score","./explore?q=east%20tn%20st%20vs%20unc&geo=US"
"hulu","20 mil+","13 de septiembre de 2026 a las 13:40:00 UTC-3","13 de septiembre de 2026 a las 18:30:00 UTC-3","hulu,stream,new movies streaming,netflix top movies right now","./explore?q=hulu&geo=US"
"tyreek hill","20 mil+","13 de septiembre de 2026 a las 15:40:00 UTC-3","13 de septiembre de 2026 a las 21:20:00 UTC-3","tyreek hill,joey bosa","./explore?q=tyreek%20hill&geo=US"
"auburn football schedule","20 mil+","12 de septiembre de 2026 a las 9:30:00 UTC-3","13 de septiembre de 2026 a las 1:50:00 UTC-3","auburn football schedule","./explore?q=auburn%20football%20schedule&geo=US"
"angels vs nationals","20 mil+","13 de septiembre de 2026 a las 14:20:00 UTC-3","13 de septiembre de 2026 a las 18:10:00 UTC-3","angels vs nationals,nationals","./explore?q=angels%20vs%20nationals&geo=US"
"tasha smith","20 mil+","9 de septiembre de 2026 a las 19:30:00 UTC-3","13 de septiembre de 2026 a las 4:50:00 UTC-3","tasha smith","./explore?q=tasha%20smith&geo=US"
"grambling st vs tcu","20 mil+","12 de septiembre de 2026 a las 20:10:00 UTC-3","13 de septiembre de 2026 a las 2:50:00 UTC-3","grambling st vs tcu,tcu football,tcu game","./explore?q=grambling%20st%20vs%20tcu&geo=US"
"glen powell","20 mil+","12 de septiembre de 2026 a las 10:10:00 UTC-3","13 de septiembre de 2026 a las 2:20:00 UTC-3","glen powell","./explore?q=glen%20powell&geo=US"
"southern u vs houston","20 mil+","12 de septiembre de 2026 a las 19:10:00 UTC-3","13 de septiembre de 2026 a las 1:00:00 UTC-3","southern u vs houston,uh football,houston football,houston cougars football,southern university football,houston vs southern football,university of houston football,houston vs southern","./explore?q=southern%20u%20vs%20houston&geo=US"
"akron football","20 mil+","12 de septiembre de 2026 a las 10:20:00 UTC-3","13 de septiembre de 2026 a las 0:10:00 UTC-3","akron football,ohio state oc,marty whims ii","./explore?q=akron%20football&geo=US"
"9/11 documentary","20 mil+","10 de septiembre de 2026 a las 20:20:00 UTC-3","12 de septiembre de 2026 a las 11:10:00 UTC-3","9/11 documentary,what happened on september 11 2001","./explore?q=9%2F11%20documentary&geo=US"
"jai opetaia","20 mil+","12 de septiembre de 2026 a las 21:10:00 UTC-3","13 de septiembre de 2026 a las 7:40:00 UTC-3","jai opetaia,david benavidez,noel mikaelian,opetaia,mikaelian,mikaelian boxer,benavidez,opetaia vs mikaelian,jai opetaia record,jai opetaia vs noel mikaelian,cruiserweight","./explore?q=jai%20opetaia&geo=US"
"joe rogan experience rick springfield","20 mil+","11 de septiembre de 2026 a las 0:40:00 UTC-3","12 de septiembre de 2026 a las 10:10:00 UTC-3","joe rogan experience rick springfield,rick springfield,rick springfield vietnam","./explore?q=joe%20rogan%20experience%20rick%20springfield&geo=US"
"montana state vs nevada","20 mil+","12 de septiembre de 2026 a las 22:40:00 UTC-3","13 de septiembre de 2026 a las 11:00:00 UTC-3","montana state vs nevada,montana state football,nevada football,unr football","./explore?q=montana%20state%20vs%20nevada&geo=US"
"flood watch","20 mil+","12 de septiembre de 2026 a las 4:40:00 UTC-3","12 de septiembre de 2026 a las 11:10:00 UTC-3","flood watch,weather nyc,nyc weather,pittsburgh weather,national weather service","./explore?q=flood%20watch&geo=US"
"delaware vs vanderbilt","20 mil+","12 de septiembre de 2026 a las 16:20:00 UTC-3","12 de septiembre de 2026 a las 22:50:00 UTC-3","delaware vs vanderbilt,vanderbilt football,delaware football,vandy football","./explore?q=delaware%20vs%20vanderbilt&geo=US"
"doctrine overwatch","20 mil+","12 de septiembre de 2026 a las 15:00:00 UTC-3","13 de septiembre de 2026 a las 6:00:00 UTC-3","doctrine overwatch,overwatch,overwatch doctrine,new overwatch hero,sombra support,overwatch new hero","./explore?q=doctrine%20overwatch&geo=US"
"kaelon black","20 mil+","10 de septiembre de 2026 a las 21:00:00 UTC-3","11 de septiembre de 2026 a las 15:40:00 UTC-3","kaelon black,christian mccaffrey stats","./explore?q=kaelon%20black&geo=US"
"navy football","20 mil+","12 de septiembre de 2026 a las 20:20:00 UTC-3","13 de septiembre de 2026 a las 10:00:00 UTC-3","navy football,navy vs fl atlantic,fau football","./explore?q=navy%20football&geo=US"
"fresno state football","20 mil+","12 de septiembre de 2026 a las 23:30:00 UTC-3","13 de septiembre de 2026 a las 5:00:00 UTC-3","fresno state football,sacramento st vs fresno state","./explore?q=fresno%20state%20football&geo=US"
"maryland vs uconn","20 mil+","12 de septiembre de 2026 a las 15:40:00 UTC-3","13 de septiembre de 2026 a las 3:20:00 UTC-3","maryland vs uconn,uconn football,maryland football,malik washington","./explore?q=maryland%20vs%20uconn&geo=US"
"fc barcelona","20 mil+","13 de septiembre de 2026 a las 11:20:00 UTC-3","13 de septiembre de 2026 a las 14:10:00 UTC-3","fc barcelona","./explore?q=fc%20barcelona&geo=US"
"the uprising","20 mil+","10 de septiembre de 2026 a las 19:40:00 UTC-3","12 de septiembre de 2026 a las 22:10:00 UTC-3","the uprising,andrew garfield","./explore?q=the%20uprising&geo=US"
"villanova vs louisville","20 mil+","11 de septiembre de 2026 a las 19:10:00 UTC-3","12 de septiembre de 2026 a las 9:50:00 UTC-3","villanova vs louisville,villanova football,uofl football","./explore?q=villanova%20vs%20louisville&geo=US"
"spice girls","20 mil+","13 de septiembre de 2026 a las 14:30:00 UTC-3","14 de septiembre de 2026 a las 1:00:00 UTC-3","spice girls","./explore?q=spice%20girls&geo=US"
"skip bayless","20 mil+","13 de septiembre de 2026 a las 23:10:00 UTC-3","14 de septiembre de 2026 a las 1:50:00 UTC-3","skip bayless,caitlin clark team usa bench,kara lawson,kara lawson caitlin clark lineup decision,caitlin clark news,megan gustafson,caitlin clark fiba world cup","./explore?q=skip%20bayless&geo=US"
"san diego st vs ucla","20 mil+","12 de septiembre de 2026 a las 19:20:00 UTC-3","13 de septiembre de 2026 a las 1:30:00 UTC-3","san diego st vs ucla,ucla football,sdsu football,ucla vs sdsu,ucla football score","./explore?q=san%20diego%20st%20vs%20ucla&geo=US"
"hope","20 mil+","9 de septiembre de 2026 a las 13:00:00 UTC-3","13 de septiembre de 2026 a las 6:20:00 UTC-3","hope","./explore?q=hope&geo=US"
"beauty in black renewed season 4","20 mil+","10 de septiembre de 2026 a las 19:20:00 UTC-3","11 de septiembre de 2026 a las 19:00:00 UTC-3","beauty in black renewed season 4,beauty in black season 4","./explore?q=beauty%20in%20black%20renewed%20season%204&geo=US"
"richard branson wife","20 mil+","9 de septiembre de 2026 a las 18:50:00 UTC-3","10 de septiembre de 2026 a las 22:20:00 UTC-3","richard branson wife,richard branson","./explore?q=richard%20branson%20wife&geo=US"
"spurs vs everton","20 mil+","12 de septiembre de 2026 a las 12:30:00 UTC-3","12 de septiembre de 2026 a las 19:10:00 UTC-3","spurs vs everton,tottenham vs everton f.c. standings,everton,premier league today matches","./explore?q=spurs%20vs%20everton&geo=US"
"missouri 2022 congressional districts ruling","20 mil+","13 de septiembre de 2026 a las 15:10:00 UTC-3","13 de septiembre de 2026 a las 21:10:00 UTC-3","missouri 2022 congressional districts ruling,election official,the hill,missouri congressional map,missouri,supreme,missouri supreme court","./explore?q=missouri%202022%20congressional%20districts%20ruling&geo=US"
"barcelona - atlético madrid","20 mil+","12 de septiembre de 2026 a las 13:30:00 UTC-3","12 de septiembre de 2026 a las 19:00:00 UTC-3","barcelona - atlético madrid","./explore?q=barcelona%20-%20atl%C3%A9tico%20madrid&geo=US"
"lucien smith","20 mil+","8 de septiembre de 2026 a las 10:10:00 UTC-3","11 de septiembre de 2026 a las 7:50:00 UTC-3","lucien smith,lucien smith cause of death,lucien smith death,art","./explore?q=lucien%20smith&geo=US"
"dhs","20 mil+","9 de septiembre de 2026 a las 16:30:00 UTC-3","10 de septiembre de 2026 a las 17:30:00 UTC-3","dhs","./explore?q=dhs&geo=US"
"jmu football","20 mil+","12 de septiembre de 2026 a las 13:30:00 UTC-3","12 de septiembre de 2026 a las 21:00:00 UTC-3","jmu football,wagner vs james madison,jmu","./explore?q=jmu%20football&geo=US"
"csu football","20 mil+","12 de septiembre de 2026 a las 19:40:00 UTC-3","13 de septiembre de 2026 a las 1:50:00 UTC-3","csu football,southern utah vs co state,colorado state football","./explore?q=csu%20football&geo=US"
"travis kelce bratenahl property neighbor complaints","20 mil+","11 de septiembre de 2026 a las 13:30:00 UTC-3","12 de septiembre de 2026 a las 12:40:00 UTC-3","travis kelce bratenahl property neighbor complaints","./explore?q=travis%20kelce%20bratenahl%20property%20neighbor%20complaints&geo=US"
"al-khaleej vs al-nassr","20 mil+","12 de septiembre de 2026 a las 14:20:00 UTC-3","12 de septiembre de 2026 a las 20:30:00 UTC-3","al-khaleej vs al-nassr,al khaleej - al-nassr,al nassr,al-khaleej club vs al-nassr standings,al nassr vs,ronaldo","./explore?q=al-khaleej%20vs%20al-nassr&geo=US"
"cavaliers sign james harden contract","20 mil+","9 de septiembre de 2026 a las 17:40:00 UTC-3","10 de septiembre de 2026 a las 16:00:00 UTC-3","cavaliers sign james harden contract","./explore?q=cavaliers%20sign%20james%20harden%20contract&geo=US"
"kansas state football","20 mil+","12 de septiembre de 2026 a las 12:20:00 UTC-3","12 de septiembre de 2026 a las 18:20:00 UTC-3","kansas state football,kstate football,wsu football,k state football,ksu football","./explore?q=kansas%20state%20football&geo=US"
"fi salmonella pet supplement recall","20 mil+","9 de septiembre de 2026 a las 21:40:00 UTC-3","11 de septiembre de 2026 a las 16:10:00 UTC-3","fi salmonella pet supplement recall,fi dog supplement salmonella recall","./explore?q=fi%20salmonella%20pet%20supplement%20recall&geo=US"
"wardogs game","20 mil+","10 de septiembre de 2026 a las 11:30:00 UTC-3","12 de septiembre de 2026 a las 1:40:00 UTC-3","wardogs game,wardogs,wardogs servers,wardogs release time,wardogs steam charts,war dogs game","./explore?q=wardogs%20game&geo=US"
"norfolk state vs virginia","20 mil+","11 de septiembre de 2026 a las 19:10:00 UTC-3","12 de septiembre de 2026 a las 9:10:00 UTC-3","norfolk state vs virginia,uva football,norfolk state football,uva football schedule","./explore?q=norfolk%20state%20vs%20virginia&geo=US"
"tijuana - querétaro","20 mil+","11 de septiembre de 2026 a las 23:30:00 UTC-3","12 de septiembre de 2026 a las 7:10:00 UTC-3","tijuana - querétaro,club tijuana vs querétaro,posiciones de club tijuana contra querétaro fútbol club","./explore?q=tijuana%20-%20quer%C3%A9taro&geo=US"
"northern co vs wyoming","20 mil+","12 de septiembre de 2026 a las 16:10:00 UTC-3","12 de septiembre de 2026 a las 22:00:00 UTC-3","northern co vs wyoming,wyoming football,wyoming cowboys football","./explore?q=northern%20co%20vs%20wyoming&geo=US"
"emergency landing","20 mil+","11 de septiembre de 2026 a las 13:50:00 UTC-3","12 de septiembre de 2026 a las 9:30:00 UTC-3","emergency landing,nick robinson,andrew garfield","./explore?q=emergency%20landing&geo=US"
"germany women's national basketball team","20 mil+","10 de septiembre de 2026 a las 20:30:00 UTC-3","11 de septiembre de 2026 a las 14:30:00 UTC-3","germany women's national basketball team,miami vs famu,fiba world cup schedule,usa vs spain women's basketball box score","./explore?q=germany%20women%27s%20national%20basketball%20team&geo=US"
"novig","20 mil+","9 de septiembre de 2026 a las 10:50:00 UTC-3","11 de septiembre de 2026 a las 1:30:00 UTC-3","novig","./explore?q=novig&geo=US"
"kyren williams","20 mil+","10 de septiembre de 2026 a las 18:10:00 UTC-3","11 de septiembre de 2026 a las 10:00:00 UTC-3","kyren williams","./explore?q=kyren%20williams&geo=US"
"donald trump aca financial rebate","20 mil+","10 de septiembre de 2026 a las 16:10:00 UTC-3","11 de septiembre de 2026 a las 12:30:00 UTC-3","donald trump aca financial rebate,trump administration obamacare 500 dollar payments,trump administration obamacare rebate checks,what are the details of donald trump's plan to send $500 obamacare rebate checks,donald trump obamacare refund checks","./explore?q=donald%20trump%20aca%20financial%20rebate&geo=US"
"cooper kupp","20 mil+","9 de septiembre de 2026 a las 19:10:00 UTC-3","11 de septiembre de 2026 a las 0:30:00 UTC-3","cooper kupp,kupp","./explore?q=cooper%20kupp&geo=US"
"corte suprema","20 mil+","11 de septiembre de 2026 a las 14:00:00 UTC-3","11 de septiembre de 2026 a las 23:40:00 UTC-3","corte suprema","./explore?q=corte%20suprema&geo=US"
"eli raridon","20 mil+","9 de septiembre de 2026 a las 21:30:00 UTC-3","10 de septiembre de 2026 a las 11:50:00 UTC-3","eli raridon,raridon,raridon patriots","./explore?q=eli%20raridon&geo=US"
"west ham vs wrexham","20 mil+","11 de septiembre de 2026 a las 15:10:00 UTC-3","11 de septiembre de 2026 a las 21:40:00 UTC-3","west ham vs wrexham,west ham,west ham - wrexham,wrexham,west ham vs wrexham standings","./explore?q=west%20ham%20vs%20wrexham&geo=US"
"lazio vs milan","20 mil+","12 de septiembre de 2026 a las 12:10:00 UTC-3","12 de septiembre de 2026 a las 17:20:00 UTC-3","lazio vs milan,diego moreira,s.s. lazio vs ac milan standings,milan","./explore?q=lazio%20vs%20milan&geo=US"
"subaru","20 mil+","10 de septiembre de 2026 a las 17:00:00 UTC-3","11 de septiembre de 2026 a las 14:10:00 UTC-3","subaru","./explore?q=subaru&geo=US"
"godzilla minus zero","20 mil+","8 de septiembre de 2026 a las 11:20:00 UTC-3","10 de septiembre de 2026 a las 2:10:00 UTC-3","godzilla minus zero","./explore?q=godzilla%20minus%20zero&geo=US"
"panda express taiwanese popcorn chicken","20 mil+","8 de septiembre de 2026 a las 10:30:00 UTC-3","9 de septiembre de 2026 a las 8:30:00 UTC-3","panda express taiwanese popcorn chicken","./explore?q=panda%20express%20taiwanese%20popcorn%20chicken&geo=US"
"tps el salvador","20 mil+","8 de septiembre de 2026 a las 7:40:00 UTC-3","10 de septiembre de 2026 a las 14:50:00 UTC-3","tps el salvador,temporary protected status el salvador,montgomery county public schools,el salvador tps,tps","./explore?q=tps%20el%20salvador&geo=US"
"blue jays vs athletics","20 mil+","7 de septiembre de 2026 a las 22:10:00 UTC-3","9 de septiembre de 2026 a las 20:20:00 UTC-3","blue jays vs athletics,blue","./explore?q=blue%20jays%20vs%20athletics&geo=US"
"ballon d'or","20 mil+","7 de septiembre de 2026 a las 18:30:00 UTC-3","9 de septiembre de 2026 a las 15:00:00 UTC-3","ballon d'or","./explore?q=ballon%20d%27or&geo=US"
"rabies exposure","20 mil+","11 de septiembre de 2026 a las 5:50:00 UTC-3","11 de septiembre de 2026 a las 21:20:00 UTC-3","rabies exposure,rabies outbreak,rabies,vaccines","./explore?q=rabies%20exposure&geo=US"
"remain movie","20 mil+","8 de septiembre de 2026 a las 14:50:00 UTC-3","10 de septiembre de 2026 a las 1:10:00 UTC-3","remain movie,jake gyllenhaal,m night shyamalan","./explore?q=remain%20movie&geo=US"
"sevilla - valencia c. f.","20 mil+","11 de septiembre de 2026 a las 15:10:00 UTC-3","11 de septiembre de 2026 a las 21:40:00 UTC-3","sevilla - valencia c. f.,sevilla,sevilla fc","./explore?q=sevilla%20-%20valencia%20c.%20f.&geo=US"
"george kittle","20 mil+","10 de septiembre de 2026 a las 16:20:00 UTC-3","11 de septiembre de 2026 a las 9:00:00 UTC-3","george kittle,kittle,is george kittle playing week 1,christian mccaffrey injury,cmc injury","./explore?q=george%20kittle&geo=US"
"atlante - pachuca","20 mil+","11 de septiembre de 2026 a las 23:30:00 UTC-3","12 de septiembre de 2026 a las 9:20:00 UTC-3","atlante - pachuca,atlante vs pachuca","./explore?q=atlante%20-%20pachuca&geo=US"
"brandon aiyuk","20 mil+","10 de septiembre de 2026 a las 21:40:00 UTC-3","11 de septiembre de 2026 a las 11:10:00 UTC-3","brandon aiyuk,aiyuk","./explore?q=brandon%20aiyuk&geo=US"
"noel clarke","20 mil+","9 de septiembre de 2026 a las 9:40:00 UTC-3","10 de septiembre de 2026 a las 11:10:00 UTC-3","noel clarke","./explore?q=noel%20clarke&geo=US"
"kirkiversary","20 mil+","9 de septiembre de 2026 a las 23:50:00 UTC-3","11 de septiembre de 2026 a las 1:00:00 UTC-3","kirkiversary,charlie kirk meme,memes,meme","./explore?q=kirkiversary&geo=US"
"ken paxton","20 mil+","9 de septiembre de 2026 a las 19:50:00 UTC-3","11 de septiembre de 2026 a las 13:10:00 UTC-3","ken paxton","./explore?q=ken%20paxton&geo=US"
"bayern vs bodø/glimt","20 mil+","10 de septiembre de 2026 a las 15:10:00 UTC-3","10 de septiembre de 2026 a las 22:30:00 UTC-3","bayern vs bodø/glimt,bodo glimt,bayern vs,harry kane,bayern munich vs bodø/glimt stats","./explore?q=bayern%20vs%20bod%C3%B8%2Fglimt&geo=US"
"49ers schedule","20 mil+","10 de septiembre de 2026 a las 20:10:00 UTC-3","11 de septiembre de 2026 a las 9:50:00 UTC-3","49ers schedule,kyle shanahan","./explore?q=49ers%20schedule&geo=US"
"aaron judge","20 mil+","7 de septiembre de 2026 a las 20:30:00 UTC-3","10 de septiembre de 2026 a las 21:50:00 UTC-3","aaron judge,rockies - yankees","./explore?q=aaron%20judge&geo=US"
"sevilla vs valencia","20 mil+","11 de septiembre de 2026 a las 15:10:00 UTC-3","11 de septiembre de 2026 a las 21:00:00 UTC-3","sevilla vs valencia,sevilla fc vs valencia cf standings","./explore?q=sevilla%20vs%20valencia&geo=US"
"ballot","20 mil+","9 de septiembre de 2026 a las 15:00:00 UTC-3","11 de septiembre de 2026 a las 9:30:00 UTC-3","ballot,trump mail-in voting executive order","./explore?q=ballot&geo=US"
"denny's minnesota wisconsin locations closed","20 mil+","9 de septiembre de 2026 a las 18:20:00 UTC-3","10 de septiembre de 2026 a las 15:30:00 UTC-3","denny's minnesota wisconsin locations closed","./explore?q=denny%27s%20minnesota%20wisconsin%20locations%20closed&geo=US"
"cpi","20 mil+","11 de septiembre de 2026 a las 7:40:00 UTC-3","11 de septiembre de 2026 a las 16:20:00 UTC-3","cpi,cpi inflation report,cpi report,inflation,cpi report today,inflation report,cpi inflation,cpi data release today,august cpi","./explore?q=cpi&geo=US"
"stetson bennett","20 mil+","11 de septiembre de 2026 a las 0:10:00 UTC-3","11 de septiembre de 2026 a las 10:20:00 UTC-3","stetson bennett,rams depth chart","./explore?q=stetson%20bennett&geo=US"
"sony playstation","20 mil+","11 de septiembre de 2026 a las 16:50:00 UTC-3","12 de septiembre de 2026 a las 0:00:00 UTC-3","sony playstation,playstation,sony digital game ownership lawsuit","./explore?q=sony%20playstation&geo=US"
"fetterman","20 mil+","9 de septiembre de 2026 a las 20:10:00 UTC-3","10 de septiembre de 2026 a las 12:10:00 UTC-3","fetterman,john fetterman,democratic response to john fetterman,dave mccormick","./explore?q=fetterman&geo=US"
"lori loughlin","20 mil+","8 de septiembre de 2026 a las 15:10:00 UTC-3","9 de septiembre de 2026 a las 15:30:00 UTC-3","lori loughlin,mossimo giannulli","./explore?q=lori%20loughlin&geo=US"
"davante adams","20 mil+","10 de septiembre de 2026 a las 20:20:00 UTC-3","11 de septiembre de 2026 a las 9:30:00 UTC-3","davante adams","./explore?q=davante%20adams&geo=US"
"jalen brunson","20 mil+","11 de septiembre de 2026 a las 23:20:00 UTC-3","12 de septiembre de 2026 a las 10:20:00 UTC-3","jalen brunson,snl tonight,shane gillis,is snl new tonight,inde navarrette,snl season 52,snl","./explore?q=jalen%20brunson&geo=US"
"clay matthews face","20 mil+","8 de septiembre de 2026 a las 19:00:00 UTC-3","9 de septiembre de 2026 a las 23:30:00 UTC-3","clay matthews face","./explore?q=clay%20matthews%20face&geo=US"
"jack lowden","20 mil+","7 de septiembre de 2026 a las 8:10:00 UTC-3","8 de septiembre de 2026 a las 18:20:00 UTC-3","jack lowden,james bond","./explore?q=jack%20lowden&geo=US"
"valheim","20 mil+","9 de septiembre de 2026 a las 0:40:00 UTC-3","10 de septiembre de 2026 a las 4:00:00 UTC-3","valheim,valheim 1.0,valheim 1.0 release date","./explore?q=valheim&geo=US"
"puka nacua","20 mil+","10 de septiembre de 2026 a las 20:20:00 UTC-3","11 de septiembre de 2026 a las 1:40:00 UTC-3","puka nacua,puka nacua news,nacua","./explore?q=puka%20nacua&geo=US"
"mike norvell","20 mil+","7 de septiembre de 2026 a las 20:40:00 UTC-3","8 de septiembre de 2026 a las 21:40:00 UTC-3","mike norvell,mike norvell buyout,smu coach","./explore?q=mike%20norvell&geo=US"
"rhamondre stevenson","20 mil+","9 de septiembre de 2026 a las 13:40:00 UTC-3","10 de septiembre de 2026 a las 8:50:00 UTC-3","rhamondre stevenson","./explore?q=rhamondre%20stevenson&geo=US"
"karen khachanov","20 mil+","11 de septiembre de 2026 a las 16:30:00 UTC-3","11 de septiembre de 2026 a las 20:10:00 UTC-3","karen khachanov,khachanov,khachanov tennis,us open results","./explore?q=karen%20khachanov&geo=US"
"princess astrid passing norway","20 mil+","11 de septiembre de 2026 a las 13:30:00 UTC-3","11 de septiembre de 2026 a las 19:20:00 UTC-3","princess astrid passing norway,princess astrid,princess astrid of norway,norwegian royal princess astrid passes","./explore?q=princess%20astrid%20passing%20norway&geo=US"
"jimmy kimmel","20 mil+","8 de septiembre de 2026 a las 21:10:00 UTC-3","9 de septiembre de 2026 a las 10:20:00 UTC-3","jimmy kimmel,jimmy kimmel canceled,jimmy kimmel cancelled","./explore?q=jimmy%20kimmel&geo=US"
"seahawks schedule","20 mil+","9 de septiembre de 2026 a las 19:00:00 UTC-3","11 de septiembre de 2026 a las 1:00:00 UTC-3","seahawks schedule","./explore?q=seahawks%20schedule&geo=US"
"ocharleys","20 mil+","8 de septiembre de 2026 a las 23:40:00 UTC-3","10 de septiembre de 2026 a las 19:20:00 UTC-3","ocharleys,o charleys","./explore?q=ocharleys&geo=US"
"necaxa - puebla","20 mil+","11 de septiembre de 2026 a las 21:20:00 UTC-3","12 de septiembre de 2026 a las 1:20:00 UTC-3","necaxa - puebla,necaxa vs puebla","./explore?q=necaxa%20-%20puebla&geo=US"
"sammy hagar response alex van halen","20 mil+","7 de septiembre de 2026 a las 20:00:00 UTC-3","8 de septiembre de 2026 a las 18:30:00 UTC-3","sammy hagar response alex van halen,sammy hagar","./explore?q=sammy%20hagar%20response%20alex%20van%20halen&geo=US"
"western","20 mil+","7 de septiembre de 2026 a las 9:20:00 UTC-3","8 de septiembre de 2026 a las 12:00:00 UTC-3","western,wmu football,charles woodson,mac,western michigan football schedule,heather dinich,nick wright,mac conference,dan orlovsky","./explore?q=western&geo=US"
"eclipse solar","20 mil+","8 de septiembre de 2026 a las 8:40:00 UTC-3","9 de septiembre de 2026 a las 4:00:00 UTC-3","eclipse solar","./explore?q=eclipse%20solar&geo=US"
"sandra bullock kids","20 mil+","8 de septiembre de 2026 a las 13:10:00 UTC-3","10 de septiembre de 2026 a las 14:20:00 UTC-3","sandra bullock kids","./explore?q=sandra%20bullock%20kids&geo=US"
"champions league schedule","20 mil+","8 de septiembre de 2026 a las 8:00:00 UTC-3","8 de septiembre de 2026 a las 20:30:00 UTC-3","champions league schedule,champions league standings,where to watch champions league","./explore?q=champions%20league%20schedule&geo=US"
"ballon d'or nominees","20 mil+","8 de septiembre de 2026 a las 6:00:00 UTC-3","9 de septiembre de 2026 a las 14:50:00 UTC-3","ballon d'or nominees,when is the ballon d'or ceremony,ballon d'or 2026,coach","./explore?q=ballon%20d%27or%20nominees&geo=US"
"us coast guard bahamas plane search","20 mil+","7 de septiembre de 2026 a las 21:20:00 UTC-3","8 de septiembre de 2026 a las 22:10:00 UTC-3","us coast guard bahamas plane search,the bahamas,bahamas,mario lamar piper plane search,mario lamar","./explore?q=us%20coast%20guard%20bahamas%20plane%20search&geo=US"
"guy campanile","20 mil+","8 de septiembre de 2026 a las 19:00:00 UTC-3","9 de septiembre de 2026 a las 11:50:00 UTC-3","guy campanile,60 minutes","./explore?q=guy%20campanile&geo=US"
"roger marshall","20 mil+","8 de septiembre de 2026 a las 8:30:00 UTC-3","8 de septiembre de 2026 a las 21:20:00 UTC-3","roger marshall,roger marshall senator,senator roger marshall kansas","./explore?q=roger%20marshall&geo=US"
"pentagon polygraph screening military officials","20 mil+","8 de septiembre de 2026 a las 16:10:00 UTC-3","9 de septiembre de 2026 a las 10:40:00 UTC-3","pentagon polygraph screening military officials","./explore?q=pentagon%20polygraph%20screening%20military%20officials&geo=US"
"lukman owolabi ganiyu","20 mil+","7 de septiembre de 2026 a las 9:00:00 UTC-3","8 de septiembre de 2026 a las 14:50:00 UTC-3","lukman owolabi ganiyu,uscis","./explore?q=lukman%20owolabi%20ganiyu&geo=US"
"enes freedom","20 mil+","7 de septiembre de 2026 a las 17:10:00 UTC-3","8 de septiembre de 2026 a las 13:20:00 UTC-3","enes freedom","./explore?q=enes%20freedom&geo=US"
"water","20 mil+","7 de septiembre de 2026 a las 15:40:00 UTC-3","8 de septiembre de 2026 a las 8:40:00 UTC-3","water","./explore?q=water&geo=US"
"airpods","20 mil+","9 de septiembre de 2026 a las 15:00:00 UTC-3","11 de septiembre de 2026 a las 9:10:00 UTC-3","airpods,airpod 5,airpods pro,apple airpods","./explore?q=airpods&geo=US"
"luke kuechly","20 mil+","10 de septiembre de 2026 a las 20:30:00 UTC-3","11 de septiembre de 2026 a las 1:40:00 UTC-3","luke kuechly","./explore?q=luke%20kuechly&geo=US"
"mike tomlin","20 mil+","9 de septiembre de 2026 a las 20:10:00 UTC-3","10 de septiembre de 2026 a las 1:50:00 UTC-3","mike tomlin","./explore?q=mike%20tomlin&geo=US"
"pakistan vs england","20 mil+","12 de septiembre de 2026 a las 7:40:00 UTC-3","12 de septiembre de 2026 a las 12:30:00 UTC-3","pakistan vs england,eng vs pak,pak vs eng,england vs pakistan","./explore?q=pakistan%20vs%20england&geo=US"
"pork recall","20 mil+","7 de septiembre de 2026 a las 13:00:00 UTC-3","8 de septiembre de 2026 a las 22:40:00 UTC-3","pork recall","./explore?q=pork%20recall&geo=US"
"49ers depth chart","20 mil+","10 de septiembre de 2026 a las 18:20:00 UTC-3","11 de septiembre de 2026 a las 0:40:00 UTC-3","49ers depth chart,alfred collins,pup list","./explore?q=49ers%20depth%20chart&geo=US"
"darius slayton","20 mil+","7 de septiembre de 2026 a las 18:00:00 UTC-3","8 de septiembre de 2026 a las 13:40:00 UTC-3","darius slayton,giants depth chart,giant","./explore?q=darius%20slayton&geo=US"
"titanosaur eggs discovered argentina","20 mil+","9 de septiembre de 2026 a las 6:50:00 UTC-3","10 de septiembre de 2026 a las 0:50:00 UTC-3","titanosaur eggs discovered argentina","./explore?q=titanosaur%20eggs%20discovered%20argentina&geo=US"
"tanya roberts","20 mil+","8 de septiembre de 2026 a las 12:10:00 UTC-3","9 de septiembre de 2026 a las 12:30:00 UTC-3","tanya roberts,kate jackson,how old is jaclyn smith","./explore?q=tanya%20roberts&geo=US"
"cody simpson","20 mil+","10 de septiembre de 2026 a las 21:30:00 UTC-3","11 de septiembre de 2026 a las 0:10:00 UTC-3","cody simpson,is cody simpson australian,who is cody simpson","./explore?q=cody%20simpson&geo=US"
"hershey park","20 mil+","7 de septiembre de 2026 a las 19:00:00 UTC-3","9 de septiembre de 2026 a las 8:40:00 UTC-3","hershey park,hershey park closing,hersheypark closure","./explore?q=hershey%20park&geo=US"
"muse","20 mil+","8 de septiembre de 2026 a las 16:40:00 UTC-3","10 de septiembre de 2026 a las 18:40:00 UTC-3","muse,meta muse,email,fb,app store","./explore?q=muse&geo=US"
"house of the dragon hbo max","20 mil+","7 de septiembre de 2026 a las 16:40:00 UTC-3","8 de septiembre de 2026 a las 12:10:00 UTC-3","house of the dragon hbo max","./explore?q=house%20of%20the%20dragon%20hbo%20max&geo=US"
"alaska airlines boeing 737 fresno diversion","20 mil+","7 de septiembre de 2026 a las 9:20:00 UTC-3","7 de septiembre de 2026 a las 23:10:00 UTC-3","alaska airlines boeing 737 fresno diversion","./explore?q=alaska%20airlines%20boeing%20737%20fresno%20diversion&geo=US"
"orcl stock","20 mil+","10 de septiembre de 2026 a las 16:50:00 UTC-3","11 de septiembre de 2026 a las 12:30:00 UTC-3","orcl stock,orcl,oracle earnings,cloud,oracle stock,oracle,orcl earnings,oracle stock price","./explore?q=orcl%20stock&geo=US"
"angels vs red sox","20 mil+","9 de septiembre de 2026 a las 19:20:00 UTC-3","9 de septiembre de 2026 a las 23:30:00 UTC-3","angels vs red sox,jake bennett","./explore?q=angels%20vs%20red%20sox&geo=US"
"adam sandler","20 mil+","9 de septiembre de 2026 a las 8:00:00 UTC-3","10 de septiembre de 2026 a las 9:30:00 UTC-3","adam sandler","./explore?q=adam%20sandler&geo=US"
"indonesia volcano eruption","20 mil+","8 de septiembre de 2026 a las 1:20:00 UTC-3","9 de septiembre de 2026 a las 9:50:00 UTC-3","indonesia volcano eruption,indonesia volcano,volcano eruption indonesia,krakatoa,indonesia volcano eruption anak krakatau,indonesia,krakatoa eruption","./explore?q=indonesia%20volcano%20eruption&geo=US"
"guardians vs orioles","20 mil+","9 de septiembre de 2026 a las 19:20:00 UTC-3","9 de septiembre de 2026 a las 23:10:00 UTC-3","guardians vs orioles,mets score,mariners - athletics,yankees vs mets","./explore?q=guardians%20vs%20orioles&geo=US"
"ashton daniels","20 mil+","7 de septiembre de 2026 a las 20:30:00 UTC-3","8 de septiembre de 2026 a las 9:00:00 UTC-3","ashton daniels","./explore?q=ashton%20daniels&geo=US"
"why did i get married again 2026","20 mil+","9 de septiembre de 2026 a las 19:10:00 UTC-3","10 de septiembre de 2026 a las 4:20:00 UTC-3","why did i get married again 2026,tyler perry,taraji p henson","./explore?q=why%20did%20i%20get%20married%20again%202026&geo=US"
"7 brew squishy","20 mil+","7 de septiembre de 2026 a las 8:40:00 UTC-3","8 de septiembre de 2026 a las 9:00:00 UTC-3","7 brew squishy,brew doh,7 brew labor day,7 brew squishy day","./explore?q=7%20brew%20squishy&geo=US"
"deion sanders georgia tech win","20 mil+","7 de septiembre de 2026 a las 10:50:00 UTC-3","7 de septiembre de 2026 a las 21:50:00 UTC-3","deion sanders georgia tech win","./explore?q=deion%20sanders%20georgia%20tech%20win&geo=US"
"girl scout cookies","20 mil+","8 de septiembre de 2026 a las 13:50:00 UTC-3","8 de septiembre de 2026 a las 22:00:00 UTC-3","girl scout cookies,girl scouts 2027 new cookies,cookies","./explore?q=girl%20scout%20cookies&geo=US"
"american eagle","20 mil+","7 de septiembre de 2026 a las 9:00:00 UTC-3","7 de septiembre de 2026 a las 23:40:00 UTC-3","american eagle","./explore?q=american%20eagle&geo=US"
"losc - real betis","20 mil+","8 de septiembre de 2026 a las 15:10:00 UTC-3","8 de septiembre de 2026 a las 21:00:00 UTC-3","losc - real betis","./explore?q=losc%20-%20real%20betis&geo=US"
"usa vs czech republic","20 mil+","7 de septiembre de 2026 a las 15:00:00 UTC-3","7 de septiembre de 2026 a las 21:50:00 UTC-3","usa vs czech republic,chelsea gray,breanna stewart,kara lawson,usa vs czechia,women's basketball world cup,fiba,caitlin clark fiba assist rankings,sonia citron,fiba women world cup usa czechia","./explore?q=usa%20vs%20czech%20republic&geo=US"
"the mosquito bowl","20 mil+","10 de septiembre de 2026 a las 14:50:00 UTC-3","11 de septiembre de 2026 a las 0:30:00 UTC-3","the mosquito bowl,mosquito bowl,the mosquito bowl movie,mosquito bowl movie","./explore?q=the%20mosquito%20bowl&geo=US"
"lsu sec","20 mil+","8 de septiembre de 2026 a las 13:10:00 UTC-3","9 de septiembre de 2026 a las 0:10:00 UTC-3","lsu sec,sec lsu,college football lsu,sec","./explore?q=lsu%20sec&geo=US"
"treveyon henderson","20 mil+","9 de septiembre de 2026 a las 21:00:00 UTC-3","10 de septiembre de 2026 a las 1:20:00 UTC-3","treveyon henderson,lan larison,patriots roster,mitch wishnowsky,treveyon henderson injury,new england patriots players,seahawks rb","./explore?q=treveyon%20henderson&geo=US"
"is costco open today","20 mil+","7 de septiembre de 2026 a las 8:10:00 UTC-3","7 de septiembre de 2026 a las 20:30:00 UTC-3","is costco open today,costco labor day,costco open today","./explore?q=is%20costco%20open%20today&geo=US"
"emma navarro weight","20 mil+","8 de septiembre de 2026 a las 21:10:00 UTC-3","9 de septiembre de 2026 a las 0:50:00 UTC-3","emma navarro weight,emma navarro parents,emma navarro dad,navarro tennis weight gain,emma navarro health issues,navarro weight gain,emma navarro weight gain,emma navarro weight gain 2026,emma navarro husband","./explore?q=emma%20navarro%20weight&geo=US"
"united airlines","20 mil+","10 de septiembre de 2026 a las 0:00:00 UTC-3","10 de septiembre de 2026 a las 9:20:00 UTC-3","united airlines","./explore?q=united%20airlines&geo=US"
"mirra andreeva","20 mil+","7 de septiembre de 2026 a las 12:00:00 UTC-3","7 de septiembre de 2026 a las 23:10:00 UTC-3","mirra andreeva,anastasia potapova,potapova,andreeva,potapova tennis,andreeva tennis,andreeva vs potapova","./explore?q=mirra%20andreeva&geo=US"
"new hampshire primary election results","20 mil+","9 de septiembre de 2026 a las 5:50:00 UTC-3","9 de septiembre de 2026 a las 14:30:00 UTC-3","new hampshire primary election results,new hampshire primary,john sununu,chris pappas,nh primary results,nh primary 2026,wmur,new hampshire senate race,karishma manzur,current events","./explore?q=new%20hampshire%20primary%20election%20results&geo=US"
"marvel rivals","20 mil+","8 de septiembre de 2026 a las 13:10:00 UTC-3","9 de septiembre de 2026 a las 1:10:00 UTC-3","marvel rivals,marvel rivals patch notes,marvel rivals season 10 patch notes,marvel rivals season 10,marvel rivals season 10 release date","./explore?q=marvel%20rivals&geo=US"
"joe jonas","20 mil+","10 de septiembre de 2026 a las 23:00:00 UTC-3","11 de septiembre de 2026 a las 1:20:00 UTC-3","joe jonas,john farnham,jonas brothers halftime show,the jonas brothers,jonas brother,are the jonas brothers from australia,jonas brothers show,jonas","./explore?q=joe%20jonas&geo=US"
"psg","20 mil+","9 de septiembre de 2026 a las 16:50:00 UTC-3","9 de septiembre de 2026 a las 19:10:00 UTC-3","psg,psg vs slovan bratislava stats","./explore?q=psg&geo=US"
"alexander blockx","20 mil+","7 de septiembre de 2026 a las 14:50:00 UTC-3","7 de septiembre de 2026 a las 23:50:00 UTC-3","alexander blockx,blockx,francisco cerundolo,cerundolo,blockx tennis","./explore?q=alexander%20blockx&geo=US"
"royal caribbean alaska cruise canceled","20 mil+","7 de septiembre de 2026 a las 17:40:00 UTC-3","8 de septiembre de 2026 a las 9:40:00 UTC-3","royal caribbean alaska cruise canceled,royal caribbean,serenade of the seas,royal caribbean cruises","./explore?q=royal%20caribbean%20alaska%20cruise%20canceled&geo=US"
"mortgage rates","20 mil+","9 de septiembre de 2026 a las 5:30:00 UTC-3","9 de septiembre de 2026 a las 11:10:00 UTC-3","mortgage rates,mortgage rates today,mortgage interest rates,mortgages,30 year mortgage rate","./explore?q=mortgage%20rates&geo=US"
"arthur gea","20 mil+","7 de septiembre de 2026 a las 18:00:00 UTC-3","8 de septiembre de 2026 a las 0:20:00 UTC-3","arthur gea,gea tennis,lucky loser tennis,what is a lucky loser in tennis,longest tennis match","./explore?q=arthur%20gea&geo=US"
"phillies","20 mil+","9 de septiembre de 2026 a las 22:20:00 UTC-3","9 de septiembre de 2026 a las 23:10:00 UTC-3","phillies,astros - phillies,phillies game","./explore?q=phillies&geo=US"
"usps","20 mil+","8 de septiembre de 2026 a las 17:20:00 UTC-3","8 de septiembre de 2026 a las 20:10:00 UTC-3","usps,postal voting,ins","./explore?q=usps&geo=US"
"mlb scores","20 mil+","7 de septiembre de 2026 a las 15:00:00 UTC-3","7 de septiembre de 2026 a las 19:10:00 UTC-3","mlb scores","./explore?q=mlb%20scores&geo=US"
"paramount","20 mil+","8 de septiembre de 2026 a las 15:50:00 UTC-3","8 de septiembre de 2026 a las 17:50:00 UTC-3","paramount","./explore?q=paramount&geo=US"
"jesús luzardo","20 mil+","7 de septiembre de 2026 a las 15:40:00 UTC-3","7 de septiembre de 2026 a las 18:30:00 UTC-3","jesús luzardo,phillies game today,phillies,garrett stubbs,jesus luzardo,kyle schwarber,braves - phillies,phillies schedule,braves,phillies game,luzardo,philadelphia phillies,phillies standings,phillies score today","./explore?q=jes%C3%BAs%20luzardo&geo=US"
"dow jones","20 mil+","8 de septiembre de 2026 a las 11:00:00 UTC-3","8 de septiembre de 2026 a las 12:40:00 UTC-3","dow jones,djia,nasdaq today","./explore?q=dow%20jones&geo=US"
"lanterns episode 5","10 mil+","13 de septiembre de 2026 a las 21:10:00 UTC-3",,"lanterns episode 5,how many episodes in lanterns season 1,how many episodes of lanterns","./explore?q=lanterns%20episode%205&geo=US"
"muhammad ali","10 mil+","13 de septiembre de 2026 a las 16:00:00 UTC-3",,"muhammad ali","./explore?q=muhammad%20ali&geo=US"
"noaa winter climate outlook","10 mil+","13 de septiembre de 2026 a las 9:30:00 UTC-3",,"noaa winter climate outlook","./explore?q=noaa%20winter%20climate%20outlook&geo=US"
"brian hickerson detained south carolina","10 mil+","13 de septiembre de 2026 a las 18:20:00 UTC-3",,"brian hickerson detained south carolina,hayden panettiere boyfriend detained greenville,hayden panettiere boyfriend brian hickerson detained","./explore?q=brian%20hickerson%20detained%20south%20carolina&geo=US"
"harrison ford","10 mil+","13 de septiembre de 2026 a las 18:30:00 UTC-3",,"harrison ford","./explore?q=harrison%20ford&geo=US"
"ganesh chaturthi 2026","10 mil+","13 de septiembre de 2026 a las 9:00:00 UTC-3",,"ganesh chaturthi 2026","./explore?q=ganesh%20chaturthi%202026&geo=US"
"devin singletary","10 mil+","13 de septiembre de 2026 a las 21:30:00 UTC-3",,"devin singletary,singletary,singletary giants","./explore?q=devin%20singletary&geo=US"
"tyler owens","10 mil+","13 de septiembre de 2026 a las 19:00:00 UTC-3",,"tyler owens","./explore?q=tyler%20owens&geo=US"
"kalif raymond","10 mil+","13 de septiembre de 2026 a las 14:40:00 UTC-3",,"kalif raymond","./explore?q=kalif%20raymond&geo=US"
"malachi fields","10 mil+","13 de septiembre de 2026 a las 20:30:00 UTC-3",,"malachi fields","./explore?q=malachi%20fields&geo=US"
"nfl week 2","10 mil+","13 de septiembre de 2026 a las 17:50:00 UTC-3",,"nfl week 2,devaughn vele,vele saints","./explore?q=nfl%20week%202&geo=US"
"philadelphia vs san diego","10 mil+","13 de septiembre de 2026 a las 21:20:00 UTC-3",,"philadelphia vs san diego,cavan sullivan,philadelphia union,philadelphia - san diego fc,san diego fc,sdfc","./explore?q=philadelphia%20vs%20san%20diego&geo=US"
"dude 44 bravo","10 mil+","14 de septiembre de 2026 a las 0:10:00 UTC-3",,"dude 44 bravo,60 minutes,pete hegseth rescue interview pressure","./explore?q=dude%2044%20bravo&geo=US"
"darnell mooney","10 mil+","13 de septiembre de 2026 a las 20:40:00 UTC-3",,"darnell mooney,matt nagy","./explore?q=darnell%20mooney&geo=US"
"michelle obama chanel us open","10 mil+","13 de septiembre de 2026 a las 8:00:00 UTC-3",,"michelle obama chanel us open,michelle obama us open outfit,billie jean king","./explore?q=michelle%20obama%20chanel%20us%20open&geo=US"
"antonio williams","10 mil+","13 de septiembre de 2026 a las 19:00:00 UTC-3",,"antonio williams","./explore?q=antonio%20williams&geo=US"
"arvell reese","10 mil+","13 de septiembre de 2026 a las 21:20:00 UTC-3",,"arvell reese,cbs sports","./explore?q=arvell%20reese&geo=US"
"the walking dead: dead city","10 mil+","14 de septiembre de 2026 a las 5:50:00 UTC-3",,"the walking dead: dead city,the walking dead: dead city season 3,the walking dead: dead city - season 3","./explore?q=the%20walking%20dead%3A%20dead%20city&geo=US"
"the falling man","10 mil+","14 de septiembre de 2026 a las 6:50:00 UTC-3",,"the falling man,falling man 9/11,falling man","./explore?q=the%20falling%20man&geo=US"
"todd blanche joe digenova call","10 mil+","14 de septiembre de 2026 a las 7:40:00 UTC-3",,"todd blanche joe digenova call,joe digenova justice department resignation,joe digenova steps down doj,joe digenova","./explore?q=todd%20blanche%20joe%20digenova%20call&geo=US"
"ashton jeanty","10 mil+","13 de septiembre de 2026 a las 17:30:00 UTC-3","14 de septiembre de 2026 a las 3:40:00 UTC-3","ashton jeanty,jeanty","./explore?q=ashton%20jeanty&geo=US"
"gas prices","10 mil+","14 de septiembre de 2026 a las 6:40:00 UTC-3",,"gas prices,saudi arabia news","./explore?q=gas%20prices&geo=US"
"geno smith","10 mil+","13 de septiembre de 2026 a las 13:40:00 UTC-3","14 de septiembre de 2026 a las 2:10:00 UTC-3","geno smith","./explore?q=geno%20smith&geo=US"
"chargers schedule","10 mil+","13 de septiembre de 2026 a las 12:20:00 UTC-3","14 de septiembre de 2026 a las 1:30:00 UTC-3","chargers schedule","./explore?q=chargers%20schedule&geo=US"
"caleb douglas","10 mil+","13 de septiembre de 2026 a las 18:20:00 UTC-3","14 de septiembre de 2026 a las 3:00:00 UTC-3","caleb douglas,chris bell,dolphins depth chart","./explore?q=caleb%20douglas&geo=US"
"christian watson","10 mil+","13 de septiembre de 2026 a las 17:50:00 UTC-3","14 de septiembre de 2026 a las 2:00:00 UTC-3","christian watson","./explore?q=christian%20watson&geo=US"
"micah parsons","10 mil+","13 de septiembre de 2026 a las 17:20:00 UTC-3","14 de septiembre de 2026 a las 1:00:00 UTC-3","micah parsons,micah parsons injury","./explore?q=micah%20parsons&geo=US"
"cj stroud","10 mil+","13 de septiembre de 2026 a las 13:10:00 UTC-3","13 de septiembre de 2026 a las 23:20:00 UTC-3","cj stroud,demeco ryans,c. j. stroud","./explore?q=cj%20stroud&geo=US"
"daniel jones","10 mil+","13 de septiembre de 2026 a las 13:10:00 UTC-3","14 de septiembre de 2026 a las 1:50:00 UTC-3","daniel jones","./explore?q=daniel%20jones&geo=US"
"kaelin mcintyre death","10 mil+","13 de septiembre de 2026 a las 22:10:00 UTC-3","14 de septiembre de 2026 a las 2:50:00 UTC-3","kaelin mcintyre death,cdc band","./explore?q=kaelin%20mcintyre%20death&geo=US"
"panthers schedule","10 mil+","13 de septiembre de 2026 a las 9:30:00 UTC-3","13 de septiembre de 2026 a las 21:40:00 UTC-3","panthers schedule,carolina panthers schedule","./explore?q=panthers%20schedule&geo=US"
"washington spirit","10 mil+","13 de septiembre de 2026 a las 14:10:00 UTC-3","13 de septiembre de 2026 a las 22:20:00 UTC-3","washington spirit,boston legacy vs washington spirit standings","./explore?q=washington%20spirit&geo=US"
"sonny styles","10 mil+","13 de septiembre de 2026 a las 17:50:00 UTC-3","14 de septiembre de 2026 a las 1:20:00 UTC-3","sonny styles","./explore?q=sonny%20styles&geo=US"
"cat in the hat trend","10 mil+","13 de septiembre de 2026 a las 19:10:00 UTC-3","14 de septiembre de 2026 a las 0:00:00 UTC-3","cat in the hat trend,cat and the hat trend","./explore?q=cat%20in%20the%20hat%20trend&geo=US"
"scott bessent","10 mil+","13 de septiembre de 2026 a las 8:20:00 UTC-3","13 de septiembre de 2026 a las 19:00:00 UTC-3","scott bessent","./explore?q=scott%20bessent&geo=US"
"parker washington","10 mil+","13 de septiembre de 2026 a las 13:40:00 UTC-3","13 de septiembre de 2026 a las 21:50:00 UTC-3","parker washington","./explore?q=parker%20washington&geo=US"
"joe brady","10 mil+","13 de septiembre de 2026 a las 14:00:00 UTC-3","14 de septiembre de 2026 a las 0:10:00 UTC-3","joe brady,bills head coach,bills coach,texans head coach,buffalo bills head coach","./explore?q=joe%20brady&geo=US"
"texans schedule","10 mil+","13 de septiembre de 2026 a las 10:20:00 UTC-3","13 de septiembre de 2026 a las 21:40:00 UTC-3","texans schedule","./explore?q=texans%20schedule&geo=US"
"nfc south","10 mil+","13 de septiembre de 2026 a las 17:10:00 UTC-3","14 de septiembre de 2026 a las 1:30:00 UTC-3","nfc south,nfc south standings","./explore?q=nfc%20south&geo=US"
"jahmyr gibbs","10 mil+","13 de septiembre de 2026 a las 13:30:00 UTC-3","13 de septiembre de 2026 a las 21:30:00 UTC-3","jahmyr gibbs,gibbs","./explore?q=jahmyr%20gibbs&geo=US"
"19th amendment","10 mil+","13 de septiembre de 2026 a las 9:20:00 UTC-3","13 de septiembre de 2026 a las 18:10:00 UTC-3","19th amendment","./explore?q=19th%20amendment&geo=US"
"trey mcbride","10 mil+","13 de septiembre de 2026 a las 17:20:00 UTC-3","14 de septiembre de 2026 a las 1:40:00 UTC-3","trey mcbride","./explore?q=trey%20mcbride&geo=US"
"caitlin clark international tournament impact","10 mil+","13 de septiembre de 2026 a las 15:20:00 UTC-3","13 de septiembre de 2026 a las 22:20:00 UTC-3","caitlin clark international tournament impact","./explore?q=caitlin%20clark%20international%20tournament%20impact&geo=US"
"new england vs chicago","10 mil+","13 de septiembre de 2026 a las 17:50:00 UTC-3","13 de septiembre de 2026 a las 22:20:00 UTC-3","new england vs chicago,new england - chicago fire,new england revolution vs chicago fire fc standings","./explore?q=new%20england%20vs%20chicago&geo=US"
"michael strahan","10 mil+","13 de septiembre de 2026 a las 7:40:00 UTC-3","13 de septiembre de 2026 a las 20:20:00 UTC-3","michael strahan","./explore?q=michael%20strahan&geo=US"
"hailee steinfeld","10 mil+","13 de septiembre de 2026 a las 13:00:00 UTC-3","14 de septiembre de 2026 a las 0:00:00 UTC-3","hailee steinfeld,josh allen wife","./explore?q=hailee%20steinfeld&geo=US"
"mike mcdaniel","10 mil+","13 de septiembre de 2026 a las 17:30:00 UTC-3","13 de septiembre de 2026 a las 23:50:00 UTC-3","mike mcdaniel","./explore?q=mike%20mcdaniel&geo=US"
"zverev girlfriend","10 mil+","13 de septiembre de 2026 a las 15:20:00 UTC-3","13 de septiembre de 2026 a las 20:40:00 UTC-3","zverev girlfriend,alexander zverev wife,alexander zverev daughter,sophia thomalla","./explore?q=zverev%20girlfriend&geo=US"
"football games","10 mil+","13 de septiembre de 2026 a las 12:40:00 UTC-3","13 de septiembre de 2026 a las 21:50:00 UTC-3","football games","./explore?q=football%20games&geo=US"
"joey porter jr","10 mil+","13 de septiembre de 2026 a las 8:40:00 UTC-3","13 de septiembre de 2026 a las 23:00:00 UTC-3","joey porter jr,steelers roster,steeler","./explore?q=joey%20porter%20jr&geo=US"
"fox","10 mil+","13 de septiembre de 2026 a las 13:30:00 UTC-3","13 de septiembre de 2026 a las 19:20:00 UTC-3","fox,fox tv","./explore?q=fox&geo=US"
"noaa winter weather forecast map","10 mil+","12 de septiembre de 2026 a las 22:50:00 UTC-3","13 de septiembre de 2026 a las 15:10:00 UTC-3","noaa winter weather forecast map","./explore?q=noaa%20winter%20weather%20forecast%20map&geo=US"
"wendy williams","10 mil+","13 de septiembre de 2026 a las 1:30:00 UTC-3","14 de septiembre de 2026 a las 1:00:00 UTC-3","wendy williams","./explore?q=wendy%20williams&geo=US"
"nbc","10 mil+","13 de septiembre de 2026 a las 21:00:00 UTC-3","13 de septiembre de 2026 a las 23:40:00 UTC-3","nbc","./explore?q=nbc&geo=US"
"maxx crosby","10 mil+","13 de septiembre de 2026 a las 8:50:00 UTC-3","13 de septiembre de 2026 a las 21:50:00 UTC-3","maxx crosby,max crosby","./explore?q=maxx%20crosby&geo=US"
"sassuolo vs juventus","10 mil+","13 de septiembre de 2026 a las 14:50:00 UTC-3","13 de septiembre de 2026 a las 19:50:00 UTC-3","sassuolo vs juventus,juventus fc,sassuolo vs juventus standings","./explore?q=sassuolo%20vs%20juventus&geo=US"
"maria sharapova","10 mil+","12 de septiembre de 2026 a las 17:40:00 UTC-3","13 de septiembre de 2026 a las 13:00:00 UTC-3","maria sharapova","./explore?q=maria%20sharapova&geo=US"
"malik hooker","10 mil+","13 de septiembre de 2026 a las 21:30:00 UTC-3","14 de septiembre de 2026 a las 1:00:00 UTC-3","malik hooker,overshown cowboys,overshown,demarvion overshown","./explore?q=malik%20hooker&geo=US"
"terry mclaurin","10 mil+","13 de septiembre de 2026 a las 18:00:00 UTC-3","13 de septiembre de 2026 a las 21:40:00 UTC-3","terry mclaurin","./explore?q=terry%20mclaurin&geo=US"
"zach ertz","10 mil+","13 de septiembre de 2026 a las 17:40:00 UTC-3","13 de septiembre de 2026 a las 21:40:00 UTC-3","zach ertz,eagles roster,britain covey","./explore?q=zach%20ertz&geo=US"
"sharks","10 mil+","12 de septiembre de 2026 a las 20:30:00 UTC-3","13 de septiembre de 2026 a las 11:30:00 UTC-3","sharks","./explore?q=sharks&geo=US"
"travis etienne","10 mil+","13 de septiembre de 2026 a las 13:40:00 UTC-3","13 de septiembre de 2026 a las 18:40:00 UTC-3","travis etienne,travis etienne jr.","./explore?q=travis%20etienne&geo=US"
"terry bradshaw","10 mil+","11 de septiembre de 2026 a las 23:10:00 UTC-3","13 de septiembre de 2026 a las 22:00:00 UTC-3","terry bradshaw,howie long,fox nfl","./explore?q=terry%20bradshaw&geo=US"
"ted cruz convention speech outbursts","10 mil+","12 de septiembre de 2026 a las 12:30:00 UTC-3","13 de septiembre de 2026 a las 13:20:00 UTC-3","ted cruz convention speech outbursts","./explore?q=ted%20cruz%20convention%20speech%20outbursts&geo=US"
"vikings depth chart","10 mil+","13 de septiembre de 2026 a las 17:20:00 UTC-3","13 de septiembre de 2026 a las 21:10:00 UTC-3","vikings depth chart,deejay dallas,mn vikings schedule","./explore?q=vikings%20depth%20chart&geo=US"
"directv","10 mil+","13 de septiembre de 2026 a las 13:10:00 UTC-3","13 de septiembre de 2026 a las 18:40:00 UTC-3","directv","./explore?q=directv&geo=US"
"orioles vs blue jays","10 mil+","13 de septiembre de 2026 a las 14:10:00 UTC-3","13 de septiembre de 2026 a las 18:30:00 UTC-3","orioles vs blue jays","./explore?q=orioles%20vs%20blue%20jays&geo=US"
"waymo","10 mil+","13 de septiembre de 2026 a las 10:50:00 UTC-3","13 de septiembre de 2026 a las 18:10:00 UTC-3","waymo,san francisco waymo police stop","./explore?q=waymo&geo=US"
"flamengo vs corinthians","10 mil+","13 de septiembre de 2026 a las 16:40:00 UTC-3","13 de septiembre de 2026 a las 20:30:00 UTC-3","flamengo vs corinthians,flamengo x corinthians","./explore?q=flamengo%20vs%20corinthians&geo=US"
"ilhan omar","10 mil+","11 de septiembre de 2026 a las 14:10:00 UTC-3","13 de septiembre de 2026 a las 3:50:00 UTC-3","ilhan omar","./explore?q=ilhan%20omar&geo=US"
"what time is big brother on tonight","10 mil+","13 de septiembre de 2026 a las 21:00:00 UTC-3","13 de septiembre de 2026 a las 22:40:00 UTC-3","what time is big brother on tonight,big brother tonight,is big brother on tonight,what time does big brother come on tonight,when is big brother on tonight,why is big brother not on tonight,big brother time tonight","./explore?q=what%20time%20is%20big%20brother%20on%20tonight&geo=US"
"paul walker","10 mil+","12 de septiembre de 2026 a las 11:10:00 UTC-3","13 de septiembre de 2026 a las 7:20:00 UTC-3","paul walker","./explore?q=paul%20walker&geo=US"
"derail","10 mil+","12 de septiembre de 2026 a las 15:40:00 UTC-3","13 de septiembre de 2026 a las 13:40:00 UTC-3","derail","./explore?q=derail&geo=US"
"mfl","10 mil+","13 de septiembre de 2026 a las 14:10:00 UTC-3","13 de septiembre de 2026 a las 22:00:00 UTC-3","mfl,ja'marr chase injury,nfl inactives,is rome odunze playing week 1,nfl injury report","./explore?q=mfl&geo=US"
"kamario taylor","10 mil+","12 de septiembre de 2026 a las 17:00:00 UTC-3","13 de septiembre de 2026 a las 13:10:00 UTC-3","kamario taylor","./explore?q=kamario%20taylor&geo=US"
"country music","10 mil+","13 de septiembre de 2026 a las 7:50:00 UTC-3","13 de septiembre de 2026 a las 11:40:00 UTC-3","country music","./explore?q=country%20music&geo=US"
"triplemania 2026","10 mil+","13 de septiembre de 2026 a las 20:00:00 UTC-3","14 de septiembre de 2026 a las 1:10:00 UTC-3","triplemania 2026,wwe,rey mysterio,triplemania","./explore?q=triplemania%202026&geo=US"
"resilience","10 mil+","11 de septiembre de 2026 a las 22:40:00 UTC-3","12 de septiembre de 2026 a las 22:30:00 UTC-3","resilience,brics","./explore?q=resilience&geo=US"
"tn state vs alabama a&m","10 mil+","12 de septiembre de 2026 a las 19:10:00 UTC-3","13 de septiembre de 2026 a las 3:10:00 UTC-3","tn state vs alabama a&m","./explore?q=tn%20state%20vs%20alabama%20a%26m&geo=US"
"sec football","10 mil+","12 de septiembre de 2026 a las 13:30:00 UTC-3","13 de septiembre de 2026 a las 10:20:00 UTC-3","sec football,sec network,sec","./explore?q=sec%20football&geo=US"
"josue de paula","10 mil+","13 de septiembre de 2026 a las 15:40:00 UTC-3","13 de septiembre de 2026 a las 18:50:00 UTC-3","josue de paula,de paula dodgers","./explore?q=josue%20de%20paula&geo=US"
"nick folk","10 mil+","13 de septiembre de 2026 a las 15:20:00 UTC-3","13 de septiembre de 2026 a las 17:50:00 UTC-3","nick folk","./explore?q=nick%20folk&geo=US"
"hulu live tv","10 mil+","13 de septiembre de 2026 a las 12:50:00 UTC-3","13 de septiembre de 2026 a las 18:50:00 UTC-3","hulu live tv,hulu,disney+","./explore?q=hulu%20live%20tv&geo=US"
"steve buscemi","10 mil+","11 de septiembre de 2026 a las 12:00:00 UTC-3","12 de septiembre de 2026 a las 16:00:00 UTC-3","steve buscemi","./explore?q=steve%20buscemi&geo=US"
"salmonella","10 mil+","11 de septiembre de 2026 a las 21:20:00 UTC-3","12 de septiembre de 2026 a las 16:10:00 UTC-3","salmonella","./explore?q=salmonella&geo=US"
"johnathan hillstrand","10 mil+","12 de septiembre de 2026 a las 0:30:00 UTC-3","12 de septiembre de 2026 a las 20:30:00 UTC-3","johnathan hillstrand","./explore?q=johnathan%20hillstrand&geo=US"
"josiah trotter","10 mil+","13 de septiembre de 2026 a las 15:50:00 UTC-3","13 de septiembre de 2026 a las 18:30:00 UTC-3","josiah trotter,jeremiah trotter","./explore?q=josiah%20trotter&geo=US"
"nvidia rtx 5090","10 mil+","12 de septiembre de 2026 a las 4:00:00 UTC-3","12 de septiembre de 2026 a las 22:20:00 UTC-3","nvidia rtx 5090,china modified nvidia rtx 5090","./explore?q=nvidia%20rtx%205090&geo=US"
"aeropuerto","10 mil+","12 de septiembre de 2026 a las 0:30:00 UTC-3","12 de septiembre de 2026 a las 16:20:00 UTC-3","aeropuerto","./explore?q=aeropuerto&geo=US"
"arthur smith","10 mil+","12 de septiembre de 2026 a las 20:50:00 UTC-3","13 de septiembre de 2026 a las 10:50:00 UTC-3","arthur smith,arthur smith ohio state","./explore?q=arthur%20smith&geo=US"
"eli manning","10 mil+","12 de septiembre de 2026 a las 12:10:00 UTC-3","13 de septiembre de 2026 a las 23:50:00 UTC-3","eli manning","./explore?q=eli%20manning&geo=US"
"tulsa football","10 mil+","12 de septiembre de 2026 a las 15:50:00 UTC-3","13 de septiembre de 2026 a las 2:00:00 UTC-3","tulsa football,tulsa vs sam houston,sam houston football","./explore?q=tulsa%20football&geo=US"
"grunge","10 mil+","12 de septiembre de 2026 a las 9:20:00 UTC-3","13 de septiembre de 2026 a las 12:10:00 UTC-3","grunge","./explore?q=grunge&geo=US"
"larry silverstein","10 mil+","11 de septiembre de 2026 a las 12:30:00 UTC-3","12 de septiembre de 2026 a las 14:50:00 UTC-3","larry silverstein","./explore?q=larry%20silverstein&geo=US"
"mitchell evans","10 mil+","13 de septiembre de 2026 a las 14:40:00 UTC-3","13 de septiembre de 2026 a las 18:00:00 UTC-3","mitchell evans,bears game sunday,where can i watch the bears game,where to watch bears game,where to watch the bears game,bears vs panthers prediction,bears radio,bears game live,how to watch bears game,bears game where to watch,how to watch the bears game,what channel is the bears game on,watch bears game live free,what channel is the bears game on today","./explore?q=mitchell%20evans&geo=US"
"arnold schwarzenegger maria shriver family photo","10 mil+","11 de septiembre de 2026 a las 8:30:00 UTC-3","12 de septiembre de 2026 a las 19:00:00 UTC-3","arnold schwarzenegger maria shriver family photo","./explore?q=arnold%20schwarzenegger%20maria%20shriver%20family%20photo&geo=US"
"barcelona vs","10 mil+","13 de septiembre de 2026 a las 11:10:00 UTC-3","13 de septiembre de 2026 a las 14:20:00 UTC-3","barcelona vs","./explore?q=barcelona%20vs&geo=US"
"lee pace","10 mil+","10 de septiembre de 2026 a las 9:40:00 UTC-3","13 de septiembre de 2026 a las 3:50:00 UTC-3","lee pace","./explore?q=lee%20pace&geo=US"
"nifty","10 mil+","12 de septiembre de 2026 a las 1:30:00 UTC-3","13 de septiembre de 2026 a las 1:50:00 UTC-3","nifty","./explore?q=nifty&geo=US"
"trump administration park funding hold","10 mil+","12 de septiembre de 2026 a las 16:10:00 UTC-3","13 de septiembre de 2026 a las 10:30:00 UTC-3","trump administration park funding hold,trump administration national parks funding","./explore?q=trump%20administration%20park%20funding%20hold&geo=US"
"monmouth vs wmu","10 mil+","12 de septiembre de 2026 a las 18:40:00 UTC-3","13 de septiembre de 2026 a las 0:30:00 UTC-3","monmouth vs wmu","./explore?q=monmouth%20vs%20wmu&geo=US"
"tx southern vs utep","10 mil+","12 de septiembre de 2026 a las 21:10:00 UTC-3","13 de septiembre de 2026 a las 2:50:00 UTC-3","tx southern vs utep,utep football","./explore?q=tx%20southern%20vs%20utep&geo=US"
"jeremy clarkson","10 mil+","11 de septiembre de 2026 a las 18:40:00 UTC-3","12 de septiembre de 2026 a las 13:40:00 UTC-3","jeremy clarkson","./explore?q=jeremy%20clarkson&geo=US"
"prairie view vs baylor","10 mil+","12 de septiembre de 2026 a las 20:10:00 UTC-3","13 de septiembre de 2026 a las 2:30:00 UTC-3","prairie view vs baylor","./explore?q=prairie%20view%20vs%20baylor&geo=US"
"sling tv","10 mil+","13 de septiembre de 2026 a las 13:30:00 UTC-3","13 de septiembre de 2026 a las 16:20:00 UTC-3","sling tv","./explore?q=sling%20tv&geo=US"
"air traffic control","10 mil+","13 de septiembre de 2026 a las 19:50:00 UTC-3","13 de septiembre de 2026 a las 23:10:00 UTC-3","air traffic control,flight cancellation and delay,heathrow airport","./explore?q=air%20traffic%20control&geo=US"
"unlv vs north texas","10 mil+","12 de septiembre de 2026 a las 15:50:00 UTC-3","13 de septiembre de 2026 a las 1:30:00 UTC-3","unlv vs north texas","./explore?q=unlv%20vs%20north%20texas&geo=US"
"uc davis vs smu","10 mil+","12 de septiembre de 2026 a las 16:10:00 UTC-3","12 de septiembre de 2026 a las 22:10:00 UTC-3","uc davis vs smu","./explore?q=uc%20davis%20vs%20smu&geo=US"
"mega millions ohio results september 11","10 mil+","12 de septiembre de 2026 a las 10:20:00 UTC-3","12 de septiembre de 2026 a las 21:20:00 UTC-3","mega millions ohio results september 11,lottery results today","./explore?q=mega%20millions%20ohio%20results%20september%2011&geo=US"
"carin leon","10 mil+","11 de septiembre de 2026 a las 0:50:00 UTC-3","12 de septiembre de 2026 a las 6:10:00 UTC-3","carin leon,carin leon las vegas","./explore?q=carin%20leon&geo=US"
"dan caine","10 mil+","10 de septiembre de 2026 a las 19:20:00 UTC-3","11 de septiembre de 2026 a las 19:00:00 UTC-3","dan caine","./explore?q=dan%20caine&geo=US"
"marcy borders","10 mil+","11 de septiembre de 2026 a las 13:50:00 UTC-3","12 de septiembre de 2026 a las 12:30:00 UTC-3","marcy borders","./explore?q=marcy%20borders&geo=US"
"kcen anchor jasmin caldwell move","10 mil+","11 de septiembre de 2026 a las 10:50:00 UTC-3","12 de septiembre de 2026 a las 10:10:00 UTC-3","kcen anchor jasmin caldwell move","./explore?q=kcen%20anchor%20jasmin%20caldwell%20move&geo=US"
"utah tech vs montana","10 mil+","12 de septiembre de 2026 a las 15:10:00 UTC-3","12 de septiembre de 2026 a las 22:00:00 UTC-3","utah tech vs montana","./explore?q=utah%20tech%20vs%20montana&geo=US"
"stony brook vs ball state","10 mil+","12 de septiembre de 2026 a las 14:10:00 UTC-3","12 de septiembre de 2026 a las 19:40:00 UTC-3","stony brook vs ball state","./explore?q=stony%20brook%20vs%20ball%20state&geo=US"
"bodie kahoun","10 mil+","11 de septiembre de 2026 a las 21:50:00 UTC-3","12 de septiembre de 2026 a las 20:30:00 UTC-3","bodie kahoun,boston college injury,bodie kahoun injury,boston college football injury","./explore?q=bodie%20kahoun&geo=US"
"america vs","10 mil+","13 de septiembre de 2026 a las 0:30:00 UTC-3","13 de septiembre de 2026 a las 3:40:00 UTC-3","america vs,américa - tigres uanl,tigres uanl","./explore?q=america%20vs&geo=US"
"betty ong","10 mil+","11 de septiembre de 2026 a las 9:10:00 UTC-3","12 de septiembre de 2026 a las 10:20:00 UTC-3","betty ong,betty ong flight 11 phone call","./explore?q=betty%20ong&geo=US"
"wcu vs cincinnati","10 mil+","12 de septiembre de 2026 a las 19:10:00 UTC-3","13 de septiembre de 2026 a las 0:50:00 UTC-3","wcu vs cincinnati,uc football","./explore?q=wcu%20vs%20cincinnati&geo=US"
"kayla saager","10 mil+","10 de septiembre de 2026 a las 18:40:00 UTC-3","12 de septiembre de 2026 a las 3:00:00 UTC-3","kayla saager","./explore?q=kayla%20saager&geo=US"
"saudi arabia","10 mil+","11 de septiembre de 2026 a las 9:50:00 UTC-3","12 de septiembre de 2026 a las 12:00:00 UTC-3","saudi arabia","./explore?q=saudi%20arabia&geo=US"
"athletic - elche c. f.","10 mil+","12 de septiembre de 2026 a las 12:40:00 UTC-3","12 de septiembre de 2026 a las 18:00:00 UTC-3","athletic - elche c. f.","./explore?q=athletic%20-%20elche%20c.%20f.&geo=US"
"deportación","10 mil+","10 de septiembre de 2026 a las 11:20:00 UTC-3","11 de septiembre de 2026 a las 13:20:00 UTC-3","deportación","./explore?q=deportaci%C3%B3n&geo=US"
"usc","10 mil+","13 de septiembre de 2026 a las 0:10:00 UTC-3","13 de septiembre de 2026 a las 4:40:00 UTC-3","usc","./explore?q=usc&geo=US"
"husker football schedule","10 mil+","12 de septiembre de 2026 a las 10:00:00 UTC-3","13 de septiembre de 2026 a las 0:20:00 UTC-3","husker football schedule,nebraska volleyball score,husker volleyball","./explore?q=husker%20football%20schedule&geo=US"
"genelle guzman","10 mil+","12 de septiembre de 2026 a las 21:20:00 UTC-3","13 de septiembre de 2026 a las 4:10:00 UTC-3","genelle guzman,genelle guzman-mcmillan,robin roberts","./explore?q=genelle%20guzman&geo=US"
"how many firefighters died in 9/11","10 mil+","11 de septiembre de 2026 a las 8:40:00 UTC-3","12 de septiembre de 2026 a las 3:50:00 UTC-3","how many firefighters died in 9/11","./explore?q=how%20many%20firefighters%20died%20in%209%2F11&geo=US"
"lafc vs sporting kc","10 mil+","12 de septiembre de 2026 a las 20:50:00 UTC-3","13 de septiembre de 2026 a las 1:50:00 UTC-3","lafc vs sporting kc,lafc - sporting kc","./explore?q=lafc%20vs%20sporting%20kc&geo=US"
"santos vs cruzeiro","10 mil+","12 de septiembre de 2026 a las 20:10:00 UTC-3","13 de septiembre de 2026 a las 1:00:00 UTC-3","santos vs cruzeiro,santos x cruzeiro,santos - cruzeiro","./explore?q=santos%20vs%20cruzeiro&geo=US"
"athletic vs elche","10 mil+","12 de septiembre de 2026 a las 12:40:00 UTC-3","12 de septiembre de 2026 a las 17:30:00 UTC-3","athletic vs elche,athletic bilbao vs elche cf standings,la liga stats,athletic bilbao","./explore?q=athletic%20vs%20elche&geo=US"
"pierce brosnan california home leaving","10 mil+","11 de septiembre de 2026 a las 23:00:00 UTC-3","12 de septiembre de 2026 a las 12:50:00 UTC-3","pierce brosnan california home leaving,pierce brosnan","./explore?q=pierce%20brosnan%20california%20home%20leaving&geo=US"
"dante moore","10 mil+","12 de septiembre de 2026 a las 15:20:00 UTC-3","12 de septiembre de 2026 a las 20:00:00 UTC-3","dante moore,2027 nfl mock draft,nfl mock draft 2027","./explore?q=dante%20moore&geo=US"
"middle tenn. vs marshall","10 mil+","12 de septiembre de 2026 a las 19:10:00 UTC-3","13 de septiembre de 2026 a las 0:30:00 UTC-3","middle tenn. vs marshall,marshall football","./explore?q=middle%20tenn.%20vs%20marshall&geo=US"
"summer pardi","10 mil+","11 de septiembre de 2026 a las 11:30:00 UTC-3","12 de septiembre de 2026 a las 8:30:00 UTC-3","summer pardi,jon pardi","./explore?q=summer%20pardi&geo=US"
"braves score","10 mil+","11 de septiembre de 2026 a las 21:40:00 UTC-3","13 de septiembre de 2026 a las 18:20:00 UTC-3","braves score,brewers standings","./explore?q=braves%20score&geo=US"
"aston villa vs nottm forest","10 mil+","12 de septiembre de 2026 a las 10:10:00 UTC-3","12 de septiembre de 2026 a las 18:50:00 UTC-3","aston villa vs nottm forest,aston villa","./explore?q=aston%20villa%20vs%20nottm%20forest&geo=US"
"stuart fails to save the universe","10 mil+","11 de septiembre de 2026 a las 7:20:00 UTC-3","12 de septiembre de 2026 a las 13:50:00 UTC-3","stuart fails to save the universe","./explore?q=stuart%20fails%20to%20save%20the%20universe&geo=US"
"jessie rosas","10 mil+","12 de septiembre de 2026 a las 14:40:00 UTC-3","13 de septiembre de 2026 a las 2:30:00 UTC-3","jessie rosas,sean king iii,raul rosas jr,sean king","./explore?q=jessie%20rosas&geo=US"
"pardon","10 mil+","13 de septiembre de 2026 a las 18:30:00 UTC-3","13 de septiembre de 2026 a las 21:00:00 UTC-3","pardon,lindsay clancy jurors,jury,gayle king,jurors lindsay clancy trial","./explore?q=pardon&geo=US"
"brandon aubrey","10 mil+","13 de septiembre de 2026 a las 22:50:00 UTC-3","14 de septiembre de 2026 a las 1:20:00 UTC-3","brandon aubrey,malik davis,malik davis injury,calais campbell","./explore?q=brandon%20aubrey&geo=US"
"seattle sounders vs la galaxy","10 mil+","12 de septiembre de 2026 a las 22:50:00 UTC-3","13 de septiembre de 2026 a las 3:30:00 UTC-3","seattle sounders vs la galaxy,la galaxy,seattle sounders - la galaxy,sounders","./explore?q=seattle%20sounders%20vs%20la%20galaxy&geo=US"
"jax state vs ohio","10 mil+","12 de septiembre de 2026 a las 18:20:00 UTC-3","13 de septiembre de 2026 a las 0:00:00 UTC-3","jax state vs ohio,ohio university football","./explore?q=jax%20state%20vs%20ohio&geo=US"
"mets - yankees","10 mil+","11 de septiembre de 2026 a las 19:20:00 UTC-3","12 de septiembre de 2026 a las 18:20:00 UTC-3","mets - yankees,mets yankees game,yankees game","./explore?q=mets%20-%20yankees&geo=US"
"blake corum","10 mil+","10 de septiembre de 2026 a las 19:00:00 UTC-3","11 de septiembre de 2026 a las 9:10:00 UTC-3","blake corum","./explore?q=blake%20corum&geo=US"
"rooney mara","10 mil+","9 de septiembre de 2026 a las 19:10:00 UTC-3","10 de septiembre de 2026 a las 15:50:00 UTC-3","rooney mara","./explore?q=rooney%20mara&geo=US"
"fbi","10 mil+","10 de septiembre de 2026 a las 9:50:00 UTC-3","11 de septiembre de 2026 a las 21:20:00 UTC-3","fbi","./explore?q=fbi&geo=US"
"denver nuggets","10 mil+","9 de septiembre de 2026 a las 15:10:00 UTC-3","10 de septiembre de 2026 a las 15:00:00 UTC-3","denver nuggets","./explore?q=denver%20nuggets&geo=US"
"dortmund vs paderborn","10 mil+","12 de septiembre de 2026 a las 9:40:00 UTC-3","12 de septiembre de 2026 a las 13:40:00 UTC-3","dortmund vs paderborn,dortmund - paderborn,dortmund,borussia dortmund","./explore?q=dortmund%20vs%20paderborn&geo=US"
"sandra bullock 2010 oscar win","10 mil+","11 de septiembre de 2026 a las 1:50:00 UTC-3","11 de septiembre de 2026 a las 15:10:00 UTC-3","sandra bullock 2010 oscar win","./explore?q=sandra%20bullock%202010%20oscar%20win&geo=US"
"sf 49ers","10 mil+","10 de septiembre de 2026 a las 19:20:00 UTC-3","11 de septiembre de 2026 a las 9:40:00 UTC-3","sf 49ers","./explore?q=sf%2049ers&geo=US"
"palace vs ipswich town","10 mil+","12 de septiembre de 2026 a las 10:00:00 UTC-3","12 de septiembre de 2026 a las 14:20:00 UTC-3","palace vs ipswich town,crystal palace,crystal palace - ipswich,crystal palace f.c. vs ipswich town standings","./explore?q=palace%20vs%20ipswich%20town&geo=US"
"sabalenka boyfriend","10 mil+","12 de septiembre de 2026 a las 17:50:00 UTC-3","12 de septiembre de 2026 a las 20:30:00 UTC-3","sabalenka boyfriend,georgios frangulis,sabalenka husband,sabalenka fiance","./explore?q=sabalenka%20boyfriend&geo=US"
"alianza lima - universitario","10 mil+","12 de septiembre de 2026 a las 21:30:00 UTC-3","13 de septiembre de 2026 a las 1:10:00 UTC-3","alianza lima - universitario,alianza lima vs universitario,alianza lima","./explore?q=alianza%20lima%20-%20universitario&geo=US"
"dennis rodman","10 mil+","11 de septiembre de 2026 a las 20:40:00 UTC-3","12 de septiembre de 2026 a las 1:20:00 UTC-3","dennis rodman","./explore?q=dennis%20rodman&geo=US"
"pete buttigieg","10 mil+","9 de septiembre de 2026 a las 0:00:00 UTC-3","10 de septiembre de 2026 a las 1:50:00 UTC-3","pete buttigieg","./explore?q=pete%20buttigieg&geo=US"
"curtis blaydes","10 mil+","12 de septiembre de 2026 a las 17:30:00 UTC-3","12 de septiembre de 2026 a las 20:30:00 UTC-3","curtis blaydes,waldo cortes-acosta,waldo cortes acosta","./explore?q=curtis%20blaydes&geo=US"
"premier league standings","10 mil+","12 de septiembre de 2026 a las 12:50:00 UTC-3","12 de septiembre de 2026 a las 19:00:00 UTC-3","premier league standings,premier league table","./explore?q=premier%20league%20standings&geo=US"
"oracle stock","10 mil+","10 de septiembre de 2026 a las 11:30:00 UTC-3","11 de septiembre de 2026 a las 14:50:00 UTC-3","oracle stock","./explore?q=oracle%20stock&geo=US"
"matt stafford","10 mil+","10 de septiembre de 2026 a las 21:00:00 UTC-3","11 de septiembre de 2026 a las 10:10:00 UTC-3","matt stafford,renardo green","./explore?q=matt%20stafford&geo=US"
"ashley st clair","10 mil+","8 de septiembre de 2026 a las 14:10:00 UTC-3","10 de septiembre de 2026 a las 8:50:00 UTC-3","ashley st clair","./explore?q=ashley%20st%20clair&geo=US"
"sophie cunningham wnba sacrifices","10 mil+","9 de septiembre de 2026 a las 17:10:00 UTC-3","10 de septiembre de 2026 a las 9:50:00 UTC-3","sophie cunningham wnba sacrifices","./explore?q=sophie%20cunningham%20wnba%20sacrifices&geo=US"
"cleveland cavaliers","10 mil+","9 de septiembre de 2026 a las 19:50:00 UTC-3","10 de septiembre de 2026 a las 18:40:00 UTC-3","cleveland cavaliers","./explore?q=cleveland%20cavaliers&geo=US"
"jsn","10 mil+","9 de septiembre de 2026 a las 20:50:00 UTC-3","10 de septiembre de 2026 a las 12:40:00 UTC-3","jsn,maria taylor,tomlin","./explore?q=jsn&geo=US"
"josue de paula","10 mil+","11 de septiembre de 2026 a las 19:50:00 UTC-3","12 de septiembre de 2026 a las 0:20:00 UTC-3","josue de paula,dodgers - marlins,mookie betts","./explore?q=josue%20de%20paula&geo=US"
"grumpys restaurant owner found dead","10 mil+","9 de septiembre de 2026 a las 22:10:00 UTC-3","10 de septiembre de 2026 a las 12:50:00 UTC-3","grumpys restaurant owner found dead","./explore?q=grumpys%20restaurant%20owner%20found%20dead&geo=US"
"predictive intelligence targeting teams","10 mil+","9 de septiembre de 2026 a las 22:00:00 UTC-3","10 de septiembre de 2026 a las 11:50:00 UTC-3","predictive intelligence targeting teams","./explore?q=predictive%20intelligence%20targeting%20teams&geo=US"
"emma heming willis","10 mil+","9 de septiembre de 2026 a las 21:00:00 UTC-3","10 de septiembre de 2026 a las 12:40:00 UTC-3","emma heming willis","./explore?q=emma%20heming%20willis&geo=US"
"braves game","10 mil+","11 de septiembre de 2026 a las 20:40:00 UTC-3","12 de septiembre de 2026 a las 1:20:00 UTC-3","braves game,braves standings,phillies - braves,braves game today,ronald acuña jr.,tyler mahle,phillies game,drake baldwin,mlb scores today,atlanta braves vs phillies match player stats","./explore?q=braves%20game&geo=US"
"derek jeter","10 mil+","11 de septiembre de 2026 a las 9:10:00 UTC-3","12 de septiembre de 2026 a las 12:40:00 UTC-3","derek jeter,cody bellinger,brielle saracini,yankee game today,yankees game,lee greenwood,mets game today,joe torre","./explore?q=derek%20jeter&geo=US"
"the voice judges 2026","10 mil+","13 de septiembre de 2026 a las 22:00:00 UTC-3","14 de septiembre de 2026 a las 0:40:00 UTC-3","the voice judges 2026,the voice uk,tom jones fired from the voice,tom jones the voice","./explore?q=the%20voice%20judges%202026&geo=US"
"jaclyn smith","10 mil+","8 de septiembre de 2026 a las 9:00:00 UTC-3","9 de septiembre de 2026 a las 11:00:00 UTC-3","jaclyn smith","./explore?q=jaclyn%20smith&geo=US"
"crew girl cast","10 mil+","11 de septiembre de 2026 a las 21:30:00 UTC-3","12 de septiembre de 2026 a las 5:00:00 UTC-3","crew girl cast,crew girl netflix","./explore?q=crew%20girl%20cast&geo=US"
"joel schiffman","10 mil+","10 de septiembre de 2026 a las 14:40:00 UTC-3","11 de septiembre de 2026 a las 11:30:00 UTC-3","joel schiffman,hoda kotb","./explore?q=joel%20schiffman&geo=US"
"bruce springsteen","10 mil+","10 de septiembre de 2026 a las 1:40:00 UTC-3","11 de septiembre de 2026 a las 1:30:00 UTC-3","bruce springsteen","./explore?q=bruce%20springsteen&geo=US"
"impuesto","10 mil+","9 de septiembre de 2026 a las 17:40:00 UTC-3","10 de septiembre de 2026 a las 8:30:00 UTC-3","impuesto","./explore?q=impuesto&geo=US"
"stephen curry","10 mil+","8 de septiembre de 2026 a las 18:00:00 UTC-3","9 de septiembre de 2026 a las 10:30:00 UTC-3","stephen curry","./explore?q=stephen%20curry&geo=US"
"julian love","10 mil+","9 de septiembre de 2026 a las 21:40:00 UTC-3","10 de septiembre de 2026 a las 10:00:00 UTC-3","julian love","./explore?q=julian%20love&geo=US"
"arbor","10 mil+","9 de septiembre de 2026 a las 4:50:00 UTC-3","10 de septiembre de 2026 a las 1:30:00 UTC-3","arbor","./explore?q=arbor&geo=US"
"francisco lindor","10 mil+","12 de septiembre de 2026 a las 14:50:00 UTC-3","12 de septiembre de 2026 a las 20:00:00 UTC-3","francisco lindor,gerrit cole,mets,ny mets,new york mets","./explore?q=francisco%20lindor&geo=US"
"is aaron donald playing week 1","10 mil+","10 de septiembre de 2026 a las 20:10:00 UTC-3","11 de septiembre de 2026 a las 1:10:00 UTC-3","is aaron donald playing week 1,why is aaron donald not playing,is aaron donald playing tonight,is aaron donald playing today","./explore?q=is%20aaron%20donald%20playing%20week%201&geo=US"
"jason bard yarmosky","10 mil+","12 de septiembre de 2026 a las 6:50:00 UTC-3","12 de septiembre de 2026 a las 13:10:00 UTC-3","jason bard yarmosky,katie holmes,katie holmes boyfriend","./explore?q=jason%20bard%20yarmosky&geo=US"
"elle duncan","10 mil+","10 de septiembre de 2026 a las 20:20:00 UTC-3","11 de septiembre de 2026 a las 8:30:00 UTC-3","elle duncan,michael irvin,netflix nfl","./explore?q=elle%20duncan&geo=US"
"karen read","10 mil+","9 de septiembre de 2026 a las 22:40:00 UTC-3","10 de septiembre de 2026 a las 14:50:00 UTC-3","karen read","./explore?q=karen%20read&geo=US"
"elizabeth holmes what did she do","10 mil+","7 de septiembre de 2026 a las 19:50:00 UTC-3","9 de septiembre de 2026 a las 9:10:00 UTC-3","elizabeth holmes what did she do","./explore?q=elizabeth%20holmes%20what%20did%20she%20do&geo=US"
"gwen stefani dog betty passes","10 mil+","7 de septiembre de 2026 a las 9:00:00 UTC-3","8 de septiembre de 2026 a las 11:20:00 UTC-3","gwen stefani dog betty passes","./explore?q=gwen%20stefani%20dog%20betty%20passes&geo=US"
"social security trust fund","10 mil+","7 de septiembre de 2026 a las 19:20:00 UTC-3","8 de septiembre de 2026 a las 13:50:00 UTC-3","social security trust fund","./explore?q=social%20security%20trust%20fund&geo=US"
"nick nolte","10 mil+","9 de septiembre de 2026 a las 20:20:00 UTC-3","10 de septiembre de 2026 a las 9:20:00 UTC-3","nick nolte","./explore?q=nick%20nolte&geo=US"
"liv golf","10 mil+","8 de septiembre de 2026 a las 17:50:00 UTC-3","9 de septiembre de 2026 a las 11:30:00 UTC-3","liv golf,liv golf bankruptcy filing","./explore?q=liv%20golf&geo=US"
"iranian strikes jordan air base","10 mil+","10 de septiembre de 2026 a las 12:20:00 UTC-3","10 de septiembre de 2026 a las 20:10:00 UTC-3","iranian strikes jordan air base,f","./explore?q=iranian%20strikes%20jordan%20air%20base&geo=US"
"george holani","10 mil+","9 de septiembre de 2026 a las 12:20:00 UTC-3","10 de septiembre de 2026 a las 2:30:00 UTC-3","george holani","./explore?q=george%20holani&geo=US"
"boat","10 mil+","8 de septiembre de 2026 a las 18:40:00 UTC-3","9 de septiembre de 2026 a las 9:30:00 UTC-3","boat","./explore?q=boat&geo=US"
"doug the bachelorette","10 mil+","10 de septiembre de 2026 a las 14:40:00 UTC-3","11 de septiembre de 2026 a las 3:40:00 UTC-3","doug the bachelorette,doug bachelorette","./explore?q=doug%20the%20bachelorette&geo=US"
"casey affleck","10 mil+","8 de septiembre de 2026 a las 20:00:00 UTC-3","9 de septiembre de 2026 a las 11:20:00 UTC-3","casey affleck,ben affleck","./explore?q=casey%20affleck&geo=US"
"florida","10 mil+","8 de septiembre de 2026 a las 12:50:00 UTC-3","9 de septiembre de 2026 a las 10:00:00 UTC-3","florida","./explore?q=florida&geo=US"
"severe el nino winter weather outlook","10 mil+","7 de septiembre de 2026 a las 17:00:00 UTC-3","8 de septiembre de 2026 a las 9:20:00 UTC-3","severe el nino winter weather outlook","./explore?q=severe%20el%20nino%20winter%20weather%20outlook&geo=US"
"xbox game pass cloud gaming limits","10 mil+","7 de septiembre de 2026 a las 12:50:00 UTC-3","8 de septiembre de 2026 a las 9:40:00 UTC-3","xbox game pass cloud gaming limits,tv app","./explore?q=xbox%20game%20pass%20cloud%20gaming%20limits&geo=US"
"ken carson","10 mil+","9 de septiembre de 2026 a las 15:20:00 UTC-3","11 de septiembre de 2026 a las 8:50:00 UTC-3","ken carson","./explore?q=ken%20carson&geo=US"
"alice weidel","10 mil+","7 de septiembre de 2026 a las 9:40:00 UTC-3","8 de septiembre de 2026 a las 20:10:00 UTC-3","alice weidel,electoral fraud,afd germany","./explore?q=alice%20weidel&geo=US"
"geomagnetic storm","10 mil+","7 de septiembre de 2026 a las 17:40:00 UTC-3","8 de septiembre de 2026 a las 14:30:00 UTC-3","geomagnetic storm,aurora forecast,aurora borealis,northern lights","./explore?q=geomagnetic%20storm&geo=US"
"malcolm-jamal warner","10 mil+","8 de septiembre de 2026 a las 17:20:00 UTC-3","9 de septiembre de 2026 a las 16:10:00 UTC-3","malcolm-jamal warner","./explore?q=malcolm-jamal%20warner&geo=US"
"judge judy","10 mil+","11 de septiembre de 2026 a las 19:00:00 UTC-3","12 de septiembre de 2026 a las 1:40:00 UTC-3","judge judy,adam levy","./explore?q=judge%20judy&geo=US"
"donald trump air force one slide","10 mil+","9 de septiembre de 2026 a las 17:10:00 UTC-3","10 de septiembre de 2026 a las 1:20:00 UTC-3","donald trump air force one slide,air force one","./explore?q=donald%20trump%20air%20force%20one%20slide&geo=US"
"boca juniors - central córdoba","10 mil+","11 de septiembre de 2026 a las 20:50:00 UTC-3","12 de septiembre de 2026 a las 0:30:00 UTC-3","boca juniors - central córdoba,boca vs central córdoba,boca juniors,posiciones de boca juniors contra central córdoba","./explore?q=boca%20juniors%20-%20central%20c%C3%B3rdoba&geo=US"
"mls standings","10 mil+","9 de septiembre de 2026 a las 21:30:00 UTC-3","10 de septiembre de 2026 a las 9:30:00 UTC-3","mls standings,nashville vs toronto,nashville sc - toronto","./explore?q=mls%20standings&geo=US"
"cattle","10 mil+","9 de septiembre de 2026 a las 13:10:00 UTC-3","9 de septiembre de 2026 a las 21:00:00 UTC-3","cattle","./explore?q=cattle&geo=US"
"p valley","10 mil+","10 de septiembre de 2026 a las 14:50:00 UTC-3","11 de septiembre de 2026 a las 2:00:00 UTC-3","p valley,p-valley season 3,p valley season 3,p-valley final season release date,pvalley","./explore?q=p%20valley&geo=US"
"patrick mahomes","10 mil+","14 de septiembre de 2026 a las 0:50:00 UTC-3","14 de septiembre de 2026 a las 1:20:00 UTC-3","patrick mahomes,jason kelce","./explore?q=patrick%20mahomes&geo=US"
"philadelphia 76ers","10 mil+","9 de septiembre de 2026 a las 16:30:00 UTC-3","10 de septiembre de 2026 a las 0:50:00 UTC-3","philadelphia 76ers","./explore?q=philadelphia%2076ers&geo=US"
"getty fire","10 mil+","9 de septiembre de 2026 a las 20:40:00 UTC-3","10 de septiembre de 2026 a las 4:50:00 UTC-3","getty fire,fire los angeles,la fire,fire near me,getty center","./explore?q=getty%20fire&geo=US"
"wyatt young","10 mil+","12 de septiembre de 2026 a las 16:00:00 UTC-3","12 de septiembre de 2026 a las 19:30:00 UTC-3","wyatt young,dylan edwards,jj buchanan,middlesbrough vs norwich city,jamal roberts,nate frazier","./explore?q=wyatt%20young&geo=US"
"junior caminero","10 mil+","11 de septiembre de 2026 a las 22:30:00 UTC-3","12 de septiembre de 2026 a las 10:10:00 UTC-3","junior caminero,astros - rays,rays,tampa bay rays","./explore?q=junior%20caminero&geo=US"
"stefon diggs","10 mil+","9 de septiembre de 2026 a las 14:00:00 UTC-3","10 de septiembre de 2026 a las 2:00:00 UTC-3","stefon diggs","./explore?q=stefon%20diggs&geo=US"
"nick jonas","10 mil+","10 de septiembre de 2026 a las 23:00:00 UTC-3","11 de septiembre de 2026 a las 2:00:00 UTC-3","nick jonas,christian mccaffrey wife","./explore?q=nick%20jonas&geo=US"
"gta 6 controller","10 mil+","10 de septiembre de 2026 a las 10:30:00 UTC-3","10 de septiembre de 2026 a las 18:30:00 UTC-3","gta 6 controller,playstation direct,grand theft auto vi ps5 controller,gta 6 ps5 controller,gta 6 controller pre order,ps direct","./explore?q=gta%206%20controller&geo=US"
"noah eagle","10 mil+","10 de septiembre de 2026 a las 21:20:00 UTC-3","11 de septiembre de 2026 a las 1:10:00 UTC-3","noah eagle","./explore?q=noah%20eagle&geo=US"
"david rubenstein buys blue sculpture","10 mil+","7 de septiembre de 2026 a las 17:30:00 UTC-3","8 de septiembre de 2026 a las 10:30:00 UTC-3","david rubenstein buys blue sculpture","./explore?q=david%20rubenstein%20buys%20blue%20sculpture&geo=US"
"quentin lake","10 mil+","10 de septiembre de 2026 a las 22:10:00 UTC-3","11 de septiembre de 2026 a las 8:30:00 UTC-3","quentin lake,nfl kickoff","./explore?q=quentin%20lake&geo=US"
"trump 9/11","10 mil+","8 de septiembre de 2026 a las 16:20:00 UTC-3","9 de septiembre de 2026 a las 13:10:00 UTC-3","trump 9/11,where was trump on 9/11,where was trump on 9/11/01,ted cruz,kaitlan collins,facts","./explore?q=trump%209%2F11&geo=US"
"china","10 mil+","8 de septiembre de 2026 a las 12:40:00 UTC-3","9 de septiembre de 2026 a las 13:10:00 UTC-3","china","./explore?q=china&geo=US"
"the chainsmokers concert emergency services","10 mil+","8 de septiembre de 2026 a las 13:10:00 UTC-3","9 de septiembre de 2026 a las 7:50:00 UTC-3","the chainsmokers concert emergency services","./explore?q=the%20chainsmokers%20concert%20emergency%20services&geo=US"
"federal court clean drinking water","10 mil+","7 de septiembre de 2026 a las 21:40:00 UTC-3","8 de septiembre de 2026 a las 10:40:00 UTC-3","federal court clean drinking water,5th circuit court clean drinking water,constitutional right","./explore?q=federal%20court%20clean%20drinking%20water&geo=US"
"the inbetweeners 3 netflix announcement","10 mil+","7 de septiembre de 2026 a las 11:20:00 UTC-3","7 de septiembre de 2026 a las 21:00:00 UTC-3","the inbetweeners 3 netflix announcement","./explore?q=the%20inbetweeners%203%20netflix%20announcement&geo=US"
"aj barner","10 mil+","9 de septiembre de 2026 a las 17:30:00 UTC-3","10 de septiembre de 2026 a las 1:30:00 UTC-3","aj barner","./explore?q=aj%20barner&geo=US"
"ny red bulls vs lafc","10 mil+","9 de septiembre de 2026 a las 23:00:00 UTC-3","10 de septiembre de 2026 a las 8:50:00 UTC-3","ny red bulls vs lafc,new york rb - lafc,ny red bulls vs lafc standings","./explore?q=ny%20red%20bulls%20vs%20lafc&geo=US"
"raheem morris","10 mil+","10 de septiembre de 2026 a las 21:30:00 UTC-3","11 de septiembre de 2026 a las 1:40:00 UTC-3","raheem morris,49ers defensive coordinator","./explore?q=raheem%20morris&geo=US"
"sony playstation 5 graphics upgrade","10 mil+","8 de septiembre de 2026 a las 10:00:00 UTC-3","8 de septiembre de 2026 a las 20:20:00 UTC-3","sony playstation 5 graphics upgrade,playstation 5 update 14.0 sony","./explore?q=sony%20playstation%205%20graphics%20upgrade&geo=US"
"dianna russini","10 mil+","9 de septiembre de 2026 a las 20:50:00 UTC-3","10 de septiembre de 2026 a las 1:40:00 UTC-3","dianna russini,mike vrabel dianna russini","./explore?q=dianna%20russini&geo=US"
"bayern munich","10 mil+","10 de septiembre de 2026 a las 16:30:00 UTC-3","10 de septiembre de 2026 a las 19:10:00 UTC-3","bayern munich,sabah fk","./explore?q=bayern%20munich&geo=US"
"jd vance gop midterm convention","10 mil+","10 de septiembre de 2026 a las 18:00:00 UTC-3","10 de septiembre de 2026 a las 23:00:00 UTC-3","jd vance gop midterm convention,republican midterm convention,rnc convention 2026,msnow,go,huffpost,m","./explore?q=jd%20vance%20gop%20midterm%20convention&geo=US"
"orlando city vs atlanta united","10 mil+","9 de septiembre de 2026 a las 19:40:00 UTC-3","10 de septiembre de 2026 a las 0:40:00 UTC-3","orlando city vs atlanta united,orlando city - atlanta united,atlanta united","./explore?q=orlando%20city%20vs%20atlanta%20united&geo=US"
"hunter henry","10 mil+","9 de septiembre de 2026 a las 19:40:00 UTC-3","10 de septiembre de 2026 a las 1:30:00 UTC-3","hunter henry","./explore?q=hunter%20henry&geo=US"
"losc vs betis","10 mil+","8 de septiembre de 2026 a las 15:10:00 UTC-3","8 de septiembre de 2026 a las 20:00:00 UTC-3","losc vs betis","./explore?q=losc%20vs%20betis&geo=US"
"lioness season 3 episode 7","10 mil+","13 de septiembre de 2026 a las 1:50:00 UTC-3","13 de septiembre de 2026 a las 5:20:00 UTC-3","lioness season 3 episode 7,how many episodes in lioness season 3,lioness season 3 how many episodes","./explore?q=lioness%20season%203%20episode%207&geo=US"
"nicolas cage","10 mil+","9 de septiembre de 2026 a las 0:10:00 UTC-3","10 de septiembre de 2026 a las 2:50:00 UTC-3","nicolas cage,nicolas cage malibu home damage,sinkhole nicolas cage,nicolas cage malibu sinkhole","./explore?q=nicolas%20cage&geo=US"
"sega super game project canceled","10 mil+","7 de septiembre de 2026 a las 8:50:00 UTC-3","7 de septiembre de 2026 a las 20:00:00 UTC-3","sega super game project canceled","./explore?q=sega%20super%20game%20project%20canceled&geo=US"
"dortmund vs villarreal","10 mil+","8 de septiembre de 2026 a las 15:10:00 UTC-3","8 de septiembre de 2026 a las 20:20:00 UTC-3","dortmund vs villarreal","./explore?q=dortmund%20vs%20villarreal&geo=US"
"botic van de zandschulp","10 mil+","7 de septiembre de 2026 a las 18:00:00 UTC-3","8 de septiembre de 2026 a las 8:20:00 UTC-3","botic van de zandschulp,alexander zverev","./explore?q=botic%20van%20de%20zandschulp&geo=US"
"happy days cast linda purl","10 mil+","7 de septiembre de 2026 a las 16:00:00 UTC-3","8 de septiembre de 2026 a las 2:40:00 UTC-3","happy days cast linda purl","./explore?q=happy%20days%20cast%20linda%20purl&geo=US"
"bbc news","10 mil+","9 de septiembre de 2026 a las 16:30:00 UTC-3","10 de septiembre de 2026 a las 8:00:00 UTC-3","bbc news","./explore?q=bbc%20news&geo=US"
"trump canada","10 mil+","8 de septiembre de 2026 a las 1:20:00 UTC-3","8 de septiembre de 2026 a las 13:20:00 UTC-3","trump canada,united states","./explore?q=trump%20canada&geo=US"
"ben shelton parents","10 mil+","9 de septiembre de 2026 a las 0:10:00 UTC-3","9 de septiembre de 2026 a las 11:50:00 UTC-3","ben shelton parents,bryan shelton,ben shelton net worth","./explore?q=ben%20shelton%20parents&geo=US"
"sukhoi su-35","10 mil+","7 de septiembre de 2026 a las 16:50:00 UTC-3","8 de septiembre de 2026 a las 10:00:00 UTC-3","sukhoi su-35","./explore?q=sukhoi%20su-35&geo=US"
"taylor sheridan action thriller netflix","10 mil+","7 de septiembre de 2026 a las 12:50:00 UTC-3","8 de septiembre de 2026 a las 9:50:00 UTC-3","taylor sheridan action thriller netflix","./explore?q=taylor%20sheridan%20action%20thriller%20netflix&geo=US"
"dólar estadounidense","10 mil+","10 de septiembre de 2026 a las 17:50:00 UTC-3","10 de septiembre de 2026 a las 21:40:00 UTC-3","dólar estadounidense","./explore?q=d%C3%B3lar%20estadounidense&geo=US"
"dunkin free pumpkin spice latte","10 mil+","8 de septiembre de 2026 a las 12:50:00 UTC-3","8 de septiembre de 2026 a las 21:30:00 UTC-3","dunkin free pumpkin spice latte,free pumpkin spice latte dunkin","./explore?q=dunkin%20free%20pumpkin%20spice%20latte&geo=US"
"super bowl 2027","10 mil+","9 de septiembre de 2026 a las 19:30:00 UTC-3","10 de septiembre de 2026 a las 1:40:00 UTC-3","super bowl 2027,miley cyrus super bowl,super bowl halftime show 2027","./explore?q=super%20bowl%202027&geo=US"
"fighter pilot","10 mil+","7 de septiembre de 2026 a las 10:40:00 UTC-3","8 de septiembre de 2026 a las 8:00:00 UTC-3","fighter pilot","./explore?q=fighter%20pilot&geo=US"
"long beach","10 mil+","7 de septiembre de 2026 a las 13:00:00 UTC-3","8 de septiembre de 2026 a las 4:10:00 UTC-3","long beach","./explore?q=long%20beach&geo=US"
"kenneth walker","10 mil+","9 de septiembre de 2026 a las 21:00:00 UTC-3","10 de septiembre de 2026 a las 1:00:00 UTC-3","kenneth walker,kenneth walker iii","./explore?q=kenneth%20walker&geo=US"
"russell wilson","10 mil+","9 de septiembre de 2026 a las 21:20:00 UTC-3","10 de septiembre de 2026 a las 1:20:00 UTC-3","russell wilson","./explore?q=russell%20wilson&geo=US"
"game of thrones","10 mil+","7 de septiembre de 2026 a las 11:30:00 UTC-3","8 de septiembre de 2026 a las 6:50:00 UTC-3","game of thrones","./explore?q=game%20of%20thrones&geo=US"
"nationals vs padres","10 mil+","9 de septiembre de 2026 a las 17:00:00 UTC-3","9 de septiembre de 2026 a las 20:30:00 UTC-3","nationals vs padres,padres game today,jackson merrill,padres schedule","./explore?q=nationals%20vs%20padres&geo=US"
"pink","10 mil+","7 de septiembre de 2026 a las 18:10:00 UTC-3","8 de septiembre de 2026 a las 10:20:00 UTC-3","pink,ed sheeran,ed sheeran macklemore,macklemore ed sheeran","./explore?q=pink&geo=US"
"oj simpson","10 mil+","7 de septiembre de 2026 a las 8:40:00 UTC-3","8 de septiembre de 2026 a las 4:30:00 UTC-3","oj simpson","./explore?q=oj%20simpson&geo=US"
"jimbo fisher","10 mil+","7 de septiembre de 2026 a las 20:00:00 UTC-3","8 de septiembre de 2026 a las 1:00:00 UTC-3","jimbo fisher,taylor tannebaum","./explore?q=jimbo%20fisher&geo=US"
"blue jays","10 mil+","7 de septiembre de 2026 a las 23:00:00 UTC-3","8 de septiembre de 2026 a las 9:00:00 UTC-3","blue jays,athletics","./explore?q=blue%20jays&geo=US"
"patrick mahomes dad","10 mil+","7 de septiembre de 2026 a las 19:20:00 UTC-3","8 de septiembre de 2026 a las 2:00:00 UTC-3","patrick mahomes dad,patrick mahomes sr probation travel motion","./explore?q=patrick%20mahomes%20dad&geo=US"
"boca vs são paulo","10 mil+","8 de septiembre de 2026 a las 20:50:00 UTC-3","9 de septiembre de 2026 a las 1:00:00 UTC-3","boca vs são paulo,boca juniors - são paulo,boca juniors x são paulo","./explore?q=boca%20vs%20s%C3%A3o%20paulo&geo=US"
"nfl sunday ticket","10 mil+","9 de septiembre de 2026 a las 20:30:00 UTC-3","10 de septiembre de 2026 a las 0:30:00 UTC-3","nfl sunday ticket,how many nfl games are on netflix this year,sunday ticket,nfl sunday ticket price,nfl redzone","./explore?q=nfl%20sunday%20ticket&geo=US"
"new mexico new america","10 mil+","7 de septiembre de 2026 a las 12:50:00 UTC-3","7 de septiembre de 2026 a las 22:50:00 UTC-3","new mexico new america,new mexico new america trump","./explore?q=new%20mexico%20new%20america&geo=US"
"at home","10 mil+","7 de septiembre de 2026 a las 9:20:00 UTC-3","7 de septiembre de 2026 a las 20:00:00 UTC-3","at home,child care,childcare","./explore?q=at%20home&geo=US"
"dortmund - villarreal","10 mil+","8 de septiembre de 2026 a las 15:10:00 UTC-3","8 de septiembre de 2026 a las 19:40:00 UTC-3","dortmund - villarreal","./explore?q=dortmund%20-%20villarreal&geo=US"
"travis kelce taylor swift manhattan date","10 mil+","7 de septiembre de 2026 a las 16:20:00 UTC-3","7 de septiembre de 2026 a las 21:30:00 UTC-3","travis kelce taylor swift manhattan date,tell me about taylor swift and travis kelce's recent date night in manhattan","./explore?q=travis%20kelce%20taylor%20swift%20manhattan%20date&geo=US"
"millwall vs newcastle","10 mil+","8 de septiembre de 2026 a las 15:10:00 UTC-3","8 de septiembre de 2026 a las 19:50:00 UTC-3","millwall vs newcastle,millwall - newcastle","./explore?q=millwall%20vs%20newcastle&geo=US"
"bournemouth vs lincoln city","10 mil+","8 de septiembre de 2026 a las 15:00:00 UTC-3","8 de septiembre de 2026 a las 20:10:00 UTC-3","bournemouth vs lincoln city,bournemouth - lincoln city","./explore?q=bournemouth%20vs%20lincoln%20city&geo=US"
"olympiacos fc","10 mil+","8 de septiembre de 2026 a las 16:50:00 UTC-3","8 de septiembre de 2026 a las 20:10:00 UTC-3","olympiacos fc,olympiacos","./explore?q=olympiacos%20fc&geo=US"
"gta 6 new zealand launch time","10 mil+","7 de septiembre de 2026 a las 17:40:00 UTC-3","7 de septiembre de 2026 a las 23:30:00 UTC-3","gta 6 new zealand launch time,gta6 release date","./explore?q=gta%206%20new%20zealand%20launch%20time&geo=US"
"iran war","10 mil+","9 de septiembre de 2026 a las 5:00:00 UTC-3","9 de septiembre de 2026 a las 19:20:00 UTC-3","iran war,gas prices,us-iran,oil prices,iran war news","./explore?q=iran%20war&geo=US"
"palace vs middlesbrough","10 mil+","8 de septiembre de 2026 a las 14:50:00 UTC-3","8 de septiembre de 2026 a las 18:50:00 UTC-3","palace vs middlesbrough,crystal palace - middlesbrough","./explore?q=palace%20vs%20middlesbrough&geo=US"
"kelly osbourne","10 mil+","8 de septiembre de 2026 a las 19:00:00 UTC-3","8 de septiembre de 2026 a las 21:40:00 UTC-3","kelly osbourne","./explore?q=kelly%20osbourne&geo=US"
"derek phillips","10 mil+","8 de septiembre de 2026 a las 14:20:00 UTC-3","9 de septiembre de 2026 a las 1:20:00 UTC-3","derek phillips,derek phillips hawkeye marching band,derek phillips iowa,university of iowa student derek phillips,iowa band member dies","./explore?q=derek%20phillips&geo=US"
"paramount","10 mil+","9 de septiembre de 2026 a las 14:00:00 UTC-3","9 de septiembre de 2026 a las 17:20:00 UTC-3","paramount","./explore?q=paramount&geo=US"
"jessica pegula husband","10 mil+","8 de septiembre de 2026 a las 21:30:00 UTC-3","9 de septiembre de 2026 a las 0:50:00 UTC-3","jessica pegula husband,taylor gahagen,pegula family","./explore?q=jessica%20pegula%20husband&geo=US"
"yahoo fantasy","10 mil+","7 de septiembre de 2026 a las 19:50:00 UTC-3","7 de septiembre de 2026 a las 22:50:00 UTC-3","yahoo fantasy","./explore?q=yahoo%20fantasy&geo=US"
"minnesota","10 mil+","7 de septiembre de 2026 a las 16:40:00 UTC-3","7 de septiembre de 2026 a las 21:30:00 UTC-3","minnesota","./explore?q=minnesota&geo=US"
"adidas","10 mil+","7 de septiembre de 2026 a las 11:50:00 UTC-3","7 de septiembre de 2026 a las 20:20:00 UTC-3","adidas","./explore?q=adidas&geo=US"
"coco gauff age","10 mil+","7 de septiembre de 2026 a las 20:10:00 UTC-3","7 de septiembre de 2026 a las 23:10:00 UTC-3","coco gauff age,how old is coco gauff","./explore?q=coco%20gauff%20age&geo=US"
"vinod khosla","10 mil+","9 de septiembre de 2026 a las 23:00:00 UTC-3","10 de septiembre de 2026 a las 0:20:00 UTC-3","vinod khosla,seahawks owner,khosla,khosla family,lumen,seattle seahawks owner,who owns the seattle seahawks,owner of seahawks","./explore?q=vinod%20khosla&geo=US"
"dwts premiere","10 mil+","8 de septiembre de 2026 a las 19:10:00 UTC-3","8 de septiembre de 2026 a las 23:20:00 UTC-3","dwts premiere,dancing with the stars 2026,when does dancing with the stars start,dancing with the stars start date,dancing with the stars - season 35","./explore?q=dwts%20premiere&geo=US"
"at&t internet outage","10 mil+","7 de septiembre de 2026 a las 16:10:00 UTC-3","7 de septiembre de 2026 a las 20:30:00 UTC-3","at&t internet outage,at&t outages,at&t internet outages,is att down,at&t outage map,internet,att fiber outage,att wifi outage,att down","./explore?q=at%26t%20internet%20outage&geo=US"
"san francisco giants","10 mil+","7 de septiembre de 2026 a las 21:30:00 UTC-3","8 de septiembre de 2026 a las 2:00:00 UTC-3","san francisco giants,sf giants,cardinals,shay whitcomb,giants game,alec burleson","./explore?q=san%20francisco%20giants&geo=US"
"extreme heat warning","10 mil+","8 de septiembre de 2026 a las 10:00:00 UTC-3","8 de septiembre de 2026 a las 16:20:00 UTC-3","extreme heat warning,%s,temperature","./explore?q=extreme%20heat%20warning&geo=US"
"mlb","10 mil+","7 de septiembre de 2026 a las 15:30:00 UTC-3","7 de septiembre de 2026 a las 17:00:00 UTC-3","mlb,thomas pannone","./explore?q=mlb&geo=US"
"yahoo finance","10 mil+","8 de septiembre de 2026 a las 10:30:00 UTC-3","8 de septiembre de 2026 a las 11:40:00 UTC-3","yahoo finance,s&p 500,dow,djia today","./explore?q=yahoo%20finance&geo=US"
"brewers","10 mil+","7 de septiembre de 2026 a las 18:00:00 UTC-3","7 de septiembre de 2026 a las 18:40:00 UTC-3","brewers,milwaukee brewers,brewers game","./explore?q=brewers&geo=US"
"caitlin clark angel reese friendship","5 mil+","13 de septiembre de 2026 a las 23:50:00 UTC-3",,"caitlin clark angel reese friendship,caitlin clark","./explore?q=caitlin%20clark%20angel%20reese%20friendship&geo=US"
"stella stocker","5 mil+","13 de septiembre de 2026 a las 20:20:00 UTC-3",,"stella stocker,liam neeson","./explore?q=stella%20stocker&geo=US"
"nfl power rankings","5 mil+","13 de septiembre de 2026 a las 14:50:00 UTC-3",,"nfl power rankings","./explore?q=nfl%20power%20rankings&geo=US"
"jasmine crockett","5 mil+","13 de septiembre de 2026 a las 16:00:00 UTC-3",,"jasmine crockett","./explore?q=jasmine%20crockett&geo=US"
"cheetah chrome","5 mil+","13 de septiembre de 2026 a las 18:10:00 UTC-3",,"cheetah chrome","./explore?q=cheetah%20chrome&geo=US"
"landon robinson","5 mil+","13 de septiembre de 2026 a las 13:10:00 UTC-3",,"landon robinson","./explore?q=landon%20robinson&geo=US"
"tremaine edmunds","5 mil+","13 de septiembre de 2026 a las 21:40:00 UTC-3",,"tremaine edmunds","./explore?q=tremaine%20edmunds&geo=US"
"pam oliver","5 mil+","13 de septiembre de 2026 a las 14:10:00 UTC-3",,"pam oliver","./explore?q=pam%20oliver&geo=US"
"james webb space telescope","5 mil+","13 de septiembre de 2026 a las 22:30:00 UTC-3","14 de septiembre de 2026 a las 7:40:00 UTC-3","james webb space telescope","./explore?q=james%20webb%20space%20telescope&geo=US"
"justin herbert girlfriend","5 mil+","13 de septiembre de 2026 a las 19:10:00 UTC-3",,"justin herbert girlfriend,justin herbert wife","./explore?q=justin%20herbert%20girlfriend&geo=US"
"russell westbrook","5 mil+","13 de septiembre de 2026 a las 18:30:00 UTC-3","14 de septiembre de 2026 a las 7:10:00 UTC-3","russell westbrook","./explore?q=russell%20westbrook&geo=US"
"three's company","5 mil+","13 de septiembre de 2026 a las 23:10:00 UTC-3","14 de septiembre de 2026 a las 3:10:00 UTC-3","three's company","./explore?q=three%27s%20company&geo=US"
"makai lemon","5 mil+","13 de septiembre de 2026 a las 17:30:00 UTC-3","14 de septiembre de 2026 a las 2:20:00 UTC-3","makai lemon","./explore?q=makai%20lemon&geo=US"
"abdul carter","5 mil+","13 de septiembre de 2026 a las 21:30:00 UTC-3","14 de septiembre de 2026 a las 1:30:00 UTC-3","abdul carter","./explore?q=abdul%20carter&geo=US"
"mariska hargitay","5 mil+","13 de septiembre de 2026 a las 21:40:00 UTC-3","14 de septiembre de 2026 a las 1:30:00 UTC-3","mariska hargitay","./explore?q=mariska%20hargitay&geo=US"
"trump student loan repayment rules","5 mil+","13 de septiembre de 2026 a las 9:50:00 UTC-3","14 de septiembre de 2026 a las 7:20:00 UTC-3","trump student loan repayment rules","./explore?q=trump%20student%20loan%20repayment%20rules&geo=US"
"jake ferguson","5 mil+","13 de septiembre de 2026 a las 20:50:00 UTC-3","14 de septiembre de 2026 a las 1:10:00 UTC-3","jake ferguson","./explore?q=jake%20ferguson&geo=US"
"matt nagy","5 mil+","13 de septiembre de 2026 a las 21:30:00 UTC-3","14 de septiembre de 2026 a las 1:30:00 UTC-3","matt nagy,giants offensive coordinator","./explore?q=matt%20nagy&geo=US"
"najee harris","5 mil+","13 de septiembre de 2026 a las 14:50:00 UTC-3","14 de septiembre de 2026 a las 1:20:00 UTC-3","najee harris","./explore?q=najee%20harris&geo=US"
"high potential","5 mil+","13 de septiembre de 2026 a las 11:20:00 UTC-3","13 de septiembre de 2026 a las 20:50:00 UTC-3","high potential","./explore?q=high%20potential&geo=US"
"dexter lawrence","5 mil+","13 de septiembre de 2026 a las 14:10:00 UTC-3","14 de septiembre de 2026 a las 0:30:00 UTC-3","dexter lawrence","./explore?q=dexter%20lawrence&geo=US"
"jaguars schedule","5 mil+","13 de septiembre de 2026 a las 9:30:00 UTC-3","13 de septiembre de 2026 a las 21:20:00 UTC-3","jaguars schedule","./explore?q=jaguars%20schedule&geo=US"
"tom brady","5 mil+","13 de septiembre de 2026 a las 15:20:00 UTC-3","13 de septiembre de 2026 a las 21:50:00 UTC-3","tom brady","./explore?q=tom%20brady&geo=US"
"chivas game","5 mil+","13 de septiembre de 2026 a las 21:40:00 UTC-3","14 de septiembre de 2026 a las 1:30:00 UTC-3","chivas game,pumas,where to watch chivas de guadalajara vs pumas unam","./explore?q=chivas%20game&geo=US"
"kyle pitts","5 mil+","13 de septiembre de 2026 a las 15:10:00 UTC-3","13 de septiembre de 2026 a las 21:50:00 UTC-3","kyle pitts","./explore?q=kyle%20pitts&geo=US"
"sweden elections","5 mil+","13 de septiembre de 2026 a las 21:40:00 UTC-3","14 de septiembre de 2026 a las 1:50:00 UTC-3","sweden elections,voting","./explore?q=sweden%20elections&geo=US"
"jerry jones","5 mil+","13 de septiembre de 2026 a las 23:20:00 UTC-3","14 de septiembre de 2026 a las 1:20:00 UTC-3","jerry jones","./explore?q=jerry%20jones&geo=US"
"colts schedule","5 mil+","13 de septiembre de 2026 a las 9:40:00 UTC-3","13 de septiembre de 2026 a las 19:20:00 UTC-3","colts schedule","./explore?q=colts%20schedule&geo=US"
"dallas goedert","5 mil+","13 de septiembre de 2026 a las 18:00:00 UTC-3","13 de septiembre de 2026 a las 22:20:00 UTC-3","dallas goedert,goedert","./explore?q=dallas%20goedert&geo=US"
"ventrell miller","5 mil+","13 de septiembre de 2026 a las 14:50:00 UTC-3","13 de septiembre de 2026 a las 21:20:00 UTC-3","ventrell miller","./explore?q=ventrell%20miller&geo=US"
"giants qb","5 mil+","13 de septiembre de 2026 a las 20:40:00 UTC-3","14 de septiembre de 2026 a las 1:30:00 UTC-3","giants qb","./explore?q=giants%20qb&geo=US"
"alvin kamara","5 mil+","13 de septiembre de 2026 a las 12:50:00 UTC-3","13 de septiembre de 2026 a las 18:50:00 UTC-3","alvin kamara","./explore?q=alvin%20kamara&geo=US"
"aaron jones","5 mil+","13 de septiembre de 2026 a las 17:30:00 UTC-3","13 de septiembre de 2026 a las 21:50:00 UTC-3","aaron jones,jordan mason","./explore?q=aaron%20jones&geo=US"
"jameis winston","5 mil+","13 de septiembre de 2026 a las 21:30:00 UTC-3","14 de septiembre de 2026 a las 1:40:00 UTC-3","jameis winston","./explore?q=jameis%20winston&geo=US"
"cowboys coach","5 mil+","13 de septiembre de 2026 a las 21:00:00 UTC-3","14 de septiembre de 2026 a las 1:20:00 UTC-3","cowboys coach","./explore?q=cowboys%20coach&geo=US"
"omarion hampton","5 mil+","13 de septiembre de 2026 a las 16:40:00 UTC-3","13 de septiembre de 2026 a las 21:30:00 UTC-3","omarion hampton,fantasy footballers","./explore?q=omarion%20hampton&geo=US"
"falcons schedule","5 mil+","13 de septiembre de 2026 a las 9:50:00 UTC-3","13 de septiembre de 2026 a las 19:20:00 UTC-3","falcons schedule","./explore?q=falcons%20schedule&geo=US"
"ravens schedule 2026","5 mil+","13 de septiembre de 2026 a las 9:20:00 UTC-3","13 de septiembre de 2026 a las 19:00:00 UTC-3","ravens schedule 2026","./explore?q=ravens%20schedule%202026&geo=US"
"saints qb","5 mil+","13 de septiembre de 2026 a las 13:50:00 UTC-3","13 de septiembre de 2026 a las 18:50:00 UTC-3","saints qb","./explore?q=saints%20qb&geo=US"
"marshawn lloyd","5 mil+","13 de septiembre de 2026 a las 17:30:00 UTC-3","13 de septiembre de 2026 a las 21:30:00 UTC-3","marshawn lloyd","./explore?q=marshawn%20lloyd&geo=US"
"brian robinson jr.","5 mil+","13 de septiembre de 2026 a las 14:30:00 UTC-3","13 de septiembre de 2026 a las 19:00:00 UTC-3","brian robinson jr.","./explore?q=brian%20robinson%20jr.&geo=US"
"devonta smith","5 mil+","13 de septiembre de 2026 a las 17:40:00 UTC-3","13 de septiembre de 2026 a las 21:50:00 UTC-3","devonta smith","./explore?q=devonta%20smith&geo=US"
"zverev allegations","5 mil+","13 de septiembre de 2026 a las 15:20:00 UTC-3","13 de septiembre de 2026 a las 20:20:00 UTC-3","zverev allegations","./explore?q=zverev%20allegations&geo=US"
"angelina jolie","5 mil+","13 de septiembre de 2026 a las 12:30:00 UTC-3","13 de septiembre de 2026 a las 20:20:00 UTC-3","angelina jolie","./explore?q=angelina%20jolie&geo=US"
"rome odunze","5 mil+","13 de septiembre de 2026 a las 9:10:00 UTC-3","13 de septiembre de 2026 a las 18:00:00 UTC-3","rome odunze","./explore?q=rome%20odunze&geo=US"
"kayshon boutte","5 mil+","13 de septiembre de 2026 a las 6:30:00 UTC-3","13 de septiembre de 2026 a las 17:50:00 UTC-3","kayshon boutte","./explore?q=kayshon%20boutte&geo=US"
"james cook","5 mil+","13 de septiembre de 2026 a las 14:00:00 UTC-3","13 de septiembre de 2026 a las 18:30:00 UTC-3","james cook","./explore?q=james%20cook&geo=US"
"dk metcalf","5 mil+","13 de septiembre de 2026 a las 14:10:00 UTC-3","13 de septiembre de 2026 a las 18:30:00 UTC-3","dk metcalf","./explore?q=dk%20metcalf&geo=US"
"juventus","5 mil+","13 de septiembre de 2026 a las 15:50:00 UTC-3","13 de septiembre de 2026 a las 18:50:00 UTC-3","juventus,sassuolo - juventus","./explore?q=juventus&geo=US"
"jack bech","5 mil+","13 de septiembre de 2026 a las 17:40:00 UTC-3","13 de septiembre de 2026 a las 20:30:00 UTC-3","jack bech","./explore?q=jack%20bech&geo=US"
"kendrick bourne","5 mil+","13 de septiembre de 2026 a las 18:00:00 UTC-3","13 de septiembre de 2026 a las 22:10:00 UTC-3","kendrick bourne","./explore?q=kendrick%20bourne&geo=US"
"nico collins","5 mil+","13 de septiembre de 2026 a las 13:30:00 UTC-3","13 de septiembre de 2026 a las 18:20:00 UTC-3","nico collins","./explore?q=nico%20collins&geo=US"
"iptv","5 mil+","13 de septiembre de 2026 a las 13:30:00 UTC-3","13 de septiembre de 2026 a las 18:30:00 UTC-3","iptv","./explore?q=iptv&geo=US"
"starlink","5 mil+","13 de septiembre de 2026 a las 15:00:00 UTC-3","13 de septiembre de 2026 a las 23:30:00 UTC-3","starlink","./explore?q=starlink&geo=US"
"el edén senior living fire chile","5 mil+","12 de septiembre de 2026 a las 15:30:00 UTC-3","13 de septiembre de 2026 a las 17:30:00 UTC-3","el edén senior living fire chile","./explore?q=el%20ed%C3%A9n%20senior%20living%20fire%20chile&geo=US"
"kenyon sadiq","5 mil+","13 de septiembre de 2026 a las 14:10:00 UTC-3","13 de septiembre de 2026 a las 18:10:00 UTC-3","kenyon sadiq","./explore?q=kenyon%20sadiq&geo=US"
"cooper dejean","5 mil+","13 de septiembre de 2026 a las 17:50:00 UTC-3","13 de septiembre de 2026 a las 21:30:00 UTC-3","cooper dejean","./explore?q=cooper%20dejean&geo=US"
"rico dowdle","5 mil+","13 de septiembre de 2026 a las 13:20:00 UTC-3","13 de septiembre de 2026 a las 18:20:00 UTC-3","rico dowdle","./explore?q=rico%20dowdle&geo=US"
"stephanie vaquer","5 mil+","12 de septiembre de 2026 a las 23:30:00 UTC-3","13 de septiembre de 2026 a las 12:20:00 UTC-3","stephanie vaquer","./explore?q=stephanie%20vaquer&geo=US"
"titans schedule","5 mil+","13 de septiembre de 2026 a las 12:00:00 UTC-3","13 de septiembre de 2026 a las 19:00:00 UTC-3","titans schedule","./explore?q=titans%20schedule&geo=US"
"amusement park","5 mil+","13 de septiembre de 2026 a las 9:20:00 UTC-3","13 de septiembre de 2026 a las 13:40:00 UTC-3","amusement park","./explore?q=amusement%20park&geo=US"
"devon achane","5 mil+","13 de septiembre de 2026 a las 17:10:00 UTC-3","13 de septiembre de 2026 a las 21:20:00 UTC-3","devon achane,achane,de’von achane","./explore?q=devon%20achane&geo=US"
"jason kelce","5 mil+","13 de septiembre de 2026 a las 14:30:00 UTC-3","13 de septiembre de 2026 a las 23:20:00 UTC-3","jason kelce","./explore?q=jason%20kelce&geo=US"
"john mcenroe","5 mil+","13 de septiembre de 2026 a las 15:10:00 UTC-3","13 de septiembre de 2026 a las 20:00:00 UTC-3","john mcenroe","./explore?q=john%20mcenroe&geo=US"
"chase brown","5 mil+","13 de septiembre de 2026 a las 14:30:00 UTC-3","13 de septiembre de 2026 a las 18:10:00 UTC-3","chase brown","./explore?q=chase%20brown&geo=US"
"napoli vs bologna","5 mil+","13 de septiembre de 2026 a las 12:10:00 UTC-3","13 de septiembre de 2026 a las 16:50:00 UTC-3","napoli vs bologna,napoli fc,ssc napoli vs bologna fc standings","./explore?q=napoli%20vs%20bologna&geo=US"
"saints depth chart","5 mil+","13 de septiembre de 2026 a las 11:00:00 UTC-3","13 de septiembre de 2026 a las 18:30:00 UTC-3","saints depth chart,christian mahogany,lions depth chart","./explore?q=saints%20depth%20chart&geo=US"
"sean penn","5 mil+","12 de septiembre de 2026 a las 22:20:00 UTC-3","13 de septiembre de 2026 a las 12:50:00 UTC-3","sean penn","./explore?q=sean%20penn&geo=US"
"trey smack","5 mil+","13 de septiembre de 2026 a las 17:30:00 UTC-3","13 de septiembre de 2026 a las 21:00:00 UTC-3","trey smack,packers kicker","./explore?q=trey%20smack&geo=US"
"fanduel","5 mil+","13 de septiembre de 2026 a las 10:30:00 UTC-3","13 de septiembre de 2026 a las 15:30:00 UTC-3","fanduel","./explore?q=fanduel&geo=US"
"juwan johnson","5 mil+","13 de septiembre de 2026 a las 15:30:00 UTC-3","13 de septiembre de 2026 a las 18:50:00 UTC-3","juwan johnson","./explore?q=juwan%20johnson&geo=US"
"amon ra st brown","5 mil+","13 de septiembre de 2026 a las 14:30:00 UTC-3","13 de septiembre de 2026 a las 18:40:00 UTC-3","amon ra st brown","./explore?q=amon%20ra%20st%20brown&geo=US"
"mike gesicki","5 mil+","13 de septiembre de 2026 a las 14:30:00 UTC-3","13 de septiembre de 2026 a las 18:10:00 UTC-3","mike gesicki","./explore?q=mike%20gesicki&geo=US"
"tetairoa mcmillan","5 mil+","13 de septiembre de 2026 a las 14:30:00 UTC-3","13 de septiembre de 2026 a las 18:30:00 UTC-3","tetairoa mcmillan","./explore?q=tetairoa%20mcmillan&geo=US"
"auburn football schedule 2026","5 mil+","12 de septiembre de 2026 a las 10:00:00 UTC-3","13 de septiembre de 2026 a las 10:00:00 UTC-3","auburn football schedule 2026","./explore?q=auburn%20football%20schedule%202026&geo=US"
"flash flood warning","5 mil+","13 de septiembre de 2026 a las 8:40:00 UTC-3","13 de septiembre de 2026 a las 12:30:00 UTC-3","flash flood warning","./explore?q=flash%20flood%20warning&geo=US"
"tv app","5 mil+","13 de septiembre de 2026 a las 13:50:00 UTC-3","13 de septiembre de 2026 a las 18:30:00 UTC-3","tv app","./explore?q=tv%20app&geo=US"
"mexico independence day","5 mil+","12 de septiembre de 2026 a las 21:10:00 UTC-3","14 de septiembre de 2026 a las 2:40:00 UTC-3","mexico independence day","./explore?q=mexico%20independence%20day&geo=US"
"steve sarkisian wife","5 mil+","12 de septiembre de 2026 a las 10:40:00 UTC-3","13 de septiembre de 2026 a las 17:10:00 UTC-3","steve sarkisian wife","./explore?q=steve%20sarkisian%20wife&geo=US"
"kendre miller","5 mil+","13 de septiembre de 2026 a las 15:20:00 UTC-3","13 de septiembre de 2026 a las 18:20:00 UTC-3","kendre miller","./explore?q=kendre%20miller&geo=US"
"united states federal judge","5 mil+","12 de septiembre de 2026 a las 19:10:00 UTC-3","13 de septiembre de 2026 a las 9:50:00 UTC-3","united states federal judge","./explore?q=united%20states%20federal%20judge&geo=US"
"celta de vigo - málaga","5 mil+","13 de septiembre de 2026 a las 8:20:00 UTC-3","13 de septiembre de 2026 a las 12:20:00 UTC-3","celta de vigo - málaga,celta vs málaga","./explore?q=celta%20de%20vigo%20-%20m%C3%A1laga&geo=US"
"southwest airlines atlanta route cuts","5 mil+","12 de septiembre de 2026 a las 23:20:00 UTC-3","13 de septiembre de 2026 a las 13:30:00 UTC-3","southwest airlines atlanta route cuts","./explore?q=southwest%20airlines%20atlanta%20route%20cuts&geo=US"
"marvin harrison jr","5 mil+","13 de septiembre de 2026 a las 18:00:00 UTC-3","13 de septiembre de 2026 a las 21:00:00 UTC-3","marvin harrison jr,marvin harrison jr.,malik benson","./explore?q=marvin%20harrison%20jr&geo=US"
"getafe - deportivo","5 mil+","13 de septiembre de 2026 a las 12:50:00 UTC-3","13 de septiembre de 2026 a las 16:40:00 UTC-3","getafe - deportivo,getafe vs deportivo","./explore?q=getafe%20-%20deportivo&geo=US"
"scooter braun","5 mil+","12 de septiembre de 2026 a las 17:30:00 UTC-3","13 de septiembre de 2026 a las 9:50:00 UTC-3","scooter braun","./explore?q=scooter%20braun&geo=US"
"jack strand","5 mil+","12 de septiembre de 2026 a las 17:20:00 UTC-3","13 de septiembre de 2026 a las 16:10:00 UTC-3","jack strand","./explore?q=jack%20strand&geo=US"
"isle royale missing hiker","5 mil+","12 de septiembre de 2026 a las 22:00:00 UTC-3","13 de septiembre de 2026 a las 5:20:00 UTC-3","isle royale missing hiker,craig berg isle royale","./explore?q=isle%20royale%20missing%20hiker&geo=US"
"galatasaray vs kocaelispor","5 mil+","13 de septiembre de 2026 a las 13:20:00 UTC-3","13 de septiembre de 2026 a las 17:00:00 UTC-3","galatasaray vs kocaelispor,galatasaray","./explore?q=galatasaray%20vs%20kocaelispor&geo=US"
"fernando mendoza","5 mil+","13 de septiembre de 2026 a las 18:30:00 UTC-3","13 de septiembre de 2026 a las 20:40:00 UTC-3","fernando mendoza,2026 nfl draft,fernando mendoza raiders benching","./explore?q=fernando%20mendoza&geo=US"
"real sociedad vs atlético madrid standings","5 mil+","13 de septiembre de 2026 a las 18:10:00 UTC-3","13 de septiembre de 2026 a las 19:30:00 UTC-3","real sociedad vs atlético madrid standings,atletico madrid,la liga stats","./explore?q=real%20sociedad%20vs%20atl%C3%A9tico%20madrid%20standings&geo=US"
"sheffield united vs wolves","5 mil+","13 de septiembre de 2026 a las 7:10:00 UTC-3","13 de septiembre de 2026 a las 11:30:00 UTC-3","sheffield united vs wolves,sheffield united - wolves,sheffield united vs wolverhampton wanderers f.c. standings,wolves","./explore?q=sheffield%20united%20vs%20wolves&geo=US"
"dustin poirier","5 mil+","11 de septiembre de 2026 a las 19:50:00 UTC-3","12 de septiembre de 2026 a las 14:00:00 UTC-3","dustin poirier","./explore?q=dustin%20poirier&geo=US"
"xavi espart","5 mil+","13 de septiembre de 2026 a las 11:20:00 UTC-3","13 de septiembre de 2026 a las 14:20:00 UTC-3","xavi espart","./explore?q=xavi%20espart&geo=US"
"omar cooper jr.","5 mil+","13 de septiembre de 2026 a las 14:20:00 UTC-3","13 de septiembre de 2026 a las 17:40:00 UTC-3","omar cooper jr.,omar cooper jr,minkah fitzpatrick,omar cooper","./explore?q=omar%20cooper%20jr.&geo=US"
"diane von furstenberg","5 mil+","13 de septiembre de 2026 a las 10:00:00 UTC-3","13 de septiembre de 2026 a las 13:40:00 UTC-3","diane von furstenberg","./explore?q=diane%20von%20furstenberg&geo=US"
"ufc 331","5 mil+","12 de septiembre de 2026 a las 17:00:00 UTC-3","13 de septiembre de 2026 a las 5:10:00 UTC-3","ufc 331,arman tsarukyan","./explore?q=ufc%20331&geo=US"
"harrison smith","5 mil+","13 de septiembre de 2026 a las 19:20:00 UTC-3","13 de septiembre de 2026 a las 20:40:00 UTC-3","harrison smith","./explore?q=harrison%20smith&geo=US"
"rukidi iv of tooro","5 mil+","12 de septiembre de 2026 a las 17:40:00 UTC-3","13 de septiembre de 2026 a las 10:20:00 UTC-3","rukidi iv of tooro","./explore?q=rukidi%20iv%20of%20tooro&geo=US"
"nfl redzone youtube tv","5 mil+","13 de septiembre de 2026 a las 13:20:00 UTC-3","13 de septiembre de 2026 a las 15:50:00 UTC-3","nfl redzone youtube tv,youtube tv redzone,redzone youtube tv","./explore?q=nfl%20redzone%20youtube%20tv&geo=US"
"brian burns","5 mil+","13 de septiembre de 2026 a las 21:40:00 UTC-3","13 de septiembre de 2026 a las 23:20:00 UTC-3","brian burns,cam skattebo","./explore?q=brian%20burns&geo=US"
"joe biden","5 mil+","11 de septiembre de 2026 a las 10:30:00 UTC-3","12 de septiembre de 2026 a las 10:30:00 UTC-3","joe biden","./explore?q=joe%20biden&geo=US"
"tulane football","5 mil+","12 de septiembre de 2026 a las 20:00:00 UTC-3","13 de septiembre de 2026 a las 1:00:00 UTC-3","tulane football","./explore?q=tulane%20football&geo=US"
"敬一丹","5 mil+","12 de septiembre de 2026 a las 21:10:00 UTC-3","13 de septiembre de 2026 a las 5:00:00 UTC-3","敬一丹","./explore?q=%E6%95%AC%E4%B8%80%E4%B8%B9&geo=US"
"furman vs mercer","5 mil+","12 de septiembre de 2026 a las 18:00:00 UTC-3","12 de septiembre de 2026 a las 23:40:00 UTC-3","furman vs mercer","./explore?q=furman%20vs%20mercer&geo=US"
"wvu football schedule","5 mil+","12 de septiembre de 2026 a las 8:40:00 UTC-3","12 de septiembre de 2026 a las 17:50:00 UTC-3","wvu football schedule","./explore?q=wvu%20football%20schedule&geo=US"
"michael mayer","5 mil+","13 de septiembre de 2026 a las 18:00:00 UTC-3","13 de septiembre de 2026 a las 19:40:00 UTC-3","michael mayer","./explore?q=michael%20mayer&geo=US"
"ryan wingo","5 mil+","12 de septiembre de 2026 a las 21:30:00 UTC-3","13 de septiembre de 2026 a las 2:10:00 UTC-3","ryan wingo,jaylen mcclain","./explore?q=ryan%20wingo&geo=US"
"matt patricia","5 mil+","12 de septiembre de 2026 a las 20:50:00 UTC-3","13 de septiembre de 2026 a las 1:20:00 UTC-3","matt patricia","./explore?q=matt%20patricia&geo=US"
"posiciones de manchester united contra manchester city","5 mil+","13 de septiembre de 2026 a las 14:40:00 UTC-3","13 de septiembre de 2026 a las 16:00:00 UTC-3","posiciones de manchester united contra manchester city,enzo fernández","./explore?q=posiciones%20de%20manchester%20united%20contra%20manchester%20city&geo=US"
"bo melton","5 mil+","13 de septiembre de 2026 a las 18:00:00 UTC-3","13 de septiembre de 2026 a las 20:00:00 UTC-3","bo melton,packers roster","./explore?q=bo%20melton&geo=US"
"f1 schedule","5 mil+","13 de septiembre de 2026 a las 8:30:00 UTC-3","13 de septiembre de 2026 a las 13:10:00 UTC-3","f1 schedule","./explore?q=f1%20schedule&geo=US"
"eagles depth chart","5 mil+","13 de septiembre de 2026 a las 17:00:00 UTC-3","13 de septiembre de 2026 a las 19:30:00 UTC-3","eagles depth chart,nick sirianni,andy dalton,commanders depth chart","./explore?q=eagles%20depth%20chart&geo=US"
"irish open 2026","5 mil+","12 de septiembre de 2026 a las 7:10:00 UTC-3","12 de septiembre de 2026 a las 17:20:00 UTC-3","irish open 2026,ireland","./explore?q=irish%20open%202026&geo=US"
"rachel uchitel","5 mil+","11 de septiembre de 2026 a las 11:00:00 UTC-3","12 de septiembre de 2026 a las 8:20:00 UTC-3","rachel uchitel","./explore?q=rachel%20uchitel&geo=US"
"masoud pezeshkian","5 mil+","12 de septiembre de 2026 a las 9:20:00 UTC-3","12 de septiembre de 2026 a las 17:50:00 UTC-3","masoud pezeshkian","./explore?q=masoud%20pezeshkian&geo=US"
"iowa state","5 mil+","12 de septiembre de 2026 a las 20:30:00 UTC-3","13 de septiembre de 2026 a las 1:20:00 UTC-3","iowa state,hawkeye football,iowa football schedule","./explore?q=iowa%20state&geo=US"
"new jersey","5 mil+","12 de septiembre de 2026 a las 5:20:00 UTC-3","12 de septiembre de 2026 a las 14:50:00 UTC-3","new jersey","./explore?q=new%20jersey&geo=US"
"stella lefty","5 mil+","13 de septiembre de 2026 a las 8:40:00 UTC-3","13 de septiembre de 2026 a las 12:30:00 UTC-3","stella lefty","./explore?q=stella%20lefty&geo=US"
"nc a&t vs nc central","5 mil+","12 de septiembre de 2026 a las 12:20:00 UTC-3","12 de septiembre de 2026 a las 19:10:00 UTC-3","nc a&t vs nc central,seahawks schedule 2026,444","./explore?q=nc%20a%26t%20vs%20nc%20central&geo=US"
"pat mcafee","5 mil+","12 de septiembre de 2026 a las 10:10:00 UTC-3","12 de septiembre de 2026 a las 23:30:00 UTC-3","pat mcafee","./explore?q=pat%20mcafee&geo=US"
"jamie dimon","5 mil+","12 de septiembre de 2026 a las 14:10:00 UTC-3","12 de septiembre de 2026 a las 21:30:00 UTC-3","jamie dimon","./explore?q=jamie%20dimon&geo=US"
"jaquan brisker","5 mil+","13 de septiembre de 2026 a las 14:50:00 UTC-3","13 de septiembre de 2026 a las 16:40:00 UTC-3","jaquan brisker,brisker steelers,brisker","./explore?q=jaquan%20brisker&geo=US"
"jenna bush hager","5 mil+","11 de septiembre de 2026 a las 18:10:00 UTC-3","12 de septiembre de 2026 a las 11:30:00 UTC-3","jenna bush hager","./explore?q=jenna%20bush%20hager&geo=US"
"snl","5 mil+","12 de septiembre de 2026 a las 22:40:00 UTC-3","13 de septiembre de 2026 a las 10:00:00 UTC-3","snl,prince harry,saturday night live","./explore?q=snl&geo=US"
"us open prize money","5 mil+","13 de septiembre de 2026 a las 18:50:00 UTC-3","13 de septiembre de 2026 a las 20:20:00 UTC-3","us open prize money,us open prize money 2026","./explore?q=us%20open%20prize%20money&geo=US"
"kazakhstan","5 mil+","12 de septiembre de 2026 a las 17:20:00 UTC-3","12 de septiembre de 2026 a las 21:00:00 UTC-3","kazakhstan","./explore?q=kazakhstan&geo=US"
"alabama state vs troy","5 mil+","12 de septiembre de 2026 a las 16:10:00 UTC-3","12 de septiembre de 2026 a las 21:30:00 UTC-3","alabama state vs troy,troy football","./explore?q=alabama%20state%20vs%20troy&geo=US"
"mohamed atta","5 mil+","11 de septiembre de 2026 a las 10:10:00 UTC-3","12 de septiembre de 2026 a las 10:10:00 UTC-3","mohamed atta","./explore?q=mohamed%20atta&geo=US"
"sun","5 mil+","11 de septiembre de 2026 a las 15:20:00 UTC-3","12 de septiembre de 2026 a las 1:10:00 UTC-3","sun","./explore?q=sun&geo=US"
"america","5 mil+","13 de septiembre de 2026 a las 0:40:00 UTC-3","13 de septiembre de 2026 a las 3:50:00 UTC-3","america","./explore?q=america&geo=US"
"south alabama vs tulane","5 mil+","12 de septiembre de 2026 a las 19:10:00 UTC-3","13 de septiembre de 2026 a las 0:30:00 UTC-3","south alabama vs tulane","./explore?q=south%20alabama%20vs%20tulane&geo=US"
"kirk herbstreit","5 mil+","12 de septiembre de 2026 a las 12:30:00 UTC-3","13 de septiembre de 2026 a las 1:20:00 UTC-3","kirk herbstreit,lee corso","./explore?q=kirk%20herbstreit&geo=US"
"va state vs sc state","5 mil+","12 de septiembre de 2026 a las 18:10:00 UTC-3","12 de septiembre de 2026 a las 23:10:00 UTC-3","va state vs sc state","./explore?q=va%20state%20vs%20sc%20state&geo=US"
"juan soto","5 mil+","11 de septiembre de 2026 a las 20:30:00 UTC-3","12 de septiembre de 2026 a las 18:40:00 UTC-3","juan soto,carson benge","./explore?q=juan%20soto&geo=US"
"hanuman ansh","5 mil+","11 de septiembre de 2026 a las 23:40:00 UTC-3","13 de septiembre de 2026 a las 14:20:00 UTC-3","hanuman ansh","./explore?q=hanuman%20ansh&geo=US"
"adam carolla","5 mil+","11 de septiembre de 2026 a las 22:00:00 UTC-3","12 de septiembre de 2026 a las 11:50:00 UTC-3","adam carolla","./explore?q=adam%20carolla&geo=US"
"pete sampras","5 mil+","13 de septiembre de 2026 a las 18:40:00 UTC-3","13 de septiembre de 2026 a las 19:50:00 UTC-3","pete sampras","./explore?q=pete%20sampras&geo=US"
"abc","5 mil+","12 de septiembre de 2026 a las 20:00:00 UTC-3","13 de septiembre de 2026 a las 1:00:00 UTC-3","abc","./explore?q=abc&geo=US"
"al fong","5 mil+","11 de septiembre de 2026 a las 19:30:00 UTC-3","12 de septiembre de 2026 a las 11:40:00 UTC-3","al fong","./explore?q=al%20fong&geo=US"
"oneil cruz","5 mil+","11 de septiembre de 2026 a las 16:20:00 UTC-3","12 de septiembre de 2026 a las 10:30:00 UTC-3","oneil cruz","./explore?q=oneil%20cruz&geo=US"
"faizon brandon","5 mil+","12 de septiembre de 2026 a las 20:20:00 UTC-3","13 de septiembre de 2026 a las 0:30:00 UTC-3","faizon brandon","./explore?q=faizon%20brandon&geo=US"
"lamine yamal","5 mil+","13 de septiembre de 2026 a las 13:20:00 UTC-3","13 de septiembre de 2026 a las 14:40:00 UTC-3","lamine yamal","./explore?q=lamine%20yamal&geo=US"
"fox sports","5 mil+","12 de septiembre de 2026 a las 12:50:00 UTC-3","12 de septiembre de 2026 a las 17:50:00 UTC-3","fox sports","./explore?q=fox%20sports&geo=US"
"ar-pine bluff vs alcorn state","5 mil+","12 de septiembre de 2026 a las 19:30:00 UTC-3","13 de septiembre de 2026 a las 1:30:00 UTC-3","ar-pine bluff vs alcorn state,alcorn state football","./explore?q=ar-pine%20bluff%20vs%20alcorn%20state&geo=US"
"alexander zverev us open glare","5 mil+","12 de septiembre de 2026 a las 9:20:00 UTC-3","12 de septiembre de 2026 a las 15:30:00 UTC-3","alexander zverev us open glare","./explore?q=alexander%20zverev%20us%20open%20glare&geo=US"
"rocky beers","5 mil+","12 de septiembre de 2026 a las 13:40:00 UTC-3","12 de septiembre de 2026 a las 17:40:00 UTC-3","rocky beers","./explore?q=rocky%20beers&geo=US"
"gardner-webb vs liberty","5 mil+","12 de septiembre de 2026 a las 12:10:00 UTC-3","12 de septiembre de 2026 a las 17:30:00 UTC-3","gardner-webb vs liberty,liberty football","./explore?q=gardner-webb%20vs%20liberty&geo=US"
"oil price","5 mil+","10 de septiembre de 2026 a las 14:50:00 UTC-3","11 de septiembre de 2026 a las 18:40:00 UTC-3","oil price","./explore?q=oil%20price&geo=US"
"osasuna - rcd espanyol","5 mil+","12 de septiembre de 2026 a las 10:30:00 UTC-3","12 de septiembre de 2026 a las 15:00:00 UTC-3","osasuna - rcd espanyol","./explore?q=osasuna%20-%20rcd%20espanyol&geo=US"
"keelon russell","5 mil+","12 de septiembre de 2026 a las 17:30:00 UTC-3","12 de septiembre de 2026 a las 20:40:00 UTC-3","keelon russell","./explore?q=keelon%20russell&geo=US"
"palmeiras vs são paulo","5 mil+","12 de septiembre de 2026 a las 17:50:00 UTC-3","12 de septiembre de 2026 a las 21:30:00 UTC-3","palmeiras vs são paulo,palmeiras x são paulo","./explore?q=palmeiras%20vs%20s%C3%A3o%20paulo&geo=US"
"los angeles","5 mil+","12 de septiembre de 2026 a las 19:30:00 UTC-3","13 de septiembre de 2026 a las 6:10:00 UTC-3","los angeles","./explore?q=los%20angeles&geo=US"
"rick rescorla","5 mil+","11 de septiembre de 2026 a las 10:00:00 UTC-3","12 de septiembre de 2026 a las 3:10:00 UTC-3","rick rescorla","./explore?q=rick%20rescorla&geo=US"
"olympiacos vs ofi","5 mil+","12 de septiembre de 2026 a las 12:10:00 UTC-3","12 de septiembre de 2026 a las 16:00:00 UTC-3","olympiacos vs ofi,olympiacos - ofi","./explore?q=olympiacos%20vs%20ofi&geo=US"
"niu football","5 mil+","12 de septiembre de 2026 a las 20:20:00 UTC-3","13 de septiembre de 2026 a las 0:30:00 UTC-3","niu football,illinois state football","./explore?q=niu%20football&geo=US"
"arsenal f.c","5 mil+","12 de septiembre de 2026 a las 16:00:00 UTC-3","12 de septiembre de 2026 a las 19:00:00 UTC-3","arsenal f.c,arsenal f.c.,arsenal fixtures,premier league scores","./explore?q=arsenal%20f.c&geo=US"
"jake lang","5 mil+","11 de septiembre de 2026 a las 16:20:00 UTC-3","12 de septiembre de 2026 a las 9:50:00 UTC-3","jake lang","./explore?q=jake%20lang&geo=US"
"illinois st vs northern il","5 mil+","12 de septiembre de 2026 a las 19:20:00 UTC-3","13 de septiembre de 2026 a las 0:00:00 UTC-3","illinois st vs northern il,football games tomorrow","./explore?q=illinois%20st%20vs%20northern%20il&geo=US"
"pearl harbor","5 mil+","11 de septiembre de 2026 a las 9:20:00 UTC-3","12 de septiembre de 2026 a las 1:50:00 UTC-3","pearl harbor","./explore?q=pearl%20harbor&geo=US"
"ignacio bahamondes","5 mil+","12 de septiembre de 2026 a las 15:30:00 UTC-3","12 de septiembre de 2026 a las 18:40:00 UTC-3","ignacio bahamondes,muslim salikhov","./explore?q=ignacio%20bahamondes&geo=US"
"reflecting pool damage contractor report","5 mil+","11 de septiembre de 2026 a las 17:00:00 UTC-3","12 de septiembre de 2026 a las 10:00:00 UTC-3","reflecting pool damage contractor report","./explore?q=reflecting%20pool%20damage%20contractor%20report&geo=US"
"democratic party","5 mil+","13 de septiembre de 2026 a las 9:20:00 UTC-3","13 de septiembre de 2026 a las 12:20:00 UTC-3","democratic party,democrats 2026 midterms gop territory","./explore?q=democratic%20party&geo=US"
"nigel benn","5 mil+","12 de septiembre de 2026 a las 21:30:00 UTC-3","13 de septiembre de 2026 a las 1:50:00 UTC-3","nigel benn","./explore?q=nigel%20benn&geo=US"
"dodgers - marlins","5 mil+","12 de septiembre de 2026 a las 16:50:00 UTC-3","12 de septiembre de 2026 a las 20:50:00 UTC-3","dodgers - marlins,kyle tucker","./explore?q=dodgers%20-%20marlins&geo=US"
"north dakota vs portland st","5 mil+","12 de septiembre de 2026 a las 22:30:00 UTC-3","13 de septiembre de 2026 a las 2:40:00 UTC-3","north dakota vs portland st,north dakota football,und football","./explore?q=north%20dakota%20vs%20portland%20st&geo=US"
"the perfect lie netflix","5 mil+","13 de septiembre de 2026 a las 20:50:00 UTC-3","13 de septiembre de 2026 a las 22:20:00 UTC-3","the perfect lie netflix,the perfect lie","./explore?q=the%20perfect%20lie%20netflix&geo=US"
"wofford vs kent state","5 mil+","12 de septiembre de 2026 a las 12:10:00 UTC-3","12 de septiembre de 2026 a las 17:00:00 UTC-3","wofford vs kent state,kent state football","./explore?q=wofford%20vs%20kent%20state&geo=US"
"jack in the box simpsons meal","5 mil+","11 de septiembre de 2026 a las 18:40:00 UTC-3","12 de septiembre de 2026 a las 5:50:00 UTC-3","jack in the box simpsons meal","./explore?q=jack%20in%20the%20box%20simpsons%20meal&geo=US"
"elena rybakina husband","5 mil+","12 de septiembre de 2026 a las 17:50:00 UTC-3","12 de septiembre de 2026 a las 21:10:00 UTC-3","elena rybakina husband,rybakina boyfriend,stefano vukov,elena rybakina boyfriend","./explore?q=elena%20rybakina%20husband&geo=US"
"sami zayn","5 mil+","11 de septiembre de 2026 a las 23:00:00 UTC-3","12 de septiembre de 2026 a las 11:00:00 UTC-3","sami zayn,cm punk sami zayn wwe title,smackdown results,cm punk,wwe smackdown,wwe","./explore?q=sami%20zayn&geo=US"
"atlanta united vs d.c. united","5 mil+","12 de septiembre de 2026 a las 19:50:00 UTC-3","12 de septiembre de 2026 a las 23:40:00 UTC-3","atlanta united vs d.c. united,atlanta united - dc united","./explore?q=atlanta%20united%20vs%20d.c.%20united&geo=US"
"dylan larkin","5 mil+","11 de septiembre de 2026 a las 11:40:00 UTC-3","12 de septiembre de 2026 a las 11:40:00 UTC-3","dylan larkin","./explore?q=dylan%20larkin&geo=US"
"bournemouth vs brentford","5 mil+","12 de septiembre de 2026 a las 10:10:00 UTC-3","12 de septiembre de 2026 a las 14:10:00 UTC-3","bournemouth vs brentford,afc bournemouth vs brentford f.c. standings,bournemouth - brentford","./explore?q=bournemouth%20vs%20brentford&geo=US"
"charlotte vs cincinnati","5 mil+","12 de septiembre de 2026 a las 20:00:00 UTC-3","12 de septiembre de 2026 a las 23:40:00 UTC-3","charlotte vs cincinnati,charlotte fc vs fc cincinnati standings","./explore?q=charlotte%20vs%20cincinnati&geo=US"
"nfl opener fan brawl video","5 mil+","11 de septiembre de 2026 a las 16:40:00 UTC-3","12 de septiembre de 2026 a las 8:50:00 UTC-3","nfl opener fan brawl video","./explore?q=nfl%20opener%20fan%20brawl%20video&geo=US"
"belarus","5 mil+","12 de septiembre de 2026 a las 17:10:00 UTC-3","12 de septiembre de 2026 a las 20:40:00 UTC-3","belarus","./explore?q=belarus&geo=US"
"tim elliott","5 mil+","12 de septiembre de 2026 a las 16:50:00 UTC-3","12 de septiembre de 2026 a las 19:10:00 UTC-3","tim elliott,édgar cháirez,edgar chairez,tim elliot","./explore?q=tim%20elliott&geo=US"
"ac milan","5 mil+","12 de septiembre de 2026 a las 13:00:00 UTC-3","12 de septiembre de 2026 a las 16:20:00 UTC-3","ac milan","./explore?q=ac%20milan&geo=US"
"dan ige","5 mil+","12 de septiembre de 2026 a las 17:20:00 UTC-3","12 de septiembre de 2026 a las 19:40:00 UTC-3","dan ige,david martinez,david martinez ufc","./explore?q=dan%20ige&geo=US"
"lindenwood vs mo state","5 mil+","12 de septiembre de 2026 a las 19:10:00 UTC-3","12 de septiembre de 2026 a las 22:50:00 UTC-3","lindenwood vs mo state,missouri state football","./explore?q=lindenwood%20vs%20mo%20state&geo=US"
"rey mysterio","5 mil+","13 de septiembre de 2026 a las 0:10:00 UTC-3","13 de septiembre de 2026 a las 1:50:00 UTC-3","rey mysterio","./explore?q=rey%20mysterio&geo=US"
"racing de santander - alavés","5 mil+","12 de septiembre de 2026 a las 8:10:00 UTC-3","12 de septiembre de 2026 a las 12:00:00 UTC-3","racing de santander - alavés,racing santander vs alavés","./explore?q=racing%20de%20santander%20-%20alav%C3%A9s&geo=US"
"ace bailey","5 mil+","11 de septiembre de 2026 a las 9:50:00 UTC-3","11 de septiembre de 2026 a las 19:10:00 UTC-3","ace bailey","./explore?q=ace%20bailey&geo=US"
"chris henry jr","5 mil+","12 de septiembre de 2026 a las 21:50:00 UTC-3","13 de septiembre de 2026 a las 0:00:00 UTC-3","chris henry jr,chris henry","./explore?q=chris%20henry%20jr&geo=US"
"unt football","5 mil+","12 de septiembre de 2026 a las 17:00:00 UTC-3","12 de septiembre de 2026 a las 21:20:00 UTC-3","unt football,josh hoover","./explore?q=unt%20football&geo=US"
"strasbourg vs monaco","5 mil+","12 de septiembre de 2026 a las 11:40:00 UTC-3","12 de septiembre de 2026 a las 16:00:00 UTC-3","strasbourg vs monaco,monaco fc","./explore?q=strasbourg%20vs%20monaco&geo=US"
"john mcenroe","5 mil+","11 de septiembre de 2026 a las 20:10:00 UTC-3","12 de septiembre de 2026 a las 0:30:00 UTC-3","john mcenroe","./explore?q=john%20mcenroe&geo=US"
"jessica tarlov","5 mil+","10 de septiembre de 2026 a las 11:50:00 UTC-3","11 de septiembre de 2026 a las 19:50:00 UTC-3","jessica tarlov","./explore?q=jessica%20tarlov&geo=US"
"how many people survived 9/11","5 mil+","11 de septiembre de 2026 a las 9:50:00 UTC-3","12 de septiembre de 2026 a las 3:50:00 UTC-3","how many people survived 9/11,twin towers collapse","./explore?q=how%20many%20people%20survived%209%2F11&geo=US"
"premier league standings","5 mil+","13 de septiembre de 2026 a las 14:20:00 UTC-3","13 de septiembre de 2026 a las 15:20:00 UTC-3","premier league standings","./explore?q=premier%20league%20standings&geo=US"
"rolex","5 mil+","11 de septiembre de 2026 a las 20:50:00 UTC-3","12 de septiembre de 2026 a las 11:50:00 UTC-3","rolex","./explore?q=rolex&geo=US"
"kalshi","5 mil+","13 de septiembre de 2026 a las 16:50:00 UTC-3","13 de septiembre de 2026 a las 18:00:00 UTC-3","kalshi","./explore?q=kalshi&geo=US"
"leshon johnson","5 mil+","10 de septiembre de 2026 a las 19:20:00 UTC-3","11 de septiembre de 2026 a las 2:30:00 UTC-3","leshon johnson","./explore?q=leshon%20johnson&geo=US"
"ben shelton ethnicity","5 mil+","11 de septiembre de 2026 a las 20:40:00 UTC-3","12 de septiembre de 2026 a las 9:50:00 UTC-3","ben shelton ethnicity,bryan shelton ethnicity","./explore?q=ben%20shelton%20ethnicity&geo=US"
"aston villa - nottingham forest","5 mil+","12 de septiembre de 2026 a las 10:10:00 UTC-3","12 de septiembre de 2026 a las 15:50:00 UTC-3","aston villa - nottingham forest,aston villa vs nottingham forest standings","./explore?q=aston%20villa%20-%20nottingham%20forest&geo=US"
"matthew mcconaughey","5 mil+","9 de septiembre de 2026 a las 23:50:00 UTC-3","10 de septiembre de 2026 a las 14:40:00 UTC-3","matthew mcconaughey","./explore?q=matthew%20mcconaughey&geo=US"
"billy joel","5 mil+","9 de septiembre de 2026 a las 19:40:00 UTC-3","10 de septiembre de 2026 a las 21:30:00 UTC-3","billy joel","./explore?q=billy%20joel&geo=US"
"casa pia vs porto","5 mil+","12 de septiembre de 2026 a las 13:30:00 UTC-3","12 de septiembre de 2026 a las 17:10:00 UTC-3","casa pia vs porto,casa pia - porto","./explore?q=casa%20pia%20vs%20porto&geo=US"
"katie piper","5 mil+","11 de septiembre de 2026 a las 21:30:00 UTC-3","12 de septiembre de 2026 a las 13:20:00 UTC-3","katie piper","./explore?q=katie%20piper&geo=US"
"where is college gameday week 2","5 mil+","12 de septiembre de 2026 a las 8:20:00 UTC-3","12 de septiembre de 2026 a las 13:30:00 UTC-3","where is college gameday week 2,what time does college gameday start,college gameday week 2,college gameday start time,who is glen powell","./explore?q=where%20is%20college%20gameday%20week%202&geo=US"
"aj brown stats","5 mil+","9 de septiembre de 2026 a las 20:30:00 UTC-3","10 de septiembre de 2026 a las 10:10:00 UTC-3","aj brown stats","./explore?q=aj%20brown%20stats&geo=US"
"resident evil 2026","5 mil+","11 de septiembre de 2026 a las 22:50:00 UTC-3","13 de septiembre de 2026 a las 1:30:00 UTC-3","resident evil 2026","./explore?q=resident%20evil%202026&geo=US"
"f1 qualifying","5 mil+","12 de septiembre de 2026 a las 9:30:00 UTC-3","12 de septiembre de 2026 a las 13:40:00 UTC-3","f1 qualifying,f1 qualifying results,f1 qualifying time","./explore?q=f1%20qualifying&geo=US"
"sabalenka necklace","5 mil+","12 de septiembre de 2026 a las 17:30:00 UTC-3","12 de septiembre de 2026 a las 20:30:00 UTC-3","sabalenka necklace,sabalenka necklace us open,sabalenka net worth","./explore?q=sabalenka%20necklace&geo=US"
"isaiah marshall","5 mil+","11 de septiembre de 2026 a las 21:10:00 UTC-3","12 de septiembre de 2026 a las 2:20:00 UTC-3","isaiah marshall","./explore?q=isaiah%20marshall&geo=US"
"aidaperla","5 mil+","11 de septiembre de 2026 a las 7:40:00 UTC-3","11 de septiembre de 2026 a las 16:50:00 UTC-3","aidaperla","./explore?q=aidaperla&geo=US"
"apple trade in","5 mil+","9 de septiembre de 2026 a las 14:30:00 UTC-3","10 de septiembre de 2026 a las 3:50:00 UTC-3","apple trade in","./explore?q=apple%20trade%20in&geo=US"
"tommy gantt","5 mil+","12 de septiembre de 2026 a las 15:50:00 UTC-3","12 de septiembre de 2026 a las 17:50:00 UTC-3","tommy gantt,drakkar klose","./explore?q=tommy%20gantt&geo=US"
"red flag (fire weather) warning","5 mil+","11 de septiembre de 2026 a las 15:30:00 UTC-3","12 de septiembre de 2026 a las 11:40:00 UTC-3","red flag (fire weather) warning,fire weather watch","./explore?q=red%20flag%20%28fire%20weather%29%20warning&geo=US"
"david martínez","5 mil+","12 de septiembre de 2026 a las 17:30:00 UTC-3","12 de septiembre de 2026 a las 19:40:00 UTC-3","david martínez,jose miguel delgado","./explore?q=david%20mart%C3%ADnez&geo=US"
"juez","5 mil+","10 de septiembre de 2026 a las 17:50:00 UTC-3","11 de septiembre de 2026 a las 8:20:00 UTC-3","juez,juez federal de los estados unidos,ley de ajuste cubano","./explore?q=juez&geo=US"
"elly de la cruz","5 mil+","9 de septiembre de 2026 a las 0:00:00 UTC-3","10 de septiembre de 2026 a las 8:00:00 UTC-3","elly de la cruz,jose trevino","./explore?q=elly%20de%20la%20cruz&geo=US"
"xfinity mobile","5 mil+","9 de septiembre de 2026 a las 14:50:00 UTC-3","11 de septiembre de 2026 a las 8:20:00 UTC-3","xfinity mobile","./explore?q=xfinity%20mobile&geo=US"
"javian mallory","5 mil+","10 de septiembre de 2026 a las 23:10:00 UTC-3","11 de septiembre de 2026 a las 9:30:00 UTC-3","javian mallory","./explore?q=javian%20mallory&geo=US"
"twilight","5 mil+","11 de septiembre de 2026 a las 22:40:00 UTC-3","12 de septiembre de 2026 a las 4:20:00 UTC-3","twilight","./explore?q=twilight&geo=US"
"10 year treasury yield","5 mil+","10 de septiembre de 2026 a las 10:30:00 UTC-3","11 de septiembre de 2026 a las 11:20:00 UTC-3","10 year treasury yield,10 year treasury","./explore?q=10%20year%20treasury%20yield&geo=US"
"australia time","5 mil+","10 de septiembre de 2026 a las 19:30:00 UTC-3","11 de septiembre de 2026 a las 1:30:00 UTC-3","australia time","./explore?q=australia%20time&geo=US"
"krispy kreme apple cider glazed","5 mil+","9 de septiembre de 2026 a las 17:20:00 UTC-3","10 de septiembre de 2026 a las 12:10:00 UTC-3","krispy kreme apple cider glazed","./explore?q=krispy%20kreme%20apple%20cider%20glazed&geo=US"
"diane sawyer","5 mil+","11 de septiembre de 2026 a las 21:00:00 UTC-3","12 de septiembre de 2026 a las 2:00:00 UTC-3","diane sawyer,ann compton,david muir,abc","./explore?q=diane%20sawyer&geo=US"
"ricky hatton","5 mil+","12 de septiembre de 2026 a las 22:30:00 UTC-3","12 de septiembre de 2026 a las 23:40:00 UTC-3","ricky hatton,ricky hatton death","./explore?q=ricky%20hatton&geo=US"
"ahmad hardy","5 mil+","11 de septiembre de 2026 a las 21:20:00 UTC-3","12 de septiembre de 2026 a las 1:40:00 UTC-3","ahmad hardy","./explore?q=ahmad%20hardy&geo=US"
"carmen bryan","5 mil+","9 de septiembre de 2026 a las 19:30:00 UTC-3","10 de septiembre de 2026 a las 10:10:00 UTC-3","carmen bryan","./explore?q=carmen%20bryan&geo=US"
"one world trade center","5 mil+","11 de septiembre de 2026 a las 9:00:00 UTC-3","12 de septiembre de 2026 a las 3:30:00 UTC-3","one world trade center,freedom tower","./explore?q=one%20world%20trade%20center&geo=US"
"condoleezza rice","5 mil+","11 de septiembre de 2026 a las 10:40:00 UTC-3","12 de septiembre de 2026 a las 0:50:00 UTC-3","condoleezza rice","./explore?q=condoleezza%20rice&geo=US"
"dre greenlaw","5 mil+","10 de septiembre de 2026 a las 21:50:00 UTC-3","11 de septiembre de 2026 a las 4:00:00 UTC-3","dre greenlaw","./explore?q=dre%20greenlaw&geo=US"
"today","5 mil+","10 de septiembre de 2026 a las 14:20:00 UTC-3","11 de septiembre de 2026 a las 11:20:00 UTC-3","today","./explore?q=today&geo=US"
"ana navarro","5 mil+","10 de septiembre de 2026 a las 20:00:00 UTC-3","11 de septiembre de 2026 a las 13:00:00 UTC-3","ana navarro","./explore?q=ana%20navarro&geo=US"
"kelly rogers special education resignation","5 mil+","9 de septiembre de 2026 a las 17:10:00 UTC-3","10 de septiembre de 2026 a las 9:30:00 UTC-3","kelly rogers special education resignation","./explore?q=kelly%20rogers%20special%20education%20resignation&geo=US"
"sarah khalifá","5 mil+","8 de septiembre de 2026 a las 5:20:00 UTC-3","9 de septiembre de 2026 a las 14:10:00 UTC-3","sarah khalifá","./explore?q=sarah%20khalif%C3%A1&geo=US"
"greg gutfeld","5 mil+","11 de septiembre de 2026 a las 18:50:00 UTC-3","12 de septiembre de 2026 a las 3:00:00 UTC-3","greg gutfeld","./explore?q=greg%20gutfeld&geo=US"
"mark magsayo","5 mil+","12 de septiembre de 2026 a las 21:30:00 UTC-3","12 de septiembre de 2026 a las 23:20:00 UTC-3","mark magsayo,magsayo,magsayo vs cortes,andres cortes","./explore?q=mark%20magsayo&geo=US"
"melbourne weather","5 mil+","10 de septiembre de 2026 a las 20:50:00 UTC-3","11 de septiembre de 2026 a las 1:30:00 UTC-3","melbourne weather","./explore?q=melbourne%20weather&geo=US"
"edward furlong","5 mil+","11 de septiembre de 2026 a las 13:30:00 UTC-3","11 de septiembre de 2026 a las 17:50:00 UTC-3","edward furlong","./explore?q=edward%20furlong&geo=US"
"chris kreider","5 mil+","12 de septiembre de 2026 a las 18:20:00 UTC-3","12 de septiembre de 2026 a las 20:50:00 UTC-3","chris kreider,nhl","./explore?q=chris%20kreider&geo=US"
"homer gere","5 mil+","10 de septiembre de 2026 a las 16:40:00 UTC-3","11 de septiembre de 2026 a las 9:30:00 UTC-3","homer gere","./explore?q=homer%20gere&geo=US"
"bayeux tapestry","5 mil+","10 de septiembre de 2026 a las 7:00:00 UTC-3","10 de septiembre de 2026 a las 15:10:00 UTC-3","bayeux tapestry","./explore?q=bayeux%20tapestry&geo=US"
"rashid shaheed","5 mil+","9 de septiembre de 2026 a las 18:40:00 UTC-3","10 de septiembre de 2026 a las 1:40:00 UTC-3","rashid shaheed","./explore?q=rashid%20shaheed&geo=US"
"seattle","5 mil+","9 de septiembre de 2026 a las 20:40:00 UTC-3","10 de septiembre de 2026 a las 8:10:00 UTC-3","seattle","./explore?q=seattle&geo=US"
"independiente del valle vs flamengo","5 mil+","10 de septiembre de 2026 a las 20:40:00 UTC-3","11 de septiembre de 2026 a las 0:50:00 UTC-3","independiente del valle vs flamengo","./explore?q=independiente%20del%20valle%20vs%20flamengo&geo=US"
"wingstop wing pass","5 mil+","9 de septiembre de 2026 a las 13:50:00 UTC-3","10 de septiembre de 2026 a las 16:50:00 UTC-3","wingstop wing pass,wingstop pass,wingpass","./explore?q=wingstop%20wing%20pass&geo=US"
"sam nordquist","5 mil+","9 de septiembre de 2026 a las 2:20:00 UTC-3","9 de septiembre de 2026 a las 18:10:00 UTC-3","sam nordquist,precious arzuaga","./explore?q=sam%20nordquist&geo=US"
"nick foles","5 mil+","10 de septiembre de 2026 a las 20:30:00 UTC-3","11 de septiembre de 2026 a las 2:10:00 UTC-3","nick foles","./explore?q=nick%20foles&geo=US"
"red bandana game","5 mil+","11 de septiembre de 2026 a las 20:10:00 UTC-3","12 de septiembre de 2026 a las 12:50:00 UTC-3","red bandana game,for welles boston college,welles crowther red bandana,red bandana,welles boston college","./explore?q=red%20bandana%20game&geo=US"
"nehemiah pritchett","5 mil+","9 de septiembre de 2026 a las 23:40:00 UTC-3","10 de septiembre de 2026 a las 9:20:00 UTC-3","nehemiah pritchett","./explore?q=nehemiah%20pritchett&geo=US"
"terrance ferguson","5 mil+","10 de septiembre de 2026 a las 19:20:00 UTC-3","11 de septiembre de 2026 a las 1:30:00 UTC-3","terrance ferguson","./explore?q=terrance%20ferguson&geo=US"
"chamberlain harris","5 mil+","9 de septiembre de 2026 a las 5:40:00 UTC-3","9 de septiembre de 2026 a las 15:20:00 UTC-3","chamberlain harris,margo martin","./explore?q=chamberlain%20harris&geo=US"
"belmont cameli","5 mil+","9 de septiembre de 2026 a las 7:10:00 UTC-3","9 de septiembre de 2026 a las 20:30:00 UTC-3","belmont cameli","./explore?q=belmont%20cameli&geo=US"
"damazion vanhouter","5 mil+","12 de septiembre de 2026 a las 22:40:00 UTC-3","13 de septiembre de 2026 a las 0:00:00 UTC-3","damazion vanhouter,raphael akpejiori,da'mazion vanhouter,akpejiori","./explore?q=damazion%20vanhouter&geo=US"
"lightning","5 mil+","10 de septiembre de 2026 a las 9:00:00 UTC-3","10 de septiembre de 2026 a las 17:10:00 UTC-3","lightning","./explore?q=lightning&geo=US"
"discord waiting for voice server","5 mil+","11 de septiembre de 2026 a las 1:00:00 UTC-3","11 de septiembre de 2026 a las 4:10:00 UTC-3","discord waiting for voice server,waiting for voice server discord,waiting for voice server","./explore?q=discord%20waiting%20for%20voice%20server&geo=US"
"the paper","5 mil+","9 de septiembre de 2026 a las 21:10:00 UTC-3","10 de septiembre de 2026 a las 3:20:00 UTC-3","the paper,domhnall gleeson,the paper cast","./explore?q=the%20paper&geo=US"
"xylitol","5 mil+","9 de septiembre de 2026 a las 1:30:00 UTC-3","9 de septiembre de 2026 a las 10:20:00 UTC-3","xylitol","./explore?q=xylitol&geo=US"
"brock purdy stats","5 mil+","10 de septiembre de 2026 a las 19:10:00 UTC-3","11 de septiembre de 2026 a las 2:10:00 UTC-3","brock purdy stats","./explore?q=brock%20purdy%20stats&geo=US"
"jojo","5 mil+","11 de septiembre de 2026 a las 20:20:00 UTC-3","11 de septiembre de 2026 a las 21:40:00 UTC-3","jojo,ariana debose","./explore?q=jojo&geo=US"
"grindr","5 mil+","9 de septiembre de 2026 a las 20:30:00 UTC-3","11 de septiembre de 2026 a las 4:50:00 UTC-3","grindr","./explore?q=grindr&geo=US"
"silo - season 3","5 mil+","11 de septiembre de 2026 a las 0:40:00 UTC-3","11 de septiembre de 2026 a las 14:10:00 UTC-3","silo - season 3,silo season 3","./explore?q=silo%20-%20season%203&geo=US"
"retirement planning","5 mil+","12 de septiembre de 2026 a las 1:40:00 UTC-3","12 de septiembre de 2026 a las 3:30:00 UTC-3","retirement planning","./explore?q=retirement%20planning&geo=US"
"antonio brown","5 mil+","9 de septiembre de 2026 a las 20:50:00 UTC-3","10 de septiembre de 2026 a las 9:10:00 UTC-3","antonio brown","./explore?q=antonio%20brown&geo=US"
"kingdom hearts steam achievements leak","5 mil+","9 de septiembre de 2026 a las 5:30:00 UTC-3","9 de septiembre de 2026 a las 15:00:00 UTC-3","kingdom hearts steam achievements leak,steam leak","./explore?q=kingdom%20hearts%20steam%20achievements%20leak&geo=US"
"ayesha curry","5 mil+","7 de septiembre de 2026 a las 18:50:00 UTC-3","8 de septiembre de 2026 a las 9:30:00 UTC-3","ayesha curry","./explore?q=ayesha%20curry&geo=US"
"kazakhstan","5 mil+","10 de septiembre de 2026 a las 21:50:00 UTC-3","11 de septiembre de 2026 a las 1:20:00 UTC-3","kazakhstan","./explore?q=kazakhstan&geo=US"
"blaise taylor","5 mil+","9 de septiembre de 2026 a las 14:20:00 UTC-3","10 de septiembre de 2026 a las 10:40:00 UTC-3","blaise taylor","./explore?q=blaise%20taylor&geo=US"
"kyle schwarber","5 mil+","9 de septiembre de 2026 a las 21:40:00 UTC-3","10 de septiembre de 2026 a las 8:40:00 UTC-3","kyle schwarber","./explore?q=kyle%20schwarber&geo=US"
"red dead redemption 2","5 mil+","9 de septiembre de 2026 a las 1:10:00 UTC-3","9 de septiembre de 2026 a las 15:20:00 UTC-3","red dead redemption 2","./explore?q=red%20dead%20redemption%202&geo=US"
"macy's","5 mil+","10 de septiembre de 2026 a las 22:00:00 UTC-3","11 de septiembre de 2026 a las 9:50:00 UTC-3","macy's","./explore?q=macy%27s&geo=US"
"robin montgomery","5 mil+","11 de septiembre de 2026 a las 13:30:00 UTC-3","11 de septiembre de 2026 a las 16:10:00 UTC-3","robin montgomery,ashlyn krueger,siniakova,kateřina siniaková","./explore?q=robin%20montgomery&geo=US"
"white house ballroom legal battle","5 mil+","7 de septiembre de 2026 a las 21:40:00 UTC-3","8 de septiembre de 2026 a las 12:00:00 UTC-3","white house ballroom legal battle","./explore?q=white%20house%20ballroom%20legal%20battle&geo=US"
"the center seat new episodes","5 mil+","9 de septiembre de 2026 a las 5:50:00 UTC-3","9 de septiembre de 2026 a las 17:00:00 UTC-3","the center seat new episodes","./explore?q=the%20center%20seat%20new%20episodes&geo=US"
"jonathan taylor thomas","5 mil+","8 de septiembre de 2026 a las 10:50:00 UTC-3","8 de septiembre de 2026 a las 23:00:00 UTC-3","jonathan taylor thomas","./explore?q=jonathan%20taylor%20thomas&geo=US"
"fenerbahçe vs roma","5 mil+","10 de septiembre de 2026 a las 12:50:00 UTC-3","10 de septiembre de 2026 a las 17:10:00 UTC-3","fenerbahçe vs roma,roma fc,roma vs","./explore?q=fenerbah%C3%A7e%20vs%20roma&geo=US"
"tesla autopilot","5 mil+","7 de septiembre de 2026 a las 21:50:00 UTC-3","8 de septiembre de 2026 a las 12:40:00 UTC-3","tesla autopilot","./explore?q=tesla%20autopilot&geo=US"
"mariska hargitay","5 mil+","9 de septiembre de 2026 a las 21:50:00 UTC-3","10 de septiembre de 2026 a las 5:30:00 UTC-3","mariska hargitay,jayne mansfield,mariska hargitay mom,law and order svu","./explore?q=mariska%20hargitay&geo=US"
"ferran torres","5 mil+","9 de septiembre de 2026 a las 16:50:00 UTC-3","9 de septiembre de 2026 a las 22:10:00 UTC-3","ferran torres","./explore?q=ferran%20torres&geo=US"
"pakistan vs england","5 mil+","11 de septiembre de 2026 a las 7:30:00 UTC-3","11 de septiembre de 2026 a las 17:20:00 UTC-3","pakistan vs england,razaullah,cricket","./explore?q=pakistan%20vs%20england&geo=US"
"frío","5 mil+","7 de septiembre de 2026 a las 20:00:00 UTC-3","8 de septiembre de 2026 a las 9:50:00 UTC-3","frío","./explore?q=fr%C3%ADo&geo=US"
"football game","5 mil+","9 de septiembre de 2026 a las 19:50:00 UTC-3","10 de septiembre de 2026 a las 1:30:00 UTC-3","football game","./explore?q=football%20game&geo=US"
"diamondbacks","5 mil+","12 de septiembre de 2026 a las 0:10:00 UTC-3","12 de septiembre de 2026 a las 2:50:00 UTC-3","diamondbacks,arizona diamondbacks,dbacks","./explore?q=diamondbacks&geo=US"
"mike mcfarland death","5 mil+","10 de septiembre de 2026 a las 2:30:00 UTC-3","10 de septiembre de 2026 a las 9:00:00 UTC-3","mike mcfarland death,master roshi voice actor,master roshi,mike mcfarland dead","./explore?q=mike%20mcfarland%20death&geo=US"
"no mans sky cosmos update","5 mil+","9 de septiembre de 2026 a las 14:00:00 UTC-3","9 de septiembre de 2026 a las 19:40:00 UTC-3","no mans sky cosmos update,no mans sky","./explore?q=no%20mans%20sky%20cosmos%20update&geo=US"
"josh mcdaniels","5 mil+","9 de septiembre de 2026 a las 21:30:00 UTC-3","10 de septiembre de 2026 a las 2:40:00 UTC-3","josh mcdaniels","./explore?q=josh%20mcdaniels&geo=US"
"santos vs atlético mineiro","5 mil+","9 de septiembre de 2026 a las 18:50:00 UTC-3","9 de septiembre de 2026 a las 23:10:00 UTC-3","santos vs atlético mineiro","./explore?q=santos%20vs%20atl%C3%A9tico%20mineiro&geo=US"
"cruise ship","5 mil+","8 de septiembre de 2026 a las 11:30:00 UTC-3","8 de septiembre de 2026 a las 19:10:00 UTC-3","cruise ship","./explore?q=cruise%20ship&geo=US"
"adenocarcinoma","5 mil+","8 de septiembre de 2026 a las 20:40:00 UTC-3","9 de septiembre de 2026 a las 10:00:00 UTC-3","adenocarcinoma","./explore?q=adenocarcinoma&geo=US"
"deion sanders comments on shilo","5 mil+","8 de septiembre de 2026 a las 18:40:00 UTC-3","9 de septiembre de 2026 a las 11:10:00 UTC-3","deion sanders comments on shilo","./explore?q=deion%20sanders%20comments%20on%20shilo&geo=US"
"how old is ben shelton","5 mil+","9 de septiembre de 2026 a las 0:10:00 UTC-3","9 de septiembre de 2026 a las 10:30:00 UTC-3","how old is ben shelton,ben shelton family","./explore?q=how%20old%20is%20ben%20shelton&geo=US"
"jaclyn smith on farrah fawcett","5 mil+","10 de septiembre de 2026 a las 17:40:00 UTC-3","10 de septiembre de 2026 a las 22:30:00 UTC-3","jaclyn smith on farrah fawcett,farrah fawcett","./explore?q=jaclyn%20smith%20on%20farrah%20fawcett&geo=US"
"marana high school","5 mil+","8 de septiembre de 2026 a las 15:50:00 UTC-3","9 de septiembre de 2026 a las 2:40:00 UTC-3","marana high school","./explore?q=marana%20high%20school&geo=US"
"republic airways flight attendant holds baby","5 mil+","8 de septiembre de 2026 a las 19:00:00 UTC-3","9 de septiembre de 2026 a las 0:00:00 UTC-3","republic airways flight attendant holds baby,monique harris republic airways viral photo","./explore?q=republic%20airways%20flight%20attendant%20holds%20baby&geo=US"
"lonnie bunch","5 mil+","8 de septiembre de 2026 a las 13:20:00 UTC-3","8 de septiembre de 2026 a las 21:40:00 UTC-3","lonnie bunch","./explore?q=lonnie%20bunch&geo=US"
"jalen ramsey","5 mil+","10 de septiembre de 2026 a las 21:40:00 UTC-3","11 de septiembre de 2026 a las 0:50:00 UTC-3","jalen ramsey","./explore?q=jalen%20ramsey&geo=US"
"jannik sinner","5 mil+","9 de septiembre de 2026 a las 0:00:00 UTC-3","9 de septiembre de 2026 a las 10:10:00 UTC-3","jannik sinner","./explore?q=jannik%20sinner&geo=US"
"turbine","5 mil+","7 de septiembre de 2026 a las 12:40:00 UTC-3","7 de septiembre de 2026 a las 22:00:00 UTC-3","turbine","./explore?q=turbine&geo=US"
"mortgage refinance rates","5 mil+","9 de septiembre de 2026 a las 5:30:00 UTC-3","9 de septiembre de 2026 a las 11:10:00 UTC-3","mortgage refinance rates,refinance rates,loans,mortgage","./explore?q=mortgage%20refinance%20rates&geo=US"
"nbc sports","5 mil+","9 de septiembre de 2026 a las 20:40:00 UTC-3","10 de septiembre de 2026 a las 0:50:00 UTC-3","nbc sports","./explore?q=nbc%20sports&geo=US"
"st. louis vs portland","5 mil+","9 de septiembre de 2026 a las 23:00:00 UTC-3","10 de septiembre de 2026 a las 3:10:00 UTC-3","st. louis vs portland,portland timbers,timbers","./explore?q=st.%20louis%20vs%20portland&geo=US"
"fotmob","5 mil+","9 de septiembre de 2026 a las 13:40:00 UTC-3","9 de septiembre de 2026 a las 18:30:00 UTC-3","fotmob","./explore?q=fotmob&geo=US"
"malika andrews","5 mil+","11 de septiembre de 2026 a las 20:20:00 UTC-3","12 de septiembre de 2026 a las 0:00:00 UTC-3","malika andrews","./explore?q=malika%20andrews&geo=US"
"mark harmon","5 mil+","8 de septiembre de 2026 a las 12:30:00 UTC-3","8 de septiembre de 2026 a las 20:10:00 UTC-3","mark harmon","./explore?q=mark%20harmon&geo=US"
"man duct taped to airplane seat","5 mil+","8 de septiembre de 2026 a las 23:50:00 UTC-3","9 de septiembre de 2026 a las 11:30:00 UTC-3","man duct taped to airplane seat,real estate agents","./explore?q=man%20duct%20taped%20to%20airplane%20seat&geo=US"
"millonarios - deportivo cali","5 mil+","10 de septiembre de 2026 a las 21:30:00 UTC-3","11 de septiembre de 2026 a las 1:00:00 UTC-3","millonarios - deportivo cali,millonarios vs deportivo cali","./explore?q=millonarios%20-%20deportivo%20cali&geo=US"
"ramapo college","5 mil+","10 de septiembre de 2026 a las 19:20:00 UTC-3","10 de septiembre de 2026 a las 22:40:00 UTC-3","ramapo college,ramapo college lockdown","./explore?q=ramapo%20college&geo=US"
"gal gadot","5 mil+","11 de septiembre de 2026 a las 1:00:00 UTC-3","11 de septiembre de 2026 a las 5:10:00 UTC-3","gal gadot","./explore?q=gal%20gadot&geo=US"
"chris rock","5 mil+","8 de septiembre de 2026 a las 20:40:00 UTC-3","9 de septiembre de 2026 a las 14:50:00 UTC-3","chris rock,will smith","./explore?q=chris%20rock&geo=US"
"demario douglas","5 mil+","9 de septiembre de 2026 a las 20:50:00 UTC-3","10 de septiembre de 2026 a las 1:30:00 UTC-3","demario douglas","./explore?q=demario%20douglas&geo=US"
"gal gadot","5 mil+","9 de septiembre de 2026 a las 9:40:00 UTC-3","9 de septiembre de 2026 a las 14:30:00 UTC-3","gal gadot","./explore?q=gal%20gadot&geo=US"
"fenerbahçe","5 mil+","10 de septiembre de 2026 a las 13:40:00 UTC-3","10 de septiembre de 2026 a las 17:00:00 UTC-3","fenerbahçe,fenerbahce","./explore?q=fenerbah%C3%A7e&geo=US"
"hugging face incident","5 mil+","9 de septiembre de 2026 a las 8:20:00 UTC-3","10 de septiembre de 2026 a las 11:10:00 UTC-3","hugging face incident,hugging face attack","./explore?q=hugging%20face%20incident&geo=US"
"tien","5 mil+","7 de septiembre de 2026 a las 19:00:00 UTC-3","7 de septiembre de 2026 a las 23:50:00 UTC-3","tien","./explore?q=tien&geo=US"
"mr t","5 mil+","8 de septiembre de 2026 a las 20:40:00 UTC-3","9 de septiembre de 2026 a las 1:50:00 UTC-3","mr t","./explore?q=mr%20t&geo=US"
"sunderland vs hull","5 mil+","8 de septiembre de 2026 a las 14:50:00 UTC-3","8 de septiembre de 2026 a las 19:00:00 UTC-3","sunderland vs hull","./explore?q=sunderland%20vs%20hull&geo=US"
"feyenoord","5 mil+","9 de septiembre de 2026 a las 13:30:00 UTC-3","9 de septiembre de 2026 a las 17:00:00 UTC-3","feyenoord","./explore?q=feyenoord&geo=US"
"will campbell","5 mil+","9 de septiembre de 2026 a las 21:30:00 UTC-3","10 de septiembre de 2026 a las 1:30:00 UTC-3","will campbell","./explore?q=will%20campbell&geo=US"
"detención","5 mil+","8 de septiembre de 2026 a las 13:50:00 UTC-3","8 de septiembre de 2026 a las 20:30:00 UTC-3","detención","./explore?q=detenci%C3%B3n&geo=US"
"tmz","5 mil+","11 de septiembre de 2026 a las 21:10:00 UTC-3","11 de septiembre de 2026 a las 22:30:00 UTC-3","tmz","./explore?q=tmz&geo=US"
"scottie scheffler rory mcilroy comparison","5 mil+","7 de septiembre de 2026 a las 16:20:00 UTC-3","8 de septiembre de 2026 a las 10:00:00 UTC-3","scottie scheffler rory mcilroy comparison","./explore?q=scottie%20scheffler%20rory%20mcilroy%20comparison&geo=US"
"superbowl 2027","5 mil+","9 de septiembre de 2026 a las 20:10:00 UTC-3","10 de septiembre de 2026 a las 1:20:00 UTC-3","superbowl 2027,super bowl 2027","./explore?q=superbowl%202027&geo=US"
"san jose vs san diego","5 mil+","9 de septiembre de 2026 a las 23:10:00 UTC-3","10 de septiembre de 2026 a las 3:30:00 UTC-3","san jose vs san diego,sdfc","./explore?q=san%20jose%20vs%20san%20diego&geo=US"
"fidium outage","5 mil+","10 de septiembre de 2026 a las 16:00:00 UTC-3","10 de septiembre de 2026 a las 19:10:00 UTC-3","fidium outage,internet outages,fidium fiber outage,is fidium down,down detector","./explore?q=fidium%20outage&geo=US"
"iptv","5 mil+","9 de septiembre de 2026 a las 21:00:00 UTC-3","10 de septiembre de 2026 a las 0:50:00 UTC-3","iptv","./explore?q=iptv&geo=US"
"palmeiras vs ldu quito","5 mil+","9 de septiembre de 2026 a las 18:20:00 UTC-3","9 de septiembre de 2026 a las 22:20:00 UTC-3","palmeiras vs ldu quito","./explore?q=palmeiras%20vs%20ldu%20quito&geo=US"
"columbus vs d.c. united","5 mil+","9 de septiembre de 2026 a las 19:40:00 UTC-3","9 de septiembre de 2026 a las 23:40:00 UTC-3","columbus vs d.c. united,columbus crew - dc united","./explore?q=columbus%20vs%20d.c.%20united&geo=US"
"palmeiras - ldu quito","5 mil+","9 de septiembre de 2026 a las 18:20:00 UTC-3","9 de septiembre de 2026 a las 22:20:00 UTC-3","palmeiras - ldu quito,palmeiras x ldu quito","./explore?q=palmeiras%20-%20ldu%20quito&geo=US"
"brady russell","5 mil+","9 de septiembre de 2026 a las 22:30:00 UTC-3","10 de septiembre de 2026 a las 1:30:00 UTC-3","brady russell,brian fleury,seahawks offensive coordinator,seahawks oc","./explore?q=brady%20russell&geo=US"
"ppi","5 mil+","10 de septiembre de 2026 a las 9:30:00 UTC-3","10 de septiembre de 2026 a las 12:50:00 UTC-3","ppi,ppi report,ppi report today","./explore?q=ppi&geo=US"
"cincinnati vs philadelphia","5 mil+","9 de septiembre de 2026 a las 20:30:00 UTC-3","10 de septiembre de 2026 a las 0:10:00 UTC-3","cincinnati vs philadelphia,philadelphia union,cincinnati - philadelphia","./explore?q=cincinnati%20vs%20philadelphia&geo=US"
"leonard williams","5 mil+","9 de septiembre de 2026 a las 20:50:00 UTC-3","10 de septiembre de 2026 a las 1:30:00 UTC-3","leonard williams","./explore?q=leonard%20williams&geo=US"
"champions","5 mil+","9 de septiembre de 2026 a las 14:30:00 UTC-3","9 de septiembre de 2026 a las 19:00:00 UTC-3","champions","./explore?q=champions&geo=US"
"galatasaray","5 mil+","9 de septiembre de 2026 a las 16:00:00 UTC-3","9 de septiembre de 2026 a las 19:00:00 UTC-3","galatasaray","./explore?q=galatasaray&geo=US"
"reds - dodgers","5 mil+","9 de septiembre de 2026 a las 23:10:00 UTC-3","10 de septiembre de 2026 a las 3:20:00 UTC-3","reds - dodgers,emmet sheehan,teoscar hernández,tarik skubal","./explore?q=reds%20-%20dodgers&geo=US"
"hillary clinton","5 mil+","11 de septiembre de 2026 a las 19:30:00 UTC-3","11 de septiembre de 2026 a las 23:00:00 UTC-3","hillary clinton,benjamin netanyahu","./explore?q=hillary%20clinton&geo=US"
"mount mizhirgi tour group avalanche","5 mil+","8 de septiembre de 2026 a las 13:00:00 UTC-3","8 de septiembre de 2026 a las 17:40:00 UTC-3","mount mizhirgi tour group avalanche,russia avalanche","./explore?q=mount%20mizhirgi%20tour%20group%20avalanche&geo=US"
"getafe - celta de vigo","5 mil+","7 de septiembre de 2026 a las 13:10:00 UTC-3","7 de septiembre de 2026 a las 17:50:00 UTC-3","getafe - celta de vigo,getafe vs celta,getafe","./explore?q=getafe%20-%20celta%20de%20vigo&geo=US"
"mike tomlin","5 mil+","8 de septiembre de 2026 a las 8:30:00 UTC-3","9 de septiembre de 2026 a las 1:30:00 UTC-3","mike tomlin,is mike tomlin still coaching,mike tomlin new job","./explore?q=mike%20tomlin&geo=US"
"psv vs shakhtar donetsk","5 mil+","10 de septiembre de 2026 a las 13:10:00 UTC-3","10 de septiembre de 2026 a las 16:40:00 UTC-3","psv vs shakhtar donetsk,psv eindhoven,psv - shakhtar,psv vs,shakhtar donetsk","./explore?q=psv%20vs%20shakhtar%20donetsk&geo=US"
"ethan mbappé","5 mil+","8 de septiembre de 2026 a las 16:40:00 UTC-3","8 de septiembre de 2026 a las 20:50:00 UTC-3","ethan mbappé,lille fc,ayase ueda","./explore?q=ethan%20mbapp%C3%A9&geo=US"
"dortmund","5 mil+","8 de septiembre de 2026 a las 16:10:00 UTC-3","8 de septiembre de 2026 a las 19:00:00 UTC-3","dortmund,borussia dortmund","./explore?q=dortmund&geo=US"
"misty roberts","5 mil+","7 de septiembre de 2026 a las 8:20:00 UTC-3","7 de septiembre de 2026 a las 15:50:00 UTC-3","misty roberts","./explore?q=misty%20roberts&geo=US"
"corey kiner","5 mil+","9 de septiembre de 2026 a las 22:00:00 UTC-3","10 de septiembre de 2026 a las 0:50:00 UTC-3","corey kiner","./explore?q=corey%20kiner&geo=US"
"barcelona schedule","5 mil+","9 de septiembre de 2026 a las 13:40:00 UTC-3","9 de septiembre de 2026 a las 16:50:00 UTC-3","barcelona schedule","./explore?q=barcelona%20schedule&geo=US"
"evergreen middle school","5 mil+","8 de septiembre de 2026 a las 16:10:00 UTC-3","8 de septiembre de 2026 a las 21:30:00 UTC-3","evergreen middle school","./explore?q=evergreen%20middle%20school&geo=US"
"green card","5 mil+","7 de septiembre de 2026 a las 9:20:00 UTC-3","7 de septiembre de 2026 a las 19:10:00 UTC-3","green card","./explore?q=green%20card&geo=US"
"us open schedule today","5 mil+","7 de septiembre de 2026 a las 8:30:00 UTC-3","7 de septiembre de 2026 a las 16:40:00 UTC-3","us open schedule today,tennis streams","./explore?q=us%20open%20schedule%20today&geo=US"
"kevin jonas","5 mil+","10 de septiembre de 2026 a las 23:00:00 UTC-3","11 de septiembre de 2026 a las 0:20:00 UTC-3","kevin jonas","./explore?q=kevin%20jonas&geo=US"
"academy","5 mil+","7 de septiembre de 2026 a las 9:50:00 UTC-3","7 de septiembre de 2026 a las 17:50:00 UTC-3","academy","./explore?q=academy&geo=US"
"seatgeek","5 mil+","9 de septiembre de 2026 a las 11:10:00 UTC-3","9 de septiembre de 2026 a las 16:30:00 UTC-3","seatgeek,seat geek","./explore?q=seatgeek&geo=US"
"harry potter hbo","5 mil+","9 de septiembre de 2026 a las 18:20:00 UTC-3","9 de septiembre de 2026 a las 22:00:00 UTC-3","harry potter hbo,hbo harry potter season 2 production","./explore?q=harry%20potter%20hbo&geo=US"
"low income housing shortage america","5 mil+","7 de septiembre de 2026 a las 10:10:00 UTC-3","7 de septiembre de 2026 a las 18:30:00 UTC-3","low income housing shortage america","./explore?q=low%20income%20housing%20shortage%20america&geo=US"
"el nino california sea levels","5 mil+","8 de septiembre de 2026 a las 17:40:00 UTC-3","9 de septiembre de 2026 a las 2:20:00 UTC-3","el nino california sea levels","./explore?q=el%20nino%20california%20sea%20levels&geo=US"
"moreirense vs benfica","5 mil+","9 de septiembre de 2026 a las 16:40:00 UTC-3","9 de septiembre de 2026 a las 19:50:00 UTC-3","moreirense vs benfica,moreirense - benfica,benfica","./explore?q=moreirense%20vs%20benfica&geo=US"
"vozinha","5 mil+","7 de septiembre de 2026 a las 15:40:00 UTC-3","7 de septiembre de 2026 a las 22:00:00 UTC-3","vozinha","./explore?q=vozinha&geo=US"
"star trek day","5 mil+","8 de septiembre de 2026 a las 8:20:00 UTC-3","8 de septiembre de 2026 a las 16:00:00 UTC-3","star trek day,international space station","./explore?q=star%20trek%20day&geo=US"
"serena williams us open exit","5 mil+","7 de septiembre de 2026 a las 16:10:00 UTC-3","7 de septiembre de 2026 a las 22:40:00 UTC-3","serena williams us open exit","./explore?q=serena%20williams%20us%20open%20exit&geo=US"
"priyanka chopra","5 mil+","10 de septiembre de 2026 a las 23:00:00 UTC-3","11 de septiembre de 2026 a las 0:20:00 UTC-3","priyanka chopra","./explore?q=priyanka%20chopra&geo=US"
"iga świątek","5 mil+","7 de septiembre de 2026 a las 12:50:00 UTC-3","7 de septiembre de 2026 a las 17:20:00 UTC-3","iga świątek","./explore?q=iga%20%C5%9Bwi%C4%85tek&geo=US"
"luke fickell wisconsin contract buyout","5 mil+","7 de septiembre de 2026 a las 12:00:00 UTC-3","7 de septiembre de 2026 a las 19:30:00 UTC-3","luke fickell wisconsin contract buyout","./explore?q=luke%20fickell%20wisconsin%20contract%20buyout&geo=US"
"meaning of labor day","5 mil+","7 de septiembre de 2026 a las 8:30:00 UTC-3","7 de septiembre de 2026 a las 15:30:00 UTC-3","meaning of labor day,happy labor day 2026,what is labor day about,labor day history","./explore?q=meaning%20of%20labor%20day&geo=US"
"santa fe vs vasco","5 mil+","8 de septiembre de 2026 a las 18:30:00 UTC-3","8 de septiembre de 2026 a las 22:00:00 UTC-3","santa fe vs vasco,santa fe - vasco da gama","./explore?q=santa%20fe%20vs%20vasco&geo=US"
"smith njigba","5 mil+","9 de septiembre de 2026 a las 22:10:00 UTC-3","10 de septiembre de 2026 a las 1:00:00 UTC-3","smith njigba,drew lock teams,njigba,jsn touchdown","./explore?q=smith%20njigba&geo=US"
"fotmob","5 mil+","8 de septiembre de 2026 a las 14:30:00 UTC-3","8 de septiembre de 2026 a las 18:50:00 UTC-3","fotmob","./explore?q=fotmob&geo=US"
"sheridan gorman","5 mil+","10 de septiembre de 2026 a las 20:20:00 UTC-3","10 de septiembre de 2026 a las 21:40:00 UTC-3","sheridan gorman","./explore?q=sheridan%20gorman&geo=US"
"destroyer","5 mil+","8 de septiembre de 2026 a las 16:30:00 UTC-3","8 de septiembre de 2026 a las 21:30:00 UTC-3","destroyer,tanker","./explore?q=destroyer&geo=US"
"furious show","5 mil+","11 de septiembre de 2026 a las 23:00:00 UTC-3","12 de septiembre de 2026 a las 1:30:00 UTC-3","furious show","./explore?q=furious%20show&geo=US"
"supersized el nino winter preparation","5 mil+","7 de septiembre de 2026 a las 11:00:00 UTC-3","7 de septiembre de 2026 a las 18:20:00 UTC-3","supersized el nino winter preparation","./explore?q=supersized%20el%20nino%20winter%20preparation&geo=US"
"terry crews","5 mil+","8 de septiembre de 2026 a las 21:40:00 UTC-3","9 de septiembre de 2026 a las 3:10:00 UTC-3","terry crews","./explore?q=terry%20crews&geo=US"
"remain","5 mil+","8 de septiembre de 2026 a las 16:50:00 UTC-3","9 de septiembre de 2026 a las 1:40:00 UTC-3","remain","./explore?q=remain&geo=US"
"taj gibson","5 mil+","8 de septiembre de 2026 a las 9:40:00 UTC-3","8 de septiembre de 2026 a las 13:20:00 UTC-3","taj gibson,aj johnson,jordan hawkins","./explore?q=taj%20gibson&geo=US"
"labor day sale","5 mil+","7 de septiembre de 2026 a las 9:20:00 UTC-3","7 de septiembre de 2026 a las 17:20:00 UTC-3","labor day sale,labor day sales 2026,labor day deals","./explore?q=labor%20day%20sale&geo=US"
"reds - dodgers","5 mil+","7 de septiembre de 2026 a las 21:30:00 UTC-3","8 de septiembre de 2026 a las 2:00:00 UTC-3","reds - dodgers","./explore?q=reds%20-%20dodgers&geo=US"
"coco gauff boyfriend","5 mil+","10 de septiembre de 2026 a las 22:30:00 UTC-3","11 de septiembre de 2026 a las 0:40:00 UTC-3","coco gauff boyfriend","./explore?q=coco%20gauff%20boyfriend&geo=US"
"karyann parkinson legal case","5 mil+","9 de septiembre de 2026 a las 16:20:00 UTC-3","9 de septiembre de 2026 a las 20:20:00 UTC-3","karyann parkinson legal case,cbs news","./explore?q=karyann%20parkinson%20legal%20case&geo=US"
"husker volleyball schedule","5 mil+","10 de septiembre de 2026 a las 20:10:00 UTC-3","10 de septiembre de 2026 a las 22:00:00 UTC-3","husker volleyball schedule,nebraska volleyball schedule,husker volleyball","./explore?q=husker%20volleyball%20schedule&geo=US"
"kam chancellor","5 mil+","9 de septiembre de 2026 a las 21:10:00 UTC-3","9 de septiembre de 2026 a las 22:20:00 UTC-3","kam chancellor,richard sherman","./explore?q=kam%20chancellor&geo=US"
"fubo","5 mil+","9 de septiembre de 2026 a las 21:00:00 UTC-3","9 de septiembre de 2026 a las 22:50:00 UTC-3","fubo","./explore?q=fubo&geo=US"
"terry pegula","5 mil+","8 de septiembre de 2026 a las 21:30:00 UTC-3","9 de septiembre de 2026 a las 0:50:00 UTC-3","terry pegula,jessica pegula net worth,jessica pegula parents,kim pegula","./explore?q=terry%20pegula&geo=US"
"chase burns","5 mil+","7 de septiembre de 2026 a las 22:30:00 UTC-3","8 de septiembre de 2026 a las 1:40:00 UTC-3","chase burns","./explore?q=chase%20burns&geo=US"
"trump ai generated images social media","5 mil+","7 de septiembre de 2026 a las 11:10:00 UTC-3","7 de septiembre de 2026 a las 14:30:00 UTC-3","trump ai generated images social media,trump ai posts","./explore?q=trump%20ai%20generated%20images%20social%20media&geo=US"
"timothy byers affleck","5 mil+","8 de septiembre de 2026 a las 18:40:00 UTC-3","8 de septiembre de 2026 a las 22:10:00 UTC-3","timothy byers affleck,ben affleck,timothy affleck","./explore?q=timothy%20byers%20affleck&geo=US"
"big brother spoilers","5 mil+","13 de septiembre de 2026 a las 8:30:00 UTC-3","13 de septiembre de 2026 a las 9:00:00 UTC-3","big brother spoilers,who went home on big brother tonight,who got evicted on big brother tonight,who was evicted from big brother tonight,bb28,who won hoh on big brother,who won hoh on big brother tonight","./explore?q=big%20brother%20spoilers&geo=US"
"napheesa collier","5 mil+","7 de septiembre de 2026 a las 16:00:00 UTC-3","7 de septiembre de 2026 a las 18:40:00 UTC-3","napheesa collier","./explore?q=napheesa%20collier&geo=US"
"submarine","5 mil+","7 de septiembre de 2026 a las 18:40:00 UTC-3","7 de septiembre de 2026 a las 22:30:00 UTC-3","submarine,iran submarine","./explore?q=submarine&geo=US"
"henry winkler tom hanks feud","5 mil+","10 de septiembre de 2026 a las 18:30:00 UTC-3","11 de septiembre de 2026 a las 8:50:00 UTC-3","henry winkler tom hanks feud,henry winkler tom hanks tension,henry winkler tom hanks relationship,tom hanks,henry winkler","./explore?q=henry%20winkler%20tom%20hanks%20feud&geo=US"
"luis lara","5 mil+","8 de septiembre de 2026 a las 23:50:00 UTC-3","9 de septiembre de 2026 a las 1:10:00 UTC-3","luis lara,brewers score","./explore?q=luis%20lara&geo=US"
"red sox","5 mil+","7 de septiembre de 2026 a las 15:50:00 UTC-3","7 de septiembre de 2026 a las 18:10:00 UTC-3","red sox,adley rutschman,boston red sox","./explore?q=red%20sox&geo=US"
"jill wagner","5 mil+","8 de septiembre de 2026 a las 14:20:00 UTC-3","8 de septiembre de 2026 a las 17:50:00 UTC-3","jill wagner,lioness season 3","./explore?q=jill%20wagner&geo=US"
"cook islands","5 mil+","7 de septiembre de 2026 a las 20:10:00 UTC-3","7 de septiembre de 2026 a las 22:00:00 UTC-3","cook islands","./explore?q=cook%20islands&geo=US"
"best defense for fantasy football 2026","5 mil+","7 de septiembre de 2026 a las 21:30:00 UTC-3","7 de septiembre de 2026 a las 23:50:00 UTC-3","best defense for fantasy football 2026","./explore?q=best%20defense%20for%20fantasy%20football%202026&geo=US"
"team usa women's basketball","5 mil+","7 de septiembre de 2026 a las 16:10:00 UTC-3","7 de septiembre de 2026 a las 18:50:00 UTC-3","team usa women's basketball,cecilia zandalasini,jackie young,us women's basketball,caitlin clark team usa italy game,fiba world cup schedule","./explore?q=team%20usa%20women%27s%20basketball&geo=US"
"good morning america","5 mil+","8 de septiembre de 2026 a las 8:40:00 UTC-3","8 de septiembre de 2026 a las 10:30:00 UTC-3","good morning america,kevin reddington good morning america,good morning america live,good morning america kevin reddington","./explore?q=good%20morning%20america&geo=US"
"accuweather","5 mil+","7 de septiembre de 2026 a las 17:50:00 UTC-3","7 de septiembre de 2026 a las 20:00:00 UTC-3","accuweather","./explore?q=accuweather&geo=US"
"monica seles","5 mil+","7 de septiembre de 2026 a las 21:40:00 UTC-3","7 de septiembre de 2026 a las 22:50:00 UTC-3","monica seles","./explore?q=monica%20seles&geo=US"
"gma deals and steals","5 mil+","7 de septiembre de 2026 a las 9:00:00 UTC-3","7 de septiembre de 2026 a las 12:00:00 UTC-3","gma deals and steals,deals and steals,gma,deals and steals gma,gma deals and steals today","./explore?q=gma%20deals%20and%20steals&geo=US"
"sofia vergara","5 mil+","8 de septiembre de 2026 a las 21:50:00 UTC-3","9 de septiembre de 2026 a las 3:10:00 UTC-3","sofia vergara,agt,agt tonight,agt voting tonight","./explore?q=sofia%20vergara&geo=US"
"josh jacobs suspension","5 mil+","7 de septiembre de 2026 a las 21:40:00 UTC-3","7 de septiembre de 2026 a las 23:00:00 UTC-3","josh jacobs suspension,will josh jacobs play this year,is josh jacobs going to play this year","./explore?q=josh%20jacobs%20suspension&geo=US"
"mlb standings","5 mil+","7 de septiembre de 2026 a las 17:50:00 UTC-3","7 de septiembre de 2026 a las 19:00:00 UTC-3","mlb standings","./explore?q=mlb%20standings&geo=US"
"dow jones today","5 mil+","8 de septiembre de 2026 a las 11:20:00 UTC-3","8 de septiembre de 2026 a las 12:50:00 UTC-3","dow jones today","./explore?q=dow%20jones%20today&geo=US"
"slides","5 mil+","8 de septiembre de 2026 a las 10:00:00 UTC-3","8 de septiembre de 2026 a las 11:10:00 UTC-3","slides","./explore?q=slides&geo=US"
"tom aspinall","2 mil+","14 de septiembre de 2026 a las 5:30:00 UTC-3",,"tom aspinall","./explore?q=tom%20aspinall&geo=US"
"sony playstation","2 mil+","14 de septiembre de 2026 a las 2:50:00 UTC-3",,"sony playstation","./explore?q=sony%20playstation&geo=US"
"the last photograph","2 mil+","13 de septiembre de 2026 a las 23:30:00 UTC-3",,"the last photograph","./explore?q=the%20last%20photograph&geo=US"
"marshals","2 mil+","13 de septiembre de 2026 a las 20:40:00 UTC-3",,"marshals","./explore?q=marshals&geo=US"
"skull island reign of kong shutdown","2 mil+","13 de septiembre de 2026 a las 20:00:00 UTC-3",,"skull island reign of kong shutdown","./explore?q=skull%20island%20reign%20of%20kong%20shutdown&geo=US"
"latest news","2 mil+","14 de septiembre de 2026 a las 5:10:00 UTC-3","14 de septiembre de 2026 a las 8:00:00 UTC-3","latest news","./explore?q=latest%20news&geo=US"
"shameless","2 mil+","13 de septiembre de 2026 a las 21:30:00 UTC-3",,"shameless","./explore?q=shameless&geo=US"
"technology news","2 mil+","14 de septiembre de 2026 a las 5:20:00 UTC-3","14 de septiembre de 2026 a las 7:50:00 UTC-3","technology news","./explore?q=technology%20news&geo=US"
"latest trump news cnn","2 mil+","13 de septiembre de 2026 a las 19:10:00 UTC-3","14 de septiembre de 2026 a las 7:30:00 UTC-3","latest trump news cnn","./explore?q=latest%20trump%20news%20cnn&geo=US"
"steelers head coach","2 mil+","13 de septiembre de 2026 a las 21:00:00 UTC-3","14 de septiembre de 2026 a las 1:40:00 UTC-3","steelers head coach","./explore?q=steelers%20head%20coach&geo=US"
"brian daboll","2 mil+","13 de septiembre de 2026 a las 21:20:00 UTC-3","14 de septiembre de 2026 a las 1:20:00 UTC-3","brian daboll","./explore?q=brian%20daboll&geo=US"
"jensen huang","2 mil+","13 de septiembre de 2026 a las 23:10:00 UTC-3","14 de septiembre de 2026 a las 3:10:00 UTC-3","jensen huang","./explore?q=jensen%20huang&geo=US"
"anthony bourdain","2 mil+","13 de septiembre de 2026 a las 21:50:00 UTC-3","14 de septiembre de 2026 a las 2:20:00 UTC-3","anthony bourdain","./explore?q=anthony%20bourdain&geo=US"
"jennifer garner","2 mil+","13 de septiembre de 2026 a las 19:20:00 UTC-3","14 de septiembre de 2026 a las 1:00:00 UTC-3","jennifer garner","./explore?q=jennifer%20garner&geo=US"
"raheim sanders","2 mil+","13 de septiembre de 2026 a las 15:40:00 UTC-3","13 de septiembre de 2026 a las 19:50:00 UTC-3","raheim sanders","./explore?q=raheim%20sanders&geo=US"
"cobán imperial - comunicaciones","2 mil+","13 de septiembre de 2026 a las 16:00:00 UTC-3","13 de septiembre de 2026 a las 19:30:00 UTC-3","cobán imperial - comunicaciones","./explore?q=cob%C3%A1n%20imperial%20-%20comunicaciones&geo=US"
"austin vs vancouver","2 mil+","13 de septiembre de 2026 a las 18:50:00 UTC-3","13 de septiembre de 2026 a las 22:30:00 UTC-3","austin vs vancouver,austin fc","./explore?q=austin%20vs%20vancouver&geo=US"
"chicago stars vs portland thorns","2 mil+","13 de septiembre de 2026 a las 19:40:00 UTC-3","13 de septiembre de 2026 a las 22:40:00 UTC-3","chicago stars vs portland thorns","./explore?q=chicago%20stars%20vs%20portland%20thorns&geo=US"
"chuba hubbard","2 mil+","13 de septiembre de 2026 a las 14:10:00 UTC-3","13 de septiembre de 2026 a las 18:20:00 UTC-3","chuba hubbard","./explore?q=chuba%20hubbard&geo=US"
"theo johnson","2 mil+","13 de septiembre de 2026 a las 21:30:00 UTC-3","14 de septiembre de 2026 a las 1:30:00 UTC-3","theo johnson","./explore?q=theo%20johnson&geo=US"
"atlético nacional - águilas doradas","2 mil+","13 de septiembre de 2026 a las 17:20:00 UTC-3","13 de septiembre de 2026 a las 21:00:00 UTC-3","atlético nacional - águilas doradas","./explore?q=atl%C3%A9tico%20nacional%20-%20%C3%A1guilas%20doradas&geo=US"
"jacob rodriguez","2 mil+","13 de septiembre de 2026 a las 18:30:00 UTC-3","13 de septiembre de 2026 a las 22:10:00 UTC-3","jacob rodriguez","./explore?q=jacob%20rodriguez&geo=US"
"kayvon thibodeaux","2 mil+","13 de septiembre de 2026 a las 21:40:00 UTC-3","14 de septiembre de 2026 a las 0:30:00 UTC-3","kayvon thibodeaux","./explore?q=kayvon%20thibodeaux&geo=US"
"dalton kincaid","2 mil+","13 de septiembre de 2026 a las 15:10:00 UTC-3","13 de septiembre de 2026 a las 18:50:00 UTC-3","dalton kincaid","./explore?q=dalton%20kincaid&geo=US"
"matthew golden","2 mil+","13 de septiembre de 2026 a las 18:20:00 UTC-3","13 de septiembre de 2026 a las 21:50:00 UTC-3","matthew golden","./explore?q=matthew%20golden&geo=US"
"tank dell","2 mil+","13 de septiembre de 2026 a las 14:30:00 UTC-3","13 de septiembre de 2026 a las 18:10:00 UTC-3","tank dell","./explore?q=tank%20dell&geo=US"
"darren waller","2 mil+","13 de septiembre de 2026 a las 14:10:00 UTC-3","13 de septiembre de 2026 a las 17:40:00 UTC-3","darren waller","./explore?q=darren%20waller&geo=US"
"darnell washington","2 mil+","13 de septiembre de 2026 a las 15:20:00 UTC-3","14 de septiembre de 2026 a las 0:20:00 UTC-3","darnell washington","./explore?q=darnell%20washington&geo=US"
"barcelona sc - delfín","2 mil+","13 de septiembre de 2026 a las 19:30:00 UTC-3","13 de septiembre de 2026 a las 22:40:00 UTC-3","barcelona sc - delfín,a qué hora juega el barcelona","./explore?q=barcelona%20sc%20-%20delf%C3%ADn&geo=US"
"jonathan taylor","2 mil+","13 de septiembre de 2026 a las 14:10:00 UTC-3","13 de septiembre de 2026 a las 17:50:00 UTC-3","jonathan taylor","./explore?q=jonathan%20taylor&geo=US"
"omaha weather","2 mil+","14 de septiembre de 2026 a las 7:30:00 UTC-3","14 de septiembre de 2026 a las 8:00:00 UTC-3","omaha weather,severe weather","./explore?q=omaha%20weather&geo=US"
"courteney cox tribute hayden panettiere","2 mil+","13 de septiembre de 2026 a las 17:30:00 UTC-3","13 de septiembre de 2026 a las 20:50:00 UTC-3","courteney cox tribute hayden panettiere","./explore?q=courteney%20cox%20tribute%20hayden%20panettiere&geo=US"
"zachary levi interview fox news","2 mil+","13 de septiembre de 2026 a las 15:30:00 UTC-3","13 de septiembre de 2026 a las 21:40:00 UTC-3","zachary levi interview fox news,zachary levi","./explore?q=zachary%20levi%20interview%20fox%20news&geo=US"
"denzel boston","2 mil+","13 de septiembre de 2026 a las 16:40:00 UTC-3","13 de septiembre de 2026 a las 19:30:00 UTC-3","denzel boston","./explore?q=denzel%20boston&geo=US"
"drake london","2 mil+","13 de septiembre de 2026 a las 14:30:00 UTC-3","13 de septiembre de 2026 a las 17:50:00 UTC-3","drake london","./explore?q=drake%20london&geo=US"
"jameson williams","2 mil+","13 de septiembre de 2026 a las 14:30:00 UTC-3","13 de septiembre de 2026 a las 18:30:00 UTC-3","jameson williams","./explore?q=jameson%20williams&geo=US"
"greg newsome","2 mil+","13 de septiembre de 2026 a las 21:50:00 UTC-3","14 de septiembre de 2026 a las 1:10:00 UTC-3","greg newsome","./explore?q=greg%20newsome&geo=US"
"tee higgins","2 mil+","13 de septiembre de 2026 a las 14:30:00 UTC-3","13 de septiembre de 2026 a las 18:00:00 UTC-3","tee higgins","./explore?q=tee%20higgins&geo=US"
"michael penix jr","2 mil+","13 de septiembre de 2026 a las 14:00:00 UTC-3","13 de septiembre de 2026 a las 17:40:00 UTC-3","michael penix jr","./explore?q=michael%20penix%20jr&geo=US"
"bucky irving","2 mil+","13 de septiembre de 2026 a las 14:30:00 UTC-3","13 de septiembre de 2026 a las 17:40:00 UTC-3","bucky irving","./explore?q=bucky%20irving&geo=US"
"quay walker","2 mil+","13 de septiembre de 2026 a las 17:50:00 UTC-3","13 de septiembre de 2026 a las 21:10:00 UTC-3","quay walker","./explore?q=quay%20walker&geo=US"
"cúcuta - millonarios","2 mil+","13 de septiembre de 2026 a las 22:00:00 UTC-3","14 de septiembre de 2026 a las 1:00:00 UTC-3","cúcuta - millonarios","./explore?q=c%C3%BAcuta%20-%20millonarios&geo=US"
"cristina rapti-tzelepi frozen embryo birth","2 mil+","12 de septiembre de 2026 a las 20:30:00 UTC-3","13 de septiembre de 2026 a las 12:40:00 UTC-3","cristina rapti-tzelepi frozen embryo birth","./explore?q=cristina%20rapti-tzelepi%20frozen%20embryo%20birth&geo=US"
"60 minutes tonight","2 mil+","13 de septiembre de 2026 a las 19:50:00 UTC-3","13 de septiembre de 2026 a las 22:20:00 UTC-3","60 minutes tonight,lesley stahl","./explore?q=60%20minutes%20tonight&geo=US"
"kennedy center closure warning","2 mil+","13 de septiembre de 2026 a las 20:50:00 UTC-3","13 de septiembre de 2026 a las 23:30:00 UTC-3","kennedy center closure warning","./explore?q=kennedy%20center%20closure%20warning&geo=US"
"justin hailey bieber wedding anniversary","2 mil+","13 de septiembre de 2026 a las 18:20:00 UTC-3","13 de septiembre de 2026 a las 21:00:00 UTC-3","justin hailey bieber wedding anniversary","./explore?q=justin%20hailey%20bieber%20wedding%20anniversary&geo=US"
"bo nix","2 mil+","14 de septiembre de 2026 a las 0:30:00 UTC-3","14 de septiembre de 2026 a las 2:30:00 UTC-3","bo nix,greg jennings","./explore?q=bo%20nix&geo=US"
"drew brees","2 mil+","13 de septiembre de 2026 a las 13:50:00 UTC-3","13 de septiembre de 2026 a las 18:30:00 UTC-3","drew brees","./explore?q=drew%20brees&geo=US"
"benfica vs gil vicente","2 mil+","13 de septiembre de 2026 a las 13:30:00 UTC-3","13 de septiembre de 2026 a las 17:00:00 UTC-3","benfica vs gil vicente,benfica - gil vicente","./explore?q=benfica%20vs%20gil%20vicente&geo=US"
"carnell tate","2 mil+","13 de septiembre de 2026 a las 14:30:00 UTC-3","13 de septiembre de 2026 a las 18:00:00 UTC-3","carnell tate","./explore?q=carnell%20tate&geo=US"
"final fantasy 7: revelation","2 mil+","13 de septiembre de 2026 a las 13:40:00 UTC-3","13 de septiembre de 2026 a las 17:30:00 UTC-3","final fantasy 7: revelation","./explore?q=final%20fantasy%207%3A%20revelation&geo=US"
"josh cameron","2 mil+","13 de septiembre de 2026 a las 14:30:00 UTC-3","13 de septiembre de 2026 a las 17:00:00 UTC-3","josh cameron","./explore?q=josh%20cameron&geo=US"
"cowboys roster","2 mil+","13 de septiembre de 2026 a las 21:20:00 UTC-3","13 de septiembre de 2026 a las 23:10:00 UTC-3","cowboys roster,dallas cowboys roster","./explore?q=cowboys%20roster&geo=US"
"ncis new york","2 mil+","13 de septiembre de 2026 a las 15:40:00 UTC-3","13 de septiembre de 2026 a las 20:10:00 UTC-3","ncis new york","./explore?q=ncis%20new%20york&geo=US"
"guastatoya - xelajú mc","2 mil+","13 de septiembre de 2026 a las 20:00:00 UTC-3","13 de septiembre de 2026 a las 22:30:00 UTC-3","guastatoya - xelajú mc","./explore?q=guastatoya%20-%20xelaj%C3%BA%20mc&geo=US"
"football schedule","2 mil+","13 de septiembre de 2026 a las 11:20:00 UTC-3","13 de septiembre de 2026 a las 15:40:00 UTC-3","football schedule","./explore?q=football%20schedule&geo=US"
"indonesia","2 mil+","13 de septiembre de 2026 a las 10:30:00 UTC-3","13 de septiembre de 2026 a las 13:30:00 UTC-3","indonesia,indonesia ship","./explore?q=indonesia&geo=US"
"cameron ward","2 mil+","13 de septiembre de 2026 a las 15:20:00 UTC-3","13 de septiembre de 2026 a las 18:30:00 UTC-3","cameron ward","./explore?q=cameron%20ward&geo=US"
"noah fant","2 mil+","13 de septiembre de 2026 a las 17:30:00 UTC-3","13 de septiembre de 2026 a las 18:50:00 UTC-3","noah fant","./explore?q=noah%20fant&geo=US"
"roman wilson","2 mil+","13 de septiembre de 2026 a las 14:40:00 UTC-3","13 de septiembre de 2026 a las 17:20:00 UTC-3","roman wilson","./explore?q=roman%20wilson&geo=US"
"softball","2 mil+","13 de septiembre de 2026 a las 9:20:00 UTC-3","13 de septiembre de 2026 a las 17:40:00 UTC-3","softball","./explore?q=softball&geo=US"
"charleston white","2 mil+","12 de septiembre de 2026 a las 22:10:00 UTC-3","13 de septiembre de 2026 a las 10:30:00 UTC-3","charleston white","./explore?q=charleston%20white&geo=US"
"jacory croskey-merritt","2 mil+","13 de septiembre de 2026 a las 18:30:00 UTC-3","13 de septiembre de 2026 a las 21:20:00 UTC-3","jacory croskey-merritt","./explore?q=jacory%20croskey-merritt&geo=US"
"kc concepcion","2 mil+","13 de septiembre de 2026 a las 15:00:00 UTC-3","13 de septiembre de 2026 a las 17:50:00 UTC-3","kc concepcion","./explore?q=kc%20concepcion&geo=US"
"auston matthews","2 mil+","13 de septiembre de 2026 a las 9:10:00 UTC-3","14 de septiembre de 2026 a las 0:00:00 UTC-3","auston matthews","./explore?q=auston%20matthews&geo=US"
"brian thomas jr","2 mil+","13 de septiembre de 2026 a las 14:50:00 UTC-3","13 de septiembre de 2026 a las 17:00:00 UTC-3","brian thomas jr,brian thomas jr.","./explore?q=brian%20thomas%20jr&geo=US"
"chris moore","2 mil+","13 de septiembre de 2026 a las 16:30:00 UTC-3","13 de septiembre de 2026 a las 18:40:00 UTC-3","chris moore","./explore?q=chris%20moore&geo=US"
"big brother","2 mil+","13 de septiembre de 2026 a las 21:10:00 UTC-3","13 de septiembre de 2026 a las 22:40:00 UTC-3","big brother","./explore?q=big%20brother&geo=US"
"john madden","2 mil+","13 de septiembre de 2026 a las 19:30:00 UTC-3","13 de septiembre de 2026 a las 20:40:00 UTC-3","john madden","./explore?q=john%20madden&geo=US"
"emeka egbuka","2 mil+","13 de septiembre de 2026 a las 14:30:00 UTC-3","13 de septiembre de 2026 a las 18:00:00 UTC-3","emeka egbuka","./explore?q=emeka%20egbuka&geo=US"
"jordan addison","2 mil+","13 de septiembre de 2026 a las 19:30:00 UTC-3","13 de septiembre de 2026 a las 21:40:00 UTC-3","jordan addison","./explore?q=jordan%20addison&geo=US"
"bhayshul tuten","2 mil+","13 de septiembre de 2026 a las 14:40:00 UTC-3","13 de septiembre de 2026 a las 17:20:00 UTC-3","bhayshul tuten","./explore?q=bhayshul%20tuten&geo=US"
"keon coleman","2 mil+","13 de septiembre de 2026 a las 15:00:00 UTC-3","13 de septiembre de 2026 a las 18:10:00 UTC-3","keon coleman","./explore?q=keon%20coleman&geo=US"
"etienne","2 mil+","13 de septiembre de 2026 a las 15:20:00 UTC-3","13 de septiembre de 2026 a las 18:40:00 UTC-3","etienne","./explore?q=etienne&geo=US"
"android","2 mil+","13 de septiembre de 2026 a las 12:30:00 UTC-3","13 de septiembre de 2026 a las 17:00:00 UTC-3","android","./explore?q=android&geo=US"
"charissa thompson","2 mil+","13 de septiembre de 2026 a las 12:20:00 UTC-3","13 de septiembre de 2026 a las 14:50:00 UTC-3","charissa thompson","./explore?q=charissa%20thompson&geo=US"
"xavier legette","2 mil+","13 de septiembre de 2026 a las 14:50:00 UTC-3","13 de septiembre de 2026 a las 18:10:00 UTC-3","xavier legette","./explore?q=xavier%20legette&geo=US"
"flamengo","2 mil+","13 de septiembre de 2026 a las 18:30:00 UTC-3","13 de septiembre de 2026 a las 20:30:00 UTC-3","flamengo","./explore?q=flamengo&geo=US"
"bruno mars tampa","2 mil+","12 de septiembre de 2026 a las 15:20:00 UTC-3","13 de septiembre de 2026 a las 11:00:00 UTC-3","bruno mars tampa","./explore?q=bruno%20mars%20tampa&geo=US"
"jets depth chart","2 mil+","13 de septiembre de 2026 a las 11:00:00 UTC-3","13 de septiembre de 2026 a las 15:20:00 UTC-3","jets depth chart","./explore?q=jets%20depth%20chart&geo=US"
"alex bowman","2 mil+","13 de septiembre de 2026 a las 20:10:00 UTC-3","13 de septiembre de 2026 a las 21:30:00 UTC-3","alex bowman","./explore?q=alex%20bowman&geo=US"
"jauan jennings","2 mil+","13 de septiembre de 2026 a las 18:00:00 UTC-3","13 de septiembre de 2026 a las 21:30:00 UTC-3","jauan jennings","./explore?q=jauan%20jennings&geo=US"
"hakeem jeffries","2 mil+","13 de septiembre de 2026 a las 18:50:00 UTC-3","13 de septiembre de 2026 a las 20:40:00 UTC-3","hakeem jeffries,technology news","./explore?q=hakeem%20jeffries&geo=US"
"michael pittman","2 mil+","13 de septiembre de 2026 a las 14:30:00 UTC-3","13 de septiembre de 2026 a las 18:10:00 UTC-3","michael pittman,michael pittman jr","./explore?q=michael%20pittman&geo=US"
"mark andrews","2 mil+","13 de septiembre de 2026 a las 14:40:00 UTC-3","14 de septiembre de 2026 a las 1:40:00 UTC-3","mark andrews","./explore?q=mark%20andrews&geo=US"
"jason garrett","2 mil+","13 de septiembre de 2026 a las 20:40:00 UTC-3","13 de septiembre de 2026 a las 22:00:00 UTC-3","jason garrett","./explore?q=jason%20garrett&geo=US"
"rob lowe","2 mil+","13 de septiembre de 2026 a las 21:00:00 UTC-3","13 de septiembre de 2026 a las 22:30:00 UTC-3","rob lowe","./explore?q=rob%20lowe&geo=US"
"tyler warren","2 mil+","13 de septiembre de 2026 a las 15:10:00 UTC-3","13 de septiembre de 2026 a las 17:50:00 UTC-3","tyler warren","./explore?q=tyler%20warren&geo=US"
"jaylen warren","2 mil+","13 de septiembre de 2026 a las 14:40:00 UTC-3","13 de septiembre de 2026 a las 17:50:00 UTC-3","jaylen warren","./explore?q=jaylen%20warren&geo=US"
"john runyan","2 mil+","13 de septiembre de 2026 a las 22:00:00 UTC-3","13 de septiembre de 2026 a las 23:10:00 UTC-3","john runyan,jon runyan jr","./explore?q=john%20runyan&geo=US"
"browns depth chart","2 mil+","13 de septiembre de 2026 a las 12:50:00 UTC-3","13 de septiembre de 2026 a las 16:10:00 UTC-3","browns depth chart","./explore?q=browns%20depth%20chart&geo=US"
"the social reckoning","2 mil+","13 de septiembre de 2026 a las 15:00:00 UTC-3","13 de septiembre de 2026 a las 16:20:00 UTC-3","the social reckoning,social reckoning","./explore?q=the%20social%20reckoning&geo=US"
"garrett wilson","2 mil+","13 de septiembre de 2026 a las 14:40:00 UTC-3","13 de septiembre de 2026 a las 17:40:00 UTC-3","garrett wilson","./explore?q=garrett%20wilson&geo=US"
"lewis hamilton","2 mil+","13 de septiembre de 2026 a las 10:10:00 UTC-3","13 de septiembre de 2026 a las 13:20:00 UTC-3","lewis hamilton","./explore?q=lewis%20hamilton&geo=US"
"kevin stefanski","2 mil+","13 de septiembre de 2026 a las 14:20:00 UTC-3","13 de septiembre de 2026 a las 17:50:00 UTC-3","kevin stefanski","./explore?q=kevin%20stefanski&geo=US"
"tony pollard","2 mil+","13 de septiembre de 2026 a las 15:10:00 UTC-3","13 de septiembre de 2026 a las 17:50:00 UTC-3","tony pollard","./explore?q=tony%20pollard&geo=US"
"barcelona hoy","2 mil+","13 de septiembre de 2026 a las 11:10:00 UTC-3","13 de septiembre de 2026 a las 14:10:00 UTC-3","barcelona hoy","./explore?q=barcelona%20hoy&geo=US"
"arch manning nil deal","2 mil+","12 de septiembre de 2026 a las 20:50:00 UTC-3","13 de septiembre de 2026 a las 1:20:00 UTC-3","arch manning nil deal","./explore?q=arch%20manning%20nil%20deal&geo=US"
"mahira khan","2 mil+","12 de septiembre de 2026 a las 21:40:00 UTC-3","13 de septiembre de 2026 a las 4:00:00 UTC-3","mahira khan","./explore?q=mahira%20khan&geo=US"
"levante – barcelone","2 mil+","13 de septiembre de 2026 a las 10:40:00 UTC-3","13 de septiembre de 2026 a las 13:40:00 UTC-3","levante – barcelone","./explore?q=levante%20%E2%80%93%20barcelone&geo=US"
"ameer abdullah","2 mil+","13 de septiembre de 2026 a las 15:10:00 UTC-3","13 de septiembre de 2026 a las 17:20:00 UTC-3","ameer abdullah","./explore?q=ameer%20abdullah&geo=US"
"cam heyward","2 mil+","13 de septiembre de 2026 a las 15:30:00 UTC-3","13 de septiembre de 2026 a las 17:50:00 UTC-3","cam heyward","./explore?q=cam%20heyward&geo=US"
"luther burden","2 mil+","13 de septiembre de 2026 a las 14:00:00 UTC-3","13 de septiembre de 2026 a las 16:40:00 UTC-3","luther burden,luther burden iii","./explore?q=luther%20burden&geo=US"
"new haven vs sd state","2 mil+","12 de septiembre de 2026 a las 19:20:00 UTC-3","13 de septiembre de 2026 a las 0:00:00 UTC-3","new haven vs sd state","./explore?q=new%20haven%20vs%20sd%20state&geo=US"
"quinshon judkins","2 mil+","13 de septiembre de 2026 a las 15:00:00 UTC-3","13 de septiembre de 2026 a las 17:20:00 UTC-3","quinshon judkins","./explore?q=quinshon%20judkins&geo=US"
"bayern","2 mil+","13 de septiembre de 2026 a las 13:20:00 UTC-3","13 de septiembre de 2026 a las 15:10:00 UTC-3","bayern","./explore?q=bayern&geo=US"
"rangers vs celtic","2 mil+","13 de septiembre de 2026 a las 8:10:00 UTC-3","13 de septiembre de 2026 a las 12:00:00 UTC-3","rangers vs celtic,celtic fc","./explore?q=rangers%20vs%20celtic&geo=US"
"2027 jeep wrangler","2 mil+","12 de septiembre de 2026 a las 21:50:00 UTC-3","13 de septiembre de 2026 a las 10:20:00 UTC-3","2027 jeep wrangler","./explore?q=2027%20jeep%20wrangler&geo=US"
"jakobi meyers","2 mil+","13 de septiembre de 2026 a las 15:00:00 UTC-3","13 de septiembre de 2026 a las 17:20:00 UTC-3","jakobi meyers","./explore?q=jakobi%20meyers&geo=US"
"boston weather","2 mil+","13 de septiembre de 2026 a las 8:00:00 UTC-3","13 de septiembre de 2026 a las 12:30:00 UTC-3","boston weather","./explore?q=boston%20weather&geo=US"
"lazio - milan","2 mil+","12 de septiembre de 2026 a las 12:10:00 UTC-3","12 de septiembre de 2026 a las 16:30:00 UTC-3","lazio - milan","./explore?q=lazio%20-%20milan&geo=US"
"philadelphia 76ers","2 mil+","12 de septiembre de 2026 a las 19:00:00 UTC-3","13 de septiembre de 2026 a las 10:30:00 UTC-3","philadelphia 76ers","./explore?q=philadelphia%2076ers&geo=US"
"cricinfo","2 mil+","13 de septiembre de 2026 a las 11:40:00 UTC-3","13 de septiembre de 2026 a las 14:00:00 UTC-3","cricinfo,gaw vs barbados royals","./explore?q=cricinfo&geo=US"
"portland vs dallas","2 mil+","12 de septiembre de 2026 a las 21:10:00 UTC-3","13 de septiembre de 2026 a las 0:50:00 UTC-3","portland vs dallas,fc dallas","./explore?q=portland%20vs%20dallas&geo=US"
"interstate 81","2 mil+","12 de septiembre de 2026 a las 6:00:00 UTC-3","12 de septiembre de 2026 a las 13:10:00 UTC-3","interstate 81","./explore?q=interstate%2081&geo=US"
"dillon gabriel","2 mil+","12 de septiembre de 2026 a las 3:40:00 UTC-3","12 de septiembre de 2026 a las 16:30:00 UTC-3","dillon gabriel","./explore?q=dillon%20gabriel&geo=US"
"f1 driver of the day","2 mil+","13 de septiembre de 2026 a las 11:20:00 UTC-3","13 de septiembre de 2026 a las 12:40:00 UTC-3","f1 driver of the day,driver of the day f1,max verstappen","./explore?q=f1%20driver%20of%20the%20day&geo=US"
"declan doyle","2 mil+","13 de septiembre de 2026 a las 14:10:00 UTC-3","13 de septiembre de 2026 a las 16:10:00 UTC-3","declan doyle,lamar jackson","./explore?q=declan%20doyle&geo=US"
"kate mansi leaving soap operas","2 mil+","11 de septiembre de 2026 a las 22:10:00 UTC-3","12 de septiembre de 2026 a las 12:40:00 UTC-3","kate mansi leaving soap operas","./explore?q=kate%20mansi%20leaving%20soap%20operas&geo=US"
"canelo","2 mil+","12 de septiembre de 2026 a las 23:20:00 UTC-3","13 de septiembre de 2026 a las 3:10:00 UTC-3","canelo,canelo álvarez","./explore?q=canelo&geo=US"
"texas schedule","2 mil+","12 de septiembre de 2026 a las 23:00:00 UTC-3","13 de septiembre de 2026 a las 2:30:00 UTC-3","texas schedule,texas schedule 2026","./explore?q=texas%20schedule&geo=US"
"ben rice","2 mil+","13 de septiembre de 2026 a las 15:20:00 UTC-3","13 de septiembre de 2026 a las 16:40:00 UTC-3","ben rice","./explore?q=ben%20rice&geo=US"
"david marcis home burglary","2 mil+","11 de septiembre de 2026 a las 21:40:00 UTC-3","12 de septiembre de 2026 a las 11:10:00 UTC-3","david marcis home burglary","./explore?q=david%20marcis%20home%20burglary&geo=US"
"houston dynamo vs san jose","2 mil+","12 de septiembre de 2026 a las 23:00:00 UTC-3","13 de septiembre de 2026 a las 2:40:00 UTC-3","houston dynamo vs san jose","./explore?q=houston%20dynamo%20vs%20san%20jose&geo=US"
"atlanta weather","2 mil+","11 de septiembre de 2026 a las 17:30:00 UTC-3","12 de septiembre de 2026 a las 12:30:00 UTC-3","atlanta weather,weather atlanta","./explore?q=atlanta%20weather&geo=US"
"south africa vs new zealand","2 mil+","12 de septiembre de 2026 a las 17:40:00 UTC-3","12 de septiembre de 2026 a las 20:30:00 UTC-3","south africa vs new zealand,springboks vs all blacks","./explore?q=south%20africa%20vs%20new%20zealand&geo=US"
"gible community day","2 mil+","12 de septiembre de 2026 a las 14:40:00 UTC-3","12 de septiembre de 2026 a las 19:40:00 UTC-3","gible community day","./explore?q=gible%20community%20day&geo=US"
"travis kelce wedding taylor swift comments","2 mil+","11 de septiembre de 2026 a las 18:30:00 UTC-3","12 de septiembre de 2026 a las 9:00:00 UTC-3","travis kelce wedding taylor swift comments","./explore?q=travis%20kelce%20wedding%20taylor%20swift%20comments&geo=US"
"tax","2 mil+","12 de septiembre de 2026 a las 16:20:00 UTC-3","12 de septiembre de 2026 a las 21:20:00 UTC-3","tax","./explore?q=tax&geo=US"
"osasuna vs espanyol","2 mil+","12 de septiembre de 2026 a las 10:30:00 UTC-3","12 de septiembre de 2026 a las 14:40:00 UTC-3","osasuna vs espanyol","./explore?q=osasuna%20vs%20espanyol&geo=US"
"gervonta davis","2 mil+","13 de septiembre de 2026 a las 0:20:00 UTC-3","13 de septiembre de 2026 a las 2:30:00 UTC-3","gervonta davis,tank davis","./explore?q=gervonta%20davis&geo=US"
"new york city vs salt lake","2 mil+","12 de septiembre de 2026 a las 22:10:00 UTC-3","13 de septiembre de 2026 a las 1:40:00 UTC-3","new york city vs salt lake","./explore?q=new%20york%20city%20vs%20salt%20lake&geo=US"
"office of the director of national intelligence","2 mil+","13 de septiembre de 2026 a las 7:30:00 UTC-3","13 de septiembre de 2026 a las 11:00:00 UTC-3","office of the director of national intelligence","./explore?q=office%20of%20the%20director%20of%20national%20intelligence&geo=US"
"toronto vs orlando city","2 mil+","12 de septiembre de 2026 a las 19:50:00 UTC-3","12 de septiembre de 2026 a las 23:50:00 UTC-3","toronto vs orlando city,orlando city,toronto fc vs orlando city standings","./explore?q=toronto%20vs%20orlando%20city&geo=US"
"ny red bulls vs columbus","2 mil+","12 de septiembre de 2026 a las 20:00:00 UTC-3","12 de septiembre de 2026 a las 23:40:00 UTC-3","ny red bulls vs columbus","./explore?q=ny%20red%20bulls%20vs%20columbus&geo=US"
"afc east","2 mil+","13 de septiembre de 2026 a las 17:20:00 UTC-3","13 de septiembre de 2026 a las 21:30:00 UTC-3","afc east,daquan jones","./explore?q=afc%20east&geo=US"
"saddam hussein","2 mil+","11 de septiembre de 2026 a las 20:10:00 UTC-3","12 de septiembre de 2026 a las 3:30:00 UTC-3","saddam hussein,tnt","./explore?q=saddam%20hussein&geo=US"
"meghan markle upcoming california return","2 mil+","11 de septiembre de 2026 a las 4:00:00 UTC-3","11 de septiembre de 2026 a las 18:10:00 UTC-3","meghan markle upcoming california return","./explore?q=meghan%20markle%20upcoming%20california%20return&geo=US"
"charlie becker","2 mil+","12 de septiembre de 2026 a las 13:30:00 UTC-3","12 de septiembre de 2026 a las 16:40:00 UTC-3","charlie becker","./explore?q=charlie%20becker&geo=US"
"utrgv vs nicholls","2 mil+","12 de septiembre de 2026 a las 19:20:00 UTC-3","12 de septiembre de 2026 a las 22:50:00 UTC-3","utrgv vs nicholls","./explore?q=utrgv%20vs%20nicholls&geo=US"
"rafael devers","2 mil+","13 de septiembre de 2026 a las 16:20:00 UTC-3","13 de septiembre de 2026 a las 17:20:00 UTC-3","rafael devers,devers","./explore?q=rafael%20devers&geo=US"
"taraji p henson","2 mil+","11 de septiembre de 2026 a las 21:50:00 UTC-3","12 de septiembre de 2026 a las 3:50:00 UTC-3","taraji p henson","./explore?q=taraji%20p%20henson&geo=US"
"visa","2 mil+","11 de septiembre de 2026 a las 23:30:00 UTC-3","12 de septiembre de 2026 a las 11:40:00 UTC-3","visa,h","./explore?q=visa&geo=US"
"atlético mineiro vs fluminense","2 mil+","12 de septiembre de 2026 a las 15:40:00 UTC-3","12 de septiembre de 2026 a las 18:40:00 UTC-3","atlético mineiro vs fluminense,atlético-mg x fluminense","./explore?q=atl%C3%A9tico%20mineiro%20vs%20fluminense&geo=US"
"apple tv","2 mil+","13 de septiembre de 2026 a las 10:10:00 UTC-3","13 de septiembre de 2026 a las 11:40:00 UTC-3","apple tv","./explore?q=apple%20tv&geo=US"
"georgia state vs kennesaw st","2 mil+","12 de septiembre de 2026 a las 19:20:00 UTC-3","12 de septiembre de 2026 a las 22:10:00 UTC-3","georgia state vs kennesaw st,ksu vs gsu","./explore?q=georgia%20state%20vs%20kennesaw%20st&geo=US"
"ryan gosling","2 mil+","13 de septiembre de 2026 a las 0:30:00 UTC-3","13 de septiembre de 2026 a las 4:40:00 UTC-3","ryan gosling","./explore?q=ryan%20gosling&geo=US"
"real madrid schedule","2 mil+","12 de septiembre de 2026 a las 16:00:00 UTC-3","12 de septiembre de 2026 a las 18:20:00 UTC-3","real madrid schedule","./explore?q=real%20madrid%20schedule&geo=US"
"original star trek pilot rejected nbc","2 mil+","12 de septiembre de 2026 a las 14:40:00 UTC-3","12 de septiembre de 2026 a las 19:10:00 UTC-3","original star trek pilot rejected nbc","./explore?q=original%20star%20trek%20pilot%20rejected%20nbc&geo=US"
"le mans vs lens","2 mil+","13 de septiembre de 2026 a las 12:10:00 UTC-3","13 de septiembre de 2026 a las 14:30:00 UTC-3","le mans vs lens,lens fc","./explore?q=le%20mans%20vs%20lens&geo=US"
"al-taawoun vs al-hilal","2 mil+","12 de septiembre de 2026 a las 12:20:00 UTC-3","12 de septiembre de 2026 a las 15:50:00 UTC-3","al-taawoun vs al-hilal","./explore?q=al-taawoun%20vs%20al-hilal&geo=US"
"yousri belgaroui","2 mil+","12 de septiembre de 2026 a las 15:40:00 UTC-3","12 de septiembre de 2026 a las 18:10:00 UTC-3","yousri belgaroui","./explore?q=yousri%20belgaroui&geo=US"
"bkfc","2 mil+","11 de septiembre de 2026 a las 20:20:00 UTC-3","12 de septiembre de 2026 a las 0:50:00 UTC-3","bkfc","./explore?q=bkfc&geo=US"
"padres game today","2 mil+","13 de septiembre de 2026 a las 20:50:00 UTC-3","13 de septiembre de 2026 a las 21:20:00 UTC-3","padres game today,padres - giants,manny machado","./explore?q=padres%20game%20today&geo=US"
"josh hartnett","2 mil+","11 de septiembre de 2026 a las 2:10:00 UTC-3","12 de septiembre de 2026 a las 8:00:00 UTC-3","josh hartnett","./explore?q=josh%20hartnett&geo=US"
"ukraine","2 mil+","12 de septiembre de 2026 a las 7:10:00 UTC-3","12 de septiembre de 2026 a las 13:00:00 UTC-3","ukraine","./explore?q=ukraine&geo=US"
"rafael devers","2 mil+","12 de septiembre de 2026 a las 1:10:00 UTC-3","12 de septiembre de 2026 a las 18:50:00 UTC-3","rafael devers","./explore?q=rafael%20devers&geo=US"
"jackie young","2 mil+","12 de septiembre de 2026 a las 15:40:00 UTC-3","12 de septiembre de 2026 a las 17:50:00 UTC-3","jackie young","./explore?q=jackie%20young&geo=US"
"well preserved mastodon molar california","2 mil+","11 de septiembre de 2026 a las 18:40:00 UTC-3","12 de septiembre de 2026 a las 9:50:00 UTC-3","well preserved mastodon molar california","./explore?q=well%20preserved%20mastodon%20molar%20california&geo=US"
"braces","2 mil+","12 de septiembre de 2026 a las 19:40:00 UTC-3","12 de septiembre de 2026 a las 23:10:00 UTC-3","braces","./explore?q=braces&geo=US"
"peso mexicano","2 mil+","12 de septiembre de 2026 a las 18:10:00 UTC-3","12 de septiembre de 2026 a las 20:50:00 UTC-3","peso mexicano","./explore?q=peso%20mexicano&geo=US"
"capsizing","2 mil+","12 de septiembre de 2026 a las 13:20:00 UTC-3","12 de septiembre de 2026 a las 16:10:00 UTC-3","capsizing","./explore?q=capsizing&geo=US"
"la-monroe vs uab","2 mil+","12 de septiembre de 2026 a las 16:00:00 UTC-3","12 de septiembre de 2026 a las 20:20:00 UTC-3","la-monroe vs uab","./explore?q=la-monroe%20vs%20uab&geo=US"
"espn+","2 mil+","12 de septiembre de 2026 a las 13:50:00 UTC-3","12 de septiembre de 2026 a las 21:30:00 UTC-3","espn+,espn plus","./explore?q=espn%2B&geo=US"
"suzy kolber","2 mil+","10 de septiembre de 2026 a las 20:20:00 UTC-3","11 de septiembre de 2026 a las 10:30:00 UTC-3","suzy kolber","./explore?q=suzy%20kolber&geo=US"
"cal poly football","2 mil+","12 de septiembre de 2026 a las 23:50:00 UTC-3","13 de septiembre de 2026 a las 2:10:00 UTC-3","cal poly football","./explore?q=cal%20poly%20football&geo=US"
"chief keef concert","2 mil+","12 de septiembre de 2026 a las 21:10:00 UTC-3","12 de septiembre de 2026 a las 23:20:00 UTC-3","chief keef concert,chief keef,chief keef chicago,chief keef concert chicago","./explore?q=chief%20keef%20concert&geo=US"
"colgate vs central mi","2 mil+","12 de septiembre de 2026 a las 13:20:00 UTC-3","12 de septiembre de 2026 a las 17:40:00 UTC-3","colgate vs central mi,colgate football,cmu football","./explore?q=colgate%20vs%20central%20mi&geo=US"
"reed harris","2 mil+","12 de septiembre de 2026 a las 14:00:00 UTC-3","12 de septiembre de 2026 a las 17:00:00 UTC-3","reed harris","./explore?q=reed%20harris&geo=US"
"michelle pfeiffer","2 mil+","12 de septiembre de 2026 a las 0:50:00 UTC-3","12 de septiembre de 2026 a las 5:10:00 UTC-3","michelle pfeiffer","./explore?q=michelle%20pfeiffer&geo=US"
"marcus rashford","2 mil+","13 de septiembre de 2026 a las 12:50:00 UTC-3","13 de septiembre de 2026 a las 14:20:00 UTC-3","marcus rashford,manchester united f.c. vs man city lineups,premier league games","./explore?q=marcus%20rashford&geo=US"
"today","2 mil+","12 de septiembre de 2026 a las 11:40:00 UTC-3","12 de septiembre de 2026 a las 17:00:00 UTC-3","today","./explore?q=today&geo=US"
"buffalo vs fiu","2 mil+","12 de septiembre de 2026 a las 18:30:00 UTC-3","12 de septiembre de 2026 a las 21:00:00 UTC-3","buffalo vs fiu,fiu football","./explore?q=buffalo%20vs%20fiu&geo=US"
"erin andrews","2 mil+","12 de septiembre de 2026 a las 14:00:00 UTC-3","13 de septiembre de 2026 a las 0:30:00 UTC-3","erin andrews","./explore?q=erin%20andrews&geo=US"
"uju anya","2 mil+","11 de septiembre de 2026 a las 23:20:00 UTC-3","12 de septiembre de 2026 a las 9:40:00 UTC-3","uju anya","./explore?q=uju%20anya&geo=US"
"central michigan football","2 mil+","12 de septiembre de 2026 a las 15:10:00 UTC-3","12 de septiembre de 2026 a las 18:00:00 UTC-3","central michigan football","./explore?q=central%20michigan%20football&geo=US"
"fiorentina","2 mil+","11 de septiembre de 2026 a las 16:20:00 UTC-3","11 de septiembre de 2026 a las 21:10:00 UTC-3","fiorentina","./explore?q=fiorentina&geo=US"
"pat tillman","2 mil+","11 de septiembre de 2026 a las 23:00:00 UTC-3","12 de septiembre de 2026 a las 10:30:00 UTC-3","pat tillman","./explore?q=pat%20tillman&geo=US"
"kennesaw state football","2 mil+","12 de septiembre de 2026 a las 21:10:00 UTC-3","13 de septiembre de 2026 a las 0:40:00 UTC-3","kennesaw state football","./explore?q=kennesaw%20state%20football&geo=US"
"matt suhey cause of death","2 mil+","13 de septiembre de 2026 a las 16:50:00 UTC-3","13 de septiembre de 2026 a las 17:50:00 UTC-3","matt suhey cause of death,walter payton","./explore?q=matt%20suhey%20cause%20of%20death&geo=US"
"noche ufc 2026","2 mil+","12 de septiembre de 2026 a las 18:00:00 UTC-3","12 de septiembre de 2026 a las 22:00:00 UTC-3","noche ufc 2026,noche ufc card","./explore?q=noche%20ufc%202026&geo=US"
"fordham vs coastal carolina","2 mil+","12 de septiembre de 2026 a las 20:00:00 UTC-3","12 de septiembre de 2026 a las 22:30:00 UTC-3","fordham vs coastal carolina,coastal carolina football","./explore?q=fordham%20vs%20coastal%20carolina&geo=US"
"mark bowman","2 mil+","13 de septiembre de 2026 a las 0:30:00 UTC-3","13 de septiembre de 2026 a las 2:40:00 UTC-3","mark bowman,mark bowman usc","./explore?q=mark%20bowman&geo=US"
"kate middleton surprise appearance liverpool","2 mil+","12 de septiembre de 2026 a las 8:20:00 UTC-3","12 de septiembre de 2026 a las 13:30:00 UTC-3","kate middleton surprise appearance liverpool","./explore?q=kate%20middleton%20surprise%20appearance%20liverpool&geo=US"
"west georgia vs ar state","2 mil+","12 de septiembre de 2026 a las 19:20:00 UTC-3","12 de septiembre de 2026 a las 21:50:00 UTC-3","west georgia vs ar state","./explore?q=west%20georgia%20vs%20ar%20state&geo=US"
"rennes vs marseille","2 mil+","11 de septiembre de 2026 a las 15:10:00 UTC-3","11 de septiembre de 2026 a las 18:50:00 UTC-3","rennes vs marseille","./explore?q=rennes%20vs%20marseille&geo=US"
"mohamed belloumi","2 mil+","12 de septiembre de 2026 a las 11:30:00 UTC-3","12 de septiembre de 2026 a las 14:00:00 UTC-3","mohamed belloumi","./explore?q=mohamed%20belloumi&geo=US"
"regis philbin","2 mil+","11 de septiembre de 2026 a las 9:30:00 UTC-3","12 de septiembre de 2026 a las 3:10:00 UTC-3","regis philbin","./explore?q=regis%20philbin&geo=US"
"defenders day","2 mil+","12 de septiembre de 2026 a las 8:50:00 UTC-3","12 de septiembre de 2026 a las 13:40:00 UTC-3","defenders day","./explore?q=defenders%20day&geo=US"
"lamar vs idaho","2 mil+","12 de septiembre de 2026 a las 16:30:00 UTC-3","12 de septiembre de 2026 a las 19:20:00 UTC-3","lamar vs idaho","./explore?q=lamar%20vs%20idaho&geo=US"
"atalanta vs cagliari","2 mil+","12 de septiembre de 2026 a las 15:20:00 UTC-3","12 de septiembre de 2026 a las 18:30:00 UTC-3","atalanta vs cagliari","./explore?q=atalanta%20vs%20cagliari&geo=US"
"club tijuana vs querétaro f.c. standings","2 mil+","12 de septiembre de 2026 a las 6:30:00 UTC-3","12 de septiembre de 2026 a las 11:10:00 UTC-3","club tijuana vs querétaro f.c. standings,tijuana fc","./explore?q=club%20tijuana%20vs%20quer%C3%A9taro%20f.c.%20standings&geo=US"
"brent venables","2 mil+","12 de septiembre de 2026 a las 14:30:00 UTC-3","12 de septiembre de 2026 a las 17:50:00 UTC-3","brent venables","./explore?q=brent%20venables&geo=US"
"jared verse","2 mil+","13 de septiembre de 2026 a las 12:50:00 UTC-3","13 de septiembre de 2026 a las 16:10:00 UTC-3","jared verse,cleveland browns defensive end jared verse","./explore?q=jared%20verse&geo=US"
"saudi pro league","2 mil+","12 de septiembre de 2026 a las 15:20:00 UTC-3","12 de septiembre de 2026 a las 18:00:00 UTC-3","saudi pro league","./explore?q=saudi%20pro%20league&geo=US"
"is 9/11 a federal holiday","2 mil+","11 de septiembre de 2026 a las 7:20:00 UTC-3","11 de septiembre de 2026 a las 14:20:00 UTC-3","is 9/11 a federal holiday","./explore?q=is%209%2F11%20a%20federal%20holiday&geo=US"
"zhu rong","2 mil+","12 de septiembre de 2026 a las 15:30:00 UTC-3","12 de septiembre de 2026 a las 17:10:00 UTC-3","zhu rong,rafa garcia,rongzhu","./explore?q=zhu%20rong&geo=US"
"el niño","2 mil+","12 de septiembre de 2026 a las 11:50:00 UTC-3","12 de septiembre de 2026 a las 13:30:00 UTC-3","el niño,tropics","./explore?q=el%20ni%C3%B1o&geo=US"
"ryan williams","2 mil+","12 de septiembre de 2026 a las 19:30:00 UTC-3","12 de septiembre de 2026 a las 20:40:00 UTC-3","ryan williams","./explore?q=ryan%20williams&geo=US"
"venezia vs fiorentina","2 mil+","11 de septiembre de 2026 a las 15:10:00 UTC-3","11 de septiembre de 2026 a las 19:00:00 UTC-3","venezia vs fiorentina","./explore?q=venezia%20vs%20fiorentina&geo=US"
"jordan love","2 mil+","10 de septiembre de 2026 a las 20:40:00 UTC-3","11 de septiembre de 2026 a las 10:00:00 UTC-3","jordan love","./explore?q=jordan%20love&geo=US"
"mike piazza","2 mil+","11 de septiembre de 2026 a las 21:40:00 UTC-3","12 de septiembre de 2026 a las 1:50:00 UTC-3","mike piazza","./explore?q=mike%20piazza&geo=US"
"chain store","2 mil+","11 de septiembre de 2026 a las 3:50:00 UTC-3","11 de septiembre de 2026 a las 10:20:00 UTC-3","chain store","./explore?q=chain%20store&geo=US"
"jason witten","2 mil+","12 de septiembre de 2026 a las 13:30:00 UTC-3","12 de septiembre de 2026 a las 16:50:00 UTC-3","jason witten","./explore?q=jason%20witten&geo=US"
"orlando pride vs kc current","2 mil+","11 de septiembre de 2026 a las 20:20:00 UTC-3","11 de septiembre de 2026 a las 23:50:00 UTC-3","orlando pride vs kc current","./explore?q=orlando%20pride%20vs%20kc%20current&geo=US"
"jimmy garoppolo","2 mil+","10 de septiembre de 2026 a las 21:40:00 UTC-3","11 de septiembre de 2026 a las 1:30:00 UTC-3","jimmy garoppolo","./explore?q=jimmy%20garoppolo&geo=US"
"flamengo","2 mil+","10 de septiembre de 2026 a las 20:40:00 UTC-3","11 de septiembre de 2026 a las 0:30:00 UTC-3","flamengo","./explore?q=flamengo&geo=US"
"union berlin vs schalke","2 mil+","11 de septiembre de 2026 a las 14:50:00 UTC-3","11 de septiembre de 2026 a las 18:30:00 UTC-3","union berlin vs schalke,union berlin","./explore?q=union%20berlin%20vs%20schalke&geo=US"
"druski","2 mil+","12 de septiembre de 2026 a las 14:10:00 UTC-3","12 de septiembre de 2026 a las 18:10:00 UTC-3","druski","./explore?q=druski&geo=US"
"sherrod brown","2 mil+","12 de septiembre de 2026 a las 21:10:00 UTC-3","12 de septiembre de 2026 a las 22:20:00 UTC-3","sherrod brown","./explore?q=sherrod%20brown&geo=US"
"toluca fc vs atlas f.c. standings","2 mil+","12 de septiembre de 2026 a las 23:00:00 UTC-3","13 de septiembre de 2026 a las 0:20:00 UTC-3","toluca fc vs atlas f.c. standings","./explore?q=toluca%20fc%20vs%20atlas%20f.c.%20standings&geo=US"
"warcraft 3","2 mil+","12 de septiembre de 2026 a las 15:50:00 UTC-3","12 de septiembre de 2026 a las 18:20:00 UTC-3","warcraft 3,warcraft 3 reforged,warcraft 3 forsaken kingdom","./explore?q=warcraft%203&geo=US"
"san antonio weather","2 mil+","11 de septiembre de 2026 a las 23:10:00 UTC-3","12 de septiembre de 2026 a las 1:20:00 UTC-3","san antonio weather,weather san antonio","./explore?q=san%20antonio%20weather&geo=US"
"konyaspor vs trabzonspor","2 mil+","12 de septiembre de 2026 a las 13:40:00 UTC-3","12 de septiembre de 2026 a las 16:30:00 UTC-3","konyaspor vs trabzonspor","./explore?q=konyaspor%20vs%20trabzonspor&geo=US"
"netflix movies","2 mil+","10 de septiembre de 2026 a las 22:30:00 UTC-3","11 de septiembre de 2026 a las 2:40:00 UTC-3","netflix movies","./explore?q=netflix%20movies&geo=US"
"scp foundation movie a24 2027","2 mil+","11 de septiembre de 2026 a las 19:00:00 UTC-3","11 de septiembre de 2026 a las 22:20:00 UTC-3","scp foundation movie a24 2027","./explore?q=scp%20foundation%20movie%20a24%202027&geo=US"
"jannik sinner","2 mil+","13 de septiembre de 2026 a las 19:20:00 UTC-3","13 de septiembre de 2026 a las 19:50:00 UTC-3","jannik sinner","./explore?q=jannik%20sinner&geo=US"
"cmc","2 mil+","10 de septiembre de 2026 a las 21:40:00 UTC-3","11 de septiembre de 2026 a las 1:10:00 UTC-3","cmc","./explore?q=cmc&geo=US"
"jd vance","2 mil+","10 de septiembre de 2026 a las 22:30:00 UTC-3","11 de septiembre de 2026 a las 10:50:00 UTC-3","jd vance","./explore?q=jd%20vance&geo=US"
"rejected mail ballots washington oregon","2 mil+","9 de septiembre de 2026 a las 3:50:00 UTC-3","9 de septiembre de 2026 a las 13:10:00 UTC-3","rejected mail ballots washington oregon","./explore?q=rejected%20mail%20ballots%20washington%20oregon&geo=US"
"heather penney","2 mil+","11 de septiembre de 2026 a las 8:00:00 UTC-3","11 de septiembre de 2026 a las 13:50:00 UTC-3","heather penney","./explore?q=heather%20penney&geo=US"
"enrique hernandez","2 mil+","10 de septiembre de 2026 a las 1:00:00 UTC-3","10 de septiembre de 2026 a las 8:50:00 UTC-3","enrique hernandez","./explore?q=enrique%20hernandez&geo=US"
"lost coast outpost","2 mil+","10 de septiembre de 2026 a las 14:50:00 UTC-3","10 de septiembre de 2026 a las 22:50:00 UTC-3","lost coast outpost","./explore?q=lost%20coast%20outpost&geo=US"
"mark fletcher jr.","2 mil+","10 de septiembre de 2026 a las 21:30:00 UTC-3","11 de septiembre de 2026 a las 1:50:00 UTC-3","mark fletcher jr.","./explore?q=mark%20fletcher%20jr.&geo=US"
"kyle harrison","2 mil+","12 de septiembre de 2026 a las 22:50:00 UTC-3","13 de septiembre de 2026 a las 0:10:00 UTC-3","kyle harrison","./explore?q=kyle%20harrison&geo=US"
"dakorien moore","2 mil+","12 de septiembre de 2026 a las 17:30:00 UTC-3","12 de septiembre de 2026 a las 19:10:00 UTC-3","dakorien moore","./explore?q=dakorien%20moore&geo=US"
"henry cavill","2 mil+","13 de septiembre de 2026 a las 1:30:00 UTC-3","13 de septiembre de 2026 a las 3:50:00 UTC-3","henry cavill,kevin hart","./explore?q=henry%20cavill&geo=US"
"caitlin clark","2 mil+","12 de septiembre de 2026 a las 16:50:00 UTC-3","12 de septiembre de 2026 a las 18:00:00 UTC-3","caitlin clark","./explore?q=caitlin%20clark&geo=US"
"albert pujols","2 mil+","12 de septiembre de 2026 a las 20:10:00 UTC-3","12 de septiembre de 2026 a las 21:30:00 UTC-3","albert pujols,yadier molina","./explore?q=albert%20pujols&geo=US"
"ll bean","2 mil+","12 de septiembre de 2026 a las 9:10:00 UTC-3","12 de septiembre de 2026 a las 11:20:00 UTC-3","ll bean,llbean","./explore?q=ll%20bean&geo=US"
"turning point generation 9/11","2 mil+","11 de septiembre de 2026 a las 21:20:00 UTC-3","12 de septiembre de 2026 a las 1:30:00 UTC-3","turning point generation 9/11","./explore?q=turning%20point%20generation%209%2F11&geo=US"
"falcons depth chart","2 mil+","11 de septiembre de 2026 a las 14:20:00 UTC-3","11 de septiembre de 2026 a las 17:40:00 UTC-3","falcons depth chart","./explore?q=falcons%20depth%20chart&geo=US"
"날씨","2 mil+","13 de septiembre de 2026 a las 7:40:00 UTC-3","13 de septiembre de 2026 a las 9:50:00 UTC-3","날씨,내일 날씨","./explore?q=%EB%82%A0%EC%94%A8&geo=US"
"cma awards 2026","2 mil+","10 de septiembre de 2026 a las 12:00:00 UTC-3","11 de septiembre de 2026 a las 0:30:00 UTC-3","cma awards 2026","./explore?q=cma%20awards%202026&geo=US"
"netflix the gentlemen season 2","2 mil+","11 de septiembre de 2026 a las 21:00:00 UTC-3","12 de septiembre de 2026 a las 1:20:00 UTC-3","netflix the gentlemen season 2","./explore?q=netflix%20the%20gentlemen%20season%202&geo=US"
"max fried","2 mil+","10 de septiembre de 2026 a las 21:20:00 UTC-3","11 de septiembre de 2026 a las 0:10:00 UTC-3","max fried","./explore?q=max%20fried&geo=US"
"stefany shaheen","2 mil+","9 de septiembre de 2026 a las 6:30:00 UTC-3","9 de septiembre de 2026 a las 14:00:00 UTC-3","stefany shaheen","./explore?q=stefany%20shaheen&geo=US"
"avengers doomsday","2 mil+","11 de septiembre de 2026 a las 16:00:00 UTC-3","11 de septiembre de 2026 a las 20:10:00 UTC-3","avengers doomsday","./explore?q=avengers%20doomsday&geo=US"
"ricky pearsall","2 mil+","10 de septiembre de 2026 a las 21:40:00 UTC-3","11 de septiembre de 2026 a las 0:50:00 UTC-3","ricky pearsall,ricky pearsall injury","./explore?q=ricky%20pearsall&geo=US"
"jack strand","2 mil+","11 de septiembre de 2026 a las 14:30:00 UTC-3","11 de septiembre de 2026 a las 17:50:00 UTC-3","jack strand","./explore?q=jack%20strand&geo=US"
"myles garret","2 mil+","10 de septiembre de 2026 a las 21:40:00 UTC-3","11 de septiembre de 2026 a las 1:40:00 UTC-3","myles garret","./explore?q=myles%20garret&geo=US"
"um game","2 mil+","10 de septiembre de 2026 a las 21:10:00 UTC-3","11 de septiembre de 2026 a las 1:10:00 UTC-3","um game","./explore?q=um%20game&geo=US"
"salma hayek","2 mil+","11 de septiembre de 2026 a las 21:10:00 UTC-3","11 de septiembre de 2026 a las 23:40:00 UTC-3","salma hayek","./explore?q=salma%20hayek&geo=US"
"mt washington 9/11 lights","2 mil+","11 de septiembre de 2026 a las 20:40:00 UTC-3","11 de septiembre de 2026 a las 23:10:00 UTC-3","mt washington 9/11 lights,mount washington 9/11 lights","./explore?q=mt%20washington%209%2F11%20lights&geo=US"
"florida a&m rattlers football vs miami hurricanes football match player stats","2 mil+","10 de septiembre de 2026 a las 21:50:00 UTC-3","11 de septiembre de 2026 a las 1:20:00 UTC-3","florida a&m rattlers football vs miami hurricanes football match player stats","./explore?q=florida%20a%26m%20rattlers%20football%20vs%20miami%20hurricanes%20football%20match%20player%20stats&geo=US"
"kaia gerber","2 mil+","10 de septiembre de 2026 a las 1:10:00 UTC-3","10 de septiembre de 2026 a las 6:00:00 UTC-3","kaia gerber","./explore?q=kaia%20gerber&geo=US"
"jon stewart","2 mil+","11 de septiembre de 2026 a las 22:50:00 UTC-3","12 de septiembre de 2026 a las 3:50:00 UTC-3","jon stewart","./explore?q=jon%20stewart&geo=US"
"napheesa collier","2 mil+","12 de septiembre de 2026 a las 16:00:00 UTC-3","12 de septiembre de 2026 a las 17:20:00 UTC-3","napheesa collier","./explore?q=napheesa%20collier&geo=US"
"clima para amanhã","2 mil+","12 de septiembre de 2026 a las 21:30:00 UTC-3","12 de septiembre de 2026 a las 23:10:00 UTC-3","clima para amanhã","./explore?q=clima%20para%20amanh%C3%A3&geo=US"
"deportivo - real madrid c. f. femenino","2 mil+","11 de septiembre de 2026 a las 15:10:00 UTC-3","11 de septiembre de 2026 a las 17:30:00 UTC-3","deportivo - real madrid c. f. femenino,deportivo vs real madrid","./explore?q=deportivo%20-%20real%20madrid%20c.%20f.%20femenino&geo=US"
"kj duff","2 mil+","11 de septiembre de 2026 a las 23:50:00 UTC-3","12 de septiembre de 2026 a las 2:20:00 UTC-3","kj duff","./explore?q=kj%20duff&geo=US"
"fort hood","2 mil+","12 de septiembre de 2026 a las 15:40:00 UTC-3","12 de septiembre de 2026 a las 17:20:00 UTC-3","fort hood,fort hood active shooter","./explore?q=fort%20hood&geo=US"
"christa pike","2 mil+","9 de septiembre de 2026 a las 23:20:00 UTC-3","10 de septiembre de 2026 a las 5:00:00 UTC-3","christa pike","./explore?q=christa%20pike&geo=US"
"woody harrelson","2 mil+","10 de septiembre de 2026 a las 1:50:00 UTC-3","10 de septiembre de 2026 a las 10:20:00 UTC-3","woody harrelson","./explore?q=woody%20harrelson&geo=US"
"santa fe - tolima","2 mil+","11 de septiembre de 2026 a las 22:10:00 UTC-3","12 de septiembre de 2026 a las 1:10:00 UTC-3","santa fe - tolima,santa fe vs tolima","./explore?q=santa%20fe%20-%20tolima&geo=US"
"brandon gill","2 mil+","10 de septiembre de 2026 a las 7:40:00 UTC-3","10 de septiembre de 2026 a las 21:50:00 UTC-3","brandon gill","./explore?q=brandon%20gill&geo=US"
"san francisco","2 mil+","10 de septiembre de 2026 a las 21:40:00 UTC-3","11 de septiembre de 2026 a las 1:30:00 UTC-3","san francisco","./explore?q=san%20francisco&geo=US"
"eddy pineiro","2 mil+","10 de septiembre de 2026 a las 21:50:00 UTC-3","11 de septiembre de 2026 a las 1:20:00 UTC-3","eddy pineiro","./explore?q=eddy%20pineiro&geo=US"
"ben shelton net worth","2 mil+","11 de septiembre de 2026 a las 21:30:00 UTC-3","12 de septiembre de 2026 a las 1:10:00 UTC-3","ben shelton net worth","./explore?q=ben%20shelton%20net%20worth&geo=US"
"ben rice","2 mil+","11 de septiembre de 2026 a las 21:30:00 UTC-3","11 de septiembre de 2026 a las 23:30:00 UTC-3","ben rice","./explore?q=ben%20rice&geo=US"
"indw vs banw","2 mil+","10 de septiembre de 2026 a las 10:50:00 UTC-3","10 de septiembre de 2026 a las 16:00:00 UTC-3","indw vs banw,india vs bangladesh,women's asia cup","./explore?q=indw%20vs%20banw&geo=US"
"spike lee","2 mil+","11 de septiembre de 2026 a las 21:00:00 UTC-3","12 de septiembre de 2026 a las 0:20:00 UTC-3","spike lee","./explore?q=spike%20lee&geo=US"
"cindy marcell blizzard","2 mil+","9 de septiembre de 2026 a las 6:00:00 UTC-3","9 de septiembre de 2026 a las 13:50:00 UTC-3","cindy marcell blizzard","./explore?q=cindy%20marcell%20blizzard&geo=US"
"mike mcdaniel","2 mil+","9 de septiembre de 2026 a las 21:10:00 UTC-3","10 de septiembre de 2026 a las 1:30:00 UTC-3","mike mcdaniel","./explore?q=mike%20mcdaniel&geo=US"
"current mortgage rates","2 mil+","9 de septiembre de 2026 a las 5:30:00 UTC-3","9 de septiembre de 2026 a las 11:10:00 UTC-3","current mortgage rates,10 year treasury yield","./explore?q=current%20mortgage%20rates&geo=US"
"cpi data","2 mil+","11 de septiembre de 2026 a las 9:20:00 UTC-3","11 de septiembre de 2026 a las 11:50:00 UTC-3","cpi data,cpi today,ppi data,dow","./explore?q=cpi%20data&geo=US"
"el nino heavy snow","2 mil+","8 de septiembre de 2026 a las 0:30:00 UTC-3","8 de septiembre de 2026 a las 13:20:00 UTC-3","el nino heavy snow","./explore?q=el%20nino%20heavy%20snow&geo=US"
"mlb wildcard standings","2 mil+","12 de septiembre de 2026 a las 7:00:00 UTC-3","12 de septiembre de 2026 a las 9:50:00 UTC-3","mlb wildcard standings,mlb playoff picture,wild card standings","./explore?q=mlb%20wildcard%20standings&geo=US"
"steelers coach","2 mil+","9 de septiembre de 2026 a las 20:40:00 UTC-3","10 de septiembre de 2026 a las 1:40:00 UTC-3","steelers coach","./explore?q=steelers%20coach&geo=US"
"brice turang","2 mil+","11 de septiembre de 2026 a las 21:50:00 UTC-3","12 de septiembre de 2026 a las 0:30:00 UTC-3","brice turang","./explore?q=brice%20turang&geo=US"
"aurora - municipal","2 mil+","10 de septiembre de 2026 a las 18:30:00 UTC-3","10 de septiembre de 2026 a las 21:20:00 UTC-3","aurora - municipal","./explore?q=aurora%20-%20municipal&geo=US"
"championship","2 mil+","11 de septiembre de 2026 a las 17:10:00 UTC-3","11 de septiembre de 2026 a las 19:10:00 UTC-3","championship,athletics","./explore?q=championship&geo=US"
"ted lasso - season 4","2 mil+","11 de septiembre de 2026 a las 8:30:00 UTC-3","11 de septiembre de 2026 a las 16:20:00 UTC-3","ted lasso - season 4,ted lasso,jason sudeikis","./explore?q=ted%20lasso%20-%20season%204&geo=US"
"nflx","2 mil+","10 de septiembre de 2026 a las 20:50:00 UTC-3","10 de septiembre de 2026 a las 23:30:00 UTC-3","nflx","./explore?q=nflx&geo=US"
"joey king","2 mil+","9 de septiembre de 2026 a las 1:10:00 UTC-3","9 de septiembre de 2026 a las 11:50:00 UTC-3","joey king","./explore?q=joey%20king&geo=US"
"max brooks","2 mil+","11 de septiembre de 2026 a las 23:40:00 UTC-3","12 de septiembre de 2026 a las 2:30:00 UTC-3","max brooks","./explore?q=max%20brooks&geo=US"
"alec baldwin","2 mil+","9 de septiembre de 2026 a las 22:10:00 UTC-3","10 de septiembre de 2026 a las 2:40:00 UTC-3","alec baldwin","./explore?q=alec%20baldwin&geo=US"
"comunicaciones - marquense","2 mil+","9 de septiembre de 2026 a las 20:50:00 UTC-3","10 de septiembre de 2026 a las 0:10:00 UTC-3","comunicaciones - marquense","./explore?q=comunicaciones%20-%20marquense&geo=US"
"persona 6","2 mil+","9 de septiembre de 2026 a las 11:40:00 UTC-3","9 de septiembre de 2026 a las 17:10:00 UTC-3","persona 6","./explore?q=persona%206&geo=US"
"d'andre swift","2 mil+","11 de septiembre de 2026 a las 16:40:00 UTC-3","11 de septiembre de 2026 a las 18:00:00 UTC-3","d'andre swift,deandre swift,dandre swift","./explore?q=d%27andre%20swift&geo=US"
"luis garcía jr.","2 mil+","10 de septiembre de 2026 a las 20:30:00 UTC-3","10 de septiembre de 2026 a las 23:50:00 UTC-3","luis garcía jr.","./explore?q=luis%20garc%C3%ADa%20jr.&geo=US"
"al-faisaly vs al-ittihad","2 mil+","11 de septiembre de 2026 a las 12:30:00 UTC-3","11 de septiembre de 2026 a las 15:30:00 UTC-3","al-faisaly vs al-ittihad","./explore?q=al-faisaly%20vs%20al-ittihad&geo=US"
"astros - phillies","2 mil+","10 de septiembre de 2026 a las 13:50:00 UTC-3","10 de septiembre de 2026 a las 17:00:00 UTC-3","astros - phillies,cristian javier","./explore?q=astros%20-%20phillies&geo=US"
"mlb games","2 mil+","12 de septiembre de 2026 a las 17:00:00 UTC-3","12 de septiembre de 2026 a las 18:10:00 UTC-3","mlb games,mlb games today","./explore?q=mlb%20games&geo=US"
"hailey glassman","2 mil+","8 de septiembre de 2026 a las 21:40:00 UTC-3","10 de septiembre de 2026 a las 1:00:00 UTC-3","hailey glassman","./explore?q=hailey%20glassman&geo=US"
"psv","2 mil+","10 de septiembre de 2026 a las 13:30:00 UTC-3","10 de septiembre de 2026 a las 17:10:00 UTC-3","psv","./explore?q=psv&geo=US"
"jake moody","2 mil+","10 de septiembre de 2026 a las 21:50:00 UTC-3","11 de septiembre de 2026 a las 1:00:00 UTC-3","jake moody","./explore?q=jake%20moody&geo=US"
"seahawks head coach","2 mil+","9 de septiembre de 2026 a las 21:40:00 UTC-3","10 de septiembre de 2026 a las 1:20:00 UTC-3","seahawks head coach,seattle seahawks head coach","./explore?q=seahawks%20head%20coach&geo=US"
"man united","2 mil+","10 de septiembre de 2026 a las 16:40:00 UTC-3","10 de septiembre de 2026 a las 18:40:00 UTC-3","man united","./explore?q=man%20united&geo=US"
"heidi klum","2 mil+","8 de septiembre de 2026 a las 21:00:00 UTC-3","9 de septiembre de 2026 a las 2:20:00 UTC-3","heidi klum","./explore?q=heidi%20klum&geo=US"
"slipknot arsenal song","2 mil+","9 de septiembre de 2026 a las 21:40:00 UTC-3","10 de septiembre de 2026 a las 3:50:00 UTC-3","slipknot arsenal song,slipknot arsenal","./explore?q=slipknot%20arsenal%20song&geo=US"
"taraji p henson","2 mil+","10 de septiembre de 2026 a las 23:20:00 UTC-3","11 de septiembre de 2026 a las 4:20:00 UTC-3","taraji p henson","./explore?q=taraji%20p%20henson&geo=US"
"sam darnold contract","2 mil+","9 de septiembre de 2026 a las 21:30:00 UTC-3","10 de septiembre de 2026 a las 1:10:00 UTC-3","sam darnold contract","./explore?q=sam%20darnold%20contract&geo=US"
"la galaxy vs vancouver","2 mil+","9 de septiembre de 2026 a las 23:10:00 UTC-3","10 de septiembre de 2026 a las 2:40:00 UTC-3","la galaxy vs vancouver,la galaxy - whitecaps,la galaxy vs vancouver whitecaps fc standings","./explore?q=la%20galaxy%20vs%20vancouver&geo=US"
"xelajú mc - cobán imperial","2 mil+","10 de septiembre de 2026 a las 22:50:00 UTC-3","11 de septiembre de 2026 a las 2:20:00 UTC-3","xelajú mc - cobán imperial","./explore?q=xelaj%C3%BA%20mc%20-%20cob%C3%A1n%20imperial&geo=US"
"new york","2 mil+","11 de septiembre de 2026 a las 9:40:00 UTC-3","11 de septiembre de 2026 a las 12:50:00 UTC-3","new york,the twin towers","./explore?q=new%20york&geo=US"
"ac dc toronto concert canceled","2 mil+","10 de septiembre de 2026 a las 9:40:00 UTC-3","10 de septiembre de 2026 a las 19:30:00 UTC-3","ac dc toronto concert canceled,acdc","./explore?q=ac%20dc%20toronto%20concert%20canceled&geo=US"
"friday night football","2 mil+","11 de septiembre de 2026 a las 19:50:00 UTC-3","11 de septiembre de 2026 a las 22:20:00 UTC-3","friday night football,schools","./explore?q=friday%20night%20football&geo=US"
"twitch","2 mil+","12 de septiembre de 2026 a las 14:40:00 UTC-3","12 de septiembre de 2026 a las 15:30:00 UTC-3","twitch","./explore?q=twitch&geo=US"
"kate middleton","2 mil+","8 de septiembre de 2026 a las 1:50:00 UTC-3","8 de septiembre de 2026 a las 11:20:00 UTC-3","kate middleton","./explore?q=kate%20middleton&geo=US"
"lawsuits against donald trump administration","2 mil+","7 de septiembre de 2026 a las 13:50:00 UTC-3","7 de septiembre de 2026 a las 20:10:00 UTC-3","lawsuits against donald trump administration","./explore?q=lawsuits%20against%20donald%20trump%20administration&geo=US"
"astros - rays","2 mil+","11 de septiembre de 2026 a las 20:00:00 UTC-3","11 de septiembre de 2026 a las 23:30:00 UTC-3","astros - rays,rays game,astros","./explore?q=astros%20-%20rays&geo=US"
"washington spirit","2 mil+","11 de septiembre de 2026 a las 20:50:00 UTC-3","12 de septiembre de 2026 a las 1:00:00 UTC-3","washington spirit","./explore?q=washington%20spirit&geo=US"
"robert lewandowski","2 mil+","9 de septiembre de 2026 a las 22:00:00 UTC-3","10 de septiembre de 2026 a las 1:50:00 UTC-3","robert lewandowski,lewandowski","./explore?q=robert%20lewandowski&geo=US"
"appletv","2 mil+","13 de septiembre de 2026 a las 10:00:00 UTC-3","13 de septiembre de 2026 a las 11:00:00 UTC-3","appletv,apple tv 4k","./explore?q=appletv&geo=US"
"europa league","2 mil+","10 de septiembre de 2026 a las 14:10:00 UTC-3","10 de septiembre de 2026 a las 19:30:00 UTC-3","europa league","./explore?q=europa%20league&geo=US"
"u.s. geological survey","2 mil+","8 de septiembre de 2026 a las 1:10:00 UTC-3","8 de septiembre de 2026 a las 10:00:00 UTC-3","u.s. geological survey","./explore?q=u.s.%20geological%20survey&geo=US"
"jose trevino","2 mil+","11 de septiembre de 2026 a las 23:00:00 UTC-3","12 de septiembre de 2026 a las 0:40:00 UTC-3","jose trevino,brewers game today","./explore?q=jose%20trevino&geo=US"
"sabalenka necklace","2 mil+","10 de septiembre de 2026 a las 20:30:00 UTC-3","10 de septiembre de 2026 a las 22:40:00 UTC-3","sabalenka necklace,sabalenka necklace us open","./explore?q=sabalenka%20necklace&geo=US"
"tormenta eléctrica","2 mil+","7 de septiembre de 2026 a las 19:40:00 UTC-3","8 de septiembre de 2026 a las 1:10:00 UTC-3","tormenta eléctrica","./explore?q=tormenta%20el%C3%A9ctrica&geo=US"
"governor","2 mil+","10 de septiembre de 2026 a las 7:40:00 UTC-3","10 de septiembre de 2026 a las 12:10:00 UTC-3","governor","./explore?q=governor&geo=US"
"starbucks snoopy cup launch","2 mil+","8 de septiembre de 2026 a las 19:40:00 UTC-3","9 de septiembre de 2026 a las 10:10:00 UTC-3","starbucks snoopy cup launch,starbucks snoopy glass cold cup","./explore?q=starbucks%20snoopy%20cup%20launch&geo=US"
"drawn together","2 mil+","12 de septiembre de 2026 a las 0:50:00 UTC-3","12 de septiembre de 2026 a las 3:00:00 UTC-3","drawn together","./explore?q=drawn%20together&geo=US"
"carlos alcaraz girlfriend","2 mil+","9 de septiembre de 2026 a las 0:20:00 UTC-3","9 de septiembre de 2026 a las 5:40:00 UTC-3","carlos alcaraz girlfriend,alcaraz girlfriend","./explore?q=carlos%20alcaraz%20girlfriend&geo=US"
"motagua - alianza","2 mil+","10 de septiembre de 2026 a las 5:10:00 UTC-3","10 de septiembre de 2026 a las 9:40:00 UTC-3","motagua - alianza","./explore?q=motagua%20-%20alianza&geo=US"
"kyle juszczyk","2 mil+","10 de septiembre de 2026 a las 21:40:00 UTC-3","11 de septiembre de 2026 a las 1:10:00 UTC-3","kyle juszczyk","./explore?q=kyle%20juszczyk&geo=US"
"roger federer","2 mil+","11 de septiembre de 2026 a las 23:20:00 UTC-3","12 de septiembre de 2026 a las 0:30:00 UTC-3","roger federer,federer","./explore?q=roger%20federer&geo=US"
"albany county sheriff","2 mil+","10 de septiembre de 2026 a las 7:00:00 UTC-3","10 de septiembre de 2026 a las 10:40:00 UTC-3","albany county sheriff","./explore?q=albany%20county%20sheriff&geo=US"
"pete carroll","2 mil+","9 de septiembre de 2026 a las 21:30:00 UTC-3","10 de septiembre de 2026 a las 1:20:00 UTC-3","pete carroll","./explore?q=pete%20carroll&geo=US"
"harkins theatres","2 mil+","10 de septiembre de 2026 a las 6:20:00 UTC-3","10 de septiembre de 2026 a las 11:00:00 UTC-3","harkins theatres","./explore?q=harkins%20theatres&geo=US"
"somourian wingo","2 mil+","10 de septiembre de 2026 a las 23:10:00 UTC-3","11 de septiembre de 2026 a las 1:50:00 UTC-3","somourian wingo","./explore?q=somourian%20wingo&geo=US"
"joey king","2 mil+","12 de septiembre de 2026 a las 1:20:00 UTC-3","12 de septiembre de 2026 a las 3:00:00 UTC-3","joey king","./explore?q=joey%20king&geo=US"
"nate silver senate forecast","2 mil+","8 de septiembre de 2026 a las 6:20:00 UTC-3","8 de septiembre de 2026 a las 12:50:00 UTC-3","nate silver senate forecast","./explore?q=nate%20silver%20senate%20forecast&geo=US"
"vix","2 mil+","8 de septiembre de 2026 a las 13:50:00 UTC-3","8 de septiembre de 2026 a las 17:50:00 UTC-3","vix","./explore?q=vix&geo=US"
"cognizant","2 mil+","8 de septiembre de 2026 a las 22:40:00 UTC-3","9 de septiembre de 2026 a las 15:40:00 UTC-3","cognizant","./explore?q=cognizant&geo=US"
"brandon herrera","2 mil+","8 de septiembre de 2026 a las 22:00:00 UTC-3","9 de septiembre de 2026 a las 14:30:00 UTC-3","brandon herrera","./explore?q=brandon%20herrera&geo=US"
"cyclosporiasis","2 mil+","11 de septiembre de 2026 a las 15:30:00 UTC-3","11 de septiembre de 2026 a las 17:10:00 UTC-3","cyclosporiasis","./explore?q=cyclosporiasis&geo=US"
"drake maye wife","2 mil+","9 de septiembre de 2026 a las 21:30:00 UTC-3","10 de septiembre de 2026 a las 1:30:00 UTC-3","drake maye wife","./explore?q=drake%20maye%20wife&geo=US"
"wordle hints","2 mil+","10 de septiembre de 2026 a las 8:20:00 UTC-3","10 de septiembre de 2026 a las 12:40:00 UTC-3","wordle hints,nyt wordle","./explore?q=wordle%20hints&geo=US"
"beşiktaş vs erzurumspor","2 mil+","11 de septiembre de 2026 a las 13:40:00 UTC-3","11 de septiembre de 2026 a las 15:40:00 UTC-3","beşiktaş vs erzurumspor,besiktas","./explore?q=be%C5%9Fikta%C5%9F%20vs%20erzurumspor&geo=US"
"adbe stock","2 mil+","10 de septiembre de 2026 a las 17:10:00 UTC-3","10 de septiembre de 2026 a las 19:20:00 UTC-3","adbe stock,adobe stock,adbe","./explore?q=adbe%20stock&geo=US"
"bolton vs west ham","2 mil+","8 de septiembre de 2026 a las 15:20:00 UTC-3","8 de septiembre de 2026 a las 19:00:00 UTC-3","bolton vs west ham","./explore?q=bolton%20vs%20west%20ham&geo=US"
"zach charbonnet","2 mil+","9 de septiembre de 2026 a las 21:20:00 UTC-3","10 de septiembre de 2026 a las 0:30:00 UTC-3","zach charbonnet,charbonnet","./explore?q=zach%20charbonnet&geo=US"
"menopause","2 mil+","8 de septiembre de 2026 a las 18:50:00 UTC-3","9 de septiembre de 2026 a las 0:10:00 UTC-3","menopause","./explore?q=menopause&geo=US"
"menendez brothers","2 mil+","7 de septiembre de 2026 a las 23:10:00 UTC-3","8 de septiembre de 2026 a las 16:00:00 UTC-3","menendez brothers","./explore?q=menendez%20brothers&geo=US"
"spectrum outage","2 mil+","10 de septiembre de 2026 a las 1:20:00 UTC-3","10 de septiembre de 2026 a las 7:50:00 UTC-3","spectrum outage","./explore?q=spectrum%20outage&geo=US"
"ousmane kromah","2 mil+","7 de septiembre de 2026 a las 23:10:00 UTC-3","8 de septiembre de 2026 a las 8:20:00 UTC-3","ousmane kromah","./explore?q=ousmane%20kromah&geo=US"
"olivia culpo","2 mil+","10 de septiembre de 2026 a las 22:00:00 UTC-3","11 de septiembre de 2026 a las 0:40:00 UTC-3","olivia culpo","./explore?q=olivia%20culpo&geo=US"
"drake thomas","2 mil+","9 de septiembre de 2026 a las 22:20:00 UTC-3","10 de septiembre de 2026 a las 2:40:00 UTC-3","drake thomas","./explore?q=drake%20thomas&geo=US"
"reds - dodgers","2 mil+","8 de septiembre de 2026 a las 23:00:00 UTC-3","9 de septiembre de 2026 a las 2:40:00 UTC-3","reds - dodgers,nick lodolo","./explore?q=reds%20-%20dodgers&geo=US"
"nep vs uae","2 mil+","11 de septiembre de 2026 a las 22:00:00 UTC-3","12 de septiembre de 2026 a las 0:00:00 UTC-3","nep vs uae,nepal vs uae,nep vs oma","./explore?q=nep%20vs%20uae&geo=US"
"caitlin clark team usa benching","2 mil+","7 de septiembre de 2026 a las 14:10:00 UTC-3","7 de septiembre de 2026 a las 20:50:00 UTC-3","caitlin clark team usa benching","./explore?q=caitlin%20clark%20team%20usa%20benching&geo=US"
"ryan seacrest wheel of fortune updates","2 mil+","8 de septiembre de 2026 a las 18:10:00 UTC-3","8 de septiembre de 2026 a las 22:20:00 UTC-3","ryan seacrest wheel of fortune updates,wheel of fortune season 44 format","./explore?q=ryan%20seacrest%20wheel%20of%20fortune%20updates&geo=US"
"fisherman","2 mil+","10 de septiembre de 2026 a las 21:50:00 UTC-3","11 de septiembre de 2026 a las 0:10:00 UTC-3","fisherman","./explore?q=fisherman&geo=US"
"is chipotle open on labor day","2 mil+","7 de septiembre de 2026 a las 11:40:00 UTC-3","7 de septiembre de 2026 a las 20:10:00 UTC-3","is chipotle open on labor day","./explore?q=is%20chipotle%20open%20on%20labor%20day&geo=US"
"tracker season 4 colter love interest","2 mil+","8 de septiembre de 2026 a las 20:10:00 UTC-3","9 de septiembre de 2026 a las 0:00:00 UTC-3","tracker season 4 colter love interest,tracker - season 4","./explore?q=tracker%20season%204%20colter%20love%20interest&geo=US"
"ocarina of time remake","2 mil+","7 de septiembre de 2026 a las 15:00:00 UTC-3","7 de septiembre de 2026 a las 20:30:00 UTC-3","ocarina of time remake","./explore?q=ocarina%20of%20time%20remake&geo=US"
"prince william parenting prince george","2 mil+","7 de septiembre de 2026 a las 8:40:00 UTC-3","7 de septiembre de 2026 a las 15:00:00 UTC-3","prince william parenting prince george","./explore?q=prince%20william%20parenting%20prince%20george&geo=US"
"nfl international games 2026","2 mil+","10 de septiembre de 2026 a las 21:40:00 UTC-3","11 de septiembre de 2026 a las 1:00:00 UTC-3","nfl international games 2026,halftime show tonight","./explore?q=nfl%20international%20games%202026&geo=US"
"chris shula","2 mil+","10 de septiembre de 2026 a las 22:00:00 UTC-3","10 de septiembre de 2026 a las 23:20:00 UTC-3","chris shula","./explore?q=chris%20shula&geo=US"
"iphone 16 pro max","2 mil+","9 de septiembre de 2026 a las 21:20:00 UTC-3","10 de septiembre de 2026 a las 4:40:00 UTC-3","iphone 16 pro max","./explore?q=iphone%2016%20pro%20max&geo=US"
"nancy guthrie","2 mil+","10 de septiembre de 2026 a las 16:00:00 UTC-3","10 de septiembre de 2026 a las 20:20:00 UTC-3","nancy guthrie,today show,savannah guthrie","./explore?q=nancy%20guthrie&geo=US"
"asics","2 mil+","7 de septiembre de 2026 a las 11:10:00 UTC-3","7 de septiembre de 2026 a las 19:00:00 UTC-3","asics","./explore?q=asics&geo=US"
"tyler smith","2 mil+","7 de septiembre de 2026 a las 16:30:00 UTC-3","7 de septiembre de 2026 a las 20:10:00 UTC-3","tyler smith","./explore?q=tyler%20smith&geo=US"
"kyle tucker","2 mil+","10 de septiembre de 2026 a las 0:50:00 UTC-3","10 de septiembre de 2026 a las 8:10:00 UTC-3","kyle tucker","./explore?q=kyle%20tucker&geo=US"
"davis allen","2 mil+","10 de septiembre de 2026 a las 23:20:00 UTC-3","11 de septiembre de 2026 a las 1:40:00 UTC-3","davis allen","./explore?q=davis%20allen&geo=US"
"tyson fury","2 mil+","10 de septiembre de 2026 a las 23:00:00 UTC-3","11 de septiembre de 2026 a las 0:10:00 UTC-3","tyson fury,anthony joshua,tyson fury vs anthony joshua","./explore?q=tyson%20fury&geo=US"
"karim adeyemi","2 mil+","9 de septiembre de 2026 a las 14:20:00 UTC-3","9 de septiembre de 2026 a las 16:40:00 UTC-3","karim adeyemi","./explore?q=karim%20adeyemi&geo=US"
"liverpool fc","2 mil+","9 de septiembre de 2026 a las 16:30:00 UTC-3","9 de septiembre de 2026 a las 18:30:00 UTC-3","liverpool fc","./explore?q=liverpool%20fc&geo=US"
"la habra","2 mil+","8 de septiembre de 2026 a las 17:00:00 UTC-3","8 de septiembre de 2026 a las 21:20:00 UTC-3","la habra,la habra chemical leak","./explore?q=la%20habra&geo=US"
"early season fantasy football trades","2 mil+","8 de septiembre de 2026 a las 11:20:00 UTC-3","8 de septiembre de 2026 a las 18:40:00 UTC-3","early season fantasy football trades","./explore?q=early%20season%20fantasy%20football%20trades&geo=US"
"joe pierro","2 mil+","10 de septiembre de 2026 a las 19:20:00 UTC-3","11 de septiembre de 2026 a las 8:10:00 UTC-3","joe pierro","./explore?q=joe%20pierro&geo=US"
"daycare","2 mil+","9 de septiembre de 2026 a las 0:00:00 UTC-3","9 de septiembre de 2026 a las 4:40:00 UTC-3","daycare","./explore?q=daycare&geo=US"
"where to watch us open","2 mil+","9 de septiembre de 2026 a las 0:20:00 UTC-3","9 de septiembre de 2026 a las 5:00:00 UTC-3","where to watch us open,where to watch us open tennis,us open live stream","./explore?q=where%20to%20watch%20us%20open&geo=US"
"middle east","2 mil+","8 de septiembre de 2026 a las 6:10:00 UTC-3","8 de septiembre de 2026 a las 11:50:00 UTC-3","middle east,iran war hormuz","./explore?q=middle%20east&geo=US"
"iphone duo magsafe","2 mil+","9 de septiembre de 2026 a las 15:20:00 UTC-3","9 de septiembre de 2026 a las 23:50:00 UTC-3","iphone duo magsafe,does iphone duo have magsafe","./explore?q=iphone%20duo%20magsafe&geo=US"
"sunday ticket","2 mil+","9 de septiembre de 2026 a las 21:00:00 UTC-3","10 de septiembre de 2026 a las 0:30:00 UTC-3","sunday ticket","./explore?q=sunday%20ticket&geo=US"
"michael rapaport","2 mil+","8 de septiembre de 2026 a las 23:10:00 UTC-3","9 de septiembre de 2026 a las 1:30:00 UTC-3","michael rapaport","./explore?q=michael%20rapaport&geo=US"
"colorado vs austin","2 mil+","9 de septiembre de 2026 a las 21:40:00 UTC-3","10 de septiembre de 2026 a las 0:40:00 UTC-3","colorado vs austin,austin fc","./explore?q=colorado%20vs%20austin&geo=US"
"sega non playing franchise fans","2 mil+","8 de septiembre de 2026 a las 6:10:00 UTC-3","8 de septiembre de 2026 a las 13:00:00 UTC-3","sega non playing franchise fans","./explore?q=sega%20non%20playing%20franchise%20fans&geo=US"
"artificial movie","2 mil+","8 de septiembre de 2026 a las 14:10:00 UTC-3","9 de septiembre de 2026 a las 2:30:00 UTC-3","artificial movie","./explore?q=artificial%20movie&geo=US"
"michelsen tennis player","2 mil+","8 de septiembre de 2026 a las 17:30:00 UTC-3","8 de septiembre de 2026 a las 21:10:00 UTC-3","michelsen tennis player,alex michelsen age","./explore?q=michelsen%20tennis%20player&geo=US"
"drew lock wife","2 mil+","9 de septiembre de 2026 a las 22:10:00 UTC-3","10 de septiembre de 2026 a las 1:40:00 UTC-3","drew lock wife,andrew lock,how old is drew lock","./explore?q=drew%20lock%20wife&geo=US"
"cream cheese recall","2 mil+","8 de septiembre de 2026 a las 19:50:00 UTC-3","9 de septiembre de 2026 a las 0:10:00 UTC-3","cream cheese recall","./explore?q=cream%20cheese%20recall&geo=US"
"us military support saudi arabia yemen","2 mil+","10 de septiembre de 2026 a las 18:20:00 UTC-3","10 de septiembre de 2026 a las 21:10:00 UTC-3","us military support saudi arabia yemen","./explore?q=us%20military%20support%20saudi%20arabia%20yemen&geo=US"
"childcare","2 mil+","9 de septiembre de 2026 a las 0:00:00 UTC-3","9 de septiembre de 2026 a las 4:40:00 UTC-3","childcare","./explore?q=childcare&geo=US"
"santos x atlético-mg","2 mil+","9 de septiembre de 2026 a las 19:00:00 UTC-3","9 de septiembre de 2026 a las 22:00:00 UTC-3","santos x atlético-mg","./explore?q=santos%20x%20atl%C3%A9tico-mg&geo=US"
"katie price","2 mil+","9 de septiembre de 2026 a las 15:40:00 UTC-3","10 de septiembre de 2026 a las 2:40:00 UTC-3","katie price","./explore?q=katie%20price&geo=US"
"sara smith ole miss","2 mil+","8 de septiembre de 2026 a las 0:00:00 UTC-3","9 de septiembre de 2026 a las 8:50:00 UTC-3","sara smith ole miss","./explore?q=sara%20smith%20ole%20miss&geo=US"
"ermedin demirović","2 mil+","9 de septiembre de 2026 a las 14:20:00 UTC-3","9 de septiembre de 2026 a las 17:00:00 UTC-3","ermedin demirović,stuttgart fc,viking fk","./explore?q=ermedin%20demirovi%C4%87&geo=US"
"dk metcalf","2 mil+","9 de septiembre de 2026 a las 21:40:00 UTC-3","10 de septiembre de 2026 a las 1:00:00 UTC-3","dk metcalf","./explore?q=dk%20metcalf&geo=US"
"jason statham mutiny streaming release","2 mil+","7 de septiembre de 2026 a las 19:40:00 UTC-3","8 de septiembre de 2026 a las 4:50:00 UTC-3","jason statham mutiny streaming release","./explore?q=jason%20statham%20mutiny%20streaming%20release&geo=US"
"apple tv","2 mil+","12 de septiembre de 2026 a las 11:10:00 UTC-3","12 de septiembre de 2026 a las 12:00:00 UTC-3","apple tv","./explore?q=apple%20tv&geo=US"
"lg smart television network security","2 mil+","7 de septiembre de 2026 a las 23:20:00 UTC-3","8 de septiembre de 2026 a las 9:10:00 UTC-3","lg smart television network security","./explore?q=lg%20smart%20television%20network%20security&geo=US"
"club brugge","2 mil+","8 de septiembre de 2026 a las 13:30:00 UTC-3","8 de septiembre de 2026 a las 16:30:00 UTC-3","club brugge","./explore?q=club%20brugge&geo=US"
"sporting cp","2 mil+","9 de septiembre de 2026 a las 16:00:00 UTC-3","9 de septiembre de 2026 a las 19:00:00 UTC-3","sporting cp","./explore?q=sporting%20cp&geo=US"
"vfb stuttgart vs viking","2 mil+","9 de septiembre de 2026 a las 13:10:00 UTC-3","9 de septiembre de 2026 a las 16:40:00 UTC-3","vfb stuttgart vs viking,stuttgart - viking,vfb stuttgart","./explore?q=vfb%20stuttgart%20vs%20viking&geo=US"
"french manicure","2 mil+","7 de septiembre de 2026 a las 15:10:00 UTC-3","7 de septiembre de 2026 a las 20:20:00 UTC-3","french manicure","./explore?q=french%20manicure&geo=US"
"six flags tuesday announcement","2 mil+","7 de septiembre de 2026 a las 17:40:00 UTC-3","8 de septiembre de 2026 a las 9:30:00 UTC-3","six flags tuesday announcement","./explore?q=six%20flags%20tuesday%20announcement&geo=US"
"ukraine","2 mil+","9 de septiembre de 2026 a las 19:20:00 UTC-3","9 de septiembre de 2026 a las 21:40:00 UTC-3","ukraine","./explore?q=ukraine&geo=US"
"obama presidential center","2 mil+","9 de septiembre de 2026 a las 10:40:00 UTC-3","9 de septiembre de 2026 a las 13:40:00 UTC-3","obama presidential center,obama center tickets,barack obama,obama presidential library","./explore?q=obama%20presidential%20center&geo=US"
"brandi glanville","2 mil+","8 de septiembre de 2026 a las 23:00:00 UTC-3","9 de septiembre de 2026 a las 3:20:00 UTC-3","brandi glanville","./explore?q=brandi%20glanville&geo=US"
"napoli","2 mil+","9 de septiembre de 2026 a las 16:30:00 UTC-3","9 de septiembre de 2026 a las 18:50:00 UTC-3","napoli","./explore?q=napoli&geo=US"
"frost middle school","2 mil+","9 de septiembre de 2026 a las 21:50:00 UTC-3","10 de septiembre de 2026 a las 8:50:00 UTC-3","frost middle school","./explore?q=frost%20middle%20school&geo=US"
"petroleum","2 mil+","9 de septiembre de 2026 a las 17:50:00 UTC-3","9 de septiembre de 2026 a las 21:00:00 UTC-3","petroleum","./explore?q=petroleum&geo=US"
"martha stewart","2 mil+","10 de septiembre de 2026 a las 23:50:00 UTC-3","11 de septiembre de 2026 a las 1:00:00 UTC-3","martha stewart","./explore?q=martha%20stewart&geo=US"
"prince william kate middleton reality tv","2 mil+","7 de septiembre de 2026 a las 9:50:00 UTC-3","7 de septiembre de 2026 a las 15:50:00 UTC-3","prince william kate middleton reality tv","./explore?q=prince%20william%20kate%20middleton%20reality%20tv&geo=US"
"trump accounts","2 mil+","10 de septiembre de 2026 a las 0:00:00 UTC-3","10 de septiembre de 2026 a las 1:20:00 UTC-3","trump accounts,frank bisignano","./explore?q=trump%20accounts&geo=US"
"carrie underwood","2 mil+","9 de septiembre de 2026 a las 23:40:00 UTC-3","10 de septiembre de 2026 a las 0:50:00 UTC-3","carrie underwood","./explore?q=carrie%20underwood&geo=US"
"junior caminero","2 mil+","8 de septiembre de 2026 a las 20:30:00 UTC-3","8 de septiembre de 2026 a las 23:50:00 UTC-3","junior caminero,rays - braves","./explore?q=junior%20caminero&geo=US"
"real betis","2 mil+","8 de septiembre de 2026 a las 17:00:00 UTC-3","8 de septiembre de 2026 a las 19:10:00 UTC-3","real betis,betis","./explore?q=real%20betis&geo=US"
"sl-w vs pakw","2 mil+","11 de septiembre de 2026 a las 11:00:00 UTC-3","11 de septiembre de 2026 a las 12:50:00 UTC-3","sl-w vs pakw,pakistan vs sri lanka","./explore?q=sl-w%20vs%20pakw&geo=US"
"dwts premiere","2 mil+","7 de septiembre de 2026 a las 19:50:00 UTC-3","8 de septiembre de 2026 a las 0:20:00 UTC-3","dwts premiere,ezra sosa","./explore?q=dwts%20premiere&geo=US"
"retroid pocket duo","2 mil+","10 de septiembre de 2026 a las 0:40:00 UTC-3","10 de septiembre de 2026 a las 4:10:00 UTC-3","retroid pocket duo","./explore?q=retroid%20pocket%20duo&geo=US"
"cody rhodes dog","2 mil+","8 de septiembre de 2026 a las 17:50:00 UTC-3","8 de septiembre de 2026 a las 22:10:00 UTC-3","cody rhodes dog","./explore?q=cody%20rhodes%20dog&geo=US"
"the young and the restless","2 mil+","8 de septiembre de 2026 a las 19:30:00 UTC-3","9 de septiembre de 2026 a las 8:40:00 UTC-3","the young and the restless","./explore?q=the%20young%20and%20the%20restless&geo=US"
"ross ulbricht","2 mil+","10 de septiembre de 2026 a las 20:30:00 UTC-3","10 de septiembre de 2026 a las 21:50:00 UTC-3","ross ulbricht","./explore?q=ross%20ulbricht&geo=US"
"trump space force uniform","2 mil+","8 de septiembre de 2026 a las 19:00:00 UTC-3","8 de septiembre de 2026 a las 21:50:00 UTC-3","trump space force uniform,new space force uniform","./explore?q=trump%20space%20force%20uniform&geo=US"
"furious show","2 mil+","7 de septiembre de 2026 a las 20:40:00 UTC-3","8 de septiembre de 2026 a las 1:50:00 UTC-3","furious show","./explore?q=furious%20show&geo=US"
"al-hilal vs neom","2 mil+","7 de septiembre de 2026 a las 14:40:00 UTC-3","7 de septiembre de 2026 a las 18:10:00 UTC-3","al-hilal vs neom,al hilal","./explore?q=al-hilal%20vs%20neom&geo=US"
"brandon graham","2 mil+","8 de septiembre de 2026 a las 13:20:00 UTC-3","8 de septiembre de 2026 a las 17:10:00 UTC-3","brandon graham","./explore?q=brandon%20graham&geo=US"
"upcoming xbox game pass titles","2 mil+","7 de septiembre de 2026 a las 9:20:00 UTC-3","7 de septiembre de 2026 a las 16:30:00 UTC-3","upcoming xbox game pass titles","./explore?q=upcoming%20xbox%20game%20pass%20titles&geo=US"
"chick fil a open on labor day","2 mil+","7 de septiembre de 2026 a las 9:30:00 UTC-3","7 de septiembre de 2026 a las 14:50:00 UTC-3","chick fil a open on labor day,is mcdonalds open on labor day,is chick-fil-a open on labor day","./explore?q=chick%20fil%20a%20open%20on%20labor%20day&geo=US"
"venice film festival celebrity fashion","2 mil+","7 de septiembre de 2026 a las 9:10:00 UTC-3","7 de septiembre de 2026 a las 17:20:00 UTC-3","venice film festival celebrity fashion","./explore?q=venice%20film%20festival%20celebrity%20fashion&geo=US"
"anthony mackie","2 mil+","7 de septiembre de 2026 a las 23:30:00 UTC-3","8 de septiembre de 2026 a las 10:10:00 UTC-3","anthony mackie","./explore?q=anthony%20mackie&geo=US"
"toronto blue jays","2 mil+","7 de septiembre de 2026 a las 23:30:00 UTC-3","8 de septiembre de 2026 a las 3:00:00 UTC-3","toronto blue jays","./explore?q=toronto%20blue%20jays&geo=US"
"yannick smith","2 mil+","7 de septiembre de 2026 a las 23:00:00 UTC-3","8 de septiembre de 2026 a las 9:00:00 UTC-3","yannick smith","./explore?q=yannick%20smith&geo=US"
"cienciano vs torque","2 mil+","10 de septiembre de 2026 a las 21:20:00 UTC-3","10 de septiembre de 2026 a las 23:10:00 UTC-3","cienciano vs torque,cienciano","./explore?q=cienciano%20vs%20torque&geo=US"
"kevin feige","2 mil+","8 de septiembre de 2026 a las 7:50:00 UTC-3","8 de septiembre de 2026 a las 15:30:00 UTC-3","kevin feige","./explore?q=kevin%20feige&geo=US"
"eternal anima","2 mil+","9 de septiembre de 2026 a las 11:30:00 UTC-3","9 de septiembre de 2026 a las 14:10:00 UTC-3","eternal anima","./explore?q=eternal%20anima&geo=US"
"noah lyles","2 mil+","7 de septiembre de 2026 a las 16:30:00 UTC-3","7 de septiembre de 2026 a las 21:10:00 UTC-3","noah lyles","./explore?q=noah%20lyles&geo=US"
"puka nacua potential nfl suspension","2 mil+","8 de septiembre de 2026 a las 17:40:00 UTC-3","8 de septiembre de 2026 a las 20:40:00 UTC-3","puka nacua potential nfl suspension,is puka playing week 1,puka nacua legal issues","./explore?q=puka%20nacua%20potential%20nfl%20suspension&geo=US"
"tampa bay dengue fever outbreak","2 mil+","7 de septiembre de 2026 a las 16:40:00 UTC-3","7 de septiembre de 2026 a las 20:30:00 UTC-3","tampa bay dengue fever outbreak,klystron 9","./explore?q=tampa%20bay%20dengue%20fever%20outbreak&geo=US"
"six flags announcement","2 mil+","7 de septiembre de 2026 a las 19:20:00 UTC-3","8 de septiembre de 2026 a las 10:00:00 UTC-3","six flags announcement,six flags","./explore?q=six%20flags%20announcement&geo=US"
"coco gauff parents","2 mil+","10 de septiembre de 2026 a las 22:20:00 UTC-3","11 de septiembre de 2026 a las 0:10:00 UTC-3","coco gauff parents","./explore?q=coco%20gauff%20parents&geo=US"
"navorro bowman","2 mil+","10 de septiembre de 2026 a las 12:30:00 UTC-3","10 de septiembre de 2026 a las 18:00:00 UTC-3","navorro bowman,navorro bowman jr","./explore?q=navorro%20bowman&geo=US"
"shrinking","2 mil+","9 de septiembre de 2026 a las 21:10:00 UTC-3","10 de septiembre de 2026 a las 0:10:00 UTC-3","shrinking","./explore?q=shrinking&geo=US"
"trinity high school louisville closure","2 mil+","8 de septiembre de 2026 a las 16:30:00 UTC-3","8 de septiembre de 2026 a las 19:00:00 UTC-3","trinity high school louisville closure","./explore?q=trinity%20high%20school%20louisville%20closure&geo=US"
"death","2 mil+","8 de septiembre de 2026 a las 8:30:00 UTC-3","8 de septiembre de 2026 a las 13:00:00 UTC-3","death","./explore?q=death&geo=US"
"jesse eisenberg","2 mil+","9 de septiembre de 2026 a las 21:00:00 UTC-3","9 de septiembre de 2026 a las 22:40:00 UTC-3","jesse eisenberg,paul giamatti","./explore?q=jesse%20eisenberg&geo=US"
"vix","2 mil+","9 de septiembre de 2026 a las 13:50:00 UTC-3","9 de septiembre de 2026 a las 17:00:00 UTC-3","vix","./explore?q=vix&geo=US"
"apple stock price","2 mil+","9 de septiembre de 2026 a las 15:00:00 UTC-3","9 de septiembre de 2026 a las 18:40:00 UTC-3","apple stock price","./explore?q=apple%20stock%20price&geo=US"
"boca juniors","2 mil+","8 de septiembre de 2026 a las 22:20:00 UTC-3","9 de septiembre de 2026 a las 0:40:00 UTC-3","boca juniors","./explore?q=boca%20juniors&geo=US"
"emanuel wilson","2 mil+","9 de septiembre de 2026 a las 22:10:00 UTC-3","10 de septiembre de 2026 a las 1:00:00 UTC-3","emanuel wilson","./explore?q=emanuel%20wilson&geo=US"
"kahleah copper","2 mil+","7 de septiembre de 2026 a las 16:10:00 UTC-3","7 de septiembre de 2026 a las 18:30:00 UTC-3","kahleah copper","./explore?q=kahleah%20copper&geo=US"
"real sociedad","2 mil+","7 de septiembre de 2026 a las 16:40:00 UTC-3","7 de septiembre de 2026 a las 19:20:00 UTC-3","real sociedad","./explore?q=real%20sociedad&geo=US"
"klay thompson miami heat nickname","2 mil+","7 de septiembre de 2026 a las 15:00:00 UTC-3","7 de septiembre de 2026 a las 19:20:00 UTC-3","klay thompson miami heat nickname","./explore?q=klay%20thompson%20miami%20heat%20nickname&geo=US"
"maisie williams","2 mil+","9 de septiembre de 2026 a las 9:40:00 UTC-3","9 de septiembre de 2026 a las 11:50:00 UTC-3","maisie williams","./explore?q=maisie%20williams&geo=US"
"rosanne cash concert cancellations","2 mil+","8 de septiembre de 2026 a las 8:30:00 UTC-3","8 de septiembre de 2026 a las 11:30:00 UTC-3","rosanne cash concert cancellations,rosanne cash,rosanne cash concert postponement","./explore?q=rosanne%20cash%20concert%20cancellations&geo=US"
"santos - atlético mineiro","2 mil+","9 de septiembre de 2026 a las 19:00:00 UTC-3","9 de septiembre de 2026 a las 21:40:00 UTC-3","santos - atlético mineiro","./explore?q=santos%20-%20atl%C3%A9tico%20mineiro&geo=US"
"trump administration 2030 census overhaul","2 mil+","9 de septiembre de 2026 a las 19:00:00 UTC-3","9 de septiembre de 2026 a las 21:50:00 UTC-3","trump administration 2030 census overhaul","./explore?q=trump%20administration%202030%20census%20overhaul&geo=US"
"universal studios orlando","2 mil+","7 de septiembre de 2026 a las 9:20:00 UTC-3","7 de septiembre de 2026 a las 18:30:00 UTC-3","universal studios orlando","./explore?q=universal%20studios%20orlando&geo=US"
"mac jones","2 mil+","9 de septiembre de 2026 a las 22:00:00 UTC-3","10 de septiembre de 2026 a las 1:30:00 UTC-3","mac jones","./explore?q=mac%20jones&geo=US"
"braves","2 mil+","10 de septiembre de 2026 a las 15:30:00 UTC-3","10 de septiembre de 2026 a las 16:20:00 UTC-3","braves,grant holmes","./explore?q=braves&geo=US"
"street fighter movie","2 mil+","9 de septiembre de 2026 a las 21:40:00 UTC-3","9 de septiembre de 2026 a las 22:50:00 UTC-3","street fighter movie","./explore?q=street%20fighter%20movie&geo=US"
"emma stone","2 mil+","7 de septiembre de 2026 a las 20:00:00 UTC-3","7 de septiembre de 2026 a las 23:30:00 UTC-3","emma stone","./explore?q=emma%20stone&geo=US"
"prime","2 mil+","10 de septiembre de 2026 a las 21:20:00 UTC-3","10 de septiembre de 2026 a las 22:50:00 UTC-3","prime","./explore?q=prime&geo=US"
"george lombard jr.","2 mil+","9 de septiembre de 2026 a las 21:20:00 UTC-3","9 de septiembre de 2026 a las 23:00:00 UTC-3","george lombard jr.","./explore?q=george%20lombard%20jr.&geo=US"
"peso mexicano","2 mil+","7 de septiembre de 2026 a las 16:00:00 UTC-3","7 de septiembre de 2026 a las 18:30:00 UTC-3","peso mexicano","./explore?q=peso%20mexicano&geo=US"
"kcrg","2 mil+","8 de septiembre de 2026 a las 22:50:00 UTC-3","9 de septiembre de 2026 a las 0:10:00 UTC-3","kcrg,kcrg weather","./explore?q=kcrg&geo=US"
"mlb games today","2 mil+","7 de septiembre de 2026 a las 12:50:00 UTC-3","7 de septiembre de 2026 a las 16:40:00 UTC-3","mlb games today,mlb schedule,mlb games","./explore?q=mlb%20games%20today&geo=US"
"aek athens","2 mil+","8 de septiembre de 2026 a las 14:10:00 UTC-3","8 de septiembre de 2026 a las 16:40:00 UTC-3","aek athens,aek vs lask","./explore?q=aek%20athens&geo=US"
"david morales","2 mil+","9 de septiembre de 2026 a las 21:50:00 UTC-3","9 de septiembre de 2026 a las 23:30:00 UTC-3","david morales,david morales providence,brett smiley","./explore?q=david%20morales&geo=US"
"lightning strike","2 mil+","10 de septiembre de 2026 a las 21:30:00 UTC-3","10 de septiembre de 2026 a las 23:10:00 UTC-3","lightning strike,disney","./explore?q=lightning%20strike&geo=US"
"van de zandschulp","2 mil+","7 de septiembre de 2026 a las 21:30:00 UTC-3","8 de septiembre de 2026 a las 0:10:00 UTC-3","van de zandschulp","./explore?q=van%20de%20zandschulp&geo=US"
"pirates","2 mil+","10 de septiembre de 2026 a las 23:00:00 UTC-3","11 de septiembre de 2026 a las 0:00:00 UTC-3","pirates","./explore?q=pirates&geo=US"
"pig","2 mil+","9 de septiembre de 2026 a las 10:00:00 UTC-3","9 de septiembre de 2026 a las 15:40:00 UTC-3","pig","./explore?q=pig&geo=US"
"caden ramsey","2 mil+","8 de septiembre de 2026 a las 7:00:00 UTC-3","8 de septiembre de 2026 a las 11:30:00 UTC-3","caden ramsey","./explore?q=caden%20ramsey&geo=US"
"australian national anthem","2 mil+","10 de septiembre de 2026 a las 21:30:00 UTC-3","10 de septiembre de 2026 a las 22:40:00 UTC-3","australian national anthem,australia national anthem","./explore?q=australian%20national%20anthem&geo=US"
"ticketmaster","2 mil+","10 de septiembre de 2026 a las 14:20:00 UTC-3","10 de septiembre de 2026 a las 15:40:00 UTC-3","ticketmaster","./explore?q=ticketmaster&geo=US"
"lamine yamal","2 mil+","9 de septiembre de 2026 a las 16:00:00 UTC-3","9 de septiembre de 2026 a las 16:50:00 UTC-3","lamine yamal","./explore?q=lamine%20yamal&geo=US"
"trevon diggs","2 mil+","10 de septiembre de 2026 a las 0:20:00 UTC-3","10 de septiembre de 2026 a las 1:20:00 UTC-3","trevon diggs","./explore?q=trevon%20diggs&geo=US"
"nintendo live action zelda movie","2 mil+","8 de septiembre de 2026 a las 12:40:00 UTC-3","8 de septiembre de 2026 a las 15:10:00 UTC-3","nintendo live action zelda movie","./explore?q=nintendo%20live%20action%20zelda%20movie&geo=US"
"elly de la cruz","2 mil+","7 de septiembre de 2026 a las 22:20:00 UTC-3","8 de septiembre de 2026 a las 0:50:00 UTC-3","elly de la cruz","./explore?q=elly%20de%20la%20cruz&geo=US"
"liga de campeones de la uefa","2 mil+","10 de septiembre de 2026 a las 18:00:00 UTC-3","10 de septiembre de 2026 a las 19:00:00 UTC-3","liga de campeones de la uefa","./explore?q=liga%20de%20campeones%20de%20la%20uefa&geo=US"
"heliot ramos","2 mil+","8 de septiembre de 2026 a las 22:20:00 UTC-3","9 de septiembre de 2026 a las 0:10:00 UTC-3","heliot ramos","./explore?q=heliot%20ramos&geo=US"
"elizabeth smart","2 mil+","7 de septiembre de 2026 a las 8:10:00 UTC-3","7 de septiembre de 2026 a las 14:30:00 UTC-3","elizabeth smart","./explore?q=elizabeth%20smart&geo=US"
"2026 fantasy football wide receivers","2 mil+","7 de septiembre de 2026 a las 10:10:00 UTC-3","7 de septiembre de 2026 a las 14:10:00 UTC-3","2026 fantasy football wide receivers","./explore?q=2026%20fantasy%20football%20wide%20receivers&geo=US"
"boston blue season 2","2 mil+","7 de septiembre de 2026 a las 11:30:00 UTC-3","7 de septiembre de 2026 a las 14:20:00 UTC-3","boston blue season 2,boston blue - season 2","./explore?q=boston%20blue%20season%202&geo=US"
"gwyneth paltrow","2 mil+","8 de septiembre de 2026 a las 20:30:00 UTC-3","9 de septiembre de 2026 a las 2:20:00 UTC-3","gwyneth paltrow","./explore?q=gwyneth%20paltrow&geo=US"
"labor day parade near me","2 mil+","7 de septiembre de 2026 a las 9:00:00 UTC-3","7 de septiembre de 2026 a las 13:00:00 UTC-3","labor day parade near me","./explore?q=labor%20day%20parade%20near%20me&geo=US"
"corinthians","2 mil+","9 de septiembre de 2026 a las 22:00:00 UTC-3","9 de septiembre de 2026 a las 23:50:00 UTC-3","corinthians,libertadores","./explore?q=corinthians&geo=US"
"ray allen air jordan 12 bucks","2 mil+","8 de septiembre de 2026 a las 18:10:00 UTC-3","8 de septiembre de 2026 a las 21:10:00 UTC-3","ray allen air jordan 12 bucks","./explore?q=ray%20allen%20air%20jordan%2012%20bucks&geo=US"
"stavros halkias","2 mil+","8 de septiembre de 2026 a las 23:10:00 UTC-3","9 de septiembre de 2026 a las 2:20:00 UTC-3","stavros halkias","./explore?q=stavros%20halkias&geo=US"
"penelope cruz","2 mil+","8 de septiembre de 2026 a las 22:00:00 UTC-3","9 de septiembre de 2026 a las 0:30:00 UTC-3","penelope cruz,bunker movie","./explore?q=penelope%20cruz&geo=US"
"hoka","2 mil+","7 de septiembre de 2026 a las 9:40:00 UTC-3","7 de septiembre de 2026 a las 18:40:00 UTC-3","hoka","./explore?q=hoka&geo=US"
"jovic tennis player","2 mil+","7 de septiembre de 2026 a las 21:00:00 UTC-3","7 de septiembre de 2026 a las 22:20:00 UTC-3","jovic tennis player,iva jovic parents","./explore?q=jovic%20tennis%20player&geo=US"
"is vinted down","2 mil+","8 de septiembre de 2026 a las 9:10:00 UTC-3","8 de septiembre de 2026 a las 13:20:00 UTC-3","is vinted down,vinted down","./explore?q=is%20vinted%20down&geo=US"
"rafael vela gonzalez silver lake detention","2 mil+","8 de septiembre de 2026 a las 15:40:00 UTC-3","8 de septiembre de 2026 a las 18:20:00 UTC-3","rafael vela gonzalez silver lake detention","./explore?q=rafael%20vela%20gonzalez%20silver%20lake%20detention&geo=US"
"be stock","2 mil+","8 de septiembre de 2026 a las 10:30:00 UTC-3","8 de septiembre de 2026 a las 13:10:00 UTC-3","be stock,bloom energy stock","./explore?q=be%20stock&geo=US"
"flock camera","2 mil+","9 de septiembre de 2026 a las 16:50:00 UTC-3","9 de septiembre de 2026 a las 18:10:00 UTC-3","flock camera","./explore?q=flock%20camera&geo=US"
"kcci","2 mil+","8 de septiembre de 2026 a las 20:10:00 UTC-3","8 de septiembre de 2026 a las 21:40:00 UTC-3","kcci,kcci weather","./explore?q=kcci&geo=US"
"the uprising","2 mil+","7 de septiembre de 2026 a las 19:40:00 UTC-3","7 de septiembre de 2026 a las 21:40:00 UTC-3","the uprising,andrew garfield","./explore?q=the%20uprising&geo=US"
"christian walker","2 mil+","8 de septiembre de 2026 a las 20:00:00 UTC-3","8 de septiembre de 2026 a las 21:50:00 UTC-3","christian walker","./explore?q=christian%20walker&geo=US"
"the gentlemen series","2 mil+","7 de septiembre de 2026 a las 22:20:00 UTC-3","8 de septiembre de 2026 a las 1:10:00 UTC-3","the gentlemen series,theo james","./explore?q=the%20gentlemen%20series&geo=US"
"byron murphy ii","2 mil+","9 de septiembre de 2026 a las 23:50:00 UTC-3","10 de septiembre de 2026 a las 1:10:00 UTC-3","byron murphy ii,byron murphy","./explore?q=byron%20murphy%20ii&geo=US"
"amanda seyfried","2 mil+","7 de septiembre de 2026 a las 11:20:00 UTC-3","8 de septiembre de 2026 a las 2:40:00 UTC-3","amanda seyfried","./explore?q=amanda%20seyfried&geo=US"
"kyle busch","2 mil+","7 de septiembre de 2026 a las 22:50:00 UTC-3","8 de septiembre de 2026 a las 4:50:00 UTC-3","kyle busch","./explore?q=kyle%20busch&geo=US"
"us open schedule today","2 mil+","8 de septiembre de 2026 a las 20:50:00 UTC-3","9 de septiembre de 2026 a las 9:20:00 UTC-3","us open schedule today","./explore?q=us%20open%20schedule%20today&geo=US"
"eiffel tower hindu","2 mil+","8 de septiembre de 2026 a las 7:40:00 UTC-3","8 de septiembre de 2026 a las 10:20:00 UTC-3","eiffel tower hindu,eiffel tower closed","./explore?q=eiffel%20tower%20hindu&geo=US"
"f 35b","2 mil+","7 de septiembre de 2026 a las 17:50:00 UTC-3","7 de septiembre de 2026 a las 20:10:00 UTC-3","f 35b,f-35b","./explore?q=f%2035b&geo=US"
"jadarian price","2 mil+","7 de septiembre de 2026 a las 20:50:00 UTC-3","7 de septiembre de 2026 a las 23:30:00 UTC-3","jadarian price","./explore?q=jadarian%20price&geo=US"
"chargers depth chart","2 mil+","8 de septiembre de 2026 a las 22:20:00 UTC-3","9 de septiembre de 2026 a las 0:10:00 UTC-3","chargers depth chart","./explore?q=chargers%20depth%20chart&geo=US"
"reid detmers","2 mil+","8 de septiembre de 2026 a las 20:50:00 UTC-3","8 de septiembre de 2026 a las 22:40:00 UTC-3","reid detmers,patrick sandoval","./explore?q=reid%20detmers&geo=US"
"angel island fire","2 mil+","8 de septiembre de 2026 a las 17:00:00 UTC-3","8 de septiembre de 2026 a las 20:30:00 UTC-3","angel island fire","./explore?q=angel%20island%20fire&geo=US"
"intc","2 mil+","8 de septiembre de 2026 a las 11:20:00 UTC-3","8 de septiembre de 2026 a las 14:50:00 UTC-3","intc,samsung","./explore?q=intc&geo=US"
"christopher m. barnett","2 mil+","8 de septiembre de 2026 a las 16:40:00 UTC-3","8 de septiembre de 2026 a las 18:00:00 UTC-3","christopher m. barnett,christopher barnett,christopher m barnett","./explore?q=christopher%20m.%20barnett&geo=US"
"class action","2 mil+","7 de septiembre de 2026 a las 19:00:00 UTC-3","7 de septiembre de 2026 a las 21:40:00 UTC-3","class action","./explore?q=class%20action&geo=US"
"mel gibson","2 mil+","8 de septiembre de 2026 a las 20:50:00 UTC-3","8 de septiembre de 2026 a las 22:00:00 UTC-3","mel gibson","./explore?q=mel%20gibson&geo=US"
"mu stock","2 mil+","8 de septiembre de 2026 a las 8:00:00 UTC-3","8 de septiembre de 2026 a las 11:40:00 UTC-3","mu stock","./explore?q=mu%20stock&geo=US"
"jacob misiorowski","2 mil+","8 de septiembre de 2026 a las 21:30:00 UTC-3","8 de septiembre de 2026 a las 23:00:00 UTC-3","jacob misiorowski","./explore?q=jacob%20misiorowski&geo=US"
"tesla stock","2 mil+","8 de septiembre de 2026 a las 10:50:00 UTC-3","8 de septiembre de 2026 a las 11:50:00 UTC-3","tesla stock,tesla stock price","./explore?q=tesla%20stock&geo=US"
"qcom stock","2 mil+","8 de septiembre de 2026 a las 10:30:00 UTC-3","8 de septiembre de 2026 a las 12:10:00 UTC-3","qcom stock,amazon stock","./explore?q=qcom%20stock&geo=US"
"amc","2 mil+","7 de septiembre de 2026 a las 13:00:00 UTC-3","7 de septiembre de 2026 a las 16:30:00 UTC-3","amc,amc theaters","./explore?q=amc&geo=US"
"michigan lottery","2 mil+","8 de septiembre de 2026 a las 21:30:00 UTC-3","9 de septiembre de 2026 a las 15:20:00 UTC-3","michigan lottery","./explore?q=michigan%20lottery&geo=US"
"commanders depth chart","2 mil+","8 de septiembre de 2026 a las 22:00:00 UTC-3","8 de septiembre de 2026 a las 23:20:00 UTC-3","commanders depth chart","./explore?q=commanders%20depth%20chart&geo=US"
"fantasypros","2 mil+","7 de septiembre de 2026 a las 20:40:00 UTC-3","7 de septiembre de 2026 a las 22:10:00 UTC-3","fantasypros","./explore?q=fantasypros&geo=US"
"rey mysterio","2 mil+","7 de septiembre de 2026 a las 21:40:00 UTC-3","7 de septiembre de 2026 a las 23:00:00 UTC-3","rey mysterio,sol ruca","./explore?q=rey%20mysterio&geo=US"
"stephanie vaquer","2 mil+","7 de septiembre de 2026 a las 22:50:00 UTC-3","8 de septiembre de 2026 a las 0:00:00 UTC-3","stephanie vaquer,liv morgan","./explore?q=stephanie%20vaquer&geo=US"
"mets - marlins","2 mil+","7 de septiembre de 2026 a las 14:30:00 UTC-3","7 de septiembre de 2026 a las 18:10:00 UTC-3","mets - marlins,mets,jonah tong","./explore?q=mets%20-%20marlins&geo=US"
"us open scores","2 mil+","7 de septiembre de 2026 a las 15:20:00 UTC-3","7 de septiembre de 2026 a las 23:10:00 UTC-3","us open scores","./explore?q=us%20open%20scores&geo=US"
"social security administration","2 mil+","7 de septiembre de 2026 a las 18:10:00 UTC-3","7 de septiembre de 2026 a las 19:20:00 UTC-3","social security administration","./explore?q=social%20security%20administration&geo=US"
"tradingview","2 mil+","8 de septiembre de 2026 a las 10:20:00 UTC-3","8 de septiembre de 2026 a las 11:30:00 UTC-3","tradingview","./explore?q=tradingview&geo=US"
"diamondbacks","2 mil+","9 de septiembre de 2026 a las 0:20:00 UTC-3","9 de septiembre de 2026 a las 1:00:00 UTC-3","diamondbacks","./explore?q=diamondbacks&geo=US"
"i ready","2 mil+","8 de septiembre de 2026 a las 10:30:00 UTC-3","8 de septiembre de 2026 a las 11:20:00 UTC-3","i ready","./explore?q=i%20ready&geo=US"
"sharon horgan","1 mil+","14 de septiembre de 2026 a las 6:00:00 UTC-3",,"sharon horgan","./explore?q=sharon%20horgan&geo=US"
"inundación","1 mil+","13 de septiembre de 2026 a las 23:50:00 UTC-3",,"inundación","./explore?q=inundaci%C3%B3n&geo=US"
"spacex","1 mil+","14 de septiembre de 2026 a las 6:30:00 UTC-3",,"spacex,spacex stock price forecast 2027","./explore?q=spacex&geo=US"
"stephen root","1 mil+","14 de septiembre de 2026 a las 2:00:00 UTC-3",,"stephen root","./explore?q=stephen%20root&geo=US"
"erin napier","1 mil+","14 de septiembre de 2026 a las 7:00:00 UTC-3",,"erin napier","./explore?q=erin%20napier&geo=US"
"frontier flight stranded overnight knoxville","1 mil+","13 de septiembre de 2026 a las 23:30:00 UTC-3",,"frontier flight stranded overnight knoxville","./explore?q=frontier%20flight%20stranded%20overnight%20knoxville&geo=US"
"weather today","1 mil+","14 de septiembre de 2026 a las 6:30:00 UTC-3","14 de septiembre de 2026 a las 7:40:00 UTC-3","weather today","./explore?q=weather%20today&geo=US"
"cryptocurrency trading","1 mil+","14 de septiembre de 2026 a las 3:30:00 UTC-3","14 de septiembre de 2026 a las 6:20:00 UTC-3","cryptocurrency trading","./explore?q=cryptocurrency%20trading&geo=US"
"what is a data breach","1 mil+","14 de septiembre de 2026 a las 3:30:00 UTC-3","14 de septiembre de 2026 a las 5:00:00 UTC-3","what is a data breach","./explore?q=what%20is%20a%20data%20breach&geo=US"
"chevrolet silverado","1 mil+","14 de septiembre de 2026 a las 0:30:00 UTC-3","14 de septiembre de 2026 a las 2:30:00 UTC-3","chevrolet silverado","./explore?q=chevrolet%20silverado&geo=US"
"stephen a smith","1 mil+","14 de septiembre de 2026 a las 0:30:00 UTC-3","14 de septiembre de 2026 a las 2:10:00 UTC-3","stephen a smith","./explore?q=stephen%20a%20smith&geo=US"
"santos laguna vs fc juárez standings","1 mil+","14 de septiembre de 2026 a las 0:20:00 UTC-3","14 de septiembre de 2026 a las 1:40:00 UTC-3","santos laguna vs fc juárez standings","./explore?q=santos%20laguna%20vs%20fc%20ju%C3%A1rez%20standings&geo=US"
"mike tirico","1 mil+","13 de septiembre de 2026 a las 21:20:00 UTC-3","14 de septiembre de 2026 a las 1:00:00 UTC-3","mike tirico","./explore?q=mike%20tirico&geo=US"
"david blough","1 mil+","13 de septiembre de 2026 a las 19:20:00 UTC-3","13 de septiembre de 2026 a las 21:30:00 UTC-3","david blough","./explore?q=david%20blough&geo=US"
"nakobe dean","1 mil+","13 de septiembre de 2026 a las 19:40:00 UTC-3","13 de septiembre de 2026 a las 21:20:00 UTC-3","nakobe dean","./explore?q=nakobe%20dean&geo=US"
"vic fangio","1 mil+","13 de septiembre de 2026 a las 18:10:00 UTC-3","13 de septiembre de 2026 a las 20:30:00 UTC-3","vic fangio","./explore?q=vic%20fangio&geo=US"
"tyler allgeier","1 mil+","13 de septiembre de 2026 a las 20:00:00 UTC-3","13 de septiembre de 2026 a las 21:40:00 UTC-3","tyler allgeier","./explore?q=tyler%20allgeier&geo=US"
"frank gore jr","1 mil+","13 de septiembre de 2026 a las 15:30:00 UTC-3","13 de septiembre de 2026 a las 17:40:00 UTC-3","frank gore jr","./explore?q=frank%20gore%20jr&geo=US"
"mike washington jr.","1 mil+","13 de septiembre de 2026 a las 18:50:00 UTC-3","13 de septiembre de 2026 a las 20:30:00 UTC-3","mike washington jr.","./explore?q=mike%20washington%20jr.&geo=US"
"christian parker cowboys","1 mil+","13 de septiembre de 2026 a las 21:50:00 UTC-3","13 de septiembre de 2026 a las 23:00:00 UTC-3","christian parker cowboys,daron bland","./explore?q=christian%20parker%20cowboys&geo=US"
"fdny","1 mil+","13 de septiembre de 2026 a las 23:30:00 UTC-3","14 de septiembre de 2026 a las 0:50:00 UTC-3","fdny","./explore?q=fdny&geo=US"
"kylie kelce","1 mil+","13 de septiembre de 2026 a las 14:50:00 UTC-3","13 de septiembre de 2026 a las 22:50:00 UTC-3","kylie kelce","./explore?q=kylie%20kelce&geo=US"
"alec pierce","1 mil+","13 de septiembre de 2026 a las 12:30:00 UTC-3","13 de septiembre de 2026 a las 16:20:00 UTC-3","alec pierce","./explore?q=alec%20pierce&geo=US"
"jayden reed","1 mil+","13 de septiembre de 2026 a las 18:30:00 UTC-3","13 de septiembre de 2026 a las 20:30:00 UTC-3","jayden reed","./explore?q=jayden%20reed&geo=US"
"new york giants schedule","1 mil+","14 de septiembre de 2026 a las 0:30:00 UTC-3","14 de septiembre de 2026 a las 1:30:00 UTC-3","new york giants schedule,nfl week 2 schedule","./explore?q=new%20york%20giants%20schedule&geo=US"
"benfica","1 mil+","13 de septiembre de 2026 a las 14:20:00 UTC-3","13 de septiembre de 2026 a las 16:50:00 UTC-3","benfica","./explore?q=benfica&geo=US"
"dodgers - marlins","1 mil+","13 de septiembre de 2026 a las 14:40:00 UTC-3","13 de septiembre de 2026 a las 18:40:00 UTC-3","dodgers - marlins","./explore?q=dodgers%20-%20marlins&geo=US"
"brevyn spann-ford","1 mil+","13 de septiembre de 2026 a las 21:50:00 UTC-3","13 de septiembre de 2026 a las 23:10:00 UTC-3","brevyn spann-ford","./explore?q=brevyn%20spann-ford&geo=US"
"christa pike","1 mil+","13 de septiembre de 2026 a las 6:30:00 UTC-3","13 de septiembre de 2026 a las 11:10:00 UTC-3","christa pike","./explore?q=christa%20pike&geo=US"
"jim courier","1 mil+","13 de septiembre de 2026 a las 19:00:00 UTC-3","13 de septiembre de 2026 a las 20:00:00 UTC-3","jim courier","./explore?q=jim%20courier&geo=US"
"napoli","1 mil+","13 de septiembre de 2026 a las 13:40:00 UTC-3","13 de septiembre de 2026 a las 15:40:00 UTC-3","napoli","./explore?q=napoli&geo=US"
"jonathon brooks","1 mil+","13 de septiembre de 2026 a las 15:30:00 UTC-3","13 de septiembre de 2026 a las 17:30:00 UTC-3","jonathon brooks","./explore?q=jonathon%20brooks&geo=US"
"jaxson dart trump","1 mil+","13 de septiembre de 2026 a las 21:30:00 UTC-3","14 de septiembre de 2026 a las 0:50:00 UTC-3","jaxson dart trump","./explore?q=jaxson%20dart%20trump&geo=US"
"rebel wilson","1 mil+","13 de septiembre de 2026 a las 14:30:00 UTC-3","13 de septiembre de 2026 a las 19:00:00 UTC-3","rebel wilson","./explore?q=rebel%20wilson&geo=US"
"turkish airlines","1 mil+","13 de septiembre de 2026 a las 16:20:00 UTC-3","13 de septiembre de 2026 a las 18:20:00 UTC-3","turkish airlines","./explore?q=turkish%20airlines&geo=US"
"nfc west","1 mil+","13 de septiembre de 2026 a las 20:30:00 UTC-3","13 de septiembre de 2026 a las 21:50:00 UTC-3","nfc west","./explore?q=nfc%20west&geo=US"
"afc north","1 mil+","13 de septiembre de 2026 a las 17:10:00 UTC-3","13 de septiembre de 2026 a las 18:50:00 UTC-3","afc north","./explore?q=afc%20north&geo=US"
"samaje perine","1 mil+","13 de septiembre de 2026 a las 14:50:00 UTC-3","13 de septiembre de 2026 a las 17:40:00 UTC-3","samaje perine","./explore?q=samaje%20perine&geo=US"
"julian edelman","1 mil+","13 de septiembre de 2026 a las 12:30:00 UTC-3","13 de septiembre de 2026 a las 14:20:00 UTC-3","julian edelman","./explore?q=julian%20edelman&geo=US"
"atp rankings","1 mil+","13 de septiembre de 2026 a las 18:50:00 UTC-3","13 de septiembre de 2026 a las 20:20:00 UTC-3","atp rankings","./explore?q=atp%20rankings&geo=US"
"jonathan gannon","1 mil+","13 de septiembre de 2026 a las 17:40:00 UTC-3","13 de septiembre de 2026 a las 19:10:00 UTC-3","jonathan gannon","./explore?q=jonathan%20gannon&geo=US"
"dominic zvada","1 mil+","13 de septiembre de 2026 a las 21:20:00 UTC-3","13 de septiembre de 2026 a las 22:30:00 UTC-3","dominic zvada","./explore?q=dominic%20zvada&geo=US"
"derrick barnes","1 mil+","13 de septiembre de 2026 a las 15:50:00 UTC-3","13 de septiembre de 2026 a las 17:10:00 UTC-3","derrick barnes","./explore?q=derrick%20barnes&geo=US"
"ncis","1 mil+","13 de septiembre de 2026 a las 15:50:00 UTC-3","13 de septiembre de 2026 a las 20:40:00 UTC-3","ncis","./explore?q=ncis&geo=US"
"samsung foldable market competition apple","1 mil+","13 de septiembre de 2026 a las 8:50:00 UTC-3","13 de septiembre de 2026 a las 12:00:00 UTC-3","samsung foldable market competition apple","./explore?q=samsung%20foldable%20market%20competition%20apple&geo=US"
"sean mannion","1 mil+","13 de septiembre de 2026 a las 17:40:00 UTC-3","13 de septiembre de 2026 a las 19:10:00 UTC-3","sean mannion","./explore?q=sean%20mannion&geo=US"
"make america healthy again","1 mil+","13 de septiembre de 2026 a las 11:20:00 UTC-3","13 de septiembre de 2026 a las 14:10:00 UTC-3","make america healthy again,maha","./explore?q=make%20america%20healthy%20again&geo=US"
"nascar o'reilly auto parts series","1 mil+","13 de septiembre de 2026 a las 7:40:00 UTC-3","13 de septiembre de 2026 a las 11:20:00 UTC-3","nascar o'reilly auto parts series","./explore?q=nascar%20o%27reilly%20auto%20parts%20series&geo=US"
"andre agassi","1 mil+","13 de septiembre de 2026 a las 17:20:00 UTC-3","13 de septiembre de 2026 a las 18:30:00 UTC-3","andre agassi","./explore?q=andre%20agassi&geo=US"
"brian branch","1 mil+","13 de septiembre de 2026 a las 15:00:00 UTC-3","13 de septiembre de 2026 a las 18:40:00 UTC-3","brian branch","./explore?q=brian%20branch&geo=US"
"fubo tv","1 mil+","13 de septiembre de 2026 a las 14:00:00 UTC-3","13 de septiembre de 2026 a las 15:50:00 UTC-3","fubo tv","./explore?q=fubo%20tv&geo=US"
"man utd vs chelsea","1 mil+","13 de septiembre de 2026 a las 7:50:00 UTC-3","13 de septiembre de 2026 a las 10:50:00 UTC-3","man utd vs chelsea","./explore?q=man%20utd%20vs%20chelsea&geo=US"
"joey logano","1 mil+","13 de septiembre de 2026 a las 19:40:00 UTC-3","13 de septiembre de 2026 a las 21:00:00 UTC-3","joey logano","./explore?q=joey%20logano&geo=US"
"zack baun","1 mil+","13 de septiembre de 2026 a las 18:20:00 UTC-3","13 de septiembre de 2026 a las 19:40:00 UTC-3","zack baun","./explore?q=zack%20baun&geo=US"
"phillies - braves","1 mil+","13 de septiembre de 2026 a las 14:10:00 UTC-3","13 de septiembre de 2026 a las 18:40:00 UTC-3","phillies - braves","./explore?q=phillies%20-%20braves&geo=US"
"jessica chastain","1 mil+","13 de septiembre de 2026 a las 20:30:00 UTC-3","13 de septiembre de 2026 a las 21:40:00 UTC-3","jessica chastain","./explore?q=jessica%20chastain&geo=US"
"raphinha","1 mil+","13 de septiembre de 2026 a las 12:10:00 UTC-3","13 de septiembre de 2026 a las 14:00:00 UTC-3","raphinha","./explore?q=raphinha&geo=US"
"boris becker","1 mil+","13 de septiembre de 2026 a las 18:40:00 UTC-3","13 de septiembre de 2026 a las 19:50:00 UTC-3","boris becker","./explore?q=boris%20becker&geo=US"
"sue bird","1 mil+","13 de septiembre de 2026 a las 16:30:00 UTC-3","13 de septiembre de 2026 a las 17:50:00 UTC-3","sue bird","./explore?q=sue%20bird&geo=US"
"jessica alba","1 mil+","13 de septiembre de 2026 a las 3:00:00 UTC-3","13 de septiembre de 2026 a las 18:50:00 UTC-3","jessica alba","./explore?q=jessica%20alba&geo=US"
"alex anzalone","1 mil+","13 de septiembre de 2026 a las 14:30:00 UTC-3","13 de septiembre de 2026 a las 15:40:00 UTC-3","alex anzalone,anzalone","./explore?q=alex%20anzalone&geo=US"
"club brugge vs antwerp","1 mil+","13 de septiembre de 2026 a las 8:00:00 UTC-3","13 de septiembre de 2026 a las 11:00:00 UTC-3","club brugge vs antwerp","./explore?q=club%20brugge%20vs%20antwerp&geo=US"
"longest field goal in nfl history","1 mil+","13 de septiembre de 2026 a las 17:10:00 UTC-3","13 de septiembre de 2026 a las 18:20:00 UTC-3","longest field goal in nfl history","./explore?q=longest%20field%20goal%20in%20nfl%20history&geo=US"
"bills depth chart","1 mil+","13 de septiembre de 2026 a las 12:30:00 UTC-3","13 de septiembre de 2026 a las 14:50:00 UTC-3","bills depth chart","./explore?q=bills%20depth%20chart&geo=US"
"weather philadelphia","1 mil+","13 de septiembre de 2026 a las 8:10:00 UTC-3","13 de septiembre de 2026 a las 10:50:00 UTC-3","weather philadelphia,philadelphia weather","./explore?q=weather%20philadelphia&geo=US"
"pierce brosnan","1 mil+","13 de septiembre de 2026 a las 15:20:00 UTC-3","13 de septiembre de 2026 a las 16:30:00 UTC-3","pierce brosnan","./explore?q=pierce%20brosnan&geo=US"
"kenneth gainwell","1 mil+","13 de septiembre de 2026 a las 14:50:00 UTC-3","13 de septiembre de 2026 a las 17:00:00 UTC-3","kenneth gainwell","./explore?q=kenneth%20gainwell&geo=US"
"dillon thieneman","1 mil+","13 de septiembre de 2026 a las 15:00:00 UTC-3","13 de septiembre de 2026 a las 18:20:00 UTC-3","dillon thieneman","./explore?q=dillon%20thieneman&geo=US"
"trey hendrickson","1 mil+","13 de septiembre de 2026 a las 16:00:00 UTC-3","13 de septiembre de 2026 a las 17:40:00 UTC-3","trey hendrickson","./explore?q=trey%20hendrickson&geo=US"
"mariska hargitay mom","1 mil+","13 de septiembre de 2026 a las 22:10:00 UTC-3","13 de septiembre de 2026 a las 22:50:00 UTC-3","mariska hargitay mom,law and order svu","./explore?q=mariska%20hargitay%20mom&geo=US"
"braelon allen","1 mil+","13 de septiembre de 2026 a las 15:10:00 UTC-3","13 de septiembre de 2026 a las 17:00:00 UTC-3","braelon allen","./explore?q=braelon%20allen&geo=US"
"ugo ugochukwu","1 mil+","13 de septiembre de 2026 a las 9:30:00 UTC-3","13 de septiembre de 2026 a las 13:30:00 UTC-3","ugo ugochukwu","./explore?q=ugo%20ugochukwu&geo=US"
"adonai mitchell","1 mil+","13 de septiembre de 2026 a las 15:50:00 UTC-3","13 de septiembre de 2026 a las 17:10:00 UTC-3","adonai mitchell","./explore?q=adonai%20mitchell&geo=US"
"shanna moakler","1 mil+","13 de septiembre de 2026 a las 8:00:00 UTC-3","13 de septiembre de 2026 a las 11:30:00 UTC-3","shanna moakler","./explore?q=shanna%20moakler&geo=US"
"david njoku","1 mil+","13 de septiembre de 2026 a las 18:40:00 UTC-3","13 de septiembre de 2026 a las 21:00:00 UTC-3","david njoku","./explore?q=david%20njoku&geo=US"
"amal clooney","1 mil+","13 de septiembre de 2026 a las 9:50:00 UTC-3","13 de septiembre de 2026 a las 12:20:00 UTC-3","amal clooney","./explore?q=amal%20clooney&geo=US"
"vladimir guerrero jr","1 mil+","13 de septiembre de 2026 a las 17:10:00 UTC-3","13 de septiembre de 2026 a las 19:40:00 UTC-3","vladimir guerrero jr","./explore?q=vladimir%20guerrero%20jr&geo=US"
"record immigration arrests summer months","1 mil+","12 de septiembre de 2026 a las 6:50:00 UTC-3","12 de septiembre de 2026 a las 12:50:00 UTC-3","record immigration arrests summer months","./explore?q=record%20immigration%20arrests%20summer%20months&geo=US"
"pat freiermuth","1 mil+","13 de septiembre de 2026 a las 15:00:00 UTC-3","13 de septiembre de 2026 a las 16:10:00 UTC-3","pat freiermuth","./explore?q=pat%20freiermuth&geo=US"
"selena gomez","1 mil+","13 de septiembre de 2026 a las 9:20:00 UTC-3","13 de septiembre de 2026 a las 11:10:00 UTC-3","selena gomez","./explore?q=selena%20gomez&geo=US"
"josh downs","1 mil+","13 de septiembre de 2026 a las 14:10:00 UTC-3","13 de septiembre de 2026 a las 15:20:00 UTC-3","josh downs","./explore?q=josh%20downs&geo=US"
"scott hanson","1 mil+","13 de septiembre de 2026 a las 14:00:00 UTC-3","13 de septiembre de 2026 a las 15:10:00 UTC-3","scott hanson","./explore?q=scott%20hanson&geo=US"
"boris johnson train","1 mil+","13 de septiembre de 2026 a las 18:40:00 UTC-3","13 de septiembre de 2026 a las 19:40:00 UTC-3","boris johnson train,boris johnson","./explore?q=boris%20johnson%20train&geo=US"
"hugging face incident","1 mil+","13 de septiembre de 2026 a las 10:00:00 UTC-3","13 de septiembre de 2026 a las 13:00:00 UTC-3","hugging face incident","./explore?q=hugging%20face%20incident&geo=US"
"stock market today","1 mil+","13 de septiembre de 2026 a las 6:20:00 UTC-3","13 de septiembre de 2026 a las 8:10:00 UTC-3","stock market today","./explore?q=stock%20market%20today&geo=US"
"rob gronkowski","1 mil+","13 de septiembre de 2026 a las 13:20:00 UTC-3","13 de septiembre de 2026 a las 14:30:00 UTC-3","rob gronkowski,gronkowski","./explore?q=rob%20gronkowski&geo=US"
"greg olsen","1 mil+","13 de septiembre de 2026 a las 14:40:00 UTC-3","13 de septiembre de 2026 a las 17:40:00 UTC-3","greg olsen","./explore?q=greg%20olsen&geo=US"
"météo","1 mil+","13 de septiembre de 2026 a las 8:00:00 UTC-3","13 de septiembre de 2026 a las 10:30:00 UTC-3","météo","./explore?q=m%C3%A9t%C3%A9o&geo=US"
"red alert","1 mil+","12 de septiembre de 2026 a las 7:30:00 UTC-3","12 de septiembre de 2026 a las 12:20:00 UTC-3","red alert","./explore?q=red%20alert&geo=US"
"college football scoreboard","1 mil+","12 de septiembre de 2026 a las 16:20:00 UTC-3","12 de septiembre de 2026 a las 19:20:00 UTC-3","college football scoreboard","./explore?q=college%20football%20scoreboard&geo=US"
"unm football","1 mil+","12 de septiembre de 2026 a las 18:30:00 UTC-3","12 de septiembre de 2026 a las 21:10:00 UTC-3","unm football","./explore?q=unm%20football&geo=US"
"kj jackson","1 mil+","13 de septiembre de 2026 a las 0:20:00 UTC-3","13 de septiembre de 2026 a las 3:00:00 UTC-3","kj jackson,arkansas football coach","./explore?q=kj%20jackson&geo=US"
"jennifer lopez chai latte nails","1 mil+","12 de septiembre de 2026 a las 7:50:00 UTC-3","12 de septiembre de 2026 a las 11:30:00 UTC-3","jennifer lopez chai latte nails","./explore?q=jennifer%20lopez%20chai%20latte%20nails&geo=US"
"america vs chivas","1 mil+","13 de septiembre de 2026 a las 0:50:00 UTC-3","13 de septiembre de 2026 a las 3:20:00 UTC-3","america vs chivas","./explore?q=america%20vs%20chivas&geo=US"
"stephen woytek","1 mil+","13 de septiembre de 2026 a las 7:40:00 UTC-3","13 de septiembre de 2026 a las 10:30:00 UTC-3","stephen woytek,weather columbus ohio","./explore?q=stephen%20woytek&geo=US"
"ryan garcia net worth","1 mil+","13 de septiembre de 2026 a las 0:10:00 UTC-3","13 de septiembre de 2026 a las 1:50:00 UTC-3","ryan garcia net worth","./explore?q=ryan%20garcia%20net%20worth&geo=US"
"boston","1 mil+","12 de septiembre de 2026 a las 8:50:00 UTC-3","12 de septiembre de 2026 a las 13:00:00 UTC-3","boston","./explore?q=boston&geo=US"
"north carolina courage vs san diego wave","1 mil+","12 de septiembre de 2026 a las 19:00:00 UTC-3","12 de septiembre de 2026 a las 21:00:00 UTC-3","north carolina courage vs san diego wave","./explore?q=north%20carolina%20courage%20vs%20san%20diego%20wave&geo=US"
"zac thornton","1 mil+","12 de septiembre de 2026 a las 15:00:00 UTC-3","12 de septiembre de 2026 a las 17:30:00 UTC-3","zac thornton","./explore?q=zac%20thornton&geo=US"
"dwts premiere","1 mil+","13 de septiembre de 2026 a las 21:50:00 UTC-3","13 de septiembre de 2026 a las 22:20:00 UTC-3","dwts premiere,dwts season 35 elimination twist","./explore?q=dwts%20premiere&geo=US"
"ohio state roster","1 mil+","12 de septiembre de 2026 a las 20:50:00 UTC-3","12 de septiembre de 2026 a las 22:40:00 UTC-3","ohio state roster","./explore?q=ohio%20state%20roster&geo=US"
"sacred heart vs umass","1 mil+","12 de septiembre de 2026 a las 16:10:00 UTC-3","12 de septiembre de 2026 a las 18:20:00 UTC-3","sacred heart vs umass","./explore?q=sacred%20heart%20vs%20umass&geo=US"
"oscar de la hoya","1 mil+","13 de septiembre de 2026 a las 0:20:00 UTC-3","13 de septiembre de 2026 a las 2:30:00 UTC-3","oscar de la hoya","./explore?q=oscar%20de%20la%20hoya&geo=US"
"sfa vs acu","1 mil+","12 de septiembre de 2026 a las 20:40:00 UTC-3","12 de septiembre de 2026 a las 22:50:00 UTC-3","sfa vs acu","./explore?q=sfa%20vs%20acu&geo=US"
"julián alvarez","1 mil+","12 de septiembre de 2026 a las 18:40:00 UTC-3","12 de septiembre de 2026 a las 20:50:00 UTC-3","julián alvarez","./explore?q=juli%C3%A1n%20alvarez&geo=US"
"real madrid game","1 mil+","12 de septiembre de 2026 a las 16:30:00 UTC-3","12 de septiembre de 2026 a las 18:20:00 UTC-3","real madrid game","./explore?q=real%20madrid%20game&geo=US"
"heroes of the storm","1 mil+","12 de septiembre de 2026 a las 14:40:00 UTC-3","12 de septiembre de 2026 a las 16:30:00 UTC-3","heroes of the storm","./explore?q=heroes%20of%20the%20storm&geo=US"
"cruz azul games","1 mil+","13 de septiembre de 2026 a las 1:00:00 UTC-3","13 de septiembre de 2026 a las 3:20:00 UTC-3","cruz azul games","./explore?q=cruz%20azul%20games&geo=US"
"derby county vs birmingham","1 mil+","12 de septiembre de 2026 a las 8:00:00 UTC-3","12 de septiembre de 2026 a las 11:20:00 UTC-3","derby county vs birmingham","./explore?q=derby%20county%20vs%20birmingham&geo=US"
"armenia","1 mil+","12 de septiembre de 2026 a las 23:10:00 UTC-3","13 de septiembre de 2026 a las 0:40:00 UTC-3","armenia","./explore?q=armenia&geo=US"
"uiw vs northern az","1 mil+","12 de septiembre de 2026 a las 17:50:00 UTC-3","12 de septiembre de 2026 a las 19:40:00 UTC-3","uiw vs northern az","./explore?q=uiw%20vs%20northern%20az&geo=US"
"jenny taft","1 mil+","12 de septiembre de 2026 a las 13:10:00 UTC-3","12 de septiembre de 2026 a las 17:50:00 UTC-3","jenny taft","./explore?q=jenny%20taft&geo=US"
"météo demain","1 mil+","12 de septiembre de 2026 a las 21:40:00 UTC-3","12 de septiembre de 2026 a las 23:30:00 UTC-3","météo demain","./explore?q=m%C3%A9t%C3%A9o%20demain&geo=US"
"djorden santos","1 mil+","12 de septiembre de 2026 a las 16:20:00 UTC-3","12 de septiembre de 2026 a las 18:00:00 UTC-3","djorden santos","./explore?q=djorden%20santos&geo=US"
"ohio state kicker","1 mil+","13 de septiembre de 2026 a las 0:10:00 UTC-3","13 de septiembre de 2026 a las 1:40:00 UTC-3","ohio state kicker","./explore?q=ohio%20state%20kicker&geo=US"
"augsburg vs leverkusen","1 mil+","12 de septiembre de 2026 a las 10:00:00 UTC-3","12 de septiembre de 2026 a las 13:00:00 UTC-3","augsburg vs leverkusen","./explore?q=augsburg%20vs%20leverkusen&geo=US"
"dalton schultz","1 mil+","13 de septiembre de 2026 a las 15:00:00 UTC-3","13 de septiembre de 2026 a las 17:30:00 UTC-3","dalton schultz","./explore?q=dalton%20schultz&geo=US"
"fire near me","1 mil+","12 de septiembre de 2026 a las 22:50:00 UTC-3","13 de septiembre de 2026 a las 0:30:00 UTC-3","fire near me,fires near me","./explore?q=fire%20near%20me&geo=US"
"randal grichuk","1 mil+","12 de septiembre de 2026 a las 23:40:00 UTC-3","13 de septiembre de 2026 a las 1:10:00 UTC-3","randal grichuk","./explore?q=randal%20grichuk&geo=US"
"ryan puglisi","1 mil+","12 de septiembre de 2026 a las 15:40:00 UTC-3","12 de septiembre de 2026 a las 17:30:00 UTC-3","ryan puglisi","./explore?q=ryan%20puglisi&geo=US"
"raquel carrera","1 mil+","12 de septiembre de 2026 a las 15:40:00 UTC-3","12 de septiembre de 2026 a las 17:30:00 UTC-3","raquel carrera","./explore?q=raquel%20carrera&geo=US"
"tim mayza","1 mil+","12 de septiembre de 2026 a las 20:40:00 UTC-3","12 de septiembre de 2026 a las 22:10:00 UTC-3","tim mayza","./explore?q=tim%20mayza&geo=US"
"braves game","1 mil+","12 de septiembre de 2026 a las 21:50:00 UTC-3","12 de septiembre de 2026 a las 23:40:00 UTC-3","braves game","./explore?q=braves%20game&geo=US"
"karoline leavitt convention speech","1 mil+","12 de septiembre de 2026 a las 8:20:00 UTC-3","12 de septiembre de 2026 a las 13:30:00 UTC-3","karoline leavitt convention speech","./explore?q=karoline%20leavitt%20convention%20speech&geo=US"
"jeremiah smith nil deal","1 mil+","12 de septiembre de 2026 a las 22:00:00 UTC-3","12 de septiembre de 2026 a las 23:20:00 UTC-3","jeremiah smith nil deal,jeremiah smith nil","./explore?q=jeremiah%20smith%20nil%20deal&geo=US"
"holy cross vs miami oh","1 mil+","12 de septiembre de 2026 a las 13:40:00 UTC-3","12 de septiembre de 2026 a las 15:50:00 UTC-3","holy cross vs miami oh","./explore?q=holy%20cross%20vs%20miami%20oh&geo=US"
"hoffenheim vs vfb stuttgart","1 mil+","12 de septiembre de 2026 a las 9:50:00 UTC-3","12 de septiembre de 2026 a las 13:00:00 UTC-3","hoffenheim vs vfb stuttgart","./explore?q=hoffenheim%20vs%20vfb%20stuttgart&geo=US"
"henry garcia","1 mil+","13 de septiembre de 2026 a las 0:20:00 UTC-3","13 de septiembre de 2026 a las 1:30:00 UTC-3","henry garcia,ryan garcia kids","./explore?q=henry%20garcia&geo=US"
"jerome bettis","1 mil+","12 de septiembre de 2026 a las 18:20:00 UTC-3","12 de septiembre de 2026 a las 19:30:00 UTC-3","jerome bettis","./explore?q=jerome%20bettis&geo=US"
"f1 tv","1 mil+","13 de septiembre de 2026 a las 9:50:00 UTC-3","13 de septiembre de 2026 a las 11:00:00 UTC-3","f1 tv,f1 schedule","./explore?q=f1%20tv&geo=US"
"nccu football","1 mil+","12 de septiembre de 2026 a las 13:50:00 UTC-3","12 de septiembre de 2026 a las 17:20:00 UTC-3","nccu football","./explore?q=nccu%20football&geo=US"
"wta live rankings","1 mil+","12 de septiembre de 2026 a las 19:40:00 UTC-3","12 de septiembre de 2026 a las 21:10:00 UTC-3","wta live rankings","./explore?q=wta%20live%20rankings&geo=US"
"gabby williams","1 mil+","12 de septiembre de 2026 a las 12:10:00 UTC-3","12 de septiembre de 2026 a las 14:10:00 UTC-3","gabby williams","./explore?q=gabby%20williams&geo=US"
"rj decker","1 mil+","12 de septiembre de 2026 a las 22:30:00 UTC-3","13 de septiembre de 2026 a las 0:50:00 UTC-3","rj decker","./explore?q=rj%20decker&geo=US"
"appalachian state football","1 mil+","12 de septiembre de 2026 a las 14:30:00 UTC-3","12 de septiembre de 2026 a las 17:40:00 UTC-3","appalachian state football","./explore?q=appalachian%20state%20football&geo=US"
"oscar isaac","1 mil+","12 de septiembre de 2026 a las 0:10:00 UTC-3","12 de septiembre de 2026 a las 10:40:00 UTC-3","oscar isaac","./explore?q=oscar%20isaac&geo=US"
"hines ward","1 mil+","13 de septiembre de 2026 a las 0:30:00 UTC-3","13 de septiembre de 2026 a las 1:50:00 UTC-3","hines ward","./explore?q=hines%20ward&geo=US"
"clemson football schedule 2026","1 mil+","12 de septiembre de 2026 a las 10:10:00 UTC-3","13 de septiembre de 2026 a las 9:20:00 UTC-3","clemson football schedule 2026","./explore?q=clemson%20football%20schedule%202026&geo=US"
"eastern wa vs south dakota","1 mil+","12 de septiembre de 2026 a las 14:40:00 UTC-3","12 de septiembre de 2026 a las 16:30:00 UTC-3","eastern wa vs south dakota","./explore?q=eastern%20wa%20vs%20south%20dakota&geo=US"
"bay fc vs seattle reign fc","1 mil+","12 de septiembre de 2026 a las 20:40:00 UTC-3","12 de septiembre de 2026 a las 22:20:00 UTC-3","bay fc vs seattle reign fc","./explore?q=bay%20fc%20vs%20seattle%20reign%20fc&geo=US"
"texas tech football schedule","1 mil+","13 de septiembre de 2026 a las 0:10:00 UTC-3","13 de septiembre de 2026 a las 1:30:00 UTC-3","texas tech football schedule","./explore?q=texas%20tech%20football%20schedule&geo=US"
"rafa garcía","1 mil+","12 de septiembre de 2026 a las 15:40:00 UTC-3","12 de septiembre de 2026 a las 17:00:00 UTC-3","rafa garcía","./explore?q=rafa%20garc%C3%ADa&geo=US"
"duquesne vs youngstown st","1 mil+","12 de septiembre de 2026 a las 14:40:00 UTC-3","12 de septiembre de 2026 a las 16:30:00 UTC-3","duquesne vs youngstown st","./explore?q=duquesne%20vs%20youngstown%20st&geo=US"
"hail","1 mil+","12 de septiembre de 2026 a las 16:40:00 UTC-3","12 de septiembre de 2026 a las 18:20:00 UTC-3","hail","./explore?q=hail&geo=US"
"laguna beach","1 mil+","12 de septiembre de 2026 a las 2:10:00 UTC-3","12 de septiembre de 2026 a las 13:30:00 UTC-3","laguna beach","./explore?q=laguna%20beach&geo=US"
"noah grubbs","1 mil+","12 de septiembre de 2026 a las 18:40:00 UTC-3","12 de septiembre de 2026 a las 20:00:00 UTC-3","noah grubbs","./explore?q=noah%20grubbs&geo=US"
"lázaro montes","1 mil+","12 de septiembre de 2026 a las 0:40:00 UTC-3","12 de septiembre de 2026 a las 2:50:00 UTC-3","lázaro montes","./explore?q=l%C3%A1zaro%20montes&geo=US"
"texas longhorns schedule","1 mil+","13 de septiembre de 2026 a las 0:20:00 UTC-3","13 de septiembre de 2026 a las 1:40:00 UTC-3","texas longhorns schedule","./explore?q=texas%20longhorns%20schedule&geo=US"
"drake vs northern iowa","1 mil+","12 de septiembre de 2026 a las 14:40:00 UTC-3","12 de septiembre de 2026 a las 16:30:00 UTC-3","drake vs northern iowa","./explore?q=drake%20vs%20northern%20iowa&geo=US"
"william contreras","1 mil+","11 de septiembre de 2026 a las 23:00:00 UTC-3","12 de septiembre de 2026 a las 1:20:00 UTC-3","william contreras","./explore?q=william%20contreras&geo=US"
"5g","1 mil+","13 de septiembre de 2026 a las 1:00:00 UTC-3","13 de septiembre de 2026 a las 2:10:00 UTC-3","5g","./explore?q=5g&geo=US"
"arch manning nil","1 mil+","12 de septiembre de 2026 a las 21:30:00 UTC-3","13 de septiembre de 2026 a las 1:10:00 UTC-3","arch manning nil","./explore?q=arch%20manning%20nil&geo=US"
"skattebo","1 mil+","12 de septiembre de 2026 a las 21:40:00 UTC-3","12 de septiembre de 2026 a las 22:40:00 UTC-3","skattebo","./explore?q=skattebo&geo=US"
"atlético tucumán - river plate","1 mil+","12 de septiembre de 2026 a las 18:30:00 UTC-3","12 de septiembre de 2026 a las 20:30:00 UTC-3","atlético tucumán - river plate","./explore?q=atl%C3%A9tico%20tucum%C3%A1n%20-%20river%20plate&geo=US"
"jaylen raynor","1 mil+","12 de septiembre de 2026 a las 20:40:00 UTC-3","13 de septiembre de 2026 a las 0:10:00 UTC-3","jaylen raynor","./explore?q=jaylen%20raynor&geo=US"
"garrett stallings","1 mil+","11 de septiembre de 2026 a las 22:50:00 UTC-3","12 de septiembre de 2026 a las 0:40:00 UTC-3","garrett stallings","./explore?q=garrett%20stallings&geo=US"
"garnet ace bailey","1 mil+","11 de septiembre de 2026 a las 10:00:00 UTC-3","11 de septiembre de 2026 a las 13:00:00 UTC-3","garnet ace bailey","./explore?q=garnet%20ace%20bailey&geo=US"
"ocean way festival","1 mil+","11 de septiembre de 2026 a las 18:30:00 UTC-3","11 de septiembre de 2026 a las 21:10:00 UTC-3","ocean way festival","./explore?q=ocean%20way%20festival&geo=US"
"albany vs liu","1 mil+","12 de septiembre de 2026 a las 12:30:00 UTC-3","12 de septiembre de 2026 a las 14:20:00 UTC-3","albany vs liu","./explore?q=albany%20vs%20liu&geo=US"
"colin simmons","1 mil+","12 de septiembre de 2026 a las 22:00:00 UTC-3","12 de septiembre de 2026 a las 23:10:00 UTC-3","colin simmons","./explore?q=colin%20simmons&geo=US"
"daily horoscope september 12 2026","1 mil+","12 de septiembre de 2026 a las 10:20:00 UTC-3","12 de septiembre de 2026 a las 12:40:00 UTC-3","daily horoscope september 12 2026","./explore?q=daily%20horoscope%20september%2012%202026&geo=US"
"deuce knight","1 mil+","12 de septiembre de 2026 a las 23:50:00 UTC-3","13 de septiembre de 2026 a las 1:10:00 UTC-3","deuce knight","./explore?q=deuce%20knight&geo=US"
"genoa vs frosinone","1 mil+","12 de septiembre de 2026 a las 9:40:00 UTC-3","12 de septiembre de 2026 a las 12:20:00 UTC-3","genoa vs frosinone","./explore?q=genoa%20vs%20frosinone&geo=US"
"grant holman","1 mil+","12 de septiembre de 2026 a las 21:20:00 UTC-3","12 de septiembre de 2026 a las 22:40:00 UTC-3","grant holman","./explore?q=grant%20holman&geo=US"
"mechanicville","1 mil+","11 de septiembre de 2026 a las 14:00:00 UTC-3","11 de septiembre de 2026 a las 16:40:00 UTC-3","mechanicville","./explore?q=mechanicville&geo=US"
"where to watch college football","1 mil+","12 de septiembre de 2026 a las 13:20:00 UTC-3","12 de septiembre de 2026 a las 14:40:00 UTC-3","where to watch college football,lehigh football","./explore?q=where%20to%20watch%20college%20football&geo=US"
"nba","1 mil+","13 de septiembre de 2026 a las 8:20:00 UTC-3","13 de septiembre de 2026 a las 9:00:00 UTC-3","nba","./explore?q=nba&geo=US"
"lincoln memorial pool liner peeling","1 mil+","11 de septiembre de 2026 a las 15:40:00 UTC-3","11 de septiembre de 2026 a las 17:40:00 UTC-3","lincoln memorial pool liner peeling","./explore?q=lincoln%20memorial%20pool%20liner%20peeling&geo=US"
"nolan mclean","1 mil+","11 de septiembre de 2026 a las 20:20:00 UTC-3","11 de septiembre de 2026 a las 22:30:00 UTC-3","nolan mclean","./explore?q=nolan%20mclean&geo=US"
"porto fc","1 mil+","12 de septiembre de 2026 a las 15:00:00 UTC-3","12 de septiembre de 2026 a las 16:30:00 UTC-3","porto fc","./explore?q=porto%20fc&geo=US"
"united states golf association","1 mil+","11 de septiembre de 2026 a las 18:10:00 UTC-3","11 de septiembre de 2026 a las 20:30:00 UTC-3","united states golf association","./explore?q=united%20states%20golf%20association&geo=US"
"necaxa","1 mil+","11 de septiembre de 2026 a las 22:30:00 UTC-3","12 de septiembre de 2026 a las 0:50:00 UTC-3","necaxa","./explore?q=necaxa&geo=US"
"nyt connections hints","1 mil+","13 de septiembre de 2026 a las 8:20:00 UTC-3","13 de septiembre de 2026 a las 9:30:00 UTC-3","nyt connections hints,sextant ac","./explore?q=nyt%20connections%20hints&geo=US"
"la liga match","1 mil+","12 de septiembre de 2026 a las 16:50:00 UTC-3","12 de septiembre de 2026 a las 18:10:00 UTC-3","la liga match","./explore?q=la%20liga%20match&geo=US"
"jude bellingham","1 mil+","12 de septiembre de 2026 a las 18:00:00 UTC-3","12 de septiembre de 2026 a las 19:10:00 UTC-3","jude bellingham","./explore?q=jude%20bellingham&geo=US"
"bowie state vs del state","1 mil+","12 de septiembre de 2026 a las 15:30:00 UTC-3","12 de septiembre de 2026 a las 17:00:00 UTC-3","bowie state vs del state","./explore?q=bowie%20state%20vs%20del%20state&geo=US"
"pirates - cubs","1 mil+","11 de septiembre de 2026 a las 15:10:00 UTC-3","11 de septiembre de 2026 a las 17:40:00 UTC-3","pirates - cubs","./explore?q=pirates%20-%20cubs&geo=US"
"notre dame schedule","1 mil+","12 de septiembre de 2026 a las 17:20:00 UTC-3","12 de septiembre de 2026 a las 19:50:00 UTC-3","notre dame schedule","./explore?q=notre%20dame%20schedule&geo=US"
"christian harrison","1 mil+","12 de septiembre de 2026 a las 14:50:00 UTC-3","12 de septiembre de 2026 a las 16:10:00 UTC-3","christian harrison","./explore?q=christian%20harrison&geo=US"
"orlando bloom","1 mil+","12 de septiembre de 2026 a las 19:20:00 UTC-3","12 de septiembre de 2026 a las 20:50:00 UTC-3","orlando bloom","./explore?q=orlando%20bloom&geo=US"
"silvestri","1 mil+","11 de septiembre de 2026 a las 0:00:00 UTC-3","11 de septiembre de 2026 a las 11:00:00 UTC-3","silvestri","./explore?q=silvestri&geo=US"
"fox","1 mil+","12 de septiembre de 2026 a las 13:20:00 UTC-3","12 de septiembre de 2026 a las 14:20:00 UTC-3","fox","./explore?q=fox&geo=US"
"pumas","1 mil+","11 de septiembre de 2026 a las 0:10:00 UTC-3","11 de septiembre de 2026 a las 2:50:00 UTC-3","pumas","./explore?q=pumas&geo=US"
"real","1 mil+","12 de septiembre de 2026 a las 16:30:00 UTC-3","12 de septiembre de 2026 a las 17:50:00 UTC-3","real","./explore?q=real&geo=US"
"meteor shower","1 mil+","10 de septiembre de 2026 a las 7:40:00 UTC-3","10 de septiembre de 2026 a las 11:20:00 UTC-3","meteor shower","./explore?q=meteor%20shower&geo=US"
"cincinnati weather","1 mil+","12 de septiembre de 2026 a las 8:20:00 UTC-3","12 de septiembre de 2026 a las 10:30:00 UTC-3","cincinnati weather,showers","./explore?q=cincinnati%20weather&geo=US"
"paris fc vs ol","1 mil+","12 de septiembre de 2026 a las 15:30:00 UTC-3","12 de septiembre de 2026 a las 16:50:00 UTC-3","paris fc vs ol,paris fc - lyon","./explore?q=paris%20fc%20vs%20ol&geo=US"
"clima de hoy","1 mil+","12 de septiembre de 2026 a las 7:30:00 UTC-3","12 de septiembre de 2026 a las 9:50:00 UTC-3","clima de hoy","./explore?q=clima%20de%20hoy&geo=US"
"morgan rogers","1 mil+","12 de septiembre de 2026 a las 11:10:00 UTC-3","12 de septiembre de 2026 a las 12:20:00 UTC-3","morgan rogers","./explore?q=morgan%20rogers&geo=US"
"slavia praha vs lens","1 mil+","10 de septiembre de 2026 a las 16:20:00 UTC-3","10 de septiembre de 2026 a las 19:30:00 UTC-3","slavia praha vs lens","./explore?q=slavia%20praha%20vs%20lens&geo=US"
"devin carter","1 mil+","11 de septiembre de 2026 a las 20:40:00 UTC-3","11 de septiembre de 2026 a las 22:20:00 UTC-3","devin carter,celtics","./explore?q=devin%20carter&geo=US"
"siale taupaki","1 mil+","10 de septiembre de 2026 a las 15:00:00 UTC-3","10 de septiembre de 2026 a las 19:30:00 UTC-3","siale taupaki","./explore?q=siale%20taupaki&geo=US"
"borussia dortmund vs sc paderborn 07 standings","1 mil+","12 de septiembre de 2026 a las 12:40:00 UTC-3","12 de septiembre de 2026 a las 14:00:00 UTC-3","borussia dortmund vs sc paderborn 07 standings","./explore?q=borussia%20dortmund%20vs%20sc%20paderborn%2007%20standings&geo=US"
"venezia - fiorentina","1 mil+","11 de septiembre de 2026 a las 16:20:00 UTC-3","11 de septiembre de 2026 a las 18:50:00 UTC-3","venezia - fiorentina","./explore?q=venezia%20-%20fiorentina&geo=US"
"andrew abbott","1 mil+","11 de septiembre de 2026 a las 22:10:00 UTC-3","12 de septiembre de 2026 a las 0:00:00 UTC-3","andrew abbott","./explore?q=andrew%20abbott&geo=US"
"saudi pro league","1 mil+","11 de septiembre de 2026 a las 13:20:00 UTC-3","11 de septiembre de 2026 a las 15:10:00 UTC-3","saudi pro league,al-ahli vs al-hazem","./explore?q=saudi%20pro%20league&geo=US"
"como - rb leipzig","1 mil+","10 de septiembre de 2026 a las 15:50:00 UTC-3","10 de septiembre de 2026 a las 19:10:00 UTC-3","como - rb leipzig,como fc","./explore?q=como%20-%20rb%20leipzig&geo=US"
"chelsea handler","1 mil+","11 de septiembre de 2026 a las 22:40:00 UTC-3","11 de septiembre de 2026 a las 23:50:00 UTC-3","chelsea handler","./explore?q=chelsea%20handler&geo=US"
"al qadsiah vs al-ettifaq","1 mil+","11 de septiembre de 2026 a las 12:30:00 UTC-3","11 de septiembre de 2026 a las 15:10:00 UTC-3","al qadsiah vs al-ettifaq","./explore?q=al%20qadsiah%20vs%20al-ettifaq&geo=US"
"slow horses","1 mil+","11 de septiembre de 2026 a las 21:30:00 UTC-3","11 de septiembre de 2026 a las 23:50:00 UTC-3","slow horses","./explore?q=slow%20horses&geo=US"
"josh hart","1 mil+","11 de septiembre de 2026 a las 21:50:00 UTC-3","11 de septiembre de 2026 a las 23:40:00 UTC-3","josh hart","./explore?q=josh%20hart&geo=US"
"alec bohm","1 mil+","10 de septiembre de 2026 a las 23:30:00 UTC-3","11 de septiembre de 2026 a las 1:30:00 UTC-3","alec bohm","./explore?q=alec%20bohm&geo=US"
"man vs chimp","1 mil+","11 de septiembre de 2026 a las 21:20:00 UTC-3","11 de septiembre de 2026 a las 23:00:00 UTC-3","man vs chimp","./explore?q=man%20vs%20chimp&geo=US"
"is davante adams playing today","1 mil+","10 de septiembre de 2026 a las 22:20:00 UTC-3","11 de septiembre de 2026 a las 0:20:00 UTC-3","is davante adams playing today","./explore?q=is%20davante%20adams%20playing%20today&geo=US"
"as roma","1 mil+","10 de septiembre de 2026 a las 14:00:00 UTC-3","10 de septiembre de 2026 a las 16:50:00 UTC-3","as roma","./explore?q=as%20roma&geo=US"
"phillies game today","1 mil+","11 de septiembre de 2026 a las 20:30:00 UTC-3","11 de septiembre de 2026 a las 21:40:00 UTC-3","phillies game today","./explore?q=phillies%20game%20today&geo=US"
"avatar seven havens","1 mil+","10 de septiembre de 2026 a las 13:00:00 UTC-3","10 de septiembre de 2026 a las 17:00:00 UTC-3","avatar seven havens","./explore?q=avatar%20seven%20havens&geo=US"
"carson hocevar","1 mil+","10 de septiembre de 2026 a las 14:30:00 UTC-3","10 de septiembre de 2026 a las 17:10:00 UTC-3","carson hocevar","./explore?q=carson%20hocevar&geo=US"
"donovan olugbode","1 mil+","11 de septiembre de 2026 a las 23:20:00 UTC-3","12 de septiembre de 2026 a las 1:20:00 UTC-3","donovan olugbode","./explore?q=donovan%20olugbode&geo=US"
"cayden lee","1 mil+","11 de septiembre de 2026 a las 22:40:00 UTC-3","12 de septiembre de 2026 a las 1:20:00 UTC-3","cayden lee","./explore?q=cayden%20lee&geo=US"
"jason kelce","1 mil+","10 de septiembre de 2026 a las 22:00:00 UTC-3","11 de septiembre de 2026 a las 0:40:00 UTC-3","jason kelce","./explore?q=jason%20kelce&geo=US"
"michael vick","1 mil+","11 de septiembre de 2026 a las 20:30:00 UTC-3","12 de septiembre de 2026 a las 0:00:00 UTC-3","michael vick","./explore?q=michael%20vick&geo=US"
"nicole linton","1 mil+","9 de septiembre de 2026 a las 2:40:00 UTC-3","9 de septiembre de 2026 a las 8:50:00 UTC-3","nicole linton","./explore?q=nicole%20linton&geo=US"
"travel warning","1 mil+","11 de septiembre de 2026 a las 15:20:00 UTC-3","11 de septiembre de 2026 a las 16:40:00 UTC-3","travel warning","./explore?q=travel%20warning&geo=US"
"tanner adams","1 mil+","11 de septiembre de 2026 a las 20:40:00 UTC-3","11 de septiembre de 2026 a las 22:20:00 UTC-3","tanner adams","./explore?q=tanner%20adams&geo=US"
"roma vs fenerbahce","1 mil+","10 de septiembre de 2026 a las 14:20:00 UTC-3","10 de septiembre de 2026 a las 16:50:00 UTC-3","roma vs fenerbahce","./explore?q=roma%20vs%20fenerbahce&geo=US"
"jaylen watson","1 mil+","10 de septiembre de 2026 a las 21:20:00 UTC-3","11 de septiembre de 2026 a las 0:20:00 UTC-3","jaylen watson","./explore?q=jaylen%20watson&geo=US"
"flight cancellation and delay","1 mil+","11 de septiembre de 2026 a las 15:10:00 UTC-3","11 de septiembre de 2026 a las 16:20:00 UTC-3","flight cancellation and delay","./explore?q=flight%20cancellation%20and%20delay&geo=US"
"israel","1 mil+","10 de septiembre de 2026 a las 17:50:00 UTC-3","11 de septiembre de 2026 a las 9:40:00 UTC-3","israel","./explore?q=israel&geo=US"
"sabalenka boyfriend","1 mil+","10 de septiembre de 2026 a las 20:50:00 UTC-3","10 de septiembre de 2026 a las 22:30:00 UTC-3","sabalenka boyfriend","./explore?q=sabalenka%20boyfriend&geo=US"
"nail polish","1 mil+","11 de septiembre de 2026 a las 19:10:00 UTC-3","11 de septiembre de 2026 a las 20:40:00 UTC-3","nail polish","./explore?q=nail%20polish&geo=US"
"sinner","1 mil+","9 de septiembre de 2026 a las 0:40:00 UTC-3","9 de septiembre de 2026 a las 5:40:00 UTC-3","sinner","./explore?q=sinner&geo=US"
"max clark","1 mil+","11 de septiembre de 2026 a las 21:10:00 UTC-3","11 de septiembre de 2026 a las 22:40:00 UTC-3","max clark","./explore?q=max%20clark&geo=US"
"sharon stone","1 mil+","10 de septiembre de 2026 a las 6:10:00 UTC-3","10 de septiembre de 2026 a las 10:40:00 UTC-3","sharon stone","./explore?q=sharon%20stone&geo=US"
"tommy hilfiger","1 mil+","10 de septiembre de 2026 a las 9:40:00 UTC-3","10 de septiembre de 2026 a las 18:40:00 UTC-3","tommy hilfiger","./explore?q=tommy%20hilfiger&geo=US"
"horse","1 mil+","10 de septiembre de 2026 a las 19:20:00 UTC-3","10 de septiembre de 2026 a las 21:20:00 UTC-3","horse","./explore?q=horse&geo=US"
"netflix prices","1 mil+","10 de septiembre de 2026 a las 20:50:00 UTC-3","10 de septiembre de 2026 a las 22:50:00 UTC-3","netflix prices","./explore?q=netflix%20prices&geo=US"
"jared jones","1 mil+","10 de septiembre de 2026 a las 22:00:00 UTC-3","10 de septiembre de 2026 a las 23:40:00 UTC-3","jared jones","./explore?q=jared%20jones&geo=US"
"tyrannosaurus","1 mil+","11 de septiembre de 2026 a las 19:30:00 UTC-3","11 de septiembre de 2026 a las 21:00:00 UTC-3","tyrannosaurus","./explore?q=tyrannosaurus&geo=US"
"valentin barco","1 mil+","12 de septiembre de 2026 a las 12:40:00 UTC-3","12 de septiembre de 2026 a las 13:30:00 UTC-3","valentin barco,barco chelsea","./explore?q=valentin%20barco&geo=US"
"jojo siwa","1 mil+","11 de septiembre de 2026 a las 20:20:00 UTC-3","11 de septiembre de 2026 a las 21:30:00 UTC-3","jojo siwa","./explore?q=jojo%20siwa&geo=US"
"mcdonalds buffalo bills meal","1 mil+","10 de septiembre de 2026 a las 21:50:00 UTC-3","10 de septiembre de 2026 a las 23:40:00 UTC-3","mcdonalds buffalo bills meal","./explore?q=mcdonalds%20buffalo%20bills%20meal&geo=US"
"australian football","1 mil+","10 de septiembre de 2026 a las 21:50:00 UTC-3","11 de septiembre de 2026 a las 1:10:00 UTC-3","australian football","./explore?q=australian%20football&geo=US"
"paige bueckers","1 mil+","11 de septiembre de 2026 a las 11:00:00 UTC-3","11 de septiembre de 2026 a las 12:40:00 UTC-3","paige bueckers","./explore?q=paige%20bueckers&geo=US"
"poland stone age grave discovery","1 mil+","9 de septiembre de 2026 a las 5:50:00 UTC-3","9 de septiembre de 2026 a las 9:50:00 UTC-3","poland stone age grave discovery","./explore?q=poland%20stone%20age%20grave%20discovery&geo=US"
"george clooney","1 mil+","9 de septiembre de 2026 a las 6:30:00 UTC-3","9 de septiembre de 2026 a las 9:20:00 UTC-3","george clooney","./explore?q=george%20clooney&geo=US"
"caitlin clark fiba world cup","1 mil+","8 de septiembre de 2026 a las 6:50:00 UTC-3","8 de septiembre de 2026 a las 11:30:00 UTC-3","caitlin clark fiba world cup","./explore?q=caitlin%20clark%20fiba%20world%20cup&geo=US"
"wisconsin volleyball","1 mil+","11 de septiembre de 2026 a las 23:20:00 UTC-3","12 de septiembre de 2026 a las 0:40:00 UTC-3","wisconsin volleyball","./explore?q=wisconsin%20volleyball&geo=US"
"man u","1 mil+","10 de septiembre de 2026 a las 16:40:00 UTC-3","10 de septiembre de 2026 a las 18:40:00 UTC-3","man u","./explore?q=man%20u&geo=US"
"azerbaijan","1 mil+","10 de septiembre de 2026 a las 16:00:00 UTC-3","10 de septiembre de 2026 a las 18:30:00 UTC-3","azerbaijan","./explore?q=azerbaijan&geo=US"
"jalen hurts","1 mil+","9 de septiembre de 2026 a las 22:00:00 UTC-3","10 de septiembre de 2026 a las 1:30:00 UTC-3","jalen hurts","./explore?q=jalen%20hurts&geo=US"
"what is nflx","1 mil+","10 de septiembre de 2026 a las 21:20:00 UTC-3","10 de septiembre de 2026 a las 22:50:00 UTC-3","what is nflx","./explore?q=what%20is%20nflx&geo=US"
"catherine hanaway","1 mil+","9 de septiembre de 2026 a las 20:00:00 UTC-3","9 de septiembre de 2026 a las 22:40:00 UTC-3","catherine hanaway","./explore?q=catherine%20hanaway&geo=US"
"hillary clinton","1 mil+","10 de septiembre de 2026 a las 9:10:00 UTC-3","10 de septiembre de 2026 a las 10:50:00 UTC-3","hillary clinton","./explore?q=hillary%20clinton&geo=US"
"chase meidroth","1 mil+","11 de septiembre de 2026 a las 23:10:00 UTC-3","12 de septiembre de 2026 a las 0:20:00 UTC-3","chase meidroth,cardinals game today","./explore?q=chase%20meidroth&geo=US"
"rockies - yankees","1 mil+","9 de septiembre de 2026 a las 19:50:00 UTC-3","9 de septiembre de 2026 a las 22:10:00 UTC-3","rockies - yankees","./explore?q=rockies%20-%20yankees&geo=US"
"young and the restless new writers","1 mil+","11 de septiembre de 2026 a las 20:30:00 UTC-3","11 de septiembre de 2026 a las 22:00:00 UTC-3","young and the restless new writers","./explore?q=young%20and%20the%20restless%20new%20writers&geo=US"
"gobierno","1 mil+","9 de septiembre de 2026 a las 22:10:00 UTC-3","10 de septiembre de 2026 a las 0:30:00 UTC-3","gobierno","./explore?q=gobierno&geo=US"
"australian rules football","1 mil+","10 de septiembre de 2026 a las 21:50:00 UTC-3","10 de septiembre de 2026 a las 23:30:00 UTC-3","australian rules football","./explore?q=australian%20rules%20football&geo=US"
"immunizations","1 mil+","11 de septiembre de 2026 a las 1:20:00 UTC-3","11 de septiembre de 2026 a las 2:30:00 UTC-3","immunizations","./explore?q=immunizations&geo=US"
"west indian day parade","1 mil+","7 de septiembre de 2026 a las 8:50:00 UTC-3","7 de septiembre de 2026 a las 14:30:00 UTC-3","west indian day parade","./explore?q=west%20indian%20day%20parade&geo=US"
"xolo maridueña","1 mil+","10 de septiembre de 2026 a las 10:30:00 UTC-3","10 de septiembre de 2026 a las 14:40:00 UTC-3","xolo maridueña","./explore?q=xolo%20maridue%C3%B1a&geo=US"
"connor ingram","1 mil+","11 de septiembre de 2026 a las 21:20:00 UTC-3","11 de septiembre de 2026 a las 22:40:00 UTC-3","connor ingram","./explore?q=connor%20ingram&geo=US"
"bill ackman alphabet stock sale","1 mil+","7 de septiembre de 2026 a las 9:20:00 UTC-3","7 de septiembre de 2026 a las 16:30:00 UTC-3","bill ackman alphabet stock sale","./explore?q=bill%20ackman%20alphabet%20stock%20sale&geo=US"
"jackson smith njigba","1 mil+","9 de septiembre de 2026 a las 21:50:00 UTC-3","10 de septiembre de 2026 a las 1:00:00 UTC-3","jackson smith njigba","./explore?q=jackson%20smith%20njigba&geo=US"
"andrew wimsatt","1 mil+","10 de septiembre de 2026 a las 18:50:00 UTC-3","10 de septiembre de 2026 a las 20:20:00 UTC-3","andrew wimsatt","./explore?q=andrew%20wimsatt&geo=US"
"flu shots","1 mil+","11 de septiembre de 2026 a las 1:20:00 UTC-3","11 de septiembre de 2026 a las 2:30:00 UTC-3","flu shots","./explore?q=flu%20shots&geo=US"
"andrew wiggins","1 mil+","10 de septiembre de 2026 a las 21:10:00 UTC-3","10 de septiembre de 2026 a las 23:00:00 UTC-3","andrew wiggins","./explore?q=andrew%20wiggins&geo=US"
"best labor day sales","1 mil+","7 de septiembre de 2026 a las 9:20:00 UTC-3","7 de septiembre de 2026 a las 15:30:00 UTC-3","best labor day sales","./explore?q=best%20labor%20day%20sales&geo=US"
"is michaels open on labor day","1 mil+","7 de septiembre de 2026 a las 9:40:00 UTC-3","7 de septiembre de 2026 a las 14:40:00 UTC-3","is michaels open on labor day","./explore?q=is%20michaels%20open%20on%20labor%20day&geo=US"
"tampa","1 mil+","9 de septiembre de 2026 a las 19:00:00 UTC-3","9 de septiembre de 2026 a las 21:10:00 UTC-3","tampa","./explore?q=tampa&geo=US"
"namibia vs south africa","1 mil+","13 de septiembre de 2026 a las 6:40:00 UTC-3","13 de septiembre de 2026 a las 7:50:00 UTC-3","namibia vs south africa,south africa vs namibia","./explore?q=namibia%20vs%20south%20africa&geo=US"
"kyrie irving trade rumors nba","1 mil+","9 de septiembre de 2026 a las 5:40:00 UTC-3","9 de septiembre de 2026 a las 10:00:00 UTC-3","kyrie irving trade rumors nba","./explore?q=kyrie%20irving%20trade%20rumors%20nba&geo=US"
"chris sale","1 mil+","11 de septiembre de 2026 a las 21:40:00 UTC-3","11 de septiembre de 2026 a las 22:30:00 UTC-3","chris sale","./explore?q=chris%20sale&geo=US"
"donald trump jr","1 mil+","10 de septiembre de 2026 a las 22:00:00 UTC-3","10 de septiembre de 2026 a las 23:10:00 UTC-3","donald trump jr","./explore?q=donald%20trump%20jr&geo=US"
"halftime show","1 mil+","12 de septiembre de 2026 a las 10:10:00 UTC-3","12 de septiembre de 2026 a las 11:20:00 UTC-3","halftime show,soundgarden","./explore?q=halftime%20show&geo=US"
"dro fernández","1 mil+","9 de septiembre de 2026 a las 16:40:00 UTC-3","9 de septiembre de 2026 a las 18:40:00 UTC-3","dro fernández","./explore?q=dro%20fern%C3%A1ndez&geo=US"
"tennessee football schedule","1 mil+","13 de septiembre de 2026 a las 0:20:00 UTC-3","13 de septiembre de 2026 a las 0:40:00 UTC-3","tennessee football schedule","./explore?q=tennessee%20football%20schedule&geo=US"
"white house historical association silent","1 mil+","9 de septiembre de 2026 a las 11:20:00 UTC-3","9 de septiembre de 2026 a las 14:40:00 UTC-3","white house historical association silent","./explore?q=white%20house%20historical%20association%20silent&geo=US"
"salt lake vs houston dynamo","1 mil+","9 de septiembre de 2026 a las 21:40:00 UTC-3","10 de septiembre de 2026 a las 0:40:00 UTC-3","salt lake vs houston dynamo","./explore?q=salt%20lake%20vs%20houston%20dynamo&geo=US"
"rockstar games employment tribunal glasgow","1 mil+","10 de septiembre de 2026 a las 13:40:00 UTC-3","10 de septiembre de 2026 a las 17:00:00 UTC-3","rockstar games employment tribunal glasgow","./explore?q=rockstar%20games%20employment%20tribunal%20glasgow&geo=US"
"olivia oras","1 mil+","9 de septiembre de 2026 a las 7:40:00 UTC-3","9 de septiembre de 2026 a las 16:50:00 UTC-3","olivia oras","./explore?q=olivia%20oras&geo=US"
"gas prices","1 mil+","11 de septiembre de 2026 a las 7:10:00 UTC-3","11 de septiembre de 2026 a las 10:10:00 UTC-3","gas prices,time","./explore?q=gas%20prices&geo=US"
"nfl games tomorrow","1 mil+","9 de septiembre de 2026 a las 22:40:00 UTC-3","10 de septiembre de 2026 a las 1:40:00 UTC-3","nfl games tomorrow","./explore?q=nfl%20games%20tomorrow&geo=US"
"suchitepequez - guastatoya","1 mil+","9 de septiembre de 2026 a las 23:20:00 UTC-3","10 de septiembre de 2026 a las 2:10:00 UTC-3","suchitepequez - guastatoya","./explore?q=suchitepequez%20-%20guastatoya&geo=US"
"iphone 15","1 mil+","9 de septiembre de 2026 a las 15:20:00 UTC-3","10 de septiembre de 2026 a las 3:30:00 UTC-3","iphone 15","./explore?q=iphone%2015&geo=US"
"iran war hormuz","1 mil+","11 de septiembre de 2026 a las 10:00:00 UTC-3","11 de septiembre de 2026 a las 11:00:00 UTC-3","iran war hormuz","./explore?q=iran%20war%20hormuz&geo=US"
"puerto rico vs china","1 mil+","9 de septiembre de 2026 a las 13:10:00 UTC-3","9 de septiembre de 2026 a las 15:30:00 UTC-3","puerto rico vs china","./explore?q=puerto%20rico%20vs%20china&geo=US"
"jennifer garner","1 mil+","10 de septiembre de 2026 a las 22:10:00 UTC-3","10 de septiembre de 2026 a las 23:20:00 UTC-3","jennifer garner","./explore?q=jennifer%20garner&geo=US"
"cam skattebo","1 mil+","9 de septiembre de 2026 a las 23:10:00 UTC-3","10 de septiembre de 2026 a las 0:20:00 UTC-3","cam skattebo","./explore?q=cam%20skattebo&geo=US"
"karoline leavitt","1 mil+","10 de septiembre de 2026 a las 21:50:00 UTC-3","10 de septiembre de 2026 a las 22:50:00 UTC-3","karoline leavitt","./explore?q=karoline%20leavitt&geo=US"
"mike mccarthy","1 mil+","9 de septiembre de 2026 a las 22:40:00 UTC-3","10 de septiembre de 2026 a las 1:40:00 UTC-3","mike mccarthy","./explore?q=mike%20mccarthy&geo=US"
"norwich city vs birmingham","1 mil+","9 de septiembre de 2026 a las 15:40:00 UTC-3","9 de septiembre de 2026 a las 18:10:00 UTC-3","norwich city vs birmingham","./explore?q=norwich%20city%20vs%20birmingham&geo=US"
"mazonakis","1 mil+","9 de septiembre de 2026 a las 12:10:00 UTC-3","9 de septiembre de 2026 a las 14:30:00 UTC-3","mazonakis","./explore?q=mazonakis&geo=US"
"kaya scodelario","1 mil+","9 de septiembre de 2026 a las 10:30:00 UTC-3","9 de septiembre de 2026 a las 12:40:00 UTC-3","kaya scodelario","./explore?q=kaya%20scodelario&geo=US"
"joey king","1 mil+","8 de septiembre de 2026 a las 8:20:00 UTC-3","8 de septiembre de 2026 a las 11:00:00 UTC-3","joey king","./explore?q=joey%20king&geo=US"
"peyton manning","1 mil+","10 de septiembre de 2026 a las 22:10:00 UTC-3","10 de septiembre de 2026 a las 23:20:00 UTC-3","peyton manning","./explore?q=peyton%20manning&geo=US"
"netflix lincoln lawyer spin off","1 mil+","9 de septiembre de 2026 a las 7:30:00 UTC-3","9 de septiembre de 2026 a las 10:50:00 UTC-3","netflix lincoln lawyer spin off","./explore?q=netflix%20lincoln%20lawyer%20spin%20off&geo=US"
"iptv","1 mil+","10 de septiembre de 2026 a las 21:40:00 UTC-3","10 de septiembre de 2026 a las 22:50:00 UTC-3","iptv","./explore?q=iptv&geo=US"
"harrison mevis","1 mil+","10 de septiembre de 2026 a las 22:10:00 UTC-3","10 de septiembre de 2026 a las 23:20:00 UTC-3","harrison mevis,rams kicker","./explore?q=harrison%20mevis&geo=US"
"ilona maher","1 mil+","10 de septiembre de 2026 a las 21:50:00 UTC-3","10 de septiembre de 2026 a las 22:50:00 UTC-3","ilona maher","./explore?q=ilona%20maher&geo=US"
"lochmoor club","1 mil+","9 de septiembre de 2026 a las 19:00:00 UTC-3","9 de septiembre de 2026 a las 20:50:00 UTC-3","lochmoor club,lochmoor country club","./explore?q=lochmoor%20club&geo=US"
"norah o'donnell","1 mil+","8 de septiembre de 2026 a las 8:10:00 UTC-3","8 de septiembre de 2026 a las 10:50:00 UTC-3","norah o'donnell","./explore?q=norah%20o%27donnell&geo=US"
"chris evert","1 mil+","10 de septiembre de 2026 a las 23:10:00 UTC-3","11 de septiembre de 2026 a las 0:20:00 UTC-3","chris evert","./explore?q=chris%20evert&geo=US"
"spencer jones","1 mil+","10 de septiembre de 2026 a las 22:50:00 UTC-3","10 de septiembre de 2026 a las 23:40:00 UTC-3","spencer jones","./explore?q=spencer%20jones&geo=US"
"landman season 3","1 mil+","10 de septiembre de 2026 a las 22:30:00 UTC-3","10 de septiembre de 2026 a las 23:40:00 UTC-3","landman season 3","./explore?q=landman%20season%203&geo=US"
"nfl teams","1 mil+","10 de septiembre de 2026 a las 22:30:00 UTC-3","11 de septiembre de 2026 a las 0:50:00 UTC-3","nfl teams","./explore?q=nfl%20teams&geo=US"
"brandon sproat","1 mil+","9 de septiembre de 2026 a las 23:30:00 UTC-3","10 de septiembre de 2026 a las 1:00:00 UTC-3","brandon sproat","./explore?q=brandon%20sproat&geo=US"
"pirates - white sox","1 mil+","10 de septiembre de 2026 a las 20:20:00 UTC-3","10 de septiembre de 2026 a las 21:50:00 UTC-3","pirates - white sox","./explore?q=pirates%20-%20white%20sox&geo=US"
"guillermo rodriguez dancing with the stars","1 mil+","10 de septiembre de 2026 a las 8:10:00 UTC-3","10 de septiembre de 2026 a las 10:40:00 UTC-3","guillermo rodriguez dancing with the stars","./explore?q=guillermo%20rodriguez%20dancing%20with%20the%20stars&geo=US"
"phil jackson","1 mil+","8 de septiembre de 2026 a las 16:30:00 UTC-3","8 de septiembre de 2026 a las 19:00:00 UTC-3","phil jackson","./explore?q=phil%20jackson&geo=US"
"nfl+","1 mil+","10 de septiembre de 2026 a las 21:40:00 UTC-3","10 de septiembre de 2026 a las 22:50:00 UTC-3","nfl+","./explore?q=nfl%2B&geo=US"
"jason myers","1 mil+","9 de septiembre de 2026 a las 23:20:00 UTC-3","10 de septiembre de 2026 a las 1:00:00 UTC-3","jason myers","./explore?q=jason%20myers&geo=US"
"fc porto","1 mil+","8 de septiembre de 2026 a las 16:30:00 UTC-3","8 de septiembre de 2026 a las 18:50:00 UTC-3","fc porto","./explore?q=fc%20porto&geo=US"
"the voice","1 mil+","9 de septiembre de 2026 a las 22:40:00 UTC-3","10 de septiembre de 2026 a las 0:20:00 UTC-3","the voice","./explore?q=the%20voice&geo=US"
"fluminense vs platense","1 mil+","8 de septiembre de 2026 a las 18:40:00 UTC-3","8 de septiembre de 2026 a las 20:40:00 UTC-3","fluminense vs platense","./explore?q=fluminense%20vs%20platense&geo=US"
"no contest plea","1 mil+","10 de septiembre de 2026 a las 13:20:00 UTC-3","10 de septiembre de 2026 a las 14:40:00 UTC-3","no contest plea,pleading no contest,josh jacobs suspension","./explore?q=no%20contest%20plea&geo=US"
"donald trump new hair color","1 mil+","9 de septiembre de 2026 a las 8:50:00 UTC-3","9 de septiembre de 2026 a las 14:40:00 UTC-3","donald trump new hair color","./explore?q=donald%20trump%20new%20hair%20color&geo=US"
"zachary levi","1 mil+","9 de septiembre de 2026 a las 10:20:00 UTC-3","9 de septiembre de 2026 a las 12:30:00 UTC-3","zachary levi","./explore?q=zachary%20levi&geo=US"
"kylie jenner hidden hills mansion tour","1 mil+","7 de septiembre de 2026 a las 20:20:00 UTC-3","8 de septiembre de 2026 a las 9:40:00 UTC-3","kylie jenner hidden hills mansion tour","./explore?q=kylie%20jenner%20hidden%20hills%20mansion%20tour&geo=US"
"ford bronco","1 mil+","8 de septiembre de 2026 a las 20:00:00 UTC-3","8 de septiembre de 2026 a las 22:00:00 UTC-3","ford bronco","./explore?q=ford%20bronco&geo=US"
"dave winfield","1 mil+","9 de septiembre de 2026 a las 9:40:00 UTC-3","9 de septiembre de 2026 a las 11:50:00 UTC-3","dave winfield","./explore?q=dave%20winfield&geo=US"
"child","1 mil+","8 de septiembre de 2026 a las 8:00:00 UTC-3","8 de septiembre de 2026 a las 11:10:00 UTC-3","child","./explore?q=child&geo=US"
"real","1 mil+","8 de septiembre de 2026 a las 16:30:00 UTC-3","8 de septiembre de 2026 a las 18:40:00 UTC-3","real","./explore?q=real&geo=US"
"shalini thakur","1 mil+","10 de septiembre de 2026 a las 19:10:00 UTC-3","10 de septiembre de 2026 a las 20:50:00 UTC-3","shalini thakur,kcra","./explore?q=shalini%20thakur&geo=US"
"michael chang","1 mil+","7 de septiembre de 2026 a las 19:10:00 UTC-3","7 de septiembre de 2026 a las 22:20:00 UTC-3","michael chang","./explore?q=michael%20chang&geo=US"
"jose altuve","1 mil+","9 de septiembre de 2026 a las 20:30:00 UTC-3","9 de septiembre de 2026 a las 22:10:00 UTC-3","jose altuve","./explore?q=jose%20altuve&geo=US"
"苹果发布会","1 mil+","9 de septiembre de 2026 a las 14:30:00 UTC-3","9 de septiembre de 2026 a las 16:10:00 UTC-3","苹果发布会","./explore?q=%E8%8B%B9%E6%9E%9C%E5%8F%91%E5%B8%83%E4%BC%9A&geo=US"
"luis garcía jr.","1 mil+","9 de septiembre de 2026 a las 20:50:00 UTC-3","9 de septiembre de 2026 a las 22:20:00 UTC-3","luis garcía jr.","./explore?q=luis%20garc%C3%ADa%20jr.&geo=US"
"uganda invictus games","1 mil+","9 de septiembre de 2026 a las 17:00:00 UTC-3","9 de septiembre de 2026 a las 19:20:00 UTC-3","uganda invictus games","./explore?q=uganda%20invictus%20games&geo=US"
"salmonella","1 mil+","9 de septiembre de 2026 a las 7:50:00 UTC-3","9 de septiembre de 2026 a las 9:50:00 UTC-3","salmonella","./explore?q=salmonella&geo=US"
"porto","1 mil+","8 de septiembre de 2026 a las 16:30:00 UTC-3","8 de septiembre de 2026 a las 18:40:00 UTC-3","porto","./explore?q=porto&geo=US"
"paul rudd","1 mil+","10 de septiembre de 2026 a las 19:40:00 UTC-3","10 de septiembre de 2026 a las 22:40:00 UTC-3","paul rudd","./explore?q=paul%20rudd&geo=US"
"south carolina gamecocks football","1 mil+","7 de septiembre de 2026 a las 14:20:00 UTC-3","7 de septiembre de 2026 a las 16:20:00 UTC-3","south carolina gamecocks football","./explore?q=south%20carolina%20gamecocks%20football&geo=US"
"trey kaufman renn","1 mil+","9 de septiembre de 2026 a las 15:50:00 UTC-3","9 de septiembre de 2026 a las 18:00:00 UTC-3","trey kaufman renn","./explore?q=trey%20kaufman%20renn&geo=US"
"bus driver","1 mil+","7 de septiembre de 2026 a las 10:40:00 UTC-3","7 de septiembre de 2026 a las 14:00:00 UTC-3","bus driver","./explore?q=bus%20driver&geo=US"
"kayshon boutte","1 mil+","9 de septiembre de 2026 a las 23:50:00 UTC-3","10 de septiembre de 2026 a las 1:20:00 UTC-3","kayshon boutte","./explore?q=kayshon%20boutte&geo=US"
"jordan love","1 mil+","9 de septiembre de 2026 a las 21:50:00 UTC-3","10 de septiembre de 2026 a las 1:00:00 UTC-3","jordan love","./explore?q=jordan%20love&geo=US"
"sdge power outage","1 mil+","9 de septiembre de 2026 a las 1:00:00 UTC-3","9 de septiembre de 2026 a las 3:10:00 UTC-3","sdge power outage","./explore?q=sdge%20power%20outage&geo=US"
"max muncy","1 mil+","10 de septiembre de 2026 a las 1:10:00 UTC-3","10 de septiembre de 2026 a las 2:50:00 UTC-3","max muncy","./explore?q=max%20muncy&geo=US"
"fraser minten","1 mil+","8 de septiembre de 2026 a las 10:50:00 UTC-3","8 de septiembre de 2026 a las 12:40:00 UTC-3","fraser minten","./explore?q=fraser%20minten&geo=US"
"s.w.a.t. exiles","1 mil+","8 de septiembre de 2026 a las 7:50:00 UTC-3","8 de septiembre de 2026 a las 11:00:00 UTC-3","s.w.a.t. exiles","./explore?q=s.w.a.t.%20exiles&geo=US"
"michael olise","1 mil+","10 de septiembre de 2026 a las 18:30:00 UTC-3","10 de septiembre de 2026 a las 19:20:00 UTC-3","michael olise,fc bayern munich","./explore?q=michael%20olise&geo=US"
"pete alonso","1 mil+","8 de septiembre de 2026 a las 21:40:00 UTC-3","8 de septiembre de 2026 a las 23:00:00 UTC-3","pete alonso","./explore?q=pete%20alonso&geo=US"
"new england vs new york city","1 mil+","9 de septiembre de 2026 a las 21:30:00 UTC-3","10 de septiembre de 2026 a las 0:10:00 UTC-3","new england vs new york city","./explore?q=new%20england%20vs%20new%20york%20city&geo=US"
"jim harbaugh","1 mil+","9 de septiembre de 2026 a las 22:40:00 UTC-3","9 de septiembre de 2026 a las 23:50:00 UTC-3","jim harbaugh","./explore?q=jim%20harbaugh&geo=US"
"daycare","1 mil+","9 de septiembre de 2026 a las 22:30:00 UTC-3","9 de septiembre de 2026 a las 23:20:00 UTC-3","daycare","./explore?q=daycare&geo=US"
"baron corbin wwe multi year contract","1 mil+","7 de septiembre de 2026 a las 21:40:00 UTC-3","8 de septiembre de 2026 a las 10:50:00 UTC-3","baron corbin wwe multi year contract","./explore?q=baron%20corbin%20wwe%20multi%20year%20contract&geo=US"
"2027","1 mil+","7 de septiembre de 2026 a las 12:10:00 UTC-3","7 de septiembre de 2026 a las 14:50:00 UTC-3","2027","./explore?q=2027&geo=US"
"armond paige mail dumping indictment","1 mil+","10 de septiembre de 2026 a las 19:20:00 UTC-3","10 de septiembre de 2026 a las 20:40:00 UTC-3","armond paige mail dumping indictment","./explore?q=armond%20paige%20mail%20dumping%20indictment&geo=US"
"roy cooper","1 mil+","9 de septiembre de 2026 a las 23:30:00 UTC-3","10 de septiembre de 2026 a las 0:40:00 UTC-3","roy cooper","./explore?q=roy%20cooper&geo=US"
"rihanna","1 mil+","10 de septiembre de 2026 a las 23:00:00 UTC-3","11 de septiembre de 2026 a las 5:40:00 UTC-3","rihanna","./explore?q=rihanna&geo=US"
"jake bauers","1 mil+","11 de septiembre de 2026 a las 22:10:00 UTC-3","11 de septiembre de 2026 a las 23:40:00 UTC-3","jake bauers","./explore?q=jake%20bauers&geo=US"
"bobby bowden","1 mil+","7 de septiembre de 2026 a las 21:00:00 UTC-3","8 de septiembre de 2026 a las 2:20:00 UTC-3","bobby bowden","./explore?q=bobby%20bowden&geo=US"
"josh hart","1 mil+","9 de septiembre de 2026 a las 21:50:00 UTC-3","9 de septiembre de 2026 a las 23:00:00 UTC-3","josh hart","./explore?q=josh%20hart&geo=US"
"liam neeson","1 mil+","9 de septiembre de 2026 a las 10:20:00 UTC-3","9 de septiembre de 2026 a las 12:30:00 UTC-3","liam neeson","./explore?q=liam%20neeson&geo=US"
"rafael devers","1 mil+","7 de septiembre de 2026 a las 22:00:00 UTC-3","7 de septiembre de 2026 a las 23:50:00 UTC-3","rafael devers","./explore?q=rafael%20devers&geo=US"
"dallas vs minnesota","1 mil+","9 de septiembre de 2026 a las 23:10:00 UTC-3","10 de septiembre de 2026 a las 0:40:00 UTC-3","dallas vs minnesota","./explore?q=dallas%20vs%20minnesota&geo=US"
"noaa winter weather forecast map","1 mil+","10 de septiembre de 2026 a las 0:00:00 UTC-3","10 de septiembre de 2026 a las 1:30:00 UTC-3","noaa winter weather forecast map","./explore?q=noaa%20winter%20weather%20forecast%20map&geo=US"
"self storage","1 mil+","9 de septiembre de 2026 a las 4:30:00 UTC-3","9 de septiembre de 2026 a las 5:40:00 UTC-3","self storage","./explore?q=self%20storage&geo=US"
"nail","1 mil+","8 de septiembre de 2026 a las 15:20:00 UTC-3","8 de septiembre de 2026 a las 16:50:00 UTC-3","nail","./explore?q=nail&geo=US"
"andy borregales","1 mil+","9 de septiembre de 2026 a las 22:00:00 UTC-3","10 de septiembre de 2026 a las 0:10:00 UTC-3","andy borregales","./explore?q=andy%20borregales&geo=US"
"julián alvarez","1 mil+","9 de septiembre de 2026 a las 18:00:00 UTC-3","9 de septiembre de 2026 a las 19:10:00 UTC-3","julián alvarez","./explore?q=juli%C3%A1n%20alvarez&geo=US"
"welles crowther","1 mil+","8 de septiembre de 2026 a las 12:40:00 UTC-3","8 de septiembre de 2026 a las 14:50:00 UTC-3","welles crowther,pentagon","./explore?q=welles%20crowther&geo=US"
"senegal","1 mil+","7 de septiembre de 2026 a las 8:40:00 UTC-3","7 de septiembre de 2026 a las 12:10:00 UTC-3","senegal","./explore?q=senegal&geo=US"
"babysitting","1 mil+","7 de septiembre de 2026 a las 9:50:00 UTC-3","7 de septiembre de 2026 a las 17:30:00 UTC-3","babysitting","./explore?q=babysitting&geo=US"
"logan webb","1 mil+","7 de septiembre de 2026 a las 21:40:00 UTC-3","7 de septiembre de 2026 a las 23:30:00 UTC-3","logan webb","./explore?q=logan%20webb&geo=US"
"intel stock","1 mil+","9 de septiembre de 2026 a las 23:10:00 UTC-3","10 de septiembre de 2026 a las 0:10:00 UTC-3","intel stock,intel stock price","./explore?q=intel%20stock&geo=US"
"brad pitt","1 mil+","10 de septiembre de 2026 a las 0:00:00 UTC-3","10 de septiembre de 2026 a las 1:10:00 UTC-3","brad pitt","./explore?q=brad%20pitt&geo=US"
"navy drone boat refueling test","1 mil+","7 de septiembre de 2026 a las 8:20:00 UTC-3","7 de septiembre de 2026 a las 11:40:00 UTC-3","navy drone boat refueling test","./explore?q=navy%20drone%20boat%20refueling%20test&geo=US"
"byron donalds","1 mil+","9 de septiembre de 2026 a las 21:10:00 UTC-3","9 de septiembre de 2026 a las 22:20:00 UTC-3","byron donalds","./explore?q=byron%20donalds&geo=US"
"betty gilpin widows bay","1 mil+","7 de septiembre de 2026 a las 9:20:00 UTC-3","7 de septiembre de 2026 a las 12:40:00 UTC-3","betty gilpin widows bay,2026 emmys","./explore?q=betty%20gilpin%20widows%20bay&geo=US"
"peacock tv","1 mil+","9 de septiembre de 2026 a las 21:10:00 UTC-3","9 de septiembre de 2026 a las 22:30:00 UTC-3","peacock tv","./explore?q=peacock%20tv&geo=US"
"郑钦文","1 mil+","9 de septiembre de 2026 a las 14:10:00 UTC-3","9 de septiembre de 2026 a las 16:00:00 UTC-3","郑钦文,美网直播","./explore?q=%E9%83%91%E9%92%A6%E6%96%87&geo=US"
"the view","1 mil+","8 de septiembre de 2026 a las 12:10:00 UTC-3","8 de septiembre de 2026 a las 14:00:00 UTC-3","the view","./explore?q=the%20view&geo=US"
"jack o'connell","1 mil+","7 de septiembre de 2026 a las 22:30:00 UTC-3","8 de septiembre de 2026 a las 0:40:00 UTC-3","jack o'connell","./explore?q=jack%20o%27connell&geo=US"
"wsop super circuit main event","1 mil+","8 de septiembre de 2026 a las 21:20:00 UTC-3","9 de septiembre de 2026 a las 0:20:00 UTC-3","wsop super circuit main event","./explore?q=wsop%20super%20circuit%20main%20event&geo=US"
"hayden wesneski","1 mil+","8 de septiembre de 2026 a las 20:30:00 UTC-3","8 de septiembre de 2026 a las 22:00:00 UTC-3","hayden wesneski","./explore?q=hayden%20wesneski&geo=US"
"shohei ohtani","1 mil+","10 de septiembre de 2026 a las 3:00:00 UTC-3","10 de septiembre de 2026 a las 4:10:00 UTC-3","shohei ohtani,ohtani,dodger standings","./explore?q=shohei%20ohtani&geo=US"
"james talarico ken paxton poll","1 mil+","9 de septiembre de 2026 a las 19:00:00 UTC-3","9 de septiembre de 2026 a las 20:20:00 UTC-3","james talarico ken paxton poll","./explore?q=james%20talarico%20ken%20paxton%20poll&geo=US"
"curtis jones","1 mil+","8 de septiembre de 2026 a las 16:10:00 UTC-3","8 de septiembre de 2026 a las 17:40:00 UTC-3","curtis jones","./explore?q=curtis%20jones&geo=US"
"jacob degrom","1 mil+","10 de septiembre de 2026 a las 19:10:00 UTC-3","10 de septiembre de 2026 a las 20:00:00 UTC-3","jacob degrom,rangers - mariners","./explore?q=jacob%20degrom&geo=US"
"cpi release","1 mil+","11 de septiembre de 2026 a las 9:40:00 UTC-3","11 de septiembre de 2026 a las 10:30:00 UTC-3","cpi release,bitcoin","./explore?q=cpi%20release&geo=US"
"cagliari vs lecce","1 mil+","7 de septiembre de 2026 a las 13:40:00 UTC-3","7 de septiembre de 2026 a las 16:00:00 UTC-3","cagliari vs lecce","./explore?q=cagliari%20vs%20lecce&geo=US"
"is stock market open on labor day","1 mil+","7 de septiembre de 2026 a las 9:10:00 UTC-3","7 de septiembre de 2026 a las 11:40:00 UTC-3","is stock market open on labor day,is the stock market open today","./explore?q=is%20stock%20market%20open%20on%20labor%20day&geo=US"
"adenocarcinoma","1 mil+","7 de septiembre de 2026 a las 20:30:00 UTC-3","7 de septiembre de 2026 a las 23:40:00 UTC-3","adenocarcinoma","./explore?q=adenocarcinoma&geo=US"
"bronson reed","1 mil+","7 de septiembre de 2026 a las 21:00:00 UTC-3","7 de septiembre de 2026 a las 22:20:00 UTC-3","bronson reed","./explore?q=bronson%20reed&geo=US"
"hyrox","1 mil+","9 de septiembre de 2026 a las 9:20:00 UTC-3","9 de septiembre de 2026 a las 13:20:00 UTC-3","hyrox","./explore?q=hyrox&geo=US"
"tallahassee weather","1 mil+","7 de septiembre de 2026 a las 20:50:00 UTC-3","7 de septiembre de 2026 a las 22:30:00 UTC-3","tallahassee weather","./explore?q=tallahassee%20weather&geo=US"
"sf giants","1 mil+","9 de septiembre de 2026 a las 1:10:00 UTC-3","9 de septiembre de 2026 a las 2:10:00 UTC-3","sf giants","./explore?q=sf%20giants&geo=US"
"howard stern","1 mil+","8 de septiembre de 2026 a las 23:20:00 UTC-3","9 de septiembre de 2026 a las 0:30:00 UTC-3","howard stern","./explore?q=howard%20stern&geo=US"
"sean burke","1 mil+","8 de septiembre de 2026 a las 21:10:00 UTC-3","8 de septiembre de 2026 a las 22:30:00 UTC-3","sean burke","./explore?q=sean%20burke&geo=US"
"kalshi","1 mil+","11 de septiembre de 2026 a las 0:10:00 UTC-3","11 de septiembre de 2026 a las 0:40:00 UTC-3","kalshi","./explore?q=kalshi&geo=US"
"rj decker","1 mil+","8 de septiembre de 2026 a las 22:50:00 UTC-3","9 de septiembre de 2026 a las 0:20:00 UTC-3","rj decker","./explore?q=rj%20decker&geo=US"
"alex hirsch","1 mil+","8 de septiembre de 2026 a las 20:20:00 UTC-3","8 de septiembre de 2026 a las 21:50:00 UTC-3","alex hirsch","./explore?q=alex%20hirsch&geo=US"
"apple music","1 mil+","10 de septiembre de 2026 a las 17:20:00 UTC-3","10 de septiembre de 2026 a las 18:00:00 UTC-3","apple music","./explore?q=apple%20music&geo=US"
"lazaro montes","1 mil+","9 de septiembre de 2026 a las 0:40:00 UTC-3","9 de septiembre de 2026 a las 1:30:00 UTC-3","lazaro montes,lázaro montes","./explore?q=lazaro%20montes&geo=US"
"gotham fc","1 mil+","11 de septiembre de 2026 a las 20:10:00 UTC-3","11 de septiembre de 2026 a las 20:50:00 UTC-3","gotham fc,gotham fc vs racing louisville standings","./explore?q=gotham%20fc&geo=US"
"klint kubiak","1 mil+","9 de septiembre de 2026 a las 21:20:00 UTC-3","10 de septiembre de 2026 a las 0:30:00 UTC-3","klint kubiak","./explore?q=klint%20kubiak&geo=US"
"fiba 2026 final phase schedule","1 mil+","7 de septiembre de 2026 a las 20:40:00 UTC-3","8 de septiembre de 2026 a las 8:40:00 UTC-3","fiba 2026 final phase schedule","./explore?q=fiba%202026%20final%20phase%20schedule&geo=US"
"malik nabers","1 mil+","7 de septiembre de 2026 a las 20:40:00 UTC-3","7 de septiembre de 2026 a las 22:20:00 UTC-3","malik nabers","./explore?q=malik%20nabers&geo=US"
"udinese vs lazio","1 mil+","7 de septiembre de 2026 a las 16:10:00 UTC-3","7 de septiembre de 2026 a las 18:30:00 UTC-3","udinese vs lazio","./explore?q=udinese%20vs%20lazio&geo=US"
"billy joel collaborator jon small","1 mil+","8 de septiembre de 2026 a las 3:20:00 UTC-3","8 de septiembre de 2026 a las 6:50:00 UTC-3","billy joel collaborator jon small,jon small","./explore?q=billy%20joel%20collaborator%20jon%20small&geo=US"
"daniel hughes fsu","1 mil+","7 de septiembre de 2026 a las 22:10:00 UTC-3","8 de septiembre de 2026 a las 0:40:00 UTC-3","daniel hughes fsu","./explore?q=daniel%20hughes%20fsu&geo=US"
"link and epona lego","1 mil+","8 de septiembre de 2026 a las 12:40:00 UTC-3","8 de septiembre de 2026 a las 14:20:00 UTC-3","link and epona lego","./explore?q=link%20and%20epona%20lego&geo=US"
"yokai watch","1 mil+","9 de septiembre de 2026 a las 11:20:00 UTC-3","9 de septiembre de 2026 a las 12:20:00 UTC-3","yokai watch,yokai watch 2","./explore?q=yokai%20watch&geo=US"
"carlos augusto","1 mil+","8 de septiembre de 2026 a las 17:40:00 UTC-3","8 de septiembre de 2026 a las 18:50:00 UTC-3","carlos augusto","./explore?q=carlos%20augusto&geo=US"
"victoria groce","1 mil+","7 de septiembre de 2026 a las 22:20:00 UTC-3","7 de septiembre de 2026 a las 23:50:00 UTC-3","victoria groce,jeopardy masters 2026","./explore?q=victoria%20groce&geo=US"
"danielle deadwyler","1 mil+","8 de septiembre de 2026 a las 21:30:00 UTC-3","8 de septiembre de 2026 a las 22:40:00 UTC-3","danielle deadwyler","./explore?q=danielle%20deadwyler&geo=US"
"andrew painter","1 mil+","8 de septiembre de 2026 a las 20:20:00 UTC-3","8 de septiembre de 2026 a las 21:40:00 UTC-3","andrew painter","./explore?q=andrew%20painter&geo=US"
"elche cf vs real sociedad standings","1 mil+","7 de septiembre de 2026 a las 18:40:00 UTC-3","7 de septiembre de 2026 a las 19:50:00 UTC-3","elche cf vs real sociedad standings","./explore?q=elche%20cf%20vs%20real%20sociedad%20standings&geo=US"
"wrexham","1 mil+","8 de septiembre de 2026 a las 17:30:00 UTC-3","8 de septiembre de 2026 a las 18:40:00 UTC-3","wrexham","./explore?q=wrexham&geo=US"
"weather chicago","1 mil+","9 de septiembre de 2026 a las 8:40:00 UTC-3","9 de septiembre de 2026 a las 9:50:00 UTC-3","weather chicago,chicago weather","./explore?q=weather%20chicago&geo=US"
"fox","1 mil+","10 de septiembre de 2026 a las 20:30:00 UTC-3","11 de septiembre de 2026 a las 8:00:00 UTC-3","fox","./explore?q=fox&geo=US"
"mac jones","1 mil+","10 de septiembre de 2026 a las 22:50:00 UTC-3","10 de septiembre de 2026 a las 23:20:00 UTC-3","mac jones","./explore?q=mac%20jones&geo=US"
"intc stock","1 mil+","8 de septiembre de 2026 a las 10:40:00 UTC-3","8 de septiembre de 2026 a las 13:40:00 UTC-3","intc stock","./explore?q=intc%20stock&geo=US"
"broncos depth chart","1 mil+","8 de septiembre de 2026 a las 21:50:00 UTC-3","8 de septiembre de 2026 a las 23:00:00 UTC-3","broncos depth chart","./explore?q=broncos%20depth%20chart&geo=US"
"garth brooks tour","1 mil+","9 de septiembre de 2026 a las 15:10:00 UTC-3","9 de septiembre de 2026 a las 16:10:00 UTC-3","garth brooks tour,brooks","./explore?q=garth%20brooks%20tour&geo=US"
"derrick henry","1 mil+","7 de septiembre de 2026 a las 22:10:00 UTC-3","8 de septiembre de 2026 a las 0:10:00 UTC-3","derrick henry","./explore?q=derrick%20henry&geo=US"
"kanye west phoenix","1 mil+","9 de septiembre de 2026 a las 14:50:00 UTC-3","9 de septiembre de 2026 a las 16:10:00 UTC-3","kanye west phoenix,state farm stadium","./explore?q=kanye%20west%20phoenix&geo=US"
"sandra bullock kids","1 mil+","7 de septiembre de 2026 a las 9:30:00 UTC-3","7 de septiembre de 2026 a las 12:50:00 UTC-3","sandra bullock kids","./explore?q=sandra%20bullock%20kids&geo=US"
"jarren duran","1 mil+","7 de septiembre de 2026 a las 15:30:00 UTC-3","7 de septiembre de 2026 a las 18:00:00 UTC-3","jarren duran,jarren duran haircut","./explore?q=jarren%20duran&geo=US"
"fsu qb","1 mil+","7 de septiembre de 2026 a las 22:20:00 UTC-3","7 de septiembre de 2026 a las 23:40:00 UTC-3","fsu qb","./explore?q=fsu%20qb&geo=US"
"best kicker for fantasy football 2026","1 mil+","8 de septiembre de 2026 a las 22:10:00 UTC-3","8 de septiembre de 2026 a las 23:10:00 UTC-3","best kicker for fantasy football 2026","./explore?q=best%20kicker%20for%20fantasy%20football%202026&geo=US"
"israel","1 mil+","7 de septiembre de 2026 a las 21:50:00 UTC-3","7 de septiembre de 2026 a las 23:10:00 UTC-3","israel","./explore?q=israel&geo=US"
"davante adams","1 mil+","7 de septiembre de 2026 a las 21:20:00 UTC-3","7 de septiembre de 2026 a las 22:10:00 UTC-3","davante adams","./explore?q=davante%20adams&geo=US"
"s and p 500","1 mil+","8 de septiembre de 2026 a las 11:00:00 UTC-3","8 de septiembre de 2026 a las 11:50:00 UTC-3","s and p 500","./explore?q=s%20and%20p%20500&geo=US"
"temperature","1 mil+","8 de septiembre de 2026 a las 7:50:00 UTC-3","8 de septiembre de 2026 a las 9:20:00 UTC-3","temperature","./explore?q=temperature&geo=US"
"49ers depth chart","1 mil+","7 de septiembre de 2026 a las 22:00:00 UTC-3","7 de septiembre de 2026 a las 23:10:00 UTC-3","49ers depth chart","./explore?q=49ers%20depth%20chart&geo=US"
"911","1 mil+","9 de septiembre de 2026 a las 13:20:00 UTC-3","9 de septiembre de 2026 a las 15:20:00 UTC-3","911,pictures,images","./explore?q=911&geo=US"
"focus","1 mil+","8 de septiembre de 2026 a las 8:40:00 UTC-3","8 de septiembre de 2026 a las 9:30:00 UTC-3","focus","./explore?q=focus&geo=US"
"genie bouchard","1 mil+","7 de septiembre de 2026 a las 15:10:00 UTC-3","7 de septiembre de 2026 a las 16:00:00 UTC-3","genie bouchard","./explore?q=genie%20bouchard&geo=US"
"ryan seacrest","1 mil+","7 de septiembre de 2026 a las 20:40:00 UTC-3","7 de septiembre de 2026 a las 21:30:00 UTC-3","ryan seacrest","./explore?q=ryan%20seacrest&geo=US"
"abdul el-sayed","1 mil+","9 de septiembre de 2026 a las 21:40:00 UTC-3","9 de septiembre de 2026 a las 22:00:00 UTC-3","abdul el-sayed","./explore?q=abdul%20el-sayed&geo=US"
"end of life care","1 mil+","11 de septiembre de 2026 a las 14:50:00 UTC-3","11 de septiembre de 2026 a las 15:10:00 UTC-3","end of life care,end-of-life care","./explore?q=end%20of%20life%20care&geo=US"
"mike trout","1 mil+","7 de septiembre de 2026 a las 16:40:00 UTC-3","7 de septiembre de 2026 a las 17:50:00 UTC-3","mike trout","./explore?q=mike%20trout&geo=US"
"royals","1 mil+","9 de septiembre de 2026 a las 0:10:00 UTC-3","9 de septiembre de 2026 a las 0:40:00 UTC-3","royals","./explore?q=royals&geo=US"
"intel stock","1 mil+","8 de septiembre de 2026 a las 11:10:00 UTC-3","8 de septiembre de 2026 a las 11:40:00 UTC-3","intel stock","./explore?q=intel%20stock&geo=US"
"oil prices","1 mil+","8 de septiembre de 2026 a las 8:50:00 UTC-3","8 de septiembre de 2026 a las 9:20:00 UTC-3","oil prices","./explore?q=oil%20prices&geo=US"
"andy roddick","1 mil+","7 de septiembre de 2026 a las 20:20:00 UTC-3","7 de septiembre de 2026 a las 20:40:00 UTC-3","andy roddick","./explore?q=andy%20roddick&geo=US"
"jude bellingham","1 mil+","8 de septiembre de 2026 a las 18:30:00 UTC-3","8 de septiembre de 2026 a las 18:50:00 UTC-3","jude bellingham","./explore?q=jude%20bellingham&geo=US"
"clarity act","500+","14 de septiembre de 2026 a las 7:20:00 UTC-3",,"clarity act,cryptocurrency","./explore?q=clarity%20act&geo=US"
"noel devine","500+","13 de septiembre de 2026 a las 22:00:00 UTC-3",,"noel devine","./explore?q=noel%20devine&geo=US"
"lottery results today","500+","14 de septiembre de 2026 a las 3:10:00 UTC-3","14 de septiembre de 2026 a las 5:20:00 UTC-3","lottery results today","./explore?q=lottery%20results%20today&geo=US"
"latest iphone rumors","500+","14 de septiembre de 2026 a las 3:30:00 UTC-3","14 de septiembre de 2026 a las 6:10:00 UTC-3","latest iphone rumors","./explore?q=latest%20iphone%20rumors&geo=US"
"netflix top movies right now","500+","14 de septiembre de 2026 a las 3:40:00 UTC-3","14 de septiembre de 2026 a las 5:00:00 UTC-3","netflix top movies right now","./explore?q=netflix%20top%20movies%20right%20now&geo=US"
"lanterns episode 6","500+","13 de septiembre de 2026 a las 23:40:00 UTC-3","14 de septiembre de 2026 a las 3:00:00 UTC-3","lanterns episode 6","./explore?q=lanterns%20episode%206&geo=US"
"line of fire","500+","13 de septiembre de 2026 a las 22:50:00 UTC-3","14 de septiembre de 2026 a las 0:00:00 UTC-3","line of fire","./explore?q=line%20of%20fire&geo=US"
"rashee rice","500+","14 de septiembre de 2026 a las 0:40:00 UTC-3","14 de septiembre de 2026 a las 1:50:00 UTC-3","rashee rice","./explore?q=rashee%20rice&geo=US"
"tabla liga mx","500+","14 de septiembre de 2026 a las 0:10:00 UTC-3","14 de septiembre de 2026 a las 1:10:00 UTC-3","tabla liga mx","./explore?q=tabla%20liga%20mx&geo=US"
"traitors","500+","13 de septiembre de 2026 a las 22:00:00 UTC-3","13 de septiembre de 2026 a las 23:10:00 UTC-3","traitors","./explore?q=traitors&geo=US"
"ryan flournoy","500+","13 de septiembre de 2026 a las 21:20:00 UTC-3","13 de septiembre de 2026 a las 22:30:00 UTC-3","ryan flournoy","./explore?q=ryan%20flournoy&geo=US"
"traitors new season","500+","13 de septiembre de 2026 a las 22:00:00 UTC-3","13 de septiembre de 2026 a las 23:10:00 UTC-3","traitors new season","./explore?q=traitors%20new%20season&geo=US"
"shakira","500+","13 de septiembre de 2026 a las 23:10:00 UTC-3","14 de septiembre de 2026 a las 0:10:00 UTC-3","shakira","./explore?q=shakira&geo=US"
"la catalina","500+","13 de septiembre de 2026 a las 22:50:00 UTC-3","13 de septiembre de 2026 a las 23:50:00 UTC-3","la catalina","./explore?q=la%20catalina&geo=US"
"andy reid","500+","13 de septiembre de 2026 a las 22:20:00 UTC-3","13 de septiembre de 2026 a las 23:30:00 UTC-3","andy reid","./explore?q=andy%20reid&geo=US"
"treydan stukes","500+","13 de septiembre de 2026 a las 19:30:00 UTC-3","13 de septiembre de 2026 a las 20:40:00 UTC-3","treydan stukes","./explore?q=treydan%20stukes&geo=US"
"greg newsome ii","500+","13 de septiembre de 2026 a las 22:10:00 UTC-3","14 de septiembre de 2026 a las 1:10:00 UTC-3","greg newsome ii","./explore?q=greg%20newsome%20ii&geo=US"
"dallas turner","500+","13 de septiembre de 2026 a las 20:30:00 UTC-3","13 de septiembre de 2026 a las 21:30:00 UTC-3","dallas turner","./explore?q=dallas%20turner&geo=US"
"michael taaffe","500+","13 de septiembre de 2026 a las 19:10:00 UTC-3","13 de septiembre de 2026 a las 20:20:00 UTC-3","michael taaffe","./explore?q=michael%20taaffe&geo=US"
"khalil mack","500+","13 de septiembre de 2026 a las 19:00:00 UTC-3","13 de septiembre de 2026 a las 20:10:00 UTC-3","khalil mack","./explore?q=khalil%20mack&geo=US"
"ben shelton net worth","500+","13 de septiembre de 2026 a las 19:00:00 UTC-3","13 de septiembre de 2026 a las 20:10:00 UTC-3","ben shelton net worth","./explore?q=ben%20shelton%20net%20worth&geo=US"
"saints kicker","500+","13 de septiembre de 2026 a las 17:10:00 UTC-3","13 de septiembre de 2026 a las 18:20:00 UTC-3","saints kicker","./explore?q=saints%20kicker&geo=US"
"dayana yastremska","500+","13 de septiembre de 2026 a las 7:20:00 UTC-3","13 de septiembre de 2026 a las 10:40:00 UTC-3","dayana yastremska","./explore?q=dayana%20yastremska&geo=US"
"cait conley","500+","13 de septiembre de 2026 a las 21:10:00 UTC-3","13 de septiembre de 2026 a las 22:10:00 UTC-3","cait conley","./explore?q=cait%20conley&geo=US"
"jeff goldblum","500+","13 de septiembre de 2026 a las 18:30:00 UTC-3","13 de septiembre de 2026 a las 19:40:00 UTC-3","jeff goldblum","./explore?q=jeff%20goldblum&geo=US"
"at&t stadium","500+","13 de septiembre de 2026 a las 22:20:00 UTC-3","13 de septiembre de 2026 a las 23:10:00 UTC-3","at&t stadium","./explore?q=at%26t%20stadium&geo=US"
"bryce lance","500+","13 de septiembre de 2026 a las 17:30:00 UTC-3","13 de septiembre de 2026 a las 18:40:00 UTC-3","bryce lance","./explore?q=bryce%20lance&geo=US"
"hamilton halftime show","500+","13 de septiembre de 2026 a las 23:10:00 UTC-3","14 de septiembre de 2026 a las 0:00:00 UTC-3","hamilton halftime show","./explore?q=hamilton%20halftime%20show&geo=US"
"sophie cunningham west wilson","500+","13 de septiembre de 2026 a las 7:10:00 UTC-3","13 de septiembre de 2026 a las 10:30:00 UTC-3","sophie cunningham west wilson","./explore?q=sophie%20cunningham%20west%20wilson&geo=US"
"solar storm power outage study","500+","13 de septiembre de 2026 a las 7:10:00 UTC-3","13 de septiembre de 2026 a las 10:30:00 UTC-3","solar storm power outage study","./explore?q=solar%20storm%20power%20outage%20study&geo=US"
"dallas cowboys players","500+","13 de septiembre de 2026 a las 21:50:00 UTC-3","13 de septiembre de 2026 a las 22:40:00 UTC-3","dallas cowboys players","./explore?q=dallas%20cowboys%20players&geo=US"
"haitians","500+","13 de septiembre de 2026 a las 7:10:00 UTC-3","13 de septiembre de 2026 a las 10:00:00 UTC-3","haitians","./explore?q=haitians&geo=US"
"farmers almanac winter snowfall forecast","500+","13 de septiembre de 2026 a las 7:50:00 UTC-3","13 de septiembre de 2026 a las 10:40:00 UTC-3","farmers almanac winter snowfall forecast","./explore?q=farmers%20almanac%20winter%20snowfall%20forecast&geo=US"
"cole bishop","500+","13 de septiembre de 2026 a las 15:10:00 UTC-3","13 de septiembre de 2026 a las 16:20:00 UTC-3","cole bishop","./explore?q=cole%20bishop&geo=US"
"chivas vs america","500+","14 de septiembre de 2026 a las 0:20:00 UTC-3","14 de septiembre de 2026 a las 1:00:00 UTC-3","chivas vs america","./explore?q=chivas%20vs%20america&geo=US"
"jonathan david","500+","13 de septiembre de 2026 a las 18:00:00 UTC-3","13 de septiembre de 2026 a las 19:00:00 UTC-3","jonathan david","./explore?q=jonathan%20david&geo=US"
"kamala harris","500+","13 de septiembre de 2026 a las 0:30:00 UTC-3","13 de septiembre de 2026 a las 10:30:00 UTC-3","kamala harris","./explore?q=kamala%20harris&geo=US"
"frank gore","500+","13 de septiembre de 2026 a las 15:30:00 UTC-3","13 de septiembre de 2026 a las 16:40:00 UTC-3","frank gore","./explore?q=frank%20gore&geo=US"
"adam driver","500+","13 de septiembre de 2026 a las 15:10:00 UTC-3","13 de septiembre de 2026 a las 16:20:00 UTC-3","adam driver","./explore?q=adam%20driver&geo=US"
"carrie underwood sunday night football","500+","13 de septiembre de 2026 a las 21:30:00 UTC-3","13 de septiembre de 2026 a las 22:20:00 UTC-3","carrie underwood sunday night football","./explore?q=carrie%20underwood%20sunday%20night%20football&geo=US"
"jihaad campbell","500+","13 de septiembre de 2026 a las 20:20:00 UTC-3","13 de septiembre de 2026 a las 21:10:00 UTC-3","jihaad campbell","./explore?q=jihaad%20campbell&geo=US"
"paige bueckers","500+","13 de septiembre de 2026 a las 16:50:00 UTC-3","13 de septiembre de 2026 a las 17:50:00 UTC-3","paige bueckers","./explore?q=paige%20bueckers&geo=US"
"celtics","500+","13 de septiembre de 2026 a las 8:00:00 UTC-3","13 de septiembre de 2026 a las 10:30:00 UTC-3","celtics","./explore?q=celtics&geo=US"
"jaelan phillips","500+","13 de septiembre de 2026 a las 15:30:00 UTC-3","13 de septiembre de 2026 a las 16:40:00 UTC-3","jaelan phillips","./explore?q=jaelan%20phillips&geo=US"
"noel gallagher","500+","13 de septiembre de 2026 a las 13:40:00 UTC-3","13 de septiembre de 2026 a las 14:50:00 UTC-3","noel gallagher","./explore?q=noel%20gallagher&geo=US"
"blake cashman","500+","13 de septiembre de 2026 a las 20:30:00 UTC-3","13 de septiembre de 2026 a las 21:20:00 UTC-3","blake cashman","./explore?q=blake%20cashman&geo=US"
"evan mcpherson","500+","13 de septiembre de 2026 a las 16:30:00 UTC-3","13 de septiembre de 2026 a las 17:30:00 UTC-3","evan mcpherson","./explore?q=evan%20mcpherson&geo=US"
"kenny clark","500+","13 de septiembre de 2026 a las 22:00:00 UTC-3","13 de septiembre de 2026 a las 22:40:00 UTC-3","kenny clark","./explore?q=kenny%20clark&geo=US"
"roquan smith","500+","13 de septiembre de 2026 a las 14:40:00 UTC-3","13 de septiembre de 2026 a las 15:40:00 UTC-3","roquan smith","./explore?q=roquan%20smith&geo=US"
"leslie jones","500+","13 de septiembre de 2026 a las 2:50:00 UTC-3","13 de septiembre de 2026 a las 5:20:00 UTC-3","leslie jones","./explore?q=leslie%20jones&geo=US"
"calvin ridley","500+","13 de septiembre de 2026 a las 16:20:00 UTC-3","13 de septiembre de 2026 a las 17:20:00 UTC-3","calvin ridley","./explore?q=calvin%20ridley&geo=US"
"tv","500+","13 de septiembre de 2026 a las 14:00:00 UTC-3","13 de septiembre de 2026 a las 15:10:00 UTC-3","tv","./explore?q=tv&geo=US"
"cte","500+","13 de septiembre de 2026 a las 22:10:00 UTC-3","13 de septiembre de 2026 a las 22:40:00 UTC-3","cte","./explore?q=cte&geo=US"
"trent brown","500+","13 de septiembre de 2026 a las 17:10:00 UTC-3","13 de septiembre de 2026 a las 18:10:00 UTC-3","trent brown","./explore?q=trent%20brown&geo=US"
"za'darius smith","500+","13 de septiembre de 2026 a las 17:10:00 UTC-3","13 de septiembre de 2026 a las 18:00:00 UTC-3","za'darius smith","./explore?q=za%27darius%20smith&geo=US"
"shelly headen","500+","13 de septiembre de 2026 a las 7:30:00 UTC-3","13 de septiembre de 2026 a las 10:50:00 UTC-3","shelly headen","./explore?q=shelly%20headen&geo=US"
"bulls","500+","13 de septiembre de 2026 a las 17:10:00 UTC-3","13 de septiembre de 2026 a las 18:10:00 UTC-3","bulls","./explore?q=bulls&geo=US"
"kwity paye","500+","13 de septiembre de 2026 a las 20:40:00 UTC-3","13 de septiembre de 2026 a las 21:30:00 UTC-3","kwity paye","./explore?q=kwity%20paye&geo=US"
"hawaii","500+","13 de septiembre de 2026 a las 3:00:00 UTC-3","13 de septiembre de 2026 a las 5:30:00 UTC-3","hawaii","./explore?q=hawaii&geo=US"
"zay flowers stats","500+","13 de septiembre de 2026 a las 15:20:00 UTC-3","13 de septiembre de 2026 a las 16:20:00 UTC-3","zay flowers stats","./explore?q=zay%20flowers%20stats&geo=US"
"tyler loop","500+","13 de septiembre de 2026 a las 15:40:00 UTC-3","13 de septiembre de 2026 a las 16:50:00 UTC-3","tyler loop","./explore?q=tyler%20loop&geo=US"
"swimming","500+","13 de septiembre de 2026 a las 6:10:00 UTC-3","13 de septiembre de 2026 a las 8:50:00 UTC-3","swimming","./explore?q=swimming&geo=US"
"indw vs sl-w","500+","13 de septiembre de 2026 a las 10:50:00 UTC-3","13 de septiembre de 2026 a las 12:10:00 UTC-3","indw vs sl-w","./explore?q=indw%20vs%20sl-w&geo=US"
"celta vigo","500+","13 de septiembre de 2026 a las 9:30:00 UTC-3","13 de septiembre de 2026 a las 11:40:00 UTC-3","celta vigo","./explore?q=celta%20vigo&geo=US"
"jimmy horn jr","500+","13 de septiembre de 2026 a las 15:20:00 UTC-3","13 de septiembre de 2026 a las 16:20:00 UTC-3","jimmy horn jr","./explore?q=jimmy%20horn%20jr&geo=US"
"connor heyward","500+","13 de septiembre de 2026 a las 18:10:00 UTC-3","13 de septiembre de 2026 a las 18:50:00 UTC-3","connor heyward","./explore?q=connor%20heyward&geo=US"
"deshaun watson stats","500+","13 de septiembre de 2026 a las 15:40:00 UTC-3","13 de septiembre de 2026 a las 16:50:00 UTC-3","deshaun watson stats","./explore?q=deshaun%20watson%20stats&geo=US"
"afc south","500+","13 de septiembre de 2026 a las 17:30:00 UTC-3","13 de septiembre de 2026 a las 18:20:00 UTC-3","afc south","./explore?q=afc%20south&geo=US"
"traitors new blood","500+","13 de septiembre de 2026 a las 22:30:00 UTC-3","13 de septiembre de 2026 a las 23:00:00 UTC-3","traitors new blood","./explore?q=traitors%20new%20blood&geo=US"
"woody marks","500+","13 de septiembre de 2026 a las 14:50:00 UTC-3","13 de septiembre de 2026 a las 15:50:00 UTC-3","woody marks","./explore?q=woody%20marks&geo=US"
"cbs fantasy football","500+","13 de septiembre de 2026 a las 13:50:00 UTC-3","13 de septiembre de 2026 a las 14:50:00 UTC-3","cbs fantasy football","./explore?q=cbs%20fantasy%20football&geo=US"
"jason sanders","500+","13 de septiembre de 2026 a las 15:10:00 UTC-3","13 de septiembre de 2026 a las 16:10:00 UTC-3","jason sanders","./explore?q=jason%20sanders&geo=US"
"tiny orange kitten parmesan","500+","13 de septiembre de 2026 a las 19:10:00 UTC-3","13 de septiembre de 2026 a las 19:50:00 UTC-3","tiny orange kitten parmesan","./explore?q=tiny%20orange%20kitten%20parmesan&geo=US"
"panthers game today","500+","13 de septiembre de 2026 a las 14:10:00 UTC-3","13 de septiembre de 2026 a las 15:10:00 UTC-3","panthers game today","./explore?q=panthers%20game%20today&geo=US"
"liv morgan","500+","13 de septiembre de 2026 a las 0:20:00 UTC-3","13 de septiembre de 2026 a las 9:30:00 UTC-3","liv morgan","./explore?q=liv%20morgan&geo=US"
"brenton strange","500+","13 de septiembre de 2026 a las 15:20:00 UTC-3","13 de septiembre de 2026 a las 16:10:00 UTC-3","brenton strange","./explore?q=brenton%20strange&geo=US"
"cycling","500+","13 de septiembre de 2026 a las 5:10:00 UTC-3","13 de septiembre de 2026 a las 8:20:00 UTC-3","cycling","./explore?q=cycling&geo=US"
"david sandlin","500+","13 de septiembre de 2026 a las 16:20:00 UTC-3","13 de septiembre de 2026 a las 17:10:00 UTC-3","david sandlin","./explore?q=david%20sandlin&geo=US"
"losc vs troyes","500+","13 de septiembre de 2026 a las 9:50:00 UTC-3","13 de septiembre de 2026 a las 11:10:00 UTC-3","losc vs troyes","./explore?q=losc%20vs%20troyes&geo=US"
"ga lottery","500+","13 de septiembre de 2026 a las 6:20:00 UTC-3","13 de septiembre de 2026 a las 9:20:00 UTC-3","ga lottery","./explore?q=ga%20lottery&geo=US"
"iliman ndiaye","500+","13 de septiembre de 2026 a las 14:00:00 UTC-3","13 de septiembre de 2026 a las 14:50:00 UTC-3","iliman ndiaye","./explore?q=iliman%20ndiaye&geo=US"
"flash flood watch","500+","13 de septiembre de 2026 a las 0:30:00 UTC-3","13 de septiembre de 2026 a las 2:40:00 UTC-3","flash flood watch","./explore?q=flash%20flood%20watch&geo=US"
"clima de hoy","500+","13 de septiembre de 2026 a las 8:00:00 UTC-3","13 de septiembre de 2026 a las 9:40:00 UTC-3","clima de hoy","./explore?q=clima%20de%20hoy&geo=US"
"giants quarterback 2026","500+","13 de septiembre de 2026 a las 21:50:00 UTC-3","13 de septiembre de 2026 a las 22:20:00 UTC-3","giants quarterback 2026","./explore?q=giants%20quarterback%202026&geo=US"
"jude bellingham","500+","13 de septiembre de 2026 a las 9:40:00 UTC-3","13 de septiembre de 2026 a las 10:50:00 UTC-3","jude bellingham","./explore?q=jude%20bellingham&geo=US"
"sofi stadium","500+","13 de septiembre de 2026 a las 22:30:00 UTC-3","13 de septiembre de 2026 a las 22:50:00 UTC-3","sofi stadium","./explore?q=sofi%20stadium&geo=US"
"kaden elliss","500+","13 de septiembre de 2026 a las 16:10:00 UTC-3","13 de septiembre de 2026 a las 17:10:00 UTC-3","kaden elliss","./explore?q=kaden%20elliss&geo=US"
"kool aid mckinstry","500+","13 de septiembre de 2026 a las 16:30:00 UTC-3","13 de septiembre de 2026 a las 17:20:00 UTC-3","kool aid mckinstry","./explore?q=kool%20aid%20mckinstry&geo=US"
"landman season 3","500+","13 de septiembre de 2026 a las 20:10:00 UTC-3","13 de septiembre de 2026 a las 20:40:00 UTC-3","landman season 3","./explore?q=landman%20season%203&geo=US"
"rocket launch today","500+","13 de septiembre de 2026 a las 15:50:00 UTC-3","13 de septiembre de 2026 a las 16:30:00 UTC-3","rocket launch today","./explore?q=rocket%20launch%20today&geo=US"
"steam frame","500+","13 de septiembre de 2026 a las 4:20:00 UTC-3","13 de septiembre de 2026 a las 7:10:00 UTC-3","steam frame","./explore?q=steam%20frame&geo=US"
"polymarket","500+","13 de septiembre de 2026 a las 12:50:00 UTC-3","13 de septiembre de 2026 a las 13:40:00 UTC-3","polymarket","./explore?q=polymarket&geo=US"
"miguel borja","500+","13 de septiembre de 2026 a las 2:00:00 UTC-3","13 de septiembre de 2026 a las 3:30:00 UTC-3","miguel borja","./explore?q=miguel%20borja&geo=US"
"chris boswell","500+","13 de septiembre de 2026 a las 14:50:00 UTC-3","13 de septiembre de 2026 a las 16:00:00 UTC-3","chris boswell","./explore?q=chris%20boswell&geo=US"
"lunch winfield","500+","13 de septiembre de 2026 a las 2:10:00 UTC-3","13 de septiembre de 2026 a las 3:50:00 UTC-3","lunch winfield","./explore?q=lunch%20winfield&geo=US"
"harold fannin jr","500+","13 de septiembre de 2026 a las 15:50:00 UTC-3","13 de septiembre de 2026 a las 16:30:00 UTC-3","harold fannin jr","./explore?q=harold%20fannin%20jr&geo=US"
"driver of the day","500+","13 de septiembre de 2026 a las 11:30:00 UTC-3","13 de septiembre de 2026 a las 12:30:00 UTC-3","driver of the day","./explore?q=driver%20of%20the%20day&geo=US"
"tank bigsby","500+","13 de septiembre de 2026 a las 19:00:00 UTC-3","13 de septiembre de 2026 a las 19:30:00 UTC-3","tank bigsby","./explore?q=tank%20bigsby&geo=US"
"charles leclerc","500+","13 de septiembre de 2026 a las 11:20:00 UTC-3","13 de septiembre de 2026 a las 12:10:00 UTC-3","charles leclerc","./explore?q=charles%20leclerc&geo=US"
"chris rodriguez jr.","500+","13 de septiembre de 2026 a las 15:00:00 UTC-3","13 de septiembre de 2026 a las 15:40:00 UTC-3","chris rodriguez jr.","./explore?q=chris%20rodriguez%20jr.&geo=US"
"zverev controversy","500+","13 de septiembre de 2026 a las 19:10:00 UTC-3","13 de septiembre de 2026 a las 19:40:00 UTC-3","zverev controversy","./explore?q=zverev%20controversy&geo=US"
"lck","500+","12 de septiembre de 2026 a las 2:10:00 UTC-3","12 de septiembre de 2026 a las 7:20:00 UTC-3","lck","./explore?q=lck&geo=US"
"macará - emelec","500+","13 de septiembre de 2026 a las 17:50:00 UTC-3","13 de septiembre de 2026 a las 18:20:00 UTC-3","macará - emelec","./explore?q=macar%C3%A1%20-%20emelec&geo=US"
"saving college sports","500+","12 de septiembre de 2026 a las 21:40:00 UTC-3","12 de septiembre de 2026 a las 22:50:00 UTC-3","saving college sports","./explore?q=saving%20college%20sports&geo=US"
"bobby dodd","500+","12 de septiembre de 2026 a las 22:40:00 UTC-3","12 de septiembre de 2026 a las 23:50:00 UTC-3","bobby dodd","./explore?q=bobby%20dodd&geo=US"
"turki alalshikh","500+","12 de septiembre de 2026 a las 23:50:00 UTC-3","13 de septiembre de 2026 a las 1:00:00 UTC-3","turki alalshikh","./explore?q=turki%20alalshikh&geo=US"
"tony diaz","500+","12 de septiembre de 2026 a las 21:40:00 UTC-3","12 de septiembre de 2026 a las 22:50:00 UTC-3","tony diaz","./explore?q=tony%20diaz&geo=US"
"fitness","500+","12 de septiembre de 2026 a las 5:20:00 UTC-3","12 de septiembre de 2026 a las 8:30:00 UTC-3","fitness","./explore?q=fitness&geo=US"
"mcneese football","500+","12 de septiembre de 2026 a las 23:50:00 UTC-3","13 de septiembre de 2026 a las 1:10:00 UTC-3","mcneese football","./explore?q=mcneese%20football&geo=US"
"sirius xm","500+","13 de septiembre de 2026 a las 14:20:00 UTC-3","13 de septiembre de 2026 a las 15:00:00 UTC-3","sirius xm","./explore?q=sirius%20xm&geo=US"
"t shough","500+","13 de septiembre de 2026 a las 17:40:00 UTC-3","13 de septiembre de 2026 a las 18:10:00 UTC-3","t shough","./explore?q=t%20shough&geo=US"
"simon & garfunkel","500+","13 de septiembre de 2026 a las 14:40:00 UTC-3","13 de septiembre de 2026 a las 15:20:00 UTC-3","simon & garfunkel","./explore?q=simon%20%26%20garfunkel&geo=US"
"terence steele","500+","13 de septiembre de 2026 a las 22:10:00 UTC-3","13 de septiembre de 2026 a las 22:30:00 UTC-3","terence steele","./explore?q=terence%20steele&geo=US"
"jack sawyer","500+","12 de septiembre de 2026 a las 23:30:00 UTC-3","13 de septiembre de 2026 a las 1:00:00 UTC-3","jack sawyer","./explore?q=jack%20sawyer&geo=US"
"jake paul","500+","12 de septiembre de 2026 a las 18:50:00 UTC-3","12 de septiembre de 2026 a las 20:00:00 UTC-3","jake paul","./explore?q=jake%20paul&geo=US"
"türkiye","500+","13 de septiembre de 2026 a las 15:00:00 UTC-3","13 de septiembre de 2026 a las 15:40:00 UTC-3","türkiye","./explore?q=t%C3%BCrkiye&geo=US"
"bucknell vs vmi","500+","12 de septiembre de 2026 a las 13:30:00 UTC-3","12 de septiembre de 2026 a las 15:00:00 UTC-3","bucknell vs vmi","./explore?q=bucknell%20vs%20vmi&geo=US"
"tijuana vs queretaro","500+","12 de septiembre de 2026 a las 0:40:00 UTC-3","12 de septiembre de 2026 a las 2:50:00 UTC-3","tijuana vs queretaro","./explore?q=tijuana%20vs%20queretaro&geo=US"
"joey ortiz","500+","13 de septiembre de 2026 a las 16:20:00 UTC-3","13 de septiembre de 2026 a las 16:50:00 UTC-3","joey ortiz","./explore?q=joey%20ortiz&geo=US"
"thomas castellanos","500+","13 de septiembre de 2026 a las 0:10:00 UTC-3","13 de septiembre de 2026 a las 1:20:00 UTC-3","thomas castellanos","./explore?q=thomas%20castellanos&geo=US"
"rasheem biles","500+","12 de septiembre de 2026 a las 21:00:00 UTC-3","12 de septiembre de 2026 a las 22:10:00 UTC-3","rasheem biles","./explore?q=rasheem%20biles&geo=US"
"vix","500+","13 de septiembre de 2026 a las 0:30:00 UTC-3","13 de septiembre de 2026 a las 1:30:00 UTC-3","vix","./explore?q=vix&geo=US"
"project runway","500+","11 de septiembre de 2026 a las 0:20:00 UTC-3","11 de septiembre de 2026 a las 8:30:00 UTC-3","project runway","./explore?q=project%20runway&geo=US"
"getafe","500+","13 de septiembre de 2026 a las 15:10:00 UTC-3","13 de septiembre de 2026 a las 15:40:00 UTC-3","getafe","./explore?q=getafe&geo=US"
"swansea vs burnley","500+","12 de septiembre de 2026 a las 10:30:00 UTC-3","12 de septiembre de 2026 a las 12:20:00 UTC-3","swansea vs burnley","./explore?q=swansea%20vs%20burnley&geo=US"
"syracuse","500+","12 de septiembre de 2026 a las 20:00:00 UTC-3","12 de septiembre de 2026 a las 21:10:00 UTC-3","syracuse","./explore?q=syracuse&geo=US"
"girona - castellón","500+","12 de septiembre de 2026 a las 13:20:00 UTC-3","12 de septiembre de 2026 a las 14:40:00 UTC-3","girona - castellón","./explore?q=girona%20-%20castell%C3%B3n&geo=US"
"the diplomat","500+","12 de septiembre de 2026 a las 9:30:00 UTC-3","12 de septiembre de 2026 a las 13:20:00 UTC-3","the diplomat","./explore?q=the%20diplomat&geo=US"
"mater dei football","500+","12 de septiembre de 2026 a las 1:30:00 UTC-3","12 de septiembre de 2026 a las 3:40:00 UTC-3","mater dei football","./explore?q=mater%20dei%20football&geo=US"
"penei sewell","500+","13 de septiembre de 2026 a las 14:50:00 UTC-3","13 de septiembre de 2026 a las 15:20:00 UTC-3","penei sewell","./explore?q=penei%20sewell&geo=US"
"barrett carter","500+","13 de septiembre de 2026 a las 15:20:00 UTC-3","13 de septiembre de 2026 a las 16:00:00 UTC-3","barrett carter","./explore?q=barrett%20carter&geo=US"
"eric weddle","500+","13 de septiembre de 2026 a las 1:10:00 UTC-3","13 de septiembre de 2026 a las 2:10:00 UTC-3","eric weddle","./explore?q=eric%20weddle&geo=US"
"drug cartel","500+","13 de septiembre de 2026 a las 15:20:00 UTC-3","13 de septiembre de 2026 a las 15:50:00 UTC-3","drug cartel","./explore?q=drug%20cartel&geo=US"
"tanner scott","500+","13 de septiembre de 2026 a las 18:20:00 UTC-3","13 de septiembre de 2026 a las 18:40:00 UTC-3","tanner scott","./explore?q=tanner%20scott&geo=US"
"prince william reaction prince harry move","500+","13 de septiembre de 2026 a las 15:20:00 UTC-3","13 de septiembre de 2026 a las 15:50:00 UTC-3","prince william reaction prince harry move","./explore?q=prince%20william%20reaction%20prince%20harry%20move&geo=US"
"shaquille o'neal","500+","12 de septiembre de 2026 a las 22:30:00 UTC-3","12 de septiembre de 2026 a las 23:40:00 UTC-3","shaquille o'neal","./explore?q=shaquille%20o%27neal&geo=US"
"michael harris ii","500+","12 de septiembre de 2026 a las 23:00:00 UTC-3","13 de septiembre de 2026 a las 0:00:00 UTC-3","michael harris ii","./explore?q=michael%20harris%20ii&geo=US"
"luis torrens","500+","12 de septiembre de 2026 a las 15:10:00 UTC-3","12 de septiembre de 2026 a las 16:20:00 UTC-3","luis torrens","./explore?q=luis%20torrens&geo=US"
"austin weather","500+","12 de septiembre de 2026 a las 20:40:00 UTC-3","12 de septiembre de 2026 a las 21:40:00 UTC-3","austin weather","./explore?q=austin%20weather&geo=US"
"ohio state depth chart","500+","12 de septiembre de 2026 a las 21:10:00 UTC-3","12 de septiembre de 2026 a las 22:10:00 UTC-3","ohio state depth chart","./explore?q=ohio%20state%20depth%20chart&geo=US"
"cycling","500+","12 de septiembre de 2026 a las 5:10:00 UTC-3","12 de septiembre de 2026 a las 8:30:00 UTC-3","cycling","./explore?q=cycling&geo=US"
"north alabama vs se la","500+","12 de septiembre de 2026 a las 19:50:00 UTC-3","12 de septiembre de 2026 a las 21:00:00 UTC-3","north alabama vs se la","./explore?q=north%20alabama%20vs%20se%20la&geo=US"
"us bank stadium","500+","13 de septiembre de 2026 a las 18:10:00 UTC-3","13 de septiembre de 2026 a las 18:30:00 UTC-3","us bank stadium","./explore?q=us%20bank%20stadium&geo=US"
"bill maher","500+","12 de septiembre de 2026 a las 21:50:00 UTC-3","12 de septiembre de 2026 a las 22:50:00 UTC-3","bill maher","./explore?q=bill%20maher&geo=US"
"canelo alvarez","500+","13 de septiembre de 2026 a las 0:40:00 UTC-3","13 de septiembre de 2026 a las 1:40:00 UTC-3","canelo alvarez","./explore?q=canelo%20alvarez&geo=US"
"nick shirley","500+","12 de septiembre de 2026 a las 11:40:00 UTC-3","12 de septiembre de 2026 a las 12:50:00 UTC-3","nick shirley","./explore?q=nick%20shirley&geo=US"
"trey'dez green","500+","12 de septiembre de 2026 a las 23:50:00 UTC-3","13 de septiembre de 2026 a las 0:30:00 UTC-3","trey'dez green","./explore?q=trey%27dez%20green&geo=US"
"michigan basketball","500+","12 de septiembre de 2026 a las 16:40:00 UTC-3","12 de septiembre de 2026 a las 17:40:00 UTC-3","michigan basketball","./explore?q=michigan%20basketball&geo=US"
"detroit tigers score","500+","12 de septiembre de 2026 a las 17:10:00 UTC-3","12 de septiembre de 2026 a las 18:10:00 UTC-3","detroit tigers score","./explore?q=detroit%20tigers%20score&geo=US"
"jake paul girlfriend","500+","12 de septiembre de 2026 a las 18:50:00 UTC-3","12 de septiembre de 2026 a las 19:50:00 UTC-3","jake paul girlfriend","./explore?q=jake%20paul%20girlfriend&geo=US"
"marquense - san pedro","500+","12 de septiembre de 2026 a las 23:20:00 UTC-3","13 de septiembre de 2026 a las 0:10:00 UTC-3","marquense - san pedro","./explore?q=marquense%20-%20san%20pedro&geo=US"
"earthquake near me","500+","12 de septiembre de 2026 a las 4:20:00 UTC-3","12 de septiembre de 2026 a las 5:30:00 UTC-3","earthquake near me","./explore?q=earthquake%20near%20me&geo=US"
"posiciones de alianza lima contra universitario","500+","13 de septiembre de 2026 a las 0:40:00 UTC-3","13 de septiembre de 2026 a las 1:30:00 UTC-3","posiciones de alianza lima contra universitario","./explore?q=posiciones%20de%20alianza%20lima%20contra%20universitario&geo=US"
"south alabama football","500+","12 de septiembre de 2026 a las 23:00:00 UTC-3","12 de septiembre de 2026 a las 23:50:00 UTC-3","south alabama football","./explore?q=south%20alabama%20football&geo=US"
"sabatini","500+","12 de septiembre de 2026 a las 17:50:00 UTC-3","12 de septiembre de 2026 a las 18:50:00 UTC-3","sabatini","./explore?q=sabatini&geo=US"
"dustin may","500+","11 de septiembre de 2026 a las 22:50:00 UTC-3","12 de septiembre de 2026 a las 0:00:00 UTC-3","dustin may","./explore?q=dustin%20may&geo=US"
"taser","500+","11 de septiembre de 2026 a las 7:50:00 UTC-3","11 de septiembre de 2026 a las 10:40:00 UTC-3","taser","./explore?q=taser&geo=US"
"richarlison","500+","12 de septiembre de 2026 a las 13:50:00 UTC-3","12 de septiembre de 2026 a las 15:00:00 UTC-3","richarlison","./explore?q=richarlison&geo=US"
"citadel football","500+","12 de septiembre de 2026 a las 22:20:00 UTC-3","12 de septiembre de 2026 a las 23:10:00 UTC-3","citadel football","./explore?q=citadel%20football&geo=US"
"sabalenka country","500+","12 de septiembre de 2026 a las 19:00:00 UTC-3","12 de septiembre de 2026 a las 20:00:00 UTC-3","sabalenka country","./explore?q=sabalenka%20country&geo=US"
"cj gardner johnson","500+","13 de septiembre de 2026 a las 17:20:00 UTC-3","13 de septiembre de 2026 a las 17:40:00 UTC-3","cj gardner johnson","./explore?q=cj%20gardner%20johnson&geo=US"
"pittsburgh weather","500+","12 de septiembre de 2026 a las 16:50:00 UTC-3","12 de septiembre de 2026 a las 17:40:00 UTC-3","pittsburgh weather","./explore?q=pittsburgh%20weather&geo=US"
"oklahoma high school football scores","500+","11 de septiembre de 2026 a las 23:50:00 UTC-3","12 de septiembre de 2026 a las 1:10:00 UTC-3","oklahoma high school football scores","./explore?q=oklahoma%20high%20school%20football%20scores&geo=US"
"kip lewis","500+","12 de septiembre de 2026 a las 13:30:00 UTC-3","12 de septiembre de 2026 a las 14:30:00 UTC-3","kip lewis","./explore?q=kip%20lewis&geo=US"
"floyd mayweather","500+","13 de septiembre de 2026 a las 0:40:00 UTC-3","13 de septiembre de 2026 a las 1:30:00 UTC-3","floyd mayweather","./explore?q=floyd%20mayweather&geo=US"
"sat","500+","12 de septiembre de 2026 a las 8:10:00 UTC-3","12 de septiembre de 2026 a las 9:50:00 UTC-3","sat","./explore?q=sat&geo=US"
"jon hamm american hostage series","500+","12 de septiembre de 2026 a las 8:30:00 UTC-3","12 de septiembre de 2026 a las 10:00:00 UTC-3","jon hamm american hostage series","./explore?q=jon%20hamm%20american%20hostage%20series&geo=US"
"bradley hanner","500+","12 de septiembre de 2026 a las 17:20:00 UTC-3","12 de septiembre de 2026 a las 18:10:00 UTC-3","bradley hanner","./explore?q=bradley%20hanner&geo=US"
"deportivo pereira - bucaramanga","500+","13 de septiembre de 2026 a las 16:20:00 UTC-3","13 de septiembre de 2026 a las 16:40:00 UTC-3","deportivo pereira - bucaramanga","./explore?q=deportivo%20pereira%20-%20bucaramanga&geo=US"
"andrei iosivas","500+","13 de septiembre de 2026 a las 15:20:00 UTC-3","13 de septiembre de 2026 a las 15:40:00 UTC-3","andrei iosivas","./explore?q=andrei%20iosivas&geo=US"
"gus johnson","500+","12 de septiembre de 2026 a las 13:20:00 UTC-3","12 de septiembre de 2026 a las 14:20:00 UTC-3","gus johnson","./explore?q=gus%20johnson&geo=US"
"cricinfo","500+","12 de septiembre de 2026 a las 8:20:00 UTC-3","12 de septiembre de 2026 a las 10:00:00 UTC-3","cricinfo","./explore?q=cricinfo&geo=US"
"parker livingstone","500+","12 de septiembre de 2026 a las 14:10:00 UTC-3","12 de septiembre de 2026 a las 15:10:00 UTC-3","parker livingstone","./explore?q=parker%20livingstone&geo=US"
"vinícius júnior","500+","12 de septiembre de 2026 a las 18:10:00 UTC-3","12 de septiembre de 2026 a las 19:00:00 UTC-3","vinícius júnior","./explore?q=vin%C3%ADcius%20j%C3%BAnior&geo=US"
"retirement","500+","11 de septiembre de 2026 a las 5:50:00 UTC-3","11 de septiembre de 2026 a las 8:40:00 UTC-3","retirement","./explore?q=retirement&geo=US"
"facts about 9/11","500+","11 de septiembre de 2026 a las 10:30:00 UTC-3","11 de septiembre de 2026 a las 15:30:00 UTC-3","facts about 9/11","./explore?q=facts%20about%209%2F11&geo=US"
"spelling bee nyt","500+","12 de septiembre de 2026 a las 8:00:00 UTC-3","12 de septiembre de 2026 a las 10:20:00 UTC-3","spelling bee nyt","./explore?q=spelling%20bee%20nyt&geo=US"
"dylan sampson","500+","13 de septiembre de 2026 a las 15:10:00 UTC-3","13 de septiembre de 2026 a las 15:30:00 UTC-3","dylan sampson","./explore?q=dylan%20sampson&geo=US"
"santiago giménez","500+","12 de septiembre de 2026 a las 16:20:00 UTC-3","12 de septiembre de 2026 a las 17:10:00 UTC-3","santiago giménez","./explore?q=santiago%20gim%C3%A9nez&geo=US"
"interstate 5","500+","11 de septiembre de 2026 a las 18:50:00 UTC-3","11 de septiembre de 2026 a las 20:10:00 UTC-3","interstate 5","./explore?q=interstate%205&geo=US"
"álvaro carreras","500+","12 de septiembre de 2026 a las 16:30:00 UTC-3","12 de septiembre de 2026 a las 17:20:00 UTC-3","álvaro carreras","./explore?q=%C3%A1lvaro%20carreras&geo=US"
"psv vs sparta rotterdam","500+","13 de septiembre de 2026 a las 15:30:00 UTC-3","13 de septiembre de 2026 a las 15:50:00 UTC-3","psv vs sparta rotterdam","./explore?q=psv%20vs%20sparta%20rotterdam&geo=US"
"lourdes gurriel jr","500+","13 de septiembre de 2026 a las 13:50:00 UTC-3","13 de septiembre de 2026 a las 14:10:00 UTC-3","lourdes gurriel jr","./explore?q=lourdes%20gurriel%20jr&geo=US"
"braden atkinson","500+","12 de septiembre de 2026 a las 23:50:00 UTC-3","13 de septiembre de 2026 a las 0:30:00 UTC-3","braden atkinson","./explore?q=braden%20atkinson&geo=US"
"when was the first tower hit on 9 11","500+","11 de septiembre de 2026 a las 9:10:00 UTC-3","11 de septiembre de 2026 a las 10:50:00 UTC-3","when was the first tower hit on 9 11","./explore?q=when%20was%20the%20first%20tower%20hit%20on%209%2011&geo=US"
"tbs","500+","12 de septiembre de 2026 a las 15:20:00 UTC-3","12 de septiembre de 2026 a las 16:10:00 UTC-3","tbs","./explore?q=tbs&geo=US"
"phillies vs atlanta braves match player stats","500+","11 de septiembre de 2026 a las 23:40:00 UTC-3","12 de septiembre de 2026 a las 0:50:00 UTC-3","phillies vs atlanta braves match player stats","./explore?q=phillies%20vs%20atlanta%20braves%20match%20player%20stats&geo=US"
"rhea seehorn","500+","12 de septiembre de 2026 a las 1:10:00 UTC-3","12 de septiembre de 2026 a las 2:20:00 UTC-3","rhea seehorn","./explore?q=rhea%20seehorn&geo=US"
"raphinha","500+","11 de septiembre de 2026 a las 5:50:00 UTC-3","11 de septiembre de 2026 a las 7:40:00 UTC-3","raphinha","./explore?q=raphinha&geo=US"
"football scores","500+","10 de septiembre de 2026 a las 6:20:00 UTC-3","10 de septiembre de 2026 a las 9:00:00 UTC-3","football scores","./explore?q=football%20scores&geo=US"
"dirk","500+","11 de septiembre de 2026 a las 21:30:00 UTC-3","11 de septiembre de 2026 a las 22:40:00 UTC-3","dirk","./explore?q=dirk&geo=US"
"firpo - olimpia","500+","11 de septiembre de 2026 a las 10:40:00 UTC-3","11 de septiembre de 2026 a las 11:50:00 UTC-3","firpo - olimpia","./explore?q=firpo%20-%20olimpia&geo=US"
"life","500+","12 de septiembre de 2026 a las 9:00:00 UTC-3","12 de septiembre de 2026 a las 10:30:00 UTC-3","life","./explore?q=life&geo=US"
"china vs france","500+","10 de septiembre de 2026 a las 9:30:00 UTC-3","10 de septiembre de 2026 a las 11:40:00 UTC-3","china vs france","./explore?q=china%20vs%20france&geo=US"
"danny welbeck","500+","12 de septiembre de 2026 a las 12:40:00 UTC-3","12 de septiembre de 2026 a las 13:30:00 UTC-3","danny welbeck","./explore?q=danny%20welbeck&geo=US"
"appletv","500+","12 de septiembre de 2026 a las 11:10:00 UTC-3","12 de septiembre de 2026 a las 12:00:00 UTC-3","appletv","./explore?q=appletv&geo=US"
"montréal - colorado","500+","12 de septiembre de 2026 a las 22:40:00 UTC-3","12 de septiembre de 2026 a las 23:10:00 UTC-3","montréal - colorado","./explore?q=montr%C3%A9al%20-%20colorado&geo=US"
"jhene aiko new album","500+","11 de septiembre de 2026 a las 1:00:00 UTC-3","11 de septiembre de 2026 a las 3:10:00 UTC-3","jhene aiko new album","./explore?q=jhene%20aiko%20new%20album&geo=US"
"la hiedra","500+","12 de septiembre de 2026 a las 0:20:00 UTC-3","12 de septiembre de 2026 a las 1:20:00 UTC-3","la hiedra,roxanne perez","./explore?q=la%20hiedra&geo=US"
"rico scott","500+","12 de septiembre de 2026 a las 20:10:00 UTC-3","12 de septiembre de 2026 a las 20:50:00 UTC-3","rico scott","./explore?q=rico%20scott&geo=US"
"matt ryan","500+","12 de septiembre de 2026 a las 15:40:00 UTC-3","12 de septiembre de 2026 a las 16:30:00 UTC-3","matt ryan","./explore?q=matt%20ryan&geo=US"
"worldcup 2026","500+","11 de septiembre de 2026 a las 6:00:00 UTC-3","11 de septiembre de 2026 a las 7:50:00 UTC-3","worldcup 2026","./explore?q=worldcup%202026&geo=US"
"casa pia vs fc porto standings","500+","12 de septiembre de 2026 a las 16:40:00 UTC-3","12 de septiembre de 2026 a las 17:20:00 UTC-3","casa pia vs fc porto standings","./explore?q=casa%20pia%20vs%20fc%20porto%20standings&geo=US"
"9/11 for kids","500+","11 de septiembre de 2026 a las 9:10:00 UTC-3","11 de septiembre de 2026 a las 10:50:00 UTC-3","9/11 for kids","./explore?q=9%2F11%20for%20kids&geo=US"
"charles iii","500+","11 de septiembre de 2026 a las 19:20:00 UTC-3","11 de septiembre de 2026 a las 21:30:00 UTC-3","charles iii","./explore?q=charles%20iii&geo=US"
"yankees vs mets","500+","11 de septiembre de 2026 a las 20:20:00 UTC-3","11 de septiembre de 2026 a las 21:30:00 UTC-3","yankees vs mets","./explore?q=yankees%20vs%20mets&geo=US"
"brock purdy wife","500+","11 de septiembre de 2026 a las 0:00:00 UTC-3","11 de septiembre de 2026 a las 1:30:00 UTC-3","brock purdy wife","./explore?q=brock%20purdy%20wife&geo=US"
"tiafoe parents","500+","11 de septiembre de 2026 a las 23:20:00 UTC-3","12 de septiembre de 2026 a las 0:30:00 UTC-3","tiafoe parents","./explore?q=tiafoe%20parents&geo=US"
"copa libertadores","500+","10 de septiembre de 2026 a las 23:00:00 UTC-3","11 de septiembre de 2026 a las 0:10:00 UTC-3","copa libertadores","./explore?q=copa%20libertadores&geo=US"
"kyle karros","500+","10 de septiembre de 2026 a las 20:40:00 UTC-3","10 de septiembre de 2026 a las 21:50:00 UTC-3","kyle karros","./explore?q=kyle%20karros&geo=US"
"eli manning","500+","10 de septiembre de 2026 a las 21:50:00 UTC-3","10 de septiembre de 2026 a las 23:00:00 UTC-3","eli manning","./explore?q=eli%20manning&geo=US"
"nico paz","500+","10 de septiembre de 2026 a las 16:50:00 UTC-3","10 de septiembre de 2026 a las 19:30:00 UTC-3","nico paz","./explore?q=nico%20paz&geo=US"
"days of our lives","500+","11 de septiembre de 2026 a las 20:50:00 UTC-3","11 de septiembre de 2026 a las 21:40:00 UTC-3","days of our lives","./explore?q=days%20of%20our%20lives&geo=US"
"anna wintour","500+","11 de septiembre de 2026 a las 23:30:00 UTC-3","12 de septiembre de 2026 a las 0:30:00 UTC-3","anna wintour","./explore?q=anna%20wintour&geo=US"
"barack obama","500+","12 de septiembre de 2026 a las 20:50:00 UTC-3","12 de septiembre de 2026 a las 21:20:00 UTC-3","barack obama","./explore?q=barack%20obama&geo=US"
"downdetector","500+","11 de septiembre de 2026 a las 1:30:00 UTC-3","11 de septiembre de 2026 a las 2:30:00 UTC-3","downdetector","./explore?q=downdetector&geo=US"
"epl scores","500+","12 de septiembre de 2026 a las 17:20:00 UTC-3","12 de septiembre de 2026 a las 17:50:00 UTC-3","epl scores","./explore?q=epl%20scores&geo=US"
"rico charge","500+","11 de septiembre de 2026 a las 22:20:00 UTC-3","11 de septiembre de 2026 a las 23:30:00 UTC-3","rico charge","./explore?q=rico%20charge&geo=US"
"wordle help","500+","10 de septiembre de 2026 a las 7:20:00 UTC-3","10 de septiembre de 2026 a las 9:30:00 UTC-3","wordle help","./explore?q=wordle%20help&geo=US"
"robin roberts","500+","10 de septiembre de 2026 a las 22:20:00 UTC-3","10 de septiembre de 2026 a las 23:30:00 UTC-3","robin roberts","./explore?q=robin%20roberts&geo=US"
"bryant vs hampton","500+","12 de septiembre de 2026 a las 18:50:00 UTC-3","12 de septiembre de 2026 a las 19:20:00 UTC-3","bryant vs hampton","./explore?q=bryant%20vs%20hampton&geo=US"
"new moon september 2026","500+","11 de septiembre de 2026 a las 0:20:00 UTC-3","11 de septiembre de 2026 a las 1:50:00 UTC-3","new moon september 2026","./explore?q=new%20moon%20september%202026&geo=US"
"rebel aew","500+","9 de septiembre de 2026 a las 21:50:00 UTC-3","10 de septiembre de 2026 a las 8:50:00 UTC-3","rebel aew","./explore?q=rebel%20aew&geo=US"
"ron insana","500+","11 de septiembre de 2026 a las 9:20:00 UTC-3","11 de septiembre de 2026 a las 10:30:00 UTC-3","ron insana","./explore?q=ron%20insana&geo=US"
"emily compagno","500+","11 de septiembre de 2026 a las 18:40:00 UTC-3","11 de septiembre de 2026 a las 19:30:00 UTC-3","emily compagno","./explore?q=emily%20compagno&geo=US"
"ethereum price","500+","11 de septiembre de 2026 a las 11:30:00 UTC-3","11 de septiembre de 2026 a las 12:40:00 UTC-3","ethereum price","./explore?q=ethereum%20price&geo=US"
"braves magic number","500+","12 de septiembre de 2026 a las 0:40:00 UTC-3","12 de septiembre de 2026 a las 1:30:00 UTC-3","braves magic number","./explore?q=braves%20magic%20number&geo=US"
"dallas weather","500+","10 de septiembre de 2026 a las 19:10:00 UTC-3","10 de septiembre de 2026 a las 20:20:00 UTC-3","dallas weather","./explore?q=dallas%20weather&geo=US"
"scott van pelt","500+","12 de septiembre de 2026 a las 0:20:00 UTC-3","12 de septiembre de 2026 a las 1:20:00 UTC-3","scott van pelt","./explore?q=scott%20van%20pelt&geo=US"
"nate landman","500+","11 de septiembre de 2026 a las 0:10:00 UTC-3","11 de septiembre de 2026 a las 1:20:00 UTC-3","nate landman","./explore?q=nate%20landman&geo=US"
"9 11 drone show","500+","11 de septiembre de 2026 a las 21:40:00 UTC-3","11 de septiembre de 2026 a las 22:40:00 UTC-3","9 11 drone show","./explore?q=9%2011%20drone%20show&geo=US"
"luis garcia jr","500+","10 de septiembre de 2026 a las 20:30:00 UTC-3","10 de septiembre de 2026 a las 21:30:00 UTC-3","luis garcia jr","./explore?q=luis%20garcia%20jr&geo=US"
"2001 world series","500+","11 de septiembre de 2026 a las 23:30:00 UTC-3","12 de septiembre de 2026 a las 0:30:00 UTC-3","2001 world series","./explore?q=2001%20world%20series&geo=US"
"michigan lottery","500+","10 de septiembre de 2026 a las 14:30:00 UTC-3","10 de septiembre de 2026 a las 15:50:00 UTC-3","michigan lottery","./explore?q=michigan%20lottery&geo=US"
"lufthansa flight lh418 emergency","500+","10 de septiembre de 2026 a las 13:10:00 UTC-3","10 de septiembre de 2026 a las 14:40:00 UTC-3","lufthansa flight lh418 emergency","./explore?q=lufthansa%20flight%20lh418%20emergency&geo=US"
"cirugía","500+","11 de septiembre de 2026 a las 22:40:00 UTC-3","11 de septiembre de 2026 a las 23:40:00 UTC-3","cirugía","./explore?q=cirug%C3%ADa&geo=US"
"a. j. ewing","500+","11 de septiembre de 2026 a las 23:20:00 UTC-3","12 de septiembre de 2026 a las 0:10:00 UTC-3","a. j. ewing","./explore?q=a.%20j.%20ewing&geo=US"
"vocal abnormalities cognitive decline study","500+","11 de septiembre de 2026 a las 13:20:00 UTC-3","11 de septiembre de 2026 a las 15:10:00 UTC-3","vocal abnormalities cognitive decline study","./explore?q=vocal%20abnormalities%20cognitive%20decline%20study&geo=US"
"cameron stadium","500+","12 de septiembre de 2026 a las 19:50:00 UTC-3","12 de septiembre de 2026 a las 20:20:00 UTC-3","cameron stadium","./explore?q=cameron%20stadium&geo=US"
"st louis weather","500+","11 de septiembre de 2026 a las 21:40:00 UTC-3","11 de septiembre de 2026 a las 22:30:00 UTC-3","st louis weather","./explore?q=st%20louis%20weather&geo=US"
"pitt football score","500+","12 de septiembre de 2026 a las 20:40:00 UTC-3","12 de septiembre de 2026 a las 21:10:00 UTC-3","pitt football score","./explore?q=pitt%20football%20score&geo=US"
"san diego vs idaho state","500+","12 de septiembre de 2026 a las 19:30:00 UTC-3","12 de septiembre de 2026 a las 20:00:00 UTC-3","san diego vs idaho state","./explore?q=san%20diego%20vs%20idaho%20state&geo=US"
"tim scott","500+","10 de septiembre de 2026 a las 7:30:00 UTC-3","10 de septiembre de 2026 a las 17:50:00 UTC-3","tim scott","./explore?q=tim%20scott&geo=US"
"dallas weather","500+","11 de septiembre de 2026 a las 20:00:00 UTC-3","11 de septiembre de 2026 a las 20:50:00 UTC-3","dallas weather","./explore?q=dallas%20weather&geo=US"
"mayday film","500+","11 de septiembre de 2026 a las 22:20:00 UTC-3","11 de septiembre de 2026 a las 23:20:00 UTC-3","mayday film","./explore?q=mayday%20film&geo=US"
"fox sports","500+","11 de septiembre de 2026 a las 21:30:00 UTC-3","11 de septiembre de 2026 a las 22:10:00 UTC-3","fox sports","./explore?q=fox%20sports&geo=US"
"grêmio vs vasco","500+","12 de septiembre de 2026 a las 16:10:00 UTC-3","12 de septiembre de 2026 a las 16:40:00 UTC-3","grêmio vs vasco","./explore?q=gr%C3%AAmio%20vs%20vasco&geo=US"
"malone lam","500+","9 de septiembre de 2026 a las 8:10:00 UTC-3","9 de septiembre de 2026 a las 10:50:00 UTC-3","malone lam","./explore?q=malone%20lam&geo=US"
"rajeev ram","500+","10 de septiembre de 2026 a las 18:30:00 UTC-3","10 de septiembre de 2026 a las 19:40:00 UTC-3","rajeev ram","./explore?q=rajeev%20ram&geo=US"
"wilber dotel","500+","11 de septiembre de 2026 a las 15:50:00 UTC-3","11 de septiembre de 2026 a las 16:50:00 UTC-3","wilber dotel","./explore?q=wilber%20dotel&geo=US"
"franco mastantuono","500+","11 de septiembre de 2026 a las 18:10:00 UTC-3","11 de septiembre de 2026 a las 19:00:00 UTC-3","franco mastantuono","./explore?q=franco%20mastantuono&geo=US"
"urban meyer","500+","12 de septiembre de 2026 a las 13:00:00 UTC-3","12 de septiembre de 2026 a las 13:30:00 UTC-3","urban meyer","./explore?q=urban%20meyer&geo=US"
"call of duty servers","500+","11 de septiembre de 2026 a las 16:20:00 UTC-3","11 de septiembre de 2026 a las 17:10:00 UTC-3","call of duty servers","./explore?q=call%20of%20duty%20servers&geo=US"
"osaa football","500+","12 de septiembre de 2026 a las 2:20:00 UTC-3","12 de septiembre de 2026 a las 3:10:00 UTC-3","osaa football","./explore?q=osaa%20football&geo=US"
"derek hill","500+","11 de septiembre de 2026 a las 22:00:00 UTC-3","11 de septiembre de 2026 a las 22:40:00 UTC-3","derek hill","./explore?q=derek%20hill&geo=US"
"true detective","500+","11 de septiembre de 2026 a las 20:40:00 UTC-3","11 de septiembre de 2026 a las 21:30:00 UTC-3","true detective","./explore?q=true%20detective&geo=US"
"free games","500+","10 de septiembre de 2026 a las 17:00:00 UTC-3","10 de septiembre de 2026 a las 18:40:00 UTC-3","free games","./explore?q=free%20games&geo=US"
"nyt connections hints","500+","8 de septiembre de 2026 a las 6:20:00 UTC-3","8 de septiembre de 2026 a las 8:30:00 UTC-3","nyt connections hints","./explore?q=nyt%20connections%20hints&geo=US"
"susan collins canada tariffs impact","500+","9 de septiembre de 2026 a las 7:30:00 UTC-3","9 de septiembre de 2026 a las 10:20:00 UTC-3","susan collins canada tariffs impact","./explore?q=susan%20collins%20canada%20tariffs%20impact&geo=US"
"deion branch","500+","11 de septiembre de 2026 a las 21:20:00 UTC-3","11 de septiembre de 2026 a las 22:20:00 UTC-3","deion branch","./explore?q=deion%20branch&geo=US"
"john lowe cbs legal dispute","500+","11 de septiembre de 2026 a las 15:20:00 UTC-3","11 de septiembre de 2026 a las 16:10:00 UTC-3","john lowe cbs legal dispute","./explore?q=john%20lowe%20cbs%20legal%20dispute&geo=US"
"unh stock","500+","9 de septiembre de 2026 a las 11:10:00 UTC-3","9 de septiembre de 2026 a las 12:40:00 UTC-3","unh stock","./explore?q=unh%20stock&geo=US"
"storm damage repair","500+","10 de septiembre de 2026 a las 15:50:00 UTC-3","10 de septiembre de 2026 a las 17:00:00 UTC-3","storm damage repair","./explore?q=storm%20damage%20repair&geo=US"
"matt olson","500+","11 de septiembre de 2026 a las 21:50:00 UTC-3","11 de septiembre de 2026 a las 22:30:00 UTC-3","matt olson","./explore?q=matt%20olson&geo=US"
"danganronpa 2x2","500+","9 de septiembre de 2026 a las 11:50:00 UTC-3","9 de septiembre de 2026 a las 13:50:00 UTC-3","danganronpa 2x2","./explore?q=danganronpa%202x2&geo=US"
"bryce eldridge","500+","12 de septiembre de 2026 a las 2:20:00 UTC-3","12 de septiembre de 2026 a las 3:20:00 UTC-3","bryce eldridge","./explore?q=bryce%20eldridge&geo=US"
"yan diomandé","500+","12 de septiembre de 2026 a las 16:30:00 UTC-3","12 de septiembre de 2026 a las 17:00:00 UTC-3","yan diomandé","./explore?q=yan%20diomand%C3%A9&geo=US"
"midterm elections 2026","500+","10 de septiembre de 2026 a las 8:30:00 UTC-3","10 de septiembre de 2026 a las 13:30:00 UTC-3","midterm elections 2026","./explore?q=midterm%20elections%202026&geo=US"
"dexter lawrence","500+","9 de septiembre de 2026 a las 23:10:00 UTC-3","10 de septiembre de 2026 a las 0:20:00 UTC-3","dexter lawrence","./explore?q=dexter%20lawrence&geo=US"
"chase delauter","500+","9 de septiembre de 2026 a las 19:50:00 UTC-3","9 de septiembre de 2026 a las 21:00:00 UTC-3","chase delauter","./explore?q=chase%20delauter&geo=US"
"paramount+","500+","9 de septiembre de 2026 a las 14:30:00 UTC-3","9 de septiembre de 2026 a las 17:10:00 UTC-3","paramount+","./explore?q=paramount%2B&geo=US"
"fubotv","500+","9 de septiembre de 2026 a las 21:20:00 UTC-3","9 de septiembre de 2026 a las 22:30:00 UTC-3","fubotv","./explore?q=fubotv&geo=US"
"deepseek v4.1 flash","500+","10 de septiembre de 2026 a las 3:40:00 UTC-3","10 de septiembre de 2026 a las 5:40:00 UTC-3","deepseek v4.1 flash,deepseek v4.1","./explore?q=deepseek%20v4.1%20flash&geo=US"
"tkr vs gaw","500+","11 de septiembre de 2026 a las 20:00:00 UTC-3","11 de septiembre de 2026 a las 20:40:00 UTC-3","tkr vs gaw","./explore?q=tkr%20vs%20gaw&geo=US"
"kristi noem","500+","13 de septiembre de 2026 a las 1:20:00 UTC-3","13 de septiembre de 2026 a las 1:40:00 UTC-3","kristi noem","./explore?q=kristi%20noem&geo=US"
"common","500+","10 de septiembre de 2026 a las 22:10:00 UTC-3","10 de septiembre de 2026 a las 23:20:00 UTC-3","common","./explore?q=common&geo=US"
"mike tomlin minecraft","500+","9 de septiembre de 2026 a las 22:40:00 UTC-3","9 de septiembre de 2026 a las 23:40:00 UTC-3","mike tomlin minecraft","./explore?q=mike%20tomlin%20minecraft&geo=US"
"madden 27","500+","9 de septiembre de 2026 a las 21:50:00 UTC-3","9 de septiembre de 2026 a las 23:00:00 UTC-3","madden 27","./explore?q=madden%2027&geo=US"
"turkish airlines","500+","8 de septiembre de 2026 a las 6:20:00 UTC-3","8 de septiembre de 2026 a las 9:40:00 UTC-3","turkish airlines","./explore?q=turkish%20airlines&geo=US"
"uk investors withdraw billions equities","500+","8 de septiembre de 2026 a las 7:50:00 UTC-3","8 de septiembre de 2026 a las 10:10:00 UTC-3","uk investors withdraw billions equities","./explore?q=uk%20investors%20withdraw%20billions%20equities&geo=US"
"delta air lines","500+","9 de septiembre de 2026 a las 12:00:00 UTC-3","9 de septiembre de 2026 a las 13:40:00 UTC-3","delta air lines","./explore?q=delta%20air%20lines&geo=US"
"osa odighizuwa","500+","10 de septiembre de 2026 a las 23:30:00 UTC-3","11 de septiembre de 2026 a las 0:30:00 UTC-3","osa odighizuwa","./explore?q=osa%20odighizuwa&geo=US"
"heartland season 20","500+","10 de septiembre de 2026 a las 6:40:00 UTC-3","10 de septiembre de 2026 a las 10:20:00 UTC-3","heartland season 20","./explore?q=heartland%20season%2020&geo=US"
"burning man 2026","500+","11 de septiembre de 2026 a las 21:50:00 UTC-3","11 de septiembre de 2026 a las 22:20:00 UTC-3","burning man 2026","./explore?q=burning%20man%202026&geo=US"
"caminero","500+","7 de septiembre de 2026 a las 8:40:00 UTC-3","7 de septiembre de 2026 a las 11:20:00 UTC-3","caminero","./explore?q=caminero&geo=US"
"martha maccallum","500+","11 de septiembre de 2026 a las 16:40:00 UTC-3","11 de septiembre de 2026 a las 17:20:00 UTC-3","martha maccallum","./explore?q=martha%20maccallum&geo=US"
"padres score","500+","9 de septiembre de 2026 a las 0:40:00 UTC-3","9 de septiembre de 2026 a las 2:10:00 UTC-3","padres score","./explore?q=padres%20score&geo=US"
"forex factory","500+","11 de septiembre de 2026 a las 9:40:00 UTC-3","11 de septiembre de 2026 a las 10:30:00 UTC-3","forex factory","./explore?q=forex%20factory&geo=US"
"iphone air 2","500+","9 de septiembre de 2026 a las 15:50:00 UTC-3","9 de septiembre de 2026 a las 17:00:00 UTC-3","iphone air 2","./explore?q=iphone%20air%202&geo=US"
"david chang","500+","11 de septiembre de 2026 a las 1:30:00 UTC-3","11 de septiembre de 2026 a las 2:30:00 UTC-3","david chang","./explore?q=david%20chang&geo=US"
"weather nyc","500+","10 de septiembre de 2026 a las 8:10:00 UTC-3","10 de septiembre de 2026 a las 9:20:00 UTC-3","weather nyc","./explore?q=weather%20nyc&geo=US"
"mark williams","500+","11 de septiembre de 2026 a las 13:30:00 UTC-3","11 de septiembre de 2026 a las 14:10:00 UTC-3","mark williams","./explore?q=mark%20williams&geo=US"
"jordan faison","500+","12 de septiembre de 2026 a las 17:30:00 UTC-3","12 de septiembre de 2026 a las 17:50:00 UTC-3","jordan faison","./explore?q=jordan%20faison&geo=US"
"steven borden","500+","9 de septiembre de 2026 a las 22:30:00 UTC-3","9 de septiembre de 2026 a las 23:40:00 UTC-3","steven borden","./explore?q=steven%20borden&geo=US"
"archie brown","500+","10 de septiembre de 2026 a las 15:10:00 UTC-3","10 de septiembre de 2026 a las 16:20:00 UTC-3","archie brown,draw","./explore?q=archie%20brown&geo=US"
"cody simpson miley cyrus","500+","10 de septiembre de 2026 a las 21:30:00 UTC-3","10 de septiembre de 2026 a las 22:40:00 UTC-3","cody simpson miley cyrus","./explore?q=cody%20simpson%20miley%20cyrus&geo=US"
"nikki bella","500+","11 de septiembre de 2026 a las 22:00:00 UTC-3","11 de septiembre de 2026 a las 22:40:00 UTC-3","nikki bella","./explore?q=nikki%20bella&geo=US"
"rollie sheldon world series champion","500+","7 de septiembre de 2026 a las 9:00:00 UTC-3","7 de septiembre de 2026 a las 11:10:00 UTC-3","rollie sheldon world series champion","./explore?q=rollie%20sheldon%20world%20series%20champion&geo=US"
"foster griffin","500+","9 de septiembre de 2026 a las 20:30:00 UTC-3","9 de septiembre de 2026 a las 21:40:00 UTC-3","foster griffin","./explore?q=foster%20griffin&geo=US"
"eric shawn","500+","11 de septiembre de 2026 a las 13:50:00 UTC-3","11 de septiembre de 2026 a las 14:30:00 UTC-3","eric shawn","./explore?q=eric%20shawn&geo=US"
"kevin gausman","500+","9 de septiembre de 2026 a las 21:30:00 UTC-3","9 de septiembre de 2026 a las 22:30:00 UTC-3","kevin gausman","./explore?q=kevin%20gausman&geo=US"
"jack grealish","500+","12 de septiembre de 2026 a las 15:20:00 UTC-3","12 de septiembre de 2026 a las 15:40:00 UTC-3","jack grealish","./explore?q=jack%20grealish&geo=US"
"lens","500+","10 de septiembre de 2026 a las 18:00:00 UTC-3","10 de septiembre de 2026 a las 18:50:00 UTC-3","lens,slavia prague","./explore?q=lens&geo=US"
"beyoncé","500+","9 de septiembre de 2026 a las 18:30:00 UTC-3","9 de septiembre de 2026 a las 19:40:00 UTC-3","beyoncé","./explore?q=beyonc%C3%A9&geo=US"
"jaxson dart","500+","9 de septiembre de 2026 a las 22:50:00 UTC-3","10 de septiembre de 2026 a las 0:00:00 UTC-3","jaxson dart","./explore?q=jaxson%20dart&geo=US"
"us open tickets","500+","12 de septiembre de 2026 a las 0:00:00 UTC-3","12 de septiembre de 2026 a las 0:30:00 UTC-3","us open tickets","./explore?q=us%20open%20tickets&geo=US"
"where was flight 93 headed on 9 11","500+","11 de septiembre de 2026 a las 11:20:00 UTC-3","11 de septiembre de 2026 a las 12:10:00 UTC-3","where was flight 93 headed on 9 11","./explore?q=where%20was%20flight%2093%20headed%20on%209%2011&geo=US"
"contexto","500+","11 de septiembre de 2026 a las 14:20:00 UTC-3","11 de septiembre de 2026 a las 15:20:00 UTC-3","contexto","./explore?q=contexto&geo=US"
"michael weatherly","500+","7 de septiembre de 2026 a las 8:20:00 UTC-3","7 de septiembre de 2026 a las 11:10:00 UTC-3","michael weatherly","./explore?q=michael%20weatherly&geo=US"
"charlotte fc vs cf montréal standings","500+","9 de septiembre de 2026 a las 23:00:00 UTC-3","10 de septiembre de 2026 a las 0:00:00 UTC-3","charlotte fc vs cf montréal standings","./explore?q=charlotte%20fc%20vs%20cf%20montr%C3%A9al%20standings&geo=US"
"aaron nola","500+","11 de septiembre de 2026 a las 22:50:00 UTC-3","11 de septiembre de 2026 a las 23:20:00 UTC-3","aaron nola","./explore?q=aaron%20nola&geo=US"
"david harbour","500+","9 de septiembre de 2026 a las 0:40:00 UTC-3","9 de septiembre de 2026 a las 1:40:00 UTC-3","david harbour","./explore?q=david%20harbour&geo=US"
"michael cohen","500+","9 de septiembre de 2026 a las 15:30:00 UTC-3","9 de septiembre de 2026 a las 16:40:00 UTC-3","michael cohen","./explore?q=michael%20cohen&geo=US"
"郑钦文","500+","7 de septiembre de 2026 a las 14:10:00 UTC-3","7 de septiembre de 2026 a las 16:00:00 UTC-3","郑钦文","./explore?q=%E9%83%91%E9%92%A6%E6%96%87&geo=US"
"khosla ventures","500+","9 de septiembre de 2026 a las 23:10:00 UTC-3","10 de septiembre de 2026 a las 0:10:00 UTC-3","khosla ventures","./explore?q=khosla%20ventures&geo=US"
"bo nix","500+","10 de septiembre de 2026 a las 0:30:00 UTC-3","10 de septiembre de 2026 a las 1:30:00 UTC-3","bo nix","./explore?q=bo%20nix&geo=US"
"tokyo revengers","500+","9 de septiembre de 2026 a las 11:30:00 UTC-3","9 de septiembre de 2026 a las 12:40:00 UTC-3","tokyo revengers","./explore?q=tokyo%20revengers&geo=US"
"mike mcdonald","500+","10 de septiembre de 2026 a las 0:10:00 UTC-3","10 de septiembre de 2026 a las 1:20:00 UTC-3","mike mcdonald","./explore?q=mike%20mcdonald&geo=US"
"drake maye contract","500+","10 de septiembre de 2026 a las 0:20:00 UTC-3","10 de septiembre de 2026 a las 1:30:00 UTC-3","drake maye contract","./explore?q=drake%20maye%20contract&geo=US"
"paul allen","500+","9 de septiembre de 2026 a las 23:10:00 UTC-3","10 de septiembre de 2026 a las 0:10:00 UTC-3","paul allen","./explore?q=paul%20allen&geo=US"
"conchita martinez","500+","9 de septiembre de 2026 a las 17:30:00 UTC-3","9 de septiembre de 2026 a las 18:30:00 UTC-3","conchita martinez","./explore?q=conchita%20martinez&geo=US"
"bryce baringer","500+","9 de septiembre de 2026 a las 23:00:00 UTC-3","10 de septiembre de 2026 a las 0:00:00 UTC-3","bryce baringer","./explore?q=bryce%20baringer&geo=US"
"sofi stadium","500+","9 de septiembre de 2026 a las 21:50:00 UTC-3","9 de septiembre de 2026 a las 23:00:00 UTC-3","sofi stadium","./explore?q=sofi%20stadium&geo=US"
"shaqueel van persie","500+","9 de septiembre de 2026 a las 15:10:00 UTC-3","9 de septiembre de 2026 a las 16:10:00 UTC-3","shaqueel van persie","./explore?q=shaqueel%20van%20persie&geo=US"
"robert morris vs akr","500+","12 de septiembre de 2026 a las 17:00:00 UTC-3","12 de septiembre de 2026 a las 17:20:00 UTC-3","robert morris vs akr","./explore?q=robert%20morris%20vs%20akr&geo=US"
"josh hader","500+","8 de septiembre de 2026 a las 22:30:00 UTC-3","8 de septiembre de 2026 a las 23:40:00 UTC-3","josh hader","./explore?q=josh%20hader&geo=US"
"labor day events","500+","7 de septiembre de 2026 a las 10:30:00 UTC-3","7 de septiembre de 2026 a las 13:00:00 UTC-3","labor day events","./explore?q=labor%20day%20events&geo=US"
"pikmin 4","500+","9 de septiembre de 2026 a las 11:10:00 UTC-3","9 de septiembre de 2026 a las 12:20:00 UTC-3","pikmin 4","./explore?q=pikmin%204&geo=US"
"magui corceiro","500+","8 de septiembre de 2026 a las 1:40:00 UTC-3","8 de septiembre de 2026 a las 9:20:00 UTC-3","magui corceiro","./explore?q=magui%20corceiro&geo=US"
"epstein files","500+","9 de septiembre de 2026 a las 5:00:00 UTC-3","9 de septiembre de 2026 a las 6:10:00 UTC-3","epstein files","./explore?q=epstein%20files&geo=US"
"nancy pelosi","500+","9 de septiembre de 2026 a las 19:20:00 UTC-3","9 de septiembre de 2026 a las 20:20:00 UTC-3","nancy pelosi","./explore?q=nancy%20pelosi&geo=US"
"spanish archaeologists saqqara tomb discovery","500+","8 de septiembre de 2026 a las 10:00:00 UTC-3","8 de septiembre de 2026 a las 11:30:00 UTC-3","spanish archaeologists saqqara tomb discovery","./explore?q=spanish%20archaeologists%20saqqara%20tomb%20discovery&geo=US"
"ollie millroy","500+","7 de septiembre de 2026 a las 8:50:00 UTC-3","7 de septiembre de 2026 a las 11:00:00 UTC-3","ollie millroy","./explore?q=ollie%20millroy&geo=US"
"inheritance","500+","8 de septiembre de 2026 a las 8:30:00 UTC-3","8 de septiembre de 2026 a las 10:10:00 UTC-3","inheritance","./explore?q=inheritance&geo=US"
"yugioh tag force gx","500+","9 de septiembre de 2026 a las 12:00:00 UTC-3","9 de septiembre de 2026 a las 13:10:00 UTC-3","yugioh tag force gx","./explore?q=yugioh%20tag%20force%20gx&geo=US"
"kylie kelce","500+","9 de septiembre de 2026 a las 23:30:00 UTC-3","10 de septiembre de 2026 a las 0:30:00 UTC-3","kylie kelce","./explore?q=kylie%20kelce&geo=US"
"sean mcvay wife","500+","10 de septiembre de 2026 a las 23:50:00 UTC-3","11 de septiembre de 2026 a las 0:30:00 UTC-3","sean mcvay wife","./explore?q=sean%20mcvay%20wife&geo=US"
"meccha chameleon","500+","9 de septiembre de 2026 a las 11:40:00 UTC-3","9 de septiembre de 2026 a las 13:00:00 UTC-3","meccha chameleon","./explore?q=meccha%20chameleon&geo=US"
"jay clayton","500+","11 de septiembre de 2026 a las 19:50:00 UTC-3","11 de septiembre de 2026 a las 20:20:00 UTC-3","jay clayton","./explore?q=jay%20clayton&geo=US"
"san jose earthquakes","500+","10 de septiembre de 2026 a las 1:40:00 UTC-3","10 de septiembre de 2026 a las 2:40:00 UTC-3","san jose earthquakes","./explore?q=san%20jose%20earthquakes&geo=US"
"peggy flanagan michele tafoya poll","500+","11 de septiembre de 2026 a las 23:00:00 UTC-3","11 de septiembre de 2026 a las 23:30:00 UTC-3","peggy flanagan michele tafoya poll","./explore?q=peggy%20flanagan%20michele%20tafoya%20poll&geo=US"
"carole radziwill","500+","8 de septiembre de 2026 a las 22:20:00 UTC-3","8 de septiembre de 2026 a las 23:20:00 UTC-3","carole radziwill","./explore?q=carole%20radziwill&geo=US"
"chauncey bowens","500+","12 de septiembre de 2026 a las 15:00:00 UTC-3","12 de septiembre de 2026 a las 15:20:00 UTC-3","chauncey bowens","./explore?q=chauncey%20bowens&geo=US"
"conmebol libertadores","500+","10 de septiembre de 2026 a las 23:20:00 UTC-3","11 de septiembre de 2026 a las 0:10:00 UTC-3","conmebol libertadores","./explore?q=conmebol%20libertadores&geo=US"
"pakistan vs hong kong","500+","7 de septiembre de 2026 a las 12:00:00 UTC-3","7 de septiembre de 2026 a las 14:00:00 UTC-3","pakistan vs hong kong","./explore?q=pakistan%20vs%20hong%20kong&geo=US"
"bowen yang","500+","8 de septiembre de 2026 a las 9:30:00 UTC-3","8 de septiembre de 2026 a las 10:40:00 UTC-3","bowen yang","./explore?q=bowen%20yang&geo=US"
"borussia dortmund vs villarreal cf standings","500+","8 de septiembre de 2026 a las 18:20:00 UTC-3","8 de septiembre de 2026 a las 19:20:00 UTC-3","borussia dortmund vs villarreal cf standings","./explore?q=borussia%20dortmund%20vs%20villarreal%20cf%20standings&geo=US"
"general hospital","500+","8 de septiembre de 2026 a las 18:40:00 UTC-3","8 de septiembre de 2026 a las 19:40:00 UTC-3","general hospital","./explore?q=general%20hospital&geo=US"
"warren sapp","500+","10 de septiembre de 2026 a las 23:40:00 UTC-3","11 de septiembre de 2026 a las 0:20:00 UTC-3","warren sapp","./explore?q=warren%20sapp&geo=US"
"alijah vera tucker","500+","10 de septiembre de 2026 a las 0:10:00 UTC-3","10 de septiembre de 2026 a las 1:10:00 UTC-3","alijah vera tucker","./explore?q=alijah%20vera%20tucker&geo=US"
"sam's club near me","500+","7 de septiembre de 2026 a las 11:50:00 UTC-3","7 de septiembre de 2026 a las 14:20:00 UTC-3","sam's club near me","./explore?q=sam%27s%20club%20near%20me&geo=US"
"dylan cease","500+","8 de septiembre de 2026 a las 0:30:00 UTC-3","8 de septiembre de 2026 a las 1:50:00 UTC-3","dylan cease","./explore?q=dylan%20cease&geo=US"
"panthers depth chart","500+","8 de septiembre de 2026 a las 22:10:00 UTC-3","8 de septiembre de 2026 a las 23:10:00 UTC-3","panthers depth chart","./explore?q=panthers%20depth%20chart&geo=US"
"ponzi scam","500+","7 de septiembre de 2026 a las 9:30:00 UTC-3","7 de septiembre de 2026 a las 11:30:00 UTC-3","ponzi scam","./explore?q=ponzi%20scam&geo=US"
"hailee steinfeld","500+","10 de septiembre de 2026 a las 0:20:00 UTC-3","10 de septiembre de 2026 a las 1:20:00 UTC-3","hailee steinfeld","./explore?q=hailee%20steinfeld&geo=US"
"forex factory","500+","10 de septiembre de 2026 a las 9:40:00 UTC-3","10 de septiembre de 2026 a las 10:30:00 UTC-3","forex factory","./explore?q=forex%20factory&geo=US"
"américa - deportivo pereira","500+","9 de septiembre de 2026 a las 22:30:00 UTC-3","9 de septiembre de 2026 a las 23:20:00 UTC-3","américa - deportivo pereira","./explore?q=am%C3%A9rica%20-%20deportivo%20pereira&geo=US"
"kcci radar","500+","8 de septiembre de 2026 a las 20:20:00 UTC-3","8 de septiembre de 2026 a las 21:20:00 UTC-3","kcci radar","./explore?q=kcci%20radar&geo=US"
"spencer pratt","500+","8 de septiembre de 2026 a las 0:50:00 UTC-3","8 de septiembre de 2026 a las 1:50:00 UTC-3","spencer pratt","./explore?q=spencer%20pratt&geo=US"
"trevor megill","500+","8 de septiembre de 2026 a las 23:20:00 UTC-3","9 de septiembre de 2026 a las 0:20:00 UTC-3","trevor megill","./explore?q=trevor%20megill&geo=US"
"hagen smith","500+","10 de septiembre de 2026 a las 21:10:00 UTC-3","10 de septiembre de 2026 a las 21:50:00 UTC-3","hagen smith","./explore?q=hagen%20smith&geo=US"
"jacob webb","500+","8 de septiembre de 2026 a las 23:50:00 UTC-3","9 de septiembre de 2026 a las 0:40:00 UTC-3","jacob webb","./explore?q=jacob%20webb&geo=US"
"ionq stock","500+","8 de septiembre de 2026 a las 10:40:00 UTC-3","8 de septiembre de 2026 a las 11:50:00 UTC-3","ionq stock","./explore?q=ionq%20stock&geo=US"
"texas attorney general","500+","9 de septiembre de 2026 a las 22:40:00 UTC-3","9 de septiembre de 2026 a las 23:30:00 UTC-3","texas attorney general","./explore?q=texas%20attorney%20general&geo=US"
"neil patrick harris","500+","10 de septiembre de 2026 a las 22:00:00 UTC-3","10 de septiembre de 2026 a las 22:40:00 UTC-3","neil patrick harris","./explore?q=neil%20patrick%20harris&geo=US"
"jennifer garner","500+","7 de septiembre de 2026 a las 23:10:00 UTC-3","8 de septiembre de 2026 a las 0:20:00 UTC-3","jennifer garner","./explore?q=jennifer%20garner&geo=US"
"traitors","500+","9 de septiembre de 2026 a las 23:40:00 UTC-3","10 de septiembre de 2026 a las 0:40:00 UTC-3","traitors","./explore?q=traitors&geo=US"
"baseball","500+","10 de septiembre de 2026 a las 17:20:00 UTC-3","10 de septiembre de 2026 a las 18:20:00 UTC-3","baseball","./explore?q=baseball&geo=US"
"le creuset dutch oven star trek","500+","8 de septiembre de 2026 a las 13:20:00 UTC-3","8 de septiembre de 2026 a las 14:20:00 UTC-3","le creuset dutch oven star trek","./explore?q=le%20creuset%20dutch%20oven%20star%20trek&geo=US"
"epic games","500+","10 de septiembre de 2026 a las 17:20:00 UTC-3","10 de septiembre de 2026 a las 17:50:00 UTC-3","epic games","./explore?q=epic%20games&geo=US"
"onyx the dark grip","500+","9 de septiembre de 2026 a las 11:40:00 UTC-3","9 de septiembre de 2026 a las 12:20:00 UTC-3","onyx the dark grip,bloober team","./explore?q=onyx%20the%20dark%20grip&geo=US"
"mary peltola","500+","9 de septiembre de 2026 a las 23:30:00 UTC-3","10 de septiembre de 2026 a las 0:20:00 UTC-3","mary peltola","./explore?q=mary%20peltola&geo=US"
"joseph pfeifer","500+","11 de septiembre de 2026 a las 11:30:00 UTC-3","11 de septiembre de 2026 a las 12:00:00 UTC-3","joseph pfeifer","./explore?q=joseph%20pfeifer&geo=US"
"skattebo","500+","9 de septiembre de 2026 a las 23:30:00 UTC-3","10 de septiembre de 2026 a las 0:20:00 UTC-3","skattebo","./explore?q=skattebo&geo=US"
"gabriel hughes","500+","8 de septiembre de 2026 a las 21:00:00 UTC-3","8 de septiembre de 2026 a las 22:10:00 UTC-3","gabriel hughes","./explore?q=gabriel%20hughes&geo=US"
"southampton vs swansea","500+","8 de septiembre de 2026 a las 15:50:00 UTC-3","8 de septiembre de 2026 a las 16:50:00 UTC-3","southampton vs swansea","./explore?q=southampton%20vs%20swansea&geo=US"
"plane","500+","11 de septiembre de 2026 a las 11:50:00 UTC-3","11 de septiembre de 2026 a las 12:30:00 UTC-3","plane","./explore?q=plane&geo=US"
"temperature","500+","11 de septiembre de 2026 a las 8:20:00 UTC-3","11 de septiembre de 2026 a las 9:10:00 UTC-3","temperature,earth","./explore?q=temperature&geo=US"
"fire near me","500+","8 de septiembre de 2026 a las 19:10:00 UTC-3","8 de septiembre de 2026 a las 20:00:00 UTC-3","fire near me","./explore?q=fire%20near%20me&geo=US"
"eric amsler","500+","9 de septiembre de 2026 a las 17:50:00 UTC-3","9 de septiembre de 2026 a las 18:30:00 UTC-3","eric amsler","./explore?q=eric%20amsler&geo=US"
"vitória vs grêmio","500+","7 de septiembre de 2026 a las 19:50:00 UTC-3","7 de septiembre de 2026 a las 21:00:00 UTC-3","vitória vs grêmio","./explore?q=vit%C3%B3ria%20vs%20gr%C3%AAmio&geo=US"
"simone biles","500+","8 de septiembre de 2026 a las 21:40:00 UTC-3","8 de septiembre de 2026 a las 22:50:00 UTC-3","simone biles","./explore?q=simone%20biles&geo=US"
"sarah longwell","500+","8 de septiembre de 2026 a las 8:30:00 UTC-3","8 de septiembre de 2026 a las 19:10:00 UTC-3","sarah longwell","./explore?q=sarah%20longwell&geo=US"
"bobby flay","500+","7 de septiembre de 2026 a las 17:50:00 UTC-3","7 de septiembre de 2026 a las 18:50:00 UTC-3","bobby flay","./explore?q=bobby%20flay&geo=US"
"chiefs depth chart","500+","8 de septiembre de 2026 a las 22:10:00 UTC-3","8 de septiembre de 2026 a las 23:10:00 UTC-3","chiefs depth chart","./explore?q=chiefs%20depth%20chart&geo=US"
"fortnite","500+","10 de septiembre de 2026 a las 17:20:00 UTC-3","10 de septiembre de 2026 a las 17:50:00 UTC-3","fortnite","./explore?q=fortnite&geo=US"
"katseye","500+","10 de septiembre de 2026 a las 17:20:00 UTC-3","10 de septiembre de 2026 a las 17:50:00 UTC-3","katseye","./explore?q=katseye&geo=US"
"al-ittihad vs al-fayha","500+","8 de septiembre de 2026 a las 14:50:00 UTC-3","8 de septiembre de 2026 a las 15:40:00 UTC-3","al-ittihad vs al-fayha","./explore?q=al-ittihad%20vs%20al-fayha&geo=US"
"clock","500+","10 de septiembre de 2026 a las 17:20:00 UTC-3","10 de septiembre de 2026 a las 17:50:00 UTC-3","clock","./explore?q=clock&geo=US"
"49ers substation","500+","10 de septiembre de 2026 a las 23:00:00 UTC-3","10 de septiembre de 2026 a las 23:30:00 UTC-3","49ers substation","./explore?q=49ers%20substation&geo=US"
"job market trends without college degree","500+","7 de septiembre de 2026 a las 16:20:00 UTC-3","7 de septiembre de 2026 a las 17:50:00 UTC-3","job market trends without college degree","./explore?q=job%20market%20trends%20without%20college%20degree&geo=US"
"dexter lawrence","500+","10 de septiembre de 2026 a las 23:30:00 UTC-3","11 de septiembre de 2026 a las 0:00:00 UTC-3","dexter lawrence","./explore?q=dexter%20lawrence&geo=US"
"lee kang-in","500+","9 de septiembre de 2026 a las 16:50:00 UTC-3","9 de septiembre de 2026 a las 17:30:00 UTC-3","lee kang-in","./explore?q=lee%20kang-in&geo=US"
"prison break black creek","500+","10 de septiembre de 2026 a las 20:50:00 UTC-3","10 de septiembre de 2026 a las 21:20:00 UTC-3","prison break black creek","./explore?q=prison%20break%20black%20creek&geo=US"
"paella","500+","7 de septiembre de 2026 a las 20:30:00 UTC-3","7 de septiembre de 2026 a las 21:30:00 UTC-3","paella","./explore?q=paella&geo=US"
"kc royals","500+","7 de septiembre de 2026 a las 18:00:00 UTC-3","7 de septiembre de 2026 a las 18:50:00 UTC-3","kc royals","./explore?q=kc%20royals&geo=US"
"megan rapinoe","500+","10 de septiembre de 2026 a las 19:20:00 UTC-3","10 de septiembre de 2026 a las 19:50:00 UTC-3","megan rapinoe","./explore?q=megan%20rapinoe&geo=US"
"gme","500+","8 de septiembre de 2026 a las 11:00:00 UTC-3","8 de septiembre de 2026 a las 12:20:00 UTC-3","gme","./explore?q=gme&geo=US"
"orlando weather","500+","7 de septiembre de 2026 a las 8:50:00 UTC-3","7 de septiembre de 2026 a las 12:10:00 UTC-3","orlando weather","./explore?q=orlando%20weather&geo=US"
"leo bernal","500+","9 de septiembre de 2026 a las 18:10:00 UTC-3","9 de septiembre de 2026 a las 18:40:00 UTC-3","leo bernal","./explore?q=leo%20bernal&geo=US"
"maha","500+","7 de septiembre de 2026 a las 9:40:00 UTC-3","7 de septiembre de 2026 a las 10:50:00 UTC-3","maha","./explore?q=maha&geo=US"
"bhayshul tuten","500+","7 de septiembre de 2026 a las 21:40:00 UTC-3","7 de septiembre de 2026 a las 22:50:00 UTC-3","bhayshul tuten","./explore?q=bhayshul%20tuten&geo=US"
"michael j fox","500+","7 de septiembre de 2026 a las 14:50:00 UTC-3","7 de septiembre de 2026 a las 16:00:00 UTC-3","michael j fox","./explore?q=michael%20j%20fox&geo=US"
"harvey","500+","8 de septiembre de 2026 a las 19:50:00 UTC-3","8 de septiembre de 2026 a las 20:30:00 UTC-3","harvey","./explore?q=harvey&geo=US"
"georgina lightning","500+","7 de septiembre de 2026 a las 9:00:00 UTC-3","7 de septiembre de 2026 a las 10:40:00 UTC-3","georgina lightning","./explore?q=georgina%20lightning&geo=US"
"matt dee bondi rescue","500+","7 de septiembre de 2026 a las 8:20:00 UTC-3","7 de septiembre de 2026 a las 11:40:00 UTC-3","matt dee bondi rescue","./explore?q=matt%20dee%20bondi%20rescue&geo=US"
"the handmaid's tale","500+","7 de septiembre de 2026 a las 18:10:00 UTC-3","7 de septiembre de 2026 a las 19:10:00 UTC-3","the handmaid's tale","./explore?q=the%20handmaid%27s%20tale&geo=US"
"carlos rodón","500+","11 de septiembre de 2026 a las 22:10:00 UTC-3","11 de septiembre de 2026 a las 22:30:00 UTC-3","carlos rodón","./explore?q=carlos%20rod%C3%B3n&geo=US"
"holtec nuclear corporation","500+","8 de septiembre de 2026 a las 11:30:00 UTC-3","8 de septiembre de 2026 a las 12:20:00 UTC-3","holtec nuclear corporation","./explore?q=holtec%20nuclear%20corporation&geo=US"
"regal cinemas","500+","7 de septiembre de 2026 a las 14:40:00 UTC-3","7 de septiembre de 2026 a las 16:40:00 UTC-3","regal cinemas","./explore?q=regal%20cinemas&geo=US"
"cody bellinger","500+","9 de septiembre de 2026 a las 22:50:00 UTC-3","9 de septiembre de 2026 a las 23:20:00 UTC-3","cody bellinger","./explore?q=cody%20bellinger&geo=US"
"call of duty","500+","11 de septiembre de 2026 a las 16:50:00 UTC-3","11 de septiembre de 2026 a las 17:10:00 UTC-3","call of duty","./explore?q=call%20of%20duty&geo=US"
"iss","500+","9 de septiembre de 2026 a las 21:40:00 UTC-3","9 de septiembre de 2026 a las 22:20:00 UTC-3","iss","./explore?q=iss&geo=US"
"smci stock","500+","8 de septiembre de 2026 a las 10:50:00 UTC-3","8 de septiembre de 2026 a las 11:50:00 UTC-3","smci stock","./explore?q=smci%20stock&geo=US"
"browns depth chart","500+","7 de septiembre de 2026 a las 22:10:00 UTC-3","7 de septiembre de 2026 a las 23:00:00 UTC-3","browns depth chart","./explore?q=browns%20depth%20chart&geo=US"
"naruto","500+","11 de septiembre de 2026 a las 11:10:00 UTC-3","11 de septiembre de 2026 a las 11:30:00 UTC-3","naruto","./explore?q=naruto&geo=US"
"world map","500+","10 de septiembre de 2026 a las 17:20:00 UTC-3","10 de septiembre de 2026 a las 17:50:00 UTC-3","world map","./explore?q=world%20map&geo=US"
"kevin mcgonigle","500+","8 de septiembre de 2026 a las 21:30:00 UTC-3","8 de septiembre de 2026 a las 22:10:00 UTC-3","kevin mcgonigle","./explore?q=kevin%20mcgonigle&geo=US"
"cristopher sanchez","500+","9 de septiembre de 2026 a las 21:10:00 UTC-3","9 de septiembre de 2026 a las 21:40:00 UTC-3","cristopher sanchez","./explore?q=cristopher%20sanchez&geo=US"
"yann sommer","500+","8 de septiembre de 2026 a las 14:40:00 UTC-3","8 de septiembre de 2026 a las 15:30:00 UTC-3","yann sommer","./explore?q=yann%20sommer&geo=US"
"jacob lopez","500+","8 de septiembre de 2026 a las 0:30:00 UTC-3","8 de septiembre de 2026 a las 1:30:00 UTC-3","jacob lopez","./explore?q=jacob%20lopez&geo=US"
"fluminense","500+","8 de septiembre de 2026 a las 19:40:00 UTC-3","8 de septiembre de 2026 a las 20:20:00 UTC-3","fluminense","./explore?q=fluminense&geo=US"
"tudn","500+","8 de septiembre de 2026 a las 16:20:00 UTC-3","8 de septiembre de 2026 a las 17:00:00 UTC-3","tudn","./explore?q=tudn&geo=US"
"daily mail","500+","10 de septiembre de 2026 a las 17:20:00 UTC-3","10 de septiembre de 2026 a las 17:50:00 UTC-3","daily mail","./explore?q=daily%20mail&geo=US"
"whats the weather","500+","11 de septiembre de 2026 a las 7:50:00 UTC-3","11 de septiembre de 2026 a las 8:50:00 UTC-3","whats the weather","./explore?q=whats%20the%20weather&geo=US"
"iowa city weather","500+","8 de septiembre de 2026 a las 23:20:00 UTC-3","9 de septiembre de 2026 a las 0:00:00 UTC-3","iowa city weather","./explore?q=iowa%20city%20weather&geo=US"
"sc lottery","500+","8 de septiembre de 2026 a las 14:40:00 UTC-3","8 de septiembre de 2026 a las 15:20:00 UTC-3","sc lottery","./explore?q=sc%20lottery&geo=US"
"osama bin laden","500+","8 de septiembre de 2026 a las 1:30:00 UTC-3","8 de septiembre de 2026 a las 3:20:00 UTC-3","osama bin laden","./explore?q=osama%20bin%20laden&geo=US"
"flash flood warning","500+","9 de septiembre de 2026 a las 7:20:00 UTC-3","9 de septiembre de 2026 a las 7:50:00 UTC-3","flash flood warning","./explore?q=flash%20flood%20warning&geo=US"
"lisa","500+","7 de septiembre de 2026 a las 17:10:00 UTC-3","7 de septiembre de 2026 a las 18:00:00 UTC-3","lisa","./explore?q=lisa&geo=US"
"val kilmer","500+","8 de septiembre de 2026 a las 20:50:00 UTC-3","8 de septiembre de 2026 a las 21:30:00 UTC-3","val kilmer","./explore?q=val%20kilmer&geo=US"
"crwv stock","500+","8 de septiembre de 2026 a las 11:10:00 UTC-3","8 de septiembre de 2026 a las 13:20:00 UTC-3","crwv stock","./explore?q=crwv%20stock&geo=US"
"atlético nacional - deportivo cali","500+","8 de septiembre de 2026 a las 0:50:00 UTC-3","8 de septiembre de 2026 a las 1:30:00 UTC-3","atlético nacional - deportivo cali","./explore?q=atl%C3%A9tico%20nacional%20-%20deportivo%20cali&geo=US"
"daulton varsho","500+","8 de septiembre de 2026 a las 22:10:00 UTC-3","8 de septiembre de 2026 a las 22:40:00 UTC-3","daulton varsho","./explore?q=daulton%20varsho&geo=US"
"chicago cubs vs milwaukee brewers match player stats","500+","8 de septiembre de 2026 a las 23:40:00 UTC-3","9 de septiembre de 2026 a las 0:20:00 UTC-3","chicago cubs vs milwaukee brewers match player stats","./explore?q=chicago%20cubs%20vs%20milwaukee%20brewers%20match%20player%20stats&geo=US"
"economic calendar","500+","10 de septiembre de 2026 a las 9:40:00 UTC-3","10 de septiembre de 2026 a las 10:10:00 UTC-3","economic calendar","./explore?q=economic%20calendar&geo=US"
"flight tracker","500+","7 de septiembre de 2026 a las 12:30:00 UTC-3","7 de septiembre de 2026 a las 15:20:00 UTC-3","flight tracker","./explore?q=flight%20tracker&geo=US"
"stephanie white","500+","7 de septiembre de 2026 a las 21:20:00 UTC-3","7 de septiembre de 2026 a las 22:10:00 UTC-3","stephanie white","./explore?q=stephanie%20white&geo=US"
"travis bazzana","500+","8 de septiembre de 2026 a las 20:40:00 UTC-3","8 de septiembre de 2026 a las 21:10:00 UTC-3","travis bazzana","./explore?q=travis%20bazzana&geo=US"
"miniseries","500+","8 de septiembre de 2026 a las 21:00:00 UTC-3","8 de septiembre de 2026 a las 21:30:00 UTC-3","miniseries","./explore?q=miniseries&geo=US"
"emelec - manta","500+","7 de septiembre de 2026 a las 21:00:00 UTC-3","7 de septiembre de 2026 a las 21:40:00 UTC-3","emelec - manta","./explore?q=emelec%20-%20manta&geo=US"
"porter martone","500+","10 de septiembre de 2026 a las 15:00:00 UTC-3","10 de septiembre de 2026 a las 15:20:00 UTC-3","porter martone","./explore?q=porter%20martone&geo=US"
"pittsburgh pirates","500+","10 de septiembre de 2026 a las 7:20:00 UTC-3","10 de septiembre de 2026 a las 7:40:00 UTC-3","pittsburgh pirates","./explore?q=pittsburgh%20pirates&geo=US"
"bills depth chart","500+","7 de septiembre de 2026 a las 22:00:00 UTC-3","7 de septiembre de 2026 a las 22:40:00 UTC-3","bills depth chart","./explore?q=bills%20depth%20chart&geo=US"
"john thune","500+","9 de septiembre de 2026 a las 23:30:00 UTC-3","9 de septiembre de 2026 a las 23:50:00 UTC-3","john thune","./explore?q=john%20thune&geo=US"
"iphone handoff","500+","9 de septiembre de 2026 a las 15:10:00 UTC-3","9 de septiembre de 2026 a las 15:30:00 UTC-3","iphone handoff","./explore?q=iphone%20handoff&geo=US"
"llaneros - tolima","500+","7 de septiembre de 2026 a las 20:00:00 UTC-3","7 de septiembre de 2026 a las 20:30:00 UTC-3","llaneros - tolima","./explore?q=llaneros%20-%20tolima&geo=US"
"trea turner","500+","9 de septiembre de 2026 a las 22:00:00 UTC-3","9 de septiembre de 2026 a las 22:20:00 UTC-3","trea turner","./explore?q=trea%20turner&geo=US"
"air force one","500+","7 de septiembre de 2026 a las 15:10:00 UTC-3","7 de septiembre de 2026 a las 15:40:00 UTC-3","air force one","./explore?q=air%20force%20one&geo=US"
"hidetaka miyazaki","500+","7 de septiembre de 2026 a las 15:10:00 UTC-3","7 de septiembre de 2026 a las 15:50:00 UTC-3","hidetaka miyazaki","./explore?q=hidetaka%20miyazaki&geo=US"
"christian mccaffrey injury","500+","7 de septiembre de 2026 a las 21:30:00 UTC-3","7 de septiembre de 2026 a las 22:00:00 UTC-3","christian mccaffrey injury","./explore?q=christian%20mccaffrey%20injury&geo=US"
"cardinals qb","500+","7 de septiembre de 2026 a las 21:50:00 UTC-3","7 de septiembre de 2026 a las 22:30:00 UTC-3","cardinals qb","./explore?q=cardinals%20qb&geo=US"
"the odyssey","500+","7 de septiembre de 2026 a las 16:00:00 UTC-3","7 de septiembre de 2026 a las 16:20:00 UTC-3","the odyssey","./explore?q=the%20odyssey&geo=US"
"trea turner","500+","8 de septiembre de 2026 a las 22:10:00 UTC-3","8 de septiembre de 2026 a las 22:30:00 UTC-3","trea turner","./explore?q=trea%20turner&geo=US"
"17-0","500+","8 de septiembre de 2026 a las 10:40:00 UTC-3","8 de septiembre de 2026 a las 11:00:00 UTC-3","17-0","./explore?q=17-0&geo=US"
"rookie of the year","500+","7 de septiembre de 2026 a las 22:50:00 UTC-3","7 de septiembre de 2026 a las 23:10:00 UTC-3","rookie of the year","./explore?q=rookie%20of%20the%20year&geo=US"
"dylan crews","500+","7 de septiembre de 2026 a las 20:30:00 UTC-3","7 de septiembre de 2026 a las 20:50:00 UTC-3","dylan crews","./explore?q=dylan%20crews&geo=US"
"sofi stock","500+","8 de septiembre de 2026 a las 11:10:00 UTC-3","8 de septiembre de 2026 a las 11:30:00 UTC-3","sofi stock","./explore?q=sofi%20stock&geo=US"
"tropical storm weather forecast","200+","14 de septiembre de 2026 a las 7:40:00 UTC-3",,"tropical storm weather forecast","./explore?q=tropical%20storm%20weather%20forecast&geo=US"
"costco rationing oil","200+","14 de septiembre de 2026 a las 6:20:00 UTC-3",,"costco rationing oil","./explore?q=costco%20rationing%20oil&geo=US"
"nvda","200+","14 de septiembre de 2026 a las 7:40:00 UTC-3",,"nvda","./explore?q=nvda&geo=US"
"blake lively","200+","14 de septiembre de 2026 a las 7:00:00 UTC-3",,"blake lively","./explore?q=blake%20lively&geo=US"
"temperature","200+","14 de septiembre de 2026 a las 7:20:00 UTC-3",,"temperature","./explore?q=temperature&geo=US"
"goog stock","200+","14 de septiembre de 2026 a las 7:50:00 UTC-3",,"goog stock","./explore?q=goog%20stock&geo=US"
"dave franco","200+","14 de septiembre de 2026 a las 7:50:00 UTC-3",,"dave franco","./explore?q=dave%20franco&geo=US"
"kaley cuoco","200+","14 de septiembre de 2026 a las 7:20:00 UTC-3",,"kaley cuoco","./explore?q=kaley%20cuoco&geo=US"
"xrp price","200+","14 de septiembre de 2026 a las 7:30:00 UTC-3","14 de septiembre de 2026 a las 7:50:00 UTC-3","xrp price","./explore?q=xrp%20price&geo=US"
"jk dobbins","200+","14 de septiembre de 2026 a las 1:10:00 UTC-3","14 de septiembre de 2026 a las 1:50:00 UTC-3","jk dobbins","./explore?q=jk%20dobbins&geo=US"
"kurt warner","200+","13 de septiembre de 2026 a las 10:20:00 UTC-3","13 de septiembre de 2026 a las 11:30:00 UTC-3","kurt warner","./explore?q=kurt%20warner&geo=US"
"rb leipzig vs hamburg","200+","13 de septiembre de 2026 a las 10:30:00 UTC-3","13 de septiembre de 2026 a las 11:40:00 UTC-3","rb leipzig vs hamburg","./explore?q=rb%20leipzig%20vs%20hamburg&geo=US"
"san antonio spurs trade rumors","200+","13 de septiembre de 2026 a las 10:40:00 UTC-3","13 de septiembre de 2026 a las 11:40:00 UTC-3","san antonio spurs trade rumors","./explore?q=san%20antonio%20spurs%20trade%20rumors&geo=US"
"charalampos kostoulas","200+","13 de septiembre de 2026 a las 10:50:00 UTC-3","13 de septiembre de 2026 a las 11:40:00 UTC-3","charalampos kostoulas","./explore?q=charalampos%20kostoulas&geo=US"
"manny pacquiao","200+","13 de septiembre de 2026 a las 0:40:00 UTC-3","13 de septiembre de 2026 a las 1:40:00 UTC-3","manny pacquiao","./explore?q=manny%20pacquiao&geo=US"
"asha sharma","200+","12 de septiembre de 2026 a las 8:00:00 UTC-3","12 de septiembre de 2026 a las 10:50:00 UTC-3","asha sharma","./explore?q=asha%20sharma&geo=US"
"cole young","200+","13 de septiembre de 2026 a las 1:40:00 UTC-3","13 de septiembre de 2026 a las 2:30:00 UTC-3","cole young","./explore?q=cole%20young&geo=US"
"damson idris","200+","13 de septiembre de 2026 a las 2:00:00 UTC-3","13 de septiembre de 2026 a las 3:10:00 UTC-3","damson idris","./explore?q=damson%20idris&geo=US"
"todays weather","200+","13 de septiembre de 2026 a las 8:10:00 UTC-3","13 de septiembre de 2026 a las 9:00:00 UTC-3","todays weather","./explore?q=todays%20weather&geo=US"
"weather forecast","200+","12 de septiembre de 2026 a las 6:40:00 UTC-3","12 de septiembre de 2026 a las 9:50:00 UTC-3","weather forecast","./explore?q=weather%20forecast&geo=US"
"dagoberto espinoza","200+","13 de septiembre de 2026 a las 1:10:00 UTC-3","13 de septiembre de 2026 a las 1:50:00 UTC-3","dagoberto espinoza","./explore?q=dagoberto%20espinoza&geo=US"
"columbus weather","200+","12 de septiembre de 2026 a las 9:40:00 UTC-3","12 de septiembre de 2026 a las 10:50:00 UTC-3","columbus weather","./explore?q=columbus%20weather&geo=US"
"ndiaye","200+","13 de septiembre de 2026 a las 14:20:00 UTC-3","13 de septiembre de 2026 a las 14:40:00 UTC-3","ndiaye","./explore?q=ndiaye&geo=US"
"earthquake brentwood","200+","12 de septiembre de 2026 a las 4:20:00 UTC-3","12 de septiembre de 2026 a las 5:30:00 UTC-3","earthquake brentwood","./explore?q=earthquake%20brentwood&geo=US"
"roy cohn","200+","12 de septiembre de 2026 a las 9:40:00 UTC-3","12 de septiembre de 2026 a las 10:40:00 UTC-3","roy cohn","./explore?q=roy%20cohn&geo=US"
"swimming","200+","12 de septiembre de 2026 a las 5:40:00 UTC-3","12 de septiembre de 2026 a las 8:00:00 UTC-3","swimming","./explore?q=swimming&geo=US"
"óscar perea","200+","13 de septiembre de 2026 a las 2:40:00 UTC-3","13 de septiembre de 2026 a las 3:20:00 UTC-3","óscar perea","./explore?q=%C3%B3scar%20perea&geo=US"
"leslie jones","200+","12 de septiembre de 2026 a las 2:10:00 UTC-3","12 de septiembre de 2026 a las 3:10:00 UTC-3","leslie jones","./explore?q=leslie%20jones&geo=US"
"arch manning father","200+","13 de septiembre de 2026 a las 0:10:00 UTC-3","13 de septiembre de 2026 a las 0:40:00 UTC-3","arch manning father","./explore?q=arch%20manning%20father&geo=US"
"army fitness test","200+","12 de septiembre de 2026 a las 1:40:00 UTC-3","12 de septiembre de 2026 a las 2:40:00 UTC-3","army fitness test","./explore?q=army%20fitness%20test&geo=US"
"jennifer kupcho","200+","12 de septiembre de 2026 a las 14:20:00 UTC-3","12 de septiembre de 2026 a las 15:00:00 UTC-3","jennifer kupcho","./explore?q=jennifer%20kupcho&geo=US"
"sacovie white-helton","200+","12 de septiembre de 2026 a las 15:20:00 UTC-3","12 de septiembre de 2026 a las 16:00:00 UTC-3","sacovie white-helton","./explore?q=sacovie%20white-helton&geo=US"
"arsenal vs crystal palace","200+","13 de septiembre de 2026 a las 11:20:00 UTC-3","13 de septiembre de 2026 a las 11:40:00 UTC-3","arsenal vs crystal palace","./explore?q=arsenal%20vs%20crystal%20palace&geo=US"
"mason miller","200+","12 de septiembre de 2026 a las 2:20:00 UTC-3","12 de septiembre de 2026 a las 3:20:00 UTC-3","mason miller","./explore?q=mason%20miller&geo=US"
"today's weather","200+","13 de septiembre de 2026 a las 8:00:00 UTC-3","13 de septiembre de 2026 a las 9:00:00 UTC-3","today's weather","./explore?q=today%27s%20weather&geo=US"
"ucrania","200+","12 de septiembre de 2026 a las 10:10:00 UTC-3","12 de septiembre de 2026 a las 11:00:00 UTC-3","ucrania","./explore?q=ucrania&geo=US"
"uber stock","200+","10 de septiembre de 2026 a las 14:20:00 UTC-3","10 de septiembre de 2026 a las 16:00:00 UTC-3","uber stock","./explore?q=uber%20stock&geo=US"
"gisele bündchen","200+","11 de septiembre de 2026 a las 7:30:00 UTC-3","11 de septiembre de 2026 a las 9:10:00 UTC-3","gisele bündchen","./explore?q=gisele%20b%C3%BCndchen&geo=US"
"angel city fc","200+","12 de septiembre de 2026 a las 0:50:00 UTC-3","12 de septiembre de 2026 a las 1:40:00 UTC-3","angel city fc","./explore?q=angel%20city%20fc&geo=US"
"dc weather","200+","11 de septiembre de 2026 a las 7:30:00 UTC-3","11 de septiembre de 2026 a las 8:50:00 UTC-3","dc weather","./explore?q=dc%20weather&geo=US"
"naomi klein","200+","12 de septiembre de 2026 a las 8:40:00 UTC-3","12 de septiembre de 2026 a las 9:40:00 UTC-3","naomi klein","./explore?q=naomi%20klein&geo=US"
"new subdivisions","200+","10 de septiembre de 2026 a las 5:00:00 UTC-3","10 de septiembre de 2026 a las 7:40:00 UTC-3","new subdivisions","./explore?q=new%20subdivisions&geo=US"
"giants game today","200+","12 de septiembre de 2026 a las 2:00:00 UTC-3","12 de septiembre de 2026 a las 3:00:00 UTC-3","giants game today","./explore?q=giants%20game%20today&geo=US"
"economic calendar","200+","11 de septiembre de 2026 a las 9:30:00 UTC-3","11 de septiembre de 2026 a las 10:30:00 UTC-3","economic calendar","./explore?q=economic%20calendar&geo=US"
"stockport vs leicester city","200+","12 de septiembre de 2026 a las 12:50:00 UTC-3","12 de septiembre de 2026 a las 13:20:00 UTC-3","stockport vs leicester city","./explore?q=stockport%20vs%20leicester%20city&geo=US"
"nl east standings","200+","12 de septiembre de 2026 a las 0:20:00 UTC-3","12 de septiembre de 2026 a las 1:00:00 UTC-3","nl east standings","./explore?q=nl%20east%20standings&geo=US"
"rachel scott","200+","12 de septiembre de 2026 a las 9:20:00 UTC-3","12 de septiembre de 2026 a las 10:10:00 UTC-3","rachel scott","./explore?q=rachel%20scott&geo=US"
"last american to win us open","200+","12 de septiembre de 2026 a las 0:10:00 UTC-3","12 de septiembre de 2026 a las 0:50:00 UTC-3","last american to win us open","./explore?q=last%20american%20to%20win%20us%20open&geo=US"
"is open","200+","12 de septiembre de 2026 a las 0:00:00 UTC-3","12 de septiembre de 2026 a las 0:40:00 UTC-3","is open","./explore?q=is%20open&geo=US"
"southampton vs bristol city","200+","12 de septiembre de 2026 a las 11:00:00 UTC-3","12 de septiembre de 2026 a las 11:30:00 UTC-3","southampton vs bristol city","./explore?q=southampton%20vs%20bristol%20city&geo=US"
"are banks open today","200+","11 de septiembre de 2026 a las 9:50:00 UTC-3","11 de septiembre de 2026 a las 11:00:00 UTC-3","are banks open today","./explore?q=are%20banks%20open%20today&geo=US"
"bloomberg","200+","11 de septiembre de 2026 a las 9:50:00 UTC-3","11 de septiembre de 2026 a las 10:40:00 UTC-3","bloomberg","./explore?q=bloomberg&geo=US"
"big noon kickoff","200+","12 de septiembre de 2026 a las 10:40:00 UTC-3","12 de septiembre de 2026 a las 11:10:00 UTC-3","big noon kickoff","./explore?q=big%20noon%20kickoff&geo=US"
"kevin cosgrove","200+","12 de septiembre de 2026 a las 11:20:00 UTC-3","12 de septiembre de 2026 a las 11:50:00 UTC-3","kevin cosgrove","./explore?q=kevin%20cosgrove&geo=US"
"lyon vs paris fc","200+","12 de septiembre de 2026 a las 10:40:00 UTC-3","12 de septiembre de 2026 a las 11:10:00 UTC-3","lyon vs paris fc","./explore?q=lyon%20vs%20paris%20fc&geo=US"
"manchester united","200+","10 de septiembre de 2026 a las 16:50:00 UTC-3","10 de septiembre de 2026 a las 18:00:00 UTC-3","manchester united","./explore?q=manchester%20united&geo=US"
"super bowl halftime show","200+","12 de septiembre de 2026 a las 10:30:00 UTC-3","12 de septiembre de 2026 a las 11:00:00 UTC-3","super bowl halftime show","./explore?q=super%20bowl%20halftime%20show&geo=US"
"michael busch","200+","12 de septiembre de 2026 a las 16:20:00 UTC-3","12 de septiembre de 2026 a las 16:40:00 UTC-3","michael busch","./explore?q=michael%20busch&geo=US"
"brooks koepka","200+","10 de septiembre de 2026 a las 7:30:00 UTC-3","10 de septiembre de 2026 a las 9:00:00 UTC-3","brooks koepka","./explore?q=brooks%20koepka&geo=US"
"pete rose","200+","10 de septiembre de 2026 a las 0:50:00 UTC-3","10 de septiembre de 2026 a las 2:00:00 UTC-3","pete rose","./explore?q=pete%20rose&geo=US"
"cable tv","200+","11 de septiembre de 2026 a las 1:20:00 UTC-3","11 de septiembre de 2026 a las 2:10:00 UTC-3","cable tv","./explore?q=cable%20tv&geo=US"
"first tower hit","200+","11 de septiembre de 2026 a las 9:40:00 UTC-3","11 de septiembre de 2026 a las 10:20:00 UTC-3","first tower hit","./explore?q=first%20tower%20hit&geo=US"
"line of fire","200+","10 de septiembre de 2026 a las 0:10:00 UTC-3","10 de septiembre de 2026 a las 1:20:00 UTC-3","line of fire","./explore?q=line%20of%20fire&geo=US"
"eliezer alfonzo","200+","10 de septiembre de 2026 a las 1:50:00 UTC-3","10 de septiembre de 2026 a las 2:50:00 UTC-3","eliezer alfonzo","./explore?q=eliezer%20alfonzo&geo=US"
"pierce brosnan","200+","10 de septiembre de 2026 a las 8:50:00 UTC-3","10 de septiembre de 2026 a las 10:00:00 UTC-3","pierce brosnan","./explore?q=pierce%20brosnan&geo=US"
"fotmob","200+","10 de septiembre de 2026 a las 17:10:00 UTC-3","10 de septiembre de 2026 a las 17:50:00 UTC-3","fotmob","./explore?q=fotmob&geo=US"
"home prices","200+","11 de septiembre de 2026 a las 5:20:00 UTC-3","11 de septiembre de 2026 a las 6:30:00 UTC-3","home prices,housing prices","./explore?q=home%20prices&geo=US"
"tomb","200+","10 de septiembre de 2026 a las 14:30:00 UTC-3","10 de septiembre de 2026 a las 15:40:00 UTC-3","tomb","./explore?q=tomb&geo=US"
"eduard bazardo","200+","12 de septiembre de 2026 a las 2:30:00 UTC-3","12 de septiembre de 2026 a las 3:00:00 UTC-3","eduard bazardo","./explore?q=eduard%20bazardo&geo=US"
"weather dc","200+","11 de septiembre de 2026 a las 7:50:00 UTC-3","11 de septiembre de 2026 a las 8:40:00 UTC-3","weather dc","./explore?q=weather%20dc&geo=US"
"gwyneth paltrow brad pitt relationship","200+","9 de septiembre de 2026 a las 0:50:00 UTC-3","9 de septiembre de 2026 a las 2:00:00 UTC-3","gwyneth paltrow brad pitt relationship","./explore?q=gwyneth%20paltrow%20brad%20pitt%20relationship&geo=US"
"ocean photographer of the year seahorse","200+","10 de septiembre de 2026 a las 16:40:00 UTC-3","10 de septiembre de 2026 a las 17:20:00 UTC-3","ocean photographer of the year seahorse","./explore?q=ocean%20photographer%20of%20the%20year%20seahorse&geo=US"
"sandra bullock husband","200+","10 de septiembre de 2026 a las 17:20:00 UTC-3","10 de septiembre de 2026 a las 18:20:00 UTC-3","sandra bullock husband","./explore?q=sandra%20bullock%20husband&geo=US"
"washington spirit","200+","9 de septiembre de 2026 a las 0:40:00 UTC-3","9 de septiembre de 2026 a las 1:40:00 UTC-3","washington spirit","./explore?q=washington%20spirit&geo=US"
"tunnels to towers","200+","11 de septiembre de 2026 a las 12:10:00 UTC-3","11 de septiembre de 2026 a las 12:40:00 UTC-3","tunnels to towers","./explore?q=tunnels%20to%20towers&geo=US"
"lottery","200+","9 de septiembre de 2026 a las 4:20:00 UTC-3","9 de septiembre de 2026 a las 5:30:00 UTC-3","lottery","./explore?q=lottery&geo=US"
"new york times games","200+","10 de septiembre de 2026 a las 17:20:00 UTC-3","10 de septiembre de 2026 a las 18:30:00 UTC-3","new york times games","./explore?q=new%20york%20times%20games&geo=US"
"gleiker mendoza","200+","10 de septiembre de 2026 a las 15:00:00 UTC-3","10 de septiembre de 2026 a las 15:40:00 UTC-3","gleiker mendoza","./explore?q=gleiker%20mendoza&geo=US"
"joey ortiz","200+","11 de septiembre de 2026 a las 23:50:00 UTC-3","12 de septiembre de 2026 a las 0:10:00 UTC-3","joey ortiz","./explore?q=joey%20ortiz&geo=US"
"dogs","200+","10 de septiembre de 2026 a las 17:10:00 UTC-3","10 de septiembre de 2026 a las 17:50:00 UTC-3","dogs","./explore?q=dogs&geo=US"
"dustin harris","200+","12 de septiembre de 2026 a las 0:30:00 UTC-3","12 de septiembre de 2026 a las 0:50:00 UTC-3","dustin harris","./explore?q=dustin%20harris&geo=US"
"martha raddatz","200+","11 de septiembre de 2026 a las 22:50:00 UTC-3","11 de septiembre de 2026 a las 23:10:00 UTC-3","martha raddatz","./explore?q=martha%20raddatz&geo=US"
"sam shepard","200+","7 de septiembre de 2026 a las 11:00:00 UTC-3","7 de septiembre de 2026 a las 13:50:00 UTC-3","sam shepard","./explore?q=sam%20shepard&geo=US"
"ahs season 13","200+","10 de septiembre de 2026 a las 14:30:00 UTC-3","10 de septiembre de 2026 a las 15:20:00 UTC-3","ahs season 13","./explore?q=ahs%20season%2013&geo=US"
"chris fowler","200+","11 de septiembre de 2026 a las 22:20:00 UTC-3","11 de septiembre de 2026 a las 22:40:00 UTC-3","chris fowler","./explore?q=chris%20fowler&geo=US"
"paracetamol","200+","9 de septiembre de 2026 a las 9:20:00 UTC-3","9 de septiembre de 2026 a las 10:20:00 UTC-3","paracetamol","./explore?q=paracetamol&geo=US"
"josh hutcherson","200+","8 de septiembre de 2026 a las 7:40:00 UTC-3","8 de septiembre de 2026 a las 9:10:00 UTC-3","josh hutcherson","./explore?q=josh%20hutcherson&geo=US"
"europa league","200+","11 de septiembre de 2026 a las 15:20:00 UTC-3","11 de septiembre de 2026 a las 15:40:00 UTC-3","europa league","./explore?q=europa%20league&geo=US"
"indonesia","200+","9 de septiembre de 2026 a las 1:50:00 UTC-3","9 de septiembre de 2026 a las 2:40:00 UTC-3","indonesia","./explore?q=indonesia&geo=US"
"npr","200+","11 de septiembre de 2026 a las 8:20:00 UTC-3","11 de septiembre de 2026 a las 8:50:00 UTC-3","npr","./explore?q=npr&geo=US"
"barbara palvin","200+","7 de septiembre de 2026 a las 13:20:00 UTC-3","7 de septiembre de 2026 a las 14:30:00 UTC-3","barbara palvin","./explore?q=barbara%20palvin&geo=US"
"art","200+","10 de septiembre de 2026 a las 17:20:00 UTC-3","10 de septiembre de 2026 a las 18:00:00 UTC-3","art","./explore?q=art&geo=US"
"mta","200+","11 de septiembre de 2026 a las 8:10:00 UTC-3","11 de septiembre de 2026 a las 8:40:00 UTC-3","mta","./explore?q=mta&geo=US"
"playstation store","200+","10 de septiembre de 2026 a las 11:30:00 UTC-3","10 de septiembre de 2026 a las 12:00:00 UTC-3","playstation store","./explore?q=playstation%20store&geo=US"
"naomi watts","200+","9 de septiembre de 2026 a las 11:50:00 UTC-3","9 de septiembre de 2026 a las 12:30:00 UTC-3","naomi watts","./explore?q=naomi%20watts&geo=US"
"disneyland ticket prices","200+","12 de septiembre de 2026 a las 5:50:00 UTC-3","12 de septiembre de 2026 a las 6:10:00 UTC-3","disneyland ticket prices","./explore?q=disneyland%20ticket%20prices&geo=US"
"ernesto laguardia","200+","9 de septiembre de 2026 a las 2:40:00 UTC-3","9 de septiembre de 2026 a las 3:30:00 UTC-3","ernesto laguardia","./explore?q=ernesto%20laguardia&geo=US"
"cynthia klitbo","200+","10 de septiembre de 2026 a las 2:20:00 UTC-3","10 de septiembre de 2026 a las 3:00:00 UTC-3","cynthia klitbo","./explore?q=cynthia%20klitbo&geo=US"
"time change 2026","200+","11 de septiembre de 2026 a las 7:50:00 UTC-3","11 de septiembre de 2026 a las 8:20:00 UTC-3","time change 2026","./explore?q=time%20change%202026&geo=US"
"somalia","200+","8 de septiembre de 2026 a las 9:50:00 UTC-3","8 de septiembre de 2026 a las 10:40:00 UTC-3","somalia","./explore?q=somalia&geo=US"
"braves game","200+","10 de septiembre de 2026 a las 15:40:00 UTC-3","10 de septiembre de 2026 a las 16:10:00 UTC-3","braves game","./explore?q=braves%20game&geo=US"
"tung tung tung sahur","200+","10 de septiembre de 2026 a las 17:20:00 UTC-3","10 de septiembre de 2026 a las 17:50:00 UTC-3","tung tung tung sahur","./explore?q=tung%20tung%20tung%20sahur&geo=US"
"anthony geary","200+","7 de septiembre de 2026 a las 16:10:00 UTC-3","7 de septiembre de 2026 a las 17:10:00 UTC-3","anthony geary","./explore?q=anthony%20geary&geo=US"
"driverless taxis","200+","8 de septiembre de 2026 a las 4:50:00 UTC-3","8 de septiembre de 2026 a las 6:10:00 UTC-3","driverless taxis","./explore?q=driverless%20taxis&geo=US"
"columbia","200+","11 de septiembre de 2026 a las 4:00:00 UTC-3","11 de septiembre de 2026 a las 4:30:00 UTC-3","columbia","./explore?q=columbia&geo=US"
"duke university school of medicine","200+","10 de septiembre de 2026 a las 15:30:00 UTC-3","10 de septiembre de 2026 a las 17:00:00 UTC-3","duke university school of medicine","./explore?q=duke%20university%20school%20of%20medicine&geo=US"
"mta","200+","10 de septiembre de 2026 a las 8:50:00 UTC-3","10 de septiembre de 2026 a las 9:20:00 UTC-3","mta","./explore?q=mta&geo=US"
"tanner scott","200+","9 de septiembre de 2026 a las 2:00:00 UTC-3","9 de septiembre de 2026 a las 2:30:00 UTC-3","tanner scott","./explore?q=tanner%20scott&geo=US"
"hilton","200+","10 de septiembre de 2026 a las 14:40:00 UTC-3","10 de septiembre de 2026 a las 17:10:00 UTC-3","hilton","./explore?q=hilton&geo=US"
"recruitment agency","200+","9 de septiembre de 2026 a las 2:50:00 UTC-3","9 de septiembre de 2026 a las 3:30:00 UTC-3","recruitment agency","./explore?q=recruitment%20agency&geo=US"
"professor layton","200+","9 de septiembre de 2026 a las 11:50:00 UTC-3","9 de septiembre de 2026 a las 12:20:00 UTC-3","professor layton","./explore?q=professor%20layton&geo=US"
"today","200+","7 de septiembre de 2026 a las 9:50:00 UTC-3","7 de septiembre de 2026 a las 10:50:00 UTC-3","today","./explore?q=today&geo=US"
"music","200+","9 de septiembre de 2026 a las 15:10:00 UTC-3","9 de septiembre de 2026 a las 15:40:00 UTC-3","music","./explore?q=music&geo=US"
"what is the weather today","200+","8 de septiembre de 2026 a las 8:20:00 UTC-3","8 de septiembre de 2026 a las 9:20:00 UTC-3","what is the weather today","./explore?q=what%20is%20the%20weather%20today&geo=US"
"what is a data breach","200+","8 de septiembre de 2026 a las 6:10:00 UTC-3","8 de septiembre de 2026 a las 7:00:00 UTC-3","what is a data breach","./explore?q=what%20is%20a%20data%20breach&geo=US"
"maryland state fair","200+","7 de septiembre de 2026 a las 9:30:00 UTC-3","7 de septiembre de 2026 a las 10:20:00 UTC-3","maryland state fair","./explore?q=maryland%20state%20fair&geo=US"
"king charles","200+","7 de septiembre de 2026 a las 14:00:00 UTC-3","7 de septiembre de 2026 a las 14:50:00 UTC-3","king charles","./explore?q=king%20charles&geo=US"
"is target open today","200+","7 de septiembre de 2026 a las 12:10:00 UTC-3","7 de septiembre de 2026 a las 13:50:00 UTC-3","is target open today","./explore?q=is%20target%20open%20today&geo=US"
"sandra bullock partner","200+","10 de septiembre de 2026 a las 17:50:00 UTC-3","10 de septiembre de 2026 a las 18:10:00 UTC-3","sandra bullock partner","./explore?q=sandra%20bullock%20partner&geo=US"
"al mokawloon vs al ahly","200+","9 de septiembre de 2026 a las 16:30:00 UTC-3","9 de septiembre de 2026 a las 17:00:00 UTC-3","al mokawloon vs al ahly","./explore?q=al%20mokawloon%20vs%20al%20ahly&geo=US"
"elegant september nail colours","200+","7 de septiembre de 2026 a las 9:10:00 UTC-3","7 de septiembre de 2026 a las 10:10:00 UTC-3","elegant september nail colours","./explore?q=elegant%20september%20nail%20colours&geo=US"
"unemployment","200+","8 de septiembre de 2026 a las 8:50:00 UTC-3","8 de septiembre de 2026 a las 9:20:00 UTC-3","unemployment","./explore?q=unemployment&geo=US"
"blake lively","200+","10 de septiembre de 2026 a las 2:40:00 UTC-3","10 de septiembre de 2026 a las 3:00:00 UTC-3","blake lively","./explore?q=blake%20lively&geo=US"
"politico","200+","11 de septiembre de 2026 a las 7:40:00 UTC-3","11 de septiembre de 2026 a las 8:00:00 UTC-3","politico","./explore?q=politico&geo=US"
"nogales mexico","200+","7 de septiembre de 2026 a las 9:00:00 UTC-3","7 de septiembre de 2026 a las 9:50:00 UTC-3","nogales mexico","./explore?q=nogales%20mexico&geo=US"
"new york knicks","200+","8 de septiembre de 2026 a las 7:40:00 UTC-3","8 de septiembre de 2026 a las 8:30:00 UTC-3","new york knicks","./explore?q=new%20york%20knicks&geo=US"
"hayley atwell","200+","9 de septiembre de 2026 a las 10:20:00 UTC-3","9 de septiembre de 2026 a las 10:40:00 UTC-3","hayley atwell","./explore?q=hayley%20atwell&geo=US"
"robert gasser","200+","7 de septiembre de 2026 a las 16:30:00 UTC-3","7 de septiembre de 2026 a las 17:10:00 UTC-3","robert gasser","./explore?q=robert%20gasser&geo=US"
"go kart sprocket","200+","7 de septiembre de 2026 a las 9:10:00 UTC-3","7 de septiembre de 2026 a las 9:50:00 UTC-3","go kart sprocket","./explore?q=go%20kart%20sprocket&geo=US"
"lando norris","200+","7 de septiembre de 2026 a las 12:00:00 UTC-3","7 de septiembre de 2026 a las 12:50:00 UTC-3","lando norris","./explore?q=lando%20norris&geo=US"
"kaley cuoco","200+","7 de septiembre de 2026 a las 9:10:00 UTC-3","7 de septiembre de 2026 a las 9:50:00 UTC-3","kaley cuoco","./explore?q=kaley%20cuoco&geo=US"
"lowes labor day hours","200+","7 de septiembre de 2026 a las 8:50:00 UTC-3","7 de septiembre de 2026 a las 9:40:00 UTC-3","lowes labor day hours","./explore?q=lowes%20labor%20day%20hours&geo=US"
"jovaughn gwyn","200+","7 de septiembre de 2026 a las 16:50:00 UTC-3","7 de septiembre de 2026 a las 17:20:00 UTC-3","jovaughn gwyn","./explore?q=jovaughn%20gwyn&geo=US"
"is school closed on labor day","200+","7 de septiembre de 2026 a las 9:00:00 UTC-3","7 de septiembre de 2026 a las 9:40:00 UTC-3","is school closed on labor day","./explore?q=is%20school%20closed%20on%20labor%20day&geo=US"
"fsu punter","200+","8 de septiembre de 2026 a las 0:20:00 UTC-3","8 de septiembre de 2026 a las 0:40:00 UTC-3","fsu punter","./explore?q=fsu%20punter&geo=US"
"jared kushner","200+","7 de septiembre de 2026 a las 9:20:00 UTC-3","7 de septiembre de 2026 a las 9:50:00 UTC-3","jared kushner","./explore?q=jared%20kushner&geo=US"
"dr amy acton","200+","7 de septiembre de 2026 a las 8:40:00 UTC-3","7 de septiembre de 2026 a las 9:20:00 UTC-3","dr amy acton","./explore?q=dr%20amy%20acton&geo=US"
"stars","200+","8 de septiembre de 2026 a las 11:00:00 UTC-3","8 de septiembre de 2026 a las 11:20:00 UTC-3","stars","./explore?q=stars&geo=US"
"joy behar","200+","8 de septiembre de 2026 a las 12:50:00 UTC-3","8 de septiembre de 2026 a las 13:10:00 UTC-3","joy behar","./explore?q=joy%20behar&geo=US"
"nhra","200+","7 de septiembre de 2026 a las 16:20:00 UTC-3","7 de septiembre de 2026 a las 16:50:00 UTC-3","nhra","./explore?q=nhra&geo=US"
"tsm stock","200+","8 de septiembre de 2026 a las 11:10:00 UTC-3","8 de septiembre de 2026 a las 11:30:00 UTC-3","tsm stock","./explore?q=tsm%20stock&geo=US"
"ultimate fighting championship","200+","7 de septiembre de 2026 a las 16:20:00 UTC-3","7 de septiembre de 2026 a las 16:40:00 UTC-3","ultimate fighting championship","./explore?q=ultimate%20fighting%20championship&geo=US"
"eos","200+","7 de septiembre de 2026 a las 12:00:00 UTC-3","7 de septiembre de 2026 a las 12:40:00 UTC-3","eos","./explore?q=eos&geo=US"
"brian armstrong","200+","7 de septiembre de 2026 a las 14:50:00 UTC-3","7 de septiembre de 2026 a las 15:10:00 UTC-3","brian armstrong","./explore?q=brian%20armstrong&geo=US"
"falcons depth chart","200+","7 de septiembre de 2026 a las 10:00:00 UTC-3","7 de septiembre de 2026 a las 10:20:00 UTC-3","falcons depth chart","./explore?q=falcons%20depth%20chart&geo=US"
"aaron gordon","100+","14 de septiembre de 2026 a las 7:50:00 UTC-3",,"aaron gordon","./explore?q=aaron%20gordon&geo=US"
"reba mcentire dolly parton emmy tribute","100+","14 de septiembre de 2026 a las 7:10:00 UTC-3","14 de septiembre de 2026 a las 7:30:00 UTC-3","reba mcentire dolly parton emmy tribute","./explore?q=reba%20mcentire%20dolly%20parton%20emmy%20tribute&geo=US"
"surrogacy","100+","12 de septiembre de 2026 a las 8:20:00 UTC-3","12 de septiembre de 2026 a las 9:20:00 UTC-3","surrogacy","./explore?q=surrogacy&geo=US"
"cryptocurrency trading","100+","12 de septiembre de 2026 a las 5:50:00 UTC-3","12 de septiembre de 2026 a las 6:20:00 UTC-3","cryptocurrency trading","./explore?q=cryptocurrency%20trading&geo=US"
"nick woltemade","100+","11 de septiembre de 2026 a las 5:00:00 UTC-3","11 de septiembre de 2026 a las 6:00:00 UTC-3","nick woltemade","./explore?q=nick%20woltemade&geo=US"
"tudn","100+","9 de septiembre de 2026 a las 14:10:00 UTC-3","9 de septiembre de 2026 a las 15:20:00 UTC-3","tudn","./explore?q=tudn&geo=US"
"elon musk","100+","11 de septiembre de 2026 a las 5:00:00 UTC-3","11 de septiembre de 2026 a las 5:50:00 UTC-3","elon musk","./explore?q=elon%20musk&geo=US"
"hail","100+","10 de septiembre de 2026 a las 16:20:00 UTC-3","10 de septiembre de 2026 a las 17:00:00 UTC-3","hail","./explore?q=hail&geo=US"
"stars","100+","10 de septiembre de 2026 a las 12:10:00 UTC-3","10 de septiembre de 2026 a las 14:20:00 UTC-3","stars","./explore?q=stars&geo=US"
"booking","100+","11 de septiembre de 2026 a las 5:30:00 UTC-3","11 de septiembre de 2026 a las 6:20:00 UTC-3","booking","./explore?q=booking&geo=US"
"argentina","100+","9 de septiembre de 2026 a las 14:20:00 UTC-3","9 de septiembre de 2026 a las 15:40:00 UTC-3","argentina","./explore?q=argentina&geo=US"
"17-0","100+","9 de septiembre de 2026 a las 14:10:00 UTC-3","9 de septiembre de 2026 a las 15:20:00 UTC-3","17-0","./explore?q=17-0&geo=US"
"garmin","100+","12 de septiembre de 2026 a las 8:30:00 UTC-3","12 de septiembre de 2026 a las 8:50:00 UTC-3","garmin","./explore?q=garmin&geo=US"
"argentina","100+","10 de septiembre de 2026 a las 17:20:00 UTC-3","10 de septiembre de 2026 a las 17:50:00 UTC-3","argentina","./explore?q=argentina&geo=US"
"juegos","100+","10 de septiembre de 2026 a las 17:20:00 UTC-3","10 de septiembre de 2026 a las 17:50:00 UTC-3","juegos","./explore?q=juegos&geo=US"
"yeti phone case","100+","10 de septiembre de 2026 a las 13:10:00 UTC-3","10 de septiembre de 2026 a las 13:40:00 UTC-3","yeti phone case","./explore?q=yeti%20phone%20case&geo=US"
"peppa pig","100+","10 de septiembre de 2026 a las 17:20:00 UTC-3","10 de septiembre de 2026 a las 17:50:00 UTC-3","peppa pig","./explore?q=peppa%20pig&geo=US"
"cardi b family birthday celebration","100+","8 de septiembre de 2026 a las 6:30:00 UTC-3","8 de septiembre de 2026 a las 7:30:00 UTC-3","cardi b family birthday celebration","./explore?q=cardi%20b%20family%20birthday%20celebration&geo=US"
"indianapolis weather","100+","12 de septiembre de 2026 a las 7:10:00 UTC-3","12 de septiembre de 2026 a las 7:30:00 UTC-3","indianapolis weather","./explore?q=indianapolis%20weather&geo=US"
"trump approval rating","100+","11 de septiembre de 2026 a las 7:30:00 UTC-3","11 de septiembre de 2026 a las 7:50:00 UTC-3","trump approval rating","./explore?q=trump%20approval%20rating&geo=US"
"sports today","100+","7 de septiembre de 2026 a las 13:10:00 UTC-3","7 de septiembre de 2026 a las 14:10:00 UTC-3","sports today","./explore?q=sports%20today&geo=US"
"renoir museum artwork stolen south france","100+","8 de septiembre de 2026 a las 7:40:00 UTC-3","8 de septiembre de 2026 a las 8:20:00 UTC-3","renoir museum artwork stolen south france","./explore?q=renoir%20museum%20artwork%20stolen%20south%20france&geo=US"
"gme","100+","10 de septiembre de 2026 a las 14:40:00 UTC-3","10 de septiembre de 2026 a las 15:00:00 UTC-3","gme","./explore?q=gme&geo=US"
"washington dc","100+","9 de septiembre de 2026 a las 15:10:00 UTC-3","9 de septiembre de 2026 a las 16:00:00 UTC-3","washington dc","./explore?q=washington%20dc&geo=US"
"14th amendment","100+","9 de septiembre de 2026 a las 15:20:00 UTC-3","9 de septiembre de 2026 a las 16:30:00 UTC-3","14th amendment","./explore?q=14th%20amendment&geo=US"
"ladwp","100+","10 de septiembre de 2026 a las 3:50:00 UTC-3","10 de septiembre de 2026 a las 4:10:00 UTC-3","ladwp","./explore?q=ladwp&geo=US"
"μαζωνακησ","100+","9 de septiembre de 2026 a las 13:00:00 UTC-3","9 de septiembre de 2026 a las 13:20:00 UTC-3","μαζωνακησ","./explore?q=%CE%BC%CE%B1%CE%B6%CF%89%CE%BD%CE%B1%CE%BA%CE%B7%CF%83&geo=US"
"cnn news","100+","9 de septiembre de 2026 a las 13:40:00 UTC-3","9 de septiembre de 2026 a las 14:00:00 UTC-3","cnn news","./explore?q=cnn%20news&geo=US"
"hamilton","100+","9 de septiembre de 2026 a las 14:00:00 UTC-3","9 de septiembre de 2026 a las 14:20:00 UTC-3","hamilton","./explore?q=hamilton&geo=US"
"tetris","100+","9 de septiembre de 2026 a las 15:10:00 UTC-3","9 de septiembre de 2026 a las 15:30:00 UTC-3","tetris","./explore?q=tetris&geo=US"
"razaullah","100+","9 de septiembre de 2026 a las 13:00:00 UTC-3","9 de septiembre de 2026 a las 13:20:00 UTC-3","razaullah","./explore?q=razaullah&geo=US"
"turkish airlines","100+","7 de septiembre de 2026 a las 14:40:00 UTC-3","7 de septiembre de 2026 a las 15:00:00 UTC-3","turkish airlines","./explore?q=turkish%20airlines&geo=US"