"Tendencias","Volumen de búsquedas","Inicio","Finalizada","Desglose de tendencias","Enlace a Explorar"
"japan vs india","500 mil+","17 de septiembre de 2026 a las 23:20:00 UTC-3",,"japan vs india,jpnw vs indw,japan women's national cricket team vs india women's national cricket team match scorecard,asian games cricket match,ind vs japan,india vs japan,cricbuzz,ind w vs japan w,ind vs jap,live score,india match,live cricket,live cricket score,cricket live score,cricket live,where to watch japan women's national cricket team vs india women's national cricket team,score,today match,japan women's national cricket team vs india women's national cricket team players,indian cricket team,live score cricket,cricket match,richa ghosh,match score,match today,india cricket match,live cricket match today,ind vs japan w,india score,india live score,asian games cricket,scorecard,live match score,india match schedule,ind cricket,ind live score,india today match,cricket live score today","./explore?q=japan%20vs%20india&geo=IN"
"sri lanka vs england","500 mil+","17 de septiembre de 2026 a las 14:00:00 UTC-3",,"sri lanka vs england,sl vs eng,श्रीलंका बनाम इंगलैंड,tilak varma,tom banton,liam dawson,wanindu hasaranga,jamie overton,kamindu mendis,will jacks,eshan malinga,england cricket,england cricket team,eng vs sri lanka","./explore?q=sri%20lanka%20vs%20england&geo=IN"
"you me against the world","50 mil+","18 de septiembre de 2026 a las 6:10:00 UTC-3",,"you me against the world","./explore?q=you%20me%20against%20the%20world&geo=IN"
"india national cricket team vs afghanistan national cricket team match scorecard","500 mil+","17 de septiembre de 2026 a las 10:40:00 UTC-3",,"india national cricket team vs afghanistan national cricket team match scorecard,fastest century in t20,abhishek sharma,fastest 100 in t20,fastest t20 century,fastest century,sikandar raza,ravi bishnoi,axar patel,fastest century in t20 international,fastest century in t20i,fastest t20 century in international cricket,india national cricket team,cricket score,ind vs,fastest hundred in t20,t20 fastest century,ind,fastest t20i century,fastest century in t20 international cricket,india versus afghanistan,t20,ind vs afg highlights,fastest 100 in t20i,cricinfo,afghanistan national cricket team vs india national cricket team,ind match,fastest 100,fastest 100 in t20 international,in vs afg,india vs,match,india vs afg,india national cricket team vs afghanistan national cricket team,ind vs afg live streaming,fastest century in cricket,where to watch afghanistan national cricket team vs india national cricket team,today cricket match,abhishek sharma fastest century,live match,india vs afghanistan highlights,india afghanistan match,afghanistan national cricket team,india-afghanistan live match,india vs afghanistan live streaming,cricket score live,india at afghanistan,fastest century in cricket history,where to watch ind vs afg,india vs afghanistan live match,ind vs afg t20 live,india vs afghanistan cricket match,ind vs af,today match live,fastest t20 international century,fastest hundred in t20 international,indian vs afghanistan,india vs afganistan,fastest hundred in t20i,india,india live match,fastest t20 100,fastest century in international cricket,india-afghanistan live score,ind vs afg t20 live streaming,afghanistan national cricket team vs india national cricket team matches,ind afg t20,fastest t20 hundred,india afghanistan match live,t20 fastest century international,t20 fastest 100,t20 international fastest century,ind vs afg t20 2026,india versus afghanistan match,fastest 100 in cricket,ind afg match,india afghanistan t20,fastest international t20 century,t20i fastest century,fastest hundred,today india match,fastest t 20 century,fastest 100 in international cricket,international t20 fastest century,fastest international century,fastest 100 t20,india match today,india-afghanistan ka match,ind vs afg toss,india-afghanistan match live,ind vs afghanistan live,ind vs afg t20 highlights,ind vs afg where to watch,india vs afghanistan t20 live,where to watch india vs afghanistan live,fastest century in t20 international cricket by indian,afghanistan,today cricket match live,india-afghanistan live,fastest century in t 20,today live match","./explore?q=india%20national%20cricket%20team%20vs%20afghanistan%20national%20cricket%20team%20match%20scorecard&geo=IN"
"brentford vs chelsea","50 mil+","18 de septiembre de 2026 a las 15:00:00 UTC-3",,"brentford vs chelsea,brentford f.c. vs chelsea f.c. standings,igor thiago,jaidon anthony,chelsea,danny welbeck,chelsea vs brentford,chelsea football club,brentford,chelsea vs","./explore?q=brentford%20vs%20chelsea&geo=IN"
"man city vs norwich city","100 mil+","17 de septiembre de 2026 a las 14:30:00 UTC-3",,"man city vs norwich city,norwich city,floyd samba,man city,man city vs norwich city lineups,manchester city,gerónimo rulli,man city vs norwich,manchester city f.c.,mancity","./explore?q=man%20city%20vs%20norwich%20city&geo=IN"
"oliver peake","200 mil+","18 de septiembre de 2026 a las 7:30:00 UTC-3",,"oliver peake,travis head,billy stanlake,josh hazlewood,ऑस्ट्रेलिया बनाम ज़िम्बाब्वे,australia national cricket team vs zimbabwe national cricket team match scorecard,cooper connolly,zim vs aus,ben curran,zimbabwe national cricket team vs australia national cricket team match scorecard,innocent kaia,josh inglis,alex carey,nathan ellis,brad evans,zimbabwe vs australia,australia national cricket team,zimbabwe vs india","./explore?q=oliver%20peake&geo=IN"
"shreyanka patil","20 mil+","17 de septiembre de 2026 a las 23:10:00 UTC-3",,"shreyanka patil","./explore?q=shreyanka%20patil&geo=IN"
"bayern vs union berlin","20 mil+","18 de septiembre de 2026 a las 14:40:00 UTC-3",,"bayern vs union berlin,bayern","./explore?q=bayern%20vs%20union%20berlin&geo=IN"
"भारत बनाम अफ़ग़ानिस्तान","200 mil+","17 de septiembre de 2026 a las 10:30:00 UTC-3",,"भारत बनाम अफ़ग़ानिस्तान,भारतीय क्रिकेट टीम बनाम अफगानिस्तान क्रिकेट टीम के मैच का स्कोरकार्ड,अभिषेक शर्मा,ind बनाम afg,हार,afg बनाम ind,लाइव स्ट्रीमिंग,fan code,t20 mein sabse tej shatak,अफगाणिस्तान राष्ट्रीय क्रिकेट संघ,भारतीय क्रिकेट टीम बनाम अफगानिस्तान क्रिकेट टीम,ind vs afg 3rd t20 highlights","./explore?q=%E0%A4%AD%E0%A4%BE%E0%A4%B0%E0%A4%A4%20%E0%A4%AC%E0%A4%A8%E0%A4%BE%E0%A4%AE%20%E0%A4%85%E0%A4%AB%E0%A4%BC%E0%A4%97%E0%A4%BC%E0%A4%BE%E0%A4%A8%E0%A4%BF%E0%A4%B8%E0%A5%8D%E0%A4%A4%E0%A4%BE%E0%A4%A8&geo=IN"
"bayern munich vs union berlin standings","20 mil+","18 de septiembre de 2026 a las 17:30:00 UTC-3",,"bayern munich vs union berlin standings,michael olise,bayern munich,harry kane,fc bayern munich","./explore?q=bayern%20munich%20vs%20union%20berlin%20standings&geo=IN"
"ajit agarkar","100 mil+","17 de septiembre de 2026 a las 13:20:00 UTC-3",,"ajit agarkar,cricket,ajit agarkar leaves bcci tenure,yesterday cricket match","./explore?q=ajit%20agarkar&geo=IN"
"dearness allowance","20 mil+","18 de septiembre de 2026 a las 1:10:00 UTC-3",,"dearness allowance","./explore?q=dearness%20allowance&geo=IN"
"modha rathiri","20 mil+","17 de septiembre de 2026 a las 16:10:00 UTC-3",,"modha rathiri,modha rathri ott,modha rathri,rishikanth","./explore?q=modha%20rathiri&geo=IN"
"japan vs hong kong","5 mil+","18 de septiembre de 2026 a las 21:40:00 UTC-3",,"japan vs hong kong","./explore?q=japan%20vs%20hong%20kong&geo=IN"
"vibe movie","20 mil+","18 de septiembre de 2026 a las 6:10:00 UTC-3",,"vibe movie,vibe,vibe movie review,kunal kemmu vibe movie review,kunal khemu","./explore?q=vibe%20movie&geo=IN"
"mukesh chhabra","20 mil+","18 de septiembre de 2026 a las 4:50:00 UTC-3",,"mukesh chhabra,nawazuddin siddiqui","./explore?q=mukesh%20chhabra&geo=IN"
"cat species","10 mil+","18 de septiembre de 2026 a las 0:00:00 UTC-3",,"cat species","./explore?q=cat%20species&geo=IN"
"వ్యాపారం","10 mil+","18 de septiembre de 2026 a las 6:10:00 UTC-3",,"వ్యాపారం","./explore?q=%E0%B0%B5%E0%B1%8D%E0%B0%AF%E0%B0%BE%E0%B0%AA%E0%B0%BE%E0%B0%B0%E0%B0%82&geo=IN"
"वंदे भारत एक्सप्रेस","50 mil+","17 de septiembre de 2026 a las 11:10:00 UTC-3",,"वंदे भारत एक्सप्रेस,वंदे भारत","./explore?q=%E0%A4%B5%E0%A4%82%E0%A4%A6%E0%A5%87%20%E0%A4%AD%E0%A4%BE%E0%A4%B0%E0%A4%A4%20%E0%A4%8F%E0%A4%95%E0%A5%8D%E0%A4%B8%E0%A4%AA%E0%A5%8D%E0%A4%B0%E0%A5%87%E0%A4%B8&geo=IN"
"ram and leela","20 mil+","17 de septiembre de 2026 a las 17:10:00 UTC-3",,"ram and leela,thudakkam movie,irumudi ott release date,thudakkam 2026,new ott releases september 18 2026","./explore?q=ram%20and%20leela&geo=IN"
"அரசாங்கம்","10 mil+","18 de septiembre de 2026 a las 8:10:00 UTC-3",,"அரசாங்கம்","./explore?q=%E0%AE%85%E0%AE%B0%E0%AE%9A%E0%AE%BE%E0%AE%99%E0%AF%8D%E0%AE%95%E0%AE%AE%E0%AF%8D&geo=IN"
"tata sons chairman","50 mil+","17 de septiembre de 2026 a las 9:10:00 UTC-3",,"tata sons chairman,noel tata,tata,tata trusts,n chandrasekaran,n chandrasekaran tata sons extension,tata chemicals share price","./explore?q=tata%20sons%20chairman&geo=IN"
"ममता बनर्जी","20 mil+","18 de septiembre de 2026 a las 0:50:00 UTC-3",,"ममता बनर्जी,चुनाव","./explore?q=%E0%A4%AE%E0%A4%AE%E0%A4%A4%E0%A4%BE%20%E0%A4%AC%E0%A4%A8%E0%A4%B0%E0%A5%8D%E0%A4%9C%E0%A5%80&geo=IN"
"gondhal movie","10 mil+","18 de septiembre de 2026 a las 7:40:00 UTC-3",,"gondhal movie,gondhal,మరాఠీ సినిమా","./explore?q=gondhal%20movie&geo=IN"
"irumudi","20 mil+","17 de septiembre de 2026 a las 17:00:00 UTC-3",,"irumudi,irumudi movie","./explore?q=irumudi&geo=IN"
"daayra movie kareena kapoor","20 mil+","18 de septiembre de 2026 a las 6:10:00 UTC-3",,"daayra movie kareena kapoor,daayra,daayra 2026,daayra review","./explore?q=daayra%20movie%20kareena%20kapoor&geo=IN"
"पूजा पाल","5 mil+","18 de septiembre de 2026 a las 13:20:00 UTC-3",,"पूजा पाल","./explore?q=%E0%A4%AA%E0%A5%82%E0%A4%9C%E0%A4%BE%20%E0%A4%AA%E0%A4%BE%E0%A4%B2&geo=IN"
"नन्दीग्राम","5 mil+","18 de septiembre de 2026 a las 8:40:00 UTC-3",,"नन्दीग्राम","./explore?q=%E0%A4%A8%E0%A4%A8%E0%A5%8D%E0%A4%A6%E0%A5%80%E0%A4%97%E0%A5%8D%E0%A4%B0%E0%A4%BE%E0%A4%AE&geo=IN"
"espanyol vs elche","5 mil+","18 de septiembre de 2026 a las 15:20:00 UTC-3",,"espanyol vs elche,espanyol vs elche cf standings","./explore?q=espanyol%20vs%20elche&geo=IN"
"iit bombay student protest news","5 mil+","18 de septiembre de 2026 a las 17:20:00 UTC-3",,"iit bombay student protest news,iit bombay","./explore?q=iit%20bombay%20student%20protest%20news&geo=IN"
"സുചിത്ര കൃഷ്ണമൂര്ത്തി","5 mil+","18 de septiembre de 2026 a las 12:30:00 UTC-3",,"സുചിത്ര കൃഷ്ണമൂര്ത്തി","./explore?q=%E0%B4%B8%E0%B5%81%E0%B4%9A%E0%B4%BF%E0%B4%A4%E0%B5%8D%E0%B4%B0%20%E0%B4%95%E0%B5%83%E0%B4%B7%E0%B5%8D%E0%B4%A3%E0%B4%AE%E0%B5%82%E0%B4%B0%E0%B5%8D%E0%B4%A4%E0%B5%8D%E0%B4%A4%E0%B4%BF&geo=IN"
"வானிலை","20 mil+","18 de septiembre de 2026 a las 22:10:00 UTC-3",,"வானிலை,கனமழை","./explore?q=%E0%AE%B5%E0%AE%BE%E0%AE%A9%E0%AE%BF%E0%AE%B2%E0%AF%88&geo=IN"
"मनोज जरांगे","20 mil+","18 de septiembre de 2026 a las 8:30:00 UTC-3",,"मनोज जरांगे","./explore?q=%E0%A4%AE%E0%A4%A8%E0%A5%8B%E0%A4%9C%20%E0%A4%9C%E0%A4%B0%E0%A4%BE%E0%A4%82%E0%A4%97%E0%A5%87&geo=IN"
"రేషన్","10 mil+","18 de septiembre de 2026 a las 10:30:00 UTC-3",,"రేషన్,రేషన్ కార్డు,ఆధార్","./explore?q=%E0%B0%B0%E0%B1%87%E0%B0%B7%E0%B0%A8%E0%B1%8D&geo=IN"
"dusu election 2026","10 mil+","18 de septiembre de 2026 a las 8:10:00 UTC-3",,"dusu election 2026,dusu election result 2026,dusu election result,dusu,du election 2026,abvp,dusu election,live","./explore?q=dusu%20election%202026&geo=IN"
"mohammad rizwan","10 mil+","17 de septiembre de 2026 a las 19:30:00 UTC-3",,"mohammad rizwan","./explore?q=mohammad%20rizwan&geo=IN"
"radha rani ki aarti","10 mil+","18 de septiembre de 2026 a las 20:00:00 UTC-3",,"radha rani ki aarti,राधा अष्टमी कब है,radha ashtami vrat vidhi,radha ashtami vrat katha,राधा अष्टमी,radhashtami,राधा अष्टमी की हार्दिक शुभकामनाएं,radha aarti,radha ashtami ki katha,राधा रानी की आरती,विधि,radha ashtami kab hai 2026","./explore?q=radha%20rani%20ki%20aarti&geo=IN"
"lust stories 3 cast","10 mil+","17 de septiembre de 2026 a las 16:00:00 UTC-3",,"lust stories 3 cast,aditi rao hydari,lust stories 3 movie release date","./explore?q=lust%20stories%203%20cast&geo=IN"
"bundesliga","5 mil+","18 de septiembre de 2026 a las 15:40:00 UTC-3",,"bundesliga","./explore?q=bundesliga&geo=IN"
"एथलीट","10 mil+","18 de septiembre de 2026 a las 5:50:00 UTC-3",,"एथलीट","./explore?q=%E0%A4%8F%E0%A4%A5%E0%A4%B2%E0%A5%80%E0%A4%9F&geo=IN"
"ఆంధ్ర ప్రదేశ్","10 mil+","17 de septiembre de 2026 a las 23:50:00 UTC-3",,"ఆంధ్ర ప్రదేశ్","./explore?q=%E0%B0%86%E0%B0%82%E0%B0%A7%E0%B1%8D%E0%B0%B0%20%E0%B0%AA%E0%B1%8D%E0%B0%B0%E0%B0%A6%E0%B1%87%E0%B0%B6%E0%B1%8D&geo=IN"
"கடன்","5 mil+","18 de septiembre de 2026 a las 6:40:00 UTC-3",,"கடன்","./explore?q=%E0%AE%95%E0%AE%9F%E0%AE%A9%E0%AF%8D&geo=IN"
"nithari case","10 mil+","18 de septiembre de 2026 a las 5:10:00 UTC-3",,"nithari case,surendra koli,surinder koli,moninder singh pandher","./explore?q=nithari%20case&geo=IN"
"kendel kadowaki-fleming","5 mil+","17 de septiembre de 2026 a las 13:00:00 UTC-3",,"kendel kadowaki-fleming","./explore?q=kendel%20kadowaki-fleming&geo=IN"
"davis cup","2 mil+","18 de septiembre de 2026 a las 8:00:00 UTC-3",,"davis cup","./explore?q=davis%20cup&geo=IN"
"पीएम किसान सम्मान निधि 24वीं किस्त","5 mil+","18 de septiembre de 2026 a las 8:10:00 UTC-3",,"पीएम किसान सम्मान निधि 24वीं किस्त","./explore?q=%E0%A4%AA%E0%A5%80%E0%A4%8F%E0%A4%AE%20%E0%A4%95%E0%A4%BF%E0%A4%B8%E0%A4%BE%E0%A4%A8%20%E0%A4%B8%E0%A4%AE%E0%A5%8D%E0%A4%AE%E0%A4%BE%E0%A4%A8%20%E0%A4%A8%E0%A4%BF%E0%A4%A7%E0%A4%BF%2024%E0%A4%B5%E0%A5%80%E0%A4%82%20%E0%A4%95%E0%A4%BF%E0%A4%B8%E0%A5%8D%E0%A4%A4&geo=IN"
"పాఠశాల","2 mil+","18 de septiembre de 2026 a las 12:10:00 UTC-3",,"పాఠశాల","./explore?q=%E0%B0%AA%E0%B0%BE%E0%B0%A0%E0%B0%B6%E0%B0%BE%E0%B0%B2&geo=IN"
"శుక్రుడు","5 mil+","18 de septiembre de 2026 a las 11:10:00 UTC-3",,"శుక్రుడు,బుధుడు","./explore?q=%E0%B0%B6%E0%B1%81%E0%B0%95%E0%B1%8D%E0%B0%B0%E0%B1%81%E0%B0%A1%E0%B1%81&geo=IN"
"employee","2 mil+","18 de septiembre de 2026 a las 12:50:00 UTC-3",,"employee","./explore?q=employee&geo=IN"
"fermín lópez","5 mil+","18 de septiembre de 2026 a las 10:00:00 UTC-3",,"fermín lópez","./explore?q=ferm%C3%ADn%20l%C3%B3pez&geo=IN"
"সর্বভারতীয় তৃণমূল কংগ্রেস","10 mil+","17 de septiembre de 2026 a las 23:10:00 UTC-3",,"সর্বভারতীয় তৃণমূল কংগ্রেস,মমতা বন্দ্যোপাধ্যায়","./explore?q=%E0%A6%B8%E0%A6%B0%E0%A7%8D%E0%A6%AC%E0%A6%AD%E0%A6%BE%E0%A6%B0%E0%A6%A4%E0%A7%80%E0%A6%AF%E0%A6%BC%20%E0%A6%A4%E0%A7%83%E0%A6%A3%E0%A6%AE%E0%A7%82%E0%A6%B2%20%E0%A6%95%E0%A6%82%E0%A6%97%E0%A7%8D%E0%A6%B0%E0%A7%87%E0%A6%B8&geo=IN"
"marvel avengers endgame encore","5 mil+","17 de septiembre de 2026 a las 23:50:00 UTC-3",,"marvel avengers endgame encore,avengers endgame encore","./explore?q=marvel%20avengers%20endgame%20encore&geo=IN"
"sk70","50 mil+","18 de septiembre de 2026 a las 7:00:00 UTC-3",,"sk70,suvarna keralam lottery results,karunya plus kerala lottery results,kn641,kerala lottery result today,kerala lottery,kerala lottery result,lottery result today,lottery result,today lottery result,karunya plus lottery result,lottery live,today kerala lottery result","./explore?q=sk70&geo=IN"
"गोरखपुर","5 mil+","17 de septiembre de 2026 a las 20:10:00 UTC-3",,"गोरखपुर","./explore?q=%E0%A4%97%E0%A5%8B%E0%A4%B0%E0%A4%96%E0%A4%AA%E0%A5%81%E0%A4%B0&geo=IN"
"tvs apache rtr","5 mil+","18 de septiembre de 2026 a las 13:10:00 UTC-3",,"tvs apache rtr,tvs ronin,tvs,tvs apache rtr 160","./explore?q=tvs%20apache%20rtr&geo=IN"
"रीता बहुगुणा","2 mil+","18 de septiembre de 2026 a las 10:50:00 UTC-3",,"रीता बहुगुणा","./explore?q=%E0%A4%B0%E0%A5%80%E0%A4%A4%E0%A4%BE%20%E0%A4%AC%E0%A4%B9%E0%A5%81%E0%A4%97%E0%A5%81%E0%A4%A3%E0%A4%BE&geo=IN"
"portugal national football team","5 mil+","18 de septiembre de 2026 a las 11:40:00 UTC-3",,"portugal national football team,nations league","./explore?q=portugal%20national%20football%20team&geo=IN"
"mobland","2 mil+","18 de septiembre de 2026 a las 6:50:00 UTC-3",,"mobland","./explore?q=mobland&geo=IN"
"yash thakur","200 mil+","17 de septiembre de 2026 a las 10:40:00 UTC-3","18 de septiembre de 2026 a las 12:10:00 UTC-3","yash thakur,fazalhaq farooqi,mujeeb ur rahman,india-afghanistan,ind vs afg live,ind vs afghanistan,azmatullah omarzai,india vs afghanistan t20,ind v afg,india-afghanistan match,ind vs afg 3rd t20,india vs afghanistan live,afghanistan cricket,ind vs afg live score,ind afg,cricbuzz live score,india vs afghanistan t20 2026,india afghanistan live match,afg vs ind live,ind vs afg odi,ind vs afg live match,afghanistan national cricket team vs india national cricket team players,india vs afghanistan cricket match today live streaming,india versus afghanistan live match,india national cricket team vs afghanistan national cricket team matches,india-afghanistan highlight,india-afghanistan t20,ind vs afg scorecard,match live,afg vs ind toss,ind va afg,south africa vs afghanistan,afg vs ind t20,india a vs afghanistan a today match,afg vs india,india vs afghanistan odi 2026 squad","./explore?q=yash%20thakur&geo=IN"
"आलिया भट्ट","2 mil+","18 de septiembre de 2026 a las 12:30:00 UTC-3",,"आलिया भट्ट","./explore?q=%E0%A4%86%E0%A4%B2%E0%A4%BF%E0%A4%AF%E0%A4%BE%20%E0%A4%AD%E0%A4%9F%E0%A5%8D%E0%A4%9F&geo=IN"
"the paradise","5 mil+","16 de septiembre de 2026 a las 23:00:00 UTC-3",,"the paradise,ది ప్యారడైజ్","./explore?q=the%20paradise&geo=IN"
"సమీక్ష","5 mil+","18 de septiembre de 2026 a las 5:00:00 UTC-3",,"సమీక్ష","./explore?q=%E0%B0%B8%E0%B0%AE%E0%B1%80%E0%B0%95%E0%B1%8D%E0%B0%B7&geo=IN"
"cm vijay","2 mil+","18 de septiembre de 2026 a las 10:00:00 UTC-3",,"cm vijay","./explore?q=cm%20vijay&geo=IN"
"జ్యోతిషం","2 mil+","18 de septiembre de 2026 a las 9:20:00 UTC-3",,"జ్యోతిషం","./explore?q=%E0%B0%9C%E0%B1%8D%E0%B0%AF%E0%B1%8B%E0%B0%A4%E0%B0%BF%E0%B0%B7%E0%B0%82&geo=IN"
"சர்தார் 2","1 mil+","18 de septiembre de 2026 a las 12:30:00 UTC-3",,"சர்தார் 2","./explore?q=%E0%AE%9A%E0%AE%B0%E0%AF%8D%E0%AE%A4%E0%AE%BE%E0%AE%B0%E0%AF%8D%202&geo=IN"
"2027","2 mil+","18 de septiembre de 2026 a las 12:30:00 UTC-3",,"2027","./explore?q=2027&geo=IN"
"kirk mckenzie","500+","18 de septiembre de 2026 a las 21:50:00 UTC-3",,"kirk mckenzie,amazon warriors vs jamaica kingsmen,guyana amazon warriors vs jamaica kingsmen match scorecard","./explore?q=kirk%20mckenzie&geo=IN"
"ऑस्ट्रेलिया राष्ट्रीय अंडर-19 क्रिकेट टीम","5 mil+","18 de septiembre de 2026 a las 14:00:00 UTC-3",,"ऑस्ट्रेलिया राष्ट्रीय अंडर-19 क्रिकेट टीम,अन्वय द्रविड़,आर्यवीर सहवाग,मैच","./explore?q=%E0%A4%91%E0%A4%B8%E0%A5%8D%E0%A4%9F%E0%A5%8D%E0%A4%B0%E0%A5%87%E0%A4%B2%E0%A4%BF%E0%A4%AF%E0%A4%BE%20%E0%A4%B0%E0%A4%BE%E0%A4%B7%E0%A5%8D%E0%A4%9F%E0%A5%8D%E0%A4%B0%E0%A5%80%E0%A4%AF%20%E0%A4%85%E0%A4%82%E0%A4%A1%E0%A4%B0-19%20%E0%A4%95%E0%A5%8D%E0%A4%B0%E0%A4%BF%E0%A4%95%E0%A5%87%E0%A4%9F%20%E0%A4%9F%E0%A5%80%E0%A4%AE&geo=IN"
"गजकेसरी","5 mil+","18 de septiembre de 2026 a las 8:00:00 UTC-3",,"गजकेसरी,राशियाँ","./explore?q=%E0%A4%97%E0%A4%9C%E0%A4%95%E0%A5%87%E0%A4%B8%E0%A4%B0%E0%A5%80&geo=IN"
"உதயநிதி ஸ்டாலின்","5 mil+","18 de septiembre de 2026 a las 6:20:00 UTC-3",,"உதயநிதி ஸ்டாலின்","./explore?q=%E0%AE%89%E0%AE%A4%E0%AE%AF%E0%AE%A8%E0%AE%BF%E0%AE%A4%E0%AE%BF%20%E0%AE%B8%E0%AF%8D%E0%AE%9F%E0%AE%BE%E0%AE%B2%E0%AE%BF%E0%AE%A9%E0%AF%8D&geo=IN"
"ബെത്ലഹേം കുടുംബ യൂണിറ്റ്","2 mil+","18 de septiembre de 2026 a las 11:40:00 UTC-3",,"ബെത്ലഹേം കുടുംബ യൂണിറ്റ്","./explore?q=%E0%B4%AC%E0%B5%86%E0%B4%A4%E0%B5%8D%E0%B4%B2%E0%B4%B9%E0%B5%87%E0%B4%82%20%E0%B4%95%E0%B5%81%E0%B4%9F%E0%B5%81%E0%B4%82%E0%B4%AC%20%E0%B4%AF%E0%B5%82%E0%B4%A3%E0%B4%BF%E0%B4%B1%E0%B5%8D%E0%B4%B1%E0%B5%8D&geo=IN"
"thailand vs pakistan","100 mil+","17 de septiembre de 2026 a las 3:20:00 UTC-3","18 de septiembre de 2026 a las 9:50:00 UTC-3","thailand vs pakistan,pakistan vs thailand,श्रीलंका महिला बनाम मलेशिया विमेन,pakistan women cricket team,w,caribbean premier league,थाईलैंड महिला बनाम पाकिस्तान महिला,पाकिस्तान महिला राष्ट्रीय क्रिकेट टीम","./explore?q=thailand%20vs%20pakistan&geo=IN"
"ಮೈಸೂರು ದಸರಾ","1 mil+","18 de septiembre de 2026 a las 13:00:00 UTC-3",,"ಮೈಸೂರು ದಸರಾ","./explore?q=%E0%B2%AE%E0%B3%88%E0%B2%B8%E0%B3%82%E0%B2%B0%E0%B3%81%20%E0%B2%A6%E0%B2%B8%E0%B2%B0%E0%B2%BE&geo=IN"
"ബിനോയ് വിശ്വം","2 mil+","18 de septiembre de 2026 a las 10:10:00 UTC-3",,"ബിനോയ് വിശ്വം","./explore?q=%E0%B4%AC%E0%B4%BF%E0%B4%A8%E0%B5%8B%E0%B4%AF%E0%B5%8D%20%E0%B4%B5%E0%B4%BF%E0%B4%B6%E0%B5%8D%E0%B4%B5%E0%B4%82&geo=IN"
"indian air force","1 mil+","18 de septiembre de 2026 a las 12:30:00 UTC-3",,"indian air force","./explore?q=indian%20air%20force&geo=IN"
"ట్రావిస్ హెడ్","1 mil+","18 de septiembre de 2026 a las 13:30:00 UTC-3",,"ట్రావిస్ హెడ్","./explore?q=%E0%B0%9F%E0%B1%8D%E0%B0%B0%E0%B0%BE%E0%B0%B5%E0%B0%BF%E0%B0%B8%E0%B1%8D%20%E0%B0%B9%E0%B1%86%E0%B0%A1%E0%B1%8D&geo=IN"
"todd boehly","2 mil+","17 de septiembre de 2026 a las 7:20:00 UTC-3",,"todd boehly","./explore?q=todd%20boehly&geo=IN"
"मानसून","50 mil+","17 de septiembre de 2026 a las 4:10:00 UTC-3","18 de septiembre de 2026 a las 13:10:00 UTC-3","मानसून,पश्चिमी विक्षोभ,उत्तर प्रदेश,यूपी में बारिश कब तक होगी","./explore?q=%E0%A4%AE%E0%A4%BE%E0%A4%A8%E0%A4%B8%E0%A5%82%E0%A4%A8&geo=IN"
"maaz sadaqat","500+","18 de septiembre de 2026 a las 21:50:00 UTC-3",,"maaz sadaqat","./explore?q=maaz%20sadaqat&geo=IN"
"जोस बटलर","5 mil+","18 de septiembre de 2026 a las 2:50:00 UTC-3",,"जोस बटलर,श्रीलंका वि इंग्लंड,श्रीलंका क्रिकेट टीम बनाम इंग्लैंड क्रिकेट टीम के मैच का स्कोरकार्ड","./explore?q=%E0%A4%9C%E0%A5%8B%E0%A4%B8%20%E0%A4%AC%E0%A4%9F%E0%A4%B2%E0%A4%B0&geo=IN"
"सिम","1 mil+","18 de septiembre de 2026 a las 13:00:00 UTC-3",,"सिम","./explore?q=%E0%A4%B8%E0%A4%BF%E0%A4%AE&geo=IN"
"നിയമോപദേശം","200+","18 de septiembre de 2026 a las 21:20:00 UTC-3",,"നിയമോപദേശം","./explore?q=%E0%B4%A8%E0%B4%BF%E0%B4%AF%E0%B4%AE%E0%B5%8B%E0%B4%AA%E0%B4%A6%E0%B5%87%E0%B4%B6%E0%B4%82&geo=IN"
"the scandal","2 mil+","18 de septiembre de 2026 a las 10:40:00 UTC-3",,"the scandal","./explore?q=the%20scandal&geo=IN"
"தேர்தல்","20 mil+","18 de septiembre de 2026 a las 2:20:00 UTC-3","18 de septiembre de 2026 a las 15:40:00 UTC-3","தேர்தல்","./explore?q=%E0%AE%A4%E0%AF%87%E0%AE%B0%E0%AF%8D%E0%AE%A4%E0%AE%B2%E0%AF%8D&geo=IN"
"বর্ষা","2 mil+","18 de septiembre de 2026 a las 10:20:00 UTC-3",,"বর্ষা","./explore?q=%E0%A6%AC%E0%A6%B0%E0%A7%8D%E0%A6%B7%E0%A6%BE&geo=IN"
"नरेन्द्र मोदी","50 mil+","17 de septiembre de 2026 a las 3:10:00 UTC-3","18 de septiembre de 2026 a las 5:10:00 UTC-3","नरेन्द्र मोदी","./explore?q=%E0%A4%A8%E0%A4%B0%E0%A5%87%E0%A4%A8%E0%A5%8D%E0%A4%A6%E0%A5%8D%E0%A4%B0%20%E0%A4%AE%E0%A5%8B%E0%A4%A6%E0%A5%80&geo=IN"
"alia bhatt","20 mil+","17 de septiembre de 2026 a las 16:20:00 UTC-3","18 de septiembre de 2026 a las 20:10:00 UTC-3","alia bhatt","./explore?q=alia%20bhatt&geo=IN"
"स्कूटर","200+","18 de septiembre de 2026 a las 21:20:00 UTC-3",,"स्कूटर","./explore?q=%E0%A4%B8%E0%A5%8D%E0%A4%95%E0%A5%82%E0%A4%9F%E0%A4%B0&geo=IN"
"పాకిస్తాన్","1 mil+","18 de septiembre de 2026 a las 9:20:00 UTC-3",,"పాకిస్తాన్","./explore?q=%E0%B0%AA%E0%B0%BE%E0%B0%95%E0%B0%BF%E0%B0%B8%E0%B1%8D%E0%B0%A4%E0%B0%BE%E0%B0%A8%E0%B1%8D&geo=IN"
"ss retail ipo gmp","20 mil+","18 de septiembre de 2026 a las 0:00:00 UTC-3","18 de septiembre de 2026 a las 13:00:00 UTC-3","ss retail ipo gmp,ss retail ipo,ss retail,ss retail gmp","./explore?q=ss%20retail%20ipo%20gmp&geo=IN"
"twiggy","500+","18 de septiembre de 2026 a las 16:10:00 UTC-3",,"twiggy","./explore?q=twiggy&geo=IN"
"దసరా","20 mil+","17 de septiembre de 2026 a las 9:40:00 UTC-3","18 de septiembre de 2026 a las 11:10:00 UTC-3","దసరా","./explore?q=%E0%B0%A6%E0%B0%B8%E0%B0%B0%E0%B0%BE&geo=IN"
"पाऊस","10 mil+","18 de septiembre de 2026 a las 2:50:00 UTC-3","18 de septiembre de 2026 a las 22:30:00 UTC-3","पाऊस","./explore?q=%E0%A4%AA%E0%A4%BE%E0%A4%8A%E0%A4%B8&geo=IN"
"indian navy","20 mil+","17 de septiembre de 2026 a las 8:40:00 UTC-3","18 de septiembre de 2026 a las 11:00:00 UTC-3","indian navy,navy,pns hunain indian navy encounter,ins","./explore?q=indian%20navy&geo=IN"
"जनता दल यूनाइटेड","20 mil+","17 de septiembre de 2026 a las 4:40:00 UTC-3","18 de septiembre de 2026 a las 9:30:00 UTC-3","जनता दल यूनाइटेड","./explore?q=%E0%A4%9C%E0%A4%A8%E0%A4%A4%E0%A4%BE%20%E0%A4%A6%E0%A4%B2%20%E0%A4%AF%E0%A5%82%E0%A4%A8%E0%A4%BE%E0%A4%87%E0%A4%9F%E0%A5%87%E0%A4%A1&geo=IN"
"greenland","100+","18 de septiembre de 2026 a las 22:10:00 UTC-3",,"greenland","./explore?q=greenland&geo=IN"
"బంగారం","20 mil+","18 de septiembre de 2026 a las 0:40:00 UTC-3","18 de septiembre de 2026 a las 9:00:00 UTC-3","బంగారం,వెండి","./explore?q=%E0%B0%AC%E0%B0%82%E0%B0%97%E0%B0%BE%E0%B0%B0%E0%B0%82&geo=IN"
"வன்னி அரசு","10 mil+","18 de septiembre de 2026 a las 22:00:00 UTC-3",,"வன்னி அரசு,கல்வி,மாணவர்,m k stalin","./explore?q=%E0%AE%B5%E0%AE%A9%E0%AF%8D%E0%AE%A9%E0%AE%BF%20%E0%AE%85%E0%AE%B0%E0%AE%9A%E0%AF%81&geo=IN"
"റിയാദ്","500+","18 de septiembre de 2026 a las 13:10:00 UTC-3",,"റിയാദ്","./explore?q=%E0%B4%B1%E0%B4%BF%E0%B4%AF%E0%B4%BE%E0%B4%A6%E0%B5%8D&geo=IN"
"fábio carvalho","500+","18 de septiembre de 2026 a las 18:20:00 UTC-3",,"fábio carvalho","./explore?q=f%C3%A1bio%20carvalho&geo=IN"
"समाजवादी पार्टी","10 mil+","17 de septiembre de 2026 a las 20:40:00 UTC-3","18 de septiembre de 2026 a las 13:30:00 UTC-3","समाजवादी पार्टी","./explore?q=%E0%A4%B8%E0%A4%AE%E0%A4%BE%E0%A4%9C%E0%A4%B5%E0%A4%BE%E0%A4%A6%E0%A5%80%20%E0%A4%AA%E0%A4%BE%E0%A4%B0%E0%A5%8D%E0%A4%9F%E0%A5%80&geo=IN"
"చాణక్య నీతి","1 mil+","18 de septiembre de 2026 a las 10:40:00 UTC-3",,"చాణక్య నీతి","./explore?q=%E0%B0%9A%E0%B0%BE%E0%B0%A3%E0%B0%95%E0%B1%8D%E0%B0%AF%20%E0%B0%A8%E0%B1%80%E0%B0%A4%E0%B0%BF&geo=IN"
"ट्रेविस हेड","10 mil+","18 de septiembre de 2026 a las 13:40:00 UTC-3",,"ट्रेविस हेड,mitchell marsh,aus बनाम zim","./explore?q=%E0%A4%9F%E0%A5%8D%E0%A4%B0%E0%A5%87%E0%A4%B5%E0%A4%BF%E0%A4%B8%20%E0%A4%B9%E0%A5%87%E0%A4%A1&geo=IN"
"nse ipo","50 mil+","17 de septiembre de 2026 a las 0:10:00 UTC-3","18 de septiembre de 2026 a las 8:10:00 UTC-3","nse ipo,jindal ipo gmp,nse gmp,nse ipo subscription status,nse ipo gmp today,nse,ss retail ipo gmp today,nse ipo date,jindal supreme ipo gmp today,hero ipo gmp,ipo gmp today","./explore?q=nse%20ipo&geo=IN"
"ugc net","20 mil+","17 de septiembre de 2026 a las 15:40:00 UTC-3","18 de septiembre de 2026 a las 8:30:00 UTC-3","ugc net,ugc net result,ugc net result 2026,national testing agency,re exam result","./explore?q=ugc%20net&geo=IN"
"एशियन गेम्स क्रिकेट","10 mil+","18 de septiembre de 2026 a las 19:10:00 UTC-3",,"एशियन गेम्स क्रिकेट,जापान महिला बनाम भारतीय महिला,जापान महिला बनाम भारतीय महिला राष्ट्रीय क्रिकेट टीम के मैच का स्कोरकार्ड","./explore?q=%E0%A4%8F%E0%A4%B6%E0%A4%BF%E0%A4%AF%E0%A4%A8%20%E0%A4%97%E0%A5%87%E0%A4%AE%E0%A5%8D%E0%A4%B8%20%E0%A4%95%E0%A5%8D%E0%A4%B0%E0%A4%BF%E0%A4%95%E0%A5%87%E0%A4%9F&geo=IN"
"कर्मचारी भविष्य निधि","20 mil+","17 de septiembre de 2026 a las 21:10:00 UTC-3","18 de septiembre de 2026 a las 22:50:00 UTC-3","कर्मचारी भविष्य निधि,बीमा,pf","./explore?q=%E0%A4%95%E0%A4%B0%E0%A5%8D%E0%A4%AE%E0%A4%9A%E0%A4%BE%E0%A4%B0%E0%A5%80%20%E0%A4%AD%E0%A4%B5%E0%A4%BF%E0%A4%B7%E0%A5%8D%E0%A4%AF%20%E0%A4%A8%E0%A4%BF%E0%A4%A7%E0%A4%BF&geo=IN"
"मीडियाटेक","200+","18 de septiembre de 2026 a las 16:50:00 UTC-3",,"मीडियाटेक","./explore?q=%E0%A4%AE%E0%A5%80%E0%A4%A1%E0%A4%BF%E0%A4%AF%E0%A4%BE%E0%A4%9F%E0%A5%87%E0%A4%95&geo=IN"
"icc","100 mil+","17 de septiembre de 2026 a las 11:20:00 UTC-3","17 de septiembre de 2026 a las 23:40:00 UTC-3","icc,pakistan cricket","./explore?q=icc&geo=IN"
"नीति आयोग","20 mil+","17 de septiembre de 2026 a las 3:50:00 UTC-3","18 de septiembre de 2026 a las 7:00:00 UTC-3","नीति आयोग,गौरव गोगोई,पैसा","./explore?q=%E0%A4%A8%E0%A5%80%E0%A4%A4%E0%A4%BF%20%E0%A4%86%E0%A4%AF%E0%A5%8B%E0%A4%97&geo=IN"
"19 september","5 mil+","18 de septiembre de 2026 a las 21:10:00 UTC-3",,"19 september,धनु राशि,राशिफल","./explore?q=19%20september&geo=IN"
"आज क्या है","500+","18 de septiembre de 2026 a las 22:20:00 UTC-3",,"आज क्या है,gold silver price","./explore?q=%E0%A4%86%E0%A4%9C%20%E0%A4%95%E0%A5%8D%E0%A4%AF%E0%A4%BE%20%E0%A4%B9%E0%A5%88&geo=IN"
"शरद पवार","10 mil+","18 de septiembre de 2026 a las 5:10:00 UTC-3","18 de septiembre de 2026 a las 15:40:00 UTC-3","शरद पवार","./explore?q=%E0%A4%B6%E0%A4%B0%E0%A4%A6%20%E0%A4%AA%E0%A4%B5%E0%A4%BE%E0%A4%B0&geo=IN"
"జోస్ బట్లర్","10 mil+","17 de septiembre de 2026 a las 23:20:00 UTC-3","18 de septiembre de 2026 a las 13:10:00 UTC-3","జోస్ బట్లర్","./explore?q=%E0%B0%9C%E0%B1%8B%E0%B0%B8%E0%B1%8D%20%E0%B0%AC%E0%B0%9F%E0%B1%8D%E0%B0%B2%E0%B0%B0%E0%B1%8D&geo=IN"
"నాగుపాము","10 mil+","17 de septiembre de 2026 a las 14:20:00 UTC-3","18 de septiembre de 2026 a las 12:00:00 UTC-3","నాగుపాము","./explore?q=%E0%B0%A8%E0%B0%BE%E0%B0%97%E0%B1%81%E0%B0%AA%E0%B0%BE%E0%B0%AE%E0%B1%81&geo=IN"
"அன்புமணி ராமதாஸ்","10 mil+","17 de septiembre de 2026 a las 21:00:00 UTC-3","18 de septiembre de 2026 a las 12:10:00 UTC-3","அன்புமணி ராமதாஸ்","./explore?q=%E0%AE%85%E0%AE%A9%E0%AF%8D%E0%AE%AA%E0%AF%81%E0%AE%AE%E0%AE%A3%E0%AE%BF%20%E0%AE%B0%E0%AE%BE%E0%AE%AE%E0%AE%A4%E0%AE%BE%E0%AE%B8%E0%AF%8D&geo=IN"
"cnn","200+","18 de septiembre de 2026 a las 18:10:00 UTC-3",,"cnn","./explore?q=cnn&geo=IN"
"may lee post layoff antarctica job","10 mil+","17 de septiembre de 2026 a las 22:00:00 UTC-3","18 de septiembre de 2026 a las 11:50:00 UTC-3","may lee post layoff antarctica job","./explore?q=may%20lee%20post%20layoff%20antarctica%20job&geo=IN"
"hero motors ipo gmp","20 mil+","18 de septiembre de 2026 a las 0:50:00 UTC-3","18 de septiembre de 2026 a las 8:20:00 UTC-3","hero motors ipo gmp,hero motors ipo gmp today,hero motors gmp,hero motors","./explore?q=hero%20motors%20ipo%20gmp&geo=IN"
"juventus vs nec nijmegen standings","20 mil+","17 de septiembre de 2026 a las 18:10:00 UTC-3","18 de septiembre de 2026 a las 7:50:00 UTC-3","juventus vs nec nijmegen standings,juventus vs nec","./explore?q=juventus%20vs%20nec%20nijmegen%20standings&geo=IN"
"शिक्षा","10 mil+","18 de septiembre de 2026 a las 1:00:00 UTC-3","18 de septiembre de 2026 a las 12:40:00 UTC-3","शिक्षा","./explore?q=%E0%A4%B6%E0%A4%BF%E0%A4%95%E0%A5%8D%E0%A4%B7%E0%A4%BE&geo=IN"
"ufc 331","200+","18 de septiembre de 2026 a las 18:50:00 UTC-3",,"ufc 331","./explore?q=ufc%20331&geo=IN"
"betis vs getafe","20 mil+","17 de septiembre de 2026 a las 13:30:00 UTC-3","18 de septiembre de 2026 a las 3:50:00 UTC-3","betis vs getafe,real betis vs getafe cf standings","./explore?q=betis%20vs%20getafe&geo=IN"
"lottery sambad","100 mil+","18 de septiembre de 2026 a las 5:00:00 UTC-3","18 de septiembre de 2026 a las 12:40:00 UTC-3","lottery sambad,nagaland lottery,lottery sangbad,nagaland lottery result,nagaland state lottery,dear lottery sambad,dear lottery result,lottery sambad lottery sambad,today lottery sambad,dear lottery result today,lottery sambad today,dear result,nagaland state lottery result,sambad lottery,lottery sambad lottery sambad lottery sambad,nagaland lottery sambad,lottery sambad result,lottery sambad night","./explore?q=lottery%20sambad&geo=IN"
"australian immigration","10 mil+","17 de septiembre de 2026 a las 8:00:00 UTC-3","18 de septiembre de 2026 a las 2:30:00 UTC-3","australian immigration,australia","./explore?q=australian%20immigration&geo=IN"
"on","5 mil+","18 de septiembre de 2026 a las 10:00:00 UTC-3",,"on,trump tariffs","./explore?q=on&geo=IN"
"nitish kumar reddy","20 mil+","17 de septiembre de 2026 a las 12:50:00 UTC-3","17 de septiembre de 2026 a las 23:30:00 UTC-3","nitish kumar reddy,west indies","./explore?q=nitish%20kumar%20reddy&geo=IN"
"kalyan bainsla","2 mil+","18 de septiembre de 2026 a las 13:40:00 UTC-3","18 de septiembre de 2026 a las 22:50:00 UTC-3","kalyan bainsla","./explore?q=kalyan%20bainsla&geo=IN"
"मैथ्यू वेड","10 mil+","17 de septiembre de 2026 a las 5:30:00 UTC-3","18 de septiembre de 2026 a las 7:40:00 UTC-3","मैथ्यू वेड","./explore?q=%E0%A4%AE%E0%A5%88%E0%A4%A5%E0%A5%8D%E0%A4%AF%E0%A5%82%20%E0%A4%B5%E0%A5%87%E0%A4%A1&geo=IN"
"तबादला","10 mil+","17 de septiembre de 2026 a las 3:20:00 UTC-3","18 de septiembre de 2026 a las 4:40:00 UTC-3","तबादला","./explore?q=%E0%A4%A4%E0%A4%AC%E0%A4%BE%E0%A4%A6%E0%A4%B2%E0%A4%BE&geo=IN"
"bhuvan bam","2 mil+","18 de septiembre de 2026 a las 12:10:00 UTC-3","18 de septiembre de 2026 a las 20:30:00 UTC-3","bhuvan bam","./explore?q=bhuvan%20bam&geo=IN"
"सफलता","5 mil+","18 de septiembre de 2026 a las 2:40:00 UTC-3","18 de septiembre de 2026 a las 13:30:00 UTC-3","सफलता","./explore?q=%E0%A4%B8%E0%A4%AB%E0%A4%B2%E0%A4%A4%E0%A4%BE&geo=IN"
"निवेशक","5 mil+","18 de septiembre de 2026 a las 5:40:00 UTC-3","18 de septiembre de 2026 a las 13:00:00 UTC-3","निवेशक","./explore?q=%E0%A4%A8%E0%A4%BF%E0%A4%B5%E0%A5%87%E0%A4%B6%E0%A4%95&geo=IN"
"ಪ್ರದೀಪ್ ಈಶ್ವರ್","5 mil+","18 de septiembre de 2026 a las 4:30:00 UTC-3","18 de septiembre de 2026 a las 11:30:00 UTC-3","ಪ್ರದೀಪ್ ಈಶ್ವರ್","./explore?q=%E0%B2%AA%E0%B3%8D%E0%B2%B0%E0%B2%A6%E0%B3%80%E0%B2%AA%E0%B3%8D%20%E0%B2%88%E0%B2%B6%E0%B3%8D%E0%B2%B5%E0%B2%B0%E0%B3%8D&geo=IN"
"സൗഭാഗ്യ വെങ്കിടേഷ്","5 mil+","17 de septiembre de 2026 a las 14:50:00 UTC-3","18 de septiembre de 2026 a las 10:00:00 UTC-3","സൗഭാഗ്യ വെങ്കിടേഷ്","./explore?q=%E0%B4%B8%E0%B5%97%E0%B4%AD%E0%B4%BE%E0%B4%97%E0%B5%8D%E0%B4%AF%20%E0%B4%B5%E0%B5%86%E0%B4%99%E0%B5%8D%E0%B4%95%E0%B4%BF%E0%B4%9F%E0%B5%87%E0%B4%B7%E0%B5%8D&geo=IN"
"tejaswini","100+","18 de septiembre de 2026 a las 21:50:00 UTC-3",,"tejaswini","./explore?q=tejaswini&geo=IN"
"alavés vs barcelona","2 mil+","18 de septiembre de 2026 a las 14:40:00 UTC-3","18 de septiembre de 2026 a las 18:20:00 UTC-3","alavés vs barcelona","./explore?q=alav%C3%A9s%20vs%20barcelona&geo=IN"
"mary kom","2 mil+","18 de septiembre de 2026 a las 14:20:00 UTC-3","18 de septiembre de 2026 a las 18:50:00 UTC-3","mary kom","./explore?q=mary%20kom&geo=IN"
"jev","2 mil+","17 de septiembre de 2026 a las 18:20:00 UTC-3","18 de septiembre de 2026 a las 22:20:00 UTC-3","jev","./explore?q=jev&geo=IN"
"oppo coloros 17","10 mil+","17 de septiembre de 2026 a las 14:30:00 UTC-3","18 de septiembre de 2026 a las 4:40:00 UTC-3","oppo coloros 17","./explore?q=oppo%20coloros%2017&geo=IN"
"tmc","5 mil+","17 de septiembre de 2026 a las 15:20:00 UTC-3","18 de septiembre de 2026 a las 19:10:00 UTC-3","tmc,supreme court","./explore?q=tmc&geo=IN"
"అభిషేక్ శర్మ","5 mil+","17 de septiembre de 2026 a las 20:00:00 UTC-3","18 de septiembre de 2026 a las 13:20:00 UTC-3","అభిషేక్ శర్మ,హాట్స్టార్","./explore?q=%E0%B0%85%E0%B0%AD%E0%B0%BF%E0%B0%B7%E0%B1%87%E0%B0%95%E0%B1%8D%20%E0%B0%B6%E0%B0%B0%E0%B1%8D%E0%B0%AE&geo=IN"
"दूध","2 mil+","18 de septiembre de 2026 a las 8:30:00 UTC-3","18 de septiembre de 2026 a las 22:50:00 UTC-3","दूध","./explore?q=%E0%A4%A6%E0%A5%82%E0%A4%A7&geo=IN"
"অভিনয়শিল্পী","5 mil+","18 de septiembre de 2026 a las 2:50:00 UTC-3","18 de septiembre de 2026 a las 11:00:00 UTC-3","অভিনয়শিল্পী","./explore?q=%E0%A6%85%E0%A6%AD%E0%A6%BF%E0%A6%A8%E0%A6%AF%E0%A6%BC%E0%A6%B6%E0%A6%BF%E0%A6%B2%E0%A7%8D%E0%A6%AA%E0%A7%80&geo=IN"
"pib","100+","18 de septiembre de 2026 a las 22:40:00 UTC-3",,"pib","./explore?q=pib&geo=IN"
"भविष्य","5 mil+","18 de septiembre de 2026 a las 1:50:00 UTC-3","18 de septiembre de 2026 a las 12:00:00 UTC-3","भविष्य","./explore?q=%E0%A4%AD%E0%A4%B5%E0%A4%BF%E0%A4%B7%E0%A5%8D%E0%A4%AF&geo=IN"
"curiosity","5 mil+","18 de septiembre de 2026 a las 0:30:00 UTC-3","18 de septiembre de 2026 a las 10:40:00 UTC-3","curiosity","./explore?q=curiosity&geo=IN"
"brendan taylor","5 mil+","18 de septiembre de 2026 a las 9:40:00 UTC-3","18 de septiembre de 2026 a las 12:40:00 UTC-3","brendan taylor","./explore?q=brendan%20taylor&geo=IN"
"resident evil movie 2026","2 mil+","18 de septiembre de 2026 a las 5:10:00 UTC-3","18 de septiembre de 2026 a las 18:50:00 UTC-3","resident evil movie 2026,resident evil movies","./explore?q=resident%20evil%20movie%202026&geo=IN"
"सलमान खान","5 mil+","18 de septiembre de 2026 a las 4:30:00 UTC-3","18 de septiembre de 2026 a las 12:20:00 UTC-3","सलमान खान","./explore?q=%E0%A4%B8%E0%A4%B2%E0%A4%AE%E0%A4%BE%E0%A4%A8%20%E0%A4%96%E0%A4%BE%E0%A4%A8&geo=IN"
"பிரித்வி ஷா","5 mil+","18 de septiembre de 2026 a las 3:10:00 UTC-3","18 de septiembre de 2026 a las 11:30:00 UTC-3","பிரித்வி ஷா","./explore?q=%E0%AE%AA%E0%AE%BF%E0%AE%B0%E0%AE%BF%E0%AE%A4%E0%AF%8D%E0%AE%B5%E0%AE%BF%20%E0%AE%B7%E0%AE%BE&geo=IN"
"போக்குவரத்து","5 mil+","17 de septiembre de 2026 a las 21:30:00 UTC-3","18 de septiembre de 2026 a las 9:50:00 UTC-3","போக்குவரத்து","./explore?q=%E0%AE%AA%E0%AF%8B%E0%AE%95%E0%AF%8D%E0%AE%95%E0%AF%81%E0%AE%B5%E0%AE%B0%E0%AE%A4%E0%AF%8D%E0%AE%A4%E0%AF%81&geo=IN"
"હવામાન","20 mil+","17 de septiembre de 2026 a las 22:30:00 UTC-3","18 de septiembre de 2026 a las 1:10:00 UTC-3","હવામાન,મેઘ,weather forecast ahmedabad","./explore?q=%E0%AA%B9%E0%AA%B5%E0%AA%BE%E0%AA%AE%E0%AA%BE%E0%AA%A8&geo=IN"
"itat ruling on tax misreporting penalty","5 mil+","17 de septiembre de 2026 a las 16:20:00 UTC-3","18 de septiembre de 2026 a las 8:30:00 UTC-3","itat ruling on tax misreporting penalty","./explore?q=itat%20ruling%20on%20tax%20misreporting%20penalty&geo=IN"
"மின் தடை","2 mil+","18 de septiembre de 2026 a las 7:40:00 UTC-3","18 de septiembre de 2026 a las 22:40:00 UTC-3","மின் தடை","./explore?q=%E0%AE%AE%E0%AE%BF%E0%AE%A9%E0%AF%8D%20%E0%AE%A4%E0%AE%9F%E0%AF%88&geo=IN"
"hyrox","5 mil+","17 de septiembre de 2026 a las 15:10:00 UTC-3","18 de septiembre de 2026 a las 19:50:00 UTC-3","hyrox","./explore?q=hyrox&geo=IN"
"grand theft auto vi","1 mil+","18 de septiembre de 2026 a las 12:10:00 UTC-3","18 de septiembre de 2026 a las 22:40:00 UTC-3","grand theft auto vi","./explore?q=grand%20theft%20auto%20vi&geo=IN"
"rahmanullah gurbaz","20 mil+","17 de septiembre de 2026 a las 13:10:00 UTC-3","17 de septiembre de 2026 a las 23:20:00 UTC-3","rahmanullah gurbaz","./explore?q=rahmanullah%20gurbaz&geo=IN"
"किरण बेदी","5 mil+","17 de septiembre de 2026 a las 13:10:00 UTC-3","18 de septiembre de 2026 a las 10:00:00 UTC-3","किरण बेदी","./explore?q=%E0%A4%95%E0%A4%BF%E0%A4%B0%E0%A4%A3%20%E0%A4%AC%E0%A5%87%E0%A4%A6%E0%A5%80&geo=IN"
"monaco vs lens","1 mil+","18 de septiembre de 2026 a las 15:00:00 UTC-3","18 de septiembre de 2026 a las 19:00:00 UTC-3","monaco vs lens","./explore?q=monaco%20vs%20lens&geo=IN"
"పవన్ కళ్యాణ్","5 mil+","18 de septiembre de 2026 a las 0:30:00 UTC-3","18 de septiembre de 2026 a las 9:40:00 UTC-3","పవన్ కళ్యాణ్","./explore?q=%E0%B0%AA%E0%B0%B5%E0%B0%A8%E0%B1%8D%20%E0%B0%95%E0%B0%B3%E0%B1%8D%E0%B0%AF%E0%B0%BE%E0%B0%A3%E0%B1%8D&geo=IN"
"prithvi shaw akriti agarwal split","5 mil+","17 de septiembre de 2026 a las 23:10:00 UTC-3","18 de septiembre de 2026 a las 11:10:00 UTC-3","prithvi shaw akriti agarwal split,prithvi shaw,akriti agarwal","./explore?q=prithvi%20shaw%20akriti%20agarwal%20split&geo=IN"
"రాశి ఫలాలు","5 mil+","17 de septiembre de 2026 a las 21:20:00 UTC-3","18 de septiembre de 2026 a las 7:50:00 UTC-3","రాశి ఫలాలు,రాశి","./explore?q=%E0%B0%B0%E0%B0%BE%E0%B0%B6%E0%B0%BF%20%E0%B0%AB%E0%B0%B2%E0%B0%BE%E0%B0%B2%E0%B1%81&geo=IN"
"కుక్క","5 mil+","17 de septiembre de 2026 a las 22:20:00 UTC-3","18 de septiembre de 2026 a las 9:30:00 UTC-3","కుక్క","./explore?q=%E0%B0%95%E0%B1%81%E0%B0%95%E0%B1%8D%E0%B0%95&geo=IN"
"तहसीलदार","10 mil+","17 de septiembre de 2026 a las 3:40:00 UTC-3","18 de septiembre de 2026 a las 7:50:00 UTC-3","तहसीलदार","./explore?q=%E0%A4%A4%E0%A4%B9%E0%A4%B8%E0%A5%80%E0%A4%B2%E0%A4%A6%E0%A4%BE%E0%A4%B0&geo=IN"
"jindal supreme ipo","10 mil+","18 de septiembre de 2026 a las 0:30:00 UTC-3","18 de septiembre de 2026 a las 8:20:00 UTC-3","jindal supreme ipo,jindal supreme india limited ipo,jindal supreme gmp","./explore?q=jindal%20supreme%20ipo&geo=IN"
"മൃഗശാല","2 mil+","18 de septiembre de 2026 a las 6:40:00 UTC-3","18 de septiembre de 2026 a las 21:50:00 UTC-3","മൃഗശാല","./explore?q=%E0%B4%AE%E0%B5%83%E0%B4%97%E0%B4%B6%E0%B4%BE%E0%B4%B2&geo=IN"
"సినిమా","2 mil+","18 de septiembre de 2026 a las 10:20:00 UTC-3","18 de septiembre de 2026 a las 14:00:00 UTC-3","సినిమా","./explore?q=%E0%B0%B8%E0%B0%BF%E0%B0%A8%E0%B0%BF%E0%B0%AE%E0%B0%BE&geo=IN"
"शेती","5 mil+","17 de septiembre de 2026 a las 14:10:00 UTC-3","18 de septiembre de 2026 a las 9:00:00 UTC-3","शेती","./explore?q=%E0%A4%B6%E0%A5%87%E0%A4%A4%E0%A5%80&geo=IN"
"कैबिनेट","5 mil+","18 de septiembre de 2026 a las 3:40:00 UTC-3","18 de septiembre de 2026 a las 12:20:00 UTC-3","कैबिनेट","./explore?q=%E0%A4%95%E0%A5%88%E0%A4%AC%E0%A4%BF%E0%A4%A8%E0%A5%87%E0%A4%9F&geo=IN"
"బంగాళాఖాతము","500+","18 de septiembre de 2026 a las 20:30:00 UTC-3","18 de septiembre de 2026 a las 21:50:00 UTC-3","బంగాళాఖాతము","./explore?q=%E0%B0%AC%E0%B0%82%E0%B0%97%E0%B0%BE%E0%B0%B3%E0%B0%BE%E0%B0%96%E0%B0%BE%E0%B0%A4%E0%B0%AE%E0%B1%81&geo=IN"
"निठारी","5 mil+","18 de septiembre de 2026 a las 6:20:00 UTC-3","18 de septiembre de 2026 a las 14:30:00 UTC-3","निठारी,मोनिंदर सिंह पंढेर,nithari kand","./explore?q=%E0%A4%A8%E0%A4%BF%E0%A4%A0%E0%A4%BE%E0%A4%B0%E0%A5%80&geo=IN"
"റേഷന് കാര്ഡ്","2 mil+","18 de septiembre de 2026 a las 4:50:00 UTC-3","18 de septiembre de 2026 a las 11:40:00 UTC-3","റേഷന് കാര്ഡ്","./explore?q=%E0%B4%B1%E0%B5%87%E0%B4%B7%E0%B4%A8%E0%B5%8D%20%E0%B4%95%E0%B4%BE%E0%B4%B0%E0%B5%8D%E0%B4%A1%E0%B5%8D&geo=IN"
"मंगल","5 mil+","17 de septiembre de 2026 a las 6:30:00 UTC-3","18 de septiembre de 2026 a las 1:00:00 UTC-3","मंगल","./explore?q=%E0%A4%AE%E0%A4%82%E0%A4%97%E0%A4%B2&geo=IN"
"குடும்ப அட்டை","5 mil+","17 de septiembre de 2026 a las 13:20:00 UTC-3","18 de septiembre de 2026 a las 9:20:00 UTC-3","குடும்ப அட்டை","./explore?q=%E0%AE%95%E0%AF%81%E0%AE%9F%E0%AF%81%E0%AE%AE%E0%AF%8D%E0%AE%AA%20%E0%AE%85%E0%AE%9F%E0%AF%8D%E0%AE%9F%E0%AF%88&geo=IN"
"उमर खालिद","2 mil+","18 de septiembre de 2026 a las 6:00:00 UTC-3","18 de septiembre de 2026 a las 13:50:00 UTC-3","उमर खालिद","./explore?q=%E0%A4%89%E0%A4%AE%E0%A4%B0%20%E0%A4%96%E0%A4%BE%E0%A4%B2%E0%A4%BF%E0%A4%A6&geo=IN"
"taurus horoscope today","10 mil+","17 de septiembre de 2026 a las 3:20:00 UTC-3","17 de septiembre de 2026 a las 16:30:00 UTC-3","taurus horoscope today","./explore?q=taurus%20horoscope%20today&geo=IN"
"बिहार","5 mil+","18 de septiembre de 2026 a las 5:30:00 UTC-3","18 de septiembre de 2026 a las 9:30:00 UTC-3","बिहार","./explore?q=%E0%A4%AC%E0%A4%BF%E0%A4%B9%E0%A4%BE%E0%A4%B0&geo=IN"
"santan saptami vrat katha","5 mil+","17 de septiembre de 2026 a las 2:40:00 UTC-3","18 de septiembre de 2026 a las 5:20:00 UTC-3","santan saptami vrat katha,santan saptami vrat kab hai,santan saptami kab ki hai","./explore?q=santan%20saptami%20vrat%20katha&geo=IN"
"सुप्रिया सुळे","10 mil+","17 de septiembre de 2026 a las 8:00:00 UTC-3","17 de septiembre de 2026 a las 16:50:00 UTC-3","सुप्रिया सुळे","./explore?q=%E0%A4%B8%E0%A5%81%E0%A4%AA%E0%A5%8D%E0%A4%B0%E0%A4%BF%E0%A4%AF%E0%A4%BE%20%E0%A4%B8%E0%A5%81%E0%A4%B3%E0%A5%87&geo=IN"
"వధువు","2 mil+","18 de septiembre de 2026 a las 3:40:00 UTC-3","18 de septiembre de 2026 a las 10:40:00 UTC-3","వధువు","./explore?q=%E0%B0%B5%E0%B0%A7%E0%B1%81%E0%B0%B5%E0%B1%81&geo=IN"
"शिवसेना","10 mil+","17 de septiembre de 2026 a las 4:50:00 UTC-3","17 de septiembre de 2026 a las 23:20:00 UTC-3","शिवसेना","./explore?q=%E0%A4%B6%E0%A4%BF%E0%A4%B5%E0%A4%B8%E0%A5%87%E0%A4%A8%E0%A4%BE&geo=IN"
"secret soldier","2 mil+","18 de septiembre de 2026 a las 1:10:00 UTC-3","18 de septiembre de 2026 a las 14:00:00 UTC-3","secret soldier","./explore?q=secret%20soldier&geo=IN"
"கமல்ஹாசன்","5 mil+","17 de septiembre de 2026 a las 9:20:00 UTC-3","18 de septiembre de 2026 a las 4:30:00 UTC-3","கமல்ஹாசன்","./explore?q=%E0%AE%95%E0%AE%AE%E0%AE%B2%E0%AF%8D%E0%AE%B9%E0%AE%BE%E0%AE%9A%E0%AE%A9%E0%AF%8D&geo=IN"
"aiapget 2026 result","2 mil+","18 de septiembre de 2026 a las 10:40:00 UTC-3","18 de septiembre de 2026 a las 14:50:00 UTC-3","aiapget 2026 result,aiapget result 2026,aiapget result","./explore?q=aiapget%202026%20result&geo=IN"
"millie bobby brown","2 mil+","17 de septiembre de 2026 a las 22:50:00 UTC-3","18 de septiembre de 2026 a las 18:00:00 UTC-3","millie bobby brown","./explore?q=millie%20bobby%20brown&geo=IN"
"ಸಮಂತಾ ರುತ್ ಪ್ರಭು","2 mil+","17 de septiembre de 2026 a las 20:40:00 UTC-3","18 de septiembre de 2026 a las 7:50:00 UTC-3","ಸಮಂತಾ ರುತ್ ಪ್ರಭು","./explore?q=%E0%B2%B8%E0%B2%AE%E0%B2%82%E0%B2%A4%E0%B2%BE%20%E0%B2%B0%E0%B3%81%E0%B2%A4%E0%B3%8D%20%E0%B2%AA%E0%B3%8D%E0%B2%B0%E0%B2%AD%E0%B3%81&geo=IN"
"adam zampa","2 mil+","18 de septiembre de 2026 a las 10:10:00 UTC-3","18 de septiembre de 2026 a las 13:20:00 UTC-3","adam zampa","./explore?q=adam%20zampa&geo=IN"
"gold rate","500+","18 de septiembre de 2026 a las 19:50:00 UTC-3","18 de septiembre de 2026 a las 22:30:00 UTC-3","gold rate","./explore?q=gold%20rate&geo=IN"
"मोटरसाइकिल","2 mil+","18 de septiembre de 2026 a las 9:10:00 UTC-3","18 de septiembre de 2026 a las 22:10:00 UTC-3","मोटरसाइकिल","./explore?q=%E0%A4%AE%E0%A5%8B%E0%A4%9F%E0%A4%B0%E0%A4%B8%E0%A4%BE%E0%A4%87%E0%A4%95%E0%A4%BF%E0%A4%B2&geo=IN"
"ఆల్ రౌండర్","2 mil+","18 de septiembre de 2026 a las 5:20:00 UTC-3","18 de septiembre de 2026 a las 10:50:00 UTC-3","ఆల్ రౌండర్","./explore?q=%E0%B0%86%E0%B0%B2%E0%B1%8D%20%E0%B0%B0%E0%B1%8C%E0%B0%82%E0%B0%A1%E0%B0%B0%E0%B1%8D&geo=IN"
"jordan henderson","500+","18 de septiembre de 2026 a las 15:40:00 UTC-3","18 de septiembre de 2026 a las 19:30:00 UTC-3","jordan henderson","./explore?q=jordan%20henderson&geo=IN"
"राज्य सभा","5 mil+","17 de septiembre de 2026 a las 9:00:00 UTC-3","18 de septiembre de 2026 a las 3:00:00 UTC-3","राज्य सभा","./explore?q=%E0%A4%B0%E0%A4%BE%E0%A4%9C%E0%A5%8D%E0%A4%AF%20%E0%A4%B8%E0%A4%AD%E0%A4%BE&geo=IN"
"ખેતી","2 mil+","18 de septiembre de 2026 a las 7:20:00 UTC-3","18 de septiembre de 2026 a las 12:30:00 UTC-3","ખેતી","./explore?q=%E0%AA%96%E0%AB%87%E0%AA%A4%E0%AB%80&geo=IN"
"अमेरिकी सीनेटर","2 mil+","18 de septiembre de 2026 a las 7:30:00 UTC-3","18 de septiembre de 2026 a las 13:50:00 UTC-3","अमेरिकी सीनेटर","./explore?q=%E0%A4%85%E0%A4%AE%E0%A5%87%E0%A4%B0%E0%A4%BF%E0%A4%95%E0%A5%80%20%E0%A4%B8%E0%A5%80%E0%A4%A8%E0%A5%87%E0%A4%9F%E0%A4%B0&geo=IN"
"porvorim","2 mil+","17 de septiembre de 2026 a las 12:10:00 UTC-3","18 de septiembre de 2026 a las 6:40:00 UTC-3","porvorim","./explore?q=porvorim&geo=IN"
"norcet 11 result","2 mil+","18 de septiembre de 2026 a las 7:10:00 UTC-3","18 de septiembre de 2026 a las 12:00:00 UTC-3","norcet 11 result,norcet 11 prelims result,aiims norcet 11 result 2026","./explore?q=norcet%2011%20result&geo=IN"
"వారణాసి","2 mil+","18 de septiembre de 2026 a las 2:30:00 UTC-3","18 de septiembre de 2026 a las 9:10:00 UTC-3","వారణాసి","./explore?q=%E0%B0%B5%E0%B0%BE%E0%B0%B0%E0%B0%A3%E0%B0%BE%E0%B0%B8%E0%B0%BF&geo=IN"
"ભારત વિ. અફઘાનિસ્તાન","5 mil+","17 de septiembre de 2026 a las 10:50:00 UTC-3","18 de septiembre de 2026 a las 1:30:00 UTC-3","ભારત વિ. અફઘાનિસ્તાન","./explore?q=%E0%AA%AD%E0%AA%BE%E0%AA%B0%E0%AA%A4%20%E0%AA%B5%E0%AA%BF.%20%E0%AA%85%E0%AA%AB%E0%AA%98%E0%AA%BE%E0%AA%A8%E0%AA%BF%E0%AA%B8%E0%AB%8D%E0%AA%A4%E0%AA%BE%E0%AA%A8&geo=IN"
"కత్రినా కైఫ్","2 mil+","18 de septiembre de 2026 a las 1:30:00 UTC-3","18 de septiembre de 2026 a las 10:10:00 UTC-3","కత్రినా కైఫ్","./explore?q=%E0%B0%95%E0%B0%A4%E0%B1%8D%E0%B0%B0%E0%B0%BF%E0%B0%A8%E0%B0%BE%20%E0%B0%95%E0%B1%88%E0%B0%AB%E0%B1%8D&geo=IN"
"துரை வைகோ","5 mil+","17 de septiembre de 2026 a las 10:30:00 UTC-3","18 de septiembre de 2026 a las 1:20:00 UTC-3","துரை வைகோ","./explore?q=%E0%AE%A4%E0%AF%81%E0%AE%B0%E0%AF%88%20%E0%AE%B5%E0%AF%88%E0%AE%95%E0%AF%8B&geo=IN"
"खेत","2 mil+","18 de septiembre de 2026 a las 4:10:00 UTC-3","18 de septiembre de 2026 a las 11:10:00 UTC-3","खेत","./explore?q=%E0%A4%96%E0%A5%87%E0%A4%A4&geo=IN"
"वित्त","5 mil+","17 de septiembre de 2026 a las 4:10:00 UTC-3","18 de septiembre de 2026 a las 0:50:00 UTC-3","वित्त","./explore?q=%E0%A4%B5%E0%A4%BF%E0%A4%A4%E0%A5%8D%E0%A4%A4&geo=IN"
"दिल्ली परिवहन निगम","2 mil+","18 de septiembre de 2026 a las 6:10:00 UTC-3","18 de septiembre de 2026 a las 22:30:00 UTC-3","दिल्ली परिवहन निगम","./explore?q=%E0%A4%A6%E0%A4%BF%E0%A4%B2%E0%A5%8D%E0%A4%B2%E0%A5%80%20%E0%A4%AA%E0%A4%B0%E0%A4%BF%E0%A4%B5%E0%A4%B9%E0%A4%A8%20%E0%A4%A8%E0%A4%BF%E0%A4%97%E0%A4%AE&geo=IN"
"best of the best","1 mil+","18 de septiembre de 2026 a las 11:50:00 UTC-3","18 de septiembre de 2026 a las 20:30:00 UTC-3","best of the best,best of the best netflix","./explore?q=best%20of%20the%20best&geo=IN"
"weather ahmedabad","10 mil+","17 de septiembre de 2026 a las 9:50:00 UTC-3","18 de septiembre de 2026 a las 2:40:00 UTC-3","weather ahmedabad,ahmedabad weather,weather surat,weather rajkot,surat weather","./explore?q=weather%20ahmedabad&geo=IN"
"बैंक अवकाश","10 mil+","17 de septiembre de 2026 a las 6:00:00 UTC-3","17 de septiembre de 2026 a las 11:10:00 UTC-3","बैंक अवकाश","./explore?q=%E0%A4%AC%E0%A5%88%E0%A4%82%E0%A4%95%20%E0%A4%85%E0%A4%B5%E0%A4%95%E0%A4%BE%E0%A4%B6&geo=IN"
"యార్లగడ్డ సుప్రియ","5 mil+","17 de septiembre de 2026 a las 5:10:00 UTC-3","18 de septiembre de 2026 a las 0:00:00 UTC-3","యార్లగడ్డ సుప్రియ","./explore?q=%E0%B0%AF%E0%B0%BE%E0%B0%B0%E0%B1%8D%E0%B0%B2%E0%B0%97%E0%B0%A1%E0%B1%8D%E0%B0%A1%20%E0%B0%B8%E0%B1%81%E0%B0%AA%E0%B1%8D%E0%B0%B0%E0%B0%BF%E0%B0%AF&geo=IN"
"oneplus 16 leaked specifications battery","2 mil+","18 de septiembre de 2026 a las 11:30:00 UTC-3","18 de septiembre de 2026 a las 16:40:00 UTC-3","oneplus 16 leaked specifications battery,oneplus 16,oneplus,oneplus 15","./explore?q=oneplus%2016%20leaked%20specifications%20battery&geo=IN"
"लॉकहीड मार्टिन एफ-35 लाइटनिंग ii","2 mil+","17 de septiembre de 2026 a las 23:50:00 UTC-3","18 de septiembre de 2026 a las 7:50:00 UTC-3","लॉकहीड मार्टिन एफ-35 लाइटनिंग ii","./explore?q=%E0%A4%B2%E0%A5%89%E0%A4%95%E0%A4%B9%E0%A5%80%E0%A4%A1%20%E0%A4%AE%E0%A4%BE%E0%A4%B0%E0%A5%8D%E0%A4%9F%E0%A4%BF%E0%A4%A8%20%E0%A4%8F%E0%A4%AB-35%20%E0%A4%B2%E0%A4%BE%E0%A4%87%E0%A4%9F%E0%A4%A8%E0%A4%BF%E0%A4%82%E0%A4%97%20ii&geo=IN"
"মালদা","5 mil+","17 de septiembre de 2026 a las 1:10:00 UTC-3","17 de septiembre de 2026 a las 14:40:00 UTC-3","মালদা","./explore?q=%E0%A6%AE%E0%A6%BE%E0%A6%B2%E0%A6%A6%E0%A6%BE&geo=IN"
"lizzie borden","500+","18 de septiembre de 2026 a las 15:50:00 UTC-3","18 de septiembre de 2026 a las 20:20:00 UTC-3","lizzie borden","./explore?q=lizzie%20borden&geo=IN"
"নন্দীগ্রাম","2 mil+","18 de septiembre de 2026 a las 9:20:00 UTC-3","18 de septiembre de 2026 a las 13:30:00 UTC-3","নন্দীগ্রাম","./explore?q=%E0%A6%A8%E0%A6%A8%E0%A7%8D%E0%A6%A6%E0%A7%80%E0%A6%97%E0%A7%8D%E0%A6%B0%E0%A6%BE%E0%A6%AE&geo=IN"
"नाग","5 mil+","17 de septiembre de 2026 a las 0:50:00 UTC-3","17 de septiembre de 2026 a las 13:40:00 UTC-3","नाग","./explore?q=%E0%A4%A8%E0%A4%BE%E0%A4%97&geo=IN"
"दिल्ली विश्वविद्यालय छात्र संघ","2 mil+","18 de septiembre de 2026 a las 8:30:00 UTC-3","18 de septiembre de 2026 a las 14:50:00 UTC-3","दिल्ली विश्वविद्यालय छात्र संघ","./explore?q=%E0%A4%A6%E0%A4%BF%E0%A4%B2%E0%A5%8D%E0%A4%B2%E0%A5%80%20%E0%A4%B5%E0%A4%BF%E0%A4%B6%E0%A5%8D%E0%A4%B5%E0%A4%B5%E0%A4%BF%E0%A4%A6%E0%A5%8D%E0%A4%AF%E0%A4%BE%E0%A4%B2%E0%A4%AF%20%E0%A4%9B%E0%A4%BE%E0%A4%A4%E0%A5%8D%E0%A4%B0%20%E0%A4%B8%E0%A4%82%E0%A4%98&geo=IN"
"விக்கெட்","1 mil+","18 de septiembre de 2026 a las 9:50:00 UTC-3","18 de septiembre de 2026 a las 22:50:00 UTC-3","விக்கெட்","./explore?q=%E0%AE%B5%E0%AE%BF%E0%AE%95%E0%AF%8D%E0%AE%95%E0%AF%86%E0%AE%9F%E0%AF%8D&geo=IN"
"málaga vs villarreal","2 mil+","17 de septiembre de 2026 a las 16:10:00 UTC-3","18 de septiembre de 2026 a las 2:10:00 UTC-3","málaga vs villarreal","./explore?q=m%C3%A1laga%20vs%20villarreal&geo=IN"
"fancode","20 mil+","17 de septiembre de 2026 a las 11:10:00 UTC-3","17 de septiembre de 2026 a las 13:20:00 UTC-3","fancode","./explore?q=fancode&geo=IN"
"અફઘાનિસ્તાન રાષ્ટ્રીય ક્રિકેટ ટીમ","2 mil+","18 de septiembre de 2026 a las 4:00:00 UTC-3","18 de septiembre de 2026 a las 9:50:00 UTC-3","અફઘાનિસ્તાન રાષ્ટ્રીય ક્રિકેટ ટીમ","./explore?q=%E0%AA%85%E0%AA%AB%E0%AA%98%E0%AA%BE%E0%AA%A8%E0%AA%BF%E0%AA%B8%E0%AB%8D%E0%AA%A4%E0%AA%BE%E0%AA%A8%20%E0%AA%B0%E0%AA%BE%E0%AA%B7%E0%AB%8D%E0%AA%9F%E0%AB%8D%E0%AA%B0%E0%AB%80%E0%AA%AF%20%E0%AA%95%E0%AB%8D%E0%AA%B0%E0%AA%BF%E0%AA%95%E0%AB%87%E0%AA%9F%20%E0%AA%9F%E0%AB%80%E0%AA%AE&geo=IN"
"cbse board exam schedule 2027","5 mil+","17 de septiembre de 2026 a las 5:40:00 UTC-3","17 de septiembre de 2026 a las 22:50:00 UTC-3","cbse board exam schedule 2027","./explore?q=cbse%20board%20exam%20schedule%202027&geo=IN"
"કંપની","2 mil+","18 de septiembre de 2026 a las 7:40:00 UTC-3","18 de septiembre de 2026 a las 12:30:00 UTC-3","કંપની","./explore?q=%E0%AA%95%E0%AA%82%E0%AA%AA%E0%AA%A8%E0%AB%80&geo=IN"
"यूपीटीईटी यूपीटेट 2026","5 mil+","17 de septiembre de 2026 a las 0:10:00 UTC-3","17 de septiembre de 2026 a las 13:00:00 UTC-3","यूपीटीईटी यूपीटेट 2026","./explore?q=%E0%A4%AF%E0%A5%82%E0%A4%AA%E0%A5%80%E0%A4%9F%E0%A5%80%E0%A4%88%E0%A4%9F%E0%A5%80%20%E0%A4%AF%E0%A5%82%E0%A4%AA%E0%A5%80%E0%A4%9F%E0%A5%87%E0%A4%9F%202026&geo=IN"
"spider man","5 mil+","17 de septiembre de 2026 a las 1:10:00 UTC-3","18 de septiembre de 2026 a las 8:00:00 UTC-3","spider man","./explore?q=spider%20man&geo=IN"
"लाभार्थी","5 mil+","17 de septiembre de 2026 a las 2:30:00 UTC-3","18 de septiembre de 2026 a las 0:10:00 UTC-3","लाभार्थी","./explore?q=%E0%A4%B2%E0%A4%BE%E0%A4%AD%E0%A4%BE%E0%A4%B0%E0%A5%8D%E0%A4%A5%E0%A5%80&geo=IN"
"दीपिका पादुकोण","1 mil+","18 de septiembre de 2026 a las 11:10:00 UTC-3","18 de septiembre de 2026 a las 22:50:00 UTC-3","दीपिका पादुकोण","./explore?q=%E0%A4%A6%E0%A5%80%E0%A4%AA%E0%A4%BF%E0%A4%95%E0%A4%BE%20%E0%A4%AA%E0%A4%BE%E0%A4%A6%E0%A5%81%E0%A4%95%E0%A5%8B%E0%A4%A3&geo=IN"
"ವೇತನ ಆಯೋಗ","2 mil+","18 de septiembre de 2026 a las 6:20:00 UTC-3","18 de septiembre de 2026 a las 11:50:00 UTC-3","ವೇತನ ಆಯೋಗ","./explore?q=%E0%B2%B5%E0%B3%87%E0%B2%A4%E0%B2%A8%20%E0%B2%86%E0%B2%AF%E0%B3%8B%E0%B2%97&geo=IN"
"இந்தியா தேசிய கிரிக்கெட் அணி","2 mil+","18 de septiembre de 2026 a las 1:50:00 UTC-3","18 de septiembre de 2026 a las 9:20:00 UTC-3","இந்தியா தேசிய கிரிக்கெட் அணி","./explore?q=%E0%AE%87%E0%AE%A8%E0%AF%8D%E0%AE%A4%E0%AE%BF%E0%AE%AF%E0%AE%BE%20%E0%AE%A4%E0%AF%87%E0%AE%9A%E0%AE%BF%E0%AE%AF%20%E0%AE%95%E0%AE%BF%E0%AE%B0%E0%AE%BF%E0%AE%95%E0%AF%8D%E0%AE%95%E0%AF%86%E0%AE%9F%E0%AF%8D%20%E0%AE%85%E0%AE%A3%E0%AE%BF&geo=IN"
"चीता","2 mil+","18 de septiembre de 2026 a las 9:00:00 UTC-3","18 de septiembre de 2026 a las 14:00:00 UTC-3","चीता,कूनो राष्ट्रीय उद्यान","./explore?q=%E0%A4%9A%E0%A5%80%E0%A4%A4%E0%A4%BE&geo=IN"
"एकनाथ शिंदे","2 mil+","18 de septiembre de 2026 a las 3:20:00 UTC-3","18 de septiembre de 2026 a las 8:40:00 UTC-3","एकनाथ शिंदे","./explore?q=%E0%A4%8F%E0%A4%95%E0%A4%A8%E0%A4%BE%E0%A4%A5%20%E0%A4%B6%E0%A4%BF%E0%A4%82%E0%A4%A6%E0%A5%87&geo=IN"
"real sociedad vs bournemouth","5 mil+","17 de septiembre de 2026 a las 15:10:00 UTC-3","17 de septiembre de 2026 a las 23:00:00 UTC-3","real sociedad vs bournemouth,real sociedad vs afc bournemouth standings","./explore?q=real%20sociedad%20vs%20bournemouth&geo=IN"
"ప్రధాన మంత్రి కిసాన్ సమ్మాన్ నిధి","5 mil+","17 de septiembre de 2026 a las 11:10:00 UTC-3","17 de septiembre de 2026 a las 23:50:00 UTC-3","ప్రధాన మంత్రి కిసాన్ సమ్మాన్ నిధి","./explore?q=%E0%B0%AA%E0%B1%8D%E0%B0%B0%E0%B0%A7%E0%B0%BE%E0%B0%A8%20%E0%B0%AE%E0%B0%82%E0%B0%A4%E0%B1%8D%E0%B0%B0%E0%B0%BF%20%E0%B0%95%E0%B0%BF%E0%B0%B8%E0%B0%BE%E0%B0%A8%E0%B1%8D%20%E0%B0%B8%E0%B0%AE%E0%B1%8D%E0%B0%AE%E0%B0%BE%E0%B0%A8%E0%B1%8D%20%E0%B0%A8%E0%B0%BF%E0%B0%A7%E0%B0%BF&geo=IN"
"gold rate today september 17","5 mil+","17 de septiembre de 2026 a las 7:40:00 UTC-3","18 de septiembre de 2026 a las 0:40:00 UTC-3","gold rate today september 17","./explore?q=gold%20rate%20today%20september%2017&geo=IN"
"pahalgam","2 mil+","17 de septiembre de 2026 a las 22:10:00 UTC-3","18 de septiembre de 2026 a las 7:00:00 UTC-3","pahalgam","./explore?q=pahalgam&geo=IN"
"live law","5 mil+","17 de septiembre de 2026 a las 10:50:00 UTC-3","18 de septiembre de 2026 a las 12:00:00 UTC-3","live law","./explore?q=live%20law&geo=IN"
"8वें वेतन आयोग","5 mil+","18 de septiembre de 2026 a las 15:50:00 UTC-3","18 de septiembre de 2026 a las 22:20:00 UTC-3","8वें वेतन आयोग,वेतन आयोग","./explore?q=8%E0%A4%B5%E0%A5%87%E0%A4%82%20%E0%A4%B5%E0%A5%87%E0%A4%A4%E0%A4%A8%20%E0%A4%86%E0%A4%AF%E0%A5%8B%E0%A4%97&geo=IN"
"tukaram mundhe","1 mil+","18 de septiembre de 2026 a las 14:10:00 UTC-3","18 de septiembre de 2026 a las 17:10:00 UTC-3","tukaram mundhe,ad","./explore?q=tukaram%20mundhe&geo=IN"
"mysuru","2 mil+","17 de septiembre de 2026 a las 14:10:00 UTC-3","18 de septiembre de 2026 a las 3:00:00 UTC-3","mysuru","./explore?q=mysuru&geo=IN"
"సల్మాన్ ఖాన్","2 mil+","18 de septiembre de 2026 a las 6:00:00 UTC-3","18 de septiembre de 2026 a las 9:50:00 UTC-3","సల్మాన్ ఖాన్","./explore?q=%E0%B0%B8%E0%B0%B2%E0%B1%8D%E0%B0%AE%E0%B0%BE%E0%B0%A8%E0%B1%8D%20%E0%B0%96%E0%B0%BE%E0%B0%A8%E0%B1%8D&geo=IN"
"हनुमान चालीसा","200+","18 de septiembre de 2026 a las 21:00:00 UTC-3","18 de septiembre de 2026 a las 22:00:00 UTC-3","हनुमान चालीसा","./explore?q=%E0%A4%B9%E0%A4%A8%E0%A5%81%E0%A4%AE%E0%A4%BE%E0%A4%A8%20%E0%A4%9A%E0%A4%BE%E0%A4%B2%E0%A5%80%E0%A4%B8%E0%A4%BE&geo=IN"
"craig ervine","2 mil+","18 de septiembre de 2026 a las 10:20:00 UTC-3","18 de septiembre de 2026 a las 12:20:00 UTC-3","craig ervine","./explore?q=craig%20ervine&geo=IN"
"espncricinfo","10 mil+","17 de septiembre de 2026 a las 11:20:00 UTC-3","17 de septiembre de 2026 a las 15:10:00 UTC-3","espncricinfo,rahkeem cornwall,gaw vs abf,shadab khan","./explore?q=espncricinfo&geo=IN"
"mahindra thar facelift","2 mil+","17 de septiembre de 2026 a las 21:00:00 UTC-3","18 de septiembre de 2026 a las 6:50:00 UTC-3","mahindra thar facelift,thar 3 door facelift","./explore?q=mahindra%20thar%20facelift&geo=IN"
"एंटीलिया","5 mil+","17 de septiembre de 2026 a las 7:40:00 UTC-3","17 de septiembre de 2026 a las 23:40:00 UTC-3","एंटीलिया","./explore?q=%E0%A4%8F%E0%A4%82%E0%A4%9F%E0%A5%80%E0%A4%B2%E0%A4%BF%E0%A4%AF%E0%A4%BE&geo=IN"
"allan","2 mil+","17 de septiembre de 2026 a las 15:30:00 UTC-3","18 de septiembre de 2026 a las 1:40:00 UTC-3","allan","./explore?q=allan&geo=IN"
"su 57 india","2 mil+","18 de septiembre de 2026 a las 6:10:00 UTC-3","18 de septiembre de 2026 a las 8:40:00 UTC-3","su 57 india","./explore?q=su%2057%20india&geo=IN"
"danam nagender mla disqualification verdict","500+","18 de septiembre de 2026 a las 13:10:00 UTC-3","18 de septiembre de 2026 a las 22:20:00 UTC-3","danam nagender mla disqualification verdict","./explore?q=danam%20nagender%20mla%20disqualification%20verdict&geo=IN"
"ഉര്വ്വശി","2 mil+","18 de septiembre de 2026 a las 7:20:00 UTC-3","18 de septiembre de 2026 a las 9:50:00 UTC-3","ഉര്വ്വശി","./explore?q=%E0%B4%89%E0%B4%B0%E0%B5%8D%E0%B4%B5%E0%B5%8D%E0%B4%B5%E0%B4%B6%E0%B4%BF&geo=IN"
"vetra","2 mil+","18 de septiembre de 2026 a las 6:30:00 UTC-3","18 de septiembre de 2026 a las 9:30:00 UTC-3","vetra","./explore?q=vetra&geo=IN"
"amol parashar","2 mil+","17 de septiembre de 2026 a las 12:50:00 UTC-3","18 de septiembre de 2026 a las 2:10:00 UTC-3","amol parashar,konkona sen sharma","./explore?q=amol%20parashar&geo=IN"
"tata sierra legend series","2 mil+","18 de septiembre de 2026 a las 7:40:00 UTC-3","18 de septiembre de 2026 a las 11:10:00 UTC-3","tata sierra legend series","./explore?q=tata%20sierra%20legend%20series&geo=IN"
"बी॰ वी॰ नागरत्ना","2 mil+","18 de septiembre de 2026 a las 3:50:00 UTC-3","18 de septiembre de 2026 a las 7:20:00 UTC-3","बी॰ वी॰ नागरत्ना","./explore?q=%E0%A4%AC%E0%A5%80%E0%A5%B0%20%E0%A4%B5%E0%A5%80%E0%A5%B0%20%E0%A4%A8%E0%A4%BE%E0%A4%97%E0%A4%B0%E0%A4%A4%E0%A5%8D%E0%A4%A8%E0%A4%BE&geo=IN"
"ऋषिकेश","5 mil+","17 de septiembre de 2026 a las 2:50:00 UTC-3","17 de septiembre de 2026 a las 14:20:00 UTC-3","ऋषिकेश","./explore?q=%E0%A4%8B%E0%A4%B7%E0%A4%BF%E0%A4%95%E0%A5%87%E0%A4%B6&geo=IN"
"ഇന്ത്യ","2 mil+","18 de septiembre de 2026 a las 7:10:00 UTC-3","18 de septiembre de 2026 a las 11:30:00 UTC-3","ഇന്ത്യ","./explore?q=%E0%B4%87%E0%B4%A8%E0%B5%8D%E0%B4%A4%E0%B5%8D%E0%B4%AF&geo=IN"
"ജി സുകുമാരന് നായര്","2 mil+","18 de septiembre de 2026 a las 8:30:00 UTC-3","18 de septiembre de 2026 a las 12:10:00 UTC-3","ജി സുകുമാരന് നായര്,ജി. സുകുമാരന് നായര്","./explore?q=%E0%B4%9C%E0%B4%BF%20%E0%B4%B8%E0%B5%81%E0%B4%95%E0%B5%81%E0%B4%AE%E0%B4%BE%E0%B4%B0%E0%B4%A8%E0%B5%8D%20%E0%B4%A8%E0%B4%BE%E0%B4%AF%E0%B4%B0%E0%B5%8D&geo=IN"
"অর্থ","2 mil+","18 de septiembre de 2026 a las 4:40:00 UTC-3","18 de septiembre de 2026 a las 7:20:00 UTC-3","অর্থ","./explore?q=%E0%A6%85%E0%A6%B0%E0%A7%8D%E0%A6%A5&geo=IN"
"भारतीय वायुसेना","1 mil+","18 de septiembre de 2026 a las 8:40:00 UTC-3","18 de septiembre de 2026 a las 13:50:00 UTC-3","भारतीय वायुसेना","./explore?q=%E0%A4%AD%E0%A4%BE%E0%A4%B0%E0%A4%A4%E0%A5%80%E0%A4%AF%20%E0%A4%B5%E0%A4%BE%E0%A4%AF%E0%A5%81%E0%A4%B8%E0%A5%87%E0%A4%A8%E0%A4%BE&geo=IN"
"buffalo bills","2 mil+","18 de septiembre de 2026 a las 1:20:00 UTC-3","18 de septiembre de 2026 a las 6:50:00 UTC-3","buffalo bills","./explore?q=buffalo%20bills&geo=IN"
"waiting hai cast","2 mil+","18 de septiembre de 2026 a las 13:50:00 UTC-3","18 de septiembre de 2026 a las 18:50:00 UTC-3","waiting hai cast,waiting hai movie release date,waiting hai web series release date","./explore?q=waiting%20hai%20cast&geo=IN"
"ലക്ഷ്മി മേനോന്","1 mil+","18 de septiembre de 2026 a las 8:40:00 UTC-3","18 de septiembre de 2026 a las 22:10:00 UTC-3","ലക്ഷ്മി മേനോന്","./explore?q=%E0%B4%B2%E0%B4%95%E0%B5%8D%E0%B4%B7%E0%B5%8D%E0%B4%AE%E0%B4%BF%20%E0%B4%AE%E0%B5%87%E0%B4%A8%E0%B5%8B%E0%B4%A8%E0%B5%8D&geo=IN"
"ಪುನೀತ್ ರಾಜ್ಕುಮಾರ್","2 mil+","18 de septiembre de 2026 a las 7:20:00 UTC-3","18 de septiembre de 2026 a las 12:30:00 UTC-3","ಪುನೀತ್ ರಾಜ್ಕುಮಾರ್","./explore?q=%E0%B2%AA%E0%B3%81%E0%B2%A8%E0%B3%80%E0%B2%A4%E0%B3%8D%20%E0%B2%B0%E0%B2%BE%E0%B2%9C%E0%B3%8D%E0%B2%95%E0%B3%81%E0%B2%AE%E0%B2%BE%E0%B2%B0%E0%B3%8D&geo=IN"
"ಪೃಥ್ವಿ ಶಾ","2 mil+","17 de septiembre de 2026 a las 13:00:00 UTC-3","18 de septiembre de 2026 a las 2:50:00 UTC-3","ಪೃಥ್ವಿ ಶಾ","./explore?q=%E0%B2%AA%E0%B3%83%E0%B2%A5%E0%B3%8D%E0%B2%B5%E0%B2%BF%20%E0%B2%B6%E0%B2%BE&geo=IN"
"मंदाकिनी","5 mil+","17 de septiembre de 2026 a las 5:00:00 UTC-3","17 de septiembre de 2026 a las 14:50:00 UTC-3","मंदाकिनी","./explore?q=%E0%A4%AE%E0%A4%82%E0%A4%A6%E0%A4%BE%E0%A4%95%E0%A4%BF%E0%A4%A8%E0%A5%80&geo=IN"
"vishwakarma aarti","10 mil+","16 de septiembre de 2026 a las 23:20:00 UTC-3","17 de septiembre de 2026 a las 6:30:00 UTC-3","vishwakarma aarti,विश्वकर्मा जी की आरती,विश्वकर्मा भगवान की आरती,विश्वकर्मा आरती,vishwakarma puja aarti,vishwakarma puja 2026 date,vishwakarma puja wishes,vishwakarma puja kab ki hai,vishwakarma puja vidhi","./explore?q=vishwakarma%20aarti&geo=IN"
"shivam dube","5 mil+","17 de septiembre de 2026 a las 11:10:00 UTC-3","17 de septiembre de 2026 a las 15:20:00 UTC-3","shivam dube,शिवम दुबे","./explore?q=shivam%20dube&geo=IN"
"सारा अली खान","2 mil+","17 de septiembre de 2026 a las 17:00:00 UTC-3","18 de septiembre de 2026 a las 6:40:00 UTC-3","सारा अली खान","./explore?q=%E0%A4%B8%E0%A4%BE%E0%A4%B0%E0%A4%BE%20%E0%A4%85%E0%A4%B2%E0%A5%80%20%E0%A4%96%E0%A4%BE%E0%A4%A8&geo=IN"
"सीएनबीसी","1 mil+","18 de septiembre de 2026 a las 10:10:00 UTC-3","18 de septiembre de 2026 a las 14:20:00 UTC-3","सीएनबीसी","./explore?q=%E0%A4%B8%E0%A5%80%E0%A4%8F%E0%A4%A8%E0%A4%AC%E0%A5%80%E0%A4%B8%E0%A5%80&geo=IN"
"valentín barco","500+","18 de septiembre de 2026 a las 15:50:00 UTC-3","18 de septiembre de 2026 a las 18:20:00 UTC-3","valentín barco","./explore?q=valent%C3%ADn%20barco&geo=IN"
"cheetah","2 mil+","17 de septiembre de 2026 a las 23:10:00 UTC-3","18 de septiembre de 2026 a las 6:50:00 UTC-3","cheetah","./explore?q=cheetah&geo=IN"
"fleabag","2 mil+","17 de septiembre de 2026 a las 5:20:00 UTC-3","18 de septiembre de 2026 a las 1:50:00 UTC-3","fleabag","./explore?q=fleabag&geo=IN"
"batman day","500+","18 de septiembre de 2026 a las 15:50:00 UTC-3","18 de septiembre de 2026 a las 19:30:00 UTC-3","batman day","./explore?q=batman%20day&geo=IN"
"రైతు","5 mil+","18 de septiembre de 2026 a las 6:00:00 UTC-3","18 de septiembre de 2026 a las 7:10:00 UTC-3","రైతు,సాక్షి","./explore?q=%E0%B0%B0%E0%B1%88%E0%B0%A4%E0%B1%81&geo=IN"
"சஞ்சு சாம்சன்","2 mil+","18 de septiembre de 2026 a las 5:40:00 UTC-3","18 de septiembre de 2026 a las 9:30:00 UTC-3","சஞ்சு சாம்சன்","./explore?q=%E0%AE%9A%E0%AE%9E%E0%AF%8D%E0%AE%9A%E0%AF%81%20%E0%AE%9A%E0%AE%BE%E0%AE%AE%E0%AF%8D%E0%AE%9A%E0%AE%A9%E0%AF%8D&geo=IN"
"यश ठाकुर","2 mil+","17 de septiembre de 2026 a las 10:50:00 UTC-3","18 de septiembre de 2026 a las 0:10:00 UTC-3","यश ठाकुर,रवि बिश्नोई,aaj ka match","./explore?q=%E0%A4%AF%E0%A4%B6%20%E0%A4%A0%E0%A4%BE%E0%A4%95%E0%A5%81%E0%A4%B0&geo=IN"
"samsung galaxy s26 india price hike","5 mil+","17 de septiembre de 2026 a las 7:00:00 UTC-3","17 de septiembre de 2026 a las 22:30:00 UTC-3","samsung galaxy s26 india price hike,samsung galaxy s26 ultra","./explore?q=samsung%20galaxy%20s26%20india%20price%20hike&geo=IN"
"ind vs eng","5 mil+","17 de septiembre de 2026 a las 11:30:00 UTC-3","17 de septiembre de 2026 a las 23:40:00 UTC-3","ind vs eng,india vs england","./explore?q=ind%20vs%20eng&geo=IN"
"అజిత్ అగార్కర్","5 mil+","16 de septiembre de 2026 a las 23:10:00 UTC-3","17 de septiembre de 2026 a las 14:00:00 UTC-3","అజిత్ అగార్కర్","./explore?q=%E0%B0%85%E0%B0%9C%E0%B0%BF%E0%B0%A4%E0%B1%8D%20%E0%B0%85%E0%B0%97%E0%B0%BE%E0%B0%B0%E0%B1%8D%E0%B0%95%E0%B0%B0%E0%B1%8D&geo=IN"
"dax index","5 mil+","18 de septiembre de 2026 a las 12:50:00 UTC-3","18 de septiembre de 2026 a las 14:00:00 UTC-3","dax index,dax","./explore?q=dax%20index&geo=IN"
"അറസ്റ്റ്","5 mil+","17 de septiembre de 2026 a las 5:30:00 UTC-3","17 de septiembre de 2026 a las 23:00:00 UTC-3","അറസ്റ്റ്","./explore?q=%E0%B4%85%E0%B4%B1%E0%B4%B8%E0%B5%8D%E0%B4%B1%E0%B5%8D%E0%B4%B1%E0%B5%8D&geo=IN"
"వరి","2 mil+","17 de septiembre de 2026 a las 11:20:00 UTC-3","18 de septiembre de 2026 a las 1:10:00 UTC-3","వరి","./explore?q=%E0%B0%B5%E0%B0%B0%E0%B0%BF&geo=IN"
"దానం నాగేందర్","2 mil+","18 de septiembre de 2026 a las 9:00:00 UTC-3","18 de septiembre de 2026 a las 12:00:00 UTC-3","దానం నాగేందర్,danam nagender,eenadu epaper","./explore?q=%E0%B0%A6%E0%B0%BE%E0%B0%A8%E0%B0%82%20%E0%B0%A8%E0%B0%BE%E0%B0%97%E0%B1%87%E0%B0%82%E0%B0%A6%E0%B0%B0%E0%B1%8D&geo=IN"
"ಪೆಟ್ರೋಲ್","2 mil+","17 de septiembre de 2026 a las 7:10:00 UTC-3","17 de septiembre de 2026 a las 22:00:00 UTC-3","ಪೆಟ್ರೋಲ್","./explore?q=%E0%B2%AA%E0%B3%86%E0%B2%9F%E0%B3%8D%E0%B2%B0%E0%B3%8B%E0%B2%B2%E0%B3%8D&geo=IN"
"भुवनेश्वर कुमार","2 mil+","17 de septiembre de 2026 a las 7:40:00 UTC-3","17 de septiembre de 2026 a las 21:00:00 UTC-3","भुवनेश्वर कुमार","./explore?q=%E0%A4%AD%E0%A5%81%E0%A4%B5%E0%A4%A8%E0%A5%87%E0%A4%B6%E0%A5%8D%E0%A4%B5%E0%A4%B0%20%E0%A4%95%E0%A5%81%E0%A4%AE%E0%A4%BE%E0%A4%B0&geo=IN"
"darwish rasooli","10 mil+","17 de septiembre de 2026 a las 13:30:00 UTC-3","17 de septiembre de 2026 a las 15:20:00 UTC-3","darwish rasooli","./explore?q=darwish%20rasooli&geo=IN"
"man city vs liverpool","500+","18 de septiembre de 2026 a las 14:30:00 UTC-3","18 de septiembre de 2026 a las 16:50:00 UTC-3","man city vs liverpool","./explore?q=man%20city%20vs%20liverpool&geo=IN"
"sushma verma","5 mil+","17 de septiembre de 2026 a las 14:40:00 UTC-3","17 de septiembre de 2026 a las 19:30:00 UTC-3","sushma verma,wcpl,trinbago knight riders women vs guyana amazon warriors women match scorecard,women's caribbean premier league,chedean nation,live match today,today match score live","./explore?q=sushma%20verma&geo=IN"
"village","2 mil+","17 de septiembre de 2026 a las 7:40:00 UTC-3","17 de septiembre de 2026 a las 13:40:00 UTC-3","village","./explore?q=village&geo=IN"
"तमिल नाडु","2 mil+","17 de septiembre de 2026 a las 20:40:00 UTC-3","18 de septiembre de 2026 a las 4:00:00 UTC-3","तमिल नाडु","./explore?q=%E0%A4%A4%E0%A4%AE%E0%A4%BF%E0%A4%B2%20%E0%A4%A8%E0%A4%BE%E0%A4%A1%E0%A5%81&geo=IN"
"india cricket","2 mil+","17 de septiembre de 2026 a las 11:30:00 UTC-3","17 de septiembre de 2026 a las 23:50:00 UTC-3","india cricket,weather update","./explore?q=india%20cricket&geo=IN"
"bgmi update","5 mil+","17 de septiembre de 2026 a las 3:10:00 UTC-3","17 de septiembre de 2026 a las 12:10:00 UTC-3","bgmi update","./explore?q=bgmi%20update&geo=IN"
"वीटो","2 mil+","17 de septiembre de 2026 a las 22:00:00 UTC-3","18 de septiembre de 2026 a las 2:00:00 UTC-3","वीटो","./explore?q=%E0%A4%B5%E0%A5%80%E0%A4%9F%E0%A5%8B&geo=IN"
"आईसीसी","2 mil+","17 de septiembre de 2026 a las 11:20:00 UTC-3","17 de septiembre de 2026 a las 23:30:00 UTC-3","आईसीसी,तिलक वर्मा","./explore?q=%E0%A4%86%E0%A4%88%E0%A4%B8%E0%A5%80%E0%A4%B8%E0%A5%80&geo=IN"
"ಅನಂತ್ ನಾಗ್","2 mil+","17 de septiembre de 2026 a las 5:10:00 UTC-3","17 de septiembre de 2026 a las 14:20:00 UTC-3","ಅನಂತ್ ನಾಗ್","./explore?q=%E0%B2%85%E0%B2%A8%E0%B2%82%E0%B2%A4%E0%B3%8D%20%E0%B2%A8%E0%B2%BE%E0%B2%97%E0%B3%8D&geo=IN"
"ibrahim zadran","5 mil+","17 de septiembre de 2026 a las 13:10:00 UTC-3","17 de septiembre de 2026 a las 15:20:00 UTC-3","ibrahim zadran","./explore?q=ibrahim%20zadran&geo=IN"
"one ui 9 s26 ultra","5 mil+","16 de septiembre de 2026 a las 23:20:00 UTC-3","17 de septiembre de 2026 a las 12:00:00 UTC-3","one ui 9 s26 ultra,s26 ultra one ui 9","./explore?q=one%20ui%209%20s26%20ultra&geo=IN"
"एकता कपूर","1 mil+","18 de septiembre de 2026 a las 11:30:00 UTC-3","18 de septiembre de 2026 a las 14:20:00 UTC-3","एकता कपूर","./explore?q=%E0%A4%8F%E0%A4%95%E0%A4%A4%E0%A4%BE%20%E0%A4%95%E0%A4%AA%E0%A5%82%E0%A4%B0&geo=IN"
"uganda vs kenya","5 mil+","18 de septiembre de 2026 a las 4:50:00 UTC-3","18 de septiembre de 2026 a las 7:40:00 UTC-3","uganda vs kenya,uganda vs rwanda,rwa vs uga,rwanda vs uganda","./explore?q=uganda%20vs%20kenya&geo=IN"
"स्ट्राइक एक्शन","2 mil+","17 de septiembre de 2026 a las 3:30:00 UTC-3","17 de septiembre de 2026 a las 11:10:00 UTC-3","स्ट्राइक एक्शन","./explore?q=%E0%A4%B8%E0%A5%8D%E0%A4%9F%E0%A5%8D%E0%A4%B0%E0%A4%BE%E0%A4%87%E0%A4%95%20%E0%A4%8F%E0%A4%95%E0%A5%8D%E0%A4%B6%E0%A4%A8&geo=IN"
"रेल","2 mil+","18 de septiembre de 2026 a las 7:10:00 UTC-3","18 de septiembre de 2026 a las 8:50:00 UTC-3","रेल","./explore?q=%E0%A4%B0%E0%A5%87%E0%A4%B2&geo=IN"
"చిరంజీవి","2 mil+","18 de septiembre de 2026 a las 5:30:00 UTC-3","18 de septiembre de 2026 a las 7:30:00 UTC-3","చిరంజీవి","./explore?q=%E0%B0%9A%E0%B0%BF%E0%B0%B0%E0%B0%82%E0%B0%9C%E0%B1%80%E0%B0%B5%E0%B0%BF&geo=IN"
"vs babu","200+","18 de septiembre de 2026 a las 17:00:00 UTC-3","18 de septiembre de 2026 a las 20:30:00 UTC-3","vs babu","./explore?q=vs%20babu&geo=IN"
"crystal palace f.c. vs lech poznań standings","2 mil+","17 de septiembre de 2026 a las 19:20:00 UTC-3","18 de septiembre de 2026 a las 1:30:00 UTC-3","crystal palace f.c. vs lech poznań standings,palace vs lech poznań","./explore?q=crystal%20palace%20f.c.%20vs%20lech%20pozna%C5%84%20standings&geo=IN"
"air india express","500+","18 de septiembre de 2026 a las 14:50:00 UTC-3","18 de septiembre de 2026 a las 17:10:00 UTC-3","air india express","./explore?q=air%20india%20express&geo=IN"
"ജ്യോതിക","1 mil+","18 de septiembre de 2026 a las 3:00:00 UTC-3","18 de septiembre de 2026 a las 7:30:00 UTC-3","ജ്യോതിക","./explore?q=%E0%B4%9C%E0%B5%8D%E0%B4%AF%E0%B5%8B%E0%B4%A4%E0%B4%BF%E0%B4%95&geo=IN"
"joan garcía","2 mil+","18 de septiembre de 2026 a las 0:00:00 UTC-3","18 de septiembre de 2026 a las 10:10:00 UTC-3","joan garcía","./explore?q=joan%20garc%C3%ADa&geo=IN"
"सलवार","1 mil+","17 de septiembre de 2026 a las 21:30:00 UTC-3","18 de septiembre de 2026 a las 5:40:00 UTC-3","सलवार","./explore?q=%E0%A4%B8%E0%A4%B2%E0%A4%B5%E0%A4%BE%E0%A4%B0&geo=IN"
"हीरो एक्सट्रीम","2 mil+","17 de septiembre de 2026 a las 10:00:00 UTC-3","18 de septiembre de 2026 a las 0:30:00 UTC-3","हीरो एक्सट्रीम","./explore?q=%E0%A4%B9%E0%A5%80%E0%A4%B0%E0%A5%8B%20%E0%A4%8F%E0%A4%95%E0%A5%8D%E0%A4%B8%E0%A4%9F%E0%A5%8D%E0%A4%B0%E0%A5%80%E0%A4%AE&geo=IN"
"ranveer singh girls education pledge","1 mil+","18 de septiembre de 2026 a las 4:10:00 UTC-3","18 de septiembre de 2026 a las 9:30:00 UTC-3","ranveer singh girls education pledge","./explore?q=ranveer%20singh%20girls%20education%20pledge&geo=IN"
"ravi teja","1 mil+","18 de septiembre de 2026 a las 13:20:00 UTC-3","18 de septiembre de 2026 a las 16:00:00 UTC-3","ravi teja,irumudi telugu movie","./explore?q=ravi%20teja&geo=IN"
"telugu","200+","18 de septiembre de 2026 a las 19:20:00 UTC-3","18 de septiembre de 2026 a las 21:50:00 UTC-3","telugu","./explore?q=telugu&geo=IN"
"മറുനാടന് മലയാളി","1 mil+","18 de septiembre de 2026 a las 3:40:00 UTC-3","18 de septiembre de 2026 a las 6:50:00 UTC-3","മറുനാടന് മലയാളി","./explore?q=%E0%B4%AE%E0%B4%B1%E0%B5%81%E0%B4%A8%E0%B4%BE%E0%B4%9F%E0%B4%A8%E0%B5%8D%20%E0%B4%AE%E0%B4%B2%E0%B4%AF%E0%B4%BE%E0%B4%B3%E0%B4%BF&geo=IN"
"crex","2 mil+","17 de septiembre de 2026 a las 11:10:00 UTC-3","17 de septiembre de 2026 a las 15:10:00 UTC-3","crex","./explore?q=crex&geo=IN"
"రైల్వేలు","2 mil+","17 de septiembre de 2026 a las 3:50:00 UTC-3","17 de septiembre de 2026 a las 9:50:00 UTC-3","రైల్వేలు","./explore?q=%E0%B0%B0%E0%B1%88%E0%B0%B2%E0%B1%8D%E0%B0%B5%E0%B1%87%E0%B0%B2%E0%B1%81&geo=IN"
"monza vs sassuolo","200+","18 de septiembre de 2026 a las 15:50:00 UTC-3","18 de septiembre de 2026 a las 18:40:00 UTC-3","monza vs sassuolo","./explore?q=monza%20vs%20sassuolo&geo=IN"
"ಋತುಚಕ್ರ","1 mil+","18 de septiembre de 2026 a las 7:00:00 UTC-3","18 de septiembre de 2026 a las 10:20:00 UTC-3","ಋತುಚಕ್ರ","./explore?q=%E0%B2%8B%E0%B2%A4%E0%B3%81%E0%B2%9A%E0%B2%95%E0%B3%8D%E0%B2%B0&geo=IN"
"അജിത് അഗാര്ക്കര്","2 mil+","17 de septiembre de 2026 a las 9:10:00 UTC-3","17 de septiembre de 2026 a las 22:30:00 UTC-3","അജിത് അഗാര്ക്കര്","./explore?q=%E0%B4%85%E0%B4%9C%E0%B4%BF%E0%B4%A4%E0%B5%8D%20%E0%B4%85%E0%B4%97%E0%B4%BE%E0%B4%B0%E0%B5%8D%E0%B4%95%E0%B5%8D%E0%B4%95%E0%B4%B0%E0%B5%8D&geo=IN"
"मुर्गी","1 mil+","18 de septiembre de 2026 a las 7:10:00 UTC-3","18 de septiembre de 2026 a las 10:30:00 UTC-3","मुर्गी","./explore?q=%E0%A4%AE%E0%A5%81%E0%A4%B0%E0%A5%8D%E0%A4%97%E0%A5%80&geo=IN"
"chelsea f.c.","200+","18 de septiembre de 2026 a las 17:30:00 UTC-3","18 de septiembre de 2026 a las 19:20:00 UTC-3","chelsea f.c.","./explore?q=chelsea%20f.c.&geo=IN"
"अडानी ग्रीन एनर्जी","1 mil+","18 de septiembre de 2026 a las 9:40:00 UTC-3","18 de septiembre de 2026 a las 12:20:00 UTC-3","अडानी ग्रीन एनर्जी","./explore?q=%E0%A4%85%E0%A4%A1%E0%A4%BE%E0%A4%A8%E0%A5%80%20%E0%A4%97%E0%A5%8D%E0%A4%B0%E0%A5%80%E0%A4%A8%20%E0%A4%8F%E0%A4%A8%E0%A4%B0%E0%A5%8D%E0%A4%9C%E0%A5%80&geo=IN"
"apple iphone 17 pro","5 mil+","17 de septiembre de 2026 a las 3:10:00 UTC-3","17 de septiembre de 2026 a las 7:00:00 UTC-3","apple iphone 17 pro,iphone 18 pro india sale,mobile phone,15 pro","./explore?q=apple%20iphone%2017%20pro&geo=IN"
"தலைமைச் செயலகம்","2 mil+","17 de septiembre de 2026 a las 10:50:00 UTC-3","17 de septiembre de 2026 a las 21:50:00 UTC-3","தலைமைச் செயலகம்","./explore?q=%E0%AE%A4%E0%AE%B2%E0%AF%88%E0%AE%AE%E0%AF%88%E0%AE%9A%E0%AF%8D%20%E0%AE%9A%E0%AF%86%E0%AE%AF%E0%AE%B2%E0%AE%95%E0%AE%AE%E0%AF%8D&geo=IN"
"cb","2 mil+","17 de septiembre de 2026 a las 11:10:00 UTC-3","17 de septiembre de 2026 a las 23:10:00 UTC-3","cb","./explore?q=cb&geo=IN"
"தாராபுரம்","1 mil+","18 de septiembre de 2026 a las 6:30:00 UTC-3","18 de septiembre de 2026 a las 9:20:00 UTC-3","தாராபுரம்","./explore?q=%E0%AE%A4%E0%AE%BE%E0%AE%B0%E0%AE%BE%E0%AE%AA%E0%AF%81%E0%AE%B0%E0%AE%AE%E0%AF%8D&geo=IN"
"चीनीमंडी","1 mil+","18 de septiembre de 2026 a las 8:20:00 UTC-3","18 de septiembre de 2026 a las 12:50:00 UTC-3","चीनीमंडी","./explore?q=%E0%A4%9A%E0%A5%80%E0%A4%A8%E0%A5%80%E0%A4%AE%E0%A4%82%E0%A4%A1%E0%A5%80&geo=IN"
"aaditya thackeray anil deshmukh legal notice","2 mil+","17 de septiembre de 2026 a las 5:50:00 UTC-3","17 de septiembre de 2026 a las 11:40:00 UTC-3","aaditya thackeray anil deshmukh legal notice","./explore?q=aaditya%20thackeray%20anil%20deshmukh%20legal%20notice&geo=IN"
"9to5mac","1 mil+","18 de septiembre de 2026 a las 5:20:00 UTC-3","18 de septiembre de 2026 a las 9:00:00 UTC-3","9to5mac","./explore?q=9to5mac&geo=IN"
"5","100+","18 de septiembre de 2026 a las 21:30:00 UTC-3","18 de septiembre de 2026 a las 22:10:00 UTC-3","5","./explore?q=5&geo=IN"
"शुक्र ग्रह","1 mil+","17 de septiembre de 2026 a las 15:30:00 UTC-3","18 de septiembre de 2026 a las 6:40:00 UTC-3","शुक्र ग्रह","./explore?q=%E0%A4%B6%E0%A5%81%E0%A4%95%E0%A5%8D%E0%A4%B0%20%E0%A4%97%E0%A5%8D%E0%A4%B0%E0%A4%B9&geo=IN"
"रियलमी","2 mil+","17 de septiembre de 2026 a las 7:40:00 UTC-3","17 de septiembre de 2026 a las 11:30:00 UTC-3","रियलमी","./explore?q=%E0%A4%B0%E0%A4%BF%E0%A4%AF%E0%A4%B2%E0%A4%AE%E0%A5%80&geo=IN"
"వేణు మాధవ్","2 mil+","17 de septiembre de 2026 a las 7:10:00 UTC-3","17 de septiembre de 2026 a las 11:20:00 UTC-3","వేణు మాధవ్","./explore?q=%E0%B0%B5%E0%B1%87%E0%B0%A3%E0%B1%81%20%E0%B0%AE%E0%B0%BE%E0%B0%A7%E0%B0%B5%E0%B1%8D&geo=IN"
"málaga cf vs villarreal cf standings","1 mil+","17 de septiembre de 2026 a las 19:50:00 UTC-3","18 de septiembre de 2026 a las 1:30:00 UTC-3","málaga cf vs villarreal cf standings","./explore?q=m%C3%A1laga%20cf%20vs%20villarreal%20cf%20standings&geo=IN"
"orn","500+","18 de septiembre de 2026 a las 13:50:00 UTC-3","18 de septiembre de 2026 a las 17:40:00 UTC-3","orn","./explore?q=orn&geo=IN"
"योजना","2 mil+","17 de septiembre de 2026 a las 7:00:00 UTC-3","17 de septiembre de 2026 a las 13:30:00 UTC-3","योजना","./explore?q=%E0%A4%AF%E0%A5%8B%E0%A4%9C%E0%A4%A8%E0%A4%BE&geo=IN"
"nitk surathkal","1 mil+","17 de septiembre de 2026 a las 22:40:00 UTC-3","18 de septiembre de 2026 a las 22:50:00 UTC-3","nitk surathkal","./explore?q=nitk%20surathkal&geo=IN"
"gujju love guru","2 mil+","17 de septiembre de 2026 a las 7:10:00 UTC-3","17 de septiembre de 2026 a las 14:10:00 UTC-3","gujju love guru,chandan rathod","./explore?q=gujju%20love%20guru&geo=IN"
"pathum nissanka","2 mil+","17 de septiembre de 2026 a las 14:50:00 UTC-3","17 de septiembre de 2026 a las 23:10:00 UTC-3","pathum nissanka","./explore?q=pathum%20nissanka&geo=IN"
"hang seng index","10 mil+","18 de septiembre de 2026 a las 5:10:00 UTC-3","18 de septiembre de 2026 a las 6:20:00 UTC-3","hang seng index,hang seng","./explore?q=hang%20seng%20index&geo=IN"
"పులి","1 mil+","18 de septiembre de 2026 a las 5:10:00 UTC-3","18 de septiembre de 2026 a las 7:40:00 UTC-3","పులి","./explore?q=%E0%B0%AA%E0%B1%81%E0%B0%B2%E0%B0%BF&geo=IN"
"കന്നി","1 mil+","18 de septiembre de 2026 a las 5:20:00 UTC-3","18 de septiembre de 2026 a las 8:40:00 UTC-3","കന്നി","./explore?q=%E0%B4%95%E0%B4%A8%E0%B5%8D%E0%B4%A8%E0%B4%BF&geo=IN"
"श्वेता तिवारी","2 mil+","17 de septiembre de 2026 a las 3:50:00 UTC-3","17 de septiembre de 2026 a las 11:00:00 UTC-3","श्वेता तिवारी","./explore?q=%E0%A4%B6%E0%A5%8D%E0%A4%B5%E0%A5%87%E0%A4%A4%E0%A4%BE%20%E0%A4%A4%E0%A4%BF%E0%A4%B5%E0%A4%BE%E0%A4%B0%E0%A5%80&geo=IN"
"history","2 mil+","16 de septiembre de 2026 a las 23:20:00 UTC-3","17 de septiembre de 2026 a las 20:00:00 UTC-3","history","./explore?q=history&geo=IN"
"मैथिली ठाकुर","500+","18 de septiembre de 2026 a las 11:30:00 UTC-3","18 de septiembre de 2026 a las 13:50:00 UTC-3","मैथिली ठाकुर","./explore?q=%E0%A4%AE%E0%A5%88%E0%A4%A5%E0%A4%BF%E0%A4%B2%E0%A5%80%20%E0%A4%A0%E0%A4%BE%E0%A4%95%E0%A5%81%E0%A4%B0&geo=IN"
"dara singh","1 mil+","18 de septiembre de 2026 a las 6:50:00 UTC-3","18 de septiembre de 2026 a las 9:30:00 UTC-3","dara singh","./explore?q=dara%20singh&geo=IN"
"సిద్ధార్థ్ లూథ్రా","1 mil+","18 de septiembre de 2026 a las 6:40:00 UTC-3","18 de septiembre de 2026 a las 9:10:00 UTC-3","సిద్ధార్థ్ లూథ్రా","./explore?q=%E0%B0%B8%E0%B0%BF%E0%B0%A6%E0%B1%8D%E0%B0%A7%E0%B0%BE%E0%B0%B0%E0%B1%8D%E0%B0%A5%E0%B1%8D%20%E0%B0%B2%E0%B1%82%E0%B0%A5%E0%B1%8D%E0%B0%B0%E0%B0%BE&geo=IN"
"indus waters treaty","500+","18 de septiembre de 2026 a las 12:20:00 UTC-3","18 de septiembre de 2026 a las 14:50:00 UTC-3","indus waters treaty","./explore?q=indus%20waters%20treaty&geo=IN"
"members","2 mil+","17 de septiembre de 2026 a las 9:10:00 UTC-3","17 de septiembre de 2026 a las 14:00:00 UTC-3","members","./explore?q=members&geo=IN"
"india afghanistan","2 mil+","17 de septiembre de 2026 a las 11:20:00 UTC-3","17 de septiembre de 2026 a las 14:20:00 UTC-3","india afghanistan","./explore?q=india%20afghanistan&geo=IN"
"செய்தி","1 mil+","18 de septiembre de 2026 a las 7:30:00 UTC-3","18 de septiembre de 2026 a las 9:30:00 UTC-3","செய்தி","./explore?q=%E0%AE%9A%E0%AF%86%E0%AE%AF%E0%AF%8D%E0%AE%A4%E0%AE%BF&geo=IN"
"പെട്രോള്","1 mil+","18 de septiembre de 2026 a las 7:50:00 UTC-3","18 de septiembre de 2026 a las 11:30:00 UTC-3","പെട്രോള്","./explore?q=%E0%B4%AA%E0%B5%86%E0%B4%9F%E0%B5%8D%E0%B4%B0%E0%B5%8B%E0%B4%B3%E0%B5%8D&geo=IN"
"sports","5 mil+","17 de septiembre de 2026 a las 11:30:00 UTC-3","17 de septiembre de 2026 a las 13:20:00 UTC-3","sports","./explore?q=sports&geo=IN"
"maruti suzuki baleno cng amt launch","1 mil+","18 de septiembre de 2026 a las 13:40:00 UTC-3","18 de septiembre de 2026 a las 15:00:00 UTC-3","maruti suzuki baleno cng amt launch,swift dzire baleno cng amt","./explore?q=maruti%20suzuki%20baleno%20cng%20amt%20launch&geo=IN"
"f","100+","18 de septiembre de 2026 a las 20:50:00 UTC-3","18 de septiembre de 2026 a las 21:30:00 UTC-3","f","./explore?q=f&geo=IN"
"શનિ","1 mil+","18 de septiembre de 2026 a las 4:20:00 UTC-3","18 de septiembre de 2026 a las 14:20:00 UTC-3","શનિ","./explore?q=%E0%AA%B6%E0%AA%A8%E0%AA%BF&geo=IN"
"ഷി ജിന്പിങ്","2 mil+","16 de septiembre de 2026 a las 23:50:00 UTC-3","17 de septiembre de 2026 a las 7:40:00 UTC-3","ഷി ജിന്പിങ്","./explore?q=%E0%B4%B7%E0%B4%BF%20%E0%B4%9C%E0%B4%BF%E0%B4%A8%E0%B5%8D%E0%B4%AA%E0%B4%BF%E0%B4%99%E0%B5%8D&geo=IN"
"israel iran war","2 mil+","17 de septiembre de 2026 a las 6:40:00 UTC-3","17 de septiembre de 2026 a las 10:10:00 UTC-3","israel iran war","./explore?q=israel%20iran%20war&geo=IN"
"ಯೋಗ","1 mil+","17 de septiembre de 2026 a las 22:10:00 UTC-3","18 de septiembre de 2026 a las 5:40:00 UTC-3","ಯೋಗ","./explore?q=%E0%B2%AF%E0%B3%8B%E0%B2%97&geo=IN"
"വനിതാ ക്രിക്കറ്റ്","1 mil+","18 de septiembre de 2026 a las 9:00:00 UTC-3","18 de septiembre de 2026 a las 11:40:00 UTC-3","വനിതാ ക്രിക്കറ്റ്","./explore?q=%E0%B4%B5%E0%B4%A8%E0%B4%BF%E0%B4%A4%E0%B4%BE%20%E0%B4%95%E0%B5%8D%E0%B4%B0%E0%B4%BF%E0%B4%95%E0%B5%8D%E0%B4%95%E0%B4%B1%E0%B5%8D%E0%B4%B1%E0%B5%8D&geo=IN"
"புரட்டாசி","2 mil+","17 de septiembre de 2026 a las 21:50:00 UTC-3","18 de septiembre de 2026 a las 2:10:00 UTC-3","புரட்டாசி,இராசி,செப்டம்பர் 17","./explore?q=%E0%AE%AA%E0%AF%81%E0%AE%B0%E0%AE%9F%E0%AF%8D%E0%AE%9F%E0%AE%BE%E0%AE%9A%E0%AE%BF&geo=IN"
"cricbuzz live","2 mil+","17 de septiembre de 2026 a las 11:20:00 UTC-3","17 de septiembre de 2026 a las 15:20:00 UTC-3","cricbuzz live","./explore?q=cricbuzz%20live&geo=IN"
"एअर इंडिया","1 mil+","18 de septiembre de 2026 a las 5:00:00 UTC-3","18 de septiembre de 2026 a las 7:10:00 UTC-3","एअर इंडिया","./explore?q=%E0%A4%8F%E0%A4%85%E0%A4%B0%20%E0%A4%87%E0%A4%82%E0%A4%A1%E0%A4%BF%E0%A4%AF%E0%A4%BE&geo=IN"
"narendra modi age","2 mil+","16 de septiembre de 2026 a las 23:00:00 UTC-3","17 de septiembre de 2026 a las 12:20:00 UTC-3","narendra modi age","./explore?q=narendra%20modi%20age&geo=IN"
"charith asalanka","2 mil+","17 de septiembre de 2026 a las 15:00:00 UTC-3","17 de septiembre de 2026 a las 23:20:00 UTC-3","charith asalanka","./explore?q=charith%20asalanka&geo=IN"
"sensex index","5 mil+","18 de septiembre de 2026 a las 6:50:00 UTC-3","18 de septiembre de 2026 a las 8:00:00 UTC-3","sensex index,sensex moneycontrol","./explore?q=sensex%20index&geo=IN"
"अमेज़न प्राइम वीडियो","1 mil+","18 de septiembre de 2026 a las 4:40:00 UTC-3","18 de septiembre de 2026 a las 7:40:00 UTC-3","अमेज़न प्राइम वीडियो","./explore?q=%E0%A4%85%E0%A4%AE%E0%A5%87%E0%A4%9C%E0%A4%BC%E0%A4%A8%20%E0%A4%AA%E0%A5%8D%E0%A4%B0%E0%A4%BE%E0%A4%87%E0%A4%AE%20%E0%A4%B5%E0%A5%80%E0%A4%A1%E0%A4%BF%E0%A4%AF%E0%A5%8B&geo=IN"
"चालान","2 mil+","17 de septiembre de 2026 a las 4:50:00 UTC-3","17 de septiembre de 2026 a las 12:10:00 UTC-3","चालान","./explore?q=%E0%A4%9A%E0%A4%BE%E0%A4%B2%E0%A4%BE%E0%A4%A8&geo=IN"
"சவுதி அராம்கோ","1 mil+","17 de septiembre de 2026 a las 23:50:00 UTC-3","18 de septiembre de 2026 a las 3:50:00 UTC-3","சவுதி அராம்கோ","./explore?q=%E0%AE%9A%E0%AE%B5%E0%AF%81%E0%AE%A4%E0%AE%BF%20%E0%AE%85%E0%AE%B0%E0%AE%BE%E0%AE%AE%E0%AF%8D%E0%AE%95%E0%AF%8B&geo=IN"
"windy","2 mil+","17 de septiembre de 2026 a las 23:20:00 UTC-3","18 de septiembre de 2026 a las 1:10:00 UTC-3","windy","./explore?q=windy&geo=IN"
"இந்தியா","2 mil+","17 de septiembre de 2026 a las 5:50:00 UTC-3","17 de septiembre de 2026 a las 12:50:00 UTC-3","இந்தியா","./explore?q=%E0%AE%87%E0%AE%A8%E0%AF%8D%E0%AE%A4%E0%AE%BF%E0%AE%AF%E0%AE%BE&geo=IN"
"adil rashid","2 mil+","17 de septiembre de 2026 a las 15:10:00 UTC-3","17 de septiembre de 2026 a las 22:30:00 UTC-3","adil rashid,icc ranking","./explore?q=adil%20rashid&geo=IN"
"ns200","2 mil+","17 de septiembre de 2026 a las 9:40:00 UTC-3","17 de septiembre de 2026 a las 14:20:00 UTC-3","ns200","./explore?q=ns200&geo=IN"
"బ్యాంకు","1 mil+","17 de septiembre de 2026 a las 21:20:00 UTC-3","18 de septiembre de 2026 a las 5:40:00 UTC-3","బ్యాంకు","./explore?q=%E0%B0%AC%E0%B1%8D%E0%B0%AF%E0%B0%BE%E0%B0%82%E0%B0%95%E0%B1%81&geo=IN"
"hardik pandya","2 mil+","17 de septiembre de 2026 a las 7:00:00 UTC-3","17 de septiembre de 2026 a las 13:20:00 UTC-3","hardik pandya","./explore?q=hardik%20pandya&geo=IN"
"లంచం","1 mil+","18 de septiembre de 2026 a las 8:20:00 UTC-3","18 de septiembre de 2026 a las 10:10:00 UTC-3","లంచం","./explore?q=%E0%B0%B2%E0%B0%82%E0%B0%9A%E0%B0%82&geo=IN"
"ishan kishan","2 mil+","17 de septiembre de 2026 a las 12:10:00 UTC-3","17 de septiembre de 2026 a las 14:00:00 UTC-3","ishan kishan,ips officer bushra bano news","./explore?q=ishan%20kishan&geo=IN"
"rentomojo stock price","5 mil+","17 de septiembre de 2026 a las 6:30:00 UTC-3","17 de septiembre de 2026 a las 8:40:00 UTC-3","rentomojo stock price,rentomojo,rentomojo ipo","./explore?q=rentomojo%20stock%20price&geo=IN"
"తిరుమల","1 mil+","17 de septiembre de 2026 a las 13:00:00 UTC-3","18 de septiembre de 2026 a las 6:00:00 UTC-3","తిరుమల","./explore?q=%E0%B0%A4%E0%B0%BF%E0%B0%B0%E0%B1%81%E0%B0%AE%E0%B0%B2&geo=IN"
"taiwan index","2 mil+","18 de septiembre de 2026 a las 2:30:00 UTC-3","18 de septiembre de 2026 a las 3:40:00 UTC-3","taiwan index","./explore?q=taiwan%20index&geo=IN"
"amazon india","100+","18 de septiembre de 2026 a las 19:50:00 UTC-3","18 de septiembre de 2026 a las 20:50:00 UTC-3","amazon india","./explore?q=amazon%20india&geo=IN"
"ఇల్లు","2 mil+","17 de septiembre de 2026 a las 2:50:00 UTC-3","17 de septiembre de 2026 a las 7:50:00 UTC-3","ఇల్లు","./explore?q=%E0%B0%87%E0%B0%B2%E0%B1%8D%E0%B0%B2%E0%B1%81&geo=IN"
"fiji","2 mil+","17 de septiembre de 2026 a las 9:20:00 UTC-3","17 de septiembre de 2026 a las 13:20:00 UTC-3","fiji","./explore?q=fiji&geo=IN"
"kospi index","2 mil+","18 de septiembre de 2026 a las 3:30:00 UTC-3","18 de septiembre de 2026 a las 4:40:00 UTC-3","kospi index,kospi","./explore?q=kospi%20index&geo=IN"
"star sports","2 mil+","17 de septiembre de 2026 a las 11:20:00 UTC-3","17 de septiembre de 2026 a las 13:10:00 UTC-3","star sports","./explore?q=star%20sports&geo=IN"
"jamal musiala","200+","18 de septiembre de 2026 a las 16:20:00 UTC-3","18 de septiembre de 2026 a las 17:50:00 UTC-3","jamal musiala","./explore?q=jamal%20musiala&geo=IN"
"afc bournemouth","1 mil+","17 de septiembre de 2026 a las 21:20:00 UTC-3","18 de septiembre de 2026 a las 1:20:00 UTC-3","afc bournemouth","./explore?q=afc%20bournemouth&geo=IN"
"indian army","1 mil+","18 de septiembre de 2026 a las 5:10:00 UTC-3","18 de septiembre de 2026 a las 7:40:00 UTC-3","indian army","./explore?q=indian%20army&geo=IN"
"नीतीश कुमार रेड्डी","2 mil+","17 de septiembre de 2026 a las 13:10:00 UTC-3","17 de septiembre de 2026 a las 23:20:00 UTC-3","नीतीश कुमार रेड्डी,vipraj nigam","./explore?q=%E0%A4%A8%E0%A5%80%E0%A4%A4%E0%A5%80%E0%A4%B6%20%E0%A4%95%E0%A5%81%E0%A4%AE%E0%A4%BE%E0%A4%B0%20%E0%A4%B0%E0%A5%87%E0%A4%A1%E0%A5%8D%E0%A4%A1%E0%A5%80&geo=IN"
"neet pg result 2026","1 mil+","18 de septiembre de 2026 a las 11:40:00 UTC-3","18 de septiembre de 2026 a las 13:10:00 UTC-3","neet pg result 2026,neet pg 2026 expected result announcement","./explore?q=neet%20pg%20result%202026&geo=IN"
"2026 आशियाई खेळ","500+","18 de septiembre de 2026 a las 8:20:00 UTC-3","18 de septiembre de 2026 a las 12:30:00 UTC-3","2026 आशियाई खेळ","./explore?q=2026%20%E0%A4%86%E0%A4%B6%E0%A4%BF%E0%A4%AF%E0%A4%BE%E0%A4%88%20%E0%A4%96%E0%A5%87%E0%A4%B3&geo=IN"
"कश्मीर","2 mil+","17 de septiembre de 2026 a las 7:40:00 UTC-3","17 de septiembre de 2026 a las 12:20:00 UTC-3","कश्मीर","./explore?q=%E0%A4%95%E0%A4%B6%E0%A5%8D%E0%A4%AE%E0%A5%80%E0%A4%B0&geo=IN"
"ಭಾರತೀಯ ಮಹಿಳಾ ಕ್ರಿಕೆಟ್ ತಂಡ","500+","18 de septiembre de 2026 a las 9:40:00 UTC-3","18 de septiembre de 2026 a las 11:40:00 UTC-3","ಭಾರತೀಯ ಮಹಿಳಾ ಕ್ರಿಕೆಟ್ ತಂಡ","./explore?q=%E0%B2%AD%E0%B2%BE%E0%B2%B0%E0%B2%A4%E0%B3%80%E0%B2%AF%20%E0%B2%AE%E0%B2%B9%E0%B2%BF%E0%B2%B3%E0%B2%BE%20%E0%B2%95%E0%B3%8D%E0%B2%B0%E0%B2%BF%E0%B2%95%E0%B3%86%E0%B2%9F%E0%B3%8D%20%E0%B2%A4%E0%B2%82%E0%B2%A1&geo=IN"
"miane smit","2 mil+","17 de septiembre de 2026 a las 8:30:00 UTC-3","17 de septiembre de 2026 a las 11:30:00 UTC-3","miane smit,zimw vs sa-w,sa w vs zim w,anneke bosch","./explore?q=miane%20smit&geo=IN"
"adeeb usmani","2 mil+","16 de septiembre de 2026 a las 23:30:00 UTC-3","17 de septiembre de 2026 a las 3:30:00 UTC-3","adeeb usmani","./explore?q=adeeb%20usmani&geo=IN"
"चाय","500+","18 de septiembre de 2026 a las 8:50:00 UTC-3","18 de septiembre de 2026 a las 10:30:00 UTC-3","चाय","./explore?q=%E0%A4%9A%E0%A4%BE%E0%A4%AF&geo=IN"
"om","2 mil+","17 de septiembre de 2026 a las 0:10:00 UTC-3","17 de septiembre de 2026 a las 4:10:00 UTC-3","om","./explore?q=om&geo=IN"
"ismael saibari","100+","18 de septiembre de 2026 a las 18:00:00 UTC-3","18 de septiembre de 2026 a las 19:30:00 UTC-3","ismael saibari","./explore?q=ismael%20saibari&geo=IN"
"कृषि यंत्र","2 mil+","17 de septiembre de 2026 a las 5:40:00 UTC-3","17 de septiembre de 2026 a las 10:10:00 UTC-3","कृषि यंत्र","./explore?q=%E0%A4%95%E0%A5%83%E0%A4%B7%E0%A4%BF%20%E0%A4%AF%E0%A4%82%E0%A4%A4%E0%A5%8D%E0%A4%B0&geo=IN"
"control resonant","100+","18 de septiembre de 2026 a las 17:30:00 UTC-3","18 de septiembre de 2026 a las 19:00:00 UTC-3","control resonant","./explore?q=control%20resonant&geo=IN"
"சேமிப்பு","500+","17 de septiembre de 2026 a las 22:30:00 UTC-3","18 de septiembre de 2026 a las 2:30:00 UTC-3","சேமிப்பு","./explore?q=%E0%AE%9A%E0%AF%87%E0%AE%AE%E0%AE%BF%E0%AE%AA%E0%AF%8D%E0%AE%AA%E0%AF%81&geo=IN"
"live cricket match","2 mil+","17 de septiembre de 2026 a las 11:20:00 UTC-3","17 de septiembre de 2026 a las 14:00:00 UTC-3","live cricket match","./explore?q=live%20cricket%20match&geo=IN"
"అలా మొదలైంది","500+","18 de septiembre de 2026 a las 8:20:00 UTC-3","18 de septiembre de 2026 a las 10:10:00 UTC-3","అలా మొదలైంది","./explore?q=%E0%B0%85%E0%B0%B2%E0%B0%BE%20%E0%B0%AE%E0%B1%8A%E0%B0%A6%E0%B0%B2%E0%B1%88%E0%B0%82%E0%B0%A6%E0%B0%BF&geo=IN"
"chelsea football","500+","18 de septiembre de 2026 a las 6:40:00 UTC-3","18 de septiembre de 2026 a las 8:20:00 UTC-3","chelsea football,chelsea fc","./explore?q=chelsea%20football&geo=IN"
"municipal corporation of delhi","1 mil+","17 de septiembre de 2026 a las 15:00:00 UTC-3","18 de septiembre de 2026 a las 0:20:00 UTC-3","municipal corporation of delhi","./explore?q=municipal%20corporation%20of%20delhi&geo=IN"
"శోభిత ధూళిపాళ","1 mil+","17 de septiembre de 2026 a las 14:00:00 UTC-3","18 de septiembre de 2026 a las 1:20:00 UTC-3","శోభిత ధూళిపాళ","./explore?q=%E0%B0%B6%E0%B1%8B%E0%B0%AD%E0%B0%BF%E0%B0%A4%20%E0%B0%A7%E0%B1%82%E0%B0%B3%E0%B0%BF%E0%B0%AA%E0%B0%BE%E0%B0%B3&geo=IN"
"സേവിംഗ്സ് ബാങ്ക് അക്കൗണ്ട്","2 mil+","17 de septiembre de 2026 a las 3:00:00 UTC-3","17 de septiembre de 2026 a las 10:50:00 UTC-3","സേവിംഗ്സ് ബാങ്ക് അക്കൗണ്ട്","./explore?q=%E0%B4%B8%E0%B5%87%E0%B4%B5%E0%B4%BF%E0%B4%82%E0%B4%97%E0%B5%8D%E0%B4%B8%E0%B5%8D%20%E0%B4%AC%E0%B4%BE%E0%B4%99%E0%B5%8D%E0%B4%95%E0%B5%8D%20%E0%B4%85%E0%B4%95%E0%B5%8D%E0%B4%95%E0%B5%97%E0%B4%A3%E0%B5%8D%E0%B4%9F%E0%B5%8D&geo=IN"
"weather vadodara","1 mil+","18 de septiembre de 2026 a las 0:20:00 UTC-3","18 de septiembre de 2026 a las 2:50:00 UTC-3","weather vadodara","./explore?q=weather%20vadodara&geo=IN"
"ఇరాన్","500+","18 de septiembre de 2026 a las 4:30:00 UTC-3","18 de septiembre de 2026 a las 6:30:00 UTC-3","ఇరాన్","./explore?q=%E0%B0%87%E0%B0%B0%E0%B0%BE%E0%B0%A8%E0%B1%8D&geo=IN"
"१६ सितम्बर","2 mil+","17 de septiembre de 2026 a las 11:00:00 UTC-3","17 de septiembre de 2026 a las 13:20:00 UTC-3","१६ सितम्बर","./explore?q=%E0%A5%A7%E0%A5%AC%20%E0%A4%B8%E0%A4%BF%E0%A4%A4%E0%A4%AE%E0%A5%8D%E0%A4%AC%E0%A4%B0&geo=IN"
"ಧನುಷ್","1 mil+","17 de septiembre de 2026 a las 9:10:00 UTC-3","17 de septiembre de 2026 a las 22:00:00 UTC-3","ಧನುಷ್","./explore?q=%E0%B2%A7%E0%B2%A8%E0%B3%81%E0%B2%B7%E0%B3%8D&geo=IN"
"viral video","100+","18 de septiembre de 2026 a las 18:20:00 UTC-3","18 de septiembre de 2026 a las 19:50:00 UTC-3","viral video","./explore?q=viral%20video&geo=IN"
"gst","2 mil+","18 de septiembre de 2026 a las 7:50:00 UTC-3","18 de septiembre de 2026 a las 8:20:00 UTC-3","gst,लाच","./explore?q=gst&geo=IN"
"bitcoin price","200+","18 de septiembre de 2026 a las 12:10:00 UTC-3","18 de septiembre de 2026 a las 19:40:00 UTC-3","bitcoin price","./explore?q=bitcoin%20price&geo=IN"
"கிரிக்கெட்","1 mil+","18 de septiembre de 2026 a las 0:10:00 UTC-3","18 de septiembre de 2026 a las 2:00:00 UTC-3","கிரிக்கெட்","./explore?q=%E0%AE%95%E0%AE%BF%E0%AE%B0%E0%AE%BF%E0%AE%95%E0%AF%8D%E0%AE%95%E0%AF%86%E0%AE%9F%E0%AF%8D&geo=IN"
"ಭವಿಷ್ಯ","2 mil+","17 de septiembre de 2026 a las 2:40:00 UTC-3","17 de septiembre de 2026 a las 7:10:00 UTC-3","ಭವಿಷ್ಯ","./explore?q=%E0%B2%AD%E0%B2%B5%E0%B2%BF%E0%B2%B7%E0%B3%8D%E0%B2%AF&geo=IN"
"marta kostyuk","500+","17 de septiembre de 2026 a las 21:40:00 UTC-3","18 de septiembre de 2026 a las 0:20:00 UTC-3","marta kostyuk","./explore?q=marta%20kostyuk&geo=IN"
"brighton fc","500+","18 de septiembre de 2026 a las 4:30:00 UTC-3","18 de septiembre de 2026 a las 6:30:00 UTC-3","brighton fc","./explore?q=brighton%20fc&geo=IN"
"தேங்காய்","1 mil+","17 de septiembre de 2026 a las 11:10:00 UTC-3","18 de septiembre de 2026 a las 0:20:00 UTC-3","தேங்காய்","./explore?q=%E0%AE%A4%E0%AF%87%E0%AE%99%E0%AF%8D%E0%AE%95%E0%AE%BE%E0%AE%AF%E0%AF%8D&geo=IN"
"psu bank merger","500+","17 de septiembre de 2026 a las 21:10:00 UTC-3","18 de septiembre de 2026 a las 1:20:00 UTC-3","psu bank merger","./explore?q=psu%20bank%20merger&geo=IN"
"अनिल अग्रवाल","500+","18 de septiembre de 2026 a las 9:50:00 UTC-3","18 de septiembre de 2026 a las 11:10:00 UTC-3","अनिल अग्रवाल","./explore?q=%E0%A4%85%E0%A4%A8%E0%A4%BF%E0%A4%B2%20%E0%A4%85%E0%A4%97%E0%A5%8D%E0%A4%B0%E0%A4%B5%E0%A4%BE%E0%A4%B2&geo=IN"
"பரோடா வங்கி","500+","18 de septiembre de 2026 a las 6:40:00 UTC-3","18 de septiembre de 2026 a las 8:30:00 UTC-3","பரோடா வங்கி","./explore?q=%E0%AE%AA%E0%AE%B0%E0%AF%8B%E0%AE%9F%E0%AE%BE%20%E0%AE%B5%E0%AE%99%E0%AF%8D%E0%AE%95%E0%AE%BF&geo=IN"
"mahdi nicoll-jazuli","100+","18 de septiembre de 2026 a las 17:50:00 UTC-3","18 de septiembre de 2026 a las 18:50:00 UTC-3","mahdi nicoll-jazuli","./explore?q=mahdi%20nicoll-jazuli&geo=IN"
"viksit bharat","500+","18 de septiembre de 2026 a las 10:40:00 UTC-3","18 de septiembre de 2026 a las 12:00:00 UTC-3","viksit bharat","./explore?q=viksit%20bharat&geo=IN"
"লটারি সংবাদ","5 mil+","17 de septiembre de 2026 a las 5:10:00 UTC-3","17 de septiembre de 2026 a las 13:00:00 UTC-3","লটারি সংবাদ","./explore?q=%E0%A6%B2%E0%A6%9F%E0%A6%BE%E0%A6%B0%E0%A6%BF%20%E0%A6%B8%E0%A6%82%E0%A6%AC%E0%A6%BE%E0%A6%A6&geo=IN"
"પોલીસ","200+","18 de septiembre de 2026 a las 13:50:00 UTC-3","18 de septiembre de 2026 a las 15:30:00 UTC-3","પોલીસ","./explore?q=%E0%AA%AA%E0%AB%8B%E0%AA%B2%E0%AB%80%E0%AA%B8&geo=IN"
"ભારતીય રાષ્ટ્રીય ક્રિકેટ ટીમ","500+","18 de septiembre de 2026 a las 5:10:00 UTC-3","18 de septiembre de 2026 a las 7:10:00 UTC-3","ભારતીય રાષ્ટ્રીય ક્રિકેટ ટીમ","./explore?q=%E0%AA%AD%E0%AA%BE%E0%AA%B0%E0%AA%A4%E0%AB%80%E0%AA%AF%20%E0%AA%B0%E0%AA%BE%E0%AA%B7%E0%AB%8D%E0%AA%9F%E0%AB%8D%E0%AA%B0%E0%AB%80%E0%AA%AF%20%E0%AA%95%E0%AB%8D%E0%AA%B0%E0%AA%BF%E0%AA%95%E0%AB%87%E0%AA%9F%20%E0%AA%9F%E0%AB%80%E0%AA%AE&geo=IN"
"bajaj broking","1 mil+","18 de septiembre de 2026 a las 2:00:00 UTC-3","18 de septiembre de 2026 a las 3:10:00 UTC-3","bajaj broking","./explore?q=bajaj%20broking&geo=IN"
"t20 world cup","1 mil+","17 de septiembre de 2026 a las 12:10:00 UTC-3","18 de septiembre de 2026 a las 0:50:00 UTC-3","t20 world cup","./explore?q=t20%20world%20cup&geo=IN"
"जनता दल (यूनाइटेड)","2 mil+","17 de septiembre de 2026 a las 3:50:00 UTC-3","17 de septiembre de 2026 a las 9:00:00 UTC-3","जनता दल (यूनाइटेड)","./explore?q=%E0%A4%9C%E0%A4%A8%E0%A4%A4%E0%A4%BE%20%E0%A4%A6%E0%A4%B2%20%28%E0%A4%AF%E0%A5%82%E0%A4%A8%E0%A4%BE%E0%A4%87%E0%A4%9F%E0%A5%87%E0%A4%A1%29&geo=IN"
"dsssb aso admit card","500+","18 de septiembre de 2026 a las 8:20:00 UTC-3","18 de septiembre de 2026 a las 9:50:00 UTC-3","dsssb aso admit card","./explore?q=dsssb%20aso%20admit%20card&geo=IN"
"semicon india 2026","1 mil+","17 de septiembre de 2026 a las 0:40:00 UTC-3","17 de septiembre de 2026 a las 8:40:00 UTC-3","semicon india 2026","./explore?q=semicon%20india%202026&geo=IN"
"paradise movie","500+","17 de septiembre de 2026 a las 11:50:00 UTC-3","18 de septiembre de 2026 a las 19:00:00 UTC-3","paradise movie,paradise","./explore?q=paradise%20movie&geo=IN"
"পুরুলিয়া","500+","18 de septiembre de 2026 a las 5:10:00 UTC-3","18 de septiembre de 2026 a las 7:20:00 UTC-3","পুরুলিয়া","./explore?q=%E0%A6%AA%E0%A7%81%E0%A6%B0%E0%A7%81%E0%A6%B2%E0%A6%BF%E0%A6%AF%E0%A6%BC%E0%A6%BE&geo=IN"
"हार्दिक पांड्या","500+","18 de septiembre de 2026 a las 8:20:00 UTC-3","18 de septiembre de 2026 a las 9:40:00 UTC-3","हार्दिक पांड्या","./explore?q=%E0%A4%B9%E0%A4%BE%E0%A4%B0%E0%A5%8D%E0%A4%A6%E0%A4%BF%E0%A4%95%20%E0%A4%AA%E0%A4%BE%E0%A4%82%E0%A4%A1%E0%A5%8D%E0%A4%AF%E0%A4%BE&geo=IN"
"taiwan index","5 mil+","17 de septiembre de 2026 a las 2:30:00 UTC-3","17 de septiembre de 2026 a las 3:40:00 UTC-3","taiwan index,kospi index,kospi","./explore?q=taiwan%20index&geo=IN"
"openai","500+","18 de septiembre de 2026 a las 3:40:00 UTC-3","18 de septiembre de 2026 a las 5:20:00 UTC-3","openai","./explore?q=openai&geo=IN"
"వివాహం","500+","18 de septiembre de 2026 a las 2:50:00 UTC-3","18 de septiembre de 2026 a las 4:20:00 UTC-3","వివాహం","./explore?q=%E0%B0%B5%E0%B0%BF%E0%B0%B5%E0%B0%BE%E0%B0%B9%E0%B0%82&geo=IN"
"western australia vs south australia","500+","18 de septiembre de 2026 a las 3:10:00 UTC-3","18 de septiembre de 2026 a las 4:50:00 UTC-3","western australia vs south australia","./explore?q=western%20australia%20vs%20south%20australia&geo=IN"
"পার্থ চট্টোপাধ্যায়","1 mil+","17 de septiembre de 2026 a las 9:10:00 UTC-3","17 de septiembre de 2026 a las 15:40:00 UTC-3","পার্থ চট্টোপাধ্যায়","./explore?q=%E0%A6%AA%E0%A6%BE%E0%A6%B0%E0%A7%8D%E0%A6%A5%20%E0%A6%9A%E0%A6%9F%E0%A7%8D%E0%A6%9F%E0%A7%8B%E0%A6%AA%E0%A6%BE%E0%A6%A7%E0%A7%8D%E0%A6%AF%E0%A6%BE%E0%A6%AF%E0%A6%BC&geo=IN"
"weather nagpur","500+","18 de septiembre de 2026 a las 9:50:00 UTC-3","18 de septiembre de 2026 a las 11:10:00 UTC-3","weather nagpur,nagpur weather","./explore?q=weather%20nagpur&geo=IN"
"সালমান খান","500+","18 de septiembre de 2026 a las 5:00:00 UTC-3","18 de septiembre de 2026 a las 6:50:00 UTC-3","সালমান খান","./explore?q=%E0%A6%B8%E0%A6%BE%E0%A6%B2%E0%A6%AE%E0%A6%BE%E0%A6%A8%20%E0%A6%96%E0%A6%BE%E0%A6%A8&geo=IN"
"natthakan chantham","1 mil+","17 de septiembre de 2026 a las 3:40:00 UTC-3","17 de septiembre de 2026 a las 6:20:00 UTC-3","natthakan chantham","./explore?q=natthakan%20chantham&geo=IN"
"norway","500+","18 de septiembre de 2026 a las 8:10:00 UTC-3","18 de septiembre de 2026 a las 9:50:00 UTC-3","norway","./explore?q=norway&geo=IN"
"മദ്രാസ് ഹൈക്കോടതി","1 mil+","17 de septiembre de 2026 a las 4:00:00 UTC-3","17 de septiembre de 2026 a las 8:00:00 UTC-3","മദ്രാസ് ഹൈക്കോടതി","./explore?q=%E0%B4%AE%E0%B4%A6%E0%B5%8D%E0%B4%B0%E0%B4%BE%E0%B4%B8%E0%B5%8D%20%E0%B4%B9%E0%B5%88%E0%B4%95%E0%B5%8D%E0%B4%95%E0%B5%8B%E0%B4%9F%E0%B4%A4%E0%B4%BF&geo=IN"
"oracle workforce reduction ai spending","1 mil+","17 de septiembre de 2026 a las 5:50:00 UTC-3","17 de septiembre de 2026 a las 11:10:00 UTC-3","oracle workforce reduction ai spending","./explore?q=oracle%20workforce%20reduction%20ai%20spending&geo=IN"
"ದರ್ಶನ್ ತೂಗುದೀಪ","1 mil+","18 de septiembre de 2026 a las 13:10:00 UTC-3","18 de septiembre de 2026 a las 13:30:00 UTC-3","ದರ್ಶನ್ ತೂಗುದೀಪ","./explore?q=%E0%B2%A6%E0%B2%B0%E0%B3%8D%E0%B2%B6%E0%B2%A8%E0%B3%8D%20%E0%B2%A4%E0%B3%82%E0%B2%97%E0%B3%81%E0%B2%A6%E0%B3%80%E0%B2%AA&geo=IN"
"district","1 mil+","17 de septiembre de 2026 a las 9:20:00 UTC-3","17 de septiembre de 2026 a las 11:30:00 UTC-3","district","./explore?q=district&geo=IN"
"பரந்தூர் விமான நிலையம்","1 mil+","17 de septiembre de 2026 a las 8:20:00 UTC-3","17 de septiembre de 2026 a las 10:40:00 UTC-3","பரந்தூர் விமான நிலையம்","./explore?q=%E0%AE%AA%E0%AE%B0%E0%AE%A8%E0%AF%8D%E0%AE%A4%E0%AF%82%E0%AE%B0%E0%AF%8D%20%E0%AE%B5%E0%AE%BF%E0%AE%AE%E0%AE%BE%E0%AE%A9%20%E0%AE%A8%E0%AE%BF%E0%AE%B2%E0%AF%88%E0%AE%AF%E0%AE%AE%E0%AF%8D&geo=IN"
"sergeant","200+","18 de septiembre de 2026 a las 11:10:00 UTC-3","18 de septiembre de 2026 a las 12:20:00 UTC-3","sergeant","./explore?q=sergeant&geo=IN"
"karamtara engineering share price","2 mil+","18 de septiembre de 2026 a las 1:00:00 UTC-3","18 de septiembre de 2026 a las 2:20:00 UTC-3","karamtara engineering share price,karamtara engineering","./explore?q=karamtara%20engineering%20share%20price&geo=IN"
"స్వప్నం","500+","18 de septiembre de 2026 a las 6:40:00 UTC-3","18 de septiembre de 2026 a las 8:10:00 UTC-3","స్వప్నం","./explore?q=%E0%B0%B8%E0%B1%8D%E0%B0%B5%E0%B0%AA%E0%B1%8D%E0%B0%A8%E0%B0%82&geo=IN"
"zakir khan","100+","18 de septiembre de 2026 a las 16:50:00 UTC-3","18 de septiembre de 2026 a las 17:50:00 UTC-3","zakir khan","./explore?q=zakir%20khan&geo=IN"
"ద్రాక్ష","200+","18 de septiembre de 2026 a las 12:30:00 UTC-3","18 de septiembre de 2026 a las 13:40:00 UTC-3","ద్రాక్ష","./explore?q=%E0%B0%A6%E0%B1%8D%E0%B0%B0%E0%B0%BE%E0%B0%95%E0%B1%8D%E0%B0%B7&geo=IN"
"खाद्य तेल","500+","18 de septiembre de 2026 a las 5:00:00 UTC-3","18 de septiembre de 2026 a las 6:40:00 UTC-3","खाद्य तेल","./explore?q=%E0%A4%96%E0%A4%BE%E0%A4%A6%E0%A5%8D%E0%A4%AF%20%E0%A4%A4%E0%A5%87%E0%A4%B2&geo=IN"
"പാമ്പ്","200+","18 de septiembre de 2026 a las 11:20:00 UTC-3","18 de septiembre de 2026 a las 12:30:00 UTC-3","പാമ്പ്","./explore?q=%E0%B4%AA%E0%B4%BE%E0%B4%AE%E0%B5%8D%E0%B4%AA%E0%B5%8D&geo=IN"
"இந்தியா - ஆப்கானிஸ்தான்","500+","17 de septiembre de 2026 a las 11:20:00 UTC-3","17 de septiembre de 2026 a las 22:40:00 UTC-3","இந்தியா - ஆப்கானிஸ்தான்","./explore?q=%E0%AE%87%E0%AE%A8%E0%AF%8D%E0%AE%A4%E0%AE%BF%E0%AE%AF%E0%AE%BE%20-%20%E0%AE%86%E0%AE%AA%E0%AF%8D%E0%AE%95%E0%AE%BE%E0%AE%A9%E0%AE%BF%E0%AE%B8%E0%AF%8D%E0%AE%A4%E0%AE%BE%E0%AE%A9%E0%AF%8D&geo=IN"
"பிபிசி","200+","18 de septiembre de 2026 a las 8:40:00 UTC-3","18 de septiembre de 2026 a las 9:50:00 UTC-3","பிபிசி","./explore?q=%E0%AE%AA%E0%AE%BF%E0%AE%AA%E0%AE%BF%E0%AE%9A%E0%AE%BF&geo=IN"
"छात्रवृत्ति","200+","18 de septiembre de 2026 a las 11:00:00 UTC-3","18 de septiembre de 2026 a las 12:10:00 UTC-3","छात्रवृत्ति","./explore?q=%E0%A4%9B%E0%A4%BE%E0%A4%A4%E0%A5%8D%E0%A4%B0%E0%A4%B5%E0%A5%83%E0%A4%A4%E0%A5%8D%E0%A4%A4%E0%A4%BF&geo=IN"
"flamengo vs independiente del valle","500+","17 de septiembre de 2026 a las 22:10:00 UTC-3","18 de septiembre de 2026 a las 1:00:00 UTC-3","flamengo vs independiente del valle","./explore?q=flamengo%20vs%20independiente%20del%20valle&geo=IN"
"सुनील जाखड़","500+","17 de septiembre de 2026 a las 22:20:00 UTC-3","18 de septiembre de 2026 a las 1:00:00 UTC-3","सुनील जाखड़","./explore?q=%E0%A4%B8%E0%A5%81%E0%A4%A8%E0%A5%80%E0%A4%B2%20%E0%A4%9C%E0%A4%BE%E0%A4%96%E0%A4%A1%E0%A4%BC&geo=IN"
"पाकिस्तान महिला बनाम थाईलैंड महिला","1 mil+","17 de septiembre de 2026 a las 1:40:00 UTC-3","17 de septiembre de 2026 a las 3:40:00 UTC-3","पाकिस्तान महिला बनाम थाईलैंड महिला","./explore?q=%E0%A4%AA%E0%A4%BE%E0%A4%95%E0%A4%BF%E0%A4%B8%E0%A5%8D%E0%A4%A4%E0%A4%BE%E0%A4%A8%20%E0%A4%AE%E0%A4%B9%E0%A4%BF%E0%A4%B2%E0%A4%BE%20%E0%A4%AC%E0%A4%A8%E0%A4%BE%E0%A4%AE%20%E0%A4%A5%E0%A4%BE%E0%A4%88%E0%A4%B2%E0%A5%88%E0%A4%82%E0%A4%A1%20%E0%A4%AE%E0%A4%B9%E0%A4%BF%E0%A4%B2%E0%A4%BE&geo=IN"
"सुनीता आहूजा","200+","18 de septiembre de 2026 a las 13:30:00 UTC-3","18 de septiembre de 2026 a las 14:10:00 UTC-3","सुनीता आहूजा","./explore?q=%E0%A4%B8%E0%A5%81%E0%A4%A8%E0%A5%80%E0%A4%A4%E0%A4%BE%20%E0%A4%86%E0%A4%B9%E0%A5%82%E0%A4%9C%E0%A4%BE&geo=IN"
"കെ.സി. വേണുഗോപാല്","200+","17 de septiembre de 2026 a las 20:50:00 UTC-3","18 de septiembre de 2026 a las 0:10:00 UTC-3","കെ.സി. വേണുഗോപാല്","./explore?q=%E0%B4%95%E0%B5%86.%E0%B4%B8%E0%B4%BF.%20%E0%B4%B5%E0%B5%87%E0%B4%A3%E0%B5%81%E0%B4%97%E0%B5%8B%E0%B4%AA%E0%B4%BE%E0%B4%B2%E0%B5%8D&geo=IN"
"taylor swift travis kelce","1 mil+","17 de septiembre de 2026 a las 9:50:00 UTC-3","17 de septiembre de 2026 a las 12:10:00 UTC-3","taylor swift travis kelce","./explore?q=taylor%20swift%20travis%20kelce&geo=IN"
"नीता अंबानी","500+","17 de septiembre de 2026 a las 20:30:00 UTC-3","18 de septiembre de 2026 a las 0:50:00 UTC-3","नीता अंबानी","./explore?q=%E0%A4%A8%E0%A5%80%E0%A4%A4%E0%A4%BE%20%E0%A4%85%E0%A4%82%E0%A4%AC%E0%A4%BE%E0%A4%A8%E0%A5%80&geo=IN"
"ऑपरेशन सिंदूर","200+","18 de septiembre de 2026 a las 13:10:00 UTC-3","18 de septiembre de 2026 a las 13:50:00 UTC-3","ऑपरेशन सिंदूर","./explore?q=%E0%A4%91%E0%A4%AA%E0%A4%B0%E0%A5%87%E0%A4%B6%E0%A4%A8%20%E0%A4%B8%E0%A4%BF%E0%A4%82%E0%A4%A6%E0%A5%82%E0%A4%B0&geo=IN"
"കേരള","500+","18 de septiembre de 2026 a las 5:30:00 UTC-3","18 de septiembre de 2026 a las 6:30:00 UTC-3","കേരള","./explore?q=%E0%B4%95%E0%B5%87%E0%B4%B0%E0%B4%B3&geo=IN"
"भजन लाल शर्मा","1 mil+","17 de septiembre de 2026 a las 4:40:00 UTC-3","17 de septiembre de 2026 a las 7:40:00 UTC-3","भजन लाल शर्मा","./explore?q=%E0%A4%AD%E0%A4%9C%E0%A4%A8%20%E0%A4%B2%E0%A4%BE%E0%A4%B2%20%E0%A4%B6%E0%A4%B0%E0%A5%8D%E0%A4%AE%E0%A4%BE&geo=IN"
"dev sharma","500+","18 de septiembre de 2026 a las 3:40:00 UTC-3","18 de septiembre de 2026 a las 4:50:00 UTC-3","dev sharma","./explore?q=dev%20sharma&geo=IN"
"কৃষক","500+","17 de septiembre de 2026 a las 8:50:00 UTC-3","17 de septiembre de 2026 a las 12:10:00 UTC-3","কৃষক","./explore?q=%E0%A6%95%E0%A7%83%E0%A6%B7%E0%A6%95&geo=IN"
"आग","1 mil+","17 de septiembre de 2026 a las 9:00:00 UTC-3","17 de septiembre de 2026 a las 13:30:00 UTC-3","आग","./explore?q=%E0%A4%86%E0%A4%97&geo=IN"
"पश्चिम बंगाल विधानसभा","500+","18 de septiembre de 2026 a las 1:10:00 UTC-3","18 de septiembre de 2026 a las 4:20:00 UTC-3","पश्चिम बंगाल विधानसभा","./explore?q=%E0%A4%AA%E0%A4%B6%E0%A5%8D%E0%A4%9A%E0%A4%BF%E0%A4%AE%20%E0%A4%AC%E0%A4%82%E0%A4%97%E0%A4%BE%E0%A4%B2%20%E0%A4%B5%E0%A4%BF%E0%A4%A7%E0%A4%BE%E0%A4%A8%E0%A4%B8%E0%A4%AD%E0%A4%BE&geo=IN"
"gurugram","200+","18 de septiembre de 2026 a las 13:50:00 UTC-3","18 de septiembre de 2026 a las 14:20:00 UTC-3","gurugram","./explore?q=gurugram&geo=IN"
"తినడం","1 mil+","17 de septiembre de 2026 a las 11:20:00 UTC-3","17 de septiembre de 2026 a las 23:30:00 UTC-3","తినడం,చేప","./explore?q=%E0%B0%A4%E0%B0%BF%E0%B0%A8%E0%B0%A1%E0%B0%82&geo=IN"
"name","1 mil+","17 de septiembre de 2026 a las 9:20:00 UTC-3","17 de septiembre de 2026 a las 12:00:00 UTC-3","name","./explore?q=name&geo=IN"
"government","1 mil+","17 de septiembre de 2026 a las 9:40:00 UTC-3","17 de septiembre de 2026 a las 12:00:00 UTC-3","government","./explore?q=government&geo=IN"
"disproportionate assets","200+","17 de septiembre de 2026 a las 23:30:00 UTC-3","18 de septiembre de 2026 a las 1:30:00 UTC-3","disproportionate assets","./explore?q=disproportionate%20assets&geo=IN"
"cap","1 mil+","17 de septiembre de 2026 a las 10:00:00 UTC-3","17 de septiembre de 2026 a las 12:20:00 UTC-3","cap","./explore?q=cap&geo=IN"
"sony sports","1 mil+","17 de septiembre de 2026 a las 11:30:00 UTC-3","17 de septiembre de 2026 a las 12:40:00 UTC-3","sony sports,sony sports network","./explore?q=sony%20sports&geo=IN"
"dasun shanaka","1 mil+","17 de septiembre de 2026 a las 15:30:00 UTC-3","17 de septiembre de 2026 a las 16:40:00 UTC-3","dasun shanaka","./explore?q=dasun%20shanaka&geo=IN"
"మహేశ్ బాబు","1 mil+","17 de septiembre de 2026 a las 5:50:00 UTC-3","17 de septiembre de 2026 a las 8:30:00 UTC-3","మహేశ్ బాబు","./explore?q=%E0%B0%AE%E0%B0%B9%E0%B1%87%E0%B0%B6%E0%B1%8D%20%E0%B0%AC%E0%B0%BE%E0%B0%AC%E0%B1%81&geo=IN"
"செய்தி","1 mil+","17 de septiembre de 2026 a las 5:10:00 UTC-3","17 de septiembre de 2026 a las 8:10:00 UTC-3","செய்தி","./explore?q=%E0%AE%9A%E0%AF%86%E0%AE%AF%E0%AF%8D%E0%AE%A4%E0%AE%BF&geo=IN"
"kolkata weather","1 mil+","17 de septiembre de 2026 a las 5:40:00 UTC-3","17 de septiembre de 2026 a las 9:00:00 UTC-3","kolkata weather","./explore?q=kolkata%20weather&geo=IN"
"vishwakarma puja date","1 mil+","16 de septiembre de 2026 a las 23:00:00 UTC-3","17 de septiembre de 2026 a las 2:30:00 UTC-3","vishwakarma puja date","./explore?q=vishwakarma%20puja%20date&geo=IN"
"ಸೋಫಿಯಾ ಹಯಾತ್","500+","17 de septiembre de 2026 a las 11:20:00 UTC-3","17 de septiembre de 2026 a las 14:10:00 UTC-3","ಸೋಫಿಯಾ ಹಯಾತ್","./explore?q=%E0%B2%B8%E0%B3%8B%E0%B2%AB%E0%B2%BF%E0%B2%AF%E0%B2%BE%20%E0%B2%B9%E0%B2%AF%E0%B2%BE%E0%B2%A4%E0%B3%8D&geo=IN"
"beşiktaş vs marseille","500+","17 de septiembre de 2026 a las 16:20:00 UTC-3","17 de septiembre de 2026 a las 19:00:00 UTC-3","beşiktaş vs marseille","./explore?q=be%C5%9Fikta%C5%9F%20vs%20marseille&geo=IN"
"தேசிய முற்போக்கு திராவிட கழகம்","500+","17 de septiembre de 2026 a las 8:40:00 UTC-3","17 de septiembre de 2026 a las 11:20:00 UTC-3","தேசிய முற்போக்கு திராவிட கழகம்","./explore?q=%E0%AE%A4%E0%AF%87%E0%AE%9A%E0%AE%BF%E0%AE%AF%20%E0%AE%AE%E0%AF%81%E0%AE%B1%E0%AF%8D%E0%AE%AA%E0%AF%8B%E0%AE%95%E0%AF%8D%E0%AE%95%E0%AF%81%20%E0%AE%A4%E0%AE%BF%E0%AE%B0%E0%AE%BE%E0%AE%B5%E0%AE%BF%E0%AE%9F%20%E0%AE%95%E0%AE%B4%E0%AE%95%E0%AE%AE%E0%AF%8D&geo=IN"
"satellite images","200+","17 de septiembre de 2026 a las 23:10:00 UTC-3","18 de septiembre de 2026 a las 1:10:00 UTC-3","satellite images","./explore?q=satellite%20images&geo=IN"
"ready","500+","17 de septiembre de 2026 a las 9:40:00 UTC-3","17 de septiembre de 2026 a las 12:40:00 UTC-3","ready","./explore?q=ready&geo=IN"
"today match score","1 mil+","17 de septiembre de 2026 a las 11:40:00 UTC-3","17 de septiembre de 2026 a las 15:30:00 UTC-3","today match score,india matches","./explore?q=today%20match%20score&geo=IN"
"ಲೋಕಾಯುಕ್ತ","1 mil+","17 de septiembre de 2026 a las 5:40:00 UTC-3","17 de septiembre de 2026 a las 8:30:00 UTC-3","ಲೋಕಾಯುಕ್ತ","./explore?q=%E0%B2%B2%E0%B3%8B%E0%B2%95%E0%B2%BE%E0%B2%AF%E0%B3%81%E0%B2%95%E0%B3%8D%E0%B2%A4&geo=IN"
"radha ashtami 2026 date and time","200+","17 de septiembre de 2026 a las 23:50:00 UTC-3","18 de septiembre de 2026 a las 1:40:00 UTC-3","radha ashtami 2026 date and time","./explore?q=radha%20ashtami%202026%20date%20and%20time&geo=IN"
"methanol","200+","18 de septiembre de 2026 a las 15:10:00 UTC-3","18 de septiembre de 2026 a las 15:50:00 UTC-3","methanol","./explore?q=methanol&geo=IN"
"పాస్పోర్ట్","200+","17 de septiembre de 2026 a las 23:30:00 UTC-3","18 de septiembre de 2026 a las 1:10:00 UTC-3","పాస్పోర్ట్","./explore?q=%E0%B0%AA%E0%B0%BE%E0%B0%B8%E0%B1%8D%E0%B0%AA%E0%B1%8B%E0%B0%B0%E0%B1%8D%E0%B0%9F%E0%B1%8D&geo=IN"
"जयपुर नगर निगम","500+","17 de septiembre de 2026 a las 8:00:00 UTC-3","17 de septiembre de 2026 a las 10:40:00 UTC-3","जयपुर नगर निगम","./explore?q=%E0%A4%9C%E0%A4%AF%E0%A4%AA%E0%A5%81%E0%A4%B0%20%E0%A4%A8%E0%A4%97%E0%A4%B0%20%E0%A4%A8%E0%A4%BF%E0%A4%97%E0%A4%AE&geo=IN"
"खेल","500+","17 de septiembre de 2026 a las 11:30:00 UTC-3","17 de septiembre de 2026 a las 13:00:00 UTC-3","खेल","./explore?q=%E0%A4%96%E0%A5%87%E0%A4%B2&geo=IN"
"mms","100+","18 de septiembre de 2026 a las 17:20:00 UTC-3","18 de septiembre de 2026 a las 17:50:00 UTC-3","mms","./explore?q=mms&geo=IN"
"ઑસ્ટ્રેલિયા વિ. ઝિમ્બાબ્વે","200+","18 de septiembre de 2026 a las 4:50:00 UTC-3","18 de septiembre de 2026 a las 6:00:00 UTC-3","ઑસ્ટ્રેલિયા વિ. ઝિમ્બાબ્વે","./explore?q=%E0%AA%91%E0%AA%B8%E0%AB%8D%E0%AA%9F%E0%AB%8D%E0%AA%B0%E0%AB%87%E0%AA%B2%E0%AA%BF%E0%AA%AF%E0%AA%BE%20%E0%AA%B5%E0%AA%BF.%20%E0%AA%9D%E0%AA%BF%E0%AA%AE%E0%AB%8D%E0%AA%AC%E0%AA%BE%E0%AA%AC%E0%AB%8D%E0%AA%B5%E0%AB%87&geo=IN"
"live tv","500+","17 de septiembre de 2026 a las 11:20:00 UTC-3","17 de septiembre de 2026 a las 12:40:00 UTC-3","live tv","./explore?q=live%20tv&geo=IN"
"ಸುವರ್ಣ ನ್ಯೂಸ್","200+","18 de septiembre de 2026 a las 5:40:00 UTC-3","18 de septiembre de 2026 a las 6:50:00 UTC-3","ಸುವರ್ಣ ನ್ಯೂಸ್","./explore?q=%E0%B2%B8%E0%B3%81%E0%B2%B5%E0%B2%B0%E0%B3%8D%E0%B2%A3%20%E0%B2%A8%E0%B3%8D%E0%B2%AF%E0%B3%82%E0%B2%B8%E0%B3%8D&geo=IN"
"peyton stearns","200+","18 de septiembre de 2026 a las 0:20:00 UTC-3","18 de septiembre de 2026 a las 1:40:00 UTC-3","peyton stearns","./explore?q=peyton%20stearns&geo=IN"
"radhika ambani","1 mil+","17 de septiembre de 2026 a las 7:00:00 UTC-3","17 de septiembre de 2026 a las 8:30:00 UTC-3","radhika ambani","./explore?q=radhika%20ambani&geo=IN"
"boney kapoor","1 mil+","17 de septiembre de 2026 a las 4:50:00 UTC-3","17 de septiembre de 2026 a las 7:10:00 UTC-3","boney kapoor","./explore?q=boney%20kapoor&geo=IN"
"zara","100+","18 de septiembre de 2026 a las 19:30:00 UTC-3","18 de septiembre de 2026 a las 19:50:00 UTC-3","zara","./explore?q=zara&geo=IN"
"sloane stephens","200+","18 de septiembre de 2026 a las 0:10:00 UTC-3","18 de septiembre de 2026 a las 1:30:00 UTC-3","sloane stephens","./explore?q=sloane%20stephens&geo=IN"
"18 september 2026","200+","17 de septiembre de 2026 a las 22:40:00 UTC-3","18 de septiembre de 2026 a las 0:50:00 UTC-3","18 september 2026","./explore?q=18%20september%202026&geo=IN"
"অন্নপূর্ণা যোজনা","500+","17 de septiembre de 2026 a las 10:00:00 UTC-3","17 de septiembre de 2026 a las 11:20:00 UTC-3","অন্নপূর্ণা যোজনা","./explore?q=%E0%A6%85%E0%A6%A8%E0%A7%8D%E0%A6%A8%E0%A6%AA%E0%A7%82%E0%A6%B0%E0%A7%8D%E0%A6%A3%E0%A6%BE%20%E0%A6%AF%E0%A7%8B%E0%A6%9C%E0%A6%A8%E0%A6%BE&geo=IN"
"join indian navy result","500+","17 de septiembre de 2026 a las 9:40:00 UTC-3","17 de septiembre de 2026 a las 11:20:00 UTC-3","join indian navy result","./explore?q=join%20indian%20navy%20result&geo=IN"
"ರಶ್ಮಿಕಾ ಮಂದಣ್ಣ","200+","17 de septiembre de 2026 a las 12:10:00 UTC-3","17 de septiembre de 2026 a las 15:00:00 UTC-3","ರಶ್ಮಿಕಾ ಮಂದಣ್ಣ","./explore?q=%E0%B2%B0%E0%B2%B6%E0%B3%8D%E0%B2%AE%E0%B2%BF%E0%B2%95%E0%B2%BE%20%E0%B2%AE%E0%B2%82%E0%B2%A6%E0%B2%A3%E0%B3%8D%E0%B2%A3&geo=IN"
"tata chemicals share price","200+","18 de septiembre de 2026 a las 1:00:00 UTC-3","18 de septiembre de 2026 a las 2:10:00 UTC-3","tata chemicals share price","./explore?q=tata%20chemicals%20share%20price&geo=IN"
"ജയില്","200+","18 de septiembre de 2026 a las 6:10:00 UTC-3","18 de septiembre de 2026 a las 7:10:00 UTC-3","ജയില്","./explore?q=%E0%B4%9C%E0%B4%AF%E0%B4%BF%E0%B4%B2%E0%B5%8D&geo=IN"
"നിരക്ക്","500+","17 de septiembre de 2026 a las 6:10:00 UTC-3","17 de septiembre de 2026 a las 8:20:00 UTC-3","നിരക്ക്","./explore?q=%E0%B4%A8%E0%B4%BF%E0%B4%B0%E0%B4%95%E0%B5%8D%E0%B4%95%E0%B5%8D&geo=IN"
"আশ্বিন","200+","18 de septiembre de 2026 a las 7:50:00 UTC-3","18 de septiembre de 2026 a las 8:40:00 UTC-3","আশ্বিন","./explore?q=%E0%A6%86%E0%A6%B6%E0%A7%8D%E0%A6%AC%E0%A6%BF%E0%A6%A8&geo=IN"
"ભારત","500+","17 de septiembre de 2026 a las 15:00:00 UTC-3","17 de septiembre de 2026 a las 23:40:00 UTC-3","ભારત","./explore?q=%E0%AA%AD%E0%AA%BE%E0%AA%B0%E0%AA%A4&geo=IN"
"sonal dinusha","200+","18 de septiembre de 2026 a las 1:20:00 UTC-3","18 de septiembre de 2026 a las 2:10:00 UTC-3","sonal dinusha","./explore?q=sonal%20dinusha&geo=IN"
"प्रधानमंत्री आवास योजना","500+","16 de septiembre de 2026 a las 23:10:00 UTC-3","17 de septiembre de 2026 a las 0:50:00 UTC-3","प्रधानमंत्री आवास योजना","./explore?q=%E0%A4%AA%E0%A5%8D%E0%A4%B0%E0%A4%A7%E0%A4%BE%E0%A4%A8%E0%A4%AE%E0%A4%82%E0%A4%A4%E0%A5%8D%E0%A4%B0%E0%A5%80%20%E0%A4%86%E0%A4%B5%E0%A4%BE%E0%A4%B8%20%E0%A4%AF%E0%A5%8B%E0%A4%9C%E0%A4%A8%E0%A4%BE&geo=IN"
"उत्तर प्रदेश विधान सभा","1 mil+","17 de septiembre de 2026 a las 5:40:00 UTC-3","17 de septiembre de 2026 a las 8:00:00 UTC-3","उत्तर प्रदेश विधान सभा","./explore?q=%E0%A4%89%E0%A4%A4%E0%A5%8D%E0%A4%A4%E0%A4%B0%20%E0%A4%AA%E0%A5%8D%E0%A4%B0%E0%A4%A6%E0%A5%87%E0%A4%B6%20%E0%A4%B5%E0%A4%BF%E0%A4%A7%E0%A4%BE%E0%A4%A8%20%E0%A4%B8%E0%A4%AD%E0%A4%BE&geo=IN"
"संजय राउत","500+","17 de septiembre de 2026 a las 14:00:00 UTC-3","17 de septiembre de 2026 a las 15:20:00 UTC-3","संजय राउत","./explore?q=%E0%A4%B8%E0%A4%82%E0%A4%9C%E0%A4%AF%20%E0%A4%B0%E0%A4%BE%E0%A4%89%E0%A4%A4&geo=IN"
"सम्राट चौधरी","200+","18 de septiembre de 2026 a las 3:50:00 UTC-3","18 de septiembre de 2026 a las 4:40:00 UTC-3","सम्राट चौधरी","./explore?q=%E0%A4%B8%E0%A4%AE%E0%A5%8D%E0%A4%B0%E0%A4%BE%E0%A4%9F%20%E0%A4%9A%E0%A5%8C%E0%A4%A7%E0%A4%B0%E0%A5%80&geo=IN"
"espn","200+","17 de septiembre de 2026 a las 13:10:00 UTC-3","17 de septiembre de 2026 a las 14:50:00 UTC-3","espn","./explore?q=espn&geo=IN"
"भारतीय रिज़र्व बैंक","200+","17 de septiembre de 2026 a las 21:30:00 UTC-3","18 de septiembre de 2026 a las 0:20:00 UTC-3","भारतीय रिज़र्व बैंक","./explore?q=%E0%A4%AD%E0%A4%BE%E0%A4%B0%E0%A4%A4%E0%A5%80%E0%A4%AF%20%E0%A4%B0%E0%A4%BF%E0%A4%9C%E0%A4%BC%E0%A4%B0%E0%A5%8D%E0%A4%B5%20%E0%A4%AC%E0%A5%88%E0%A4%82%E0%A4%95&geo=IN"
"मोहम्मद नबी","500+","17 de septiembre de 2026 a las 11:40:00 UTC-3","17 de septiembre de 2026 a las 13:30:00 UTC-3","मोहम्मद नबी","./explore?q=%E0%A4%AE%E0%A5%8B%E0%A4%B9%E0%A4%AE%E0%A5%8D%E0%A4%AE%E0%A4%A6%20%E0%A4%A8%E0%A4%AC%E0%A5%80&geo=IN"
"ಸೂರ್ಯ","200+","18 de septiembre de 2026 a las 6:00:00 UTC-3","18 de septiembre de 2026 a las 6:50:00 UTC-3","ಸೂರ್ಯ","./explore?q=%E0%B2%B8%E0%B3%82%E0%B2%B0%E0%B3%8D%E0%B2%AF&geo=IN"
"బీమా","200+","18 de septiembre de 2026 a las 8:00:00 UTC-3","18 de septiembre de 2026 a las 8:40:00 UTC-3","బీమా","./explore?q=%E0%B0%AC%E0%B1%80%E0%B0%AE%E0%B0%BE&geo=IN"
"সর্বোচ্চ আদালত","200+","18 de septiembre de 2026 a las 10:00:00 UTC-3","18 de septiembre de 2026 a las 12:00:00 UTC-3","সর্বোচ্চ আদালত","./explore?q=%E0%A6%B8%E0%A6%B0%E0%A7%8D%E0%A6%AC%E0%A7%8B%E0%A6%9A%E0%A7%8D%E0%A6%9A%20%E0%A6%86%E0%A6%A6%E0%A6%BE%E0%A6%B2%E0%A6%A4&geo=IN"
"घूस","500+","17 de septiembre de 2026 a las 3:10:00 UTC-3","17 de septiembre de 2026 a las 4:40:00 UTC-3","घूस","./explore?q=%E0%A4%98%E0%A5%82%E0%A4%B8&geo=IN"
"delhi high court","200+","18 de septiembre de 2026 a las 2:30:00 UTC-3","18 de septiembre de 2026 a las 3:10:00 UTC-3","delhi high court","./explore?q=delhi%20high%20court&geo=IN"
"bse","1 mil+","17 de septiembre de 2026 a las 0:50:00 UTC-3","17 de septiembre de 2026 a las 2:00:00 UTC-3","bse","./explore?q=bse&geo=IN"
"amitabh bachchan","200+","18 de septiembre de 2026 a las 13:40:00 UTC-3","18 de septiembre de 2026 a las 14:00:00 UTC-3","amitabh bachchan","./explore?q=amitabh%20bachchan&geo=IN"
"skyways air services share price","200+","18 de septiembre de 2026 a las 1:20:00 UTC-3","18 de septiembre de 2026 a las 2:30:00 UTC-3","skyways air services share price","./explore?q=skyways%20air%20services%20share%20price&geo=IN"
"weather bareilly","500+","17 de septiembre de 2026 a las 0:20:00 UTC-3","17 de septiembre de 2026 a las 1:40:00 UTC-3","weather bareilly,bareilly weather","./explore?q=weather%20bareilly&geo=IN"
"yuvraj singh on rohit sharma 2027","200+","18 de septiembre de 2026 a las 0:00:00 UTC-3","18 de septiembre de 2026 a las 1:20:00 UTC-3","yuvraj singh on rohit sharma 2027","./explore?q=yuvraj%20singh%20on%20rohit%20sharma%202027&geo=IN"
"live cricket streaming","500+","17 de septiembre de 2026 a las 11:20:00 UTC-3","17 de septiembre de 2026 a las 12:50:00 UTC-3","live cricket streaming","./explore?q=live%20cricket%20streaming&geo=IN"
"mosque near me","200+","18 de septiembre de 2026 a las 5:00:00 UTC-3","18 de septiembre de 2026 a las 5:40:00 UTC-3","mosque near me","./explore?q=mosque%20near%20me&geo=IN"
"cricbuzz ipl","200+","17 de septiembre de 2026 a las 12:20:00 UTC-3","17 de septiembre de 2026 a las 14:40:00 UTC-3","cricbuzz ipl","./explore?q=cricbuzz%20ipl&geo=IN"
"ভারত বনাম আফগানিস্তান","200+","17 de septiembre de 2026 a las 11:20:00 UTC-3","17 de septiembre de 2026 a las 12:50:00 UTC-3","ভারত বনাম আফগানিস্তান","./explore?q=%E0%A6%AD%E0%A6%BE%E0%A6%B0%E0%A6%A4%20%E0%A6%AC%E0%A6%A8%E0%A6%BE%E0%A6%AE%20%E0%A6%86%E0%A6%AB%E0%A6%97%E0%A6%BE%E0%A6%A8%E0%A6%BF%E0%A6%B8%E0%A7%8D%E0%A6%A4%E0%A6%BE%E0%A6%A8&geo=IN"
"espn cricinfo","200+","17 de septiembre de 2026 a las 13:10:00 UTC-3","17 de septiembre de 2026 a las 14:50:00 UTC-3","espn cricinfo","./explore?q=espn%20cricinfo&geo=IN"
"ಅಮೃತಧಾರೆ","200+","18 de septiembre de 2026 a las 10:50:00 UTC-3","18 de septiembre de 2026 a las 11:10:00 UTC-3","ಅಮೃತಧಾರೆ","./explore?q=%E0%B2%85%E0%B2%AE%E0%B3%83%E0%B2%A4%E0%B2%A7%E0%B2%BE%E0%B2%B0%E0%B3%86&geo=IN"
"assam","500+","17 de septiembre de 2026 a las 10:20:00 UTC-3","17 de septiembre de 2026 a las 12:00:00 UTC-3","assam,hm","./explore?q=assam&geo=IN"
"gemini horoscope today","500+","17 de septiembre de 2026 a las 2:40:00 UTC-3","17 de septiembre de 2026 a las 3:50:00 UTC-3","gemini horoscope today","./explore?q=gemini%20horoscope%20today&geo=IN"
"lcc projects share price","500+","17 de septiembre de 2026 a las 1:30:00 UTC-3","17 de septiembre de 2026 a las 2:50:00 UTC-3","lcc projects share price,ipo listing time","./explore?q=lcc%20projects%20share%20price&geo=IN"
"vaibhav sooryavanshi","2 mil+","17 de septiembre de 2026 a las 10:50:00 UTC-3","17 de septiembre de 2026 a las 11:10:00 UTC-3","vaibhav sooryavanshi","./explore?q=vaibhav%20sooryavanshi&geo=IN"
"isack hadjar","200+","17 de septiembre de 2026 a las 15:20:00 UTC-3","17 de septiembre de 2026 a las 17:50:00 UTC-3","isack hadjar","./explore?q=isack%20hadjar&geo=IN"
"weather kolkata","200+","18 de septiembre de 2026 a las 4:30:00 UTC-3","18 de septiembre de 2026 a las 5:00:00 UTC-3","weather kolkata","./explore?q=weather%20kolkata&geo=IN"
"ബംഗാള് ഉള്ക്കടലില്","500+","17 de septiembre de 2026 a las 9:10:00 UTC-3","17 de septiembre de 2026 a las 10:50:00 UTC-3","ബംഗാള് ഉള്ക്കടലില്","./explore?q=%E0%B4%AC%E0%B4%82%E0%B4%97%E0%B4%BE%E0%B4%B3%E0%B5%8D%20%E0%B4%89%E0%B4%B3%E0%B5%8D%E0%B4%95%E0%B5%8D%E0%B4%95%E0%B4%9F%E0%B4%B2%E0%B4%BF%E0%B4%B2%E0%B5%8D&geo=IN"
"loan","500+","17 de septiembre de 2026 a las 8:50:00 UTC-3","17 de septiembre de 2026 a las 15:20:00 UTC-3","loan","./explore?q=loan&geo=IN"
"tax","200+","17 de septiembre de 2026 a las 14:00:00 UTC-3","17 de septiembre de 2026 a las 15:50:00 UTC-3","tax","./explore?q=tax&geo=IN"
"raja karuppasamy","100+","18 de septiembre de 2026 a las 16:50:00 UTC-3","18 de septiembre de 2026 a las 17:10:00 UTC-3","raja karuppasamy","./explore?q=raja%20karuppasamy&geo=IN"
"october","200+","18 de septiembre de 2026 a las 1:40:00 UTC-3","18 de septiembre de 2026 a las 2:30:00 UTC-3","october","./explore?q=october&geo=IN"
"supreme court of india","500+","17 de septiembre de 2026 a las 10:40:00 UTC-3","17 de septiembre de 2026 a las 11:20:00 UTC-3","supreme court of india","./explore?q=supreme%20court%20of%20india&geo=IN"
"today","500+","17 de septiembre de 2026 a las 0:00:00 UTC-3","17 de septiembre de 2026 a las 1:00:00 UTC-3","today","./explore?q=today&geo=IN"
"annadhanam spots","200+","17 de septiembre de 2026 a las 9:00:00 UTC-3","17 de septiembre de 2026 a las 10:10:00 UTC-3","annadhanam spots","./explore?q=annadhanam%20spots&geo=IN"
"marseille","200+","17 de septiembre de 2026 a las 22:30:00 UTC-3","17 de septiembre de 2026 a las 23:20:00 UTC-3","marseille","./explore?q=marseille&geo=IN"
"friday","100+","18 de septiembre de 2026 a las 0:10:00 UTC-3","18 de septiembre de 2026 a las 1:10:00 UTC-3","friday","./explore?q=friday&geo=IN"
"ipl","200+","17 de septiembre de 2026 a las 11:50:00 UTC-3","17 de septiembre de 2026 a las 13:40:00 UTC-3","ipl","./explore?q=ipl&geo=IN"
"jee mains 2027 exam date","200+","17 de septiembre de 2026 a las 6:20:00 UTC-3","17 de septiembre de 2026 a las 7:20:00 UTC-3","jee mains 2027 exam date","./explore?q=jee%20mains%202027%20exam%20date&geo=IN"
"sony tv","200+","17 de septiembre de 2026 a las 11:50:00 UTC-3","17 de septiembre de 2026 a las 12:40:00 UTC-3","sony tv","./explore?q=sony%20tv&geo=IN"
"ఇంటి మొక్క","500+","17 de septiembre de 2026 a las 6:00:00 UTC-3","17 de septiembre de 2026 a las 10:30:00 UTC-3","ఇంటి మొక్క","./explore?q=%E0%B0%87%E0%B0%82%E0%B0%9F%E0%B0%BF%20%E0%B0%AE%E0%B1%8A%E0%B0%95%E0%B1%8D%E0%B0%95&geo=IN"
"दैनिक भास्कर","200+","17 de septiembre de 2026 a las 4:40:00 UTC-3","17 de septiembre de 2026 a las 5:50:00 UTC-3","दैनिक भास्कर","./explore?q=%E0%A4%A6%E0%A5%88%E0%A4%A8%E0%A4%BF%E0%A4%95%20%E0%A4%AD%E0%A4%BE%E0%A4%B8%E0%A5%8D%E0%A4%95%E0%A4%B0&geo=IN"
"income tax audit","200+","17 de septiembre de 2026 a las 11:00:00 UTC-3","17 de septiembre de 2026 a las 11:50:00 UTC-3","income tax audit","./explore?q=income%20tax%20audit&geo=IN"
"jaipur weather","200+","17 de septiembre de 2026 a las 8:40:00 UTC-3","17 de septiembre de 2026 a las 9:50:00 UTC-3","jaipur weather","./explore?q=jaipur%20weather&geo=IN"
"അഴിമതി","200+","17 de septiembre de 2026 a las 11:20:00 UTC-3","17 de septiembre de 2026 a las 12:10:00 UTC-3","അഴിമതി","./explore?q=%E0%B4%85%E0%B4%B4%E0%B4%BF%E0%B4%AE%E0%B4%A4%E0%B4%BF&geo=IN"
"corvette","200+","16 de septiembre de 2026 a las 23:50:00 UTC-3","17 de septiembre de 2026 a las 1:10:00 UTC-3","corvette","./explore?q=corvette&geo=IN"
"flipkart discount on iphone 17e","100+","17 de septiembre de 2026 a las 23:20:00 UTC-3","18 de septiembre de 2026 a las 0:10:00 UTC-3","flipkart discount on iphone 17e","./explore?q=flipkart%20discount%20on%20iphone%2017e&geo=IN"
"chess olympiad 2026","200+","17 de septiembre de 2026 a las 13:10:00 UTC-3","17 de septiembre de 2026 a las 15:30:00 UTC-3","chess olympiad 2026","./explore?q=chess%20olympiad%202026&geo=IN"
"అల్లు అర్జున్","200+","17 de septiembre de 2026 a las 3:20:00 UTC-3","17 de septiembre de 2026 a las 4:20:00 UTC-3","అల్లు అర్జున్","./explore?q=%E0%B0%85%E0%B0%B2%E0%B1%8D%E0%B0%B2%E0%B1%81%20%E0%B0%85%E0%B0%B0%E0%B1%8D%E0%B0%9C%E0%B1%81%E0%B0%A8%E0%B1%8D&geo=IN"
"weather moradabad","200+","16 de septiembre de 2026 a las 23:00:00 UTC-3","17 de septiembre de 2026 a las 0:10:00 UTC-3","weather moradabad","./explore?q=weather%20moradabad&geo=IN"
"சீமான்","200+","17 de septiembre de 2026 a las 0:00:00 UTC-3","17 de septiembre de 2026 a las 1:40:00 UTC-3","சீமான்","./explore?q=%E0%AE%9A%E0%AF%80%E0%AE%AE%E0%AE%BE%E0%AE%A9%E0%AF%8D&geo=IN"
"10","200+","17 de septiembre de 2026 a las 21:10:00 UTC-3","17 de septiembre de 2026 a las 23:10:00 UTC-3","10","./explore?q=10&geo=IN"
"and","500+","17 de septiembre de 2026 a las 9:50:00 UTC-3","17 de septiembre de 2026 a las 10:30:00 UTC-3","and","./explore?q=and&geo=IN"
"d","100+","17 de septiembre de 2026 a las 19:00:00 UTC-3","17 de septiembre de 2026 a las 20:10:00 UTC-3","d","./explore?q=d&geo=IN"
"arsenal football","200+","17 de septiembre de 2026 a las 5:20:00 UTC-3","17 de septiembre de 2026 a las 6:20:00 UTC-3","arsenal football","./explore?q=arsenal%20football&geo=IN"
"kayla day","200+","16 de septiembre de 2026 a las 23:10:00 UTC-3","17 de septiembre de 2026 a las 0:40:00 UTC-3","kayla day","./explore?q=kayla%20day&geo=IN"
"for","100+","17 de septiembre de 2026 a las 20:00:00 UTC-3","17 de septiembre de 2026 a las 22:10:00 UTC-3","for","./explore?q=for&geo=IN"
"മഹീന്ദ്ര ഥാര്","200+","18 de septiembre de 2026 a las 5:50:00 UTC-3","18 de septiembre de 2026 a las 6:10:00 UTC-3","മഹീന്ദ്ര ഥാര്","./explore?q=%E0%B4%AE%E0%B4%B9%E0%B5%80%E0%B4%A8%E0%B5%8D%E0%B4%A6%E0%B5%8D%E0%B4%B0%20%E0%B4%A5%E0%B4%BE%E0%B4%B0%E0%B5%8D&geo=IN"
"chloe tryon","100+","17 de septiembre de 2026 a las 18:10:00 UTC-3","17 de septiembre de 2026 a las 19:00:00 UTC-3","chloe tryon","./explore?q=chloe%20tryon&geo=IN"
"mcdonald's","100+","17 de septiembre de 2026 a las 17:50:00 UTC-3","17 de septiembre de 2026 a las 18:40:00 UTC-3","mcdonald's","./explore?q=mcdonald%27s&geo=IN"
"epfo whatsapp channel join guide","200+","17 de septiembre de 2026 a las 10:20:00 UTC-3","17 de septiembre de 2026 a las 11:10:00 UTC-3","epfo whatsapp channel join guide","./explore?q=epfo%20whatsapp%20channel%20join%20guide&geo=IN"
"காஞ்சிபுரம்","200+","18 de septiembre de 2026 a las 2:50:00 UTC-3","18 de septiembre de 2026 a las 3:10:00 UTC-3","காஞ்சிபுரம்","./explore?q=%E0%AE%95%E0%AE%BE%E0%AE%9E%E0%AF%8D%E0%AE%9A%E0%AE%BF%E0%AE%AA%E0%AF%81%E0%AE%B0%E0%AE%AE%E0%AF%8D&geo=IN"
"iocl","100+","17 de septiembre de 2026 a las 12:30:00 UTC-3","17 de septiembre de 2026 a las 13:20:00 UTC-3","iocl","./explore?q=iocl&geo=IN"
"defender","200+","17 de septiembre de 2026 a las 0:20:00 UTC-3","17 de septiembre de 2026 a las 11:30:00 UTC-3","defender","./explore?q=defender&geo=IN"
"dear lottery result today","100+","17 de septiembre de 2026 a las 12:10:00 UTC-3","17 de septiembre de 2026 a las 13:10:00 UTC-3","dear lottery result today","./explore?q=dear%20lottery%20result%20today&geo=IN"
"white","100+","17 de septiembre de 2026 a las 18:30:00 UTC-3","17 de septiembre de 2026 a las 19:30:00 UTC-3","white","./explore?q=white&geo=IN"
"திண்டுக்கல் சீனிவாசன்","100+","17 de septiembre de 2026 a las 21:50:00 UTC-3","17 de septiembre de 2026 a las 22:30:00 UTC-3","திண்டுக்கல் சீனிவாசன்","./explore?q=%E0%AE%A4%E0%AE%BF%E0%AE%A3%E0%AF%8D%E0%AE%9F%E0%AF%81%E0%AE%95%E0%AF%8D%E0%AE%95%E0%AE%B2%E0%AF%8D%20%E0%AE%9A%E0%AF%80%E0%AE%A9%E0%AE%BF%E0%AE%B5%E0%AE%BE%E0%AE%9A%E0%AE%A9%E0%AF%8D&geo=IN"
"weather chandigarh","200+","16 de septiembre de 2026 a las 23:10:00 UTC-3","17 de septiembre de 2026 a las 0:20:00 UTC-3","weather chandigarh","./explore?q=weather%20chandigarh&geo=IN"
"சர்தார் 2","100+","17 de septiembre de 2026 a las 21:30:00 UTC-3","17 de septiembre de 2026 a las 22:20:00 UTC-3","சர்தார் 2","./explore?q=%E0%AE%9A%E0%AE%B0%E0%AF%8D%E0%AE%A4%E0%AE%BE%E0%AE%B0%E0%AF%8D%202&geo=IN"
"gallery","200+","17 de septiembre de 2026 a las 10:10:00 UTC-3","17 de septiembre de 2026 a las 11:00:00 UTC-3","gallery","./explore?q=gallery&geo=IN"
"సౌదీ అరేబియా","200+","18 de septiembre de 2026 a las 1:50:00 UTC-3","18 de septiembre de 2026 a las 2:10:00 UTC-3","సౌదీ అరేబియా","./explore?q=%E0%B0%B8%E0%B1%8C%E0%B0%A6%E0%B1%80%20%E0%B0%85%E0%B0%B0%E0%B1%87%E0%B0%AC%E0%B0%BF%E0%B0%AF%E0%B0%BE&geo=IN"
"dehradun weather","200+","16 de septiembre de 2026 a las 23:00:00 UTC-3","16 de septiembre de 2026 a las 23:50:00 UTC-3","dehradun weather","./explore?q=dehradun%20weather&geo=IN"
"केन्द्रीय फिल्म प्रमाणन बोर्ड","100+","16 de septiembre de 2026 a las 23:20:00 UTC-3","17 de septiembre de 2026 a las 0:20:00 UTC-3","केन्द्रीय फिल्म प्रमाणन बोर्ड","./explore?q=%E0%A4%95%E0%A5%87%E0%A4%A8%E0%A5%8D%E0%A4%A6%E0%A5%8D%E0%A4%B0%E0%A5%80%E0%A4%AF%20%E0%A4%AB%E0%A4%BF%E0%A4%B2%E0%A5%8D%E0%A4%AE%20%E0%A4%AA%E0%A5%8D%E0%A4%B0%E0%A4%AE%E0%A4%BE%E0%A4%A3%E0%A4%A8%20%E0%A4%AC%E0%A5%8B%E0%A4%B0%E0%A5%8D%E0%A4%A1&geo=IN"
"miami inter","200+","16 de septiembre de 2026 a las 23:00:00 UTC-3","16 de septiembre de 2026 a las 23:40:00 UTC-3","miami inter,messi total goals","./explore?q=miami%20inter&geo=IN"
"sony","100+","17 de septiembre de 2026 a las 11:50:00 UTC-3","17 de septiembre de 2026 a las 12:20:00 UTC-3","sony","./explore?q=sony&geo=IN"
"court","100+","17 de septiembre de 2026 a las 10:50:00 UTC-3","17 de septiembre de 2026 a las 11:20:00 UTC-3","court","./explore?q=court&geo=IN"
"s&p 500","100+","17 de septiembre de 2026 a las 21:00:00 UTC-3","17 de septiembre de 2026 a las 22:30:00 UTC-3","s&p 500","./explore?q=s%26p%20500&geo=IN"
"solar industries share price","200+","17 de septiembre de 2026 a las 1:20:00 UTC-3","17 de septiembre de 2026 a las 2:00:00 UTC-3","solar industries share price","./explore?q=solar%20industries%20share%20price&geo=IN"
"17 सितंबर को क्या है","100+","16 de septiembre de 2026 a las 23:50:00 UTC-3","17 de septiembre de 2026 a las 0:30:00 UTC-3","17 सितंबर को क्या है","./explore?q=17%20%E0%A4%B8%E0%A4%BF%E0%A4%A4%E0%A4%82%E0%A4%AC%E0%A4%B0%20%E0%A4%95%E0%A5%8B%20%E0%A4%95%E0%A5%8D%E0%A4%AF%E0%A4%BE%20%E0%A4%B9%E0%A5%88&geo=IN"
"கோயம்புத்தூர்","100+","17 de septiembre de 2026 a las 21:40:00 UTC-3","17 de septiembre de 2026 a las 22:00:00 UTC-3","கோயம்புத்தூர்","./explore?q=%E0%AE%95%E0%AF%8B%E0%AE%AF%E0%AE%AE%E0%AF%8D%E0%AE%AA%E0%AF%81%E0%AE%A4%E0%AF%8D%E0%AE%A4%E0%AF%82%E0%AE%B0%E0%AF%8D&geo=IN"
"ಭುವನೇಶ್ವರ್ ಕುಮಾರ್","200+","17 de septiembre de 2026 a las 10:20:00 UTC-3","17 de septiembre de 2026 a las 10:40:00 UTC-3","ಭುವನೇಶ್ವರ್ ಕುಮಾರ್","./explore?q=%E0%B2%AD%E0%B3%81%E0%B2%B5%E0%B2%A8%E0%B3%87%E0%B2%B6%E0%B3%8D%E0%B2%B5%E0%B2%B0%E0%B3%8D%20%E0%B2%95%E0%B3%81%E0%B2%AE%E0%B2%BE%E0%B2%B0%E0%B3%8D&geo=IN"
"manorama online","100+","17 de septiembre de 2026 a las 21:50:00 UTC-3","17 de septiembre de 2026 a las 22:10:00 UTC-3","manorama online","./explore?q=manorama%20online&geo=IN"
"max verstappen","100+","17 de septiembre de 2026 a las 11:00:00 UTC-3","17 de septiembre de 2026 a las 11:20:00 UTC-3","max verstappen","./explore?q=max%20verstappen&geo=IN"
"anto augustine","100+","16 de septiembre de 2026 a las 23:20:00 UTC-3","16 de septiembre de 2026 a las 23:40:00 UTC-3","anto augustine","./explore?q=anto%20augustine&geo=IN"