"Tendencias","Volumen de búsquedas","Inicio","Finalizada","Desglose de tendencias","Enlace a Explorar"
"dia da independência do brasil","500 mil+","6 de septiembre de 2026 a las 23:00:00 UTC-3",,"dia da independência do brasil,desfile,7 de setembro,desfile 7 de setembro,manifestações 7 de setembro,desfile 7 de setembro 2026,sete de setembro,desfile 7 de setembro brasília,edson fachin,7 setembro,pronunciamento, lula,7 de setembro independência do brasil,desfile de 7 de setembro 2026,07 de setembro,presidente,dia 7 de setembro,que horas começa o desfile de 7 de setembro,pronunciamento,tv brasil,desfile de 7 de setembro","./explore?q=dia%20da%20independ%C3%AAncia%20do%20brasil&geo=BR"
"internacional x santos","1 M+","6 de septiembre de 2026 a las 12:50:00 UTC-3",,"internacional x santos,classificações de internacional x santos futebol clube,inter x santos,internacional,santos x internacional,inter,internacional vs santos,inter x,inter e santos,santos x inter,internacional - santos,escalações de internacional x santos futebol clube,santos e internacional,internacional x santos futebol clube minuto a minuto,jogo inter,onde assistir internacional x santos futebol clube,gabriel barbosa,santos futebol clube,santos e inter,santos-internacional,estatísticas de internacional x santos futebol clube,inter santos,internacional e santos,arthur,inter x santos onde assistir,sport club internacional,internacional x santos futebol clube,internacional x santos onde assistir,matheus bahia santos,félix torres,braian aguirre,onde assistir inter x santos,internacional x,gabriel mercado,sc internacional,felix torres,santos inter,santos classificação,gabigol","./explore?q=internacional%20x%20santos&geo=BR"
"botafogo x palmeiras","1 M+","5 de septiembre de 2026 a las 16:10:00 UTC-3",,"botafogo x palmeiras,palmeiras x botafogo,palmeiras-botafogo,palmeiras,palmeiras x,botafogo-palmeiras,palmeiras e botafogo,resultado do jogo palmeiras-botafogo,jogo do palmeiras-botafogo,resultado do jogo botafogo-palmeiras,botafogo e palmeiras,jogo,botafogo vs palmeiras,botafogo - palmeiras,resultado de palmeiras-botafogo,botafogo x palmeiras onde assistir,resultado do palmeiras-botafogo,onde assistir botafogo-palmeiras,jogo do botafogo-palmeiras,resultado de botafogo-palmeiras,onde assistir botafogo x sociedade esportiva palmeiras,jogo botafogo x palmeiras,gabriel batista,palmeira,onde assistir palmeiras-botafogo,resultado do botafogo-palmeiras,botafogo x palmeiras ao vivo,resultado palmeiras-botafogo,palmeiras botafogo,que hora é o jogo do palmeiras-botafogo,onde assistir botafogo x palmeiras,jogo botafogo-palmeiras,horário do jogo do palmeiras,resultado botafogo-palmeiras,brasileiro,que horas é o jogo do palmeiras,botafogo palmeiras,botafogo e palmeiras onde assistir,jogo botafogo,quem é o líder do campeonato brasileiro,botafogo-palmeiras onde assistir,série a,palmeiras e botafogo onde assistir,palmeiras x botafogo onde assistir,que hora é o jogo do botafogo-palmeiras,onde assistir botafogo e palmeiras,onde vai passar o jogo do palmeiras-botafogo,palmeiras-botafogo resultado,horário do jogo do palmeiras-botafogo,horário do jogo botafogo-palmeiras,onde vai passar botafogo-palmeiras,que hora que é o jogo do palmeiras-botafogo,que horas é o jogo do palmeiras-botafogo,resultado jogo do palmeiras,onde assistir botafogo-palmeiras hoje,onde assistir o jogo do palmeiras-botafogo,aonde assistir botafogo-palmeiras,onde vai passar palmeiras-botafogo,palmeiras.,onde vai passar o jogo do botafogo-palmeiras,onde assistir palmeiras e botafogo","./explore?q=botafogo%20x%20palmeiras&geo=BR"
"corinthians x chapecoense","1 M+","5 de septiembre de 2026 a las 18:00:00 UTC-3",,"corinthians x chapecoense,chapecoense,corinthians e chapecoense,onde assistir corinthians x chapecoense,corinthians x chapecoense onde assistir,jogo corinthians x chapecoense,corinthians vs chapecoense,chapecoense x corinthians,corinthians x chapecoense minuto a minuto,onde assistir corinthians e chapecoense,chapecoense x,corinthians x chapecoense ao vivo,matheus bidu,corinthians onde assistir,corinthians e chapecoense onde assistir,corinthians-chapecoense,chape,jogo corinthians onde assistir,corinthians onde assistir hoje,jogo do corinthians onde assistir,marcinho chapecoense,bolasie,onde assistir o jogo do corinthians,jogo do corinthians hoje onde assistir,corinthians x chapecoense onde vai passar,onde vai passar corinthians e chapecoense,brasileirão 2026,corinthians transmissão,resultado do jogo corinthians e chapecoense,jogo da chapecoense,qual canal vai passar o jogo do corinthians hoje","./explore?q=corinthians%20x%20chapecoense&geo=BR"
"cruzeiro x athletico-pr","500 mil+","6 de septiembre de 2026 a las 13:30:00 UTC-3",,"cruzeiro x athletico-pr,classificações de cruzeiro esporte clube x athletico-pr,cruzeiro vs athletico-pr,athletico pr,athletico,club athletico paranaense,cruzeiro-atlético paranaense,cruzeiro - athletico-pr,onde assistir cruzeiro esporte clube x athletico-pr,cruzeiro esporte clube x athletico-pr minuto a minuto,joão cruz,cruzeiro e atlético paranaense,estatísticas de cruzeiro esporte clube x athletico-pr,escalações de cruzeiro esporte clube x athletico-pr,cruzeiro x athletico pr onde assistir,cruzeiro x athletico paranaense,onde assistir cruzeiro-atlético paranaense","./explore?q=cruzeiro%20x%20athletico-pr&geo=BR"
"classificações de clube do remo x flamengo","500 mil+","6 de septiembre de 2026 a las 15:50:00 UTC-3",,"classificações de clube do remo x flamengo,flamengo,remo,remo e flamengo,remo vs flamengo,clube do remo,brasileirao,quem é o líder do brasileirão,jogo do remo,estatísticas de clube do remo x flamengo,clube do remo x flamengo minuto a minuto,samuel lino,remo-flamengo,brasileirão,onde assistir clube do remo x flamengo,flamengo remo,jogo do flamengo e remo,resultado do jogo flamengo e remo,resultado do jogo do flamengo e remo,flamengo x remo onde assistir,jogo flamengo e remo,flamengo onde assistir,jogo do remo hoje,remo x,resultado do jogo remo-flamengo,marcelo rangel,estadio do remo,onde vai passar o jogo do flamengo,remo flamengo,onde assistir flamengo hoje,jogo remo x flamengo,quanto tá o jogo do flamengo e remo,jogo do remo-flamengo,jogo do flamengo hoje ao vivo,onde assistir remo-flamengo,jogo do flamengo de hoje,resultado do flamengo,jogo do flamengo onde assistir,flamengo e remo onde assistir,flamengo lider,jogo do remo e flamengo,resultado de flamengo e remo,fla x remo,resultado de remo-flamengo,flamengo onde assistir hoje,flamengo jogo,mangueirao,remo e flamengo onde assistir,onde assistir remo x flamengo,vitão","./explore?q=classifica%C3%A7%C3%B5es%20de%20clube%20do%20remo%20x%20flamengo&geo=BR"
"deportação","100 mil+","6 de septiembre de 2026 a las 7:20:00 UTC-3",,"deportação","./explore?q=deporta%C3%A7%C3%A3o&geo=BR"
"quaest pesquisa","20 mil+","7 de septiembre de 2026 a las 9:50:00 UTC-3",,"quaest pesquisa","./explore?q=quaest%20pesquisa&geo=BR"
"sarah khalifa","50 mil+","6 de septiembre de 2026 a las 7:40:00 UTC-3",,"sarah khalifa,egito","./explore?q=sarah%20khalifa&geo=BR"
"roney facchini","20 mil+","6 de septiembre de 2026 a las 21:20:00 UTC-3",,"roney facchini,roney facchini ator","./explore?q=roney%20facchini&geo=BR"
"santa cruz x botafogo-pb","50 mil+","6 de septiembre de 2026 a las 17:40:00 UTC-3",,"santa cruz x botafogo-pb,santa cruz,jogo do santa cruz,botafogo pb,santa cruz x,santa cruz x botafogo pb,santa cruz futebol clube,jogo do santa,jogo do santa cruz hoje,jogo santa cruz","./explore?q=santa%20cruz%20x%20botafogo-pb&geo=BR"
"jason momoa","10 mil+","6 de septiembre de 2026 a las 17:40:00 UTC-3",,"jason momoa","./explore?q=jason%20momoa&geo=BR"
"marcelo sangalo","10 mil+","6 de septiembre de 2026 a las 20:50:00 UTC-3",,"marcelo sangalo,tiago maia","./explore?q=marcelo%20sangalo&geo=BR"
"black eyed peas","20 mil+","6 de septiembre de 2026 a las 18:50:00 UTC-3",,"black eyed peas,black eyed peas rock in rio,fergie,fergie saiu do black eyed peas,fergie black eyed peas,papatinho,setlist black eyed peas,porque a fergie saiu do black eyed peas","./explore?q=black%20eyed%20peas&geo=BR"
"ponte preta x são bernardo","20 mil+","6 de septiembre de 2026 a las 17:40:00 UTC-3",,"ponte preta x são bernardo,sao bernardo fc","./explore?q=ponte%20preta%20x%20s%C3%A3o%20bernardo&geo=BR"
"pensão alimentícia","10 mil+","6 de septiembre de 2026 a las 14:00:00 UTC-3",,"pensão alimentícia","./explore?q=pens%C3%A3o%20aliment%C3%ADcia&geo=BR"
"cléber machado","5 mil+","7 de septiembre de 2026 a las 5:30:00 UTC-3",,"cléber machado","./explore?q=cl%C3%A9ber%20machado&geo=BR"
"são paulo x atlético-mg","1 M+","5 de septiembre de 2026 a las 16:10:00 UTC-3","7 de septiembre de 2026 a las 14:00:00 UTC-3","são paulo x atlético-mg,classificações de são paulo futebol clube x atlético-mg","./explore?q=s%C3%A3o%20paulo%20x%20atl%C3%A9tico-mg&geo=BR"
"getafe x celta de vigo","2 mil+","7 de septiembre de 2026 a las 13:20:00 UTC-3",,"getafe x celta de vigo,getafe x","./explore?q=getafe%20x%20celta%20de%20vigo&geo=BR"
"fluminense x vasco da gama","500 mil+","5 de septiembre de 2026 a las 17:40:00 UTC-3","7 de septiembre de 2026 a las 13:20:00 UTC-3","fluminense x vasco da gama,classificações de fluminense x vasco,vasco e fluminense,vasco-fluminense,fluminense-vasco,onde assistir fluminense x vasco,fluminense vs vasco,fluminense - vasco da gama,jogo do vasco-fluminense,resultado do jogo vasco-fluminense,estatísticas de fluminense x vasco,vasco x fluminense onde assistir,fluminense e vasco,quanto foi o jogo do vasco-fluminense,fluminense x vasco onde assistir,escalações de fluminense x vasco,onde assistir fluminense-vasco,fluminense x vasco da gama onde assistir,lucho acosta,vasco hoje,onde assistir vasco-fluminense,jogo fluminense x vasco,jogo do fluminense-vasco,vasco onde assistir,resultado de fluminense-vasco,jogo vasco e fluminense,vasco e fluminense onde assistir,vasco x flu,resultado de vasco-fluminense,flu,onde vai passar o jogo do vasco,vasco da gama x fluminense,quanto tá o jogo do fluminense-vasco,vasco ao vivo,vasco.,onde assistir vasco e fluminense,fluminense e vasco onde assistir,que hora é o jogo do vasco-fluminense,onde vai passar o jogo do vasco-fluminense,quanto foi o jogo do fluminense-vasco,placar do jogo do vasco,jogo fluminense-vasco,jogo do vasco ao vivo,jogo do vasco hoje onde assistir,vasco fluminense onde assistir,onde assistir fluminense-vasco hoje,vasco-fluminense ao vivo,onde vai passar fluminense-vasco,fluminense-vasco onde assistir,onde assistir fluminense e vasco","./explore?q=fluminense%20x%20vasco%20da%20gama&geo=BR"
"ministro do supremo tribunal federal do brasil","5 mil+","7 de septiembre de 2026 a las 7:30:00 UTC-3",,"ministro do supremo tribunal federal do brasil","./explore?q=ministro%20do%20supremo%20tribunal%20federal%20do%20brasil&geo=BR"
"estados unidos","5 mil+","7 de septiembre de 2026 a las 5:10:00 UTC-3",,"estados unidos","./explore?q=estados%20unidos&geo=BR"
"cabo verde","20 mil+","6 de septiembre de 2026 a las 9:40:00 UTC-3",,"cabo verde,acidente cabo verde,ilha do fogo cabo verde","./explore?q=cabo%20verde&geo=BR"
"elizabeth holmes","5 mil+","6 de septiembre de 2026 a las 22:30:00 UTC-3",,"elizabeth holmes,nathan fielder","./explore?q=elizabeth%20holmes&geo=BR"
"michel teló","2 mil+","7 de septiembre de 2026 a las 9:30:00 UTC-3",,"michel teló","./explore?q=michel%20tel%C3%B3&geo=BR"
"frio","5 mil+","7 de septiembre de 2026 a las 9:50:00 UTC-3",,"frio,metsul meteorologia,neve,geada","./explore?q=frio&geo=BR"
"cagliari x lecce","2 mil+","7 de septiembre de 2026 a las 12:40:00 UTC-3",,"cagliari x lecce","./explore?q=cagliari%20x%20lecce&geo=BR"
"dia da independência do brasil e feriado","10 mil+","7 de septiembre de 2026 a las 0:40:00 UTC-3",,"dia da independência do brasil e feriado,dia da independência do brasil é feriado,7 de setembro é feriado nacional,7 de setembro é feriado,7 de setembro é feriado de quê","./explore?q=dia%20da%20independ%C3%AAncia%20do%20brasil%20e%20feriado&geo=BR"
"coritiba x mirassol","200 mil+","6 de septiembre de 2026 a las 9:00:00 UTC-3","7 de septiembre de 2026 a las 12:00:00 UTC-3","coritiba x mirassol,classificações de coritiba x mirassol,coritiba,mirassol,coxa,mirassol futebol clube,coritiba x,coritiba vs mirassol,coritiba foot ball club,coritiba - mirassol,mirassol x,jogo do coritiba,curitiba e mirassol,gustavo mosquito,coritiba fc,curitiba jogo,mirasol,jogo coritiba,onde assistir coritiba e mirassol,jogo do coxa,coritiba vs mirassol standings","./explore?q=coritiba%20x%20mirassol&geo=BR"
"mega sena 3054","20 mil+","5 de septiembre de 2026 a las 21:10:00 UTC-3",,"mega sena 3054,resultado da mega sena concurso 3054,resultado da mega-sena concurso 3054,resultado da mega sena 3054,megasena,resultado mega sena 3054,mega 3054","./explore?q=mega%20sena%203054&geo=BR"
"valencia x barcelona","200 mil+","6 de septiembre de 2026 a las 9:10:00 UTC-3","7 de septiembre de 2026 a las 14:10:00 UTC-3","valencia x barcelona,barcelona x,barcelona x valencia,jogo do barcelona,valência x barcelona onde assistir,la liga,raphinha,jogo barcelona,escalações de valencia cf x barcelona,onde assistir barcelona,barcelona onde assistir,valencia x barcelona onde assistir,estatísticas de valencia cf x barcelona","./explore?q=valencia%20x%20barcelona&geo=BR"
"barragem sul","10 mil+","7 de septiembre de 2026 a las 12:10:00 UTC-3",,"barragem sul,criança","./explore?q=barragem%20sul&geo=BR"
"cinemark","5 mil+","7 de septiembre de 2026 a las 10:10:00 UTC-3",,"cinemark,filmes em cartaz,semana do cinema 2026","./explore?q=cinemark&geo=BR"
"cd projekt","5 mil+","6 de septiembre de 2026 a las 23:10:00 UTC-3",,"cd projekt","./explore?q=cd%20projekt&geo=BR"
"arsenal x chelsea","200 mil+","6 de septiembre de 2026 a las 7:20:00 UTC-3","7 de septiembre de 2026 a las 12:50:00 UTC-3","arsenal x chelsea,classificações de arsenal x chelsea,chelsea x arsenal,arsenal x,campeonato ingles,arsenal - chelsea,jogo do arsenal,arsenal e chelsea,arsenal x chelsea onde assistir,escalações de arsenal x chelsea,onde assistir arsenal e chelsea,onde assistir arsenal x chelsea,jogo do chelsea,estatísticas de arsenal x chelsea,campeonato inglês","./explore?q=arsenal%20x%20chelsea&geo=BR"
"cachorro","2 mil+","7 de septiembre de 2026 a las 14:10:00 UTC-3",,"cachorro","./explore?q=cachorro&geo=BR"
"lotofácil independência","5 mil+","7 de septiembre de 2026 a las 10:40:00 UTC-3",,"lotofácil independência,lotofacil independencia,lotofácil,lotofácil da independência","./explore?q=lotof%C3%A1cil%20independ%C3%AAncia&geo=BR"
"polícia federal","10 mil+","7 de septiembre de 2026 a las 10:00:00 UTC-3",,"polícia federal,empresário","./explore?q=pol%C3%ADcia%20federal&geo=BR"
"lateral","2 mil+","7 de septiembre de 2026 a las 9:00:00 UTC-3",,"lateral","./explore?q=lateral&geo=BR"
"getafe","2 mil+","7 de septiembre de 2026 a las 7:50:00 UTC-3",,"getafe","./explore?q=getafe&geo=BR"
"cagliari fc","2 mil+","7 de septiembre de 2026 a las 11:10:00 UTC-3",,"cagliari fc,lecce fc","./explore?q=cagliari%20fc&geo=BR"
"bombeiro","2 mil+","7 de septiembre de 2026 a las 8:20:00 UTC-3",,"bombeiro","./explore?q=bombeiro&geo=BR"
"gabarito preliminar","20 mil+","7 de septiembre de 2026 a las 0:10:00 UTC-3",,"gabarito preliminar,gabarito oab 47,gabarito preliminar oab 47,oab 47,gabarito extraoficial oab 47,exame da ordem dos advogados do brasil,gabarito oab,fgv oab 47,segunda fase oab 47,resultado oab 47","./explore?q=gabarito%20preliminar&geo=BR"
"elton john","10 mil+","5 de septiembre de 2026 a las 17:00:00 UTC-3",,"elton john,rock in rio ao vivo,elton john rock in rio,programacao rock in rio 2026","./explore?q=elton%20john&geo=BR"
"al khaleej x al-riyadh","2 mil+","7 de septiembre de 2026 a las 12:00:00 UTC-3",,"al khaleej x al-riyadh,al riyadh,al khaleej","./explore?q=al%20khaleej%20x%20al-riyadh&geo=BR"
"emmy vencedores","5 mil+","7 de septiembre de 2026 a las 7:30:00 UTC-3",,"emmy vencedores,emmy 2026,emmy","./explore?q=emmy%20vencedores&geo=BR"
"aviao amazon miami","2 mil+","7 de septiembre de 2026 a las 5:00:00 UTC-3",,"aviao amazon miami,avião miami","./explore?q=aviao%20amazon%20miami&geo=BR"
"carlo ancelotti","5 mil+","7 de septiembre de 2026 a las 14:10:00 UTC-3",,"carlo ancelotti,pre lista brasil,pre lista seleção,convocados,pre lista de ancelotti,pré-lista de ancelotti,convocação seleção brasileira","./explore?q=carlo%20ancelotti&geo=BR"
"aposentadoria especial","20 mil+","7 de septiembre de 2026 a las 9:20:00 UTC-3",,"aposentadoria especial,aposentadoria","./explore?q=aposentadoria%20especial&geo=BR"
"manifestação 7 setembro","2 mil+","7 de septiembre de 2026 a las 11:30:00 UTC-3",,"manifestação 7 setembro,comício,manifestação paulista hoje","./explore?q=manifesta%C3%A7%C3%A3o%207%20setembro&geo=BR"
"qinwen zheng","1 mil+","7 de septiembre de 2026 a las 13:20:00 UTC-3",,"qinwen zheng,zheng","./explore?q=qinwen%20zheng&geo=BR"
"pafos fc","1 mil+","7 de septiembre de 2026 a las 12:10:00 UTC-3",,"pafos fc,pafos","./explore?q=pafos%20fc&geo=BR"
"ceará sc x sport recife","200 mil+","5 de septiembre de 2026 a las 17:30:00 UTC-3","6 de septiembre de 2026 a las 19:30:00 UTC-3","ceará sc x sport recife,classificações de ceará sc x sport recife,ceara x sport,sport,ceara,ceara x,jogo do ceará,ceará sporting club,ceará,ceara sc,sport x,jogo ceara,jogo do ceara,ceará sc,ceara x sport onde assistir,sport x ceara,ceará x sport","./explore?q=cear%C3%A1%20sc%20x%20sport%20recife&geo=BR"
"midtjylland x nordsjaelland","1 mil+","7 de septiembre de 2026 a las 13:20:00 UTC-3",,"midtjylland x nordsjaelland,midtjylland","./explore?q=midtjylland%20x%20nordsjaelland&geo=BR"
"iga świątek","1 mil+","7 de septiembre de 2026 a las 12:50:00 UTC-3",,"iga świątek","./explore?q=iga%20%C5%9Bwi%C4%85tek&geo=BR"
"play store","2 mil+","7 de septiembre de 2026 a las 10:20:00 UTC-3",,"play store","./explore?q=play%20store&geo=BR"
"jorge paulo lemann","1 mil+","7 de septiembre de 2026 a las 8:50:00 UTC-3",,"jorge paulo lemann","./explore?q=jorge%20paulo%20lemann&geo=BR"
"jornalista","5 mil+","7 de septiembre de 2026 a las 14:20:00 UTC-3","7 de septiembre de 2026 a las 14:40:00 UTC-3","jornalista","./explore?q=jornalista&geo=BR"
"lula x flavio bolsonaro pesquisa","2 mil+","7 de septiembre de 2026 a las 14:10:00 UTC-3",,"lula x flavio bolsonaro pesquisa,eleição 2026,pesquisa eleitoral presidente,flavio bolsonaro pesquisa,lula e flavio bolsonaro pesquisa","./explore?q=lula%20x%20flavio%20bolsonaro%20pesquisa&geo=BR"
"paolla oliveira","20 mil+","6 de septiembre de 2026 a las 10:20:00 UTC-3","7 de septiembre de 2026 a las 11:40:00 UTC-3","paolla oliveira,paola oliveira","./explore?q=paolla%20oliveira&geo=BR"
"us open juniors","1 mil+","7 de septiembre de 2026 a las 9:40:00 UTC-3",,"us open juniors,us open junior","./explore?q=us%20open%20juniors&geo=BR"
"o sorveteiro","1 mil+","7 de septiembre de 2026 a las 9:00:00 UTC-3",,"o sorveteiro","./explore?q=o%20sorveteiro&geo=BR"
"alerta amarelo: queda de temperatura","10 mil+","6 de septiembre de 2026 a las 0:30:00 UTC-3","7 de septiembre de 2026 a las 13:50:00 UTC-3","alerta amarelo: queda de temperatura","./explore?q=alerta%20amarelo%3A%20queda%20de%20temperatura&geo=BR"
"goiás x fortaleza","100 mil+","5 de septiembre de 2026 a las 15:00:00 UTC-3","6 de septiembre de 2026 a las 17:10:00 UTC-3","goiás x fortaleza,goias,fortaleza,fortaleza x,jogo do fortaleza,fortaleza esporte clube,goias x fortaleza,goias ec,jogo do goiás,goiás esporte clube,goias x,jogo fortaleza,goiás","./explore?q=goi%C3%A1s%20x%20fortaleza&geo=BR"
"afd","10 mil+","6 de septiembre de 2026 a las 17:50:00 UTC-3",,"afd,direita,eleição na alemanha,eleições alemanha 2025","./explore?q=afd&geo=BR"
"tabela do brasileirão","200 mil+","6 de septiembre de 2026 a las 17:30:00 UTC-3","6 de septiembre de 2026 a las 22:30:00 UTC-3","tabela do brasileirão,jogo do palmeiras,palmeiras hoje,abel ferreira,flamengo classificação,jogo do palmeiras hoje,palmeiras classificação,próximo jogo do palmeiras,palmeiras joga hoje,placar do palmeiras,palmeiras jogo,placar palmeiras","./explore?q=tabela%20do%20brasileir%C3%A3o&geo=BR"
"everton x manchester united","50 mil+","6 de septiembre de 2026 a las 8:40:00 UTC-3","6 de septiembre de 2026 a las 23:50:00 UTC-3","everton x manchester united,everton vs man utd,manchester united football club","./explore?q=everton%20x%20manchester%20united&geo=BR"
"óculos inteligente","5 mil+","6 de septiembre de 2026 a las 16:30:00 UTC-3","7 de septiembre de 2026 a las 14:30:00 UTC-3","óculos inteligente","./explore?q=%C3%B3culos%20inteligente&geo=BR"
"classificações de river plate x independiente rivadavia","20 mil+","6 de septiembre de 2026 a las 21:20:00 UTC-3","7 de septiembre de 2026 a las 14:30:00 UTC-3","classificações de river plate x independiente rivadavia,river plate x independiente rivadavia","./explore?q=classifica%C3%A7%C3%B5es%20de%20river%20plate%20x%20independiente%20rivadavia&geo=BR"
"juventus x milan","50 mil+","6 de septiembre de 2026 a las 13:30:00 UTC-3","7 de septiembre de 2026 a las 9:00:00 UTC-3","juventus x milan,classificações de juventus x ac milan,campeonato italiano,milan x juventus,juventus x","./explore?q=juventus%20x%20milan&geo=BR"
"acidente","500+","7 de septiembre de 2026 a las 13:20:00 UTC-3",,"acidente","./explore?q=acidente&geo=BR"
"anastasia potapova","500+","7 de septiembre de 2026 a las 12:50:00 UTC-3",,"anastasia potapova,potapova","./explore?q=anastasia%20potapova&geo=BR"
"deltan dallagnol","20 mil+","5 de septiembre de 2026 a las 15:20:00 UTC-3","7 de septiembre de 2026 a las 7:50:00 UTC-3","deltan dallagnol,cristiano zanin","./explore?q=deltan%20dallagnol&geo=BR"
"kimi antonelli","100 mil+","6 de septiembre de 2026 a las 10:10:00 UTC-3","7 de septiembre de 2026 a las 14:40:00 UTC-3","kimi antonelli,f1,formula 1,formula 1 hoje,bortoleto,antonelli,gp monza 2026,f1 classificação,corrida f1,gabriel bortoleto,gp da italia,gp de monza 2026,fórmula 1 classificação,gp,classificação f1,gp italia,antonelli f1,classificacao f1,corrida f1 hoje,russell,toto wolff,fórmula 1 hoje,mariana becker","./explore?q=kimi%20antonelli&geo=BR"
"ministro","10 mil+","7 de septiembre de 2026 a las 5:50:00 UTC-3","7 de septiembre de 2026 a las 11:30:00 UTC-3","ministro","./explore?q=ministro&geo=BR"
"militar","1 mil+","7 de septiembre de 2026 a las 11:50:00 UTC-3",,"militar,desfile cívico","./explore?q=militar&geo=BR"
"parque","50 mil+","6 de septiembre de 2026 a las 5:50:00 UTC-3","6 de septiembre de 2026 a las 20:00:00 UTC-3","parque","./explore?q=parque&geo=BR"
"juventude x atlético-go","50 mil+","5 de septiembre de 2026 a las 17:00:00 UTC-3","6 de septiembre de 2026 a las 14:00:00 UTC-3","juventude x atlético-go,juventude x,jogo do juventude,atlético clube goianiense","./explore?q=juventude%20x%20atl%C3%A9tico-go&geo=BR"
"filme minha melhor amiga","2 mil+","6 de septiembre de 2026 a las 13:50:00 UTC-3",,"filme minha melhor amiga","./explore?q=filme%20minha%20melhor%20amiga&geo=BR"
"fabio grosso","2 mil+","7 de septiembre de 2026 a las 6:20:00 UTC-3","7 de septiembre de 2026 a las 14:40:00 UTC-3","fabio grosso","./explore?q=fabio%20grosso&geo=BR"
"swift","500+","7 de septiembre de 2026 a las 10:30:00 UTC-3",,"swift","./explore?q=swift&geo=BR"
"al-hilal x neom","200+","7 de septiembre de 2026 a las 14:10:00 UTC-3",,"al-hilal x neom","./explore?q=al-hilal%20x%20neom&geo=BR"
"black clover","1 mil+","6 de septiembre de 2026 a las 22:00:00 UTC-3",,"black clover","./explore?q=black%20clover&geo=BR"
"ethan hawke","200+","7 de septiembre de 2026 a las 14:10:00 UTC-3",,"ethan hawke","./explore?q=ethan%20hawke&geo=BR"
"câncer","200+","7 de septiembre de 2026 a las 13:40:00 UTC-3",,"câncer","./explore?q=c%C3%A2ncer&geo=BR"
"inter miami x atlanta united","20 mil+","5 de septiembre de 2026 a las 19:40:00 UTC-3","6 de septiembre de 2026 a las 15:10:00 UTC-3","inter miami x atlanta united,classificações de inter miami x atlanta united,inter miami x,jogo do inter miami","./explore?q=inter%20miami%20x%20atlanta%20united&geo=BR"
"feriado 7 de setembro","2 mil+","7 de septiembre de 2026 a las 5:20:00 UTC-3","7 de septiembre de 2026 a las 14:30:00 UTC-3","feriado 7 de setembro","./explore?q=feriado%207%20de%20setembro&geo=BR"
"mergulhador","10 mil+","6 de septiembre de 2026 a las 14:10:00 UTC-3","7 de septiembre de 2026 a las 13:50:00 UTC-3","mergulhador","./explore?q=mergulhador&geo=BR"
"classificações de bragantino x esporte clube bahia","100 mil+","5 de septiembre de 2026 a las 16:30:00 UTC-3","6 de septiembre de 2026 a las 12:50:00 UTC-3","classificações de bragantino x esporte clube bahia,bahia,jogo do bahia,bahia x,bragantino,bahia x bragantino,jogo do bahia hoje,esporte clube bahia,bahia fc,bragantino x bahia onde assistir,bragantino - bahia,ec bahia,bragantino x,bahia e bragantino,bragantino e bahia,jogo bahia,red bull bragantino,onde assistir bragantino x esporte clube bahia,onde assistir bragantino e bahia,estatísticas de bragantino x esporte clube bahia,onde assistir bragantino x bahia,jogo do bragantino,bragantino x esporte clube bahia minuto a minuto,lucas barbosa,onde assistir bahia x bragantino,onde assistir o jogo do bahia,escalações de bragantino x esporte clube bahia","./explore?q=classifica%C3%A7%C3%B5es%20de%20bragantino%20x%20esporte%20clube%20bahia&geo=BR"
"barcelona","100 mil+","6 de septiembre de 2026 a las 11:00:00 UTC-3","6 de septiembre de 2026 a las 15:20:00 UTC-3","barcelona,valencia c. f. - barcelona,valencia vs barcelona,barcelona fc,futbol club barcelona,valencia - barcelona,fc barcelona,barça","./explore?q=barcelona&geo=BR"
"londrina x operário","20 mil+","6 de septiembre de 2026 a las 10:10:00 UTC-3","6 de septiembre de 2026 a las 20:00:00 UTC-3","londrina x operário,operario,londrina fc,londrina,londrina esporte clube","./explore?q=londrina%20x%20oper%C3%A1rio&geo=BR"
"gary oldman","200+","7 de septiembre de 2026 a las 13:50:00 UTC-3",,"gary oldman","./explore?q=gary%20oldman&geo=BR"
"notícia","20 mil+","6 de septiembre de 2026 a las 5:20:00 UTC-3","6 de septiembre de 2026 a las 19:40:00 UTC-3","notícia","./explore?q=not%C3%ADcia&geo=BR"
"horóscopo semanal","500+","7 de septiembre de 2026 a las 10:40:00 UTC-3",,"horóscopo semanal","./explore?q=hor%C3%B3scopo%20semanal&geo=BR"
"iphone 15","200+","7 de septiembre de 2026 a las 14:20:00 UTC-3",,"iphone 15","./explore?q=iphone%2015&geo=BR"
"ps4","200+","7 de septiembre de 2026 a las 13:30:00 UTC-3",,"ps4","./explore?q=ps4&geo=BR"
"rafael vitti","2 mil+","7 de septiembre de 2026 a las 5:00:00 UTC-3","7 de septiembre de 2026 a las 14:40:00 UTC-3","rafael vitti","./explore?q=rafael%20vitti&geo=BR"
"hoje é feriado","2 mil+","7 de septiembre de 2026 a las 4:30:00 UTC-3","7 de septiembre de 2026 a las 13:50:00 UTC-3","hoje é feriado,hoje é feriado?,o que abre e fecha no feriado 7 de setembro","./explore?q=hoje%20%C3%A9%20feriado&geo=BR"
"stranger things","200+","7 de septiembre de 2026 a las 13:30:00 UTC-3",,"stranger things","./explore?q=stranger%20things&geo=BR"
"classificações de valencia cf x barcelona","20 mil+","6 de septiembre de 2026 a las 13:20:00 UTC-3","6 de septiembre de 2026 a las 21:20:00 UTC-3","classificações de valencia cf x barcelona,lamine yamal,posiciones de valencia c. f. contra fc barcelona,valencia cf vs fc barcelona standings,valencia,barca","./explore?q=classifica%C3%A7%C3%B5es%20de%20valencia%20cf%20x%20barcelona&geo=BR"
"fundação cacique cobra coral","5 mil+","7 de septiembre de 2026 a las 10:20:00 UTC-3",,"fundação cacique cobra coral,rock in rio ao vivo,line up rock in rio 2026 dia 6,multishow,black eyed peas rock in rio setlist,rock in rio 2026 ao vivo","./explore?q=funda%C3%A7%C3%A3o%20cacique%20cobra%20coral&geo=BR"
"maira rocha","5 mil+","6 de septiembre de 2026 a las 20:40:00 UTC-3","7 de septiembre de 2026 a las 14:30:00 UTC-3","maira rocha,maira rocha medium,médium maira rocha,maira rocha fantastico","./explore?q=maira%20rocha&geo=BR"
"porta-aviões","5 mil+","6 de septiembre de 2026 a las 19:30:00 UTC-3","7 de septiembre de 2026 a las 14:10:00 UTC-3","porta-aviões,irã,teerã","./explore?q=porta-avi%C3%B5es&geo=BR"
"hbo max","1 mil+","7 de septiembre de 2026 a las 14:10:00 UTC-3","7 de septiembre de 2026 a las 14:40:00 UTC-3","hbo max","./explore?q=hbo%20max&geo=BR"
"resultado do jogo do palmeiras-botafogo","20 mil+","6 de septiembre de 2026 a las 18:20:00 UTC-3","7 de septiembre de 2026 a las 9:00:00 UTC-3","resultado do jogo do palmeiras-botafogo,quanto foi o jogo do palmeiras-botafogo,quanto tá o jogo do palmeiras-botafogo,resultado do jogo do botafogo-palmeiras,quanto tá o jogo do botafogo-palmeiras,jogo palmeiras-botafogo,quanto foi o jogo do botafogo-palmeiras,como é que tá o jogo do palmeiras-botafogo,quanto tá o jogo palmeiras-botafogo,quanto ficou o jogo do palmeiras-botafogo,quanto tá o jogo botafogo-palmeiras,resultado do jogo de palmeiras-botafogo,placar do jogo do palmeiras-botafogo,brasileirao serie a,placar do jogo palmeiras-botafogo,placar do jogo botafogo-palmeiras","./explore?q=resultado%20do%20jogo%20do%20palmeiras-botafogo&geo=BR"
"dança dos famosos 2026","2 mil+","7 de septiembre de 2026 a las 6:20:00 UTC-3","7 de septiembre de 2026 a las 14:40:00 UTC-3","dança dos famosos 2026,dança dos famosos","./explore?q=dan%C3%A7a%20dos%20famosos%202026&geo=BR"
"novorizontino x avaí","20 mil+","5 de septiembre de 2026 a las 15:10:00 UTC-3","6 de septiembre de 2026 a las 10:10:00 UTC-3","novorizontino x avaí,avai,novorizontino","./explore?q=novorizontino%20x%20ava%C3%AD&geo=BR"
"tabela do brasileirão 2026","50 mil+","6 de septiembre de 2026 a las 17:30:00 UTC-3","6 de septiembre de 2026 a las 22:40:00 UTC-3","tabela do brasileirão 2026","./explore?q=tabela%20do%20brasileir%C3%A3o%202026&geo=BR"
"mansão","5 mil+","6 de septiembre de 2026 a las 14:30:00 UTC-3","7 de septiembre de 2026 a las 9:10:00 UTC-3","mansão","./explore?q=mans%C3%A3o&geo=BR"
"kaio jorge matheus pereira","5 mil+","7 de septiembre de 2026 a las 12:30:00 UTC-3","7 de septiembre de 2026 a las 14:30:00 UTC-3","kaio jorge matheus pereira,cruzeiro hoje","./explore?q=kaio%20jorge%20matheus%20pereira&geo=BR"
"arsenal","50 mil+","6 de septiembre de 2026 a las 12:30:00 UTC-3","6 de septiembre de 2026 a las 16:40:00 UTC-3","arsenal,premier league,arsenal fc,christos tzolis,arsenal football club,kai havertz,chelsea football club,arsenal f.c. vs chelsea f.c. standings,ezri konsa","./explore?q=arsenal&geo=BR"
"demissão","1 mil+","7 de septiembre de 2026 a las 10:00:00 UTC-3","7 de septiembre de 2026 a las 14:20:00 UTC-3","demissão","./explore?q=demiss%C3%A3o&geo=BR"
"rim de porco","5 mil+","6 de septiembre de 2026 a las 10:00:00 UTC-3","7 de septiembre de 2026 a las 4:20:00 UTC-3","rim de porco","./explore?q=rim%20de%20porco&geo=BR"
"joão gordo","2 mil+","7 de septiembre de 2026 a las 0:40:00 UTC-3","7 de septiembre de 2026 a las 14:30:00 UTC-3","joão gordo","./explore?q=jo%C3%A3o%20gordo&geo=BR"
"sao paulo x atletico mg","100 mil+","5 de septiembre de 2026 a las 15:20:00 UTC-3","6 de septiembre de 2026 a las 12:00:00 UTC-3","sao paulo x atletico mg,sao paulo,são paulo vs atlético mineiro,onde assistir são paulo futebol clube x atlético-mg,são paulo futebol clube,são paulo - atlético-mg,são paulo e atlético mineiro,escalações de são paulo futebol clube x atlético-mg,são paulo futebol clube x atlético-mg minuto a minuto,estatísticas de são paulo futebol clube x atlético-mg,são paulo,são paulo x atlético mg onde assistir,onde assistir sao paulo hoje,onde assistir são paulo e atlético mineiro,sao paulo x atletico mg onde assistir,onde assistir sao paulo x atletico mineiro,quanto tá o jogo do são paulo,são paulo e atlético,spfc x atletico mg,sao paulo onde assistir,spfc x,são paulo futebol clube x atlético-mg,galo x sao paulo,atlético mineiro-são paulo,sao paulo e atletico mg,jogo do são paulo hoje,são paulo x atlético-mg onde assistir,onde assistir sao paulo,jogo são paulo,onde vai passar o jogo do são paulo,sao paulo x atletico,onde assistir o jogo do são paulo hoje,onde assistir o jogo do são paulo,são paulo - atlético mineiro,jogo atletico mg onde assistir,onde vai passar o jogo do são paulo hoje,atlético e são paulo,são paulo x atlético-mg ao vivo","./explore?q=sao%20paulo%20x%20atletico%20mg&geo=BR"
"classificações de racing club x atlético tucumán","5 mil+","6 de septiembre de 2026 a las 23:40:00 UTC-3","7 de septiembre de 2026 a las 11:10:00 UTC-3","classificações de racing club x atlético tucumán,racing x tucuman","./explore?q=classifica%C3%A7%C3%B5es%20de%20racing%20club%20x%20atl%C3%A9tico%20tucum%C3%A1n&geo=BR"
"bagagem","2 mil+","7 de septiembre de 2026 a las 5:50:00 UTC-3","7 de septiembre de 2026 a las 14:20:00 UTC-3","bagagem","./explore?q=bagagem&geo=BR"
"jogo jogo","500+","7 de septiembre de 2026 a las 9:50:00 UTC-3","7 de septiembre de 2026 a las 14:40:00 UTC-3","jogo jogo","./explore?q=jogo%20jogo&geo=BR"
"bom dia 7 de setembro","2 mil+","7 de septiembre de 2026 a las 6:10:00 UTC-3","7 de septiembre de 2026 a las 11:40:00 UTC-3","bom dia 7 de setembro","./explore?q=bom%20dia%207%20de%20setembro&geo=BR"
"jogo do inter","20 mil+","6 de septiembre de 2026 a las 16:10:00 UTC-3","6 de septiembre de 2026 a las 19:20:00 UTC-3","jogo do inter,pezzolano,inter hoje,jogo inter hoje,jogo do inter hoje,baldasso,jogos de internacional","./explore?q=jogo%20do%20inter&geo=BR"
"airbus a320","1 mil+","7 de septiembre de 2026 a las 7:20:00 UTC-3","7 de septiembre de 2026 a las 14:40:00 UTC-3","airbus a320","./explore?q=airbus%20a320&geo=BR"
"multa","10 mil+","6 de septiembre de 2026 a las 8:40:00 UTC-3","6 de septiembre de 2026 a las 18:10:00 UTC-3","multa","./explore?q=multa&geo=BR"
"adélio bispo","5 mil+","6 de septiembre de 2026 a las 9:10:00 UTC-3","7 de septiembre de 2026 a las 8:30:00 UTC-3","adélio bispo","./explore?q=ad%C3%A9lio%20bispo&geo=BR"
"felipe melo","1 mil+","7 de septiembre de 2026 a las 13:20:00 UTC-3","7 de septiembre de 2026 a las 14:40:00 UTC-3","felipe melo","./explore?q=felipe%20melo&geo=BR"
"ciclone","2 mil+","7 de septiembre de 2026 a las 12:40:00 UTC-3","7 de septiembre de 2026 a las 13:30:00 UTC-3","ciclone,tempo para amanhã","./explore?q=ciclone&geo=BR"
"mirra andreeva","200+","7 de septiembre de 2026 a las 12:50:00 UTC-3","7 de septiembre de 2026 a las 14:40:00 UTC-3","mirra andreeva","./explore?q=mirra%20andreeva&geo=BR"
"trânsito","500+","7 de septiembre de 2026 a las 12:20:00 UTC-3","7 de septiembre de 2026 a las 14:20:00 UTC-3","trânsito,desfile 7 de setembro fortaleza","./explore?q=tr%C3%A2nsito&geo=BR"
"rosario x newell's old boys","10 mil+","6 de septiembre de 2026 a las 14:00:00 UTC-3","6 de septiembre de 2026 a las 20:30:00 UTC-3","rosario x newell's old boys","./explore?q=rosario%20x%20newell%27s%20old%20boys&geo=BR"
"tony tornado","5 mil+","6 de septiembre de 2026 a las 20:30:00 UTC-3","7 de septiembre de 2026 a las 13:30:00 UTC-3","tony tornado,lincoln tornado","./explore?q=tony%20tornado&geo=BR"
"janones","10 mil+","6 de septiembre de 2026 a las 0:10:00 UTC-3","7 de septiembre de 2026 a las 7:40:00 UTC-3","janones,janones retratação,andre janones,deputado federal,icl notícias,direito de resposta,andre janones retratacao","./explore?q=janones&geo=BR"
"ação","500+","7 de septiembre de 2026 a las 11:20:00 UTC-3","7 de septiembre de 2026 a las 14:40:00 UTC-3","ação","./explore?q=a%C3%A7%C3%A3o&geo=BR"
"bitcoin hoje","5 mil+","6 de septiembre de 2026 a las 21:00:00 UTC-3","7 de septiembre de 2026 a las 11:30:00 UTC-3","bitcoin hoje,bitcoin","./explore?q=bitcoin%20hoje&geo=BR"
"domingão do faustão","1 mil+","7 de septiembre de 2026 a las 5:20:00 UTC-3","7 de septiembre de 2026 a las 12:40:00 UTC-3","domingão do faustão","./explore?q=doming%C3%A3o%20do%20faust%C3%A3o&geo=BR"
"juiz","2 mil+","7 de septiembre de 2026 a las 6:20:00 UTC-3","7 de septiembre de 2026 a las 10:00:00 UTC-3","juiz","./explore?q=juiz&geo=BR"
"hoje e feriado","1 mil+","7 de septiembre de 2026 a las 6:40:00 UTC-3","7 de septiembre de 2026 a las 12:00:00 UTC-3","hoje e feriado,feriado hoje","./explore?q=hoje%20e%20feriado&geo=BR"
"sams club","500+","7 de septiembre de 2026 a las 9:00:00 UTC-3","7 de septiembre de 2026 a las 14:30:00 UTC-3","sams club","./explore?q=sams%20club&geo=BR"
"quina 7111","5 mil+","5 de septiembre de 2026 a las 21:40:00 UTC-3","7 de septiembre de 2026 a las 13:00:00 UTC-3","quina 7111,loterias quina,resultado da quina de hoje","./explore?q=quina%207111&geo=BR"
"asa x uberlândia","10 mil+","6 de septiembre de 2026 a las 16:40:00 UTC-3","6 de septiembre de 2026 a las 21:40:00 UTC-3","asa x uberlândia,uberlandia fc,classificação serie a,uberlândia esporte clube,danilo","./explore?q=asa%20x%20uberl%C3%A2ndia&geo=BR"
"roma x atalanta","20 mil+","5 de septiembre de 2026 a las 14:50:00 UTC-3","5 de septiembre de 2026 a las 23:40:00 UTC-3","roma x atalanta,roma fc,roma x","./explore?q=roma%20x%20atalanta&geo=BR"
"veículo elétrico","10 mil+","5 de septiembre de 2026 a las 18:10:00 UTC-3","6 de septiembre de 2026 a las 11:50:00 UTC-3","veículo elétrico","./explore?q=ve%C3%ADculo%20el%C3%A9trico&geo=BR"
"manchester united","20 mil+","6 de septiembre de 2026 a las 9:30:00 UTC-3","6 de septiembre de 2026 a las 13:30:00 UTC-3","manchester united,everton,united,man united,everton fc,ainsley maitland-niles","./explore?q=manchester%20united&geo=BR"
"tabela do campeonato brasileiro","20 mil+","6 de septiembre de 2026 a las 17:50:00 UTC-3","7 de septiembre de 2026 a las 9:10:00 UTC-3","tabela do campeonato brasileiro,tabela brasileirao,classificação do brasileirão,tabela de classificação do campeonato brasileiro,tabela atualizada do brasileirão","./explore?q=tabela%20do%20campeonato%20brasileiro&geo=BR"
"jorge messias","5 mil+","6 de septiembre de 2026 a las 15:50:00 UTC-3","7 de septiembre de 2026 a las 8:50:00 UTC-3","jorge messias","./explore?q=jorge%20messias&geo=BR"
"machine gun kelly","10 mil+","5 de septiembre de 2026 a las 18:50:00 UTC-3","6 de septiembre de 2026 a las 18:30:00 UTC-3","machine gun kelly,mgk,megan fox,mgk rock in rio","./explore?q=machine%20gun%20kelly&geo=BR"
"tabela do brasileirão atualizada","20 mil+","6 de septiembre de 2026 a las 17:20:00 UTC-3","6 de septiembre de 2026 a las 22:30:00 UTC-3","tabela do brasileirão atualizada,tabela brasileirão,tabela serie a,tabela do campeonato brasileiro série a,brasileirao tabela,tabela do brasileirao,tabela da série a,tabela série a,classificação brasileirão 2026","./explore?q=tabela%20do%20brasileir%C3%A3o%20atualizada&geo=BR"
"série de televisão","5 mil+","6 de septiembre de 2026 a las 11:30:00 UTC-3","6 de septiembre de 2026 a las 19:40:00 UTC-3","série de televisão,harlan coben","./explore?q=s%C3%A9rie%20de%20televis%C3%A3o&geo=BR"
"lanús x defensa y justicia","5 mil+","6 de septiembre de 2026 a las 16:20:00 UTC-3","7 de septiembre de 2026 a las 10:20:00 UTC-3","lanús x defensa y justicia,classificações de lanús x defensa y justicia","./explore?q=lan%C3%BAs%20x%20defensa%20y%20justicia&geo=BR"
"hailey bieber","2 mil+","6 de septiembre de 2026 a las 12:50:00 UTC-3","7 de septiembre de 2026 a las 11:10:00 UTC-3","hailey bieber","./explore?q=hailey%20bieber&geo=BR"
"samsung galaxy a18","1 mil+","7 de septiembre de 2026 a las 0:30:00 UTC-3","7 de septiembre de 2026 a las 10:20:00 UTC-3","samsung galaxy a18","./explore?q=samsung%20galaxy%20a18&geo=BR"
"coco bambu gregorio duvivier","5 mil+","6 de septiembre de 2026 a las 14:20:00 UTC-3","6 de septiembre de 2026 a las 21:10:00 UTC-3","coco bambu gregorio duvivier,coco bambu processo","./explore?q=coco%20bambu%20gregorio%20duvivier&geo=BR"
"alexander barboza","5 mil+","6 de septiembre de 2026 a las 18:40:00 UTC-3","6 de septiembre de 2026 a las 23:20:00 UTC-3","alexander barboza,marlon freitas","./explore?q=alexander%20barboza&geo=BR"
"bring me the horizon","10 mil+","5 de septiembre de 2026 a las 19:30:00 UTC-3","6 de septiembre de 2026 a las 13:40:00 UTC-3","bring me the horizon,bmth,setlist bring me the horizon rock in rio 2026","./explore?q=bring%20me%20the%20horizon&geo=BR"
"medicamento","5 mil+","5 de septiembre de 2026 a las 20:40:00 UTC-3","6 de septiembre de 2026 a las 18:30:00 UTC-3","medicamento","./explore?q=medicamento&geo=BR"
"liga mundial de surfe","1 mil+","7 de septiembre de 2026 a las 7:30:00 UTC-3","7 de septiembre de 2026 a las 11:00:00 UTC-3","liga mundial de surfe","./explore?q=liga%20mundial%20de%20surfe&geo=BR"
"chelsea","20 mil+","6 de septiembre de 2026 a las 12:40:00 UTC-3","6 de septiembre de 2026 a las 15:20:00 UTC-3","chelsea,hakim ziyech","./explore?q=chelsea&geo=BR"
"dividendo","5 mil+","6 de septiembre de 2026 a las 10:10:00 UTC-3","6 de septiembre de 2026 a las 20:40:00 UTC-3","dividendo","./explore?q=dividendo&geo=BR"
"beatriz bonemer","5 mil+","6 de septiembre de 2026 a las 12:10:00 UTC-3","6 de septiembre de 2026 a las 21:50:00 UTC-3","beatriz bonemer","./explore?q=beatriz%20bonemer&geo=BR"
"porto feliz","5 mil+","5 de septiembre de 2026 a las 19:00:00 UTC-3","6 de septiembre de 2026 a las 10:00:00 UTC-3","porto feliz","./explore?q=porto%20feliz&geo=BR"
"marcelo serrado","1 mil+","7 de septiembre de 2026 a las 9:50:00 UTC-3","7 de septiembre de 2026 a las 11:20:00 UTC-3","marcelo serrado","./explore?q=marcelo%20serrado&geo=BR"
"andré mendonça","5 mil+","7 de septiembre de 2026 a las 6:50:00 UTC-3","7 de septiembre de 2026 a las 8:10:00 UTC-3","andré mendonça,agência brasileira de inteligência","./explore?q=andr%C3%A9%20mendon%C3%A7a&geo=BR"
"max verstappen","5 mil+","6 de septiembre de 2026 a las 10:20:00 UTC-3","7 de septiembre de 2026 a las 9:40:00 UTC-3","max verstappen,verstappen","./explore?q=max%20verstappen&geo=BR"
"olympique de marseille","5 mil+","6 de septiembre de 2026 a las 12:30:00 UTC-3","6 de septiembre de 2026 a las 19:20:00 UTC-3","olympique de marseille,marseille,olympique","./explore?q=olympique%20de%20marseille&geo=BR"
"espanyol x sevilla","5 mil+","6 de septiembre de 2026 a las 15:10:00 UTC-3","6 de septiembre de 2026 a las 20:30:00 UTC-3","espanyol x sevilla,espanyol,lá liga","./explore?q=espanyol%20x%20sevilla&geo=BR"
"letícia colin","5 mil+","5 de septiembre de 2026 a las 22:20:00 UTC-3","7 de septiembre de 2026 a las 8:30:00 UTC-3","letícia colin,leticia colin","./explore?q=let%C3%ADcia%20colin&geo=BR"
"thiago carpini","10 mil+","6 de septiembre de 2026 a las 12:30:00 UTC-3","7 de septiembre de 2026 a las 7:00:00 UTC-3","thiago carpini,jogo do sport,gilmar dal pozzo,sport club do recife,sport recife,treinador","./explore?q=thiago%20carpini&geo=BR"
"f1 hoje","10 mil+","6 de septiembre de 2026 a las 9:20:00 UTC-3","6 de septiembre de 2026 a las 14:20:00 UTC-3","f1 hoje,f1 ao vivo,f1 horarios,f1 tv,f1tv,horario f1,formula 1 onde assistir,f1 onde assistir,fórmula 1 gp itália,horario f1 hoje,horário da fórmula 1 hoje,formula 1 horarios,horario formula 1,onde assistir f1,horarios f1,horario corrida f1","./explore?q=f1%20hoje&geo=BR"
"floresta x maringá","5 mil+","6 de septiembre de 2026 a las 15:50:00 UTC-3","6 de septiembre de 2026 a las 19:50:00 UTC-3","floresta x maringá,classificações de floresta esporte clube x maringá futebol clube,maringa fc","./explore?q=floresta%20x%20maring%C3%A1&geo=BR"
"escalações de botafogo x sociedade esportiva palmeiras","10 mil+","6 de septiembre de 2026 a las 17:50:00 UTC-3","6 de septiembre de 2026 a las 21:30:00 UTC-3","escalações de botafogo x sociedade esportiva palmeiras,sociedade esportiva palmeiras,botafogo x sociedade esportiva palmeiras","./explore?q=escala%C3%A7%C3%B5es%20de%20botafogo%20x%20sociedade%20esportiva%20palmeiras&geo=BR"
"aucas x barcelona sc","2 mil+","6 de septiembre de 2026 a las 20:10:00 UTC-3","7 de septiembre de 2026 a las 0:20:00 UTC-3","aucas x barcelona sc","./explore?q=aucas%20x%20barcelona%20sc&geo=BR"
"saxonia anhalt","2 mil+","6 de septiembre de 2026 a las 20:30:00 UTC-3","7 de septiembre de 2026 a las 0:50:00 UTC-3","saxonia anhalt","./explore?q=saxonia%20anhalt&geo=BR"
"jogo palmeiras","10 mil+","6 de septiembre de 2026 a las 20:00:00 UTC-3","6 de septiembre de 2026 a las 21:30:00 UTC-3","jogo palmeiras,a tabela do brasileirão,classificação do campeonato brasileiro série a,tabela do brasileirão série a 2026,classificação do campeonato brasileiro,tabela do brasileirão 2026 série a,próximo jogo do palmeiras no brasileirão,jogos de hoje brasileirão série a","./explore?q=jogo%20palmeiras&geo=BR"
"feriado","5 mil+","6 de septiembre de 2026 a las 16:10:00 UTC-3","6 de septiembre de 2026 a las 18:40:00 UTC-3","feriado","./explore?q=feriado&geo=BR"
"memphis depay","5 mil+","6 de septiembre de 2026 a las 21:40:00 UTC-3","6 de septiembre de 2026 a las 23:00:00 UTC-3","memphis depay,fernando diniz,diniz","./explore?q=memphis%20depay&geo=BR"
"capotamento","5 mil+","5 de septiembre de 2026 a las 14:50:00 UTC-3","6 de septiembre de 2026 a las 7:10:00 UTC-3","capotamento","./explore?q=capotamento&geo=BR"
"joaquín freitas","5 mil+","6 de septiembre de 2026 a las 15:50:00 UTC-3","7 de septiembre de 2026 a las 7:30:00 UTC-3","joaquín freitas,anthony valencia,freitas flamengo,valencia flamengo","./explore?q=joaqu%C3%ADn%20freitas&geo=BR"
"mala","5 mil+","6 de septiembre de 2026 a las 17:00:00 UTC-3","6 de septiembre de 2026 a las 19:30:00 UTC-3","mala","./explore?q=mala&geo=BR"
"nanda costa","2 mil+","6 de septiembre de 2026 a las 5:20:00 UTC-3","6 de septiembre de 2026 a las 15:40:00 UTC-3","nanda costa","./explore?q=nanda%20costa&geo=BR"
"associação chapecoense de futebol","5 mil+","6 de septiembre de 2026 a las 19:30:00 UTC-3","6 de septiembre de 2026 a las 22:30:00 UTC-3","associação chapecoense de futebol","./explore?q=associa%C3%A7%C3%A3o%20chapecoense%20de%20futebol&geo=BR"
"stop","2 mil+","6 de septiembre de 2026 a las 20:30:00 UTC-3","7 de septiembre de 2026 a las 2:20:00 UTC-3","stop","./explore?q=stop&geo=BR"
"noiva","500+","7 de septiembre de 2026 a las 8:10:00 UTC-3","7 de septiembre de 2026 a las 11:50:00 UTC-3","noiva","./explore?q=noiva&geo=BR"
"wallace yan","5 mil+","5 de septiembre de 2026 a las 16:00:00 UTC-3","6 de septiembre de 2026 a las 13:50:00 UTC-3","wallace yan","./explore?q=wallace%20yan&geo=BR"
"faraó dos bitcoins","1 mil+","7 de septiembre de 2026 a las 8:00:00 UTC-3","7 de septiembre de 2026 a las 11:40:00 UTC-3","faraó dos bitcoins,farao dos bitcoins,fantástico","./explore?q=fara%C3%B3%20dos%20bitcoins&geo=BR"
"desfile 7 de setembro curitiba","500+","7 de septiembre de 2026 a las 8:20:00 UTC-3","7 de septiembre de 2026 a las 11:20:00 UTC-3","desfile 7 de setembro curitiba","./explore?q=desfile%207%20de%20setembro%20curitiba&geo=BR"
"praia","5 mil+","5 de septiembre de 2026 a las 15:10:00 UTC-3","6 de septiembre de 2026 a las 9:20:00 UTC-3","praia,vôlei de praia","./explore?q=praia&geo=BR"
"tabela do brasileirão série a","10 mil+","6 de septiembre de 2026 a las 17:50:00 UTC-3","6 de septiembre de 2026 a las 21:40:00 UTC-3","tabela do brasileirão série a,tabela brasileirão série a,classificação do brasileirão 2026,tabela do campeonato brasileiro 2026,tabela campeonato brasileiro,classificacao brasileirao,tabela brasileirão série a 2026","./explore?q=tabela%20do%20brasileir%C3%A3o%20s%C3%A9rie%20a&geo=BR"
"f2","5 mil+","6 de septiembre de 2026 a las 4:50:00 UTC-3","6 de septiembre de 2026 a las 13:00:00 UTC-3","f2,formula 2,f2 monza corrida principal,campeonato de fórmula 2 de 2026","./explore?q=f2&geo=BR"
"airbus a380","2 mil+","6 de septiembre de 2026 a las 10:50:00 UTC-3","6 de septiembre de 2026 a las 19:10:00 UTC-3","airbus a380","./explore?q=airbus%20a380&geo=BR"
"olympique x paris fc","2 mil+","6 de septiembre de 2026 a las 15:10:00 UTC-3","6 de septiembre de 2026 a las 19:50:00 UTC-3","olympique x paris fc","./explore?q=olympique%20x%20paris%20fc&geo=BR"
"luana piovani","2 mil+","6 de septiembre de 2026 a las 15:30:00 UTC-3","6 de septiembre de 2026 a las 21:20:00 UTC-3","luana piovani,pedro scooby","./explore?q=luana%20piovani&geo=BR"
"classificações de everton x manchester united","10 mil+","6 de septiembre de 2026 a las 12:00:00 UTC-3","6 de septiembre de 2026 a las 14:20:00 UTC-3","classificações de everton x manchester united,everton x,jogo do manchester united,united x,united manchester,manchester united x","./explore?q=classifica%C3%A7%C3%B5es%20de%20everton%20x%20manchester%20united&geo=BR"
"perícia","2 mil+","6 de septiembre de 2026 a las 15:50:00 UTC-3","7 de septiembre de 2026 a las 7:20:00 UTC-3","perícia","./explore?q=per%C3%ADcia&geo=BR"
"carlos alcaraz","5 mil+","6 de septiembre de 2026 a las 15:30:00 UTC-3","6 de septiembre de 2026 a las 19:30:00 UTC-3","carlos alcaraz","./explore?q=carlos%20alcaraz&geo=BR"
"luiza possi","2 mil+","6 de septiembre de 2026 a las 22:20:00 UTC-3","7 de septiembre de 2026 a las 0:30:00 UTC-3","luiza possi","./explore?q=luiza%20possi&geo=BR"
"gimnasia mendoza x boca juniors","10 mil+","5 de septiembre de 2026 a las 16:00:00 UTC-3","5 de septiembre de 2026 a las 22:30:00 UTC-3","gimnasia mendoza x boca juniors","./explore?q=gimnasia%20mendoza%20x%20boca%20juniors&geo=BR"
"condomínio","5 mil+","6 de septiembre de 2026 a las 4:40:00 UTC-3","6 de septiembre de 2026 a las 11:30:00 UTC-3","condomínio","./explore?q=condom%C3%ADnio&geo=BR"
"birmingham x wolves","5 mil+","6 de septiembre de 2026 a las 7:10:00 UTC-3","6 de septiembre de 2026 a las 12:50:00 UTC-3","birmingham x wolves","./explore?q=birmingham%20x%20wolves&geo=BR"
"bruno gagliasso","500+","7 de septiembre de 2026 a las 9:20:00 UTC-3","7 de septiembre de 2026 a las 12:50:00 UTC-3","bruno gagliasso","./explore?q=bruno%20gagliasso&geo=BR"
"luiz henrique","500+","7 de septiembre de 2026 a las 6:20:00 UTC-3","7 de septiembre de 2026 a las 9:50:00 UTC-3","luiz henrique","./explore?q=luiz%20henrique&geo=BR"
"desfile 7 de setembro sp","500+","7 de septiembre de 2026 a las 8:10:00 UTC-3","7 de septiembre de 2026 a las 10:50:00 UTC-3","desfile 7 de setembro sp","./explore?q=desfile%207%20de%20setembro%20sp&geo=BR"
"desfile 7 de setembro rio de janeiro","500+","7 de septiembre de 2026 a las 8:40:00 UTC-3","7 de septiembre de 2026 a las 11:20:00 UTC-3","desfile 7 de setembro rio de janeiro","./explore?q=desfile%207%20de%20setembro%20rio%20de%20janeiro&geo=BR"
"juventus","5 mil+","6 de septiembre de 2026 a las 16:00:00 UTC-3","6 de septiembre de 2026 a las 18:30:00 UTC-3","juventus","./explore?q=juventus&geo=BR"
"que horas comeca o desfile 7 de setembro","1 mil+","7 de septiembre de 2026 a las 7:30:00 UTC-3","7 de septiembre de 2026 a las 10:00:00 UTC-3","que horas comeca o desfile 7 de setembro,desfile 7 de setembro salvador,horario desfile 7 de setembro","./explore?q=que%20horas%20comeca%20o%20desfile%207%20de%20setembro&geo=BR"
"nelly rock in rio","5 mil+","6 de septiembre de 2026 a las 18:50:00 UTC-3","7 de septiembre de 2026 a las 1:00:00 UTC-3","nelly rock in rio,calvin harris rock in rio,setlist avenged sevenfold rock in rio 2026,bring me the horizon rock in rio,calvin harris rock in rio 2026,ne yo rock in rio,setlist avenged sevenfold rock in rio,avenged sevenfold rock in rio,avenged sevenfold setlist,setlist avenged sevenfold,bad omens rock in rio 2026","./explore?q=nelly%20rock%20in%20rio&geo=BR"
"fundo soberano","2 mil+","6 de septiembre de 2026 a las 17:20:00 UTC-3","7 de septiembre de 2026 a las 9:00:00 UTC-3","fundo soberano","./explore?q=fundo%20soberano&geo=BR"
"araraquara","2 mil+","6 de septiembre de 2026 a las 18:00:00 UTC-3","6 de septiembre de 2026 a las 23:30:00 UTC-3","araraquara","./explore?q=araraquara&geo=BR"
"boss","2 mil+","6 de septiembre de 2026 a las 22:50:00 UTC-3","7 de septiembre de 2026 a las 1:00:00 UTC-3","boss","./explore?q=boss&geo=BR"
"racing","2 mil+","6 de septiembre de 2026 a las 22:00:00 UTC-3","7 de septiembre de 2026 a las 6:40:00 UTC-3","racing","./explore?q=racing&geo=BR"
"resultado do jogo fluminense-vasco","10 mil+","5 de septiembre de 2026 a las 21:40:00 UTC-3","6 de septiembre de 2026 a las 9:40:00 UTC-3","resultado do jogo fluminense-vasco,resultado do jogo do vasco-fluminense,fluminense x vasco minuto a minuto,quanto tá o jogo do vasco-fluminense,jogos de vasco,resultado do jogo do fluminense-vasco,quanto tá o jogo fluminense-vasco","./explore?q=resultado%20do%20jogo%20fluminense-vasco&geo=BR"
"classificações de schalke x bayern","10 mil+","5 de septiembre de 2026 a las 15:30:00 UTC-3","5 de septiembre de 2026 a las 20:30:00 UTC-3","classificações de schalke x bayern","./explore?q=classifica%C3%A7%C3%B5es%20de%20schalke%20x%20bayern&geo=BR"
"hino nacional","500+","7 de septiembre de 2026 a las 8:50:00 UTC-3","7 de septiembre de 2026 a las 11:40:00 UTC-3","hino nacional","./explore?q=hino%20nacional&geo=BR"
"emma navarro","2 mil+","6 de septiembre de 2026 a las 22:10:00 UTC-3","7 de septiembre de 2026 a las 1:00:00 UTC-3","emma navarro,anna kalinskaya,kalinskaya","./explore?q=emma%20navarro&geo=BR"
"grid de largada da fórmula 1","5 mil+","5 de septiembre de 2026 a las 17:00:00 UTC-3","6 de septiembre de 2026 a las 10:50:00 UTC-3","grid de largada da fórmula 1,pierre gasly,gasly,fórmula 1 -- classificação hoje grid de largada","./explore?q=grid%20de%20largada%20da%20f%C3%B3rmula%201&geo=BR"
"tabela","2 mil+","6 de septiembre de 2026 a las 17:50:00 UTC-3","6 de septiembre de 2026 a las 22:30:00 UTC-3","tabela","./explore?q=tabela&geo=BR"
"alcaraz","2 mil+","6 de septiembre de 2026 a las 14:50:00 UTC-3","6 de septiembre de 2026 a las 19:00:00 UTC-3","alcaraz","./explore?q=alcaraz&geo=BR"
"linha verde","200+","7 de septiembre de 2026 a las 12:50:00 UTC-3","7 de septiembre de 2026 a las 13:40:00 UTC-3","linha verde","./explore?q=linha%20verde&geo=BR"
"richarlison","1 mil+","6 de septiembre de 2026 a las 23:10:00 UTC-3","7 de septiembre de 2026 a las 13:30:00 UTC-3","richarlison","./explore?q=richarlison&geo=BR"
"cinesystem","200+","7 de septiembre de 2026 a las 11:40:00 UTC-3","7 de septiembre de 2026 a las 14:10:00 UTC-3","cinesystem","./explore?q=cinesystem&geo=BR"
"alerta meteorológico","5 mil+","6 de septiembre de 2026 a las 10:20:00 UTC-3","6 de septiembre de 2026 a las 14:40:00 UTC-3","alerta meteorológico,árvore","./explore?q=alerta%20meteorol%C3%B3gico&geo=BR"
"vélez sársfield x estudiantes","5 mil+","5 de septiembre de 2026 a las 20:50:00 UTC-3","6 de septiembre de 2026 a las 9:20:00 UTC-3","vélez sársfield x estudiantes,classificações de vélez sársfield x estudiantes","./explore?q=v%C3%A9lez%20s%C3%A1rsfield%20x%20estudiantes&geo=BR"
"charles leclerc","5 mil+","6 de septiembre de 2026 a las 10:00:00 UTC-3","6 de septiembre de 2026 a las 15:30:00 UTC-3","charles leclerc,lewis hamilton,formula 1 ao vivo,hamilton","./explore?q=charles%20leclerc&geo=BR"
"iran malfitano","2 mil+","5 de septiembre de 2026 a las 23:40:00 UTC-3","6 de septiembre de 2026 a las 11:40:00 UTC-3","iran malfitano,bárbara borges","./explore?q=iran%20malfitano&geo=BR"
"flamengo feminino","10 mil+","5 de septiembre de 2026 a las 16:20:00 UTC-3","5 de septiembre de 2026 a las 22:40:00 UTC-3","flamengo feminino,ferroviária x flamengo,flamengo x ferroviária,jogo do flamengo feminino,flamengo e ferroviária feminino,flamengo feminino hoje","./explore?q=flamengo%20feminino&geo=BR"
"onça-pintada","2 mil+","6 de septiembre de 2026 a las 12:10:00 UTC-3","6 de septiembre de 2026 a las 20:50:00 UTC-3","onça-pintada","./explore?q=on%C3%A7a-pintada&geo=BR"
"jornal o vale","2 mil+","5 de septiembre de 2026 a las 21:50:00 UTC-3","6 de septiembre de 2026 a las 13:20:00 UTC-3","jornal o vale","./explore?q=jornal%20o%20vale&geo=BR"
"jaguariúna","2 mil+","6 de septiembre de 2026 a las 18:20:00 UTC-3","6 de septiembre de 2026 a las 22:50:00 UTC-3","jaguariúna","./explore?q=jaguari%C3%BAna&geo=BR"
"jornal de piracicaba","2 mil+","6 de septiembre de 2026 a las 8:00:00 UTC-3","6 de septiembre de 2026 a las 16:30:00 UTC-3","jornal de piracicaba","./explore?q=jornal%20de%20piracicaba&geo=BR"
"desfile 7 de setembro bh","500+","7 de septiembre de 2026 a las 8:00:00 UTC-3","7 de septiembre de 2026 a las 10:30:00 UTC-3","desfile 7 de setembro bh","./explore?q=desfile%207%20de%20setembro%20bh&geo=BR"
"emilly araújo","2 mil+","5 de septiembre de 2026 a las 20:30:00 UTC-3","6 de septiembre de 2026 a las 11:50:00 UTC-3","emilly araújo,emilly araujo","./explore?q=emilly%20ara%C3%BAjo&geo=BR"
"desfile 7 de setembro porto alegre","200+","7 de septiembre de 2026 a las 9:00:00 UTC-3","7 de septiembre de 2026 a las 11:10:00 UTC-3","desfile 7 de setembro porto alegre","./explore?q=desfile%207%20de%20setembro%20porto%20alegre&geo=BR"
"rogério marinho","2 mil+","5 de septiembre de 2026 a las 19:10:00 UTC-3","6 de septiembre de 2026 a las 10:00:00 UTC-3","rogério marinho,impeachment","./explore?q=rog%C3%A9rio%20marinho&geo=BR"
"inter miami","20 mil+","5 de septiembre de 2026 a las 20:50:00 UTC-3","6 de septiembre de 2026 a las 1:10:00 UTC-3","inter miami,inter de miami,breel embolo,inter miami vs atlanta united,embolo","./explore?q=inter%20miami&geo=BR"
"stefanos tsitsipas","1 mil+","6 de septiembre de 2026 a las 20:50:00 UTC-3","7 de septiembre de 2026 a las 8:50:00 UTC-3","stefanos tsitsipas,tsitsipas","./explore?q=stefanos%20tsitsipas&geo=BR"
"alavés x osasuna","2 mil+","6 de septiembre de 2026 a las 12:40:00 UTC-3","6 de septiembre de 2026 a las 17:20:00 UTC-3","alavés x osasuna","./explore?q=alav%C3%A9s%20x%20osasuna&geo=BR"
"wavy vs chimp","200+","7 de septiembre de 2026 a las 14:00:00 UTC-3","7 de septiembre de 2026 a las 14:20:00 UTC-3","wavy vs chimp","./explore?q=wavy%20vs%20chimp&geo=BR"
"game pass","2 mil+","5 de septiembre de 2026 a las 22:50:00 UTC-3","6 de septiembre de 2026 a las 17:50:00 UTC-3","game pass","./explore?q=game%20pass&geo=BR"
"inter de limeira x ferroviária","10 mil+","5 de septiembre de 2026 a las 16:40:00 UTC-3","5 de septiembre de 2026 a las 21:00:00 UTC-3","inter de limeira x ferroviária,inter de limeira,ferroviaria","./explore?q=inter%20de%20limeira%20x%20ferrovi%C3%A1ria&geo=BR"
"repórter","2 mil+","6 de septiembre de 2026 a las 9:00:00 UTC-3","6 de septiembre de 2026 a las 15:00:00 UTC-3","repórter","./explore?q=rep%C3%B3rter&geo=BR"
"independiente del valle x macará","5 mil+","5 de septiembre de 2026 a las 19:00:00 UTC-3","5 de septiembre de 2026 a las 23:10:00 UTC-3","independiente del valle x macará","./explore?q=independiente%20del%20valle%20x%20macar%C3%A1&geo=BR"
"leclerc","2 mil+","6 de septiembre de 2026 a las 10:00:00 UTC-3","6 de septiembre de 2026 a las 15:10:00 UTC-3","leclerc","./explore?q=leclerc&geo=BR"
"paris fc","2 mil+","6 de septiembre de 2026 a las 12:20:00 UTC-3","6 de septiembre de 2026 a las 18:50:00 UTC-3","paris fc","./explore?q=paris%20fc&geo=BR"
"construção","5 mil+","5 de septiembre de 2026 a las 15:20:00 UTC-3","5 de septiembre de 2026 a las 20:50:00 UTC-3","construção","./explore?q=constru%C3%A7%C3%A3o&geo=BR"
"arsenal vs chelsea","2 mil+","6 de septiembre de 2026 a las 11:40:00 UTC-3","6 de septiembre de 2026 a las 15:40:00 UTC-3","arsenal vs chelsea","./explore?q=arsenal%20vs%20chelsea&geo=BR"
"bologna x sassuolo","2 mil+","6 de septiembre de 2026 a las 12:20:00 UTC-3","6 de septiembre de 2026 a las 17:00:00 UTC-3","bologna x sassuolo,bologna x","./explore?q=bologna%20x%20sassuolo&geo=BR"
"minha casa, minha vida","500+","7 de septiembre de 2026 a las 7:20:00 UTC-3","7 de septiembre de 2026 a las 9:00:00 UTC-3","minha casa, minha vida","./explore?q=minha%20casa%2C%20minha%20vida&geo=BR"
"animal","5 mil+","5 de septiembre de 2026 a las 15:10:00 UTC-3","5 de septiembre de 2026 a las 19:50:00 UTC-3","animal","./explore?q=animal&geo=BR"
"viviane araújo","1 mil+","6 de septiembre de 2026 a las 18:10:00 UTC-3","6 de septiembre de 2026 a las 22:00:00 UTC-3","viviane araújo","./explore?q=viviane%20ara%C3%BAjo&geo=BR"
"quadrix","2 mil+","6 de septiembre de 2026 a las 6:10:00 UTC-3","6 de septiembre de 2026 a las 13:40:00 UTC-3","quadrix,sedes df,sedes,gabarito sedes df 2026,quadrix sedes df","./explore?q=quadrix&geo=BR"
"temporada","2 mil+","5 de septiembre de 2026 a las 21:10:00 UTC-3","6 de septiembre de 2026 a las 15:10:00 UTC-3","temporada","./explore?q=temporada&geo=BR"
"nicole kidman","2 mil+","6 de septiembre de 2026 a las 23:10:00 UTC-3","7 de septiembre de 2026 a las 0:30:00 UTC-3","nicole kidman","./explore?q=nicole%20kidman&geo=BR"
"bom dia 7 de setembro segunda feira","200+","7 de septiembre de 2026 a las 7:20:00 UTC-3","7 de septiembre de 2026 a las 9:50:00 UTC-3","bom dia 7 de setembro segunda feira","./explore?q=bom%20dia%207%20de%20setembro%20segunda%20feira&geo=BR"
"desabamento","1 mil+","6 de septiembre de 2026 a las 12:30:00 UTC-3","6 de septiembre de 2026 a las 18:40:00 UTC-3","desabamento","./explore?q=desabamento&geo=BR"
"mayday","1 mil+","6 de septiembre de 2026 a las 15:20:00 UTC-3","7 de septiembre de 2026 a las 1:00:00 UTC-3","mayday","./explore?q=mayday&geo=BR"
"classificações de al-ittihad x al-nassr","5 mil+","5 de septiembre de 2026 a las 17:10:00 UTC-3","5 de septiembre de 2026 a las 20:40:00 UTC-3","classificações de al-ittihad x al-nassr,all nassr","./explore?q=classifica%C3%A7%C3%B5es%20de%20al-ittihad%20x%20al-nassr&geo=BR"
"csn","2 mil+","6 de septiembre de 2026 a las 9:20:00 UTC-3","6 de septiembre de 2026 a las 19:00:00 UTC-3","csn","./explore?q=csn&geo=BR"
"sporting x nacional","5 mil+","5 de septiembre de 2026 a las 15:40:00 UTC-3","5 de septiembre de 2026 a las 20:40:00 UTC-3","sporting x nacional,sporting","./explore?q=sporting%20x%20nacional&geo=BR"
"miami","5 mil+","6 de septiembre de 2026 a las 17:20:00 UTC-3","6 de septiembre de 2026 a las 20:10:00 UTC-3","miami,amazon prime,boeing 767","./explore?q=miami&geo=BR"
"toluca","1 mil+","6 de septiembre de 2026 a las 22:20:00 UTC-3","7 de septiembre de 2026 a las 1:40:00 UTC-3","toluca","./explore?q=toluca&geo=BR"
"a estranha na cama","2 mil+","6 de septiembre de 2026 a las 0:40:00 UTC-3","6 de septiembre de 2026 a las 10:00:00 UTC-3","a estranha na cama","./explore?q=a%20estranha%20na%20cama&geo=BR"
"flávio dino","1 mil+","6 de septiembre de 2026 a las 17:00:00 UTC-3","6 de septiembre de 2026 a las 21:30:00 UTC-3","flávio dino","./explore?q=fl%C3%A1vio%20dino&geo=BR"
"iva jovic","5 mil+","5 de septiembre de 2026 a las 20:10:00 UTC-3","6 de septiembre de 2026 a las 0:40:00 UTC-3","iva jovic,alexandra eala,eala","./explore?q=iva%20jovic&geo=BR"
"paula burlamaqui","2 mil+","6 de septiembre de 2026 a las 6:00:00 UTC-3","6 de septiembre de 2026 a las 15:00:00 UTC-3","paula burlamaqui","./explore?q=paula%20burlamaqui&geo=BR"
"sandra bullock","2 mil+","6 de septiembre de 2026 a las 23:10:00 UTC-3","7 de septiembre de 2026 a las 0:30:00 UTC-3","sandra bullock","./explore?q=sandra%20bullock&geo=BR"
"roma","5 mil+","5 de septiembre de 2026 a las 15:30:00 UTC-3","5 de septiembre de 2026 a las 19:10:00 UTC-3","roma,as roma","./explore?q=roma&geo=BR"
"meghan, duquesa de sussex","200+","7 de septiembre de 2026 a las 7:20:00 UTC-3","7 de septiembre de 2026 a las 9:40:00 UTC-3","meghan, duquesa de sussex","./explore?q=meghan%2C%20duquesa%20de%20sussex&geo=BR"
"zodíaco","2 mil+","6 de septiembre de 2026 a las 10:50:00 UTC-3","6 de septiembre de 2026 a las 16:10:00 UTC-3","zodíaco","./explore?q=zod%C3%ADaco&geo=BR"
"rodovia professor zeferino vaz","5 mil+","5 de septiembre de 2026 a las 15:20:00 UTC-3","5 de septiembre de 2026 a las 20:20:00 UTC-3","rodovia professor zeferino vaz,acidente zeferino vaz","./explore?q=rodovia%20professor%20zeferino%20vaz&geo=BR"
"racing club","1 mil+","6 de septiembre de 2026 a las 21:00:00 UTC-3","7 de septiembre de 2026 a las 0:30:00 UTC-3","racing club","./explore?q=racing%20club&geo=BR"
"ingresso","200+","7 de septiembre de 2026 a las 11:00:00 UTC-3","7 de septiembre de 2026 a las 13:30:00 UTC-3","ingresso","./explore?q=ingresso&geo=BR"
"bologna","2 mil+","6 de septiembre de 2026 a las 12:30:00 UTC-3","6 de septiembre de 2026 a las 16:00:00 UTC-3","bologna,bologna fc","./explore?q=bologna&geo=BR"
"aryna sabalenka","2 mil+","6 de septiembre de 2026 a las 13:00:00 UTC-3","6 de septiembre de 2026 a las 15:20:00 UTC-3","aryna sabalenka,taylor townsend","./explore?q=aryna%20sabalenka&geo=BR"
"12 de outubro","200+","7 de septiembre de 2026 a las 12:50:00 UTC-3","7 de septiembre de 2026 a las 13:20:00 UTC-3","12 de outubro","./explore?q=12%20de%20outubro&geo=BR"
"adriana colin","2 mil+","6 de septiembre de 2026 a las 14:50:00 UTC-3","6 de septiembre de 2026 a las 16:40:00 UTC-3","adriana colin,eliana","./explore?q=adriana%20colin&geo=BR"
"lanternas","200+","7 de septiembre de 2026 a las 12:10:00 UTC-3","7 de septiembre de 2026 a las 12:50:00 UTC-3","lanternas","./explore?q=lanternas&geo=BR"
"juventude","5 mil+","5 de septiembre de 2026 a las 18:20:00 UTC-3","5 de septiembre de 2026 a las 20:50:00 UTC-3","juventude","./explore?q=juventude&geo=BR"
"málaga x levante","2 mil+","6 de septiembre de 2026 a las 12:50:00 UTC-3","6 de septiembre de 2026 a las 16:50:00 UTC-3","málaga x levante","./explore?q=m%C3%A1laga%20x%20levante&geo=BR"
"f1 monza","2 mil+","6 de septiembre de 2026 a las 8:40:00 UTC-3","6 de septiembre de 2026 a las 13:20:00 UTC-3","f1 monza,andrea kimi antonelli,monza f1,mercedes,f1 vote,driver of the day","./explore?q=f1%20monza&geo=BR"
"apple iphone 18 pro max","1 mil+","6 de septiembre de 2026 a las 22:00:00 UTC-3","7 de septiembre de 2026 a las 0:30:00 UTC-3","apple iphone 18 pro max","./explore?q=apple%20iphone%2018%20pro%20max&geo=BR"
"jogo palmeiras hoje","2 mil+","6 de septiembre de 2026 a las 20:10:00 UTC-3","6 de septiembre de 2026 a las 21:30:00 UTC-3","jogo palmeiras hoje,jogos do palmeiras","./explore?q=jogo%20palmeiras%20hoje&geo=BR"
"tabela do brasileiro","2 mil+","6 de septiembre de 2026 a las 17:50:00 UTC-3","6 de septiembre de 2026 a las 21:50:00 UTC-3","tabela do brasileiro,classificação do brasileirão série a,tabela brasileiro,classificação brasileirão série a","./explore?q=tabela%20do%20brasileiro&geo=BR"
"bebê","1 mil+","6 de septiembre de 2026 a las 16:10:00 UTC-3","6 de septiembre de 2026 a las 19:50:00 UTC-3","bebê","./explore?q=beb%C3%AA&geo=BR"
"al nassr","10 mil+","5 de septiembre de 2026 a las 15:50:00 UTC-3","5 de septiembre de 2026 a las 18:00:00 UTC-3","al nassr,al-nassr","./explore?q=al%20nassr&geo=BR"
"mariana fagundes","2 mil+","6 de septiembre de 2026 a las 18:10:00 UTC-3","6 de septiembre de 2026 a las 20:30:00 UTC-3","mariana fagundes","./explore?q=mariana%20fagundes&geo=BR"
"fermín lópez","2 mil+","6 de septiembre de 2026 a las 11:40:00 UTC-3","6 de septiembre de 2026 a las 14:40:00 UTC-3","fermín lópez","./explore?q=ferm%C3%ADn%20l%C3%B3pez&geo=BR"
"pal","2 mil+","6 de septiembre de 2026 a las 20:00:00 UTC-3","6 de septiembre de 2026 a las 21:40:00 UTC-3","pal,palmeiras fc,fernando marçal","./explore?q=pal&geo=BR"
"sapato","1 mil+","6 de septiembre de 2026 a las 15:00:00 UTC-3","6 de septiembre de 2026 a las 19:50:00 UTC-3","sapato","./explore?q=sapato&geo=BR"
"pecuária","1 mil+","6 de septiembre de 2026 a las 15:10:00 UTC-3","6 de septiembre de 2026 a las 20:00:00 UTC-3","pecuária","./explore?q=pecu%C3%A1ria&geo=BR"
"jogo do botafogo hoje","2 mil+","6 de septiembre de 2026 a las 19:20:00 UTC-3","6 de septiembre de 2026 a las 21:20:00 UTC-3","jogo do botafogo hoje,jogo botafogo hoje","./explore?q=jogo%20do%20botafogo%20hoje&geo=BR"
"leandro damião","1 mil+","6 de septiembre de 2026 a las 7:40:00 UTC-3","6 de septiembre de 2026 a las 16:10:00 UTC-3","leandro damião","./explore?q=leandro%20dami%C3%A3o&geo=BR"
"varejo","1 mil+","6 de septiembre de 2026 a las 15:50:00 UTC-3","6 de septiembre de 2026 a las 19:50:00 UTC-3","varejo","./explore?q=varejo&geo=BR"
"síndico","1 mil+","6 de septiembre de 2026 a las 16:10:00 UTC-3","6 de septiembre de 2026 a las 19:20:00 UTC-3","síndico","./explore?q=s%C3%ADndico&geo=BR"
"valentina shevchenko","1 mil+","5 de septiembre de 2026 a las 21:40:00 UTC-3","6 de septiembre de 2026 a las 12:20:00 UTC-3","valentina shevchenko","./explore?q=valentina%20shevchenko&geo=BR"
"dira paes","200+","7 de septiembre de 2026 a las 10:00:00 UTC-3","7 de septiembre de 2026 a las 11:10:00 UTC-3","dira paes","./explore?q=dira%20paes&geo=BR"
"allan","2 mil+","6 de septiembre de 2026 a las 19:10:00 UTC-3","6 de septiembre de 2026 a las 20:40:00 UTC-3","allan","./explore?q=allan&geo=BR"
"cruz azul","1 mil+","6 de septiembre de 2026 a las 20:30:00 UTC-3","6 de septiembre de 2026 a las 23:10:00 UTC-3","cruz azul","./explore?q=cruz%20azul&geo=BR"
"1","500+","7 de septiembre de 2026 a las 5:20:00 UTC-3","7 de septiembre de 2026 a las 6:50:00 UTC-3","1","./explore?q=1&geo=BR"
"riot","200+","7 de septiembre de 2026 a las 1:30:00 UTC-3","7 de septiembre de 2026 a las 14:30:00 UTC-3","riot","./explore?q=riot&geo=BR"
"maluf","2 mil+","6 de septiembre de 2026 a las 7:30:00 UTC-3","6 de septiembre de 2026 a las 10:00:00 UTC-3","maluf,paulo maluf","./explore?q=maluf&geo=BR"
"sos","1 mil+","6 de septiembre de 2026 a las 22:50:00 UTC-3","7 de septiembre de 2026 a las 0:00:00 UTC-3","sos","./explore?q=sos&geo=BR"
"giovanni augusto","1 mil+","6 de septiembre de 2026 a las 19:20:00 UTC-3","6 de septiembre de 2026 a las 22:00:00 UTC-3","giovanni augusto","./explore?q=giovanni%20augusto&geo=BR"
"futebol feminino","5 mil+","5 de septiembre de 2026 a las 16:50:00 UTC-3","5 de septiembre de 2026 a las 20:10:00 UTC-3","futebol feminino,brasileirao feminino,campeonato brasileiro feminino a1,campeonato brasileiro feminino,campeonato feminino","./explore?q=futebol%20feminino&geo=BR"
"frankfurt fc","1 mil+","6 de septiembre de 2026 a las 12:00:00 UTC-3","6 de septiembre de 2026 a las 15:40:00 UTC-3","frankfurt fc","./explore?q=frankfurt%20fc&geo=BR"
"rock in rio supercombo","2 mil+","6 de septiembre de 2026 a las 22:00:00 UTC-3","7 de septiembre de 2026 a las 0:00:00 UTC-3","rock in rio supercombo,globo ao vivo","./explore?q=rock%20in%20rio%20supercombo&geo=BR"
"desfile civico 7 de setembro","200+","7 de septiembre de 2026 a las 8:30:00 UTC-3","7 de septiembre de 2026 a las 10:00:00 UTC-3","desfile civico 7 de setembro","./explore?q=desfile%20civico%207%20de%20setembro&geo=BR"
"monza","1 mil+","6 de septiembre de 2026 a las 9:40:00 UTC-3","6 de septiembre de 2026 a las 13:20:00 UTC-3","monza","./explore?q=monza&geo=BR"
"jamie vardy","1 mil+","6 de septiembre de 2026 a las 15:50:00 UTC-3","6 de septiembre de 2026 a las 21:00:00 UTC-3","jamie vardy","./explore?q=jamie%20vardy&geo=BR"
"nobreza do amor","1 mil+","6 de septiembre de 2026 a las 6:20:00 UTC-3","6 de septiembre de 2026 a las 12:50:00 UTC-3","nobreza do amor","./explore?q=nobreza%20do%20amor&geo=BR"
"sporting cristal x club deportivo los chankas - cyc","1 mil+","6 de septiembre de 2026 a las 12:30:00 UTC-3","6 de septiembre de 2026 a las 15:50:00 UTC-3","sporting cristal x club deportivo los chankas - cyc","./explore?q=sporting%20cristal%20x%20club%20deportivo%20los%20chankas%20-%20cyc&geo=BR"
"botafogo de futebol e regatas","2 mil+","6 de septiembre de 2026 a las 20:20:00 UTC-3","6 de septiembre de 2026 a las 21:30:00 UTC-3","botafogo de futebol e regatas","./explore?q=botafogo%20de%20futebol%20e%20regatas&geo=BR"
"george russell","1 mil+","6 de septiembre de 2026 a las 10:20:00 UTC-3","6 de septiembre de 2026 a las 13:20:00 UTC-3","george russell","./explore?q=george%20russell&geo=BR"
"bruno duarte","2 mil+","5 de septiembre de 2026 a las 20:20:00 UTC-3","5 de septiembre de 2026 a las 23:20:00 UTC-3","bruno duarte","./explore?q=bruno%20duarte&geo=BR"
"gado","2 mil+","5 de septiembre de 2026 a las 14:50:00 UTC-3","5 de septiembre de 2026 a las 20:20:00 UTC-3","gado","./explore?q=gado&geo=BR"
"previsão do tempo belo horizonte","200+","7 de septiembre de 2026 a las 8:30:00 UTC-3","7 de septiembre de 2026 a las 9:20:00 UTC-3","previsão do tempo belo horizonte","./explore?q=previs%C3%A3o%20do%20tempo%20belo%20horizonte&geo=BR"
"batman parte ii","1 mil+","6 de septiembre de 2026 a las 10:00:00 UTC-3","6 de septiembre de 2026 a las 12:50:00 UTC-3","batman parte ii","./explore?q=batman%20parte%20ii&geo=BR"
"river otter","1 mil+","6 de septiembre de 2026 a las 0:30:00 UTC-3","6 de septiembre de 2026 a las 10:40:00 UTC-3","river otter,otter","./explore?q=river%20otter&geo=BR"
"drama","1 mil+","6 de septiembre de 2026 a las 11:30:00 UTC-3","6 de septiembre de 2026 a las 15:40:00 UTC-3","drama","./explore?q=drama&geo=BR"
"malaga fc","1 mil+","6 de septiembre de 2026 a las 13:50:00 UTC-3","6 de septiembre de 2026 a las 16:30:00 UTC-3","malaga fc","./explore?q=malaga%20fc&geo=BR"
"monica martelli","1 mil+","6 de septiembre de 2026 a las 18:20:00 UTC-3","6 de septiembre de 2026 a las 20:40:00 UTC-3","monica martelli","./explore?q=monica%20martelli&geo=BR"
"hugo souza","1 mil+","6 de septiembre de 2026 a las 19:40:00 UTC-3","6 de septiembre de 2026 a las 22:00:00 UTC-3","hugo souza","./explore?q=hugo%20souza&geo=BR"
"marta kostyuk","1 mil+","6 de septiembre de 2026 a las 14:10:00 UTC-3","6 de septiembre de 2026 a las 17:10:00 UTC-3","marta kostyuk,linda nosková","./explore?q=marta%20kostyuk&geo=BR"
"medvedev","1 mil+","6 de septiembre de 2026 a las 18:20:00 UTC-3","6 de septiembre de 2026 a las 20:20:00 UTC-3","medvedev,tiafoe,daniil medvedev","./explore?q=medvedev&geo=BR"
"eintracht x augsburg","1 mil+","6 de septiembre de 2026 a las 12:20:00 UTC-3","6 de septiembre de 2026 a las 15:10:00 UTC-3","eintracht x augsburg,eintracht frankfurt","./explore?q=eintracht%20x%20augsburg&geo=BR"
"jogos de flamengo","2 mil+","6 de septiembre de 2026 a las 17:40:00 UTC-3","6 de septiembre de 2026 a las 19:00:00 UTC-3","jogos de flamengo","./explore?q=jogos%20de%20flamengo&geo=BR"
"alavés osasuna 06/09/2026","1 mil+","6 de septiembre de 2026 a las 13:30:00 UTC-3","6 de septiembre de 2026 a las 16:00:00 UTC-3","alavés osasuna 06/09/2026,alaves","./explore?q=alav%C3%A9s%20osasuna%2006%2F09%2F2026&geo=BR"
"dan hooker","2 mil+","5 de septiembre de 2026 a las 18:10:00 UTC-3","5 de septiembre de 2026 a las 23:40:00 UTC-3","dan hooker,salahdine parnasse","./explore?q=dan%20hooker&geo=BR"
"vitória sc x casa pia","1 mil+","6 de septiembre de 2026 a las 14:00:00 UTC-3","6 de septiembre de 2026 a las 16:50:00 UTC-3","vitória sc x casa pia,vitoria guimarães","./explore?q=vit%C3%B3ria%20sc%20x%20casa%20pia&geo=BR"
"hamburg x mainz 05","1 mil+","6 de septiembre de 2026 a las 10:10:00 UTC-3","6 de septiembre de 2026 a las 14:40:00 UTC-3","hamburg x mainz 05,hamburgo fc","./explore?q=hamburg%20x%20mainz%2005&geo=BR"
"globoplay","2 mil+","6 de septiembre de 2026 a las 9:50:00 UTC-3","6 de septiembre de 2026 a las 11:00:00 UTC-3","globoplay,globo play","./explore?q=globoplay&geo=BR"
"flu x vasco","2 mil+","5 de septiembre de 2026 a las 20:50:00 UTC-3","6 de septiembre de 2026 a las 0:20:00 UTC-3","flu x vasco,fluminense football club,vasco fluminense","./explore?q=flu%20x%20vasco&geo=BR"
"filmes em cartaz","2 mil+","6 de septiembre de 2026 a las 12:20:00 UTC-3","6 de septiembre de 2026 a las 19:10:00 UTC-3","filmes em cartaz","./explore?q=filmes%20em%20cartaz&geo=BR"
"morgan rogers","1 mil+","6 de septiembre de 2026 a las 12:30:00 UTC-3","6 de septiembre de 2026 a las 15:20:00 UTC-3","morgan rogers","./explore?q=morgan%20rogers&geo=BR"
"villarreal","2 mil+","5 de septiembre de 2026 a las 15:50:00 UTC-3","5 de septiembre de 2026 a las 19:00:00 UTC-3","villarreal","./explore?q=villarreal&geo=BR"
"levante","1 mil+","6 de septiembre de 2026 a las 14:00:00 UTC-3","6 de septiembre de 2026 a las 16:20:00 UTC-3","levante,málaga levante 06/09/2026","./explore?q=levante&geo=BR"
"alcione","2 mil+","5 de septiembre de 2026 a las 23:20:00 UTC-3","6 de septiembre de 2026 a las 1:50:00 UTC-3","alcione","./explore?q=alcione&geo=BR"
"cincinnati fc","2 mil+","5 de septiembre de 2026 a las 21:10:00 UTC-3","6 de septiembre de 2026 a las 0:30:00 UTC-3","cincinnati fc,fc cincinnati,cincinnati x dc united","./explore?q=cincinnati%20fc&geo=BR"
"sevilla","1 mil+","6 de septiembre de 2026 a las 17:00:00 UTC-3","6 de septiembre de 2026 a las 19:00:00 UTC-3","sevilla","./explore?q=sevilla&geo=BR"
"sabalenka","1 mil+","6 de septiembre de 2026 a las 12:50:00 UTC-3","6 de septiembre de 2026 a las 15:40:00 UTC-3","sabalenka","./explore?q=sabalenka&geo=BR"
"brasileirão série a classificação","2 mil+","6 de septiembre de 2026 a las 17:20:00 UTC-3","6 de septiembre de 2026 a las 19:00:00 UTC-3","brasileirão série a classificação","./explore?q=brasileir%C3%A3o%20s%C3%A9rie%20a%20classifica%C3%A7%C3%A3o&geo=BR"
"tommy paul","1 mil+","6 de septiembre de 2026 a las 15:10:00 UTC-3","6 de septiembre de 2026 a las 18:00:00 UTC-3","tommy paul","./explore?q=tommy%20paul&geo=BR"
"byd","2 mil+","6 de septiembre de 2026 a las 18:40:00 UTC-3","6 de septiembre de 2026 a las 19:50:00 UTC-3","byd","./explore?q=byd&geo=BR"
"river plate - independiente rivadavia","500+","6 de septiembre de 2026 a las 19:10:00 UTC-3","6 de septiembre de 2026 a las 21:50:00 UTC-3","river plate - independiente rivadavia","./explore?q=river%20plate%20-%20independiente%20rivadavia&geo=BR"
"vanessa giácomo","1 mil+","6 de septiembre de 2026 a las 7:10:00 UTC-3","6 de septiembre de 2026 a las 11:10:00 UTC-3","vanessa giácomo","./explore?q=vanessa%20gi%C3%A1como&geo=BR"
"cher","1 mil+","5 de septiembre de 2026 a las 20:00:00 UTC-3","6 de septiembre de 2026 a las 9:10:00 UTC-3","cher","./explore?q=cher&geo=BR"
"cabo frio","1 mil+","5 de septiembre de 2026 a las 19:50:00 UTC-3","6 de septiembre de 2026 a las 10:00:00 UTC-3","cabo frio","./explore?q=cabo%20frio&geo=BR"
"ji sung","1 mil+","6 de septiembre de 2026 a las 14:40:00 UTC-3","6 de septiembre de 2026 a las 17:40:00 UTC-3","ji sung","./explore?q=ji%20sung&geo=BR"
"colapinto","1 mil+","6 de septiembre de 2026 a las 10:20:00 UTC-3","6 de septiembre de 2026 a las 12:20:00 UTC-3","colapinto,franco colapinto","./explore?q=colapinto&geo=BR"
"serhat kılıç","1 mil+","5 de septiembre de 2026 a las 21:30:00 UTC-3","6 de septiembre de 2026 a las 8:20:00 UTC-3","serhat kılıç","./explore?q=serhat%20k%C4%B1l%C4%B1%C3%A7&geo=BR"
"pandemia","100+","7 de septiembre de 2026 a las 8:40:00 UTC-3","7 de septiembre de 2026 a las 9:50:00 UTC-3","pandemia","./explore?q=pandemia&geo=BR"
"cruz azul fc","500+","6 de septiembre de 2026 a las 20:50:00 UTC-3","6 de septiembre de 2026 a las 23:00:00 UTC-3","cruz azul fc","./explore?q=cruz%20azul%20fc&geo=BR"
"oscar piastri","1 mil+","5 de septiembre de 2026 a las 16:20:00 UTC-3","5 de septiembre de 2026 a las 20:40:00 UTC-3","oscar piastri","./explore?q=oscar%20piastri&geo=BR"
"coritiba e mirassol","1 mil+","6 de septiembre de 2026 a las 11:30:00 UTC-3","6 de septiembre de 2026 a las 14:20:00 UTC-3","coritiba e mirassol,jogo do mirassol","./explore?q=coritiba%20e%20mirassol&geo=BR"
"luto","1 mil+","6 de septiembre de 2026 a las 15:10:00 UTC-3","6 de septiembre de 2026 a las 17:40:00 UTC-3","luto","./explore?q=luto&geo=BR"
"timo cavelius","500+","6 de septiembre de 2026 a las 16:40:00 UTC-3","6 de septiembre de 2026 a las 19:00:00 UTC-3","timo cavelius","./explore?q=timo%20cavelius&geo=BR"
"pedro lourenço","500+","6 de septiembre de 2026 a las 7:00:00 UTC-3","6 de septiembre de 2026 a las 11:10:00 UTC-3","pedro lourenço","./explore?q=pedro%20louren%C3%A7o&geo=BR"
"serie a tim","2 mil+","5 de septiembre de 2026 a las 15:00:00 UTC-3","5 de septiembre de 2026 a las 18:40:00 UTC-3","serie a tim","./explore?q=serie%20a%20tim&geo=BR"
"palestino","500+","6 de septiembre de 2026 a las 20:20:00 UTC-3","6 de septiembre de 2026 a las 22:10:00 UTC-3","palestino","./explore?q=palestino&geo=BR"
"habeas corpus bolsonaro","1 mil+","5 de septiembre de 2026 a las 22:50:00 UTC-3","6 de septiembre de 2026 a las 2:10:00 UTC-3","habeas corpus bolsonaro","./explore?q=habeas%20corpus%20bolsonaro&geo=BR"
"ayrton senna","1 mil+","6 de septiembre de 2026 a las 10:00:00 UTC-3","6 de septiembre de 2026 a las 13:20:00 UTC-3","ayrton senna","./explore?q=ayrton%20senna&geo=BR"
"campeonato saudita","2 mil+","5 de septiembre de 2026 a las 15:30:00 UTC-3","5 de septiembre de 2026 a las 18:00:00 UTC-3","campeonato saudita,ângelo gabriel","./explore?q=campeonato%20saudita&geo=BR"
"classificação","1 mil+","6 de septiembre de 2026 a las 18:00:00 UTC-3","6 de septiembre de 2026 a las 21:40:00 UTC-3","classificação","./explore?q=classifica%C3%A7%C3%A3o&geo=BR"
"john malkovich","1 mil+","6 de septiembre de 2026 a las 1:00:00 UTC-3","6 de septiembre de 2026 a las 10:40:00 UTC-3","john malkovich","./explore?q=john%20malkovich&geo=BR"
"estrela vermelha","1 mil+","6 de septiembre de 2026 a las 14:00:00 UTC-3","6 de septiembre de 2026 a las 16:40:00 UTC-3","estrela vermelha,estrela vermelha x partizan","./explore?q=estrela%20vermelha&geo=BR"
"cassiterita","1 mil+","6 de septiembre de 2026 a las 9:30:00 UTC-3","6 de septiembre de 2026 a las 14:40:00 UTC-3","cassiterita","./explore?q=cassiterita&geo=BR"
"trabzonspor","500+","6 de septiembre de 2026 a las 13:50:00 UTC-3","6 de septiembre de 2026 a las 16:20:00 UTC-3","trabzonspor","./explore?q=trabzonspor&geo=BR"
"otaviano costa","1 mil+","6 de septiembre de 2026 a las 16:40:00 UTC-3","6 de septiembre de 2026 a las 18:00:00 UTC-3","otaviano costa","./explore?q=otaviano%20costa&geo=BR"
"troyes x rc strasbourg","500+","6 de septiembre de 2026 a las 9:50:00 UTC-3","6 de septiembre de 2026 a las 13:00:00 UTC-3","troyes x rc strasbourg","./explore?q=troyes%20x%20rc%20strasbourg&geo=BR"
"junior x jaguares de córdoba","1 mil+","5 de septiembre de 2026 a las 22:00:00 UTC-3","6 de septiembre de 2026 a las 1:30:00 UTC-3","junior x jaguares de córdoba","./explore?q=junior%20x%20jaguares%20de%20c%C3%B3rdoba&geo=BR"
"anthony gordon","500+","6 de septiembre de 2026 a las 11:30:00 UTC-3","6 de septiembre de 2026 a las 14:20:00 UTC-3","anthony gordon","./explore?q=anthony%20gordon&geo=BR"
"parma x a.c. monza","1 mil+","6 de septiembre de 2026 a las 9:30:00 UTC-3","6 de septiembre de 2026 a las 12:20:00 UTC-3","parma x a.c. monza","./explore?q=parma%20x%20a.c.%20monza&geo=BR"
"primavera x são caetano","1 mil+","5 de septiembre de 2026 a las 16:50:00 UTC-3","5 de septiembre de 2026 a las 20:10:00 UTC-3","primavera x são caetano","./explore?q=primavera%20x%20s%C3%A3o%20caetano&geo=BR"
"classificações de inter de milão x napoli","2 mil+","5 de septiembre de 2026 a las 15:10:00 UTC-3","5 de septiembre de 2026 a las 17:00:00 UTC-3","classificações de inter de milão x napoli","./explore?q=classifica%C3%A7%C3%B5es%20de%20inter%20de%20mil%C3%A3o%20x%20napoli&geo=BR"
"neyo rock in rio","200+","6 de septiembre de 2026 a las 22:40:00 UTC-3","7 de septiembre de 2026 a las 0:40:00 UTC-3","neyo rock in rio","./explore?q=neyo%20rock%20in%20rio&geo=BR"
"arthur cabral","500+","6 de septiembre de 2026 a las 18:40:00 UTC-3","6 de septiembre de 2026 a las 20:20:00 UTC-3","arthur cabral","./explore?q=arthur%20cabral&geo=BR"
"br-135","500+","6 de septiembre de 2026 a las 20:00:00 UTC-3","6 de septiembre de 2026 a las 21:50:00 UTC-3","br-135","./explore?q=br-135&geo=BR"
"sessão da tarde","1 mil+","6 de septiembre de 2026 a las 15:30:00 UTC-3","6 de septiembre de 2026 a las 18:10:00 UTC-3","sessão da tarde","./explore?q=sess%C3%A3o%20da%20tarde&geo=BR"
"sony playstation plus","500+","6 de septiembre de 2026 a las 12:10:00 UTC-3","6 de septiembre de 2026 a las 15:40:00 UTC-3","sony playstation plus","./explore?q=sony%20playstation%20plus&geo=BR"
"roubo","1 mil+","6 de septiembre de 2026 a las 6:30:00 UTC-3","6 de septiembre de 2026 a las 8:50:00 UTC-3","roubo","./explore?q=roubo&geo=BR"
"apl.de.ap","500+","6 de septiembre de 2026 a las 21:40:00 UTC-3","6 de septiembre de 2026 a las 23:20:00 UTC-3","apl.de.ap","./explore?q=apl.de.ap&geo=BR"
"curitiba","1 mil+","6 de septiembre de 2026 a las 12:30:00 UTC-3","6 de septiembre de 2026 a las 14:10:00 UTC-3","curitiba","./explore?q=curitiba&geo=BR"
"isabela garcia","500+","6 de septiembre de 2026 a las 21:30:00 UTC-3","6 de septiembre de 2026 a las 22:40:00 UTC-3","isabela garcia","./explore?q=isabela%20garcia&geo=BR"
"túmulo","500+","6 de septiembre de 2026 a las 15:50:00 UTC-3","6 de septiembre de 2026 a las 17:50:00 UTC-3","túmulo","./explore?q=t%C3%BAmulo&geo=BR"
"desfile 7 de setembro recife","100+","7 de septiembre de 2026 a las 8:20:00 UTC-3","7 de septiembre de 2026 a las 9:20:00 UTC-3","desfile 7 de setembro recife","./explore?q=desfile%207%20de%20setembro%20recife&geo=BR"
"vw tera 2027","1 mil+","5 de septiembre de 2026 a las 15:50:00 UTC-3","5 de septiembre de 2026 a las 19:30:00 UTC-3","vw tera 2027","./explore?q=vw%20tera%202027&geo=BR"
"vera viel","500+","6 de septiembre de 2026 a las 12:10:00 UTC-3","6 de septiembre de 2026 a las 14:10:00 UTC-3","vera viel","./explore?q=vera%20viel&geo=BR"
"serie a tim","1 mil+","6 de septiembre de 2026 a las 14:40:00 UTC-3","6 de septiembre de 2026 a las 18:00:00 UTC-3","serie a tim","./explore?q=serie%20a%20tim&geo=BR"
"classificação brasileirão","2 mil+","6 de septiembre de 2026 a las 17:50:00 UTC-3","6 de septiembre de 2026 a las 19:00:00 UTC-3","classificação brasileirão,classificação do brasileiro","./explore?q=classifica%C3%A7%C3%A3o%20brasileir%C3%A3o&geo=BR"
"patrick","500+","6 de septiembre de 2026 a las 16:10:00 UTC-3","6 de septiembre de 2026 a las 18:20:00 UTC-3","patrick","./explore?q=patrick&geo=BR"
"mauro campbell marques","500+","6 de septiembre de 2026 a las 11:00:00 UTC-3","6 de septiembre de 2026 a las 15:20:00 UTC-3","mauro campbell marques","./explore?q=mauro%20campbell%20marques&geo=BR"
"nice fc","1 mil+","5 de septiembre de 2026 a las 15:10:00 UTC-3","5 de septiembre de 2026 a las 18:40:00 UTC-3","nice fc","./explore?q=nice%20fc&geo=BR"
"superior tribunal de justiça","500+","6 de septiembre de 2026 a las 18:50:00 UTC-3","6 de septiembre de 2026 a las 20:40:00 UTC-3","superior tribunal de justiça","./explore?q=superior%20tribunal%20de%20justi%C3%A7a&geo=BR"
"baianasystem","500+","6 de septiembre de 2026 a las 18:00:00 UTC-3","6 de septiembre de 2026 a las 19:30:00 UTC-3","baianasystem","./explore?q=baianasystem&geo=BR"
"univ de chile x coquimbo unido","1 mil+","5 de septiembre de 2026 a las 20:50:00 UTC-3","6 de septiembre de 2026 a las 0:00:00 UTC-3","univ de chile x coquimbo unido","./explore?q=univ%20de%20chile%20x%20coquimbo%20unido&geo=BR"
"barcelona vs","500+","6 de septiembre de 2026 a las 11:50:00 UTC-3","6 de septiembre de 2026 a las 14:20:00 UTC-3","barcelona vs","./explore?q=barcelona%20vs&geo=BR"
"conta-corrente","1 mil+","5 de septiembre de 2026 a las 17:20:00 UTC-3","6 de septiembre de 2026 a las 8:20:00 UTC-3","conta-corrente","./explore?q=conta-corrente&geo=BR"
"maroon 5","200+","6 de septiembre de 2026 a las 23:10:00 UTC-3","7 de septiembre de 2026 a las 1:00:00 UTC-3","maroon 5","./explore?q=maroon%205&geo=BR"
"clube do remo vs flamengo standings","500+","6 de septiembre de 2026 a las 18:10:00 UTC-3","6 de septiembre de 2026 a las 19:40:00 UTC-3","clube do remo vs flamengo standings","./explore?q=clube%20do%20remo%20vs%20flamengo%20standings&geo=BR"
"anderlecht genk 06/09/2026","500+","6 de septiembre de 2026 a las 13:50:00 UTC-3","6 de septiembre de 2026 a las 15:40:00 UTC-3","anderlecht genk 06/09/2026","./explore?q=anderlecht%20genk%2006%2F09%2F2026&geo=BR"
"dolar para real","100+","7 de septiembre de 2026 a las 12:30:00 UTC-3","7 de septiembre de 2026 a las 12:50:00 UTC-3","dolar para real","./explore?q=dolar%20para%20real&geo=BR"
"quiz","2 mil+","5 de septiembre de 2026 a las 16:40:00 UTC-3","5 de septiembre de 2026 a las 19:30:00 UTC-3","quiz","./explore?q=quiz&geo=BR"
"hearts","500+","6 de septiembre de 2026 a las 11:40:00 UTC-3","6 de septiembre de 2026 a las 14:10:00 UTC-3","hearts","./explore?q=hearts&geo=BR"
"macapá","500+","6 de septiembre de 2026 a las 14:50:00 UTC-3","6 de septiembre de 2026 a las 17:10:00 UTC-3","macapá","./explore?q=macap%C3%A1&geo=BR"
"máquina","500+","6 de septiembre de 2026 a las 7:30:00 UTC-3","6 de septiembre de 2026 a las 10:30:00 UTC-3","máquina","./explore?q=m%C3%A1quina&geo=BR"
"everton x universidad católica","1 mil+","5 de septiembre de 2026 a las 18:00:00 UTC-3","5 de septiembre de 2026 a las 20:50:00 UTC-3","everton x universidad católica","./explore?q=everton%20x%20universidad%20cat%C3%B3lica&geo=BR"
"kick","2 mil+","6 de septiembre de 2026 a las 14:30:00 UTC-3","6 de septiembre de 2026 a las 15:10:00 UTC-3","kick","./explore?q=kick&geo=BR"
"az alkmaar","500+","6 de septiembre de 2026 a las 9:50:00 UTC-3","6 de septiembre de 2026 a las 12:20:00 UTC-3","az alkmaar","./explore?q=az%20alkmaar&geo=BR"
"inter miami - atlanta united","1 mil+","5 de septiembre de 2026 a las 20:00:00 UTC-3","6 de septiembre de 2026 a las 0:40:00 UTC-3","inter miami - atlanta united","./explore?q=inter%20miami%20-%20atlanta%20united&geo=BR"
"libertad x rubio ñu","500+","6 de septiembre de 2026 a las 15:40:00 UTC-3","6 de septiembre de 2026 a las 17:20:00 UTC-3","libertad x rubio ñu","./explore?q=libertad%20x%20rubio%20%C3%B1u&geo=BR"
"sao paulo feminino","2 mil+","5 de septiembre de 2026 a las 17:40:00 UTC-3","5 de septiembre de 2026 a las 19:40:00 UTC-3","sao paulo feminino,são paulo x grêmio feminino,sao paulo x gremio feminino,gremio feminino,são paulo feminino,brasileirão feminino 2026,campeonato brasileiro feminino 2026","./explore?q=sao%20paulo%20feminino&geo=BR"
"tres arroyos","1 mil+","5 de septiembre de 2026 a las 21:00:00 UTC-3","5 de septiembre de 2026 a las 23:30:00 UTC-3","tres arroyos","./explore?q=tres%20arroyos&geo=BR"
"militar","1 mil+","5 de septiembre de 2026 a las 17:40:00 UTC-3","5 de septiembre de 2026 a las 21:00:00 UTC-3","militar","./explore?q=militar&geo=BR"
"xavi espart","500+","6 de septiembre de 2026 a las 11:30:00 UTC-3","6 de septiembre de 2026 a las 13:00:00 UTC-3","xavi espart","./explore?q=xavi%20espart&geo=BR"
"toronto","500+","6 de septiembre de 2026 a las 16:10:00 UTC-3","6 de septiembre de 2026 a las 17:20:00 UTC-3","toronto","./explore?q=toronto&geo=BR"
"apple iphone 18 pro max","500+","6 de septiembre de 2026 a las 2:30:00 UTC-3","6 de septiembre de 2026 a las 6:20:00 UTC-3","apple iphone 18 pro max","./explore?q=apple%20iphone%2018%20pro%20max&geo=BR"
"maisie williams","200+","6 de septiembre de 2026 a las 23:10:00 UTC-3","7 de septiembre de 2026 a las 0:20:00 UTC-3","maisie williams","./explore?q=maisie%20williams&geo=BR"
"gimnasia y esgrima - boca juniors","1 mil+","5 de septiembre de 2026 a las 16:30:00 UTC-3","5 de septiembre de 2026 a las 19:30:00 UTC-3","gimnasia y esgrima - boca juniors,posiciones de gimnasia de mendoza contra boca juniors","./explore?q=gimnasia%20y%20esgrima%20-%20boca%20juniors&geo=BR"
"gominho","200+","6 de septiembre de 2026 a las 23:50:00 UTC-3","7 de septiembre de 2026 a las 1:00:00 UTC-3","gominho","./explore?q=gominho&geo=BR"
"gta vi switch 2","1 mil+","5 de septiembre de 2026 a las 17:00:00 UTC-3","5 de septiembre de 2026 a las 19:30:00 UTC-3","gta vi switch 2","./explore?q=gta%20vi%20switch%202&geo=BR"
"sevilla x fútbol club barcelona","1 mil+","5 de septiembre de 2026 a las 15:20:00 UTC-3","5 de septiembre de 2026 a las 18:00:00 UTC-3","sevilla x fútbol club barcelona","./explore?q=sevilla%20x%20f%C3%BAtbol%20club%20barcelona&geo=BR"
"pedro","500+","6 de septiembre de 2026 a las 18:00:00 UTC-3","6 de septiembre de 2026 a las 19:00:00 UTC-3","pedro","./explore?q=pedro&geo=BR"
"tigres x necaxa","1 mil+","5 de septiembre de 2026 a las 22:00:00 UTC-3","6 de septiembre de 2026 a las 0:50:00 UTC-3","tigres x necaxa,tigres fc","./explore?q=tigres%20x%20necaxa&geo=BR"
"wolves","500+","6 de septiembre de 2026 a las 8:50:00 UTC-3","6 de septiembre de 2026 a las 11:00:00 UTC-3","wolves,wolverhampton","./explore?q=wolves&geo=BR"
"loud","500+","6 de septiembre de 2026 a las 14:40:00 UTC-3","6 de septiembre de 2026 a las 20:10:00 UTC-3","loud","./explore?q=loud&geo=BR"
"st mirren x celtic","1 mil+","5 de septiembre de 2026 a las 16:00:00 UTC-3","5 de septiembre de 2026 a las 18:40:00 UTC-3","st mirren x celtic","./explore?q=st%20mirren%20x%20celtic&geo=BR"
"amora mautner","1 mil+","5 de septiembre de 2026 a las 15:10:00 UTC-3","5 de septiembre de 2026 a las 17:00:00 UTC-3","amora mautner","./explore?q=amora%20mautner&geo=BR"
"manaus","200+","7 de septiembre de 2026 a las 0:40:00 UTC-3","7 de septiembre de 2026 a las 2:00:00 UTC-3","manaus","./explore?q=manaus&geo=BR"
"estêvão willian","500+","6 de septiembre de 2026 a las 13:30:00 UTC-3","6 de septiembre de 2026 a las 15:20:00 UTC-3","estêvão willian","./explore?q=est%C3%AAv%C3%A3o%20willian&geo=BR"
"previsão do tempo joão pessoa","500+","6 de septiembre de 2026 a las 7:40:00 UTC-3","6 de septiembre de 2026 a las 10:20:00 UTC-3","previsão do tempo joão pessoa,previsão do tempo joao pessoa","./explore?q=previs%C3%A3o%20do%20tempo%20jo%C3%A3o%20pessoa&geo=BR"
"corinthians x onde assistir","200+","6 de septiembre de 2026 a las 19:30:00 UTC-3","6 de septiembre de 2026 a las 20:40:00 UTC-3","corinthians x onde assistir","./explore?q=corinthians%20x%20onde%20assistir&geo=BR"
"real salt lake x lafc","500+","5 de septiembre de 2026 a las 22:20:00 UTC-3","6 de septiembre de 2026 a las 1:00:00 UTC-3","real salt lake x lafc","./explore?q=real%20salt%20lake%20x%20lafc&geo=BR"
"telhado","500+","6 de septiembre de 2026 a las 14:00:00 UTC-3","6 de septiembre de 2026 a las 15:40:00 UTC-3","telhado","./explore?q=telhado&geo=BR"
"santa","500+","6 de septiembre de 2026 a las 19:20:00 UTC-3","6 de septiembre de 2026 a las 20:50:00 UTC-3","santa","./explore?q=santa&geo=BR"
"philadelphia union x montréal","1 mil+","5 de septiembre de 2026 a las 20:10:00 UTC-3","5 de septiembre de 2026 a las 23:00:00 UTC-3","philadelphia union x montréal","./explore?q=philadelphia%20union%20x%20montr%C3%A9al&geo=BR"
"alphadjo cisse","200+","6 de septiembre de 2026 a las 17:20:00 UTC-3","6 de septiembre de 2026 a las 18:30:00 UTC-3","alphadjo cisse","./explore?q=alphadjo%20cisse&geo=BR"
"larson","200+","6 de septiembre de 2026 a las 20:10:00 UTC-3","6 de septiembre de 2026 a las 21:20:00 UTC-3","larson","./explore?q=larson&geo=BR"
"senador","500+","5 de septiembre de 2026 a las 15:40:00 UTC-3","5 de septiembre de 2026 a las 18:50:00 UTC-3","senador","./explore?q=senador&geo=BR"
"classificações de hull city x aston villa","1 mil+","5 de septiembre de 2026 a las 15:30:00 UTC-3","5 de septiembre de 2026 a las 17:10:00 UTC-3","classificações de hull city x aston villa","./explore?q=classifica%C3%A7%C3%B5es%20de%20hull%20city%20x%20aston%20villa&geo=BR"
"barão vermelho","500+","6 de septiembre de 2026 a las 17:00:00 UTC-3","6 de septiembre de 2026 a las 18:00:00 UTC-3","barão vermelho,barao vermelho","./explore?q=bar%C3%A3o%20vermelho&geo=BR"
"alexander zverev","500+","6 de septiembre de 2026 a las 0:20:00 UTC-3","6 de septiembre de 2026 a las 2:30:00 UTC-3","alexander zverev","./explore?q=alexander%20zverev&geo=BR"
"rodeio","1 mil+","6 de septiembre de 2026 a las 12:20:00 UTC-3","6 de septiembre de 2026 a las 13:00:00 UTC-3","rodeio","./explore?q=rodeio&geo=BR"
"livinho","200+","6 de septiembre de 2026 a las 19:20:00 UTC-3","6 de septiembre de 2026 a las 20:30:00 UTC-3","livinho","./explore?q=livinho&geo=BR"
"palmeiras hj","200+","6 de septiembre de 2026 a las 20:30:00 UTC-3","6 de septiembre de 2026 a las 21:30:00 UTC-3","palmeiras hj","./explore?q=palmeiras%20hj&geo=BR"
"axel sola","1 mil+","5 de septiembre de 2026 a las 18:00:00 UTC-3","5 de septiembre de 2026 a las 19:30:00 UTC-3","axel sola,fares ziam","./explore?q=axel%20sola&geo=BR"
"ajax","1 mil+","5 de septiembre de 2026 a las 15:20:00 UTC-3","5 de septiembre de 2026 a las 17:10:00 UTC-3","ajax","./explore?q=ajax&geo=BR"
"velez","500+","5 de septiembre de 2026 a las 21:40:00 UTC-3","6 de septiembre de 2026 a las 0:10:00 UTC-3","velez","./explore?q=velez&geo=BR"
"hoje","100+","7 de septiembre de 2026 a las 7:10:00 UTC-3","7 de septiembre de 2026 a las 8:10:00 UTC-3","hoje","./explore?q=hoje&geo=BR"
"astra","1 mil+","5 de septiembre de 2026 a las 18:50:00 UTC-3","5 de septiembre de 2026 a las 20:40:00 UTC-3","astra","./explore?q=astra&geo=BR"
"valence – barcelone","500+","6 de septiembre de 2026 a las 11:10:00 UTC-3","6 de septiembre de 2026 a las 12:40:00 UTC-3","valence – barcelone","./explore?q=valence%20%E2%80%93%20barcelone&geo=BR"
"joão pedro","500+","6 de septiembre de 2026 a las 13:30:00 UTC-3","6 de septiembre de 2026 a las 14:50:00 UTC-3","joão pedro","./explore?q=jo%C3%A3o%20pedro&geo=BR"
"flavio cobolli","1 mil+","5 de septiembre de 2026 a las 15:00:00 UTC-3","5 de septiembre de 2026 a las 17:40:00 UTC-3","flavio cobolli,alexander blockx","./explore?q=flavio%20cobolli&geo=BR"
"lucas evangelista","200+","6 de septiembre de 2026 a las 19:00:00 UTC-3","6 de septiembre de 2026 a las 20:10:00 UTC-3","lucas evangelista","./explore?q=lucas%20evangelista&geo=BR"
"shelton","200+","6 de septiembre de 2026 a las 21:50:00 UTC-3","6 de septiembre de 2026 a las 23:00:00 UTC-3","shelton","./explore?q=shelton&geo=BR"
"real madrid club de fútbol x eibar","200+","6 de septiembre de 2026 a las 15:30:00 UTC-3","6 de septiembre de 2026 a las 16:40:00 UTC-3","real madrid club de fútbol x eibar","./explore?q=real%20madrid%20club%20de%20f%C3%BAtbol%20x%20eibar&geo=BR"
"camisa do flamengo","500+","6 de septiembre de 2026 a las 16:50:00 UTC-3","6 de septiembre de 2026 a las 18:20:00 UTC-3","camisa do flamengo,camisa flamengo","./explore?q=camisa%20do%20flamengo&geo=BR"
"quem ama cuida","2 mil+","5 de septiembre de 2026 a las 15:30:00 UTC-3","5 de septiembre de 2026 a las 16:20:00 UTC-3","quem ama cuida","./explore?q=quem%20ama%20cuida&geo=BR"
"br-277","500+","5 de septiembre de 2026 a las 16:10:00 UTC-3","5 de septiembre de 2026 a las 18:30:00 UTC-3","br-277","./explore?q=br-277&geo=BR"
"fernando alonso","500+","6 de septiembre de 2026 a las 10:30:00 UTC-3","6 de septiembre de 2026 a las 11:50:00 UTC-3","fernando alonso","./explore?q=fernando%20alonso&geo=BR"
"swansea city x wrexham","500+","5 de septiembre de 2026 a las 15:50:00 UTC-3","5 de septiembre de 2026 a las 18:20:00 UTC-3","swansea city x wrexham","./explore?q=swansea%20city%20x%20wrexham&geo=BR"
"george ilenikhena","500+","5 de septiembre de 2026 a las 15:20:00 UTC-3","5 de septiembre de 2026 a las 17:20:00 UTC-3","george ilenikhena","./explore?q=george%20ilenikhena&geo=BR"
"relâmpago mcqueen","200+","6 de septiembre de 2026 a las 9:40:00 UTC-3","6 de septiembre de 2026 a las 11:20:00 UTC-3","relâmpago mcqueen","./explore?q=rel%C3%A2mpago%20mcqueen&geo=BR"
"montoro","500+","6 de septiembre de 2026 a las 19:10:00 UTC-3","6 de septiembre de 2026 a las 20:00:00 UTC-3","montoro,álvaro montoro","./explore?q=montoro&geo=BR"
"classificações de sporting clube de portugal x clube desportivo nacional","1 mil+","5 de septiembre de 2026 a las 18:40:00 UTC-3","5 de septiembre de 2026 a las 20:00:00 UTC-3","classificações de sporting clube de portugal x clube desportivo nacional","./explore?q=classifica%C3%A7%C3%B5es%20de%20sporting%20clube%20de%20portugal%20x%20clube%20desportivo%20nacional&geo=BR"
"frosinone x venezia","200+","6 de septiembre de 2026 a las 10:00:00 UTC-3","6 de septiembre de 2026 a las 12:30:00 UTC-3","frosinone x venezia","./explore?q=frosinone%20x%20venezia&geo=BR"
"hulk","1 mil+","5 de septiembre de 2026 a las 22:00:00 UTC-3","5 de septiembre de 2026 a las 23:10:00 UTC-3","hulk","./explore?q=hulk&geo=BR"
"from","200+","6 de septiembre de 2026 a las 10:50:00 UTC-3","6 de septiembre de 2026 a las 12:30:00 UTC-3","from","./explore?q=from&geo=BR"
"where to watch nfl games","500+","6 de septiembre de 2026 a las 3:50:00 UTC-3","6 de septiembre de 2026 a las 6:10:00 UTC-3","where to watch nfl games","./explore?q=where%20to%20watch%20nfl%20games&geo=BR"
"san lorenzo x 2 de mayo","500+","5 de septiembre de 2026 a las 18:10:00 UTC-3","5 de septiembre de 2026 a las 20:00:00 UTC-3","san lorenzo x 2 de mayo","./explore?q=san%20lorenzo%20x%202%20de%20mayo&geo=BR"
"globoplay novelas","200+","6 de septiembre de 2026 a las 16:20:00 UTC-3","6 de septiembre de 2026 a las 18:10:00 UTC-3","globoplay novelas","./explore?q=globoplay%20novelas&geo=BR"
"belo horizonte","100+","7 de septiembre de 2026 a las 9:00:00 UTC-3","7 de septiembre de 2026 a las 9:20:00 UTC-3","belo horizonte","./explore?q=belo%20horizonte&geo=BR"
"fortnite tracker","200+","6 de septiembre de 2026 a las 14:50:00 UTC-3","6 de septiembre de 2026 a las 16:30:00 UTC-3","fortnite tracker","./explore?q=fortnite%20tracker&geo=BR"
"prémio","500+","5 de septiembre de 2026 a las 18:40:00 UTC-3","5 de septiembre de 2026 a las 20:20:00 UTC-3","prémio","./explore?q=pr%C3%A9mio&geo=BR"
"casa pia","200+","6 de septiembre de 2026 a las 15:20:00 UTC-3","6 de septiembre de 2026 a las 16:40:00 UTC-3","casa pia","./explore?q=casa%20pia&geo=BR"
"washington quaquá","200+","6 de septiembre de 2026 a las 8:40:00 UTC-3","6 de septiembre de 2026 a las 10:10:00 UTC-3","washington quaquá","./explore?q=washington%20quaqu%C3%A1&geo=BR"
"odense bk x copenhague","200+","6 de septiembre de 2026 a las 10:50:00 UTC-3","6 de septiembre de 2026 a las 12:10:00 UTC-3","odense bk x copenhague","./explore?q=odense%20bk%20x%20copenhague&geo=BR"
"felipe lima","500+","5 de septiembre de 2026 a las 15:30:00 UTC-3","5 de septiembre de 2026 a las 17:10:00 UTC-3","felipe lima,ufc paris","./explore?q=felipe%20lima&geo=BR"
"celine dion","200+","6 de septiembre de 2026 a las 15:10:00 UTC-3","6 de septiembre de 2026 a las 16:20:00 UTC-3","celine dion","./explore?q=celine%20dion&geo=BR"
"san lorenzo","500+","5 de septiembre de 2026 a las 20:10:00 UTC-3","5 de septiembre de 2026 a las 21:40:00 UTC-3","san lorenzo","./explore?q=san%20lorenzo&geo=BR"
"reach","200+","6 de septiembre de 2026 a las 4:40:00 UTC-3","6 de septiembre de 2026 a las 6:30:00 UTC-3","reach","./explore?q=reach&geo=BR"
"lucas monzón","200+","6 de septiembre de 2026 a las 18:50:00 UTC-3","6 de septiembre de 2026 a las 19:40:00 UTC-3","lucas monzón","./explore?q=lucas%20monz%C3%B3n&geo=BR"
"cusco x cd moquegua","500+","5 de septiembre de 2026 a las 19:30:00 UTC-3","5 de septiembre de 2026 a las 21:10:00 UTC-3","cusco x cd moquegua","./explore?q=cusco%20x%20cd%20moquegua&geo=BR"
"chay suede","200+","6 de septiembre de 2026 a las 15:00:00 UTC-3","6 de septiembre de 2026 a las 16:00:00 UTC-3","chay suede","./explore?q=chay%20suede&geo=BR"
"joey king","200+","6 de septiembre de 2026 a las 23:40:00 UTC-3","7 de septiembre de 2026 a las 0:20:00 UTC-3","joey king","./explore?q=joey%20king&geo=BR"
"barracas central argentinos jrs 06/09/2026","200+","6 de septiembre de 2026 a las 17:50:00 UTC-3","6 de septiembre de 2026 a las 18:50:00 UTC-3","barracas central argentinos jrs 06/09/2026","./explore?q=barracas%20central%20argentinos%20jrs%2006%2F09%2F2026&geo=BR"
"atlas fc","200+","6 de septiembre de 2026 a las 0:30:00 UTC-3","6 de septiembre de 2026 a las 2:40:00 UTC-3","atlas fc","./explore?q=atlas%20fc&geo=BR"
"united fc","200+","6 de septiembre de 2026 a las 11:50:00 UTC-3","6 de septiembre de 2026 a las 13:00:00 UTC-3","united fc,everton - manchester united","./explore?q=united%20fc&geo=BR"
"gil vicente","200+","6 de septiembre de 2026 a las 18:20:00 UTC-3","6 de septiembre de 2026 a las 19:10:00 UTC-3","gil vicente","./explore?q=gil%20vicente&geo=BR"
"beyoncé b'day (20th anniversary deluxe edition)","500+","5 de septiembre de 2026 a las 17:00:00 UTC-3","5 de septiembre de 2026 a las 21:10:00 UTC-3","beyoncé b'day (20th anniversary deluxe edition)","./explore?q=beyonc%C3%A9%20b%27day%20%2820th%20anniversary%20deluxe%20edition%29&geo=BR"
"the strongest","200+","6 de septiembre de 2026 a las 18:40:00 UTC-3","6 de septiembre de 2026 a las 19:30:00 UTC-3","the strongest","./explore?q=the%20strongest&geo=BR"
"emmy","200+","6 de septiembre de 2026 a las 0:00:00 UTC-3","6 de septiembre de 2026 a las 2:50:00 UTC-3","emmy","./explore?q=emmy&geo=BR"
"parana clube","500+","5 de septiembre de 2026 a las 16:40:00 UTC-3","5 de septiembre de 2026 a las 18:20:00 UTC-3","parana clube","./explore?q=parana%20clube&geo=BR"
"classificações de ajax x psv","500+","5 de septiembre de 2026 a las 17:10:00 UTC-3","5 de septiembre de 2026 a las 18:40:00 UTC-3","classificações de ajax x psv","./explore?q=classifica%C3%A7%C3%B5es%20de%20ajax%20x%20psv&geo=BR"
"sergio camello","200+","6 de septiembre de 2026 a las 13:20:00 UTC-3","6 de septiembre de 2026 a las 14:20:00 UTC-3","sergio camello","./explore?q=sergio%20camello&geo=BR"
"st pölten x rb salzburg","200+","6 de septiembre de 2026 a las 12:20:00 UTC-3","6 de septiembre de 2026 a las 13:10:00 UTC-3","st pölten x rb salzburg","./explore?q=st%20p%C3%B6lten%20x%20rb%20salzburg&geo=BR"
"naomi osaka","500+","5 de septiembre de 2026 a las 20:40:00 UTC-3","5 de septiembre de 2026 a las 23:30:00 UTC-3","naomi osaka","./explore?q=naomi%20osaka&geo=BR"
"agatha moreira","500+","5 de septiembre de 2026 a las 22:20:00 UTC-3","5 de septiembre de 2026 a las 23:40:00 UTC-3","agatha moreira","./explore?q=agatha%20moreira&geo=BR"
"nfl schedule this week","200+","6 de septiembre de 2026 a las 4:20:00 UTC-3","6 de septiembre de 2026 a las 6:20:00 UTC-3","nfl schedule this week","./explore?q=nfl%20schedule%20this%20week&geo=BR"
"regis pitbull","200+","6 de septiembre de 2026 a las 23:40:00 UTC-3","7 de septiembre de 2026 a las 0:00:00 UTC-3","regis pitbull","./explore?q=regis%20pitbull&geo=BR"
"cap","200+","6 de septiembre de 2026 a las 17:30:00 UTC-3","6 de septiembre de 2026 a las 18:20:00 UTC-3","cap","./explore?q=cap&geo=BR"
"poppy cantora","500+","5 de septiembre de 2026 a las 20:30:00 UTC-3","5 de septiembre de 2026 a las 21:30:00 UTC-3","poppy cantora,poppy rock in rio","./explore?q=poppy%20cantora&geo=BR"
"paulista futebol clube","200+","6 de septiembre de 2026 a las 8:10:00 UTC-3","6 de septiembre de 2026 a las 9:30:00 UTC-3","paulista futebol clube","./explore?q=paulista%20futebol%20clube&geo=BR"
"golden arrows x sundowns","200+","6 de septiembre de 2026 a las 10:00:00 UTC-3","6 de septiembre de 2026 a las 11:00:00 UTC-3","golden arrows x sundowns","./explore?q=golden%20arrows%20x%20sundowns&geo=BR"
"vct americas","500+","5 de septiembre de 2026 a las 20:00:00 UTC-3","5 de septiembre de 2026 a las 21:10:00 UTC-3","vct americas,loud x nrg","./explore?q=vct%20americas&geo=BR"
"copa santa catarina","200+","5 de septiembre de 2026 a las 16:50:00 UTC-3","5 de septiembre de 2026 a las 18:30:00 UTC-3","copa santa catarina","./explore?q=copa%20santa%20catarina&geo=BR"
"andrés gómez","500+","5 de septiembre de 2026 a las 21:10:00 UTC-3","5 de septiembre de 2026 a las 22:10:00 UTC-3","andrés gómez","./explore?q=andr%C3%A9s%20g%C3%B3mez&geo=BR"
"harvey elliott","200+","6 de septiembre de 2026 a las 12:50:00 UTC-3","6 de septiembre de 2026 a las 13:50:00 UTC-3","harvey elliott","./explore?q=harvey%20elliott&geo=BR"
"russel","200+","6 de septiembre de 2026 a las 11:40:00 UTC-3","6 de septiembre de 2026 a las 12:50:00 UTC-3","russel","./explore?q=russel&geo=BR"
"pedri","200+","6 de septiembre de 2026 a las 13:20:00 UTC-3","6 de septiembre de 2026 a las 14:10:00 UTC-3","pedri","./explore?q=pedri&geo=BR"
"kelly piquet","200+","6 de septiembre de 2026 a las 12:20:00 UTC-3","6 de septiembre de 2026 a las 13:20:00 UTC-3","kelly piquet","./explore?q=kelly%20piquet&geo=BR"
"sabrina sato está grávida de quantos meses","200+","6 de septiembre de 2026 a las 0:10:00 UTC-3","6 de septiembre de 2026 a las 1:20:00 UTC-3","sabrina sato está grávida de quantos meses","./explore?q=sabrina%20sato%20est%C3%A1%20gr%C3%A1vida%20de%20quantos%20meses&geo=BR"
"rbs tv","200+","6 de septiembre de 2026 a las 16:10:00 UTC-3","6 de septiembre de 2026 a las 17:00:00 UTC-3","rbs tv","./explore?q=rbs%20tv&geo=BR"
"oscar piastri","200+","6 de septiembre de 2026 a las 11:30:00 UTC-3","6 de septiembre de 2026 a las 12:20:00 UTC-3","oscar piastri","./explore?q=oscar%20piastri&geo=BR"
"penitenciária","200+","6 de septiembre de 2026 a las 7:50:00 UTC-3","6 de septiembre de 2026 a las 9:20:00 UTC-3","penitenciária","./explore?q=penitenci%C3%A1ria&geo=BR"
"classificações de philadelphia union x cf montréal","200+","5 de septiembre de 2026 a las 23:00:00 UTC-3","6 de septiembre de 2026 a las 0:10:00 UTC-3","classificações de philadelphia union x cf montréal","./explore?q=classifica%C3%A7%C3%B5es%20de%20philadelphia%20union%20x%20cf%20montr%C3%A9al&geo=BR"
"ufc 332","200+","5 de septiembre de 2026 a las 17:10:00 UTC-3","5 de septiembre de 2026 a las 18:40:00 UTC-3","ufc 332","./explore?q=ufc%20332&geo=BR"
"cristiano ronaldo","500+","5 de septiembre de 2026 a las 15:40:00 UTC-3","5 de septiembre de 2026 a las 16:50:00 UTC-3","cristiano ronaldo","./explore?q=cristiano%20ronaldo&geo=BR"
"alpine","200+","6 de septiembre de 2026 a las 10:10:00 UTC-3","6 de septiembre de 2026 a las 11:10:00 UTC-3","alpine","./explore?q=alpine&geo=BR"
"losene keita","200+","5 de septiembre de 2026 a las 16:20:00 UTC-3","5 de septiembre de 2026 a las 17:30:00 UTC-3","losene keita","./explore?q=losene%20keita&geo=BR"
"volkswagen kombi","200+","5 de septiembre de 2026 a las 17:40:00 UTC-3","5 de septiembre de 2026 a las 19:10:00 UTC-3","volkswagen kombi","./explore?q=volkswagen%20kombi&geo=BR"
"coco gauff","500+","5 de septiembre de 2026 a las 17:30:00 UTC-3","5 de septiembre de 2026 a las 18:40:00 UTC-3","coco gauff,cristina bucsa","./explore?q=coco%20gauff&geo=BR"
"noskova","200+","6 de septiembre de 2026 a las 14:50:00 UTC-3","6 de septiembre de 2026 a las 15:40:00 UTC-3","noskova","./explore?q=noskova&geo=BR"
"fc cincinnati dc united 05/09/2026","200+","5 de septiembre de 2026 a las 21:00:00 UTC-3","5 de septiembre de 2026 a las 22:10:00 UTC-3","fc cincinnati dc united 05/09/2026","./explore?q=fc%20cincinnati%20dc%20united%2005%2F09%2F2026&geo=BR"
"lvcas","200+","5 de septiembre de 2026 a las 18:30:00 UTC-3","5 de septiembre de 2026 a las 19:40:00 UTC-3","lvcas","./explore?q=lvcas&geo=BR"
"corrida contra o tempo","200+","5 de septiembre de 2026 a las 22:30:00 UTC-3","5 de septiembre de 2026 a las 23:50:00 UTC-3","corrida contra o tempo","./explore?q=corrida%20contra%20o%20tempo&geo=BR"
"top","200+","6 de septiembre de 2026 a las 12:50:00 UTC-3","6 de septiembre de 2026 a las 13:40:00 UTC-3","top","./explore?q=top&geo=BR"
"cândido mota","200+","6 de septiembre de 2026 a las 14:20:00 UTC-3","6 de septiembre de 2026 a las 15:30:00 UTC-3","cândido mota","./explore?q=c%C3%A2ndido%20mota&geo=BR"
"kerim alajbegović","200+","6 de septiembre de 2026 a las 15:40:00 UTC-3","6 de septiembre de 2026 a las 16:20:00 UTC-3","kerim alajbegović","./explore?q=kerim%20alajbegovi%C4%87&geo=BR"
"classificações de parma calcio 1913 x a.c. monza","200+","6 de septiembre de 2026 a las 12:20:00 UTC-3","6 de septiembre de 2026 a las 13:10:00 UTC-3","classificações de parma calcio 1913 x a.c. monza","./explore?q=classifica%C3%A7%C3%B5es%20de%20parma%20calcio%201913%20x%20a.c.%20monza&geo=BR"
"coyote vs acme","200+","6 de septiembre de 2026 a las 13:10:00 UTC-3","6 de septiembre de 2026 a las 13:50:00 UTC-3","coyote vs acme","./explore?q=coyote%20vs%20acme&geo=BR"
"mercúrio retrógrado","200+","5 de septiembre de 2026 a las 19:40:00 UTC-3","6 de septiembre de 2026 a las 7:50:00 UTC-3","mercúrio retrógrado","./explore?q=merc%C3%BArio%20retr%C3%B3grado&geo=BR"
"nursulton ruziboev","200+","5 de septiembre de 2026 a las 17:30:00 UTC-3","5 de septiembre de 2026 a las 18:50:00 UTC-3","nursulton ruziboev","./explore?q=nursulton%20ruziboev&geo=BR"
"classificações de toronto fc x chicago fire football club","200+","5 de septiembre de 2026 a las 23:10:00 UTC-3","6 de septiembre de 2026 a las 0:10:00 UTC-3","classificações de toronto fc x chicago fire football club","./explore?q=classifica%C3%A7%C3%B5es%20de%20toronto%20fc%20x%20chicago%20fire%20football%20club&geo=BR"
"krakatoa","200+","6 de septiembre de 2026 a las 12:30:00 UTC-3","6 de septiembre de 2026 a las 13:20:00 UTC-3","krakatoa","./explore?q=krakatoa&geo=BR"
"kurtis campbell","500+","5 de septiembre de 2026 a las 16:40:00 UTC-3","5 de septiembre de 2026 a las 17:50:00 UTC-3","kurtis campbell,trevor peek","./explore?q=kurtis%20campbell&geo=BR"
"sevilla - barcelona","200+","5 de septiembre de 2026 a las 15:40:00 UTC-3","5 de septiembre de 2026 a las 16:50:00 UTC-3","sevilla - barcelona","./explore?q=sevilla%20-%20barcelona&geo=BR"
"mario pinto","200+","5 de septiembre de 2026 a las 15:30:00 UTC-3","5 de septiembre de 2026 a las 16:40:00 UTC-3","mario pinto","./explore?q=mario%20pinto&geo=BR"
"groningen x twente","100+","6 de septiembre de 2026 a las 7:50:00 UTC-3","6 de septiembre de 2026 a las 9:00:00 UTC-3","groningen x twente","./explore?q=groningen%20x%20twente&geo=BR"
"al ittihad - al-nassr","200+","5 de septiembre de 2026 a las 15:30:00 UTC-3","5 de septiembre de 2026 a las 16:50:00 UTC-3","al ittihad - al-nassr","./explore?q=al%20ittihad%20-%20al-nassr&geo=BR"
"matanza","200+","6 de septiembre de 2026 a las 0:20:00 UTC-3","6 de septiembre de 2026 a las 1:30:00 UTC-3","matanza","./explore?q=matanza&geo=BR"
"richard rios","200+","5 de septiembre de 2026 a las 16:20:00 UTC-3","5 de septiembre de 2026 a las 17:30:00 UTC-3","richard rios","./explore?q=richard%20rios&geo=BR"
"martinelli","200+","6 de septiembre de 2026 a las 14:30:00 UTC-3","6 de septiembre de 2026 a las 15:00:00 UTC-3","martinelli","./explore?q=martinelli&geo=BR"
"rodrigo mora","200+","5 de septiembre de 2026 a las 16:10:00 UTC-3","5 de septiembre de 2026 a las 17:10:00 UTC-3","rodrigo mora","./explore?q=rodrigo%20mora&geo=BR"
"michael zheng","500+","5 de septiembre de 2026 a las 18:40:00 UTC-3","5 de septiembre de 2026 a las 19:30:00 UTC-3","michael zheng,arthur gea","./explore?q=michael%20zheng&geo=BR"
"fogo","200+","5 de septiembre de 2026 a las 16:30:00 UTC-3","5 de septiembre de 2026 a las 17:30:00 UTC-3","fogo","./explore?q=fogo&geo=BR"
"loud valorant","200+","5 de septiembre de 2026 a las 20:10:00 UTC-3","5 de septiembre de 2026 a las 21:10:00 UTC-3","loud valorant","./explore?q=loud%20valorant&geo=BR"
"setlist bad omens rock in rio 2026","200+","5 de septiembre de 2026 a las 23:20:00 UTC-3","6 de septiembre de 2026 a las 0:20:00 UTC-3","setlist bad omens rock in rio 2026","./explore?q=setlist%20bad%20omens%20rock%20in%20rio%202026&geo=BR"
"esporte clube juventude","200+","5 de septiembre de 2026 a las 18:40:00 UTC-3","5 de septiembre de 2026 a las 19:40:00 UTC-3","esporte clube juventude","./explore?q=esporte%20clube%20juventude&geo=BR"
"johnsons","100+","6 de septiembre de 2026 a las 5:20:00 UTC-3","6 de septiembre de 2026 a las 6:20:00 UTC-3","johnsons","./explore?q=johnsons&geo=BR"
"atlético san luis x guadalajara","200+","5 de septiembre de 2026 a las 20:00:00 UTC-3","5 de septiembre de 2026 a las 20:50:00 UTC-3","atlético san luis x guadalajara","./explore?q=atl%C3%A9tico%20san%20luis%20x%20guadalajara&geo=BR"
"ação coletiva","200+","6 de septiembre de 2026 a las 15:30:00 UTC-3","6 de septiembre de 2026 a las 16:10:00 UTC-3","ação coletiva","./explore?q=a%C3%A7%C3%A3o%20coletiva&geo=BR"
"daniil donchenko","500+","5 de septiembre de 2026 a las 17:20:00 UTC-3","5 de septiembre de 2026 a las 18:10:00 UTC-3","daniil donchenko,punahele soriano","./explore?q=daniil%20donchenko&geo=BR"
"classificações de st mirren x celtic","200+","5 de septiembre de 2026 a las 18:30:00 UTC-3","5 de septiembre de 2026 a las 19:20:00 UTC-3","classificações de st mirren x celtic","./explore?q=classifica%C3%A7%C3%B5es%20de%20st%20mirren%20x%20celtic&geo=BR"
"william, príncipe de gales","100+","6 de septiembre de 2026 a las 8:00:00 UTC-3","6 de septiembre de 2026 a las 8:50:00 UTC-3","william, príncipe de gales","./explore?q=william%2C%20pr%C3%ADncipe%20de%20gales&geo=BR"
"bruno santos","200+","6 de septiembre de 2026 a las 13:30:00 UTC-3","6 de septiembre de 2026 a las 14:00:00 UTC-3","bruno santos","./explore?q=bruno%20santos&geo=BR"
"stock market news today","100+","6 de septiembre de 2026 a las 5:50:00 UTC-3","6 de septiembre de 2026 a las 6:50:00 UTC-3","stock market news today","./explore?q=stock%20market%20news%20today&geo=BR"
"nice","200+","5 de septiembre de 2026 a las 17:30:00 UTC-3","5 de septiembre de 2026 a las 18:40:00 UTC-3","nice","./explore?q=nice&geo=BR"
"o.b.","100+","6 de septiembre de 2026 a las 6:40:00 UTC-3","6 de septiembre de 2026 a las 7:40:00 UTC-3","o.b.","./explore?q=o.b.&geo=BR"
"hertha berlin","100+","6 de septiembre de 2026 a las 9:00:00 UTC-3","6 de septiembre de 2026 a las 10:10:00 UTC-3","hertha berlin","./explore?q=hertha%20berlin&geo=BR"
"tabela do brasileirão série b","500+","5 de septiembre de 2026 a las 20:30:00 UTC-3","5 de septiembre de 2026 a las 21:10:00 UTC-3","tabela do brasileirão série b","./explore?q=tabela%20do%20brasileir%C3%A3o%20s%C3%A9rie%20b&geo=BR"
"twente","100+","6 de septiembre de 2026 a las 9:00:00 UTC-3","6 de septiembre de 2026 a las 9:50:00 UTC-3","twente","./explore?q=twente&geo=BR"
"sorana cîrstea","200+","6 de septiembre de 2026 a las 20:40:00 UTC-3","6 de septiembre de 2026 a las 21:00:00 UTC-3","sorana cîrstea","./explore?q=sorana%20c%C3%AErstea&geo=BR"
"internazionale","200+","5 de septiembre de 2026 a las 14:50:00 UTC-3","5 de septiembre de 2026 a las 16:00:00 UTC-3","internazionale","./explore?q=internazionale&geo=BR"
"club de deportes la serena x ñublense","200+","6 de septiembre de 2026 a las 12:30:00 UTC-3","6 de septiembre de 2026 a las 13:00:00 UTC-3","club de deportes la serena x ñublense","./explore?q=club%20de%20deportes%20la%20serena%20x%20%C3%B1ublense&geo=BR"
"classificações de marítimo x benfica","500+","5 de septiembre de 2026 a las 16:30:00 UTC-3","5 de septiembre de 2026 a las 17:10:00 UTC-3","classificações de marítimo x benfica,liga portugal,benfica x","./explore?q=classifica%C3%A7%C3%B5es%20de%20mar%C3%ADtimo%20x%20benfica&geo=BR"
"sportivo trinidense - olimpia","200+","6 de septiembre de 2026 a las 10:20:00 UTC-3","6 de septiembre de 2026 a las 10:50:00 UTC-3","sportivo trinidense - olimpia","./explore?q=sportivo%20trinidense%20-%20olimpia&geo=BR"
"taís araújo","200+","6 de septiembre de 2026 a las 0:50:00 UTC-3","6 de septiembre de 2026 a las 1:30:00 UTC-3","taís araújo","./explore?q=ta%C3%ADs%20ara%C3%BAjo&geo=BR"
"gustavo santana","200+","5 de septiembre de 2026 a las 19:10:00 UTC-3","5 de septiembre de 2026 a las 20:00:00 UTC-3","gustavo santana","./explore?q=gustavo%20santana&geo=BR"
"artificial intelligence news","100+","6 de septiembre de 2026 a las 5:10:00 UTC-3","6 de septiembre de 2026 a las 6:00:00 UTC-3","artificial intelligence news","./explore?q=artificial%20intelligence%20news&geo=BR"
"br-459","200+","6 de septiembre de 2026 a las 18:50:00 UTC-3","6 de septiembre de 2026 a las 19:10:00 UTC-3","br-459","./explore?q=br-459&geo=BR"
"petróleo","200+","6 de septiembre de 2026 a las 16:10:00 UTC-3","6 de septiembre de 2026 a las 16:30:00 UTC-3","petróleo","./explore?q=petr%C3%B3leo&geo=BR"
"pavel andrusca","200+","5 de septiembre de 2026 a las 14:50:00 UTC-3","5 de septiembre de 2026 a las 15:40:00 UTC-3","pavel andrusca","./explore?q=pavel%20andrusca&geo=BR"
"marie bouzková","200+","5 de septiembre de 2026 a las 17:10:00 UTC-3","5 de septiembre de 2026 a las 18:00:00 UTC-3","marie bouzková","./explore?q=marie%20bouzkov%C3%A1&geo=BR"
"system of a down johnny","200+","5 de septiembre de 2026 a las 17:40:00 UTC-3","5 de septiembre de 2026 a las 18:50:00 UTC-3","system of a down johnny","./explore?q=system%20of%20a%20down%20johnny&geo=BR"
"matheus gonçalves","200+","5 de septiembre de 2026 a las 15:30:00 UTC-3","5 de septiembre de 2026 a las 16:30:00 UTC-3","matheus gonçalves","./explore?q=matheus%20gon%C3%A7alves&geo=BR"
"bacabal","200+","5 de septiembre de 2026 a las 15:30:00 UTC-3","5 de septiembre de 2026 a las 16:20:00 UTC-3","bacabal","./explore?q=bacabal&geo=BR"
"muhammad naimov","200+","5 de septiembre de 2026 a las 16:30:00 UTC-3","5 de septiembre de 2026 a las 17:10:00 UTC-3","muhammad naimov","./explore?q=muhammad%20naimov&geo=BR"
"previsão do tempo ribeirão preto","200+","5 de septiembre de 2026 a las 16:30:00 UTC-3","5 de septiembre de 2026 a las 17:10:00 UTC-3","previsão do tempo ribeirão preto","./explore?q=previs%C3%A3o%20do%20tempo%20ribeir%C3%A3o%20preto&geo=BR"
"josé dirceu","200+","5 de septiembre de 2026 a las 15:10:00 UTC-3","5 de septiembre de 2026 a las 16:00:00 UTC-3","josé dirceu","./explore?q=jos%C3%A9%20dirceu&geo=BR"
"vasco fc","200+","5 de septiembre de 2026 a las 23:10:00 UTC-3","5 de septiembre de 2026 a las 23:30:00 UTC-3","vasco fc","./explore?q=vasco%20fc&geo=BR"
"jakub mensik","100+","6 de septiembre de 2026 a las 1:00:00 UTC-3","6 de septiembre de 2026 a las 1:50:00 UTC-3","jakub mensik","./explore?q=jakub%20mensik&geo=BR"
"taylor fritz","200+","5 de septiembre de 2026 a las 16:10:00 UTC-3","5 de septiembre de 2026 a las 17:00:00 UTC-3","taylor fritz","./explore?q=taylor%20fritz&geo=BR"
"kashima antlers x urawa reds","100+","6 de septiembre de 2026 a las 7:50:00 UTC-3","6 de septiembre de 2026 a las 8:30:00 UTC-3","kashima antlers x urawa reds","./explore?q=kashima%20antlers%20x%20urawa%20reds&geo=BR"
"indústria","100+","6 de septiembre de 2026 a las 8:50:00 UTC-3","6 de septiembre de 2026 a las 9:20:00 UTC-3","indústria","./explore?q=ind%C3%BAstria&geo=BR"
"alejo véliz","200+","5 de septiembre de 2026 a las 17:20:00 UTC-3","5 de septiembre de 2026 a las 17:50:00 UTC-3","alejo véliz","./explore?q=alejo%20v%C3%A9liz&geo=BR"
"propina","100+","6 de septiembre de 2026 a las 13:00:00 UTC-3","6 de septiembre de 2026 a las 13:20:00 UTC-3","propina","./explore?q=propina&geo=BR"
"dominik livaković","100+","6 de septiembre de 2026 a las 12:10:00 UTC-3","6 de septiembre de 2026 a las 12:30:00 UTC-3","dominik livaković","./explore?q=dominik%20livakovi%C4%87&geo=BR"
"lewandowski","100+","6 de septiembre de 2026 a las 13:20:00 UTC-3","6 de septiembre de 2026 a las 13:40:00 UTC-3","lewandowski","./explore?q=lewandowski&geo=BR"
"elena rybakina","200+","5 de septiembre de 2026 a las 23:30:00 UTC-3","5 de septiembre de 2026 a las 23:50:00 UTC-3","elena rybakina","./explore?q=elena%20rybakina&geo=BR"
"píer","100+","6 de septiembre de 2026 a las 13:10:00 UTC-3","6 de septiembre de 2026 a las 13:30:00 UTC-3","píer","./explore?q=p%C3%ADer&geo=BR"
"harry kane","100+","5 de septiembre de 2026 a las 15:40:00 UTC-3","5 de septiembre de 2026 a las 16:10:00 UTC-3","harry kane","./explore?q=harry%20kane&geo=BR"
"danubio - peñarol","100+","5 de septiembre de 2026 a las 15:30:00 UTC-3","5 de septiembre de 2026 a las 16:00:00 UTC-3","danubio - peñarol","./explore?q=danubio%20-%20pe%C3%B1arol&geo=BR"
"primetime","200+","5 de septiembre de 2026 a las 22:30:00 UTC-3","5 de septiembre de 2026 a las 22:50:00 UTC-3","primetime","./explore?q=primetime&geo=BR"
"al-nassr football club","100+","5 de septiembre de 2026 a las 16:00:00 UTC-3","5 de septiembre de 2026 a las 16:20:00 UTC-3","al-nassr football club","./explore?q=al-nassr%20football%20club&geo=BR"
"iate","100+","5 de septiembre de 2026 a las 16:20:00 UTC-3","5 de septiembre de 2026 a las 16:40:00 UTC-3","iate","./explore?q=iate&geo=BR"