"Tendencias","Volumen de búsquedas","Inicio","Finalizada","Desglose de tendencias","Enlace a Explorar"
"powerball winner","2 M+","13 de agosto de 2026 a las 0:20:00 UTC-3",,"powerball winner,powerball,powerball drawing,powerball numbers,who won the powerball,lottery powerball jackpot winner,powerball winning numbers,powerball numbers for 8/12/26,when is the next powerball drawing,quincy illinois,who won the powerball last night,did anyone win the powerball,power ball drawing,winning powerball numbers,lottery powerball jackpot,did anyone win the powerball last night,powerball grand prize tax impact,power ball,illinois powerball jackpot,did someone win the powerball,where was the winning powerball ticket sold,next powerball drawing,powerball winner last night,where was the powerball won,powerball jackpot,lottery powerball,powerball drawing tonight,who won powerball,powerball winning numbers tonight,powerball number,when is the powerball drawing,powerball numbers last night,powerball results,did anyone win the powerball tonight,when is powerball drawing,lottery numbers,powerball numbers tonight,did someone win the powerball last night,power ball numbers,how much is a powerball ticket,who won powerball last night,illinois lottery,what time is the powerball drawing,lottery,where was the powerball won?,powerball winning numbers last night,georgia lottery powerball winners,august 12 2026 powerball winner,did anyone win powerball,powerball winning numbers august 2026,florida lottery,maine lottery,michigan lottery,winning powerball numbers last night,did anyone win powerball last night,what time is the powerball drawing tonight,california lottery $820k prize,quincy il,what time is powerball drawing,power ball winner,ca lottery,powerball numbers from last night,nj lottery,where was the winning powerball ticket sold?,lottery winner,powerball winners,what state won the powerball,how much are powerball tickets,ga lottery,powerball numbers for last night,ohio lottery,california lottery,check powerball numbers,powerball numbers 8/12/26,mass lottery,powerball winner today,did anybody win the powerball last night,where was winning powerball ticket sold,powerball drawing time,georgia lottery,powerball winning number,ct lottery,where was the powerball won last night,florida powerball,was there a powerball winner last night,last nights powerball numbers,nylottery,powerball august 12 2026,where was powerball won,fl lottery,powerball 8/12/26,nys lottery,was there a powerball winner,drawing,what were the powerball numbers last night,powerball live drawing,powerball drawing live,new york lottery,last night's powerball numbers,powerball nj,powerball cutoff time,where in illinois was the powerball won,winning powerball ticket,when does powerball draw,did anybody win the powerball,tonight's powerball numbers,powerball numbers for tonight,lotto powerball,powerball payout,nc powerball numbers,live powerball drawing,where to watch powerball drawing,lotto winning numbers,last night powerball numbers,powerball numbers tonight live,illinois,anyone win powerball,powerball last night,powerball numbers august 10 2026,where was powerball won last night,powerball tonight,nj powerball,what are the powerball numbers for tonight,texas lottery,ny lottery,lottery tonight,powerball numbers for 8/10/26,powerball drawing numbers,tonights powerball winning numbers,powerball numbers today,what are the powerball numbers,did anyone hit the powerball last night,florida lotto,where was the winning powerball sold,how late can you buy a powerball ticket,did anyone win powerball tonight,ky lottery","./explore?q=powerball%20winner&geo=US"
"josh kushner","1 M+","12 de agosto de 2026 a las 11:00:00 UTC-3","14 de agosto de 2026 a las 22:30:00 UTC-3","josh kushner,bob iger,mark walter,lakers,joshua kushner,bob iger net worth,lakers sold,karlie kloss,josh kushner net worth,who is josh kushner,lakers sale,willow bay,lakers ownership change,who bought the lakers,lakers news,is josh kushner related to jared kushner,la lakers,los angeles lakers,kushner,mark walter investigation,thrive capital,dodgers,who is bob iger,josh kushner wife,jeanie buss,josh kushner politics,magic johnson,kushner lakers,bob iger disney,bob iger lakers,charles kushner,josh kushner related to jared,lakers owner,josh kushner and bob iger,lakers being sold,los angeles dodgers,josh kushner lakers,mark walter lakers,la dodgers,how much did mark walter pay for the lakers,who owns the lakers,josh kush er,la sparks,disney ceo,josh kushner trump,joshua kushner net worth,kushner family,josh kushner bob iger,who is joshua kushner,dodgers owner,josh kushner brother","./explore?q=josh%20kushner&geo=US"
"solar eclipse 2026","1 M+","9 de agosto de 2026 a las 9:50:00 UTC-3","13 de agosto de 2026 a las 19:10:00 UTC-3","solar eclipse 2026,eclipse august 2026,solar eclipse,eclipse,solar eclipse august 2026,what time is the solar eclipse on august 12,when is the solar eclipse,solar eclipses,eclipse today,total solar eclipse 2026,what time is the eclipse today,is there a solar eclipse on august 12 2026,solar eclipse today,when is the next solar eclipse,eclipse solar,when is the solar eclipse 2026,is there an eclipse today,when is the eclipse,august 12 solar eclipse,solar eclipse 2026 time,what time is the solar eclipse,is there a solar eclipse today,what time is the solar eclipse today,partial solar eclipse 2026,when is the eclipse today,total solar eclipse 2026 path,what time is the eclipse,eclipse 2026,total eclipse 2026,solar eclipse of august 12, 2026,eclipse time,solar eclipse of august 12 2026,when is the solar eclipse today,eclipse august 2026 time,solar eclipse time,was there a solar eclipse today,what time will the solar eclipse happen,can you see the eclipse in the us,total solar eclipse,solar eclipse 2026 north america,total solar eclipses,skyward,eclipse path,total solar eclipse august 12 2026,when is solar eclipse 2026,next solar eclipse,can i see the eclipse from my location,eclipse tomorrow,total eclipse,where is the solar eclipse in 2026,what time is the eclipse on wednesday,eclipse map,solar eclipse path,solar eclipse map,august 12,what time is the eclipse tomorrow,what time is the solar eclipse on august 12 2026,is the solar eclipse visible in usa,earth,partial eclipse 2026,partial solar eclipse,when is the eclipse in august,2026 solar eclipse,solar eclipse live,eclipse live,when will the solar eclipse happen,when was the last solar eclipse,can i see the solar eclipse from my location,solar eclipse tracker,2026 total solar eclipse,when is the solar eclipse time,next total solar eclipse,next total solar eclipse in usa,nasa eclipse live stream,solar exlipse,partial eclipse,you,what time does the solar eclipse start,when does the solar eclipse happen,united states map","./explore?q=solar%20eclipse%202026&geo=US"
"prichard colon","500 mil+","13 de agosto de 2026 a las 11:40:00 UTC-3",,"prichard colon,terrel williams boxer,terrel williams,boxer prichard colón passing,prichard colón,richard colón,prichard colon how did he die,terrell williams boxer,richard colon,prichard colon cause of death,pritchard colón,how did prichard colon pass,prichard colon what happened,how did prichard colon pass away,prichard colon now","./explore?q=prichard%20colon&geo=US"
"karoline leavitt","500 mil+","12 de agosto de 2026 a las 16:30:00 UTC-3",,"karoline leavitt,caroline leavitt,karoline leavitt leaving white house,karoline leavitt husband,scott jennings,karoline leavitt leaving,scott,was karoline leavitt on the decoy plane,alina habba,nicholas riccio,press secretary,leavitt,white house press secretary,nicki minaj,karoline levitt,why is karoline leavitt leaving,karoline leavitt decoy plane,why is karoline leavitt resigning,karoline leavitt press secretary departure,did karoline leavitt just quit,new white house press secretary,why is karoline leavitt out,karoline leavitt white house departure","./explore?q=karoline%20leavitt&geo=US"
"colombia earthquake","500 mil+","10 de agosto de 2026 a las 9:40:00 UTC-3",,"colombia earthquake,colombia,columbia earthquake,earthquake colombia,colombia earthquake today,colombia earthquakes,earthquake,earthquake in colombia today,earthquake in colombia,venezuela earthquake,earthquake today,colombia news,earthquakes,earthquake now,earthquake colombia today,what happened in colombia,earthquake in columbia,bogota earthquake,colombia map,earthquakes today,cali colombia earthquake,bogota,earthquake columbia,earthquake near me,ecuador,medellin earthquake,earth quake,choco colombia,temblor,columbia country,where was the earthquake in colombia,earthquake medellin,7.4 earthquake,earthquake today colombia,bogota earthquake today,earthquake in colombia just now,world news,earthquake in columbia today","./explore?q=colombia%20earthquake&geo=US"
"raiders","500 mil+","12 de agosto de 2026 a las 23:50:00 UTC-3",,"raiders,mariners vs yankees,chargers,mystics vs aces,chargers vs texans,patriots score,texans vs chargers,raiders score,bengals score,arizona cardinals vs las vegas raiders match player stats,lions score,texans score,indianapolis colts vs new england patriots match player stats,detroit lions vs bengals match player stats","./explore?q=raiders&geo=US"
"nfl scores","500 mil+","13 de agosto de 2026 a las 20:10:00 UTC-3",,"nfl scores,nfl preseason,nfl,nfl preseason games,nfl schedule,football games today,patriots schedule,nfl preseason schedule,nfl plus,espn unlimited,preseason football,preseason games today,nfl today,bengals schedule,how to watch nfl preseason games,preseason football schedule,where to watch nfl preseason,nfl scores today,football tonight,nfl preseason games today,pre season football,nfl schedule 2026,espn nfl scores,preseason games,how to watch preseason nfl games,nfl preseason tv schedule,where can i watch preseason football,where can i watch nfl preseason games,football games","./explore?q=nfl%20scores&geo=US"
"meteor shower august 12","500 mil+","11 de agosto de 2026 a las 1:20:00 UTC-3","13 de agosto de 2026 a las 12:10:00 UTC-3","meteor shower august 12,meteor shower tonight,perseids meteor shower,what time is the meteor shower tonight,perseid meteor shower 2026,when is the meteor shower,perseid meteor shower,is there a meteor shower tonight,when is the meteor shower tonight,meteor shower tonight: what time,can i see the meteor shower from my location,when does the meteor shower start,shooting stars tonight,what time does the meteor shower start,august 12 meteor shower,can you see the meteor shower tonight,perseid meteor shower where to look,what direction is the meteor shower tonight,meteor shower tonight near me,best time to see meteor shower,perseids,what time is meteor shower tonight,meteor shower august 12 time,is the meteor shower happening right now,perseid meteor showers,perseids meteor showers,when will the meteor shower happen,is the meteor shower tonight,when can i see the meteor shower,what time is the meteor shower,metor shower,where is the meteor shower visible,what time will the meteor shower happen,meteor,what does a meteor shower look like,when does the meteor shower start tonight,where can i see the meteor shower tonight,will i be able to see the meteor shower tonight,meteor shower california,where can you see the meteor shower,what time is the meteor shower on august 12,meteor shower august 2026,what direction to look for meteor shower,what time does the meteor shower start tonight,meteor shower hawaii,meteor shower time,perseid meteor shower 2026 peak,solar eclipse perseid meteor shower,when is meteor shower tonight,will i be able to see the meteor shower,planet weather,meteor shower live,where to see meteor shower august 12,perseids meteor shower 2026,planet alignment august 12,best time to see the meteor shower tonight,meteor shower,when is the meteor shower august 12,has the meteor shower started,meteor shower today,planetary alignment 2026","./explore?q=meteor%20shower%20august%2012&geo=US"
"wisconsin governor race","500 mil+","11 de agosto de 2026 a las 8:30:00 UTC-3","13 de agosto de 2026 a las 10:40:00 UTC-3","wisconsin governor race,david crowley,wisconsin primary,francesca hong,wisconsin election results,wisconsin primary 2026,wisconsin primary election results,hong wisconsin,wisconsin primary results,hong,wisconsin governor primary,tom tiffany,wi election results,wisconsin democratic primary governor,wi governor race,wisconsin,wisconsin election,crowley wisconsin,crowley vs hong,david crowley wisconsin,election results wisconsin,wi primary election 2026 results,wisconsin governor,crowley,kelda roys,wi primary results,who won wisconsin primary,david crowley aipac,governor race wisconsin,wisconsin governor election results,wi primary,did hong win in wisconsin,primary election,david crowley vs francesca hong,myvote wi,wisconsin elections 2026,primary results,wi primary election candidates 2026,primary results today,wisconsin election results today,elections today,who won the wisconsin primary,primaries today,hong vs crowley,my vote wi,tony evers,did hong win,wisconsin democratic primary,francesca hong democratic primary,francesca hong thanksgiving,wisconsin polls,wi elections 2026,did francesca hong win,democratic primary wisconsin,to,and","./explore?q=wisconsin%20governor%20race&geo=US"
"singer","500 mil+","8 de agosto de 2026 a las 19:40:00 UTC-3","11 de agosto de 2026 a las 21:20:00 UTC-3","singer","./explore?q=singer&geo=US"
"louisiana vibrio vulnificus outbreak","500 mil+","8 de agosto de 2026 a las 7:30:00 UTC-3","10 de agosto de 2026 a las 12:40:00 UTC-3","louisiana vibrio vulnificus outbreak,vibrio vulnificus,louisiana gulf coast vibrio bacteria,louisiana flesh eating bacteria alert","./explore?q=louisiana%20vibrio%20vulnificus%20outbreak&geo=US"
"brewers vs dodgers","200 mil+","13 de agosto de 2026 a las 22:10:00 UTC-3",,"brewers vs dodgers,brewers - dodgers,yoshinobu yamamoto,robert gasser,dodgers vs brewers,brewers dodgers game,brewers,milwaukee brewers,dodgers game,dodgers schedule,los angeles dodgers,dodger game,brewers game","./explore?q=brewers%20vs%20dodgers&geo=US"
"reacher season 4","200 mil+","11 de agosto de 2026 a las 14:50:00 UTC-3",,"reacher season 4,reacher season 4 cast,agnez mo,reacher season 4 release date,jack reacher season 4,jack reacher season 4 release,cast of reacher season 4,reacher season 4 release dates","./explore?q=reacher%20season%204&geo=US"
"jenna ortega","200 mil+","11 de agosto de 2026 a las 10:40:00 UTC-3",,"jenna ortega,jenna ortega weight loss,jenna ortega 2026,jenna ortega now","./explore?q=jenna%20ortega&geo=US"
"jason arday","200 mil+","14 de agosto de 2026 a las 16:30:00 UTC-3",,"jason arday,jason arday cambridge,jason arday news,cambridge professor,jason arday found dead,the new york times,arday,ex cambridge professor,plagiarism,jason arday dead,jason arday wife","./explore?q=jason%20arday&geo=US"
"wings vs fever","200 mil+","14 de agosto de 2026 a las 19:30:00 UTC-3",,"wings vs fever,tyasha harris,indiana fever,fever game,fever vs wings,paige bueckers,where to watch dallas wings vs indiana fever,kelsey mitchell,fever wnba,wings vs fever where to watch,arike ogunbowale,fever,alysha clark,fever game today,dallas wings vs indiana fever match player stats,fever score,aliyah boston,dallas wings,fever game tonight,fever schedule,caitlin clark stats","./explore?q=wings%20vs%20fever&geo=US"
"egg recall","200 mil+","13 de agosto de 2026 a las 21:10:00 UTC-3",,"egg recall,fda class i egg recall,class i salmonella egg recall,eggs recalled salmonella,egg recall august 2026,eggs recalled,fda class i egg risk,fda midwest poultry services egg recall,class 1 fda egg recall,class i fda egg recall,recalled eggs,egg recall brands","./explore?q=egg%20recall&geo=US"
"luigi mangione","200 mil+","11 de agosto de 2026 a las 8:40:00 UTC-3",,"luigi mangione,brian thompson,luigi mangione update,luigi mangione plea deal,mangione,united healthcare,paulette thompson,mangione plea deal,why did luigi mangione kill brian thompson,shannon bream,mangione trial,brian thompson family,unitedhealthcare","./explore?q=luigi%20mangione&geo=US"
"terremoto","200 mil+","9 de agosto de 2026 a las 17:00:00 UTC-3",,"terremoto,terremoto en indonesia,terremoto en indonesia hoy","./explore?q=terremoto&geo=US"
"russell westbrook","200 mil+","12 de agosto de 2026 a las 15:30:00 UTC-3",,"russell westbrook,westbrook,russell westbrook retirement,did russell westbrook retire,russell westbrook stats,russel westbrook,is russell westbrook retiring,how old is russell westbrook,did westbrook retire,did russell westbrook retire from the nba,westbrook retired,westbrook retire,russell westbrook retirement video,russ westbrook,nba news,russell westbrook net worth","./explore?q=russell%20westbrook&geo=US"
"uss abraham lincoln","200 mil+","11 de agosto de 2026 a las 23:00:00 UTC-3",,"uss abraham lincoln,uss lincoln,sailors jumping overboard,uss abraham lincoln operational deployment,navy uss abraham lincoln deployment,sailor,navy sailors uss abraham lincoln,uss abraham lincoln aircraft carrier,uss lincoln conditions,uss abraham lincoln brawl,conditions aboard uss abraham lincoln,uss abraham lincoln morale issues,david muir,uss abraham lincoln (cvn-72),lincoln,uss abraham lincoln fight","./explore?q=uss%20abraham%20lincoln&geo=US"
"lucy davis","200 mil+","11 de agosto de 2026 a las 13:30:00 UTC-3",,"lucy davis,lucy davis the office,breast cancer","./explore?q=lucy%20davis&geo=US"
"field of dreams","200 mil+","12 de agosto de 2026 a las 19:50:00 UTC-3",,"field of dreams,phillies vs twins,field of dreams game 2026,field of dreams game,kyle schwarber,games,phillies - twins,twins,minnesota twins,mn twins,field of dreams stadium,kevin costner,where is the field of dreams,twins game,where is the field of dreams game,phillies game today,phillies field of dreams game,mlb field of dreams game,phillies field of dreams jersey,twins baseball,phillies schedule,twins game today,phillies game,steve carlton,field of dreams game 2026 time,jhoan duran,mlb field of dreams game 2026,field of dreams field","./explore?q=field%20of%20dreams&geo=US"
"google pixel 11 pro phones","200 mil+","14 de agosto de 2026 a las 13:40:00 UTC-3",,"google pixel 11 pro phones,pixel 11 pro,google store,pixel 11,google pixel,google pixel 11,google,pixel,smartphone,google pixel 11 pro,google pixel 11 pro xl","./explore?q=google%20pixel%2011%20pro%20phones&geo=US"
"bengals","200 mil+","13 de agosto de 2026 a las 6:40:00 UTC-3","14 de agosto de 2026 a las 23:20:00 UTC-3","bengals,detroit lions,lions,lions vs bengals,nfl games today,bengals game,lions game,cincinnati bengals,joe flacco,bengals vs detroit lions,lions game today,nfl games tonight,lions schedule,bengals vs lions,lions preseason game,where to watch bengals vs detroit lions,jacob saylors,bengals preseason,detroit lions vs bengals,lions bengals,lions preseason,sean clifford,bengals game today,detroit lions schedule,bengals lions,where to watch detroit lions vs bengals,how to watch bengals preseason game,where to watch lions preseason game,how to watch lions vs bengals,bengals game tonight,lions football,lions vs bengals preseason,nfl.com,nfl app,lions vs bengals where to watch,bengals schedule 2026,ja'marr chase,kendall milton,how to watch lions preseason game,where to watch lions game","./explore?q=bengals&geo=US"
"packers","200 mil+","13 de agosto de 2026 a las 8:00:00 UTC-3","14 de agosto de 2026 a las 14:30:00 UTC-3","packers,steelers game,packers vs steelers,green bay packers,steelers schedule,steelers vs packers,packers game,packers schedule,packer game,packers score,steelers game today,steelers depth chart,preseason,packers steelers,steelers packers,steelers preseason,green bay packers vs pittsburgh steelers,steelers roster,travis homer,green bay packers schedule,packers game today,where to watch steelers preseason game,damien martinez,packers preseason,green bay packers jordan love,jaylen warren,steelers preseason schedule,steelers coach,where to watch pittsburgh steelers vs green bay packers,where to watch packers vs steelers,nfl pre season,steeler game,steelers preseason game,packer game today,greenbay packers game,how to watch packers vs steelers","./explore?q=packers&geo=US"
"taylor farms jalapeño recall salmonella","200 mil+","12 de agosto de 2026 a las 19:30:00 UTC-3","14 de agosto de 2026 a las 19:30:00 UTC-3","taylor farms jalapeño recall salmonella,taylor farms,usda salmonella jalapeño meat alert,product recall,taylor farms recall,taylor farms salmonella recall,salmonella,taylor farms salsa recall,taylor farms salsa,fsis meat poultry salmonella alert,jalapeno recall,taylor farms produce recalls,usda salmonella jalapeno meat alert,jalapeno salmonella,jewel-osco salsa salmonella recall,taylor farms salsa guacamole recall,food","./explore?q=taylor%20farms%20jalape%C3%B1o%20recall%20salmonella&geo=US"
"meteor shower","200 mil+","10 de agosto de 2026 a las 21:30:00 UTC-3","14 de agosto de 2026 a las 8:00:00 UTC-3","meteor shower","./explore?q=meteor%20shower&geo=US"
"royals vs dodgers","200 mil+","10 de agosto de 2026 a las 22:20:00 UTC-3","13 de agosto de 2026 a las 22:30:00 UTC-3","royals vs dodgers,royals,dodgers game,dodger game,kc royals,jack dreyer,kansas city royals,dodgers games","./explore?q=royals%20vs%20dodgers&geo=US"
"cubs vs nationals","200 mil+","11 de agosto de 2026 a las 18:50:00 UTC-3","14 de agosto de 2026 a las 8:30:00 UTC-3","cubs vs nationals","./explore?q=cubs%20vs%20nationals&geo=US"
"rep. john larson primary election","200 mil+","12 de agosto de 2026 a las 19:50:00 UTC-3","14 de agosto de 2026 a las 15:00:00 UTC-3","rep. john larson primary election,2026 house incumbent primary losses,2026 us house incumbent primary defeats","./explore?q=rep.%20john%20larson%20primary%20election&geo=US"
"psg vs aston villa","200 mil+","11 de agosto de 2026 a las 16:20:00 UTC-3","13 de agosto de 2026 a las 11:10:00 UTC-3","psg vs aston villa,uefa super cup,psg - aston villa,super cup,psg vs,aston villa vs psg,supercup,psg aston villa,psg vs. aston villa,uefa champions league,khvicha kvaratskhelia,kvaratskhelia,aston villa","./explore?q=psg%20vs%20aston%20villa&geo=US"
"red sox vs blue jays","200 mil+","10 de agosto de 2026 a las 19:10:00 UTC-3","14 de agosto de 2026 a las 8:40:00 UTC-3","red sox vs blue jays,caleb durbin,payton tolle,blue","./explore?q=red%20sox%20vs%20blue%20jays&geo=US"
"lindsay clancy case","200 mil+","10 de agosto de 2026 a las 12:10:00 UTC-3","13 de agosto de 2026 a las 17:00:00 UTC-3","lindsay clancy case,jennifer tufts,clancy trial day 12,clancy case,lindsay clancy husband new wife,lindsay clancy trial day 14,lindsay clancy trial live,clancy trial day 11,trial,what time does the lindsay clancy trial start today,lindsay clancy trial day 13,lindsay clancy live,lindsay clancy day 13,lindsay clancy trial day 11,kevin reddington,lindsay clancy trial day 12","./explore?q=lindsay%20clancy%20case&geo=US"
"dijonai carrington","200 mil+","8 de agosto de 2026 a las 16:50:00 UTC-3","13 de agosto de 2026 a las 15:50:00 UTC-3","dijonai carrington,dijonai carrington fan removal,dijonai carrington sophie cunningham,dijonai carrington foul sophie cunningham,valkyries,carrington basketball wnba,sophie cunningham,carrington foul on cunningham,chicago sky,sophie cunningham wnba flagrant foul,emmanuel acho,dijonai carrington technical foul,fever,cindy brunson,sophie cunningham flagrant foul wnba,sydney colson,dijonai carrington ejected,carrington cunningham altercation wnba,fever wnba,flagrant 2 foul,riley gaines,white","./explore?q=dijonai%20carrington&geo=US"
"phillies vs cardinals","200 mil+","10 de agosto de 2026 a las 19:50:00 UTC-3","13 de agosto de 2026 a las 0:00:00 UTC-3","phillies vs cardinals,everson pereira,andre pallante","./explore?q=phillies%20vs%20cardinals&geo=US"
"deportivo vs real madrid","200 mil+","12 de agosto de 2026 a las 15:00:00 UTC-3","13 de agosto de 2026 a las 4:50:00 UTC-3","deportivo vs real madrid,deportivo - real madrid,real madrid,deportivo – real madrid,deportivo vs. real madrid","./explore?q=deportivo%20vs%20real%20madrid&geo=US"
"liberty vs fever","200 mil+","11 de agosto de 2026 a las 19:30:00 UTC-3","12 de agosto de 2026 a las 18:00:00 UTC-3","liberty vs fever,kelsey mitchell,sabrina ionescu,fever vs liberty,breanna stewart,bet,new york liberty,indiana fever schedule,where to watch new york liberty vs indiana fever,makayla timpson,wnba games,new york liberty vs indiana fever match player stats,ny liberty,caitlin clark stats","./explore?q=liberty%20vs%20fever&geo=US"
"dalton and sako","200 mil+","8 de agosto de 2026 a las 21:40:00 UTC-3","12 de agosto de 2026 a las 8:00:00 UTC-3","dalton and sako,sako and dalton,sako,sako and dalton news,what happened to sako and dalton,dalton and sako split up","./explore?q=dalton%20and%20sako&geo=US"
"police officer","200 mil+","8 de agosto de 2026 a las 12:30:00 UTC-3","10 de agosto de 2026 a las 12:50:00 UTC-3","police officer","./explore?q=police%20officer&geo=US"
"jorge messi","200 mil+","8 de agosto de 2026 a las 8:00:00 UTC-3","10 de agosto de 2026 a las 13:00:00 UTC-3","jorge messi,messi dad,messi,leagues cup,inter miami,did messi dad pass away,inter miami vs club león standings,jorge messi cause of death,messi father,lionel messi,leo messi,messis dad,diego rossi,inter miami cf,lionel messi father news,did messis dad die,inter de miami,did messi die,did messi dad die,rodrigo de paul,messi father news,lionel messi dad,messi dad news","./explore?q=jorge%20messi&geo=US"
"duke energy power outage","200 mil+","11 de agosto de 2026 a las 16:50:00 UTC-3","13 de agosto de 2026 a las 20:20:00 UTC-3","duke energy power outage,duke energy,tornado warning,aep power outage,derecho storm,power outage,duke energy outage map,tornado near me,tornado cincinnati,duke outage map,tornado watch,weather cincinnati,tornado columbus ohio,power outage near me,duke power outage,wcpo,cincinnati tornado,columbus weather,weather columbus ohio,duke power outage map,duke,10tv,tornado warning columbus ohio","./explore?q=duke%20energy%20power%20outage&geo=US"
"house of the dragon","200 mil+","9 de agosto de 2026 a las 23:00:00 UTC-3","12 de agosto de 2026 a las 9:20:00 UTC-3","house of the dragon,house of the dragon season 3,house of the dragon season 4,house of the dragon season 3 episode 8,house of dragon season 3,hbo house of the dragon season 3 finale,house of dragon season 4,season 4 house of the dragon,house of dragons season 4,house of the dragon episode 8,house of the dragon season 3 finale,house of the dragon finale,hotd season 4,house of dragon,house of dragon finale,house of dragons,hotd season 3 episode 8,how many episodes of house of the dragon season 3,phia saban,will there be a season 4 of house of the dragon,season finale house of the dragon,emma d'arcy,helaena targaryen death,house of dragon season finale,hbo,house of the dragon season 3 cast,house of the dragon season 4 release date,how many episodes house of the dragon season 3,house of the dragon season 3 how many episodes,house of the dragon season finale,house of dragons season 3,when will season 4 of house of the dragon come out,hotd season 3 finale","./explore?q=house%20of%20the%20dragon&geo=US"
"weather storms tornadoes","200 mil+","11 de agosto de 2026 a las 16:40:00 UTC-3","12 de agosto de 2026 a las 20:10:00 UTC-3","weather storms tornadoes,comed,chicago tornado,comed outage,tornado chicago,tornado,tornado tracker,chicago weather,tornado warning chicago,weather chicago,severe weather,chicago tornado warning,national weather service,chicago,wgn weather,power,comed power outage,tornado warning near me,chicago news,chicago tornado today,severe thunderstorm warning,chicago radar,nbc chicago,wsbt weather,tornado tracker live,chicago tornadoes,wgn news,tornado in chicago,weather radar chicago,tornado watch chicago,nbc chicago weather,tornado illinois,radar chicago,nws chicago,illinois tornado,weather in chicago,tornado chicago today,nbc 5 chicago,chicago weather live,live tornado tracker","./explore?q=weather%20storms%20tornadoes&geo=US"
"verizon outage","200 mil+","8 de agosto de 2026 a las 16:40:00 UTC-3","10 de agosto de 2026 a las 11:40:00 UTC-3","verizon outage,verizon outages,verizon outage los angeles,is verizon down,verizon,is verizon down right now,verizon outage albuquerque,is verizon having issues today,verizon down,verizon wireless,verizon outage map,is there a verizon outage in my area,phone,verizon service outage,verizon issues today,is there a verizon outage,is verizon down in my area,verizon wireless outage,verizon network outage,verizon issues,verizon outages today,verizon cell service outage,is verizon having issues,verizon phone outage,verizon outage today,verizon downdetector,downdetector","./explore?q=verizon%20outage&geo=US"
"camp rock 3","100 mil+","10 de agosto de 2026 a las 21:30:00 UTC-3",,"camp rock 3,demi lovato,jonas brothers,joe jonas,camp rock 3 release date,when does camp rock 3 come out","./explore?q=camp%20rock%203&geo=US"
"end of oak street","100 mil+","9 de agosto de 2026 a las 17:30:00 UTC-3",,"end of oak street,the end of oak street,oak street movie,paw patrol the dino movie,the end of oak street movie,paw patrol dino movie,ewan mcgregor","./explore?q=end%20of%20oak%20street&geo=US"
"broncos","100 mil+","13 de agosto de 2026 a las 19:30:00 UTC-3",,"broncos,falcons,broncos vs falcons,denver broncos,broncos game,atlanta falcons,falcons vs broncos,broncos schedule,jarrett stidham,falcons preseason game,broncos score,jahdae barron,denver broncos schedule,bo nix,broncos game today,denver broncos vs atlanta falcons match player stats,broncos preseason,falcons score,where to watch broncos preseason game","./explore?q=broncos&geo=US"
"silo","100 mil+","14 de agosto de 2026 a las 1:00:00 UTC-3",,"silo,silo season 3","./explore?q=silo&geo=US"
"christy knowings","100 mil+","13 de agosto de 2026 a las 15:10:00 UTC-3",,"christy knowings,christy knowings all that,all that,kenan thompson,all that cast,kristy knowings,star","./explore?q=christy%20knowings&geo=US"
"tyler duckworth","100 mil+","13 de agosto de 2026 a las 17:40:00 UTC-3",,"tyler duckworth,tyler duckworth cause of death,tyler the challenge,tyler duckworth the challenge,what happened to tyler from the challenge,the challenge tyler,tyler from the challenge,tyler duckworth apartment police report,what happened to tyler duckworth,the challenge tyler duckworth","./explore?q=tyler%20duckworth&geo=US"
"cincinnati open","100 mil+","9 de agosto de 2026 a las 14:10:00 UTC-3",,"cincinnati open,venus williams,emiliana arango,arango tennis","./explore?q=cincinnati%20open&geo=US"
"aoc","100 mil+","9 de agosto de 2026 a las 0:40:00 UTC-3",,"aoc,riley roberts,alexandria ocasio-cortez,aoc fiance,katie miller,ocasio cortez","./explore?q=aoc&geo=US"
"edp445","100 mil+","9 de agosto de 2026 a las 20:40:00 UTC-3",,"edp445,edp445 documentary","./explore?q=edp445&geo=US"
"hawaii hurricane","100 mil+","13 de agosto de 2026 a las 2:40:00 UTC-3",,"hawaii hurricane,hurricane lala,tropical storm lala,hurricane season hawaii,hurricane in hawaii,lala storm hawaii,hurricane hawaii,tropical storm warning,hawaii,hurricane lala hawaii,braces,hawaiian islands,tropical storm weather forecast,hawaii weather tropical storm,tropical storm watch,hurricane tracker,noaa hurricane,accuweather,tropical storm lala hawaii,hawaii storm,hawaii news now,hurricane warning,hi,the weather channel","./explore?q=hawaii%20hurricane&geo=US"
"cardinals vs cubs","100 mil+","14 de agosto de 2026 a las 14:20:00 UTC-3",,"cardinals vs cubs,cubs game today,seiya suzuki","./explore?q=cardinals%20vs%20cubs&geo=US"
"jalon daniels","100 mil+","14 de agosto de 2026 a las 21:50:00 UTC-3",,"jalon daniels,jets,tampa bay buccaneers,brady cook,ny jets,connor bazelak,buccaneers,buccaneers vs jets,jets game,bucs,jets vs buccaneers,new york jets,bucs game,bucs vs jets,jets score,ayden garnes,bazelak","./explore?q=jalon%20daniels&geo=US"
"paris jackson","100 mil+","10 de agosto de 2026 a las 19:10:00 UTC-3",,"paris jackson,debbie rowe paris jackson meeting,paris jackson debbie rowe meeting","./explore?q=paris%20jackson&geo=US"
"jayden daniels lsu","100 mil+","13 de agosto de 2026 a las 1:20:00 UTC-3",,"jayden daniels lsu,joe burrow,dj pickett,jayden daniels stats,lsu heisman winners,jayden daniels cease and desist,jayden daniels cease and desist lsu,did jayden daniels win the heisman,jayden daniels heisman jersey issue,jayden daniels dj pickett lsu,jayden daniels heisman","./explore?q=jayden%20daniels%20lsu&geo=US"
"commanders","100 mil+","14 de agosto de 2026 a las 17:50:00 UTC-3",,"commanders,miami dolphins,dolphins vs commanders,dolphins,washington commanders,commanders vs dolphins,jacoby jones,commanders game,commanders schedule,dolphins game,commanders preseason,miami dolphins vs washington commanders match player stats,where to watch washington commanders vs miami dolphins,miami dolphins schedule,dolphins schedule,where to watch commanders vs dolphins","./explore?q=commanders&geo=US"
"ufc 330","100 mil+","13 de agosto de 2026 a las 19:10:00 UTC-3",,"ufc 330,islam makhachev,ufc 330 fight card,islam vs garry,ufc tomorrow,ian machado garry,ian garry","./explore?q=ufc%20330&geo=US"
"silencer shop","100 mil+","12 de agosto de 2026 a las 12:40:00 UTC-3",,"silencer shop,doj appeal nfa,gun owners of america,nfa,national firearms act,silencershop,suppressor news,nfa ruling,national firearms act trump,nfa ruling update,silencer","./explore?q=silencer%20shop&geo=US"
"terrion arnold","100 mil+","9 de agosto de 2026 a las 21:30:00 UTC-3",,"terrion arnold,seahawks,terrion arnold charges,terrion arnold seahawks,seattle seahawks,terrion arnold case,terrion arnold felony charges","./explore?q=terrion%20arnold&geo=US"
"natalie harp","100 mil+","12 de agosto de 2026 a las 9:00:00 UTC-3",,"natalie harp,c-32a,trump catering truck,nato,trump news,iran trump,air force c-32a,donald trump,intel,trump catering cart,trump hiding in catering cart,stephen miller,scott bessent,trump hid in catering truck,iran,erin burnett,turkey,'i go by secret service': trump explains air force one switch","./explore?q=natalie%20harp&geo=US"
"drew allar","100 mil+","13 de agosto de 2026 a las 20:00:00 UTC-3",,"drew allar,will howard,steelers score,pre season nfl,green bay packers vs pittsburgh steelers match player stats,steelers news,steelers qb,allar,drew allar steelers","./explore?q=drew%20allar&geo=US"
"steelers","100 mil+","12 de agosto de 2026 a las 20:00:00 UTC-3",,"steelers,pittsburgh steelers,keeanu benton","./explore?q=steelers&geo=US"
"fernando mendoza","100 mil+","13 de agosto de 2026 a las 17:10:00 UTC-3",,"fernando mendoza,las vegas raiders,preseason nfl,raiders game today,kirk cousins,az cardinals,mendoza,raider game,nfl football,nfl +,jack bech,raiders cardinals,where to watch raiders preseason game,raiders preseason,how to watch raiders vs cardinals,where to watch las vegas raiders vs arizona cardinals,raider game today,where to watch raiders vs cardinals,mendoza raiders,is fernando mendoza playing tonight,where can i watch the raiders preseason game","./explore?q=fernando%20mendoza&geo=US"
"james pearce jr","100 mil+","14 de agosto de 2026 a las 16:00:00 UTC-3",,"james pearce jr,falcons game,nfl games,rickea jackson,games,james pearce","./explore?q=james%20pearce%20jr&geo=US"
"delta flight dl1334 emergency return","100 mil+","13 de agosto de 2026 a las 11:10:00 UTC-3","15 de agosto de 2026 a las 0:30:00 UTC-3","delta flight dl1334 emergency return,hartsfield-jackson delta flight emergency,hartsfield jackson delta flight emergency","./explore?q=delta%20flight%20dl1334%20emergency%20return&geo=US"
"patriots","100 mil+","12 de agosto de 2026 a las 22:00:00 UTC-3","14 de agosto de 2026 a las 23:30:00 UTC-3","patriots,patriots game,colts vs patriots,new england patriots,colts game,patriots preseason,anthony richardson sr.,riley leonard,patriots game today,patriots preseason game,patriots schedule 2026,where to watch patriots vs colts,how to watch patriots preseason game,patriots colts,where to watch new england patriots vs indianapolis colts,pats game,patriots schedule","./explore?q=patriots&geo=US"
"49ers","100 mil+","13 de agosto de 2026 a las 13:30:00 UTC-3","14 de agosto de 2026 a las 14:50:00 UTC-3","49ers,49ers game,kurtis rourke,kyle shanahan","./explore?q=49ers&geo=US"
"raiders game","100 mil+","13 de agosto de 2026 a las 16:00:00 UTC-3","14 de agosto de 2026 a las 18:50:00 UTC-3","raiders game,raiders vs cardinals,cardinals vs raiders,raiders schedule","./explore?q=raiders%20game&geo=US"
"delta air lines atlanta cancellations","100 mil+","12 de agosto de 2026 a las 13:30:00 UTC-3","14 de agosto de 2026 a las 10:30:00 UTC-3","delta air lines atlanta cancellations","./explore?q=delta%20air%20lines%20atlanta%20cancellations&geo=US"
"brooks nader","100 mil+","10 de agosto de 2026 a las 16:30:00 UTC-3","14 de agosto de 2026 a las 14:20:00 UTC-3","brooks nader,brooks nader dad","./explore?q=brooks%20nader&geo=US"
"guardians vs tigers","100 mil+","11 de agosto de 2026 a las 18:40:00 UTC-3","13 de agosto de 2026 a las 22:20:00 UTC-3","guardians vs tigers,tigers game today,eduardo valencia,tigers standings,keider montero","./explore?q=guardians%20vs%20tigers&geo=US"
"chuck redd kennedy center lawsuit","100 mil+","11 de agosto de 2026 a las 20:10:00 UTC-3","13 de agosto de 2026 a las 21:00:00 UTC-3","chuck redd kennedy center lawsuit,kennedy center chuck redd lawsuit,chuck redd kennedy center dispute","./explore?q=chuck%20redd%20kennedy%20center%20lawsuit&geo=US"
"mets vs braves","100 mil+","10 de agosto de 2026 a las 19:20:00 UTC-3","13 de agosto de 2026 a las 10:20:00 UTC-3","mets vs braves,mets - braves","./explore?q=mets%20vs%20braves&geo=US"
"reds vs white sox","100 mil+","11 de agosto de 2026 a las 19:40:00 UTC-3","13 de agosto de 2026 a las 22:00:00 UTC-3","reds vs white sox","./explore?q=reds%20vs%20white%20sox&geo=US"
"7 brew app","100 mil+","12 de agosto de 2026 a las 1:00:00 UTC-3","13 de agosto de 2026 a las 21:20:00 UTC-3","7 brew app,7brew app,7brew coffee app","./explore?q=7%20brew%20app&geo=US"
"rangers vs angels","100 mil+","10 de agosto de 2026 a las 21:40:00 UTC-3","14 de agosto de 2026 a las 11:30:00 UTC-3","rangers vs angels,rangers,jacob degrom","./explore?q=rangers%20vs%20angels&geo=US"
"snake","100 mil+","14 de agosto de 2026 a las 11:30:00 UTC-3","14 de agosto de 2026 a las 16:50:00 UTC-3","snake,venomous snake football helmet arkansas,snake in football helmet","./explore?q=snake&geo=US"
"chrissy metz","100 mil+","10 de agosto de 2026 a las 9:10:00 UTC-3","13 de agosto de 2026 a las 10:30:00 UTC-3","chrissy metz,chrissy metz weight loss,ro,chrissy metz glp 1 weight management,chrissy metz weight","./explore?q=chrissy%20metz&geo=US"
"social security added 14 rare diseases to its expedited list","100 mil+","11 de agosto de 2026 a las 21:10:00 UTC-3","13 de agosto de 2026 a las 10:40:00 UTC-3","social security added 14 rare diseases to its expedited list,compassionate allowances list new additions,disability,social security added fourteen conditions to accelerate disability benefit applications","./explore?q=social%20security%20added%2014%20rare%20diseases%20to%20its%20expedited%20list&geo=US"
"reflecting pool","100 mil+","9 de agosto de 2026 a las 10:10:00 UTC-3","11 de agosto de 2026 a las 22:40:00 UTC-3","reflecting pool","./explore?q=reflecting%20pool&geo=US"
"brewers vs padres","100 mil+","10 de agosto de 2026 a las 21:40:00 UTC-3","13 de agosto de 2026 a las 2:00:00 UTC-3","brewers vs padres,padres,padres game,brewers game","./explore?q=brewers%20vs%20padres&geo=US"
"astros vs giants","100 mil+","10 de agosto de 2026 a las 21:50:00 UTC-3","13 de agosto de 2026 a las 0:50:00 UTC-3","astros vs giants,astros - giants","./explore?q=astros%20vs%20giants&geo=US"
"orioles vs twins","100 mil+","10 de agosto de 2026 a las 19:50:00 UTC-3","12 de agosto de 2026 a las 22:30:00 UTC-3","orioles vs twins,josh bell,austin martin","./explore?q=orioles%20vs%20twins&geo=US"
"cola 2027","100 mil+","12 de agosto de 2026 a las 13:40:00 UTC-3","13 de agosto de 2026 a las 15:00:00 UTC-3","cola 2027,social security cola forecasts 2027,2027,social security cola 2027,next year social security cola,tscl 2027 cola estimate","./explore?q=cola%202027&geo=US"
"chick fil a chicken and waffles","100 mil+","12 de agosto de 2026 a las 14:30:00 UTC-3","14 de agosto de 2026 a las 20:50:00 UTC-3","chick fil a chicken and waffles,chick fil a fall menu release,chick fil a chicken and waffles menu,chick-fil-a new menu items,chick fil a chicken waffles,chick-fil-a fall menu release,chick fil a fall menu","./explore?q=chick%20fil%20a%20chicken%20and%20waffles&geo=US"
"corte argentino usa meat recall","100 mil+","10 de agosto de 2026 a las 20:10:00 UTC-3","12 de agosto de 2026 a las 14:40:00 UTC-3","corte argentino usa meat recall,beef recalled,corte argentino usa beef recall,beef recall,beef","./explore?q=corte%20argentino%20usa%20meat%20recall&geo=US"
"stephanie white","100 mil+","8 de agosto de 2026 a las 18:30:00 UTC-3","13 de agosto de 2026 a las 23:30:00 UTC-3","stephanie white,sophie cunningham foul,fever coach,indiana fever,wnba media discourse stephanie white,fever game,indiana fever coach,fever,fever score,fever wnba,wnba news,fever game tonight,indiana fever game today","./explore?q=stephanie%20white&geo=US"
"ben jones","100 mil+","9 de agosto de 2026 a las 18:20:00 UTC-3","11 de agosto de 2026 a las 22:30:00 UTC-3","ben jones,ben jones actor,dukes of hazzard,cooter dukes of hazzard,cooter davenport,cooter,cooter from dukes of hazzard,ben jones passed away,ben jones dukes of hazzard,dukes of hazzard star dies,ben jones death","./explore?q=ben%20jones&geo=US"
"seattle sounders vs guadalajara","100 mil+","12 de agosto de 2026 a las 22:40:00 UTC-3","13 de agosto de 2026 a las 12:40:00 UTC-3","seattle sounders vs guadalajara,chivas vs seattle,chivas,chivas vs,santiago sandoval,luis rey,seattle vs chivas,seattle sounders vs. guadalajara","./explore?q=seattle%20sounders%20vs%20guadalajara&geo=US"
"shamell naquan joyner jury evidence","100 mil+","10 de agosto de 2026 a las 13:20:00 UTC-3","11 de agosto de 2026 a las 14:50:00 UTC-3","shamell naquan joyner jury evidence","./explore?q=shamell%20naquan%20joyner%20jury%20evidence&geo=US"
"jackie the eagle","100 mil+","10 de agosto de 2026 a las 16:50:00 UTC-3","12 de agosto de 2026 a las 12:30:00 UTC-3","jackie the eagle,jackie and shadow,jackie big bear eagle,shadow bald eagle nest new friend,jackie bald eagle,jackie eagle,ojai raptor center,jackie the bald eagle,jackie bald eagle anemia condition,jackie,big bear bald eagle jackie,eagle,big bear eagle jackie condition,jackie the eagle update,bald eagle,what happened to jackie the bald eagle,bald eagle: jackie,big bear eagle cam,ojai raptor center jackie eagle","./explore?q=jackie%20the%20eagle&geo=US"
"amy klobuchar","100 mil+","11 de agosto de 2026 a las 20:40:00 UTC-3","12 de agosto de 2026 a las 20:30:00 UTC-3","amy klobuchar,minnesota primary 2026,lisa demuth,mn primary results,minnesota election results,minnesota primary results,minnesota primary,mn primaries,minnesota governor race,mike lindell election,minnesota,mike lindell primary,lindell,kare 11,my pillow guy,mn governor race,primary election mn","./explore?q=amy%20klobuchar&geo=US"
"love island reunion season 8","100 mil+","10 de agosto de 2026 a las 3:00:00 UTC-3","12 de agosto de 2026 a las 1:30:00 UTC-3","love island reunion season 8,when is the love island reunion,when does love island reunion come out,when is love island reunion,when does the love island reunion come out,love island reunion,when is love island season 8 reunion","./explore?q=love%20island%20reunion%20season%208&geo=US"
"us airport flight disruptions","100 mil+","14 de agosto de 2026 a las 18:00:00 UTC-3","14 de agosto de 2026 a las 23:40:00 UTC-3","us airport flight disruptions,faa flight disruptions o'hare,chicago ohare flight delays,u.s. airport flight cancellations","./explore?q=us%20airport%20flight%20disruptions&geo=US"
"storm","100 mil+","11 de agosto de 2026 a las 18:50:00 UTC-3","12 de agosto de 2026 a las 19:40:00 UTC-3","storm,flood watch,cincinnati weather,braces,tornado map","./explore?q=storm&geo=US"
"don nelson","100 mil+","9 de agosto de 2026 a las 14:30:00 UTC-3","11 de agosto de 2026 a las 13:00:00 UTC-3","don nelson,warriors news,don nelson coach,warriors","./explore?q=don%20nelson&geo=US"
"diet","100 mil+","9 de agosto de 2026 a las 7:30:00 UTC-3","11 de agosto de 2026 a las 10:10:00 UTC-3","diet","./explore?q=diet&geo=US"
"anne hathaway","100 mil+","9 de agosto de 2026 a las 23:30:00 UTC-3","11 de agosto de 2026 a las 10:40:00 UTC-3","anne hathaway,anne hathaway pregnant,anne hathaway maternity style,anne hathaway premiere photos,is anne hathaway pregnant","./explore?q=anne%20hathaway&geo=US"
"clancy trial","100 mil+","10 de agosto de 2026 a las 8:10:00 UTC-3","11 de agosto de 2026 a las 22:50:00 UTC-3","clancy trial,lindsay clancy trial,dr jennifer tufts,pressured speech,lindsay clancy trial live,zoloft,clancy,court tv,rebecca jollotta,kevin reddington,where to watch lindsay clancy trial,jennifer tufts psychiatrist,patrick clancy,clancy lindsay,lindsay clancy trial where to watch,what time does lindsay clancy trial start,lindsay clancy trial day 10,lindsay clancy trial day 11,psychiatrist,lindsay clancy live trial today,lindsay clancy husband new wife","./explore?q=clancy%20trial&geo=US"
"fever vs sky","100 mil+","8 de agosto de 2026 a las 15:30:00 UTC-3","9 de agosto de 2026 a las 17:30:00 UTC-3","fever vs sky,caitlin clark kelsey mitchell duo,fever game today,fever game,kamilla cardoso,monique billings,where to watch indiana fever vs chicago sky,kelsey mitchell,fever vs sky where to watch,indiana fever vs chicago sky match player stats,chicago sky players","./explore?q=fever%20vs%20sky&geo=US"
"porter flight cancelled due to child","100 mil+","8 de agosto de 2026 a las 14:10:00 UTC-3","9 de agosto de 2026 a las 20:50:00 UTC-3","porter flight cancelled due to child,porter airlines victoria flight cancelled,victoria flight canceled,porter airlines flight cancelled,airline cancels flights,porter airlines,victoria flight cancelled","./explore?q=porter%20flight%20cancelled%20due%20to%20child&geo=US"
"arsenal vs dortmund","100 mil+","9 de agosto de 2026 a las 9:00:00 UTC-3","9 de agosto de 2026 a las 23:00:00 UTC-3","arsenal vs dortmund,arsenal - dortmund,arsenal,emirates cup,arsenal vs borussia dortmund,watch arsenal vs borussia dortmund,arsenal vs dortmund where to watch,arsenal f.c.,arsenal dortmund,arsenal – dortmund,where to watch arsenal vs dortmund,how to watch arsenal vs dortmund,samuele inácio,arsenal fc","./explore?q=arsenal%20vs%20dortmund&geo=US"
"hunter biden","100 mil+","8 de agosto de 2026 a las 11:20:00 UTC-3","9 de agosto de 2026 a las 21:30:00 UTC-3","hunter biden,biden,joe biden health,joe biden cancer,biden health,father,biden cancer","./explore?q=hunter%20biden&geo=US"
"terremoto colombia","100 mil+","10 de agosto de 2026 a las 9:50:00 UTC-3","11 de agosto de 2026 a las 9:20:00 UTC-3","terremoto colombia,terremoto en colombia,terremoto en colombia hoy,temblor en colombia,temblor en colombia hoy,pereira colombia,cali colombia,terremoto colombia hoy,temblor colombia hoy,colombia terremoto,temblor colombia,temblor hoy,ninel conde,temblor en colombia hoy hace unos minutos,terremoto hoy,temblor en cali,san jose del palmar,temblor hoy en colombia,temblor en bogota,temblor hoy colombia,sismo en colombia hoy,temblor bogota,terremoto en cali,pereira,colombia temblor,temblor en medellín hoy,temblor en cali hoy,temblor bogota hoy,temblor en colombia hoy 2026,temblor en bogotá hoy,colombia temblor hoy","./explore?q=terremoto%20colombia&geo=US"
"mexico vs usa u20","100 mil+","9 de agosto de 2026 a las 13:20:00 UTC-3","10 de agosto de 2026 a las 11:20:00 UTC-3","mexico vs usa u20,mexico vs usa,usa u-20 vs mexico u-20,usa vs mexico u20,usa vs mexico,mexico vs usa u20 final,concacaf under-20 championship,mexico u-20,mexico u20,mexico vs,u20 concacaf,usa vs mexico today,concacaf u20,u20 mexico,mexico vs usa today,u20 concacaf championship,mexico vs usa u20 score,usa vs mexico u20 today score,concacaf u-20,mexico vs usa u20 where to watch,usa vs mexico u20 today,where to watch usa u-20 vs mexico u-20","./explore?q=mexico%20vs%20usa%20u20&geo=US"
"inter miami vs monterrey","100 mil+","8 de agosto de 2026 a las 19:10:00 UTC-3","9 de agosto de 2026 a las 14:40:00 UTC-3","inter miami vs monterrey,inter miami vs c.f. monterrey standings,inter miami vs,leagues cup 2026,monterrey vs inter miami,inter miami vs. monterrey","./explore?q=inter%20miami%20vs%20monterrey&geo=US"
"américa - timbers","100 mil+","9 de agosto de 2026 a las 22:20:00 UTC-3","10 de agosto de 2026 a las 12:50:00 UTC-3","américa - timbers,leagues cup standings,america vs portland,club américa vs portland timbers standings,club america,portland timbers,score,america vs timbers,timbers,américa vs. timbers,timbers vs america,kristoffer velde","./explore?q=am%C3%A9rica%20-%20timbers&geo=US"
"mariners vs astros","50 mil+","14 de agosto de 2026 a las 20:10:00 UTC-3",,"mariners vs astros,mariners - astros,astros game","./explore?q=mariners%20vs%20astros&geo=US"
"indonesia earthquake","50 mil+","14 de agosto de 2026 a las 19:30:00 UTC-3",,"indonesia earthquake,indonesia,indonesia earthquake today,indonesia earthquake tsunami warning,earthquake indonesia,earthquake today,earthquake in indonesia,tsunami,indonesia news,earthquake indonesia today","./explore?q=indonesia%20earthquake&geo=US"
"d23","50 mil+","13 de agosto de 2026 a las 12:30:00 UTC-3",,"d23,d23 announcements,d23 2026,d23 expo 2026,d23 news,d23 live stream","./explore?q=d23&geo=US"
"2026 clock fall back dates","50 mil+","14 de agosto de 2026 a las 13:50:00 UTC-3",,"2026 clock fall back dates,senate gop daylight saving opposition","./explore?q=2026%20clock%20fall%20back%20dates&geo=US"
"yankees vs blue jays","50 mil+","14 de agosto de 2026 a las 19:20:00 UTC-3",,"yankees vs blue jays,yankees - blue jays,alejandro kirk","./explore?q=yankees%20vs%20blue%20jays&geo=US"
"white sox vs tigers","50 mil+","14 de agosto de 2026 a las 18:50:00 UTC-3",,"white sox vs tigers,miguel vargas,munetaka murakami,jackson jobe,braden montgomery,white sox - tigers,tristan peters","./explore?q=white%20sox%20vs%20tigers&geo=US"
"red sox vs pirates","50 mil+","14 de agosto de 2026 a las 18:40:00 UTC-3",,"red sox vs pirates,brandon lowe,rafael flores jr.,red sox - pirates,pirates score","./explore?q=red%20sox%20vs%20pirates&geo=US"
"belgium old brewery hidden treasure","50 mil+","14 de agosto de 2026 a las 20:10:00 UTC-3",,"belgium old brewery hidden treasure,construction workers 10m gold find,belgium gold bars,construction workers gold find,belgium gold stash,gold found in belgium,gold","./explore?q=belgium%20old%20brewery%20hidden%20treasure&geo=US"
"coyote vs acme","50 mil+","12 de agosto de 2026 a las 12:40:00 UTC-3",,"coyote vs acme","./explore?q=coyote%20vs%20acme&geo=US"
"jessica bang golfer","50 mil+","14 de agosto de 2026 a las 7:10:00 UTC-3",,"jessica bang golfer,jessica bang","./explore?q=jessica%20bang%20golfer&geo=US"
"delta airlines","50 mil+","14 de agosto de 2026 a las 1:30:00 UTC-3",,"delta airlines,delta","./explore?q=delta%20airlines&geo=US"
"travis barker","50 mil+","13 de agosto de 2026 a las 1:20:00 UTC-3",,"travis barker","./explore?q=travis%20barker&geo=US"
"fire vs storm","50 mil+","14 de agosto de 2026 a las 22:10:00 UTC-3",,"fire vs storm,portland fire,natisha hiedeman,storm vs fire,carla leite,jade melbourne","./explore?q=fire%20vs%20storm&geo=US"
"little league world series","50 mil+","9 de agosto de 2026 a las 11:40:00 UTC-3",,"little league world series,sweetwater valley little league","./explore?q=little%20league%20world%20series&geo=US"
"rangers vs athletics","50 mil+","14 de agosto de 2026 a las 21:50:00 UTC-3",,"rangers vs athletics,rangers,athletics,rays vs athletics","./explore?q=rangers%20vs%20athletics&geo=US"
"tiger woods","50 mil+","12 de agosto de 2026 a las 16:10:00 UTC-3",,"tiger woods,mike trout","./explore?q=tiger%20woods&geo=US"
"kelly ripa dental procedure","50 mil+","14 de agosto de 2026 a las 16:20:00 UTC-3",,"kelly ripa dental procedure,kelly ripa,kelly ripa gum graft surgery","./explore?q=kelly%20ripa%20dental%20procedure&geo=US"
"have i been flocked","50 mil+","14 de agosto de 2026 a las 7:00:00 UTC-3",,"have i been flocked,have i been flocked website,law,flock camera map,flock safety platform privacy changes,flock camera,flock,camera","./explore?q=have%20i%20been%20flocked&geo=US"
"count binface","50 mil+","13 de agosto de 2026 a las 8:00:00 UTC-3",,"count binface,clacton by election,clacton by election results,nigel farage,binface,clacton,election contest","./explore?q=count%20binface&geo=US"
"sam hartman","50 mil+","14 de agosto de 2026 a las 20:30:00 UTC-3",,"sam hartman,bailey zappe,josh williams,brian robinson jr.,adrian martinez,niners game,jaylin lane,gardner minshew ii,adam prentice,garrett wilson,go fans,riley moss,courtland sutton,gardner minshew,aidan hutchinson,packers schedule 2026,khalil herbert,texans schedule,will mallory,ben skowronek,skyy moore,kamari ramsey,wan'dale robinson","./explore?q=sam%20hartman&geo=US"
"hopkins daycare","50 mil+","14 de agosto de 2026 a las 21:30:00 UTC-3",,"hopkins daycare,docs,hopkins mn daycare,daycare,child care,hopkins daycare center,brown bear daycare,hopkins daycare news,daycare center,hopkins,hopkins mn,hopkins day care,brown bear childcare,brown bear daycare hopkins mn,hopkins daycare incident,day care,brown bear daycare hopkins,daycares","./explore?q=hopkins%20daycare&geo=US"
"lanterns release date","50 mil+","13 de agosto de 2026 a las 21:30:00 UTC-3",,"lanterns release date,rotten tomatoes,kyle chandler,lanterns (tv series)","./explore?q=lanterns%20release%20date&geo=US"
"kate middleton news","50 mil+","14 de agosto de 2026 a las 19:00:00 UTC-3",,"kate middleton news,prince william,william, prince of wales","./explore?q=kate%20middleton%20news&geo=US"
"taylor swift debuted a new haircut during a london outing","50 mil+","13 de agosto de 2026 a las 21:10:00 UTC-3","15 de agosto de 2026 a las 0:30:00 UTC-3","taylor swift debuted a new haircut during a london outing,taylor swift new haircut,taylor swift london hair update,taylor swift new haircut london","./explore?q=taylor%20swift%20debuted%20a%20new%20haircut%20during%20a%20london%20outing&geo=US"
"texans","50 mil+","13 de agosto de 2026 a las 7:50:00 UTC-3","14 de agosto de 2026 a las 14:40:00 UTC-3","texans,houston texans,texans game,trey lance,chargers game,amar johnson,texans game today,jared wayne,la chargers,where to watch houston texans vs los angeles chargers","./explore?q=texans&geo=US"
"américa - austin fc","50 mil+","13 de agosto de 2026 a las 20:40:00 UTC-3","14 de agosto de 2026 a las 12:00:00 UTC-3","américa - austin fc","./explore?q=am%C3%A9rica%20-%20austin%20fc&geo=US"
"américa vs austin","50 mil+","13 de agosto de 2026 a las 20:40:00 UTC-3","14 de agosto de 2026 a las 10:30:00 UTC-3","américa vs austin,america vs austin,club américa","./explore?q=am%C3%A9rica%20vs%20austin&geo=US"
"steam catapults on aircraft carriers","50 mil+","13 de agosto de 2026 a las 23:30:00 UTC-3","14 de agosto de 2026 a las 14:50:00 UTC-3","steam catapults on aircraft carriers,trump steam catapults,navy catapult system redesign,trump aircraft carrier redesign order","./explore?q=steam%20catapults%20on%20aircraft%20carriers&geo=US"
"titans vs 49ers","50 mil+","13 de agosto de 2026 a las 20:00:00 UTC-3","14 de agosto de 2026 a las 12:30:00 UTC-3","titans vs 49ers,titans,tennessee titans,49ers game today,49ers vs titans,49ers score,cam ward,will levis,49er game,cameron ward,tennessee titans vs 49ers match player stats,titans game,where to watch 49ers vs tennessee titans,julius chestnut,titans head coach,niner game","./explore?q=titans%20vs%2049ers&geo=US"
"cruz azul - chicago fire","50 mil+","13 de agosto de 2026 a las 21:10:00 UTC-3","14 de agosto de 2026 a las 10:40:00 UTC-3","cruz azul - chicago fire,cruz azul vs chicago fire fc standings,cruz azul vs chicago fire,chicago fire fc,cruz azul vs,cruz azul vs. chicago fire,puso dithejane,chicago fire vs cruz azul","./explore?q=cruz%20azul%20-%20chicago%20fire&geo=US"
"massachusetts abortion law","50 mil+","10 de agosto de 2026 a las 23:20:00 UTC-3","14 de agosto de 2026 a las 12:00:00 UTC-3","massachusetts abortion law,maura healey","./explore?q=massachusetts%20abortion%20law&geo=US"
"chicago bears","50 mil+","12 de agosto de 2026 a las 20:30:00 UTC-3","15 de agosto de 2026 a las 1:10:00 UTC-3","chicago bears,browns","./explore?q=chicago%20bears&geo=US"
"nipsco","50 mil+","11 de agosto de 2026 a las 13:10:00 UTC-3","14 de agosto de 2026 a las 19:20:00 UTC-3","nipsco,nipsco power outage,wndu,wsbt,wndu weather,indianapolis weather,wthr","./explore?q=nipsco&geo=US"
"chris watts","50 mil+","11 de agosto de 2026 a las 8:20:00 UTC-3","14 de agosto de 2026 a las 3:50:00 UTC-3","chris watts,lizzie henderson","./explore?q=chris%20watts&geo=US"
"trump strait of hormuz","50 mil+","14 de agosto de 2026 a las 19:30:00 UTC-3","14 de agosto de 2026 a las 23:10:00 UTC-3","trump strait of hormuz,strait of hormuz,iran,news,hormuz news,world news","./explore?q=trump%20strait%20of%20hormuz&geo=US"
"king charles","50 mil+","10 de agosto de 2026 a las 14:20:00 UTC-3","13 de agosto de 2026 a las 11:50:00 UTC-3","king charles","./explore?q=king%20charles&geo=US"
"arbys steak nuggets return","50 mil+","12 de agosto de 2026 a las 14:20:00 UTC-3","13 de agosto de 2026 a las 18:00:00 UTC-3","arbys steak nuggets return,arby's","./explore?q=arbys%20steak%20nuggets%20return&geo=US"
"jj mccarthy","50 mil+","11 de agosto de 2026 a las 13:20:00 UTC-3","13 de agosto de 2026 a las 23:50:00 UTC-3","jj mccarthy,kyler murray,vikings,minnesota vikings,vikings schedule,vikings qb,mn vikings,o","./explore?q=jj%20mccarthy&geo=US"
"lauren boebert","50 mil+","10 de agosto de 2026 a las 15:30:00 UTC-3","13 de agosto de 2026 a las 10:20:00 UTC-3","lauren boebert,tyler boebert,lauren boebert son","./explore?q=lauren%20boebert&geo=US"
"peggy flanagan","50 mil+","11 de agosto de 2026 a las 0:10:00 UTC-3","13 de agosto de 2026 a las 11:40:00 UTC-3","peggy flanagan,angie craig,united states senate,minnesota senate race,minnesota senate primary,peggy flanagan vs angie craig,where do i vote mn","./explore?q=peggy%20flanagan&geo=US"
"trump approval","50 mil+","11 de agosto de 2026 a las 21:30:00 UTC-3","13 de agosto de 2026 a las 13:40:00 UTC-3","trump approval,trump approval rating,economist yougov trump approval rating","./explore?q=trump%20approval&geo=US"
"inter miami vs león","50 mil+","12 de agosto de 2026 a las 19:40:00 UTC-3","13 de agosto de 2026 a las 10:20:00 UTC-3","inter miami vs león,inter miami vs club león lineups,miami vs leon,inter de miami,inter miami vs club león,leon vs inter miami,inter miami vs,inter miami vs. león,club león","./explore?q=inter%20miami%20vs%20le%C3%B3n&geo=US"
"types of sharks","50 mil+","12 de agosto de 2026 a las 1:10:00 UTC-3","13 de agosto de 2026 a las 4:30:00 UTC-3","types of sharks,sharks","./explore?q=types%20of%20sharks&geo=US"
"seattle sounders - guadalajara","50 mil+","12 de agosto de 2026 a las 22:40:00 UTC-3","13 de agosto de 2026 a las 13:20:00 UTC-3","seattle sounders - guadalajara,seattle sounders vs chivas de guadalajara standings,chivas vs sounders,sounders,seattle sounders,sounders vs chivas,chivas vs seattle sounders,seattle sounders vs chivas de guadalajara lineups","./explore?q=seattle%20sounders%20-%20guadalajara&geo=US"
"michele tafoya","50 mil+","11 de agosto de 2026 a las 20:30:00 UTC-3","13 de agosto de 2026 a las 10:40:00 UTC-3","michele tafoya,michelle tafoya,mn primary,tafoya,mn elections 2026","./explore?q=michele%20tafoya&geo=US"
"rockies vs diamondbacks","50 mil+","10 de agosto de 2026 a las 21:50:00 UTC-3","12 de agosto de 2026 a las 23:00:00 UTC-3","rockies vs diamondbacks","./explore?q=rockies%20vs%20diamondbacks&geo=US"
"pirates vs marlins","50 mil+","11 de agosto de 2026 a las 18:40:00 UTC-3","13 de agosto de 2026 a las 21:40:00 UTC-3","pirates vs marlins,braxton ashcraft,rafael flores jr.","./explore?q=pirates%20vs%20marlins&geo=US"
"alani voodoo vanilla","50 mil+","10 de agosto de 2026 a las 15:30:00 UTC-3","13 de agosto de 2026 a las 23:20:00 UTC-3","alani voodoo vanilla,voodoo vanilla alani,alani nu voodoo vanilla","./explore?q=alani%20voodoo%20vanilla&geo=US"
"raye","50 mil+","8 de agosto de 2026 a las 12:50:00 UTC-3","12 de agosto de 2026 a las 1:30:00 UTC-3","raye","./explore?q=raye&geo=US"
"psg","50 mil+","11 de agosto de 2026 a las 20:00:00 UTC-3","13 de agosto de 2026 a las 3:40:00 UTC-3","psg","./explore?q=psg&geo=US"
"anna osceola","50 mil+","10 de agosto de 2026 a las 14:40:00 UTC-3","13 de agosto de 2026 a las 8:30:00 UTC-3","anna osceola,jon hamm,john hamm,jon hamm wife","./explore?q=anna%20osceola&geo=US"
"todd and theo sabatini search","50 mil+","9 de agosto de 2026 a las 17:50:00 UTC-3","11 de agosto de 2026 a las 14:40:00 UTC-3","todd and theo sabatini search","./explore?q=todd%20and%20theo%20sabatini%20search&geo=US"
"candida auris","50 mil+","10 de agosto de 2026 a las 14:50:00 UTC-3","12 de agosto de 2026 a las 1:20:00 UTC-3","candida auris","./explore?q=candida%20auris&geo=US"
"trump bedminster temporary flight restrictions","50 mil+","9 de agosto de 2026 a las 16:10:00 UTC-3","11 de agosto de 2026 a las 9:50:00 UTC-3","trump bedminster temporary flight restrictions","./explore?q=trump%20bedminster%20temporary%20flight%20restrictions&geo=US"
"inter miami - león","50 mil+","12 de agosto de 2026 a las 19:40:00 UTC-3","13 de agosto de 2026 a las 9:20:00 UTC-3","inter miami - león,posiciones de inter miami contra club león,daniel arcila","./explore?q=inter%20miami%20-%20le%C3%B3n&geo=US"
"toluca - fc dallas","50 mil+","12 de agosto de 2026 a las 22:10:00 UTC-3","13 de agosto de 2026 a las 10:10:00 UTC-3","toluca - fc dallas,toluca vs dallas,posiciones de deportivo toluca contra fc dallas,toluca fc,toluca vs,toluca","./explore?q=toluca%20-%20fc%20dallas&geo=US"
"man united vs leeds","50 mil+","12 de agosto de 2026 a las 14:30:00 UTC-3","13 de agosto de 2026 a las 0:00:00 UTC-3","man united vs leeds,manchester united - leeds","./explore?q=man%20united%20vs%20leeds&geo=US"
"safeway 2026 store closures","50 mil+","10 de agosto de 2026 a las 12:40:00 UTC-3","11 de agosto de 2026 a las 21:50:00 UTC-3","safeway 2026 store closures","./explore?q=safeway%202026%20store%20closures&geo=US"
"arsenal vs como","50 mil+","12 de agosto de 2026 a las 14:40:00 UTC-3","13 de agosto de 2026 a las 0:20:00 UTC-3","arsenal vs como,arsenal - como,arsenal","./explore?q=arsenal%20vs%20como&geo=US"
"jessie cave","50 mil+","8 de agosto de 2026 a las 18:10:00 UTC-3","12 de agosto de 2026 a las 15:20:00 UTC-3","jessie cave","./explore?q=jessie%20cave&geo=US"
"7 brew","50 mil+","11 de agosto de 2026 a las 18:50:00 UTC-3","13 de agosto de 2026 a las 8:30:00 UTC-3","7 brew","./explore?q=7%20brew&geo=US"
"brad pitt","50 mil+","10 de agosto de 2026 a las 12:30:00 UTC-3","12 de agosto de 2026 a las 14:40:00 UTC-3","brad pitt","./explore?q=brad%20pitt&geo=US"
"drake","50 mil+","9 de agosto de 2026 a las 0:20:00 UTC-3","13 de agosto de 2026 a las 15:50:00 UTC-3","drake,kick,drake 20v1","./explore?q=drake&geo=US"
"nba youngboy south korea interview","50 mil+","12 de agosto de 2026 a las 17:40:00 UTC-3","13 de agosto de 2026 a las 8:40:00 UTC-3","nba youngboy south korea interview,nba youngboy korea,nba youngboy","./explore?q=nba%20youngboy%20south%20korea%20interview&geo=US"
"columbia","50 mil+","10 de agosto de 2026 a las 10:20:00 UTC-3","12 de agosto de 2026 a las 10:30:00 UTC-3","columbia","./explore?q=columbia&geo=US"
"pirro special grand jury","50 mil+","12 de agosto de 2026 a las 8:50:00 UTC-3","12 de agosto de 2026 a las 22:00:00 UTC-3","pirro special grand jury,pirro convenes special grand jury,steven vandervelden special grand jury,pirro convenes grand jury","./explore?q=pirro%20special%20grand%20jury&geo=US"
"avengers doomsday character updates","50 mil+","9 de agosto de 2026 a las 22:20:00 UTC-3","11 de agosto de 2026 a las 15:30:00 UTC-3","avengers doomsday character updates","./explore?q=avengers%20doomsday%20character%20updates&geo=US"
"federal voter id legislation debate","50 mil+","8 de agosto de 2026 a las 9:20:00 UTC-3","9 de agosto de 2026 a las 23:40:00 UTC-3","federal voter id legislation debate,senate gop voting bill failure,save america","./explore?q=federal%20voter%20id%20legislation%20debate&geo=US"
"nbis stock","50 mil+","11 de agosto de 2026 a las 12:30:00 UTC-3","13 de agosto de 2026 a las 13:00:00 UTC-3","nbis stock,coreweave stock,nbis,nebius stock,nbis earnings,nebius earnings","./explore?q=nbis%20stock&geo=US"
"violet hensley","50 mil+","8 de agosto de 2026 a las 10:20:00 UTC-3","11 de agosto de 2026 a las 23:10:00 UTC-3","violet hensley","./explore?q=violet%20hensley&geo=US"
"stockard channing reclusive life","50 mil+","10 de agosto de 2026 a las 16:20:00 UTC-3","11 de agosto de 2026 a las 23:10:00 UTC-3","stockard channing reclusive life,stockard channing","./explore?q=stockard%20channing%20reclusive%20life&geo=US"
"disease outbreak","50 mil+","12 de agosto de 2026 a las 12:40:00 UTC-3","12 de agosto de 2026 a las 23:00:00 UTC-3","disease outbreak,deadly disease outbreak,ebola","./explore?q=disease%20outbreak&geo=US"
"leagues cup","50 mil+","14 de agosto de 2026 a las 0:00:00 UTC-3","14 de agosto de 2026 a las 1:10:00 UTC-3","leagues cup,club américa vs austin fc standings,club america,america fc,austin fc,america vs austin fc","./explore?q=leagues%20cup&geo=US"
"craig melvin wife new job","50 mil+","9 de agosto de 2026 a las 18:20:00 UTC-3","10 de agosto de 2026 a las 19:50:00 UTC-3","craig melvin wife new job,craig melvin,lindsay czarniak","./explore?q=craig%20melvin%20wife%20new%20job&geo=US"
"king charles balmoral summer retreat","50 mil+","8 de agosto de 2026 a las 19:10:00 UTC-3","10 de agosto de 2026 a las 13:20:00 UTC-3","king charles balmoral summer retreat","./explore?q=king%20charles%20balmoral%20summer%20retreat&geo=US"
"tigres - whitecaps","50 mil+","11 de agosto de 2026 a las 22:30:00 UTC-3","12 de agosto de 2026 a las 11:40:00 UTC-3","tigres - whitecaps,tigres uanl vs vancouver","./explore?q=tigres%20-%20whitecaps&geo=US"
"today with jenna & sheinelle","50 mil+","10 de agosto de 2026 a las 15:50:00 UTC-3","11 de agosto de 2026 a las 16:10:00 UTC-3","today with jenna & sheinelle","./explore?q=today%20with%20jenna%20%26%20sheinelle&geo=US"
"columbus crew - pumas","50 mil+","11 de agosto de 2026 a las 19:50:00 UTC-3","12 de agosto de 2026 a las 9:30:00 UTC-3","columbus crew - pumas,columbus vs pumas unam,columbus crew","./explore?q=columbus%20crew%20-%20pumas&geo=US"
"espn","50 mil+","13 de agosto de 2026 a las 20:20:00 UTC-3","14 de agosto de 2026 a las 0:10:00 UTC-3","espn,football","./explore?q=espn&geo=US"
"becky hammon","50 mil+","9 de agosto de 2026 a las 14:20:00 UTC-3","11 de agosto de 2026 a las 12:20:00 UTC-3","becky hammon,aces vs liberty,las vegas aces,marine johannes,new york liberty,mai yamamoto,breanna stewart,aja wilson,jonquel jones,ny liberty,han xu,is aja wilson playing today","./explore?q=becky%20hammon&geo=US"
"earthquake san francisco","50 mil+","13 de agosto de 2026 a las 12:30:00 UTC-3","13 de agosto de 2026 a las 18:00:00 UTC-3","earthquake san francisco,earthquake near me,earthquakes today,earthquake oakland,sf earthquake,earthquake today just now,earthquake san leandro,earthquake bay area,usgs,bay area earthquake,san francisco earthquake,san leandro earthquake,earthquake sf,earthquake alameda,sf earthquake just now,earthquake berkeley,oakland earthquake,earthquake just now,usgs earthquake california,earthquake california,oakland earthquake just now,california earthquake,bay area earthquake today,san leandro,earthquake bay area just now,earthquake san francisco today,san francisco earthquake today","./explore?q=earthquake%20san%20francisco&geo=US"
"farmers' almanac winter forecast","50 mil+","8 de agosto de 2026 a las 23:30:00 UTC-3","10 de agosto de 2026 a las 8:50:00 UTC-3","farmers' almanac winter forecast,farmers almanac winter forecast,farmers almanac winter weather forecast,farmers' almanac 2026 weather prep,caleb weatherbee winter weather predictions,farmer's almanac winter forecast 2026,map weather,2026 winter weather old farmer's almanac,farmers' almanac,2026 2027 farmers almanac predictions,buffalo weather,2027 super el nino impacts","./explore?q=farmers%27%20almanac%20winter%20forecast&geo=US"
"project anchor","50 mil+","11 de agosto de 2026 a las 21:20:00 UTC-3","12 de agosto de 2026 a las 15:30:00 UTC-3","project anchor,losing gravity for 7 seconds,earth losing gravity,earth gravity,earth lose gravity,gravity loss,are we losing gravity today,gravity,lose gravity,no gravity,loss of gravity,no gravity day,7 seconds of low to no gravity","./explore?q=project%20anchor&geo=US"
"iga swiatek","50 mil+","12 de agosto de 2026 a las 20:50:00 UTC-3","13 de agosto de 2026 a las 22:10:00 UTC-3","iga swiatek,elena rybakina,toronto open,canadian open tennis,elina svitolina,canada open,rybakina,swiatek,svitolina,ekaterina alexandrova,alexandrova,wta toronto,national bank open presented by rogers","./explore?q=iga%20swiatek&geo=US"
"roger craig","50 mil+","8 de agosto de 2026 a las 13:50:00 UTC-3","9 de agosto de 2026 a las 13:50:00 UTC-3","roger craig,vascular dementia,what is vascular dementia,roger craig health,roger craig nfl,roger craig health issues","./explore?q=roger%20craig&geo=US"
"posiciones de seattle sounders contra chivas","50 mil+","13 de agosto de 2026 a las 1:50:00 UTC-3","13 de agosto de 2026 a las 10:50:00 UTC-3","posiciones de seattle sounders contra chivas,guadalajara vs dallas,chivas vs dallas,posiciones de chivas contra fc dallas,chivas de guadalajara,guadalajara vs. fc dallas","./explore?q=posiciones%20de%20seattle%20sounders%20contra%20chivas&geo=US"
"kanter and white wnba eligibility","50 mil+","8 de agosto de 2026 a las 12:00:00 UTC-3","9 de agosto de 2026 a las 12:20:00 UTC-3","kanter and white wnba eligibility,enes freedom,royce white wnba,cathy engelbert,enes kanter freedom wnba letter,wnba sophie cunningham,nba players wnba draft,enes kanter freedom wnba draft","./explore?q=kanter%20and%20white%20wnba%20eligibility&geo=US"
"américa vs portland","50 mil+","9 de agosto de 2026 a las 22:20:00 UTC-3","10 de agosto de 2026 a las 11:50:00 UTC-3","américa vs portland,posiciones de club américa contra portland timbers,america vs","./explore?q=am%C3%A9rica%20vs%20portland&geo=US"
"zohran mamdani luxury home tax","50 mil+","13 de agosto de 2026 a las 22:10:00 UTC-3","14 de agosto de 2026 a las 11:20:00 UTC-3","zohran mamdani luxury home tax,mamdani,pied a terre tax,property tax,new york","./explore?q=zohran%20mamdani%20luxury%20home%20tax&geo=US"
"man city vs atlético madrid","50 mil+","9 de agosto de 2026 a las 7:10:00 UTC-3","9 de agosto de 2026 a las 20:30:00 UTC-3","man city vs atlético madrid,manchester city - atlético madrid,club friendlies,manchester city,manchester city – atlético madrid","./explore?q=man%20city%20vs%20atl%C3%A9tico%20madrid&geo=US"
"tallulah willis","50 mil+","12 de agosto de 2026 a las 2:50:00 UTC-3","12 de agosto de 2026 a las 16:00:00 UTC-3","tallulah willis,tallulah willis wedding,bruce willis,tallulah willis justin acee marriage,demi moore,tallulah willis balenciaga wedding dress,musician,justin acee","./explore?q=tallulah%20willis&geo=US"
"toluca vs lafc","50 mil+","8 de agosto de 2026 a las 23:10:00 UTC-3","9 de agosto de 2026 a las 12:40:00 UTC-3","toluca vs lafc,toluca - lafc,toluca fc vs lafc standings,lafc,eddie segura,toluca fc vs lafc lineups","./explore?q=toluca%20vs%20lafc&geo=US"
"guadalajara - fc dallas","50 mil+","8 de agosto de 2026 a las 21:10:00 UTC-3","9 de agosto de 2026 a las 11:00:00 UTC-3","guadalajara - fc dallas,chivas de guadalajara vs fc dallas standings,chivas vs fc dallas,fc dallas,where to watch chivas de guadalajara vs fc dallas,score","./explore?q=guadalajara%20-%20fc%20dallas&geo=US"
"inter miami - monterrey","50 mil+","8 de agosto de 2026 a las 20:10:00 UTC-3","9 de agosto de 2026 a las 9:50:00 UTC-3","inter miami - monterrey,monterrey fc","./explore?q=inter%20miami%20-%20monterrey&geo=US"
"aces vs lynx","50 mil+","8 de agosto de 2026 a las 13:10:00 UTC-3","9 de agosto de 2026 a las 0:30:00 UTC-3","aces vs lynx,las vegas aces,napheesa collier,olivia miles,lynx vs aces,a'ja wilson,justine pissott,minnesota lynx,natasha howard","./explore?q=aces%20vs%20lynx&geo=US"
"liverpool vs monaco","50 mil+","9 de agosto de 2026 a las 9:40:00 UTC-3","9 de agosto de 2026 a las 20:10:00 UTC-3","liverpool vs monaco,liverpool - mónaco,liverpool,liverpool f.c,liverpool fc,liverpool f.c.","./explore?q=liverpool%20vs%20monaco&geo=US"
"strait of hormuz news","50 mil+","8 de agosto de 2026 a las 9:50:00 UTC-3","8 de agosto de 2026 a las 21:00:00 UTC-3","strait of hormuz news,strait of hormuz,houthi drone strikes aramco","./explore?q=strait%20of%20hormuz%20news&geo=US"
"ferencváros vs real madrid","50 mil+","8 de agosto de 2026 a las 13:50:00 UTC-3","8 de agosto de 2026 a las 21:10:00 UTC-3","ferencváros vs real madrid,ferencváros - real madrid,real madrid vs,real madrid vs ferencváros,real madrid tv,ferencváros vs. real madrid,where to watch real madrid vs ferencvaros,ferencváros tc – real madrid","./explore?q=ferencv%C3%A1ros%20vs%20real%20madrid&geo=US"
"severe thunderstorm watch","50 mil+","10 de agosto de 2026 a las 16:00:00 UTC-3","10 de agosto de 2026 a las 19:10:00 UTC-3","severe thunderstorm watch,severe thunderstorm warning,weather nyc","./explore?q=severe%20thunderstorm%20watch&geo=US"
"astros vs padres","50 mil+","9 de agosto de 2026 a las 20:40:00 UTC-3","10 de agosto de 2026 a las 1:10:00 UTC-3","astros vs padres,astros,sunday night baseball,jose altuve,san diego padres","./explore?q=astros%20vs%20padres&geo=US"
"mateusz gamrot","50 mil+","8 de agosto de 2026 a las 2:20:00 UTC-3","9 de agosto de 2026 a las 4:20:00 UTC-3","mateusz gamrot,ufc fight night,gamrot,gamrot vs salkilld,salkilld,gamrot ufc,lightweight ufc,salkilld vs gamrot,gamrot vs salkilld prediction,diego ferreira ufc","./explore?q=mateusz%20gamrot&geo=US"
"atletico madrid","50 mil+","14 de agosto de 2026 a las 13:20:00 UTC-3","14 de agosto de 2026 a las 15:30:00 UTC-3","atletico madrid,barcelona,target","./explore?q=atletico%20madrid&geo=US"
"psg vs man united","50 mil+","8 de agosto de 2026 a las 11:10:00 UTC-3","8 de agosto de 2026 a las 20:10:00 UTC-3","psg vs man united,manchester united,psg - manchester united,manchester united vs psg,man united,man u vs psg,man united vs psg,man utd vs psg,man u,goal","./explore?q=psg%20vs%20man%20united&geo=US"
"dodgers - dbacks","50 mil+","8 de agosto de 2026 a las 20:50:00 UTC-3","9 de agosto de 2026 a las 2:50:00 UTC-3","dodgers - dbacks,dodgers,edwin diaz,dbacks,dodgers score,arizona diamondbacks,dodgers game,ryan waldschmidt,los angeles dodgers,dodger game,la dodgers,dodger game today,dodger score,dodger,dbacks game,dodgers vs diamondbacks match player stats,dodgers losing streak","./explore?q=dodgers%20-%20dbacks&geo=US"
"diamondbacks vs braves","20 mil+","14 de agosto de 2026 a las 19:20:00 UTC-3",,"diamondbacks vs braves,brandon pfaadt,dbacks - braves","./explore?q=diamondbacks%20vs%20braves&geo=US"
"padres vs guardians","20 mil+","14 de agosto de 2026 a las 19:10:00 UTC-3",,"padres vs guardians","./explore?q=padres%20vs%20guardians&geo=US"
"orioles vs rays","20 mil+","14 de agosto de 2026 a las 19:10:00 UTC-3",,"orioles vs rays","./explore?q=orioles%20vs%20rays&geo=US"
"terrell williams","20 mil+","13 de agosto de 2026 a las 14:10:00 UTC-3",,"terrell williams","./explore?q=terrell%20williams&geo=US"
"dee snider ozzy osbourne","20 mil+","14 de agosto de 2026 a las 12:30:00 UTC-3",,"dee snider ozzy osbourne","./explore?q=dee%20snider%20ozzy%20osbourne&geo=US"
"nationals vs mets","20 mil+","14 de agosto de 2026 a las 19:20:00 UTC-3",,"nationals vs mets","./explore?q=nationals%20vs%20mets&geo=US"
"phoebe bridgers","20 mil+","14 de agosto de 2026 a las 0:10:00 UTC-3",,"phoebe bridgers,lost weekend phoebe bridgers,phoebe bridgers lost weekend,phoebe bridgers new album","./explore?q=phoebe%20bridgers&geo=US"
"tires season 3","20 mil+","12 de agosto de 2026 a las 20:50:00 UTC-3",,"tires season 3,tires season 3 cast","./explore?q=tires%20season%203&geo=US"
"charles manson","20 mil+","12 de agosto de 2026 a las 17:50:00 UTC-3",,"charles manson,sharon tate","./explore?q=charles%20manson&geo=US"
"tires","20 mil+","12 de agosto de 2026 a las 9:10:00 UTC-3",,"tires","./explore?q=tires&geo=US"
"andrew wilson","20 mil+","14 de agosto de 2026 a las 11:00:00 UTC-3",,"andrew wilson,candace owens andrew wilson debate,candace owens debate","./explore?q=andrew%20wilson&geo=US"
"matthew mcconaughey","20 mil+","13 de agosto de 2026 a las 1:00:00 UTC-3",,"matthew mcconaughey","./explore?q=matthew%20mcconaughey&geo=US"
"jeremy williams","20 mil+","13 de agosto de 2026 a las 18:50:00 UTC-3",,"jeremy williams,kamarie holland","./explore?q=jeremy%20williams&geo=US"
"bubble","20 mil+","14 de agosto de 2026 a las 2:00:00 UTC-3",,"bubble,melissa l. farris,world war ii memorial vandalism,melissa farris,washington dc monument vandalism,melissa l farris,wwii memorial vandalized","./explore?q=bubble&geo=US"
"aus vs ban","20 mil+","12 de agosto de 2026 a las 20:40:00 UTC-3",,"aus vs ban,australia vs bangladesh,hasan mahmud,tanzid hasan,cricket","./explore?q=aus%20vs%20ban&geo=US"
"travis barker plane crash","20 mil+","13 de agosto de 2026 a las 1:40:00 UTC-3",,"travis barker plane crash,travis barker documentary,dj am,blink 182,doc","./explore?q=travis%20barker%20plane%20crash&geo=US"
"cami clark","20 mil+","13 de agosto de 2026 a las 22:00:00 UTC-3",,"cami clark","./explore?q=cami%20clark&geo=US"
"flight 1009 return to lax","20 mil+","14 de agosto de 2026 a las 11:00:00 UTC-3",,"flight 1009 return to lax,emergency landing","./explore?q=flight%201009%20return%20to%20lax&geo=US"
"cowboys","20 mil+","13 de agosto de 2026 a las 20:10:00 UTC-3",,"cowboys,cowboys game,dallas cowboys","./explore?q=cowboys&geo=US"
"hell let loose vietnam","20 mil+","13 de agosto de 2026 a las 7:30:00 UTC-3",,"hell let loose vietnam","./explore?q=hell%20let%20loose%20vietnam&geo=US"
"keri russell","20 mil+","12 de agosto de 2026 a las 14:30:00 UTC-3",,"keri russell,widows bay","./explore?q=keri%20russell&geo=US"
"wolverine ps5","20 mil+","11 de agosto de 2026 a las 12:20:00 UTC-3",,"wolverine ps5","./explore?q=wolverine%20ps5&geo=US"
"matthew rhys","20 mil+","12 de agosto de 2026 a las 2:20:00 UTC-3",,"matthew rhys","./explore?q=matthew%20rhys&geo=US"
"deportation","20 mil+","14 de agosto de 2026 a las 13:10:00 UTC-3",,"deportation","./explore?q=deportation&geo=US"
"eagles","20 mil+","13 de agosto de 2026 a las 20:00:00 UTC-3",,"eagles,philadelphia eagles","./explore?q=eagles&geo=US"
"dennis schroder","20 mil+","14 de agosto de 2026 a las 16:10:00 UTC-3",,"dennis schroder,tre mann","./explore?q=dennis%20schroder&geo=US"
"maxpreps","20 mil+","13 de agosto de 2026 a las 10:00:00 UTC-3",,"maxpreps,max preps","./explore?q=maxpreps&geo=US"
"pokémon go outage","20 mil+","14 de agosto de 2026 a las 23:30:00 UTC-3",,"pokémon go outage,is pokemon go down,pokemon go down,pokemon go outage,pokemon go,pokémon go,pokemon go down?,is pokemon go down?","./explore?q=pok%C3%A9mon%20go%20outage&geo=US"
"playstation","20 mil+","14 de agosto de 2026 a las 6:20:00 UTC-3",,"playstation","./explore?q=playstation&geo=US"
"alia shawkat","20 mil+","14 de agosto de 2026 a las 15:30:00 UTC-3",,"alia shawkat,the wrong girls,kristen stewart","./explore?q=alia%20shawkat&geo=US"
"quinn ewers","20 mil+","14 de agosto de 2026 a las 20:50:00 UTC-3",,"quinn ewers,nfl+,dj uiagalelei,marco wilson,breece hall,davis mills,jamin davis,jordan watkins,mitchell trubisky,tarik black,michael mayer","./explore?q=quinn%20ewers&geo=US"
"marlins vs reds","20 mil+","14 de agosto de 2026 a las 18:20:00 UTC-3","15 de agosto de 2026 a las 1:10:00 UTC-3","marlins vs reds,chase burns,marlins - reds,marlins","./explore?q=marlins%20vs%20reds&geo=US"
"dog food salmonella","20 mil+","13 de agosto de 2026 a las 22:10:00 UTC-3","14 de agosto de 2026 a las 22:00:00 UTC-3","dog food salmonella","./explore?q=dog%20food%20salmonella&geo=US"
"hootie frutti katseye","20 mil+","14 de agosto de 2026 a las 1:00:00 UTC-3",,"hootie frutti katseye,katseye,hootie frutti,bel air katseye","./explore?q=hootie%20frutti%20katseye&geo=US"
"trump ballroom","20 mil+","14 de agosto de 2026 a las 15:10:00 UTC-3","15 de agosto de 2026 a las 0:10:00 UTC-3","trump ballroom,white house state ballroom,white house ballroom construction legal challenge,white house ballroom building dispute,trump white house ballroom appeal","./explore?q=trump%20ballroom&geo=US"
"california quartz countertop silicosis","20 mil+","13 de agosto de 2026 a las 19:00:00 UTC-3","14 de agosto de 2026 a las 18:10:00 UTC-3","california quartz countertop silicosis,stone countertop silicosis,silicosis outbreak artificial stone workers","./explore?q=california%20quartz%20countertop%20silicosis&geo=US"
"fedex st jude championship","20 mil+","13 de agosto de 2026 a las 8:50:00 UTC-3","15 de agosto de 2026 a las 0:00:00 UTC-3","fedex st jude championship,st jude championship,st jude leaderboard,3","./explore?q=fedex%20st%20jude%20championship&geo=US"
"colt ford","20 mil+","13 de agosto de 2026 a las 16:30:00 UTC-3","15 de agosto de 2026 a las 0:20:00 UTC-3","colt ford","./explore?q=colt%20ford&geo=US"
"boeing 737 ryanair engine damage","20 mil+","13 de agosto de 2026 a las 19:50:00 UTC-3","14 de agosto de 2026 a las 19:30:00 UTC-3","boeing 737 ryanair engine damage,airplane window","./explore?q=boeing%20737%20ryanair%20engine%20damage&geo=US"
"nicole kidman","20 mil+","13 de agosto de 2026 a las 14:00:00 UTC-3","14 de agosto de 2026 a las 18:00:00 UTC-3","nicole kidman,troye sivan,she's the best troye sivan","./explore?q=nicole%20kidman&geo=US"
"skip bertman","20 mil+","14 de agosto de 2026 a las 6:50:00 UTC-3","15 de agosto de 2026 a las 1:00:00 UTC-3","skip bertman,nick saban skip bertman lsu,baseball","./explore?q=skip%20bertman&geo=US"
"rory mcilroy fedex st jude","20 mil+","14 de agosto de 2026 a las 17:50:00 UTC-3","15 de agosto de 2026 a las 1:00:00 UTC-3","rory mcilroy fedex st jude,pga tour playoffs jordan spieth,fedex cup,tpc southwind,rory mcilroy","./explore?q=rory%20mcilroy%20fedex%20st%20jude&geo=US"
"mark cuban","20 mil+","13 de agosto de 2026 a las 20:10:00 UTC-3","14 de agosto de 2026 a las 22:40:00 UTC-3","mark cuban,lump sum","./explore?q=mark%20cuban&geo=US"
"denzel washington","20 mil+","13 de agosto de 2026 a las 6:10:00 UTC-3","14 de agosto de 2026 a las 17:20:00 UTC-3","denzel washington","./explore?q=denzel%20washington&geo=US"
"shake shack","20 mil+","13 de agosto de 2026 a las 15:00:00 UTC-3","14 de agosto de 2026 a las 15:20:00 UTC-3","shake shack","./explore?q=shake%20shack&geo=US"
"hypoplastic left heart syndrome","20 mil+","13 de agosto de 2026 a las 6:50:00 UTC-3","15 de agosto de 2026 a las 0:50:00 UTC-3","hypoplastic left heart syndrome,mckenna west,surrogacy,nausheen gilkar and omar ahmed,parent,texas surrogate,surrogate mckenna west","./explore?q=hypoplastic%20left%20heart%20syndrome&geo=US"
"cruz azul vs chicago","20 mil+","13 de agosto de 2026 a las 21:10:00 UTC-3","14 de agosto de 2026 a las 10:20:00 UTC-3","cruz azul vs chicago,club de fútbol cruz azul","./explore?q=cruz%20azul%20vs%20chicago&geo=US"
"dream vs sun","20 mil+","13 de agosto de 2026 a las 19:10:00 UTC-3","14 de agosto de 2026 a las 9:50:00 UTC-3","dream vs sun,rhyne howard,angel reese stats","./explore?q=dream%20vs%20sun&geo=US"
"kroger store closures","20 mil+","13 de agosto de 2026 a las 1:10:00 UTC-3","14 de agosto de 2026 a las 18:40:00 UTC-3","kroger store closures,safeway","./explore?q=kroger%20store%20closures&geo=US"
"sparks vs liberty","20 mil+","13 de agosto de 2026 a las 20:10:00 UTC-3","14 de agosto de 2026 a las 11:00:00 UTC-3","sparks vs liberty,rae burrell,new york liberty","./explore?q=sparks%20vs%20liberty&geo=US"
"colts","20 mil+","13 de agosto de 2026 a las 8:40:00 UTC-3","14 de agosto de 2026 a las 15:20:00 UTC-3","colts,patriots vs colts,indianapolis colts","./explore?q=colts&geo=US"
"crocodile brain evolution research","20 mil+","13 de agosto de 2026 a las 14:40:00 UTC-3","14 de agosto de 2026 a las 21:40:00 UTC-3","crocodile brain evolution research","./explore?q=crocodile%20brain%20evolution%20research&geo=US"
"epic","20 mil+","14 de agosto de 2026 a las 9:40:00 UTC-3","14 de agosto de 2026 a las 16:50:00 UTC-3","epic","./explore?q=epic&geo=US"
"luke combs tour 2027","20 mil+","13 de agosto de 2026 a las 9:10:00 UTC-3","15 de agosto de 2026 a las 1:10:00 UTC-3","luke combs tour 2027,luke combs tour","./explore?q=luke%20combs%20tour%202027&geo=US"
"tommy devito","20 mil+","12 de agosto de 2026 a las 12:40:00 UTC-3","14 de agosto de 2026 a las 9:40:00 UTC-3","tommy devito,tommy devito nickname change,patriots","./explore?q=tommy%20devito&geo=US"
"mystics vs aces","20 mil+","13 de agosto de 2026 a las 22:30:00 UTC-3","14 de agosto de 2026 a las 9:00:00 UTC-3","mystics vs aces,shakira austin,jackie young,aces vs mystics,aces wnba,ta'niya latson","./explore?q=mystics%20vs%20aces&geo=US"
"great white shark","20 mil+","14 de agosto de 2026 a las 14:10:00 UTC-3","14 de agosto de 2026 a las 21:10:00 UTC-3","great white shark,great white,greg wilfert,scarborough beach shark encounter,maine lifeguard shark encounter","./explore?q=great%20white%20shark&geo=US"
"timbers - tijuana","20 mil+","13 de agosto de 2026 a las 23:00:00 UTC-3","14 de agosto de 2026 a las 9:50:00 UTC-3","timbers - tijuana,portland vs club tijuana,portland timbers vs club tijuana standings,timbers vs tijuana,club tijuana","./explore?q=timbers%20-%20tijuana&geo=US"
"dodge charger police vehicle prototype","20 mil+","12 de agosto de 2026 a las 20:30:00 UTC-3","13 de agosto de 2026 a las 18:40:00 UTC-3","dodge charger police vehicle prototype","./explore?q=dodge%20charger%20police%20vehicle%20prototype&geo=US"
"rob reiner","20 mil+","12 de agosto de 2026 a las 15:50:00 UTC-3","13 de agosto de 2026 a las 17:40:00 UTC-3","rob reiner,nick reiner","./explore?q=rob%20reiner&geo=US"
"jalen hurts eagles practice interception","20 mil+","13 de agosto de 2026 a las 12:10:00 UTC-3","14 de agosto de 2026 a las 10:30:00 UTC-3","jalen hurts eagles practice interception","./explore?q=jalen%20hurts%20eagles%20practice%20interception&geo=US"
"nicole kidman and keith urban","20 mil+","14 de agosto de 2026 a las 11:00:00 UTC-3","14 de agosto de 2026 a las 19:40:00 UTC-3","nicole kidman and keith urban,keith urban nicole kidman split,practical magic 2","./explore?q=nicole%20kidman%20and%20keith%20urban&geo=US"
"jared kushner","20 mil+","12 de agosto de 2026 a las 11:00:00 UTC-3","13 de agosto de 2026 a las 16:20:00 UTC-3","jared kushner","./explore?q=jared%20kushner&geo=US"
"us amateur golf","20 mil+","10 de agosto de 2026 a las 9:40:00 UTC-3","14 de agosto de 2026 a las 19:00:00 UTC-3","us amateur golf","./explore?q=us%20amateur%20golf&geo=US"
"guitarist","20 mil+","13 de agosto de 2026 a las 8:40:00 UTC-3","13 de agosto de 2026 a las 19:50:00 UTC-3","guitarist","./explore?q=guitarist&geo=US"
"kennedy center","20 mil+","13 de agosto de 2026 a las 15:00:00 UTC-3","14 de agosto de 2026 a las 10:40:00 UTC-3","kennedy center,kennedy center closure vote,national symphony orchestra,kennedy center votes to put trump's name back on building and close for renovations,kennedy,john f. kennedy center for the performing arts,on","./explore?q=kennedy%20center&geo=US"
"joe belgio","20 mil+","12 de agosto de 2026 a las 12:10:00 UTC-3","13 de agosto de 2026 a las 18:40:00 UTC-3","joe belgio","./explore?q=joe%20belgio&geo=US"
"wordle hint","20 mil+","14 de agosto de 2026 a las 7:40:00 UTC-3","14 de agosto de 2026 a las 11:10:00 UTC-3","wordle hint,wordle hint today,today wordle hints","./explore?q=wordle%20hint&geo=US"
"freddie freeman","20 mil+","13 de agosto de 2026 a las 1:30:00 UTC-3","14 de agosto de 2026 a las 2:50:00 UTC-3","freddie freeman,freddie freeman fall","./explore?q=freddie%20freeman&geo=US"
"2026 super el nino forecast","20 mil+","12 de agosto de 2026 a las 9:20:00 UTC-3","13 de agosto de 2026 a las 8:00:00 UTC-3","2026 super el nino forecast,2026-27 el nino snow predictions,el nino,san antonio weather,el niño snow forecast,el nino forecast,el niño 2026,el niño–southern oscillation,historic el nino predictions 2026,el nino 2026","./explore?q=2026%20super%20el%20nino%20forecast&geo=US"
"hummingbirds","20 mil+","12 de agosto de 2026 a las 14:30:00 UTC-3","13 de agosto de 2026 a las 19:50:00 UTC-3","hummingbirds","./explore?q=hummingbirds&geo=US"
"49ers schedule","20 mil+","13 de agosto de 2026 a las 2:10:00 UTC-3","14 de agosto de 2026 a las 3:50:00 UTC-3","49ers schedule","./explore?q=49ers%20schedule&geo=US"
"mamdani wife travel security refusal","20 mil+","12 de agosto de 2026 a las 13:50:00 UTC-3","13 de agosto de 2026 a las 10:40:00 UTC-3","mamdani wife travel security refusal","./explore?q=mamdani%20wife%20travel%20security%20refusal&geo=US"
"julie andrews","20 mil+","11 de agosto de 2026 a las 16:20:00 UTC-3","13 de agosto de 2026 a las 10:30:00 UTC-3","julie andrews","./explore?q=julie%20andrews&geo=US"
"de'zhaun stribling","20 mil+","13 de agosto de 2026 a las 22:30:00 UTC-3","14 de agosto de 2026 a las 11:20:00 UTC-3","de'zhaun stribling,san francisco 49ers,sf 49ers,stribling,stribling 49ers,trent williams,adrian martinez 49ers","./explore?q=de%27zhaun%20stribling&geo=US"
"puka nacua","20 mil+","11 de agosto de 2026 a las 14:50:00 UTC-3","14 de agosto de 2026 a las 1:30:00 UTC-3","puka nacua","./explore?q=puka%20nacua&geo=US"
"kourtney kardashian","20 mil+","12 de agosto de 2026 a las 15:40:00 UTC-3","14 de agosto de 2026 a las 4:20:00 UTC-3","kourtney kardashian","./explore?q=kourtney%20kardashian&geo=US"
"pokémon 30th anniversary donuts krispy kreme","20 mil+","13 de agosto de 2026 a las 5:40:00 UTC-3","13 de agosto de 2026 a las 23:10:00 UTC-3","pokémon 30th anniversary donuts krispy kreme,krispy kreme pokemon,pokemon 30th anniversary,30th anniversary pokemon","./explore?q=pok%C3%A9mon%2030th%20anniversary%20donuts%20krispy%20kreme&geo=US"
"edwin diaz","20 mil+","14 de agosto de 2026 a las 1:40:00 UTC-3","14 de agosto de 2026 a las 10:40:00 UTC-3","edwin diaz,brewers - dodgers,baseball,dodgers game today,dodgers score,los angeles dodgers,dodger game today,brewers standings,dodger score","./explore?q=edwin%20diaz&geo=US"
"big sur fire","20 mil+","10 de agosto de 2026 a las 11:50:00 UTC-3","13 de agosto de 2026 a las 14:50:00 UTC-3","big sur fire,timber fire,big sur","./explore?q=big%20sur%20fire&geo=US"
"lynx vs fire","20 mil+","12 de agosto de 2026 a las 22:10:00 UTC-3","13 de agosto de 2026 a las 12:20:00 UTC-3","lynx vs fire,minnesota lynx","./explore?q=lynx%20vs%20fire&geo=US"
"jonquel jones wnba technical foul","20 mil+","12 de agosto de 2026 a las 7:20:00 UTC-3","13 de agosto de 2026 a las 10:00:00 UTC-3","jonquel jones wnba technical foul,technical foul,jonquel jones","./explore?q=jonquel%20jones%20wnba%20technical%20foul&geo=US"
"national security","20 mil+","11 de agosto de 2026 a las 17:50:00 UTC-3","12 de agosto de 2026 a las 18:10:00 UTC-3","national security,trump national emergency","./explore?q=national%20security&geo=US"
"doug collins trump administration tensions","20 mil+","13 de agosto de 2026 a las 14:30:00 UTC-3","14 de agosto de 2026 a las 0:30:00 UTC-3","doug collins trump administration tensions,united states secretary of veterans affairs","./explore?q=doug%20collins%20trump%20administration%20tensions&geo=US"
"dolphins shelling behavior","20 mil+","12 de agosto de 2026 a las 16:30:00 UTC-3","13 de agosto de 2026 a las 12:00:00 UTC-3","dolphins shelling behavior","./explore?q=dolphins%20shelling%20behavior&geo=US"
"lord of the rings war in the north","20 mil+","11 de agosto de 2026 a las 13:30:00 UTC-3","13 de agosto de 2026 a las 4:50:00 UTC-3","lord of the rings war in the north,the lord of the rings: war in the north,lord of the rings war in the north game,lotr war in the north","./explore?q=lord%20of%20the%20rings%20war%20in%20the%20north&geo=US"
"lafc vs querétaro","20 mil+","12 de agosto de 2026 a las 23:00:00 UTC-3","13 de agosto de 2026 a las 10:30:00 UTC-3","lafc vs querétaro,lafc - querétaro,lafc vs queretaro,queretaro fc","./explore?q=lafc%20vs%20quer%C3%A9taro&geo=US"
"tempo vs wings","20 mil+","12 de agosto de 2026 a las 20:00:00 UTC-3","13 de agosto de 2026 a las 10:20:00 UTC-3","tempo vs wings,nyara sabally,marina mabrey,wings vs tempo,paige bueckers stats,odyssey sims,toronto tempo,isabelle harrison","./explore?q=tempo%20vs%20wings&geo=US"
"benes shark","20 mil+","12 de agosto de 2026 a las 1:30:00 UTC-3","13 de agosto de 2026 a las 4:40:00 UTC-3","benes shark,nyt connections hints","./explore?q=benes%20shark&geo=US"
"phoebe gates","20 mil+","12 de agosto de 2026 a las 19:50:00 UTC-3","14 de agosto de 2026 a las 21:40:00 UTC-3","phoebe gates,cookie stuffing,what is cookie stuffing,phia","./explore?q=phoebe%20gates&geo=US"
"sitcom","20 mil+","10 de agosto de 2026 a las 13:30:00 UTC-3","12 de agosto de 2026 a las 10:40:00 UTC-3","sitcom","./explore?q=sitcom&geo=US"
"youtube tv","20 mil+","13 de agosto de 2026 a las 18:50:00 UTC-3","14 de agosto de 2026 a las 0:00:00 UTC-3","youtube tv","./explore?q=youtube%20tv&geo=US"
"sky vs valkyries","20 mil+","12 de agosto de 2026 a las 22:10:00 UTC-3","13 de agosto de 2026 a las 11:50:00 UTC-3","sky vs valkyries,golden state valkyries,tiffany hayes","./explore?q=sky%20vs%20valkyries&geo=US"
"punishment","20 mil+","12 de agosto de 2026 a las 16:10:00 UTC-3","13 de agosto de 2026 a las 10:30:00 UTC-3","punishment","./explore?q=punishment&geo=US"
"trump doj executive privilege scope","20 mil+","11 de agosto de 2026 a las 20:50:00 UTC-3","13 de agosto de 2026 a las 15:50:00 UTC-3","trump doj executive privilege scope,executive privilege,trump executive privilege private advisers","./explore?q=trump%20doj%20executive%20privilege%20scope&geo=US"
"david ellison","20 mil+","11 de agosto de 2026 a las 12:20:00 UTC-3","12 de agosto de 2026 a las 16:20:00 UTC-3","david ellison,ca","./explore?q=david%20ellison&geo=US"
"courtney clenney","20 mil+","10 de agosto de 2026 a las 10:00:00 UTC-3","12 de agosto de 2026 a las 9:40:00 UTC-3","courtney clenney,christian obumseli","./explore?q=courtney%20clenney&geo=US"
"zilla fatu","20 mil+","11 de agosto de 2026 a las 22:50:00 UTC-3","13 de agosto de 2026 a las 9:30:00 UTC-3","zilla fatu,zilla fatu nxt","./explore?q=zilla%20fatu&geo=US"
"sam altman","20 mil+","12 de agosto de 2026 a las 9:30:00 UTC-3","14 de agosto de 2026 a las 0:00:00 UTC-3","sam altman","./explore?q=sam%20altman&geo=US"
"carolina molina ice agent confrontation","20 mil+","12 de agosto de 2026 a las 16:30:00 UTC-3","13 de agosto de 2026 a las 9:20:00 UTC-3","carolina molina ice agent confrontation,ice agents","./explore?q=carolina%20molina%20ice%20agent%20confrontation&geo=US"
"damon darling banned from walmart","20 mil+","11 de agosto de 2026 a las 15:50:00 UTC-3","13 de agosto de 2026 a las 14:50:00 UTC-3","damon darling banned from walmart,walmart","./explore?q=damon%20darling%20banned%20from%20walmart&geo=US"
"star wars","20 mil+","9 de agosto de 2026 a las 19:50:00 UTC-3","13 de agosto de 2026 a las 17:00:00 UTC-3","star wars","./explore?q=star%20wars&geo=US"
"nfl network","20 mil+","13 de agosto de 2026 a las 17:20:00 UTC-3","14 de agosto de 2026 a las 0:20:00 UTC-3","nfl network,thursday night football","./explore?q=nfl%20network&geo=US"
"anne hathaway coconut jelly nails","20 mil+","13 de agosto de 2026 a las 9:00:00 UTC-3","13 de agosto de 2026 a las 22:30:00 UTC-3","anne hathaway coconut jelly nails,anne hathaway coconut water nails","./explore?q=anne%20hathaway%20coconut%20jelly%20nails&geo=US"
"london bodean's bbq shut down","20 mil+","11 de agosto de 2026 a las 15:10:00 UTC-3","12 de agosto de 2026 a las 9:40:00 UTC-3","london bodean's bbq shut down","./explore?q=london%20bodean%27s%20bbq%20shut%20down&geo=US"
"star wars zero company","20 mil+","11 de agosto de 2026 a las 12:10:00 UTC-3","13 de agosto de 2026 a las 17:40:00 UTC-3","star wars zero company","./explore?q=star%20wars%20zero%20company&geo=US"
"john thune senate gop support","20 mil+","11 de agosto de 2026 a las 11:00:00 UTC-3","12 de agosto de 2026 a las 17:30:00 UTC-3","john thune senate gop support","./explore?q=john%20thune%20senate%20gop%20support&geo=US"
"bug fire","20 mil+","8 de agosto de 2026 a las 23:10:00 UTC-3","13 de agosto de 2026 a las 4:10:00 UTC-3","bug fire,bug fire reno,reno fire,cold springs fire,evacuation near me","./explore?q=bug%20fire&geo=US"
"mecca pact defense agreement","20 mil+","13 de agosto de 2026 a las 11:40:00 UTC-3","13 de agosto de 2026 a las 22:30:00 UTC-3","mecca pact defense agreement,turkey,defense pact","./explore?q=mecca%20pact%20defense%20agreement&geo=US"
"chicago fire","20 mil+","9 de agosto de 2026 a las 21:30:00 UTC-3","11 de agosto de 2026 a las 22:40:00 UTC-3","chicago fire,chicago med","./explore?q=chicago%20fire&geo=US"
"jamie lee curtis","20 mil+","11 de agosto de 2026 a las 16:20:00 UTC-3","12 de agosto de 2026 a las 9:20:00 UTC-3","jamie lee curtis","./explore?q=jamie%20lee%20curtis&geo=US"
"bird strike","20 mil+","11 de agosto de 2026 a las 14:40:00 UTC-3","12 de agosto de 2026 a las 15:40:00 UTC-3","bird strike","./explore?q=bird%20strike&geo=US"
"julian newman","20 mil+","9 de agosto de 2026 a las 23:40:00 UTC-3","13 de agosto de 2026 a las 8:30:00 UTC-3","julian newman,julian newman sister","./explore?q=julian%20newman&geo=US"
"modesto o'brien's market closing","20 mil+","12 de agosto de 2026 a las 6:20:00 UTC-3","12 de agosto de 2026 a las 20:20:00 UTC-3","modesto o'brien's market closing","./explore?q=modesto%20o%27brien%27s%20market%20closing&geo=US"
"nba schedule","20 mil+","11 de agosto de 2026 a las 8:10:00 UTC-3","12 de agosto de 2026 a las 15:10:00 UTC-3","nba schedule","./explore?q=nba%20schedule&geo=US"
"miami flight alaska airlines disturbance","20 mil+","11 de agosto de 2026 a las 9:50:00 UTC-3","12 de agosto de 2026 a las 12:00:00 UTC-3","miami flight alaska airlines disturbance,passenger threats alaska airlines miami,alaskaair,miami,alaska airline,alaska airlines flight,alaska airlines flights","./explore?q=miami%20flight%20alaska%20airlines%20disturbance&geo=US"
"george amal clooney italian gala","20 mil+","11 de agosto de 2026 a las 18:30:00 UTC-3","12 de agosto de 2026 a las 10:30:00 UTC-3","george amal clooney italian gala,george amal clooney recent outing,george clooney,george and amal clooney lake como","./explore?q=george%20amal%20clooney%20italian%20gala&geo=US"
"airbus a380","20 mil+","10 de agosto de 2026 a las 6:20:00 UTC-3","11 de agosto de 2026 a las 21:10:00 UTC-3","airbus a380","./explore?q=airbus%20a380&geo=US"
"gary dwyer liverpool musician","20 mil+","11 de agosto de 2026 a las 16:00:00 UTC-3","12 de agosto de 2026 a las 12:50:00 UTC-3","gary dwyer liverpool musician","./explore?q=gary%20dwyer%20liverpool%20musician&geo=US"
"assassins creed black flag sequel","20 mil+","10 de agosto de 2026 a las 11:50:00 UTC-3","12 de agosto de 2026 a las 12:20:00 UTC-3","assassins creed black flag sequel","./explore?q=assassins%20creed%20black%20flag%20sequel&geo=US"
"jamie foxx","20 mil+","9 de agosto de 2026 a las 14:20:00 UTC-3","12 de agosto de 2026 a las 7:40:00 UTC-3","jamie foxx","./explore?q=jamie%20foxx&geo=US"
"burmese python new jersey","20 mil+","11 de agosto de 2026 a las 15:10:00 UTC-3","12 de agosto de 2026 a las 11:10:00 UTC-3","burmese python new jersey,8-foot python under shed","./explore?q=burmese%20python%20new%20jersey&geo=US"
"joshua dobbs","20 mil+","13 de agosto de 2026 a las 21:00:00 UTC-3","14 de agosto de 2026 a las 8:40:00 UTC-3","joshua dobbs,teddy bridgewater,josh dobbs,nfl football,detroit lions","./explore?q=joshua%20dobbs&geo=US"
"helicopter","20 mil+","12 de agosto de 2026 a las 20:40:00 UTC-3","13 de agosto de 2026 a las 9:50:00 UTC-3","helicopter,fort hood,military helicopter,texas,apache helicopter","./explore?q=helicopter&geo=US"
"robert gilman","20 mil+","11 de agosto de 2026 a las 12:50:00 UTC-3","12 de agosto de 2026 a las 14:50:00 UTC-3","robert gilman,robert gilman us marine,in","./explore?q=robert%20gilman&geo=US"
"leagues cup standings","20 mil+","12 de agosto de 2026 a las 21:50:00 UTC-3","13 de agosto de 2026 a las 9:00:00 UTC-3","leagues cup standings,monterrey vs nashville,nashville sc,c.f. monterrey vs nashville sc standings","./explore?q=leagues%20cup%20standings&geo=US"
"indiana flooding","20 mil+","13 de agosto de 2026 a las 8:00:00 UTC-3","15 de agosto de 2026 a las 0:20:00 UTC-3","indiana flooding,cambridge city indiana,weather radar,flooding in indiana,wthr,wlwt,indianapolis weather,flash flooding indiana,cincinnati tornado today,wayne county indiana,flood","./explore?q=indiana%20flooding&geo=US"
"rep john larson primary election","20 mil+","12 de agosto de 2026 a las 20:40:00 UTC-3","13 de agosto de 2026 a las 10:10:00 UTC-3","rep john larson primary election,luke bronin,john larson primary election defeat,john larson,john larson luke bronin primary,luke bronin versus john larson,ct primary results,john larson primary,ct primary","./explore?q=rep%20john%20larson%20primary%20election&geo=US"
"rod stewart","20 mil+","11 de agosto de 2026 a las 19:00:00 UTC-3","12 de agosto de 2026 a las 23:50:00 UTC-3","rod stewart,how old is rod stewart,rod stewart health","./explore?q=rod%20stewart&geo=US"
"x-men","20 mil+","8 de agosto de 2026 a las 22:50:00 UTC-3","10 de agosto de 2026 a las 20:50:00 UTC-3","x-men,x men","./explore?q=x-men&geo=US"
"tempo vs dream","20 mil+","10 de agosto de 2026 a las 20:10:00 UTC-3","11 de agosto de 2026 a las 11:40:00 UTC-3","tempo vs dream,atlanta dream,marina mabrey,rhyne howard,aneesah morrow","./explore?q=tempo%20vs%20dream&geo=US"
"trump usps voting policy review","20 mil+","10 de agosto de 2026 a las 9:10:00 UTC-3","11 de agosto de 2026 a las 22:50:00 UTC-3","trump usps voting policy review,postal voting,usps","./explore?q=trump%20usps%20voting%20policy%20review&geo=US"
"turbine blade","20 mil+","9 de agosto de 2026 a las 11:10:00 UTC-3","10 de agosto de 2026 a las 17:40:00 UTC-3","turbine blade","./explore?q=turbine%20blade&geo=US"
"presley gerber","20 mil+","11 de agosto de 2026 a las 15:20:00 UTC-3","12 de agosto de 2026 a las 10:50:00 UTC-3","presley gerber","./explore?q=presley%20gerber&geo=US"
"olivia ponton","20 mil+","9 de agosto de 2026 a las 15:10:00 UTC-3","11 de agosto de 2026 a las 12:30:00 UTC-3","olivia ponton","./explore?q=olivia%20ponton&geo=US"
"tupac shakur","20 mil+","12 de agosto de 2026 a las 11:10:00 UTC-3","12 de agosto de 2026 a las 21:10:00 UTC-3","tupac shakur,tupac,tupac trial,suge knight","./explore?q=tupac%20shakur&geo=US"
"coco gauff","20 mil+","12 de agosto de 2026 a las 23:50:00 UTC-3","13 de agosto de 2026 a las 10:00:00 UTC-3","coco gauff,rybakina,gauff,belinda bencic,gauff vs rybakina,bencic,bencic vs gauff,wta toronto","./explore?q=coco%20gauff&geo=US"
"zach holland golf","20 mil+","10 de agosto de 2026 a las 18:00:00 UTC-3","12 de agosto de 2026 a las 9:00:00 UTC-3","zach holland golf,zach holland,zach holland golf resignation","./explore?q=zach%20holland%20golf&geo=US"
"tropics","20 mil+","14 de agosto de 2026 a las 7:20:00 UTC-3","14 de agosto de 2026 a las 17:50:00 UTC-3","tropics,national hurricane center atlantic,national hurricane center,tropical waves,nhc,hurricane tracker,tropical storm cristobal,l","./explore?q=tropics&geo=US"
"cruz azul","20 mil+","13 de agosto de 2026 a las 22:30:00 UTC-3","14 de agosto de 2026 a las 1:10:00 UTC-3","cruz azul,real salt lake - juárez,américa vs. austin fc,cruz azul vs chicago fire fc stats,tijuana fc","./explore?q=cruz%20azul&geo=US"
"sky vs storm","20 mil+","10 de agosto de 2026 a las 22:10:00 UTC-3","11 de agosto de 2026 a las 12:50:00 UTC-3","sky vs storm,seattle storm,dominique malonga,zia cooke","./explore?q=sky%20vs%20storm&geo=US"
"zuckerberg yacht","20 mil+","9 de agosto de 2026 a las 17:50:00 UTC-3","10 de agosto de 2026 a las 20:40:00 UTC-3","zuckerberg yacht,superyacht,facebook","./explore?q=zuckerberg%20yacht&geo=US"
"bbc","20 mil+","10 de agosto de 2026 a las 16:30:00 UTC-3","11 de agosto de 2026 a las 20:50:00 UTC-3","bbc,b","./explore?q=bbc&geo=US"
"lunar eclipse 2026","20 mil+","12 de agosto de 2026 a las 8:10:00 UTC-3","13 de agosto de 2026 a las 2:40:00 UTC-3","lunar eclipse 2026,lunar eclipse","./explore?q=lunar%20eclipse%202026&geo=US"
"permanent daylight savings time","20 mil+","9 de agosto de 2026 a las 22:40:00 UTC-3","10 de agosto de 2026 a las 16:40:00 UTC-3","permanent daylight savings time","./explore?q=permanent%20daylight%20savings%20time&geo=US"
"pihakis chapter 7 liquidation case","20 mil+","8 de agosto de 2026 a las 13:40:00 UTC-3","9 de agosto de 2026 a las 22:50:00 UTC-3","pihakis chapter 7 liquidation case","./explore?q=pihakis%20chapter%207%20liquidation%20case&geo=US"
"georgina rodríguez","20 mil+","11 de agosto de 2026 a las 17:10:00 UTC-3","12 de agosto de 2026 a las 12:20:00 UTC-3","georgina rodríguez,cristiano ronaldo,cristiano ronaldo married,ronaldo,cristiano ronaldo wedding,cristiano ronaldo georgina rodriguez wedding,ronaldo marriage,gucci,instagram","./explore?q=georgina%20rodr%C3%ADguez&geo=US"
"britney spears","20 mil+","9 de agosto de 2026 a las 4:40:00 UTC-3","10 de agosto de 2026 a las 18:10:00 UTC-3","britney spears","./explore?q=britney%20spears&geo=US"
"jeffrey dean morgan","20 mil+","10 de agosto de 2026 a las 18:30:00 UTC-3","11 de agosto de 2026 a las 18:50:00 UTC-3","jeffrey dean morgan","./explore?q=jeffrey%20dean%20morgan&geo=US"
"tommy john","20 mil+","8 de agosto de 2026 a las 13:00:00 UTC-3","9 de agosto de 2026 a las 21:20:00 UTC-3","tommy john,new york yankees,yankee game today","./explore?q=tommy%20john&geo=US"
"daniel kinahan","20 mil+","9 de agosto de 2026 a las 8:20:00 UTC-3","11 de agosto de 2026 a las 9:10:00 UTC-3","daniel kinahan","./explore?q=daniel%20kinahan&geo=US"
"savannah james hermes","20 mil+","8 de agosto de 2026 a las 10:20:00 UTC-3","9 de agosto de 2026 a las 17:30:00 UTC-3","savannah james hermes","./explore?q=savannah%20james%20hermes&geo=US"
"climbing","20 mil+","13 de agosto de 2026 a las 16:40:00 UTC-3","13 de agosto de 2026 a las 22:30:00 UTC-3","climbing,jake whisenant climber,jake whisenant","./explore?q=climbing&geo=US"
"middle east","20 mil+","10 de agosto de 2026 a las 20:20:00 UTC-3","11 de agosto de 2026 a las 15:30:00 UTC-3","middle east,us fires on ship,vela nova,scott bessent,iran us","./explore?q=middle%20east&geo=US"
"monterrey - nashville sc","20 mil+","12 de agosto de 2026 a las 20:40:00 UTC-3","13 de agosto de 2026 a las 8:00:00 UTC-3","monterrey - nashville sc","./explore?q=monterrey%20-%20nashville%20sc&geo=US"
"mercury vs sparks","20 mil+","11 de agosto de 2026 a las 22:30:00 UTC-3","12 de agosto de 2026 a las 11:10:00 UTC-3","mercury vs sparks,noemie brochant,alyssa thomas,dearica hamby,sparks vs mercury","./explore?q=mercury%20vs%20sparks&geo=US"
"policy","20 mil+","11 de agosto de 2026 a las 9:00:00 UTC-3","11 de agosto de 2026 a las 22:30:00 UTC-3","policy","./explore?q=policy&geo=US"
"the hill","20 mil+","10 de agosto de 2026 a las 13:20:00 UTC-3","11 de agosto de 2026 a las 17:00:00 UTC-3","the hill","./explore?q=the%20hill&geo=US"
"lucasfilm canceled star wars movie","20 mil+","9 de agosto de 2026 a las 7:40:00 UTC-3","10 de agosto de 2026 a las 14:20:00 UTC-3","lucasfilm canceled star wars movie,disney cancelled star wars robot film,star wars","./explore?q=lucasfilm%20canceled%20star%20wars%20movie&geo=US"
"publix e coli berry contamination","20 mil+","10 de agosto de 2026 a las 15:40:00 UTC-3","11 de agosto de 2026 a las 18:20:00 UTC-3","publix e coli berry contamination","./explore?q=publix%20e%20coli%20berry%20contamination&geo=US"
"hoover dam reservoir ghost town","20 mil+","9 de agosto de 2026 a las 22:00:00 UTC-3","10 de agosto de 2026 a las 21:30:00 UTC-3","hoover dam reservoir ghost town,lake mead,hoover dam","./explore?q=hoover%20dam%20reservoir%20ghost%20town&geo=US"
"haitians","20 mil+","8 de agosto de 2026 a las 9:00:00 UTC-3","9 de agosto de 2026 a las 20:30:00 UTC-3","haitians,haitian tps","./explore?q=haitians&geo=US"
"elon musk terafab construction plan","20 mil+","10 de agosto de 2026 a las 12:20:00 UTC-3","11 de agosto de 2026 a las 13:00:00 UTC-3","elon musk terafab construction plan,elon musk largest building,grimes texas","./explore?q=elon%20musk%20terafab%20construction%20plan&geo=US"
"arrest","20 mil+","12 de agosto de 2026 a las 17:10:00 UTC-3","12 de agosto de 2026 a las 21:30:00 UTC-3","arrest,heidi beirich,splc","./explore?q=arrest&geo=US"
"brandon nakashima","20 mil+","12 de agosto de 2026 a las 19:20:00 UTC-3","12 de agosto de 2026 a las 23:30:00 UTC-3","brandon nakashima,montreal open,ben shelton,nakashima,learner tien,national bank open,shelton,nakashima tennis","./explore?q=brandon%20nakashima&geo=US"
"hospital","20 mil+","10 de agosto de 2026 a las 8:40:00 UTC-3","11 de agosto de 2026 a las 10:50:00 UTC-3","hospital","./explore?q=hospital&geo=US"
"cpi","20 mil+","12 de agosto de 2026 a las 8:00:00 UTC-3","12 de agosto de 2026 a las 14:50:00 UTC-3","cpi,cpi report,cryptocurrency,ppi,cpi inflation report,inflation report,cpi data,inflation,coindesk,cpi report today,cpi data release,cpi today,july cpi,inflation report today,cnbc","./explore?q=cpi&geo=US"
"patriot games","20 mil+","11 de agosto de 2026 a las 20:20:00 UTC-3","12 de agosto de 2026 a las 14:30:00 UTC-3","patriot games,patriot games 2026,games","./explore?q=patriot%20games&geo=US"
"wings vs lynx","20 mil+","9 de agosto de 2026 a las 15:30:00 UTC-3","10 de agosto de 2026 a las 9:30:00 UTC-3","wings vs lynx","./explore?q=wings%20vs%20lynx&geo=US"
"workday stock","20 mil+","13 de agosto de 2026 a las 15:40:00 UTC-3","13 de agosto de 2026 a las 19:50:00 UTC-3","workday stock,workday,wday stock,silver lake,silver lake workday,wday","./explore?q=workday%20stock&geo=US"
"aubrey plaza","20 mil+","9 de agosto de 2026 a las 21:40:00 UTC-3","11 de agosto de 2026 a las 9:30:00 UTC-3","aubrey plaza","./explore?q=aubrey%20plaza&geo=US"
"minesweeper","20 mil+","11 de agosto de 2026 a las 10:00:00 UTC-3","12 de agosto de 2026 a las 17:40:00 UTC-3","minesweeper","./explore?q=minesweeper&geo=US"
"trump state department visa revocations","20 mil+","10 de agosto de 2026 a las 13:00:00 UTC-3","11 de agosto de 2026 a las 0:50:00 UTC-3","trump state department visa revocations,trump administration visa revocations,we","./explore?q=trump%20state%20department%20visa%20revocations&geo=US"
"charlotte fc - pachuca","20 mil+","11 de agosto de 2026 a las 19:50:00 UTC-3","12 de agosto de 2026 a las 9:00:00 UTC-3","charlotte fc - pachuca,charlotte vs pachuca,charlotte fc vs c.f. pachuca standings,cruz azul vs,chicago fire fc vs santos laguna standings","./explore?q=charlotte%20fc%20-%20pachuca&geo=US"
"kayla mcbride","20 mil+","9 de agosto de 2026 a las 17:20:00 UTC-3","10 de agosto de 2026 a las 12:30:00 UTC-3","kayla mcbride,minnesota lynx,mn lynx,lynx wnba,lynx vs wings","./explore?q=kayla%20mcbride&geo=US"
"adam sandler","20 mil+","11 de agosto de 2026 a las 0:10:00 UTC-3","12 de agosto de 2026 a las 1:50:00 UTC-3","adam sandler,jon lovitz","./explore?q=adam%20sandler&geo=US"
"everton vs newcastle","20 mil+","12 de agosto de 2026 a las 12:20:00 UTC-3","12 de agosto de 2026 a las 16:50:00 UTC-3","everton vs newcastle,everton - newcastle","./explore?q=everton%20vs%20newcastle&geo=US"
"hegseth senate defense plan","20 mil+","10 de agosto de 2026 a las 7:50:00 UTC-3","11 de agosto de 2026 a las 1:50:00 UTC-3","hegseth senate defense plan,can","./explore?q=hegseth%20senate%20defense%20plan&geo=US"
"epic","20 mil+","12 de agosto de 2026 a las 9:40:00 UTC-3","12 de agosto de 2026 a las 17:00:00 UTC-3","epic","./explore?q=epic&geo=US"
"police","20 mil+","8 de agosto de 2026 a las 7:30:00 UTC-3","9 de agosto de 2026 a las 13:50:00 UTC-3","police","./explore?q=police&geo=US"
"trump executive order childhood vaccines","20 mil+","10 de agosto de 2026 a las 17:00:00 UTC-3","11 de agosto de 2026 a las 2:20:00 UTC-3","trump executive order childhood vaccines,vaccine executive order,trump executive order vaccines,mmr vaccine,trump vaccine executive order,child,trump vaccines,trump vaccine schedule,to","./explore?q=trump%20executive%20order%20childhood%20vaccines&geo=US"
"76ers schedule","20 mil+","13 de agosto de 2026 a las 16:30:00 UTC-3","13 de agosto de 2026 a las 19:10:00 UTC-3","76ers schedule,nba schedule release,nba schedule,knicks schedule,nba christmas games 2026,sixers schedule,knicks,76ers,knicks tickets,nba schedule 2026-27,spurs schedule,celtics schedule,nba opening night 2026,nba,sixers,nba opening night","./explore?q=76ers%20schedule&geo=US"
"south carolina senate primary","20 mil+","11 de agosto de 2026 a las 20:20:00 UTC-3","12 de agosto de 2026 a las 11:00:00 UTC-3","south carolina senate primary,ralph norman,darline graham,sc senate race,darlene graham,sc election results,russell fry,south carolina primary,sc senate race 2026 polls,face","./explore?q=south%20carolina%20senate%20primary&geo=US"
"crwv stock","20 mil+","11 de agosto de 2026 a las 11:10:00 UTC-3","12 de agosto de 2026 a las 13:50:00 UTC-3","crwv stock,crwv,coreweave,coreweave earnings,crwv earnings,ai","./explore?q=crwv%20stock&geo=US"
"denis villeneuve blade runner sequel","20 mil+","8 de agosto de 2026 a las 19:50:00 UTC-3","9 de agosto de 2026 a las 18:40:00 UTC-3","denis villeneuve blade runner sequel","./explore?q=denis%20villeneuve%20blade%20runner%20sequel&geo=US"
"david foster foundation event meghan","20 mil+","8 de agosto de 2026 a las 8:10:00 UTC-3","9 de agosto de 2026 a las 0:50:00 UTC-3","david foster foundation event meghan","./explore?q=david%20foster%20foundation%20event%20meghan&geo=US"
"caitlin clark 8th technical wnba","20 mil+","9 de agosto de 2026 a las 8:10:00 UTC-3","10 de agosto de 2026 a las 20:40:00 UTC-3","caitlin clark 8th technical wnba,caitlin clark technical foul,indiana fever,caitlin clark technical foul suspension,indiana fever caitlin clark technical,fever score","./explore?q=caitlin%20clark%208th%20technical%20wnba&geo=US"
"aaron wise dq","20 mil+","8 de agosto de 2026 a las 16:30:00 UTC-3","9 de agosto de 2026 a las 14:40:00 UTC-3","aaron wise dq,aaron wise wyndham championship disqualification","./explore?q=aaron%20wise%20dq&geo=US"
"slides","20 mil+","11 de agosto de 2026 a las 10:10:00 UTC-3","12 de agosto de 2026 a las 17:20:00 UTC-3","slides","./explore?q=slides&geo=US"
"charles e. grassley","20 mil+","9 de agosto de 2026 a las 0:30:00 UTC-3","9 de agosto de 2026 a las 20:00:00 UTC-3","charles e. grassley,chuck grassley","./explore?q=charles%20e.%20grassley&geo=US"
"maple leaf foods bacon recall","20 mil+","10 de agosto de 2026 a las 17:50:00 UTC-3","11 de agosto de 2026 a las 6:30:00 UTC-3","maple leaf foods bacon recall","./explore?q=maple%20leaf%20foods%20bacon%20recall&geo=US"
"k shaped economy trend shift","20 mil+","10 de agosto de 2026 a las 8:30:00 UTC-3","10 de agosto de 2026 a las 18:30:00 UTC-3","k shaped economy trend shift","./explore?q=k%20shaped%20economy%20trend%20shift&geo=US"
"fedex cup standings","20 mil+","9 de agosto de 2026 a las 14:20:00 UTC-3","10 de agosto de 2026 a las 11:40:00 UTC-3","fedex cup standings","./explore?q=fedex%20cup%20standings&geo=US"
"morgan freeman","20 mil+","8 de agosto de 2026 a las 19:10:00 UTC-3","10 de agosto de 2026 a las 2:50:00 UTC-3","morgan freeman","./explore?q=morgan%20freeman&geo=US"
"hunter biden bbc news interview","20 mil+","8 de agosto de 2026 a las 7:40:00 UTC-3","9 de agosto de 2026 a las 10:40:00 UTC-3","hunter biden bbc news interview","./explore?q=hunter%20biden%20bbc%20news%20interview&geo=US"
"valkyries vs sparks","20 mil+","9 de agosto de 2026 a las 19:10:00 UTC-3","10 de agosto de 2026 a las 8:30:00 UTC-3","valkyries vs sparks,valkyries,golden state valkyries,rae burrell","./explore?q=valkyries%20vs%20sparks&geo=US"
"cruz azul vs new york city","20 mil+","9 de agosto de 2026 a las 19:40:00 UTC-3","10 de agosto de 2026 a las 2:10:00 UTC-3","cruz azul vs new york city,cruz azul,cruz azul vs new york city fc standings,cruz azul vs nycfc,nycfc","./explore?q=cruz%20azul%20vs%20new%20york%20city&geo=US"
"toyota camry","20 mil+","10 de agosto de 2026 a las 6:30:00 UTC-3","11 de agosto de 2026 a las 22:10:00 UTC-3","toyota camry,toyota camry recall","./explore?q=toyota%20camry&geo=US"
"luther burden","20 mil+","8 de agosto de 2026 a las 12:20:00 UTC-3","9 de agosto de 2026 a las 19:50:00 UTC-3","luther burden,bears,luther burden injury","./explore?q=luther%20burden&geo=US"
"wyndham championship leaderboard","20 mil+","8 de agosto de 2026 a las 9:50:00 UTC-3","9 de agosto de 2026 a las 22:10:00 UTC-3","wyndham championship leaderboard,money,wyndham championship payouts,fedex cup standings,wyndham championship purse,wyndham payout 2026,wyndham championship prize money,wyndham championship payout,wyndham championship payouts 2026,harry hall","./explore?q=wyndham%20championship%20leaderboard&geo=US"
"scott eastwood","20 mil+","9 de agosto de 2026 a las 9:30:00 UTC-3","9 de agosto de 2026 a las 16:30:00 UTC-3","scott eastwood","./explore?q=scott%20eastwood&geo=US"
"michael brennan","20 mil+","9 de agosto de 2026 a las 16:10:00 UTC-3","9 de agosto de 2026 a las 23:00:00 UTC-3","michael brennan,michael brennan golf,brennan golfer,wyndham championship 2026,michael brennan golfer,michael brennan caddie,golfer brennan,brennan pga","./explore?q=michael%20brennan&geo=US"
"little league world series 2026","20 mil+","8 de agosto de 2026 a las 9:50:00 UTC-3","9 de agosto de 2026 a las 20:20:00 UTC-3","little league world series 2026","./explore?q=little%20league%20world%20series%202026&geo=US"
"mercury vs mystics","20 mil+","9 de agosto de 2026 a las 15:10:00 UTC-3","10 de agosto de 2026 a las 8:30:00 UTC-3","mercury vs mystics","./explore?q=mercury%20vs%20mystics&geo=US"
"letterboxd","20 mil+","9 de agosto de 2026 a las 10:00:00 UTC-3","9 de agosto de 2026 a las 19:30:00 UTC-3","letterboxd,is letterboxd down,letterboxd down","./explore?q=letterboxd&geo=US"
"liberty island charter boat capsize","20 mil+","10 de agosto de 2026 a las 2:10:00 UTC-3","10 de agosto de 2026 a las 14:40:00 UTC-3","liberty island charter boat capsize,statue of liberty boat capsizing,boat capsizes near statue of liberty,statue of liberty boat capsized,liberty island,shakira austin,new york harbor,nypost","./explore?q=liberty%20island%20charter%20boat%20capsize&geo=US"
"johor darul ta'zim vs chelsea","20 mil+","9 de agosto de 2026 a las 8:10:00 UTC-3","9 de agosto de 2026 a las 16:00:00 UTC-3","johor darul ta'zim vs chelsea,johor - chelsea,draw,chelsea,chelsea fc","./explore?q=johor%20darul%20ta%27zim%20vs%20chelsea&geo=US"
"bills","20 mil+","8 de agosto de 2026 a las 20:00:00 UTC-3","9 de agosto de 2026 a las 13:20:00 UTC-3","bills,buffalo bills,highmark stadium,bills game,buffalo bills new stadium,bills new stadium","./explore?q=bills&geo=US"
"anthony bourdain","20 mil+","10 de agosto de 2026 a las 21:40:00 UTC-3","11 de agosto de 2026 a las 5:20:00 UTC-3","anthony bourdain,tony movie,dominic sessa","./explore?q=anthony%20bourdain&geo=US"
"darren elkins","20 mil+","8 de agosto de 2026 a las 18:00:00 UTC-3","9 de agosto de 2026 a las 10:00:00 UTC-3","darren elkins,yadier del valle","./explore?q=darren%20elkins&geo=US"
"naomi osaka","20 mil+","11 de agosto de 2026 a las 21:20:00 UTC-3","11 de agosto de 2026 a las 23:50:00 UTC-3","naomi osaka,elena rybakina,toronto open,rybakina,osaka tennis,national bank open,canada open tennis 2026,toronto open tennis 2026","./explore?q=naomi%20osaka&geo=US"
"seattle sounders vs querétaro","20 mil+","9 de agosto de 2026 a las 15:50:00 UTC-3","9 de agosto de 2026 a las 20:50:00 UTC-3","seattle sounders vs querétaro,san diego fc - tijuana","./explore?q=seattle%20sounders%20vs%20quer%C3%A9taro&geo=US"
"estados unidos sub-20 - méxico sub-20","20 mil+","9 de agosto de 2026 a las 19:20:00 UTC-3","10 de agosto de 2026 a las 0:30:00 UTC-3","estados unidos sub-20 - méxico sub-20,mexico sub 20,mexico vs usa sub 20,selección de fútbol sub-20 de méxico,sub 20 mexico,mexico vs estados unidos","./explore?q=estados%20unidos%20sub-20%20-%20m%C3%A9xico%20sub-20&geo=US"
"billy quarantillo","20 mil+","8 de agosto de 2026 a las 17:10:00 UTC-3","9 de agosto de 2026 a las 0:20:00 UTC-3","billy quarantillo,diego ferreira","./explore?q=billy%20quarantillo&geo=US"
"severe thunderstorm watch","20 mil+","11 de agosto de 2026 a las 10:20:00 UTC-3","11 de agosto de 2026 a las 13:40:00 UTC-3","severe thunderstorm watch,thunderstorm","./explore?q=severe%20thunderstorm%20watch&geo=US"
"dodgers","20 mil+","11 de agosto de 2026 a las 1:20:00 UTC-3","11 de agosto de 2026 a las 2:50:00 UTC-3","dodgers,royals - dodgers,dodgers game today,dodgers score,los angeles dodgers,la dodgers,dodger game today,dodger score","./explore?q=dodgers&geo=US"
"united states postal service","20 mil+","8 de agosto de 2026 a las 7:30:00 UTC-3","8 de agosto de 2026 a las 20:20:00 UTC-3","united states postal service,united states postmaster general,usps","./explore?q=united%20states%20postal%20service&geo=US"
"chelsea vs milan","20 mil+","8 de agosto de 2026 a las 8:20:00 UTC-3","8 de agosto de 2026 a las 15:20:00 UTC-3","chelsea vs milan,chelsea - milan,chelsea,chelsea vs ac milan,ac milan,chelsea fc ac milan,chelsea fc","./explore?q=chelsea%20vs%20milan&geo=US"
"aryna sabalenka","20 mil+","8 de agosto de 2026 a las 20:10:00 UTC-3","9 de agosto de 2026 a las 0:20:00 UTC-3","aryna sabalenka,sabalenka,ekaterina alexandrova,alexandrova,pegula,sabalenka vs alexandrova","./explore?q=aryna%20sabalenka&geo=US"
"alexandra eala","20 mil+","9 de agosto de 2026 a las 22:00:00 UTC-3","10 de agosto de 2026 a las 0:50:00 UTC-3","alexandra eala,belinda bencic,eala vs bencic,eala,canadian open tennis,bencic,eala game today,alex eala,bencic tennis,eala tennis","./explore?q=alexandra%20eala&geo=US"
"real madrid","20 mil+","8 de agosto de 2026 a las 13:50:00 UTC-3","8 de agosto de 2026 a las 17:10:00 UTC-3","real madrid,man city,barcelona schedule,fc barcelona vs real madrid","./explore?q=real%20madrid&geo=US"
"coco gauff","20 mil+","9 de agosto de 2026 a las 16:50:00 UTC-3","9 de agosto de 2026 a las 23:10:00 UTC-3","coco gauff,rybakina,liudmila samsonova,alina korneeva,korneeva,samsonova,korneeva tennis","./explore?q=coco%20gauff&geo=US"
"savannah bananas","20 mil+","8 de agosto de 2026 a las 21:30:00 UTC-3","9 de agosto de 2026 a las 15:50:00 UTC-3","savannah bananas,banana ball,target field","./explore?q=savannah%20bananas&geo=US"
"kyle schwarber","20 mil+","8 de agosto de 2026 a las 22:10:00 UTC-3","9 de agosto de 2026 a las 19:40:00 UTC-3","kyle schwarber,blue jays - phillies,phillies,phillies score,philadelphia phillies,derek hill,phillies standings","./explore?q=kyle%20schwarber&geo=US"
"iowa speedway","20 mil+","9 de agosto de 2026 a las 16:10:00 UTC-3","9 de agosto de 2026 a las 20:40:00 UTC-3","iowa speedway,ty gibbs,iowa corn 350,joe gibbs,who won the nascar race today,christopher bell,nascar standings,nascar points standings","./explore?q=iowa%20speedway&geo=US"
"sl vs ind","10 mil+","15 de agosto de 2026 a las 0:30:00 UTC-3",,"sl vs ind,sri lanka vs india,ind vs sl,india vs sri lanka,cricket","./explore?q=sl%20vs%20ind&geo=US"
"royals vs angels","10 mil+","14 de agosto de 2026 a las 21:40:00 UTC-3",,"royals vs angels,angels","./explore?q=royals%20vs%20angels&geo=US"
"rockies vs giants","10 mil+","14 de agosto de 2026 a las 22:20:00 UTC-3",,"rockies vs giants","./explore?q=rockies%20vs%20giants&geo=US"
"tua tagovailoa","10 mil+","14 de agosto de 2026 a las 19:40:00 UTC-3",,"tua tagovailoa,nfl games today,nfl games tonight,falcons depth chart,cbs sports","./explore?q=tua%20tagovailoa&geo=US"
"kingdom hearts","10 mil+","14 de agosto de 2026 a las 23:50:00 UTC-3",,"kingdom hearts,kingdom hearts 4,kingdom hearts the series,d23 livestream,kingdom hearts anime,kingdom hearts series,kingdom hearts d23,kingdom hearts animated series","./explore?q=kingdom%20hearts&geo=US"
"kaytron allen","10 mil+","14 de agosto de 2026 a las 20:30:00 UTC-3",,"kaytron allen,robert henry jr.,robert henry jr","./explore?q=kaytron%20allen&geo=US"
"cooper rush","10 mil+","14 de agosto de 2026 a las 20:50:00 UTC-3",,"cooper rush","./explore?q=cooper%20rush&geo=US"
"butch huskey","10 mil+","14 de agosto de 2026 a las 16:00:00 UTC-3",,"butch huskey","./explore?q=butch%20huskey&geo=US"
"mackenzie dern","10 mil+","14 de agosto de 2026 a las 0:20:00 UTC-3",,"mackenzie dern,gillian robertson","./explore?q=mackenzie%20dern&geo=US"
"finlay tarling","10 mil+","14 de agosto de 2026 a las 14:00:00 UTC-3",,"finlay tarling,finlay tarling crash","./explore?q=finlay%20tarling&geo=US"
"summer covid surge united states","10 mil+","14 de agosto de 2026 a las 15:40:00 UTC-3",,"summer covid surge united states","./explore?q=summer%20covid%20surge%20united%20states&geo=US"
"sid wilson","10 mil+","14 de agosto de 2026 a las 19:00:00 UTC-3",,"sid wilson,slipknot sid wilson,sid wilson slipknot","./explore?q=sid%20wilson&geo=US"
"kim mathers","10 mil+","14 de agosto de 2026 a las 0:20:00 UTC-3",,"kim mathers","./explore?q=kim%20mathers&geo=US"
"cade klubnik","10 mil+","14 de agosto de 2026 a las 19:40:00 UTC-3",,"cade klubnik,jets qb,geno smith,klubnik","./explore?q=cade%20klubnik&geo=US"
"missaukee county","10 mil+","14 de agosto de 2026 a las 19:00:00 UTC-3",,"missaukee county,michigan shooting,missaukee county michigan,chad hickman","./explore?q=missaukee%20county&geo=US"
"cincinnati open 2026","10 mil+","13 de agosto de 2026 a las 18:20:00 UTC-3",,"cincinnati open 2026,tennis","./explore?q=cincinnati%20open%202026&geo=US"
"beyond the spider verse","10 mil+","14 de agosto de 2026 a las 3:40:00 UTC-3",,"beyond the spider verse,spiderman beyond the spider verse,beyond the spider verse leaked trailer footage,spider verse trailer leak,beyond the spider verse trailer","./explore?q=beyond%20the%20spider%20verse&geo=US"
"the rivals of amziah king","10 mil+","13 de agosto de 2026 a las 1:20:00 UTC-3",,"the rivals of amziah king,matthew mcconaughey new movie","./explore?q=the%20rivals%20of%20amziah%20king&geo=US"
"christopher abbott","10 mil+","13 de agosto de 2026 a las 23:10:00 UTC-3",,"christopher abbott,christopher abbott professor x","./explore?q=christopher%20abbott&geo=US"
"bbc donald trump lawsuit","10 mil+","14 de agosto de 2026 a las 20:00:00 UTC-3",,"bbc donald trump lawsuit,bbc donald trump defamation lawsuit","./explore?q=bbc%20donald%20trump%20lawsuit&geo=US"
"john paris medically induced coma","10 mil+","14 de agosto de 2026 a las 22:50:00 UTC-3",,"john paris medically induced coma,john paris","./explore?q=john%20paris%20medically%20induced%20coma&geo=US"
"chiefs","10 mil+","13 de agosto de 2026 a las 20:20:00 UTC-3",,"chiefs,where to watch preseason nfl,where to watch nfl preseason","./explore?q=chiefs&geo=US"
"giants","10 mil+","14 de agosto de 2026 a las 22:40:00 UTC-3",,"giants,new york giants,vikings schedule,ny giants","./explore?q=giants&geo=US"
"cuba","10 mil+","14 de agosto de 2026 a las 16:10:00 UTC-3","14 de agosto de 2026 a las 21:20:00 UTC-3","cuba","./explore?q=cuba&geo=US"
"wolves vs blackburn rovers","10 mil+","14 de agosto de 2026 a las 15:30:00 UTC-3","14 de agosto de 2026 a las 20:30:00 UTC-3","wolves vs blackburn rovers,wolves - blackburn rovers,wolves,championship,efl championship","./explore?q=wolves%20vs%20blackburn%20rovers&geo=US"
"proton baryon junction study","10 mil+","13 de agosto de 2026 a las 17:50:00 UTC-3","14 de agosto de 2026 a las 14:40:00 UTC-3","proton baryon junction study","./explore?q=proton%20baryon%20junction%20study&geo=US"
"crime","10 mil+","14 de agosto de 2026 a las 7:20:00 UTC-3","14 de agosto de 2026 a las 22:00:00 UTC-3","crime,bruce blakeman","./explore?q=crime&geo=US"
"gooner daily","10 mil+","13 de agosto de 2026 a las 13:50:00 UTC-3","14 de agosto de 2026 a las 17:20:00 UTC-3","gooner daily","./explore?q=gooner%20daily&geo=US"
"zach bryan denver","10 mil+","14 de agosto de 2026 a las 19:10:00 UTC-3","14 de agosto de 2026 a las 23:30:00 UTC-3","zach bryan denver","./explore?q=zach%20bryan%20denver&geo=US"
"marco rubio","10 mil+","12 de agosto de 2026 a las 11:20:00 UTC-3","14 de agosto de 2026 a las 22:40:00 UTC-3","marco rubio","./explore?q=marco%20rubio&geo=US"
"atalanta - athletic","10 mil+","14 de agosto de 2026 a las 15:10:00 UTC-3","14 de agosto de 2026 a las 19:20:00 UTC-3","atalanta - athletic,atalanta vs athletic","./explore?q=atalanta%20-%20athletic&geo=US"
"kyle mccord","10 mil+","13 de agosto de 2026 a las 21:00:00 UTC-3","14 de agosto de 2026 a las 11:30:00 UTC-3","kyle mccord,kyron drones","./explore?q=kyle%20mccord&geo=US"
"tyreek hill","10 mil+","14 de agosto de 2026 a las 20:20:00 UTC-3","15 de agosto de 2026 a las 0:10:00 UTC-3","tyreek hill,quinnen williams,quinnen williams contract","./explore?q=tyreek%20hill&geo=US"
"gta6 pc","10 mil+","13 de agosto de 2026 a las 23:50:00 UTC-3","14 de agosto de 2026 a las 15:30:00 UTC-3","gta6 pc","./explore?q=gta6%20pc&geo=US"
"jeremiyah love","10 mil+","13 de agosto de 2026 a las 21:20:00 UTC-3","14 de agosto de 2026 a las 13:30:00 UTC-3","jeremiyah love","./explore?q=jeremiyah%20love&geo=US"
"air and water show chicago","10 mil+","14 de agosto de 2026 a las 13:20:00 UTC-3","14 de agosto de 2026 a las 19:40:00 UTC-3","air and water show chicago,chicago air and water show,chicago air and water show 2026,air and water show chicago 2026,chicago air show","./explore?q=air%20and%20water%20show%20chicago&geo=US"
"the angiola ii yacht sinking","10 mil+","13 de agosto de 2026 a las 20:40:00 UTC-3","14 de agosto de 2026 a las 13:50:00 UTC-3","the angiola ii yacht sinking","./explore?q=the%20angiola%20ii%20yacht%20sinking&geo=US"
"wendell smallwood","10 mil+","12 de agosto de 2026 a las 21:30:00 UTC-3","14 de agosto de 2026 a las 19:30:00 UTC-3","wendell smallwood","./explore?q=wendell%20smallwood&geo=US"
"grand theft auto vi","10 mil+","13 de agosto de 2026 a las 16:10:00 UTC-3","14 de agosto de 2026 a las 17:10:00 UTC-3","grand theft auto vi","./explore?q=grand%20theft%20auto%20vi&geo=US"
"luke altmyer","10 mil+","13 de agosto de 2026 a las 20:00:00 UTC-3","14 de agosto de 2026 a las 11:00:00 UTC-3","luke altmyer,altmyer","./explore?q=luke%20altmyer&geo=US"
"selena gomez wondermind fraud lawsuit","10 mil+","13 de agosto de 2026 a las 17:00:00 UTC-3","14 de agosto de 2026 a las 12:00:00 UTC-3","selena gomez wondermind fraud lawsuit,selena gomez,selena gomez wondermind lawsuit","./explore?q=selena%20gomez%20wondermind%20fraud%20lawsuit&geo=US"
"tyrod taylor","10 mil+","13 de agosto de 2026 a las 20:20:00 UTC-3","14 de agosto de 2026 a las 10:10:00 UTC-3","tyrod taylor","./explore?q=tyrod%20taylor&geo=US"
"new oreo flavors","10 mil+","13 de agosto de 2026 a las 15:00:00 UTC-3","14 de agosto de 2026 a las 10:20:00 UTC-3","new oreo flavors,oreo","./explore?q=new%20oreo%20flavors&geo=US"
"anto saka","10 mil+","12 de agosto de 2026 a las 20:10:00 UTC-3","14 de agosto de 2026 a las 12:20:00 UTC-3","anto saka","./explore?q=anto%20saka&geo=US"
"tooele utah tornado warning","10 mil+","13 de agosto de 2026 a las 23:50:00 UTC-3","14 de agosto de 2026 a las 13:20:00 UTC-3","tooele utah tornado warning,tornado warning utah,tooele tornado warning,utah tornado warning,tornado warning salt lake city,tornado tooele,tornado utah,utah tornado,tornado warning tooele","./explore?q=tooele%20utah%20tornado%20warning&geo=US"
"frontier","10 mil+","14 de agosto de 2026 a las 8:30:00 UTC-3","14 de agosto de 2026 a las 20:40:00 UTC-3","frontier","./explore?q=frontier&geo=US"
"new jif peanut butter branding","10 mil+","13 de agosto de 2026 a las 9:50:00 UTC-3","14 de agosto de 2026 a las 10:00:00 UTC-3","new jif peanut butter branding","./explore?q=new%20jif%20peanut%20butter%20branding&geo=US"
"posiciones de club américa contra austin fc","10 mil+","14 de agosto de 2026 a las 0:00:00 UTC-3","14 de agosto de 2026 a las 9:10:00 UTC-3","posiciones de club américa contra austin fc,posiciones de los angeles fc contra queretaro fc","./explore?q=posiciones%20de%20club%20am%C3%A9rica%20contra%20austin%20fc&geo=US"
"dismissed trump lawsuit against harvard","10 mil+","13 de agosto de 2026 a las 13:50:00 UTC-3","14 de agosto de 2026 a las 0:30:00 UTC-3","dismissed trump lawsuit against harvard,harvard university","./explore?q=dismissed%20trump%20lawsuit%20against%20harvard&geo=US"
"nike air jordan x","10 mil+","12 de agosto de 2026 a las 22:10:00 UTC-3","13 de agosto de 2026 a las 21:40:00 UTC-3","nike air jordan x","./explore?q=nike%20air%20jordan%20x&geo=US"
"john fetterman dave mccormick 2030","10 mil+","12 de agosto de 2026 a las 18:20:00 UTC-3","13 de agosto de 2026 a las 15:30:00 UTC-3","john fetterman dave mccormick 2030","./explore?q=john%20fetterman%20dave%20mccormick%202030&geo=US"
"fuel","10 mil+","13 de agosto de 2026 a las 16:00:00 UTC-3","14 de agosto de 2026 a las 11:10:00 UTC-3","fuel","./explore?q=fuel&geo=US"
"michael feldman","10 mil+","13 de agosto de 2026 a las 17:20:00 UTC-3","14 de agosto de 2026 a las 10:20:00 UTC-3","michael feldman","./explore?q=michael%20feldman&geo=US"
"mike washington jr.","10 mil+","13 de agosto de 2026 a las 21:50:00 UTC-3","14 de agosto de 2026 a las 9:30:00 UTC-3","mike washington jr.,mike washington jr","./explore?q=mike%20washington%20jr.&geo=US"
"defense secretary pete hegseth inquiry","10 mil+","13 de agosto de 2026 a las 14:20:00 UTC-3","14 de agosto de 2026 a las 8:30:00 UTC-3","defense secretary pete hegseth inquiry,pete hegseth defense budget briefings","./explore?q=defense%20secretary%20pete%20hegseth%20inquiry&geo=US"
"bill ritter","10 mil+","13 de agosto de 2026 a las 11:10:00 UTC-3","13 de agosto de 2026 a las 23:30:00 UTC-3","bill ritter","./explore?q=bill%20ritter&geo=US"
"posiciones de club de fútbol cruz azul contra chicago fire fc","10 mil+","14 de agosto de 2026 a las 0:20:00 UTC-3","14 de agosto de 2026 a las 8:50:00 UTC-3","posiciones de club de fútbol cruz azul contra chicago fire fc","./explore?q=posiciones%20de%20club%20de%20f%C3%BAtbol%20cruz%20azul%20contra%20chicago%20fire%20fc&geo=US"
"ryan lochte","10 mil+","12 de agosto de 2026 a las 21:00:00 UTC-3","14 de agosto de 2026 a las 11:10:00 UTC-3","ryan lochte","./explore?q=ryan%20lochte&geo=US"
"birthday","10 mil+","13 de agosto de 2026 a las 13:40:00 UTC-3","13 de agosto de 2026 a las 21:30:00 UTC-3","birthday,memes","./explore?q=birthday&geo=US"
"朱镕基","10 mil+","12 de agosto de 2026 a las 4:10:00 UTC-3","13 de agosto de 2026 a las 7:30:00 UTC-3","朱镕基,朱镕基去世","./explore?q=%E6%9C%B1%E9%95%95%E5%9F%BA&geo=US"
"darren waller","10 mil+","12 de agosto de 2026 a las 21:20:00 UTC-3","13 de agosto de 2026 a las 14:00:00 UTC-3","darren waller","./explore?q=darren%20waller&geo=US"
"nfl sunday ticket","10 mil+","13 de agosto de 2026 a las 17:50:00 UTC-3","14 de agosto de 2026 a las 0:50:00 UTC-3","nfl sunday ticket,sunday ticket,nfl stream","./explore?q=nfl%20sunday%20ticket&geo=US"
"philadelphia - santos","10 mil+","13 de agosto de 2026 a las 19:30:00 UTC-3","14 de agosto de 2026 a las 0:50:00 UTC-3","philadelphia - santos,philadelphia union vs santos laguna standings","./explore?q=philadelphia%20-%20santos&geo=US"
"fubo","10 mil+","13 de agosto de 2026 a las 19:00:00 UTC-3","13 de agosto de 2026 a las 23:50:00 UTC-3","fubo,fubotv","./explore?q=fubo&geo=US"
"trump truth social api lawsuit","10 mil+","12 de agosto de 2026 a las 18:00:00 UTC-3","13 de agosto de 2026 a las 10:30:00 UTC-3","trump truth social api lawsuit","./explore?q=trump%20truth%20social%20api%20lawsuit&geo=US"
"ticketmaster","10 mil+","14 de agosto de 2026 a las 11:00:00 UTC-3","14 de agosto de 2026 a las 15:20:00 UTC-3","ticketmaster,ticket master","./explore?q=ticketmaster&geo=US"
"epic","10 mil+","13 de agosto de 2026 a las 9:30:00 UTC-3","13 de agosto de 2026 a las 17:40:00 UTC-3","epic","./explore?q=epic&geo=US"
"nicholas hoult","10 mil+","11 de agosto de 2026 a las 18:50:00 UTC-3","13 de agosto de 2026 a las 10:10:00 UTC-3","nicholas hoult,harry potter","./explore?q=nicholas%20hoult&geo=US"
"royal family","10 mil+","11 de agosto de 2026 a las 22:10:00 UTC-3","12 de agosto de 2026 a las 19:40:00 UTC-3","royal family,meghan markle","./explore?q=royal%20family&geo=US"
"jodie foster","10 mil+","12 de agosto de 2026 a las 16:10:00 UTC-3","13 de agosto de 2026 a las 10:10:00 UTC-3","jodie foster","./explore?q=jodie%20foster&geo=US"
"tom segura divorce","10 mil+","12 de agosto de 2026 a las 19:50:00 UTC-3","13 de agosto de 2026 a las 16:40:00 UTC-3","tom segura divorce","./explore?q=tom%20segura%20divorce&geo=US"
"robin williams","10 mil+","11 de agosto de 2026 a las 9:00:00 UTC-3","13 de agosto de 2026 a las 9:20:00 UTC-3","robin williams","./explore?q=robin%20williams&geo=US"
"brian madjo","10 mil+","12 de agosto de 2026 a las 15:30:00 UTC-3","13 de agosto de 2026 a las 10:40:00 UTC-3","brian madjo,madjo,madjo aston villa","./explore?q=brian%20madjo&geo=US"
"philadelphia vs santos laguna","10 mil+","13 de agosto de 2026 a las 19:30:00 UTC-3","14 de agosto de 2026 a las 0:10:00 UTC-3","philadelphia vs santos laguna,santos laguna","./explore?q=philadelphia%20vs%20santos%20laguna&geo=US"
"oprah stedman graham public appearance","10 mil+","11 de agosto de 2026 a las 20:20:00 UTC-3","12 de agosto de 2026 a las 15:40:00 UTC-3","oprah stedman graham public appearance","./explore?q=oprah%20stedman%20graham%20public%20appearance&geo=US"
"nyc fc - necaxa","10 mil+","13 de agosto de 2026 a las 19:50:00 UTC-3","14 de agosto de 2026 a las 1:10:00 UTC-3","nyc fc - necaxa,posiciones de new york city football club contra necaxa","./explore?q=nyc%20fc%20-%20necaxa&geo=US"
"justin long","10 mil+","12 de agosto de 2026 a las 14:10:00 UTC-3","13 de agosto de 2026 a las 10:00:00 UTC-3","justin long,justin long paris jackson","./explore?q=justin%20long&geo=US"
"orlando city - san luis","10 mil+","12 de agosto de 2026 a las 20:20:00 UTC-3","13 de agosto de 2026 a las 9:00:00 UTC-3","orlando city - san luis,orlando city vs atletico san luis standings","./explore?q=orlando%20city%20-%20san%20luis&geo=US"
"elder scrolls 6","10 mil+","11 de agosto de 2026 a las 19:00:00 UTC-3","12 de agosto de 2026 a las 19:00:00 UTC-3","elder scrolls 6","./explore?q=elder%20scrolls%206&geo=US"
"big bend national park","10 mil+","10 de agosto de 2026 a las 14:30:00 UTC-3","14 de agosto de 2026 a las 16:50:00 UTC-3","big bend national park","./explore?q=big%20bend%20national%20park&geo=US"
"santos vs macará","10 mil+","13 de agosto de 2026 a las 18:10:00 UTC-3","13 de agosto de 2026 a las 23:50:00 UTC-3","santos vs macará,santos - macará,santos,conmebol sudamericana","./explore?q=santos%20vs%20macar%C3%A1&geo=US"
"odin hensley","10 mil+","13 de agosto de 2026 a las 2:10:00 UTC-3","14 de agosto de 2026 a las 0:20:00 UTC-3","odin hensley,odin hensley lake travis,lake travis football player","./explore?q=odin%20hensley&geo=US"
"mina chan","10 mil+","11 de agosto de 2026 a las 9:00:00 UTC-3","12 de agosto de 2026 a las 13:10:00 UTC-3","mina chan","./explore?q=mina%20chan&geo=US"
"ben shelton","10 mil+","13 de agosto de 2026 a las 21:40:00 UTC-3","14 de agosto de 2026 a las 0:30:00 UTC-3","ben shelton,shelton","./explore?q=ben%20shelton&geo=US"
"warner robins high school","10 mil+","12 de agosto de 2026 a las 15:50:00 UTC-3","13 de agosto de 2026 a las 10:00:00 UTC-3","warner robins high school,warner robins high school shooting,warner robins,13wmaz","./explore?q=warner%20robins%20high%20school&geo=US"
"jayme franklin","10 mil+","11 de agosto de 2026 a las 7:20:00 UTC-3","12 de agosto de 2026 a las 13:30:00 UTC-3","jayme franklin,jayme leagh franklin","./explore?q=jayme%20franklin&geo=US"
"interstate 95","10 mil+","12 de agosto de 2026 a las 18:20:00 UTC-3","13 de agosto de 2026 a las 11:00:00 UTC-3","interstate 95","./explore?q=interstate%2095&geo=US"
"greg abel berkshire portfolio changes","10 mil+","14 de agosto de 2026 a las 9:40:00 UTC-3","14 de agosto de 2026 a las 20:50:00 UTC-3","greg abel berkshire portfolio changes,warren buffett,berkshire hathaway,googl stock","./explore?q=greg%20abel%20berkshire%20portfolio%20changes&geo=US"
"alex bregman","10 mil+","12 de agosto de 2026 a las 21:20:00 UTC-3","13 de agosto de 2026 a las 10:20:00 UTC-3","alex bregman,cubs - nationals","./explore?q=alex%20bregman&geo=US"
"aaron rodgers","10 mil+","13 de agosto de 2026 a las 20:20:00 UTC-3","13 de agosto de 2026 a las 23:50:00 UTC-3","aaron rodgers,is aaron rodgers playing tonight,pittsburgh steelers,steelers","./explore?q=aaron%20rodgers&geo=US"
"the new york times","10 mil+","10 de agosto de 2026 a las 21:20:00 UTC-3","11 de agosto de 2026 a las 18:50:00 UTC-3","the new york times","./explore?q=the%20new%20york%20times&geo=US"
"black hole","10 mil+","12 de agosto de 2026 a las 13:20:00 UTC-3","13 de agosto de 2026 a las 9:30:00 UTC-3","black hole,new black hole star discovery","./explore?q=black%20hole&geo=US"
"leagues cup standings","10 mil+","13 de agosto de 2026 a las 23:40:00 UTC-3","14 de agosto de 2026 a las 1:30:00 UTC-3","leagues cup standings,america,leagues cup schedule,leagues cup 2026","./explore?q=leagues%20cup%20standings&geo=US"
"orlando city vs san luis","10 mil+","12 de agosto de 2026 a las 20:10:00 UTC-3","13 de agosto de 2026 a las 8:40:00 UTC-3","orlando city vs san luis","./explore?q=orlando%20city%20vs%20san%20luis&geo=US"
"discapacidad","10 mil+","11 de agosto de 2026 a las 23:20:00 UTC-3","12 de agosto de 2026 a las 20:30:00 UTC-3","discapacidad,seguridad social","./explore?q=discapacidad&geo=US"
"mn election results","10 mil+","11 de agosto de 2026 a las 22:20:00 UTC-3","12 de agosto de 2026 a las 13:40:00 UTC-3","mn election results","./explore?q=mn%20election%20results&geo=US"
"bath and body works nightmare before christmas","10 mil+","12 de agosto de 2026 a las 14:50:00 UTC-3","13 de agosto de 2026 a las 0:30:00 UTC-3","bath and body works nightmare before christmas,nightmare before christmas bath and body works,bath nightmare before christmas","./explore?q=bath%20and%20body%20works%20nightmare%20before%20christmas&geo=US"
"arjun aravind","10 mil+","13 de agosto de 2026 a las 0:10:00 UTC-3","14 de agosto de 2026 a las 2:40:00 UTC-3","arjun aravind,massachusetts","./explore?q=arjun%20aravind&geo=US"
"aep","10 mil+","10 de agosto de 2026 a las 13:00:00 UTC-3","12 de agosto de 2026 a las 16:40:00 UTC-3","aep","./explore?q=aep&geo=US"
"minesweeper","10 mil+","13 de agosto de 2026 a las 9:50:00 UTC-3","13 de agosto de 2026 a las 17:20:00 UTC-3","minesweeper,black sea fleet","./explore?q=minesweeper&geo=US"
"congress primary election upsets","10 mil+","10 de agosto de 2026 a las 10:00:00 UTC-3","11 de agosto de 2026 a las 14:40:00 UTC-3","congress primary election upsets,could the senate flip in 2026?","./explore?q=congress%20primary%20election%20upsets&geo=US"
"mike tomlin nfl future","10 mil+","11 de agosto de 2026 a las 6:30:00 UTC-3","12 de agosto de 2026 a las 10:30:00 UTC-3","mike tomlin nfl future","./explore?q=mike%20tomlin%20nfl%20future&geo=US"
"dave coulier","10 mil+","10 de agosto de 2026 a las 17:50:00 UTC-3","11 de agosto de 2026 a las 16:20:00 UTC-3","dave coulier","./explore?q=dave%20coulier&geo=US"
"ben simmons","10 mil+","9 de agosto de 2026 a las 0:00:00 UTC-3","11 de agosto de 2026 a las 9:20:00 UTC-3","ben simmons","./explore?q=ben%20simmons&geo=US"
"tim anderson","10 mil+","10 de agosto de 2026 a las 13:30:00 UTC-3","11 de agosto de 2026 a las 11:20:00 UTC-3","tim anderson","./explore?q=tim%20anderson&geo=US"
"kourtney kardashian pregnant","10 mil+","12 de agosto de 2026 a las 18:30:00 UTC-3","13 de agosto de 2026 a las 8:10:00 UTC-3","kourtney kardashian pregnant,is kourtney kardashian pregnant","./explore?q=kourtney%20kardashian%20pregnant&geo=US"
"senate democrats trump ballroom audit","10 mil+","13 de agosto de 2026 a las 17:10:00 UTC-3","13 de agosto de 2026 a las 23:10:00 UTC-3","senate democrats trump ballroom audit,white house modernization trump administration,president trump white house overhaul","./explore?q=senate%20democrats%20trump%20ballroom%20audit&geo=US"
"edvin ryding","10 mil+","13 de agosto de 2026 a las 13:20:00 UTC-3","13 de agosto de 2026 a las 19:30:00 UTC-3","edvin ryding,heated rivalry cast,vanessa heated rivalry,emily hampshire,tarek heated rivalry,wyatt hayes heated rivalry,heated rivalry wyatt hayes,heated rivalry season 2 casting,sabrina jalees","./explore?q=edvin%20ryding&geo=US"
"bronny james lakers development","10 mil+","10 de agosto de 2026 a las 7:50:00 UTC-3","11 de agosto de 2026 a las 1:00:00 UTC-3","bronny james lakers development","./explore?q=bronny%20james%20lakers%20development&geo=US"
"panthers training camp brawl","10 mil+","11 de agosto de 2026 a las 6:00:00 UTC-3","12 de agosto de 2026 a las 9:30:00 UTC-3","panthers training camp brawl","./explore?q=panthers%20training%20camp%20brawl&geo=US"
"ridley park lake piranha catch","10 mil+","12 de agosto de 2026 a las 16:50:00 UTC-3","13 de agosto de 2026 a las 8:10:00 UTC-3","ridley park lake piranha catch,piranha,piranha caught ridley park lake","./explore?q=ridley%20park%20lake%20piranha%20catch&geo=US"
"greta lee","10 mil+","10 de agosto de 2026 a las 1:40:00 UTC-3","11 de agosto de 2026 a las 11:10:00 UTC-3","greta lee","./explore?q=greta%20lee&geo=US"
"mike mccarthy steelers training camp","10 mil+","12 de agosto de 2026 a las 6:10:00 UTC-3","12 de agosto de 2026 a las 19:10:00 UTC-3","mike mccarthy steelers training camp,steelers head coach","./explore?q=mike%20mccarthy%20steelers%20training%20camp&geo=US"
"mercedes russell","10 mil+","10 de agosto de 2026 a las 12:50:00 UTC-3","11 de agosto de 2026 a las 23:30:00 UTC-3","mercedes russell,indiana fever mercedes russell roster","./explore?q=mercedes%20russell&geo=US"
"christopher lambert","10 mil+","8 de agosto de 2026 a las 23:30:00 UTC-3","11 de agosto de 2026 a las 9:30:00 UTC-3","christopher lambert","./explore?q=christopher%20lambert&geo=US"
"aston villa","10 mil+","12 de agosto de 2026 a las 15:00:00 UTC-3","12 de agosto de 2026 a las 21:50:00 UTC-3","aston villa","./explore?q=aston%20villa&geo=US"
"chase briscoe","10 mil+","9 de agosto de 2026 a las 8:30:00 UTC-3","10 de agosto de 2026 a las 20:10:00 UTC-3","chase briscoe","./explore?q=chase%20briscoe&geo=US"
"ella langley morgan wallen collaboration","10 mil+","9 de agosto de 2026 a las 19:10:00 UTC-3","10 de agosto de 2026 a las 20:30:00 UTC-3","ella langley morgan wallen collaboration","./explore?q=ella%20langley%20morgan%20wallen%20collaboration&geo=US"
"safeway store closures","10 mil+","11 de agosto de 2026 a las 12:00:00 UTC-3","12 de agosto de 2026 a las 0:00:00 UTC-3","safeway store closures","./explore?q=safeway%20store%20closures&geo=US"
"overwatch patch notes","10 mil+","11 de agosto de 2026 a las 14:50:00 UTC-3","12 de agosto de 2026 a las 4:40:00 UTC-3","overwatch patch notes,overwatch season 4 patch notes","./explore?q=overwatch%20patch%20notes&geo=US"
"smci stock","10 mil+","11 de agosto de 2026 a las 11:20:00 UTC-3","12 de agosto de 2026 a las 17:00:00 UTC-3","smci stock,smci,smci earnings,yahoo finance","./explore?q=smci%20stock&geo=US"
"taron egerton","10 mil+","10 de agosto de 2026 a las 7:00:00 UTC-3","11 de agosto de 2026 a las 12:10:00 UTC-3","taron egerton","./explore?q=taron%20egerton&geo=US"
"america's got talent judges' callbacks 2","10 mil+","11 de agosto de 2026 a las 7:40:00 UTC-3","12 de agosto de 2026 a las 2:50:00 UTC-3","america's got talent judges' callbacks 2","./explore?q=america%27s%20got%20talent%20judges%27%20callbacks%202&geo=US"
"judge garaufis doj adani ruling","10 mil+","10 de agosto de 2026 a las 20:20:00 UTC-3","11 de agosto de 2026 a las 11:50:00 UTC-3","judge garaufis doj adani ruling","./explore?q=judge%20garaufis%20doj%20adani%20ruling&geo=US"
"verity trailer","10 mil+","11 de agosto de 2026 a las 11:50:00 UTC-3","12 de agosto de 2026 a las 10:30:00 UTC-3","verity trailer","./explore?q=verity%20trailer&geo=US"
"lotto","10 mil+","12 de agosto de 2026 a las 19:10:00 UTC-3","13 de agosto de 2026 a las 11:20:00 UTC-3","lotto,nc lottery,nc powerball,michigan powerball million dollar winner,powerball nc","./explore?q=lotto&geo=US"
"calamity mod","10 mil+","10 de agosto de 2026 a las 4:10:00 UTC-3","11 de agosto de 2026 a las 4:50:00 UTC-3","calamity mod","./explore?q=calamity%20mod&geo=US"
"whitney houston","10 mil+","9 de agosto de 2026 a las 1:00:00 UTC-3","10 de agosto de 2026 a las 22:00:00 UTC-3","whitney houston,whitney houston barbie doll,whitney houston barbie","./explore?q=whitney%20houston&geo=US"
"joint base lindsey graham","10 mil+","10 de agosto de 2026 a las 14:50:00 UTC-3","11 de agosto de 2026 a las 10:20:00 UTC-3","joint base lindsey graham","./explore?q=joint%20base%20lindsey%20graham&geo=US"
"chandler hendry","10 mil+","9 de agosto de 2026 a las 0:10:00 UTC-3","10 de agosto de 2026 a las 4:20:00 UTC-3","chandler hendry,chandler david hendry","./explore?q=chandler%20hendry&geo=US"
"samuel alito","10 mil+","11 de agosto de 2026 a las 16:30:00 UTC-3","12 de agosto de 2026 a las 1:00:00 UTC-3","samuel alito","./explore?q=samuel%20alito&geo=US"
"cruzeiro vs flamengo","10 mil+","12 de agosto de 2026 a las 20:50:00 UTC-3","13 de agosto de 2026 a las 7:40:00 UTC-3","cruzeiro vs flamengo,flamengo,cruzeiro,libertadores","./explore?q=cruzeiro%20vs%20flamengo&geo=US"
"laura wright","10 mil+","9 de agosto de 2026 a las 1:40:00 UTC-3","9 de agosto de 2026 a las 20:20:00 UTC-3","laura wright","./explore?q=laura%20wright&geo=US"
"trump account","10 mil+","11 de agosto de 2026 a las 12:00:00 UTC-3","11 de agosto de 2026 a las 21:40:00 UTC-3","trump account","./explore?q=trump%20account&geo=US"
"sam elliott","10 mil+","9 de agosto de 2026 a las 9:00:00 UTC-3","10 de agosto de 2026 a las 2:10:00 UTC-3","sam elliott","./explore?q=sam%20elliott&geo=US"
"red dead redemption","10 mil+","8 de agosto de 2026 a las 17:20:00 UTC-3","9 de agosto de 2026 a las 16:30:00 UTC-3","red dead redemption","./explore?q=red%20dead%20redemption&geo=US"
"bts concert baltimore","10 mil+","10 de agosto de 2026 a las 10:50:00 UTC-3","11 de agosto de 2026 a las 22:00:00 UTC-3","bts concert baltimore,tornado warning baltimore,bts baltimore,wbal","./explore?q=bts%20concert%20baltimore&geo=US"
"2026 us senate control","10 mil+","10 de agosto de 2026 a las 9:10:00 UTC-3","10 de agosto de 2026 a las 20:20:00 UTC-3","2026 us senate control","./explore?q=2026%20us%20senate%20control&geo=US"
"posiciones de club tigres contra vancouver whitecaps","10 mil+","12 de agosto de 2026 a las 1:30:00 UTC-3","12 de agosto de 2026 a las 10:20:00 UTC-3","posiciones de club tigres contra vancouver whitecaps,tigres,tigres vs,tigres vs vancouver","./explore?q=posiciones%20de%20club%20tigres%20contra%20vancouver%20whitecaps&geo=US"
"texas rangers","10 mil+","13 de agosto de 2026 a las 1:30:00 UTC-3","13 de agosto de 2026 a las 9:10:00 UTC-3","texas rangers,angels,rangers","./explore?q=texas%20rangers&geo=US"
"ted lasso season 4 cast","10 mil+","12 de agosto de 2026 a las 20:50:00 UTC-3","13 de agosto de 2026 a las 2:30:00 UTC-3","ted lasso season 4 cast,soccer,ted lasso season 4 roy kent,ted lasso - season 4","./explore?q=ted%20lasso%20season%204%20cast&geo=US"
"bashar al assad","10 mil+","11 de agosto de 2026 a las 7:10:00 UTC-3","12 de agosto de 2026 a las 1:00:00 UTC-3","bashar al assad,absentia","./explore?q=bashar%20al%20assad&geo=US"
"are harry and amber still together","10 mil+","12 de agosto de 2026 a las 21:10:00 UTC-3","13 de agosto de 2026 a las 3:30:00 UTC-3","are harry and amber still together,amber mozo,is harry jowsey still married,lets marry harry,harry jowsey wife","./explore?q=are%20harry%20and%20amber%20still%20together&geo=US"
"christian nationalism","10 mil+","9 de agosto de 2026 a las 9:10:00 UTC-3","9 de agosto de 2026 a las 23:40:00 UTC-3","christian nationalism","./explore?q=christian%20nationalism&geo=US"
"phil jamieson concert cancelled australia","10 mil+","11 de agosto de 2026 a las 13:50:00 UTC-3","11 de agosto de 2026 a las 21:30:00 UTC-3","phil jamieson concert cancelled australia","./explore?q=phil%20jamieson%20concert%20cancelled%20australia&geo=US"
"palworld patch notes","10 mil+","12 de agosto de 2026 a las 16:10:00 UTC-3","12 de agosto de 2026 a las 21:50:00 UTC-3","palworld patch notes,palworld august 12 game patch,palworld update patch notes,palworld update","./explore?q=palworld%20patch%20notes&geo=US"
"mark zuckerberg","10 mil+","9 de agosto de 2026 a las 15:30:00 UTC-3","11 de agosto de 2026 a las 9:00:00 UTC-3","mark zuckerberg,muse glimmer","./explore?q=mark%20zuckerberg&geo=US"
"radar","10 mil+","11 de agosto de 2026 a las 9:50:00 UTC-3","11 de agosto de 2026 a las 17:50:00 UTC-3","radar","./explore?q=radar&geo=US"
"low fat dairy","10 mil+","9 de agosto de 2026 a las 23:20:00 UTC-3","10 de agosto de 2026 a las 14:00:00 UTC-3","low fat dairy,low fat dairy products","./explore?q=low%20fat%20dairy&geo=US"
"charles iii","10 mil+","13 de agosto de 2026 a las 9:00:00 UTC-3","13 de agosto de 2026 a las 11:50:00 UTC-3","charles iii,did king charles die,king charles death","./explore?q=charles%20iii&geo=US"
"project 2025","10 mil+","11 de agosto de 2026 a las 12:30:00 UTC-3","11 de agosto de 2026 a las 21:20:00 UTC-3","project 2025,dennis kirk trump interior nomination","./explore?q=project%202025&geo=US"
"travis kelce","10 mil+","12 de agosto de 2026 a las 7:00:00 UTC-3","12 de agosto de 2026 a las 10:40:00 UTC-3","travis kelce,travis kelce wedding comments,rob gronkowski,taylor swift travis kelce marriage","./explore?q=travis%20kelce&geo=US"
"csco stock","10 mil+","12 de agosto de 2026 a las 17:00:00 UTC-3","13 de agosto de 2026 a las 12:00:00 UTC-3","csco stock,csco,cisco stock,cisco earnings,cisco,csco earnings","./explore?q=csco%20stock&geo=US"
"nintendo switch zelda ocarina of time","10 mil+","12 de agosto de 2026 a las 10:50:00 UTC-3","12 de agosto de 2026 a las 20:00:00 UTC-3","nintendo switch zelda ocarina of time,zelda switch 2,nintendo switch 2 zelda,nintendo switch zelda","./explore?q=nintendo%20switch%20zelda%20ocarina%20of%20time&geo=US"
"i d software","10 mil+","10 de agosto de 2026 a las 12:20:00 UTC-3","10 de agosto de 2026 a las 22:20:00 UTC-3","i d software,id software","./explore?q=i%20d%20software&geo=US"
"dawn staley","10 mil+","8 de agosto de 2026 a las 17:50:00 UTC-3","9 de agosto de 2026 a las 22:10:00 UTC-3","dawn staley","./explore?q=dawn%20staley&geo=US"
"school","10 mil+","8 de agosto de 2026 a las 9:20:00 UTC-3","9 de agosto de 2026 a las 9:40:00 UTC-3","school","./explore?q=school&geo=US"
"adt down","10 mil+","12 de agosto de 2026 a las 21:50:00 UTC-3","13 de agosto de 2026 a las 4:10:00 UTC-3","adt down,adt outage,is adt down,is adt down right now,adt app not working,is adt having an outage","./explore?q=adt%20down&geo=US"
"dana white contender series","10 mil+","11 de agosto de 2026 a las 18:20:00 UTC-3","12 de agosto de 2026 a las 0:20:00 UTC-3","dana white contender series,dwcs,anthony wint,bilal hasan,contender series","./explore?q=dana%20white%20contender%20series&geo=US"
"rafael jodar","10 mil+","12 de agosto de 2026 a las 19:30:00 UTC-3","12 de agosto de 2026 a las 22:10:00 UTC-3","rafael jodar,jodar","./explore?q=rafael%20jodar&geo=US"
"adam vinatieri","10 mil+","8 de agosto de 2026 a las 13:40:00 UTC-3","9 de agosto de 2026 a las 11:20:00 UTC-3","adam vinatieri,adam vinatieri jr.","./explore?q=adam%20vinatieri&geo=US"
"deion sanders colorado football warning","10 mil+","8 de agosto de 2026 a las 20:10:00 UTC-3","10 de agosto de 2026 a las 0:00:00 UTC-3","deion sanders colorado football warning","./explore?q=deion%20sanders%20colorado%20football%20warning&geo=US"
"cincinnati vs atlas","10 mil+","11 de agosto de 2026 a las 20:10:00 UTC-3","12 de agosto de 2026 a las 2:00:00 UTC-3","cincinnati vs atlas,fc cincinnati vs atlas f.c. standings,fc cincinnati","./explore?q=cincinnati%20vs%20atlas&geo=US"
"bar","10 mil+","9 de agosto de 2026 a las 8:30:00 UTC-3","10 de agosto de 2026 a las 10:20:00 UTC-3","bar","./explore?q=bar&geo=US"
"kevin durant","10 mil+","8 de agosto de 2026 a las 17:20:00 UTC-3","9 de agosto de 2026 a las 18:40:00 UTC-3","kevin durant","./explore?q=kevin%20durant&geo=US"
"central florida","10 mil+","8 de agosto de 2026 a las 16:30:00 UTC-3","9 de agosto de 2026 a las 16:40:00 UTC-3","central florida","./explore?q=central%20florida&geo=US"
"panera fall menu additions","10 mil+","10 de agosto de 2026 a las 9:50:00 UTC-3","10 de agosto de 2026 a las 22:50:00 UTC-3","panera fall menu additions","./explore?q=panera%20fall%20menu%20additions&geo=US"
"netflix movie recommendations week","10 mil+","12 de agosto de 2026 a las 11:40:00 UTC-3","12 de agosto de 2026 a las 21:10:00 UTC-3","netflix movie recommendations week,netflix last house movie,the last house cast,the last house reviews,greta lee","./explore?q=netflix%20movie%20recommendations%20week&geo=US"
"david wright melanie alder utah billionaires","10 mil+","9 de agosto de 2026 a las 10:50:00 UTC-3","9 de agosto de 2026 a las 22:00:00 UTC-3","david wright melanie alder utah billionaires","./explore?q=david%20wright%20melanie%20alder%20utah%20billionaires&geo=US"
"marvel wolverine ps5 console","10 mil+","11 de agosto de 2026 a las 16:50:00 UTC-3","12 de agosto de 2026 a las 4:20:00 UTC-3","marvel wolverine ps5 console,marvels wolverine ps5,playstation","./explore?q=marvel%20wolverine%20ps5%20console&geo=US"
"chicago vs santos laguna","10 mil+","9 de agosto de 2026 a las 20:30:00 UTC-3","10 de agosto de 2026 a las 7:50:00 UTC-3","chicago vs santos laguna,santos laguna","./explore?q=chicago%20vs%20santos%20laguna&geo=US"
"perez hilton injuries","10 mil+","12 de agosto de 2026 a las 14:40:00 UTC-3","12 de agosto de 2026 a las 21:00:00 UTC-3","perez hilton injuries,what did perez hilton do to himself,people","./explore?q=perez%20hilton%20injuries&geo=US"
"manchester united","10 mil+","12 de agosto de 2026 a las 15:50:00 UTC-3","12 de agosto de 2026 a las 18:10:00 UTC-3","manchester united,man utd,man united","./explore?q=manchester%20united&geo=US"
"lions gate portal","10 mil+","8 de agosto de 2026 a las 8:20:00 UTC-3","9 de agosto de 2026 a las 4:10:00 UTC-3","lions gate portal","./explore?q=lions%20gate%20portal&geo=US"
"little league softball world series","10 mil+","8 de agosto de 2026 a las 16:30:00 UTC-3","9 de agosto de 2026 a las 19:50:00 UTC-3","little league softball world series","./explore?q=little%20league%20softball%20world%20series&geo=US"
"greenland","10 mil+","10 de agosto de 2026 a las 18:00:00 UTC-3","11 de agosto de 2026 a las 12:10:00 UTC-3","greenland,greenland energy unapproved drilling","./explore?q=greenland&geo=US"
"bernie sanders democratic leadership letter","10 mil+","9 de agosto de 2026 a las 15:10:00 UTC-3","9 de agosto de 2026 a las 23:50:00 UTC-3","bernie sanders democratic leadership letter,super pac,bernie sanders","./explore?q=bernie%20sanders%20democratic%20leadership%20letter&geo=US"
"iga świątek","10 mil+","12 de agosto de 2026 a las 21:30:00 UTC-3","13 de agosto de 2026 a las 0:30:00 UTC-3","iga świątek","./explore?q=iga%20%C5%9Bwi%C4%85tek&geo=US"
"jackie sandler","10 mil+","11 de agosto de 2026 a las 6:30:00 UTC-3","11 de agosto de 2026 a las 13:50:00 UTC-3","jackie sandler,is adam sandlers wife pregnant,adam sandler wife,is adam sandler's wife pregnant,adam sandler wife pregnant","./explore?q=jackie%20sandler&geo=US"
"billy strings was struck by an object during a concert","10 mil+","9 de agosto de 2026 a las 10:20:00 UTC-3","9 de agosto de 2026 a las 20:40:00 UTC-3","billy strings was struck by an object during a concert,billy strings concert","./explore?q=billy%20strings%20was%20struck%20by%20an%20object%20during%20a%20concert&geo=US"
"united states","10 mil+","10 de agosto de 2026 a las 9:10:00 UTC-3","10 de agosto de 2026 a las 16:10:00 UTC-3","united states","./explore?q=united%20states&geo=US"
"noah kahan denver","10 mil+","8 de agosto de 2026 a las 11:10:00 UTC-3","9 de agosto de 2026 a las 21:20:00 UTC-3","noah kahan denver","./explore?q=noah%20kahan%20denver&geo=US"
"catherine, princess of wales","10 mil+","8 de agosto de 2026 a las 18:10:00 UTC-3","9 de agosto de 2026 a las 11:00:00 UTC-3","catherine, princess of wales","./explore?q=catherine%2C%20princess%20of%20wales&geo=US"
"john goodman weight loss","10 mil+","9 de agosto de 2026 a las 18:50:00 UTC-3","10 de agosto de 2026 a las 1:30:00 UTC-3","john goodman weight loss,photo","./explore?q=john%20goodman%20weight%20loss&geo=US"
"ice detainee gabriel johnson hospitalized","10 mil+","8 de agosto de 2026 a las 8:50:00 UTC-3","9 de agosto de 2026 a las 10:30:00 UTC-3","ice detainee gabriel johnson hospitalized,pastor gabriel johnson,gabriel johnson pastor","./explore?q=ice%20detainee%20gabriel%20johnson%20hospitalized&geo=US"
"chicago fire - santos","10 mil+","9 de agosto de 2026 a las 20:30:00 UTC-3","10 de agosto de 2026 a las 7:50:00 UTC-3","chicago fire - santos,chicago fire fc,chicago fire vs santos laguna","./explore?q=chicago%20fire%20-%20santos&geo=US"
"new york state police","10 mil+","8 de agosto de 2026 a las 19:30:00 UTC-3","9 de agosto de 2026 a las 14:10:00 UTC-3","new york state police,thomas david ryan,suspect,orange","./explore?q=new%20york%20state%20police&geo=US"
"blake snell","10 mil+","11 de agosto de 2026 a las 23:20:00 UTC-3","12 de agosto de 2026 a las 3:40:00 UTC-3","blake snell,mookie betts,dodgers score,dodgers game,dodger game,dodgers schedule,dodger game today,alex call,dodger score","./explore?q=blake%20snell&geo=US"
"frank kendall security clearance revoked","10 mil+","8 de agosto de 2026 a las 8:20:00 UTC-3","8 de agosto de 2026 a las 20:30:00 UTC-3","frank kendall security clearance revoked","./explore?q=frank%20kendall%20security%20clearance%20revoked&geo=US"
"laremy tunsil","10 mil+","8 de agosto de 2026 a las 21:10:00 UTC-3","9 de agosto de 2026 a las 14:20:00 UTC-3","laremy tunsil,taylor decker,cbs sports,tunsil","./explore?q=laremy%20tunsil&geo=US"
"j 'd vance","10 mil+","9 de agosto de 2026 a las 18:30:00 UTC-3","10 de agosto de 2026 a las 0:10:00 UTC-3","j 'd vance,jd vance","./explore?q=j%20%27d%20vance&geo=US"
"rent","10 mil+","10 de agosto de 2026 a las 7:20:00 UTC-3","10 de agosto de 2026 a las 12:30:00 UTC-3","rent,ny post,nypost","./explore?q=rent&geo=US"
"boca vs recoleta","10 mil+","11 de agosto de 2026 a las 18:10:00 UTC-3","11 de agosto de 2026 a las 22:10:00 UTC-3","boca vs recoleta,boca juniors,copa sudamericana,boca","./explore?q=boca%20vs%20recoleta&geo=US"
"freddy fazbear pizza american dream mall","10 mil+","8 de agosto de 2026 a las 20:30:00 UTC-3","9 de agosto de 2026 a las 17:50:00 UTC-3","freddy fazbear pizza american dream mall,freddy fazbear pizza american dream,freddy fazbears pizzeria american dream,american dream mall fnaf","./explore?q=freddy%20fazbear%20pizza%20american%20dream%20mall&geo=US"
"steven asplund","10 mil+","8 de agosto de 2026 a las 6:20:00 UTC-3","9 de agosto de 2026 a las 0:40:00 UTC-3","steven asplund,guilherme pat,steven asplund vs guilherme pat","./explore?q=steven%20asplund&geo=US"
"mark ruffalo","10 mil+","11 de agosto de 2026 a las 23:50:00 UTC-3","12 de agosto de 2026 a las 4:20:00 UTC-3","mark ruffalo","./explore?q=mark%20ruffalo&geo=US"
"severe thunderstorm warning","10 mil+","10 de agosto de 2026 a las 10:00:00 UTC-3","10 de agosto de 2026 a las 19:00:00 UTC-3","severe thunderstorm warning","./explore?q=severe%20thunderstorm%20warning&geo=US"
"rklb stock","10 mil+","10 de agosto de 2026 a las 11:00:00 UTC-3","11 de agosto de 2026 a las 12:40:00 UTC-3","rklb stock,rklb,rklb earnings,rocket lab stock","./explore?q=rklb%20stock&geo=US"
"seattle sounders - querétaro","10 mil+","9 de agosto de 2026 a las 15:50:00 UTC-3","9 de agosto de 2026 a las 20:30:00 UTC-3","seattle sounders - querétaro","./explore?q=seattle%20sounders%20-%20quer%C3%A9taro&geo=US"
"cristiano ronaldo","10 mil+","8 de agosto de 2026 a las 7:40:00 UTC-3","8 de agosto de 2026 a las 21:20:00 UTC-3","cristiano ronaldo","./explore?q=cristiano%20ronaldo&geo=US"
"dci finals 2026","10 mil+","8 de agosto de 2026 a las 19:10:00 UTC-3","9 de agosto de 2026 a las 12:10:00 UTC-3","dci finals 2026,dci scores,dci finals,dci finals scores,who won dci 2026,dci finals 2026 scores","./explore?q=dci%20finals%202026&geo=US"
"austin hays","10 mil+","9 de agosto de 2026 a las 15:50:00 UTC-3","10 de agosto de 2026 a las 8:40:00 UTC-3","austin hays,austin hayes,austin hays padres deal","./explore?q=austin%20hays&geo=US"
"philadelphia vs necaxa","10 mil+","9 de agosto de 2026 a las 20:10:00 UTC-3","10 de agosto de 2026 a las 0:10:00 UTC-3","philadelphia vs necaxa,philadelphia - necaxa","./explore?q=philadelphia%20vs%20necaxa&geo=US"
"ivanka trump family vacation iceland","10 mil+","9 de agosto de 2026 a las 17:10:00 UTC-3","9 de agosto de 2026 a las 23:20:00 UTC-3","ivanka trump family vacation iceland,weather travel","./explore?q=ivanka%20trump%20family%20vacation%20iceland&geo=US"
"dunkin code","10 mil+","10 de agosto de 2026 a las 7:40:00 UTC-3","10 de agosto de 2026 a las 14:30:00 UTC-3","dunkin code,free dunkin donuts promo code,dunkin free coffee code,dunkin code today,dunkin promo code,free dunkin august 10th,free dunkin code,dunkin free drink","./explore?q=dunkin%20code&geo=US"
"orlando city - león","10 mil+","8 de agosto de 2026 a las 19:00:00 UTC-3","9 de agosto de 2026 a las 0:30:00 UTC-3","orlando city - león,orlando city vs club león standings,orlando vs leon","./explore?q=orlando%20city%20-%20le%C3%B3n&geo=US"
"leagues cup standings","10 mil+","8 de agosto de 2026 a las 22:20:00 UTC-3","9 de agosto de 2026 a las 4:10:00 UTC-3","leagues cup standings,leagues cup schedule,league cup,real salt lake vs atlante f.c. standings","./explore?q=leagues%20cup%20standings&geo=US"
"beau hossler","10 mil+","9 de agosto de 2026 a las 14:50:00 UTC-3","9 de agosto de 2026 a las 20:10:00 UTC-3","beau hossler,hossler golf","./explore?q=beau%20hossler&geo=US"
"fc barcelona","10 mil+","8 de agosto de 2026 a las 15:00:00 UTC-3","8 de agosto de 2026 a las 19:50:00 UTC-3","fc barcelona,barcelona fc","./explore?q=fc%20barcelona&geo=US"
"alexia thainara","10 mil+","8 de agosto de 2026 a las 16:20:00 UTC-3","8 de agosto de 2026 a las 23:20:00 UTC-3","alexia thainara,amanda lemos,interview","./explore?q=alexia%20thainara&geo=US"
"iphone 18 pro","10 mil+","10 de agosto de 2026 a las 17:00:00 UTC-3","10 de agosto de 2026 a las 23:00:00 UTC-3","iphone 18 pro,apple iphone 18 pro,apple iphone 18 pro max,apple,iphone 18","./explore?q=iphone%2018%20pro&geo=US"
"ai","10 mil+","12 de agosto de 2026 a las 20:10:00 UTC-3","12 de agosto de 2026 a las 22:20:00 UTC-3","ai","./explore?q=ai&geo=US"
"orlando city vs león","10 mil+","8 de agosto de 2026 a las 18:50:00 UTC-3","9 de agosto de 2026 a las 0:20:00 UTC-3","orlando city vs león","./explore?q=orlando%20city%20vs%20le%C3%B3n&geo=US"
"juventus vs inter","10 mil+","8 de agosto de 2026 a las 7:40:00 UTC-3","8 de agosto de 2026 a las 14:40:00 UTC-3","juventus vs inter","./explore?q=juventus%20vs%20inter&geo=US"
"weather channel","10 mil+","11 de agosto de 2026 a las 11:40:00 UTC-3","11 de agosto de 2026 a las 17:10:00 UTC-3","weather channel","./explore?q=weather%20channel&geo=US"
"barcelona vs","10 mil+","8 de agosto de 2026 a las 15:20:00 UTC-3","8 de agosto de 2026 a las 19:50:00 UTC-3","barcelona vs,barcelona vs nottm forest,barca vs,barcelona vs nottingham forest,barcelona vs udinese","./explore?q=barcelona%20vs&geo=US"
"juliana miller","10 mil+","8 de agosto de 2026 a las 13:30:00 UTC-3","8 de agosto de 2026 a las 22:50:00 UTC-3","juliana miller,ravena oliveira","./explore?q=juliana%20miller&geo=US"
"betis vs bournemouth","10 mil+","8 de agosto de 2026 a las 15:10:00 UTC-3","8 de agosto de 2026 a las 19:50:00 UTC-3","betis vs bournemouth,real betis - bournemouth","./explore?q=betis%20vs%20bournemouth&geo=US"
"salt lake vs atlante","10 mil+","8 de agosto de 2026 a las 22:10:00 UTC-3","9 de agosto de 2026 a las 3:30:00 UTC-3","salt lake vs atlante,real salt lake,atlante fc","./explore?q=salt%20lake%20vs%20atlante&geo=US"
"chris sale","10 mil+","9 de agosto de 2026 a las 14:40:00 UTC-3","9 de agosto de 2026 a las 19:00:00 UTC-3","chris sale,braves - yankees,chris sale ejected,braves chris sale game ejection,walt weiss","./explore?q=chris%20sale&geo=US"
"west ham vs portsmouth","10 mil+","8 de agosto de 2026 a las 10:10:00 UTC-3","8 de agosto de 2026 a las 15:40:00 UTC-3","west ham vs portsmouth,west ham - portsmouth","./explore?q=west%20ham%20vs%20portsmouth&geo=US"
"club américa","10 mil+","9 de agosto de 2026 a las 23:00:00 UTC-3","10 de agosto de 2026 a las 2:30:00 UTC-3","club américa,brian rodríguez","./explore?q=club%20am%C3%A9rica&geo=US"
"country music","10 mil+","8 de agosto de 2026 a las 17:20:00 UTC-3","8 de agosto de 2026 a las 20:20:00 UTC-3","country music","./explore?q=country%20music&geo=US"
"ben shelton","10 mil+","9 de agosto de 2026 a las 19:20:00 UTC-3","9 de agosto de 2026 a las 22:10:00 UTC-3","ben shelton,shelton,mensik","./explore?q=ben%20shelton&geo=US"
"angels vs marlins","10 mil+","9 de agosto de 2026 a las 14:00:00 UTC-3","9 de agosto de 2026 a las 18:40:00 UTC-3","angels vs marlins","./explore?q=angels%20vs%20marlins&geo=US"
"tornado warning cincinnati","10 mil+","11 de agosto de 2026 a las 16:10:00 UTC-3","11 de agosto de 2026 a las 17:50:00 UTC-3","tornado warning cincinnati,wlwt weather,cincinnati tornado warning,radar cincinnati,cincinnati,live weather radar,fox19","./explore?q=tornado%20warning%20cincinnati&geo=US"
"flock safety","10 mil+","9 de agosto de 2026 a las 7:20:00 UTC-3","9 de agosto de 2026 a las 13:20:00 UTC-3","flock safety,camera news,have i been flocked,camera,deflock,flock cameras,flock camera,flock","./explore?q=flock%20safety&geo=US"
"san diego padres","10 mil+","9 de agosto de 2026 a las 21:40:00 UTC-3","10 de agosto de 2026 a las 0:50:00 UTC-3","san diego padres,astros - padres,houston astros,fernando tatis jr,fernando tatís jr.","./explore?q=san%20diego%20padres&geo=US"
"naomi osaka","10 mil+","9 de agosto de 2026 a las 20:30:00 UTC-3","9 de agosto de 2026 a las 22:30:00 UTC-3","naomi osaka,leylah fernandez,osaka tennis","./explore?q=naomi%20osaka&geo=US"
"ty miller","10 mil+","8 de agosto de 2026 a las 19:10:00 UTC-3","8 de agosto de 2026 a las 22:50:00 UTC-3","ty miller,billy ray goff,ty miller ufc","./explore?q=ty%20miller&geo=US"
"charles costanza us army","10 mil+","8 de agosto de 2026 a las 15:30:00 UTC-3","8 de agosto de 2026 a las 19:30:00 UTC-3","charles costanza us army,gen charles costanza,lt gen charles costanza removed","./explore?q=charles%20costanza%20us%20army&geo=US"
"posiciones de inter miami contra club de fútbol monterrey","10 mil+","8 de agosto de 2026 a las 23:20:00 UTC-3","9 de agosto de 2026 a las 1:50:00 UTC-3","posiciones de inter miami contra club de fútbol monterrey,miami vs monterrey,rayados","./explore?q=posiciones%20de%20inter%20miami%20contra%20club%20de%20f%C3%BAtbol%20monterrey&geo=US"
"nfl games today","10 mil+","9 de agosto de 2026 a las 12:00:00 UTC-3","9 de agosto de 2026 a las 15:20:00 UTC-3","nfl games today,football games today,preseason nfl schedule,nfl today","./explore?q=nfl%20games%20today&geo=US"
"detroit tigers","10 mil+","11 de agosto de 2026 a las 21:40:00 UTC-3","11 de agosto de 2026 a las 23:10:00 UTC-3","detroit tigers","./explore?q=detroit%20tigers&geo=US"
"gemini","10 mil+","10 de agosto de 2026 a las 11:00:00 UTC-3","10 de agosto de 2026 a las 12:30:00 UTC-3","gemini","./explore?q=gemini&geo=US"
"larry fitzgerald","10 mil+","8 de agosto de 2026 a las 13:10:00 UTC-3","8 de agosto de 2026 a las 23:50:00 UTC-3","larry fitzgerald,drew brees hall of fame,sean payton","./explore?q=larry%20fitzgerald&geo=US"
"bridget fonda","5 mil+","14 de agosto de 2026 a las 15:30:00 UTC-3",,"bridget fonda","./explore?q=bridget%20fonda&geo=US"
"normal movie","5 mil+","14 de agosto de 2026 a las 19:10:00 UTC-3",,"normal movie","./explore?q=normal%20movie&geo=US"
"claressa shields fight","5 mil+","14 de agosto de 2026 a las 19:00:00 UTC-3",,"claressa shields fight,claressa shields","./explore?q=claressa%20shields%20fight&geo=US"
"ryan de nino","5 mil+","14 de agosto de 2026 a las 21:10:00 UTC-3",,"ryan de nino,ryan denino","./explore?q=ryan%20de%20nino&geo=US"
"vishwanath and sons","5 mil+","13 de agosto de 2026 a las 22:50:00 UTC-3",,"vishwanath and sons","./explore?q=vishwanath%20and%20sons&geo=US"
"malik willis","5 mil+","14 de agosto de 2026 a las 20:10:00 UTC-3",,"malik willis,dolphins qb","./explore?q=malik%20willis&geo=US"
"nathan fillion","5 mil+","14 de agosto de 2026 a las 15:30:00 UTC-3",,"nathan fillion","./explore?q=nathan%20fillion&geo=US"
"jack strand","5 mil+","14 de agosto de 2026 a las 22:00:00 UTC-3",,"jack strand","./explore?q=jack%20strand&geo=US"
"unicorn frappuccino starbucks","5 mil+","14 de agosto de 2026 a las 14:00:00 UTC-3",,"unicorn frappuccino starbucks,starbucks unicorn frappuccino return","./explore?q=unicorn%20frappuccino%20starbucks&geo=US"
"awarapan 2","5 mil+","14 de agosto de 2026 a las 3:00:00 UTC-3",,"awarapan 2","./explore?q=awarapan%202&geo=US"
"brock rodden","5 mil+","14 de agosto de 2026 a las 21:20:00 UTC-3",,"brock rodden,colt emerson","./explore?q=brock%20rodden&geo=US"
"caleb douglas","5 mil+","14 de agosto de 2026 a las 20:10:00 UTC-3",,"caleb douglas,dolphins depth chart","./explore?q=caleb%20douglas&geo=US"
"marcus mariota","5 mil+","14 de agosto de 2026 a las 20:20:00 UTC-3",,"marcus mariota","./explore?q=marcus%20mariota&geo=US"
"savannah bananas denver","5 mil+","14 de agosto de 2026 a las 14:50:00 UTC-3",,"savannah bananas denver","./explore?q=savannah%20bananas%20denver&geo=US"
"jordyn tyson","5 mil+","14 de agosto de 2026 a las 21:10:00 UTC-3",,"jordyn tyson,saints","./explore?q=jordyn%20tyson&geo=US"
"henkel schwarzkopf mousse recall","5 mil+","14 de agosto de 2026 a las 18:50:00 UTC-3",,"henkel schwarzkopf mousse recall","./explore?q=henkel%20schwarzkopf%20mousse%20recall&geo=US"
"frozen 3","5 mil+","13 de agosto de 2026 a las 23:20:00 UTC-3",,"frozen 3","./explore?q=frozen%203&geo=US"
"ravens","5 mil+","13 de agosto de 2026 a las 20:40:00 UTC-3",,"ravens","./explore?q=ravens&geo=US"
"mackenzie scott","5 mil+","14 de agosto de 2026 a las 16:50:00 UTC-3",,"mackenzie scott,mackenzie scott new book release","./explore?q=mackenzie%20scott&geo=US"
"lucky show","5 mil+","14 de agosto de 2026 a las 21:30:00 UTC-3",,"lucky show","./explore?q=lucky%20show&geo=US"
"tohono o'odham border wall ruling","5 mil+","14 de agosto de 2026 a las 21:30:00 UTC-3",,"tohono o'odham border wall ruling,judge","./explore?q=tohono%20o%27odham%20border%20wall%20ruling&geo=US"
"sayveon anderson fort bragg search","5 mil+","14 de agosto de 2026 a las 17:20:00 UTC-3","15 de agosto de 2026 a las 1:00:00 UTC-3","sayveon anderson fort bragg search","./explore?q=sayveon%20anderson%20fort%20bragg%20search&geo=US"
"susan olsen","5 mil+","14 de agosto de 2026 a las 17:10:00 UTC-3","15 de agosto de 2026 a las 0:20:00 UTC-3","susan olsen","./explore?q=susan%20olsen&geo=US"
"tyler robinson","5 mil+","14 de agosto de 2026 a las 19:10:00 UTC-3",,"tyler robinson,charlie kirk","./explore?q=tyler%20robinson&geo=US"
"astros score","5 mil+","15 de agosto de 2026 a las 0:20:00 UTC-3",,"astros score,cubs standings,dodgers score,dodgers game today,dodger game today,dodger score,nl central standings","./explore?q=astros%20score&geo=US"
"jeff daniels","5 mil+","15 de agosto de 2026 a las 0:50:00 UTC-3",,"jeff daniels,the brink of war,brink of war,jared harris,jk simmons","./explore?q=jeff%20daniels&geo=US"
"lluvia","5 mil+","14 de agosto de 2026 a las 19:20:00 UTC-3","14 de agosto de 2026 a las 23:40:00 UTC-3","lluvia","./explore?q=lluvia&geo=US"
"poppy 11th birthday celebration","5 mil+","14 de agosto de 2026 a las 16:40:00 UTC-3","14 de agosto de 2026 a las 23:40:00 UTC-3","poppy 11th birthday celebration","./explore?q=poppy%2011th%20birthday%20celebration&geo=US"
"tariff","5 mil+","14 de agosto de 2026 a las 10:20:00 UTC-3","14 de agosto de 2026 a las 22:10:00 UTC-3","tariff,teco","./explore?q=tariff&geo=US"
"kc current vs gotham","5 mil+","14 de agosto de 2026 a las 20:10:00 UTC-3","14 de agosto de 2026 a las 23:50:00 UTC-3","kc current vs gotham,gotham fc","./explore?q=kc%20current%20vs%20gotham&geo=US"
"iberian orca toñi dorsal fin marks","5 mil+","14 de agosto de 2026 a las 16:00:00 UTC-3","14 de agosto de 2026 a las 23:40:00 UTC-3","iberian orca toñi dorsal fin marks","./explore?q=iberian%20orca%20to%C3%B1i%20dorsal%20fin%20marks&geo=US"
"super bowl 2027","5 mil+","14 de agosto de 2026 a las 15:10:00 UTC-3","15 de agosto de 2026 a las 1:10:00 UTC-3","super bowl 2027,superbowl 2027","./explore?q=super%20bowl%202027&geo=US"
"d23 marvel","5 mil+","15 de agosto de 2026 a las 0:50:00 UTC-3",,"d23 marvel,avengers doomsday,doomsday tickets,avengers doomsday tickets","./explore?q=d23%20marvel&geo=US"
"shannon elizabeth","5 mil+","14 de agosto de 2026 a las 14:40:00 UTC-3","15 de agosto de 2026 a las 0:50:00 UTC-3","shannon elizabeth","./explore?q=shannon%20elizabeth&geo=US"
"jerry jones","5 mil+","14 de agosto de 2026 a las 17:10:00 UTC-3","14 de agosto de 2026 a las 22:30:00 UTC-3","jerry jones","./explore?q=jerry%20jones&geo=US"
"rihanna family photo barbados","5 mil+","14 de agosto de 2026 a las 8:30:00 UTC-3","14 de agosto de 2026 a las 23:00:00 UTC-3","rihanna family photo barbados","./explore?q=rihanna%20family%20photo%20barbados&geo=US"
"benjamin netanyahu","5 mil+","14 de agosto de 2026 a las 11:00:00 UTC-3","14 de agosto de 2026 a las 21:40:00 UTC-3","benjamin netanyahu","./explore?q=benjamin%20netanyahu&geo=US"
"texas mail in voting lawsuit","5 mil+","13 de agosto de 2026 a las 22:30:00 UTC-3","14 de agosto de 2026 a las 19:10:00 UTC-3","texas mail in voting lawsuit","./explore?q=texas%20mail%20in%20voting%20lawsuit&geo=US"
"disney+ power rangers series cancellation","5 mil+","14 de agosto de 2026 a las 3:50:00 UTC-3","14 de agosto de 2026 a las 22:30:00 UTC-3","disney+ power rangers series cancellation","./explore?q=disney%2B%20power%20rangers%20series%20cancellation&geo=US"
"government agency","5 mil+","14 de agosto de 2026 a las 6:40:00 UTC-3","14 de agosto de 2026 a las 20:50:00 UTC-3","government agency","./explore?q=government%20agency&geo=US"
"klay thompson megan thee breakup","5 mil+","13 de agosto de 2026 a las 23:50:00 UTC-3","14 de agosto de 2026 a las 19:10:00 UTC-3","klay thompson megan thee breakup","./explore?q=klay%20thompson%20megan%20thee%20breakup&geo=US"
"ben malgeri","5 mil+","14 de agosto de 2026 a las 20:20:00 UTC-3","14 de agosto de 2026 a las 23:20:00 UTC-3","ben malgeri,hunter feduccia","./explore?q=ben%20malgeri&geo=US"
"jimmie johnson","5 mil+","13 de agosto de 2026 a las 19:20:00 UTC-3","14 de agosto de 2026 a las 21:20:00 UTC-3","jimmie johnson","./explore?q=jimmie%20johnson&geo=US"
"mayim bialik","5 mil+","14 de agosto de 2026 a las 0:40:00 UTC-3","14 de agosto de 2026 a las 12:40:00 UTC-3","mayim bialik","./explore?q=mayim%20bialik&geo=US"
"youtube tv","5 mil+","14 de agosto de 2026 a las 20:20:00 UTC-3","14 de agosto de 2026 a las 21:20:00 UTC-3","youtube tv,youtubetv","./explore?q=youtube%20tv&geo=US"
"niners","5 mil+","13 de agosto de 2026 a las 20:10:00 UTC-3","14 de agosto de 2026 a las 4:20:00 UTC-3","niners","./explore?q=niners&geo=US"
"avgo stock","5 mil+","14 de agosto de 2026 a las 11:00:00 UTC-3","14 de agosto de 2026 a las 17:50:00 UTC-3","avgo stock,avgo,broadcom stock","./explore?q=avgo%20stock&geo=US"
"shemar moore","5 mil+","14 de agosto de 2026 a las 21:10:00 UTC-3","14 de agosto de 2026 a las 23:20:00 UTC-3","shemar moore,swat exiles season 2,s.w.a.t. exiles","./explore?q=shemar%20moore&geo=US"
"prince of monaco","5 mil+","14 de agosto de 2026 a las 23:50:00 UTC-3","15 de agosto de 2026 a las 0:40:00 UTC-3","prince of monaco,prince albert monaco orchestra farewell","./explore?q=prince%20of%20monaco&geo=US"
"liv golf jon rahm report","5 mil+","13 de agosto de 2026 a las 20:10:00 UTC-3","14 de agosto de 2026 a las 12:30:00 UTC-3","liv golf jon rahm report,dp world tour","./explore?q=liv%20golf%20jon%20rahm%20report&geo=US"
"joe burrow injury","5 mil+","13 de agosto de 2026 a las 20:20:00 UTC-3","14 de agosto de 2026 a las 20:50:00 UTC-3","joe burrow injury","./explore?q=joe%20burrow%20injury&geo=US"
"dow jones industrial average","5 mil+","14 de agosto de 2026 a las 18:10:00 UTC-3","14 de agosto de 2026 a las 19:40:00 UTC-3","dow jones industrial average","./explore?q=dow%20jones%20industrial%20average&geo=US"
"trump health","5 mil+","13 de agosto de 2026 a las 18:40:00 UTC-3","14 de agosto de 2026 a las 12:00:00 UTC-3","trump health,cardiologist,jonathan reiner","./explore?q=trump%20health&geo=US"
"mallory big brother 28","5 mil+","13 de agosto de 2026 a las 21:30:00 UTC-3","14 de agosto de 2026 a las 4:10:00 UTC-3","mallory big brother 28,big brother 28,big brother spoilers","./explore?q=mallory%20big%20brother%2028&geo=US"
"mason rudolph","5 mil+","13 de agosto de 2026 a las 20:10:00 UTC-3","14 de agosto de 2026 a las 9:00:00 UTC-3","mason rudolph","./explore?q=mason%20rudolph&geo=US"
"ricky alvarez","5 mil+","12 de agosto de 2026 a las 12:30:00 UTC-3","13 de agosto de 2026 a las 17:20:00 UTC-3","ricky alvarez","./explore?q=ricky%20alvarez&geo=US"
"max muncy","5 mil+","14 de agosto de 2026 a las 0:50:00 UTC-3","14 de agosto de 2026 a las 9:20:00 UTC-3","max muncy","./explore?q=max%20muncy&geo=US"
"atf","5 mil+","12 de agosto de 2026 a las 22:50:00 UTC-3","13 de agosto de 2026 a las 21:40:00 UTC-3","atf","./explore?q=atf&geo=US"
"mariska hargitay","5 mil+","13 de agosto de 2026 a las 9:30:00 UTC-3","14 de agosto de 2026 a las 0:10:00 UTC-3","mariska hargitay","./explore?q=mariska%20hargitay&geo=US"
"chip joanna gaines magazine cover","5 mil+","13 de agosto de 2026 a las 13:30:00 UTC-3","13 de agosto de 2026 a las 23:00:00 UTC-3","chip joanna gaines magazine cover","./explore?q=chip%20joanna%20gaines%20magazine%20cover&geo=US"
"robert tonyan","5 mil+","13 de agosto de 2026 a las 21:20:00 UTC-3","14 de agosto de 2026 a las 2:40:00 UTC-3","robert tonyan,tonyan","./explore?q=robert%20tonyan&geo=US"
"tyga","5 mil+","13 de agosto de 2026 a las 13:50:00 UTC-3","14 de agosto de 2026 a las 11:50:00 UTC-3","tyga","./explore?q=tyga&geo=US"
"univision","5 mil+","13 de agosto de 2026 a las 16:50:00 UTC-3","14 de agosto de 2026 a las 9:20:00 UTC-3","univision","./explore?q=univision&geo=US"
"germie bernard","5 mil+","13 de agosto de 2026 a las 20:30:00 UTC-3","14 de agosto de 2026 a las 9:20:00 UTC-3","germie bernard","./explore?q=germie%20bernard&geo=US"
"new york city vs necaxa","5 mil+","13 de agosto de 2026 a las 19:50:00 UTC-3","14 de agosto de 2026 a las 0:30:00 UTC-3","new york city vs necaxa","./explore?q=new%20york%20city%20vs%20necaxa&geo=US"
"extreme heat warning","5 mil+","14 de agosto de 2026 a las 6:40:00 UTC-3","14 de agosto de 2026 a las 10:00:00 UTC-3","extreme heat warning","./explore?q=extreme%20heat%20warning&geo=US"
"trump white house china tariff evasion","5 mil+","13 de agosto de 2026 a las 16:30:00 UTC-3","13 de agosto de 2026 a las 23:00:00 UTC-3","trump white house china tariff evasion","./explore?q=trump%20white%20house%20china%20tariff%20evasion&geo=US"
"ukraine news","5 mil+","13 de agosto de 2026 a las 17:20:00 UTC-3","14 de agosto de 2026 a las 13:50:00 UTC-3","ukraine news,jd vance volodymyr zelensky talks,jd","./explore?q=ukraine%20news&geo=US"
"don mattingly","5 mil+","13 de agosto de 2026 a las 19:40:00 UTC-3","14 de agosto de 2026 a las 0:40:00 UTC-3","don mattingly","./explore?q=don%20mattingly&geo=US"
"reddit stock","5 mil+","13 de agosto de 2026 a las 18:30:00 UTC-3","14 de agosto de 2026 a las 13:50:00 UTC-3","reddit stock,rddt stock,rddt","./explore?q=reddit%20stock&geo=US"
"ingebrigtsen","5 mil+","12 de agosto de 2026 a las 23:30:00 UTC-3","13 de agosto de 2026 a las 16:30:00 UTC-3","ingebrigtsen","./explore?q=ingebrigtsen&geo=US"
"youtubetv","5 mil+","13 de agosto de 2026 a las 19:20:00 UTC-3","13 de agosto de 2026 a las 23:50:00 UTC-3","youtubetv","./explore?q=youtubetv&geo=US"
"shakur stevenson","5 mil+","12 de agosto de 2026 a las 22:10:00 UTC-3","13 de agosto de 2026 a las 12:00:00 UTC-3","shakur stevenson","./explore?q=shakur%20stevenson&geo=US"
"basketball","5 mil+","13 de agosto de 2026 a las 10:10:00 UTC-3","13 de agosto de 2026 a las 18:00:00 UTC-3","basketball","./explore?q=basketball&geo=US"
"patricia heaton quit drinking","5 mil+","12 de agosto de 2026 a las 21:50:00 UTC-3","13 de agosto de 2026 a las 14:40:00 UTC-3","patricia heaton quit drinking","./explore?q=patricia%20heaton%20quit%20drinking&geo=US"
"todd blanche attorney general remarks","5 mil+","13 de agosto de 2026 a las 17:10:00 UTC-3","14 de agosto de 2026 a las 0:00:00 UTC-3","todd blanche attorney general remarks","./explore?q=todd%20blanche%20attorney%20general%20remarks&geo=US"
"cobie smulders lincoln lawyer spinoff","5 mil+","12 de agosto de 2026 a las 18:50:00 UTC-3","13 de agosto de 2026 a las 11:30:00 UTC-3","cobie smulders lincoln lawyer spinoff","./explore?q=cobie%20smulders%20lincoln%20lawyer%20spinoff&geo=US"
"amber williams unnecessary organ removal","5 mil+","12 de agosto de 2026 a las 21:40:00 UTC-3","13 de agosto de 2026 a las 13:20:00 UTC-3","amber williams unnecessary organ removal","./explore?q=amber%20williams%20unnecessary%20organ%20removal&geo=US"
"mike mccarthy","5 mil+","13 de agosto de 2026 a las 19:50:00 UTC-3","14 de agosto de 2026 a las 0:10:00 UTC-3","mike mccarthy,will howard steelers","./explore?q=mike%20mccarthy&geo=US"
"soccer","5 mil+","13 de agosto de 2026 a las 10:20:00 UTC-3","13 de agosto de 2026 a las 19:20:00 UTC-3","soccer","./explore?q=soccer&geo=US"
"phantom blade zero","5 mil+","11 de agosto de 2026 a las 23:20:00 UTC-3","13 de agosto de 2026 a las 7:30:00 UTC-3","phantom blade zero","./explore?q=phantom%20blade%20zero&geo=US"
"america vs","5 mil+","13 de agosto de 2026 a las 21:50:00 UTC-3","14 de agosto de 2026 a las 1:00:00 UTC-3","america vs","./explore?q=america%20vs&geo=US"
"buffalo rumblings","5 mil+","12 de agosto de 2026 a las 14:30:00 UTC-3","13 de agosto de 2026 a las 11:00:00 UTC-3","buffalo rumblings","./explore?q=buffalo%20rumblings&geo=US"
"xfinity outage","5 mil+","12 de agosto de 2026 a las 22:40:00 UTC-3","13 de agosto de 2026 a las 8:20:00 UTC-3","xfinity outage","./explore?q=xfinity%20outage&geo=US"
"cienciano vs botafogo","5 mil+","13 de agosto de 2026 a las 21:10:00 UTC-3","14 de agosto de 2026 a las 1:10:00 UTC-3","cienciano vs botafogo,cienciano - botafogo","./explore?q=cienciano%20vs%20botafogo&geo=US"
"san diego fc - puebla","5 mil+","12 de agosto de 2026 a las 22:50:00 UTC-3","13 de agosto de 2026 a las 8:50:00 UTC-3","san diego fc - puebla,san diego fc vs club puebla standings,san diego fc,sdfc","./explore?q=san%20diego%20fc%20-%20puebla&geo=US"
"cowboys schedule 2026","5 mil+","13 de agosto de 2026 a las 21:00:00 UTC-3","14 de agosto de 2026 a las 1:30:00 UTC-3","cowboys schedule 2026,dallas cowboys schedule","./explore?q=cowboys%20schedule%202026&geo=US"
"heat wave","5 mil+","14 de agosto de 2026 a las 18:20:00 UTC-3","14 de agosto de 2026 a las 20:00:00 UTC-3","heat wave,braces,ocean","./explore?q=heat%20wave&geo=US"
"cade cavalli","5 mil+","13 de agosto de 2026 a las 17:40:00 UTC-3","13 de agosto de 2026 a las 22:00:00 UTC-3","cade cavalli,cubs - nationals","./explore?q=cade%20cavalli&geo=US"
"michael alfonso","5 mil+","11 de agosto de 2026 a las 23:30:00 UTC-3","12 de agosto de 2026 a las 15:50:00 UTC-3","michael alfonso,sean duffy","./explore?q=michael%20alfonso&geo=US"
"mariners - yankees","5 mil+","13 de agosto de 2026 a las 14:20:00 UTC-3","13 de agosto de 2026 a las 18:30:00 UTC-3","mariners - yankees,weston wilson,logan gilbert","./explore?q=mariners%20-%20yankees&geo=US"
"hearts vs benfica","5 mil+","13 de agosto de 2026 a las 14:50:00 UTC-3","13 de agosto de 2026 a las 19:00:00 UTC-3","hearts vs benfica","./explore?q=hearts%20vs%20benfica&geo=US"
"spider-man","5 mil+","12 de agosto de 2026 a las 12:40:00 UTC-3","12 de agosto de 2026 a las 20:40:00 UTC-3","spider-man","./explore?q=spider-man&geo=US"
"lifeguard","5 mil+","11 de agosto de 2026 a las 22:20:00 UTC-3","12 de agosto de 2026 a las 23:00:00 UTC-3","lifeguard","./explore?q=lifeguard&geo=US"
"seth trimble","5 mil+","12 de agosto de 2026 a las 7:00:00 UTC-3","12 de agosto de 2026 a las 15:50:00 UTC-3","seth trimble","./explore?q=seth%20trimble&geo=US"
"geno auriemma","5 mil+","12 de agosto de 2026 a las 18:40:00 UTC-3","13 de agosto de 2026 a las 11:00:00 UTC-3","geno auriemma","./explore?q=geno%20auriemma&geo=US"
"jesse eisenberg","5 mil+","12 de agosto de 2026 a las 21:00:00 UTC-3","13 de agosto de 2026 a las 1:40:00 UTC-3","jesse eisenberg","./explore?q=jesse%20eisenberg&geo=US"
"mirassol - ldu quito","5 mil+","13 de agosto de 2026 a las 18:20:00 UTC-3","13 de agosto de 2026 a las 22:10:00 UTC-3","mirassol - ldu quito,mirassol vs ldu quito","./explore?q=mirassol%20-%20ldu%20quito&geo=US"
"centcom cargo ship strike","5 mil+","11 de agosto de 2026 a las 18:50:00 UTC-3","12 de agosto de 2026 a las 11:30:00 UTC-3","centcom cargo ship strike,bab al-mandab strait,red","./explore?q=centcom%20cargo%20ship%20strike&geo=US"
"high-yield savings vs cd","5 mil+","12 de agosto de 2026 a las 7:00:00 UTC-3","12 de agosto de 2026 a las 17:20:00 UTC-3","high-yield savings vs cd","./explore?q=high-yield%20savings%20vs%20cd&geo=US"
"grok bot","5 mil+","11 de agosto de 2026 a las 18:40:00 UTC-3","13 de agosto de 2026 a las 11:20:00 UTC-3","grok bot","./explore?q=grok%20bot&geo=US"
"san diego vs puebla","5 mil+","12 de agosto de 2026 a las 22:50:00 UTC-3","13 de agosto de 2026 a las 3:10:00 UTC-3","san diego vs puebla","./explore?q=san%20diego%20vs%20puebla&geo=US"
"josh holloway new western trailer","5 mil+","12 de agosto de 2026 a las 16:20:00 UTC-3","13 de agosto de 2026 a las 1:20:00 UTC-3","josh holloway new western trailer","./explore?q=josh%20holloway%20new%20western%20trailer&geo=US"
"isiah pacheco","5 mil+","11 de agosto de 2026 a las 2:20:00 UTC-3","11 de agosto de 2026 a las 17:30:00 UTC-3","isiah pacheco,lions depth chart","./explore?q=isiah%20pacheco&geo=US"
"american airlines ai rebooking issues","5 mil+","12 de agosto de 2026 a las 7:40:00 UTC-3","12 de agosto de 2026 a las 14:40:00 UTC-3","american airlines ai rebooking issues,american airlines ai is erroneously rebooking delayed passengers without consent","./explore?q=american%20airlines%20ai%20rebooking%20issues&geo=US"
"cal raleigh","5 mil+","11 de agosto de 2026 a las 22:10:00 UTC-3","13 de agosto de 2026 a las 0:10:00 UTC-3","cal raleigh","./explore?q=cal%20raleigh&geo=US"
"roger clemens","5 mil+","13 de agosto de 2026 a las 21:30:00 UTC-3","13 de agosto de 2026 a las 23:00:00 UTC-3","roger clemens,kody clemens,cody clemens","./explore?q=roger%20clemens&geo=US"
"prince andrew","5 mil+","11 de agosto de 2026 a las 0:30:00 UTC-3","11 de agosto de 2026 a las 15:20:00 UTC-3","prince andrew","./explore?q=prince%20andrew&geo=US"
"neymar","5 mil+","13 de agosto de 2026 a las 21:00:00 UTC-3","13 de agosto de 2026 a las 22:30:00 UTC-3","neymar,santos x macará","./explore?q=neymar&geo=US"
"trent grisham","5 mil+","12 de agosto de 2026 a las 22:00:00 UTC-3","13 de agosto de 2026 a las 9:30:00 UTC-3","trent grisham,bryce miller,michael rucker,ryan mcmahon","./explore?q=trent%20grisham&geo=US"
"frank beard","5 mil+","11 de agosto de 2026 a las 4:20:00 UTC-3","11 de agosto de 2026 a las 17:40:00 UTC-3","frank beard","./explore?q=frank%20beard&geo=US"
"kirkland chocolate chips","5 mil+","12 de agosto de 2026 a las 1:40:00 UTC-3","12 de agosto de 2026 a las 10:10:00 UTC-3","kirkland chocolate chips","./explore?q=kirkland%20chocolate%20chips&geo=US"
"tulsa little league disqualified","5 mil+","12 de agosto de 2026 a las 20:00:00 UTC-3","13 de agosto de 2026 a las 12:40:00 UTC-3","tulsa little league disqualified,llws,llws 2026,oklahoma little league baseball,tulsa little league world series,oklahoma little league disqualified,teams,tulsa little league,baseball","./explore?q=tulsa%20little%20league%20disqualified&geo=US"
"charles barkley","5 mil+","11 de agosto de 2026 a las 1:00:00 UTC-3","11 de agosto de 2026 a las 14:40:00 UTC-3","charles barkley","./explore?q=charles%20barkley&geo=US"
"trump student loan repayment lawsuit","5 mil+","11 de agosto de 2026 a las 18:30:00 UTC-3","12 de agosto de 2026 a las 12:20:00 UTC-3","trump student loan repayment lawsuit","./explore?q=trump%20student%20loan%20repayment%20lawsuit&geo=US"
"newlyweds nbc sitcom pilot","5 mil+","11 de agosto de 2026 a las 8:20:00 UTC-3","11 de agosto de 2026 a las 17:40:00 UTC-3","newlyweds nbc sitcom pilot","./explore?q=newlyweds%20nbc%20sitcom%20pilot&geo=US"
"law enforcement delta flight atlanta","5 mil+","12 de agosto de 2026 a las 13:20:00 UTC-3","12 de agosto de 2026 a las 18:50:00 UTC-3","law enforcement delta flight atlanta","./explore?q=law%20enforcement%20delta%20flight%20atlanta&geo=US"
"chelsy davy","5 mil+","12 de agosto de 2026 a las 18:00:00 UTC-3","13 de agosto de 2026 a las 0:50:00 UTC-3","chelsy davy","./explore?q=chelsy%20davy&geo=US"
"wetjen","5 mil+","13 de agosto de 2026 a las 22:10:00 UTC-3","13 de agosto de 2026 a las 23:50:00 UTC-3","wetjen,wetjen steelers","./explore?q=wetjen&geo=US"
"what states will see the solar eclipse","5 mil+","12 de agosto de 2026 a las 16:10:00 UTC-3","12 de agosto de 2026 a las 20:50:00 UTC-3","what states will see the solar eclipse,solar eclipse 2026 new york","./explore?q=what%20states%20will%20see%20the%20solar%20eclipse&geo=US"
"lafc","5 mil+","13 de agosto de 2026 a las 0:20:00 UTC-3","13 de agosto de 2026 a las 3:00:00 UTC-3","lafc,la fc","./explore?q=lafc&geo=US"
"david hearn reflecting pool case","5 mil+","11 de agosto de 2026 a las 19:30:00 UTC-3","12 de agosto de 2026 a las 14:40:00 UTC-3","david hearn reflecting pool case,lincoln memorial reflecting pool","./explore?q=david%20hearn%20reflecting%20pool%20case&geo=US"
"the one piece","5 mil+","10 de agosto de 2026 a las 8:30:00 UTC-3","10 de agosto de 2026 a las 21:30:00 UTC-3","the one piece","./explore?q=the%20one%20piece&geo=US"
"reggie bannister","5 mil+","10 de agosto de 2026 a las 20:30:00 UTC-3","11 de agosto de 2026 a las 12:30:00 UTC-3","reggie bannister","./explore?q=reggie%20bannister&geo=US"
"ps plus august 2026 classics","5 mil+","10 de agosto de 2026 a las 14:10:00 UTC-3","11 de agosto de 2026 a las 10:00:00 UTC-3","ps plus august 2026 classics","./explore?q=ps%20plus%20august%202026%20classics&geo=US"
"texas lottery","5 mil+","13 de agosto de 2026 a las 0:50:00 UTC-3","13 de agosto de 2026 a las 11:10:00 UTC-3","texas lottery,texas powerball","./explore?q=texas%20lottery&geo=US"
"organ","5 mil+","11 de agosto de 2026 a las 8:40:00 UTC-3","11 de agosto de 2026 a las 19:30:00 UTC-3","organ","./explore?q=organ&geo=US"
"nate wiggins","5 mil+","11 de agosto de 2026 a las 14:10:00 UTC-3","11 de agosto de 2026 a las 22:00:00 UTC-3","nate wiggins","./explore?q=nate%20wiggins&geo=US"
"cruzeiro x flamengo","5 mil+","12 de agosto de 2026 a las 20:50:00 UTC-3","13 de agosto de 2026 a las 0:30:00 UTC-3","cruzeiro x flamengo,cruzeiro - flamengo","./explore?q=cruzeiro%20x%20flamengo&geo=US"
"weight loss","5 mil+","8 de agosto de 2026 a las 20:00:00 UTC-3","9 de agosto de 2026 a las 17:10:00 UTC-3","weight loss","./explore?q=weight%20loss&geo=US"
"quesarito","5 mil+","11 de agosto de 2026 a las 12:10:00 UTC-3","11 de agosto de 2026 a las 23:30:00 UTC-3","quesarito,quesarito taco bell","./explore?q=quesarito&geo=US"
"ti","5 mil+","10 de agosto de 2026 a las 2:00:00 UTC-3","10 de agosto de 2026 a las 18:10:00 UTC-3","ti,t.i.","./explore?q=ti&geo=US"
"prince mongo","5 mil+","11 de agosto de 2026 a las 13:00:00 UTC-3","11 de agosto de 2026 a las 21:40:00 UTC-3","prince mongo","./explore?q=prince%20mongo&geo=US"
"palermo vs juventus","5 mil+","11 de agosto de 2026 a las 6:40:00 UTC-3","11 de agosto de 2026 a las 13:50:00 UTC-3","palermo vs juventus","./explore?q=palermo%20vs%20juventus&geo=US"
"g j hart","5 mil+","10 de agosto de 2026 a las 20:30:00 UTC-3","11 de agosto de 2026 a las 14:50:00 UTC-3","g j hart","./explore?q=g%20j%20hart&geo=US"
"cd projekt","5 mil+","11 de agosto de 2026 a las 7:00:00 UTC-3","11 de agosto de 2026 a las 19:10:00 UTC-3","cd projekt","./explore?q=cd%20projekt&geo=US"
"pa lottery","5 mil+","13 de agosto de 2026 a las 6:10:00 UTC-3","13 de agosto de 2026 a las 9:40:00 UTC-3","pa lottery,va lottery,virginia lottery,powerball live","./explore?q=pa%20lottery&geo=US"
"muscle car","5 mil+","9 de agosto de 2026 a las 10:20:00 UTC-3","10 de agosto de 2026 a las 9:00:00 UTC-3","muscle car","./explore?q=muscle%20car&geo=US"
"dunkin'","5 mil+","11 de agosto de 2026 a las 13:00:00 UTC-3","11 de agosto de 2026 a las 20:30:00 UTC-3","dunkin'","./explore?q=dunkin%27&geo=US"
"minnesota vs atlante","5 mil+","11 de agosto de 2026 a las 21:00:00 UTC-3","12 de agosto de 2026 a las 2:20:00 UTC-3","minnesota vs atlante","./explore?q=minnesota%20vs%20atlante&geo=US"
"make america great again","5 mil+","10 de agosto de 2026 a las 19:20:00 UTC-3","11 de agosto de 2026 a las 10:30:00 UTC-3","make america great again","./explore?q=make%20america%20great%20again&geo=US"
"call of duty","5 mil+","9 de agosto de 2026 a las 23:10:00 UTC-3","10 de agosto de 2026 a las 15:50:00 UTC-3","call of duty","./explore?q=call%20of%20duty&geo=US"
"joe amabile","5 mil+","10 de agosto de 2026 a las 23:50:00 UTC-3","11 de agosto de 2026 a las 7:30:00 UTC-3","joe amabile","./explore?q=joe%20amabile&geo=US"
"taylor swift trump","5 mil+","10 de agosto de 2026 a las 21:40:00 UTC-3","11 de agosto de 2026 a las 12:20:00 UTC-3","taylor swift trump","./explore?q=taylor%20swift%20trump&geo=US"
"negan","5 mil+","11 de agosto de 2026 a las 15:10:00 UTC-3","11 de agosto de 2026 a las 21:40:00 UTC-3","negan","./explore?q=negan&geo=US"
"jordan spieth fedex playoffs","5 mil+","11 de agosto de 2026 a las 7:30:00 UTC-3","11 de agosto de 2026 a las 13:50:00 UTC-3","jordan spieth fedex playoffs,tommy fleetwood,pga leaderboard,jordan spieth fedexcup playoff status","./explore?q=jordan%20spieth%20fedex%20playoffs&geo=US"
"lebron james 76ers contract","5 mil+","8 de agosto de 2026 a las 23:10:00 UTC-3","9 de agosto de 2026 a las 16:50:00 UTC-3","lebron james 76ers contract","./explore?q=lebron%20james%2076ers%20contract&geo=US"
"federal judges rule against ice","5 mil+","10 de agosto de 2026 a las 9:00:00 UTC-3","11 de agosto de 2026 a las 9:50:00 UTC-3","federal judges rule against ice","./explore?q=federal%20judges%20rule%20against%20ice&geo=US"
"american airlines new international routes","5 mil+","10 de agosto de 2026 a las 19:00:00 UTC-3","11 de agosto de 2026 a las 13:20:00 UTC-3","american airlines new international routes","./explore?q=american%20airlines%20new%20international%20routes&geo=US"
"seven brew","5 mil+","12 de agosto de 2026 a las 8:00:00 UTC-3","12 de agosto de 2026 a las 14:20:00 UTC-3","seven brew,bankruptcy","./explore?q=seven%20brew&geo=US"
"little league world series bracket","5 mil+","14 de agosto de 2026 a las 22:40:00 UTC-3","14 de agosto de 2026 a las 23:00:00 UTC-3","little league world series bracket,llws 2026,llws,little league regionals 2026,llws regionals","./explore?q=little%20league%20world%20series%20bracket&geo=US"
"michael wilbon","5 mil+","11 de agosto de 2026 a las 1:30:00 UTC-3","11 de agosto de 2026 a las 17:10:00 UTC-3","michael wilbon","./explore?q=michael%20wilbon&geo=US"
"parent","5 mil+","11 de agosto de 2026 a las 7:20:00 UTC-3","11 de agosto de 2026 a las 13:00:00 UTC-3","parent","./explore?q=parent&geo=US"
"nottm forest vs leverkusen","5 mil+","12 de agosto de 2026 a las 15:00:00 UTC-3","12 de agosto de 2026 a las 18:50:00 UTC-3","nottm forest vs leverkusen,nottingham forest - leverkusen","./explore?q=nottm%20forest%20vs%20leverkusen&geo=US"
"epic","5 mil+","10 de agosto de 2026 a las 9:00:00 UTC-3","10 de agosto de 2026 a las 17:10:00 UTC-3","epic","./explore?q=epic&geo=US"
"martha stewart","5 mil+","10 de agosto de 2026 a las 19:50:00 UTC-3","11 de agosto de 2026 a las 10:10:00 UTC-3","martha stewart","./explore?q=martha%20stewart&geo=US"
"swiss flight lx52 emergency landing","5 mil+","10 de agosto de 2026 a las 5:20:00 UTC-3","10 de agosto de 2026 a las 21:20:00 UTC-3","swiss flight lx52 emergency landing","./explore?q=swiss%20flight%20lx52%20emergency%20landing&geo=US"
"is navy federal down","5 mil+","12 de agosto de 2026 a las 17:30:00 UTC-3","12 de agosto de 2026 a las 20:20:00 UTC-3","is navy federal down,navy federal app down,navy federal down","./explore?q=is%20navy%20federal%20down&geo=US"
"medevac","5 mil+","8 de agosto de 2026 a las 2:50:00 UTC-3","8 de agosto de 2026 a las 19:00:00 UTC-3","medevac","./explore?q=medevac&geo=US"
"newsweek","5 mil+","11 de agosto de 2026 a las 16:30:00 UTC-3","11 de agosto de 2026 a las 21:40:00 UTC-3","newsweek","./explore?q=newsweek&geo=US"
"hezly rivera","5 mil+","9 de agosto de 2026 a las 19:50:00 UTC-3","10 de agosto de 2026 a las 11:20:00 UTC-3","hezly rivera","./explore?q=hezly%20rivera&geo=US"
"trump bedminster club manager david schutzenhofer","5 mil+","8 de agosto de 2026 a las 21:00:00 UTC-3","9 de agosto de 2026 a las 17:00:00 UTC-3","trump bedminster club manager david schutzenhofer","./explore?q=trump%20bedminster%20club%20manager%20david%20schutzenhofer&geo=US"
"andrew lincoln","5 mil+","9 de agosto de 2026 a las 16:20:00 UTC-3","10 de agosto de 2026 a las 5:10:00 UTC-3","andrew lincoln","./explore?q=andrew%20lincoln&geo=US"
"dakota fanning","5 mil+","11 de agosto de 2026 a las 21:50:00 UTC-3","12 de agosto de 2026 a las 5:00:00 UTC-3","dakota fanning,elle fanning","./explore?q=dakota%20fanning&geo=US"
"obama presidential center","5 mil+","12 de agosto de 2026 a las 9:20:00 UTC-3","12 de agosto de 2026 a las 14:00:00 UTC-3","obama presidential center,obama center tickets,obama presidential library","./explore?q=obama%20presidential%20center&geo=US"
"hamilton kroger evacuated sunday","5 mil+","10 de agosto de 2026 a las 7:20:00 UTC-3","10 de agosto de 2026 a las 13:10:00 UTC-3","hamilton kroger evacuated sunday","./explore?q=hamilton%20kroger%20evacuated%20sunday&geo=US"
"brandon coleman overtime charges","5 mil+","9 de agosto de 2026 a las 6:10:00 UTC-3","10 de agosto de 2026 a las 9:30:00 UTC-3","brandon coleman overtime charges","./explore?q=brandon%20coleman%20overtime%20charges&geo=US"
"social security funding shortfall","5 mil+","9 de agosto de 2026 a las 16:00:00 UTC-3","10 de agosto de 2026 a las 9:40:00 UTC-3","social security funding shortfall","./explore?q=social%20security%20funding%20shortfall&geo=US"
"joseph and kendra duggar","5 mil+","11 de agosto de 2026 a las 7:20:00 UTC-3","11 de agosto de 2026 a las 13:00:00 UTC-3","joseph and kendra duggar","./explore?q=joseph%20and%20kendra%20duggar&geo=US"
"trump senate budget agreement delay","5 mil+","8 de agosto de 2026 a las 3:20:00 UTC-3","8 de agosto de 2026 a las 21:50:00 UTC-3","trump senate budget agreement delay,senate recess gop trump deal","./explore?q=trump%20senate%20budget%20agreement%20delay&geo=US"
"leagues cup schedule","5 mil+","12 de agosto de 2026 a las 22:40:00 UTC-3","13 de agosto de 2026 a las 2:40:00 UTC-3","leagues cup schedule,real salt lake","./explore?q=leagues%20cup%20schedule&geo=US"
"lewis hamilton","5 mil+","9 de agosto de 2026 a las 18:50:00 UTC-3","11 de agosto de 2026 a las 8:10:00 UTC-3","lewis hamilton","./explore?q=lewis%20hamilton&geo=US"
"ella langley jaded","5 mil+","8 de agosto de 2026 a las 7:20:00 UTC-3","8 de agosto de 2026 a las 22:30:00 UTC-3","ella langley jaded","./explore?q=ella%20langley%20jaded&geo=US"
"the west wing","5 mil+","9 de agosto de 2026 a las 21:50:00 UTC-3","10 de agosto de 2026 a las 14:10:00 UTC-3","the west wing","./explore?q=the%20west%20wing&geo=US"
"tom clancy's jack ryan ghost war","5 mil+","11 de agosto de 2026 a las 12:40:00 UTC-3","11 de agosto de 2026 a las 18:20:00 UTC-3","tom clancy's jack ryan ghost war,tom clancy's jack ryan: ghost war","./explore?q=tom%20clancy%27s%20jack%20ryan%20ghost%20war&geo=US"
"jury duty","5 mil+","9 de agosto de 2026 a las 6:10:00 UTC-3","9 de agosto de 2026 a las 16:50:00 UTC-3","jury duty","./explore?q=jury%20duty&geo=US"
"vinod khosla seattle seahawks","5 mil+","9 de agosto de 2026 a las 17:40:00 UTC-3","10 de agosto de 2026 a las 13:40:00 UTC-3","vinod khosla seattle seahawks,khosla,vinod khosla","./explore?q=vinod%20khosla%20seattle%20seahawks&geo=US"
"cade mays","5 mil+","10 de agosto de 2026 a las 11:20:00 UTC-3","10 de agosto de 2026 a las 17:10:00 UTC-3","cade mays,seth mclaughlin","./explore?q=cade%20mays&geo=US"
"miami dolphins caedan wallace trade","5 mil+","10 de agosto de 2026 a las 20:50:00 UTC-3","11 de agosto de 2026 a las 17:00:00 UTC-3","miami dolphins caedan wallace trade,caedan wallace","./explore?q=miami%20dolphins%20caedan%20wallace%20trade&geo=US"
"real madrid vs","5 mil+","12 de agosto de 2026 a las 16:20:00 UTC-3","12 de agosto de 2026 a las 18:40:00 UTC-3","real madrid vs,real madrid vs deportivo,real madrid tv,real madrid schedule,jose mourinho,where to watch deportivo de la coruna vs real madrid","./explore?q=real%20madrid%20vs&geo=US"
"mick jagger age 83 dance","5 mil+","11 de agosto de 2026 a las 6:10:00 UTC-3","11 de agosto de 2026 a las 20:50:00 UTC-3","mick jagger age 83 dance,mick jagger dancing,mick jagger","./explore?q=mick%20jagger%20age%2083%20dance&geo=US"
"mortgage rates","5 mil+","12 de agosto de 2026 a las 15:30:00 UTC-3","12 de agosto de 2026 a las 19:40:00 UTC-3","mortgage rates,mortgage interest rates,mortgage news daily,mortgage","./explore?q=mortgage%20rates&geo=US"
"brad pitt sobriety","5 mil+","10 de agosto de 2026 a las 19:50:00 UTC-3","11 de agosto de 2026 a las 10:50:00 UTC-3","brad pitt sobriety,brad pitt sobriety update,brad pitt news","./explore?q=brad%20pitt%20sobriety&geo=US"
"tommy flanagan","5 mil+","9 de agosto de 2026 a las 23:10:00 UTC-3","11 de agosto de 2026 a las 3:00:00 UTC-3","tommy flanagan","./explore?q=tommy%20flanagan&geo=US"
"matt lauria","5 mil+","9 de agosto de 2026 a las 21:40:00 UTC-3","10 de agosto de 2026 a las 13:30:00 UTC-3","matt lauria","./explore?q=matt%20lauria&geo=US"
"sofia murillo","5 mil+","10 de agosto de 2026 a las 15:40:00 UTC-3","10 de agosto de 2026 a las 21:40:00 UTC-3","sofia murillo","./explore?q=sofia%20murillo&geo=US"
"mn primary election 2026","5 mil+","11 de agosto de 2026 a las 22:40:00 UTC-3","12 de agosto de 2026 a las 2:00:00 UTC-3","mn primary election 2026,mn primary election 2026 candidates,minnesota elections 2026,minnesota elections,election results today mn","./explore?q=mn%20primary%20election%202026&geo=US"
"espn fantasy football","5 mil+","9 de agosto de 2026 a las 16:10:00 UTC-3","11 de agosto de 2026 a las 21:00:00 UTC-3","espn fantasy football","./explore?q=espn%20fantasy%20football&geo=US"
"william, prince of wales","5 mil+","12 de agosto de 2026 a las 19:00:00 UTC-3","12 de agosto de 2026 a las 20:30:00 UTC-3","william, prince of wales","./explore?q=william%2C%20prince%20of%20wales&geo=US"
"kirk cousins maxx crosby altercation","5 mil+","12 de agosto de 2026 a las 21:50:00 UTC-3","13 de agosto de 2026 a las 10:20:00 UTC-3","kirk cousins maxx crosby altercation,maxx crosby,kirk cousins maxx crosby tussle","./explore?q=kirk%20cousins%20maxx%20crosby%20altercation&geo=US"
"charlotte fc","5 mil+","11 de agosto de 2026 a las 20:20:00 UTC-3","12 de agosto de 2026 a las 0:40:00 UTC-3","charlotte fc,leagues cup schedule","./explore?q=charlotte%20fc&geo=US"
"luis rengifo","5 mil+","11 de agosto de 2026 a las 23:10:00 UTC-3","12 de agosto de 2026 a las 2:20:00 UTC-3","luis rengifo,padres,padres score,luis campusano","./explore?q=luis%20rengifo&geo=US"
"nueva york","5 mil+","9 de agosto de 2026 a las 12:00:00 UTC-3","9 de agosto de 2026 a las 22:00:00 UTC-3","nueva york","./explore?q=nueva%20york&geo=US"
"walking","5 mil+","9 de agosto de 2026 a las 15:10:00 UTC-3","9 de agosto de 2026 a las 23:30:00 UTC-3","walking","./explore?q=walking&geo=US"
"austin fc - puebla","5 mil+","9 de agosto de 2026 a las 21:30:00 UTC-3","10 de agosto de 2026 a las 2:10:00 UTC-3","austin fc - puebla,austin fc vs club puebla standings","./explore?q=austin%20fc%20-%20puebla&geo=US"
"austin vs puebla","5 mil+","9 de agosto de 2026 a las 21:30:00 UTC-3","10 de agosto de 2026 a las 2:00:00 UTC-3","austin vs puebla","./explore?q=austin%20vs%20puebla&geo=US"
"ire vs afg","5 mil+","10 de agosto de 2026 a las 6:10:00 UTC-3","10 de agosto de 2026 a las 10:30:00 UTC-3","ire vs afg,afghanistan vs ireland,ireland vs afghanistan,afg vs ire","./explore?q=ire%20vs%20afg&geo=US"
"pete crow-armstrong","5 mil+","11 de agosto de 2026 a las 8:10:00 UTC-3","11 de agosto de 2026 a las 23:40:00 UTC-3","pete crow-armstrong,cubs - nationals,seiya suzuki","./explore?q=pete%20crow-armstrong&geo=US"
"jamaican day parade","5 mil+","8 de agosto de 2026 a las 8:10:00 UTC-3","8 de agosto de 2026 a las 18:50:00 UTC-3","jamaican day parade","./explore?q=jamaican%20day%20parade&geo=US"
"ultra processed food","5 mil+","10 de agosto de 2026 a las 5:20:00 UTC-3","10 de agosto de 2026 a las 13:50:00 UTC-3","ultra processed food,ultra-processed food","./explore?q=ultra%20processed%20food&geo=US"
"lioness season 3 episode 2","5 mil+","9 de agosto de 2026 a las 1:40:00 UTC-3","10 de agosto de 2026 a las 1:50:00 UTC-3","lioness season 3 episode 2,lioness episode 2","./explore?q=lioness%20season%203%20episode%202&geo=US"
"ocarina of time remake","5 mil+","11 de agosto de 2026 a las 19:00:00 UTC-3","11 de agosto de 2026 a las 22:30:00 UTC-3","ocarina of time remake,zelda ocarina of time remake","./explore?q=ocarina%20of%20time%20remake&geo=US"
"focus","5 mil+","10 de agosto de 2026 a las 7:00:00 UTC-3","10 de agosto de 2026 a las 11:00:00 UTC-3","focus","./explore?q=focus&geo=US"
"aircraft pilot","5 mil+","9 de agosto de 2026 a las 12:40:00 UTC-3","9 de agosto de 2026 a las 20:50:00 UTC-3","aircraft pilot","./explore?q=aircraft%20pilot&geo=US"
"jelly roll touring break","5 mil+","9 de agosto de 2026 a las 13:00:00 UTC-3","10 de agosto de 2026 a las 8:50:00 UTC-3","jelly roll touring break,jelly roll","./explore?q=jelly%20roll%20touring%20break&geo=US"
"arthur fils","5 mil+","11 de agosto de 2026 a las 15:20:00 UTC-3","11 de agosto de 2026 a las 19:00:00 UTC-3","arthur fils,jodar vs fils","./explore?q=arthur%20fils&geo=US"
"zack snyder","5 mil+","8 de agosto de 2026 a las 8:00:00 UTC-3","9 de agosto de 2026 a las 1:00:00 UTC-3","zack snyder","./explore?q=zack%20snyder&geo=US"
"bryce harper","5 mil+","10 de agosto de 2026 a las 21:30:00 UTC-3","11 de agosto de 2026 a las 0:40:00 UTC-3","bryce harper,bryce harper betting video,bryce harper fanduel,bryce harper betting","./explore?q=bryce%20harper&geo=US"
"chud the builder","5 mil+","10 de agosto de 2026 a las 12:20:00 UTC-3","11 de agosto de 2026 a las 8:00:00 UTC-3","chud the builder","./explore?q=chud%20the%20builder&geo=US"
"nashville sc - san luis","5 mil+","9 de agosto de 2026 a las 20:40:00 UTC-3","10 de agosto de 2026 a las 1:10:00 UTC-3","nashville sc - san luis,nashville sc,nashville sc vs atletico san luis standings","./explore?q=nashville%20sc%20-%20san%20luis&geo=US"
"boeing 737 max","5 mil+","9 de agosto de 2026 a las 10:50:00 UTC-3","9 de agosto de 2026 a las 18:50:00 UTC-3","boeing 737 max","./explore?q=boeing%20737%20max&geo=US"
"aeropuerto internacional de miami","5 mil+","8 de agosto de 2026 a las 19:10:00 UTC-3","9 de agosto de 2026 a las 18:20:00 UTC-3","aeropuerto internacional de miami","./explore?q=aeropuerto%20internacional%20de%20miami&geo=US"
"dominion energy","5 mil+","10 de agosto de 2026 a las 18:00:00 UTC-3","10 de agosto de 2026 a las 22:50:00 UTC-3","dominion energy,dominion power","./explore?q=dominion%20energy&geo=US"
"2027 dodge charger super bee","5 mil+","8 de agosto de 2026 a las 11:40:00 UTC-3","8 de agosto de 2026 a las 17:30:00 UTC-3","2027 dodge charger super bee","./explore?q=2027%20dodge%20charger%20super%20bee&geo=US"
"burbank fire","5 mil+","8 de agosto de 2026 a las 19:30:00 UTC-3","9 de agosto de 2026 a las 4:20:00 UTC-3","burbank fire,walnut fire,fires near me","./explore?q=burbank%20fire&geo=US"
"fever game today","5 mil+","11 de agosto de 2026 a las 21:00:00 UTC-3","11 de agosto de 2026 a las 23:20:00 UTC-3","fever game today,wnba standings","./explore?q=fever%20game%20today&geo=US"
"cailen waddell update liz","5 mil+","10 de agosto de 2026 a las 17:50:00 UTC-3","10 de agosto de 2026 a las 22:20:00 UTC-3","cailen waddell update liz","./explore?q=cailen%20waddell%20update%20liz&geo=US"
"dementia risk factors","5 mil+","8 de agosto de 2026 a las 6:40:00 UTC-3","8 de agosto de 2026 a las 12:50:00 UTC-3","dementia risk factors","./explore?q=dementia%20risk%20factors&geo=US"
"manny pacquiao","5 mil+","9 de agosto de 2026 a las 18:00:00 UTC-3","10 de agosto de 2026 a las 9:10:00 UTC-3","manny pacquiao","./explore?q=manny%20pacquiao&geo=US"
"swansea vs birmingham","5 mil+","8 de agosto de 2026 a las 10:10:00 UTC-3","8 de agosto de 2026 a las 15:10:00 UTC-3","swansea vs birmingham,swansea - birmingham city","./explore?q=swansea%20vs%20birmingham&geo=US"
"real salt lake - atlante","5 mil+","8 de agosto de 2026 a las 22:20:00 UTC-3","9 de agosto de 2026 a las 3:20:00 UTC-3","real salt lake - atlante","./explore?q=real%20salt%20lake%20-%20atlante&geo=US"
"chicago cubs","5 mil+","12 de agosto de 2026 a las 22:50:00 UTC-3","13 de agosto de 2026 a las 0:00:00 UTC-3","chicago cubs","./explore?q=chicago%20cubs&geo=US"
"américa - atlético nacional","5 mil+","9 de agosto de 2026 a las 21:40:00 UTC-3","10 de agosto de 2026 a las 1:20:00 UTC-3","américa - atlético nacional,américa de cali vs atl. nacional,posiciones de américa de cali contra atlético nacional,américa de cali vs atlético nacional standings","./explore?q=am%C3%A9rica%20-%20atl%C3%A9tico%20nacional&geo=US"
"asts stock","5 mil+","10 de agosto de 2026 a las 7:40:00 UTC-3","10 de agosto de 2026 a las 19:40:00 UTC-3","asts stock,asts,asts earnings","./explore?q=asts%20stock&geo=US"
"scratch","5 mil+","10 de agosto de 2026 a las 10:20:00 UTC-3","10 de agosto de 2026 a las 16:40:00 UTC-3","scratch,georgia lottery","./explore?q=scratch&geo=US"
"san diego fc","5 mil+","9 de agosto de 2026 a las 22:50:00 UTC-3","10 de agosto de 2026 a las 2:30:00 UTC-3","san diego fc,sdfc,san diego fc vs club tijuana standings,club tijuana","./explore?q=san%20diego%20fc&geo=US"
"elena rybakina","5 mil+","9 de agosto de 2026 a las 13:40:00 UTC-3","9 de agosto de 2026 a las 18:00:00 UTC-3","elena rybakina","./explore?q=elena%20rybakina&geo=US"
"physical media","5 mil+","8 de agosto de 2026 a las 15:20:00 UTC-3","8 de agosto de 2026 a las 22:10:00 UTC-3","physical media","./explore?q=physical%20media&geo=US"
"sandra bullock","5 mil+","9 de agosto de 2026 a las 21:50:00 UTC-3","10 de agosto de 2026 a las 1:10:00 UTC-3","sandra bullock","./explore?q=sandra%20bullock&geo=US"
"blake lively ryan reynolds family","5 mil+","8 de agosto de 2026 a las 12:10:00 UTC-3","8 de agosto de 2026 a las 20:00:00 UTC-3","blake lively ryan reynolds family,family","./explore?q=blake%20lively%20ryan%20reynolds%20family&geo=US"
"iron man 3","5 mil+","9 de agosto de 2026 a las 21:00:00 UTC-3","10 de agosto de 2026 a las 3:50:00 UTC-3","iron man 3,movie,spider,avengers endgame","./explore?q=iron%20man%203&geo=US"
"asterisk talley","5 mil+","9 de agosto de 2026 a las 16:10:00 UTC-3","9 de agosto de 2026 a las 20:20:00 UTC-3","asterisk talley","./explore?q=asterisk%20talley&geo=US"
"firefighting","5 mil+","8 de agosto de 2026 a las 13:50:00 UTC-3","8 de agosto de 2026 a las 19:30:00 UTC-3","firefighting","./explore?q=firefighting&geo=US"
"psg","5 mil+","8 de agosto de 2026 a las 11:50:00 UTC-3","8 de agosto de 2026 a las 16:20:00 UTC-3","psg","./explore?q=psg&geo=US"
"todd blanche","5 mil+","8 de agosto de 2026 a las 8:00:00 UTC-3","8 de agosto de 2026 a las 10:50:00 UTC-3","todd blanche,todd blanche senate confirmation","./explore?q=todd%20blanche&geo=US"
"coby bryant","5 mil+","11 de agosto de 2026 a las 17:00:00 UTC-3","11 de agosto de 2026 a las 18:30:00 UTC-3","coby bryant","./explore?q=coby%20bryant&geo=US"
"valencia vs newcastle","5 mil+","8 de agosto de 2026 a las 15:50:00 UTC-3","8 de agosto de 2026 a las 20:10:00 UTC-3","valencia vs newcastle,valencia c. f. - newcastle","./explore?q=valencia%20vs%20newcastle&geo=US"
"slides","5 mil+","10 de agosto de 2026 a las 10:00:00 UTC-3","10 de agosto de 2026 a las 16:50:00 UTC-3","slides","./explore?q=slides&geo=US"
"habit burger","5 mil+","8 de agosto de 2026 a las 16:50:00 UTC-3","9 de agosto de 2026 a las 9:20:00 UTC-3","habit burger,burger","./explore?q=habit%20burger&geo=US"
"flamengo vs vitória","5 mil+","9 de agosto de 2026 a las 19:00:00 UTC-3","9 de agosto de 2026 a las 22:30:00 UTC-3","flamengo vs vitória,flamengo x ec vitória,flamengo - vitória","./explore?q=flamengo%20vs%20vit%C3%B3ria&geo=US"
"iga swiatek","5 mil+","8 de agosto de 2026 a las 13:30:00 UTC-3","8 de agosto de 2026 a las 17:00:00 UTC-3","iga swiatek,marta kostyuk,kostyuk,swiatek","./explore?q=iga%20swiatek&geo=US"
"jackson jobe","5 mil+","8 de agosto de 2026 a las 20:20:00 UTC-3","9 de agosto de 2026 a las 10:10:00 UTC-3","jackson jobe,tigers standings","./explore?q=jackson%20jobe&geo=US"
"ben shelton","5 mil+","11 de agosto de 2026 a las 19:40:00 UTC-3","11 de agosto de 2026 a las 21:20:00 UTC-3","ben shelton,montreal open,jakub menšík,national bank open presented by rogers","./explore?q=ben%20shelton&geo=US"
"rebecca ferguson","5 mil+","9 de agosto de 2026 a las 18:50:00 UTC-3","9 de agosto de 2026 a las 22:00:00 UTC-3","rebecca ferguson","./explore?q=rebecca%20ferguson&geo=US"
"jesse metcalfe","5 mil+","8 de agosto de 2026 a las 21:10:00 UTC-3","9 de agosto de 2026 a las 2:00:00 UTC-3","jesse metcalfe","./explore?q=jesse%20metcalfe&geo=US"
"dhs h1b 60 day grace period","5 mil+","8 de agosto de 2026 a las 7:10:00 UTC-3","8 de agosto de 2026 a las 12:40:00 UTC-3","dhs h1b 60 day grace period,visa,dhs 60 days grace period,h","./explore?q=dhs%20h1b%2060%20day%20grace%20period&geo=US"
"boca vs vélez sársfield","5 mil+","8 de agosto de 2026 a las 18:50:00 UTC-3","8 de agosto de 2026 a las 22:10:00 UTC-3","boca vs vélez sársfield,boca juniors - vélez,boca juniors","./explore?q=boca%20vs%20v%C3%A9lez%20s%C3%A1rsfield&geo=US"
"argentina vs south africa","5 mil+","8 de agosto de 2026 a las 15:00:00 UTC-3","8 de agosto de 2026 a las 18:50:00 UTC-3","argentina vs south africa","./explore?q=argentina%20vs%20south%20africa&geo=US"
"max scherzer","5 mil+","8 de agosto de 2026 a las 19:10:00 UTC-3","9 de agosto de 2026 a las 9:00:00 UTC-3","max scherzer,career","./explore?q=max%20scherzer&geo=US"
"red sox - blue jays","5 mil+","10 de agosto de 2026 a las 19:30:00 UTC-3","11 de agosto de 2026 a las 0:00:00 UTC-3","red sox - blue jays,sonny gray,4th out rule,toronto blue jays","./explore?q=red%20sox%20-%20blue%20jays&geo=US"
"juventus - inter","5 mil+","8 de agosto de 2026 a las 8:00:00 UTC-3","8 de agosto de 2026 a las 13:10:00 UTC-3","juventus - inter,juventus","./explore?q=juventus%20-%20inter&geo=US"
"oil tanker","5 mil+","8 de agosto de 2026 a las 21:00:00 UTC-3","8 de agosto de 2026 a las 23:20:00 UTC-3","oil tanker","./explore?q=oil%20tanker&geo=US"
"tornado baltimore","5 mil+","10 de agosto de 2026 a las 17:20:00 UTC-3","10 de agosto de 2026 a las 18:50:00 UTC-3","tornado baltimore,baltimore weather,tornado maryland,weather baltimore,baltimore tornado,baltimore tornado warning","./explore?q=tornado%20baltimore&geo=US"
"playstation 5","5 mil+","8 de agosto de 2026 a las 7:40:00 UTC-3","9 de agosto de 2026 a las 1:50:00 UTC-3","playstation 5","./explore?q=playstation%205&geo=US"
"college football","5 mil+","8 de agosto de 2026 a las 10:30:00 UTC-3","8 de agosto de 2026 a las 16:50:00 UTC-3","college football","./explore?q=college%20football&geo=US"
"cleveland browns","5 mil+","9 de agosto de 2026 a las 18:50:00 UTC-3","9 de agosto de 2026 a las 22:20:00 UTC-3","cleveland browns,browns,shedeur sanders browns quarterback reps","./explore?q=cleveland%20browns&geo=US"
"lafc vs toluca","5 mil+","9 de agosto de 2026 a las 0:10:00 UTC-3","9 de agosto de 2026 a las 3:50:00 UTC-3","lafc vs toluca,toluca fc,toluca vs,toluca fc vs lafc","./explore?q=lafc%20vs%20toluca&geo=US"
"posiciones de club de fútbol cruz azul contra new york city football club","5 mil+","9 de agosto de 2026 a las 22:50:00 UTC-3","10 de agosto de 2026 a las 0:50:00 UTC-3","posiciones de club de fútbol cruz azul contra new york city football club","./explore?q=posiciones%20de%20club%20de%20f%C3%BAtbol%20cruz%20azul%20contra%20new%20york%20city%20football%20club&geo=US"
"joao fonseca","5 mil+","9 de agosto de 2026 a las 19:00:00 UTC-3","9 de agosto de 2026 a las 22:10:00 UTC-3","joao fonseca,fonseca","./explore?q=joao%20fonseca&geo=US"
"tigre - river plate","5 mil+","8 de agosto de 2026 a las 16:30:00 UTC-3","8 de agosto de 2026 a las 20:00:00 UTC-3","tigre - river plate,tigre vs river plate,river plate,posiciones de club atlético tigre contra river plate","./explore?q=tigre%20-%20river%20plate&geo=US"
"what channel is the nascar race on today","5 mil+","9 de agosto de 2026 a las 14:40:00 UTC-3","9 de agosto de 2026 a las 18:10:00 UTC-3","what channel is the nascar race on today,what channel is nascar on today,iowa speedway,what time is the nascar race today","./explore?q=what%20channel%20is%20the%20nascar%20race%20on%20today&geo=US"
"matt mcquillan","5 mil+","9 de agosto de 2026 a las 14:40:00 UTC-3","9 de agosto de 2026 a las 17:20:00 UTC-3","matt mcquillan,pga golfer died,pga tour","./explore?q=matt%20mcquillan&geo=US"
"philadelphia phillies","5 mil+","11 de agosto de 2026 a las 7:00:00 UTC-3","11 de agosto de 2026 a las 10:00:00 UTC-3","philadelphia phillies,andrew painter,alan rangel,mlb games","./explore?q=philadelphia%20phillies&geo=US"
"iga swiatek","5 mil+","10 de agosto de 2026 a las 20:20:00 UTC-3","10 de agosto de 2026 a las 22:20:00 UTC-3","iga swiatek,diana shnaider,canada open","./explore?q=iga%20swiatek&geo=US"
"tour de france femmes","5 mil+","9 de agosto de 2026 a las 9:50:00 UTC-3","9 de agosto de 2026 a las 15:20:00 UTC-3","tour de france femmes,demi vollering","./explore?q=tour%20de%20france%20femmes&geo=US"
"louie sutherland","5 mil+","8 de agosto de 2026 a las 18:10:00 UTC-3","8 de agosto de 2026 a las 21:00:00 UTC-3","louie sutherland,jose montanha","./explore?q=louie%20sutherland&geo=US"
"tigers game","5 mil+","11 de agosto de 2026 a las 20:40:00 UTC-3","11 de agosto de 2026 a las 23:20:00 UTC-3","tigers game,tigers standings,kevin mcgonigle,guardians - tigers","./explore?q=tigers%20game&geo=US"
"social security 2027 cola estimates","5 mil+","8 de agosto de 2026 a las 21:30:00 UTC-3","9 de agosto de 2026 a las 9:10:00 UTC-3","social security 2027 cola estimates,2027 social security cola estimates,2027 social security increase forecast","./explore?q=social%20security%202027%20cola%20estimates&geo=US"
"arizona diamondbacks","5 mil+","12 de agosto de 2026 a las 1:10:00 UTC-3","12 de agosto de 2026 a las 2:20:00 UTC-3","arizona diamondbacks,diamondbacks,nolan arenado","./explore?q=arizona%20diamondbacks&geo=US"
"stephanie vaquer","5 mil+","10 de agosto de 2026 a las 21:50:00 UTC-3","10 de agosto de 2026 a las 23:20:00 UTC-3","stephanie vaquer,jey uso,sol ruca,raw results,wwe raw,wwe raw results","./explore?q=stephanie%20vaquer&geo=US"
"diyar nurgozhay","5 mil+","8 de agosto de 2026 a las 18:00:00 UTC-3","8 de agosto de 2026 a las 21:20:00 UTC-3","diyar nurgozhay","./explore?q=diyar%20nurgozhay&geo=US"
"white sox","5 mil+","11 de agosto de 2026 a las 23:20:00 UTC-3","12 de agosto de 2026 a las 0:00:00 UTC-3","white sox,chicago white sox,white sox score,sean burke,white sox pope hat","./explore?q=white%20sox&geo=US"
"bo bichette","5 mil+","9 de agosto de 2026 a las 15:50:00 UTC-3","9 de agosto de 2026 a las 19:00:00 UTC-3","bo bichette,luis robert jr.,sean manaea,mets - pirates,jared jones","./explore?q=bo%20bichette&geo=US"
"rachel banham","5 mil+","8 de agosto de 2026 a las 17:20:00 UTC-3","8 de agosto de 2026 a las 19:40:00 UTC-3","rachel banham,natasha cloud,courtney vandersloot","./explore?q=rachel%20banham&geo=US"
"astros - giants","5 mil+","11 de agosto de 2026 a las 22:40:00 UTC-3","12 de agosto de 2026 a las 2:30:00 UTC-3","astros - giants,sf giants,giants game,cam smith,baseball","./explore?q=astros%20-%20giants&geo=US"
"sport boys - alianza lima","5 mil+","8 de agosto de 2026 a las 21:30:00 UTC-3","9 de agosto de 2026 a las 1:00:00 UTC-3","sport boys - alianza lima,boys vs alianza lima,alianza lima","./explore?q=sport%20boys%20-%20alianza%20lima&geo=US"
"américa - cruz azul","5 mil+","8 de agosto de 2026 a las 21:40:00 UTC-3","9 de agosto de 2026 a las 0:20:00 UTC-3","américa - cruz azul,liga mx femenil","./explore?q=am%C3%A9rica%20-%20cruz%20azul&geo=US"
"north carolina courage vs washington spirit","5 mil+","8 de agosto de 2026 a las 19:00:00 UTC-3","8 de agosto de 2026 a las 22:20:00 UTC-3","north carolina courage vs washington spirit,washington spirit,north carolina courage vs washington spirit standings","./explore?q=north%20carolina%20courage%20vs%20washington%20spirit&geo=US"
"amanda anisimova","5 mil+","8 de agosto de 2026 a las 23:00:00 UTC-3","9 de agosto de 2026 a las 1:10:00 UTC-3","amanda anisimova,elina svitolina,svitolina,anisimova","./explore?q=amanda%20anisimova&geo=US"
"mariners","5 mil+","9 de agosto de 2026 a las 1:00:00 UTC-3","9 de agosto de 2026 a las 2:50:00 UTC-3","mariners,mariners game","./explore?q=mariners&geo=US"
"tornado warning","5 mil+","10 de agosto de 2026 a las 17:40:00 UTC-3","10 de agosto de 2026 a las 18:30:00 UTC-3","tornado warning","./explore?q=tornado%20warning&geo=US"
"jessica pegula","5 mil+","8 de agosto de 2026 a las 16:30:00 UTC-3","8 de agosto de 2026 a las 18:00:00 UTC-3","jessica pegula,diana shnaider","./explore?q=jessica%20pegula&geo=US"
"larry fitzgerald wife","5 mil+","8 de agosto de 2026 a las 13:20:00 UTC-3","9 de agosto de 2026 a las 0:10:00 UTC-3","larry fitzgerald wife,devin fitzgerald,is larry fitzgerald married,randy moss","./explore?q=larry%20fitzgerald%20wife&geo=US"
"gage jump","5 mil+","8 de agosto de 2026 a las 17:50:00 UTC-3","8 de agosto de 2026 a las 20:20:00 UTC-3","gage jump,athletics,athletics - red sox,max muncy,red sox game today","./explore?q=gage%20jump&geo=US"
"diamondbacks","5 mil+","8 de agosto de 2026 a las 23:50:00 UTC-3","9 de agosto de 2026 a las 1:50:00 UTC-3","diamondbacks,dbacks,dodgers schedule,diamondbacks vs dodgers,tanner scott","./explore?q=diamondbacks&geo=US"
"mariners home run derby","5 mil+","8 de agosto de 2026 a las 1:20:00 UTC-3","8 de agosto de 2026 a las 3:20:00 UTC-3","mariners home run derby,austin nola,lou piniella,stefen romero,mitch haniger,ichiro,ryan rowland smith,mariners alumni home run derby","./explore?q=mariners%20home%20run%20derby&geo=US"
"bruce willis","5 mil+","8 de agosto de 2026 a las 17:10:00 UTC-3","8 de agosto de 2026 a las 18:10:00 UTC-3","bruce willis","./explore?q=bruce%20willis&geo=US"
"braves","5 mil+","8 de agosto de 2026 a las 1:20:00 UTC-3","8 de agosto de 2026 a las 2:20:00 UTC-3","braves,joe torre,reggie jackson,atlanta braves baseball,todd frazier,weather game","./explore?q=braves&geo=US"
"coco 2","2 mil+","15 de agosto de 2026 a las 0:00:00 UTC-3",,"coco 2,incredibles 3","./explore?q=coco%202&geo=US"
"cam miller","2 mil+","14 de agosto de 2026 a las 22:10:00 UTC-3",,"cam miller","./explore?q=cam%20miller&geo=US"
"kelly loeffler","2 mil+","14 de agosto de 2026 a las 18:10:00 UTC-3",,"kelly loeffler","./explore?q=kelly%20loeffler&geo=US"
"peltola rejects harris endorsement","2 mil+","14 de agosto de 2026 a las 20:50:00 UTC-3",,"peltola rejects harris endorsement","./explore?q=peltola%20rejects%20harris%20endorsement&geo=US"
"earthquakes today","2 mil+","14 de agosto de 2026 a las 22:50:00 UTC-3",,"earthquakes today,spain earthquake","./explore?q=earthquakes%20today&geo=US"
"seattle storm","2 mil+","14 de agosto de 2026 a las 23:10:00 UTC-3",,"seattle storm","./explore?q=seattle%20storm&geo=US"
"steve martin","2 mil+","14 de agosto de 2026 a las 20:10:00 UTC-3",,"steve martin","./explore?q=steve%20martin&geo=US"
"central synagogue","2 mil+","14 de agosto de 2026 a las 22:40:00 UTC-3",,"central synagogue","./explore?q=central%20synagogue&geo=US"
"athan kaliakmanis","2 mil+","14 de agosto de 2026 a las 22:00:00 UTC-3",,"athan kaliakmanis","./explore?q=athan%20kaliakmanis&geo=US"
"karen khachanov","2 mil+","14 de agosto de 2026 a las 22:30:00 UTC-3",,"karen khachanov,kovacevic,aleksandar kovacevic","./explore?q=karen%20khachanov&geo=US"
"sam ehlinger","2 mil+","14 de agosto de 2026 a las 21:50:00 UTC-3",,"sam ehlinger","./explore?q=sam%20ehlinger&geo=US"
"mira sorvino","2 mil+","14 de agosto de 2026 a las 21:00:00 UTC-3",,"mira sorvino","./explore?q=mira%20sorvino&geo=US"
"hugh hefner","2 mil+","14 de agosto de 2026 a las 16:10:00 UTC-3",,"hugh hefner","./explore?q=hugh%20hefner&geo=US"
"braelon allen","2 mil+","14 de agosto de 2026 a las 20:30:00 UTC-3",,"braelon allen","./explore?q=braelon%20allen&geo=US"
"sofi stadium","2 mil+","14 de agosto de 2026 a las 21:10:00 UTC-3",,"sofi stadium","./explore?q=sofi%20stadium&geo=US"
"la liga","2 mil+","14 de agosto de 2026 a las 17:10:00 UTC-3",,"la liga","./explore?q=la%20liga&geo=US"
"my brilliant career netflix","2 mil+","14 de agosto de 2026 a las 21:10:00 UTC-3",,"my brilliant career netflix","./explore?q=my%20brilliant%20career%20netflix&geo=US"
"pocketpair","2 mil+","14 de agosto de 2026 a las 19:10:00 UTC-3",,"pocketpair","./explore?q=pocketpair&geo=US"
"penelope cruz","2 mil+","14 de agosto de 2026 a las 22:20:00 UTC-3",,"penelope cruz,the invite streaming,olivia wilde,seth rogen","./explore?q=penelope%20cruz&geo=US"
"yordan álvarez","2 mil+","14 de agosto de 2026 a las 22:00:00 UTC-3",,"yordan álvarez,yordan alvarez","./explore?q=yordan%20%C3%A1lvarez&geo=US"
"jac caglianone","2 mil+","15 de agosto de 2026 a las 0:40:00 UTC-3",,"jac caglianone","./explore?q=jac%20caglianone&geo=US"
"chicago stars vs seattle reign fc","2 mil+","14 de agosto de 2026 a las 22:50:00 UTC-3",,"chicago stars vs seattle reign fc,nwsl+","./explore?q=chicago%20stars%20vs%20seattle%20reign%20fc&geo=US"
"eva lys","2 mil+","14 de agosto de 2026 a las 22:00:00 UTC-3","15 de agosto de 2026 a las 0:30:00 UTC-3","eva lys,sofia kenin","./explore?q=eva%20lys&geo=US"
"nadia ferreira","2 mil+","14 de agosto de 2026 a las 18:40:00 UTC-3","15 de agosto de 2026 a las 1:00:00 UTC-3","nadia ferreira","./explore?q=nadia%20ferreira&geo=US"
"sloane stephens","2 mil+","14 de agosto de 2026 a las 20:10:00 UTC-3","14 de agosto de 2026 a las 23:20:00 UTC-3","sloane stephens","./explore?q=sloane%20stephens&geo=US"
"wnba standings","2 mil+","14 de agosto de 2026 a las 22:40:00 UTC-3","14 de agosto de 2026 a las 23:50:00 UTC-3","wnba standings","./explore?q=wnba%20standings&geo=US"
"coco jones donovan mitchell wedding","2 mil+","14 de agosto de 2026 a las 20:30:00 UTC-3","15 de agosto de 2026 a las 0:50:00 UTC-3","coco jones donovan mitchell wedding","./explore?q=coco%20jones%20donovan%20mitchell%20wedding&geo=US"
"llws","2 mil+","14 de agosto de 2026 a las 20:40:00 UTC-3","15 de agosto de 2026 a las 0:50:00 UTC-3","llws","./explore?q=llws&geo=US"
"moneda de oro","2 mil+","14 de agosto de 2026 a las 18:10:00 UTC-3","15 de agosto de 2026 a las 0:30:00 UTC-3","moneda de oro","./explore?q=moneda%20de%20oro&geo=US"
"bayonne little league","2 mil+","14 de agosto de 2026 a las 21:00:00 UTC-3","14 de agosto de 2026 a las 23:50:00 UTC-3","bayonne little league","./explore?q=bayonne%20little%20league&geo=US"
"julia roberts","2 mil+","14 de agosto de 2026 a las 21:50:00 UTC-3","15 de agosto de 2026 a las 0:10:00 UTC-3","julia roberts","./explore?q=julia%20roberts&geo=US"
"justin fields","2 mil+","14 de agosto de 2026 a las 20:20:00 UTC-3","14 de agosto de 2026 a las 23:20:00 UTC-3","justin fields","./explore?q=justin%20fields&geo=US"
"independiente del valle - delfín","2 mil+","14 de agosto de 2026 a las 20:20:00 UTC-3","14 de agosto de 2026 a las 23:30:00 UTC-3","independiente del valle - delfín,posiciones de independiente del valle contra delfin sc","./explore?q=independiente%20del%20valle%20-%20delf%C3%ADn&geo=US"
"tigers game","2 mil+","14 de agosto de 2026 a las 20:10:00 UTC-3","14 de agosto de 2026 a las 23:20:00 UTC-3","tigers game,sean newcomb","./explore?q=tigers%20game&geo=US"
"alanna smith","2 mil+","14 de agosto de 2026 a las 20:50:00 UTC-3","14 de agosto de 2026 a las 23:30:00 UTC-3","alanna smith","./explore?q=alanna%20smith&geo=US"
"priest","2 mil+","14 de agosto de 2026 a las 10:40:00 UTC-3","14 de agosto de 2026 a las 19:50:00 UTC-3","priest","./explore?q=priest&geo=US"
"ken paxton texas senate campaign","2 mil+","14 de agosto de 2026 a las 13:10:00 UTC-3","14 de agosto de 2026 a las 20:50:00 UTC-3","ken paxton texas senate campaign","./explore?q=ken%20paxton%20texas%20senate%20campaign&geo=US"
"steelers roster battles","2 mil+","14 de agosto de 2026 a las 18:20:00 UTC-3","14 de agosto de 2026 a las 23:30:00 UTC-3","steelers roster battles,steelers roster 2026","./explore?q=steelers%20roster%20battles&geo=US"
"britney spears son jayden james","2 mil+","14 de agosto de 2026 a las 16:50:00 UTC-3","14 de agosto de 2026 a las 21:30:00 UTC-3","britney spears son jayden james","./explore?q=britney%20spears%20son%20jayden%20james&geo=US"
"galatasaray vs çorum","2 mil+","14 de agosto de 2026 a las 15:00:00 UTC-3","14 de agosto de 2026 a las 19:30:00 UTC-3","galatasaray vs çorum","./explore?q=galatasaray%20vs%20%C3%A7orum&geo=US"
"fiorentina vs benevento","2 mil+","14 de agosto de 2026 a las 15:50:00 UTC-3","14 de agosto de 2026 a las 20:20:00 UTC-3","fiorentina vs benevento","./explore?q=fiorentina%20vs%20benevento&geo=US"
"odyssey sims","2 mil+","14 de agosto de 2026 a las 21:10:00 UTC-3","14 de agosto de 2026 a las 23:30:00 UTC-3","odyssey sims,kia nurse","./explore?q=odyssey%20sims&geo=US"
"jon stewart least favorite guest","2 mil+","14 de agosto de 2026 a las 11:00:00 UTC-3","14 de agosto de 2026 a las 19:30:00 UTC-3","jon stewart least favorite guest,donald rumsfeld","./explore?q=jon%20stewart%20least%20favorite%20guest&geo=US"
"mr t","2 mil+","14 de agosto de 2026 a las 15:40:00 UTC-3","14 de agosto de 2026 a las 22:00:00 UTC-3","mr t","./explore?q=mr%20t&geo=US"
"galatasaray","2 mil+","14 de agosto de 2026 a las 15:20:00 UTC-3","14 de agosto de 2026 a las 19:10:00 UTC-3","galatasaray","./explore?q=galatasaray&geo=US"
"nancy grace","2 mil+","14 de agosto de 2026 a las 22:40:00 UTC-3","14 de agosto de 2026 a las 23:50:00 UTC-3","nancy grace,jamie komoroski sentence,komoroski,jamie lee komoroski sentence","./explore?q=nancy%20grace&geo=US"
"kate middleton","2 mil+","14 de agosto de 2026 a las 17:10:00 UTC-3","14 de agosto de 2026 a las 20:40:00 UTC-3","kate middleton","./explore?q=kate%20middleton&geo=US"
"fiorentina - benevento","2 mil+","14 de agosto de 2026 a las 16:00:00 UTC-3","14 de agosto de 2026 a las 20:30:00 UTC-3","fiorentina - benevento","./explore?q=fiorentina%20-%20benevento&geo=US"
"49ers mac jones backup quarterback","2 mil+","14 de agosto de 2026 a las 18:20:00 UTC-3","14 de agosto de 2026 a las 23:40:00 UTC-3","49ers mac jones backup quarterback","./explore?q=49ers%20mac%20jones%20backup%20quarterback&geo=US"
"anya taylor-joy","2 mil+","14 de agosto de 2026 a las 10:30:00 UTC-3","14 de agosto de 2026 a las 17:00:00 UTC-3","anya taylor-joy","./explore?q=anya%20taylor-joy&geo=US"
"mica miller","2 mil+","14 de agosto de 2026 a las 13:10:00 UTC-3","15 de agosto de 2026 a las 1:00:00 UTC-3","mica miller","./explore?q=mica%20miller&geo=US"
"coventry vs monaco","2 mil+","14 de agosto de 2026 a las 15:00:00 UTC-3","14 de agosto de 2026 a las 18:30:00 UTC-3","coventry vs monaco","./explore?q=coventry%20vs%20monaco&geo=US"
"demarcus lawrence","2 mil+","14 de agosto de 2026 a las 18:10:00 UTC-3","14 de agosto de 2026 a las 23:10:00 UTC-3","demarcus lawrence","./explore?q=demarcus%20lawrence&geo=US"
"marsella - atlético madrid","2 mil+","14 de agosto de 2026 a las 13:20:00 UTC-3","14 de agosto de 2026 a las 17:10:00 UTC-3","marsella - atlético madrid","./explore?q=marsella%20-%20atl%C3%A9tico%20madrid&geo=US"
"azzi fudd","2 mil+","14 de agosto de 2026 a las 21:20:00 UTC-3","14 de agosto de 2026 a las 23:00:00 UTC-3","azzi fudd","./explore?q=azzi%20fudd&geo=US"
"scp vs vitória sc","2 mil+","14 de agosto de 2026 a las 16:00:00 UTC-3","14 de agosto de 2026 a las 19:20:00 UTC-3","scp vs vitória sc","./explore?q=scp%20vs%20vit%C3%B3ria%20sc&geo=US"
"brian de peña","2 mil+","14 de agosto de 2026 a las 16:50:00 UTC-3","14 de agosto de 2026 a las 20:50:00 UTC-3","brian de peña","./explore?q=brian%20de%20pe%C3%B1a&geo=US"
"pamela anderson","2 mil+","14 de agosto de 2026 a las 10:10:00 UTC-3","14 de agosto de 2026 a las 14:30:00 UTC-3","pamela anderson","./explore?q=pamela%20anderson&geo=US"
"denver weather","2 mil+","14 de agosto de 2026 a las 18:20:00 UTC-3","14 de agosto de 2026 a las 20:50:00 UTC-3","denver weather","./explore?q=denver%20weather&geo=US"
"kansas city","2 mil+","14 de agosto de 2026 a las 8:30:00 UTC-3","14 de agosto de 2026 a las 15:30:00 UTC-3","kansas city","./explore?q=kansas%20city&geo=US"
"rachel danis","2 mil+","14 de agosto de 2026 a las 13:40:00 UTC-3","15 de agosto de 2026 a las 0:40:00 UTC-3","rachel danis,lindsay clancy husband,gofundme,go fund me","./explore?q=rachel%20danis&geo=US"
"chelsea green","2 mil+","14 de agosto de 2026 a las 21:30:00 UTC-3","14 de agosto de 2026 a las 22:20:00 UTC-3","chelsea green,chelsea green broken orbital bone","./explore?q=chelsea%20green&geo=US"
"alex murdaugh","2 mil+","14 de agosto de 2026 a las 9:50:00 UTC-3","14 de agosto de 2026 a las 15:20:00 UTC-3","alex murdaugh,new trial,murdaugh murders","./explore?q=alex%20murdaugh&geo=US"
"soccer","2 mil+","14 de agosto de 2026 a las 12:20:00 UTC-3","14 de agosto de 2026 a las 17:50:00 UTC-3","soccer","./explore?q=soccer&geo=US"
"al-hilal vs al-faisaly","2 mil+","14 de agosto de 2026 a las 14:40:00 UTC-3","14 de agosto de 2026 a las 18:00:00 UTC-3","al-hilal vs al-faisaly","./explore?q=al-hilal%20vs%20al-faisaly&geo=US"
"volleyball","2 mil+","14 de agosto de 2026 a las 11:40:00 UTC-3","14 de agosto de 2026 a las 17:00:00 UTC-3","volleyball","./explore?q=volleyball&geo=US"
"basketball","2 mil+","14 de agosto de 2026 a las 10:50:00 UTC-3","14 de agosto de 2026 a las 16:40:00 UTC-3","basketball","./explore?q=basketball&geo=US"
"marseille vs atlético madrid","2 mil+","14 de agosto de 2026 a las 13:20:00 UTC-3","14 de agosto de 2026 a las 16:20:00 UTC-3","marseille vs atlético madrid","./explore?q=marseille%20vs%20atl%C3%A9tico%20madrid&geo=US"
"anderson indiana","2 mil+","13 de agosto de 2026 a las 19:30:00 UTC-3","14 de agosto de 2026 a las 20:50:00 UTC-3","anderson indiana","./explore?q=anderson%20indiana&geo=US"
"katseye members","2 mil+","14 de agosto de 2026 a las 9:30:00 UTC-3","14 de agosto de 2026 a las 13:50:00 UTC-3","katseye members","./explore?q=katseye%20members&geo=US"
"instagram new logo","2 mil+","14 de agosto de 2026 a las 7:50:00 UTC-3","15 de agosto de 2026 a las 0:10:00 UTC-3","instagram new logo","./explore?q=instagram%20new%20logo&geo=US"
"lana wachowski","2 mil+","13 de agosto de 2026 a las 17:40:00 UTC-3","14 de agosto de 2026 a las 11:20:00 UTC-3","lana wachowski","./explore?q=lana%20wachowski&geo=US"
"christianity in israel","2 mil+","14 de agosto de 2026 a las 9:50:00 UTC-3","14 de agosto de 2026 a las 15:10:00 UTC-3","christianity in israel","./explore?q=christianity%20in%20israel&geo=US"
"darren anthony robinson","2 mil+","14 de agosto de 2026 a las 4:00:00 UTC-3","14 de agosto de 2026 a las 21:00:00 UTC-3","darren anthony robinson","./explore?q=darren%20anthony%20robinson&geo=US"
"fortnite","2 mil+","14 de agosto de 2026 a las 12:00:00 UTC-3","14 de agosto de 2026 a las 15:40:00 UTC-3","fortnite","./explore?q=fortnite&geo=US"
"shedeur sanders press conference apology","2 mil+","13 de agosto de 2026 a las 21:20:00 UTC-3","14 de agosto de 2026 a las 11:00:00 UTC-3","shedeur sanders press conference apology","./explore?q=shedeur%20sanders%20press%20conference%20apology&geo=US"
"graham mertz","2 mil+","13 de agosto de 2026 a las 22:00:00 UTC-3","14 de agosto de 2026 a las 12:40:00 UTC-3","graham mertz","./explore?q=graham%20mertz&geo=US"
"christa pike","2 mil+","14 de agosto de 2026 a las 0:40:00 UTC-3","14 de agosto de 2026 a las 18:10:00 UTC-3","christa pike","./explore?q=christa%20pike&geo=US"
"jordan love","2 mil+","13 de agosto de 2026 a las 20:00:00 UTC-3","14 de agosto de 2026 a las 1:20:00 UTC-3","jordan love","./explore?q=jordan%20love&geo=US"
"alligators","2 mil+","13 de agosto de 2026 a las 19:20:00 UTC-3","14 de agosto de 2026 a las 0:40:00 UTC-3","alligators","./explore?q=alligators&geo=US"
"rams","2 mil+","13 de agosto de 2026 a las 21:10:00 UTC-3","14 de agosto de 2026 a las 4:00:00 UTC-3","rams","./explore?q=rams&geo=US"
"anthony richardson","2 mil+","13 de agosto de 2026 a las 20:50:00 UTC-3","14 de agosto de 2026 a las 8:20:00 UTC-3","anthony richardson","./explore?q=anthony%20richardson&geo=US"
"lew nichols","2 mil+","13 de agosto de 2026 a las 20:40:00 UTC-3","14 de agosto de 2026 a las 0:50:00 UTC-3","lew nichols","./explore?q=lew%20nichols&geo=US"
"american airlines removed dfw routes","2 mil+","13 de agosto de 2026 a las 19:30:00 UTC-3","14 de agosto de 2026 a las 10:30:00 UTC-3","american airlines removed dfw routes","./explore?q=american%20airlines%20removed%20dfw%20routes&geo=US"
"robert macintyre","2 mil+","14 de agosto de 2026 a las 11:50:00 UTC-3","14 de agosto de 2026 a las 15:40:00 UTC-3","robert macintyre","./explore?q=robert%20macintyre&geo=US"
"matthew mcconaughey choosin texas","2 mil+","13 de agosto de 2026 a las 17:20:00 UTC-3","14 de agosto de 2026 a las 12:00:00 UTC-3","matthew mcconaughey choosin texas","./explore?q=matthew%20mcconaughey%20choosin%20texas&geo=US"
"grand theft auto","2 mil+","13 de agosto de 2026 a las 19:10:00 UTC-3","13 de agosto de 2026 a las 22:50:00 UTC-3","grand theft auto","./explore?q=grand%20theft%20auto&geo=US"
"suzy bemba","2 mil+","13 de agosto de 2026 a las 19:40:00 UTC-3","14 de agosto de 2026 a las 2:30:00 UTC-3","suzy bemba","./explore?q=suzy%20bemba&geo=US"
"trey smack","2 mil+","13 de agosto de 2026 a las 20:10:00 UTC-3","14 de agosto de 2026 a las 0:20:00 UTC-3","trey smack","./explore?q=trey%20smack&geo=US"
"angel reese","2 mil+","14 de agosto de 2026 a las 7:10:00 UTC-3","14 de agosto de 2026 a las 9:40:00 UTC-3","angel reese,aaliyah edwards","./explore?q=angel%20reese&geo=US"
"brandon marsh","2 mil+","13 de agosto de 2026 a las 21:00:00 UTC-3","14 de agosto de 2026 a las 0:40:00 UTC-3","brandon marsh","./explore?q=brandon%20marsh&geo=US"
"minnesota timberwolves","2 mil+","12 de agosto de 2026 a las 18:20:00 UTC-3","13 de agosto de 2026 a las 19:50:00 UTC-3","minnesota timberwolves","./explore?q=minnesota%20timberwolves&geo=US"
"cardi b","2 mil+","13 de agosto de 2026 a las 17:40:00 UTC-3","13 de agosto de 2026 a las 21:50:00 UTC-3","cardi b","./explore?q=cardi%20b&geo=US"
"volleyball","2 mil+","13 de agosto de 2026 a las 11:10:00 UTC-3","13 de agosto de 2026 a las 18:30:00 UTC-3","volleyball","./explore?q=volleyball&geo=US"
"nfl tonight","2 mil+","13 de agosto de 2026 a las 18:50:00 UTC-3","13 de agosto de 2026 a las 22:40:00 UTC-3","nfl tonight,chase bisontis","./explore?q=nfl%20tonight&geo=US"
"volodymyr zelenskyy","2 mil+","12 de agosto de 2026 a las 20:40:00 UTC-3","13 de agosto de 2026 a las 11:40:00 UTC-3","volodymyr zelenskyy","./explore?q=volodymyr%20zelenskyy&geo=US"
"behren morton","2 mil+","13 de agosto de 2026 a las 22:40:00 UTC-3","14 de agosto de 2026 a las 2:00:00 UTC-3","behren morton,kindle vildor,pats","./explore?q=behren%20morton&geo=US"
"iga świątek","2 mil+","13 de agosto de 2026 a las 19:30:00 UTC-3","13 de agosto de 2026 a las 23:10:00 UTC-3","iga świątek","./explore?q=iga%20%C5%9Bwi%C4%85tek&geo=US"
"xdinary heroes","2 mil+","13 de agosto de 2026 a las 3:50:00 UTC-3","13 de agosto de 2026 a las 11:40:00 UTC-3","xdinary heroes,gunil xdinary heroes,gunil","./explore?q=xdinary%20heroes&geo=US"
"bradley beal","2 mil+","13 de agosto de 2026 a las 20:50:00 UTC-3","14 de agosto de 2026 a las 2:20:00 UTC-3","bradley beal","./explore?q=bradley%20beal&geo=US"
"carnell tate","2 mil+","13 de agosto de 2026 a las 22:20:00 UTC-3","14 de agosto de 2026 a las 3:10:00 UTC-3","carnell tate","./explore?q=carnell%20tate&geo=US"
"kyle williams","2 mil+","13 de agosto de 2026 a las 21:30:00 UTC-3","14 de agosto de 2026 a las 0:40:00 UTC-3","kyle williams","./explore?q=kyle%20williams&geo=US"
"eugene horsch","2 mil+","14 de agosto de 2026 a las 0:50:00 UTC-3","14 de agosto de 2026 a las 11:10:00 UTC-3","eugene horsch","./explore?q=eugene%20horsch&geo=US"
"when does nfl season start","2 mil+","13 de agosto de 2026 a las 20:10:00 UTC-3","14 de agosto de 2026 a las 0:40:00 UTC-3","when does nfl season start,when does football season start","./explore?q=when%20does%20nfl%20season%20start&geo=US"
"apple tv","2 mil+","14 de agosto de 2026 a las 15:50:00 UTC-3","14 de agosto de 2026 a las 16:30:00 UTC-3","apple tv","./explore?q=apple%20tv&geo=US"
"hello kitty godzilla happy meal","2 mil+","12 de agosto de 2026 a las 15:10:00 UTC-3","13 de agosto de 2026 a las 10:50:00 UTC-3","hello kitty godzilla happy meal","./explore?q=hello%20kitty%20godzilla%20happy%20meal&geo=US"
"united","2 mil+","14 de agosto de 2026 a las 9:50:00 UTC-3","14 de agosto de 2026 a las 11:30:00 UTC-3","united","./explore?q=united&geo=US"
"espn nfl","2 mil+","13 de agosto de 2026 a las 20:10:00 UTC-3","14 de agosto de 2026 a las 0:30:00 UTC-3","espn nfl","./explore?q=espn%20nfl&geo=US"
"cbs","2 mil+","13 de agosto de 2026 a las 19:50:00 UTC-3","13 de agosto de 2026 a las 23:20:00 UTC-3","cbs","./explore?q=cbs&geo=US"
"tyson foods beef plant closures","2 mil+","14 de agosto de 2026 a las 7:50:00 UTC-3","14 de agosto de 2026 a las 13:00:00 UTC-3","tyson foods beef plant closures,tyson foods","./explore?q=tyson%20foods%20beef%20plant%20closures&geo=US"
"pokemon 30th anniversary set","2 mil+","14 de agosto de 2026 a las 3:50:00 UTC-3","14 de agosto de 2026 a las 7:30:00 UTC-3","pokemon 30th anniversary set,target pokemon 30th anniversary,target 30th anniversary pokemon,pokemon 30th anniversary target","./explore?q=pokemon%2030th%20anniversary%20set&geo=US"
"robert saleh","2 mil+","13 de agosto de 2026 a las 22:30:00 UTC-3","14 de agosto de 2026 a las 1:50:00 UTC-3","robert saleh","./explore?q=robert%20saleh&geo=US"
"nevada tornado warning","2 mil+","13 de agosto de 2026 a las 21:30:00 UTC-3","14 de agosto de 2026 a las 0:20:00 UTC-3","nevada tornado warning,tornado warning reno","./explore?q=nevada%20tornado%20warning&geo=US"
"shilo sanders","2 mil+","13 de agosto de 2026 a las 16:20:00 UTC-3","13 de agosto de 2026 a las 21:00:00 UTC-3","shilo sanders","./explore?q=shilo%20sanders&geo=US"
"dave franco","2 mil+","14 de agosto de 2026 a las 0:50:00 UTC-3","14 de agosto de 2026 a las 5:20:00 UTC-3","dave franco","./explore?q=dave%20franco&geo=US"
"central vs corinthians","2 mil+","13 de agosto de 2026 a las 20:50:00 UTC-3","14 de agosto de 2026 a las 0:30:00 UTC-3","central vs corinthians","./explore?q=central%20vs%20corinthians&geo=US"
"amat stock price","2 mil+","13 de agosto de 2026 a las 17:10:00 UTC-3","14 de agosto de 2026 a las 11:40:00 UTC-3","amat stock price,amat,amat earnings,flow","./explore?q=amat%20stock%20price&geo=US"
"galapagos islands covert cia operations","2 mil+","13 de agosto de 2026 a las 15:50:00 UTC-3","13 de agosto de 2026 a las 20:00:00 UTC-3","galapagos islands covert cia operations,ecuadorian fishing vessels drone strike","./explore?q=galapagos%20islands%20covert%20cia%20operations&geo=US"
"hendon hooker","2 mil+","14 de agosto de 2026 a las 0:50:00 UTC-3","14 de agosto de 2026 a las 9:20:00 UTC-3","hendon hooker,josh dobbs","./explore?q=hendon%20hooker&geo=US"
"aaron nola","2 mil+","13 de agosto de 2026 a las 20:50:00 UTC-3","14 de agosto de 2026 a las 0:10:00 UTC-3","aaron nola","./explore?q=aaron%20nola&geo=US"
"aiden craig marine","2 mil+","13 de agosto de 2026 a las 7:50:00 UTC-3","13 de agosto de 2026 a las 17:10:00 UTC-3","aiden craig marine","./explore?q=aiden%20craig%20marine&geo=US"
"colbie young","2 mil+","13 de agosto de 2026 a las 20:40:00 UTC-3","13 de agosto de 2026 a las 23:20:00 UTC-3","colbie young","./explore?q=colbie%20young&geo=US"
"aidan o'connell","2 mil+","13 de agosto de 2026 a las 23:30:00 UTC-3","14 de agosto de 2026 a las 8:20:00 UTC-3","aidan o'connell","./explore?q=aidan%20o%27connell&geo=US"
"muerte","2 mil+","13 de agosto de 2026 a las 19:50:00 UTC-3","13 de agosto de 2026 a las 22:20:00 UTC-3","muerte","./explore?q=muerte&geo=US"
"arian eteghaei","2 mil+","12 de agosto de 2026 a las 22:40:00 UTC-3","13 de agosto de 2026 a las 11:20:00 UTC-3","arian eteghaei","./explore?q=arian%20eteghaei&geo=US"
"montauk","2 mil+","12 de agosto de 2026 a las 5:00:00 UTC-3","12 de agosto de 2026 a las 15:30:00 UTC-3","montauk","./explore?q=montauk&geo=US"
"dylan walsh cameo trouble","2 mil+","13 de agosto de 2026 a las 12:40:00 UTC-3","13 de agosto de 2026 a las 18:20:00 UTC-3","dylan walsh cameo trouble","./explore?q=dylan%20walsh%20cameo%20trouble&geo=US"
"vanessa williams","2 mil+","12 de agosto de 2026 a las 22:20:00 UTC-3","13 de agosto de 2026 a las 12:00:00 UTC-3","vanessa williams","./explore?q=vanessa%20williams&geo=US"
"jacoby brissett","2 mil+","13 de agosto de 2026 a las 21:20:00 UTC-3","14 de agosto de 2026 a las 0:10:00 UTC-3","jacoby brissett","./explore?q=jacoby%20brissett&geo=US"
"jon batiste concert cancellations","2 mil+","12 de agosto de 2026 a las 17:10:00 UTC-3","12 de agosto de 2026 a las 23:00:00 UTC-3","jon batiste concert cancellations","./explore?q=jon%20batiste%20concert%20cancellations&geo=US"
"onds stock","2 mil+","13 de agosto de 2026 a las 7:30:00 UTC-3","13 de agosto de 2026 a las 14:30:00 UTC-3","onds stock,onds,onds earnings","./explore?q=onds%20stock&geo=US"
"taylor sheridan","2 mil+","13 de agosto de 2026 a las 15:20:00 UTC-3","13 de agosto de 2026 a las 18:40:00 UTC-3","taylor sheridan","./explore?q=taylor%20sheridan&geo=US"
"hearts - benfica","2 mil+","13 de agosto de 2026 a las 15:00:00 UTC-3","13 de agosto de 2026 a las 18:40:00 UTC-3","hearts - benfica","./explore?q=hearts%20-%20benfica&geo=US"
"extreme heat watch","2 mil+","13 de agosto de 2026 a las 4:40:00 UTC-3","13 de agosto de 2026 a las 10:40:00 UTC-3","extreme heat watch,local weather","./explore?q=extreme%20heat%20watch&geo=US"
"succession","2 mil+","12 de agosto de 2026 a las 23:40:00 UTC-3","13 de agosto de 2026 a las 15:50:00 UTC-3","succession","./explore?q=succession&geo=US"
"erling haaland","2 mil+","13 de agosto de 2026 a las 7:50:00 UTC-3","13 de agosto de 2026 a las 13:40:00 UTC-3","erling haaland","./explore?q=erling%20haaland&geo=US"
"dell stock","2 mil+","13 de agosto de 2026 a las 7:30:00 UTC-3","13 de agosto de 2026 a las 15:00:00 UTC-3","dell stock","./explore?q=dell%20stock&geo=US"
"ahmed hassanein","2 mil+","13 de agosto de 2026 a las 20:30:00 UTC-3","14 de agosto de 2026 a las 8:40:00 UTC-3","ahmed hassanein","./explore?q=ahmed%20hassanein&geo=US"
"pokemon bank","2 mil+","13 de agosto de 2026 a las 10:40:00 UTC-3","13 de agosto de 2026 a las 16:40:00 UTC-3","pokemon bank,pokémon bank","./explore?q=pokemon%20bank&geo=US"
"florida southeast heat dome","2 mil+","13 de agosto de 2026 a las 6:00:00 UTC-3","13 de agosto de 2026 a las 12:10:00 UTC-3","florida southeast heat dome","./explore?q=florida%20southeast%20heat%20dome&geo=US"
"economy","2 mil+","13 de agosto de 2026 a las 6:50:00 UTC-3","13 de agosto de 2026 a las 11:10:00 UTC-3","economy","./explore?q=economy&geo=US"
"bassmaster","2 mil+","13 de agosto de 2026 a las 8:40:00 UTC-3","13 de agosto de 2026 a las 13:10:00 UTC-3","bassmaster","./explore?q=bassmaster&geo=US"
"fugitive","2 mil+","11 de agosto de 2026 a las 16:00:00 UTC-3","12 de agosto de 2026 a las 17:00:00 UTC-3","fugitive","./explore?q=fugitive&geo=US"
"svalbard polar bear fine","2 mil+","13 de agosto de 2026 a las 10:50:00 UTC-3","13 de agosto de 2026 a las 15:30:00 UTC-3","svalbard polar bear fine,svalbard polar bear foghorn fine","./explore?q=svalbard%20polar%20bear%20fine&geo=US"
"royals - dodgers","2 mil+","11 de agosto de 2026 a las 22:50:00 UTC-3","12 de agosto de 2026 a las 8:40:00 UTC-3","royals - dodgers","./explore?q=royals%20-%20dodgers&geo=US"
"xrp news","2 mil+","12 de agosto de 2026 a las 14:40:00 UTC-3","13 de agosto de 2026 a las 8:10:00 UTC-3","xrp news,xrp","./explore?q=xrp%20news&geo=US"
"mcu spider-man tobey maguire rumors","2 mil+","12 de agosto de 2026 a las 15:10:00 UTC-3","12 de agosto de 2026 a las 21:20:00 UTC-3","mcu spider-man tobey maguire rumors","./explore?q=mcu%20spider-man%20tobey%20maguire%20rumors&geo=US"
"copa sudamericana","2 mil+","13 de agosto de 2026 a las 20:50:00 UTC-3","14 de agosto de 2026 a las 0:30:00 UTC-3","copa sudamericana,cienciano","./explore?q=copa%20sudamericana&geo=US"
"kuril islands","2 mil+","13 de agosto de 2026 a las 7:40:00 UTC-3","13 de agosto de 2026 a las 15:30:00 UTC-3","kuril islands,vladimir putin kuril islands visit","./explore?q=kuril%20islands&geo=US"
"eli heidenreich","2 mil+","13 de agosto de 2026 a las 22:30:00 UTC-3","14 de agosto de 2026 a las 0:30:00 UTC-3","eli heidenreich,charlie batch","./explore?q=eli%20heidenreich&geo=US"
"appropriations bill","2 mil+","13 de agosto de 2026 a las 16:40:00 UTC-3","13 de agosto de 2026 a las 19:50:00 UTC-3","appropriations bill","./explore?q=appropriations%20bill&geo=US"
"jackson kent","2 mil+","12 de agosto de 2026 a las 18:10:00 UTC-3","12 de agosto de 2026 a las 22:00:00 UTC-3","jackson kent","./explore?q=jackson%20kent&geo=US"
"pickleball","2 mil+","13 de agosto de 2026 a las 17:10:00 UTC-3","13 de agosto de 2026 a las 21:10:00 UTC-3","pickleball","./explore?q=pickleball&geo=US"
"molly jong fast","2 mil+","12 de agosto de 2026 a las 7:20:00 UTC-3","12 de agosto de 2026 a las 13:30:00 UTC-3","molly jong fast,molly jong-fast","./explore?q=molly%20jong%20fast&geo=US"
"cbs sports","2 mil+","13 de agosto de 2026 a las 20:20:00 UTC-3","13 de agosto de 2026 a las 23:00:00 UTC-3","cbs sports","./explore?q=cbs%20sports&geo=US"
"mariners - yankees","2 mil+","12 de agosto de 2026 a las 19:40:00 UTC-3","13 de agosto de 2026 a las 0:10:00 UTC-3","mariners - yankees","./explore?q=mariners%20-%20yankees&geo=US"
"mn primary election 2026 results","2 mil+","11 de agosto de 2026 a las 22:50:00 UTC-3","12 de agosto de 2026 a las 11:50:00 UTC-3","mn primary election 2026 results","./explore?q=mn%20primary%20election%202026%20results&geo=US"
"rick jackson","2 mil+","13 de agosto de 2026 a las 7:30:00 UTC-3","13 de agosto de 2026 a las 13:50:00 UTC-3","rick jackson","./explore?q=rick%20jackson&geo=US"
"mewtwo 10th anniversary pokemon go","2 mil+","13 de agosto de 2026 a las 7:10:00 UTC-3","13 de agosto de 2026 a las 11:20:00 UTC-3","mewtwo 10th anniversary pokemon go,10th anniversary celebration mewtwo,pokemon go 10th anniversary mewtwo,mewtwo pokemon go 10th anniversary,10th anniversary pokemon go mewtwo,pokémon go 10th anniversary mewtwo","./explore?q=mewtwo%2010th%20anniversary%20pokemon%20go&geo=US"
"hunter greene","2 mil+","13 de agosto de 2026 a las 13:20:00 UTC-3","13 de agosto de 2026 a las 16:30:00 UTC-3","hunter greene","./explore?q=hunter%20greene&geo=US"
"the traitors new blood","2 mil+","12 de agosto de 2026 a las 12:10:00 UTC-3","12 de agosto de 2026 a las 18:20:00 UTC-3","the traitors new blood","./explore?q=the%20traitors%20new%20blood&geo=US"
"netflix stock","2 mil+","13 de agosto de 2026 a las 11:10:00 UTC-3","13 de agosto de 2026 a las 17:00:00 UTC-3","netflix stock,nflx stock","./explore?q=netflix%20stock&geo=US"
"damien woody","2 mil+","13 de agosto de 2026 a las 7:10:00 UTC-3","13 de agosto de 2026 a las 11:20:00 UTC-3","damien woody,disney espn talent layoffs","./explore?q=damien%20woody&geo=US"
"europa league","2 mil+","13 de agosto de 2026 a las 14:30:00 UTC-3","13 de agosto de 2026 a las 18:20:00 UTC-3","europa league,rangers vs jagiellonia białystok","./explore?q=europa%20league&geo=US"
"tv app","2 mil+","13 de agosto de 2026 a las 20:10:00 UTC-3","13 de agosto de 2026 a las 22:50:00 UTC-3","tv app","./explore?q=tv%20app&geo=US"
"terence crawford","2 mil+","12 de agosto de 2026 a las 13:30:00 UTC-3","12 de agosto de 2026 a las 17:50:00 UTC-3","terence crawford","./explore?q=terence%20crawford&geo=US"
"vaccines","2 mil+","13 de agosto de 2026 a las 23:30:00 UTC-3","14 de agosto de 2026 a las 0:40:00 UTC-3","vaccines,vaccinations","./explore?q=vaccines&geo=US"
"kcci radar","2 mil+","13 de agosto de 2026 a las 7:50:00 UTC-3","13 de agosto de 2026 a las 10:30:00 UTC-3","kcci radar,kcrg,kcrg weather","./explore?q=kcci%20radar&geo=US"
"usgs earthquake","2 mil+","13 de agosto de 2026 a las 12:20:00 UTC-3","13 de agosto de 2026 a las 14:30:00 UTC-3","usgs earthquake","./explore?q=usgs%20earthquake&geo=US"
"kcci","2 mil+","13 de agosto de 2026 a las 7:50:00 UTC-3","13 de agosto de 2026 a las 11:10:00 UTC-3","kcci,iowa state fair,des moines weather","./explore?q=kcci&geo=US"
"baker's main street furniture closing","2 mil+","12 de agosto de 2026 a las 21:20:00 UTC-3","13 de agosto de 2026 a las 10:20:00 UTC-3","baker's main street furniture closing","./explore?q=baker%27s%20main%20street%20furniture%20closing&geo=US"
"palmeiras vs ccp","2 mil+","12 de agosto de 2026 a las 18:20:00 UTC-3","12 de agosto de 2026 a las 22:00:00 UTC-3","palmeiras vs ccp,palmeiras - cerro","./explore?q=palmeiras%20vs%20ccp&geo=US"
"supercopa de europa","2 mil+","12 de agosto de 2026 a las 15:20:00 UTC-3","12 de agosto de 2026 a las 19:30:00 UTC-3","supercopa de europa","./explore?q=supercopa%20de%20europa&geo=US"
"rosario dawson","2 mil+","11 de agosto de 2026 a las 2:10:00 UTC-3","11 de agosto de 2026 a las 14:40:00 UTC-3","rosario dawson","./explore?q=rosario%20dawson&geo=US"
"corey julks","2 mil+","12 de agosto de 2026 a las 18:10:00 UTC-3","12 de agosto de 2026 a las 22:10:00 UTC-3","corey julks,riley greene","./explore?q=corey%20julks&geo=US"
"gta 6 netflix","2 mil+","11 de agosto de 2026 a las 16:20:00 UTC-3","12 de agosto de 2026 a las 10:00:00 UTC-3","gta 6 netflix","./explore?q=gta%206%20netflix&geo=US"
"lilly retatrutide lawsuits","2 mil+","12 de agosto de 2026 a las 9:40:00 UTC-3","12 de agosto de 2026 a las 15:10:00 UTC-3","lilly retatrutide lawsuits,eli lilly retatrutide lawsuit,eli lilly retatrutide lawsuits","./explore?q=lilly%20retatrutide%20lawsuits&geo=US"
"ice electrical shock gloves","2 mil+","12 de agosto de 2026 a las 9:40:00 UTC-3","12 de agosto de 2026 a las 15:20:00 UTC-3","ice electrical shock gloves,ice agents electric shock gloves,ice electric shock gloves procurement","./explore?q=ice%20electrical%20shock%20gloves&geo=US"
"iren stock","2 mil+","13 de agosto de 2026 a las 9:00:00 UTC-3","13 de agosto de 2026 a las 12:50:00 UTC-3","iren stock","./explore?q=iren%20stock&geo=US"
"danube","2 mil+","12 de agosto de 2026 a las 13:50:00 UTC-3","12 de agosto de 2026 a las 17:40:00 UTC-3","danube","./explore?q=danube&geo=US"
"tiffany haddish","2 mil+","11 de agosto de 2026 a las 19:40:00 UTC-3","12 de agosto de 2026 a las 11:10:00 UTC-3","tiffany haddish,tiffany haddish 2022 driving charge","./explore?q=tiffany%20haddish&geo=US"
"celtics schedule","2 mil+","13 de agosto de 2026 a las 16:10:00 UTC-3","13 de agosto de 2026 a las 19:00:00 UTC-3","celtics schedule","./explore?q=celtics%20schedule&geo=US"
"josh bell","2 mil+","13 de agosto de 2026 a las 20:50:00 UTC-3","13 de agosto de 2026 a las 23:20:00 UTC-3","josh bell,orioles - twins","./explore?q=josh%20bell&geo=US"
"active duty soldier family deportations","2 mil+","12 de agosto de 2026 a las 8:20:00 UTC-3","12 de agosto de 2026 a las 16:30:00 UTC-3","active duty soldier family deportations,trump administration military spouse deportations","./explore?q=active%20duty%20soldier%20family%20deportations&geo=US"
"equifax credit report lawsuit","2 mil+","11 de agosto de 2026 a las 15:10:00 UTC-3","11 de agosto de 2026 a las 22:00:00 UTC-3","equifax credit report lawsuit","./explore?q=equifax%20credit%20report%20lawsuit&geo=US"
"aep ohio","2 mil+","11 de agosto de 2026 a las 9:00:00 UTC-3","11 de agosto de 2026 a las 21:20:00 UTC-3","aep ohio","./explore?q=aep%20ohio&geo=US"
"royals - dodgers","2 mil+","12 de agosto de 2026 a las 22:50:00 UTC-3","13 de agosto de 2026 a las 2:50:00 UTC-3","royals - dodgers","./explore?q=royals%20-%20dodgers&geo=US"
"red sox - blue jays","2 mil+","13 de agosto de 2026 a las 16:10:00 UTC-3","13 de agosto de 2026 a las 19:40:00 UTC-3","red sox - blue jays,max scherzer","./explore?q=red%20sox%20-%20blue%20jays&geo=US"
"eric lauer","2 mil+","12 de agosto de 2026 a las 23:50:00 UTC-3","13 de agosto de 2026 a las 3:20:00 UTC-3","eric lauer,mookie betts","./explore?q=eric%20lauer&geo=US"
"ubisoft","2 mil+","11 de agosto de 2026 a las 17:00:00 UTC-3","11 de agosto de 2026 a las 22:00:00 UTC-3","ubisoft","./explore?q=ubisoft&geo=US"
"gen x","2 mil+","12 de agosto de 2026 a las 8:00:00 UTC-3","12 de agosto de 2026 a las 12:10:00 UTC-3","gen x","./explore?q=gen%20x&geo=US"
"indiana bears","2 mil+","12 de agosto de 2026 a las 20:40:00 UTC-3","13 de agosto de 2026 a las 0:00:00 UTC-3","indiana bears,chicago bears news,hammond indiana","./explore?q=indiana%20bears&geo=US"
"copa libertadores","2 mil+","12 de agosto de 2026 a las 20:30:00 UTC-3","12 de agosto de 2026 a las 23:50:00 UTC-3","copa libertadores","./explore?q=copa%20libertadores&geo=US"
"current mortgage rates","2 mil+","12 de agosto de 2026 a las 16:00:00 UTC-3","12 de agosto de 2026 a las 20:10:00 UTC-3","current mortgage rates","./explore?q=current%20mortgage%20rates&geo=US"
"ny lottery","2 mil+","13 de agosto de 2026 a las 6:50:00 UTC-3","13 de agosto de 2026 a las 10:10:00 UTC-3","ny lottery,ny lotto","./explore?q=ny%20lottery&geo=US"
"baseball","2 mil+","12 de agosto de 2026 a las 7:40:00 UTC-3","12 de agosto de 2026 a las 16:20:00 UTC-3","baseball","./explore?q=baseball&geo=US"
"amanda janoo","2 mil+","11 de agosto de 2026 a las 21:50:00 UTC-3","12 de agosto de 2026 a las 11:30:00 UTC-3","amanda janoo","./explore?q=amanda%20janoo&geo=US"
"norman powell","2 mil+","11 de agosto de 2026 a las 1:20:00 UTC-3","11 de agosto de 2026 a las 13:40:00 UTC-3","norman powell","./explore?q=norman%20powell&geo=US"
"gael monfils","2 mil+","13 de agosto de 2026 a las 23:00:00 UTC-3","14 de agosto de 2026 a las 0:40:00 UTC-3","gael monfils,monfils","./explore?q=gael%20monfils&geo=US"
"texas tech joey mcguire scheduling","2 mil+","12 de agosto de 2026 a las 8:50:00 UTC-3","12 de agosto de 2026 a las 13:50:00 UTC-3","texas tech joey mcguire scheduling","./explore?q=texas%20tech%20joey%20mcguire%20scheduling&geo=US"
"august roku channel updates","2 mil+","11 de agosto de 2026 a las 19:20:00 UTC-3","12 de agosto de 2026 a las 9:50:00 UTC-3","august roku channel updates","./explore?q=august%20roku%20channel%20updates&geo=US"
"noaa hurricane","2 mil+","12 de agosto de 2026 a las 7:00:00 UTC-3","12 de agosto de 2026 a las 13:00:00 UTC-3","noaa hurricane","./explore?q=noaa%20hurricane&geo=US"
"kylie jenner 29th birthday","2 mil+","11 de agosto de 2026 a las 12:00:00 UTC-3","11 de agosto de 2026 a las 17:30:00 UTC-3","kylie jenner 29th birthday","./explore?q=kylie%20jenner%2029th%20birthday&geo=US"
"nasa","2 mil+","12 de agosto de 2026 a las 14:10:00 UTC-3","12 de agosto de 2026 a las 16:30:00 UTC-3","nasa","./explore?q=nasa&geo=US"
"엘에이 fc 대 케레타로","2 mil+","12 de agosto de 2026 a las 23:20:00 UTC-3","13 de agosto de 2026 a las 3:00:00 UTC-3","엘에이 fc 대 케레타로,로스앤젤레스 fc 대 케레타로 fc 순위","./explore?q=%EC%97%98%EC%97%90%EC%9D%B4%20fc%20%EB%8C%80%20%EC%BC%80%EB%A0%88%ED%83%80%EB%A1%9C&geo=US"
"accident","2 mil+","12 de agosto de 2026 a las 6:10:00 UTC-3","12 de agosto de 2026 a las 13:20:00 UTC-3","accident","./explore?q=accident&geo=US"
"andrew bosworth","2 mil+","9 de agosto de 2026 a las 1:40:00 UTC-3","9 de agosto de 2026 a las 15:10:00 UTC-3","andrew bosworth","./explore?q=andrew%20bosworth&geo=US"
"ppi report","2 mil+","13 de agosto de 2026 a las 9:20:00 UTC-3","13 de agosto de 2026 a las 11:30:00 UTC-3","ppi report,tradingview","./explore?q=ppi%20report&geo=US"
"south station","2 mil+","12 de agosto de 2026 a las 21:10:00 UTC-3","12 de agosto de 2026 a las 23:30:00 UTC-3","south station,south station stabbing,south station boston","./explore?q=south%20station&geo=US"
"jeff goldblum","2 mil+","12 de agosto de 2026 a las 10:20:00 UTC-3","12 de agosto de 2026 a las 14:30:00 UTC-3","jeff goldblum","./explore?q=jeff%20goldblum&geo=US"
"wade boggs","2 mil+","10 de agosto de 2026 a las 20:50:00 UTC-3","11 de agosto de 2026 a las 23:20:00 UTC-3","wade boggs,wade boggs jacked","./explore?q=wade%20boggs&geo=US"
"jared padalecki","2 mil+","9 de agosto de 2026 a las 16:10:00 UTC-3","10 de agosto de 2026 a las 12:40:00 UTC-3","jared padalecki","./explore?q=jared%20padalecki&geo=US"
"august 2026 xbox game pass","2 mil+","9 de agosto de 2026 a las 23:00:00 UTC-3","10 de agosto de 2026 a las 14:10:00 UTC-3","august 2026 xbox game pass","./explore?q=august%202026%20xbox%20game%20pass&geo=US"
"canadian petition against us ambassador","2 mil+","12 de agosto de 2026 a las 18:10:00 UTC-3","12 de agosto de 2026 a las 21:00:00 UTC-3","canadian petition against us ambassador,pete hoekstra petition","./explore?q=canadian%20petition%20against%20us%20ambassador&geo=US"
"toluca fc vs fc dallas standings","2 mil+","13 de agosto de 2026 a las 1:20:00 UTC-3","13 de agosto de 2026 a las 2:50:00 UTC-3","toluca fc vs fc dallas standings,fc dallas","./explore?q=toluca%20fc%20vs%20fc%20dallas%20standings&geo=US"
"jayson tatum","2 mil+","10 de agosto de 2026 a las 13:10:00 UTC-3","10 de agosto de 2026 a las 20:10:00 UTC-3","jayson tatum","./explore?q=jayson%20tatum&geo=US"
"cbrs stock","2 mil+","12 de agosto de 2026 a las 17:10:00 UTC-3","13 de agosto de 2026 a las 9:00:00 UTC-3","cbrs stock,cerebras stock,cbrs,cerebras","./explore?q=cbrs%20stock&geo=US"
"melissa barrera","2 mil+","8 de agosto de 2026 a las 23:00:00 UTC-3","9 de agosto de 2026 a las 10:40:00 UTC-3","melissa barrera","./explore?q=melissa%20barrera&geo=US"
"la liga","2 mil+","12 de agosto de 2026 a las 15:50:00 UTC-3","12 de agosto de 2026 a las 19:00:00 UTC-3","la liga","./explore?q=la%20liga&geo=US"
"estatus de protección temporal","2 mil+","13 de agosto de 2026 a las 10:00:00 UTC-3","13 de agosto de 2026 a las 11:40:00 UTC-3","estatus de protección temporal","./explore?q=estatus%20de%20protecci%C3%B3n%20temporal&geo=US"
"fraud","2 mil+","11 de agosto de 2026 a las 9:30:00 UTC-3","11 de agosto de 2026 a las 13:50:00 UTC-3","fraud","./explore?q=fraud&geo=US"
"oblivion nintendo switch","2 mil+","11 de agosto de 2026 a las 13:20:00 UTC-3","11 de agosto de 2026 a las 17:20:00 UTC-3","oblivion nintendo switch","./explore?q=oblivion%20nintendo%20switch&geo=US"
"lafc vs querétaro f.c. standings","2 mil+","13 de agosto de 2026 a las 2:00:00 UTC-3","13 de agosto de 2026 a las 8:40:00 UTC-3","lafc vs querétaro f.c. standings","./explore?q=lafc%20vs%20quer%C3%A9taro%20f.c.%20standings&geo=US"
"john harbaugh","2 mil+","10 de agosto de 2026 a las 7:40:00 UTC-3","10 de agosto de 2026 a las 18:40:00 UTC-3","john harbaugh,giants,ny giants","./explore?q=john%20harbaugh&geo=US"
"zohran mamdani rabbis meeting","2 mil+","11 de agosto de 2026 a las 5:40:00 UTC-3","11 de agosto de 2026 a las 12:50:00 UTC-3","zohran mamdani rabbis meeting","./explore?q=zohran%20mamdani%20rabbis%20meeting&geo=US"
"a different world' sequel","2 mil+","11 de agosto de 2026 a las 12:40:00 UTC-3","11 de agosto de 2026 a las 17:30:00 UTC-3","a different world' sequel,a different world netflix sequel,a different world","./explore?q=a%20different%20world%27%20sequel&geo=US"
"seguridad social","2 mil+","12 de agosto de 2026 a las 18:30:00 UTC-3","12 de agosto de 2026 a las 22:50:00 UTC-3","seguridad social","./explore?q=seguridad%20social&geo=US"
"sturm graz vs fenerbahçe","2 mil+","11 de agosto de 2026 a las 14:40:00 UTC-3","11 de agosto de 2026 a las 18:20:00 UTC-3","sturm graz vs fenerbahçe","./explore?q=sturm%20graz%20vs%20fenerbah%C3%A7e&geo=US"
"chicago white sox game","2 mil+","13 de agosto de 2026 a las 9:40:00 UTC-3","13 de agosto de 2026 a las 12:00:00 UTC-3","chicago white sox game,white sox game","./explore?q=chicago%20white%20sox%20game&geo=US"
"jake rogers adley rutschman red sox","2 mil+","12 de agosto de 2026 a las 17:00:00 UTC-3","12 de agosto de 2026 a las 20:30:00 UTC-3","jake rogers adley rutschman red sox,dylan cease,adley rutschman boston red sox,adley rutschman baseball trade","./explore?q=jake%20rogers%20adley%20rutschman%20red%20sox&geo=US"
"rosario x corinthians","2 mil+","13 de agosto de 2026 a las 21:10:00 UTC-3","13 de agosto de 2026 a las 22:40:00 UTC-3","rosario x corinthians,rosario central - corinthians,libertadores","./explore?q=rosario%20x%20corinthians&geo=US"
"mariners - yankees","2 mil+","11 de agosto de 2026 a las 19:20:00 UTC-3","12 de agosto de 2026 a las 0:10:00 UTC-3","mariners - yankees","./explore?q=mariners%20-%20yankees&geo=US"
"dominican day parade","2 mil+","9 de agosto de 2026 a las 10:30:00 UTC-3","9 de agosto de 2026 a las 18:20:00 UTC-3","dominican day parade","./explore?q=dominican%20day%20parade&geo=US"
"champions league","2 mil+","11 de agosto de 2026 a las 13:40:00 UTC-3","11 de agosto de 2026 a las 18:30:00 UTC-3","champions league","./explore?q=champions%20league&geo=US"
"tesla cybertruck","2 mil+","12 de agosto de 2026 a las 14:00:00 UTC-3","12 de agosto de 2026 a las 17:00:00 UTC-3","tesla cybertruck","./explore?q=tesla%20cybertruck&geo=US"
"erie county fair","2 mil+","12 de agosto de 2026 a las 8:20:00 UTC-3","12 de agosto de 2026 a las 19:50:00 UTC-3","erie county fair","./explore?q=erie%20county%20fair&geo=US"
"boat","2 mil+","12 de agosto de 2026 a las 9:00:00 UTC-3","12 de agosto de 2026 a las 11:00:00 UTC-3","boat","./explore?q=boat&geo=US"
"spencer jones","2 mil+","12 de agosto de 2026 a las 21:50:00 UTC-3","12 de agosto de 2026 a las 23:40:00 UTC-3","spencer jones","./explore?q=spencer%20jones&geo=US"
"tigres uanl","2 mil+","11 de agosto de 2026 a las 23:40:00 UTC-3","12 de agosto de 2026 a las 8:20:00 UTC-3","tigres uanl,carlos felipe rodríguez","./explore?q=tigres%20uanl&geo=US"
"lauren cohan","2 mil+","10 de agosto de 2026 a las 16:50:00 UTC-3","10 de agosto de 2026 a las 20:00:00 UTC-3","lauren cohan","./explore?q=lauren%20cohan&geo=US"
"tennis scores","2 mil+","12 de agosto de 2026 a las 21:30:00 UTC-3","13 de agosto de 2026 a las 9:20:00 UTC-3","tennis scores","./explore?q=tennis%20scores&geo=US"
"brian schottenheimer","2 mil+","9 de agosto de 2026 a las 7:20:00 UTC-3","9 de agosto de 2026 a las 14:40:00 UTC-3","brian schottenheimer","./explore?q=brian%20schottenheimer&geo=US"
"braces","2 mil+","11 de agosto de 2026 a las 19:20:00 UTC-3","11 de agosto de 2026 a las 22:00:00 UTC-3","braces","./explore?q=braces&geo=US"
"palmeiras x cerro porteño","2 mil+","12 de agosto de 2026 a las 18:40:00 UTC-3","12 de agosto de 2026 a las 21:50:00 UTC-3","palmeiras x cerro porteño","./explore?q=palmeiras%20x%20cerro%20porte%C3%B1o&geo=US"
"prince philip","2 mil+","9 de agosto de 2026 a las 13:10:00 UTC-3","9 de agosto de 2026 a las 22:10:00 UTC-3","prince philip","./explore?q=prince%20philip&geo=US"
"dominican parade 2026","2 mil+","9 de agosto de 2026 a las 10:00:00 UTC-3","9 de agosto de 2026 a las 15:50:00 UTC-3","dominican parade 2026","./explore?q=dominican%20parade%202026&geo=US"
"jimmy kimmel late night future","2 mil+","8 de agosto de 2026 a las 6:20:00 UTC-3","8 de agosto de 2026 a las 15:50:00 UTC-3","jimmy kimmel late night future","./explore?q=jimmy%20kimmel%20late%20night%20future&geo=US"
"bravo","2 mil+","11 de agosto de 2026 a las 6:50:00 UTC-3","11 de agosto de 2026 a las 13:00:00 UTC-3","bravo","./explore?q=bravo&geo=US"
"national weather service midwest outage","2 mil+","12 de agosto de 2026 a las 15:10:00 UTC-3","12 de agosto de 2026 a las 19:20:00 UTC-3","national weather service midwest outage","./explore?q=national%20weather%20service%20midwest%20outage&geo=US"
"posiciones de vancouver whitecaps contra fútbol club juárez","2 mil+","8 de agosto de 2026 a las 1:50:00 UTC-3","8 de agosto de 2026 a las 10:50:00 UTC-3","posiciones de vancouver whitecaps contra fútbol club juárez","./explore?q=posiciones%20de%20vancouver%20whitecaps%20contra%20f%C3%BAtbol%20club%20ju%C3%A1rez&geo=US"
"palermo - juventus","2 mil+","11 de agosto de 2026 a las 6:50:00 UTC-3","11 de agosto de 2026 a las 11:10:00 UTC-3","palermo - juventus,juventus","./explore?q=palermo%20-%20juventus&geo=US"
"ballot","2 mil+","10 de agosto de 2026 a las 14:40:00 UTC-3","10 de agosto de 2026 a las 18:40:00 UTC-3","ballot","./explore?q=ballot&geo=US"
"xavi","2 mil+","12 de agosto de 2026 a las 16:30:00 UTC-3","12 de agosto de 2026 a las 18:50:00 UTC-3","xavi,xavi hernández,xavi hernandez","./explore?q=xavi&geo=US"
"paul skenes","2 mil+","11 de agosto de 2026 a las 21:30:00 UTC-3","11 de agosto de 2026 a las 23:20:00 UTC-3","paul skenes","./explore?q=paul%20skenes&geo=US"
"dianna russini","2 mil+","11 de agosto de 2026 a las 8:10:00 UTC-3","11 de agosto de 2026 a las 13:20:00 UTC-3","dianna russini","./explore?q=dianna%20russini&geo=US"
"citizenship","2 mil+","11 de agosto de 2026 a las 14:40:00 UTC-3","11 de agosto de 2026 a las 19:40:00 UTC-3","citizenship","./explore?q=citizenship&geo=US"
"charl schwartzel","2 mil+","11 de agosto de 2026 a las 17:50:00 UTC-3","11 de agosto de 2026 a las 22:00:00 UTC-3","charl schwartzel","./explore?q=charl%20schwartzel&geo=US"
"maghnes akliouche","2 mil+","12 de agosto de 2026 a las 15:30:00 UTC-3","12 de agosto de 2026 a las 18:20:00 UTC-3","maghnes akliouche","./explore?q=maghnes%20akliouche&geo=US"
"lite stock","2 mil+","11 de agosto de 2026 a las 17:00:00 UTC-3","11 de agosto de 2026 a las 20:00:00 UTC-3","lite stock","./explore?q=lite%20stock&geo=US"
"alanna smith","2 mil+","12 de agosto de 2026 a las 21:30:00 UTC-3","12 de agosto de 2026 a las 23:50:00 UTC-3","alanna smith","./explore?q=alanna%20smith&geo=US"
"hims stock","2 mil+","10 de agosto de 2026 a las 17:10:00 UTC-3","11 de agosto de 2026 a las 12:10:00 UTC-3","hims stock","./explore?q=hims%20stock&geo=US"
"junior caminero","2 mil+","11 de agosto de 2026 a las 23:10:00 UTC-3","12 de agosto de 2026 a las 8:40:00 UTC-3","junior caminero,rays","./explore?q=junior%20caminero&geo=US"
"grok 4.6","2 mil+","12 de agosto de 2026 a las 13:00:00 UTC-3","12 de agosto de 2026 a las 16:20:00 UTC-3","grok 4.6","./explore?q=grok%204.6&geo=US"
"cathie wood","2 mil+","11 de agosto de 2026 a las 7:10:00 UTC-3","11 de agosto de 2026 a las 11:00:00 UTC-3","cathie wood","./explore?q=cathie%20wood&geo=US"
"wkyt","2 mil+","12 de agosto de 2026 a las 5:40:00 UTC-3","12 de agosto de 2026 a las 10:10:00 UTC-3","wkyt,local 12 weather","./explore?q=wkyt&geo=US"
"club friendlies","2 mil+","12 de agosto de 2026 a las 16:20:00 UTC-3","12 de agosto de 2026 a las 18:30:00 UTC-3","club friendlies","./explore?q=club%20friendlies&geo=US"
"george hamilton","2 mil+","10 de agosto de 2026 a las 21:10:00 UTC-3","11 de agosto de 2026 a las 1:50:00 UTC-3","george hamilton","./explore?q=george%20hamilton&geo=US"
"south africa vs nigeria","2 mil+","13 de agosto de 2026 a las 20:10:00 UTC-3","13 de agosto de 2026 a las 21:30:00 UTC-3","south africa vs nigeria,ivory coast vs ghana,cameroon vs nigeria","./explore?q=south%20africa%20vs%20nigeria&geo=US"
"basketball","2 mil+","12 de agosto de 2026 a las 13:10:00 UTC-3","12 de agosto de 2026 a las 16:20:00 UTC-3","basketball","./explore?q=basketball&geo=US"
"servicio de control de inmigración y aduanas","2 mil+","11 de agosto de 2026 a las 7:10:00 UTC-3","11 de agosto de 2026 a las 15:20:00 UTC-3","servicio de control de inmigración y aduanas","./explore?q=servicio%20de%20control%20de%20inmigraci%C3%B3n%20y%20aduanas&geo=US"
"ed case jarrett keohokalole hawaii primary","2 mil+","9 de agosto de 2026 a las 8:00:00 UTC-3","9 de agosto de 2026 a las 15:20:00 UTC-3","ed case jarrett keohokalole hawaii primary,hawaii election results,hawaii primary election 2026","./explore?q=ed%20case%20jarrett%20keohokalole%20hawaii%20primary&geo=US"
"ana maria markovic croatia soccer","2 mil+","10 de agosto de 2026 a las 8:00:00 UTC-3","10 de agosto de 2026 a las 22:50:00 UTC-3","ana maria markovic croatia soccer","./explore?q=ana%20maria%20markovic%20croatia%20soccer&geo=US"
"zohran mamdani grocery stores","2 mil+","11 de agosto de 2026 a las 16:40:00 UTC-3","11 de agosto de 2026 a las 20:20:00 UTC-3","zohran mamdani grocery stores","./explore?q=zohran%20mamdani%20grocery%20stores&geo=US"
"tony","2 mil+","10 de agosto de 2026 a las 21:00:00 UTC-3","11 de agosto de 2026 a las 3:20:00 UTC-3","tony","./explore?q=tony&geo=US"
"napoli vs aris","2 mil+","12 de agosto de 2026 a las 16:30:00 UTC-3","12 de agosto de 2026 a las 19:00:00 UTC-3","napoli vs aris","./explore?q=napoli%20vs%20aris&geo=US"
"bud billiken parade","2 mil+","8 de agosto de 2026 a las 8:50:00 UTC-3","8 de agosto de 2026 a las 15:50:00 UTC-3","bud billiken parade","./explore?q=bud%20billiken%20parade&geo=US"
"ride share independent contractor union","2 mil+","9 de agosto de 2026 a las 19:50:00 UTC-3","10 de agosto de 2026 a las 12:40:00 UTC-3","ride share independent contractor union","./explore?q=ride%20share%20independent%20contractor%20union&geo=US"
"oreo","2 mil+","11 de agosto de 2026 a las 18:10:00 UTC-3","11 de agosto de 2026 a las 20:40:00 UTC-3","oreo","./explore?q=oreo&geo=US"
"netflix ad vitam sequel","2 mil+","10 de agosto de 2026 a las 10:00:00 UTC-3","10 de agosto de 2026 a las 18:20:00 UTC-3","netflix ad vitam sequel","./explore?q=netflix%20ad%20vitam%20sequel&geo=US"
"ins drakon","2 mil+","9 de agosto de 2026 a las 18:20:00 UTC-3","9 de agosto de 2026 a las 22:00:00 UTC-3","ins drakon","./explore?q=ins%20drakon&geo=US"
"municipal - cobán imperial","2 mil+","9 de agosto de 2026 a las 19:40:00 UTC-3","9 de agosto de 2026 a las 23:20:00 UTC-3","municipal - cobán imperial","./explore?q=municipal%20-%20cob%C3%A1n%20imperial&geo=US"
"kate beckinsale","2 mil+","13 de agosto de 2026 a las 0:20:00 UTC-3","13 de agosto de 2026 a las 2:40:00 UTC-3","kate beckinsale","./explore?q=kate%20beckinsale&geo=US"
"kaia gerber","2 mil+","11 de agosto de 2026 a las 20:10:00 UTC-3","12 de agosto de 2026 a las 10:30:00 UTC-3","kaia gerber,homer gere","./explore?q=kaia%20gerber&geo=US"
"america","2 mil+","9 de agosto de 2026 a las 23:00:00 UTC-3","10 de agosto de 2026 a las 2:40:00 UTC-3","america","./explore?q=america&geo=US"
"launchpad","2 mil+","11 de agosto de 2026 a las 7:20:00 UTC-3","11 de agosto de 2026 a las 11:40:00 UTC-3","launchpad","./explore?q=launchpad&geo=US"
"dodgers game today","2 mil+","12 de agosto de 2026 a las 1:40:00 UTC-3","12 de agosto de 2026 a las 3:10:00 UTC-3","dodgers game today,padres standings","./explore?q=dodgers%20game%20today&geo=US"
"gisele bündchen joaquim valente baby","2 mil+","9 de agosto de 2026 a las 9:50:00 UTC-3","9 de agosto de 2026 a las 17:00:00 UTC-3","gisele bündchen joaquim valente baby,gisele bündchen","./explore?q=gisele%20b%C3%BCndchen%20joaquim%20valente%20baby&geo=US"
"today show jenna bush hager","2 mil+","12 de agosto de 2026 a las 16:30:00 UTC-3","12 de agosto de 2026 a las 19:00:00 UTC-3","today show jenna bush hager,jenna bush hager","./explore?q=today%20show%20jenna%20bush%20hager&geo=US"
"lane johnson","2 mil+","8 de agosto de 2026 a las 13:10:00 UTC-3","8 de agosto de 2026 a las 20:20:00 UTC-3","lane johnson","./explore?q=lane%20johnson&geo=US"
"justin barron","2 mil+","11 de agosto de 2026 a las 16:30:00 UTC-3","11 de agosto de 2026 a las 21:10:00 UTC-3","justin barron","./explore?q=justin%20barron&geo=US"
"jim ross","2 mil+","8 de agosto de 2026 a las 11:10:00 UTC-3","8 de agosto de 2026 a las 16:50:00 UTC-3","jim ross,wwe hall of fame","./explore?q=jim%20ross&geo=US"
"tornado radar","2 mil+","11 de agosto de 2026 a las 12:20:00 UTC-3","11 de agosto de 2026 a las 17:30:00 UTC-3","tornado radar","./explore?q=tornado%20radar&geo=US"
"mets - braves","2 mil+","10 de agosto de 2026 a las 19:40:00 UTC-3","11 de agosto de 2026 a las 0:20:00 UTC-3","mets - braves,bryce elder","./explore?q=mets%20-%20braves&geo=US"
"mexico game","2 mil+","9 de agosto de 2026 a las 20:10:00 UTC-3","9 de agosto de 2026 a las 23:40:00 UTC-3","mexico game","./explore?q=mexico%20game&geo=US"
"portland thorns vs boston legacy","2 mil+","9 de agosto de 2026 a las 16:30:00 UTC-3","9 de agosto de 2026 a las 20:00:00 UTC-3","portland thorns vs boston legacy","./explore?q=portland%20thorns%20vs%20boston%20legacy&geo=US"
"united airlines sfo new routes","2 mil+","9 de agosto de 2026 a las 18:40:00 UTC-3","10 de agosto de 2026 a las 10:20:00 UTC-3","united airlines sfo new routes","./explore?q=united%20airlines%20sfo%20new%20routes&geo=US"
"tanya reynolds","2 mil+","11 de agosto de 2026 a las 23:20:00 UTC-3","12 de agosto de 2026 a las 2:50:00 UTC-3","tanya reynolds,jason sudeikis","./explore?q=tanya%20reynolds&geo=US"
"fluminense vs independiente rivadavia","2 mil+","11 de agosto de 2026 a las 18:20:00 UTC-3","11 de agosto de 2026 a las 21:30:00 UTC-3","fluminense vs independiente rivadavia","./explore?q=fluminense%20vs%20independiente%20rivadavia&geo=US"
"erin krakow","2 mil+","8 de agosto de 2026 a las 23:10:00 UTC-3","9 de agosto de 2026 a las 12:30:00 UTC-3","erin krakow","./explore?q=erin%20krakow&geo=US"
"will scharf","2 mil+","9 de agosto de 2026 a las 21:30:00 UTC-3","10 de agosto de 2026 a las 11:20:00 UTC-3","will scharf","./explore?q=will%20scharf&geo=US"
"landon knack","2 mil+","13 de agosto de 2026 a las 1:10:00 UTC-3","13 de agosto de 2026 a las 2:50:00 UTC-3","landon knack,seth halvorsen","./explore?q=landon%20knack&geo=US"
"childcare","2 mil+","12 de agosto de 2026 a las 6:50:00 UTC-3","12 de agosto de 2026 a las 8:20:00 UTC-3","childcare","./explore?q=childcare&geo=US"
"archer aviation","2 mil+","10 de agosto de 2026 a las 9:20:00 UTC-3","10 de agosto de 2026 a las 16:50:00 UTC-3","archer aviation,achr stock,archer aviation stock,archer stock","./explore?q=archer%20aviation&geo=US"
"dehydrated baby bear colorado","2 mil+","9 de agosto de 2026 a las 1:10:00 UTC-3","9 de agosto de 2026 a las 18:00:00 UTC-3","dehydrated baby bear colorado","./explore?q=dehydrated%20baby%20bear%20colorado&geo=US"
"wendy's","2 mil+","12 de agosto de 2026 a las 17:20:00 UTC-3","12 de agosto de 2026 a las 18:40:00 UTC-3","wendy's","./explore?q=wendy%27s&geo=US"
"nikki glaser","2 mil+","11 de agosto de 2026 a las 21:00:00 UTC-3","12 de agosto de 2026 a las 1:00:00 UTC-3","nikki glaser","./explore?q=nikki%20glaser&geo=US"
"kalshi","2 mil+","12 de agosto de 2026 a las 0:00:00 UTC-3","12 de agosto de 2026 a las 2:50:00 UTC-3","kalshi","./explore?q=kalshi&geo=US"
"extreme heat watch","2 mil+","8 de agosto de 2026 a las 5:10:00 UTC-3","8 de agosto de 2026 a las 11:40:00 UTC-3","extreme heat watch","./explore?q=extreme%20heat%20watch&geo=US"
"alys rivers","2 mil+","9 de agosto de 2026 a las 22:30:00 UTC-3","10 de agosto de 2026 a las 4:30:00 UTC-3","alys rivers","./explore?q=alys%20rivers&geo=US"
"charles payne","2 mil+","11 de agosto de 2026 a las 23:30:00 UTC-3","12 de agosto de 2026 a las 1:10:00 UTC-3","charles payne","./explore?q=charles%20payne&geo=US"
"andrew lincoln","2 mil+","11 de agosto de 2026 a las 17:50:00 UTC-3","11 de agosto de 2026 a las 20:10:00 UTC-3","andrew lincoln","./explore?q=andrew%20lincoln&geo=US"
"politics","2 mil+","9 de agosto de 2026 a las 17:00:00 UTC-3","9 de agosto de 2026 a las 20:30:00 UTC-3","politics","./explore?q=politics&geo=US"
"rob sand","2 mil+","10 de agosto de 2026 a las 7:40:00 UTC-3","10 de agosto de 2026 a las 13:50:00 UTC-3","rob sand","./explore?q=rob%20sand&geo=US"
"melanie lynskey","2 mil+","10 de agosto de 2026 a las 10:30:00 UTC-3","10 de agosto de 2026 a las 14:40:00 UTC-3","melanie lynskey","./explore?q=melanie%20lynskey&geo=US"
"bison","2 mil+","9 de agosto de 2026 a las 2:10:00 UTC-3","9 de agosto de 2026 a las 7:00:00 UTC-3","bison","./explore?q=bison&geo=US"
"boeing 787","2 mil+","10 de agosto de 2026 a las 0:10:00 UTC-3","10 de agosto de 2026 a las 13:20:00 UTC-3","boeing 787","./explore?q=boeing%20787&geo=US"
"chris berman","2 mil+","10 de agosto de 2026 a las 6:50:00 UTC-3","11 de agosto de 2026 a las 9:10:00 UTC-3","chris berman","./explore?q=chris%20berman&geo=US"
"brandon nakashima","2 mil+","11 de agosto de 2026 a las 13:50:00 UTC-3","11 de agosto de 2026 a las 16:00:00 UTC-3","brandon nakashima","./explore?q=brandon%20nakashima&geo=US"
"ron desantis","2 mil+","10 de agosto de 2026 a las 6:40:00 UTC-3","10 de agosto de 2026 a las 11:40:00 UTC-3","ron desantis","./explore?q=ron%20desantis&geo=US"
"selección de fútbol de méxico","2 mil+","9 de agosto de 2026 a las 16:40:00 UTC-3","9 de agosto de 2026 a las 20:30:00 UTC-3","selección de fútbol de méxico","./explore?q=selecci%C3%B3n%20de%20f%C3%BAtbol%20de%20m%C3%A9xico&geo=US"
"kwqc","2 mil+","12 de agosto de 2026 a las 8:30:00 UTC-3","12 de agosto de 2026 a las 10:30:00 UTC-3","kwqc,kwqc weather,power all","./explore?q=kwqc&geo=US"
"apple ios 27 beta roadmap","2 mil+","11 de agosto de 2026 a las 14:50:00 UTC-3","11 de agosto de 2026 a las 18:10:00 UTC-3","apple ios 27 beta roadmap,ios 27,safari","./explore?q=apple%20ios%2027%20beta%20roadmap&geo=US"
"houston weather","2 mil+","14 de agosto de 2026 a las 14:00:00 UTC-3","14 de agosto de 2026 a las 14:20:00 UTC-3","houston weather,weather houston","./explore?q=houston%20weather&geo=US"
"jac caglianone","2 mil+","10 de agosto de 2026 a las 23:50:00 UTC-3","11 de agosto de 2026 a las 2:50:00 UTC-3","jac caglianone","./explore?q=jac%20caglianone&geo=US"
"seahawks","2 mil+","8 de agosto de 2026 a las 21:10:00 UTC-3","9 de agosto de 2026 a las 3:10:00 UTC-3","seahawks","./explore?q=seahawks&geo=US"
"bill ackman","2 mil+","8 de agosto de 2026 a las 14:20:00 UTC-3","9 de agosto de 2026 a las 9:30:00 UTC-3","bill ackman","./explore?q=bill%20ackman&geo=US"
"mike maddux","2 mil+","11 de agosto de 2026 a las 16:10:00 UTC-3","11 de agosto de 2026 a las 21:00:00 UTC-3","mike maddux,los angeles angels","./explore?q=mike%20maddux&geo=US"
"ground stop","2 mil+","10 de agosto de 2026 a las 9:50:00 UTC-3","10 de agosto de 2026 a las 12:30:00 UTC-3","ground stop","./explore?q=ground%20stop&geo=US"
"judge judy","2 mil+","11 de agosto de 2026 a las 13:10:00 UTC-3","11 de agosto de 2026 a las 18:50:00 UTC-3","judge judy","./explore?q=judge%20judy&geo=US"
"chicago weather radar","2 mil+","11 de agosto de 2026 a las 12:20:00 UTC-3","11 de agosto de 2026 a las 14:20:00 UTC-3","chicago weather radar","./explore?q=chicago%20weather%20radar&geo=US"
"learner tien","2 mil+","9 de agosto de 2026 a las 15:20:00 UTC-3","9 de agosto de 2026 a las 18:30:00 UTC-3","learner tien,daniel merida aguilar,thiago agustín tirante","./explore?q=learner%20tien&geo=US"
"summer streets nyc","2 mil+","8 de agosto de 2026 a las 7:50:00 UTC-3","8 de agosto de 2026 a las 13:30:00 UTC-3","summer streets nyc","./explore?q=summer%20streets%20nyc&geo=US"
"trevon diggs","2 mil+","9 de agosto de 2026 a las 20:30:00 UTC-3","10 de agosto de 2026 a las 0:40:00 UTC-3","trevon diggs","./explore?q=trevon%20diggs&geo=US"
"hunter henry","2 mil+","10 de agosto de 2026 a las 9:20:00 UTC-3","10 de agosto de 2026 a las 13:40:00 UTC-3","hunter henry,drake maye","./explore?q=hunter%20henry&geo=US"
"college football schedule","2 mil+","8 de agosto de 2026 a las 9:10:00 UTC-3","8 de agosto de 2026 a las 16:20:00 UTC-3","college football schedule","./explore?q=college%20football%20schedule&geo=US"
"market news","2 mil+","9 de agosto de 2026 a las 3:40:00 UTC-3","9 de agosto de 2026 a las 9:30:00 UTC-3","market news,market","./explore?q=market%20news&geo=US"
"hilaria baldwin","2 mil+","12 de agosto de 2026 a las 22:30:00 UTC-3","12 de agosto de 2026 a las 23:50:00 UTC-3","hilaria baldwin,alec baldwin","./explore?q=hilaria%20baldwin&geo=US"
"nascar news","2 mil+","10 de agosto de 2026 a las 14:40:00 UTC-3","10 de agosto de 2026 a las 18:20:00 UTC-3","nascar news,daytona 500","./explore?q=nascar%20news&geo=US"
"liv golf","2 mil+","9 de agosto de 2026 a las 14:30:00 UTC-3","9 de agosto de 2026 a las 17:40:00 UTC-3","liv golf,jon rahm liv golf title","./explore?q=liv%20golf&geo=US"
"investing","2 mil+","9 de agosto de 2026 a las 3:50:00 UTC-3","9 de agosto de 2026 a las 9:40:00 UTC-3","investing,finance","./explore?q=investing&geo=US"
"matt olson","2 mil+","11 de agosto de 2026 a las 22:30:00 UTC-3","12 de agosto de 2026 a las 0:10:00 UTC-3","matt olson,nolan mclean","./explore?q=matt%20olson&geo=US"
"han xu","2 mil+","11 de agosto de 2026 a las 20:50:00 UTC-3","11 de agosto de 2026 a las 23:10:00 UTC-3","han xu,pauline astier","./explore?q=han%20xu&geo=US"
"amistosos","2 mil+","8 de agosto de 2026 a las 14:10:00 UTC-3","8 de agosto de 2026 a las 18:50:00 UTC-3","amistosos","./explore?q=amistosos&geo=US"
"homework","2 mil+","9 de agosto de 2026 a las 4:20:00 UTC-3","9 de agosto de 2026 a las 9:50:00 UTC-3","homework,education","./explore?q=homework&geo=US"
"benfica - académico de viseu futebol clube","2 mil+","9 de agosto de 2026 a las 16:00:00 UTC-3","9 de agosto de 2026 a las 19:40:00 UTC-3","benfica - académico de viseu futebol clube","./explore?q=benfica%20-%20acad%C3%A9mico%20de%20viseu%20futebol%20clube&geo=US"
"cruzeiro x mirassol","2 mil+","9 de agosto de 2026 a las 10:10:00 UTC-3","9 de agosto de 2026 a las 14:00:00 UTC-3","cruzeiro x mirassol,cruzeiro","./explore?q=cruzeiro%20x%20mirassol&geo=US"
"tornado warning ohio","2 mil+","11 de agosto de 2026 a las 11:00:00 UTC-3","11 de agosto de 2026 a las 17:40:00 UTC-3","tornado warning ohio","./explore?q=tornado%20warning%20ohio&geo=US"
"jeongyeon","2 mil+","10 de agosto de 2026 a las 1:30:00 UTC-3","10 de agosto de 2026 a las 9:40:00 UTC-3","jeongyeon,twice","./explore?q=jeongyeon&geo=US"
"phoenix weather","2 mil+","10 de agosto de 2026 a las 0:20:00 UTC-3","10 de agosto de 2026 a las 3:20:00 UTC-3","phoenix weather,weather phoenix","./explore?q=phoenix%20weather&geo=US"
"steve kornacki","2 mil+","12 de agosto de 2026 a las 1:10:00 UTC-3","12 de agosto de 2026 a las 3:10:00 UTC-3","steve kornacki,milwaukee,kornacki","./explore?q=steve%20kornacki&geo=US"
"palmeiras vs internacional","2 mil+","9 de agosto de 2026 a las 15:20:00 UTC-3","9 de agosto de 2026 a las 18:50:00 UTC-3","palmeiras vs internacional,palmeiras x internacional,palmeiras","./explore?q=palmeiras%20vs%20internacional&geo=US"
"barcelona sc - macará","2 mil+","8 de agosto de 2026 a las 20:30:00 UTC-3","9 de agosto de 2026 a las 0:10:00 UTC-3","barcelona sc - macará","./explore?q=barcelona%20sc%20-%20macar%C3%A1&geo=US"
"russian submarine anti-drone defenses","2 mil+","9 de agosto de 2026 a las 8:40:00 UTC-3","9 de agosto de 2026 a las 14:30:00 UTC-3","russian submarine anti-drone defenses","./explore?q=russian%20submarine%20anti-drone%20defenses&geo=US"
"horse","2 mil+","9 de agosto de 2026 a las 7:20:00 UTC-3","9 de agosto de 2026 a las 13:30:00 UTC-3","horse,whitney stakes 2026,sovereignty horse","./explore?q=horse&geo=US"
"pa lottery","2 mil+","11 de agosto de 2026 a las 7:00:00 UTC-3","11 de agosto de 2026 a las 12:50:00 UTC-3","pa lottery","./explore?q=pa%20lottery&geo=US"
"liv golf news","2 mil+","11 de agosto de 2026 a las 8:10:00 UTC-3","11 de agosto de 2026 a las 11:30:00 UTC-3","liv golf news,liv golf","./explore?q=liv%20golf%20news&geo=US"
"double lives of suburban wives","2 mil+","9 de agosto de 2026 a las 22:20:00 UTC-3","10 de agosto de 2026 a las 8:40:00 UTC-3","double lives of suburban wives","./explore?q=double%20lives%20of%20suburban%20wives&geo=US"
"tsm stock","2 mil+","10 de agosto de 2026 a las 7:10:00 UTC-3","10 de agosto de 2026 a las 12:30:00 UTC-3","tsm stock,tsmc stock","./explore?q=tsm%20stock&geo=US"
"derek carr","2 mil+","10 de agosto de 2026 a las 21:10:00 UTC-3","11 de agosto de 2026 a las 0:40:00 UTC-3","derek carr","./explore?q=derek%20carr&geo=US"
"michelle pfeiffer","2 mil+","11 de agosto de 2026 a las 10:30:00 UTC-3","11 de agosto de 2026 a las 12:20:00 UTC-3","michelle pfeiffer","./explore?q=michelle%20pfeiffer&geo=US"
"hannah waddingham","2 mil+","8 de agosto de 2026 a las 8:30:00 UTC-3","8 de agosto de 2026 a las 12:20:00 UTC-3","hannah waddingham","./explore?q=hannah%20waddingham&geo=US"
"angel city fc vs seattle reign fc","2 mil+","9 de agosto de 2026 a las 21:20:00 UTC-3","10 de agosto de 2026 a las 0:50:00 UTC-3","angel city fc vs seattle reign fc,angel city fc","./explore?q=angel%20city%20fc%20vs%20seattle%20reign%20fc&geo=US"
"ozzie guillen","2 mil+","8 de agosto de 2026 a las 19:30:00 UTC-3","9 de agosto de 2026 a las 0:00:00 UTC-3","ozzie guillen","./explore?q=ozzie%20guillen&geo=US"
"gerrit cole","2 mil+","8 de agosto de 2026 a las 16:20:00 UTC-3","8 de agosto de 2026 a las 20:20:00 UTC-3","gerrit cole","./explore?q=gerrit%20cole&geo=US"
"spacex rocket crashes into the moon","2 mil+","8 de agosto de 2026 a las 7:50:00 UTC-3","8 de agosto de 2026 a las 11:40:00 UTC-3","spacex rocket crashes into the moon,elon musk rocket moon crash","./explore?q=spacex%20rocket%20crashes%20into%20the%20moon&geo=US"
"remo vs atlético mineiro","2 mil+","8 de agosto de 2026 a las 17:50:00 UTC-3","8 de agosto de 2026 a las 21:00:00 UTC-3","remo vs atlético mineiro,remo x atlético-mg","./explore?q=remo%20vs%20atl%C3%A9tico%20mineiro&geo=US"
"terry crews","2 mil+","9 de agosto de 2026 a las 13:00:00 UTC-3","9 de agosto de 2026 a las 18:20:00 UTC-3","terry crews","./explore?q=terry%20crews&geo=US"
"kimberly sustad","2 mil+","8 de agosto de 2026 a las 21:00:00 UTC-3","9 de agosto de 2026 a las 0:00:00 UTC-3","kimberly sustad,kimberley sustad","./explore?q=kimberly%20sustad&geo=US"
"sharon tate","2 mil+","9 de agosto de 2026 a las 10:10:00 UTC-3","10 de agosto de 2026 a las 9:40:00 UTC-3","sharon tate,charles manson","./explore?q=sharon%20tate&geo=US"
"derrick moore myrtle beach","2 mil+","9 de agosto de 2026 a las 11:10:00 UTC-3","9 de agosto de 2026 a las 16:10:00 UTC-3","derrick moore myrtle beach","./explore?q=derrick%20moore%20myrtle%20beach&geo=US"
"delta air lines","2 mil+","10 de agosto de 2026 a las 18:30:00 UTC-3","11 de agosto de 2026 a las 9:40:00 UTC-3","delta air lines","./explore?q=delta%20air%20lines&geo=US"
"liam neeson","2 mil+","10 de agosto de 2026 a las 20:00:00 UTC-3","10 de agosto de 2026 a las 23:40:00 UTC-3","liam neeson","./explore?q=liam%20neeson&geo=US"
"jonathan kuminga","2 mil+","10 de agosto de 2026 a las 11:10:00 UTC-3","11 de agosto de 2026 a las 2:50:00 UTC-3","jonathan kuminga","./explore?q=jonathan%20kuminga&geo=US"
"marseille vs athletic","2 mil+","9 de agosto de 2026 a las 12:20:00 UTC-3","9 de agosto de 2026 a las 15:50:00 UTC-3","marseille vs athletic","./explore?q=marseille%20vs%20athletic&geo=US"
"cameron brink","2 mil+","9 de agosto de 2026 a las 20:20:00 UTC-3","9 de agosto de 2026 a las 23:00:00 UTC-3","cameron brink,dearica hamby","./explore?q=cameron%20brink&geo=US"
"cruzeiro vs mirassol","2 mil+","9 de agosto de 2026 a las 10:10:00 UTC-3","9 de agosto de 2026 a las 14:00:00 UTC-3","cruzeiro vs mirassol","./explore?q=cruzeiro%20vs%20mirassol&geo=US"
"george lombard jr.","2 mil+","8 de agosto de 2026 a las 18:10:00 UTC-3","8 de agosto de 2026 a las 20:40:00 UTC-3","george lombard jr.,paul o'neill","./explore?q=george%20lombard%20jr.&geo=US"
"mutv","2 mil+","8 de agosto de 2026 a las 11:50:00 UTC-3","8 de agosto de 2026 a las 14:00:00 UTC-3","mutv","./explore?q=mutv&geo=US"
"internet","2 mil+","9 de agosto de 2026 a las 5:10:00 UTC-3","9 de agosto de 2026 a las 9:40:00 UTC-3","internet,anthony anderson","./explore?q=internet&geo=US"
"mark twain elementary school","2 mil+","10 de agosto de 2026 a las 18:50:00 UTC-3","10 de agosto de 2026 a las 21:30:00 UTC-3","mark twain elementary school","./explore?q=mark%20twain%20elementary%20school&geo=US"
"aegon targaryen","2 mil+","9 de agosto de 2026 a las 22:30:00 UTC-3","10 de agosto de 2026 a las 3:20:00 UTC-3","aegon targaryen","./explore?q=aegon%20targaryen&geo=US"
"pittsburgh steelers wide receiver cuts","2 mil+","8 de agosto de 2026 a las 9:30:00 UTC-3","9 de agosto de 2026 a las 10:40:00 UTC-3","pittsburgh steelers wide receiver cuts","./explore?q=pittsburgh%20steelers%20wide%20receiver%20cuts&geo=US"
"wcpo weather","2 mil+","11 de agosto de 2026 a las 16:20:00 UTC-3","11 de agosto de 2026 a las 17:50:00 UTC-3","wcpo weather,cleveland weather,radar weather","./explore?q=wcpo%20weather&geo=US"
"pittsburgh","2 mil+","11 de agosto de 2026 a las 10:20:00 UTC-3","11 de agosto de 2026 a las 14:00:00 UTC-3","pittsburgh","./explore?q=pittsburgh&geo=US"
"braces","2 mil+","9 de agosto de 2026 a las 19:20:00 UTC-3","9 de agosto de 2026 a las 21:20:00 UTC-3","braces","./explore?q=braces&geo=US"
"padres game today","2 mil+","12 de agosto de 2026 a las 20:50:00 UTC-3","12 de agosto de 2026 a las 21:30:00 UTC-3","padres game today,padres score,padres schedule","./explore?q=padres%20game%20today&geo=US"
"sydney sweeney","2 mil+","11 de agosto de 2026 a las 21:30:00 UTC-3","11 de agosto de 2026 a las 22:50:00 UTC-3","sydney sweeney","./explore?q=sydney%20sweeney&geo=US"
"taylor sheridan","2 mil+","9 de agosto de 2026 a las 21:10:00 UTC-3","10 de agosto de 2026 a las 0:40:00 UTC-3","taylor sheridan","./explore?q=taylor%20sheridan&geo=US"
"colman domingo","2 mil+","9 de agosto de 2026 a las 0:40:00 UTC-3","9 de agosto de 2026 a las 4:50:00 UTC-3","colman domingo","./explore?q=colman%20domingo&geo=US"
"recession","2 mil+","8 de agosto de 2026 a las 16:00:00 UTC-3","8 de agosto de 2026 a las 20:20:00 UTC-3","recession","./explore?q=recession&geo=US"
"noaa hurricane","2 mil+","11 de agosto de 2026 a las 7:20:00 UTC-3","11 de agosto de 2026 a las 10:10:00 UTC-3","noaa hurricane,noaa","./explore?q=noaa%20hurricane&geo=US"
"phillies score","2 mil+","8 de agosto de 2026 a las 6:50:00 UTC-3","8 de agosto de 2026 a las 10:00:00 UTC-3","phillies score","./explore?q=phillies%20score&geo=US"
"mariska hargitay svu episode marathon","2 mil+","10 de agosto de 2026 a las 17:40:00 UTC-3","10 de agosto de 2026 a las 21:20:00 UTC-3","mariska hargitay svu episode marathon","./explore?q=mariska%20hargitay%20svu%20episode%20marathon&geo=US"
"m&t bank stadium","2 mil+","10 de agosto de 2026 a las 17:30:00 UTC-3","10 de agosto de 2026 a las 20:20:00 UTC-3","m&t bank stadium","./explore?q=m%26t%20bank%20stadium&geo=US"
"óscar perea","2 mil+","9 de agosto de 2026 a las 23:30:00 UTC-3","10 de agosto de 2026 a las 3:00:00 UTC-3","óscar perea","./explore?q=%C3%B3scar%20perea&geo=US"
"pete alonso","2 mil+","9 de agosto de 2026 a las 16:50:00 UTC-3","9 de agosto de 2026 a las 19:50:00 UTC-3","pete alonso,kumar rocker","./explore?q=pete%20alonso&geo=US"
"efl cup","2 mil+","8 de agosto de 2026 a las 10:20:00 UTC-3","8 de agosto de 2026 a las 14:30:00 UTC-3","efl cup","./explore?q=efl%20cup&geo=US"
"jessica shepard","2 mil+","9 de agosto de 2026 a las 17:10:00 UTC-3","9 de agosto de 2026 a las 19:30:00 UTC-3","jessica shepard,lynx","./explore?q=jessica%20shepard&geo=US"
"posiciones de san diego fc contra club tijuana","2 mil+","10 de agosto de 2026 a las 1:20:00 UTC-3","10 de agosto de 2026 a las 2:40:00 UTC-3","posiciones de san diego fc contra club tijuana,san diego vs tijuana,tijuana vs san diego","./explore?q=posiciones%20de%20san%20diego%20fc%20contra%20club%20tijuana&geo=US"
"independence day","2 mil+","9 de agosto de 2026 a las 19:30:00 UTC-3","9 de agosto de 2026 a las 22:30:00 UTC-3","independence day","./explore?q=independence%20day&geo=US"
"hoda kotb family birthday celebration","2 mil+","8 de agosto de 2026 a las 17:30:00 UTC-3","8 de agosto de 2026 a las 22:10:00 UTC-3","hoda kotb family birthday celebration","./explore?q=hoda%20kotb%20family%20birthday%20celebration&geo=US"
"sounders","2 mil+","9 de agosto de 2026 a las 16:50:00 UTC-3","9 de agosto de 2026 a las 19:40:00 UTC-3","sounders,seattle sounders vs querétaro f.c. standings,seattle sounders","./explore?q=sounders&geo=US"
"red sox - blue jays","2 mil+","11 de agosto de 2026 a las 19:50:00 UTC-3","11 de agosto de 2026 a las 21:20:00 UTC-3","red sox - blue jays,tyron guerrero","./explore?q=red%20sox%20-%20blue%20jays&geo=US"
"whio","2 mil+","11 de agosto de 2026 a las 10:40:00 UTC-3","11 de agosto de 2026 a las 16:30:00 UTC-3","whio,tornado radar live","./explore?q=whio&geo=US"
"galatasaray vs villarreal","2 mil+","8 de agosto de 2026 a las 15:00:00 UTC-3","8 de agosto de 2026 a las 18:10:00 UTC-3","galatasaray vs villarreal,galatasaray - villarreal","./explore?q=galatasaray%20vs%20villarreal&geo=US"
"ryan hurst","2 mil+","8 de agosto de 2026 a las 15:20:00 UTC-3","8 de agosto de 2026 a las 17:40:00 UTC-3","ryan hurst","./explore?q=ryan%20hurst&geo=US"
"brett baty","2 mil+","10 de agosto de 2026 a las 20:30:00 UTC-3","10 de agosto de 2026 a las 22:30:00 UTC-3","brett baty","./explore?q=brett%20baty&geo=US"
"grant holmes","2 mil+","9 de agosto de 2026 a las 14:50:00 UTC-3","9 de agosto de 2026 a las 17:30:00 UTC-3","grant holmes","./explore?q=grant%20holmes&geo=US"
"red sox game today","2 mil+","9 de agosto de 2026 a las 14:50:00 UTC-3","9 de agosto de 2026 a las 18:00:00 UTC-3","red sox game today","./explore?q=red%20sox%20game%20today&geo=US"
"frijoles fire","2 mil+","11 de agosto de 2026 a las 9:40:00 UTC-3","11 de agosto de 2026 a las 12:20:00 UTC-3","frijoles fire","./explore?q=frijoles%20fire&geo=US"
"white sox game","2 mil+","9 de agosto de 2026 a las 15:50:00 UTC-3","9 de agosto de 2026 a las 18:40:00 UTC-3","white sox game,hagen smith,colson montgomery","./explore?q=white%20sox%20game&geo=US"
"brandon nakashima","2 mil+","8 de agosto de 2026 a las 17:10:00 UTC-3","8 de agosto de 2026 a las 20:00:00 UTC-3","brandon nakashima,arthur rinderknech","./explore?q=brandon%20nakashima&geo=US"
"toluca","2 mil+","9 de agosto de 2026 a las 0:50:00 UTC-3","9 de agosto de 2026 a las 3:20:00 UTC-3","toluca","./explore?q=toluca&geo=US"
"shake shack self checkout surcharge","2 mil+","10 de agosto de 2026 a las 12:10:00 UTC-3","10 de agosto de 2026 a las 14:20:00 UTC-3","shake shack self checkout surcharge,shake shack kiosk pricing changes,weather cleveland,shake shack","./explore?q=shake%20shack%20self%20checkout%20surcharge&geo=US"
"estrela amadora vs scp","2 mil+","8 de agosto de 2026 a las 16:00:00 UTC-3","8 de agosto de 2026 a las 19:30:00 UTC-3","estrela amadora vs scp","./explore?q=estrela%20amadora%20vs%20scp&geo=US"
"sicario","2 mil+","9 de agosto de 2026 a las 13:30:00 UTC-3","9 de agosto de 2026 a las 16:30:00 UTC-3","sicario","./explore?q=sicario&geo=US"
"gamma-ray burst","2 mil+","9 de agosto de 2026 a las 10:30:00 UTC-3","9 de agosto de 2026 a las 13:50:00 UTC-3","gamma-ray burst","./explore?q=gamma-ray%20burst&geo=US"
"indiana fever roster lexie hull","2 mil+","9 de agosto de 2026 a las 8:30:00 UTC-3","9 de agosto de 2026 a las 12:50:00 UTC-3","indiana fever roster lexie hull,lexie hull","./explore?q=indiana%20fever%20roster%20lexie%20hull&geo=US"
"submarine","2 mil+","8 de agosto de 2026 a las 7:40:00 UTC-3","8 de agosto de 2026 a las 12:20:00 UTC-3","submarine","./explore?q=submarine&geo=US"
"kc current vs houston dash","2 mil+","8 de agosto de 2026 a las 21:10:00 UTC-3","9 de agosto de 2026 a las 0:40:00 UTC-3","kc current vs houston dash","./explore?q=kc%20current%20vs%20houston%20dash&geo=US"
"porto vs alverca","2 mil+","9 de agosto de 2026 a las 13:20:00 UTC-3","9 de agosto de 2026 a las 16:20:00 UTC-3","porto vs alverca","./explore?q=porto%20vs%20alverca&geo=US"
"robert stock","2 mil+","8 de agosto de 2026 a las 19:50:00 UTC-3","8 de agosto de 2026 a las 22:40:00 UTC-3","robert stock,ronny simon,bubba chandler","./explore?q=robert%20stock&geo=US"
"benson boone sacramento","2 mil+","8 de agosto de 2026 a las 22:20:00 UTC-3","9 de agosto de 2026 a las 2:20:00 UTC-3","benson boone sacramento","./explore?q=benson%20boone%20sacramento&geo=US"
"minecraft nintendo switch 2 release","2 mil+","8 de agosto de 2026 a las 15:30:00 UTC-3","8 de agosto de 2026 a las 18:50:00 UTC-3","minecraft nintendo switch 2 release","./explore?q=minecraft%20nintendo%20switch%202%20release&geo=US"
"nuno borges","2 mil+","8 de agosto de 2026 a las 13:40:00 UTC-3","8 de agosto de 2026 a las 17:00:00 UTC-3","nuno borges","./explore?q=nuno%20borges&geo=US"
"indycar","2 mil+","9 de agosto de 2026 a las 16:30:00 UTC-3","9 de agosto de 2026 a las 20:30:00 UTC-3","indycar","./explore?q=indycar&geo=US"
"russia putin","2 mil+","8 de agosto de 2026 a las 4:00:00 UTC-3","8 de agosto de 2026 a las 7:20:00 UTC-3","russia putin","./explore?q=russia%20putin&geo=US"
"tottenham","2 mil+","8 de agosto de 2026 a las 11:00:00 UTC-3","8 de agosto de 2026 a las 13:40:00 UTC-3","tottenham","./explore?q=tottenham&geo=US"
"dallas cowboys","2 mil+","9 de agosto de 2026 a las 8:20:00 UTC-3","9 de agosto de 2026 a las 11:40:00 UTC-3","dallas cowboys","./explore?q=dallas%20cowboys&geo=US"
"nyt crossword answers","2 mil+","8 de agosto de 2026 a las 12:10:00 UTC-3","8 de agosto de 2026 a las 16:00:00 UTC-3","nyt crossword answers","./explore?q=nyt%20crossword%20answers&geo=US"
"luke kuechly wife","2 mil+","8 de agosto de 2026 a las 14:20:00 UTC-3","9 de agosto de 2026 a las 1:10:00 UTC-3","luke kuechly wife","./explore?q=luke%20kuechly%20wife&geo=US"
"north korea russia military cooperation","2 mil+","9 de agosto de 2026 a las 12:50:00 UTC-3","9 de agosto de 2026 a las 20:40:00 UTC-3","north korea russia military cooperation","./explore?q=north%20korea%20russia%20military%20cooperation&geo=US"
"leicester city vs northampton town","2 mil+","8 de agosto de 2026 a las 10:20:00 UTC-3","8 de agosto de 2026 a las 14:00:00 UTC-3","leicester city vs northampton town","./explore?q=leicester%20city%20vs%20northampton%20town&geo=US"
"jennifer aniston","2 mil+","10 de agosto de 2026 a las 22:20:00 UTC-3","10 de agosto de 2026 a las 23:30:00 UTC-3","jennifer aniston","./explore?q=jennifer%20aniston&geo=US"
"wsl","2 mil+","10 de agosto de 2026 a las 16:10:00 UTC-3","10 de agosto de 2026 a las 21:30:00 UTC-3","wsl","./explore?q=wsl&geo=US"
"chivas vs","2 mil+","8 de agosto de 2026 a las 23:50:00 UTC-3","9 de agosto de 2026 a las 1:20:00 UTC-3","chivas vs","./explore?q=chivas%20vs&geo=US"
"tigers","2 mil+","11 de agosto de 2026 a las 22:30:00 UTC-3","11 de agosto de 2026 a las 23:10:00 UTC-3","tigers","./explore?q=tigers&geo=US"
"aja wilson","2 mil+","8 de agosto de 2026 a las 14:40:00 UTC-3","8 de agosto de 2026 a las 16:40:00 UTC-3","aja wilson","./explore?q=aja%20wilson&geo=US"
"getty images","2 mil+","10 de agosto de 2026 a las 21:50:00 UTC-3","10 de agosto de 2026 a las 23:20:00 UTC-3","getty images","./explore?q=getty%20images&geo=US"
"veronica burton","2 mil+","9 de agosto de 2026 a las 20:30:00 UTC-3","9 de agosto de 2026 a las 22:30:00 UTC-3","veronica burton,gabby williams","./explore?q=veronica%20burton&geo=US"
"chris berman","2 mil+","8 de agosto de 2026 a las 13:10:00 UTC-3","8 de agosto de 2026 a las 16:30:00 UTC-3","chris berman","./explore?q=chris%20berman&geo=US"
"wwe world heavyweight tournament bracket","2 mil+","8 de agosto de 2026 a las 9:00:00 UTC-3","9 de agosto de 2026 a las 9:30:00 UTC-3","wwe world heavyweight tournament bracket,laredo kid","./explore?q=wwe%20world%20heavyweight%20tournament%20bracket&geo=US"
"aaron nola","2 mil+","8 de agosto de 2026 a las 19:20:00 UTC-3","8 de agosto de 2026 a las 22:10:00 UTC-3","aaron nola","./explore?q=aaron%20nola&geo=US"
"jihwan bae","2 mil+","9 de agosto de 2026 a las 14:50:00 UTC-3","9 de agosto de 2026 a las 18:20:00 UTC-3","jihwan bae,ji hwan bae","./explore?q=jihwan%20bae&geo=US"
"metlife stadium","2 mil+","8 de agosto de 2026 a las 17:50:00 UTC-3","8 de agosto de 2026 a las 20:30:00 UTC-3","metlife stadium","./explore?q=metlife%20stadium&geo=US"
"usa network","2 mil+","9 de agosto de 2026 a las 16:00:00 UTC-3","9 de agosto de 2026 a las 18:20:00 UTC-3","usa network","./explore?q=usa%20network&geo=US"
"jade carey","2 mil+","9 de agosto de 2026 a las 19:40:00 UTC-3","9 de agosto de 2026 a las 21:40:00 UTC-3","jade carey,claire pease,charleigh bullock","./explore?q=jade%20carey&geo=US"
"intc stock","2 mil+","10 de agosto de 2026 a las 9:00:00 UTC-3","10 de agosto de 2026 a las 11:20:00 UTC-3","intc stock,intc,intel stock price","./explore?q=intc%20stock&geo=US"
"seattle storm","2 mil+","8 de agosto de 2026 a las 21:50:00 UTC-3","9 de agosto de 2026 a las 0:00:00 UTC-3","seattle storm,angel reese","./explore?q=seattle%20storm&geo=US"
"alex mcfarlane","2 mil+","11 de agosto de 2026 a las 22:50:00 UTC-3","11 de agosto de 2026 a las 23:50:00 UTC-3","alex mcfarlane,mike trout","./explore?q=alex%20mcfarlane&geo=US"
"jackson merrill","2 mil+","9 de agosto de 2026 a las 21:50:00 UTC-3","9 de agosto de 2026 a las 23:50:00 UTC-3","jackson merrill,astros - padres","./explore?q=jackson%20merrill&geo=US"
"davis thompson","2 mil+","8 de agosto de 2026 a las 15:30:00 UTC-3","8 de agosto de 2026 a las 18:50:00 UTC-3","davis thompson","./explore?q=davis%20thompson&geo=US"
"grêmio vs são paulo","2 mil+","8 de agosto de 2026 a las 15:30:00 UTC-3","8 de agosto de 2026 a las 18:40:00 UTC-3","grêmio vs são paulo,grêmio x são paulo","./explore?q=gr%C3%AAmio%20vs%20s%C3%A3o%20paulo&geo=US"
"ryan reynolds","2 mil+","10 de agosto de 2026 a las 22:20:00 UTC-3","10 de agosto de 2026 a las 23:30:00 UTC-3","ryan reynolds","./explore?q=ryan%20reynolds&geo=US"
"gma deals and steals","2 mil+","10 de agosto de 2026 a las 9:20:00 UTC-3","10 de agosto de 2026 a las 11:30:00 UTC-3","gma deals and steals,gma deals and steals today","./explore?q=gma%20deals%20and%20steals&geo=US"
"seabed","2 mil+","9 de agosto de 2026 a las 20:00:00 UTC-3","9 de agosto de 2026 a las 21:40:00 UTC-3","seabed","./explore?q=seabed&geo=US"
"mcdonalds","2 mil+","10 de agosto de 2026 a las 9:40:00 UTC-3","10 de agosto de 2026 a las 11:10:00 UTC-3","mcdonalds","./explore?q=mcdonalds&geo=US"
"mets","2 mil+","10 de agosto de 2026 a las 21:00:00 UTC-3","10 de agosto de 2026 a las 21:40:00 UTC-3","mets","./explore?q=mets&geo=US"
"hugo cuypers","2 mil+","8 de agosto de 2026 a las 22:10:00 UTC-3","9 de agosto de 2026 a las 0:30:00 UTC-3","hugo cuypers","./explore?q=hugo%20cuypers&geo=US"
"seattle mariners","2 mil+","9 de agosto de 2026 a las 1:20:00 UTC-3","9 de agosto de 2026 a las 2:40:00 UTC-3","seattle mariners","./explore?q=seattle%20mariners&geo=US"
"the agency","2 mil+","8 de agosto de 2026 a las 19:10:00 UTC-3","8 de agosto de 2026 a las 22:20:00 UTC-3","the agency,camera news","./explore?q=the%20agency&geo=US"
"ryan gosling","2 mil+","10 de agosto de 2026 a las 22:30:00 UTC-3","10 de agosto de 2026 a las 23:30:00 UTC-3","ryan gosling","./explore?q=ryan%20gosling&geo=US"
"al east standings","2 mil+","8 de agosto de 2026 a las 7:30:00 UTC-3","8 de agosto de 2026 a las 11:00:00 UTC-3","al east standings,nl west standings","./explore?q=al%20east%20standings&geo=US"
"bruno guimarães","2 mil+","8 de agosto de 2026 a las 8:50:00 UTC-3","8 de agosto de 2026 a las 12:10:00 UTC-3","bruno guimarães,premier league","./explore?q=bruno%20guimar%C3%A3es&geo=US"
"cherneka johnson","2 mil+","9 de agosto de 2026 a las 0:20:00 UTC-3","9 de agosto de 2026 a las 3:10:00 UTC-3","cherneka johnson,dina thorslund","./explore?q=cherneka%20johnson&geo=US"
"rafael jodar","2 mil+","8 de agosto de 2026 a las 21:50:00 UTC-3","8 de agosto de 2026 a las 23:50:00 UTC-3","rafael jodar,jodar","./explore?q=rafael%20jodar&geo=US"
"rocky canyon fire","2 mil+","9 de agosto de 2026 a las 19:50:00 UTC-3","10 de agosto de 2026 a las 2:20:00 UTC-3","rocky canyon fire,utah fire map","./explore?q=rocky%20canyon%20fire&geo=US"
"tom kim","2 mil+","8 de agosto de 2026 a las 17:10:00 UTC-3","8 de agosto de 2026 a las 18:30:00 UTC-3","tom kim,golf,michael brennan,kevin yu","./explore?q=tom%20kim&geo=US"
"phillies game","2 mil+","9 de agosto de 2026 a las 17:50:00 UTC-3","9 de agosto de 2026 a las 18:30:00 UTC-3","phillies game,orion kerkering,blue jays,blue jays - phillies","./explore?q=phillies%20game&geo=US"
"christopher vargas","2 mil+","8 de agosto de 2026 a las 17:00:00 UTC-3","8 de agosto de 2026 a las 19:00:00 UTC-3","christopher vargas,chris vargas","./explore?q=christopher%20vargas&geo=US"
"miles johns","2 mil+","8 de agosto de 2026 a las 18:50:00 UTC-3","8 de agosto de 2026 a las 20:10:00 UTC-3","miles johns,gianni vazquez","./explore?q=miles%20johns&geo=US"
"brewers score","2 mil+","8 de agosto de 2026 a las 22:40:00 UTC-3","8 de agosto de 2026 a las 23:50:00 UTC-3","brewers score,brewers standings","./explore?q=brewers%20score&geo=US"
"yankees score","2 mil+","8 de agosto de 2026 a las 7:40:00 UTC-3","8 de agosto de 2026 a las 9:40:00 UTC-3","yankees score,hideki matsui,yankees old timers day 2026","./explore?q=yankees%20score&geo=US"
"logan webb","2 mil+","9 de agosto de 2026 a las 18:00:00 UTC-3","9 de agosto de 2026 a las 19:20:00 UTC-3","logan webb,detroit tigers schedule,troy melton","./explore?q=logan%20webb&geo=US"
"chicago white sox","2 mil+","8 de agosto de 2026 a las 23:20:00 UTC-3","9 de agosto de 2026 a las 0:10:00 UTC-3","chicago white sox,white sox game","./explore?q=chicago%20white%20sox&geo=US"
"gold","2 mil+","10 de agosto de 2026 a las 10:50:00 UTC-3","10 de agosto de 2026 a las 13:30:00 UTC-3","gold,tradingview","./explore?q=gold&geo=US"
"will ferrell","1 mil+","15 de agosto de 2026 a las 0:50:00 UTC-3",,"will ferrell","./explore?q=will%20ferrell&geo=US"
"visionquest","1 mil+","15 de agosto de 2026 a las 0:50:00 UTC-3",,"visionquest,james spader","./explore?q=visionquest&geo=US"
"dominique malonga","1 mil+","14 de agosto de 2026 a las 23:30:00 UTC-3",,"dominique malonga","./explore?q=dominique%20malonga&geo=US"
"vanessa hudgens","1 mil+","14 de agosto de 2026 a las 22:20:00 UTC-3",,"vanessa hudgens","./explore?q=vanessa%20hudgens&geo=US"
"nwsl","1 mil+","14 de agosto de 2026 a las 23:10:00 UTC-3",,"nwsl","./explore?q=nwsl&geo=US"
"arie luyendyk jr","1 mil+","14 de agosto de 2026 a las 23:40:00 UTC-3",,"arie luyendyk jr,arie luyendyk jr.","./explore?q=arie%20luyendyk%20jr&geo=US"
"george washington","1 mil+","14 de agosto de 2026 a las 22:10:00 UTC-3",,"george washington","./explore?q=george%20washington&geo=US"
"bridget carleton","1 mil+","14 de agosto de 2026 a las 23:30:00 UTC-3",,"bridget carleton","./explore?q=bridget%20carleton&geo=US"
"demar derozan","1 mil+","14 de agosto de 2026 a las 23:30:00 UTC-3",,"demar derozan","./explore?q=demar%20derozan&geo=US"
"andrew tate","1 mil+","14 de agosto de 2026 a las 23:40:00 UTC-3",,"andrew tate","./explore?q=andrew%20tate&geo=US"
"las vegas weather","1 mil+","15 de agosto de 2026 a las 0:00:00 UTC-3",,"las vegas weather","./explore?q=las%20vegas%20weather&geo=US"
"india independence day","1 mil+","14 de agosto de 2026 a las 23:50:00 UTC-3",,"india independence day,independence day","./explore?q=india%20independence%20day&geo=US"
"bay fc vs utah royals fc","1 mil+","14 de agosto de 2026 a las 22:40:00 UTC-3","15 de agosto de 2026 a las 0:40:00 UTC-3","bay fc vs utah royals fc","./explore?q=bay%20fc%20vs%20utah%20royals%20fc&geo=US"
"deion sanders","1 mil+","14 de agosto de 2026 a las 21:40:00 UTC-3","15 de agosto de 2026 a las 0:20:00 UTC-3","deion sanders","./explore?q=deion%20sanders&geo=US"
"world liberty trust conditional approval","1 mil+","14 de agosto de 2026 a las 21:50:00 UTC-3","15 de agosto de 2026 a las 0:50:00 UTC-3","world liberty trust conditional approval","./explore?q=world%20liberty%20trust%20conditional%20approval&geo=US"
"awak kuier","1 mil+","14 de agosto de 2026 a las 21:00:00 UTC-3","14 de agosto de 2026 a las 23:40:00 UTC-3","awak kuier","./explore?q=awak%20kuier&geo=US"
"salomé jackson","1 mil+","14 de agosto de 2026 a las 22:30:00 UTC-3","15 de agosto de 2026 a las 0:30:00 UTC-3","salomé jackson","./explore?q=salom%C3%A9%20jackson&geo=US"
"gunnar henderson","1 mil+","14 de agosto de 2026 a las 22:50:00 UTC-3","15 de agosto de 2026 a las 0:20:00 UTC-3","gunnar henderson,orioles - rays","./explore?q=gunnar%20henderson&geo=US"
"kurt busch","1 mil+","14 de agosto de 2026 a las 20:20:00 UTC-3","14 de agosto de 2026 a las 23:10:00 UTC-3","kurt busch","./explore?q=kurt%20busch&geo=US"
"lexie hull","1 mil+","14 de agosto de 2026 a las 22:00:00 UTC-3","14 de agosto de 2026 a las 23:30:00 UTC-3","lexie hull","./explore?q=lexie%20hull&geo=US"
"jonah coleman","1 mil+","14 de agosto de 2026 a las 20:40:00 UTC-3","14 de agosto de 2026 a las 22:40:00 UTC-3","jonah coleman","./explore?q=jonah%20coleman&geo=US"
"jets depth chart","1 mil+","14 de agosto de 2026 a las 19:40:00 UTC-3","14 de agosto de 2026 a las 22:20:00 UTC-3","jets depth chart","./explore?q=jets%20depth%20chart&geo=US"
"sinja kraus","1 mil+","14 de agosto de 2026 a las 20:40:00 UTC-3","14 de agosto de 2026 a las 22:40:00 UTC-3","sinja kraus,sara bejlek","./explore?q=sinja%20kraus&geo=US"
"nationals - mets","1 mil+","14 de agosto de 2026 a las 19:50:00 UTC-3","14 de agosto de 2026 a las 23:40:00 UTC-3","nationals - mets,jared young","./explore?q=nationals%20-%20mets&geo=US"
"llws 2026","1 mil+","14 de agosto de 2026 a las 22:00:00 UTC-3","14 de agosto de 2026 a las 23:20:00 UTC-3","llws 2026","./explore?q=llws%202026&geo=US"
"mason miller","1 mil+","14 de agosto de 2026 a las 23:10:00 UTC-3","15 de agosto de 2026 a las 0:00:00 UTC-3","mason miller","./explore?q=mason%20miller&geo=US"
"vita vea","1 mil+","14 de agosto de 2026 a las 20:30:00 UTC-3","14 de agosto de 2026 a las 22:40:00 UTC-3","vita vea","./explore?q=vita%20vea&geo=US"
"tea ratings 2026","1 mil+","14 de agosto de 2026 a las 19:30:00 UTC-3","15 de agosto de 2026 a las 0:30:00 UTC-3","tea ratings 2026","./explore?q=tea%20ratings%202026&geo=US"
"michael","1 mil+","14 de agosto de 2026 a las 21:40:00 UTC-3","15 de agosto de 2026 a las 0:00:00 UTC-3","michael","./explore?q=michael&geo=US"
"bradley hanner","1 mil+","14 de agosto de 2026 a las 22:30:00 UTC-3","14 de agosto de 2026 a las 23:40:00 UTC-3","bradley hanner","./explore?q=bradley%20hanner&geo=US"
"joshua baez","1 mil+","14 de agosto de 2026 a las 17:50:00 UTC-3","14 de agosto de 2026 a las 20:30:00 UTC-3","joshua baez","./explore?q=joshua%20baez&geo=US"
"miniseries","1 mil+","14 de agosto de 2026 a las 19:00:00 UTC-3","14 de agosto de 2026 a las 21:00:00 UTC-3","miniseries","./explore?q=miniseries&geo=US"
"bubba chandler","1 mil+","14 de agosto de 2026 a las 20:00:00 UTC-3","14 de agosto de 2026 a las 21:50:00 UTC-3","bubba chandler","./explore?q=bubba%20chandler&geo=US"
"stolen 1971 chevrolet chevelle found","1 mil+","14 de agosto de 2026 a las 18:50:00 UTC-3","14 de agosto de 2026 a las 21:10:00 UTC-3","stolen 1971 chevrolet chevelle found","./explore?q=stolen%201971%20chevrolet%20chevelle%20found&geo=US"
"nuno borges","1 mil+","14 de agosto de 2026 a las 17:20:00 UTC-3","14 de agosto de 2026 a las 19:40:00 UTC-3","nuno borges","./explore?q=nuno%20borges&geo=US"
"trent grisham","1 mil+","14 de agosto de 2026 a las 22:00:00 UTC-3","14 de agosto de 2026 a las 22:50:00 UTC-3","trent grisham","./explore?q=trent%20grisham&geo=US"
"robert irwin","1 mil+","14 de agosto de 2026 a las 18:50:00 UTC-3","14 de agosto de 2026 a las 20:50:00 UTC-3","robert irwin","./explore?q=robert%20irwin&geo=US"
"netflix counterattack action franchise","1 mil+","14 de agosto de 2026 a las 15:50:00 UTC-3","14 de agosto de 2026 a las 19:00:00 UTC-3","netflix counterattack action franchise","./explore?q=netflix%20counterattack%20action%20franchise&geo=US"
"ford f-150","1 mil+","14 de agosto de 2026 a las 16:10:00 UTC-3","14 de agosto de 2026 a las 19:10:00 UTC-3","ford f-150","./explore?q=ford%20f-150&geo=US"
"oklahoma city thunder","1 mil+","14 de agosto de 2026 a las 16:30:00 UTC-3","14 de agosto de 2026 a las 19:30:00 UTC-3","oklahoma city thunder","./explore?q=oklahoma%20city%20thunder&geo=US"
"ryan seacrest","1 mil+","14 de agosto de 2026 a las 20:30:00 UTC-3","14 de agosto de 2026 a las 21:40:00 UTC-3","ryan seacrest","./explore?q=ryan%20seacrest&geo=US"
"arizona","1 mil+","14 de agosto de 2026 a las 9:40:00 UTC-3","14 de agosto de 2026 a las 13:50:00 UTC-3","arizona","./explore?q=arizona&geo=US"
"al hilal - al-faisaly","1 mil+","14 de agosto de 2026 a las 15:10:00 UTC-3","14 de agosto de 2026 a las 17:40:00 UTC-3","al hilal - al-faisaly","./explore?q=al%20hilal%20-%20al-faisaly&geo=US"
"jane street","1 mil+","14 de agosto de 2026 a las 18:50:00 UTC-3","14 de agosto de 2026 a las 20:30:00 UTC-3","jane street","./explore?q=jane%20street&geo=US"
"nevada false electors case","1 mil+","14 de agosto de 2026 a las 6:10:00 UTC-3","14 de agosto de 2026 a las 12:00:00 UTC-3","nevada false electors case","./explore?q=nevada%20false%20electors%20case&geo=US"
"cubs score","1 mil+","14 de agosto de 2026 a las 17:20:00 UTC-3","14 de agosto de 2026 a las 18:20:00 UTC-3","cubs score","./explore?q=cubs%20score&geo=US"
"elle evans","1 mil+","14 de agosto de 2026 a las 16:40:00 UTC-3","14 de agosto de 2026 a las 18:50:00 UTC-3","elle evans","./explore?q=elle%20evans&geo=US"
"student loans","1 mil+","14 de agosto de 2026 a las 16:50:00 UTC-3","14 de agosto de 2026 a las 18:30:00 UTC-3","student loans","./explore?q=student%20loans&geo=US"
"ford mustang dark horse sc","1 mil+","14 de agosto de 2026 a las 9:10:00 UTC-3","14 de agosto de 2026 a las 13:10:00 UTC-3","ford mustang dark horse sc","./explore?q=ford%20mustang%20dark%20horse%20sc&geo=US"
"malcolm jamal warner","1 mil+","14 de agosto de 2026 a las 8:50:00 UTC-3","14 de agosto de 2026 a las 13:10:00 UTC-3","malcolm jamal warner","./explore?q=malcolm%20jamal%20warner&geo=US"
"maya joint","1 mil+","14 de agosto de 2026 a las 14:40:00 UTC-3","14 de agosto de 2026 a las 16:30:00 UTC-3","maya joint","./explore?q=maya%20joint&geo=US"
"ihsa mount carmel football probation","1 mil+","14 de agosto de 2026 a las 7:10:00 UTC-3","14 de agosto de 2026 a las 11:10:00 UTC-3","ihsa mount carmel football probation","./explore?q=ihsa%20mount%20carmel%20football%20probation&geo=US"
"larry ellison","1 mil+","14 de agosto de 2026 a las 19:20:00 UTC-3","14 de agosto de 2026 a las 20:20:00 UTC-3","larry ellison,oracle layoffs","./explore?q=larry%20ellison&geo=US"
"child","1 mil+","14 de agosto de 2026 a las 8:20:00 UTC-3","14 de agosto de 2026 a las 13:00:00 UTC-3","child","./explore?q=child&geo=US"
"proofpoint outage","1 mil+","14 de agosto de 2026 a las 10:30:00 UTC-3","14 de agosto de 2026 a las 13:20:00 UTC-3","proofpoint outage,proofpoint","./explore?q=proofpoint%20outage&geo=US"
"glm 5.3","1 mil+","14 de agosto de 2026 a las 2:40:00 UTC-3","14 de agosto de 2026 a las 7:50:00 UTC-3","glm 5.3","./explore?q=glm%205.3&geo=US"
"tracee ellis ross","1 mil+","14 de agosto de 2026 a las 5:00:00 UTC-3","14 de agosto de 2026 a las 11:10:00 UTC-3","tracee ellis ross","./explore?q=tracee%20ellis%20ross&geo=US"
"brewers score","1 mil+","14 de agosto de 2026 a las 7:20:00 UTC-3","14 de agosto de 2026 a las 9:50:00 UTC-3","brewers score","./explore?q=brewers%20score&geo=US"
"paypal stock","1 mil+","14 de agosto de 2026 a las 17:00:00 UTC-3","14 de agosto de 2026 a las 18:00:00 UTC-3","paypal stock,pypl stock","./explore?q=paypal%20stock&geo=US"
"pbs","1 mil+","14 de agosto de 2026 a las 13:30:00 UTC-3","14 de agosto de 2026 a las 16:00:00 UTC-3","pbs","./explore?q=pbs&geo=US"
"federal trade commission","1 mil+","14 de agosto de 2026 a las 9:40:00 UTC-3","14 de agosto de 2026 a las 12:20:00 UTC-3","federal trade commission","./explore?q=federal%20trade%20commission&geo=US"
"dohnte meyers","1 mil+","13 de agosto de 2026 a las 22:50:00 UTC-3","14 de agosto de 2026 a las 11:20:00 UTC-3","dohnte meyers","./explore?q=dohnte%20meyers&geo=US"
"new jersey","1 mil+","14 de agosto de 2026 a las 7:20:00 UTC-3","14 de agosto de 2026 a las 9:50:00 UTC-3","new jersey","./explore?q=new%20jersey&geo=US"
"antigua gfc - marathón","1 mil+","14 de agosto de 2026 a las 6:10:00 UTC-3","14 de agosto de 2026 a las 9:40:00 UTC-3","antigua gfc - marathón","./explore?q=antigua%20gfc%20-%20marath%C3%B3n&geo=US"
"ohio haitian tps ankle monitors","1 mil+","13 de agosto de 2026 a las 21:10:00 UTC-3","14 de agosto de 2026 a las 9:20:00 UTC-3","ohio haitian tps ankle monitors","./explore?q=ohio%20haitian%20tps%20ankle%20monitors&geo=US"
"eagles schedule 2026","1 mil+","14 de agosto de 2026 a las 20:30:00 UTC-3","14 de agosto de 2026 a las 21:20:00 UTC-3","eagles schedule 2026","./explore?q=eagles%20schedule%202026&geo=US"
"ocean","1 mil+","14 de agosto de 2026 a las 0:20:00 UTC-3","14 de agosto de 2026 a las 4:10:00 UTC-3","ocean,photographer","./explore?q=ocean&geo=US"
"st. louis cardinals","1 mil+","14 de agosto de 2026 a las 17:50:00 UTC-3","14 de agosto de 2026 a las 18:30:00 UTC-3","st. louis cardinals,stl cardinals,cubs vs cardinals prediction","./explore?q=st.%20louis%20cardinals&geo=US"
"voting","1 mil+","13 de agosto de 2026 a las 21:40:00 UTC-3","14 de agosto de 2026 a las 3:00:00 UTC-3","voting","./explore?q=voting&geo=US"
"israel","1 mil+","14 de agosto de 2026 a las 7:50:00 UTC-3","14 de agosto de 2026 a las 10:30:00 UTC-3","israel,qusra settler home siege","./explore?q=israel&geo=US"
"darrell hines","1 mil+","14 de agosto de 2026 a las 0:00:00 UTC-3","14 de agosto de 2026 a las 8:50:00 UTC-3","darrell hines","./explore?q=darrell%20hines&geo=US"
"ashton jeanty","1 mil+","13 de agosto de 2026 a las 21:40:00 UTC-3","14 de agosto de 2026 a las 0:30:00 UTC-3","ashton jeanty","./explore?q=ashton%20jeanty&geo=US"
"mike tyson","1 mil+","14 de agosto de 2026 a las 0:20:00 UTC-3","14 de agosto de 2026 a las 3:50:00 UTC-3","mike tyson","./explore?q=mike%20tyson&geo=US"
"nipsey hussle","1 mil+","14 de agosto de 2026 a las 1:40:00 UTC-3","14 de agosto de 2026 a las 10:00:00 UTC-3","nipsey hussle","./explore?q=nipsey%20hussle&geo=US"
"drake maye","1 mil+","13 de agosto de 2026 a las 6:20:00 UTC-3","13 de agosto de 2026 a las 22:00:00 UTC-3","drake maye","./explore?q=drake%20maye&geo=US"
"sincere mccormick","1 mil+","13 de agosto de 2026 a las 23:20:00 UTC-3","14 de agosto de 2026 a las 2:00:00 UTC-3","sincere mccormick","./explore?q=sincere%20mccormick&geo=US"
"malik benson","1 mil+","13 de agosto de 2026 a las 22:10:00 UTC-3","14 de agosto de 2026 a las 0:30:00 UTC-3","malik benson","./explore?q=malik%20benson&geo=US"
"former sec coach kermit davis","1 mil+","13 de agosto de 2026 a las 19:00:00 UTC-3","14 de agosto de 2026 a las 10:40:00 UTC-3","former sec coach kermit davis,kermit davis","./explore?q=former%20sec%20coach%20kermit%20davis&geo=US"
"is big brother on tonight","1 mil+","13 de agosto de 2026 a las 20:50:00 UTC-3","14 de agosto de 2026 a las 1:00:00 UTC-3","is big brother on tonight","./explore?q=is%20big%20brother%20on%20tonight&geo=US"
"christian yelich","1 mil+","14 de agosto de 2026 a las 0:00:00 UTC-3","14 de agosto de 2026 a las 2:40:00 UTC-3","christian yelich","./explore?q=christian%20yelich&geo=US"
"doc","1 mil+","14 de agosto de 2026 a las 11:10:00 UTC-3","14 de agosto de 2026 a las 13:40:00 UTC-3","doc","./explore?q=doc&geo=US"
"fall brown footwear trend","1 mil+","13 de agosto de 2026 a las 7:00:00 UTC-3","13 de agosto de 2026 a las 12:00:00 UTC-3","fall brown footwear trend","./explore?q=fall%20brown%20footwear%20trend&geo=US"
"shane drohan","1 mil+","13 de agosto de 2026 a las 23:30:00 UTC-3","14 de agosto de 2026 a las 1:30:00 UTC-3","shane drohan","./explore?q=shane%20drohan&geo=US"
"flood warning","1 mil+","13 de agosto de 2026 a las 6:30:00 UTC-3","13 de agosto de 2026 a las 9:30:00 UTC-3","flood warning","./explore?q=flood%20warning&geo=US"
"louisiana lottery","1 mil+","13 de agosto de 2026 a las 6:30:00 UTC-3","13 de agosto de 2026 a las 11:20:00 UTC-3","louisiana lottery","./explore?q=louisiana%20lottery&geo=US"
"lan larison","1 mil+","13 de agosto de 2026 a las 21:30:00 UTC-3","14 de agosto de 2026 a las 0:30:00 UTC-3","lan larison","./explore?q=lan%20larison&geo=US"
"taj bradley","1 mil+","13 de agosto de 2026 a las 20:30:00 UTC-3","13 de agosto de 2026 a las 22:50:00 UTC-3","taj bradley","./explore?q=taj%20bradley&geo=US"
"beis","1 mil+","14 de agosto de 2026 a las 0:30:00 UTC-3","14 de agosto de 2026 a las 9:20:00 UTC-3","beis,stake","./explore?q=beis&geo=US"
"rumble","1 mil+","13 de agosto de 2026 a las 22:00:00 UTC-3","14 de agosto de 2026 a las 14:20:00 UTC-3","rumble","./explore?q=rumble&geo=US"
"nurse","1 mil+","13 de agosto de 2026 a las 22:00:00 UTC-3","14 de agosto de 2026 a las 1:30:00 UTC-3","nurse","./explore?q=nurse&geo=US"
"marshals season 2 casting changes","1 mil+","13 de agosto de 2026 a las 14:20:00 UTC-3","13 de agosto de 2026 a las 18:10:00 UTC-3","marshals season 2 casting changes","./explore?q=marshals%20season%202%20casting%20changes&geo=US"
"airplane","1 mil+","13 de agosto de 2026 a las 19:30:00 UTC-3","13 de agosto de 2026 a las 21:30:00 UTC-3","airplane","./explore?q=airplane&geo=US"
"packers depth chart","1 mil+","13 de agosto de 2026 a las 19:50:00 UTC-3","13 de agosto de 2026 a las 22:00:00 UTC-3","packers depth chart","./explore?q=packers%20depth%20chart&geo=US"
"roman wilson","1 mil+","13 de agosto de 2026 a las 20:30:00 UTC-3","13 de agosto de 2026 a las 23:30:00 UTC-3","roman wilson","./explore?q=roman%20wilson&geo=US"
"taylor townsend","1 mil+","13 de agosto de 2026 a las 12:30:00 UTC-3","13 de agosto de 2026 a las 15:10:00 UTC-3","taylor townsend,daria kasatkina","./explore?q=taylor%20townsend&geo=US"
"flu shots","1 mil+","13 de agosto de 2026 a las 23:30:00 UTC-3","14 de agosto de 2026 a las 0:40:00 UTC-3","flu shots,fda mrna flu vaccine","./explore?q=flu%20shots&geo=US"
"dexter lawrence","1 mil+","13 de agosto de 2026 a las 20:40:00 UTC-3","13 de agosto de 2026 a las 23:10:00 UTC-3","dexter lawrence","./explore?q=dexter%20lawrence&geo=US"
"byron buxton","1 mil+","13 de agosto de 2026 a las 20:30:00 UTC-3","13 de agosto de 2026 a las 23:20:00 UTC-3","byron buxton","./explore?q=byron%20buxton&geo=US"
"doodle","1 mil+","13 de agosto de 2026 a las 13:00:00 UTC-3","13 de agosto de 2026 a las 16:30:00 UTC-3","doodle","./explore?q=doodle&geo=US"
"defund the police","1 mil+","13 de agosto de 2026 a las 11:50:00 UTC-3","13 de agosto de 2026 a las 18:00:00 UTC-3","defund the police,what is woke 1","./explore?q=defund%20the%20police&geo=US"
"cc sabathia","1 mil+","13 de agosto de 2026 a las 20:30:00 UTC-3","13 de agosto de 2026 a las 23:00:00 UTC-3","cc sabathia","./explore?q=cc%20sabathia&geo=US"
"popeyes texas customer lawsuit","1 mil+","13 de agosto de 2026 a las 7:10:00 UTC-3","13 de agosto de 2026 a las 12:10:00 UTC-3","popeyes texas customer lawsuit","./explore?q=popeyes%20texas%20customer%20lawsuit&geo=US"
"chargers schedule","1 mil+","13 de agosto de 2026 a las 21:10:00 UTC-3","14 de agosto de 2026 a las 0:50:00 UTC-3","chargers schedule","./explore?q=chargers%20schedule&geo=US"
"the governors waltz lyrics","1 mil+","14 de agosto de 2026 a las 1:10:00 UTC-3","14 de agosto de 2026 a las 3:00:00 UTC-3","the governors waltz lyrics,paul mescal","./explore?q=the%20governors%20waltz%20lyrics&geo=US"
"immunizations","1 mil+","13 de agosto de 2026 a las 23:30:00 UTC-3","14 de agosto de 2026 a las 0:40:00 UTC-3","immunizations","./explore?q=immunizations&geo=US"
"hugh laurie","1 mil+","13 de agosto de 2026 a las 9:30:00 UTC-3","13 de agosto de 2026 a las 13:00:00 UTC-3","hugh laurie","./explore?q=hugh%20laurie&geo=US"
"riley nowakowski","1 mil+","13 de agosto de 2026 a las 23:00:00 UTC-3","14 de agosto de 2026 a las 0:20:00 UTC-3","riley nowakowski","./explore?q=riley%20nowakowski&geo=US"
"jd","1 mil+","13 de agosto de 2026 a las 11:00:00 UTC-3","13 de agosto de 2026 a las 15:50:00 UTC-3","jd","./explore?q=jd&geo=US"
"abc","1 mil+","13 de agosto de 2026 a las 20:20:00 UTC-3","13 de agosto de 2026 a las 22:10:00 UTC-3","abc","./explore?q=abc&geo=US"
"raiders depth chart","1 mil+","13 de agosto de 2026 a las 21:20:00 UTC-3","13 de agosto de 2026 a las 23:30:00 UTC-3","raiders depth chart","./explore?q=raiders%20depth%20chart&geo=US"
"carter hart","1 mil+","12 de agosto de 2026 a las 20:00:00 UTC-3","13 de agosto de 2026 a las 14:10:00 UTC-3","carter hart,carter hart hockey canada","./explore?q=carter%20hart&geo=US"
"warriors news","1 mil+","13 de agosto de 2026 a las 20:10:00 UTC-3","13 de agosto de 2026 a las 22:00:00 UTC-3","warriors news","./explore?q=warriors%20news&geo=US"
"sal stewart","1 mil+","13 de agosto de 2026 a las 16:10:00 UTC-3","13 de agosto de 2026 a las 18:00:00 UTC-3","sal stewart,davis martin","./explore?q=sal%20stewart&geo=US"
"jack draper","1 mil+","13 de agosto de 2026 a las 12:40:00 UTC-3","13 de agosto de 2026 a las 15:30:00 UTC-3","jack draper,martin landaluce","./explore?q=jack%20draper&geo=US"
"jack endries","1 mil+","13 de agosto de 2026 a las 21:00:00 UTC-3","13 de agosto de 2026 a las 22:20:00 UTC-3","jack endries","./explore?q=jack%20endries&geo=US"
"luke keaschall","1 mil+","13 de agosto de 2026 a las 21:20:00 UTC-3","13 de agosto de 2026 a las 23:00:00 UTC-3","luke keaschall","./explore?q=luke%20keaschall&geo=US"
"mac jones","1 mil+","13 de agosto de 2026 a las 22:50:00 UTC-3","14 de agosto de 2026 a las 0:40:00 UTC-3","mac jones","./explore?q=mac%20jones&geo=US"
"asante samuel jr","1 mil+","13 de agosto de 2026 a las 20:10:00 UTC-3","13 de agosto de 2026 a las 21:30:00 UTC-3","asante samuel jr,asante samuel","./explore?q=asante%20samuel%20jr&geo=US"
"adam scott","1 mil+","14 de agosto de 2026 a las 0:50:00 UTC-3","14 de agosto de 2026 a las 2:10:00 UTC-3","adam scott","./explore?q=adam%20scott&geo=US"
"kiki iriafen","1 mil+","14 de agosto de 2026 a las 0:20:00 UTC-3","14 de agosto de 2026 a las 1:40:00 UTC-3","kiki iriafen,sonia citron","./explore?q=kiki%20iriafen&geo=US"
"marshawn lloyd","1 mil+","13 de agosto de 2026 a las 20:10:00 UTC-3","13 de agosto de 2026 a las 21:40:00 UTC-3","marshawn lloyd","./explore?q=marshawn%20lloyd&geo=US"
"will poulter","1 mil+","13 de agosto de 2026 a las 10:30:00 UTC-3","13 de agosto de 2026 a las 12:40:00 UTC-3","will poulter,noah centineo","./explore?q=will%20poulter&geo=US"
"high school football","1 mil+","12 de agosto de 2026 a las 6:00:00 UTC-3","12 de agosto de 2026 a las 11:00:00 UTC-3","high school football","./explore?q=high%20school%20football&geo=US"
"strait of hormuz energy strategy","1 mil+","12 de agosto de 2026 a las 6:10:00 UTC-3","12 de agosto de 2026 a las 11:00:00 UTC-3","strait of hormuz energy strategy","./explore?q=strait%20of%20hormuz%20energy%20strategy&geo=US"
"fish products","1 mil+","12 de agosto de 2026 a las 17:30:00 UTC-3","13 de agosto de 2026 a las 9:40:00 UTC-3","fish products","./explore?q=fish%20products&geo=US"
"us military reaper drone losses","1 mil+","13 de agosto de 2026 a las 16:30:00 UTC-3","13 de agosto de 2026 a las 18:30:00 UTC-3","us military reaper drone losses","./explore?q=us%20military%20reaper%20drone%20losses&geo=US"
"doritos f1 head2head flavors","1 mil+","12 de agosto de 2026 a las 0:30:00 UTC-3","12 de agosto de 2026 a las 9:50:00 UTC-3","doritos f1 head2head flavors","./explore?q=doritos%20f1%20head2head%20flavors&geo=US"
"vikings","1 mil+","13 de agosto de 2026 a las 22:40:00 UTC-3","14 de agosto de 2026 a las 0:00:00 UTC-3","vikings","./explore?q=vikings&geo=US"
"botafogo","1 mil+","13 de agosto de 2026 a las 23:10:00 UTC-3","14 de agosto de 2026 a las 0:40:00 UTC-3","botafogo","./explore?q=botafogo&geo=US"
"fox sports","1 mil+","13 de agosto de 2026 a las 20:10:00 UTC-3","13 de agosto de 2026 a las 21:40:00 UTC-3","fox sports","./explore?q=fox%20sports&geo=US"
"call of duty: black ops 7","1 mil+","13 de agosto de 2026 a las 15:20:00 UTC-3","13 de agosto de 2026 a las 17:40:00 UTC-3","call of duty: black ops 7","./explore?q=call%20of%20duty%3A%20black%20ops%207&geo=US"
"omny","1 mil+","13 de agosto de 2026 a las 7:40:00 UTC-3","13 de agosto de 2026 a las 19:40:00 UTC-3","omny","./explore?q=omny&geo=US"
"josh jacobs","1 mil+","13 de agosto de 2026 a las 20:10:00 UTC-3","13 de agosto de 2026 a las 21:30:00 UTC-3","josh jacobs","./explore?q=josh%20jacobs&geo=US"
"chris brown","1 mil+","13 de agosto de 2026 a las 4:40:00 UTC-3","13 de agosto de 2026 a las 9:00:00 UTC-3","chris brown","./explore?q=chris%20brown&geo=US"
"brad fiorenza keanu soto the challenge","1 mil+","13 de agosto de 2026 a las 18:40:00 UTC-3","13 de agosto de 2026 a las 20:40:00 UTC-3","brad fiorenza keanu soto the challenge","./explore?q=brad%20fiorenza%20keanu%20soto%20the%20challenge&geo=US"
"ford $25,000 crossover suv","1 mil+","12 de agosto de 2026 a las 18:20:00 UTC-3","12 de agosto de 2026 a las 21:10:00 UTC-3","ford $25,000 crossover suv","./explore?q=ford%20%2425%2C000%20crossover%20suv&geo=US"
"michelle randolph","1 mil+","11 de agosto de 2026 a las 3:20:00 UTC-3","11 de agosto de 2026 a las 10:50:00 UTC-3","michelle randolph","./explore?q=michelle%20randolph&geo=US"
"49ers depth chart","1 mil+","13 de agosto de 2026 a las 23:10:00 UTC-3","14 de agosto de 2026 a las 0:30:00 UTC-3","49ers depth chart,titans depth chart","./explore?q=49ers%20depth%20chart&geo=US"
"ksl","1 mil+","13 de agosto de 2026 a las 21:20:00 UTC-3","13 de agosto de 2026 a las 22:40:00 UTC-3","ksl","./explore?q=ksl&geo=US"
"storm summer skin marvel rivals","1 mil+","13 de agosto de 2026 a las 18:10:00 UTC-3","13 de agosto de 2026 a las 19:40:00 UTC-3","storm summer skin marvel rivals","./explore?q=storm%20summer%20skin%20marvel%20rivals&geo=US"
"patrick taylor jr.","1 mil+","13 de agosto de 2026 a las 22:50:00 UTC-3","14 de agosto de 2026 a las 0:10:00 UTC-3","patrick taylor jr.","./explore?q=patrick%20taylor%20jr.&geo=US"
"metformin transforms your gut into a sugar sink","1 mil+","13 de agosto de 2026 a las 17:40:00 UTC-3","13 de agosto de 2026 a las 19:00:00 UTC-3","metformin transforms your gut into a sugar sink","./explore?q=metformin%20transforms%20your%20gut%20into%20a%20sugar%20sink&geo=US"
"bragantino x atlético-mg","1 mil+","12 de agosto de 2026 a las 18:40:00 UTC-3","12 de agosto de 2026 a las 21:30:00 UTC-3","bragantino x atlético-mg","./explore?q=bragantino%20x%20atl%C3%A9tico-mg&geo=US"
"maurice benard","1 mil+","12 de agosto de 2026 a las 18:40:00 UTC-3","12 de agosto de 2026 a las 20:40:00 UTC-3","maurice benard","./explore?q=maurice%20benard&geo=US"
"volleyball","1 mil+","12 de agosto de 2026 a las 13:20:00 UTC-3","12 de agosto de 2026 a las 16:10:00 UTC-3","volleyball","./explore?q=volleyball&geo=US"
"sc lottery","1 mil+","13 de agosto de 2026 a las 6:30:00 UTC-3","13 de agosto de 2026 a las 15:30:00 UTC-3","sc lottery,pick 3","./explore?q=sc%20lottery&geo=US"
"colorado lottery","1 mil+","13 de agosto de 2026 a las 8:50:00 UTC-3","13 de agosto de 2026 a las 11:20:00 UTC-3","colorado lottery,powerball double play","./explore?q=colorado%20lottery&geo=US"
"palmeiras","1 mil+","12 de agosto de 2026 a las 19:50:00 UTC-3","12 de agosto de 2026 a las 22:00:00 UTC-3","palmeiras","./explore?q=palmeiras&geo=US"
"rob sand","1 mil+","13 de agosto de 2026 a las 11:40:00 UTC-3","13 de agosto de 2026 a las 13:00:00 UTC-3","rob sand","./explore?q=rob%20sand&geo=US"
"jennifer jaspers flight denial","1 mil+","12 de agosto de 2026 a las 16:30:00 UTC-3","12 de agosto de 2026 a las 19:20:00 UTC-3","jennifer jaspers flight denial","./explore?q=jennifer%20jaspers%20flight%20denial&geo=US"
"elandon roberts","1 mil+","12 de agosto de 2026 a las 21:50:00 UTC-3","12 de agosto de 2026 a las 23:40:00 UTC-3","elandon roberts","./explore?q=elandon%20roberts&geo=US"
"matt barnes mlb retirement","1 mil+","11 de agosto de 2026 a las 6:40:00 UTC-3","11 de agosto de 2026 a las 12:00:00 UTC-3","matt barnes mlb retirement","./explore?q=matt%20barnes%20mlb%20retirement&geo=US"
"prue leith","1 mil+","12 de agosto de 2026 a las 22:10:00 UTC-3","13 de agosto de 2026 a las 0:40:00 UTC-3","prue leith","./explore?q=prue%20leith&geo=US"
"mars","1 mil+","13 de agosto de 2026 a las 1:00:00 UTC-3","13 de agosto de 2026 a las 3:30:00 UTC-3","mars","./explore?q=mars&geo=US"
"lakers schedule","1 mil+","13 de agosto de 2026 a las 16:30:00 UTC-3","13 de agosto de 2026 a las 17:50:00 UTC-3","lakers schedule,warriors schedule","./explore?q=lakers%20schedule&geo=US"
"pizza","1 mil+","13 de agosto de 2026 a las 3:00:00 UTC-3","13 de agosto de 2026 a las 4:10:00 UTC-3","pizza","./explore?q=pizza&geo=US"
"vasco vs olimpia","1 mil+","13 de agosto de 2026 a las 18:40:00 UTC-3","13 de agosto de 2026 a las 20:00:00 UTC-3","vasco vs olimpia","./explore?q=vasco%20vs%20olimpia&geo=US"
"sarah langs","1 mil+","12 de agosto de 2026 a las 21:40:00 UTC-3","12 de agosto de 2026 a las 22:50:00 UTC-3","sarah langs","./explore?q=sarah%20langs&geo=US"
"big brother tonight","1 mil+","13 de agosto de 2026 a las 21:00:00 UTC-3","13 de agosto de 2026 a las 22:00:00 UTC-3","big brother tonight,lyric medeiros big brother","./explore?q=big%20brother%20tonight&geo=US"
"emeka egbuka","1 mil+","12 de agosto de 2026 a las 13:00:00 UTC-3","12 de agosto de 2026 a las 17:10:00 UTC-3","emeka egbuka","./explore?q=emeka%20egbuka&geo=US"
"george lombard jr.","1 mil+","12 de agosto de 2026 a las 23:10:00 UTC-3","13 de agosto de 2026 a las 0:20:00 UTC-3","george lombard jr.","./explore?q=george%20lombard%20jr.&geo=US"
"kobe bryant","1 mil+","13 de agosto de 2026 a las 16:20:00 UTC-3","13 de agosto de 2026 a las 21:00:00 UTC-3","kobe bryant","./explore?q=kobe%20bryant&geo=US"
"american airlines executive changes","1 mil+","12 de agosto de 2026 a las 11:50:00 UTC-3","12 de agosto de 2026 a las 15:20:00 UTC-3","american airlines executive changes","./explore?q=american%20airlines%20executive%20changes&geo=US"
"cohr stock","1 mil+","12 de agosto de 2026 a las 17:10:00 UTC-3","12 de agosto de 2026 a las 18:50:00 UTC-3","cohr stock","./explore?q=cohr%20stock&geo=US"
"ennis rakestraw","1 mil+","13 de agosto de 2026 a las 21:10:00 UTC-3","13 de agosto de 2026 a las 22:40:00 UTC-3","ennis rakestraw","./explore?q=ennis%20rakestraw&geo=US"
"north korea","1 mil+","12 de agosto de 2026 a las 1:00:00 UTC-3","12 de agosto de 2026 a las 10:10:00 UTC-3","north korea","./explore?q=north%20korea&geo=US"
"austin riley","1 mil+","12 de agosto de 2026 a las 22:10:00 UTC-3","12 de agosto de 2026 a las 23:50:00 UTC-3","austin riley","./explore?q=austin%20riley&geo=US"
"katie phang","1 mil+","13 de agosto de 2026 a las 20:30:00 UTC-3","13 de agosto de 2026 a las 21:30:00 UTC-3","katie phang,epstein files","./explore?q=katie%20phang&geo=US"
"paris-sg – aston villa","1 mil+","12 de agosto de 2026 a las 15:50:00 UTC-3","12 de agosto de 2026 a las 18:20:00 UTC-3","paris-sg – aston villa","./explore?q=paris-sg%20%E2%80%93%20aston%20villa&geo=US"
"rebecca cooke","1 mil+","11 de agosto de 2026 a las 23:40:00 UTC-3","12 de agosto de 2026 a las 2:10:00 UTC-3","rebecca cooke","./explore?q=rebecca%20cooke&geo=US"
"josh allen","1 mil+","11 de agosto de 2026 a las 7:00:00 UTC-3","11 de agosto de 2026 a las 10:20:00 UTC-3","josh allen","./explore?q=josh%20allen&geo=US"
"cox","1 mil+","13 de agosto de 2026 a las 1:30:00 UTC-3","13 de agosto de 2026 a las 5:10:00 UTC-3","cox","./explore?q=cox&geo=US"
"servicio de ciudadanía e inmigración de los estados unidos","1 mil+","12 de agosto de 2026 a las 7:10:00 UTC-3","12 de agosto de 2026 a las 9:20:00 UTC-3","servicio de ciudadanía e inmigración de los estados unidos","./explore?q=servicio%20de%20ciudadan%C3%ADa%20e%20inmigraci%C3%B3n%20de%20los%20estados%20unidos&geo=US"
"olivia burgess","1 mil+","12 de agosto de 2026 a las 7:30:00 UTC-3","12 de agosto de 2026 a las 11:10:00 UTC-3","olivia burgess","./explore?q=olivia%20burgess&geo=US"
"jazz chisholm jr.","1 mil+","12 de agosto de 2026 a las 18:10:00 UTC-3","12 de agosto de 2026 a las 20:00:00 UTC-3","jazz chisholm jr.","./explore?q=jazz%20chisholm%20jr.&geo=US"
"tormenta","1 mil+","12 de agosto de 2026 a las 13:50:00 UTC-3","12 de agosto de 2026 a las 15:00:00 UTC-3","tormenta","./explore?q=tormenta&geo=US"
"ukraine news","1 mil+","12 de agosto de 2026 a las 14:40:00 UTC-3","12 de agosto de 2026 a las 16:30:00 UTC-3","ukraine news","./explore?q=ukraine%20news&geo=US"
"superbad","1 mil+","12 de agosto de 2026 a las 22:20:00 UTC-3","13 de agosto de 2026 a las 0:10:00 UTC-3","superbad","./explore?q=superbad&geo=US"
"valencia c. f. - teruel","1 mil+","12 de agosto de 2026 a las 13:00:00 UTC-3","12 de agosto de 2026 a las 15:00:00 UTC-3","valencia c. f. - teruel","./explore?q=valencia%20c.%20f.%20-%20teruel&geo=US"
"shannon elizabeth","1 mil+","10 de agosto de 2026 a las 6:40:00 UTC-3","10 de agosto de 2026 a las 14:00:00 UTC-3","shannon elizabeth","./explore?q=shannon%20elizabeth&geo=US"
"ct lottery","1 mil+","11 de agosto de 2026 a las 6:50:00 UTC-3","11 de agosto de 2026 a las 10:10:00 UTC-3","ct lottery","./explore?q=ct%20lottery&geo=US"
"alex cooper","1 mil+","12 de agosto de 2026 a las 8:40:00 UTC-3","12 de agosto de 2026 a las 10:30:00 UTC-3","alex cooper","./explore?q=alex%20cooper&geo=US"
"champions league","1 mil+","12 de agosto de 2026 a las 16:30:00 UTC-3","12 de agosto de 2026 a las 18:30:00 UTC-3","champions league","./explore?q=champions%20league&geo=US"
"x men 97","1 mil+","12 de agosto de 2026 a las 6:20:00 UTC-3","13 de agosto de 2026 a las 6:30:00 UTC-3","x men 97","./explore?q=x%20men%2097&geo=US"
"deportation","1 mil+","12 de agosto de 2026 a las 14:00:00 UTC-3","12 de agosto de 2026 a las 15:20:00 UTC-3","deportation","./explore?q=deportation&geo=US"
"astros - giants","1 mil+","10 de agosto de 2026 a las 22:20:00 UTC-3","11 de agosto de 2026 a las 2:30:00 UTC-3","astros - giants","./explore?q=astros%20-%20giants&geo=US"
"lucasfilm","1 mil+","12 de agosto de 2026 a las 11:10:00 UTC-3","12 de agosto de 2026 a las 13:10:00 UTC-3","lucasfilm","./explore?q=lucasfilm&geo=US"
"nigeria","1 mil+","12 de agosto de 2026 a las 8:40:00 UTC-3","12 de agosto de 2026 a las 11:40:00 UTC-3","nigeria","./explore?q=nigeria&geo=US"
"science","1 mil+","9 de agosto de 2026 a las 3:00:00 UTC-3","9 de agosto de 2026 a las 9:50:00 UTC-3","science","./explore?q=science&geo=US"
"nancy pelosi","1 mil+","11 de agosto de 2026 a las 19:20:00 UTC-3","11 de agosto de 2026 a las 22:00:00 UTC-3","nancy pelosi","./explore?q=nancy%20pelosi&geo=US"
"bryce harper","1 mil+","13 de agosto de 2026 a las 21:00:00 UTC-3","13 de agosto de 2026 a las 21:30:00 UTC-3","bryce harper","./explore?q=bryce%20harper&geo=US"
"peace","1 mil+","9 de agosto de 2026 a las 2:40:00 UTC-3","9 de agosto de 2026 a las 9:50:00 UTC-3","peace","./explore?q=peace&geo=US"
"chivas game","1 mil+","13 de agosto de 2026 a las 1:20:00 UTC-3","13 de agosto de 2026 a las 2:30:00 UTC-3","chivas game","./explore?q=chivas%20game&geo=US"
"polymarket","1 mil+","11 de agosto de 2026 a las 23:00:00 UTC-3","12 de agosto de 2026 a las 2:30:00 UTC-3","polymarket","./explore?q=polymarket&geo=US"
"reece weaver broadway chicago","1 mil+","11 de agosto de 2026 a las 18:00:00 UTC-3","11 de agosto de 2026 a las 21:10:00 UTC-3","reece weaver broadway chicago,reece weaver","./explore?q=reece%20weaver%20broadway%20chicago&geo=US"
"mike mccoy golf","1 mil+","11 de agosto de 2026 a las 10:10:00 UTC-3","11 de agosto de 2026 a las 13:50:00 UTC-3","mike mccoy golf","./explore?q=mike%20mccoy%20golf&geo=US"
"clothing","1 mil+","11 de agosto de 2026 a las 18:50:00 UTC-3","11 de agosto de 2026 a las 20:50:00 UTC-3","clothing","./explore?q=clothing&geo=US"
"cartoon network","1 mil+","10 de agosto de 2026 a las 9:00:00 UTC-3","10 de agosto de 2026 a las 14:20:00 UTC-3","cartoon network","./explore?q=cartoon%20network&geo=US"
"ubs arena","1 mil+","10 de agosto de 2026 a las 11:10:00 UTC-3","10 de agosto de 2026 a las 15:40:00 UTC-3","ubs arena","./explore?q=ubs%20arena&geo=US"
"jamarion sharp","1 mil+","10 de agosto de 2026 a las 12:00:00 UTC-3","10 de agosto de 2026 a las 16:10:00 UTC-3","jamarion sharp","./explore?q=jamarion%20sharp&geo=US"
"pixel watch 5","1 mil+","12 de agosto de 2026 a las 15:50:00 UTC-3","12 de agosto de 2026 a las 21:50:00 UTC-3","pixel watch 5","./explore?q=pixel%20watch%205&geo=US"
"suspect","1 mil+","11 de agosto de 2026 a las 5:00:00 UTC-3","11 de agosto de 2026 a las 9:20:00 UTC-3","suspect,kansas shooting","./explore?q=suspect&geo=US"
"science weather","1 mil+","9 de agosto de 2026 a las 3:20:00 UTC-3","9 de agosto de 2026 a las 9:50:00 UTC-3","science weather","./explore?q=science%20weather&geo=US"
"cake","1 mil+","9 de agosto de 2026 a las 3:40:00 UTC-3","9 de agosto de 2026 a las 9:50:00 UTC-3","cake","./explore?q=cake&geo=US"
"gears of war: e-day","1 mil+","12 de agosto de 2026 a las 12:30:00 UTC-3","12 de agosto de 2026 a las 14:00:00 UTC-3","gears of war: e-day,xbox controller gears","./explore?q=gears%20of%20war%3A%20e-day&geo=US"
"sports calendar","1 mil+","9 de agosto de 2026 a las 3:40:00 UTC-3","9 de agosto de 2026 a las 9:50:00 UTC-3","sports calendar","./explore?q=sports%20calendar&geo=US"
"extreme heat warning","1 mil+","13 de agosto de 2026 a las 8:20:00 UTC-3","13 de agosto de 2026 a las 9:10:00 UTC-3","extreme heat warning","./explore?q=extreme%20heat%20warning&geo=US"
"train news","1 mil+","9 de agosto de 2026 a las 3:50:00 UTC-3","9 de agosto de 2026 a las 9:50:00 UTC-3","train news","./explore?q=train%20news&geo=US"
"savings","1 mil+","9 de agosto de 2026 a las 3:40:00 UTC-3","9 de agosto de 2026 a las 9:40:00 UTC-3","savings","./explore?q=savings&geo=US"
"bodo glimt","1 mil+","11 de agosto de 2026 a las 13:30:00 UTC-3","11 de agosto de 2026 a las 16:00:00 UTC-3","bodo glimt","./explore?q=bodo%20glimt&geo=US"
"jalen brunson","1 mil+","11 de agosto de 2026 a las 10:20:00 UTC-3","11 de agosto de 2026 a las 12:30:00 UTC-3","jalen brunson","./explore?q=jalen%20brunson&geo=US"
"goal","1 mil+","9 de agosto de 2026 a las 3:40:00 UTC-3","9 de agosto de 2026 a las 9:50:00 UTC-3","goal","./explore?q=goal&geo=US"
"las vegas weather","1 mil+","13 de agosto de 2026 a las 2:30:00 UTC-3","13 de agosto de 2026 a las 4:00:00 UTC-3","las vegas weather,us extreme heat forecast","./explore?q=las%20vegas%20weather&geo=US"
"ina steiner","1 mil+","11 de agosto de 2026 a las 15:00:00 UTC-3","11 de agosto de 2026 a las 17:00:00 UTC-3","ina steiner","./explore?q=ina%20steiner&geo=US"
"health","1 mil+","9 de agosto de 2026 a las 4:20:00 UTC-3","9 de agosto de 2026 a las 10:00:00 UTC-3","health","./explore?q=health&geo=US"
"government debt","1 mil+","11 de agosto de 2026 a las 11:50:00 UTC-3","11 de agosto de 2026 a las 14:00:00 UTC-3","government debt","./explore?q=government%20debt&geo=US"
"will warren","1 mil+","12 de agosto de 2026 a las 20:40:00 UTC-3","12 de agosto de 2026 a las 21:50:00 UTC-3","will warren","./explore?q=will%20warren&geo=US"
"hugo camberos","1 mil+","13 de agosto de 2026 a las 0:30:00 UTC-3","13 de agosto de 2026 a las 2:20:00 UTC-3","hugo camberos","./explore?q=hugo%20camberos&geo=US"
"forex factory","1 mil+","12 de agosto de 2026 a las 9:20:00 UTC-3","12 de agosto de 2026 a las 10:50:00 UTC-3","forex factory","./explore?q=forex%20factory&geo=US"
"wgn","1 mil+","11 de agosto de 2026 a las 12:30:00 UTC-3","11 de agosto de 2026 a las 14:10:00 UTC-3","wgn","./explore?q=wgn&geo=US"
"ilhan omar","1 mil+","12 de agosto de 2026 a las 1:00:00 UTC-3","12 de agosto de 2026 a las 3:40:00 UTC-3","ilhan omar,ilhan omar minnesota primary","./explore?q=ilhan%20omar&geo=US"
"mark ballas","1 mil+","12 de agosto de 2026 a las 9:40:00 UTC-3","12 de agosto de 2026 a las 15:30:00 UTC-3","mark ballas,shirley ballas","./explore?q=mark%20ballas&geo=US"
"abc7chicago","1 mil+","11 de agosto de 2026 a las 12:30:00 UTC-3","11 de agosto de 2026 a las 14:10:00 UTC-3","abc7chicago","./explore?q=abc7chicago&geo=US"
"kyle harrison","1 mil+","12 de agosto de 2026 a las 0:00:00 UTC-3","12 de agosto de 2026 a las 1:30:00 UTC-3","kyle harrison","./explore?q=kyle%20harrison&geo=US"
"lottery numbers","1 mil+","9 de agosto de 2026 a las 0:30:00 UTC-3","9 de agosto de 2026 a las 12:30:00 UTC-3","lottery numbers","./explore?q=lottery%20numbers&geo=US"
"startup news","1 mil+","9 de agosto de 2026 a las 3:50:00 UTC-3","9 de agosto de 2026 a las 9:50:00 UTC-3","startup news","./explore?q=startup%20news&geo=US"
"byron center bible church","1 mil+","10 de agosto de 2026 a las 7:20:00 UTC-3","10 de agosto de 2026 a las 11:40:00 UTC-3","byron center bible church","./explore?q=byron%20center%20bible%20church&geo=US"
"2026 us open sabalenka dress","1 mil+","10 de agosto de 2026 a las 9:20:00 UTC-3","10 de agosto de 2026 a las 14:00:00 UTC-3","2026 us open sabalenka dress","./explore?q=2026%20us%20open%20sabalenka%20dress&geo=US"
"money news","1 mil+","9 de agosto de 2026 a las 4:00:00 UTC-3","9 de agosto de 2026 a las 9:50:00 UTC-3","money news,finance","./explore?q=money%20news&geo=US"
"shohei ohtani","1 mil+","13 de agosto de 2026 a las 2:20:00 UTC-3","13 de agosto de 2026 a las 3:00:00 UTC-3","shohei ohtani","./explore?q=shohei%20ohtani&geo=US"
"sustainability news","1 mil+","9 de agosto de 2026 a las 3:40:00 UTC-3","9 de agosto de 2026 a las 9:30:00 UTC-3","sustainability news","./explore?q=sustainability%20news&geo=US"
"weather near me","1 mil+","11 de agosto de 2026 a las 12:50:00 UTC-3","11 de agosto de 2026 a las 17:30:00 UTC-3","weather near me","./explore?q=weather%20near%20me&geo=US"
"gen z","1 mil+","12 de agosto de 2026 a las 8:40:00 UTC-3","12 de agosto de 2026 a las 11:10:00 UTC-3","gen z","./explore?q=gen%20z&geo=US"
"michael wacha","1 mil+","12 de agosto de 2026 a las 0:00:00 UTC-3","12 de agosto de 2026 a las 2:00:00 UTC-3","michael wacha","./explore?q=michael%20wacha&geo=US"
"weather game","1 mil+","9 de agosto de 2026 a las 4:10:00 UTC-3","9 de agosto de 2026 a las 9:40:00 UTC-3","weather game","./explore?q=weather%20game&geo=US"
"duck friendship helps golden retriever","1 mil+","8 de agosto de 2026 a las 7:00:00 UTC-3","8 de agosto de 2026 a las 12:50:00 UTC-3","duck friendship helps golden retriever","./explore?q=duck%20friendship%20helps%20golden%20retriever&geo=US"
"backpack","1 mil+","11 de agosto de 2026 a las 8:30:00 UTC-3","11 de agosto de 2026 a las 10:40:00 UTC-3","backpack","./explore?q=backpack&geo=US"
"news fitness","1 mil+","9 de agosto de 2026 a las 4:00:00 UTC-3","9 de agosto de 2026 a las 9:40:00 UTC-3","news fitness","./explore?q=news%20fitness&geo=US"
"minnesota united fc vs atlante f.c. standings","1 mil+","11 de agosto de 2026 a las 23:50:00 UTC-3","12 de agosto de 2026 a las 1:20:00 UTC-3","minnesota united fc vs atlante f.c. standings","./explore?q=minnesota%20united%20fc%20vs%20atlante%20f.c.%20standings&geo=US"
"craig kimbrel","1 mil+","13 de agosto de 2026 a las 1:30:00 UTC-3","13 de agosto de 2026 a las 2:40:00 UTC-3","craig kimbrel","./explore?q=craig%20kimbrel&geo=US"
"earthquake corona","1 mil+","12 de agosto de 2026 a las 3:10:00 UTC-3","12 de agosto de 2026 a las 4:30:00 UTC-3","earthquake corona,earthquakes today,earthquake now orange county","./explore?q=earthquake%20corona&geo=US"
"spcx stock price","1 mil+","12 de agosto de 2026 a las 17:20:00 UTC-3","12 de agosto de 2026 a las 18:30:00 UTC-3","spcx stock price","./explore?q=spcx%20stock%20price&geo=US"
"universal orlando resort","1 mil+","11 de agosto de 2026 a las 20:20:00 UTC-3","11 de agosto de 2026 a las 21:50:00 UTC-3","universal orlando resort","./explore?q=universal%20orlando%20resort&geo=US"
"paint news","1 mil+","9 de agosto de 2026 a las 4:20:00 UTC-3","9 de agosto de 2026 a las 9:50:00 UTC-3","paint news","./explore?q=paint%20news&geo=US"
"junior caminero","1 mil+","11 de agosto de 2026 a las 1:10:00 UTC-3","11 de agosto de 2026 a las 8:20:00 UTC-3","junior caminero,athletics","./explore?q=junior%20caminero&geo=US"
"weather study","1 mil+","9 de agosto de 2026 a las 3:50:00 UTC-3","9 de agosto de 2026 a las 9:40:00 UTC-3","weather study","./explore?q=weather%20study&geo=US"
"car weather","1 mil+","9 de agosto de 2026 a las 3:50:00 UTC-3","9 de agosto de 2026 a las 9:20:00 UTC-3","car weather","./explore?q=car%20weather&geo=US"
"bill belichick, unc football","1 mil+","10 de agosto de 2026 a las 17:40:00 UTC-3","10 de agosto de 2026 a las 20:00:00 UTC-3","bill belichick, unc football","./explore?q=bill%20belichick%2C%20unc%20football&geo=US"
"evan phillips","1 mil+","12 de agosto de 2026 a las 1:10:00 UTC-3","12 de agosto de 2026 a las 2:50:00 UTC-3","evan phillips","./explore?q=evan%20phillips&geo=US"
"dc weather","1 mil+","10 de agosto de 2026 a las 17:30:00 UTC-3","11 de agosto de 2026 a las 9:00:00 UTC-3","dc weather","./explore?q=dc%20weather&geo=US"
"accidente","1 mil+","11 de agosto de 2026 a las 23:10:00 UTC-3","12 de agosto de 2026 a las 0:50:00 UTC-3","accidente","./explore?q=accidente&geo=US"
"news science","1 mil+","9 de agosto de 2026 a las 4:20:00 UTC-3","9 de agosto de 2026 a las 9:40:00 UTC-3","news science","./explore?q=news%20science&geo=US"
"news education","1 mil+","9 de agosto de 2026 a las 4:20:00 UTC-3","9 de agosto de 2026 a las 9:40:00 UTC-3","news education,sunrise","./explore?q=news%20education&geo=US"
"playstation plus","1 mil+","10 de agosto de 2026 a las 11:50:00 UTC-3","10 de agosto de 2026 a las 14:40:00 UTC-3","playstation plus","./explore?q=playstation%20plus&geo=US"
"news internet","1 mil+","9 de agosto de 2026 a las 3:50:00 UTC-3","9 de agosto de 2026 a las 9:30:00 UTC-3","news internet","./explore?q=news%20internet&geo=US"
"weather sleep","1 mil+","9 de agosto de 2026 a las 4:20:00 UTC-3","9 de agosto de 2026 a las 9:40:00 UTC-3","weather sleep","./explore?q=weather%20sleep&geo=US"
"tatyana kim","1 mil+","8 de agosto de 2026 a las 7:20:00 UTC-3","8 de agosto de 2026 a las 12:10:00 UTC-3","tatyana kim","./explore?q=tatyana%20kim&geo=US"
"jim cramer spacex investment","1 mil+","9 de agosto de 2026 a las 8:10:00 UTC-3","9 de agosto de 2026 a las 16:30:00 UTC-3","jim cramer spacex investment","./explore?q=jim%20cramer%20spacex%20investment&geo=US"
"camping news","1 mil+","9 de agosto de 2026 a las 4:10:00 UTC-3","9 de agosto de 2026 a las 9:50:00 UTC-3","camping news","./explore?q=camping%20news&geo=US"
"student debt","1 mil+","9 de agosto de 2026 a las 7:00:00 UTC-3","9 de agosto de 2026 a las 11:10:00 UTC-3","student debt","./explore?q=student%20debt&geo=US"
"russell wilson","1 mil+","12 de agosto de 2026 a las 16:00:00 UTC-3","12 de agosto de 2026 a las 17:20:00 UTC-3","russell wilson","./explore?q=russell%20wilson&geo=US"
"bryan woo","1 mil+","11 de agosto de 2026 a las 21:10:00 UTC-3","11 de agosto de 2026 a las 22:40:00 UTC-3","bryan woo","./explore?q=bryan%20woo&geo=US"
"typhoon dolphin","1 mil+","10 de agosto de 2026 a las 7:50:00 UTC-3","10 de agosto de 2026 a las 12:10:00 UTC-3","typhoon dolphin","./explore?q=typhoon%20dolphin&geo=US"
"matt little","1 mil+","11 de agosto de 2026 a las 23:30:00 UTC-3","12 de agosto de 2026 a las 1:20:00 UTC-3","matt little","./explore?q=matt%20little&geo=US"
"emmanuel ogbah","1 mil+","11 de agosto de 2026 a las 11:30:00 UTC-3","11 de agosto de 2026 a las 13:20:00 UTC-3","emmanuel ogbah","./explore?q=emmanuel%20ogbah&geo=US"
"yuba river drive","1 mil+","12 de agosto de 2026 a las 19:10:00 UTC-3","12 de agosto de 2026 a las 20:30:00 UTC-3","yuba river drive","./explore?q=yuba%20river%20drive&geo=US"
"sleep news","1 mil+","9 de agosto de 2026 a las 4:10:00 UTC-3","9 de agosto de 2026 a las 9:30:00 UTC-3","sleep news","./explore?q=sleep%20news&geo=US"
"kiki rice","1 mil+","12 de agosto de 2026 a las 22:40:00 UTC-3","12 de agosto de 2026 a las 23:40:00 UTC-3","kiki rice,ny liberty","./explore?q=kiki%20rice&geo=US"
"red flag (fire weather) warning","1 mil+","12 de agosto de 2026 a las 18:40:00 UTC-3","12 de agosto de 2026 a las 19:40:00 UTC-3","red flag (fire weather) warning","./explore?q=red%20flag%20%28fire%20weather%29%20warning&geo=US"
"car","1 mil+","9 de agosto de 2026 a las 5:10:00 UTC-3","9 de agosto de 2026 a las 9:30:00 UTC-3","car","./explore?q=car&geo=US"
"jon hamm american hostage trailer","1 mil+","10 de agosto de 2026 a las 18:40:00 UTC-3","11 de agosto de 2026 a las 9:40:00 UTC-3","jon hamm american hostage trailer","./explore?q=jon%20hamm%20american%20hostage%20trailer&geo=US"
"smartphone market","1 mil+","9 de agosto de 2026 a las 4:20:00 UTC-3","9 de agosto de 2026 a las 9:30:00 UTC-3","smartphone market","./explore?q=smartphone%20market&geo=US"
"cava stock","1 mil+","11 de agosto de 2026 a las 17:20:00 UTC-3","11 de agosto de 2026 a las 19:00:00 UTC-3","cava stock","./explore?q=cava%20stock&geo=US"
"manny machado","1 mil+","9 de agosto de 2026 a las 21:30:00 UTC-3","10 de agosto de 2026 a las 0:10:00 UTC-3","manny machado","./explore?q=manny%20machado&geo=US"
"nws","1 mil+","11 de agosto de 2026 a las 12:30:00 UTC-3","11 de agosto de 2026 a las 14:00:00 UTC-3","nws","./explore?q=nws&geo=US"
"fashion news","1 mil+","9 de agosto de 2026 a las 4:30:00 UTC-3","9 de agosto de 2026 a las 9:50:00 UTC-3","fashion news","./explore?q=fashion%20news&geo=US"
"travel weather","1 mil+","9 de agosto de 2026 a las 4:40:00 UTC-3","9 de agosto de 2026 a las 9:50:00 UTC-3","travel weather","./explore?q=travel%20weather&geo=US"
"highest grossing movies of all time","1 mil+","9 de agosto de 2026 a las 13:00:00 UTC-3","9 de agosto de 2026 a las 16:10:00 UTC-3","highest grossing movies of all time","./explore?q=highest%20grossing%20movies%20of%20all%20time&geo=US"
"car news","1 mil+","9 de agosto de 2026 a las 5:00:00 UTC-3","9 de agosto de 2026 a las 9:40:00 UTC-3","car news","./explore?q=car%20news&geo=US"
"tekton 250 battle at berlin","1 mil+","12 de agosto de 2026 a las 21:00:00 UTC-3","12 de agosto de 2026 a las 22:30:00 UTC-3","tekton 250 battle at berlin","./explore?q=tekton%20250%20battle%20at%20berlin&geo=US"
"landfill","1 mil+","10 de agosto de 2026 a las 10:00:00 UTC-3","10 de agosto de 2026 a las 12:50:00 UTC-3","landfill","./explore?q=landfill&geo=US"
"la sparks","1 mil+","9 de agosto de 2026 a las 20:20:00 UTC-3","9 de agosto de 2026 a las 22:50:00 UTC-3","la sparks","./explore?q=la%20sparks&geo=US"
"cyclospora outbreak linked to lettuce","1 mil+","9 de agosto de 2026 a las 8:40:00 UTC-3","9 de agosto de 2026 a las 12:40:00 UTC-3","cyclospora outbreak linked to lettuce","./explore?q=cyclospora%20outbreak%20linked%20to%20lettuce&geo=US"
"egypt sherrod","1 mil+","10 de agosto de 2026 a las 19:40:00 UTC-3","10 de agosto de 2026 a las 21:20:00 UTC-3","egypt sherrod","./explore?q=egypt%20sherrod&geo=US"
"luciano darderi","1 mil+","11 de agosto de 2026 a las 14:00:00 UTC-3","11 de agosto de 2026 a las 15:30:00 UTC-3","luciano darderi","./explore?q=luciano%20darderi&geo=US"
"burnley vs notts county","1 mil+","8 de agosto de 2026 a las 10:20:00 UTC-3","8 de agosto de 2026 a las 14:10:00 UTC-3","burnley vs notts county","./explore?q=burnley%20vs%20notts%20county&geo=US"
"cj abrams","1 mil+","11 de agosto de 2026 a las 20:20:00 UTC-3","11 de agosto de 2026 a las 21:40:00 UTC-3","cj abrams","./explore?q=cj%20abrams&geo=US"
"holiday weather","1 mil+","9 de agosto de 2026 a las 4:40:00 UTC-3","9 de agosto de 2026 a las 9:30:00 UTC-3","holiday weather","./explore?q=holiday%20weather&geo=US"
"stephen colbert emmy campaign","1 mil+","11 de agosto de 2026 a las 19:20:00 UTC-3","11 de agosto de 2026 a las 21:30:00 UTC-3","stephen colbert emmy campaign","./explore?q=stephen%20colbert%20emmy%20campaign&geo=US"
"mujeres bienestar","1 mil+","10 de agosto de 2026 a las 22:10:00 UTC-3","11 de agosto de 2026 a las 2:20:00 UTC-3","mujeres bienestar","./explore?q=mujeres%20bienestar&geo=US"
"matt olson","1 mil+","9 de agosto de 2026 a las 16:10:00 UTC-3","9 de agosto de 2026 a las 18:10:00 UTC-3","matt olson","./explore?q=matt%20olson&geo=US"
"matt smith","1 mil+","9 de agosto de 2026 a las 23:10:00 UTC-3","10 de agosto de 2026 a las 2:10:00 UTC-3","matt smith","./explore?q=matt%20smith&geo=US"
"jfk airport flight cancellations","1 mil+","8 de agosto de 2026 a las 8:30:00 UTC-3","8 de agosto de 2026 a las 12:20:00 UTC-3","jfk airport flight cancellations,weather travel","./explore?q=jfk%20airport%20flight%20cancellations&geo=US"
"jk rowling","1 mil+","11 de agosto de 2026 a las 16:50:00 UTC-3","11 de agosto de 2026 a las 18:30:00 UTC-3","jk rowling","./explore?q=jk%20rowling&geo=US"
"anthony edwards","1 mil+","11 de agosto de 2026 a las 17:20:00 UTC-3","11 de agosto de 2026 a las 19:00:00 UTC-3","anthony edwards","./explore?q=anthony%20edwards&geo=US"
"charleston white","1 mil+","10 de agosto de 2026 a las 22:20:00 UTC-3","11 de agosto de 2026 a las 0:40:00 UTC-3","charleston white","./explore?q=charleston%20white&geo=US"
"extreme heat warning","1 mil+","12 de agosto de 2026 a las 8:10:00 UTC-3","12 de agosto de 2026 a las 9:10:00 UTC-3","extreme heat warning","./explore?q=extreme%20heat%20warning&geo=US"
"tesla model y l","1 mil+","8 de agosto de 2026 a las 10:10:00 UTC-3","8 de agosto de 2026 a las 14:20:00 UTC-3","tesla model y l","./explore?q=tesla%20model%20y%20l&geo=US"
"christian mccaffrey","1 mil+","10 de agosto de 2026 a las 15:00:00 UTC-3","10 de agosto de 2026 a las 17:50:00 UTC-3","christian mccaffrey,san francisco 49ers","./explore?q=christian%20mccaffrey&geo=US"
"taylor farms fda lettuce recall","1 mil+","9 de agosto de 2026 a las 16:00:00 UTC-3","9 de agosto de 2026 a las 19:10:00 UTC-3","taylor farms fda lettuce recall","./explore?q=taylor%20farms%20fda%20lettuce%20recall&geo=US"
"tomb","1 mil+","9 de agosto de 2026 a las 13:30:00 UTC-3","9 de agosto de 2026 a las 15:50:00 UTC-3","tomb","./explore?q=tomb&geo=US"
"bolívar x são paulo","1 mil+","11 de agosto de 2026 a las 21:30:00 UTC-3","11 de agosto de 2026 a las 23:10:00 UTC-3","bolívar x são paulo","./explore?q=bol%C3%ADvar%20x%20s%C3%A3o%20paulo&geo=US"
"lexie hull","1 mil+","11 de agosto de 2026 a las 21:40:00 UTC-3","11 de agosto de 2026 a las 23:00:00 UTC-3","lexie hull","./explore?q=lexie%20hull&geo=US"
"jackson merrill","1 mil+","11 de agosto de 2026 a las 0:30:00 UTC-3","11 de agosto de 2026 a las 2:10:00 UTC-3","jackson merrill,padres standings,padres score","./explore?q=jackson%20merrill&geo=US"
"hotel","1 mil+","8 de agosto de 2026 a las 6:00:00 UTC-3","8 de agosto de 2026 a las 8:30:00 UTC-3","hotel","./explore?q=hotel&geo=US"
"parenting","1 mil+","9 de agosto de 2026 a las 18:00:00 UTC-3","9 de agosto de 2026 a las 20:20:00 UTC-3","parenting","./explore?q=parenting&geo=US"
"ryan weathers","1 mil+","11 de agosto de 2026 a las 21:20:00 UTC-3","11 de agosto de 2026 a las 22:50:00 UTC-3","ryan weathers","./explore?q=ryan%20weathers&geo=US"
"daniel merida aguilar","1 mil+","9 de agosto de 2026 a las 14:10:00 UTC-3","9 de agosto de 2026 a las 16:10:00 UTC-3","daniel merida aguilar","./explore?q=daniel%20merida%20aguilar&geo=US"
"firefighter","1 mil+","9 de agosto de 2026 a las 7:40:00 UTC-3","9 de agosto de 2026 a las 12:00:00 UTC-3","firefighter","./explore?q=firefighter&geo=US"
"juno temple husband","1 mil+","8 de agosto de 2026 a las 1:30:00 UTC-3","8 de agosto de 2026 a las 11:50:00 UTC-3","juno temple husband","./explore?q=juno%20temple%20husband&geo=US"
"espn fantasy","1 mil+","9 de agosto de 2026 a las 19:30:00 UTC-3","9 de agosto de 2026 a las 22:30:00 UTC-3","espn fantasy","./explore?q=espn%20fantasy&geo=US"
"fire","1 mil+","9 de agosto de 2026 a las 11:00:00 UTC-3","9 de agosto de 2026 a las 13:10:00 UTC-3","fire","./explore?q=fire&geo=US"
"chris evans","1 mil+","11 de agosto de 2026 a las 19:10:00 UTC-3","11 de agosto de 2026 a las 21:10:00 UTC-3","chris evans","./explore?q=chris%20evans&geo=US"
"palantir","1 mil+","8 de agosto de 2026 a las 9:00:00 UTC-3","8 de agosto de 2026 a las 11:50:00 UTC-3","palantir","./explore?q=palantir&geo=US"
"randy arozarena","1 mil+","12 de agosto de 2026 a las 20:40:00 UTC-3","12 de agosto de 2026 a las 21:20:00 UTC-3","randy arozarena","./explore?q=randy%20arozarena&geo=US"
"spacex launch today","1 mil+","12 de agosto de 2026 a las 1:40:00 UTC-3","12 de agosto de 2026 a las 2:40:00 UTC-3","spacex launch today,space x launch","./explore?q=spacex%20launch%20today&geo=US"
"detroit red wings","1 mil+","8 de agosto de 2026 a las 7:20:00 UTC-3","8 de agosto de 2026 a las 11:50:00 UTC-3","detroit red wings","./explore?q=detroit%20red%20wings&geo=US"
"hannaford recall","1 mil+","9 de agosto de 2026 a las 7:30:00 UTC-3","9 de agosto de 2026 a las 11:20:00 UTC-3","hannaford recall,hannaford deli produce recall","./explore?q=hannaford%20recall&geo=US"
"botafogo vs fluminense","1 mil+","8 de agosto de 2026 a las 20:40:00 UTC-3","8 de agosto de 2026 a las 23:20:00 UTC-3","botafogo vs fluminense","./explore?q=botafogo%20vs%20fluminense&geo=US"
"nail","1 mil+","9 de agosto de 2026 a las 12:00:00 UTC-3","9 de agosto de 2026 a las 15:00:00 UTC-3","nail","./explore?q=nail&geo=US"
"logan henderson","1 mil+","10 de agosto de 2026 a las 23:30:00 UTC-3","11 de agosto de 2026 a las 1:20:00 UTC-3","logan henderson","./explore?q=logan%20henderson&geo=US"
"victoria gotti","1 mil+","12 de agosto de 2026 a las 7:50:00 UTC-3","12 de agosto de 2026 a las 9:40:00 UTC-3","victoria gotti,john gotti agnello","./explore?q=victoria%20gotti&geo=US"
"tallon griekspoor","1 mil+","9 de agosto de 2026 a las 13:50:00 UTC-3","9 de agosto de 2026 a las 15:40:00 UTC-3","tallon griekspoor","./explore?q=tallon%20griekspoor&geo=US"
"crwv stock","1 mil+","10 de agosto de 2026 a las 8:30:00 UTC-3","10 de agosto de 2026 a las 12:30:00 UTC-3","crwv stock,coreweave stock","./explore?q=crwv%20stock&geo=US"
"pumas unam","1 mil+","11 de agosto de 2026 a las 21:20:00 UTC-3","11 de agosto de 2026 a las 23:10:00 UTC-3","pumas unam,pumas vs","./explore?q=pumas%20unam&geo=US"
"bkfc","1 mil+","8 de agosto de 2026 a las 22:20:00 UTC-3","9 de agosto de 2026 a las 1:00:00 UTC-3","bkfc","./explore?q=bkfc&geo=US"
"francisco lindor","1 mil+","10 de agosto de 2026 a las 21:50:00 UTC-3","11 de agosto de 2026 a las 0:10:00 UTC-3","francisco lindor","./explore?q=francisco%20lindor&geo=US"
"alex eala game today","1 mil+","9 de agosto de 2026 a las 21:40:00 UTC-3","9 de agosto de 2026 a las 23:50:00 UTC-3","alex eala game today","./explore?q=alex%20eala%20game%20today&geo=US"
"bill elliott","1 mil+","10 de agosto de 2026 a las 18:00:00 UTC-3","10 de agosto de 2026 a las 20:10:00 UTC-3","bill elliott","./explore?q=bill%20elliott&geo=US"
"bragantino vs corinthians","1 mil+","9 de agosto de 2026 a las 18:10:00 UTC-3","9 de agosto de 2026 a las 21:00:00 UTC-3","bragantino vs corinthians","./explore?q=bragantino%20vs%20corinthians&geo=US"
"the oval office","1 mil+","11 de agosto de 2026 a las 17:00:00 UTC-3","11 de agosto de 2026 a las 18:20:00 UTC-3","the oval office","./explore?q=the%20oval%20office&geo=US"
"charles mcadoo","1 mil+","10 de agosto de 2026 a las 21:20:00 UTC-3","10 de agosto de 2026 a las 22:50:00 UTC-3","charles mcadoo","./explore?q=charles%20mcadoo&geo=US"
"amanda seales","1 mil+","8 de agosto de 2026 a las 1:40:00 UTC-3","8 de agosto de 2026 a las 10:30:00 UTC-3","amanda seales","./explore?q=amanda%20seales&geo=US"
"cc sabathia","1 mil+","9 de agosto de 2026 a las 21:30:00 UTC-3","10 de agosto de 2026 a las 0:20:00 UTC-3","cc sabathia","./explore?q=cc%20sabathia&geo=US"
"colombia","1 mil+","9 de agosto de 2026 a las 8:50:00 UTC-3","9 de agosto de 2026 a las 12:50:00 UTC-3","colombia","./explore?q=colombia&geo=US"
"canadian open tennis","1 mil+","11 de agosto de 2026 a las 20:40:00 UTC-3","11 de agosto de 2026 a las 22:00:00 UTC-3","canadian open tennis","./explore?q=canadian%20open%20tennis&geo=US"
"drew anderson","1 mil+","11 de agosto de 2026 a las 20:10:00 UTC-3","11 de agosto de 2026 a las 21:40:00 UTC-3","drew anderson","./explore?q=drew%20anderson&geo=US"
"jake bennett","1 mil+","8 de agosto de 2026 a las 17:30:00 UTC-3","8 de agosto de 2026 a las 19:30:00 UTC-3","jake bennett","./explore?q=jake%20bennett&geo=US"
"drew barrymore","1 mil+","11 de agosto de 2026 a las 20:20:00 UTC-3","11 de agosto de 2026 a las 21:40:00 UTC-3","drew barrymore","./explore?q=drew%20barrymore&geo=US"
"fenerbahçe","1 mil+","11 de agosto de 2026 a las 16:10:00 UTC-3","11 de agosto de 2026 a las 17:40:00 UTC-3","fenerbahçe","./explore?q=fenerbah%C3%A7e&geo=US"
"orlando city","1 mil+","8 de agosto de 2026 a las 20:10:00 UTC-3","8 de agosto de 2026 a las 22:30:00 UTC-3","orlando city","./explore?q=orlando%20city&geo=US"
"hasan piker","1 mil+","10 de agosto de 2026 a las 8:00:00 UTC-3","10 de agosto de 2026 a las 9:20:00 UTC-3","hasan piker","./explore?q=hasan%20piker&geo=US"
"president trump guinness fireworks record","1 mil+","9 de agosto de 2026 a las 2:20:00 UTC-3","9 de agosto de 2026 a las 10:50:00 UTC-3","president trump guinness fireworks record,july 4","./explore?q=president%20trump%20guinness%20fireworks%20record&geo=US"
"steve keim","1 mil+","10 de agosto de 2026 a las 19:30:00 UTC-3","10 de agosto de 2026 a las 22:30:00 UTC-3","steve keim","./explore?q=steve%20keim&geo=US"
"milwaukee weather","1 mil+","9 de agosto de 2026 a las 12:10:00 UTC-3","9 de agosto de 2026 a las 14:40:00 UTC-3","milwaukee weather","./explore?q=milwaukee%20weather&geo=US"
"marcus williamson","1 mil+","8 de agosto de 2026 a las 11:00:00 UTC-3","8 de agosto de 2026 a las 16:20:00 UTC-3","marcus williamson","./explore?q=marcus%20williamson&geo=US"
"jim cramer","1 mil+","11 de agosto de 2026 a las 19:30:00 UTC-3","11 de agosto de 2026 a las 21:10:00 UTC-3","jim cramer","./explore?q=jim%20cramer&geo=US"
"vancouver whitecaps fc vs fc juárez standings","1 mil+","8 de agosto de 2026 a las 1:50:00 UTC-3","8 de agosto de 2026 a las 8:40:00 UTC-3","vancouver whitecaps fc vs fc juárez standings","./explore?q=vancouver%20whitecaps%20fc%20vs%20fc%20ju%C3%A1rez%20standings&geo=US"
"brandon pfaadt","1 mil+","8 de agosto de 2026 a las 22:00:00 UTC-3","9 de agosto de 2026 a las 0:10:00 UTC-3","brandon pfaadt","./explore?q=brandon%20pfaadt&geo=US"
"johnny damon","1 mil+","8 de agosto de 2026 a las 23:30:00 UTC-3","9 de agosto de 2026 a las 7:40:00 UTC-3","johnny damon","./explore?q=johnny%20damon&geo=US"
"samuel monroe jr","1 mil+","8 de agosto de 2026 a las 23:20:00 UTC-3","9 de agosto de 2026 a las 2:30:00 UTC-3","samuel monroe jr","./explore?q=samuel%20monroe%20jr&geo=US"
"immigration law","1 mil+","9 de agosto de 2026 a las 14:00:00 UTC-3","9 de agosto de 2026 a las 19:00:00 UTC-3","immigration law","./explore?q=immigration%20law&geo=US"
"hatsune miku commander deck","1 mil+","10 de agosto de 2026 a las 13:20:00 UTC-3","10 de agosto de 2026 a las 14:50:00 UTC-3","hatsune miku commander deck,miku secret lair","./explore?q=hatsune%20miku%20commander%20deck&geo=US"
"la liga","1 mil+","8 de agosto de 2026 a las 13:20:00 UTC-3","8 de agosto de 2026 a las 18:40:00 UTC-3","la liga","./explore?q=la%20liga&geo=US"
"dsa","1 mil+","10 de agosto de 2026 a las 8:10:00 UTC-3","10 de agosto de 2026 a las 9:30:00 UTC-3","dsa","./explore?q=dsa&geo=US"
"ben rice","1 mil+","11 de agosto de 2026 a las 21:10:00 UTC-3","11 de agosto de 2026 a las 23:40:00 UTC-3","ben rice","./explore?q=ben%20rice&geo=US"
"aegon's conquest movie","1 mil+","8 de agosto de 2026 a las 2:10:00 UTC-3","8 de agosto de 2026 a las 11:00:00 UTC-3","aegon's conquest movie,game of thrones cast","./explore?q=aegon%27s%20conquest%20movie&geo=US"
"santos - paranaense","1 mil+","9 de agosto de 2026 a las 18:10:00 UTC-3","9 de agosto de 2026 a las 20:00:00 UTC-3","santos - paranaense","./explore?q=santos%20-%20paranaense&geo=US"
"kilmarnock vs celtic","1 mil+","9 de agosto de 2026 a las 9:40:00 UTC-3","9 de agosto de 2026 a las 12:30:00 UTC-3","kilmarnock vs celtic,celtic fc","./explore?q=kilmarnock%20vs%20celtic&geo=US"
"jacy sheldon","1 mil+","8 de agosto de 2026 a las 17:00:00 UTC-3","8 de agosto de 2026 a las 19:30:00 UTC-3","jacy sheldon","./explore?q=jacy%20sheldon&geo=US"
"gavin williams","1 mil+","8 de agosto de 2026 a las 21:10:00 UTC-3","8 de agosto de 2026 a las 23:10:00 UTC-3","gavin williams","./explore?q=gavin%20williams&geo=US"
"west ham","1 mil+","8 de agosto de 2026 a las 11:10:00 UTC-3","8 de agosto de 2026 a las 13:50:00 UTC-3","west ham","./explore?q=west%20ham&geo=US"
"senate government funding bill","1 mil+","8 de agosto de 2026 a las 8:00:00 UTC-3","8 de agosto de 2026 a las 11:30:00 UTC-3","senate government funding bill","./explore?q=senate%20government%20funding%20bill&geo=US"
"kyle tucker","1 mil+","8 de agosto de 2026 a las 23:40:00 UTC-3","9 de agosto de 2026 a las 1:10:00 UTC-3","kyle tucker","./explore?q=kyle%20tucker&geo=US"
"bay fc vs chicago stars","1 mil+","9 de agosto de 2026 a las 19:40:00 UTC-3","9 de agosto de 2026 a las 21:20:00 UTC-3","bay fc vs chicago stars","./explore?q=bay%20fc%20vs%20chicago%20stars&geo=US"
"boston blue season 2 casting","1 mil+","8 de agosto de 2026 a las 8:00:00 UTC-3","8 de agosto de 2026 a las 12:00:00 UTC-3","boston blue season 2 casting","./explore?q=boston%20blue%20season%202%20casting&geo=US"
"ben rice","1 mil+","8 de agosto de 2026 a las 18:40:00 UTC-3","8 de agosto de 2026 a las 20:10:00 UTC-3","ben rice","./explore?q=ben%20rice&geo=US"
"gigi canuto","1 mil+","8 de agosto de 2026 a las 17:50:00 UTC-3","8 de agosto de 2026 a las 19:40:00 UTC-3","gigi canuto","./explore?q=gigi%20canuto&geo=US"
"pluribus","1 mil+","13 de agosto de 2026 a las 16:00:00 UTC-3","13 de agosto de 2026 a las 16:40:00 UTC-3","pluribus,pluribus season 2","./explore?q=pluribus&geo=US"
"jackie young","1 mil+","8 de agosto de 2026 a las 14:50:00 UTC-3","8 de agosto de 2026 a las 16:30:00 UTC-3","jackie young","./explore?q=jackie%20young&geo=US"
"jodar tennis","1 mil+","12 de agosto de 2026 a las 21:00:00 UTC-3","12 de agosto de 2026 a las 21:50:00 UTC-3","jodar tennis,jodar","./explore?q=jodar%20tennis&geo=US"
"tom kim","1 mil+","9 de agosto de 2026 a las 15:30:00 UTC-3","9 de agosto de 2026 a las 17:50:00 UTC-3","tom kim","./explore?q=tom%20kim&geo=US"
"sabrina ionescu","1 mil+","9 de agosto de 2026 a las 14:10:00 UTC-3","9 de agosto de 2026 a las 15:50:00 UTC-3","sabrina ionescu","./explore?q=sabrina%20ionescu&geo=US"
"edwin diaz","1 mil+","11 de agosto de 2026 a las 1:50:00 UTC-3","11 de agosto de 2026 a las 2:50:00 UTC-3","edwin diaz","./explore?q=edwin%20diaz&geo=US"
"carabao cup","1 mil+","8 de agosto de 2026 a las 11:20:00 UTC-3","8 de agosto de 2026 a las 14:00:00 UTC-3","carabao cup","./explore?q=carabao%20cup&geo=US"
"galatasaray","1 mil+","8 de agosto de 2026 a las 15:30:00 UTC-3","8 de agosto de 2026 a las 17:50:00 UTC-3","galatasaray","./explore?q=galatasaray&geo=US"
"botic van de zandschulp","1 mil+","9 de agosto de 2026 a las 21:30:00 UTC-3","9 de agosto de 2026 a las 23:10:00 UTC-3","botic van de zandschulp","./explore?q=botic%20van%20de%20zandschulp&geo=US"
"dictionary","1 mil+","12 de agosto de 2026 a las 11:30:00 UTC-3","12 de agosto de 2026 a las 12:30:00 UTC-3","dictionary","./explore?q=dictionary&geo=US"
"oliver larkin","1 mil+","10 de agosto de 2026 a las 22:40:00 UTC-3","10 de agosto de 2026 a las 23:50:00 UTC-3","oliver larkin","./explore?q=oliver%20larkin&geo=US"
"tasha fire","1 mil+","8 de agosto de 2026 a las 21:50:00 UTC-3","9 de agosto de 2026 a las 0:50:00 UTC-3","tasha fire","./explore?q=tasha%20fire&geo=US"
"spurs vs getafe","1 mil+","8 de agosto de 2026 a las 11:00:00 UTC-3","8 de agosto de 2026 a las 14:10:00 UTC-3","spurs vs getafe,spursplay,tottenham vs getafe","./explore?q=spurs%20vs%20getafe&geo=US"
"silver alert","1 mil+","9 de agosto de 2026 a las 18:00:00 UTC-3","9 de agosto de 2026 a las 19:10:00 UTC-3","silver alert","./explore?q=silver%20alert&geo=US"
"mariners game today","1 mil+","9 de agosto de 2026 a las 1:00:00 UTC-3","9 de agosto de 2026 a las 2:50:00 UTC-3","mariners game today,rick rizzs","./explore?q=mariners%20game%20today&geo=US"
"hassan haskins","1 mil+","13 de agosto de 2026 a las 23:20:00 UTC-3","13 de agosto de 2026 a las 23:40:00 UTC-3","hassan haskins","./explore?q=hassan%20haskins&geo=US"
"unmanned combat aerial vehicle","1 mil+","9 de agosto de 2026 a las 11:30:00 UTC-3","9 de agosto de 2026 a las 14:20:00 UTC-3","unmanned combat aerial vehicle","./explore?q=unmanned%20combat%20aerial%20vehicle&geo=US"
"bella mir","1 mil+","8 de agosto de 2026 a las 21:30:00 UTC-3","9 de agosto de 2026 a las 0:00:00 UTC-3","bella mir,frank mir","./explore?q=bella%20mir&geo=US"
"real madrid schedule","1 mil+","8 de agosto de 2026 a las 14:00:00 UTC-3","8 de agosto de 2026 a las 16:20:00 UTC-3","real madrid schedule","./explore?q=real%20madrid%20schedule&geo=US"
"my life with the walter boys season 4","1 mil+","9 de agosto de 2026 a las 1:40:00 UTC-3","9 de agosto de 2026 a las 5:50:00 UTC-3","my life with the walter boys season 4","./explore?q=my%20life%20with%20the%20walter%20boys%20season%204&geo=US"
"cecilia zandalasini","1 mil+","9 de agosto de 2026 a las 20:40:00 UTC-3","9 de agosto de 2026 a las 22:20:00 UTC-3","cecilia zandalasini","./explore?q=cecilia%20zandalasini&geo=US"
"makayla timpson","1 mil+","8 de agosto de 2026 a las 17:10:00 UTC-3","8 de agosto de 2026 a las 19:30:00 UTC-3","makayla timpson","./explore?q=makayla%20timpson&geo=US"
"las vegas weather","1 mil+","9 de agosto de 2026 a las 18:20:00 UTC-3","9 de agosto de 2026 a las 19:50:00 UTC-3","las vegas weather","./explore?q=las%20vegas%20weather&geo=US"
"richie miranda","1 mil+","8 de agosto de 2026 a las 19:10:00 UTC-3","8 de agosto de 2026 a las 20:20:00 UTC-3","richie miranda,manoel sousa","./explore?q=richie%20miranda&geo=US"
"florida lotto","1 mil+","9 de agosto de 2026 a las 8:10:00 UTC-3","9 de agosto de 2026 a las 10:40:00 UTC-3","florida lotto,fl lottery","./explore?q=florida%20lotto&geo=US"
"mlf","1 mil+","8 de agosto de 2026 a las 8:30:00 UTC-3","8 de agosto de 2026 a las 10:50:00 UTC-3","mlf","./explore?q=mlf&geo=US"
"ben james","1 mil+","9 de agosto de 2026 a las 17:40:00 UTC-3","9 de agosto de 2026 a las 19:20:00 UTC-3","ben james","./explore?q=ben%20james&geo=US"
"nascar inspection penalties iowa","1 mil+","9 de agosto de 2026 a las 15:10:00 UTC-3","9 de agosto de 2026 a las 17:00:00 UTC-3","nascar inspection penalties iowa","./explore?q=nascar%20inspection%20penalties%20iowa&geo=US"
"ice independent voter polling","1 mil+","9 de agosto de 2026 a las 11:30:00 UTC-3","9 de agosto de 2026 a las 16:50:00 UTC-3","ice independent voter polling","./explore?q=ice%20independent%20voter%20polling&geo=US"
"markwayne mullin maga backlash","1 mil+","10 de agosto de 2026 a las 9:00:00 UTC-3","10 de agosto de 2026 a las 10:40:00 UTC-3","markwayne mullin maga backlash,dhs","./explore?q=markwayne%20mullin%20maga%20backlash&geo=US"
"randy travis i don't care","1 mil+","8 de agosto de 2026 a las 9:40:00 UTC-3","8 de agosto de 2026 a las 12:30:00 UTC-3","randy travis i don't care","./explore?q=randy%20travis%20i%20don%27t%20care&geo=US"
"wisconsin state fair 2026","1 mil+","8 de agosto de 2026 a las 10:20:00 UTC-3","8 de agosto de 2026 a las 13:20:00 UTC-3","wisconsin state fair 2026","./explore?q=wisconsin%20state%20fair%202026&geo=US"
"cole hamels","1 mil+","9 de agosto de 2026 a las 15:00:00 UTC-3","9 de agosto de 2026 a las 16:40:00 UTC-3","cole hamels","./explore?q=cole%20hamels&geo=US"
"mexico soccer","1 mil+","8 de agosto de 2026 a las 1:20:00 UTC-3","8 de agosto de 2026 a las 4:20:00 UTC-3","mexico soccer,mexico national football team","./explore?q=mexico%20soccer&geo=US"
"kalshi","1 mil+","8 de agosto de 2026 a las 9:30:00 UTC-3","8 de agosto de 2026 a las 23:20:00 UTC-3","kalshi","./explore?q=kalshi&geo=US"
"tamm thibeault","1 mil+","9 de agosto de 2026 a las 1:00:00 UTC-3","9 de agosto de 2026 a las 2:30:00 UTC-3","tamm thibeault,desley robinson,claressa shields","./explore?q=tamm%20thibeault&geo=US"
"cam taylor-britt nfl suspension","1 mil+","8 de agosto de 2026 a las 18:00:00 UTC-3","8 de agosto de 2026 a las 20:10:00 UTC-3","cam taylor-britt nfl suspension","./explore?q=cam%20taylor-britt%20nfl%20suspension&geo=US"
"john ross bowie","1 mil+","8 de agosto de 2026 a las 21:00:00 UTC-3","8 de agosto de 2026 a las 23:00:00 UTC-3","john ross bowie","./explore?q=john%20ross%20bowie&geo=US"
"reese esponda","1 mil+","9 de agosto de 2026 a las 19:40:00 UTC-3","9 de agosto de 2026 a las 21:10:00 UTC-3","reese esponda","./explore?q=reese%20esponda&geo=US"
"ryan blaney","1 mil+","9 de agosto de 2026 a las 18:50:00 UTC-3","9 de agosto de 2026 a las 20:40:00 UTC-3","ryan blaney","./explore?q=ryan%20blaney&geo=US"
"connor prielipp","1 mil+","9 de agosto de 2026 a las 15:30:00 UTC-3","9 de agosto de 2026 a las 17:10:00 UTC-3","connor prielipp","./explore?q=connor%20prielipp&geo=US"
"omaha weather","1 mil+","8 de agosto de 2026 a las 15:40:00 UTC-3","8 de agosto de 2026 a las 17:10:00 UTC-3","omaha weather","./explore?q=omaha%20weather&geo=US"
"interstate 15","1 mil+","8 de agosto de 2026 a las 11:30:00 UTC-3","8 de agosto de 2026 a las 15:00:00 UTC-3","interstate 15","./explore?q=interstate%2015&geo=US"
"amber alert","1 mil+","10 de agosto de 2026 a las 1:40:00 UTC-3","10 de agosto de 2026 a las 2:40:00 UTC-3","amber alert,amber alert missouri","./explore?q=amber%20alert&geo=US"
"reds - nationals","1 mil+","9 de agosto de 2026 a las 12:50:00 UTC-3","9 de agosto de 2026 a las 14:10:00 UTC-3","reds - nationals,brewers game,mariners tv","./explore?q=reds%20-%20nationals&geo=US"
"liam neeson","1 mil+","8 de agosto de 2026 a las 23:00:00 UTC-3","9 de agosto de 2026 a las 0:30:00 UTC-3","liam neeson","./explore?q=liam%20neeson&geo=US"
"pro football","1 mil+","9 de agosto de 2026 a las 1:30:00 UTC-3","9 de agosto de 2026 a las 3:20:00 UTC-3","pro football,dillon radunz","./explore?q=pro%20football&geo=US"
"green boots","1 mil+","10 de agosto de 2026 a las 14:30:00 UTC-3","10 de agosto de 2026 a las 15:50:00 UTC-3","green boots,green boots everest","./explore?q=green%20boots&geo=US"
"texas longhorns football","1 mil+","9 de agosto de 2026 a las 20:00:00 UTC-3","9 de agosto de 2026 a las 21:40:00 UTC-3","texas longhorns football,cam coleman","./explore?q=texas%20longhorns%20football&geo=US"
"spencer strider","1 mil+","9 de agosto de 2026 a las 16:30:00 UTC-3","9 de agosto de 2026 a las 17:40:00 UTC-3","spencer strider,brewers standings,misiorowski","./explore?q=spencer%20strider&geo=US"
"houses for sale","1 mil+","12 de agosto de 2026 a las 3:30:00 UTC-3","12 de agosto de 2026 a las 3:50:00 UTC-3","houses for sale","./explore?q=houses%20for%20sale&geo=US"
"sunset boulevard","1 mil+","9 de agosto de 2026 a las 21:30:00 UTC-3","9 de agosto de 2026 a las 23:20:00 UTC-3","sunset boulevard","./explore?q=sunset%20boulevard&geo=US"
"kash patel","1 mil+","8 de agosto de 2026 a las 21:30:00 UTC-3","8 de agosto de 2026 a las 23:10:00 UTC-3","kash patel","./explore?q=kash%20patel&geo=US"
"bills schedule","1 mil+","8 de agosto de 2026 a las 20:40:00 UTC-3","8 de agosto de 2026 a las 22:30:00 UTC-3","bills schedule","./explore?q=bills%20schedule&geo=US"
"u20 mexico","1 mil+","8 de agosto de 2026 a las 1:20:00 UTC-3","8 de agosto de 2026 a las 3:00:00 UTC-3","u20 mexico,mexico canada soccer u20,mexico vs canada today","./explore?q=u20%20mexico&geo=US"
"2026 nfl hall of fame class","1 mil+","8 de agosto de 2026 a las 14:00:00 UTC-3","8 de agosto de 2026 a las 15:40:00 UTC-3","2026 nfl hall of fame class","./explore?q=2026%20nfl%20hall%20of%20fame%20class&geo=US"
"jordin canada","1 mil+","10 de agosto de 2026 a las 22:50:00 UTC-3","10 de agosto de 2026 a las 23:40:00 UTC-3","jordin canada,nyara sabally,natasha cloud,courtney vandersloot","./explore?q=jordin%20canada&geo=US"
"philadelphia union vs necaxa standings","1 mil+","9 de agosto de 2026 a las 22:50:00 UTC-3","10 de agosto de 2026 a las 0:00:00 UTC-3","philadelphia union vs necaxa standings,philadelphia union","./explore?q=philadelphia%20union%20vs%20necaxa%20standings&geo=US"
"harlan coben","1 mil+","8 de agosto de 2026 a las 8:40:00 UTC-3","8 de agosto de 2026 a las 10:50:00 UTC-3","harlan coben","./explore?q=harlan%20coben&geo=US"
"jack weisenburger","1 mil+","9 de agosto de 2026 a las 17:10:00 UTC-3","9 de agosto de 2026 a las 18:30:00 UTC-3","jack weisenburger","./explore?q=jack%20weisenburger&geo=US"
"posiciones de barcelona sc contra macará","1 mil+","8 de agosto de 2026 a las 23:30:00 UTC-3","9 de agosto de 2026 a las 0:50:00 UTC-3","posiciones de barcelona sc contra macará,bsc vs macará","./explore?q=posiciones%20de%20barcelona%20sc%20contra%20macar%C3%A1&geo=US"
"guayaquil city - emelec","1 mil+","9 de agosto de 2026 a las 20:50:00 UTC-3","9 de agosto de 2026 a las 22:00:00 UTC-3","guayaquil city - emelec,posiciones de guayaquil city contra emelec","./explore?q=guayaquil%20city%20-%20emelec&geo=US"
"mackenzie dern","1 mil+","8 de agosto de 2026 a las 22:10:00 UTC-3","8 de agosto de 2026 a las 23:20:00 UTC-3","mackenzie dern","./explore?q=mackenzie%20dern&geo=US"
"pa lottery","1 mil+","9 de agosto de 2026 a las 7:40:00 UTC-3","9 de agosto de 2026 a las 9:30:00 UTC-3","pa lottery","./explore?q=pa%20lottery&geo=US"
"shohei ohtani","1 mil+","11 de agosto de 2026 a las 2:30:00 UTC-3","11 de agosto de 2026 a las 3:00:00 UTC-3","shohei ohtani","./explore?q=shohei%20ohtani&geo=US"
"stake","1 mil+","8 de agosto de 2026 a las 22:50:00 UTC-3","9 de agosto de 2026 a las 1:40:00 UTC-3","stake","./explore?q=stake&geo=US"
"estatus de protección temporal","1 mil+","9 de agosto de 2026 a las 11:50:00 UTC-3","9 de agosto de 2026 a las 12:50:00 UTC-3","estatus de protección temporal","./explore?q=estatus%20de%20protecci%C3%B3n%20temporal&geo=US"
"mexico u 20","1 mil+","8 de agosto de 2026 a las 1:20:00 UTC-3","8 de agosto de 2026 a las 3:00:00 UTC-3","mexico u 20,concacaf sub-20,canada vs mexico sub 20,hugo camberos","./explore?q=mexico%20u%2020&geo=US"
"noaa","1 mil+","10 de agosto de 2026 a las 12:00:00 UTC-3","10 de agosto de 2026 a las 13:10:00 UTC-3","noaa","./explore?q=noaa&geo=US"
"sling tv","1 mil+","9 de agosto de 2026 a las 16:10:00 UTC-3","9 de agosto de 2026 a las 17:30:00 UTC-3","sling tv","./explore?q=sling%20tv&geo=US"
"best movies streaming now","1 mil+","8 de agosto de 2026 a las 20:40:00 UTC-3","8 de agosto de 2026 a las 22:20:00 UTC-3","best movies streaming now","./explore?q=best%20movies%20streaming%20now&geo=US"
"ufc 332","1 mil+","8 de agosto de 2026 a las 23:10:00 UTC-3","9 de agosto de 2026 a las 0:40:00 UTC-3","ufc 332","./explore?q=ufc%20332&geo=US"
"barcelona hoy","1 mil+","8 de agosto de 2026 a las 16:40:00 UTC-3","8 de agosto de 2026 a las 18:20:00 UTC-3","barcelona hoy","./explore?q=barcelona%20hoy&geo=US"
"outside lands schedule","1 mil+","9 de agosto de 2026 a las 1:00:00 UTC-3","9 de agosto de 2026 a las 2:50:00 UTC-3","outside lands schedule,joe keery","./explore?q=outside%20lands%20schedule&geo=US"
"svengoolie","1 mil+","8 de agosto de 2026 a las 20:30:00 UTC-3","8 de agosto de 2026 a las 22:00:00 UTC-3","svengoolie","./explore?q=svengoolie&geo=US"
"ian happ","1 mil+","9 de agosto de 2026 a las 17:10:00 UTC-3","9 de agosto de 2026 a las 18:20:00 UTC-3","ian happ,cubs standings","./explore?q=ian%20happ&geo=US"
"yoshinobu yamamoto","1 mil+","8 de agosto de 2026 a las 22:50:00 UTC-3","9 de agosto de 2026 a las 1:50:00 UTC-3","yoshinobu yamamoto","./explore?q=yoshinobu%20yamamoto&geo=US"
"jackson holliday","1 mil+","8 de agosto de 2026 a las 20:50:00 UTC-3","8 de agosto de 2026 a las 23:00:00 UTC-3","jackson holliday","./explore?q=jackson%20holliday&geo=US"
"brooks koepka","1 mil+","9 de agosto de 2026 a las 19:20:00 UTC-3","9 de agosto de 2026 a las 20:10:00 UTC-3","brooks koepka","./explore?q=brooks%20koepka&geo=US"
"mexico","1 mil+","8 de agosto de 2026 a las 1:50:00 UTC-3","8 de agosto de 2026 a las 3:00:00 UTC-3","mexico","./explore?q=mexico&geo=US"
"ronald acuña jr.","1 mil+","8 de agosto de 2026 a las 18:40:00 UTC-3","8 de agosto de 2026 a las 20:00:00 UTC-3","ronald acuña jr.","./explore?q=ronald%20acu%C3%B1a%20jr.&geo=US"
"hunter feduccia","1 mil+","9 de agosto de 2026 a las 0:00:00 UTC-3","9 de agosto de 2026 a las 1:20:00 UTC-3","hunter feduccia","./explore?q=hunter%20feduccia&geo=US"
"rays","1 mil+","9 de agosto de 2026 a las 1:30:00 UTC-3","9 de agosto de 2026 a las 2:20:00 UTC-3","rays,mariners score","./explore?q=rays&geo=US"
"daulton varsho","1 mil+","9 de agosto de 2026 a las 22:20:00 UTC-3","9 de agosto de 2026 a las 22:50:00 UTC-3","daulton varsho","./explore?q=daulton%20varsho&geo=US"
"rangers","1 mil+","8 de agosto de 2026 a las 22:50:00 UTC-3","9 de agosto de 2026 a las 0:00:00 UTC-3","rangers","./explore?q=rangers&geo=US"
"bill maher","1 mil+","8 de agosto de 2026 a las 21:10:00 UTC-3","8 de agosto de 2026 a las 22:30:00 UTC-3","bill maher","./explore?q=bill%20maher&geo=US"
"snl tonight","1 mil+","9 de agosto de 2026 a las 0:20:00 UTC-3","9 de agosto de 2026 a las 1:40:00 UTC-3","snl tonight,snl","./explore?q=snl%20tonight&geo=US"
"paul walker","1 mil+","8 de agosto de 2026 a las 1:50:00 UTC-3","8 de agosto de 2026 a las 5:40:00 UTC-3","paul walker","./explore?q=paul%20walker&geo=US"
"coca cola personalized cans","1 mil+","8 de agosto de 2026 a las 9:40:00 UTC-3","8 de agosto de 2026 a las 11:20:00 UTC-3","coca cola personalized cans","./explore?q=coca%20cola%20personalized%20cans&geo=US"
"cubs - royals","1 mil+","8 de agosto de 2026 a las 22:50:00 UTC-3","8 de agosto de 2026 a las 23:40:00 UTC-3","cubs - royals,yankees vs braves","./explore?q=cubs%20-%20royals&geo=US"
"nyt games","1 mil+","11 de agosto de 2026 a las 11:30:00 UTC-3","11 de agosto de 2026 a las 12:30:00 UTC-3","nyt games,wordle nyt","./explore?q=nyt%20games&geo=US"
"andy pages","500+","15 de agosto de 2026 a las 0:30:00 UTC-3",,"andy pages","./explore?q=andy%20pages&geo=US"
"christian walker","500+","15 de agosto de 2026 a las 0:40:00 UTC-3",,"christian walker","./explore?q=christian%20walker&geo=US"
"ewan mcgregor","500+","15 de agosto de 2026 a las 1:00:00 UTC-3",,"ewan mcgregor","./explore?q=ewan%20mcgregor&geo=US"
"kh4","500+","15 de agosto de 2026 a las 0:30:00 UTC-3",,"kh4","./explore?q=kh4&geo=US"
"tommy edman","500+","15 de agosto de 2026 a las 0:50:00 UTC-3",,"tommy edman","./explore?q=tommy%20edman&geo=US"
"zac veen","500+","15 de agosto de 2026 a las 1:00:00 UTC-3",,"zac veen","./explore?q=zac%20veen&geo=US"
"nascar truck series","500+","14 de agosto de 2026 a las 23:00:00 UTC-3","15 de agosto de 2026 a las 0:00:00 UTC-3","nascar truck series,nascar truck race today","./explore?q=nascar%20truck%20series&geo=US"
"jaafar jackson","500+","15 de agosto de 2026 a las 0:20:00 UTC-3","15 de agosto de 2026 a las 0:40:00 UTC-3","jaafar jackson","./explore?q=jaafar%20jackson&geo=US"
"makayla timpson","500+","14 de agosto de 2026 a las 22:30:00 UTC-3","14 de agosto de 2026 a las 23:30:00 UTC-3","makayla timpson","./explore?q=makayla%20timpson&geo=US"
"kesha","500+","14 de agosto de 2026 a las 19:30:00 UTC-3","15 de agosto de 2026 a las 1:00:00 UTC-3","kesha","./explore?q=kesha&geo=US"
"jaleel mclaughlin","500+","14 de agosto de 2026 a las 21:20:00 UTC-3","14 de agosto de 2026 a las 22:30:00 UTC-3","jaleel mclaughlin","./explore?q=jaleel%20mclaughlin&geo=US"
"zach wilson","500+","14 de agosto de 2026 a las 22:00:00 UTC-3","14 de agosto de 2026 a las 23:10:00 UTC-3","zach wilson","./explore?q=zach%20wilson&geo=US"
"ion","500+","14 de agosto de 2026 a las 20:30:00 UTC-3","14 de agosto de 2026 a las 21:50:00 UTC-3","ion","./explore?q=ion&geo=US"
"cbs","500+","14 de agosto de 2026 a las 20:00:00 UTC-3","14 de agosto de 2026 a las 21:10:00 UTC-3","cbs","./explore?q=cbs&geo=US"
"joan collins","500+","14 de agosto de 2026 a las 21:40:00 UTC-3","14 de agosto de 2026 a las 22:40:00 UTC-3","joan collins","./explore?q=joan%20collins&geo=US"
"eagles preseason schedule","500+","14 de agosto de 2026 a las 20:20:00 UTC-3","14 de agosto de 2026 a las 22:10:00 UTC-3","eagles preseason schedule","./explore?q=eagles%20preseason%20schedule&geo=US"
"sofia vergara","500+","14 de agosto de 2026 a las 22:50:00 UTC-3","14 de agosto de 2026 a las 23:20:00 UTC-3","sofia vergara","./explore?q=sofia%20vergara&geo=US"
"doodle","500+","14 de agosto de 2026 a las 12:10:00 UTC-3","14 de agosto de 2026 a las 17:00:00 UTC-3","doodle","./explore?q=doodle&geo=US"
"zachariah branch","500+","14 de agosto de 2026 a las 21:30:00 UTC-3","14 de agosto de 2026 a las 22:20:00 UTC-3","zachariah branch","./explore?q=zachariah%20branch&geo=US"
"paige bueckers stats","500+","14 de agosto de 2026 a las 20:10:00 UTC-3","14 de agosto de 2026 a las 21:10:00 UTC-3","paige bueckers stats","./explore?q=paige%20bueckers%20stats&geo=US"
"mandalorian and grogu disney+ plus","500+","14 de agosto de 2026 a las 14:40:00 UTC-3","14 de agosto de 2026 a las 16:40:00 UTC-3","mandalorian and grogu disney+ plus","./explore?q=mandalorian%20and%20grogu%20disney%2B%20plus&geo=US"
"dyami brown","500+","14 de agosto de 2026 a las 21:00:00 UTC-3","14 de agosto de 2026 a las 21:40:00 UTC-3","dyami brown","./explore?q=dyami%20brown&geo=US"
"united states department of justice","500+","14 de agosto de 2026 a las 16:10:00 UTC-3","14 de agosto de 2026 a las 17:30:00 UTC-3","united states department of justice","./explore?q=united%20states%20department%20of%20justice&geo=US"
"matt cardona","500+","14 de agosto de 2026 a las 21:50:00 UTC-3","14 de agosto de 2026 a las 22:20:00 UTC-3","matt cardona","./explore?q=matt%20cardona&geo=US"
"grigor dimitrov","500+","14 de agosto de 2026 a las 14:40:00 UTC-3","14 de agosto de 2026 a las 16:10:00 UTC-3","grigor dimitrov","./explore?q=grigor%20dimitrov&geo=US"
"chuk anyanwu big brother interview","500+","14 de agosto de 2026 a las 14:40:00 UTC-3","14 de agosto de 2026 a las 16:20:00 UTC-3","chuk anyanwu big brother interview","./explore?q=chuk%20anyanwu%20big%20brother%20interview&geo=US"
"charlottesville weather","500+","14 de agosto de 2026 a las 18:50:00 UTC-3","14 de agosto de 2026 a las 19:40:00 UTC-3","charlottesville weather","./explore?q=charlottesville%20weather&geo=US"
"mike evans","500+","14 de agosto de 2026 a las 20:50:00 UTC-3","14 de agosto de 2026 a las 21:10:00 UTC-3","mike evans","./explore?q=mike%20evans&geo=US"
"brayton feister","500+","14 de agosto de 2026 a las 13:30:00 UTC-3","14 de agosto de 2026 a las 15:50:00 UTC-3","brayton feister","./explore?q=brayton%20feister&geo=US"
"cameron brink injury","500+","14 de agosto de 2026 a las 10:30:00 UTC-3","14 de agosto de 2026 a las 15:40:00 UTC-3","cameron brink injury","./explore?q=cameron%20brink%20injury&geo=US"
"contexto","500+","14 de agosto de 2026 a las 12:00:00 UTC-3","14 de agosto de 2026 a las 16:20:00 UTC-3","contexto","./explore?q=contexto&geo=US"
"dave bautista","500+","14 de agosto de 2026 a las 7:10:00 UTC-3","14 de agosto de 2026 a las 9:30:00 UTC-3","dave bautista","./explore?q=dave%20bautista&geo=US"
"dorance armstrong","500+","14 de agosto de 2026 a las 16:50:00 UTC-3","14 de agosto de 2026 a las 17:40:00 UTC-3","dorance armstrong","./explore?q=dorance%20armstrong&geo=US"
"jordan lyle","500+","14 de agosto de 2026 a las 0:00:00 UTC-3","14 de agosto de 2026 a las 15:20:00 UTC-3","jordan lyle","./explore?q=jordan%20lyle&geo=US"
"anime origins","500+","14 de agosto de 2026 a las 18:30:00 UTC-3","14 de agosto de 2026 a las 19:10:00 UTC-3","anime origins","./explore?q=anime%20origins&geo=US"
"union pacific merger opposition","500+","14 de agosto de 2026 a las 7:50:00 UTC-3","14 de agosto de 2026 a las 10:10:00 UTC-3","union pacific merger opposition","./explore?q=union%20pacific%20merger%20opposition&geo=US"
"stefanos tsitsipas","500+","14 de agosto de 2026 a las 12:50:00 UTC-3","14 de agosto de 2026 a las 14:20:00 UTC-3","stefanos tsitsipas,tsitsipas","./explore?q=stefanos%20tsitsipas&geo=US"
"new york times games","500+","14 de agosto de 2026 a las 11:40:00 UTC-3","14 de agosto de 2026 a las 14:00:00 UTC-3","new york times games","./explore?q=new%20york%20times%20games&geo=US"
"isaac teslaa","500+","14 de agosto de 2026 a las 12:50:00 UTC-3","14 de agosto de 2026 a las 14:40:00 UTC-3","isaac teslaa","./explore?q=isaac%20teslaa&geo=US"
"riftbound t1 bundle","500+","14 de agosto de 2026 a las 13:30:00 UTC-3","14 de agosto de 2026 a las 14:30:00 UTC-3","riftbound t1 bundle,riftbound t1","./explore?q=riftbound%20t1%20bundle&geo=US"
"weather san antonio","500+","14 de agosto de 2026 a las 17:50:00 UTC-3","14 de agosto de 2026 a las 18:30:00 UTC-3","weather san antonio","./explore?q=weather%20san%20antonio&geo=US"
"leon cooperman","500+","14 de agosto de 2026 a las 11:30:00 UTC-3","14 de agosto de 2026 a las 12:30:00 UTC-3","leon cooperman","./explore?q=leon%20cooperman&geo=US"
"petroleum","500+","14 de agosto de 2026 a las 14:30:00 UTC-3","14 de agosto de 2026 a las 15:40:00 UTC-3","petroleum","./explore?q=petroleum&geo=US"
"west wilson dating amanda batula","500+","14 de agosto de 2026 a las 14:10:00 UTC-3","14 de agosto de 2026 a las 15:20:00 UTC-3","west wilson dating amanda batula","./explore?q=west%20wilson%20dating%20amanda%20batula&geo=US"
"bassmaster","500+","14 de agosto de 2026 a las 9:20:00 UTC-3","14 de agosto de 2026 a las 11:10:00 UTC-3","bassmaster","./explore?q=bassmaster&geo=US"
"japan","500+","14 de agosto de 2026 a las 14:10:00 UTC-3","14 de agosto de 2026 a las 15:50:00 UTC-3","japan","./explore?q=japan&geo=US"
"riot","500+","14 de agosto de 2026 a las 13:20:00 UTC-3","14 de agosto de 2026 a las 14:30:00 UTC-3","riot","./explore?q=riot&geo=US"
"lacey chabert","500+","14 de agosto de 2026 a las 10:40:00 UTC-3","14 de agosto de 2026 a las 11:50:00 UTC-3","lacey chabert","./explore?q=lacey%20chabert&geo=US"
"kevin rideout","500+","14 de agosto de 2026 a las 0:10:00 UTC-3","14 de agosto de 2026 a las 9:40:00 UTC-3","kevin rideout","./explore?q=kevin%20rideout&geo=US"
"appletv","500+","14 de agosto de 2026 a las 15:50:00 UTC-3","14 de agosto de 2026 a las 16:20:00 UTC-3","appletv","./explore?q=appletv&geo=US"
"ponzi scheme","500+","14 de agosto de 2026 a las 0:40:00 UTC-3","14 de agosto de 2026 a las 2:30:00 UTC-3","ponzi scheme","./explore?q=ponzi%20scheme&geo=US"
"dodger game","500+","14 de agosto de 2026 a las 1:30:00 UTC-3","14 de agosto de 2026 a las 3:00:00 UTC-3","dodger game","./explore?q=dodger%20game&geo=US"
"anthony anderson","500+","14 de agosto de 2026 a las 1:10:00 UTC-3","14 de agosto de 2026 a las 2:40:00 UTC-3","anthony anderson","./explore?q=anthony%20anderson&geo=US"
"uae team emirates-xrg","500+","14 de agosto de 2026 a las 10:20:00 UTC-3","14 de agosto de 2026 a las 13:50:00 UTC-3","uae team emirates-xrg","./explore?q=uae%20team%20emirates-xrg&geo=US"
"nancy guthrie update","500+","14 de agosto de 2026 a las 6:50:00 UTC-3","14 de agosto de 2026 a las 8:10:00 UTC-3","nancy guthrie update","./explore?q=nancy%20guthrie%20update&geo=US"
"max hurleman","500+","13 de agosto de 2026 a las 22:30:00 UTC-3","13 de agosto de 2026 a las 23:40:00 UTC-3","max hurleman","./explore?q=max%20hurleman&geo=US"
"kcci weather","500+","13 de agosto de 2026 a las 8:00:00 UTC-3","13 de agosto de 2026 a las 10:20:00 UTC-3","kcci weather","./explore?q=kcci%20weather&geo=US"
"bumble","500+","14 de agosto de 2026 a las 7:50:00 UTC-3","14 de agosto de 2026 a las 9:50:00 UTC-3","bumble,app","./explore?q=bumble&geo=US"
"jenny marrs","500+","13 de agosto de 2026 a las 7:10:00 UTC-3","13 de agosto de 2026 a las 10:20:00 UTC-3","jenny marrs","./explore?q=jenny%20marrs&geo=US"
"kaleb johnson","500+","13 de agosto de 2026 a las 21:10:00 UTC-3","13 de agosto de 2026 a las 23:50:00 UTC-3","kaleb johnson","./explore?q=kaleb%20johnson&geo=US"
"trevor megill","500+","14 de agosto de 2026 a las 2:00:00 UTC-3","14 de agosto de 2026 a las 3:10:00 UTC-3","trevor megill","./explore?q=trevor%20megill&geo=US"
"motagua - cartaginés","500+","13 de agosto de 2026 a las 6:20:00 UTC-3","13 de agosto de 2026 a las 9:20:00 UTC-3","motagua - cartaginés","./explore?q=motagua%20-%20cartagin%C3%A9s&geo=US"
"roki sasaki","500+","14 de agosto de 2026 a las 0:00:00 UTC-3","14 de agosto de 2026 a las 1:10:00 UTC-3","roki sasaki","./explore?q=roki%20sasaki&geo=US"
"shelbourne vs ajax","500+","13 de agosto de 2026 a las 15:20:00 UTC-3","13 de agosto de 2026 a las 17:20:00 UTC-3","shelbourne vs ajax","./explore?q=shelbourne%20vs%20ajax&geo=US"
"cam heyward","500+","13 de agosto de 2026 a las 22:30:00 UTC-3","13 de agosto de 2026 a las 23:30:00 UTC-3","cam heyward","./explore?q=cam%20heyward&geo=US"
"wayne rooney","500+","13 de agosto de 2026 a las 7:50:00 UTC-3","13 de agosto de 2026 a las 10:30:00 UTC-3","wayne rooney","./explore?q=wayne%20rooney&geo=US"
"dre greenlaw","500+","14 de agosto de 2026 a las 0:10:00 UTC-3","14 de agosto de 2026 a las 1:20:00 UTC-3","dre greenlaw","./explore?q=dre%20greenlaw&geo=US"
"james franco","500+","14 de agosto de 2026 a las 1:00:00 UTC-3","14 de agosto de 2026 a las 2:00:00 UTC-3","james franco","./explore?q=james%20franco&geo=US"
"savannah guthrie","500+","13 de agosto de 2026 a las 13:40:00 UTC-3","13 de agosto de 2026 a las 15:00:00 UTC-3","savannah guthrie","./explore?q=savannah%20guthrie&geo=US"
"cj stroud","500+","13 de agosto de 2026 a las 23:00:00 UTC-3","14 de agosto de 2026 a las 0:10:00 UTC-3","cj stroud","./explore?q=cj%20stroud&geo=US"
"2027 lincoln nautilus updates","500+","13 de agosto de 2026 a las 16:30:00 UTC-3","13 de agosto de 2026 a las 17:50:00 UTC-3","2027 lincoln nautilus updates","./explore?q=2027%20lincoln%20nautilus%20updates&geo=US"
"gennings dunker","500+","13 de agosto de 2026 a las 22:50:00 UTC-3","13 de agosto de 2026 a las 23:50:00 UTC-3","gennings dunker","./explore?q=gennings%20dunker&geo=US"
"ritchie blackmore","500+","13 de agosto de 2026 a las 8:30:00 UTC-3","13 de agosto de 2026 a las 10:50:00 UTC-3","ritchie blackmore","./explore?q=ritchie%20blackmore&geo=US"
"lena dunham","500+","13 de agosto de 2026 a las 2:00:00 UTC-3","13 de agosto de 2026 a las 6:00:00 UTC-3","lena dunham","./explore?q=lena%20dunham&geo=US"
"marlin klein","500+","13 de agosto de 2026 a las 21:30:00 UTC-3","13 de agosto de 2026 a las 22:40:00 UTC-3","marlin klein","./explore?q=marlin%20klein&geo=US"
"cedrick wilson jr.","500+","13 de agosto de 2026 a las 20:30:00 UTC-3","13 de agosto de 2026 a las 21:30:00 UTC-3","cedrick wilson jr.","./explore?q=cedrick%20wilson%20jr.&geo=US"
"zachary svajda","500+","14 de agosto de 2026 a las 1:20:00 UTC-3","14 de agosto de 2026 a las 2:10:00 UTC-3","zachary svajda,mattia bellucci","./explore?q=zachary%20svajda&geo=US"
"cable tv","500+","13 de agosto de 2026 a las 22:30:00 UTC-3","13 de agosto de 2026 a las 23:30:00 UTC-3","cable tv","./explore?q=cable%20tv&geo=US"
"beşiktaş vs hradec králové","500+","13 de agosto de 2026 a las 13:40:00 UTC-3","13 de agosto de 2026 a las 15:40:00 UTC-3","beşiktaş vs hradec králové","./explore?q=be%C5%9Fikta%C5%9F%20vs%20hradec%20kr%C3%A1lov%C3%A9&geo=US"
"dennis rodman","500+","13 de agosto de 2026 a las 22:30:00 UTC-3","13 de agosto de 2026 a las 23:40:00 UTC-3","dennis rodman","./explore?q=dennis%20rodman&geo=US"
"kitchen","500+","13 de agosto de 2026 a las 7:20:00 UTC-3","13 de agosto de 2026 a las 9:30:00 UTC-3","kitchen","./explore?q=kitchen&geo=US"
"xbox cloud gaming","500+","13 de agosto de 2026 a las 4:30:00 UTC-3","13 de agosto de 2026 a las 14:00:00 UTC-3","xbox cloud gaming","./explore?q=xbox%20cloud%20gaming&geo=US"
"juan soto","500+","13 de agosto de 2026 a las 21:10:00 UTC-3","13 de agosto de 2026 a las 22:20:00 UTC-3","juan soto","./explore?q=juan%20soto&geo=US"
"nfl redzone","500+","13 de agosto de 2026 a las 20:20:00 UTC-3","13 de agosto de 2026 a las 21:30:00 UTC-3","nfl redzone","./explore?q=nfl%20redzone&geo=US"
"temblor en california hoy","500+","13 de agosto de 2026 a las 12:30:00 UTC-3","13 de agosto de 2026 a las 13:40:00 UTC-3","temblor en california hoy","./explore?q=temblor%20en%20california%20hoy&geo=US"
"dk metcalf","500+","13 de agosto de 2026 a las 20:40:00 UTC-3","13 de agosto de 2026 a las 21:40:00 UTC-3","dk metcalf","./explore?q=dk%20metcalf&geo=US"
"usaid funding cuts nepal","500+","13 de agosto de 2026 a las 20:00:00 UTC-3","13 de agosto de 2026 a las 21:10:00 UTC-3","usaid funding cuts nepal","./explore?q=usaid%20funding%20cuts%20nepal&geo=US"
"league cup","500+","14 de agosto de 2026 a las 0:10:00 UTC-3","14 de agosto de 2026 a las 0:50:00 UTC-3","league cup","./explore?q=league%20cup&geo=US"
"gasoline station near me","500+","14 de agosto de 2026 a las 9:00:00 UTC-3","14 de agosto de 2026 a las 9:30:00 UTC-3","gasoline station near me,dance","./explore?q=gasoline%20station%20near%20me&geo=US"
"senator mitch mcconnell","500+","13 de agosto de 2026 a las 18:40:00 UTC-3","13 de agosto de 2026 a las 19:40:00 UTC-3","senator mitch mcconnell","./explore?q=senator%20mitch%20mcconnell&geo=US"
"hakeem jeffries","500+","13 de agosto de 2026 a las 20:10:00 UTC-3","13 de agosto de 2026 a las 21:00:00 UTC-3","hakeem jeffries","./explore?q=hakeem%20jeffries&geo=US"
"italy","500+","13 de agosto de 2026 a las 12:20:00 UTC-3","13 de agosto de 2026 a las 16:00:00 UTC-3","italy","./explore?q=italy&geo=US"
"ashley scoggin","500+","12 de agosto de 2026 a las 7:40:00 UTC-3","12 de agosto de 2026 a las 10:20:00 UTC-3","ashley scoggin","./explore?q=ashley%20scoggin&geo=US"
"marine one","500+","13 de agosto de 2026 a las 9:10:00 UTC-3","13 de agosto de 2026 a las 10:40:00 UTC-3","marine one","./explore?q=marine%20one&geo=US"
"bengals depth chart","500+","13 de agosto de 2026 a las 20:20:00 UTC-3","13 de agosto de 2026 a las 21:20:00 UTC-3","bengals depth chart","./explore?q=bengals%20depth%20chart&geo=US"
"ben rice","500+","12 de agosto de 2026 a las 23:00:00 UTC-3","13 de agosto de 2026 a las 0:10:00 UTC-3","ben rice","./explore?q=ben%20rice&geo=US"
"angels game","500+","13 de agosto de 2026 a las 1:30:00 UTC-3","13 de agosto de 2026 a las 3:10:00 UTC-3","angels game","./explore?q=angels%20game&geo=US"
"nancy grace","500+","13 de agosto de 2026 a las 22:50:00 UTC-3","13 de agosto de 2026 a las 23:40:00 UTC-3","nancy grace","./explore?q=nancy%20grace&geo=US"
"earthquake san jose","500+","13 de agosto de 2026 a las 12:30:00 UTC-3","13 de agosto de 2026 a las 13:40:00 UTC-3","earthquake san jose","./explore?q=earthquake%20san%20jose&geo=US"
"noah whittington","500+","13 de agosto de 2026 a las 22:10:00 UTC-3","13 de agosto de 2026 a las 23:00:00 UTC-3","noah whittington","./explore?q=noah%20whittington&geo=US"
"where to watch atlanta dream vs connecticut sun","500+","13 de agosto de 2026 a las 20:10:00 UTC-3","13 de agosto de 2026 a las 21:00:00 UTC-3","where to watch atlanta dream vs connecticut sun","./explore?q=where%20to%20watch%20atlanta%20dream%20vs%20connecticut%20sun&geo=US"
"bb28","500+","13 de agosto de 2026 a las 22:00:00 UTC-3","13 de agosto de 2026 a las 22:40:00 UTC-3","bb28","./explore?q=bb28&geo=US"
"tony pollard","500+","13 de agosto de 2026 a las 22:50:00 UTC-3","13 de agosto de 2026 a las 23:30:00 UTC-3","tony pollard","./explore?q=tony%20pollard&geo=US"
"hood stock","500+","13 de agosto de 2026 a las 11:10:00 UTC-3","13 de agosto de 2026 a las 12:30:00 UTC-3","hood stock","./explore?q=hood%20stock&geo=US"
"guy fieri","500+","13 de agosto de 2026 a las 21:20:00 UTC-3","13 de agosto de 2026 a las 22:10:00 UTC-3","guy fieri","./explore?q=guy%20fieri&geo=US"
"omar cooper jr","500+","13 de agosto de 2026 a las 0:10:00 UTC-3","13 de agosto de 2026 a las 1:30:00 UTC-3","omar cooper jr","./explore?q=omar%20cooper%20jr&geo=US"
"sunshine","500+","13 de agosto de 2026 a las 0:40:00 UTC-3","13 de agosto de 2026 a las 5:40:00 UTC-3","sunshine","./explore?q=sunshine&geo=US"
"salvador perez","500+","12 de agosto de 2026 a las 1:10:00 UTC-3","12 de agosto de 2026 a las 3:00:00 UTC-3","salvador perez","./explore?q=salvador%20perez&geo=US"
"abimelec ortiz","500+","13 de agosto de 2026 a las 19:00:00 UTC-3","13 de agosto de 2026 a las 19:30:00 UTC-3","abimelec ortiz","./explore?q=abimelec%20ortiz&geo=US"
"launchpad","500+","12 de agosto de 2026 a las 8:20:00 UTC-3","12 de agosto de 2026 a las 10:00:00 UTC-3","launchpad","./explore?q=launchpad&geo=US"
"chase brown","500+","13 de agosto de 2026 a las 20:50:00 UTC-3","13 de agosto de 2026 a las 21:30:00 UTC-3","chase brown","./explore?q=chase%20brown&geo=US"
"crm stock","500+","13 de agosto de 2026 a las 16:10:00 UTC-3","13 de agosto de 2026 a las 17:10:00 UTC-3","crm stock","./explore?q=crm%20stock&geo=US"
"riot stock","500+","11 de agosto de 2026 a las 8:30:00 UTC-3","11 de agosto de 2026 a las 11:50:00 UTC-3","riot stock","./explore?q=riot%20stock&geo=US"
"economic calendar","500+","13 de agosto de 2026 a las 9:20:00 UTC-3","13 de agosto de 2026 a las 10:40:00 UTC-3","economic calendar","./explore?q=economic%20calendar&geo=US"
"roy cooper michael whatley poll","500+","11 de agosto de 2026 a las 7:30:00 UTC-3","11 de agosto de 2026 a las 10:40:00 UTC-3","roy cooper michael whatley poll","./explore?q=roy%20cooper%20michael%20whatley%20poll&geo=US"
"bryce eldridge","500+","12 de agosto de 2026 a las 0:30:00 UTC-3","12 de agosto de 2026 a las 2:30:00 UTC-3","bryce eldridge","./explore?q=bryce%20eldridge&geo=US"
"brock bowers","500+","13 de agosto de 2026 a las 21:40:00 UTC-3","13 de agosto de 2026 a las 22:20:00 UTC-3","brock bowers","./explore?q=brock%20bowers&geo=US"
"the end of oak street movie netflix","500+","13 de agosto de 2026 a las 21:10:00 UTC-3","13 de agosto de 2026 a las 21:50:00 UTC-3","the end of oak street movie netflix","./explore?q=the%20end%20of%20oak%20street%20movie%20netflix&geo=US"
"insurance","500+","12 de agosto de 2026 a las 6:30:00 UTC-3","12 de agosto de 2026 a las 7:30:00 UTC-3","insurance","./explore?q=insurance&geo=US"
"corey seager","500+","13 de agosto de 2026 a las 0:00:00 UTC-3","13 de agosto de 2026 a las 1:10:00 UTC-3","corey seager","./explore?q=corey%20seager&geo=US"
"el niño","500+","11 de agosto de 2026 a las 7:30:00 UTC-3","11 de agosto de 2026 a las 10:00:00 UTC-3","el niño","./explore?q=el%20ni%C3%B1o&geo=US"
"who wants to be a millionaire","500+","12 de agosto de 2026 a las 21:40:00 UTC-3","12 de agosto de 2026 a las 22:40:00 UTC-3","who wants to be a millionaire","./explore?q=who%20wants%20to%20be%20a%20millionaire&geo=US"
"mn lynx","500+","12 de agosto de 2026 a las 23:30:00 UTC-3","13 de agosto de 2026 a las 0:30:00 UTC-3","mn lynx","./explore?q=mn%20lynx&geo=US"
"google search","500+","12 de agosto de 2026 a las 18:40:00 UTC-3","12 de agosto de 2026 a las 19:50:00 UTC-3","google search","./explore?q=google%20search&geo=US"
"gen z years","500+","12 de agosto de 2026 a las 8:40:00 UTC-3","12 de agosto de 2026 a las 11:00:00 UTC-3","gen z years","./explore?q=gen%20z%20years&geo=US"
"tribunal penal internacional","500+","13 de agosto de 2026 a las 20:10:00 UTC-3","13 de agosto de 2026 a las 20:50:00 UTC-3","tribunal penal internacional","./explore?q=tribunal%20penal%20internacional&geo=US"
"deidre hall","500+","12 de agosto de 2026 a las 20:50:00 UTC-3","12 de agosto de 2026 a las 21:50:00 UTC-3","deidre hall","./explore?q=deidre%20hall&geo=US"
"leon fc","500+","12 de agosto de 2026 a las 22:30:00 UTC-3","12 de agosto de 2026 a las 23:40:00 UTC-3","leon fc","./explore?q=leon%20fc&geo=US"
"wsaz","500+","12 de agosto de 2026 a las 7:10:00 UTC-3","12 de agosto de 2026 a las 9:40:00 UTC-3","wsaz","./explore?q=wsaz&geo=US"
"pearl abyss future game plans","500+","12 de agosto de 2026 a las 7:00:00 UTC-3","12 de agosto de 2026 a las 9:30:00 UTC-3","pearl abyss future game plans","./explore?q=pearl%20abyss%20future%20game%20plans&geo=US"
"dorinda medley","500+","11 de agosto de 2026 a las 23:40:00 UTC-3","12 de agosto de 2026 a las 0:50:00 UTC-3","dorinda medley","./explore?q=dorinda%20medley&geo=US"
"tyson fury","500+","13 de agosto de 2026 a las 22:40:00 UTC-3","13 de agosto de 2026 a las 23:10:00 UTC-3","tyson fury","./explore?q=tyson%20fury&geo=US"
"xbox game pass","500+","11 de agosto de 2026 a las 10:10:00 UTC-3","11 de agosto de 2026 a las 11:50:00 UTC-3","xbox game pass","./explore?q=xbox%20game%20pass&geo=US"
"oscar isaac","500+","11 de agosto de 2026 a las 23:20:00 UTC-3","12 de agosto de 2026 a las 0:30:00 UTC-3","oscar isaac","./explore?q=oscar%20isaac&geo=US"
"zero-day vulnerability","500+","12 de agosto de 2026 a las 18:10:00 UTC-3","12 de agosto de 2026 a las 19:20:00 UTC-3","zero-day vulnerability,microsoft","./explore?q=zero-day%20vulnerability&geo=US"
"t-mobile us job cuts","500+","10 de agosto de 2026 a las 13:10:00 UTC-3","10 de agosto de 2026 a las 16:00:00 UTC-3","t-mobile us job cuts","./explore?q=t-mobile%20us%20job%20cuts&geo=US"
"xbox elite 3 leaked prototype","500+","12 de agosto de 2026 a las 7:10:00 UTC-3","12 de agosto de 2026 a las 9:40:00 UTC-3","xbox elite 3 leaked prototype","./explore?q=xbox%20elite%203%20leaked%20prototype&geo=US"
"jasmine crockett","500+","11 de agosto de 2026 a las 1:20:00 UTC-3","11 de agosto de 2026 a las 5:30:00 UTC-3","jasmine crockett","./explore?q=jasmine%20crockett&geo=US"
"jam miller","500+","13 de agosto de 2026 a las 21:10:00 UTC-3","13 de agosto de 2026 a las 21:40:00 UTC-3","jam miller","./explore?q=jam%20miller&geo=US"
"football schedule","500+","13 de agosto de 2026 a las 20:30:00 UTC-3","13 de agosto de 2026 a las 21:00:00 UTC-3","football schedule","./explore?q=football%20schedule&geo=US"
"jd sports yeezy slides","500+","13 de agosto de 2026 a las 11:30:00 UTC-3","13 de agosto de 2026 a las 12:20:00 UTC-3","jd sports yeezy slides,yeezy slides jd sports","./explore?q=jd%20sports%20yeezy%20slides&geo=US"
"dodgers vs royals","500+","12 de agosto de 2026 a las 1:30:00 UTC-3","12 de agosto de 2026 a las 3:00:00 UTC-3","dodgers vs royals","./explore?q=dodgers%20vs%20royals&geo=US"
"jung hoo lee","500+","11 de agosto de 2026 a las 0:30:00 UTC-3","11 de agosto de 2026 a las 2:40:00 UTC-3","jung hoo lee","./explore?q=jung%20hoo%20lee&geo=US"
"tyler allgeier","500+","13 de agosto de 2026 a las 22:00:00 UTC-3","13 de agosto de 2026 a las 22:30:00 UTC-3","tyler allgeier","./explore?q=tyler%20allgeier&geo=US"
"auto accident lawyer","500+","14 de agosto de 2026 a las 6:00:00 UTC-3","14 de agosto de 2026 a las 6:20:00 UTC-3","auto accident lawyer","./explore?q=auto%20accident%20lawyer&geo=US"
"chris jericho","500+","12 de agosto de 2026 a las 22:20:00 UTC-3","12 de agosto de 2026 a las 23:20:00 UTC-3","chris jericho","./explore?q=chris%20jericho&geo=US"
"neil calfas","500+","12 de agosto de 2026 a las 15:40:00 UTC-3","12 de agosto de 2026 a las 16:40:00 UTC-3","neil calfas","./explore?q=neil%20calfas&geo=US"
"max muncy","500+","11 de agosto de 2026 a las 1:30:00 UTC-3","11 de agosto de 2026 a las 3:00:00 UTC-3","max muncy","./explore?q=max%20muncy&geo=US"
"tanner rainey","500+","12 de agosto de 2026 a las 22:20:00 UTC-3","12 de agosto de 2026 a las 23:10:00 UTC-3","tanner rainey","./explore?q=tanner%20rainey&geo=US"
"brad pitt","500+","13 de agosto de 2026 a las 14:30:00 UTC-3","13 de agosto de 2026 a las 14:50:00 UTC-3","brad pitt","./explore?q=brad%20pitt&geo=US"
"copa libertadores","500+","11 de agosto de 2026 a las 20:50:00 UTC-3","11 de agosto de 2026 a las 22:40:00 UTC-3","copa libertadores","./explore?q=copa%20libertadores&geo=US"
"kcrg","500+","11 de agosto de 2026 a las 9:20:00 UTC-3","11 de agosto de 2026 a las 10:50:00 UTC-3","kcrg","./explore?q=kcrg&geo=US"
"monterrey fc","500+","12 de agosto de 2026 a las 23:00:00 UTC-3","12 de agosto de 2026 a las 23:50:00 UTC-3","monterrey fc","./explore?q=monterrey%20fc&geo=US"
"teresa giudice","500+","10 de agosto de 2026 a las 10:20:00 UTC-3","10 de agosto de 2026 a las 12:30:00 UTC-3","teresa giudice","./explore?q=teresa%20giudice&geo=US"
"tony larussa","500+","11 de agosto de 2026 a las 21:20:00 UTC-3","11 de agosto de 2026 a las 22:30:00 UTC-3","tony larussa","./explore?q=tony%20larussa&geo=US"
"freddie freeman","500+","11 de agosto de 2026 a las 1:40:00 UTC-3","11 de agosto de 2026 a las 3:10:00 UTC-3","freddie freeman","./explore?q=freddie%20freeman&geo=US"
"earthquake california","500+","12 de agosto de 2026 a las 3:10:00 UTC-3","12 de agosto de 2026 a las 4:20:00 UTC-3","earthquake california,california earthquake","./explore?q=earthquake%20california&geo=US"
"howie mandel","500+","11 de agosto de 2026 a las 21:30:00 UTC-3","11 de agosto de 2026 a las 22:40:00 UTC-3","howie mandel","./explore?q=howie%20mandel&geo=US"
"lotería nacional","500+","12 de agosto de 2026 a las 22:20:00 UTC-3","12 de agosto de 2026 a las 23:10:00 UTC-3","lotería nacional","./explore?q=loter%C3%ADa%20nacional&geo=US"
"rey fenix","500+","10 de agosto de 2026 a las 3:40:00 UTC-3","10 de agosto de 2026 a las 6:50:00 UTC-3","rey fenix","./explore?q=rey%20fenix&geo=US"
"max muncy","500+","12 de agosto de 2026 a las 2:00:00 UTC-3","12 de agosto de 2026 a las 3:10:00 UTC-3","max muncy","./explore?q=max%20muncy&geo=US"
"ryan hall","500+","11 de agosto de 2026 a las 16:30:00 UTC-3","11 de agosto de 2026 a las 17:40:00 UTC-3","ryan hall","./explore?q=ryan%20hall&geo=US"
"nhc","500+","10 de agosto de 2026 a las 7:50:00 UTC-3","10 de agosto de 2026 a las 10:10:00 UTC-3","nhc","./explore?q=nhc&geo=US"
"noah cameron","500+","10 de agosto de 2026 a las 23:50:00 UTC-3","11 de agosto de 2026 a las 1:20:00 UTC-3","noah cameron","./explore?q=noah%20cameron&geo=US"
"tomb","500+","11 de agosto de 2026 a las 8:40:00 UTC-3","11 de agosto de 2026 a las 11:50:00 UTC-3","tomb","./explore?q=tomb&geo=US"
"aaron pierre","500+","12 de agosto de 2026 a las 1:40:00 UTC-3","12 de agosto de 2026 a las 2:30:00 UTC-3","aaron pierre","./explore?q=aaron%20pierre&geo=US"
"star trek: strange new worlds season 4","500+","13 de agosto de 2026 a las 16:40:00 UTC-3","13 de agosto de 2026 a las 17:10:00 UTC-3","star trek: strange new worlds season 4","./explore?q=star%20trek%3A%20strange%20new%20worlds%20season%204&geo=US"
"omaha weather","500+","12 de agosto de 2026 a las 8:00:00 UTC-3","12 de agosto de 2026 a las 9:20:00 UTC-3","omaha weather","./explore?q=omaha%20weather&geo=US"
"selena gomez","500+","11 de agosto de 2026 a las 7:00:00 UTC-3","11 de agosto de 2026 a las 9:00:00 UTC-3","selena gomez","./explore?q=selena%20gomez&geo=US"
"kcrg weather","500+","11 de agosto de 2026 a las 9:30:00 UTC-3","11 de agosto de 2026 a las 10:50:00 UTC-3","kcrg weather","./explore?q=kcrg%20weather&geo=US"
"queen elizabeth","500+","10 de agosto de 2026 a las 22:20:00 UTC-3","10 de agosto de 2026 a las 23:30:00 UTC-3","queen elizabeth","./explore?q=queen%20elizabeth&geo=US"
"windows 11 weather app ram","500+","10 de agosto de 2026 a las 9:50:00 UTC-3","10 de agosto de 2026 a las 13:30:00 UTC-3","windows 11 weather app ram","./explore?q=windows%2011%20weather%20app%20ram&geo=US"
"weather indianapolis","500+","11 de agosto de 2026 a las 15:10:00 UTC-3","11 de agosto de 2026 a las 16:10:00 UTC-3","weather indianapolis","./explore?q=weather%20indianapolis&geo=US"
"ned lamont","500+","11 de agosto de 2026 a las 22:20:00 UTC-3","12 de agosto de 2026 a las 8:40:00 UTC-3","ned lamont","./explore?q=ned%20lamont&geo=US"
"dakota ditcheva","500+","10 de agosto de 2026 a las 8:10:00 UTC-3","10 de agosto de 2026 a las 10:50:00 UTC-3","dakota ditcheva","./explore?q=dakota%20ditcheva&geo=US"
"spotify","500+","11 de agosto de 2026 a las 12:10:00 UTC-3","11 de agosto de 2026 a las 18:20:00 UTC-3","spotify","./explore?q=spotify&geo=US"
"court tv","500+","11 de agosto de 2026 a las 10:40:00 UTC-3","11 de agosto de 2026 a las 12:50:00 UTC-3","court tv","./explore?q=court%20tv&geo=US"
"chase delauter","500+","11 de agosto de 2026 a las 20:40:00 UTC-3","11 de agosto de 2026 a las 21:40:00 UTC-3","chase delauter","./explore?q=chase%20delauter&geo=US"
"jamie dimon","500+","10 de agosto de 2026 a las 9:50:00 UTC-3","10 de agosto de 2026 a las 11:00:00 UTC-3","jamie dimon","./explore?q=jamie%20dimon&geo=US"
"brent headrick","500+","12 de agosto de 2026 a las 23:10:00 UTC-3","12 de agosto de 2026 a las 23:50:00 UTC-3","brent headrick","./explore?q=brent%20headrick&geo=US"
"kenley jansen","500+","11 de agosto de 2026 a las 22:40:00 UTC-3","11 de agosto de 2026 a las 23:30:00 UTC-3","kenley jansen","./explore?q=kenley%20jansen&geo=US"
"rescue dog","500+","12 de agosto de 2026 a las 20:10:00 UTC-3","12 de agosto de 2026 a las 20:50:00 UTC-3","rescue dog","./explore?q=rescue%20dog&geo=US"
"delta air lines","500+","12 de agosto de 2026 a las 9:20:00 UTC-3","12 de agosto de 2026 a las 10:10:00 UTC-3","delta air lines,delta flight unauthorized wi fi","./explore?q=delta%20air%20lines&geo=US"
"jk dobbins","500+","10 de agosto de 2026 a las 15:40:00 UTC-3","10 de agosto de 2026 a las 17:30:00 UTC-3","jk dobbins","./explore?q=jk%20dobbins&geo=US"
"bears schedule","500+","13 de agosto de 2026 a las 21:30:00 UTC-3","13 de agosto de 2026 a las 21:50:00 UTC-3","bears schedule","./explore?q=bears%20schedule&geo=US"
"christian yelich","500+","10 de agosto de 2026 a las 23:20:00 UTC-3","11 de agosto de 2026 a las 0:40:00 UTC-3","christian yelich","./explore?q=christian%20yelich&geo=US"
"tice","500+","10 de agosto de 2026 a las 22:20:00 UTC-3","10 de agosto de 2026 a las 23:30:00 UTC-3","tice,guardian","./explore?q=tice&geo=US"
"cnn","500+","11 de agosto de 2026 a las 12:20:00 UTC-3","11 de agosto de 2026 a las 20:00:00 UTC-3","cnn","./explore?q=cnn&geo=US"
"ukraine news","500+","11 de agosto de 2026 a las 11:00:00 UTC-3","11 de agosto de 2026 a las 12:50:00 UTC-3","ukraine news","./explore?q=ukraine%20news&geo=US"
"daniel lynch iv","500+","12 de agosto de 2026 a las 23:50:00 UTC-3","13 de agosto de 2026 a las 0:30:00 UTC-3","daniel lynch iv","./explore?q=daniel%20lynch%20iv&geo=US"
"dia dos pais brasil","500+","9 de agosto de 2026 a las 9:20:00 UTC-3","9 de agosto de 2026 a las 11:50:00 UTC-3","dia dos pais brasil","./explore?q=dia%20dos%20pais%20brasil&geo=US"
"ryan seacrest","500+","10 de agosto de 2026 a las 20:30:00 UTC-3","10 de agosto de 2026 a las 21:40:00 UTC-3","ryan seacrest","./explore?q=ryan%20seacrest&geo=US"
"weather dc","500+","10 de agosto de 2026 a las 17:40:00 UTC-3","11 de agosto de 2026 a las 8:30:00 UTC-3","weather dc","./explore?q=weather%20dc&geo=US"
"anna paulina luna","500+","10 de agosto de 2026 a las 21:10:00 UTC-3","10 de agosto de 2026 a las 22:10:00 UTC-3","anna paulina luna","./explore?q=anna%20paulina%20luna&geo=US"
"lyon richardson","500+","11 de agosto de 2026 a las 0:30:00 UTC-3","11 de agosto de 2026 a las 1:40:00 UTC-3","lyon richardson","./explore?q=lyon%20richardson&geo=US"
"paul orndorff","500+","11 de agosto de 2026 a las 22:40:00 UTC-3","11 de agosto de 2026 a las 23:30:00 UTC-3","paul orndorff","./explore?q=paul%20orndorff&geo=US"
"cubs standings","500+","11 de agosto de 2026 a las 23:20:00 UTC-3","12 de agosto de 2026 a las 0:00:00 UTC-3","cubs standings","./explore?q=cubs%20standings&geo=US"
"illinois lottery","500+","9 de agosto de 2026 a las 8:30:00 UTC-3","9 de agosto de 2026 a las 11:20:00 UTC-3","illinois lottery","./explore?q=illinois%20lottery&geo=US"
"philadelphia","500+","10 de agosto de 2026 a las 15:30:00 UTC-3","10 de agosto de 2026 a las 17:10:00 UTC-3","philadelphia","./explore?q=philadelphia&geo=US"
"kinley rasmus","500+","11 de agosto de 2026 a las 21:30:00 UTC-3","11 de agosto de 2026 a las 22:30:00 UTC-3","kinley rasmus","./explore?q=kinley%20rasmus&geo=US"
"abe alsaghir","500+","11 de agosto de 2026 a las 21:30:00 UTC-3","11 de agosto de 2026 a las 22:40:00 UTC-3","abe alsaghir","./explore?q=abe%20alsaghir&geo=US"
"colorado","500+","11 de agosto de 2026 a las 12:10:00 UTC-3","11 de agosto de 2026 a las 13:20:00 UTC-3","colorado,cars","./explore?q=colorado&geo=US"
"drew gilbert","500+","11 de agosto de 2026 a las 0:50:00 UTC-3","11 de agosto de 2026 a las 2:10:00 UTC-3","drew gilbert","./explore?q=drew%20gilbert&geo=US"
"daniella karagach","500+","10 de agosto de 2026 a las 21:10:00 UTC-3","10 de agosto de 2026 a las 22:10:00 UTC-3","daniella karagach","./explore?q=daniella%20karagach&geo=US"
"booking","500+","12 de agosto de 2026 a las 2:50:00 UTC-3","12 de agosto de 2026 a las 3:50:00 UTC-3","booking","./explore?q=booking&geo=US"
"starling marte","500+","9 de agosto de 2026 a las 16:10:00 UTC-3","9 de agosto de 2026 a las 17:20:00 UTC-3","starling marte","./explore?q=starling%20marte&geo=US"
"carson williams","500+","12 de agosto de 2026 a las 1:00:00 UTC-3","12 de agosto de 2026 a las 1:50:00 UTC-3","carson williams","./explore?q=carson%20williams&geo=US"
"sturgeon longevity in great lakes","500+","8 de agosto de 2026 a las 7:40:00 UTC-3","8 de agosto de 2026 a las 10:40:00 UTC-3","sturgeon longevity in great lakes","./explore?q=sturgeon%20longevity%20in%20great%20lakes&geo=US"
"new york times games","500+","13 de agosto de 2026 a las 10:30:00 UTC-3","13 de agosto de 2026 a las 11:00:00 UTC-3","new york times games,making a difference strands","./explore?q=new%20york%20times%20games&geo=US"
"kwqc","500+","11 de agosto de 2026 a las 10:50:00 UTC-3","11 de agosto de 2026 a las 12:00:00 UTC-3","kwqc","./explore?q=kwqc&geo=US"
"tractor supply $5.1 million settlement","500+","8 de agosto de 2026 a las 7:50:00 UTC-3","8 de agosto de 2026 a las 11:00:00 UTC-3","tractor supply $5.1 million settlement","./explore?q=tractor%20supply%20%245.1%20million%20settlement&geo=US"
"mike yastrzemski","500+","12 de agosto de 2026 a las 22:40:00 UTC-3","12 de agosto de 2026 a las 23:10:00 UTC-3","mike yastrzemski","./explore?q=mike%20yastrzemski&geo=US"
"pips","500+","10 de agosto de 2026 a las 22:00:00 UTC-3","10 de agosto de 2026 a las 23:10:00 UTC-3","pips","./explore?q=pips&geo=US"
"eds building plano","500+","9 de agosto de 2026 a las 10:10:00 UTC-3","9 de agosto de 2026 a las 12:10:00 UTC-3","eds building plano","./explore?q=eds%20building%20plano&geo=US"
"leprechaun sequel lionsgate","500+","8 de agosto de 2026 a las 8:50:00 UTC-3","8 de agosto de 2026 a las 11:30:00 UTC-3","leprechaun sequel lionsgate","./explore?q=leprechaun%20sequel%20lionsgate&geo=US"
"oscar perea","500+","10 de agosto de 2026 a las 1:10:00 UTC-3","10 de agosto de 2026 a las 2:20:00 UTC-3","oscar perea","./explore?q=oscar%20perea&geo=US"
"vti stock","500+","10 de agosto de 2026 a las 11:10:00 UTC-3","10 de agosto de 2026 a las 13:20:00 UTC-3","vti stock","./explore?q=vti%20stock&geo=US"
"cincinnati bengals","500+","9 de agosto de 2026 a las 8:30:00 UTC-3","9 de agosto de 2026 a las 10:50:00 UTC-3","cincinnati bengals","./explore?q=cincinnati%20bengals&geo=US"
"dallas cowboys cheerleaders","500+","10 de agosto de 2026 a las 8:50:00 UTC-3","10 de agosto de 2026 a las 11:00:00 UTC-3","dallas cowboys cheerleaders","./explore?q=dallas%20cowboys%20cheerleaders&geo=US"
"djed spence","500+","12 de agosto de 2026 a las 11:40:00 UTC-3","12 de agosto de 2026 a las 12:20:00 UTC-3","djed spence","./explore?q=djed%20spence&geo=US"
"kyle isbel","500+","11 de agosto de 2026 a las 1:10:00 UTC-3","11 de agosto de 2026 a las 2:10:00 UTC-3","kyle isbel","./explore?q=kyle%20isbel&geo=US"
"fire weather watch","500+","11 de agosto de 2026 a las 17:30:00 UTC-3","11 de agosto de 2026 a las 18:10:00 UTC-3","fire weather watch","./explore?q=fire%20weather%20watch&geo=US"
"wbal weather","500+","10 de agosto de 2026 a las 17:30:00 UTC-3","10 de agosto de 2026 a las 18:30:00 UTC-3","wbal weather","./explore?q=wbal%20weather&geo=US"
"josh naylor","500+","12 de agosto de 2026 a las 22:20:00 UTC-3","12 de agosto de 2026 a las 22:50:00 UTC-3","josh naylor","./explore?q=josh%20naylor&geo=US"
"roxanne perez","500+","10 de agosto de 2026 a las 22:40:00 UTC-3","10 de agosto de 2026 a las 23:40:00 UTC-3","roxanne perez","./explore?q=roxanne%20perez&geo=US"
"sonia citron","500+","12 de agosto de 2026 a las 0:20:00 UTC-3","12 de agosto de 2026 a las 1:00:00 UTC-3","sonia citron","./explore?q=sonia%20citron&geo=US"
"rebecca allen","500+","9 de agosto de 2026 a las 14:50:00 UTC-3","9 de agosto de 2026 a las 16:00:00 UTC-3","rebecca allen","./explore?q=rebecca%20allen&geo=US"
"robert irwin","500+","9 de agosto de 2026 a las 8:00:00 UTC-3","9 de agosto de 2026 a las 10:40:00 UTC-3","robert irwin","./explore?q=robert%20irwin&geo=US"
"napoli vs celta","500+","8 de agosto de 2026 a las 16:30:00 UTC-3","8 de agosto de 2026 a las 18:50:00 UTC-3","napoli vs celta","./explore?q=napoli%20vs%20celta&geo=US"
"truck accident attorney","500+","9 de agosto de 2026 a las 6:20:00 UTC-3","9 de agosto de 2026 a las 7:40:00 UTC-3","truck accident attorney","./explore?q=truck%20accident%20attorney&geo=US"
"michael toglia","500+","11 de agosto de 2026 a las 23:10:00 UTC-3","11 de agosto de 2026 a las 23:50:00 UTC-3","michael toglia","./explore?q=michael%20toglia&geo=US"
"soccer","500+","11 de agosto de 2026 a las 12:00:00 UTC-3","11 de agosto de 2026 a las 13:50:00 UTC-3","soccer","./explore?q=soccer&geo=US"
"jacob webb","500+","11 de agosto de 2026 a las 23:10:00 UTC-3","11 de agosto de 2026 a las 23:50:00 UTC-3","jacob webb","./explore?q=jacob%20webb&geo=US"
"dewanna bonner","500+","9 de agosto de 2026 a las 17:10:00 UTC-3","9 de agosto de 2026 a las 18:20:00 UTC-3","dewanna bonner","./explore?q=dewanna%20bonner&geo=US"
"by any means movie","500+","12 de agosto de 2026 a las 23:00:00 UTC-3","12 de agosto de 2026 a las 23:30:00 UTC-3","by any means movie","./explore?q=by%20any%20means%20movie&geo=US"
"dobby","500+","10 de agosto de 2026 a las 8:30:00 UTC-3","10 de agosto de 2026 a las 10:30:00 UTC-3","dobby","./explore?q=dobby&geo=US"
"trevor rogers","500+","10 de agosto de 2026 a las 22:10:00 UTC-3","10 de agosto de 2026 a las 23:10:00 UTC-3","trevor rogers","./explore?q=trevor%20rogers&geo=US"
"doppler radar","500+","11 de agosto de 2026 a las 12:50:00 UTC-3","11 de agosto de 2026 a las 13:40:00 UTC-3","doppler radar","./explore?q=doppler%20radar&geo=US"
"thurman munson","500+","8 de agosto de 2026 a las 16:40:00 UTC-3","8 de agosto de 2026 a las 17:50:00 UTC-3","thurman munson","./explore?q=thurman%20munson&geo=US"
"gme stock","500+","10 de agosto de 2026 a las 9:10:00 UTC-3","10 de agosto de 2026 a las 11:20:00 UTC-3","gme stock","./explore?q=gme%20stock&geo=US"
"lance bass","500+","10 de agosto de 2026 a las 10:20:00 UTC-3","10 de agosto de 2026 a las 11:30:00 UTC-3","lance bass,joey fatone","./explore?q=lance%20bass&geo=US"
"oklo stock","500+","10 de agosto de 2026 a las 8:20:00 UTC-3","10 de agosto de 2026 a las 12:20:00 UTC-3","oklo stock","./explore?q=oklo%20stock&geo=US"
"dansby swanson","500+","12 de agosto de 2026 a las 23:00:00 UTC-3","12 de agosto de 2026 a las 23:20:00 UTC-3","dansby swanson","./explore?q=dansby%20swanson&geo=US"
"fullerton fire","500+","12 de agosto de 2026 a las 17:00:00 UTC-3","12 de agosto de 2026 a las 17:30:00 UTC-3","fullerton fire","./explore?q=fullerton%20fire&geo=US"
"sonny amato decommits","500+","9 de agosto de 2026 a las 8:20:00 UTC-3","9 de agosto de 2026 a las 10:40:00 UTC-3","sonny amato decommits","./explore?q=sonny%20amato%20decommits&geo=US"
"gregory henderson","500+","12 de agosto de 2026 a las 0:50:00 UTC-3","12 de agosto de 2026 a las 1:30:00 UTC-3","gregory henderson,gregory henderson jr","./explore?q=gregory%20henderson&geo=US"
"dwight clark","500+","8 de agosto de 2026 a las 14:50:00 UTC-3","8 de agosto de 2026 a las 16:00:00 UTC-3","dwight clark","./explore?q=dwight%20clark&geo=US"
"no mans sky cosmos","500+","10 de agosto de 2026 a las 11:10:00 UTC-3","10 de agosto de 2026 a las 12:30:00 UTC-3","no mans sky cosmos,no mans sky 10th anniversary update","./explore?q=no%20mans%20sky%20cosmos&geo=US"
"haiti","500+","9 de agosto de 2026 a las 20:30:00 UTC-3","9 de agosto de 2026 a las 21:40:00 UTC-3","haiti","./explore?q=haiti&geo=US"
"alex noren","500+","8 de agosto de 2026 a las 18:40:00 UTC-3","8 de agosto de 2026 a las 19:50:00 UTC-3","alex noren","./explore?q=alex%20noren&geo=US"
"man u","500+","12 de agosto de 2026 a las 17:30:00 UTC-3","12 de agosto de 2026 a las 18:00:00 UTC-3","man u","./explore?q=man%20u&geo=US"
"hs","500+","9 de agosto de 2026 a las 21:20:00 UTC-3","9 de agosto de 2026 a las 22:30:00 UTC-3","hs","./explore?q=hs&geo=US"
"karoline leavitt","500+","10 de agosto de 2026 a las 22:10:00 UTC-3","10 de agosto de 2026 a las 23:10:00 UTC-3","karoline leavitt","./explore?q=karoline%20leavitt&geo=US"
"operation safed sagar","500+","8 de agosto de 2026 a las 23:50:00 UTC-3","9 de agosto de 2026 a las 3:10:00 UTC-3","operation safed sagar","./explore?q=operation%20safed%20sagar&geo=US"
"horror movies","500+","8 de agosto de 2026 a las 3:10:00 UTC-3","8 de agosto de 2026 a las 5:00:00 UTC-3","horror movies","./explore?q=horror%20movies&geo=US"
"fubo","500+","8 de agosto de 2026 a las 14:30:00 UTC-3","8 de agosto de 2026 a las 17:00:00 UTC-3","fubo","./explore?q=fubo&geo=US"
"daniel day lewis","500+","10 de agosto de 2026 a las 23:40:00 UTC-3","11 de agosto de 2026 a las 0:40:00 UTC-3","daniel day lewis","./explore?q=daniel%20day%20lewis&geo=US"
"home prices","500+","11 de agosto de 2026 a las 3:10:00 UTC-3","11 de agosto de 2026 a las 4:10:00 UTC-3","home prices,housing prices,zillow","./explore?q=home%20prices&geo=US"
"real estate market","500+","11 de agosto de 2026 a las 3:20:00 UTC-3","11 de agosto de 2026 a las 4:20:00 UTC-3","real estate market,housing market","./explore?q=real%20estate%20market&geo=US"
"auto accident attorney","500+","12 de agosto de 2026 a las 6:40:00 UTC-3","12 de agosto de 2026 a las 7:20:00 UTC-3","auto accident attorney,truck accident attorney","./explore?q=auto%20accident%20attorney&geo=US"
"pec zwolle vs ajax","500+","9 de agosto de 2026 a las 9:10:00 UTC-3","9 de agosto de 2026 a las 10:50:00 UTC-3","pec zwolle vs ajax","./explore?q=pec%20zwolle%20vs%20ajax&geo=US"
"motogp","500+","9 de agosto de 2026 a las 8:50:00 UTC-3","9 de agosto de 2026 a las 10:50:00 UTC-3","motogp","./explore?q=motogp&geo=US"
"gulf states hormuz bypass infrastructure","500+","12 de agosto de 2026 a las 19:50:00 UTC-3","12 de agosto de 2026 a las 20:20:00 UTC-3","gulf states hormuz bypass infrastructure","./explore?q=gulf%20states%20hormuz%20bypass%20infrastructure&geo=US"
"andruw monasterio","500+","8 de agosto de 2026 a las 17:40:00 UTC-3","8 de agosto de 2026 a las 18:40:00 UTC-3","andruw monasterio","./explore?q=andruw%20monasterio&geo=US"
"trinity rodman","500+","9 de agosto de 2026 a las 19:50:00 UTC-3","9 de agosto de 2026 a las 21:00:00 UTC-3","trinity rodman","./explore?q=trinity%20rodman&geo=US"
"nws","500+","10 de agosto de 2026 a las 12:10:00 UTC-3","10 de agosto de 2026 a las 13:10:00 UTC-3","nws","./explore?q=nws&geo=US"
"jake mccarthy","500+","8 de agosto de 2026 a las 23:00:00 UTC-3","9 de agosto de 2026 a las 0:20:00 UTC-3","jake mccarthy","./explore?q=jake%20mccarthy&geo=US"
"mandatory online filing for immigration","500+","11 de agosto de 2026 a las 18:20:00 UTC-3","11 de agosto de 2026 a las 19:00:00 UTC-3","mandatory online filing for immigration","./explore?q=mandatory%20online%20filing%20for%20immigration&geo=US"
"carol foro","500+","8 de agosto de 2026 a las 17:50:00 UTC-3","8 de agosto de 2026 a las 19:10:00 UTC-3","carol foro","./explore?q=carol%20foro&geo=US"
"brandon crawford","500+","8 de agosto de 2026 a las 21:00:00 UTC-3","8 de agosto de 2026 a las 22:10:00 UTC-3","brandon crawford","./explore?q=brandon%20crawford&geo=US"
"insta360 x6","500+","12 de agosto de 2026 a las 13:00:00 UTC-3","12 de agosto de 2026 a las 13:30:00 UTC-3","insta360 x6","./explore?q=insta360%20x6&geo=US"
"john wick","500+","12 de agosto de 2026 a las 21:20:00 UTC-3","12 de agosto de 2026 a las 21:40:00 UTC-3","john wick","./explore?q=john%20wick&geo=US"
"ian machado garry","500+","8 de agosto de 2026 a las 22:40:00 UTC-3","9 de agosto de 2026 a las 0:50:00 UTC-3","ian machado garry","./explore?q=ian%20machado%20garry&geo=US"
"squatters","500+","11 de agosto de 2026 a las 20:10:00 UTC-3","11 de agosto de 2026 a las 20:50:00 UTC-3","squatters","./explore?q=squatters&geo=US"
"gavin sheets","500+","9 de agosto de 2026 a las 23:00:00 UTC-3","10 de agosto de 2026 a las 0:00:00 UTC-3","gavin sheets","./explore?q=gavin%20sheets&geo=US"
"kenley jansen","500+","9 de agosto de 2026 a las 19:20:00 UTC-3","9 de agosto de 2026 a las 20:30:00 UTC-3","kenley jansen","./explore?q=kenley%20jansen&geo=US"
"charley hull","500+","9 de agosto de 2026 a las 12:20:00 UTC-3","9 de agosto de 2026 a las 13:20:00 UTC-3","charley hull","./explore?q=charley%20hull&geo=US"
"vfb stuttgart vs everton","500+","8 de agosto de 2026 a las 12:20:00 UTC-3","8 de agosto de 2026 a las 15:10:00 UTC-3","vfb stuttgart vs everton","./explore?q=vfb%20stuttgart%20vs%20everton&geo=US"
"rita moreno","500+","8 de agosto de 2026 a las 23:30:00 UTC-3","9 de agosto de 2026 a las 0:30:00 UTC-3","rita moreno","./explore?q=rita%20moreno&geo=US"
"mcbee dynasty","500+","10 de agosto de 2026 a las 23:00:00 UTC-3","10 de agosto de 2026 a las 23:40:00 UTC-3","mcbee dynasty","./explore?q=mcbee%20dynasty&geo=US"
"ionq stock","500+","10 de agosto de 2026 a las 8:10:00 UTC-3","10 de agosto de 2026 a las 12:20:00 UTC-3","ionq stock","./explore?q=ionq%20stock&geo=US"
"s&p","500+","10 de agosto de 2026 a las 11:00:00 UTC-3","10 de agosto de 2026 a las 12:20:00 UTC-3","s&p","./explore?q=s%26p&geo=US"
"roy cohn","500+","9 de agosto de 2026 a las 9:30:00 UTC-3","9 de agosto de 2026 a las 11:20:00 UTC-3","roy cohn","./explore?q=roy%20cohn&geo=US"
"joe rogan","500+","8 de agosto de 2026 a las 22:20:00 UTC-3","8 de agosto de 2026 a las 23:30:00 UTC-3","joe rogan","./explore?q=joe%20rogan&geo=US"
"fluminense","500+","11 de agosto de 2026 a las 20:50:00 UTC-3","11 de agosto de 2026 a las 21:30:00 UTC-3","fluminense","./explore?q=fluminense&geo=US"
"hossler","500+","9 de agosto de 2026 a las 18:50:00 UTC-3","9 de agosto de 2026 a las 19:50:00 UTC-3","hossler","./explore?q=hossler&geo=US"
"arman tsarukyan","500+","8 de agosto de 2026 a las 23:30:00 UTC-3","9 de agosto de 2026 a las 0:30:00 UTC-3","arman tsarukyan","./explore?q=arman%20tsarukyan&geo=US"
"u. la calera - colo-colo","500+","9 de agosto de 2026 a las 18:40:00 UTC-3","9 de agosto de 2026 a las 19:40:00 UTC-3","u. la calera - colo-colo","./explore?q=u.%20la%20calera%20-%20colo-colo&geo=US"
"lioness season 3 cast","500+","9 de agosto de 2026 a las 22:00:00 UTC-3","9 de agosto de 2026 a las 23:40:00 UTC-3","lioness season 3 cast","./explore?q=lioness%20season%203%20cast&geo=US"
"colonia - real sociedad","500+","8 de agosto de 2026 a las 10:40:00 UTC-3","8 de agosto de 2026 a las 13:20:00 UTC-3","colonia - real sociedad","./explore?q=colonia%20-%20real%20sociedad&geo=US"
"kevin warsh donald trump conversation","500+","10 de agosto de 2026 a las 20:00:00 UTC-3","10 de agosto de 2026 a las 20:50:00 UTC-3","kevin warsh donald trump conversation","./explore?q=kevin%20warsh%20donald%20trump%20conversation&geo=US"
"psv vs fortuna sittard","500+","8 de agosto de 2026 a las 14:40:00 UTC-3","8 de agosto de 2026 a las 15:50:00 UTC-3","psv vs fortuna sittard","./explore?q=psv%20vs%20fortuna%20sittard&geo=US"
"rhys hoskins","500+","8 de agosto de 2026 a las 22:00:00 UTC-3","8 de agosto de 2026 a las 23:10:00 UTC-3","rhys hoskins","./explore?q=rhys%20hoskins&geo=US"
"bragantino x corinthians","500+","9 de agosto de 2026 a las 18:20:00 UTC-3","9 de agosto de 2026 a las 19:20:00 UTC-3","bragantino x corinthians","./explore?q=bragantino%20x%20corinthians&geo=US"
"marshall manning","500+","8 de agosto de 2026 a las 12:20:00 UTC-3","8 de agosto de 2026 a las 14:00:00 UTC-3","marshall manning","./explore?q=marshall%20manning&geo=US"
"gas prices","500+","10 de agosto de 2026 a las 20:10:00 UTC-3","10 de agosto de 2026 a las 21:00:00 UTC-3","gas prices","./explore?q=gas%20prices&geo=US"
"premier league schedule","500+","8 de agosto de 2026 a las 10:20:00 UTC-3","8 de agosto de 2026 a las 12:00:00 UTC-3","premier league schedule","./explore?q=premier%20league%20schedule&geo=US"
"montreal weather","500+","11 de agosto de 2026 a las 16:40:00 UTC-3","11 de agosto de 2026 a las 17:10:00 UTC-3","montreal weather","./explore?q=montreal%20weather&geo=US"
"dominik mysterio","500+","10 de agosto de 2026 a las 22:20:00 UTC-3","10 de agosto de 2026 a las 23:00:00 UTC-3","dominik mysterio","./explore?q=dominik%20mysterio&geo=US"
"charlize theron","500+","8 de agosto de 2026 a las 2:00:00 UTC-3","8 de agosto de 2026 a las 3:10:00 UTC-3","charlize theron","./explore?q=charlize%20theron&geo=US"
"funeral home","500+","9 de agosto de 2026 a las 12:10:00 UTC-3","9 de agosto de 2026 a las 13:10:00 UTC-3","funeral home","./explore?q=funeral%20home&geo=US"
"krysten ritter","500+","9 de agosto de 2026 a las 19:30:00 UTC-3","9 de agosto de 2026 a las 20:20:00 UTC-3","krysten ritter","./explore?q=krysten%20ritter&geo=US"
"golfer hit by lightning","500+","10 de agosto de 2026 a las 19:40:00 UTC-3","10 de agosto de 2026 a las 20:30:00 UTC-3","golfer hit by lightning","./explore?q=golfer%20hit%20by%20lightning&geo=US"
"rangers vs hibernian","500+","9 de agosto de 2026 a las 12:20:00 UTC-3","9 de agosto de 2026 a las 13:20:00 UTC-3","rangers vs hibernian,rangers fc","./explore?q=rangers%20vs%20hibernian&geo=US"
"kodai senga","500+","10 de agosto de 2026 a las 23:50:00 UTC-3","11 de agosto de 2026 a las 0:30:00 UTC-3","kodai senga","./explore?q=kodai%20senga&geo=US"
"philadelphia eagles","500+","11 de agosto de 2026 a las 11:10:00 UTC-3","11 de agosto de 2026 a las 12:20:00 UTC-3","philadelphia eagles,notes","./explore?q=philadelphia%20eagles&geo=US"
"nneka ogwumike","500+","9 de agosto de 2026 a las 20:40:00 UTC-3","9 de agosto de 2026 a las 21:30:00 UTC-3","nneka ogwumike","./explore?q=nneka%20ogwumike&geo=US"
"doug flutie","500+","8 de agosto de 2026 a las 15:30:00 UTC-3","8 de agosto de 2026 a las 16:30:00 UTC-3","doug flutie","./explore?q=doug%20flutie&geo=US"
"josh harrison","500+","8 de agosto de 2026 a las 21:10:00 UTC-3","8 de agosto de 2026 a las 22:10:00 UTC-3","josh harrison","./explore?q=josh%20harrison&geo=US"
"usher concert","500+","12 de agosto de 2026 a las 22:40:00 UTC-3","12 de agosto de 2026 a las 23:00:00 UTC-3","usher concert","./explore?q=usher%20concert&geo=US"
"swimmer","500+","9 de agosto de 2026 a las 16:10:00 UTC-3","9 de agosto de 2026 a las 17:10:00 UTC-3","swimmer","./explore?q=swimmer&geo=US"
"bill cassidy face the nation","500+","9 de agosto de 2026 a las 20:00:00 UTC-3","9 de agosto de 2026 a las 20:40:00 UTC-3","bill cassidy face the nation,margaret brennan","./explore?q=bill%20cassidy%20face%20the%20nation&geo=US"
"corbin carroll","500+","9 de agosto de 2026 a las 0:10:00 UTC-3","9 de agosto de 2026 a las 1:20:00 UTC-3","corbin carroll","./explore?q=corbin%20carroll&geo=US"
"tom selleck","500+","8 de agosto de 2026 a las 16:50:00 UTC-3","8 de agosto de 2026 a las 17:50:00 UTC-3","tom selleck","./explore?q=tom%20selleck&geo=US"
"fluminense - independiente rivadavia","500+","11 de agosto de 2026 a las 18:50:00 UTC-3","11 de agosto de 2026 a las 19:20:00 UTC-3","fluminense - independiente rivadavia","./explore?q=fluminense%20-%20independiente%20rivadavia&geo=US"
"unión la calera vs colo-colo","500+","9 de agosto de 2026 a las 18:50:00 UTC-3","9 de agosto de 2026 a las 19:40:00 UTC-3","unión la calera vs colo-colo","./explore?q=uni%C3%B3n%20la%20calera%20vs%20colo-colo&geo=US"
"i-71 tree down","500+","11 de agosto de 2026 a las 18:50:00 UTC-3","11 de agosto de 2026 a las 19:20:00 UTC-3","i-71 tree down","./explore?q=i-71%20tree%20down&geo=US"
"jack dreyer","500+","9 de agosto de 2026 a las 0:40:00 UTC-3","9 de agosto de 2026 a las 1:40:00 UTC-3","jack dreyer","./explore?q=jack%20dreyer&geo=US"
"antigua gfc - guastatoya","500+","8 de agosto de 2026 a las 22:10:00 UTC-3","8 de agosto de 2026 a las 23:20:00 UTC-3","antigua gfc - guastatoya","./explore?q=antigua%20gfc%20-%20guastatoya&geo=US"
"microsoft stock price","500+","10 de agosto de 2026 a las 11:30:00 UTC-3","10 de agosto de 2026 a las 12:20:00 UTC-3","microsoft stock price","./explore?q=microsoft%20stock%20price&geo=US"
"christie brinkley","500+","8 de agosto de 2026 a las 10:50:00 UTC-3","8 de agosto de 2026 a las 12:00:00 UTC-3","christie brinkley","./explore?q=christie%20brinkley&geo=US"
"mn lynx","500+","8 de agosto de 2026 a las 16:10:00 UTC-3","8 de agosto de 2026 a las 17:10:00 UTC-3","mn lynx","./explore?q=mn%20lynx&geo=US"
"ios 26.6","500+","10 de agosto de 2026 a las 7:40:00 UTC-3","10 de agosto de 2026 a las 9:00:00 UTC-3","ios 26.6","./explore?q=ios%2026.6&geo=US"
"emilia clarke","500+","9 de agosto de 2026 a las 1:10:00 UTC-3","9 de agosto de 2026 a las 9:40:00 UTC-3","emilia clarke","./explore?q=emilia%20clarke&geo=US"
"alexis sanchez","500+","10 de agosto de 2026 a las 20:30:00 UTC-3","10 de agosto de 2026 a las 21:10:00 UTC-3","alexis sanchez","./explore?q=alexis%20sanchez&geo=US"
"내일 날씨","500+","10 de agosto de 2026 a las 0:50:00 UTC-3","10 de agosto de 2026 a las 1:50:00 UTC-3","내일 날씨","./explore?q=%EB%82%B4%EC%9D%BC%20%EB%82%A0%EC%94%A8&geo=US"
"jon kunneman","500+","11 de agosto de 2026 a las 20:40:00 UTC-3","11 de agosto de 2026 a las 21:10:00 UTC-3","jon kunneman","./explore?q=jon%20kunneman&geo=US"
"danila leykin","500+","9 de agosto de 2026 a las 15:50:00 UTC-3","9 de agosto de 2026 a las 16:50:00 UTC-3","danila leykin","./explore?q=danila%20leykin&geo=US"
"maxpreps","500+","10 de agosto de 2026 a las 11:30:00 UTC-3","10 de agosto de 2026 a las 14:10:00 UTC-3","maxpreps","./explore?q=maxpreps&geo=US"
"dax shepard","500+","10 de agosto de 2026 a las 18:10:00 UTC-3","10 de agosto de 2026 a las 19:00:00 UTC-3","dax shepard","./explore?q=dax%20shepard&geo=US"
"amanda galle","500+","9 de agosto de 2026 a las 0:20:00 UTC-3","9 de agosto de 2026 a las 1:20:00 UTC-3","amanda galle","./explore?q=amanda%20galle&geo=US"
"alianza - bucaramanga","500+","9 de agosto de 2026 a las 18:10:00 UTC-3","9 de agosto de 2026 a las 19:00:00 UTC-3","alianza - bucaramanga","./explore?q=alianza%20-%20bucaramanga&geo=US"
"solar panel","500+","11 de agosto de 2026 a las 21:30:00 UTC-3","11 de agosto de 2026 a las 21:50:00 UTC-3","solar panel","./explore?q=solar%20panel&geo=US"
"liv golf","500+","8 de agosto de 2026 a las 13:40:00 UTC-3","8 de agosto de 2026 a las 14:20:00 UTC-3","liv golf","./explore?q=liv%20golf&geo=US"
"eduardo rodríguez","500+","9 de agosto de 2026 a las 17:50:00 UTC-3","9 de agosto de 2026 a las 18:40:00 UTC-3","eduardo rodríguez","./explore?q=eduardo%20rodr%C3%ADguez&geo=US"
"the hill","500+","8 de agosto de 2026 a las 19:50:00 UTC-3","8 de agosto de 2026 a las 20:50:00 UTC-3","the hill","./explore?q=the%20hill&geo=US"
"padres score","500+","8 de agosto de 2026 a las 1:20:00 UTC-3","8 de agosto de 2026 a las 2:20:00 UTC-3","padres score,ty france","./explore?q=padres%20score&geo=US"
"santa fe - boyacá chicó","500+","8 de agosto de 2026 a las 15:50:00 UTC-3","8 de agosto de 2026 a las 16:40:00 UTC-3","santa fe - boyacá chicó","./explore?q=santa%20fe%20-%20boyac%C3%A1%20chic%C3%B3&geo=US"
"posiciones de sport boys contra alianza lima","500+","9 de agosto de 2026 a las 0:30:00 UTC-3","9 de agosto de 2026 a las 1:20:00 UTC-3","posiciones de sport boys contra alianza lima","./explore?q=posiciones%20de%20sport%20boys%20contra%20alianza%20lima&geo=US"
"luciano darderi","500+","8 de agosto de 2026 a las 16:00:00 UTC-3","8 de agosto de 2026 a las 16:50:00 UTC-3","luciano darderi","./explore?q=luciano%20darderi&geo=US"
"brian urlacher","500+","8 de agosto de 2026 a las 12:30:00 UTC-3","8 de agosto de 2026 a las 13:30:00 UTC-3","brian urlacher","./explore?q=brian%20urlacher&geo=US"
"paul sewald","500+","10 de agosto de 2026 a las 16:20:00 UTC-3","10 de agosto de 2026 a las 17:00:00 UTC-3","paul sewald,zack littell","./explore?q=paul%20sewald&geo=US"
"natasha howard","500+","9 de agosto de 2026 a las 18:20:00 UTC-3","9 de agosto de 2026 a las 19:00:00 UTC-3","natasha howard","./explore?q=natasha%20howard&geo=US"
"edmundo sosa","500+","10 de agosto de 2026 a las 23:50:00 UTC-3","11 de agosto de 2026 a las 0:20:00 UTC-3","edmundo sosa","./explore?q=edmundo%20sosa&geo=US"
"seth lugo","500+","8 de agosto de 2026 a las 20:40:00 UTC-3","8 de agosto de 2026 a las 21:40:00 UTC-3","seth lugo","./explore?q=seth%20lugo&geo=US"
"history","500+","8 de agosto de 2026 a las 4:40:00 UTC-3","8 de agosto de 2026 a las 7:20:00 UTC-3","history","./explore?q=history&geo=US"
"brewers game today","500+","9 de agosto de 2026 a las 18:30:00 UTC-3","9 de agosto de 2026 a las 19:10:00 UTC-3","brewers game today","./explore?q=brewers%20game%20today&geo=US"
"mike yastrzemski","500+","8 de agosto de 2026 a las 18:40:00 UTC-3","8 de agosto de 2026 a las 19:30:00 UTC-3","mike yastrzemski","./explore?q=mike%20yastrzemski&geo=US"
"benfica","500+","9 de agosto de 2026 a las 18:20:00 UTC-3","9 de agosto de 2026 a las 19:00:00 UTC-3","benfica","./explore?q=benfica&geo=US"
"jakobi lane","500+","8 de agosto de 2026 a las 17:10:00 UTC-3","8 de agosto de 2026 a las 18:00:00 UTC-3","jakobi lane","./explore?q=jakobi%20lane&geo=US"
"abimelec ortiz","500+","9 de agosto de 2026 a las 14:50:00 UTC-3","9 de agosto de 2026 a las 15:20:00 UTC-3","abimelec ortiz","./explore?q=abimelec%20ortiz&geo=US"
"walker buehler","500+","11 de agosto de 2026 a las 23:30:00 UTC-3","11 de agosto de 2026 a las 23:50:00 UTC-3","walker buehler","./explore?q=walker%20buehler&geo=US"
"mark sanford","500+","11 de agosto de 2026 a las 21:20:00 UTC-3","11 de agosto de 2026 a las 21:40:00 UTC-3","mark sanford","./explore?q=mark%20sanford&geo=US"
"ohio lottery","500+","9 de agosto de 2026 a las 8:40:00 UTC-3","9 de agosto de 2026 a las 9:30:00 UTC-3","ohio lottery","./explore?q=ohio%20lottery&geo=US"
"venezuela","500+","10 de agosto de 2026 a las 18:20:00 UTC-3","10 de agosto de 2026 a las 18:50:00 UTC-3","venezuela","./explore?q=venezuela&geo=US"
"yankees schedule","500+","9 de agosto de 2026 a las 14:30:00 UTC-3","9 de agosto de 2026 a las 15:00:00 UTC-3","yankees schedule","./explore?q=yankees%20schedule&geo=US"
"showers","500+","8 de agosto de 2026 a las 1:40:00 UTC-3","8 de agosto de 2026 a las 2:30:00 UTC-3","showers","./explore?q=showers&geo=US"
"james bond","500+","11 de agosto de 2026 a las 23:40:00 UTC-3","12 de agosto de 2026 a las 0:00:00 UTC-3","james bond","./explore?q=james%20bond&geo=US"
"weather los angeles","500+","11 de agosto de 2026 a las 16:20:00 UTC-3","11 de agosto de 2026 a las 16:40:00 UTC-3","weather los angeles","./explore?q=weather%20los%20angeles&geo=US"
"t1 painter","500+","8 de agosto de 2026 a las 5:50:00 UTC-3","8 de agosto de 2026 a las 6:40:00 UTC-3","t1 painter,t1 oner,lck","./explore?q=t1%20painter&geo=US"
"weather philadelphia","500+","8 de agosto de 2026 a las 15:40:00 UTC-3","8 de agosto de 2026 a las 16:20:00 UTC-3","weather philadelphia","./explore?q=weather%20philadelphia&geo=US"
"kayla mcbride","500+","8 de agosto de 2026 a las 16:20:00 UTC-3","8 de agosto de 2026 a las 16:50:00 UTC-3","kayla mcbride","./explore?q=kayla%20mcbride&geo=US"
"pltr stock price","500+","10 de agosto de 2026 a las 11:10:00 UTC-3","10 de agosto de 2026 a las 11:40:00 UTC-3","pltr stock price,palantir stock price","./explore?q=pltr%20stock%20price&geo=US"
"nec vs olympiacos","500+","11 de agosto de 2026 a las 14:30:00 UTC-3","11 de agosto de 2026 a las 14:50:00 UTC-3","nec vs olympiacos","./explore?q=nec%20vs%20olympiacos&geo=US"
"jose ramirez","500+","8 de agosto de 2026 a las 23:00:00 UTC-3","8 de agosto de 2026 a las 23:40:00 UTC-3","jose ramirez","./explore?q=jose%20ramirez&geo=US"
"jose alvarado","500+","8 de agosto de 2026 a las 22:10:00 UTC-3","8 de agosto de 2026 a las 22:50:00 UTC-3","jose alvarado","./explore?q=jose%20alvarado&geo=US"
"tennis","500+","11 de agosto de 2026 a las 22:00:00 UTC-3","11 de agosto de 2026 a las 22:20:00 UTC-3","tennis","./explore?q=tennis&geo=US"
"timothee chalamet","500+","8 de agosto de 2026 a las 2:10:00 UTC-3","8 de agosto de 2026 a las 3:00:00 UTC-3","timothee chalamet","./explore?q=timothee%20chalamet&geo=US"
"alanna smith","500+","9 de agosto de 2026 a las 18:00:00 UTC-3","9 de agosto de 2026 a las 18:30:00 UTC-3","alanna smith","./explore?q=alanna%20smith&geo=US"
"little league world series","500+","8 de agosto de 2026 a las 18:20:00 UTC-3","8 de agosto de 2026 a las 19:10:00 UTC-3","little league world series","./explore?q=little%20league%20world%20series&geo=US"
"lara trump","500+","8 de agosto de 2026 a las 22:50:00 UTC-3","8 de agosto de 2026 a las 23:10:00 UTC-3","lara trump","./explore?q=lara%20trump&geo=US"
"jackson chourio","500+","9 de agosto de 2026 a las 16:00:00 UTC-3","9 de agosto de 2026 a las 16:30:00 UTC-3","jackson chourio","./explore?q=jackson%20chourio&geo=US"
"jakub menšík","500+","9 de agosto de 2026 a las 21:50:00 UTC-3","9 de agosto de 2026 a las 22:20:00 UTC-3","jakub menšík","./explore?q=jakub%20men%C5%A1%C3%ADk&geo=US"
"mlb tv","500+","11 de agosto de 2026 a las 21:20:00 UTC-3","11 de agosto de 2026 a las 21:40:00 UTC-3","mlb tv","./explore?q=mlb%20tv&geo=US"
"kansas city royals","500+","8 de agosto de 2026 a las 22:40:00 UTC-3","8 de agosto de 2026 a las 23:10:00 UTC-3","kansas city royals","./explore?q=kansas%20city%20royals&geo=US"
"britney spears","500+","8 de agosto de 2026 a las 1:30:00 UTC-3","8 de agosto de 2026 a las 5:00:00 UTC-3","britney spears","./explore?q=britney%20spears&geo=US"
"speed","500+","8 de agosto de 2026 a las 23:50:00 UTC-3","9 de agosto de 2026 a las 0:20:00 UTC-3","speed","./explore?q=speed&geo=US"
"luis torrens","500+","8 de agosto de 2026 a las 22:20:00 UTC-3","8 de agosto de 2026 a las 22:50:00 UTC-3","luis torrens","./explore?q=luis%20torrens&geo=US"
"hunter biden tucker carlson interview","500+","10 de agosto de 2026 a las 18:40:00 UTC-3","10 de agosto de 2026 a las 19:00:00 UTC-3","hunter biden tucker carlson interview","./explore?q=hunter%20biden%20tucker%20carlson%20interview&geo=US"
"rob lowe","500+","10 de agosto de 2026 a las 19:50:00 UTC-3","10 de agosto de 2026 a las 20:10:00 UTC-3","rob lowe","./explore?q=rob%20lowe&geo=US"
"cameron norrie","500+","9 de agosto de 2026 a las 0:40:00 UTC-3","9 de agosto de 2026 a las 1:00:00 UTC-3","cameron norrie","./explore?q=cameron%20norrie&geo=US"
"maria bartiromo","500+","9 de agosto de 2026 a las 11:20:00 UTC-3","9 de agosto de 2026 a las 11:40:00 UTC-3","maria bartiromo,market news,market","./explore?q=maria%20bartiromo&geo=US"
"susanna griso","500+","9 de agosto de 2026 a las 21:20:00 UTC-3","9 de agosto de 2026 a las 21:40:00 UTC-3","susanna griso","./explore?q=susanna%20griso&geo=US"
"ian happ","500+","8 de agosto de 2026 a las 22:20:00 UTC-3","8 de agosto de 2026 a las 22:40:00 UTC-3","ian happ","./explore?q=ian%20happ&geo=US"
"lets marry harry","500+","9 de agosto de 2026 a las 0:20:00 UTC-3","9 de agosto de 2026 a las 0:40:00 UTC-3","lets marry harry","./explore?q=lets%20marry%20harry&geo=US"
"patrick warburton","500+","8 de agosto de 2026 a las 21:10:00 UTC-3","8 de agosto de 2026 a las 21:30:00 UTC-3","patrick warburton","./explore?q=patrick%20warburton&geo=US"
"pooh shiesty all eyes on shiest","500+","8 de agosto de 2026 a las 19:50:00 UTC-3","8 de agosto de 2026 a las 20:10:00 UTC-3","pooh shiesty all eyes on shiest","./explore?q=pooh%20shiesty%20all%20eyes%20on%20shiest&geo=US"
"kathryn hahn","200+","15 de agosto de 2026 a las 0:50:00 UTC-3",,"kathryn hahn","./explore?q=kathryn%20hahn&geo=US"
"ron desantis cory mills primary","200+","15 de agosto de 2026 a las 0:50:00 UTC-3",,"ron desantis cory mills primary","./explore?q=ron%20desantis%20cory%20mills%20primary&geo=US"
"bluey movie","200+","15 de agosto de 2026 a las 0:50:00 UTC-3",,"bluey movie","./explore?q=bluey%20movie&geo=US"
"sabino canyon rescue","200+","15 de agosto de 2026 a las 0:10:00 UTC-3",,"sabino canyon rescue","./explore?q=sabino%20canyon%20rescue&geo=US"
"bryce eldridge","200+","15 de agosto de 2026 a las 0:40:00 UTC-3",,"bryce eldridge","./explore?q=bryce%20eldridge&geo=US"
"walker scobell","200+","15 de agosto de 2026 a las 1:00:00 UTC-3",,"walker scobell","./explore?q=walker%20scobell&geo=US"
"mutiny 2026","200+","14 de agosto de 2026 a las 23:20:00 UTC-3",,"mutiny 2026","./explore?q=mutiny%202026&geo=US"
"kelsey mitchell stats","200+","14 de agosto de 2026 a las 22:40:00 UTC-3","14 de agosto de 2026 a las 23:30:00 UTC-3","kelsey mitchell stats","./explore?q=kelsey%20mitchell%20stats&geo=US"
"antonio brown","200+","14 de agosto de 2026 a las 23:50:00 UTC-3","15 de agosto de 2026 a las 0:10:00 UTC-3","antonio brown","./explore?q=antonio%20brown&geo=US"
"shane bieber","200+","14 de agosto de 2026 a las 21:00:00 UTC-3","14 de agosto de 2026 a las 22:00:00 UTC-3","shane bieber","./explore?q=shane%20bieber&geo=US"
"jaylen waddle","200+","14 de agosto de 2026 a las 20:40:00 UTC-3","14 de agosto de 2026 a las 21:30:00 UTC-3","jaylen waddle","./explore?q=jaylen%20waddle&geo=US"
"luke mccaffrey","200+","14 de agosto de 2026 a las 21:30:00 UTC-3","14 de agosto de 2026 a las 22:10:00 UTC-3","luke mccaffrey","./explore?q=luke%20mccaffrey&geo=US"
"teléfono móvil","200+","14 de agosto de 2026 a las 20:00:00 UTC-3","14 de agosto de 2026 a las 21:00:00 UTC-3","teléfono móvil","./explore?q=tel%C3%A9fono%20m%C3%B3vil&geo=US"
"johnny knoxville","200+","14 de agosto de 2026 a las 23:00:00 UTC-3","14 de agosto de 2026 a las 23:20:00 UTC-3","johnny knoxville","./explore?q=johnny%20knoxville&geo=US"
"jacob fatu second chance wwe","200+","14 de agosto de 2026 a las 20:20:00 UTC-3","14 de agosto de 2026 a las 20:50:00 UTC-3","jacob fatu second chance wwe","./explore?q=jacob%20fatu%20second%20chance%20wwe&geo=US"
"tomas machac","200+","14 de agosto de 2026 a las 15:00:00 UTC-3","14 de agosto de 2026 a las 16:10:00 UTC-3","tomas machac","./explore?q=tomas%20machac&geo=US"
"matthew liberatore","200+","14 de agosto de 2026 a las 16:20:00 UTC-3","14 de agosto de 2026 a las 17:20:00 UTC-3","matthew liberatore","./explore?q=matthew%20liberatore&geo=US"
"portaviones","200+","14 de agosto de 2026 a las 7:40:00 UTC-3","14 de agosto de 2026 a las 14:30:00 UTC-3","portaviones","./explore?q=portaviones&geo=US"
"spacex news","200+","14 de agosto de 2026 a las 17:20:00 UTC-3","14 de agosto de 2026 a las 18:20:00 UTC-3","spacex news","./explore?q=spacex%20news&geo=US"
"cait conley","200+","14 de agosto de 2026 a las 8:10:00 UTC-3","14 de agosto de 2026 a las 9:20:00 UTC-3","cait conley","./explore?q=cait%20conley&geo=US"
"jeff daniels","200+","14 de agosto de 2026 a las 9:20:00 UTC-3","14 de agosto de 2026 a las 10:20:00 UTC-3","jeff daniels","./explore?q=jeff%20daniels&geo=US"
"coleman wong","200+","14 de agosto de 2026 a las 13:50:00 UTC-3","14 de agosto de 2026 a las 14:50:00 UTC-3","coleman wong","./explore?q=coleman%20wong&geo=US"
"nightflight expedition","200+","14 de agosto de 2026 a las 11:00:00 UTC-3","14 de agosto de 2026 a las 11:50:00 UTC-3","nightflight expedition","./explore?q=nightflight%20expedition&geo=US"
"drawing","200+","14 de agosto de 2026 a las 14:20:00 UTC-3","14 de agosto de 2026 a las 14:50:00 UTC-3","drawing","./explore?q=drawing&geo=US"
"silver dollar city","200+","14 de agosto de 2026 a las 12:30:00 UTC-3","14 de agosto de 2026 a las 15:30:00 UTC-3","silver dollar city","./explore?q=silver%20dollar%20city&geo=US"
"teddi mellencamp pj relationship","200+","14 de agosto de 2026 a las 8:00:00 UTC-3","14 de agosto de 2026 a las 9:20:00 UTC-3","teddi mellencamp pj relationship","./explore?q=teddi%20mellencamp%20pj%20relationship&geo=US"
"dave winfield","200+","14 de agosto de 2026 a las 13:00:00 UTC-3","14 de agosto de 2026 a las 13:40:00 UTC-3","dave winfield","./explore?q=dave%20winfield&geo=US"
"elisabetta cocciaretto","200+","14 de agosto de 2026 a las 13:10:00 UTC-3","14 de agosto de 2026 a las 13:50:00 UTC-3","elisabetta cocciaretto","./explore?q=elisabetta%20cocciaretto&geo=US"
"half man","200+","14 de agosto de 2026 a las 10:00:00 UTC-3","14 de agosto de 2026 a las 11:00:00 UTC-3","half man","./explore?q=half%20man&geo=US"
"italy","200+","14 de agosto de 2026 a las 14:30:00 UTC-3","14 de agosto de 2026 a las 15:20:00 UTC-3","italy","./explore?q=italy&geo=US"
"mobland","200+","14 de agosto de 2026 a las 9:20:00 UTC-3","14 de agosto de 2026 a las 10:30:00 UTC-3","mobland","./explore?q=mobland&geo=US"
"raheem morris","200+","14 de agosto de 2026 a las 0:30:00 UTC-3","14 de agosto de 2026 a las 1:40:00 UTC-3","raheem morris","./explore?q=raheem%20morris&geo=US"
"seat geek","200+","14 de agosto de 2026 a las 14:50:00 UTC-3","14 de agosto de 2026 a las 15:20:00 UTC-3","seat geek","./explore?q=seat%20geek&geo=US"
"cleaning company","200+","14 de agosto de 2026 a las 11:40:00 UTC-3","14 de agosto de 2026 a las 12:10:00 UTC-3","cleaning company","./explore?q=cleaning%20company&geo=US"
"isabelle johnson","200+","14 de agosto de 2026 a las 8:40:00 UTC-3","14 de agosto de 2026 a las 9:40:00 UTC-3","isabelle johnson","./explore?q=isabelle%20johnson&geo=US"
"kahleah copper","200+","14 de agosto de 2026 a las 9:10:00 UTC-3","14 de agosto de 2026 a las 10:10:00 UTC-3","kahleah copper","./explore?q=kahleah%20copper&geo=US"
"sebastian maniscalco","200+","14 de agosto de 2026 a las 1:10:00 UTC-3","14 de agosto de 2026 a las 2:10:00 UTC-3","sebastian maniscalco","./explore?q=sebastian%20maniscalco&geo=US"
"troy jackson","200+","13 de agosto de 2026 a las 12:50:00 UTC-3","13 de agosto de 2026 a las 14:10:00 UTC-3","troy jackson","./explore?q=troy%20jackson&geo=US"
"retail sales","200+","14 de agosto de 2026 a las 10:00:00 UTC-3","14 de agosto de 2026 a las 10:40:00 UTC-3","retail sales","./explore?q=retail%20sales&geo=US"
"powerball resultados de hoy 2026","200+","13 de agosto de 2026 a las 12:00:00 UTC-3","13 de agosto de 2026 a las 13:50:00 UTC-3","powerball resultados de hoy 2026","./explore?q=powerball%20resultados%20de%20hoy%202026&geo=US"
"kaitlin olson","200+","14 de agosto de 2026 a las 7:50:00 UTC-3","14 de agosto de 2026 a las 9:50:00 UTC-3","kaitlin olson","./explore?q=kaitlin%20olson&geo=US"
"matteo berrettini","200+","14 de agosto de 2026 a las 14:50:00 UTC-3","14 de agosto de 2026 a las 15:10:00 UTC-3","matteo berrettini","./explore?q=matteo%20berrettini&geo=US"
"brock purdy","200+","14 de agosto de 2026 a las 0:50:00 UTC-3","14 de agosto de 2026 a las 2:00:00 UTC-3","brock purdy","./explore?q=brock%20purdy&geo=US"
"ppi report today","200+","13 de agosto de 2026 a las 9:30:00 UTC-3","13 de agosto de 2026 a las 10:40:00 UTC-3","ppi report today","./explore?q=ppi%20report%20today&geo=US"
"miami heat schedule","200+","13 de agosto de 2026 a las 16:30:00 UTC-3","13 de agosto de 2026 a las 17:30:00 UTC-3","miami heat schedule","./explore?q=miami%20heat%20schedule&geo=US"
"susan collins maine voter poll","200+","13 de agosto de 2026 a las 7:40:00 UTC-3","13 de agosto de 2026 a las 9:30:00 UTC-3","susan collins maine voter poll","./explore?q=susan%20collins%20maine%20voter%20poll&geo=US"
"johnny bananas the challenge season 42","200+","14 de agosto de 2026 a las 8:30:00 UTC-3","14 de agosto de 2026 a las 9:10:00 UTC-3","johnny bananas the challenge season 42","./explore?q=johnny%20bananas%20the%20challenge%20season%2042&geo=US"
"tn lottery","200+","13 de agosto de 2026 a las 7:50:00 UTC-3","13 de agosto de 2026 a las 9:50:00 UTC-3","tn lottery","./explore?q=tn%20lottery&geo=US"
"jennifer stone","200+","13 de agosto de 2026 a las 7:40:00 UTC-3","13 de agosto de 2026 a las 10:30:00 UTC-3","jennifer stone","./explore?q=jennifer%20stone&geo=US"
"al roker","200+","14 de agosto de 2026 a las 9:20:00 UTC-3","14 de agosto de 2026 a las 9:50:00 UTC-3","al roker","./explore?q=al%20roker&geo=US"
"rasheem biles","200+","13 de agosto de 2026 a las 19:30:00 UTC-3","13 de agosto de 2026 a las 20:10:00 UTC-3","rasheem biles","./explore?q=rasheem%20biles&geo=US"
"timberwolves schedule","200+","13 de agosto de 2026 a las 16:40:00 UTC-3","13 de agosto de 2026 a las 17:30:00 UTC-3","timberwolves schedule","./explore?q=timberwolves%20schedule&geo=US"
"ucas","200+","13 de agosto de 2026 a las 4:30:00 UTC-3","13 de agosto de 2026 a las 5:50:00 UTC-3","ucas","./explore?q=ucas&geo=US"
"wbay","200+","12 de agosto de 2026 a las 7:40:00 UTC-3","12 de agosto de 2026 a las 9:40:00 UTC-3","wbay","./explore?q=wbay&geo=US"
"renaissance","200+","13 de agosto de 2026 a las 11:10:00 UTC-3","13 de agosto de 2026 a las 15:50:00 UTC-3","renaissance","./explore?q=renaissance&geo=US"
"tanner scott","200+","14 de agosto de 2026 a las 2:00:00 UTC-3","14 de agosto de 2026 a las 2:30:00 UTC-3","tanner scott","./explore?q=tanner%20scott&geo=US"
"cross","200+","13 de agosto de 2026 a las 13:20:00 UTC-3","13 de agosto de 2026 a las 16:20:00 UTC-3","cross","./explore?q=cross&geo=US"
"江泽民","200+","12 de agosto de 2026 a las 7:20:00 UTC-3","12 de agosto de 2026 a las 9:00:00 UTC-3","江泽民","./explore?q=%E6%B1%9F%E6%B3%BD%E6%B0%91&geo=US"
"outlander","200+","13 de agosto de 2026 a las 8:30:00 UTC-3","13 de agosto de 2026 a las 9:40:00 UTC-3","outlander","./explore?q=outlander&geo=US"
"whoop","200+","12 de agosto de 2026 a las 7:40:00 UTC-3","12 de agosto de 2026 a las 8:50:00 UTC-3","whoop","./explore?q=whoop&geo=US"
"sndk","200+","13 de agosto de 2026 a las 13:00:00 UTC-3","13 de agosto de 2026 a las 13:30:00 UTC-3","sndk","./explore?q=sndk&geo=US"
"matt fitzpatrick","200+","13 de agosto de 2026 a las 9:30:00 UTC-3","13 de agosto de 2026 a las 10:20:00 UTC-3","matt fitzpatrick","./explore?q=matt%20fitzpatrick&geo=US"
"wsl","200+","13 de agosto de 2026 a las 14:50:00 UTC-3","13 de agosto de 2026 a las 16:20:00 UTC-3","wsl","./explore?q=wsl&geo=US"
"omaha weather","200+","13 de agosto de 2026 a las 7:00:00 UTC-3","13 de agosto de 2026 a las 8:10:00 UTC-3","omaha weather","./explore?q=omaha%20weather&geo=US"
"contexto","200+","13 de agosto de 2026 a las 13:20:00 UTC-3","13 de agosto de 2026 a las 16:30:00 UTC-3","contexto","./explore?q=contexto&geo=US"
"economic calendar","200+","12 de agosto de 2026 a las 9:20:00 UTC-3","12 de agosto de 2026 a las 10:30:00 UTC-3","economic calendar","./explore?q=economic%20calendar&geo=US"
"ro khanna","200+","13 de agosto de 2026 a las 9:40:00 UTC-3","13 de agosto de 2026 a las 10:30:00 UTC-3","ro khanna","./explore?q=ro%20khanna&geo=US"
"school delays","200+","13 de agosto de 2026 a las 7:50:00 UTC-3","13 de agosto de 2026 a las 8:50:00 UTC-3","school delays","./explore?q=school%20delays&geo=US"
"talbot fire","200+","13 de agosto de 2026 a las 1:10:00 UTC-3","13 de agosto de 2026 a las 2:10:00 UTC-3","talbot fire","./explore?q=talbot%20fire&geo=US"
"michiel vandeweert","200+","13 de agosto de 2026 a las 4:00:00 UTC-3","13 de agosto de 2026 a las 7:50:00 UTC-3","michiel vandeweert","./explore?q=michiel%20vandeweert&geo=US"
"wisconsin lottery","200+","13 de agosto de 2026 a las 8:50:00 UTC-3","13 de agosto de 2026 a las 10:00:00 UTC-3","wisconsin lottery","./explore?q=wisconsin%20lottery&geo=US"
"maverick mountain","200+","12 de agosto de 2026 a las 10:30:00 UTC-3","12 de agosto de 2026 a las 11:40:00 UTC-3","maverick mountain","./explore?q=maverick%20mountain&geo=US"
"nebius stock","200+","13 de agosto de 2026 a las 11:10:00 UTC-3","13 de agosto de 2026 a las 11:50:00 UTC-3","nebius stock","./explore?q=nebius%20stock&geo=US"
"kyrie irving","200+","14 de agosto de 2026 a las 3:10:00 UTC-3","14 de agosto de 2026 a las 3:40:00 UTC-3","kyrie irving","./explore?q=kyrie%20irving&geo=US"
"caitlyn jenner","200+","13 de agosto de 2026 a las 0:50:00 UTC-3","13 de agosto de 2026 a las 1:50:00 UTC-3","caitlyn jenner","./explore?q=caitlyn%20jenner&geo=US"
"loans","200+","12 de agosto de 2026 a las 8:40:00 UTC-3","12 de agosto de 2026 a las 9:50:00 UTC-3","loans","./explore?q=loans&geo=US"
"paraquat","200+","13 de agosto de 2026 a las 12:10:00 UTC-3","13 de agosto de 2026 a las 14:00:00 UTC-3","paraquat","./explore?q=paraquat&geo=US"
"kalshi","200+","13 de agosto de 2026 a las 4:30:00 UTC-3","13 de agosto de 2026 a las 5:20:00 UTC-3","kalshi","./explore?q=kalshi&geo=US"
"chuba hubbard","200+","13 de agosto de 2026 a las 13:10:00 UTC-3","13 de agosto de 2026 a las 13:50:00 UTC-3","chuba hubbard","./explore?q=chuba%20hubbard&geo=US"
"ios 26.6","200+","12 de agosto de 2026 a las 7:30:00 UTC-3","12 de agosto de 2026 a las 9:00:00 UTC-3","ios 26.6","./explore?q=ios%2026.6&geo=US"
"nancy wyman","200+","12 de agosto de 2026 a las 10:50:00 UTC-3","12 de agosto de 2026 a las 11:50:00 UTC-3","nancy wyman","./explore?q=nancy%20wyman&geo=US"
"fernando tatís jr.","200+","12 de agosto de 2026 a las 0:30:00 UTC-3","12 de agosto de 2026 a las 1:40:00 UTC-3","fernando tatís jr.","./explore?q=fernando%20tat%C3%ADs%20jr.&geo=US"
"databricks","200+","13 de agosto de 2026 a las 12:10:00 UTC-3","13 de agosto de 2026 a las 12:50:00 UTC-3","databricks","./explore?q=databricks&geo=US"
"jay deboyer","200+","13 de agosto de 2026 a las 10:30:00 UTC-3","13 de agosto de 2026 a las 11:10:00 UTC-3","jay deboyer","./explore?q=jay%20deboyer&geo=US"
"ted decker","200+","12 de agosto de 2026 a las 10:40:00 UTC-3","12 de agosto de 2026 a las 11:30:00 UTC-3","ted decker","./explore?q=ted%20decker&geo=US"
"aj brown","200+","13 de agosto de 2026 a las 21:50:00 UTC-3","13 de agosto de 2026 a las 22:10:00 UTC-3","aj brown","./explore?q=aj%20brown&geo=US"
"action thriller","200+","12 de agosto de 2026 a las 10:00:00 UTC-3","12 de agosto de 2026 a las 10:50:00 UTC-3","action thriller","./explore?q=action%20thriller&geo=US"
"mike mcdaniel","200+","13 de agosto de 2026 a las 23:40:00 UTC-3","14 de agosto de 2026 a las 0:00:00 UTC-3","mike mcdaniel","./explore?q=mike%20mcdaniel&geo=US"
"robot vacuum ban","200+","12 de agosto de 2026 a las 8:20:00 UTC-3","12 de agosto de 2026 a las 9:30:00 UTC-3","robot vacuum ban","./explore?q=robot%20vacuum%20ban&geo=US"
"jools lebron","200+","14 de agosto de 2026 a las 0:30:00 UTC-3","14 de agosto de 2026 a las 0:50:00 UTC-3","jools lebron","./explore?q=jools%20lebron&geo=US"
"credit card","200+","12 de agosto de 2026 a las 8:40:00 UTC-3","12 de agosto de 2026 a las 9:50:00 UTC-3","credit card","./explore?q=credit%20card&geo=US"
"andressa urach","200+","13 de agosto de 2026 a las 0:10:00 UTC-3","13 de agosto de 2026 a las 0:50:00 UTC-3","andressa urach","./explore?q=andressa%20urach&geo=US"
"barry bonds","200+","13 de agosto de 2026 a las 20:20:00 UTC-3","13 de agosto de 2026 a las 20:40:00 UTC-3","barry bonds","./explore?q=barry%20bonds&geo=US"
"brittany patrick mahomes family training","200+","12 de agosto de 2026 a las 12:10:00 UTC-3","12 de agosto de 2026 a las 13:00:00 UTC-3","brittany patrick mahomes family training","./explore?q=brittany%20patrick%20mahomes%20family%20training&geo=US"
"ben joyce","200+","13 de agosto de 2026 a las 2:20:00 UTC-3","13 de agosto de 2026 a las 3:10:00 UTC-3","ben joyce","./explore?q=ben%20joyce&geo=US"
"landman season 3","200+","12 de agosto de 2026 a las 8:50:00 UTC-3","12 de agosto de 2026 a las 10:00:00 UTC-3","landman season 3","./explore?q=landman%20season%203&geo=US"
"mn lottery","200+","13 de agosto de 2026 a las 9:30:00 UTC-3","13 de agosto de 2026 a las 10:10:00 UTC-3","mn lottery","./explore?q=mn%20lottery&geo=US"
"george santos","200+","13 de agosto de 2026 a las 16:20:00 UTC-3","13 de agosto de 2026 a las 16:40:00 UTC-3","george santos","./explore?q=george%20santos&geo=US"
"raiders","200+","12 de agosto de 2026 a las 2:10:00 UTC-3","12 de agosto de 2026 a las 3:10:00 UTC-3","raiders","./explore?q=raiders&geo=US"
"kyle busch","200+","12 de agosto de 2026 a las 11:20:00 UTC-3","12 de agosto de 2026 a las 12:00:00 UTC-3","kyle busch","./explore?q=kyle%20busch&geo=US"
"onon stock","200+","11 de agosto de 2026 a las 11:00:00 UTC-3","11 de agosto de 2026 a las 12:10:00 UTC-3","onon stock","./explore?q=onon%20stock&geo=US"
"joby stock","200+","10 de agosto de 2026 a las 10:50:00 UTC-3","10 de agosto de 2026 a las 13:00:00 UTC-3","joby stock","./explore?q=joby%20stock&geo=US"
"trump media turnaround effort","200+","11 de agosto de 2026 a las 7:20:00 UTC-3","11 de agosto de 2026 a las 9:20:00 UTC-3","trump media turnaround effort","./explore?q=trump%20media%20turnaround%20effort&geo=US"
"taylor walls","200+","12 de agosto de 2026 a las 0:20:00 UTC-3","12 de agosto de 2026 a las 1:10:00 UTC-3","taylor walls","./explore?q=taylor%20walls&geo=US"
"cremation","200+","12 de agosto de 2026 a las 7:20:00 UTC-3","12 de agosto de 2026 a las 8:20:00 UTC-3","cremation","./explore?q=cremation&geo=US"
"salvador perez","200+","11 de agosto de 2026 a las 1:20:00 UTC-3","11 de agosto de 2026 a las 2:30:00 UTC-3","salvador perez","./explore?q=salvador%20perez&geo=US"
"mrbeast","200+","12 de agosto de 2026 a las 5:50:00 UTC-3","12 de agosto de 2026 a las 7:10:00 UTC-3","mrbeast","./explore?q=mrbeast&geo=US"
"bo jackson","200+","13 de agosto de 2026 a las 3:50:00 UTC-3","13 de agosto de 2026 a las 4:30:00 UTC-3","bo jackson","./explore?q=bo%20jackson&geo=US"
"giants","200+","11 de agosto de 2026 a las 1:30:00 UTC-3","11 de agosto de 2026 a las 2:30:00 UTC-3","giants","./explore?q=giants&geo=US"
"local news","200+","12 de agosto de 2026 a las 8:50:00 UTC-3","12 de agosto de 2026 a las 9:50:00 UTC-3","local news","./explore?q=local%20news&geo=US"
"auto accident attorney","200+","13 de agosto de 2026 a las 6:20:00 UTC-3","13 de agosto de 2026 a las 7:00:00 UTC-3","auto accident attorney","./explore?q=auto%20accident%20attorney&geo=US"
"irad ortiz jr news","200+","9 de agosto de 2026 a las 8:20:00 UTC-3","9 de agosto de 2026 a las 10:30:00 UTC-3","irad ortiz jr news","./explore?q=irad%20ortiz%20jr%20news&geo=US"
"aviso de calor","200+","11 de agosto de 2026 a las 6:50:00 UTC-3","11 de agosto de 2026 a las 8:20:00 UTC-3","aviso de calor","./explore?q=aviso%20de%20calor&geo=US"
"lauren betts","200+","12 de agosto de 2026 a las 0:50:00 UTC-3","12 de agosto de 2026 a las 1:30:00 UTC-3","lauren betts","./explore?q=lauren%20betts&geo=US"
"dodgers vs royals","200+","11 de agosto de 2026 a las 1:40:00 UTC-3","11 de agosto de 2026 a las 2:50:00 UTC-3","dodgers vs royals","./explore?q=dodgers%20vs%20royals&geo=US"
"orlando magic schedule","200+","13 de agosto de 2026 a las 16:50:00 UTC-3","13 de agosto de 2026 a las 17:10:00 UTC-3","orlando magic schedule","./explore?q=orlando%20magic%20schedule&geo=US"
"voo stock","200+","11 de agosto de 2026 a las 11:20:00 UTC-3","11 de agosto de 2026 a las 12:50:00 UTC-3","voo stock","./explore?q=voo%20stock&geo=US"
"besiktas","200+","13 de agosto de 2026 a las 16:20:00 UTC-3","13 de agosto de 2026 a las 16:40:00 UTC-3","besiktas","./explore?q=besiktas&geo=US"
"dodgers games","200+","12 de agosto de 2026 a las 2:00:00 UTC-3","12 de agosto de 2026 a las 2:50:00 UTC-3","dodgers games","./explore?q=dodgers%20games&geo=US"
"wmur","200+","13 de agosto de 2026 a las 7:30:00 UTC-3","13 de agosto de 2026 a las 8:20:00 UTC-3","wmur","./explore?q=wmur&geo=US"
"valerie bertinelli","200+","8 de agosto de 2026 a las 7:20:00 UTC-3","8 de agosto de 2026 a las 10:30:00 UTC-3","valerie bertinelli","./explore?q=valerie%20bertinelli&geo=US"
"what is the dsa","200+","10 de agosto de 2026 a las 8:10:00 UTC-3","10 de agosto de 2026 a las 9:20:00 UTC-3","what is the dsa","./explore?q=what%20is%20the%20dsa&geo=US"
"bloomberg","200+","12 de agosto de 2026 a las 9:40:00 UTC-3","12 de agosto de 2026 a las 10:30:00 UTC-3","bloomberg","./explore?q=bloomberg&geo=US"
"true detective","200+","9 de agosto de 2026 a las 8:00:00 UTC-3","9 de agosto de 2026 a las 9:50:00 UTC-3","true detective","./explore?q=true%20detective&geo=US"
"ben shapiro","200+","12 de agosto de 2026 a las 8:40:00 UTC-3","12 de agosto de 2026 a las 9:30:00 UTC-3","ben shapiro","./explore?q=ben%20shapiro&geo=US"
"walmart stock","200+","10 de agosto de 2026 a las 11:30:00 UTC-3","10 de agosto de 2026 a las 14:10:00 UTC-3","walmart stock,wmt stock","./explore?q=walmart%20stock&geo=US"
"pacers schedule","200+","13 de agosto de 2026 a las 16:50:00 UTC-3","13 de agosto de 2026 a las 17:10:00 UTC-3","pacers schedule","./explore?q=pacers%20schedule&geo=US"
"kwqc weather","200+","11 de agosto de 2026 a las 10:50:00 UTC-3","11 de agosto de 2026 a las 11:50:00 UTC-3","kwqc weather","./explore?q=kwqc%20weather&geo=US"
"blade tidwell","200+","11 de agosto de 2026 a las 0:10:00 UTC-3","11 de agosto de 2026 a las 1:00:00 UTC-3","blade tidwell","./explore?q=blade%20tidwell&geo=US"
"rory scovel","200+","12 de agosto de 2026 a las 11:20:00 UTC-3","12 de agosto de 2026 a las 11:50:00 UTC-3","rory scovel","./explore?q=rory%20scovel&geo=US"
"detroit weather","200+","10 de agosto de 2026 a las 7:20:00 UTC-3","10 de agosto de 2026 a las 8:40:00 UTC-3","detroit weather,weather detroit","./explore?q=detroit%20weather&geo=US"
"wizards schedule","200+","13 de agosto de 2026 a las 16:50:00 UTC-3","13 de agosto de 2026 a las 17:10:00 UTC-3","wizards schedule","./explore?q=wizards%20schedule&geo=US"
"capt mathew loe fired","200+","8 de agosto de 2026 a las 7:40:00 UTC-3","8 de agosto de 2026 a las 9:50:00 UTC-3","capt mathew loe fired","./explore?q=capt%20mathew%20loe%20fired&geo=US"
"toni brattin","200+","11 de agosto de 2026 a las 9:20:00 UTC-3","11 de agosto de 2026 a las 10:20:00 UTC-3","toni brattin","./explore?q=toni%20brattin&geo=US"
"hoosier lottery","200+","9 de agosto de 2026 a las 8:30:00 UTC-3","9 de agosto de 2026 a las 10:00:00 UTC-3","hoosier lottery","./explore?q=hoosier%20lottery&geo=US"
"shilo sanders","200+","9 de agosto de 2026 a las 9:20:00 UTC-3","9 de agosto de 2026 a las 11:10:00 UTC-3","shilo sanders","./explore?q=shilo%20sanders&geo=US"
"bobby witt jr","200+","11 de agosto de 2026 a las 0:20:00 UTC-3","11 de agosto de 2026 a las 1:00:00 UTC-3","bobby witt jr","./explore?q=bobby%20witt%20jr&geo=US"
"manny machado","200+","12 de agosto de 2026 a las 1:10:00 UTC-3","12 de agosto de 2026 a las 1:40:00 UTC-3","manny machado","./explore?q=manny%20machado&geo=US"
"candlepin bowling","200+","9 de agosto de 2026 a las 10:10:00 UTC-3","9 de agosto de 2026 a las 11:20:00 UTC-3","candlepin bowling","./explore?q=candlepin%20bowling&geo=US"
"gma deals and steals today","200+","13 de agosto de 2026 a las 10:10:00 UTC-3","13 de agosto de 2026 a las 10:30:00 UTC-3","gma deals and steals today","./explore?q=gma%20deals%20and%20steals%20today&geo=US"
"us amateur 2026","200+","10 de agosto de 2026 a las 10:00:00 UTC-3","10 de agosto de 2026 a las 11:00:00 UTC-3","us amateur 2026","./explore?q=us%20amateur%202026&geo=US"
"tom holland box office earnings","200+","12 de agosto de 2026 a las 19:30:00 UTC-3","12 de agosto de 2026 a las 19:50:00 UTC-3","tom holland box office earnings","./explore?q=tom%20holland%20box%20office%20earnings&geo=US"
"pence","200+","11 de agosto de 2026 a las 8:50:00 UTC-3","11 de agosto de 2026 a las 10:00:00 UTC-3","pence","./explore?q=pence&geo=US"
"princess beatrice","200+","11 de agosto de 2026 a las 9:00:00 UTC-3","11 de agosto de 2026 a las 10:00:00 UTC-3","princess beatrice","./explore?q=princess%20beatrice&geo=US"
"basketball","200+","10 de agosto de 2026 a las 13:40:00 UTC-3","10 de agosto de 2026 a las 16:10:00 UTC-3","basketball","./explore?q=basketball&geo=US"
"costco stock","200+","10 de agosto de 2026 a las 11:30:00 UTC-3","10 de agosto de 2026 a las 12:50:00 UTC-3","costco stock","./explore?q=costco%20stock&geo=US"
"погода","200+","11 de agosto de 2026 a las 8:00:00 UTC-3","11 de agosto de 2026 a las 8:50:00 UTC-3","погода","./explore?q=%D0%BF%D0%BE%D0%B3%D0%BE%D0%B4%D0%B0&geo=US"
"nolan wells boat video timeline","200+","9 de agosto de 2026 a las 11:40:00 UTC-3","9 de agosto de 2026 a las 12:50:00 UTC-3","nolan wells boat video timeline","./explore?q=nolan%20wells%20boat%20video%20timeline&geo=US"
"steve hilton","200+","10 de agosto de 2026 a las 17:00:00 UTC-3","10 de agosto de 2026 a las 17:50:00 UTC-3","steve hilton","./explore?q=steve%20hilton&geo=US"
"powerball double play numbers","200+","13 de agosto de 2026 a las 0:50:00 UTC-3","13 de agosto de 2026 a las 1:10:00 UTC-3","powerball double play numbers","./explore?q=powerball%20double%20play%20numbers&geo=US"
"drawing","200+","8 de agosto de 2026 a las 4:40:00 UTC-3","8 de agosto de 2026 a las 8:00:00 UTC-3","drawing","./explore?q=drawing&geo=US"
"fashion","200+","8 de agosto de 2026 a las 5:30:00 UTC-3","8 de agosto de 2026 a las 7:50:00 UTC-3","fashion","./explore?q=fashion&geo=US"
"trace gallagher","200+","12 de agosto de 2026 a las 1:00:00 UTC-3","12 de agosto de 2026 a las 1:30:00 UTC-3","trace gallagher","./explore?q=trace%20gallagher&geo=US"
"reds game today","200+","9 de agosto de 2026 a las 13:50:00 UTC-3","9 de agosto de 2026 a las 14:50:00 UTC-3","reds game today","./explore?q=reds%20game%20today&geo=US"
"justin thomas","200+","9 de agosto de 2026 a las 14:30:00 UTC-3","9 de agosto de 2026 a las 15:30:00 UTC-3","justin thomas","./explore?q=justin%20thomas&geo=US"
"ire vs afg","200+","12 de agosto de 2026 a las 6:40:00 UTC-3","12 de agosto de 2026 a las 7:00:00 UTC-3","ire vs afg","./explore?q=ire%20vs%20afg&geo=US"
"spx","200+","10 de agosto de 2026 a las 11:00:00 UTC-3","10 de agosto de 2026 a las 11:50:00 UTC-3","spx","./explore?q=spx&geo=US"
"fire pits","200+","9 de agosto de 2026 a las 16:20:00 UTC-3","9 de agosto de 2026 a las 17:20:00 UTC-3","fire pits","./explore?q=fire%20pits&geo=US"
"valencia vs teruel","200+","12 de agosto de 2026 a las 14:10:00 UTC-3","12 de agosto de 2026 a las 14:30:00 UTC-3","valencia vs teruel","./explore?q=valencia%20vs%20teruel&geo=US"
"giants game today","200+","11 de agosto de 2026 a las 1:30:00 UTC-3","11 de agosto de 2026 a las 2:20:00 UTC-3","giants game today","./explore?q=giants%20game%20today&geo=US"
"weather peoria il","200+","10 de agosto de 2026 a las 1:00:00 UTC-3","10 de agosto de 2026 a las 1:50:00 UTC-3","weather peoria il","./explore?q=weather%20peoria%20il&geo=US"
"temblor en medellin","200+","10 de agosto de 2026 a las 10:00:00 UTC-3","10 de agosto de 2026 a las 10:50:00 UTC-3","temblor en medellin","./explore?q=temblor%20en%20medellin&geo=US"
"earthquake alaska today","200+","8 de agosto de 2026 a las 1:50:00 UTC-3","8 de agosto de 2026 a las 3:00:00 UTC-3","earthquake alaska today","./explore?q=earthquake%20alaska%20today&geo=US"
"josh naylor","200+","9 de agosto de 2026 a las 1:30:00 UTC-3","9 de agosto de 2026 a las 2:30:00 UTC-3","josh naylor","./explore?q=josh%20naylor&geo=US"
"macbook","200+","12 de agosto de 2026 a las 8:20:00 UTC-3","12 de agosto de 2026 a las 8:50:00 UTC-3","macbook","./explore?q=macbook&geo=US"
"nasa eclipse","200+","12 de agosto de 2026 a las 15:00:00 UTC-3","12 de agosto de 2026 a las 15:20:00 UTC-3","nasa eclipse","./explore?q=nasa%20eclipse&geo=US"
"onds stock","200+","10 de agosto de 2026 a las 10:50:00 UTC-3","10 de agosto de 2026 a las 11:50:00 UTC-3","onds stock","./explore?q=onds%20stock&geo=US"
"angels game","200+","11 de agosto de 2026 a las 1:50:00 UTC-3","11 de agosto de 2026 a las 2:30:00 UTC-3","angels game","./explore?q=angels%20game&geo=US"
"mike chitwood","200+","9 de agosto de 2026 a las 9:50:00 UTC-3","9 de agosto de 2026 a las 11:00:00 UTC-3","mike chitwood","./explore?q=mike%20chitwood&geo=US"
"education","200+","8 de agosto de 2026 a las 5:10:00 UTC-3","8 de agosto de 2026 a las 7:40:00 UTC-3","education","./explore?q=education&geo=US"
"broadcom stock","200+","10 de agosto de 2026 a las 11:00:00 UTC-3","10 de agosto de 2026 a las 12:00:00 UTC-3","broadcom stock,avgo stock","./explore?q=broadcom%20stock&geo=US"
"xolos","200+","10 de agosto de 2026 a las 0:50:00 UTC-3","10 de agosto de 2026 a las 1:40:00 UTC-3","xolos","./explore?q=xolos&geo=US"
"el tiempo","200+","10 de agosto de 2026 a las 10:20:00 UTC-3","10 de agosto de 2026 a las 11:10:00 UTC-3","el tiempo","./explore?q=el%20tiempo&geo=US"
"kristi noem","200+","10 de agosto de 2026 a las 8:50:00 UTC-3","10 de agosto de 2026 a las 9:50:00 UTC-3","kristi noem","./explore?q=kristi%20noem&geo=US"
"memes","200+","12 de agosto de 2026 a las 13:30:00 UTC-3","12 de agosto de 2026 a las 13:50:00 UTC-3","memes","./explore?q=memes&geo=US"
"jonathan bowlan","200+","11 de agosto de 2026 a las 0:20:00 UTC-3","11 de agosto de 2026 a las 0:50:00 UTC-3","jonathan bowlan","./explore?q=jonathan%20bowlan&geo=US"
"jesse butler","200+","8 de agosto de 2026 a las 8:50:00 UTC-3","8 de agosto de 2026 a las 10:00:00 UTC-3","jesse butler","./explore?q=jesse%20butler&geo=US"
"steve harvey","200+","10 de agosto de 2026 a las 1:40:00 UTC-3","10 de agosto de 2026 a las 2:30:00 UTC-3","steve harvey","./explore?q=steve%20harvey&geo=US"
"the marshall project","200+","9 de agosto de 2026 a las 10:50:00 UTC-3","9 de agosto de 2026 a las 11:50:00 UTC-3","the marshall project","./explore?q=the%20marshall%20project&geo=US"
"colorado lottery","200+","9 de agosto de 2026 a las 10:30:00 UTC-3","9 de agosto de 2026 a las 11:40:00 UTC-3","colorado lottery","./explore?q=colorado%20lottery&geo=US"
"qqqm","200+","10 de agosto de 2026 a las 11:20:00 UTC-3","10 de agosto de 2026 a las 12:30:00 UTC-3","qqqm","./explore?q=qqqm&geo=US"
"weather las vegas","200+","9 de agosto de 2026 a las 2:40:00 UTC-3","9 de agosto de 2026 a las 3:40:00 UTC-3","weather las vegas","./explore?q=weather%20las%20vegas&geo=US"
"green bay packers","200+","8 de agosto de 2026 a las 8:50:00 UTC-3","8 de agosto de 2026 a las 10:00:00 UTC-3","green bay packers","./explore?q=green%20bay%20packers&geo=US"
"university","200+","8 de agosto de 2026 a las 6:30:00 UTC-3","8 de agosto de 2026 a las 8:10:00 UTC-3","university","./explore?q=university&geo=US"
"us map","200+","11 de agosto de 2026 a las 11:30:00 UTC-3","11 de agosto de 2026 a las 20:30:00 UTC-3","us map","./explore?q=us%20map&geo=US"
"good morning america","200+","10 de agosto de 2026 a las 10:10:00 UTC-3","10 de agosto de 2026 a las 11:00:00 UTC-3","good morning america","./explore?q=good%20morning%20america&geo=US"
"anthropic claude eu ai watermarks","200+","11 de agosto de 2026 a las 9:10:00 UTC-3","11 de agosto de 2026 a las 9:50:00 UTC-3","anthropic claude eu ai watermarks","./explore?q=anthropic%20claude%20eu%20ai%20watermarks&geo=US"
"jordan walker","200+","8 de agosto de 2026 a las 23:30:00 UTC-3","9 de agosto de 2026 a las 0:20:00 UTC-3","jordan walker","./explore?q=jordan%20walker&geo=US"
"peoria il weather","200+","10 de agosto de 2026 a las 1:10:00 UTC-3","10 de agosto de 2026 a las 1:50:00 UTC-3","peoria il weather","./explore?q=peoria%20il%20weather&geo=US"
"nate pearson","200+","8 de agosto de 2026 a las 22:40:00 UTC-3","8 de agosto de 2026 a las 23:30:00 UTC-3","nate pearson","./explore?q=nate%20pearson&geo=US"
"ichiro suzuki","200+","8 de agosto de 2026 a las 2:30:00 UTC-3","8 de agosto de 2026 a las 3:40:00 UTC-3","ichiro suzuki","./explore?q=ichiro%20suzuki&geo=US"
"paul greene","200+","9 de agosto de 2026 a las 16:10:00 UTC-3","9 de agosto de 2026 a las 16:50:00 UTC-3","paul greene","./explore?q=paul%20greene&geo=US"
"amphorae","200+","10 de agosto de 2026 a las 9:10:00 UTC-3","10 de agosto de 2026 a las 10:00:00 UTC-3","amphorae","./explore?q=amphorae&geo=US"
"nueva york","200+","8 de agosto de 2026 a las 21:00:00 UTC-3","8 de agosto de 2026 a las 21:50:00 UTC-3","nueva york","./explore?q=nueva%20york&geo=US"
"olivia miles stats","200+","8 de agosto de 2026 a las 13:30:00 UTC-3","8 de agosto de 2026 a las 14:20:00 UTC-3","olivia miles stats","./explore?q=olivia%20miles%20stats&geo=US"
"juarez fc","200+","8 de agosto de 2026 a las 1:30:00 UTC-3","8 de agosto de 2026 a las 2:30:00 UTC-3","juarez fc","./explore?q=juarez%20fc&geo=US"
"paige cognetti","200+","11 de agosto de 2026 a las 0:30:00 UTC-3","11 de agosto de 2026 a las 1:00:00 UTC-3","paige cognetti","./explore?q=paige%20cognetti&geo=US"
"tucson weather","200+","8 de agosto de 2026 a las 1:50:00 UTC-3","8 de agosto de 2026 a las 2:50:00 UTC-3","tucson weather","./explore?q=tucson%20weather&geo=US"
"contexto","200+","9 de agosto de 2026 a las 13:10:00 UTC-3","9 de agosto de 2026 a las 13:50:00 UTC-3","contexto,se","./explore?q=contexto&geo=US"
"isabella holmgren","200+","9 de agosto de 2026 a las 13:10:00 UTC-3","9 de agosto de 2026 a las 13:50:00 UTC-3","isabella holmgren","./explore?q=isabella%20holmgren&geo=US"
"anitta","200+","9 de agosto de 2026 a las 1:40:00 UTC-3","9 de agosto de 2026 a las 2:20:00 UTC-3","anitta","./explore?q=anitta&geo=US"
"tenx stock","200+","10 de agosto de 2026 a las 8:40:00 UTC-3","10 de agosto de 2026 a las 9:20:00 UTC-3","tenx stock","./explore?q=tenx%20stock&geo=US"
"bobby flay","200+","10 de agosto de 2026 a las 0:40:00 UTC-3","10 de agosto de 2026 a las 1:10:00 UTC-3","bobby flay","./explore?q=bobby%20flay&geo=US"
"cfmoto x10","200+","10 de agosto de 2026 a las 8:50:00 UTC-3","10 de agosto de 2026 a las 9:40:00 UTC-3","cfmoto x10","./explore?q=cfmoto%20x10&geo=US"
"antonio banderas","200+","10 de agosto de 2026 a las 8:20:00 UTC-3","10 de agosto de 2026 a las 9:10:00 UTC-3","antonio banderas","./explore?q=antonio%20banderas&geo=US"
"estrela amadora vs sporting cp standings","200+","8 de agosto de 2026 a las 19:00:00 UTC-3","8 de agosto de 2026 a las 19:40:00 UTC-3","estrela amadora vs sporting cp standings","./explore?q=estrela%20amadora%20vs%20sporting%20cp%20standings&geo=US"
"barbara eden","200+","9 de agosto de 2026 a las 8:20:00 UTC-3","9 de agosto de 2026 a las 9:30:00 UTC-3","barbara eden","./explore?q=barbara%20eden&geo=US"
"dbacks game","200+","8 de agosto de 2026 a las 1:30:00 UTC-3","8 de agosto de 2026 a las 2:30:00 UTC-3","dbacks game","./explore?q=dbacks%20game&geo=US"
"tolima - internacional de bogotá","200+","8 de agosto de 2026 a las 20:30:00 UTC-3","8 de agosto de 2026 a las 21:10:00 UTC-3","tolima - internacional de bogotá","./explore?q=tolima%20-%20internacional%20de%20bogot%C3%A1&geo=US"
"josh hader","200+","8 de agosto de 2026 a las 1:30:00 UTC-3","8 de agosto de 2026 a las 2:30:00 UTC-3","josh hader","./explore?q=josh%20hader&geo=US"
"white sox score","200+","8 de agosto de 2026 a las 23:00:00 UTC-3","8 de agosto de 2026 a las 23:50:00 UTC-3","white sox score","./explore?q=white%20sox%20score&geo=US"
"jeff mcneil","200+","9 de agosto de 2026 a las 17:10:00 UTC-3","9 de agosto de 2026 a las 17:40:00 UTC-3","jeff mcneil","./explore?q=jeff%20mcneil&geo=US"
"jay bhattacharya","200+","9 de agosto de 2026 a las 12:30:00 UTC-3","9 de agosto de 2026 a las 13:10:00 UTC-3","jay bhattacharya","./explore?q=jay%20bhattacharya&geo=US"
"willie geist","200+","9 de agosto de 2026 a las 9:40:00 UTC-3","9 de agosto de 2026 a las 10:30:00 UTC-3","willie geist","./explore?q=willie%20geist&geo=US"
"puerto rico water crisis","200+","8 de agosto de 2026 a las 4:50:00 UTC-3","8 de agosto de 2026 a las 5:50:00 UTC-3","puerto rico water crisis","./explore?q=puerto%20rico%20water%20crisis&geo=US"
"nemesis","200+","8 de agosto de 2026 a las 1:30:00 UTC-3","8 de agosto de 2026 a las 2:20:00 UTC-3","nemesis","./explore?q=nemesis&geo=US"
"the voice australia","200+","10 de agosto de 2026 a las 9:00:00 UTC-3","10 de agosto de 2026 a las 10:10:00 UTC-3","the voice australia","./explore?q=the%20voice%20australia&geo=US"
"vxus","200+","10 de agosto de 2026 a las 11:40:00 UTC-3","10 de agosto de 2026 a las 12:30:00 UTC-3","vxus","./explore?q=vxus&geo=US"
"soun stock","200+","10 de agosto de 2026 a las 11:10:00 UTC-3","10 de agosto de 2026 a las 11:40:00 UTC-3","soun stock","./explore?q=soun%20stock&geo=US"
"marathon swimming","200+","9 de agosto de 2026 a las 17:00:00 UTC-3","9 de agosto de 2026 a las 17:30:00 UTC-3","marathon swimming","./explore?q=marathon%20swimming&geo=US"
"jimmy carter","200+","9 de agosto de 2026 a las 17:20:00 UTC-3","9 de agosto de 2026 a las 17:50:00 UTC-3","jimmy carter","./explore?q=jimmy%20carter&geo=US"
"unh stock","200+","10 de agosto de 2026 a las 11:20:00 UTC-3","10 de agosto de 2026 a las 12:10:00 UTC-3","unh stock","./explore?q=unh%20stock&geo=US"
"super el niño winter weather","200+","8 de agosto de 2026 a las 18:10:00 UTC-3","8 de agosto de 2026 a las 19:10:00 UTC-3","super el niño winter weather","./explore?q=super%20el%20ni%C3%B1o%20winter%20weather&geo=US"
"auto accident lawyer","200+","12 de agosto de 2026 a las 6:50:00 UTC-3","12 de agosto de 2026 a las 7:10:00 UTC-3","auto accident lawyer","./explore?q=auto%20accident%20lawyer&geo=US"
"child actor","200+","10 de agosto de 2026 a las 10:30:00 UTC-3","10 de agosto de 2026 a las 11:10:00 UTC-3","child actor","./explore?q=child%20actor&geo=US"
"jose mourinho","200+","12 de agosto de 2026 a las 2:30:00 UTC-3","12 de agosto de 2026 a las 2:50:00 UTC-3","jose mourinho","./explore?q=jose%20mourinho&geo=US"
"riley gaines","200+","9 de agosto de 2026 a las 9:00:00 UTC-3","9 de agosto de 2026 a las 9:30:00 UTC-3","riley gaines","./explore?q=riley%20gaines&geo=US"
"rays - mariners","200+","9 de agosto de 2026 a las 2:10:00 UTC-3","9 de agosto de 2026 a las 2:50:00 UTC-3","rays - mariners","./explore?q=rays%20-%20mariners&geo=US"
"on","200+","9 de agosto de 2026 a las 4:40:00 UTC-3","9 de agosto de 2026 a las 5:40:00 UTC-3","on","./explore?q=on&geo=US"
"cbs sports network","200+","8 de agosto de 2026 a las 14:20:00 UTC-3","8 de agosto de 2026 a las 15:00:00 UTC-3","cbs sports network","./explore?q=cbs%20sports%20network&geo=US"
"nyt connections answers","200+","9 de agosto de 2026 a las 7:30:00 UTC-3","9 de agosto de 2026 a las 8:10:00 UTC-3","nyt connections answers,nyt connections hints today","./explore?q=nyt%20connections%20answers&geo=US"
"citi","200+","9 de agosto de 2026 a las 8:50:00 UTC-3","9 de agosto de 2026 a las 9:30:00 UTC-3","citi","./explore?q=citi&geo=US"
"epl","200+","8 de agosto de 2026 a las 10:20:00 UTC-3","8 de agosto de 2026 a las 11:10:00 UTC-3","epl","./explore?q=epl&geo=US"
"bts grammys boycott category","200+","9 de agosto de 2026 a las 9:50:00 UTC-3","9 de agosto de 2026 a las 10:30:00 UTC-3","bts grammys boycott category","./explore?q=bts%20grammys%20boycott%20category&geo=US"
"sc lottery","200+","9 de agosto de 2026 a las 8:20:00 UTC-3","9 de agosto de 2026 a las 9:30:00 UTC-3","sc lottery","./explore?q=sc%20lottery&geo=US"
"martha stewart","200+","8 de agosto de 2026 a las 10:50:00 UTC-3","8 de agosto de 2026 a las 11:30:00 UTC-3","martha stewart","./explore?q=martha%20stewart&geo=US"
"pam bondi","200+","8 de agosto de 2026 a las 9:00:00 UTC-3","8 de agosto de 2026 a las 10:10:00 UTC-3","pam bondi","./explore?q=pam%20bondi&geo=US"
"hood stock","200+","10 de agosto de 2026 a las 11:20:00 UTC-3","10 de agosto de 2026 a las 11:50:00 UTC-3","hood stock","./explore?q=hood%20stock&geo=US"
"malden wa","200+","8 de agosto de 2026 a las 22:40:00 UTC-3","8 de agosto de 2026 a las 23:10:00 UTC-3","malden wa","./explore?q=malden%20wa&geo=US"
"stadium of light","200+","9 de agosto de 2026 a las 8:50:00 UTC-3","9 de agosto de 2026 a las 9:40:00 UTC-3","stadium of light","./explore?q=stadium%20of%20light&geo=US"
"yahoo fantasy football","200+","10 de agosto de 2026 a las 11:20:00 UTC-3","10 de agosto de 2026 a las 11:50:00 UTC-3","yahoo fantasy football","./explore?q=yahoo%20fantasy%20football&geo=US"
"terrell owens","200+","8 de agosto de 2026 a las 18:10:00 UTC-3","8 de agosto de 2026 a las 18:50:00 UTC-3","terrell owens","./explore?q=terrell%20owens&geo=US"
"kurt warner","200+","8 de agosto de 2026 a las 13:40:00 UTC-3","8 de agosto de 2026 a las 14:10:00 UTC-3","kurt warner","./explore?q=kurt%20warner&geo=US"
"ny lotto","200+","9 de agosto de 2026 a las 9:30:00 UTC-3","9 de agosto de 2026 a las 10:10:00 UTC-3","ny lotto","./explore?q=ny%20lotto&geo=US"
"democratic socialists of america","200+","10 de agosto de 2026 a las 14:30:00 UTC-3","10 de agosto de 2026 a las 14:50:00 UTC-3","democratic socialists of america","./explore?q=democratic%20socialists%20of%20america&geo=US"
"coventry city - rcd espanyol","200+","8 de agosto de 2026 a las 14:00:00 UTC-3","8 de agosto de 2026 a las 14:30:00 UTC-3","coventry city - rcd espanyol","./explore?q=coventry%20city%20-%20rcd%20espanyol&geo=US"
"spencer strider","200+","10 de agosto de 2026 a las 8:30:00 UTC-3","10 de agosto de 2026 a las 9:00:00 UTC-3","spencer strider","./explore?q=spencer%20strider&geo=US"
"anita","200+","9 de agosto de 2026 a las 1:40:00 UTC-3","9 de agosto de 2026 a las 2:10:00 UTC-3","anita","./explore?q=anita&geo=US"
"ketel marte","200+","9 de agosto de 2026 a las 18:10:00 UTC-3","9 de agosto de 2026 a las 18:30:00 UTC-3","ketel marte","./explore?q=ketel%20marte&geo=US"
"tyler reddick","200+","9 de agosto de 2026 a las 17:30:00 UTC-3","9 de agosto de 2026 a las 17:50:00 UTC-3","tyler reddick","./explore?q=tyler%20reddick&geo=US"
"qatar 747 vs air force one","200+","8 de agosto de 2026 a las 8:30:00 UTC-3","8 de agosto de 2026 a las 11:40:00 UTC-3","qatar 747 vs air force one","./explore?q=qatar%20747%20vs%20air%20force%20one&geo=US"
"htz stock","200+","10 de agosto de 2026 a las 11:20:00 UTC-3","10 de agosto de 2026 a las 11:40:00 UTC-3","htz stock","./explore?q=htz%20stock&geo=US"
"maryland women's soccer","200+","9 de agosto de 2026 a las 14:30:00 UTC-3","9 de agosto de 2026 a las 14:50:00 UTC-3","maryland women's soccer","./explore?q=maryland%20women%27s%20soccer&geo=US"
"chess","200+","10 de agosto de 2026 a las 13:40:00 UTC-3","10 de agosto de 2026 a las 14:00:00 UTC-3","chess","./explore?q=chess&geo=US"
"amzn stock price","200+","10 de agosto de 2026 a las 11:20:00 UTC-3","10 de agosto de 2026 a las 11:40:00 UTC-3","amzn stock price","./explore?q=amzn%20stock%20price&geo=US"
"mujeres bienestar","200+","10 de agosto de 2026 a las 1:00:00 UTC-3","10 de agosto de 2026 a las 1:20:00 UTC-3","mujeres bienestar","./explore?q=mujeres%20bienestar&geo=US"
"corey seager","200+","8 de agosto de 2026 a las 23:30:00 UTC-3","8 de agosto de 2026 a las 23:50:00 UTC-3","corey seager","./explore?q=corey%20seager&geo=US"
"mariners top 50 players","200+","8 de agosto de 2026 a las 23:30:00 UTC-3","8 de agosto de 2026 a las 23:50:00 UTC-3","mariners top 50 players","./explore?q=mariners%20top%2050%20players&geo=US"
"khosla ventures","200+","10 de agosto de 2026 a las 10:10:00 UTC-3","10 de agosto de 2026 a las 10:30:00 UTC-3","khosla ventures","./explore?q=khosla%20ventures&geo=US"
"secretary of state","200+","10 de agosto de 2026 a las 13:00:00 UTC-3","10 de agosto de 2026 a las 13:20:00 UTC-3","secretary of state","./explore?q=secretary%20of%20state&geo=US"
"iphone ultra","200+","9 de agosto de 2026 a las 1:10:00 UTC-3","9 de agosto de 2026 a las 1:30:00 UTC-3","iphone ultra","./explore?q=iphone%20ultra&geo=US"
"suisun city","200+","10 de agosto de 2026 a las 3:00:00 UTC-3","10 de agosto de 2026 a las 3:20:00 UTC-3","suisun city","./explore?q=suisun%20city&geo=US"
"amc stock","200+","10 de agosto de 2026 a las 11:20:00 UTC-3","10 de agosto de 2026 a las 11:40:00 UTC-3","amc stock","./explore?q=amc%20stock&geo=US"
"sterling point season 2","200+","10 de agosto de 2026 a las 3:20:00 UTC-3","10 de agosto de 2026 a las 3:40:00 UTC-3","sterling point season 2","./explore?q=sterling%20point%20season%202&geo=US"
"schd","200+","10 de agosto de 2026 a las 11:40:00 UTC-3","10 de agosto de 2026 a las 12:00:00 UTC-3","schd","./explore?q=schd&geo=US"
"morgan fairchild","200+","8 de agosto de 2026 a las 11:50:00 UTC-3","8 de agosto de 2026 a las 12:10:00 UTC-3","morgan fairchild","./explore?q=morgan%20fairchild&geo=US"
"astros standings","200+","8 de agosto de 2026 a las 2:00:00 UTC-3","8 de agosto de 2026 a las 2:20:00 UTC-3","astros standings","./explore?q=astros%20standings&geo=US"
"rochester air show","200+","8 de agosto de 2026 a las 10:40:00 UTC-3","8 de agosto de 2026 a las 11:00:00 UTC-3","rochester air show","./explore?q=rochester%20air%20show&geo=US"
"marvel rivals","200+","8 de agosto de 2026 a las 4:30:00 UTC-3","8 de agosto de 2026 a las 5:00:00 UTC-3","marvel rivals","./explore?q=marvel%20rivals&geo=US"
"morgan freeman","200+","8 de agosto de 2026 a las 1:50:00 UTC-3","8 de agosto de 2026 a las 2:10:00 UTC-3","morgan freeman","./explore?q=morgan%20freeman&geo=US"
"christian bale","200+","8 de agosto de 2026 a las 2:40:00 UTC-3","8 de agosto de 2026 a las 3:00:00 UTC-3","christian bale","./explore?q=christian%20bale&geo=US"
"mexico world cup","200+","8 de agosto de 2026 a las 2:10:00 UTC-3","8 de agosto de 2026 a las 2:30:00 UTC-3","mexico world cup","./explore?q=mexico%20world%20cup&geo=US"
"aviso de calor","100+","14 de agosto de 2026 a las 7:00:00 UTC-3","14 de agosto de 2026 a las 8:00:00 UTC-3","aviso de calor","./explore?q=aviso%20de%20calor&geo=US"
"blue","100+","14 de agosto de 2026 a las 13:30:00 UTC-3","14 de agosto de 2026 a las 14:10:00 UTC-3","blue","./explore?q=blue&geo=US"
"sharks washed ashore nj","100+","14 de agosto de 2026 a las 6:40:00 UTC-3","14 de agosto de 2026 a las 7:40:00 UTC-3","sharks washed ashore nj","./explore?q=sharks%20washed%20ashore%20nj&geo=US"
"isaiah sealy","100+","14 de agosto de 2026 a las 13:50:00 UTC-3","14 de agosto de 2026 a las 14:10:00 UTC-3","isaiah sealy","./explore?q=isaiah%20sealy&geo=US"
"renaissance","100+","14 de agosto de 2026 a las 14:00:00 UTC-3","14 de agosto de 2026 a las 14:20:00 UTC-3","renaissance","./explore?q=renaissance&geo=US"
"brian depena","100+","14 de agosto de 2026 a las 13:50:00 UTC-3","14 de agosto de 2026 a las 14:10:00 UTC-3","brian depena","./explore?q=brian%20depena&geo=US"
"community shield","100+","14 de agosto de 2026 a las 12:40:00 UTC-3","14 de agosto de 2026 a las 13:00:00 UTC-3","community shield","./explore?q=community%20shield&geo=US"
"fidelity investments","100+","14 de agosto de 2026 a las 7:10:00 UTC-3","14 de agosto de 2026 a las 7:40:00 UTC-3","fidelity investments","./explore?q=fidelity%20investments&geo=US"
"steelers backup quarterback battle","100+","14 de agosto de 2026 a las 12:30:00 UTC-3","14 de agosto de 2026 a las 12:50:00 UTC-3","steelers backup quarterback battle","./explore?q=steelers%20backup%20quarterback%20battle&geo=US"
"fidelity 500 index fund","100+","14 de agosto de 2026 a las 5:40:00 UTC-3","14 de agosto de 2026 a las 6:30:00 UTC-3","fidelity 500 index fund","./explore?q=fidelity%20500%20index%20fund&geo=US"
"dawn marie","100+","13 de agosto de 2026 a las 7:40:00 UTC-3","13 de agosto de 2026 a las 8:40:00 UTC-3","dawn marie","./explore?q=dawn%20marie&geo=US"
"vanity fair children of blood and bone","100+","14 de agosto de 2026 a las 8:30:00 UTC-3","14 de agosto de 2026 a las 8:50:00 UTC-3","vanity fair children of blood and bone","./explore?q=vanity%20fair%20children%20of%20blood%20and%20bone&geo=US"
"kyle busch","100+","13 de agosto de 2026 a las 16:10:00 UTC-3","13 de agosto de 2026 a las 16:40:00 UTC-3","kyle busch","./explore?q=kyle%20busch&geo=US"
"wthr","100+","12 de agosto de 2026 a las 7:50:00 UTC-3","12 de agosto de 2026 a las 8:40:00 UTC-3","wthr","./explore?q=wthr&geo=US"
"act","100+","13 de agosto de 2026 a las 15:50:00 UTC-3","13 de agosto de 2026 a las 16:10:00 UTC-3","act","./explore?q=act&geo=US"
"run disney","100+","11 de agosto de 2026 a las 11:10:00 UTC-3","11 de agosto de 2026 a las 12:10:00 UTC-3","run disney","./explore?q=run%20disney&geo=US"
"foxnews","100+","11 de agosto de 2026 a las 12:10:00 UTC-3","11 de agosto de 2026 a las 21:00:00 UTC-3","foxnews,fox","./explore?q=foxnews&geo=US"
"brics","100+","13 de agosto de 2026 a las 13:20:00 UTC-3","13 de agosto de 2026 a las 13:40:00 UTC-3","brics","./explore?q=brics&geo=US"
"self driving uber","100+","11 de agosto de 2026 a las 4:10:00 UTC-3","11 de agosto de 2026 a las 5:00:00 UTC-3","self driving uber","./explore?q=self%20driving%20uber&geo=US"
"nh lottery","100+","13 de agosto de 2026 a las 8:20:00 UTC-3","13 de agosto de 2026 a las 8:40:00 UTC-3","nh lottery","./explore?q=nh%20lottery&geo=US"
"mstr stock","100+","10 de agosto de 2026 a las 11:20:00 UTC-3","10 de agosto de 2026 a las 12:30:00 UTC-3","mstr stock","./explore?q=mstr%20stock&geo=US"
"portugal","100+","13 de agosto de 2026 a las 15:30:00 UTC-3","13 de agosto de 2026 a las 15:50:00 UTC-3","portugal","./explore?q=portugal&geo=US"
"qarabag vs dynamo kyiv","100+","13 de agosto de 2026 a las 13:40:00 UTC-3","13 de agosto de 2026 a las 14:00:00 UTC-3","qarabag vs dynamo kyiv","./explore?q=qarabag%20vs%20dynamo%20kyiv&geo=US"
"nvda stock","100+","11 de agosto de 2026 a las 12:20:00 UTC-3","11 de agosto de 2026 a las 13:30:00 UTC-3","nvda stock","./explore?q=nvda%20stock&geo=US"
"ky lottery","100+","13 de agosto de 2026 a las 7:50:00 UTC-3","13 de agosto de 2026 a las 8:10:00 UTC-3","ky lottery","./explore?q=ky%20lottery&geo=US"
"star tribune","100+","12 de agosto de 2026 a las 8:10:00 UTC-3","12 de agosto de 2026 a las 8:40:00 UTC-3","star tribune","./explore?q=star%20tribune&geo=US"
"tennis scores","100+","9 de agosto de 2026 a las 8:10:00 UTC-3","9 de agosto de 2026 a las 9:10:00 UTC-3","tennis scores","./explore?q=tennis%20scores&geo=US"
"noaa weather","100+","10 de agosto de 2026 a las 12:10:00 UTC-3","10 de agosto de 2026 a las 13:20:00 UTC-3","noaa weather","./explore?q=noaa%20weather&geo=US"
"qqq stock","100+","11 de agosto de 2026 a las 12:00:00 UTC-3","11 de agosto de 2026 a las 12:50:00 UTC-3","qqq stock","./explore?q=qqq%20stock&geo=US"
"crwd stock","100+","10 de agosto de 2026 a las 11:20:00 UTC-3","10 de agosto de 2026 a las 12:00:00 UTC-3","crwd stock","./explore?q=crwd%20stock&geo=US"
"jonathan hickman","100+","11 de agosto de 2026 a las 8:30:00 UTC-3","11 de agosto de 2026 a las 9:00:00 UTC-3","jonathan hickman","./explore?q=jonathan%20hickman&geo=US"
"kimberly williams-paisley","100+","8 de agosto de 2026 a las 8:00:00 UTC-3","8 de agosto de 2026 a las 9:10:00 UTC-3","kimberly williams-paisley","./explore?q=kimberly%20williams-paisley&geo=US"
"444","100+","10 de agosto de 2026 a las 5:50:00 UTC-3","10 de agosto de 2026 a las 6:50:00 UTC-3","444","./explore?q=444&geo=US"
"deandre ayton","100+","10 de agosto de 2026 a las 7:10:00 UTC-3","10 de agosto de 2026 a las 8:00:00 UTC-3","deandre ayton","./explore?q=deandre%20ayton&geo=US"
"n","100+","11 de agosto de 2026 a las 21:10:00 UTC-3","11 de agosto de 2026 a las 21:40:00 UTC-3","n","./explore?q=n&geo=US"
"sp500","100+","11 de agosto de 2026 a las 12:10:00 UTC-3","11 de agosto de 2026 a las 13:00:00 UTC-3","sp500","./explore?q=sp500&geo=US"
"xom stock","100+","10 de agosto de 2026 a las 11:20:00 UTC-3","10 de agosto de 2026 a las 11:50:00 UTC-3","xom stock","./explore?q=xom%20stock&geo=US"
"schd stock","100+","11 de agosto de 2026 a las 11:30:00 UTC-3","11 de agosto de 2026 a las 12:00:00 UTC-3","schd stock","./explore?q=schd%20stock&geo=US"
"health","100+","8 de agosto de 2026 a las 6:50:00 UTC-3","8 de agosto de 2026 a las 8:00:00 UTC-3","health","./explore?q=health&geo=US"
"virginia lottery","100+","9 de agosto de 2026 a las 8:40:00 UTC-3","9 de agosto de 2026 a las 9:20:00 UTC-3","virginia lottery","./explore?q=virginia%20lottery&geo=US"
"sleep news","100+","8 de agosto de 2026 a las 7:00:00 UTC-3","8 de agosto de 2026 a las 8:00:00 UTC-3","sleep news","./explore?q=sleep%20news&geo=US"
"brain","100+","8 de agosto de 2026 a las 8:20:00 UTC-3","8 de agosto de 2026 a las 9:10:00 UTC-3","brain","./explore?q=brain&geo=US"
"paint news","100+","8 de agosto de 2026 a las 6:50:00 UTC-3","8 de agosto de 2026 a las 7:50:00 UTC-3","paint news","./explore?q=paint%20news&geo=US"
"car news","100+","8 de agosto de 2026 a las 7:00:00 UTC-3","8 de agosto de 2026 a las 8:00:00 UTC-3","car news","./explore?q=car%20news&geo=US"
"cambridge professor jason arday","100+","8 de agosto de 2026 a las 7:50:00 UTC-3","8 de agosto de 2026 a las 8:40:00 UTC-3","cambridge professor jason arday","./explore?q=cambridge%20professor%20jason%20arday&geo=US"
"investing","100+","8 de agosto de 2026 a las 7:10:00 UTC-3","8 de agosto de 2026 a las 8:00:00 UTC-3","investing","./explore?q=investing&geo=US"
"sports interview","100+","8 de agosto de 2026 a las 7:00:00 UTC-3","8 de agosto de 2026 a las 7:50:00 UTC-3","sports interview","./explore?q=sports%20interview&geo=US"
"2","100+","8 de agosto de 2026 a las 6:20:00 UTC-3","8 de agosto de 2026 a las 7:20:00 UTC-3","2","./explore?q=2&geo=US"
"career","100+","8 de agosto de 2026 a las 6:20:00 UTC-3","8 de agosto de 2026 a las 7:30:00 UTC-3","career","./explore?q=career&geo=US"
"erika eleniak","100+","11 de agosto de 2026 a las 11:20:00 UTC-3","11 de agosto de 2026 a las 11:40:00 UTC-3","erika eleniak","./explore?q=erika%20eleniak&geo=US"
"dafne keen","100+","9 de agosto de 2026 a las 8:40:00 UTC-3","9 de agosto de 2026 a las 9:10:00 UTC-3","dafne keen","./explore?q=dafne%20keen&geo=US"
"pltr stock price","100+","11 de agosto de 2026 a las 11:30:00 UTC-3","11 de agosto de 2026 a las 11:50:00 UTC-3","pltr stock price","./explore?q=pltr%20stock%20price&geo=US"
"price of silver","100+","11 de agosto de 2026 a las 11:30:00 UTC-3","11 de agosto de 2026 a las 11:50:00 UTC-3","price of silver","./explore?q=price%20of%20silver&geo=US"
"free","100+","8 de agosto de 2026 a las 6:30:00 UTC-3","8 de agosto de 2026 a las 7:20:00 UTC-3","free","./explore?q=free&geo=US"
"mets score","100+","11 de agosto de 2026 a las 7:20:00 UTC-3","11 de agosto de 2026 a las 7:40:00 UTC-3","mets score","./explore?q=mets%20score&geo=US"
"nature news","100+","8 de agosto de 2026 a las 5:30:00 UTC-3","8 de agosto de 2026 a las 6:40:00 UTC-3","nature news","./explore?q=nature%20news&geo=US"
"we","100+","8 de agosto de 2026 a las 7:00:00 UTC-3","8 de agosto de 2026 a las 7:40:00 UTC-3","we","./explore?q=we&geo=US"
"publix","100+","11 de agosto de 2026 a las 20:10:00 UTC-3","11 de agosto de 2026 a las 20:30:00 UTC-3","publix","./explore?q=publix&geo=US"
"nancy mace","100+","10 de agosto de 2026 a las 12:30:00 UTC-3","10 de agosto de 2026 a las 12:50:00 UTC-3","nancy mace","./explore?q=nancy%20mace&geo=US"
"vgt","100+","10 de agosto de 2026 a las 11:30:00 UTC-3","10 de agosto de 2026 a las 11:50:00 UTC-3","vgt","./explore?q=vgt&geo=US"
"usgs","100+","10 de agosto de 2026 a las 11:20:00 UTC-3","10 de agosto de 2026 a las 11:40:00 UTC-3","usgs","./explore?q=usgs&geo=US"
"sports calendar","100+","8 de agosto de 2026 a las 5:50:00 UTC-3","8 de agosto de 2026 a las 6:30:00 UTC-3","sports calendar","./explore?q=sports%20calendar&geo=US"
"michigan football","100+","8 de agosto de 2026 a las 8:30:00 UTC-3","8 de agosto de 2026 a las 9:00:00 UTC-3","michigan football","./explore?q=michigan%20football&geo=US"
"pittsburgh weather","100+","10 de agosto de 2026 a las 13:20:00 UTC-3","10 de agosto de 2026 a las 13:40:00 UTC-3","pittsburgh weather","./explore?q=pittsburgh%20weather&geo=US"
"science","100+","8 de agosto de 2026 a las 7:00:00 UTC-3","8 de agosto de 2026 a las 7:50:00 UTC-3","science","./explore?q=science&geo=US"
"criminal defense attorney","100+","9 de agosto de 2026 a las 8:40:00 UTC-3","9 de agosto de 2026 a las 9:00:00 UTC-3","criminal defense attorney","./explore?q=criminal%20defense%20attorney&geo=US"
"super bowl","100+","10 de agosto de 2026 a las 7:00:00 UTC-3","10 de agosto de 2026 a las 7:20:00 UTC-3","super bowl","./explore?q=super%20bowl&geo=US"
"zainab jiwa","100+","9 de agosto de 2026 a las 8:50:00 UTC-3","9 de agosto de 2026 a las 9:10:00 UTC-3","zainab jiwa","./explore?q=zainab%20jiwa&geo=US"
"'s epatha merkerson","100+","9 de agosto de 2026 a las 8:50:00 UTC-3","9 de agosto de 2026 a las 9:10:00 UTC-3","'s epatha merkerson","./explore?q=%27s%20epatha%20merkerson&geo=US"
"cake","100+","8 de agosto de 2026 a las 6:10:00 UTC-3","8 de agosto de 2026 a las 6:40:00 UTC-3","cake","./explore?q=cake&geo=US"
"fidelity crypto","100+","9 de agosto de 2026 a las 7:30:00 UTC-3","9 de agosto de 2026 a las 7:50:00 UTC-3","fidelity crypto","./explore?q=fidelity%20crypto&geo=US"
"portland press herald","100+","9 de agosto de 2026 a las 7:40:00 UTC-3","9 de agosto de 2026 a las 8:00:00 UTC-3","portland press herald","./explore?q=portland%20press%20herald&geo=US"
"ca","100+","8 de agosto de 2026 a las 7:50:00 UTC-3","8 de agosto de 2026 a las 8:10:00 UTC-3","ca","./explore?q=ca&geo=US"
"bleach","100+","8 de agosto de 2026 a las 5:30:00 UTC-3","8 de agosto de 2026 a las 5:50:00 UTC-3","bleach","./explore?q=bleach&geo=US"