"Tendencias","Volumen de búsquedas","Inicio","Finalizada","Desglose de tendencias","Enlace a Explorar"
"cruzeiro x flamengo","2 M+","11 de agosto de 2026 a las 7:40:00 UTC-3",,"cruzeiro x flamengo,flamengo x cruzeiro,flamengo,flamengo e cruzeiro,cruzeiro,flamengo x,cruzeiro e flamengo,jogo do cruzeiro,seleção brasileira,cruzeiro vs flamengo,cruzeiro - flamengo,jogo flamengo,onde assistir cruzeiro esporte clube x flamengo,jogo cruzeiro,cruzeiro x flamengo onde assistir,cruzeiro x,jogo cruzeiro e flamengo,lucas paquetá,jogo flamengo e cruzeiro,jogo cruzeiro x flamengo libertadores,jogo do flamengo-cruzeiro,jogo do cruzeiro-flamengo,flamengo x cruzeiro onde assistir,fla x,cruzeiro esporte clube,cruzeiro esporte clube x flamengo,jogo do flamengo e cruzeiro,flamengo cruzeiro,onde assistir cruzeiro-flamengo,kaio jorge,onde assistir cruzeiro x flamengo,escalações de cruzeiro esporte clube x flamengo,cruzeiro flamengo,onde vai passar o jogo do flamengo,giorgian de arrascaeta,arrascaeta,matheus pereira,gerson,quanto ficou o jogo do cruzeiro,flamengo vs cruzeiro,onde assistir flamengo e cruzeiro,onde assistir flamengo hoje,onde assistir flamengo,cruzeiro x flamengo ao vivo,jogo do flamengo ao vivo,cruzeiro fc,onde assistir flamengo-cruzeiro,cruzeiro e flamengo onde assistir,jogo do cruzeiro e flamengo,resultado do cruzeiro-flamengo,cru x fla,jogo do flamengo hoje onde assistir,onde vai passar o jogo do cruzeiro,jogos do flamengo,jogo cruzeiro flamengo libertadores,flamengo.,resultado do jogo flamengo e cruzeiro,jogo do flamengo onde assistir,onde vai passar o jogo do flamengo hoje,jogo cruzeiro-flamengo,flamengo e cruzeiro onde assistir,jogo do cruzeiro hoje ao vivo,flamengo jogo,ge tv ao vivo,flamengo ingressos,fla x cruzeiro,onde assistir o jogo do flamengo,onde assistir cruzeiro e flamengo,cruzeiro-flamengo onde assistir,onde assistir flamengo x cruzeiro,o jogo do flamengo,onde vai passar o jogo do flamengo-cruzeiro,jorge carrascal,flamengo onde assistir hoje,cruzeiro x flamengo copa do brasil,aonde vai passar o jogo do flamengo,qual canal vai passar cruzeiro-flamengo,onde vai passar cruzeiro-flamengo,onde assistir cruzeiro-flamengo hoje,cruzeiro-flamengo ontem,onde vai passar o jogo do cruzeiro-flamengo,flamengo ganhou,onde vai passar flamengo-cruzeiro,ingressos flamengo,escalação do flamengo hoje,josé boto","./explore?q=cruzeiro%20x%20flamengo&geo=BR"
"rosario x corinthians","2 M+","13 de agosto de 2026 a las 17:30:00 UTC-3",,"rosario x corinthians,libertadores,conmebol libertadores,corinthians x rosario central,jogos de conmebol libertadores,libertadores hoje,onde assistir rosario central x corinthians,allan,rosario central,libertadores da américa,central vs corinthians,corinthians x rosario,rosario - corinthians,jogos da libertadores hoje,di maria,jogos libertadores,onde assistir corinthians hoje,corinthians onde assistir,jogo corinthians hoje onde assistir,onde assistir corinthians,corinthians e rosário central,onde vai passar o jogo do corinthians,onde assistir o jogo do corinthians hoje,corinthians x rosario central onde assistir,jogo corinthians onde assistir,corinthians ao vivo,espn ao vivo,rosario,corinthians hoje onde assistir,jogo da libertadores,jogo do corinthians hoje onde assistir,rosario central x corinthians onde assistir,rosario central - corinthians,onde assistir o jogo do corinthians,onde assistir corinthians e rosário central,escalações de rosario central x corinthians,jogo do corinthians onde assistir,que hora é o jogo do corinthians,onde vai passar o jogo do corinthians hoje,jogo corinthians,rosário central,jogo do corinthians ao vivo,estatísticas de rosario central x corinthians,onde está passando o jogo do corinthians,corinthians onde assistir hoje,copa libertadores da américa,jogo do corinthians hoje ao vivo,onde assistir jogo do corinthians hoje,rosario central x corinthians minuto a minuto,breno bidon,rosário central e corinthians,resultado jogo do corinthians,onde assistir rosário central-corinthians,onde assistir corinthians x rosario central,jogo do corinthians de hoje,transmissão jogo do corinthians hoje,corinthians libertadores,que horas é o jogo do corinthians hoje,onde assistir o corinthians hoje,corinthians transmissão,aonde vai passar o jogo do corinthians,club atlético rosario central,corinthians jogos,kaio césar,assistir corinthians hoje,corinthians joga hoje,assistir corinthians,onde assistir jogo do corinthians,onde vai passar corinthians hoje,corinthians x onde assistir,corinthians x rosario onde assistir,final da libertadores 2026,horário do jogo do corinthians hoje,disneyplus,onde tá passando o jogo do corinthians hoje,corinthians x rosario central ao vivo,allan corinthians,aonde assistir o jogo do corinthians,final libertadores 2026,cor x,dimaria","./explore?q=rosario%20x%20corinthians&geo=BR"
"santos x macará","1 M+","13 de agosto de 2026 a las 17:40:00 UTC-3",,"santos x macará,santos,santos x,santos fc,santos x macara,jogo do santos,macara,santos vs macará,espn,santos futebol clube,santos - macará,santos hoje,club deportivo macará,neymar,onde assistir santos futebol clube x macará,jogo santos,santos onde assistir,onde assistir santos hoje,santos x macará onde assistir,macará,gabriel barbosa,onde assistir santos,onde assistir santos x macara,macara fc,santos ao vivo,santos x maraca,onde assistir o jogo do santos,escalações de santos futebol clube x macará,santos x macara onde assistir,onde assistir o jogo do santos hoje,santos e macara,jogo do santos hoje onde assistir,gabigol,santos futebol clube x macará minuto a minuto,santos hoje onde assistir,sula,santos futebol clube x macará,onde assistir santos e macará,jogo do santos onde assistir,jogo do santos hoje ao vivo,jogos de santos futebol clube,resultado do santos","./explore?q=santos%20x%20macar%C3%A1&geo=BR"
"cienciano x botafogo","1 M+","13 de agosto de 2026 a las 18:30:00 UTC-3",,"cienciano x botafogo,botafogo,cienciano,sulamericana,botafogo x,botafogo x cienciano,conmebol sudamericana,jogo do botafogo,sul americana,copa sul americana,sul americana 2026,botafogo hoje,bota fogo,jogo botafogo,sul-americana,copa sul-americana,resultado do jogo do botafogo,botafogo de futebol e regatas,copa sul americana 2026,goleada,warleson,cienciano - botafogo,jogo do botafogo hoje,botafogo onde assistir,quanto foi o jogo do botafogo,cienciano x botafogo onde assistir,jogos de conmebol sudamericana,onde assistir botafogo hoje,chaveamento libertadores 2026,jogos da sul-americana,jogo botafogo hoje,jogos ontem,cienciano tem altitude,jogo do botafogo ontem,fogaonet,resultado do botafogo,cienciano altitude,cusco altitude,botafogo e cienciano,assistir jogo ao vivo,onde assistir o jogo do botafogo,franclim carvalho,placar do jogo do botafogo,quanto foi o jogo do botafogo ontem,onde assistir o jogo do botafogo hoje,onde vai passar o jogo do botafogo,botafogo x cienciano onde assistir,matheus martins,nahuel ferraresi,botafogo.,cienciano e botafogo","./explore?q=cienciano%20x%20botafogo&geo=BR"
"palmeiras x cerro porteño","1 M+","12 de agosto de 2026 a las 15:40:00 UTC-3","14 de agosto de 2026 a las 20:30:00 UTC-3","palmeiras x cerro porteño,palmeiras,abel ferreira,cerro porteño,palmeiras e cerro porteño,palmeiras x,palmeiras x cerro porteño onde assistir,palmeiras hoje,jogo do palmeiras,andreas pereira,palmeiras onde assistir,palmeiras vs ccp,onde assistir palmeiras e cerro porteño,onde assistir palmeiras hoje,jogo do palmeiras hoje,jogo palmeiras,palmeiras x cerro,jogo palmeiras hoje,pablo vegetti,onde assistir palmeiras x cerro porteno,palmeiras - cerro porteño,palmeiras x cerro porteño: onde assistir,onde assistir palmeiras,onde assistir o jogo do palmeiras,cerro,palmeiras hoje onde assistir,club cerro porteño,cerro porteno,onde assistir o jogo do palmeiras hoje,onde vai passar o jogo do palmeiras,palmeiras e cerro porteno,jogos de hoje da libertadores,palmeiras ao vivo,palmeiras - cerro,carlos miguel,onde assistir palmeiras e cerro,jogo do palmeiras hoje onde assistir,palmeiras fc,palmeiras e cerro porteño onde assistir,palmeiras hoje ao vivo,palmeiras hj,onde assistir sociedade esportiva palmeiras x cerro porteño,pal,onde vai passar o jogo do palmeiras hoje,onde assistir jogo do palmeiras hoje,jogo do palmeiras onde assistir,palmeiras onde assistir hoje,jogo do palmeiras ao vivo,qual canal vai passar o jogo do palmeiras,palmeiras x cerro onde assistir,jogo palmeiras onde assistir,estatísticas de sociedade esportiva palmeiras x cerro porteño,onde assistir palmeiras-cerro porteño,horário do jogo do palmeiras,palmeiras e cerro,que hora é o jogo do palmeiras,onde tá passando o jogo do palmeiras,resultado de palmeiras e cerro porteño,flaco lópez,cerro porteño x palmeiras,resultado do jogo palmeiras e cerro porteño,onde assistir palmeiras x cerro porteño,onde assistir o palmeiras hoje,palmeiras-cerro porteño,palmeiras x cerro porteno,jogos libertadores hoje,resultado do palmeiras,futebol ao vivo,jogo do palmeiras e cerro porteño,escalações de sociedade esportiva palmeiras x cerro porteño,palmeiras e cerro portenho,jogo palmeiras hoje onde assistir,palmeiras transmissão,onde assistir palmeiras e cerro porteño hoje,aonde assistir palmeiras e cerro porteño,onde assistir palmeiras e cerro portenho,aonde vai passar o jogo do palmeiras,resultado jogo do palmeiras,qual canal vai passar o jogo do palmeiras hoje,onde vai passar palmeiras e cerro porteño,palmeiras jogo,onde assistir jogo do palmeiras,quanto tá o jogo do palmeiras e cerro porteño,onde vai passar palmeiras e cerro,aonde assistir o jogo do palmeiras,o jogo do palmeiras,palmeiras joga hoje,palmeiras vs,onde assistir o jogo do palmeiras e cerro porteño,palmeiras jogos,onde assistir palmeiras x cerro,sociedade esportiva palmeiras x cerro porteño,palmeiras x cerro porteño ao vivo,que horas é o jogo do palmeiras,que canal vai passar o jogo do palmeiras,onde vai passar o jogo do palmeiras e cerro porteño,horário do jogo do palmeiras hoje,campeonato paraguaio,palmeiras cerro porteño 12/08/2026","./explore?q=palmeiras%20x%20cerro%20porte%C3%B1o&geo=BR"
"flamengo x ec vitória","1 M+","9 de agosto de 2026 a las 13:20:00 UTC-3","13 de agosto de 2026 a las 8:10:00 UTC-3","flamengo x ec vitória","./explore?q=flamengo%20x%20ec%20vit%C3%B3ria&geo=BR"
"bragantino x corinthians","1 M+","9 de agosto de 2026 a las 12:10:00 UTC-3","11 de agosto de 2026 a las 7:50:00 UTC-3","bragantino x corinthians,classificações de bragantino x corinthians,corinthians x bragantino,onde assistir bragantino x corinthians,tabela do campeonato brasileiro,tabela brasileirao,bragantino vs corinthians,corinthians-bragantino,bragantino - corinthians,classificação do campeonato brasileiro série a,tabela campeonato brasileiro,tabela,bragantino x corinthians onde assistir,red bull bragantino,bragantino corinthians 09/08/2026,corinthians e bragantino,onde assistir corinthians hoje,bragantino-corinthians,corinthians ao vivo,corinthians x bragantino onde assistir,premiere ao vivo,rodrigo garro,onde assistir corinthians,onde assistir corinthians-bragantino,onde vai passar o jogo do corinthians,onde assistir bragantino-corinthians,corinthians onde assistir,jogo do corinthians hoje onde assistir,onde assistir o jogo do corinthians hoje,onde vai passar o jogo do corinthians hoje,volpi,onde assistir o jogo do corinthians,bragantino x corinthians ao vivo,qual canal vai passar o jogo do corinthians,jogo do corinthians onde assistir,onde está passando o jogo do corinthians,tabela do brasileirao,jogo corinthians hoje onde assistir,resultado do jogo corinthians-bragantino,corinthians onde assistir hoje,corinthians x red bull bragantino,onde assistir jogo do corinthians hoje,onde assistir corinthians e bragantino,tiago volpi","./explore?q=bragantino%20x%20corinthians&geo=BR"
"palmeiras x internacional","1 M+","8 de agosto de 2026 a las 18:10:00 UTC-3","11 de agosto de 2026 a las 8:00:00 UTC-3","palmeiras x internacional,sorteio copa do brasil,grenal,sorteio copa do brasil 2026,sorteio da copa do brasil,copa do brasil sorteio,quartas de final copa do brasil,grenal copa do brasil,confrontos copa do brasil,chaveamento copa do brasil,copa do brasil quartas de final,sorteio copa do brasil jogos,sorteio da copa do brasil 2026,confrontos da copa do brasil,que horas é o sorteio da copa do brasil,confronto copa do brasil,confronto da copa do brasil,copa do brasil 2025,santos x palmeiras,palmeiras x santos,chaveamento da copa do brasil,tabela da copa do brasil,chaveamento copa do brasil 2026,como ficou o sorteio da copa do brasil,jogos copa do brasil,sorteio da copa do brasil hoje,gremio copa do brasil,gremio x inter,datas copa do brasil,sorteio das quartas de final da copa do brasil,sorteio,copa do brasil jogos,cruzeiro x atlético-mg,quartas copa do brasil,horario sorteio copa do brasil,tabela copa do brasil,jogos da copa do brasil sorteio,jogos da copa do brasil 2026,copa do brasil datas,classificações de grêmio,grenal na copa do brasil,jogos,palmeiras copa do brasil,copa.do brasil,onde vai passar o sorteio da copa do brasil,copa brasil,confrontos copa do brasil 2026,copa do brasil 2026,tabela da copa do brasil 2026,copa do brasil sorteio das quartas,jogos de copa do brasil,quartas de final copa do brasil 2026,vasco x vitoria,cruzeiro copa do brasil,sorteio da copa do brasil ao vivo,que horas vai ser o sorteio da copa do brasil,datas quartas de final copa do brasil,copa do brasil confrontos,sorteio copa do brasil ao vivo,copa do brasil quartas,tabela copa do brasil 2026,cbf,inter x gremio,quartas de final da copa do brasil,ge tv,horário do sorteio da copa do brasil,confrontos da copa do brasil 2026,copa do brasil chaveamento,copa.do.brasil,cruzeiro e atlético,confronto das quartas de final da copa do brasil,já saiu o sorteio da copa do brasil,vasco copa do brasil,copa do braisl,onde assistir o sorteio da copa do brasil,sorteio copa brasil,quarta de final da copa do brasil,globo.com,jogos da copa do brasil,horario do sorteio da copa do brasil","./explore?q=palmeiras%20x%20internacional&geo=BR"
"grêmio x são paulo","1 M+","8 de agosto de 2026 a las 14:40:00 UTC-3","10 de agosto de 2026 a las 7:40:00 UTC-3","grêmio x são paulo,classificações de grêmio x são paulo futebol clube,gremio x sao paulo,sao paulo,gremio,sao paulo x,spfc,gremio x,jogo do gremio,são paulo,sao paulo x gremio,jogo do são paulo,grêmio,grêmio vs são paulo,são paulo-grêmio,sao paulo fc,gremio hoje,onde assistir grêmio x são paulo futebol clube,grêmio - são paulo,são paulo futebol clube,jogo do sao paulo,grêmio são paulo 08/08/2026,gremio x sao paulo onde assistir,jogo do grêmio,grêmio e são paulo,jogo sao paulo,jogo gremio,ferreirinha,jogo do grêmio hoje,gremio e sao paulo,grêmio x são paulo onde assistir,grêmio-são paulo,sao paulo hoje,onde assistir gremio x sao paulo,são paulo x,gremio fc,sao paulo e gremio,onde assistir são paulo-grêmio,jogo sao paulo hoje,são paulo x grêmio,onde assistir grêmio e são paulo,cristian pavón,jogo do sao paulo hoje,são paulo e grêmio,sao paulo onde assistir,quanto tá o jogo do são paulo,jogo do são paulo-grêmio,são paulo fc,jogo do gremio hoje,pavon,jogo gremio hoje,sao paulo x gremio onde assistir,onde assistir sao paulo hoje,tabela campeonato brasileiro,estatísticas de grêmio x são paulo futebol clube,resultado de são paulo-grêmio,gremio e sao paulo onde assistir,onde assistir sao paulo x gremio,gremio onde assistir,grêmio x,grêmio x são paulo futebol clube minuto a minuto,quanto tá o jogo do são paulo-grêmio,gremio sao paulo,onde assistir grêmio-são paulo,grêmio x são paulo ao vivo,onde assistir jogo gremio hoje,jogo gremio hoje onde assistir","./explore?q=gr%C3%AAmio%20x%20s%C3%A3o%20paulo&geo=BR"
"cruzeiro x mirassol","1 M+","9 de agosto de 2026 a las 6:20:00 UTC-3","10 de agosto de 2026 a las 13:30:00 UTC-3","cruzeiro x mirassol,classificações de cruzeiro esporte clube x mirassol futebol clube,tabela do brasileirão,brasileirao,cruzeiro,cruzeiro x,cruzeiro e mirassol,brasileirão,cruzeiro x mirassol onde assistir,série a,onde assistir cruzeiro e mirassol,jogo cruzeiro,cruzeiro vs mirassol,cruzeiro onde assistir,cruzeiro esporte clube,brasileiro,mirassol,brasileiro série a,brasileirao a,onde assistir cruzeiro hoje,jogo cruzeiro hoje,cruzeiro - mirassol,onde assistir cruzeiro esporte clube x mirassol futebol clube,zé lucas,itatiaia,campeonato brasileiro 2026,cruzeiro fc,jogos do brasileirão hoje,cruzeiro e mirassol onde assistir,cruzeiro x mirassol placar,resultado do jogo do cruzeiro,mirassol x cruzeiro,onde assistir cruzeiro x mirassol,onde vai passar o jogo do cruzeiro,mirassol futebol clube,cruzeiro x mirassol 2026,mirassol x,onde assistir cruzeiro,kaio jorge,onde assistir o jogo do cruzeiro,joão marcelo,jogo do cruzeiro hoje ao vivo,jogo do cruzeiro onde assistir,onde assistir o jogo do cruzeiro hoje,cruzeiro x mirassol ao vivo,placar do jogo do cruzeiro,resultado do jogo cruzeiro e mirassol,cruzeiro mirassol,wesley,qual canal vai passar o jogo do cruzeiro,jogo do cruzeiro hoje onde assistir,onde vai passar o jogo do cruzeiro hoje,cruzeiro ao vivo,onde vai passar cruzeiro e mirassol,transmissão do jogo do cruzeiro,cruzeiro vs mirassol futebol clube standings,mirassol x cruzeiro ao vivo,jogo cruzeiro hoje onde assistir,resultado do jogo do cruzeiro e mirassol,onde assistir jogo do cruzeiro hoje,jogo do cruzeiro e mirassol,cruzeiro hoje onde assistir,qual canal vai passar o jogo do cruzeiro hoje,jogo cruzeiro x mirassol onde assistir,onde assistir jogo do cruzeiro,melhores momentos cruzeiro e mirassol,cruzeiro x mirassol resultado,onde assistir cruzeiro e mirassol hoje,onde está passando cruzeiro e mirassol","./explore?q=cruzeiro%20x%20mirassol&geo=BR"
"classificações de flamengo x ec vitória","1 M+","9 de agosto de 2026 a las 19:40:00 UTC-3","11 de agosto de 2026 a las 7:10:00 UTC-3","classificações de flamengo x ec vitória,flamengo,brasileirão série a,jogo do flamengo,flamengo x,flamengo x vitoria,brasileirão,flamengo e vitória,flamengo hoje,onde assistir flamengo x ec vitória,flamengo - ec vitória,flamengo x vitória,flamengo vs vitória,jogo flamengo,erick pulgar,jogo do cruzeiro hoje,que hora é o jogo do flamengo,fla,horário do jogo do flamengo,bruno henrique,que horas é o jogo do flamengo,flamengo e vitoria,flamengo vitória 09/08/2026,brasileiro série b,resultado do flamengo,esporte clube vitória,flamengo vs esporte clube vitória standings,jogo do flamengo ao vivo,flamengo ao vivo,fla x,flamengo-vitória,jogo de hoje,brasileirão 2026,campeonato brasileiro série a,vitoria x flamengo,flamengo x vitoria onde assistir,jogo do flamengo e vitória,flamengo x ec vitória: onde assistir,flamengo - vitória,que horas é o jogo do flamengo hoje,resultado do jogo do flamengo e vitória,pulgar,resultado do jogo flamengo e vitória,onde assistir flamengo e vitória,onde assistir o jogo do flamengo,flamengo x ec vitória onde assistir,brasileirao serie a,onde assistir flamengo x,flamengo jogo,quanto tá o jogo do flamengo e vitória,jogo do flamengo onde assistir,resultado do jogo do flamengo-vitória,flamengo x vitória onde assistir,horário do jogo do flamengo hoje,onde assistir flamengo,onde vai passar o jogo do flamengo hoje,jogo do flamengo hoje onde assistir,flamengo vitória melhores momentos,jogos brasileirao,jogo do flamengo hoje ao vivo,que hora que é o jogo do flamengo,que hora é o jogo do flamengo hoje,estatísticas de flamengo x ec vitória,onde assistir flamengo-vitória,jogos de flamengo,arrascaeta,jogo flamengo vitoria,jogo do flamengo de hoje,flamengo e vitoria onde assistir,resultado jogo do flamengo,campeonato brasileiro série a 2026,flamengo vs ec vitória,transmissão do jogo do flamengo,flamengo e vitória ao vivo","./explore?q=classifica%C3%A7%C3%B5es%20de%20flamengo%20x%20ec%20vit%C3%B3ria&geo=BR"
"vasco da gama x olimpia","500 mil+","13 de agosto de 2026 a las 18:00:00 UTC-3","15 de agosto de 2026 a las 9:30:00 UTC-3","vasco da gama x olimpia,vasco x olimpia,vasco,jogo do vasco,copa sul americana,vasco hoje,jogo do vasco hoje,sul americana,vasco x olimpia onde assistir,vasco da gama,vasco da gama - olimpia,vasco x,vasco vs olimpia,onde assistir vasco x olimpia,vasco onde assistir,vasco e olímpia,vasco x club olimpia,jogo do vasco hoje onde assistir,vasco e olimpia,jogo vasco hoje,onde assistir o jogo do vasco,onde vai passar o jogo do vasco,vasco ao vivo,onde assistir o jogo do vasco hoje,onde assistir vasco hoje,onde assistir vasco,vasco da gama x olimpia: onde assistir,vasco hoje onde assistir,jogo vasco,vasco e olimpia onde assistir,vasco fc,onde vai passar o jogo do vasco hoje,quanto foi o jogo do vasco,jogo do vasco onde assistir,vasco x olimpia ao vivo,vasco da gama x olimpia onde assistir,qual canal vai passar o jogo do vasco,vasco olimpia,horário do jogo do vasco,onde está passando o jogo do vasco,vasco onde assistir hoje,jogo vasco hoje onde assistir","./explore?q=vasco%20da%20gama%20x%20olimpia&geo=BR"
"bolívar x são paulo","500 mil+","11 de agosto de 2026 a las 20:30:00 UTC-3","14 de agosto de 2026 a las 21:50:00 UTC-3","bolívar x são paulo,sao paulo x,spfc,bolivar x sao paulo,bolivar,sao paulo x bolivar,bolívar vs são paulo,jogo sao paulo,bolívar - são paulo,sao paulo hoje,jogo do sao paulo hoje,jogo sao paulo hoje,são paulo e bolívar,sao paulo onde assistir,bolivar x,jogo do são paulo hoje,são paulo x bolivar,onde assistir sao paulo hoje,bolívar x são paulo onde assistir,onde assistir club bolívar x são paulo futebol clube,spfc x,onde assistir o jogo do são paulo hoje,onde assistir sao paulo,quanto foi o jogo do são paulo,onde assistir bolivar x sao paulo,onde assistir o jogo do são paulo,onde vai passar o jogo do são paulo hoje,jogo do são paulo ontem,onde vai passar o jogo do são paulo,carlos lampe,carlos melgar,quanto tá o jogo do são paulo,sao.paulo,resultado do são paulo,jogos de conmebol sudamericana","./explore?q=bol%C3%ADvar%20x%20s%C3%A3o%20paulo&geo=BR"
"bragantino x atlético-mg","500 mil+","12 de agosto de 2026 a las 18:00:00 UTC-3","14 de agosto de 2026 a las 7:10:00 UTC-3","bragantino x atlético-mg,galo,jogo do galo,atletico,copa sul-americana,atletico mg,bragantino,bragantino atlético mineiro 12/08/2026,jogo do galo hoje,atletico mg x,atlético-mg,onde assistir bragantino x atlético-mg,galo hoje,jogo galo,bragantino - atlético-mg,galo x,atlético,red bull bragantino,bragantino x,jogos da sul-americana,jogo do atlético,galo x bragantino,bragantino x atletico mg,atletico x,lyanco,jogo atletico,tomás cuello,jogo do bragantino,atletico x bragantino,jogo do galo hoje onde assistir,bragantino x atlético mg onde assistir,jogo galo hoje,atletico mineiro,atlético mineiro,jogo do atlético mineiro,onde assistir o jogo do galo hoje","./explore?q=bragantino%20x%20atl%C3%A9tico-mg&geo=BR"
"fluminense x independiente rivadavia","500 mil+","11 de agosto de 2026 a las 16:30:00 UTC-3","13 de agosto de 2026 a las 13:30:00 UTC-3","fluminense x independiente rivadavia,fluminense x,fluminense hoje,onde assistir fluminense x independiente rivadavia,jogo do fluminense hoje,jogo fluminense,flu,independiente rivadavia,fluminense onde assistir,fluminense - independiente rivadavia,fluminense x rivadavia,fluminense vs independiente rivadavia,onde assistir fluminense hoje,fluminense x independiente rivadavia onde assistir,jogo fluminense hoje,ge,rivadavia,onde assistir fluminense,onde assistir o jogo do fluminense,fluminense fc,fluminense x rivadavia onde assistir,onde assistir o jogo do fluminense hoje,onde vai passar o jogo do fluminense hoje,onde assistir fluminense x rivadavia,thiago silva,fluminense hoje onde assistir,treinador,onde vai passar o jogo do fluminense,jogo do fluminense hoje onde assistir,qual canal vai passar o jogo do fluminense,quanto foi o jogo do fluminense,disney+,fluminense ao vivo,fluminense independiente rivadavia 11/08/2026,estatísticas de fluminense x independiente rivadavia","./explore?q=fluminense%20x%20independiente%20rivadavia&geo=BR"
"santos x athletico-pr","500 mil+","9 de agosto de 2026 a las 14:40:00 UTC-3","11 de agosto de 2026 a las 5:20:00 UTC-3","santos x athletico-pr,classificações de santos futebol clube x athletico-pr,kevin viveros,santos futebol clube,campeonato brasileiro,athletico pr,athletico,santos vs athletico-pr,santos e atlético paranaense,onde assistir santos futebol clube x athletico-pr,brasileirao serie a,santos - athletico-pr,santos x athletico pr onde assistir,jogos brasileirao,neymar joga hoje,brasileiro,premiere,santos - paranaense,santos onde assistir,athletico-pr,onde assistir santos e atlético paranaense,santos x athletico pr,onde assistir santos x athletico pr,onde assistir santos,onde assistir santos hoje,escalações de santos futebol clube x athletico-pr,onde vai passar o jogo do santos,santos x athletico,onde assistir o jogo do santos,jogo do santos hoje onde assistir,www","./explore?q=santos%20x%20athletico-pr&geo=BR"
"remo x atlético-mg","500 mil+","8 de agosto de 2026 a las 17:30:00 UTC-3","10 de agosto de 2026 a las 8:00:00 UTC-3","remo x atlético-mg,classificações de clube do remo x atlético-mg,remo,galo,remo x,remo x atletico mg,jogo do remo,remo vs atlético mineiro,atletico mg x,clube atlético mineiro,remo - atlético-mg,remo e atlético mineiro,jogo do galo hoje,jogo do atlético mineiro,jogo do remo hoje,remo hoje,onde assistir clube do remo x atlético-mg,galo hoje,galo x,jogo remo,jogo galo,jogo do atlético,gabriel taliari,onde assistir remo-atlético mineiro,remo x atletico mg onde assistir,galo x remo,jogo remo x atletico mineiro,clube do remo,onde assistir remo e atlético mineiro,bernard,onde assistir remo x atletico mg,quanto foi o jogo do remo,atlético mineiro-remo,jogo remo x atlético mg,estatísticas de clube do remo x atlético-mg","./explore?q=remo%20x%20atl%C3%A9tico-mg&geo=BR"
"bahia x vasco da gama","500 mil+","9 de agosto de 2026 a las 14:10:00 UTC-3","10 de agosto de 2026 a las 21:10:00 UTC-3","bahia x vasco da gama,classificações de esporte clube bahia x vasco,bahia x vasco,vasco x bahia,vasco,bahia,jogo do bahia,vasco e bahia,bahia x,bahia e vasco,bahia vs vasco,vasco-bahia,premiere,bahia-vasco,onde assistir esporte clube bahia x vasco,vasco x,bahia - vasco da gama,jogo bahia,jogo do bahia hoje,jogo vasco,classificação do campeonato brasileiro,resultado do jogo bahia-vasco,ec bahia,bahia x vasco onde assistir,resultado do jogo do vasco-bahia,vasco bahia,bahia fc,resultado do jogo vasco-bahia,onde assistir bahia x vasco,onde assistir bahia-vasco,vasco x bahia onde assistir,bahia x vasco da gama onde assistir,jogo do vasco-bahia,onde assistir vasco hoje,vasco e bahia onde assistir,jogo do vasco hoje onde assistir,onde assistir vasco-bahia,vasco ao vivo,onde assistir vasco x bahia,andres gomez","./explore?q=bahia%20x%20vasco%20da%20gama&geo=BR"
"sport recife x londrina","200 mil+","14 de agosto de 2026 a las 19:30:00 UTC-3",,"sport recife x londrina,classificações de sport recife x londrina esporte clube,sport,jogo do sport,sport recife,brasileiro série b,sport x londrina,campeonato brasileiro série b,sport x,sport club do recife,londrina fc,diego hernández,jogo do sport hoje,sport x londrina onde assistir,jogo sport,londrina esporte clube,campeonato brasileiro b,sport vs londrina,sport fc","./explore?q=sport%20recife%20x%20londrina&geo=BR"
"memphis","200 mil+","11 de agosto de 2026 a las 15:00:00 UTC-3",,"memphis,memphis depay,depay,corinthians,memphis depay corinthians,jogo do corinthians,fernando diniz,memphis depay saiu do corinthians,negociação,corinthians hoje,corinthians memphis depay,classificações de corinthians,atacante,maisa,corinthians fc,sport club corinthians paulista,onde ver corinthians hoje,o jogo do corinthians,meu timão,meu timao,espn ao vivo,do","./explore?q=memphis&geo=BR"
"cesgranrio","200 mil+","12 de agosto de 2026 a las 3:00:00 UTC-3",,"cesgranrio,transpetro concurso,edital transpetro 2026,transpetro,concurso transpetro 2026,concurso transpetro,transpetro concurso 2026,cesgranrio transpetro,edital transpetro,concurso transpetro edital,transpetro edital concurso,fundação cesgranrio,cesgranrio transpetro 2026,transpetro edital,edital transpetro edital,concurso público,concurso edital transpetro,concurso","./explore?q=cesgranrio&geo=BR"
"mirassol x ldu quito","200 mil+","13 de agosto de 2026 a las 18:00:00 UTC-3","14 de agosto de 2026 a las 21:20:00 UTC-3","mirassol x ldu quito,mirassol,mirassol x ldu,mirassol x,mirasol,mirassol futebol clube,ldu quito,ldu,mirassol - ldu quito,mirassol e ldu,jogo mirassol,onde assistir mirassol e ldu,mirassol x ldu quito onde assistir,onde assistir mirassol futebol clube x ldu quito,mirassol x ldu onde assistir,deyverson,quanto tá o jogo do mirassol,mirassol fc,onde assistir mirassol hoje,onde assistir o jogo do mirassol,mirassol onde assistir,onde assistir mirassol","./explore?q=mirassol%20x%20ldu%20quito&geo=BR"
"libertadores 2026","200 mil+","9 de agosto de 2026 a las 13:00:00 UTC-3","14 de agosto de 2026 a las 21:10:00 UTC-3","libertadores 2026,artur jorge,corinthians x,fiel torcedor","./explore?q=libertadores%202026&geo=BR"
"la coruña x real madrid","200 mil+","12 de agosto de 2026 a las 15:00:00 UTC-3","13 de agosto de 2026 a las 19:40:00 UTC-3","la coruña x real madrid,la coruña - real madrid,real madrid x,la coruña x real madrid onde assistir","./explore?q=la%20coru%C3%B1a%20x%20real%20madrid&geo=BR"
"psg x aston villa","200 mil+","11 de agosto de 2026 a las 22:20:00 UTC-3","13 de agosto de 2026 a las 14:10:00 UTC-3","psg x aston villa,psg x,aston villa,jogo do psg,liga dos campeões,super copa da uefa,psg e aston villa,jogo psg,psg - aston villa,onde assistir psg e aston villa,aston villa x psg,psg x aston villa onde assistir,supercopa,psg x aston villa supercopa,escalação psg x aston villa,psg aston villa,onde assistir psg x aston villa,psg onde assistir,programação sbt,psg x aston villa onde vai passar,onde assistir psg,supercopa uefa","./explore?q=psg%20x%20aston%20villa&geo=BR"
"amazon","200 mil+","12 de agosto de 2026 a las 23:20:00 UTC-3","14 de agosto de 2026 a las 0:40:00 UTC-3","amazon","./explore?q=amazon&geo=BR"
"psg","200 mil+","12 de agosto de 2026 a las 12:30:00 UTC-3","13 de agosto de 2026 a las 8:10:00 UTC-3","psg","./explore?q=psg&geo=BR"
"botafogo x fluminense","200 mil+","8 de agosto de 2026 a las 13:10:00 UTC-3","10 de agosto de 2026 a las 7:30:00 UTC-3","botafogo x fluminense","./explore?q=botafogo%20x%20fluminense&geo=BR"
"mensagem dia dos pais","200 mil+","8 de agosto de 2026 a las 18:40:00 UTC-3","9 de agosto de 2026 a las 23:50:00 UTC-3","mensagem dia dos pais,mensagem do dia dos pais,mensagem para o dia dos pais,mensagem de feliz dia dos pais,mensagem de dia dos pais,feliz dias dos pais,frases para o dia dos pais,mensagem feliz dia dos pais,feliz dia dos pais mensagem frases,frase dia dos pais,hoje é dia dos pais,feliz dia dos pais amor,feliz dia dos pais frases curtas,frases dia dos pais,feliz dia dos pais para marido,feliz dia dos pais frases,dia dos pais no mundo,feliz dia dos pai,mensagem para dia dos pais,bom dia feliz dia dos pais,mensagens do dia dos pais,hoje e dia dos pais,feliz dia dos pais mensagem,texto para o dia dos pais,msg dia dos pais,feliz dia dos pais pai,mensagem feliz dia dos pais frases,frases de feliz dia dos pais,frase do dia dos pais,frase para o dia dos pais,hoje é dia dos pais?,mensagens para o dia dos pais,dia dos pais mensagem,mensagem para o dia dos pais emocionante,mensagem para os pais,dia dos pais frases criativas,frases feliz dia dos pais,texto dia dos pais,mensagem dia dos pais 2026,mensagens dia dos pais,frases do dia dos pais,feliz dia dos pais meu amor,frases de dia dos pais,mensagens de feliz dia dos pais,frase feliz dia dos pais,frase de dia dos pais,texto de dia dos pais,dia dos pais 2026,frase de feliz dia dos pais,feliz dia dos pais marido,frases para dia dos pais,mensagem do dia dos pais 2026,mensagem dos dias dos pais,mensagens de dia dos pais,uma mensagem para o dia dos pais,mensagem dia dos pais gratidão,mensagem dos pais,mensagem dia dos pais para marido,dia dos pais frases,mensagem dias dos pais,feliz dia do pai,feliz dia dos pais texto,frases para o dia dos pais emocionante,feliz dia dos pais para todos os pais,11 de agosto dia do advogado,texto feliz dia dos pais,mensagem de dias dos pais,mensagem do dias dos pais,qual é o dia dos pais,mensagem dia dos pais para todos os pais,feliz dia dos pais para meu pai,feliz dia dos.pais,feliz dia dos país,mensagem para pai,feliz dia dos pais meu pai,frase para dia dos pais,feliz dia do pais,frases curtas feliz dia dos pais,mensagem de dia dos pais para marido,feliz dia dos pais para amigo,feliz dia dos pais 2026,mensagem dos dia dos pais,feliz dia dos pais para um amigo,texto para dia dos pais,quando e o dia dos pais,quando e dia dos pais,mensagem pro dia dos pais,frases dias dos pais,dia doa pais,feliz dia dos pais frase,que dia e o dia dos pais,msg dia dos pais 2026","./explore?q=mensagem%20dia%20dos%20pais&geo=BR"
"classificações de sociedade esportiva palmeiras x internacional","200 mil+","9 de agosto de 2026 a las 17:50:00 UTC-3","10 de agosto de 2026 a las 19:20:00 UTC-3","classificações de sociedade esportiva palmeiras x internacional,brasileirao,brasileirão série a,internacional,palmeiras e internacional,inter,inter x palmeiras,palmeiras vs internacional,palmeiras - internacional,inter x,palmeiras x internacional onde assistir,brasileiro série a,palmeiras e inter,palmeiras-internacional,campeonato brasileiro série a,inter e palmeiras,palmeiras x inter,onde assistir palmeiras x internacional,jogo inter,internacional x palmeiras,onde assistir palmeiras hoje,palmeiras onde assistir,jogo palmeiras,tabela brasileirao,palmeiras fc,jogo do inter hoje,alan patrick,se palmeiras vs sc internacional standings,nubank parque,ingressos palmeiras,onde assistir palmeiras,onde assistir palmeiras-internacional,onde vai passar o jogo do palmeiras,resultado do jogo palmeiras-internacional,jogo inter hoje,onde assistir sociedade esportiva palmeiras x internacional,onde assistir o jogo do palmeiras,palmeiras hoje onde assistir,onde assistir palmeiras e internacional,resultado do jogo do palmeiras e internacional,palmeiras x inter onde assistir,onde vai passar o jogo do palmeiras hoje,andreas pereira,sport club internacional,alexander barboza,inter palmeiras","./explore?q=classifica%C3%A7%C3%B5es%20de%20sociedade%20esportiva%20palmeiras%20x%20internacional&geo=BR"
"coritiba x chapecoense","200 mil+","8 de agosto de 2026 a las 17:50:00 UTC-3","9 de agosto de 2026 a las 20:00:00 UTC-3","coritiba x chapecoense,classificações de coritiba x chapecoense,coritiba x,chapecoense,coritiba chapecoense 08/08/2026,coritiba foot ball club,chapecoense x,coritiba e chapecoense,a tabela do brasileirão,coritiba vs chapecoense,tiago coser,curitiba futebol,coritiba - chapecoense","./explore?q=coritiba%20x%20chapecoense&geo=BR"
"bolsonaro","100 mil+","15 de agosto de 2026 a las 3:40:00 UTC-3",,"bolsonaro,luiz inácio lula da silva,lula,flavio bolsonaro,pesquisa quaest presidente,quaest,flavio,pesquisa cnt/mda,pesquisa, presidente 2026,pesquisa para presidente 2026,pesquisa quaest,pesquisa, presidente,lula e flavio bolsonaro pesquisa,política,romeu zema,senador flavio bolsonaro,eleição","./explore?q=bolsonaro&geo=BR"
"encha seu kindle","100 mil+","11 de agosto de 2026 a las 20:00:00 UTC-3","14 de agosto de 2026 a las 14:10:00 UTC-3","encha seu kindle,encha seu kindle 2026,kindle,amazon encha seu kindle,kindle amazon,kindle day,amazon encha seu kindle 2026","./explore?q=encha%20seu%20kindle&geo=BR"
"mirassol x corinthians","100 mil+","12 de agosto de 2026 a las 18:40:00 UTC-3","13 de agosto de 2026 a las 22:50:00 UTC-3","mirassol x corinthians,mirassol - corinthians,meu timão","./explore?q=mirassol%20x%20corinthians&geo=BR"
"terremoto colombia","100 mil+","10 de agosto de 2026 a las 9:50:00 UTC-3","13 de agosto de 2026 a las 9:10:00 UTC-3","terremoto colombia,colombia,colombia terremotos","./explore?q=terremoto%20colombia&geo=BR"
"aposentadoria","100 mil+","14 de agosto de 2026 a las 15:10:00 UTC-3","14 de agosto de 2026 a las 22:10:00 UTC-3","aposentadoria,instituto nacional do seguro social,auxílio por incapacidade temporária,benefício,doença","./explore?q=aposentadoria&geo=BR"
"el salvador","100 mil+","13 de agosto de 2026 a las 10:40:00 UTC-3","14 de agosto de 2026 a las 7:40:00 UTC-3","el salvador,colômbia,terremoto,terremoto na colômbia,terremoto colombia hoje,terremoto na colombia,colombia terremoto,el salvador terremoto,terremoto na colômbia hoje,terremoto hoje,mundo,terremoto colombia epicentro,epicentro terremoto colômbia,epicentro terremoto colombia,papa leão xiv,independiente medellín x millonarios,terremoto venezuela,em","./explore?q=el%20salvador&geo=BR"
"sao paulo","100 mil+","11 de agosto de 2026 a las 21:00:00 UTC-3","12 de agosto de 2026 a las 8:20:00 UTC-3","sao paulo,são paulo,sao paulo fc,jogo do são paulo,jogo do sao paulo,domingos duarte,são paulo x,são paulo futebol clube,são paulo fc","./explore?q=sao%20paulo&geo=BR"
"cuiabá x fortaleza","100 mil+","9 de agosto de 2026 a las 17:00:00 UTC-3","10 de agosto de 2026 a las 13:00:00 UTC-3","cuiabá x fortaleza,classificações de cuiabá esporte clube x fortaleza esporte clube,cuiaba fc,brasileirão série b,cuiaba x fortaleza,série b","./explore?q=cuiab%C3%A1%20x%20fortaleza&geo=BR"
"paysandu x confiança","100 mil+","10 de agosto de 2026 a las 19:00:00 UTC-3","11 de agosto de 2026 a las 16:40:00 UTC-3","paysandu x confiança,paysandu,brasileirão série c,campeonato brasileiro série c,paysandu x,série c,paysandu hoje,confiança,paysandu sport club,jogo do paysandu hoje,jogo paysandu","./explore?q=paysandu%20x%20confian%C3%A7a&geo=BR"
"arsenal x borussia","100 mil+","9 de agosto de 2026 a las 9:00:00 UTC-3","10 de agosto de 2026 a las 8:20:00 UTC-3","arsenal x borussia,copa emirates,arsenal x,arsenal vs dortmund,arsenal x borussia dortmund","./explore?q=arsenal%20x%20borussia&geo=BR"
"vila nova x sport recife","100 mil+","8 de agosto de 2026 a las 15:00:00 UTC-3","9 de agosto de 2026 a las 17:10:00 UTC-3","vila nova x sport recife,classificações de vila nova futebol clube x sport recife,vila nova,sport,jogo do sport,sport recife,sport x,vila nova x,vila nova x sport,sport club do recife,jogo do vila nova,vila nova futebol clube","./explore?q=vila%20nova%20x%20sport%20recife&geo=BR"
"ferencváros x real madrid","100 mil+","8 de agosto de 2026 a las 13:40:00 UTC-3","9 de agosto de 2026 a las 15:10:00 UTC-3","ferencváros x real madrid,real madrid,ferencváros x real madrid gols,real madrid ferencváros,real madrid onde assistir,real madrid amistoso onde assistir,real madrid x ferencvaros,ferencváros x real madrid onde assistir,ferencváros x real madrid quem fez os gols,emprestimo","./explore?q=ferencv%C3%A1ros%20x%20real%20madrid&geo=BR"
"city x atlético madrid","100 mil+","9 de agosto de 2026 a las 7:00:00 UTC-3","9 de agosto de 2026 a las 23:50:00 UTC-3","city x atlético madrid,manchester city,manchester city x atlético madrid,manchester city x atlético de madrid","./explore?q=city%20x%20atl%C3%A9tico%20madrid&geo=BR"
"fluminense","100 mil+","11 de agosto de 2026 a las 19:10:00 UTC-3","11 de agosto de 2026 a las 23:00:00 UTC-3","fluminense,zubeldia,jogo do fluminense,luis zubeldía,jogos ontem,jogo de ontem","./explore?q=fluminense&geo=BR"
"classificações de botafogo-pb x santa cruz futebol clube","100 mil+","8 de agosto de 2026 a las 20:10:00 UTC-3","9 de agosto de 2026 a las 13:20:00 UTC-3","classificações de botafogo-pb x santa cruz futebol clube,botafogo-pb x santa cruz,serie c,santa cruz,botafogo pb,santa cruz x,botafogo pb x santa cruz,classificação da série c,jogo do santa","./explore?q=classifica%C3%A7%C3%B5es%20de%20botafogo-pb%20x%20santa%20cruz%20futebol%20clube&geo=BR"
"botafogo","100 mil+","8 de agosto de 2026 a las 21:40:00 UTC-3","9 de agosto de 2026 a las 0:00:00 UTC-3","botafogo,fluminense x botafogo,botafogo-fluminense,campeonato brasileiro,fluminense,fluminense-botafogo,onde assistir botafogo x fluminense,resultado do jogo botafogo-fluminense,jogo do botafogo,botafogo x,botafogo vs fluminense,botafogo x fluminense onde assistir,botafogo - fluminense,fluminense football club,fluminense x,botafogo e fluminense,jogo botafogo,onde assistir botafogo-fluminense,flu,resultado do jogo do botafogo-fluminense,alex telles,quanto foi o jogo do botafogo-fluminense,quanto tá o jogo do botafogo-fluminense,botafogo hoje,jogo do botafogo hoje,jogo do botafogo-fluminense,jogo botafogo hoje,fluminense hoje,warleson,jogos de hoje brasileirão,jogo botafogo x fluminense,resultado de botafogo-fluminense,botafogo x fluminense ao vivo,quanto tá o jogo do fluminense-botafogo,soteldo,botafogo onde assistir,onde assistir fluminense-botafogo,onde assistir fluminense hoje,estatísticas de botafogo x fluminense,ignácio,premiere ao vivo,resultado do botafogo-fluminense,fluminense e botafogo,resultado do jogo do fluminense-botafogo,quanto foi o jogo do fluminense-botafogo,jogo botafogo fluminense onde assistir,resultado do jogo fluminense-botafogo","./explore?q=botafogo&geo=BR"
"maya boyd","50 mil+","15 de agosto de 2026 a las 1:10:00 UTC-3",,"maya boyd,inde navarrette,christopher abbott,adam driver,d23,inde navarette,sadie sink,rogue x men,mister sinister,mr sinister,rogue,obsession","./explore?q=maya%20boyd&geo=BR"
"casas bahia","50 mil+","14 de agosto de 2026 a las 10:50:00 UTC-3",,"casas bahia,casas bahia fecha lojas,casas bahia 298 lojas,loja,casa bahia,casas bahia fechamento lojas,bhia3,lojas casas bahia","./explore?q=casas%20bahia&geo=BR"
"alerta severo de ciclone","50 mil+","14 de agosto de 2026 a las 12:10:00 UTC-3",,"alerta severo de ciclone","./explore?q=alerta%20severo%20de%20ciclone&geo=BR"
"ponte preta x náutico","50 mil+","14 de agosto de 2026 a las 18:30:00 UTC-3",,"ponte preta x náutico,nautico,ponte preta,nautico x,náutico,ponte preta x,jogo do náutico","./explore?q=ponte%20preta%20x%20n%C3%A1utico&geo=BR"
"décimo terceiro salário","50 mil+","14 de agosto de 2026 a las 20:10:00 UTC-3",,"décimo terceiro salário,salário","./explore?q=d%C3%A9cimo%20terceiro%20sal%C3%A1rio&geo=BR"
"marquinhos menezes","50 mil+","13 de agosto de 2026 a las 10:30:00 UTC-3",,"marquinhos menezes,pastor marquinhos menezes,cantor gospel","./explore?q=marquinhos%20menezes&geo=BR"
"lotofacil 3762","50 mil+","14 de agosto de 2026 a las 21:00:00 UTC-3",,"lotofacil 3762,lotofácil 3762,resultado lotofacil 3762,lotofacil 3760,lotofacil 3761,lotofácil 3761,lotofacil 3759,lotofácil 3760,resultado da lotofácil concurso 3761,resultado da lotofácil 3761,resultado da lotofácil concurso 3760,lotofácil concurso 3762,lotofácil 3759,resultado da lotofácil 3760,lotofacil 3761 resultado,resultado lotofacil 3761,resultado lotofácil 3761,lotofácil,lotofácil concurso 3761,resultado lotofácil 3760,resultado lotofacil 3760,loterias","./explore?q=lotofacil%203762&geo=BR"
"previsao do tempo","50 mil+","15 de agosto de 2026 a las 7:40:00 UTC-3",,"previsao do tempo,previsão do tempo são paulo,previsão do tempo sp,clima em são paulo,tempo são paulo,tempo sp,previsao tempo,previsao do tempo sp,previsao do tempo são paulo,climatempo são paulo,tempo hoje,previsao do tempo hoje,climatempo sp,tempo em são paulo,temperatura são paulo,previsao do tempo sao paulo,previsão do tempo em são paulo,clima sao paulo,tempo sao paulo,chuva sp,temperatura em são paulo,tempo em sp,defesa civil do estado de são paulo,previsão do tempo para hoje,temperatura,clima tempo são paulo,temperatura sp,clima sp,climatempo rj","./explore?q=previsao%20do%20tempo&geo=BR"
"mega sena 3044","50 mil+","13 de agosto de 2026 a las 21:00:00 UTC-3",,"mega sena 3044,mega sena 3042,mega sena 3043,resultado da mega sena 3044,mega sena 3042 resultado,resultado mega sena 3044,resultado da mega sena 3043,sorteio loterias mega sena,resultado da mega sena concurso 3043,loterias mega sena,resultado da mega-sena concurso 3044,loterias sorteio mega sena,resultado da mega sena concurso 3044,resultado da mega-sena 3044,resultado mega sena 3042,resultado mega sena 3043,megasena,resultado da mega-sena concurso 3043","./explore?q=mega%20sena%203044&geo=BR"
"cartão de crédito","50 mil+","14 de agosto de 2026 a las 13:00:00 UTC-3",,"cartão de crédito,bbas3,banco do brasil bbas3,resultado banco do brasil,lucro bb","./explore?q=cart%C3%A3o%20de%20cr%C3%A9dito&geo=BR"
"lúcio mauro filho","50 mil+","13 de agosto de 2026 a las 14:40:00 UTC-3","14 de agosto de 2026 a las 23:10:00 UTC-3","lúcio mauro filho,câncer colorretal","./explore?q=l%C3%BAcio%20mauro%20filho&geo=BR"
"serie b","50 mil+","14 de agosto de 2026 a las 20:00:00 UTC-3","15 de agosto de 2026 a las 6:30:00 UTC-3","serie b,brasileirão série b,série b,brasileirao b","./explore?q=serie%20b&geo=BR"
"copa libertadores","50 mil+","9 de agosto de 2026 a las 20:40:00 UTC-3","14 de agosto de 2026 a las 10:40:00 UTC-3","copa libertadores,ángel di maría,marco ruben,jeremías ledesma,vicente pizarro","./explore?q=copa%20libertadores&geo=BR"
"pizza","50 mil+","13 de agosto de 2026 a las 3:40:00 UTC-3","14 de agosto de 2026 a las 8:00:00 UTC-3","pizza","./explore?q=pizza&geo=BR"
"dinheiro","50 mil+","13 de agosto de 2026 a las 20:50:00 UTC-3","14 de agosto de 2026 a las 19:40:00 UTC-3","dinheiro,jogo do flamengo,nelson wilians & advogados associados,nelson wilians,pixbet,advogado nelson wilians,nelson willians,pf nelson wilians","./explore?q=dinheiro&geo=BR"
"joanna de assis","50 mil+","12 de agosto de 2026 a las 10:50:00 UTC-3","13 de agosto de 2026 a las 14:40:00 UTC-3","joanna de assis,sportv","./explore?q=joanna%20de%20assis&geo=BR"
"eclipse lunar","50 mil+","9 de agosto de 2026 a las 19:40:00 UTC-3","13 de agosto de 2026 a las 7:10:00 UTC-3","eclipse lunar,eclipse hoje,12 de agosto,eclipse solar dia 12,eclipse solar de 12 de agosto de 2026,eclipse solar,horario do eclipse,eclipse solar total,eclipse solar brasil","./explore?q=eclipse%20lunar&geo=BR"
"manchester united x leeds","50 mil+","12 de agosto de 2026 a las 14:40:00 UTC-3","13 de agosto de 2026 a las 10:10:00 UTC-3","manchester united x leeds,manchester united","./explore?q=manchester%20united%20x%20leeds&geo=BR"
"dia do advogado","50 mil+","10 de agosto de 2026 a las 6:50:00 UTC-3","12 de agosto de 2026 a las 10:00:00 UTC-3","dia do advogado,dia 11 de agosto é dia de que,tjsp","./explore?q=dia%20do%20advogado&geo=BR"
"avaí x crb","50 mil+","11 de agosto de 2026 a las 18:30:00 UTC-3","12 de agosto de 2026 a las 20:10:00 UTC-3","avaí x crb,classificações de avaí x crb,crb,avai,avai x crb,avai x,avai fc,crb x,jogo do avaí","./explore?q=ava%C3%AD%20x%20crb&geo=BR"
"marco rubio","50 mil+","12 de agosto de 2026 a las 11:00:00 UTC-3","13 de agosto de 2026 a las 9:10:00 UTC-3","marco rubio,eua","./explore?q=marco%20rubio&geo=BR"
"estados unidos","50 mil+","11 de agosto de 2026 a las 14:50:00 UTC-3","12 de agosto de 2026 a las 20:40:00 UTC-3","estados unidos","./explore?q=estados%20unidos&geo=BR"
"silvio santos","50 mil+","9 de agosto de 2026 a las 22:10:00 UTC-3","11 de agosto de 2026 a las 18:20:00 UTC-3","silvio santos","./explore?q=silvio%20santos&geo=BR"
"arsenal x como","50 mil+","12 de agosto de 2026 a las 14:40:00 UTC-3","13 de agosto de 2026 a las 8:00:00 UTC-3","arsenal x como,arsenal,arsenal x,jogo do arsenal,bruno guimarães,premier","./explore?q=arsenal%20x%20como&geo=BR"
"luiz inácio lula da silva","50 mil+","11 de agosto de 2026 a las 6:00:00 UTC-3","12 de agosto de 2026 a las 7:40:00 UTC-3","luiz inácio lula da silva,davi alcolumbre,escala 6x1,ministro,hugo motta","./explore?q=luiz%20in%C3%A1cio%20lula%20da%20silva&geo=BR"
"goiás x londrina","50 mil+","10 de agosto de 2026 a las 18:40:00 UTC-3","11 de agosto de 2026 a las 20:30:00 UTC-3","goiás x londrina,goias x,goias x londrina,goias fc,londrina fc,jogo do goiás,londrina,goias ec,goiás esporte clube","./explore?q=goi%C3%A1s%20x%20londrina&geo=BR"
"inter miami x león","50 mil+","12 de agosto de 2026 a las 19:40:00 UTC-3","13 de agosto de 2026 a las 8:20:00 UTC-3","inter miami x león,classificações de inter miami x club león,leagues cup,jorge horacio messi,inter miami,o pai do messi morreu,messi pai,inter miami x,inter de miami,pai do messi morreu?","./explore?q=inter%20miami%20x%20le%C3%B3n&geo=BR"
"boca juniors x deportivo recoleta","50 mil+","11 de agosto de 2026 a las 18:10:00 UTC-3","12 de agosto de 2026 a las 19:40:00 UTC-3","boca juniors x deportivo recoleta,boca,deportivo recoleta,recoleta","./explore?q=boca%20juniors%20x%20deportivo%20recoleta&geo=BR"
"píton","50 mil+","10 de agosto de 2026 a las 7:50:00 UTC-3","11 de agosto de 2026 a las 10:50:00 UTC-3","píton","./explore?q=p%C3%ADton&geo=BR"
"debate tarcisio haddad","50 mil+","10 de agosto de 2026 a las 10:40:00 UTC-3","11 de agosto de 2026 a las 12:00:00 UTC-3","debate tarcisio haddad,debate band,debate,debate band 2026,haddad,band ao vivo,debate na band,tarcisio,debate band governador,fernando haddad,debate hoje,inteligência artificial,debate band hoje,estadao","./explore?q=debate%20tarcisio%20haddad&geo=BR"
"cruzeiro-flamengo","50 mil+","12 de agosto de 2026 a las 18:20:00 UTC-3","13 de agosto de 2026 a las 14:00:00 UTC-3","cruzeiro-flamengo,flamengo hoje,jogo hoje,jogo cruzeiro hoje,jogo do cruzeiro hoje,bruno henrique,jogo do flamengo ontem,jogo flamengo hoje,matheus henrique de souza,flamengo ontem,cruzeiro hoje,jogo do flamengo hoje,flamengo fc,jogo do cruzeiro ontem,jogos de flamengo,jogos de hoje flamengo,gol do cruzeiro,matheus henrique,escalação flamengo,árbitro,bruno henrique flamengo,escalação do flamengo,placar flamengo","./explore?q=cruzeiro-flamengo&geo=BR"
"flamengo-cruzeiro","50 mil+","12 de agosto de 2026 a las 18:50:00 UTC-3","13 de agosto de 2026 a las 9:40:00 UTC-3","flamengo-cruzeiro,resultado do jogo cruzeiro-flamengo,resultado do jogo do flamengo,resultado do jogo do flamengo-cruzeiro,resultado do jogo flamengo-cruzeiro,resultado do jogo do cruzeiro-flamengo,placar do jogo do flamengo,fla,placar do jogo do cruzeiro,resultado de cruzeiro-flamengo,resultado do jogo do cruzeiro,quanto ficou o jogo do cruzeiro-flamengo,resultado de flamengo-cruzeiro,quanto foi o jogo do flamengo-cruzeiro,estatísticas de cruzeiro esporte clube x flamengo,resultado jogo do flamengo,resultado do jogo do flamengo e cruzeiro,resultado do flamengo,resultado do flamengo-cruzeiro,quanto tá o jogo do cruzeiro-flamengo,paqueta,cruzeiro esporte clube x flamengo minuto a minuto,quanto tá o jogo do flamengo-cruzeiro,resultado flamengo-cruzeiro,resultado cruzeiro-flamengo,quem ganhou flamengo ou cruzeiro,resultado do jogo do cruzeiro-flamengo ontem,fla x cru,quanto ficou o jogo do cruzeiro-flamengo ontem,quanto ficou o jogo do flamengo-cruzeiro,quanto foi o jogo do cruzeiro-flamengo,quanto ficou o jogo cruzeiro-flamengo,resultado do jogo do flamengo-cruzeiro ontem,quanto tá o jogo cruzeiro-flamengo,resultado do jogo cruzeiro-flamengo ontem,quem ganhou ontem flamengo ou cruzeiro,paquetá,pedro flamengo,quanto foi o jogo cruzeiro-flamengo","./explore?q=flamengo-cruzeiro&geo=BR"
"chuva","50 mil+","10 de agosto de 2026 a las 5:40:00 UTC-3","11 de agosto de 2026 a las 16:00:00 UTC-3","chuva,tempo,meteorologia,previsão do tempo hoje,clima de hoje,previsao do tempo hoje","./explore?q=chuva&geo=BR"
"helicóptero","50 mil+","8 de agosto de 2026 a las 12:50:00 UTC-3","10 de agosto de 2026 a las 6:20:00 UTC-3","helicóptero,sofia murillo,helicoptero vista chinesa,helicoptero caiu vista chinesa,helicóptero vista chinesa,vista chinesa,helicoptero caiu","./explore?q=helic%C3%B3ptero&geo=BR"
"weverton rocha","50 mil+","8 de agosto de 2026 a las 17:00:00 UTC-3","9 de agosto de 2026 a las 21:20:00 UTC-3","weverton rocha,angelo coronel,alexandre ramagem,senador weverton rocha,poder360","./explore?q=weverton%20rocha&geo=BR"
"novorizontino x juventude","50 mil+","9 de agosto de 2026 a las 15:10:00 UTC-3","10 de agosto de 2026 a las 9:10:00 UTC-3","novorizontino x juventude,classificações de novorizontino x esporte clube juventude,novorizontino,tabela da série b","./explore?q=novorizontino%20x%20juventude&geo=BR"
"johor fc x chelsea","50 mil+","9 de agosto de 2026 a las 8:10:00 UTC-3","10 de agosto de 2026 a las 0:00:00 UTC-3","johor fc x chelsea","./explore?q=johor%20fc%20x%20chelsea&geo=BR"
"lotofacil 3758","50 mil+","10 de agosto de 2026 a las 21:00:00 UTC-3","12 de agosto de 2026 a las 10:20:00 UTC-3","lotofacil 3758,lotofacil 3757,lotofácil 3758,resultado da lotofácil concurso 3759,lotofácil 3757,resultado da lotofácil 3759,resultado da lotofácil concurso 3758,resultado da lotofácil 3758,resultado da lotofácil concurso 3757,resultado da lotofácil 3757,loteria,sorteio loterias lotofacil hoje,resultado lotofacil 3759,resultado lotofácil 3759,resultado lotofácil 3757,lotofácil hoje,resultado da lotofácil de hoje,lotofácil","./explore?q=lotofacil%203758&geo=BR"
"classificações de náutico x atlético-go","50 mil+","9 de agosto de 2026 a las 18:00:00 UTC-3","10 de agosto de 2026 a las 10:00:00 UTC-3","classificações de náutico x atlético-go,náutico x atlético-go,goleiro,nautico,nautico x,náutico,jogo do náutico,nautico x atletico go,atletico go,atletico x","./explore?q=classifica%C3%A7%C3%B5es%20de%20n%C3%A1utico%20x%20atl%C3%A9tico-go&geo=BR"
"athletic x criciúma","50 mil+","9 de agosto de 2026 a las 10:00:00 UTC-3","9 de agosto de 2026 a las 21:50:00 UTC-3","athletic x criciúma,criciuma,classificações de athletic club x criciuma ec,athletic,criciúma,criciuma x,brasileirao b,athletic club,jogo do criciúma","./explore?q=athletic%20x%20crici%C3%BAma&geo=BR"
"botafogo sp x américa-mg","50 mil+","8 de agosto de 2026 a las 17:40:00 UTC-3","9 de agosto de 2026 a las 8:10:00 UTC-3","botafogo sp x américa-mg,classificações de botafogo sp x américa-mg,botafogo sp,america mg","./explore?q=botafogo%20sp%20x%20am%C3%A9rica-mg&geo=BR"
"kevin castaño","50 mil+","14 de agosto de 2026 a las 17:00:00 UTC-3","14 de agosto de 2026 a las 19:30:00 UTC-3","kevin castaño,clube atlético mineiro,atletico mg,atletico,jogo do galo,atlético mineiro,atlético,atlético-mg,atlético mg,atletico mineiro","./explore?q=kevin%20casta%C3%B1o&geo=BR"
"3042 mega sena","50 mil+","9 de agosto de 2026 a las 12:00:00 UTC-3","10 de agosto de 2026 a las 8:20:00 UTC-3","3042 mega sena,mega sena,resultado mega sena 3042,resultado mega-sena,resultado da mega-sena concurso 3042,apostas mega sena,resultado da mega sena 3042,mega sena hoje,resultado da mega sena concurso 3042,mega sena resultado,resultado da mega-sena,mega 3042,resultado mega sena,resultado da mega-sena de hoje,bolão,sorteio mega sena,concurso 3042 mega sena,mega sena de hoje,megasena,diário da região,mega-sena resultado hoje,resultado mega sena hoje,resultado da mega","./explore?q=3042%20mega%20sena&geo=BR"
"joão fonseca","50 mil+","9 de agosto de 2026 a las 19:20:00 UTC-3","9 de agosto de 2026 a las 22:00:00 UTC-3","joão fonseca,joao fonseca hoje,ben shelton,fonseca,jogo joao fonseca,shelton,master 1000 montreal,atp montreal,ranking atp,joão fonseca onde assistir,jogo joao fonseca hoje,joao fonseca x ben shelton","./explore?q=jo%C3%A3o%20fonseca&geo=BR"
"jogos de brasileirão série a","50 mil+","8 de agosto de 2026 a las 18:00:00 UTC-3","8 de agosto de 2026 a las 21:30:00 UTC-3","jogos de brasileirão série a,jogos de hoje do brasileirão,jogos do brasileirão,brasileirao 2026,brasileirão 2026,jogos de hoje do campeonato brasileiro,cartola,jogos de brasileirão série b,jogos do campeonato brasileiro,jogos brasileirao hoje,campeonato brasileiro série a 2026,jogos do campeonato brasileiro hoje","./explore?q=jogos%20de%20brasileir%C3%A3o%20s%C3%A9rie%20a&geo=BR"
"indonésia","20 mil+","14 de agosto de 2026 a las 20:20:00 UTC-3",,"indonésia,terremoto indonésia tsunami,terremoto,indonesia,terremoto indonésia,terremoto indonesia,terremoto na indonésia,terremoto indonesia tsunami,terremotos,terremoto na indonésia hoje,terremotos indonesia,jornal nd","./explore?q=indon%C3%A9sia&geo=BR"
"reforma da previdência","20 mil+","14 de agosto de 2026 a las 17:00:00 UTC-3",,"reforma da previdência","./explore?q=reforma%20da%20previd%C3%AAncia&geo=BR"
"receita federal","20 mil+","15 de agosto de 2026 a las 6:40:00 UTC-3",,"receita federal,imposto sobre bens e serviços","./explore?q=receita%20federal&geo=BR"
"feriado dia 15 de agosto","20 mil+","14 de agosto de 2026 a las 7:30:00 UTC-3",,"feriado dia 15 de agosto,15 de agosto,hoje é feriado,15 de agosto feriado,hoje e feriado,feriado 15 de agosto,15 de agosto é feriado de quê,feriado","./explore?q=feriado%20dia%2015%20de%20agosto&geo=BR"
"jeep avenger","20 mil+","12 de agosto de 2026 a las 20:00:00 UTC-3",,"jeep avenger,teste,novo jeep avenger preço,novo jeep avenger 2027","./explore?q=jeep%20avenger&geo=BR"
"classificações de são bernardo futebol clube x botafogo sp","20 mil+","14 de agosto de 2026 a las 21:30:00 UTC-3",,"classificações de são bernardo futebol clube x botafogo sp,são bernardo x botafogo sp,sao bernardo fc,botafogo sp,sao bernardo x,botafogo fc,são bernardo fc,jogo do são bernardo","./explore?q=classifica%C3%A7%C3%B5es%20de%20s%C3%A3o%20bernardo%20futebol%20clube%20x%20botafogo%20sp&geo=BR"
"fernando moreira salles","20 mil+","14 de agosto de 2026 a las 11:00:00 UTC-3",,"fernando moreira salles","./explore?q=fernando%20moreira%20salles&geo=BR"
"letícia sabatella","20 mil+","13 de agosto de 2026 a las 15:00:00 UTC-3",,"letícia sabatella,justiça,adoção","./explore?q=let%C3%ADcia%20sabatella&geo=BR"
"al-hilal x al faisaly","20 mil+","14 de agosto de 2026 a las 14:30:00 UTC-3",,"al-hilal x al faisaly,classificações de al-hilal x al faisaly,campeonato saudita,al hilal x","./explore?q=al-hilal%20x%20al%20faisaly&geo=BR"
"mar","20 mil+","14 de agosto de 2026 a las 8:00:00 UTC-3",,"mar","./explore?q=mar&geo=BR"
"one ui 9.5","20 mil+","14 de agosto de 2026 a las 17:30:00 UTC-3",,"one ui 9.5,samsung galaxy","./explore?q=one%20ui%209.5&geo=BR"
"clima tempo","20 mil+","15 de agosto de 2026 a las 7:40:00 UTC-3",,"clima tempo,climatempo,onda de calor,calor,veranico,massa de ar,instituto nacional de meteorologia,clima hoje,clima de hoje","./explore?q=clima%20tempo&geo=BR"
"tempo","20 mil+","15 de agosto de 2026 a las 7:50:00 UTC-3","15 de agosto de 2026 a las 9:30:00 UTC-3","tempo,veranico,chuva intensa,granizo,previsão do tempo hoje,clima de hoje","./explore?q=tempo&geo=BR"
"prichard colon","20 mil+","13 de agosto de 2026 a las 14:30:00 UTC-3","15 de agosto de 2026 a las 9:50:00 UTC-3","prichard colon","./explore?q=prichard%20colon&geo=BR"
"andré mendonça","20 mil+","14 de agosto de 2026 a las 11:10:00 UTC-3","15 de agosto de 2026 a las 8:40:00 UTC-3","andré mendonça","./explore?q=andr%C3%A9%20mendon%C3%A7a&geo=BR"
"justa causa","20 mil+","14 de agosto de 2026 a las 7:00:00 UTC-3","15 de agosto de 2026 a las 9:20:00 UTC-3","justa causa","./explore?q=justa%20causa&geo=BR"
"carteira digital de trânsito","20 mil+","13 de agosto de 2026 a las 19:50:00 UTC-3","15 de agosto de 2026 a las 7:10:00 UTC-3","carteira digital de trânsito,carteira nacional de habilitação","./explore?q=carteira%20digital%20de%20tr%C3%A2nsito&geo=BR"
"kassab","20 mil+","14 de agosto de 2026 a las 10:20:00 UTC-3","15 de agosto de 2026 a las 3:30:00 UTC-3","kassab,gilberto kassab,kassab flavio bolsonaro","./explore?q=kassab&geo=BR"
"galatasaray","20 mil+","14 de agosto de 2026 a las 11:20:00 UTC-3","14 de agosto de 2026 a las 22:40:00 UTC-3","galatasaray","./explore?q=galatasaray&geo=BR"
"terrel williams","20 mil+","13 de agosto de 2026 a las 15:00:00 UTC-3","15 de agosto de 2026 a las 3:30:00 UTC-3","terrel williams,prichard colón,boxeador prichard colon","./explore?q=terrel%20williams&geo=BR"
"twister 2027","20 mil+","13 de agosto de 2026 a las 15:00:00 UTC-3","14 de agosto de 2026 a las 20:30:00 UTC-3","twister 2027,honda cb300f twister 2027,honda cb twister,honda cb 300f twister 2027","./explore?q=twister%202027&geo=BR"
"instabilidade aplicativo nubank","20 mil+","14 de agosto de 2026 a las 21:10:00 UTC-3","15 de agosto de 2026 a las 7:00:00 UTC-3","instabilidade aplicativo nubank,nubank fora do ar,nubank,nubank caiu,nubank fora do ar hoje,nubank caiu?,nubank instabilidade,nubank ta fora do ar,aplicativo nubank,instabilidade nubank,nubank fora,nubank está fora do ar,nubank fora do ar?,app nubank fora do ar,instabilidade nubank hoje","./explore?q=instabilidade%20aplicativo%20nubank&geo=BR"
"trânsito","20 mil+","13 de agosto de 2026 a las 9:20:00 UTC-3","14 de agosto de 2026 a las 9:00:00 UTC-3","trânsito","./explore?q=tr%C3%A2nsito&geo=BR"
"irmão","20 mil+","13 de agosto de 2026 a las 14:10:00 UTC-3","14 de agosto de 2026 a las 9:10:00 UTC-3","irmão","./explore?q=irm%C3%A3o&geo=BR"
"tv globinho","20 mil+","12 de agosto de 2026 a las 22:20:00 UTC-3","15 de agosto de 2026 a las 9:40:00 UTC-3","tv globinho,globo tv globinho","./explore?q=tv%20globinho&geo=BR"
"pagamento","20 mil+","13 de agosto de 2026 a las 21:50:00 UTC-3","14 de agosto de 2026 a las 14:00:00 UTC-3","pagamento","./explore?q=pagamento&geo=BR"
"bolsa de valores","20 mil+","14 de agosto de 2026 a las 17:10:00 UTC-3","15 de agosto de 2026 a las 7:10:00 UTC-3","bolsa de valores,ibovespa,dolar hoje,dolar,ibov","./explore?q=bolsa%20de%20valores&geo=BR"
"jessie cave","20 mil+","9 de agosto de 2026 a las 11:30:00 UTC-3","12 de agosto de 2026 a las 10:10:00 UTC-3","jessie cave","./explore?q=jessie%20cave&geo=BR"
"humberto martins","20 mil+","12 de agosto de 2026 a las 12:10:00 UTC-3","13 de agosto de 2026 a las 14:20:00 UTC-3","humberto martins","./explore?q=humberto%20martins&geo=BR"
"luís roberto","20 mil+","10 de agosto de 2026 a las 15:40:00 UTC-3","12 de agosto de 2026 a las 22:30:00 UTC-3","luís roberto,luis roberto,luis roberto narrador,luiz roberto narrador,narrador luiz roberto,luis roberto cancer","./explore?q=lu%C3%ADs%20roberto&geo=BR"
"tribunal superior do trabalho","20 mil+","12 de agosto de 2026 a las 14:30:00 UTC-3","13 de agosto de 2026 a las 20:20:00 UTC-3","tribunal superior do trabalho,saque fgts","./explore?q=tribunal%20superior%20do%20trabalho&geo=BR"
"flavio aparece filiado ao missao","20 mil+","13 de agosto de 2026 a las 15:00:00 UTC-3","14 de agosto de 2026 a las 7:40:00 UTC-3","flavio aparece filiado ao missao,flavio nao consegue registrar candidatura,flávio bolsonaro filiado ao missão,tse,flávio bolsonaro missão,flávio bolsonaro candidatura,partido missao,partido missão,flavio bolsonaro missao,filiação flávio bolsonaro,flávio bolsonaro,candidatura flavio bolsonaro,flavio missao,bolsonaro,flavio bolsonaro missão","./explore?q=flavio%20aparece%20filiado%20ao%20missao&geo=BR"
"fernando haddad","20 mil+","12 de agosto de 2026 a las 7:10:00 UTC-3","13 de agosto de 2026 a las 7:40:00 UTC-3","fernando haddad,viatura,polícia militar,haddad","./explore?q=fernando%20haddad&geo=BR"
"supercopa da uefa","20 mil+","11 de agosto de 2026 a las 22:50:00 UTC-3","13 de agosto de 2026 a las 8:20:00 UTC-3","supercopa da uefa","./explore?q=supercopa%20da%20uefa&geo=BR"
"erika hilton","20 mil+","11 de agosto de 2026 a las 17:30:00 UTC-3","13 de agosto de 2026 a las 1:10:00 UTC-3","erika hilton","./explore?q=erika%20hilton&geo=BR"
"goleada","20 mil+","12 de agosto de 2026 a las 5:30:00 UTC-3","13 de agosto de 2026 a las 7:30:00 UTC-3","goleada,campeonato brasileiro de futebol feminino - série a2","./explore?q=goleada&geo=BR"
"parlamento","20 mil+","10 de agosto de 2026 a las 13:10:00 UTC-3","11 de agosto de 2026 a las 14:50:00 UTC-3","parlamento","./explore?q=parlamento&geo=BR"
"américa do sul","20 mil+","10 de agosto de 2026 a las 21:00:00 UTC-3","12 de agosto de 2026 a las 7:20:00 UTC-3","américa do sul","./explore?q=am%C3%A9rica%20do%20sul&geo=BR"
"iphone 18 pro max","20 mil+","11 de agosto de 2026 a las 12:40:00 UTC-3","12 de agosto de 2026 a las 16:20:00 UTC-3","iphone 18 pro max,apple iphone 18 pro max,iphone 18","./explore?q=iphone%2018%20pro%20max&geo=BR"
"pesquisa governo sp","20 mil+","11 de agosto de 2026 a las 14:20:00 UTC-3","12 de agosto de 2026 a las 16:00:00 UTC-3","pesquisa governo sp,candidatos a governador sp 2026","./explore?q=pesquisa%20governo%20sp&geo=BR"
"lei","20 mil+","11 de agosto de 2026 a las 15:10:00 UTC-3","12 de agosto de 2026 a las 20:30:00 UTC-3","lei","./explore?q=lei&geo=BR"
"financiamento","20 mil+","10 de agosto de 2026 a las 16:20:00 UTC-3","11 de agosto de 2026 a las 21:00:00 UTC-3","financiamento","./explore?q=financiamento&geo=BR"
"tony ramos","20 mil+","10 de agosto de 2026 a las 12:00:00 UTC-3","11 de agosto de 2026 a las 18:50:00 UTC-3","tony ramos","./explore?q=tony%20ramos&geo=BR"
"rescisão","20 mil+","9 de agosto de 2026 a las 12:10:00 UTC-3","10 de agosto de 2026 a las 19:10:00 UTC-3","rescisão","./explore?q=rescis%C3%A3o&geo=BR"
"palermo x juventus","20 mil+","11 de agosto de 2026 a las 6:10:00 UTC-3","11 de agosto de 2026 a las 23:10:00 UTC-3","palermo x juventus","./explore?q=palermo%20x%20juventus&geo=BR"
"lula flávio bolsonaro","20 mil+","8 de agosto de 2026 a las 15:40:00 UTC-3","10 de agosto de 2026 a las 21:00:00 UTC-3","lula flávio bolsonaro,últimas pesquisas para presidente 2026,pesquisa palver,pesquisa lula e flávio bolsonaro","./explore?q=lula%20fl%C3%A1vio%20bolsonaro&geo=BR"
"advogado","20 mil+","12 de agosto de 2026 a las 5:10:00 UTC-3","12 de agosto de 2026 a las 15:10:00 UTC-3","advogado","./explore?q=advogado&geo=BR"
"manifestação","20 mil+","8 de agosto de 2026 a las 18:40:00 UTC-3","10 de agosto de 2026 a las 11:50:00 UTC-3","manifestação","./explore?q=manifesta%C3%A7%C3%A3o&geo=BR"
"lyon x sparta praga","20 mil+","11 de agosto de 2026 a las 15:20:00 UTC-3","12 de agosto de 2026 a las 7:00:00 UTC-3","lyon x sparta praga","./explore?q=lyon%20x%20sparta%20praga&geo=BR"
"mara maravilha","20 mil+","10 de agosto de 2026 a las 16:50:00 UTC-3","11 de agosto de 2026 a las 14:50:00 UTC-3","mara maravilha","./explore?q=mara%20maravilha&geo=BR"
"surfe","20 mil+","10 de agosto de 2026 a las 12:20:00 UTC-3","11 de agosto de 2026 a las 6:20:00 UTC-3","surfe,wsl,kelly slater","./explore?q=surfe&geo=BR"
"ticket sports","20 mil+","10 de agosto de 2026 a las 0:00:00 UTC-3","10 de agosto de 2026 a las 20:10:00 UTC-3","ticket sports","./explore?q=ticket%20sports&geo=BR"
"vladimir brichta","20 mil+","8 de agosto de 2026 a las 22:30:00 UTC-3","10 de agosto de 2026 a las 20:00:00 UTC-3","vladimir brichta,agnes brichta,filha de vladimir brichta,vladimir brichta filhos,filha vladimir brichta,tadeu schmidt,filha de vladimir brichta e adriana esteves,filha do vladimir brichta,filhos de vladimir brichta,vladimir brichta e adriana esteves,agnes brichta mãe,vladimir brichta filha","./explore?q=vladimir%20brichta&geo=BR"
"everton x newcastle","20 mil+","12 de agosto de 2026 a las 12:20:00 UTC-3","12 de agosto de 2026 a las 19:20:00 UTC-3","everton x newcastle,everton newcastle 12/08/2026","./explore?q=everton%20x%20newcastle&geo=BR"
"goias","20 mil+","10 de agosto de 2026 a las 17:30:00 UTC-3","11 de agosto de 2026 a las 8:20:00 UTC-3","goias,angel ferreira,camila pitanga","./explore?q=goias&geo=BR"
"liverpool x mônaco","20 mil+","9 de agosto de 2026 a las 9:30:00 UTC-3","9 de agosto de 2026 a las 20:20:00 UTC-3","liverpool x mônaco,liverpool,liverpool x,monaco fc,liverpool vs monaco,liverpool x monaco","./explore?q=liverpool%20x%20m%C3%B4naco&geo=BR"
"jadson","20 mil+","8 de agosto de 2026 a las 19:20:00 UTC-3","9 de agosto de 2026 a las 21:20:00 UTC-3","jadson,jadson corinthians,jadson preso","./explore?q=jadson&geo=BR"
"dia do pai","20 mil+","8 de agosto de 2026 a las 23:20:00 UTC-3","10 de agosto de 2026 a las 0:00:00 UTC-3","dia do pai,zé felipe,dia dos.pais","./explore?q=dia%20do%20pai&geo=BR"
"pais","20 mil+","9 de agosto de 2026 a las 0:30:00 UTC-3","9 de agosto de 2026 a las 20:50:00 UTC-3","pais,paulo gonet,dia dos pais brasil,alexandre de moraes,dias dos pais 2026","./explore?q=pais&geo=BR"
"psg x manchester united","20 mil+","8 de agosto de 2026 a las 11:00:00 UTC-3","8 de agosto de 2026 a las 23:00:00 UTC-3","psg x manchester united,onde assistir psg x manchester united,psg x,psg x manchester united onde assistir","./explore?q=psg%20x%20manchester%20united&geo=BR"
"inter miami x monterrey","20 mil+","8 de agosto de 2026 a las 20:00:00 UTC-3","9 de agosto de 2026 a las 7:40:00 UTC-3","inter miami x monterrey,classificações de inter miami x club de fútbol monterrey,inter miami x","./explore?q=inter%20miami%20x%20monterrey&geo=BR"
"betis x bournemouth","20 mil+","8 de agosto de 2026 a las 15:10:00 UTC-3","9 de agosto de 2026 a las 7:40:00 UTC-3","betis x bournemouth","./explore?q=betis%20x%20bournemouth&geo=BR"
"tabela do brasileirão 2026","20 mil+","9 de agosto de 2026 a las 18:10:00 UTC-3","10 de agosto de 2026 a las 7:00:00 UTC-3","tabela do brasileirão 2026,classificação do brasileirão,classificação do campeonato brasileiro,classificação da série a,classificação brasileirão,classificação do brasileirão série a,classificação do brasileirão 2026,classificação do brasileiro,classificação campeonato brasileiro,classificação serie b","./explore?q=tabela%20do%20brasileir%C3%A3o%202026&geo=BR"
"sbt ao vivo","20 mil+","12 de agosto de 2026 a las 15:50:00 UTC-3","12 de agosto de 2026 a las 18:30:00 UTC-3","sbt ao vivo,ratinho,sbt,daniela beyruti","./explore?q=sbt%20ao%20vivo&geo=BR"
"discord","20 mil+","12 de agosto de 2026 a las 12:50:00 UTC-3","12 de agosto de 2026 a las 15:00:00 UTC-3","discord,sbt ao vivo,anpd,discord banido,discord brasil,anpd discord","./explore?q=discord&geo=BR"
"serie a","20 mil+","8 de agosto de 2026 a las 17:50:00 UTC-3","8 de agosto de 2026 a las 21:30:00 UTC-3","serie a","./explore?q=serie%20a&geo=BR"
"coritiba","20 mil+","8 de agosto de 2026 a las 20:20:00 UTC-3","9 de agosto de 2026 a las 0:20:00 UTC-3","coritiba,jacy,coxa,jogo do coritiba","./explore?q=coritiba&geo=BR"
"brasileirão série c","20 mil+","8 de agosto de 2026 a las 17:20:00 UTC-3","8 de agosto de 2026 a las 22:30:00 UTC-3","brasileirão série c,maringá x amazonas fc,série c,classificações de maringá futebol clube x amazonas fc,amazonas fc,maringa fc","./explore?q=brasileir%C3%A3o%20s%C3%A9rie%20c&geo=BR"
"uberlândia x csa","20 mil+","8 de agosto de 2026 a las 16:10:00 UTC-3","9 de agosto de 2026 a las 7:00:00 UTC-3","uberlândia x csa,csa,serie c 2026,tabela do brasileirão atualizada,uberlandia fc,uberlandia x csa,classificação serie c","./explore?q=uberl%C3%A2ndia%20x%20csa&geo=BR"
"departamento estadual de trânsito","20 mil+","8 de agosto de 2026 a las 13:20:00 UTC-3","8 de agosto de 2026 a las 19:10:00 UTC-3","departamento estadual de trânsito","./explore?q=departamento%20estadual%20de%20tr%C3%A2nsito&geo=BR"
"facebook","20 mil+","9 de agosto de 2026 a las 1:10:00 UTC-3","9 de agosto de 2026 a las 12:40:00 UTC-3","facebook","./explore?q=facebook&geo=BR"
"jogo do cruzeiro","20 mil+","9 de agosto de 2026 a las 11:10:00 UTC-3","9 de agosto de 2026 a las 14:00:00 UTC-3","jogo do cruzeiro,jogo do vasco,jogos do brasileirão hoje,corinthians classificação,pal","./explore?q=jogo%20do%20cruzeiro&geo=BR"
"gemini","20 mil+","10 de agosto de 2026 a las 11:30:00 UTC-3","10 de agosto de 2026 a las 12:30:00 UTC-3","gemini","./explore?q=gemini&geo=BR"
"asteroide","10 mil+","14 de agosto de 2026 a las 20:50:00 UTC-3",,"asteroide","./explore?q=asteroide&geo=BR"
"rio grande energia","10 mil+","13 de agosto de 2026 a las 22:30:00 UTC-3",,"rio grande energia","./explore?q=rio%20grande%20energia&geo=BR"
"multa","10 mil+","15 de agosto de 2026 a las 5:00:00 UTC-3",,"multa,carteira nacional de habilitação","./explore?q=multa&geo=BR"
"honda biz","10 mil+","14 de agosto de 2026 a las 12:30:00 UTC-3",,"honda biz,honda biz kuromi","./explore?q=honda%20biz&geo=BR"
"kit connor","10 mil+","15 de agosto de 2026 a las 1:30:00 UTC-3",,"kit connor,x men,xmen,elenco xmen,cailee spaeny,elenco x men,x-men,maya boyd filmes,omelete,x men marvel,marvel","./explore?q=kit%20connor&geo=BR"
"camp rock 3","10 mil+","13 de agosto de 2026 a las 22:10:00 UTC-3",,"camp rock 3","./explore?q=camp%20rock%203&geo=BR"
"quina 7092","10 mil+","14 de agosto de 2026 a las 21:10:00 UTC-3",,"quina 7092,resultado da quina 7092,resultado da quina concurso 7092,quina 7091,quina 7090,resultado da quina 7091,resultado da quina concurso 7091,resultado da quina 7089,resultado da quina concurso 7090,resultado da quina 7090,resultado da quina concurso 7089","./explore?q=quina%207092&geo=BR"
"kingdom hearts","10 mil+","14 de agosto de 2026 a las 23:50:00 UTC-3",,"kingdom hearts,disney,kingdom hearts 4","./explore?q=kingdom%20hearts&geo=BR"
"casa","10 mil+","14 de agosto de 2026 a las 5:00:00 UTC-3","15 de agosto de 2026 a las 9:40:00 UTC-3","casa","./explore?q=casa&geo=BR"
"simaria mendes","10 mil+","13 de agosto de 2026 a las 19:00:00 UTC-3","15 de agosto de 2026 a las 7:20:00 UTC-3","simaria mendes","./explore?q=simaria%20mendes&geo=BR"
"rubens pierrotti jr","10 mil+","13 de agosto de 2026 a las 16:50:00 UTC-3","15 de agosto de 2026 a las 7:20:00 UTC-3","rubens pierrotti jr,exército","./explore?q=rubens%20pierrotti%20jr&geo=BR"
"sporting x vitória sc","10 mil+","14 de agosto de 2026 a las 16:00:00 UTC-3","15 de agosto de 2026 a las 7:00:00 UTC-3","sporting x vitória sc,sporting x","./explore?q=sporting%20x%20vit%C3%B3ria%20sc&geo=BR"
"porta-aviões","10 mil+","13 de agosto de 2026 a las 22:20:00 UTC-3","15 de agosto de 2026 a las 8:50:00 UTC-3","porta-aviões,marinha dos estados unidos,porta avioes lincoln,porta aviões lincoln","./explore?q=porta-avi%C3%B5es&geo=BR"
"chaeyoung","10 mil+","13 de agosto de 2026 a las 15:00:00 UTC-3","14 de agosto de 2026 a las 19:30:00 UTC-3","chaeyoung,jyp entertainment","./explore?q=chaeyoung&geo=BR"
"rosario central x corinthians","10 mil+","13 de agosto de 2026 a las 17:10:00 UTC-3","14 de agosto de 2026 a las 9:40:00 UTC-3","rosario central x corinthians,rosario,corinthians ontem,jogo do corinthians ontem","./explore?q=rosario%20central%20x%20corinthians&geo=BR"
"classificação da série b","10 mil+","14 de agosto de 2026 a las 20:40:00 UTC-3","15 de agosto de 2026 a las 7:30:00 UTC-3","classificação da série b,jogos de brasileirão série b,tabela serie b,tabela da série b,classificação serie b,classificação série b","./explore?q=classifica%C3%A7%C3%A3o%20da%20s%C3%A9rie%20b&geo=BR"
"dakota johnson","10 mil+","12 de agosto de 2026 a las 19:50:00 UTC-3","14 de agosto de 2026 a las 8:40:00 UTC-3","dakota johnson,anne hathaway","./explore?q=dakota%20johnson&geo=BR"
"china","10 mil+","13 de agosto de 2026 a las 20:40:00 UTC-3","14 de agosto de 2026 a las 11:10:00 UTC-3","china","./explore?q=china&geo=BR"
"wi-fi","10 mil+","13 de agosto de 2026 a las 13:40:00 UTC-3","14 de agosto de 2026 a las 11:00:00 UTC-3","wi-fi","./explore?q=wi-fi&geo=BR"
"celso amorim","10 mil+","12 de agosto de 2026 a las 16:40:00 UTC-3","13 de agosto de 2026 a las 15:40:00 UTC-3","celso amorim,embaixador dos estados unidos no brasil,brasil-eua","./explore?q=celso%20amorim&geo=BR"
"piranha","10 mil+","13 de agosto de 2026 a las 10:50:00 UTC-3","14 de agosto de 2026 a las 7:50:00 UTC-3","piranha","./explore?q=piranha&geo=BR"
"danilo barbosa","10 mil+","13 de agosto de 2026 a las 13:20:00 UTC-3","14 de agosto de 2026 a las 12:10:00 UTC-3","danilo barbosa,danilo","./explore?q=danilo%20barbosa&geo=BR"
"clima de hoje","10 mil+","15 de agosto de 2026 a las 8:30:00 UTC-3","15 de agosto de 2026 a las 9:20:00 UTC-3","clima de hoje,previsao,tempestade,tempo para amanhã,defesa civil do estado de santa catarina,previsão do tempo blumenau","./explore?q=clima%20de%20hoje&geo=BR"
"jogos da libertadores","10 mil+","11 de agosto de 2026 a las 18:00:00 UTC-3","14 de agosto de 2026 a las 8:10:00 UTC-3","jogos da libertadores","./explore?q=jogos%20da%20libertadores&geo=BR"
"cachoeira","10 mil+","12 de agosto de 2026 a las 16:30:00 UTC-3","13 de agosto de 2026 a las 15:50:00 UTC-3","cachoeira","./explore?q=cachoeira&geo=BR"
"sintonia","10 mil+","12 de agosto de 2026 a las 0:20:00 UTC-3","14 de agosto de 2026 a las 2:00:00 UTC-3","sintonia,nando entre dois mundos","./explore?q=sintonia&geo=BR"
"roubo","10 mil+","13 de agosto de 2026 a las 9:10:00 UTC-3","14 de agosto de 2026 a las 8:00:00 UTC-3","roubo","./explore?q=roubo&geo=BR"
"copa libertadores 2026","10 mil+","11 de agosto de 2026 a las 18:30:00 UTC-3","14 de agosto de 2026 a las 8:10:00 UTC-3","copa libertadores 2026,melhores momentos de cruzeiro-flamengo","./explore?q=copa%20libertadores%202026&geo=BR"
"14 de agosto","10 mil+","12 de agosto de 2026 a las 16:40:00 UTC-3","13 de agosto de 2026 a las 10:10:00 UTC-3","14 de agosto","./explore?q=14%20de%20agosto&geo=BR"
"sudamericana","10 mil+","13 de agosto de 2026 a las 19:30:00 UTC-3","14 de agosto de 2026 a las 8:10:00 UTC-3","sudamericana,matías succar,club sportivo cienciano,alejandro hohberg","./explore?q=sudamericana&geo=BR"
"depressão tropical","10 mil+","12 de agosto de 2026 a las 9:20:00 UTC-3","13 de agosto de 2026 a las 9:20:00 UTC-3","depressão tropical,ciclone tropical","./explore?q=depress%C3%A3o%20tropical&geo=BR"
"concurso público","10 mil+","13 de agosto de 2026 a las 5:10:00 UTC-3","14 de agosto de 2026 a las 6:20:00 UTC-3","concurso público","./explore?q=concurso%20p%C3%BAblico&geo=BR"
"benefício de prestação continuada","10 mil+","13 de agosto de 2026 a las 13:40:00 UTC-3","14 de agosto de 2026 a las 6:40:00 UTC-3","benefício de prestação continuada,avaliação","./explore?q=benef%C3%ADcio%20de%20presta%C3%A7%C3%A3o%20continuada&geo=BR"
"hearts x benfica","10 mil+","13 de agosto de 2026 a las 14:50:00 UTC-3","13 de agosto de 2026 a las 21:40:00 UTC-3","hearts x benfica,benfica","./explore?q=hearts%20x%20benfica&geo=BR"
"embaixador","10 mil+","11 de agosto de 2026 a las 18:00:00 UTC-3","12 de agosto de 2026 a las 13:30:00 UTC-3","embaixador","./explore?q=embaixador&geo=BR"
"sandy","10 mil+","12 de agosto de 2026 a las 20:20:00 UTC-3","13 de agosto de 2026 a las 10:50:00 UTC-3","sandy,quando chove","./explore?q=sandy&geo=BR"
"coreia do norte","10 mil+","12 de agosto de 2026 a las 12:40:00 UTC-3","13 de agosto de 2026 a las 7:40:00 UTC-3","coreia do norte","./explore?q=coreia%20do%20norte&geo=BR"
"varejo","10 mil+","11 de agosto de 2026 a las 12:30:00 UTC-3","12 de agosto de 2026 a las 12:50:00 UTC-3","varejo,dia dos pais 2025","./explore?q=varejo&geo=BR"
"maria da penha","10 mil+","9 de agosto de 2026 a las 18:00:00 UTC-3","11 de agosto de 2026 a las 8:50:00 UTC-3","maria da penha","./explore?q=maria%20da%20penha&geo=BR"
"playstation plus extra","10 mil+","12 de agosto de 2026 a las 14:30:00 UTC-3","13 de agosto de 2026 a las 7:10:00 UTC-3","playstation plus extra,playstation,playstation plus,playstation plus jogos,playstation plus extra jogos,ps plus extra agosto,ps plus","./explore?q=playstation%20plus%20extra&geo=BR"
"estudiantes x universidad católica","10 mil+","11 de agosto de 2026 a las 20:50:00 UTC-3","12 de agosto de 2026 a las 9:40:00 UTC-3","estudiantes x universidad católica,estudiantes x","./explore?q=estudiantes%20x%20universidad%20cat%C3%B3lica&geo=BR"
"brian madjo","10 mil+","12 de agosto de 2026 a las 15:20:00 UTC-3","13 de agosto de 2026 a las 7:30:00 UTC-3","brian madjo,madjo,madjo aston villa,emiliano buendía,george hemmings","./explore?q=brian%20madjo&geo=BR"
"porta-malas","10 mil+","11 de agosto de 2026 a las 8:00:00 UTC-3","11 de agosto de 2026 a las 22:10:00 UTC-3","porta-malas","./explore?q=porta-malas&geo=BR"
"cienciano vs botafogo","10 mil+","13 de agosto de 2026 a las 21:20:00 UTC-3","14 de agosto de 2026 a las 8:10:00 UTC-3","cienciano vs botafogo,sbt","./explore?q=cienciano%20vs%20botafogo&geo=BR"
"pé-de-meia calendário","10 mil+","11 de agosto de 2026 a las 18:40:00 UTC-3","12 de agosto de 2026 a las 10:40:00 UTC-3","pé-de-meia calendário,pé de meia - calendário,calendário pé de meia agosto,pe de meia","./explore?q=p%C3%A9-de-meia%20calend%C3%A1rio&geo=BR"
"disney plus","10 mil+","13 de agosto de 2026 a las 19:00:00 UTC-3","13 de agosto de 2026 a las 23:30:00 UTC-3","disney plus","./explore?q=disney%20plus&geo=BR"
"11 de agosto","10 mil+","11 de agosto de 2026 a las 6:00:00 UTC-3","12 de agosto de 2026 a las 7:30:00 UTC-3","11 de agosto,horoscopo do dia","./explore?q=11%20de%20agosto&geo=BR"
"simone tebet","10 mil+","10 de agosto de 2026 a las 15:30:00 UTC-3","11 de agosto de 2026 a las 14:20:00 UTC-3","simone tebet","./explore?q=simone%20tebet&geo=BR"
"trump brasil","10 mil+","11 de agosto de 2026 a las 12:50:00 UTC-3","12 de agosto de 2026 a las 13:30:00 UTC-3","trump brasil","./explore?q=trump%20brasil&geo=BR"
"macaco","10 mil+","11 de agosto de 2026 a las 14:30:00 UTC-3","12 de agosto de 2026 a las 2:20:00 UTC-3","macaco","./explore?q=macaco&geo=BR"
"nottingham forest x leverkusen","10 mil+","12 de agosto de 2026 a las 14:50:00 UTC-3","12 de agosto de 2026 a las 21:10:00 UTC-3","nottingham forest x leverkusen","./explore?q=nottingham%20forest%20x%20leverkusen&geo=BR"
"eliana","10 mil+","9 de agosto de 2026 a las 14:30:00 UTC-3","10 de agosto de 2026 a las 10:50:00 UTC-3","eliana","./explore?q=eliana&geo=BR"
"américa","10 mil+","11 de agosto de 2026 a las 21:50:00 UTC-3","12 de agosto de 2026 a las 15:30:00 UTC-3","américa,brasil eua,doutrina monroe","./explore?q=am%C3%A9rica&geo=BR"
"mãe","10 mil+","10 de agosto de 2026 a las 17:50:00 UTC-3","11 de agosto de 2026 a las 8:20:00 UTC-3","mãe","./explore?q=m%C3%A3e&geo=BR"
"latam airlines brasil","10 mil+","10 de agosto de 2026 a las 13:30:00 UTC-3","11 de agosto de 2026 a las 7:50:00 UTC-3","latam airlines brasil,embraer","./explore?q=latam%20airlines%20brasil&geo=BR"
"brandon nakashima","10 mil+","12 de agosto de 2026 a las 19:30:00 UTC-3","13 de agosto de 2026 a las 23:40:00 UTC-3","brandon nakashima,ben shelton,learner tien,nakashima,shelton","./explore?q=brandon%20nakashima&geo=BR"
"lobista","10 mil+","9 de agosto de 2026 a las 8:20:00 UTC-3","10 de agosto de 2026 a las 6:50:00 UTC-3","lobista,marcola","./explore?q=lobista&geo=BR"
"anápolis x guarani","10 mil+","10 de agosto de 2026 a las 19:10:00 UTC-3","11 de agosto de 2026 a las 8:40:00 UTC-3","anápolis x guarani,guarani,anapolis fc","./explore?q=an%C3%A1polis%20x%20guarani&geo=BR"
"valores a receber","10 mil+","12 de agosto de 2026 a las 6:20:00 UTC-3","13 de agosto de 2026 a las 8:40:00 UTC-3","valores a receber,valores a receber banco central,dinheiro esquecido","./explore?q=valores%20a%20receber&geo=BR"
"quina 7089","10 mil+","11 de agosto de 2026 a las 21:10:00 UTC-3","12 de agosto de 2026 a las 12:50:00 UTC-3","quina 7089,quina 7088,quina 7087,resultado da quina concurso 7087,resultado da quina concurso 7088,resultado da quina 7087,resultado da quina de hoje","./explore?q=quina%207089&geo=BR"
"paulinho","10 mil+","11 de agosto de 2026 a las 15:20:00 UTC-3","11 de agosto de 2026 a las 23:30:00 UTC-3","paulinho","./explore?q=paulinho&geo=BR"
"careca do inss","10 mil+","8 de agosto de 2026 a las 14:40:00 UTC-3","9 de agosto de 2026 a las 9:40:00 UTC-3","careca do inss","./explore?q=careca%20do%20inss&geo=BR"
"afogamento","10 mil+","9 de agosto de 2026 a las 16:40:00 UTC-3","11 de agosto de 2026 a las 7:10:00 UTC-3","afogamento","./explore?q=afogamento&geo=BR"
"paramount","10 mil+","12 de agosto de 2026 a las 18:00:00 UTC-3","12 de agosto de 2026 a las 21:40:00 UTC-3","paramount,paramount +","./explore?q=paramount&geo=BR"
"abastecimento público de água","10 mil+","10 de agosto de 2026 a las 13:20:00 UTC-3","11 de agosto de 2026 a las 7:40:00 UTC-3","abastecimento público de água,água","./explore?q=abastecimento%20p%C3%BAblico%20de%20%C3%A1gua&geo=BR"
"nina hoffmann","10 mil+","8 de agosto de 2026 a las 13:50:00 UTC-3","9 de agosto de 2026 a las 12:50:00 UTC-3","nina hoffmann","./explore?q=nina%20hoffmann&geo=BR"
"rodovia presidente dutra","10 mil+","10 de agosto de 2026 a las 14:40:00 UTC-3","11 de agosto de 2026 a las 6:10:00 UTC-3","rodovia presidente dutra,pastor","./explore?q=rodovia%20presidente%20dutra&geo=BR"
"crédito consignado","10 mil+","11 de agosto de 2026 a las 6:00:00 UTC-3","11 de agosto de 2026 a las 19:30:00 UTC-3","crédito consignado","./explore?q=cr%C3%A9dito%20consignado&geo=BR"
"tigre x river plate","10 mil+","8 de agosto de 2026 a las 16:10:00 UTC-3","9 de agosto de 2026 a las 9:10:00 UTC-3","tigre x river plate","./explore?q=tigre%20x%20river%20plate&geo=BR"
"airbus a320","10 mil+","8 de agosto de 2026 a las 14:40:00 UTC-3","9 de agosto de 2026 a las 22:20:00 UTC-3","airbus a320","./explore?q=airbus%20a320&geo=BR"
"bodo","10 mil+","11 de agosto de 2026 a las 13:00:00 UTC-3","11 de agosto de 2026 a las 18:40:00 UTC-3","bodo,bodø/glimt x union,bodo glimt","./explore?q=bodo&geo=BR"
"boca juniors x vélez sársfield","10 mil+","8 de agosto de 2026 a las 18:40:00 UTC-3","9 de agosto de 2026 a las 9:40:00 UTC-3","boca juniors x vélez sársfield","./explore?q=boca%20juniors%20x%20v%C3%A9lez%20s%C3%A1rsfield&geo=BR"
"motorista","10 mil+","11 de agosto de 2026 a las 16:10:00 UTC-3","11 de agosto de 2026 a las 20:50:00 UTC-3","motorista","./explore?q=motorista&geo=BR"
"deportivo - real madrid","10 mil+","12 de agosto de 2026 a las 15:10:00 UTC-3","12 de agosto de 2026 a las 19:20:00 UTC-3","deportivo - real madrid,deportivo vs real madrid,deportivo la coruña real madrid 12/08/2026,deportivo – real madrid","./explore?q=deportivo%20-%20real%20madrid&geo=BR"
"meteorologista","10 mil+","9 de agosto de 2026 a las 12:50:00 UTC-3","9 de agosto de 2026 a las 20:30:00 UTC-3","meteorologista,pirai do sul,piraí do sul,paraná","./explore?q=meteorologista&geo=BR"
"cinegrafista","10 mil+","10 de agosto de 2026 a las 0:10:00 UTC-3","10 de agosto de 2026 a las 16:00:00 UTC-3","cinegrafista,repórter","./explore?q=cinegrafista&geo=BR"
"ryan hurst","10 mil+","8 de agosto de 2026 a las 11:30:00 UTC-3","9 de agosto de 2026 a las 15:20:00 UTC-3","ryan hurst","./explore?q=ryan%20hurst&geo=BR"
"rayssa leal","10 mil+","8 de agosto de 2026 a las 21:10:00 UTC-3","10 de agosto de 2026 a las 16:10:00 UTC-3","rayssa leal,raissa leal,sls,rayssa leal namorada","./explore?q=rayssa%20leal&geo=BR"
"boca juniors","10 mil+","11 de agosto de 2026 a las 19:10:00 UTC-3","11 de agosto de 2026 a las 22:20:00 UTC-3","boca juniors","./explore?q=boca%20juniors&geo=BR"
"el niño","10 mil+","11 de agosto de 2026 a las 17:10:00 UTC-3","11 de agosto de 2026 a las 20:10:00 UTC-3","el niño,nino","./explore?q=el%20ni%C3%B1o&geo=BR"
"feriado nacional","10 mil+","9 de agosto de 2026 a las 21:50:00 UTC-3","10 de agosto de 2026 a las 9:20:00 UTC-3","feriado nacional,sexta feira","./explore?q=feriado%20nacional&geo=BR"
"carteira nacional de habilitação","10 mil+","9 de agosto de 2026 a las 18:50:00 UTC-3","10 de agosto de 2026 a las 7:20:00 UTC-3","carteira nacional de habilitação","./explore?q=carteira%20nacional%20de%20habilita%C3%A7%C3%A3o&geo=BR"
"jogos de brasileirão série c","10 mil+","8 de agosto de 2026 a las 17:30:00 UTC-3","9 de agosto de 2026 a las 21:30:00 UTC-3","jogos de brasileirão série c,tabela serie c,tabela da série c,classificações de brasileirão série c,classificação da série c,classificação série c","./explore?q=jogos%20de%20brasileir%C3%A3o%20s%C3%A9rie%20c&geo=BR"
"nacional x abc","10 mil+","8 de agosto de 2026 a las 15:10:00 UTC-3","8 de agosto de 2026 a las 21:40:00 UTC-3","nacional x abc,abc,abc fc,nacional fc,abc x","./explore?q=nacional%20x%20abc&geo=BR"
"animal de estimação","10 mil+","10 de agosto de 2026 a las 12:00:00 UTC-3","10 de agosto de 2026 a las 15:40:00 UTC-3","animal de estimação","./explore?q=animal%20de%20estima%C3%A7%C3%A3o&geo=BR"
"benfica x académico de viseu","10 mil+","9 de agosto de 2026 a las 15:50:00 UTC-3","9 de agosto de 2026 a las 21:00:00 UTC-3","benfica x académico de viseu,benfica x","./explore?q=benfica%20x%20acad%C3%A9mico%20de%20viseu&geo=BR"
"wesley cruzeiro","10 mil+","12 de agosto de 2026 a las 21:30:00 UTC-3","12 de agosto de 2026 a las 23:50:00 UTC-3","wesley cruzeiro,cruzeiro hoje,joão costa,wesley,joao costa cruzeiro","./explore?q=wesley%20cruzeiro&geo=BR"
"porto x alverca","10 mil+","9 de agosto de 2026 a las 13:10:00 UTC-3","9 de agosto de 2026 a las 18:00:00 UTC-3","porto x alverca,porto,liga portugal,porto x,jogo do porto","./explore?q=porto%20x%20alverca&geo=BR"
"fábrica","10 mil+","9 de agosto de 2026 a las 5:20:00 UTC-3","9 de agosto de 2026 a las 13:10:00 UTC-3","fábrica","./explore?q=f%C3%A1brica&geo=BR"
"clube do remo","10 mil+","9 de agosto de 2026 a las 12:30:00 UTC-3","9 de agosto de 2026 a las 17:00:00 UTC-3","clube do remo,remo fc","./explore?q=clube%20do%20remo&geo=BR"
"figueirense x ferroviária","10 mil+","8 de agosto de 2026 a las 16:20:00 UTC-3","8 de agosto de 2026 a las 21:00:00 UTC-3","figueirense x ferroviária,figueirense","./explore?q=figueirense%20x%20ferrovi%C3%A1ria&geo=BR"
"tabela serie a","10 mil+","9 de agosto de 2026 a las 18:00:00 UTC-3","9 de agosto de 2026 a las 22:10:00 UTC-3","tabela serie a,campeonato brasileiro a,tabela do brasileirao","./explore?q=tabela%20serie%20a&geo=BR"
"jogo do inter","10 mil+","9 de agosto de 2026 a las 16:30:00 UTC-3","9 de agosto de 2026 a las 19:00:00 UTC-3","jogo do inter,inter hoje","./explore?q=jogo%20do%20inter&geo=BR"
"vasco hoje","10 mil+","9 de agosto de 2026 a las 16:20:00 UTC-3","9 de agosto de 2026 a las 19:00:00 UTC-3","vasco hoje,jogo do vasco hoje,carrascal,jogo vasco hoje,vasco onde assistir","./explore?q=vasco%20hoje&geo=BR"
"serie c","10 mil+","9 de agosto de 2026 a las 18:00:00 UTC-3","9 de agosto de 2026 a las 21:10:00 UTC-3","serie c","./explore?q=serie%20c&geo=BR"
"serie c","10 mil+","10 de agosto de 2026 a las 21:40:00 UTC-3","10 de agosto de 2026 a las 23:20:00 UTC-3","serie c","./explore?q=serie%20c&geo=BR"
"marsupial","10 mil+","9 de agosto de 2026 a las 18:10:00 UTC-3","9 de agosto de 2026 a las 19:30:00 UTC-3","marsupial","./explore?q=marsupial&geo=BR"
"serie a","10 mil+","9 de agosto de 2026 a las 17:50:00 UTC-3","9 de agosto de 2026 a las 19:00:00 UTC-3","serie a","./explore?q=serie%20a&geo=BR"
"filhas do daniel","10 mil+","9 de agosto de 2026 a las 10:30:00 UTC-3","9 de agosto de 2026 a las 11:50:00 UTC-3","filhas do daniel,daniel cantor,filhas do cantor daniel,filha do joão paulo,filhas de daniel,filha do joao paulo cantor,cantor daniel,joão paulo,filhas de daniel cantor,filha de joao paulo da dupla com daniel,filha de joao paulo,filhas daniel,joao paulo e daniel,viver sertanejo,filhas do daniel cantor,filhas daniel cantor,filhos de daniel,filha joao paulo,filha do joao paulo,filha de joão paulo","./explore?q=filhas%20do%20daniel&geo=BR"
"polícia","5 mil+","15 de agosto de 2026 a las 6:50:00 UTC-3",,"polícia","./explore?q=pol%C3%ADcia&geo=BR"
"jair bolsonaro","5 mil+","14 de agosto de 2026 a las 21:00:00 UTC-3",,"jair bolsonaro,1","./explore?q=jair%20bolsonaro&geo=BR"
"samara weaving","5 mil+","15 de agosto de 2026 a las 1:20:00 UTC-3",,"samara weaving,emma frost","./explore?q=samara%20weaving&geo=BR"
"deportação","5 mil+","14 de agosto de 2026 a las 14:20:00 UTC-3",,"deportação","./explore?q=deporta%C3%A7%C3%A3o&geo=BR"
"previsão do tempo rio de janeiro","5 mil+","15 de agosto de 2026 a las 8:30:00 UTC-3",,"previsão do tempo rio de janeiro,tempo rj,previsão do tempo rj,tempo rio de janeiro,climatempo rj,previsao do tempo rio de janeiro,clima tempo rio de janeiro,previsao do tempo rj,clima em rio de janeiro,clima rj","./explore?q=previs%C3%A3o%20do%20tempo%20rio%20de%20janeiro&geo=BR"
"ufc 330","5 mil+","14 de agosto de 2026 a las 17:40:00 UTC-3",,"ufc 330","./explore?q=ufc%20330&geo=BR"
"cincinnati open","5 mil+","13 de agosto de 2026 a las 12:50:00 UTC-3",,"cincinnati open,botic van de zandschulp","./explore?q=cincinnati%20open&geo=BR"
"estádio","5 mil+","14 de agosto de 2026 a las 6:20:00 UTC-3",,"estádio","./explore?q=est%C3%A1dio&geo=BR"
"miss mundo","5 mil+","14 de agosto de 2026 a las 19:20:00 UTC-3",,"miss mundo,miss indonesia,miss indonésia","./explore?q=miss%20mundo&geo=BR"
"paula fernandes","5 mil+","14 de agosto de 2026 a las 20:00:00 UTC-3",,"paula fernandes","./explore?q=paula%20fernandes&geo=BR"
"islam makhachev","5 mil+","14 de agosto de 2026 a las 7:00:00 UTC-3",,"islam makhachev,ian garry,ian machado garry","./explore?q=islam%20makhachev&geo=BR"
"candidatos a presidente 2026","5 mil+","13 de agosto de 2026 a las 12:30:00 UTC-3",,"candidatos a presidente 2026","./explore?q=candidatos%20a%20presidente%202026&geo=BR"
"tifanny abreu","5 mil+","14 de agosto de 2026 a las 21:10:00 UTC-3",,"tifanny abreu,vôlei,tiffany volei,cbv volei,confederação brasileira de voleibol","./explore?q=tifanny%20abreu&geo=BR"
"simpala","5 mil+","14 de agosto de 2026 a las 9:30:00 UTC-3","15 de agosto de 2026 a las 9:20:00 UTC-3","simpala","./explore?q=simpala&geo=BR"
"racing","5 mil+","14 de agosto de 2026 a las 18:30:00 UTC-3","15 de agosto de 2026 a las 7:00:00 UTC-3","racing","./explore?q=racing&geo=BR"
"passo fundo","5 mil+","14 de agosto de 2026 a las 2:30:00 UTC-3","15 de agosto de 2026 a las 7:40:00 UTC-3","passo fundo","./explore?q=passo%20fundo&geo=BR"
"roraima","5 mil+","13 de agosto de 2026 a las 17:20:00 UTC-3","15 de agosto de 2026 a las 7:00:00 UTC-3","roraima","./explore?q=roraima&geo=BR"
"fiorentina x benevento","5 mil+","14 de agosto de 2026 a las 16:00:00 UTC-3","14 de agosto de 2026 a las 22:40:00 UTC-3","fiorentina x benevento","./explore?q=fiorentina%20x%20benevento&geo=BR"
"wolves x blackburn rovers","5 mil+","14 de agosto de 2026 a las 15:40:00 UTC-3","14 de agosto de 2026 a las 21:30:00 UTC-3","wolves x blackburn rovers","./explore?q=wolves%20x%20blackburn%20rovers&geo=BR"
"azeite","5 mil+","14 de agosto de 2026 a las 12:00:00 UTC-3","14 de agosto de 2026 a las 21:20:00 UTC-3","azeite","./explore?q=azeite&geo=BR"
"olympique x atlético madrid","5 mil+","14 de agosto de 2026 a las 13:30:00 UTC-3","14 de agosto de 2026 a las 19:30:00 UTC-3","olympique x atlético madrid","./explore?q=olympique%20x%20atl%C3%A9tico%20madrid&geo=BR"
"coventry city x mônaco","5 mil+","14 de agosto de 2026 a las 15:10:00 UTC-3","14 de agosto de 2026 a las 20:20:00 UTC-3","coventry city x mônaco","./explore?q=coventry%20city%20x%20m%C3%B4naco&geo=BR"
"atalanta x ath. bilbao","5 mil+","14 de agosto de 2026 a las 15:20:00 UTC-3","14 de agosto de 2026 a las 20:20:00 UTC-3","atalanta x ath. bilbao","./explore?q=atalanta%20x%20ath.%20bilbao&geo=BR"
"avião","5 mil+","14 de agosto de 2026 a las 15:00:00 UTC-3","14 de agosto de 2026 a las 20:20:00 UTC-3","avião","./explore?q=avi%C3%A3o&geo=BR"
"sporting","5 mil+","14 de agosto de 2026 a las 15:50:00 UTC-3","14 de agosto de 2026 a las 20:00:00 UTC-3","sporting","./explore?q=sporting&geo=BR"
"leo derik","5 mil+","13 de agosto de 2026 a las 21:50:00 UTC-3","14 de agosto de 2026 a las 18:30:00 UTC-3","leo derik","./explore?q=leo%20derik&geo=BR"
"13 de agosto","5 mil+","13 de agosto de 2026 a las 6:30:00 UTC-3","14 de agosto de 2026 a las 8:10:00 UTC-3","13 de agosto","./explore?q=13%20de%20agosto&geo=BR"
"wolverhampton","5 mil+","14 de agosto de 2026 a las 16:10:00 UTC-3","14 de agosto de 2026 a las 19:40:00 UTC-3","wolverhampton,wolves","./explore?q=wolverhampton&geo=BR"
"galatasaray x çorum","5 mil+","14 de agosto de 2026 a las 15:10:00 UTC-3","14 de agosto de 2026 a las 18:40:00 UTC-3","galatasaray x çorum,galatasaray x","./explore?q=galatasaray%20x%20%C3%A7orum&geo=BR"
"abelhas","5 mil+","13 de agosto de 2026 a las 10:50:00 UTC-3","14 de agosto de 2026 a las 13:30:00 UTC-3","abelhas","./explore?q=abelhas&geo=BR"
"situação de inundação próxima ao rio taquari","5 mil+","13 de agosto de 2026 a las 20:30:00 UTC-3","14 de agosto de 2026 a las 9:40:00 UTC-3","situação de inundação próxima ao rio taquari","./explore?q=situa%C3%A7%C3%A3o%20de%20inunda%C3%A7%C3%A3o%20pr%C3%B3xima%20ao%20rio%20taquari&geo=BR"
"secretário de defesa dos estados unidos","5 mil+","12 de agosto de 2026 a las 20:30:00 UTC-3","13 de agosto de 2026 a las 17:20:00 UTC-3","secretário de defesa dos estados unidos","./explore?q=secret%C3%A1rio%20de%20defesa%20dos%20estados%20unidos&geo=BR"
"hapv3","5 mil+","13 de agosto de 2026 a las 4:40:00 UTC-3","13 de agosto de 2026 a las 19:50:00 UTC-3","hapv3","./explore?q=hapv3&geo=BR"
"chay suede","5 mil+","14 de agosto de 2026 a las 21:50:00 UTC-3","14 de agosto de 2026 a las 23:30:00 UTC-3","chay suede,letícia colin,pedro,leticia colin","./explore?q=chay%20suede&geo=BR"
"renata sayuri","5 mil+","12 de agosto de 2026 a las 13:30:00 UTC-3","13 de agosto de 2026 a las 8:30:00 UTC-3","renata sayuri","./explore?q=renata%20sayuri&geo=BR"
"túlio gadêlha","5 mil+","13 de agosto de 2026 a las 6:50:00 UTC-3","13 de agosto de 2026 a las 16:50:00 UTC-3","túlio gadêlha,tulio gadelha","./explore?q=t%C3%BAlio%20gad%C3%AAlha&geo=BR"
"chuva de meteoros 12 de agosto","5 mil+","12 de agosto de 2026 a las 18:00:00 UTC-3","13 de agosto de 2026 a las 9:20:00 UTC-3","chuva de meteoros 12 de agosto,chuvas de meteoros hoje,alinhamento dos planetas,alinhamento dos planetas 2026","./explore?q=chuva%20de%20meteoros%2012%20de%20agosto&geo=BR"
"conor kennedy","5 mil+","13 de agosto de 2026 a las 11:10:00 UTC-3","13 de agosto de 2026 a las 20:00:00 UTC-3","conor kennedy,giulia be","./explore?q=conor%20kennedy&geo=BR"
"bebê","5 mil+","13 de agosto de 2026 a las 12:20:00 UTC-3","13 de agosto de 2026 a las 19:40:00 UTC-3","bebê","./explore?q=beb%C3%AA&geo=BR"
"robin williams","5 mil+","11 de agosto de 2026 a las 23:50:00 UTC-3","12 de agosto de 2026 a las 18:40:00 UTC-3","robin williams","./explore?q=robin%20williams&geo=BR"
"cooperativa agropecuária petrópolis - piá","5 mil+","12 de agosto de 2026 a las 4:30:00 UTC-3","12 de agosto de 2026 a las 18:50:00 UTC-3","cooperativa agropecuária petrópolis - piá","./explore?q=cooperativa%20agropecu%C3%A1ria%20petr%C3%B3polis%20-%20pi%C3%A1&geo=BR"
"camila queiroz","5 mil+","12 de agosto de 2026 a las 12:40:00 UTC-3","13 de agosto de 2026 a las 18:20:00 UTC-3","camila queiroz","./explore?q=camila%20queiroz&geo=BR"
"paulista feminino","5 mil+","12 de agosto de 2026 a las 6:00:00 UTC-3","13 de agosto de 2026 a las 8:20:00 UTC-3","paulista feminino,são paulo x santos","./explore?q=paulista%20feminino&geo=BR"
"uss abraham lincoln (cvn-72)","5 mil+","13 de agosto de 2026 a las 7:30:00 UTC-3","13 de agosto de 2026 a las 17:10:00 UTC-3","uss abraham lincoln (cvn-72),pete hegseth,uss abraham lincoln,uss abraham lincoln (cvn 72),live","./explore?q=uss%20abraham%20lincoln%20%28cvn-72%29&geo=BR"
"transparência internacional","5 mil+","13 de agosto de 2026 a las 6:20:00 UTC-3","13 de agosto de 2026 a las 19:40:00 UTC-3","transparência internacional,flávio dino,edson fachin,liberdade de imprensa,flavio dino,poder360","./explore?q=transpar%C3%AAncia%20internacional&geo=BR"
"charles iii","5 mil+","13 de agosto de 2026 a las 7:10:00 UTC-3","13 de agosto de 2026 a las 16:10:00 UTC-3","charles iii","./explore?q=charles%20iii&geo=BR"
"vingadores doutor destino","5 mil+","12 de agosto de 2026 a las 15:40:00 UTC-3","13 de agosto de 2026 a las 3:00:00 UTC-3","vingadores doutor destino","./explore?q=vingadores%20doutor%20destino&geo=BR"
"estudiantes","5 mil+","11 de agosto de 2026 a las 17:20:00 UTC-3","12 de agosto de 2026 a las 8:30:00 UTC-3","estudiantes,estudiantes de la plata","./explore?q=estudiantes&geo=BR"
"superliga brasileira de voleibol masculino","5 mil+","13 de agosto de 2026 a las 19:30:00 UTC-3","14 de agosto de 2026 a las 9:00:00 UTC-3","superliga brasileira de voleibol masculino,superliga brasileira de voleibol feminino - série a","./explore?q=superliga%20brasileira%20de%20voleibol%20masculino&geo=BR"
"junior honorato","5 mil+","10 de agosto de 2026 a las 9:40:00 UTC-3","11 de agosto de 2026 a las 8:50:00 UTC-3","junior honorato","./explore?q=junior%20honorato&geo=BR"
"jeongyeon","5 mil+","10 de agosto de 2026 a las 17:10:00 UTC-3","11 de agosto de 2026 a las 21:20:00 UTC-3","jeongyeon,yoo jeong-yeon","./explore?q=jeongyeon&geo=BR"
"twitch","5 mil+","14 de agosto de 2026 a las 19:30:00 UTC-3","15 de agosto de 2026 a las 0:00:00 UTC-3","twitch,twitch tv","./explore?q=twitch&geo=BR"
"jogo do santos hoje","5 mil+","13 de agosto de 2026 a las 19:00:00 UTC-3","13 de agosto de 2026 a las 22:30:00 UTC-3","jogo do santos hoje,jogo santos hoje","./explore?q=jogo%20do%20santos%20hoje&geo=BR"
"epic games store","5 mil+","12 de agosto de 2026 a las 18:00:00 UTC-3","13 de agosto de 2026 a las 18:00:00 UTC-3","epic games store,epic games","./explore?q=epic%20games%20store&geo=BR"
"david gilmour","5 mil+","11 de agosto de 2026 a las 16:20:00 UTC-3","12 de agosto de 2026 a las 8:10:00 UTC-3","david gilmour","./explore?q=david%20gilmour&geo=BR"
"jenna ortega","5 mil+","11 de agosto de 2026 a las 19:20:00 UTC-3","13 de agosto de 2026 a las 2:40:00 UTC-3","jenna ortega","./explore?q=jenna%20ortega&geo=BR"
"keny arroyo","5 mil+","12 de agosto de 2026 a las 21:20:00 UTC-3","13 de agosto de 2026 a las 8:10:00 UTC-3","keny arroyo,chaveamento libertadores 2026,fabrício bruno,resultado jogo do cruzeiro,arroyo cruzeiro","./explore?q=keny%20arroyo&geo=BR"
"carlos de almeida baptista júnior","5 mil+","12 de agosto de 2026 a las 7:30:00 UTC-3","12 de agosto de 2026 a las 18:30:00 UTC-3","carlos de almeida baptista júnior","./explore?q=carlos%20de%20almeida%20baptista%20j%C3%BAnior&geo=BR"
"lucinha lins","5 mil+","12 de agosto de 2026 a las 14:00:00 UTC-3","13 de agosto de 2026 a las 7:20:00 UTC-3","lucinha lins","./explore?q=lucinha%20lins&geo=BR"
"leonardo gaciba","5 mil+","13 de agosto de 2026 a las 19:00:00 UTC-3","14 de agosto de 2026 a las 7:10:00 UTC-3","leonardo gaciba","./explore?q=leonardo%20gaciba&geo=BR"
"tiririca","5 mil+","13 de agosto de 2026 a las 14:20:00 UTC-3","13 de agosto de 2026 a las 19:10:00 UTC-3","tiririca","./explore?q=tiririca&geo=BR"
"platense x coquimbo unido","5 mil+","12 de agosto de 2026 a las 18:10:00 UTC-3","13 de agosto de 2026 a las 7:10:00 UTC-3","platense x coquimbo unido","./explore?q=platense%20x%20coquimbo%20unido&geo=BR"
"tocantins","5 mil+","12 de agosto de 2026 a las 15:50:00 UTC-3","13 de agosto de 2026 a las 6:00:00 UTC-3","tocantins","./explore?q=tocantins&geo=BR"
"genocida","5 mil+","9 de agosto de 2026 a las 23:50:00 UTC-3","11 de agosto de 2026 a las 7:10:00 UTC-3","genocida","./explore?q=genocida&geo=BR"
"harrison ford","5 mil+","12 de agosto de 2026 a las 8:10:00 UTC-3","12 de agosto de 2026 a las 22:10:00 UTC-3","harrison ford","./explore?q=harrison%20ford&geo=BR"
"anvisa proibe percarbonato","5 mil+","12 de agosto de 2026 a las 21:40:00 UTC-3","13 de agosto de 2026 a las 9:40:00 UTC-3","anvisa proibe percarbonato,percarbonato de sódio,anvisa proibe","./explore?q=anvisa%20proibe%20percarbonato&geo=BR"
"jungkook","5 mil+","12 de agosto de 2026 a las 11:40:00 UTC-3","12 de agosto de 2026 a las 23:50:00 UTC-3","jungkook","./explore?q=jungkook&geo=BR"
"oktoberfest blumenau","5 mil+","12 de agosto de 2026 a las 10:40:00 UTC-3","12 de agosto de 2026 a las 18:20:00 UTC-3","oktoberfest blumenau,justa causa","./explore?q=oktoberfest%20blumenau&geo=BR"
"mauro mendonça","5 mil+","9 de agosto de 2026 a las 22:40:00 UTC-3","11 de agosto de 2026 a las 20:10:00 UTC-3","mauro mendonça,saúde","./explore?q=mauro%20mendon%C3%A7a&geo=BR"
"carlos alberto de nóbrega","5 mil+","12 de agosto de 2026 a las 13:50:00 UTC-3","12 de agosto de 2026 a las 23:00:00 UTC-3","carlos alberto de nóbrega","./explore?q=carlos%20alberto%20de%20n%C3%B3brega&geo=BR"
"prisão","5 mil+","11 de agosto de 2026 a las 4:50:00 UTC-3","11 de agosto de 2026 a las 15:40:00 UTC-3","prisão","./explore?q=pris%C3%A3o&geo=BR"
"k-pop","5 mil+","11 de agosto de 2026 a las 20:50:00 UTC-3","12 de agosto de 2026 a las 8:30:00 UTC-3","k-pop,mina","./explore?q=k-pop&geo=BR"
"matheuzinho","5 mil+","11 de agosto de 2026 a las 5:10:00 UTC-3","12 de agosto de 2026 a las 8:00:00 UTC-3","matheuzinho","./explore?q=matheuzinho&geo=BR"
"reeleição","5 mil+","10 de agosto de 2026 a las 13:20:00 UTC-3","11 de agosto de 2026 a las 11:10:00 UTC-3","reeleição,hugo motta","./explore?q=reelei%C3%A7%C3%A3o&geo=BR"
"tigre x torque","5 mil+","12 de agosto de 2026 a las 18:10:00 UTC-3","13 de agosto de 2026 a las 5:50:00 UTC-3","tigre x torque,tigre x","./explore?q=tigre%20x%20torque&geo=BR"
"paris saint-germain","5 mil+","12 de agosto de 2026 a las 15:10:00 UTC-3","12 de agosto de 2026 a las 21:20:00 UTC-3","paris saint-germain,paris saint-germain football club,désiré doué","./explore?q=paris%20saint-germain&geo=BR"
"garotinho","5 mil+","11 de agosto de 2026 a las 4:30:00 UTC-3","11 de agosto de 2026 a las 15:20:00 UTC-3","garotinho,anthony garotinho","./explore?q=garotinho&geo=BR"
"menino","5 mil+","11 de agosto de 2026 a las 12:50:00 UTC-3","12 de agosto de 2026 a las 0:50:00 UTC-3","menino","./explore?q=menino&geo=BR"
"br-386","5 mil+","11 de agosto de 2026 a las 11:20:00 UTC-3","11 de agosto de 2026 a las 19:50:00 UTC-3","br-386","./explore?q=br-386&geo=BR"
"celso portiolli","5 mil+","11 de agosto de 2026 a las 12:50:00 UTC-3","11 de agosto de 2026 a las 20:00:00 UTC-3","celso portiolli","./explore?q=celso%20portiolli&geo=BR"
"santa clara","5 mil+","11 de agosto de 2026 a las 5:10:00 UTC-3","11 de agosto de 2026 a las 23:10:00 UTC-3","santa clara","./explore?q=santa%20clara&geo=BR"
"seleção brasileira","5 mil+","13 de agosto de 2026 a las 12:50:00 UTC-3","13 de agosto de 2026 a las 15:10:00 UTC-3","seleção brasileira","./explore?q=sele%C3%A7%C3%A3o%20brasileira&geo=BR"
"greve linha 10","5 mil+","11 de agosto de 2026 a las 12:50:00 UTC-3","12 de agosto de 2026 a las 7:00:00 UTC-3","greve linha 10,greve cptm linha 10 turquesa","./explore?q=greve%20linha%2010&geo=BR"
"senado","5 mil+","10 de agosto de 2026 a las 17:20:00 UTC-3","11 de agosto de 2026 a las 10:00:00 UTC-3","senado","./explore?q=senado&geo=BR"
"platense","5 mil+","12 de agosto de 2026 a las 17:40:00 UTC-3","12 de agosto de 2026 a las 22:10:00 UTC-3","platense,coquimbo unido","./explore?q=platense&geo=BR"
"chave","5 mil+","10 de agosto de 2026 a las 15:40:00 UTC-3","11 de agosto de 2026 a las 8:10:00 UTC-3","chave","./explore?q=chave&geo=BR"
"pedreiro","5 mil+","9 de agosto de 2026 a las 8:00:00 UTC-3","9 de agosto de 2026 a las 21:20:00 UTC-3","pedreiro","./explore?q=pedreiro&geo=BR"
"valter walker","5 mil+","11 de agosto de 2026 a las 6:10:00 UTC-3","11 de agosto de 2026 a las 20:10:00 UTC-3","valter walker,valter walker ufc","./explore?q=valter%20walker&geo=BR"
"fabio so","5 mil+","11 de agosto de 2026 a las 9:10:00 UTC-3","11 de agosto de 2026 a las 21:00:00 UTC-3","fabio so","./explore?q=fabio%20so&geo=BR"
"viviane barci de moraes","5 mil+","9 de agosto de 2026 a las 8:10:00 UTC-3","9 de agosto de 2026 a las 20:30:00 UTC-3","viviane barci de moraes","./explore?q=viviane%20barci%20de%20moraes&geo=BR"
"rei charles","5 mil+","11 de agosto de 2026 a las 11:20:00 UTC-3","12 de agosto de 2026 a las 10:10:00 UTC-3","rei charles","./explore?q=rei%20charles&geo=BR"
"sophie charlotte","5 mil+","11 de agosto de 2026 a las 15:50:00 UTC-3","12 de agosto de 2026 a las 6:10:00 UTC-3","sophie charlotte","./explore?q=sophie%20charlotte&geo=BR"
"passageiro","5 mil+","11 de agosto de 2026 a las 6:10:00 UTC-3","12 de agosto de 2026 a las 7:50:00 UTC-3","passageiro,polícia federal","./explore?q=passageiro&geo=BR"
"napoli x aris","5 mil+","12 de agosto de 2026 a las 15:40:00 UTC-3","12 de agosto de 2026 a las 20:10:00 UTC-3","napoli x aris","./explore?q=napoli%20x%20aris&geo=BR"
"excomunhão","5 mil+","11 de agosto de 2026 a las 10:00:00 UTC-3","11 de agosto de 2026 a las 19:50:00 UTC-3","excomunhão","./explore?q=excomunh%C3%A3o&geo=BR"
"cleo","5 mil+","9 de agosto de 2026 a las 14:40:00 UTC-3","10 de agosto de 2026 a las 16:20:00 UTC-3","cleo","./explore?q=cleo&geo=BR"
"rafael jodar","5 mil+","12 de agosto de 2026 a las 19:20:00 UTC-3","12 de agosto de 2026 a las 22:30:00 UTC-3","rafael jodar,jodar","./explore?q=rafael%20jodar&geo=BR"
"pedro leonardo","5 mil+","11 de agosto de 2026 a las 13:40:00 UTC-3","11 de agosto de 2026 a las 19:50:00 UTC-3","pedro leonardo","./explore?q=pedro%20leonardo&geo=BR"
"rayssa leal","5 mil+","12 de agosto de 2026 a las 16:10:00 UTC-3","12 de agosto de 2026 a las 19:50:00 UTC-3","rayssa leal","./explore?q=rayssa%20leal&geo=BR"
"copa sul americana de vôlei masculino","5 mil+","9 de agosto de 2026 a las 5:20:00 UTC-3","9 de agosto de 2026 a las 21:20:00 UTC-3","copa sul americana de vôlei masculino,vôlei","./explore?q=copa%20sul%20americana%20de%20v%C3%B4lei%20masculino&geo=BR"
"jogos de hoje da libertadores","5 mil+","13 de agosto de 2026 a las 19:00:00 UTC-3","13 de agosto de 2026 a las 21:20:00 UTC-3","jogos de hoje da libertadores,palmeiras libertadores,chaveamento libertadores 2026,flamengo vs,rodada da libertadores,chaveamento libertadores","./explore?q=jogos%20de%20hoje%20da%20libertadores&geo=BR"
"jogo do paysandu","5 mil+","10 de agosto de 2026 a las 19:10:00 UTC-3","11 de agosto de 2026 a las 7:40:00 UTC-3","jogo do paysandu","./explore?q=jogo%20do%20paysandu&geo=BR"
"vicaricidio","5 mil+","12 de agosto de 2026 a las 13:40:00 UTC-3","12 de agosto de 2026 a las 18:30:00 UTC-3","vicaricidio,vicaricídio,dia,5","./explore?q=vicaricidio&geo=BR"
"filha","5 mil+","9 de agosto de 2026 a las 18:00:00 UTC-3","10 de agosto de 2026 a las 8:20:00 UTC-3","filha,bianca castanho","./explore?q=filha&geo=BR"
"fabiana bolsonaro","5 mil+","9 de agosto de 2026 a las 8:10:00 UTC-3","10 de agosto de 2026 a las 13:40:00 UTC-3","fabiana bolsonaro","./explore?q=fabiana%20bolsonaro&geo=BR"
"pai roberto carlos","5 mil+","9 de agosto de 2026 a las 18:30:00 UTC-3","10 de agosto de 2026 a las 1:40:00 UTC-3","pai roberto carlos","./explore?q=pai%20roberto%20carlos&geo=BR"
"desenrola adimplentes","5 mil+","10 de agosto de 2026 a las 12:30:00 UTC-3","11 de agosto de 2026 a las 13:20:00 UTC-3","desenrola adimplentes,novo desenrola adimplentes,desenrola brasil","./explore?q=desenrola%20adimplentes&geo=BR"
"argentinos juniors x racing","5 mil+","9 de agosto de 2026 a las 19:20:00 UTC-3","10 de agosto de 2026 a las 8:20:00 UTC-3","argentinos juniors x racing","./explore?q=argentinos%20juniors%20x%20racing&geo=BR"
"jornal de piracicaba","5 mil+","9 de agosto de 2026 a las 8:30:00 UTC-3","9 de agosto de 2026 a las 18:20:00 UTC-3","jornal de piracicaba","./explore?q=jornal%20de%20piracicaba&geo=BR"
"política","5 mil+","10 de agosto de 2026 a las 4:20:00 UTC-3","10 de agosto de 2026 a las 13:20:00 UTC-3","política","./explore?q=pol%C3%ADtica&geo=BR"
"lyon","5 mil+","11 de agosto de 2026 a las 15:50:00 UTC-3","11 de agosto de 2026 a las 19:30:00 UTC-3","lyon","./explore?q=lyon&geo=BR"
"martinho da vila","5 mil+","9 de agosto de 2026 a las 18:50:00 UTC-3","10 de agosto de 2026 a las 13:40:00 UTC-3","martinho da vila","./explore?q=martinho%20da%20vila&geo=BR"
"br-116","5 mil+","8 de agosto de 2026 a las 13:00:00 UTC-3","8 de agosto de 2026 a las 20:20:00 UTC-3","br-116","./explore?q=br-116&geo=BR"
"ministro do tribunal superior eleitoral do brasil","5 mil+","11 de agosto de 2026 a las 12:00:00 UTC-3","11 de agosto de 2026 a las 15:30:00 UTC-3","ministro do tribunal superior eleitoral do brasil","./explore?q=ministro%20do%20tribunal%20superior%20eleitoral%20do%20brasil&geo=BR"
"exame nacional para certificação de competências de jovens e adultos","5 mil+","8 de agosto de 2026 a las 16:50:00 UTC-3","9 de agosto de 2026 a las 9:00:00 UTC-3","exame nacional para certificação de competências de jovens e adultos,encceja 2026","./explore?q=exame%20nacional%20para%20certifica%C3%A7%C3%A3o%20de%20compet%C3%AAncias%20de%20jovens%20e%20adultos&geo=BR"
"atropelamento","5 mil+","10 de agosto de 2026 a las 12:20:00 UTC-3","10 de agosto de 2026 a las 19:30:00 UTC-3","atropelamento","./explore?q=atropelamento&geo=BR"
"classificações de inter de limeira x volta redonda futebol clube","5 mil+","8 de agosto de 2026 a las 22:40:00 UTC-3","9 de agosto de 2026 a las 9:50:00 UTC-3","classificações de inter de limeira x volta redonda futebol clube,inter de limeira x volta redonda,inter de limeira","./explore?q=classifica%C3%A7%C3%B5es%20de%20inter%20de%20limeira%20x%20volta%20redonda%20futebol%20clube&geo=BR"
"jake whisenant","5 mil+","10 de agosto de 2026 a las 13:00:00 UTC-3","10 de agosto de 2026 a las 20:10:00 UTC-3","jake whisenant,escalada","./explore?q=jake%20whisenant&geo=BR"
"hbo max","5 mil+","12 de agosto de 2026 a las 15:50:00 UTC-3","12 de agosto de 2026 a las 18:00:00 UTC-3","hbo max,hbomax","./explore?q=hbo%20max&geo=BR"
"sociedade esportiva palmeiras","5 mil+","12 de agosto de 2026 a las 20:30:00 UTC-3","12 de agosto de 2026 a las 21:40:00 UTC-3","sociedade esportiva palmeiras","./explore?q=sociedade%20esportiva%20palmeiras&geo=BR"
"william, príncipe de gales","5 mil+","11 de agosto de 2026 a las 10:20:00 UTC-3","11 de agosto de 2026 a las 14:50:00 UTC-3","william, príncipe de gales","./explore?q=william%2C%20pr%C3%ADncipe%20de%20gales&geo=BR"
"fluminense football club","5 mil+","11 de agosto de 2026 a las 18:50:00 UTC-3","11 de agosto de 2026 a las 22:00:00 UTC-3","fluminense football club,flu x,rodrigo castillo","./explore?q=fluminense%20football%20club&geo=BR"
"classificações de maranhão atlético clube x brusque futebol clube","5 mil+","9 de agosto de 2026 a las 21:40:00 UTC-3","10 de agosto de 2026 a las 8:20:00 UTC-3","classificações de maranhão atlético clube x brusque futebol clube,maranhão x brusque","./explore?q=classifica%C3%A7%C3%B5es%20de%20maranh%C3%A3o%20atl%C3%A9tico%20clube%20x%20brusque%20futebol%20clube&geo=BR"
"cyberpunk 2077","5 mil+","9 de agosto de 2026 a las 17:30:00 UTC-3","10 de agosto de 2026 a las 2:50:00 UTC-3","cyberpunk 2077","./explore?q=cyberpunk%202077&geo=BR"
"valorant","5 mil+","8 de agosto de 2026 a las 13:30:00 UTC-3","9 de agosto de 2026 a las 4:20:00 UTC-3","valorant","./explore?q=valorant&geo=BR"
"carlo ancelotti","5 mil+","10 de agosto de 2026 a las 5:10:00 UTC-3","10 de agosto de 2026 a las 13:50:00 UTC-3","carlo ancelotti","./explore?q=carlo%20ancelotti&geo=BR"
"joviana evelyn iankovski","5 mil+","10 de agosto de 2026 a las 17:00:00 UTC-3","11 de agosto de 2026 a las 10:20:00 UTC-3","joviana evelyn iankovski,casa,santa catarina,suspeito","./explore?q=joviana%20evelyn%20iankovski&geo=BR"
"aryna sabalenka","5 mil+","8 de agosto de 2026 a las 20:10:00 UTC-3","9 de agosto de 2026 a las 8:30:00 UTC-3","aryna sabalenka,ekaterina alexandrova","./explore?q=aryna%20sabalenka&geo=BR"
"musica para dia dos pais","5 mil+","9 de agosto de 2026 a las 7:10:00 UTC-3","9 de agosto de 2026 a las 14:50:00 UTC-3","musica para dia dos pais,homenagem dia dos pais,música para o dia dos pais,música do dia dos pais,homenagem para o dia dos pais,musica de pai","./explore?q=musica%20para%20dia%20dos%20pais&geo=BR"
"estrela amadora x sporting","5 mil+","8 de agosto de 2026 a las 15:40:00 UTC-3","8 de agosto de 2026 a las 21:10:00 UTC-3","estrela amadora x sporting,sporting","./explore?q=estrela%20amadora%20x%20sporting&geo=BR"
"band","5 mil+","9 de agosto de 2026 a las 19:20:00 UTC-3","10 de agosto de 2026 a las 8:40:00 UTC-3","band,debate presidencial 2026","./explore?q=band&geo=BR"
"psg","5 mil+","8 de agosto de 2026 a las 11:50:00 UTC-3","8 de agosto de 2026 a las 16:00:00 UTC-3","psg","./explore?q=psg&geo=BR"
"idoso","5 mil+","11 de agosto de 2026 a las 5:50:00 UTC-3","11 de agosto de 2026 a las 7:50:00 UTC-3","idoso,g1","./explore?q=idoso&geo=BR"
"west ham x portsmouth","5 mil+","8 de agosto de 2026 a las 10:00:00 UTC-3","8 de agosto de 2026 a las 15:40:00 UTC-3","west ham x portsmouth","./explore?q=west%20ham%20x%20portsmouth&geo=BR"
"psv","5 mil+","8 de agosto de 2026 a las 14:50:00 UTC-3","8 de agosto de 2026 a las 19:10:00 UTC-3","psv,psv fortuna sittard 08/08/2026,psv x,psv eindhoven","./explore?q=psv&geo=BR"
"zwolle x ajax","5 mil+","9 de agosto de 2026 a las 8:40:00 UTC-3","9 de agosto de 2026 a las 15:50:00 UTC-3","zwolle x ajax,ajax","./explore?q=zwolle%20x%20ajax&geo=BR"
"josh kushner","5 mil+","12 de agosto de 2026 a las 11:30:00 UTC-3","12 de agosto de 2026 a las 14:30:00 UTC-3","josh kushner,bob iger,disney,los angeles lakers","./explore?q=josh%20kushner&geo=BR"
"alerta rio","5 mil+","9 de agosto de 2026 a las 12:10:00 UTC-3","9 de agosto de 2026 a las 16:30:00 UTC-3","alerta rio","./explore?q=alerta%20rio&geo=BR"
"alice carvalho","5 mil+","8 de agosto de 2026 a las 13:00:00 UTC-3","9 de agosto de 2026 a las 6:20:00 UTC-3","alice carvalho,alice carvalho e preta gil","./explore?q=alice%20carvalho&geo=BR"
"quillan salkilld","5 mil+","8 de agosto de 2026 a las 22:20:00 UTC-3","9 de agosto de 2026 a las 7:00:00 UTC-3","quillan salkilld,carlos diego ferreira,alexia thainara","./explore?q=quillan%20salkilld&geo=BR"
"quem ama cuida?","5 mil+","9 de agosto de 2026 a las 7:20:00 UTC-3","9 de agosto de 2026 a las 10:00:00 UTC-3","quem ama cuida?,resumo de quem ama cuida,novelas quem ama cuida,resumo quem ama cuida,quem ama cuida resumo","./explore?q=quem%20ama%20cuida%3F&geo=BR"
"barcelona sc x macará","5 mil+","8 de agosto de 2026 a las 20:20:00 UTC-3","9 de agosto de 2026 a las 0:20:00 UTC-3","barcelona sc x macará,barcelona sc macará 08/08/2026,barcelona sc","./explore?q=barcelona%20sc%20x%20macar%C3%A1&geo=BR"
"cachorro","5 mil+","8 de agosto de 2026 a las 19:10:00 UTC-3","8 de agosto de 2026 a las 21:40:00 UTC-3","cachorro,onça parda ataca pitbull","./explore?q=cachorro&geo=BR"
"pedro raul","5 mil+","9 de agosto de 2026 a las 20:10:00 UTC-3","9 de agosto de 2026 a las 22:20:00 UTC-3","pedro raul,pedro","./explore?q=pedro%20raul&geo=BR"
"imposto sobre bens e serviços","5 mil+","8 de agosto de 2026 a las 12:40:00 UTC-3","8 de agosto de 2026 a las 17:50:00 UTC-3","imposto sobre bens e serviços,nfs,reforma tributária,preencher as informações ibs/cbs?,preencher as informações ibs/cbs?*,nf,ibs/cbs","./explore?q=imposto%20sobre%20bens%20e%20servi%C3%A7os&geo=BR"
"fábio luís lula da silva","5 mil+","9 de agosto de 2026 a las 16:50:00 UTC-3","9 de agosto de 2026 a las 19:10:00 UTC-3","fábio luís lula da silva","./explore?q=f%C3%A1bio%20lu%C3%ADs%20lula%20da%20silva&geo=BR"
"real madrid x","5 mil+","8 de agosto de 2026 a las 14:30:00 UTC-3","8 de agosto de 2026 a las 17:00:00 UTC-3","real madrid x","./explore?q=real%20madrid%20x&geo=BR"
"transporte público gratuito","2 mil+","15 de agosto de 2026 a las 6:30:00 UTC-3",,"transporte público gratuito","./explore?q=transporte%20p%C3%BAblico%20gratuito&geo=BR"
"masterchef confeitaria","2 mil+","14 de agosto de 2026 a las 7:00:00 UTC-3",,"masterchef confeitaria","./explore?q=masterchef%20confeitaria&geo=BR"
"la liga","2 mil+","14 de agosto de 2026 a las 22:40:00 UTC-3",,"la liga,campeonato espanhol","./explore?q=la%20liga&geo=BR"
"dinheiro suspeito","2 mil+","14 de agosto de 2026 a las 19:20:00 UTC-3",,"dinheiro suspeito","./explore?q=dinheiro%20suspeito&geo=BR"
"airbus a321","2 mil+","14 de agosto de 2026 a las 17:50:00 UTC-3",,"airbus a321","./explore?q=airbus%20a321&geo=BR"
"grande prêmio dos países baixos","2 mil+","14 de agosto de 2026 a las 19:40:00 UTC-3",,"grande prêmio dos países baixos","./explore?q=grande%20pr%C3%AAmio%20dos%20pa%C3%ADses%20baixos&geo=BR"
"granada","2 mil+","15 de agosto de 2026 a las 3:40:00 UTC-3",,"granada","./explore?q=granada&geo=BR"
"frozen 3","2 mil+","15 de agosto de 2026 a las 2:10:00 UTC-3",,"frozen 3","./explore?q=frozen%203&geo=BR"
"terremoto espanha","2 mil+","14 de agosto de 2026 a las 22:30:00 UTC-3",,"terremoto espanha,terremoto na espanha","./explore?q=terremoto%20espanha&geo=BR"
"globo repórter audição","2 mil+","15 de agosto de 2026 a las 6:40:00 UTC-3",,"globo repórter audição,globo repórter hoje,sandra annenberg","./explore?q=globo%20rep%C3%B3rter%20audi%C3%A7%C3%A3o&geo=BR"
"fiat fastback","2 mil+","14 de agosto de 2026 a las 20:10:00 UTC-3",,"fiat fastback,fiat mobi","./explore?q=fiat%20fastback&geo=BR"
"ônibus","2 mil+","14 de agosto de 2026 a las 23:40:00 UTC-3",,"ônibus","./explore?q=%C3%B4nibus&geo=BR"
"vacinação sarampo","2 mil+","14 de agosto de 2026 a las 19:20:00 UTC-3",,"vacinação sarampo,vacina sarampo,vacinação,vacinação contra sarampo","./explore?q=vacina%C3%A7%C3%A3o%20sarampo&geo=BR"
"alerta amarelo: tempestade","2 mil+","15 de agosto de 2026 a las 8:40:00 UTC-3","15 de agosto de 2026 a las 9:50:00 UTC-3","alerta amarelo: tempestade","./explore?q=alerta%20amarelo%3A%20tempestade&geo=BR"
"lotomania 2963","2 mil+","14 de agosto de 2026 a las 21:20:00 UTC-3",,"lotomania 2963,resultado da lotomania concurso 2963,lotomania 2962,lotomania","./explore?q=lotomania%202963&geo=BR"
"frei gilson","2 mil+","15 de agosto de 2026 a las 3:30:00 UTC-3","15 de agosto de 2026 a las 8:00:00 UTC-3","frei gilson,quaresma de são miguel 2026 frei gilson","./explore?q=frei%20gilson&geo=BR"
"weather","2 mil+","15 de agosto de 2026 a las 7:50:00 UTC-3","15 de agosto de 2026 a las 9:20:00 UTC-3","weather","./explore?q=weather&geo=BR"
"jason arday","2 mil+","14 de agosto de 2026 a las 17:10:00 UTC-3","15 de agosto de 2026 a las 9:10:00 UTC-3","jason arday","./explore?q=jason%20arday&geo=BR"
"al hilal","2 mil+","14 de agosto de 2026 a las 13:10:00 UTC-3","14 de agosto de 2026 a las 19:50:00 UTC-3","al hilal","./explore?q=al%20hilal&geo=BR"
"atp cincinnati 2026","2 mil+","14 de agosto de 2026 a las 13:10:00 UTC-3","15 de agosto de 2026 a las 9:50:00 UTC-3","atp cincinnati 2026","./explore?q=atp%20cincinnati%202026&geo=BR"
"fígado","2 mil+","14 de agosto de 2026 a las 16:50:00 UTC-3","14 de agosto de 2026 a las 23:00:00 UTC-3","fígado","./explore?q=f%C3%ADgado&geo=BR"
"além do tempo","2 mil+","14 de agosto de 2026 a las 17:40:00 UTC-3","15 de agosto de 2026 a las 7:50:00 UTC-3","além do tempo","./explore?q=al%C3%A9m%20do%20tempo&geo=BR"
"leo dias","2 mil+","14 de agosto de 2026 a las 16:00:00 UTC-3","15 de agosto de 2026 a las 7:30:00 UTC-3","leo dias,influenciador","./explore?q=leo%20dias&geo=BR"
"ana paula siebert justus","2 mil+","14 de agosto de 2026 a las 19:10:00 UTC-3","15 de agosto de 2026 a las 8:10:00 UTC-3","ana paula siebert justus","./explore?q=ana%20paula%20siebert%20justus&geo=BR"
"nicole kidman","2 mil+","14 de agosto de 2026 a las 13:30:00 UTC-3","14 de agosto de 2026 a las 23:30:00 UTC-3","nicole kidman","./explore?q=nicole%20kidman&geo=BR"
"mãe","2 mil+","14 de agosto de 2026 a las 22:40:00 UTC-3","15 de agosto de 2026 a las 0:40:00 UTC-3","mãe,portugal","./explore?q=m%C3%A3e&geo=BR"
"urna eleitoral","2 mil+","14 de agosto de 2026 a las 8:00:00 UTC-3","14 de agosto de 2026 a las 17:30:00 UTC-3","urna eleitoral","./explore?q=urna%20eleitoral&geo=BR"
"foo fighters brasil","2 mil+","14 de agosto de 2026 a las 14:40:00 UTC-3","14 de agosto de 2026 a las 20:40:00 UTC-3","foo fighters brasil,foo fighters,show foo fighters brasil","./explore?q=foo%20fighters%20brasil&geo=BR"
"deportivo recoleta x 2 de mayo","2 mil+","14 de agosto de 2026 a las 17:50:00 UTC-3","14 de agosto de 2026 a las 21:30:00 UTC-3","deportivo recoleta x 2 de mayo","./explore?q=deportivo%20recoleta%20x%202%20de%20mayo&geo=BR"
"aeroporto internacional de los angeles","2 mil+","14 de agosto de 2026 a las 4:30:00 UTC-3","14 de agosto de 2026 a las 14:00:00 UTC-3","aeroporto internacional de los angeles","./explore?q=aeroporto%20internacional%20de%20los%20angeles&geo=BR"
"tv globo","2 mil+","14 de agosto de 2026 a las 14:40:00 UTC-3","14 de agosto de 2026 a las 20:50:00 UTC-3","tv globo","./explore?q=tv%20globo&geo=BR"
"defesa civil rio do sul","2 mil+","13 de agosto de 2026 a las 15:20:00 UTC-3","15 de agosto de 2026 a las 9:40:00 UTC-3","defesa civil rio do sul","./explore?q=defesa%20civil%20rio%20do%20sul&geo=BR"
"willer tomaz advogados associados","2 mil+","14 de agosto de 2026 a las 12:40:00 UTC-3","14 de agosto de 2026 a las 20:30:00 UTC-3","willer tomaz advogados associados","./explore?q=willer%20tomaz%20advogados%20associados&geo=BR"
"explosão","2 mil+","14 de agosto de 2026 a las 15:50:00 UTC-3","14 de agosto de 2026 a las 21:30:00 UTC-3","explosão","./explore?q=explos%C3%A3o&geo=BR"
"gravidez","2 mil+","13 de agosto de 2026 a las 21:30:00 UTC-3","14 de agosto de 2026 a las 13:50:00 UTC-3","gravidez","./explore?q=gravidez&geo=BR"
"deborah secco","2 mil+","14 de agosto de 2026 a las 6:50:00 UTC-3","14 de agosto de 2026 a las 19:10:00 UTC-3","deborah secco","./explore?q=deborah%20secco&geo=BR"
"macbook neo","2 mil+","14 de agosto de 2026 a las 12:30:00 UTC-3","14 de agosto de 2026 a las 21:30:00 UTC-3","macbook neo","./explore?q=macbook%20neo&geo=BR"
"atletico de madrid","2 mil+","14 de agosto de 2026 a las 12:30:00 UTC-3","14 de agosto de 2026 a las 17:00:00 UTC-3","atletico de madrid,atlético de madrid","./explore?q=atletico%20de%20madrid&geo=BR"
"tubarões","2 mil+","13 de agosto de 2026 a las 14:40:00 UTC-3","14 de agosto de 2026 a las 20:40:00 UTC-3","tubarões","./explore?q=tubar%C3%B5es&geo=BR"
"nfl","2 mil+","13 de agosto de 2026 a las 20:10:00 UTC-3","14 de agosto de 2026 a las 1:30:00 UTC-3","nfl","./explore?q=nfl&geo=BR"
"exoneração","2 mil+","13 de agosto de 2026 a las 16:40:00 UTC-3","14 de agosto de 2026 a las 7:50:00 UTC-3","exoneração","./explore?q=exonera%C3%A7%C3%A3o&geo=BR"
"governador do ceará","2 mil+","13 de agosto de 2026 a las 7:00:00 UTC-3","13 de agosto de 2026 a las 20:50:00 UTC-3","governador do ceará","./explore?q=governador%20do%20cear%C3%A1&geo=BR"
"reacher temporada 4","2 mil+","14 de agosto de 2026 a las 21:40:00 UTC-3","15 de agosto de 2026 a las 0:20:00 UTC-3","reacher temporada 4","./explore?q=reacher%20temporada%204&geo=BR"
"linha 8 diamante","2 mil+","14 de agosto de 2026 a las 17:50:00 UTC-3","14 de agosto de 2026 a las 19:50:00 UTC-3","linha 8 diamante,trem descarrilou hoje,linha 8,linha 8 do trem metropolitano de são paulo,linha diamante","./explore?q=linha%208%20diamante&geo=BR"
"jogo do mirassol","2 mil+","13 de agosto de 2026 a las 19:00:00 UTC-3","14 de agosto de 2026 a las 6:20:00 UTC-3","jogo do mirassol","./explore?q=jogo%20do%20mirassol&geo=BR"
"br-135","2 mil+","12 de agosto de 2026 a las 17:50:00 UTC-3","13 de agosto de 2026 a las 8:40:00 UTC-3","br-135","./explore?q=br-135&geo=BR"
"pesquisa governo paraná","2 mil+","13 de agosto de 2026 a las 15:30:00 UTC-3","13 de agosto de 2026 a las 21:00:00 UTC-3","pesquisa governo paraná","./explore?q=pesquisa%20governo%20paran%C3%A1&geo=BR"
"farmácia popular do brasil","2 mil+","12 de agosto de 2026 a las 16:20:00 UTC-3","13 de agosto de 2026 a las 9:10:00 UTC-3","farmácia popular do brasil","./explore?q=farm%C3%A1cia%20popular%20do%20brasil&geo=BR"
"rodovia anchieta","2 mil+","13 de agosto de 2026 a las 11:10:00 UTC-3","13 de agosto de 2026 a las 19:20:00 UTC-3","rodovia anchieta","./explore?q=rodovia%20anchieta&geo=BR"
"iate","2 mil+","13 de agosto de 2026 a las 12:30:00 UTC-3","13 de agosto de 2026 a las 18:20:00 UTC-3","iate","./explore?q=iate&geo=BR"
"tania rocha","2 mil+","11 de agosto de 2026 a las 21:50:00 UTC-3","12 de agosto de 2026 a las 13:50:00 UTC-3","tania rocha","./explore?q=tania%20rocha&geo=BR"
"frente fria","2 mil+","14 de agosto de 2026 a las 5:20:00 UTC-3","14 de agosto de 2026 a las 7:20:00 UTC-3","frente fria,previsão,previsao do tempo sp","./explore?q=frente%20fria&geo=BR"
"luiza zveiter","2 mil+","13 de agosto de 2026 a las 14:30:00 UTC-3","13 de agosto de 2026 a las 21:40:00 UTC-3","luiza zveiter","./explore?q=luiza%20zveiter&geo=BR"
"imax","2 mil+","12 de agosto de 2026 a las 6:40:00 UTC-3","12 de agosto de 2026 a las 18:40:00 UTC-3","imax","./explore?q=imax&geo=BR"
"rafa kalimann","2 mil+","12 de agosto de 2026 a las 11:50:00 UTC-3","13 de agosto de 2026 a las 6:30:00 UTC-3","rafa kalimann","./explore?q=rafa%20kalimann&geo=BR"
"ilha","2 mil+","12 de agosto de 2026 a las 14:20:00 UTC-3","13 de agosto de 2026 a las 8:20:00 UTC-3","ilha","./explore?q=ilha&geo=BR"
"h&m","2 mil+","13 de agosto de 2026 a las 12:50:00 UTC-3","13 de agosto de 2026 a las 20:50:00 UTC-3","h&m","./explore?q=h%26m&geo=BR"
"surto","2 mil+","13 de agosto de 2026 a las 5:10:00 UTC-3","13 de agosto de 2026 a las 8:40:00 UTC-3","surto","./explore?q=surto&geo=BR"
"karoline leavitt","2 mil+","13 de agosto de 2026 a las 15:00:00 UTC-3","13 de agosto de 2026 a las 20:30:00 UTC-3","karoline leavitt","./explore?q=karoline%20leavitt&geo=BR"
"leticia spiller","2 mil+","13 de agosto de 2026 a las 20:00:00 UTC-3","14 de agosto de 2026 a las 11:10:00 UTC-3","leticia spiller,letícia spiller,isadora cruz","./explore?q=leticia%20spiller&geo=BR"
"erling haaland","2 mil+","13 de agosto de 2026 a las 16:40:00 UTC-3","13 de agosto de 2026 a las 21:40:00 UTC-3","erling haaland","./explore?q=erling%20haaland&geo=BR"
"impacto do eclipse nos signos","2 mil+","12 de agosto de 2026 a las 17:30:00 UTC-3","13 de agosto de 2026 a las 8:00:00 UTC-3","impacto do eclipse nos signos,signos afetados pelo eclipse","./explore?q=impacto%20do%20eclipse%20nos%20signos&geo=BR"
"jaminton campaz","2 mil+","13 de agosto de 2026 a las 20:50:00 UTC-3","14 de agosto de 2026 a las 0:30:00 UTC-3","jaminton campaz","./explore?q=jaminton%20campaz&geo=BR"
"cruz azul x chicago fire","2 mil+","13 de agosto de 2026 a las 21:20:00 UTC-3","14 de agosto de 2026 a las 1:10:00 UTC-3","cruz azul x chicago fire,cruz azul","./explore?q=cruz%20azul%20x%20chicago%20fire&geo=BR"
"ressaca marítima","2 mil+","11 de agosto de 2026 a las 0:20:00 UTC-3","11 de agosto de 2026 a las 20:20:00 UTC-3","ressaca marítima","./explore?q=ressaca%20mar%C3%ADtima&geo=BR"
"club américa x austin","2 mil+","13 de agosto de 2026 a las 21:00:00 UTC-3","14 de agosto de 2026 a las 0:50:00 UTC-3","club américa x austin","./explore?q=club%20am%C3%A9rica%20x%20austin&geo=BR"
"ambev","2 mil+","12 de agosto de 2026 a las 15:00:00 UTC-3","12 de agosto de 2026 a las 22:50:00 UTC-3","ambev","./explore?q=ambev&geo=BR"
"pedro uczai","2 mil+","11 de agosto de 2026 a las 20:50:00 UTC-3","12 de agosto de 2026 a las 13:30:00 UTC-3","pedro uczai","./explore?q=pedro%20uczai&geo=BR"
"nino","2 mil+","13 de agosto de 2026 a las 6:40:00 UTC-3","13 de agosto de 2026 a las 18:50:00 UTC-3","nino,recorde,previsao do tempo hoje","./explore?q=nino&geo=BR"
"lucy davis","2 mil+","11 de agosto de 2026 a las 19:40:00 UTC-3","12 de agosto de 2026 a las 9:30:00 UTC-3","lucy davis","./explore?q=lucy%20davis&geo=BR"
"viúva","2 mil+","11 de agosto de 2026 a las 5:10:00 UTC-3","11 de agosto de 2026 a las 20:10:00 UTC-3","viúva","./explore?q=vi%C3%BAva&geo=BR"
"isadora cruz","2 mil+","14 de agosto de 2026 a las 20:00:00 UTC-3","14 de agosto de 2026 a las 21:20:00 UTC-3","isadora cruz,coração acelerado novela,leandra leal","./explore?q=isadora%20cruz&geo=BR"
"sargento","2 mil+","13 de agosto de 2026 a las 14:20:00 UTC-3","13 de agosto de 2026 a las 20:30:00 UTC-3","sargento","./explore?q=sargento&geo=BR"
"despesa","2 mil+","12 de agosto de 2026 a las 19:50:00 UTC-3","13 de agosto de 2026 a las 9:00:00 UTC-3","despesa","./explore?q=despesa&geo=BR"
"sabrina sato","2 mil+","12 de agosto de 2026 a las 15:30:00 UTC-3","13 de agosto de 2026 a las 7:20:00 UTC-3","sabrina sato","./explore?q=sabrina%20sato&geo=BR"
"esquema de fraudes no inss","2 mil+","13 de agosto de 2026 a las 11:40:00 UTC-3","13 de agosto de 2026 a las 17:50:00 UTC-3","esquema de fraudes no inss,conafer","./explore?q=esquema%20de%20fraudes%20no%20inss&geo=BR"
"austrália","2 mil+","13 de agosto de 2026 a las 6:10:00 UTC-3","13 de agosto de 2026 a las 11:20:00 UTC-3","austrália","./explore?q=austr%C3%A1lia&geo=BR"
"psg vs aston villa","2 mil+","12 de agosto de 2026 a las 15:10:00 UTC-3","12 de agosto de 2026 a las 19:40:00 UTC-3","psg vs aston villa","./explore?q=psg%20vs%20aston%20villa&geo=BR"
"the elder scrolls vi","2 mil+","13 de agosto de 2026 a las 13:40:00 UTC-3","13 de agosto de 2026 a las 20:00:00 UTC-3","the elder scrolls vi","./explore?q=the%20elder%20scrolls%20vi&geo=BR"
"felicidade","2 mil+","12 de agosto de 2026 a las 18:30:00 UTC-3","13 de agosto de 2026 a las 8:10:00 UTC-3","felicidade","./explore?q=felicidade&geo=BR"
"andréa sorvetão","2 mil+","12 de agosto de 2026 a las 20:30:00 UTC-3","13 de agosto de 2026 a las 8:40:00 UTC-3","andréa sorvetão","./explore?q=andr%C3%A9a%20sorvet%C3%A3o&geo=BR"
"rangers","2 mil+","13 de agosto de 2026 a las 16:10:00 UTC-3","13 de agosto de 2026 a las 18:40:00 UTC-3","rangers,europa league,rangers fc","./explore?q=rangers&geo=BR"
"embraer c-390 millennium","2 mil+","12 de agosto de 2026 a las 9:30:00 UTC-3","12 de agosto de 2026 a las 16:10:00 UTC-3","embraer c-390 millennium","./explore?q=embraer%20c-390%20millennium&geo=BR"
"ribeirão preto","2 mil+","13 de agosto de 2026 a las 5:20:00 UTC-3","13 de agosto de 2026 a las 9:20:00 UTC-3","ribeirão preto","./explore?q=ribeir%C3%A3o%20preto&geo=BR"
"itaúsa","2 mil+","10 de agosto de 2026 a las 20:00:00 UTC-3","11 de agosto de 2026 a las 9:10:00 UTC-3","itaúsa,itsa4","./explore?q=ita%C3%BAsa&geo=BR"
"lindbergh farias","2 mil+","12 de agosto de 2026 a las 16:20:00 UTC-3","12 de agosto de 2026 a las 21:20:00 UTC-3","lindbergh farias","./explore?q=lindbergh%20farias&geo=BR"
"sp-340","2 mil+","8 de agosto de 2026 a las 22:10:00 UTC-3","9 de agosto de 2026 a las 18:20:00 UTC-3","sp-340","./explore?q=sp-340&geo=BR"
"xamã","2 mil+","11 de agosto de 2026 a las 5:20:00 UTC-3","11 de agosto de 2026 a las 22:50:00 UTC-3","xamã","./explore?q=xam%C3%A3&geo=BR"
"harry potter","2 mil+","12 de agosto de 2026 a las 0:10:00 UTC-3","12 de agosto de 2026 a las 10:10:00 UTC-3","harry potter,nicholas hoult","./explore?q=harry%20potter&geo=BR"
"juiz","2 mil+","11 de agosto de 2026 a las 19:10:00 UTC-3","12 de agosto de 2026 a las 9:00:00 UTC-3","juiz","./explore?q=juiz&geo=BR"
"futebol ao vivo","2 mil+","13 de agosto de 2026 a las 19:40:00 UTC-3","13 de agosto de 2026 a las 22:50:00 UTC-3","futebol ao vivo,futebol ao vivo online","./explore?q=futebol%20ao%20vivo&geo=BR"
"portugal","2 mil+","10 de agosto de 2026 a las 15:40:00 UTC-3","11 de agosto de 2026 a las 9:40:00 UTC-3","portugal","./explore?q=portugal&geo=BR"
"carlos adao","2 mil+","8 de agosto de 2026 a las 17:50:00 UTC-3","9 de agosto de 2026 a las 16:30:00 UTC-3","carlos adao,carlos alberto adão","./explore?q=carlos%20adao&geo=BR"
"independência shopping","2 mil+","10 de agosto de 2026 a las 1:30:00 UTC-3","10 de agosto de 2026 a las 14:20:00 UTC-3","independência shopping","./explore?q=independ%C3%AAncia%20shopping&geo=BR"
"bashar al-assad","2 mil+","11 de agosto de 2026 a las 8:10:00 UTC-3","11 de agosto de 2026 a las 21:40:00 UTC-3","bashar al-assad,bashar al assad,tribunal","./explore?q=bashar%20al-assad&geo=BR"
"maghnes akliouche","2 mil+","12 de agosto de 2026 a las 15:10:00 UTC-3","12 de agosto de 2026 a las 19:00:00 UTC-3","maghnes akliouche","./explore?q=maghnes%20akliouche&geo=BR"
"elena rybakina","2 mil+","13 de agosto de 2026 a las 0:00:00 UTC-3","13 de agosto de 2026 a las 21:30:00 UTC-3","elena rybakina,elina svitolina,ekaterina alexandrova,iga swiatek","./explore?q=elena%20rybakina&geo=BR"
"ad taubaté x palmeiras","2 mil+","11 de agosto de 2026 a las 20:20:00 UTC-3","12 de agosto de 2026 a las 7:10:00 UTC-3","ad taubaté x palmeiras,rangers x jagiellonia białystok","./explore?q=ad%20taubat%C3%A9%20x%20palmeiras&geo=BR"
"psg fc","2 mil+","12 de agosto de 2026 a las 16:20:00 UTC-3","12 de agosto de 2026 a las 19:20:00 UTC-3","psg fc,uefa super cup,khvicha kvaratskhelia,psg vs","./explore?q=psg%20fc&geo=BR"
"ronei e pai de joao raul","2 mil+","10 de agosto de 2026 a las 21:00:00 UTC-3","12 de agosto de 2026 a las 7:20:00 UTC-3","ronei e pai de joao raul","./explore?q=ronei%20e%20pai%20de%20joao%20raul&geo=BR"
"arlindo cruz","2 mil+","9 de agosto de 2026 a las 3:10:00 UTC-3","9 de agosto de 2026 a las 19:50:00 UTC-3","arlindo cruz","./explore?q=arlindo%20cruz&geo=BR"
"senhor dos aneis guerra do norte","2 mil+","12 de agosto de 2026 a las 0:40:00 UTC-3","12 de agosto de 2026 a las 8:40:00 UTC-3","senhor dos aneis guerra do norte,the lord of the rings: war in the north","./explore?q=senhor%20dos%20aneis%20guerra%20do%20norte&geo=BR"
"liga conferência","2 mil+","13 de agosto de 2026 a las 14:00:00 UTC-3","13 de agosto de 2026 a las 17:10:00 UTC-3","liga conferência,dínamo minsk x braga,braga fc","./explore?q=liga%20confer%C3%AAncia&geo=BR"
"titina medeiros","2 mil+","11 de agosto de 2026 a las 22:30:00 UTC-3","12 de agosto de 2026 a las 12:40:00 UTC-3","titina medeiros","./explore?q=titina%20medeiros&geo=BR"
"alysson","2 mil+","12 de agosto de 2026 a las 15:40:00 UTC-3","12 de agosto de 2026 a las 19:30:00 UTC-3","alysson","./explore?q=alysson&geo=BR"
"ipca","2 mil+","11 de agosto de 2026 a las 8:50:00 UTC-3","11 de agosto de 2026 a las 21:50:00 UTC-3","ipca,ipca julho 2026","./explore?q=ipca&geo=BR"
"max alves","2 mil+","9 de agosto de 2026 a las 19:50:00 UTC-3","10 de agosto de 2026 a las 23:10:00 UTC-3","max alves","./explore?q=max%20alves&geo=BR"
"manaus","2 mil+","11 de agosto de 2026 a las 17:50:00 UTC-3","12 de agosto de 2026 a las 7:10:00 UTC-3","manaus","./explore?q=manaus&geo=BR"
"lucarelli","2 mil+","10 de agosto de 2026 a las 17:40:00 UTC-3","11 de agosto de 2026 a las 8:40:00 UTC-3","lucarelli","./explore?q=lucarelli&geo=BR"
"estrela vermelha","2 mil+","11 de agosto de 2026 a las 15:00:00 UTC-3","11 de agosto de 2026 a las 19:00:00 UTC-3","estrela vermelha","./explore?q=estrela%20vermelha&geo=BR"
"sturm x fenerbahçe","2 mil+","11 de agosto de 2026 a las 14:40:00 UTC-3","11 de agosto de 2026 a las 18:50:00 UTC-3","sturm x fenerbahçe","./explore?q=sturm%20x%20fenerbah%C3%A7e&geo=BR"
"olinda","2 mil+","10 de agosto de 2026 a las 19:50:00 UTC-3","11 de agosto de 2026 a las 13:20:00 UTC-3","olinda","./explore?q=olinda&geo=BR"
"deputado","2 mil+","10 de agosto de 2026 a las 9:50:00 UTC-3","10 de agosto de 2026 a las 18:00:00 UTC-3","deputado","./explore?q=deputado&geo=BR"
"bragantino vs atlético mineiro","2 mil+","12 de agosto de 2026 a las 18:10:00 UTC-3","12 de agosto de 2026 a las 21:50:00 UTC-3","bragantino vs atlético mineiro","./explore?q=bragantino%20vs%20atl%C3%A9tico%20mineiro&geo=BR"
"adriana esteves","2 mil+","8 de agosto de 2026 a las 22:30:00 UTC-3","10 de agosto de 2026 a las 7:30:00 UTC-3","adriana esteves","./explore?q=adriana%20esteves&geo=BR"
"eclipse solar de 12 de agosto de 2026","2 mil+","10 de agosto de 2026 a las 17:50:00 UTC-3","11 de agosto de 2026 a las 8:00:00 UTC-3","eclipse solar de 12 de agosto de 2026","./explore?q=eclipse%20solar%20de%2012%20de%20agosto%20de%202026&geo=BR"
"exame nacional para certificação de competências de jovens e adultos","2 mil+","11 de agosto de 2026 a las 5:50:00 UTC-3","11 de agosto de 2026 a las 19:40:00 UTC-3","exame nacional para certificação de competências de jovens e adultos,encceja","./explore?q=exame%20nacional%20para%20certifica%C3%A7%C3%A3o%20de%20compet%C3%AAncias%20de%20jovens%20e%20adultos&geo=BR"
"kate beckinsale","2 mil+","8 de agosto de 2026 a las 19:50:00 UTC-3","9 de agosto de 2026 a las 12:50:00 UTC-3","kate beckinsale","./explore?q=kate%20beckinsale&geo=BR"
"thais carla","2 mil+","8 de agosto de 2026 a las 22:00:00 UTC-3","9 de agosto de 2026 a las 10:30:00 UTC-3","thais carla","./explore?q=thais%20carla&geo=BR"
"letterboxd","2 mil+","9 de agosto de 2026 a las 10:10:00 UTC-3","9 de agosto de 2026 a las 16:50:00 UTC-3","letterboxd","./explore?q=letterboxd&geo=BR"
"partido novo","2 mil+","8 de agosto de 2026 a las 21:30:00 UTC-3","9 de agosto de 2026 a las 11:20:00 UTC-3","partido novo,geraldo alckmin","./explore?q=partido%20novo&geo=BR"
"christopher lambert","2 mil+","9 de agosto de 2026 a las 9:50:00 UTC-3","9 de agosto de 2026 a las 18:00:00 UTC-3","christopher lambert","./explore?q=christopher%20lambert&geo=BR"
"ge tv","2 mil+","12 de agosto de 2026 a las 21:20:00 UTC-3","12 de agosto de 2026 a las 23:50:00 UTC-3","ge tv","./explore?q=ge%20tv&geo=BR"
"house of the dragon s3e8","2 mil+","9 de agosto de 2026 a las 14:20:00 UTC-3","9 de agosto de 2026 a las 22:30:00 UTC-3","house of the dragon s3e8,house of the dragon","./explore?q=house%20of%20the%20dragon%20s3e8&geo=BR"
"champions","2 mil+","11 de agosto de 2026 a las 13:30:00 UTC-3","11 de agosto de 2026 a las 18:30:00 UTC-3","champions","./explore?q=champions&geo=BR"
"caminhoneiro","2 mil+","11 de agosto de 2026 a las 17:40:00 UTC-3","11 de agosto de 2026 a las 22:00:00 UTC-3","caminhoneiro","./explore?q=caminhoneiro&geo=BR"
"álex arce","2 mil+","11 de agosto de 2026 a las 18:40:00 UTC-3","11 de agosto de 2026 a las 22:30:00 UTC-3","álex arce,maximiliano salas","./explore?q=%C3%A1lex%20arce&geo=BR"
"itr 2026","2 mil+","10 de agosto de 2026 a las 7:20:00 UTC-3","10 de agosto de 2026 a las 14:40:00 UTC-3","itr 2026,programa itr 2026","./explore?q=itr%202026&geo=BR"
"débora rodrigues dos santos","2 mil+","10 de agosto de 2026 a las 17:50:00 UTC-3","11 de agosto de 2026 a las 8:30:00 UTC-3","débora rodrigues dos santos","./explore?q=d%C3%A9bora%20rodrigues%20dos%20santos&geo=BR"
"ex marido de maria da penha","2 mil+","9 de agosto de 2026 a las 20:00:00 UTC-3","10 de agosto de 2026 a las 8:10:00 UTC-3","ex marido de maria da penha,marco antônio heredia viveros entrevista","./explore?q=ex%20marido%20de%20maria%20da%20penha&geo=BR"
"paraná","2 mil+","11 de agosto de 2026 a las 18:30:00 UTC-3","12 de agosto de 2026 a las 5:40:00 UTC-3","paraná","./explore?q=paran%C3%A1&geo=BR"
"champions league","2 mil+","11 de agosto de 2026 a las 13:50:00 UTC-3","11 de agosto de 2026 a las 18:30:00 UTC-3","champions league","./explore?q=champions%20league&geo=BR"
"alex luna","2 mil+","9 de agosto de 2026 a las 11:10:00 UTC-3","9 de agosto de 2026 a las 18:30:00 UTC-3","alex luna","./explore?q=alex%20luna&geo=BR"
"classificações de flamengo","2 mil+","9 de agosto de 2026 a las 19:40:00 UTC-3","10 de agosto de 2026 a las 7:40:00 UTC-3","classificações de flamengo,próximo jogo do palmeiras,futebol campeonato brasileiro","./explore?q=classifica%C3%A7%C3%B5es%20de%20flamengo&geo=BR"
"concurso público","2 mil+","11 de agosto de 2026 a las 5:40:00 UTC-3","11 de agosto de 2026 a las 14:10:00 UTC-3","concurso público,celesc","./explore?q=concurso%20p%C3%BAblico&geo=BR"
"eleição","2 mil+","11 de agosto de 2026 a las 15:50:00 UTC-3","11 de agosto de 2026 a las 20:10:00 UTC-3","eleição","./explore?q=elei%C3%A7%C3%A3o&geo=BR"
"henry ford","2 mil+","8 de agosto de 2026 a las 20:20:00 UTC-3","9 de agosto de 2026 a las 14:10:00 UTC-3","henry ford","./explore?q=henry%20ford&geo=BR"
"br-386","2 mil+","8 de agosto de 2026 a las 19:10:00 UTC-3","9 de agosto de 2026 a las 21:30:00 UTC-3","br-386","./explore?q=br-386&geo=BR"
"flamengo feminino","2 mil+","10 de agosto de 2026 a las 21:20:00 UTC-3","11 de agosto de 2026 a las 6:40:00 UTC-3","flamengo feminino","./explore?q=flamengo%20feminino&geo=BR"
"disney +","2 mil+","13 de agosto de 2026 a las 21:20:00 UTC-3","13 de agosto de 2026 a las 22:50:00 UTC-3","disney +,disney plus","./explore?q=disney%20%2B&geo=BR"
"carne","2 mil+","11 de agosto de 2026 a las 19:10:00 UTC-3","12 de agosto de 2026 a las 7:40:00 UTC-3","carne","./explore?q=carne&geo=BR"
"rui costa pimenta","2 mil+","11 de agosto de 2026 a las 13:40:00 UTC-3","11 de agosto de 2026 a las 22:00:00 UTC-3","rui costa pimenta,pco","./explore?q=rui%20costa%20pimenta&geo=BR"
"unión de santa fe x central córdoba","2 mil+","10 de agosto de 2026 a las 21:00:00 UTC-3","11 de agosto de 2026 a las 7:20:00 UTC-3","unión de santa fe x central córdoba,union de santa fe","./explore?q=uni%C3%B3n%20de%20santa%20fe%20x%20central%20c%C3%B3rdoba&geo=BR"
"roger federer","2 mil+","8 de agosto de 2026 a las 10:30:00 UTC-3","8 de agosto de 2026 a las 17:10:00 UTC-3","roger federer","./explore?q=roger%20federer&geo=BR"
"itabaiana x caxias","2 mil+","9 de agosto de 2026 a las 18:10:00 UTC-3","9 de agosto de 2026 a las 22:00:00 UTC-3","itabaiana x caxias","./explore?q=itabaiana%20x%20caxias&geo=BR"
"iga świątek","2 mil+","12 de agosto de 2026 a las 21:40:00 UTC-3","13 de agosto de 2026 a las 0:20:00 UTC-3","iga świątek","./explore?q=iga%20%C5%9Bwi%C4%85tek&geo=BR"
"américa de cali x atlético nacional","2 mil+","9 de agosto de 2026 a las 21:50:00 UTC-3","10 de agosto de 2026 a las 1:20:00 UTC-3","américa de cali x atlético nacional,america de cali,américa de cali","./explore?q=am%C3%A9rica%20de%20cali%20x%20atl%C3%A9tico%20nacional&geo=BR"
"toyota","2 mil+","12 de agosto de 2026 a las 5:20:00 UTC-3","12 de agosto de 2026 a las 9:00:00 UTC-3","toyota,recall","./explore?q=toyota&geo=BR"
"fcc","2 mil+","10 de agosto de 2026 a las 9:00:00 UTC-3","10 de agosto de 2026 a las 20:10:00 UTC-3","fcc","./explore?q=fcc&geo=BR"
"tribalistas","2 mil+","11 de agosto de 2026 a las 22:40:00 UTC-3","12 de agosto de 2026 a las 0:40:00 UTC-3","tribalistas,os tribalistas,dora jobim","./explore?q=tribalistas&geo=BR"
"caixa seguridade dividendos","2 mil+","11 de agosto de 2026 a las 17:00:00 UTC-3","11 de agosto de 2026 a las 20:20:00 UTC-3","caixa seguridade dividendos,caixa seguridade,cxse3","./explore?q=caixa%20seguridade%20dividendos&geo=BR"
"jbs","2 mil+","10 de agosto de 2026 a las 17:20:00 UTC-3","10 de agosto de 2026 a las 22:30:00 UTC-3","jbs","./explore?q=jbs&geo=BR"
"gás do povo","2 mil+","10 de agosto de 2026 a las 12:40:00 UTC-3","10 de agosto de 2026 a las 21:10:00 UTC-3","gás do povo","./explore?q=g%C3%A1s%20do%20povo&geo=BR"
"pis","2 mil+","11 de agosto de 2026 a las 8:30:00 UTC-3","11 de agosto de 2026 a las 13:10:00 UTC-3","pis","./explore?q=pis&geo=BR"
"aposentadoria","2 mil+","10 de agosto de 2026 a las 12:10:00 UTC-3","10 de agosto de 2026 a las 14:20:00 UTC-3","aposentadoria","./explore?q=aposentadoria&geo=BR"
"joão lucas","2 mil+","8 de agosto de 2026 a las 19:40:00 UTC-3","9 de agosto de 2026 a las 9:50:00 UTC-3","joão lucas","./explore?q=jo%C3%A3o%20lucas&geo=BR"
"qatar airways","2 mil+","9 de agosto de 2026 a las 15:10:00 UTC-3","9 de agosto de 2026 a las 21:30:00 UTC-3","qatar airways","./explore?q=qatar%20airways&geo=BR"
"combustível","2 mil+","10 de agosto de 2026 a las 16:50:00 UTC-3","11 de agosto de 2026 a las 6:40:00 UTC-3","combustível","./explore?q=combust%C3%ADvel&geo=BR"
"valencia x newcastle","2 mil+","8 de agosto de 2026 a las 15:40:00 UTC-3","8 de agosto de 2026 a las 20:10:00 UTC-3","valencia x newcastle","./explore?q=valencia%20x%20newcastle&geo=BR"
"benfica","2 mil+","9 de agosto de 2026 a las 16:30:00 UTC-3","9 de agosto de 2026 a las 19:40:00 UTC-3","benfica","./explore?q=benfica&geo=BR"
"árvore","2 mil+","10 de agosto de 2026 a las 10:10:00 UTC-3","10 de agosto de 2026 a las 13:50:00 UTC-3","árvore","./explore?q=%C3%A1rvore&geo=BR"
"independiente x platense","2 mil+","8 de agosto de 2026 a las 20:50:00 UTC-3","9 de agosto de 2026 a las 8:10:00 UTC-3","independiente x platense","./explore?q=independiente%20x%20platense&geo=BR"
"olympique x ath. bilbao","2 mil+","9 de agosto de 2026 a las 12:10:00 UTC-3","9 de agosto de 2026 a las 16:00:00 UTC-3","olympique x ath. bilbao","./explore?q=olympique%20x%20ath.%20bilbao&geo=BR"
"ituano x barra","2 mil+","8 de agosto de 2026 a las 19:10:00 UTC-3","8 de agosto de 2026 a las 23:10:00 UTC-3","ituano x barra,ituano","./explore?q=ituano%20x%20barra&geo=BR"
"+milionária","2 mil+","9 de agosto de 2026 a las 19:40:00 UTC-3","10 de agosto de 2026 a las 8:20:00 UTC-3","+milionária,milionária","./explore?q=%2Bmilion%C3%A1ria&geo=BR"
"demissão","2 mil+","9 de agosto de 2026 a las 10:10:00 UTC-3","9 de agosto de 2026 a las 13:30:00 UTC-3","demissão","./explore?q=demiss%C3%A3o&geo=BR"
"são josé x gama","2 mil+","8 de agosto de 2026 a las 16:40:00 UTC-3","8 de agosto de 2026 a las 20:50:00 UTC-3","são josé x gama","./explore?q=s%C3%A3o%20jos%C3%A9%20x%20gama&geo=BR"
"portal 8.8","2 mil+","8 de agosto de 2026 a las 13:30:00 UTC-3","8 de agosto de 2026 a las 22:50:00 UTC-3","portal 8.8,portal 8 8 2026","./explore?q=portal%208.8&geo=BR"
"frankie grande","2 mil+","9 de agosto de 2026 a las 11:30:00 UTC-3","9 de agosto de 2026 a las 20:20:00 UTC-3","frankie grande","./explore?q=frankie%20grande&geo=BR"
"submarino","2 mil+","10 de agosto de 2026 a las 10:30:00 UTC-3","10 de agosto de 2026 a las 16:30:00 UTC-3","submarino,luiz inácio lula da silva","./explore?q=submarino&geo=BR"
"todd blanche","2 mil+","8 de agosto de 2026 a las 10:00:00 UTC-3","8 de agosto de 2026 a las 16:50:00 UTC-3","todd blanche","./explore?q=todd%20blanche&geo=BR"
"pix internacional","2 mil+","10 de agosto de 2026 a las 19:10:00 UTC-3","10 de agosto de 2026 a las 21:40:00 UTC-3","pix internacional,banco central pix internacional,novas regras do pix","./explore?q=pix%20internacional&geo=BR"
"jogo do boca juniors","2 mil+","11 de agosto de 2026 a las 19:20:00 UTC-3","11 de agosto de 2026 a las 21:40:00 UTC-3","jogo do boca juniors,boca juniors x,boca junior,boca juniors deportivo recoleta 11/08/2026","./explore?q=jogo%20do%20boca%20juniors&geo=BR"
"motogp","2 mil+","9 de agosto de 2026 a las 7:10:00 UTC-3","9 de agosto de 2026 a las 12:00:00 UTC-3","motogp,moto gp","./explore?q=motogp&geo=BR"
"goiatuba ec x asa","2 mil+","8 de agosto de 2026 a las 18:10:00 UTC-3","8 de agosto de 2026 a las 21:30:00 UTC-3","goiatuba ec x asa,asa,campeonato brasileiro série d","./explore?q=goiatuba%20ec%20x%20asa&geo=BR"
"elena rybakina","2 mil+","11 de agosto de 2026 a las 21:00:00 UTC-3","11 de agosto de 2026 a las 23:40:00 UTC-3","elena rybakina,naomi osaka","./explore?q=elena%20rybakina&geo=BR"
"noroeste x xv de piracicaba","2 mil+","9 de agosto de 2026 a las 9:40:00 UTC-3","9 de agosto de 2026 a las 13:40:00 UTC-3","noroeste x xv de piracicaba","./explore?q=noroeste%20x%20xv%20de%20piracicaba&geo=BR"
"ypiranga x floresta","2 mil+","9 de agosto de 2026 a las 15:40:00 UTC-3","9 de agosto de 2026 a las 19:10:00 UTC-3","ypiranga x floresta","./explore?q=ypiranga%20x%20floresta&geo=BR"
"ben shelton","2 mil+","11 de agosto de 2026 a las 19:30:00 UTC-3","11 de agosto de 2026 a las 21:20:00 UTC-3","ben shelton,jakub mensik","./explore?q=ben%20shelton&geo=BR"
"hbo","2 mil+","12 de agosto de 2026 a las 16:00:00 UTC-3","12 de agosto de 2026 a las 17:20:00 UTC-3","hbo","./explore?q=hbo&geo=BR"
"allan","2 mil+","9 de agosto de 2026 a las 17:50:00 UTC-3","9 de agosto de 2026 a las 20:40:00 UTC-3","allan","./explore?q=allan&geo=BR"
"lucas digne","2 mil+","9 de agosto de 2026 a las 16:20:00 UTC-3","10 de agosto de 2026 a las 7:50:00 UTC-3","lucas digne","./explore?q=lucas%20digne&geo=BR"
"hotel","2 mil+","11 de agosto de 2026 a las 18:40:00 UTC-3","11 de agosto de 2026 a las 21:10:00 UTC-3","hotel","./explore?q=hotel&geo=BR"
"raízen","2 mil+","10 de agosto de 2026 a las 16:40:00 UTC-3","11 de agosto de 2026 a las 5:40:00 UTC-3","raízen,raiz4","./explore?q=ra%C3%ADzen&geo=BR"
"pedágio","2 mil+","8 de agosto de 2026 a las 16:40:00 UTC-3","8 de agosto de 2026 a las 20:40:00 UTC-3","pedágio","./explore?q=ped%C3%A1gio&geo=BR"
"nec x olympiacos","2 mil+","11 de agosto de 2026 a las 14:00:00 UTC-3","11 de agosto de 2026 a las 17:40:00 UTC-3","nec x olympiacos,olympiacos","./explore?q=nec%20x%20olympiacos&geo=BR"
"club athletico paranaense","2 mil+","9 de agosto de 2026 a las 18:20:00 UTC-3","9 de agosto de 2026 a las 21:30:00 UTC-3","club athletico paranaense","./explore?q=club%20athletico%20paranaense&geo=BR"
"papa francisco","2 mil+","10 de agosto de 2026 a las 15:40:00 UTC-3","10 de agosto de 2026 a las 18:20:00 UTC-3","papa francisco","./explore?q=papa%20francisco&geo=BR"
"mulher","2 mil+","9 de agosto de 2026 a las 15:10:00 UTC-3","10 de agosto de 2026 a las 5:20:00 UTC-3","mulher","./explore?q=mulher&geo=BR"
"prc-280","2 mil+","9 de agosto de 2026 a las 19:40:00 UTC-3","10 de agosto de 2026 a las 8:40:00 UTC-3","prc-280,palmas","./explore?q=prc-280&geo=BR"
"campanha vacinação sarampo sp","2 mil+","8 de agosto de 2026 a las 16:00:00 UTC-3","8 de agosto de 2026 a las 22:10:00 UTC-3","campanha vacinação sarampo sp,vacinação contra sarampo,sarampo vacinação","./explore?q=campanha%20vacina%C3%A7%C3%A3o%20sarampo%20sp&geo=BR"
"2 de mayo x olimpia","2 mil+","8 de agosto de 2026 a las 17:40:00 UTC-3","8 de agosto de 2026 a las 21:30:00 UTC-3","2 de mayo x olimpia,2 de mayo - olimpia","./explore?q=2%20de%20mayo%20x%20olimpia&geo=BR"
"tia milena","2 mil+","8 de agosto de 2026 a las 12:30:00 UTC-3","8 de agosto de 2026 a las 18:10:00 UTC-3","tia milena","./explore?q=tia%20milena&geo=BR"
"coreia do norte","2 mil+","10 de agosto de 2026 a las 15:20:00 UTC-3","10 de agosto de 2026 a las 20:40:00 UTC-3","coreia do norte","./explore?q=coreia%20do%20norte&geo=BR"
"porto fc","2 mil+","9 de agosto de 2026 a las 13:40:00 UTC-3","9 de agosto de 2026 a las 17:20:00 UTC-3","porto fc","./explore?q=porto%20fc&geo=BR"
"aposentadoria especial","2 mil+","8 de agosto de 2026 a las 18:10:00 UTC-3","9 de agosto de 2026 a las 7:40:00 UTC-3","aposentadoria especial","./explore?q=aposentadoria%20especial&geo=BR"
"nanda costa","2 mil+","9 de agosto de 2026 a las 17:30:00 UTC-3","10 de agosto de 2026 a las 6:00:00 UTC-3","nanda costa,correio da bahia","./explore?q=nanda%20costa&geo=BR"
"leonardo jardim","2 mil+","9 de agosto de 2026 a las 11:10:00 UTC-3","9 de agosto de 2026 a las 14:10:00 UTC-3","leonardo jardim,filipe luís,tecnico do flamengo","./explore?q=leonardo%20jardim&geo=BR"
"club américa x portland timbers","2 mil+","9 de agosto de 2026 a las 22:50:00 UTC-3","10 de agosto de 2026 a las 2:20:00 UTC-3","club américa x portland timbers","./explore?q=club%20am%C3%A9rica%20x%20portland%20timbers&geo=BR"
"city","2 mil+","9 de agosto de 2026 a las 8:00:00 UTC-3","9 de agosto de 2026 a las 12:10:00 UTC-3","city","./explore?q=city&geo=BR"
"diário oficial da união","2 mil+","12 de agosto de 2026 a las 12:50:00 UTC-3","12 de agosto de 2026 a las 13:40:00 UTC-3","diário oficial da união","./explore?q=di%C3%A1rio%20oficial%20da%20uni%C3%A3o&geo=BR"
"tottenham","2 mil+","8 de agosto de 2026 a las 11:10:00 UTC-3","8 de agosto de 2026 a las 14:00:00 UTC-3","tottenham,tottenham x getafe","./explore?q=tottenham&geo=BR"
"vasco da gama","2 mil+","9 de agosto de 2026 a las 16:40:00 UTC-3","9 de agosto de 2026 a las 18:50:00 UTC-3","vasco da gama,america do mexico,vasco fc","./explore?q=vasco%20da%20gama&geo=BR"
"ticketmaster","2 mil+","10 de agosto de 2026 a las 18:30:00 UTC-3","10 de agosto de 2026 a las 20:00:00 UTC-3","ticketmaster","./explore?q=ticketmaster&geo=BR"
"the rock","2 mil+","9 de agosto de 2026 a las 12:40:00 UTC-3","9 de agosto de 2026 a las 16:20:00 UTC-3","the rock,dwayne johnson","./explore?q=the%20rock&geo=BR"
"herança","2 mil+","9 de agosto de 2026 a las 16:30:00 UTC-3","9 de agosto de 2026 a las 18:40:00 UTC-3","herança,imóvel","./explore?q=heran%C3%A7a&geo=BR"
"colo colo","2 mil+","9 de agosto de 2026 a las 18:20:00 UTC-3","9 de agosto de 2026 a las 21:30:00 UTC-3","colo colo","./explore?q=colo%20colo&geo=BR"
"fenerbahçe","2 mil+","11 de agosto de 2026 a las 17:10:00 UTC-3","11 de agosto de 2026 a las 18:50:00 UTC-3","fenerbahçe","./explore?q=fenerbah%C3%A7e&geo=BR"
"assinatura digital","2 mil+","10 de agosto de 2026 a las 12:10:00 UTC-3","10 de agosto de 2026 a las 18:20:00 UTC-3","assinatura digital","./explore?q=assinatura%20digital&geo=BR"
"veículo elétrico","2 mil+","10 de agosto de 2026 a las 6:20:00 UTC-3","10 de agosto de 2026 a las 8:50:00 UTC-3","veículo elétrico","./explore?q=ve%C3%ADculo%20el%C3%A9trico&geo=BR"
"cruz azul x new york city fc","2 mil+","9 de agosto de 2026 a las 20:10:00 UTC-3","9 de agosto de 2026 a las 23:10:00 UTC-3","cruz azul x new york city fc,cruz azul","./explore?q=cruz%20azul%20x%20new%20york%20city%20fc&geo=BR"
"liverpool x as monaco","2 mil+","9 de agosto de 2026 a las 13:40:00 UTC-3","9 de agosto de 2026 a las 16:30:00 UTC-3","liverpool x as monaco,monaco","./explore?q=liverpool%20x%20as%20monaco&geo=BR"
"rangers","2 mil+","9 de agosto de 2026 a las 12:20:00 UTC-3","9 de agosto de 2026 a las 15:00:00 UTC-3","rangers","./explore?q=rangers&geo=BR"
"curitiba","2 mil+","8 de agosto de 2026 a las 20:30:00 UTC-3","8 de agosto de 2026 a las 23:50:00 UTC-3","curitiba","./explore?q=curitiba&geo=BR"
"jogo do santa cruz","2 mil+","8 de agosto de 2026 a las 17:50:00 UTC-3","8 de agosto de 2026 a las 20:30:00 UTC-3","jogo do santa cruz,santa cruz futebol clube","./explore?q=jogo%20do%20santa%20cruz&geo=BR"
"grêmio foot-ball porto alegrense","2 mil+","8 de agosto de 2026 a las 17:00:00 UTC-3","8 de agosto de 2026 a las 19:00:00 UTC-3","grêmio foot-ball porto alegrense,racing","./explore?q=gr%C3%AAmio%20foot-ball%20porto%20alegrense&geo=BR"
"lucas lima","2 mil+","9 de agosto de 2026 a las 13:00:00 UTC-3","9 de agosto de 2026 a las 19:30:00 UTC-3","lucas lima,sandy","./explore?q=lucas%20lima&geo=BR"
"radio gaucha","2 mil+","8 de agosto de 2026 a las 16:40:00 UTC-3","8 de agosto de 2026 a las 18:50:00 UTC-3","radio gaucha,rádio gaúcha","./explore?q=radio%20gaucha&geo=BR"
"previsão do tempo belo horizonte","2 mil+","11 de agosto de 2026 a las 6:00:00 UTC-3","11 de agosto de 2026 a las 8:50:00 UTC-3","previsão do tempo belo horizonte,clima hoje,previsão do tempo bh","./explore?q=previs%C3%A3o%20do%20tempo%20belo%20horizonte&geo=BR"
"casa do dragao","2 mil+","9 de agosto de 2026 a las 23:20:00 UTC-3","10 de agosto de 2026 a las 2:50:00 UTC-3","casa do dragao,a casa do dragão,a casa do dragão 3 temporada,ultimo episodio casa do dragao","./explore?q=casa%20do%20dragao&geo=BR"
"amistosos","2 mil+","8 de agosto de 2026 a las 15:10:00 UTC-3","8 de agosto de 2026 a las 17:00:00 UTC-3","amistosos","./explore?q=amistosos&geo=BR"
"novela a nobreza do amor","2 mil+","8 de agosto de 2026 a las 14:30:00 UTC-3","8 de agosto de 2026 a las 17:30:00 UTC-3","novela a nobreza do amor,nobreza do amor,resumo novela a nobreza do amor","./explore?q=novela%20a%20nobreza%20do%20amor&geo=BR"
"santos hoje","2 mil+","9 de agosto de 2026 a las 19:00:00 UTC-3","9 de agosto de 2026 a las 20:50:00 UTC-3","santos hoje,jogo do santos hoje","./explore?q=santos%20hoje&geo=BR"
"manchester united","2 mil+","8 de agosto de 2026 a las 12:10:00 UTC-3","8 de agosto de 2026 a las 14:50:00 UTC-3","manchester united","./explore?q=manchester%20united&geo=BR"
"cachorro","2 mil+","10 de agosto de 2026 a las 17:00:00 UTC-3","10 de agosto de 2026 a las 17:40:00 UTC-3","cachorro,onça-pintada","./explore?q=cachorro&geo=BR"
"bitcoin","2 mil+","10 de agosto de 2026 a las 19:10:00 UTC-3","10 de agosto de 2026 a las 20:40:00 UTC-3","bitcoin","./explore?q=bitcoin&geo=BR"
"campeonato brasileiro a","2 mil+","8 de agosto de 2026 a las 18:00:00 UTC-3","8 de agosto de 2026 a las 22:50:00 UTC-3","campeonato brasileiro a","./explore?q=campeonato%20brasileiro%20a&geo=BR"
"jogos de brasileirão série b","2 mil+","9 de agosto de 2026 a las 18:00:00 UTC-3","9 de agosto de 2026 a las 19:20:00 UTC-3","jogos de brasileirão série b","./explore?q=jogos%20de%20brasileir%C3%A3o%20s%C3%A9rie%20b&geo=BR"
"boca juniors","2 mil+","8 de agosto de 2026 a las 21:00:00 UTC-3","8 de agosto de 2026 a las 22:00:00 UTC-3","boca juniors,boca juniors - vélez,boca","./explore?q=boca%20juniors&geo=BR"
"fomo","2 mil+","9 de agosto de 2026 a las 18:10:00 UTC-3","9 de agosto de 2026 a las 19:20:00 UTC-3","fomo","./explore?q=fomo&geo=BR"
"gemini ai","2 mil+","9 de agosto de 2026 a las 8:40:00 UTC-3","9 de agosto de 2026 a las 11:40:00 UTC-3","gemini ai","./explore?q=gemini%20ai&geo=BR"
"shawn mendes","2 mil+","8 de agosto de 2026 a las 23:20:00 UTC-3","9 de agosto de 2026 a las 0:40:00 UTC-3","shawn mendes","./explore?q=shawn%20mendes&geo=BR"
"chelsea","2 mil+","9 de agosto de 2026 a las 10:50:00 UTC-3","9 de agosto de 2026 a las 11:50:00 UTC-3","chelsea","./explore?q=chelsea&geo=BR"
"botafogo de futebol e regatas","2 mil+","8 de agosto de 2026 a las 22:10:00 UTC-3","8 de agosto de 2026 a las 23:30:00 UTC-3","botafogo de futebol e regatas","./explore?q=botafogo%20de%20futebol%20e%20regatas&geo=BR"
"kick","2 mil+","8 de agosto de 2026 a las 21:40:00 UTC-3","8 de agosto de 2026 a las 22:50:00 UTC-3","kick","./explore?q=kick&geo=BR"
"resultado da loteria federal do dia 08 08 2026","2 mil+","9 de agosto de 2026 a las 7:30:00 UTC-3","9 de agosto de 2026 a las 9:40:00 UTC-3","resultado da loteria federal do dia 08 08 2026,federal hoje,resultado loteria federal hoje,loteria federal de hoje,resultado da loteria federal,loteria federal","./explore?q=resultado%20da%20loteria%20federal%20do%20dia%2008%2008%202026&geo=BR"
"alem do tempo","2 mil+","8 de agosto de 2026 a las 14:20:00 UTC-3","8 de agosto de 2026 a las 15:40:00 UTC-3","alem do tempo,novela alem do tempo,alem do tempo novela","./explore?q=alem%20do%20tempo&geo=BR"
"kick","2 mil+","9 de agosto de 2026 a las 22:10:00 UTC-3","9 de agosto de 2026 a las 22:30:00 UTC-3","kick","./explore?q=kick&geo=BR"
"kristen stewart","1 mil+","15 de agosto de 2026 a las 5:50:00 UTC-3",,"kristen stewart","./explore?q=kristen%20stewart&geo=BR"
"fiuk","1 mil+","15 de agosto de 2026 a las 0:20:00 UTC-3",,"fiuk","./explore?q=fiuk&geo=BR"
"premier league","1 mil+","15 de agosto de 2026 a las 7:40:00 UTC-3",,"premier league","./explore?q=premier%20league&geo=BR"
"jose loreto","1 mil+","15 de agosto de 2026 a las 9:10:00 UTC-3",,"jose loreto,josé loreto,jose loreto é diabetico","./explore?q=jose%20loreto&geo=BR"
"visionquest","1 mil+","14 de agosto de 2026 a las 20:30:00 UTC-3",,"visionquest","./explore?q=visionquest&geo=BR"
"championship","1 mil+","14 de agosto de 2026 a las 16:10:00 UTC-3",,"championship","./explore?q=championship&geo=BR"
"previsão do tempo guarulhos","1 mil+","15 de agosto de 2026 a las 8:10:00 UTC-3","15 de agosto de 2026 a las 9:40:00 UTC-3","previsão do tempo guarulhos,tempo guarulhos","./explore?q=previs%C3%A3o%20do%20tempo%20guarulhos&geo=BR"
"hertha berlin x heidenheim","1 mil+","15 de agosto de 2026 a las 8:10:00 UTC-3","15 de agosto de 2026 a las 9:50:00 UTC-3","hertha berlin x heidenheim,bundesliga 2","./explore?q=hertha%20berlin%20x%20heidenheim&geo=BR"
"clima sp","1 mil+","15 de agosto de 2026 a las 7:50:00 UTC-3","15 de agosto de 2026 a las 9:40:00 UTC-3","clima sp,temperatura sp,previsão do tempo barueri","./explore?q=clima%20sp&geo=BR"
"mc ryan sp","1 mil+","14 de agosto de 2026 a las 21:30:00 UTC-3","15 de agosto de 2026 a las 9:30:00 UTC-3","mc ryan sp","./explore?q=mc%20ryan%20sp&geo=BR"
"poço","1 mil+","14 de agosto de 2026 a las 20:10:00 UTC-3","15 de agosto de 2026 a las 8:10:00 UTC-3","poço","./explore?q=po%C3%A7o&geo=BR"
"luigi mangione","1 mil+","14 de agosto de 2026 a las 14:20:00 UTC-3","15 de agosto de 2026 a las 9:00:00 UTC-3","luigi mangione","./explore?q=luigi%20mangione&geo=BR"
"augusto cury","1 mil+","14 de agosto de 2026 a las 20:50:00 UTC-3","15 de agosto de 2026 a las 8:00:00 UTC-3","augusto cury","./explore?q=augusto%20cury&geo=BR"
"cusco x juan pablo ii college","1 mil+","14 de agosto de 2026 a las 19:30:00 UTC-3","15 de agosto de 2026 a las 1:10:00 UTC-3","cusco x juan pablo ii college","./explore?q=cusco%20x%20juan%20pablo%20ii%20college&geo=BR"
"riot","1 mil+","15 de agosto de 2026 a las 0:00:00 UTC-3","15 de agosto de 2026 a las 3:40:00 UTC-3","riot","./explore?q=riot&geo=BR"
"racing club","1 mil+","14 de agosto de 2026 a las 20:50:00 UTC-3","14 de agosto de 2026 a las 23:40:00 UTC-3","racing club","./explore?q=racing%20club&geo=BR"
"defensoria pública do estado do ceará","1 mil+","14 de agosto de 2026 a las 17:50:00 UTC-3","14 de agosto de 2026 a las 21:10:00 UTC-3","defensoria pública do estado do ceará","./explore?q=defensoria%20p%C3%BAblica%20do%20estado%20do%20cear%C3%A1&geo=BR"
"josé de abreu","1 mil+","14 de agosto de 2026 a las 16:40:00 UTC-3","14 de agosto de 2026 a las 20:20:00 UTC-3","josé de abreu","./explore?q=jos%C3%A9%20de%20abreu&geo=BR"
"homem-aranha: além do aranhaverso","1 mil+","14 de agosto de 2026 a las 17:10:00 UTC-3","14 de agosto de 2026 a las 21:30:00 UTC-3","homem-aranha: além do aranhaverso,homem aranha alem do aranhaverso","./explore?q=homem-aranha%3A%20al%C3%A9m%20do%20aranhaverso&geo=BR"
"fiorentina","1 mil+","14 de agosto de 2026 a las 16:10:00 UTC-3","14 de agosto de 2026 a las 19:10:00 UTC-3","fiorentina","./explore?q=fiorentina&geo=BR"
"sao bernardo","1 mil+","14 de agosto de 2026 a las 20:00:00 UTC-3","14 de agosto de 2026 a las 22:30:00 UTC-3","sao bernardo,são bernardo","./explore?q=sao%20bernardo&geo=BR"
"investimento","1 mil+","14 de agosto de 2026 a las 17:50:00 UTC-3","15 de agosto de 2026 a las 9:10:00 UTC-3","investimento","./explore?q=investimento&geo=BR"
"influenciador victor oliveira","1 mil+","14 de agosto de 2026 a las 16:10:00 UTC-3","14 de agosto de 2026 a las 19:20:00 UTC-3","influenciador victor oliveira,victor oliveira","./explore?q=influenciador%20victor%20oliveira&geo=BR"
"boston river x danubio","1 mil+","14 de agosto de 2026 a las 18:40:00 UTC-3","14 de agosto de 2026 a las 21:10:00 UTC-3","boston river x danubio,boston river","./explore?q=boston%20river%20x%20danubio&geo=BR"
"drone","1 mil+","14 de agosto de 2026 a las 17:10:00 UTC-3","14 de agosto de 2026 a las 19:30:00 UTC-3","drone","./explore?q=drone&geo=BR"
"edital seduc ce","1 mil+","14 de agosto de 2026 a las 20:10:00 UTC-3","14 de agosto de 2026 a las 22:00:00 UTC-3","edital seduc ce,seduc ce,edital seduc ce 2026","./explore?q=edital%20seduc%20ce&geo=BR"
"xiaomi hyperos 4.0","1 mil+","14 de agosto de 2026 a las 13:00:00 UTC-3","14 de agosto de 2026 a las 17:30:00 UTC-3","xiaomi hyperos 4.0","./explore?q=xiaomi%20hyperos%204.0&geo=BR"
"novela a nobreza do amor","1 mil+","14 de agosto de 2026 a las 0:00:00 UTC-3","14 de agosto de 2026 a las 11:50:00 UTC-3","novela a nobreza do amor,novela nobreza do amor","./explore?q=novela%20a%20nobreza%20do%20amor&geo=BR"
"agência brasileira gestora de fundos garantidores e garantias","1 mil+","14 de agosto de 2026 a las 14:30:00 UTC-3","14 de agosto de 2026 a las 18:40:00 UTC-3","agência brasileira gestora de fundos garantidores e garantias","./explore?q=ag%C3%AAncia%20brasileira%20gestora%20de%20fundos%20garantidores%20e%20garantias&geo=BR"
"pokemon go","1 mil+","14 de agosto de 2026 a las 19:40:00 UTC-3","14 de agosto de 2026 a las 21:50:00 UTC-3","pokemon go,downdetector","./explore?q=pokemon%20go&geo=BR"
"marvel's wolverine","1 mil+","14 de agosto de 2026 a las 7:40:00 UTC-3","14 de agosto de 2026 a las 14:40:00 UTC-3","marvel's wolverine","./explore?q=marvel%27s%20wolverine&geo=BR"
"lixão","1 mil+","14 de agosto de 2026 a las 5:30:00 UTC-3","14 de agosto de 2026 a las 9:40:00 UTC-3","lixão","./explore?q=lix%C3%A3o&geo=BR"
"cazétv","1 mil+","14 de agosto de 2026 a las 13:10:00 UTC-3","15 de agosto de 2026 a las 7:50:00 UTC-3","cazétv,victória leite","./explore?q=caz%C3%A9tv&geo=BR"
"gremio mania","1 mil+","14 de agosto de 2026 a las 10:30:00 UTC-3","14 de agosto de 2026 a las 14:30:00 UTC-3","gremio mania","./explore?q=gremio%20mania&geo=BR"
"parto","1 mil+","14 de agosto de 2026 a las 0:30:00 UTC-3","14 de agosto de 2026 a las 9:30:00 UTC-3","parto,capotamento","./explore?q=parto&geo=BR"
"motoboy","1 mil+","14 de agosto de 2026 a las 5:30:00 UTC-3","14 de agosto de 2026 a las 9:00:00 UTC-3","motoboy","./explore?q=motoboy&geo=BR"
"comando vermelho","1 mil+","14 de agosto de 2026 a las 17:00:00 UTC-3","14 de agosto de 2026 a las 19:10:00 UTC-3","comando vermelho","./explore?q=comando%20vermelho&geo=BR"
"crime","1 mil+","14 de agosto de 2026 a las 7:10:00 UTC-3","15 de agosto de 2026 a las 6:40:00 UTC-3","crime,polícia","./explore?q=crime&geo=BR"
"lua hoje","1 mil+","14 de agosto de 2026 a las 18:50:00 UTC-3","14 de agosto de 2026 a las 20:10:00 UTC-3","lua hoje,que lua estamos hoje,fase da lua hoje","./explore?q=lua%20hoje&geo=BR"
"mrv","1 mil+","14 de agosto de 2026 a las 6:20:00 UTC-3","14 de agosto de 2026 a las 12:20:00 UTC-3","mrv,mrve3","./explore?q=mrv&geo=BR"
"dique","1 mil+","14 de agosto de 2026 a las 1:20:00 UTC-3","15 de agosto de 2026 a las 0:20:00 UTC-3","dique","./explore?q=dique&geo=BR"
"classificações de club américa x austin fc","1 mil+","14 de agosto de 2026 a las 0:10:00 UTC-3","14 de agosto de 2026 a las 8:10:00 UTC-3","classificações de club américa x austin fc,club america","./explore?q=classifica%C3%A7%C3%B5es%20de%20club%20am%C3%A9rica%20x%20austin%20fc&geo=BR"
"datena","1 mil+","13 de agosto de 2026 a las 19:50:00 UTC-3","14 de agosto de 2026 a las 7:00:00 UTC-3","datena","./explore?q=datena&geo=BR"
"rodovia marechal rondon","1 mil+","13 de agosto de 2026 a las 20:30:00 UTC-3","14 de agosto de 2026 a las 7:40:00 UTC-3","rodovia marechal rondon","./explore?q=rodovia%20marechal%20rondon&geo=BR"
"ford ecosport","1 mil+","13 de agosto de 2026 a las 16:10:00 UTC-3","13 de agosto de 2026 a las 20:20:00 UTC-3","ford ecosport","./explore?q=ford%20ecosport&geo=BR"
"embaixador","1 mil+","14 de agosto de 2026 a las 20:00:00 UTC-3","14 de agosto de 2026 a las 20:30:00 UTC-3","embaixador,embaixador da argentina no brasil","./explore?q=embaixador&geo=BR"
"kawasaki","1 mil+","12 de agosto de 2026 a las 22:20:00 UTC-3","13 de agosto de 2026 a las 8:10:00 UTC-3","kawasaki","./explore?q=kawasaki&geo=BR"
"los angeles fc","1 mil+","12 de agosto de 2026 a las 23:30:00 UTC-3","13 de agosto de 2026 a las 7:30:00 UTC-3","los angeles fc","./explore?q=los%20angeles%20fc&geo=BR"
"disney+","1 mil+","13 de agosto de 2026 a las 19:00:00 UTC-3","13 de agosto de 2026 a las 23:10:00 UTC-3","disney+","./explore?q=disney%2B&geo=BR"
"capitão","1 mil+","13 de agosto de 2026 a las 17:00:00 UTC-3","13 de agosto de 2026 a las 20:00:00 UTC-3","capitão","./explore?q=capit%C3%A3o&geo=BR"
"katsina united","1 mil+","13 de agosto de 2026 a las 15:20:00 UTC-3","13 de agosto de 2026 a las 20:20:00 UTC-3","katsina united,jogador de futebol,chinedu ozor jogador","./explore?q=katsina%20united&geo=BR"
"xiaomi hyperos 4","1 mil+","13 de agosto de 2026 a las 13:00:00 UTC-3","13 de agosto de 2026 a las 17:50:00 UTC-3","xiaomi hyperos 4","./explore?q=xiaomi%20hyperos%204&geo=BR"
"diego lopes","1 mil+","12 de agosto de 2026 a las 20:40:00 UTC-3","13 de agosto de 2026 a las 9:00:00 UTC-3","diego lopes","./explore?q=diego%20lopes&geo=BR"
"pafos x rb salzburg","1 mil+","13 de agosto de 2026 a las 13:10:00 UTC-3","13 de agosto de 2026 a las 17:00:00 UTC-3","pafos x rb salzburg,pafos","./explore?q=pafos%20x%20rb%20salzburg&geo=BR"
"fernanda machado","1 mil+","13 de agosto de 2026 a las 5:50:00 UTC-3","13 de agosto de 2026 a las 10:10:00 UTC-3","fernanda machado","./explore?q=fernanda%20machado&geo=BR"
"enfermagem","1 mil+","11 de agosto de 2026 a las 22:50:00 UTC-3","12 de agosto de 2026 a las 9:20:00 UTC-3","enfermagem","./explore?q=enfermagem&geo=BR"
"olimpia","1 mil+","13 de agosto de 2026 a las 18:50:00 UTC-3","13 de agosto de 2026 a las 22:00:00 UTC-3","olimpia","./explore?q=olimpia&geo=BR"
"tiro","1 mil+","13 de agosto de 2026 a las 15:10:00 UTC-3","13 de agosto de 2026 a las 18:10:00 UTC-3","tiro","./explore?q=tiro&geo=BR"
"associação chapecoense de futebol","1 mil+","13 de agosto de 2026 a las 19:30:00 UTC-3","13 de agosto de 2026 a las 22:20:00 UTC-3","associação chapecoense de futebol","./explore?q=associa%C3%A7%C3%A3o%20chapecoense%20de%20futebol&geo=BR"
"campaz","1 mil+","13 de agosto de 2026 a las 21:40:00 UTC-3","14 de agosto de 2026 a las 0:20:00 UTC-3","campaz","./explore?q=campaz&geo=BR"
"gemini 3.7","1 mil+","13 de agosto de 2026 a las 19:00:00 UTC-3","13 de agosto de 2026 a las 21:10:00 UTC-3","gemini 3.7,gemini 3.7 flash","./explore?q=gemini%203.7&geo=BR"
"shelton","1 mil+","13 de agosto de 2026 a las 21:40:00 UTC-3","14 de agosto de 2026 a las 0:00:00 UTC-3","shelton","./explore?q=shelton&geo=BR"
"grupo globo","1 mil+","13 de agosto de 2026 a las 6:50:00 UTC-3","13 de agosto de 2026 a las 14:10:00 UTC-3","grupo globo","./explore?q=grupo%20globo&geo=BR"
"santos vs","1 mil+","13 de agosto de 2026 a las 20:10:00 UTC-3","13 de agosto de 2026 a las 21:40:00 UTC-3","santos vs,franco posse","./explore?q=santos%20vs&geo=BR"
"phantom blade zero","1 mil+","11 de agosto de 2026 a las 23:20:00 UTC-3","12 de agosto de 2026 a las 13:20:00 UTC-3","phantom blade zero","./explore?q=phantom%20blade%20zero&geo=BR"
"nova logo instagram","1 mil+","13 de agosto de 2026 a las 19:20:00 UTC-3","13 de agosto de 2026 a las 21:30:00 UTC-3","nova logo instagram","./explore?q=nova%20logo%20instagram&geo=BR"
"tribunal penal internacional","1 mil+","13 de agosto de 2026 a las 9:30:00 UTC-3","13 de agosto de 2026 a las 11:50:00 UTC-3","tribunal penal internacional","./explore?q=tribunal%20penal%20internacional&geo=BR"
"orlando city","1 mil+","12 de agosto de 2026 a las 20:30:00 UTC-3","13 de agosto de 2026 a las 0:00:00 UTC-3","orlando city","./explore?q=orlando%20city&geo=BR"
"fundo partidário","1 mil+","13 de agosto de 2026 a las 17:00:00 UTC-3","13 de agosto de 2026 a las 20:10:00 UTC-3","fundo partidário","./explore?q=fundo%20partid%C3%A1rio&geo=BR"
"paris jackson","1 mil+","13 de agosto de 2026 a las 6:10:00 UTC-3","13 de agosto de 2026 a las 19:40:00 UTC-3","paris jackson,paris","./explore?q=paris%20jackson&geo=BR"
"gabriel martinelli","1 mil+","13 de agosto de 2026 a las 13:10:00 UTC-3","13 de agosto de 2026 a las 18:50:00 UTC-3","gabriel martinelli","./explore?q=gabriel%20martinelli&geo=BR"
"agu","1 mil+","13 de agosto de 2026 a las 6:10:00 UTC-3","13 de agosto de 2026 a las 10:00:00 UTC-3","agu","./explore?q=agu&geo=BR"
"dolphin","1 mil+","11 de agosto de 2026 a las 21:20:00 UTC-3","12 de agosto de 2026 a las 5:20:00 UTC-3","dolphin","./explore?q=dolphin&geo=BR"
"dazn","1 mil+","13 de agosto de 2026 a las 20:00:00 UTC-3","13 de agosto de 2026 a las 23:00:00 UTC-3","dazn","./explore?q=dazn&geo=BR"
"nathalia dill","1 mil+","13 de agosto de 2026 a las 23:00:00 UTC-3","14 de agosto de 2026 a las 0:20:00 UTC-3","nathalia dill,renato góes","./explore?q=nathalia%20dill&geo=BR"
"christopher judge","1 mil+","13 de agosto de 2026 a las 8:00:00 UTC-3","13 de agosto de 2026 a las 17:50:00 UTC-3","christopher judge","./explore?q=christopher%20judge&geo=BR"
"elon musk","1 mil+","13 de agosto de 2026 a las 6:00:00 UTC-3","13 de agosto de 2026 a las 9:50:00 UTC-3","elon musk","./explore?q=elon%20musk&geo=BR"
"cricket","1 mil+","11 de agosto de 2026 a las 21:50:00 UTC-3","12 de agosto de 2026 a las 5:20:00 UTC-3","cricket","./explore?q=cricket&geo=BR"
"galaxy","1 mil+","11 de agosto de 2026 a las 22:00:00 UTC-3","12 de agosto de 2026 a las 5:20:00 UTC-3","galaxy","./explore?q=galaxy&geo=BR"
"cliff","1 mil+","11 de agosto de 2026 a las 22:40:00 UTC-3","12 de agosto de 2026 a las 5:20:00 UTC-3","cliff","./explore?q=cliff&geo=BR"
"orlando luz","1 mil+","13 de agosto de 2026 a las 19:20:00 UTC-3","13 de agosto de 2026 a las 21:30:00 UTC-3","orlando luz,rafael matos","./explore?q=orlando%20luz&geo=BR"
"volcano","1 mil+","11 de agosto de 2026 a las 23:20:00 UTC-3","12 de agosto de 2026 a las 5:20:00 UTC-3","volcano","./explore?q=volcano&geo=BR"
"embraer","1 mil+","13 de agosto de 2026 a las 6:10:00 UTC-3","13 de agosto de 2026 a las 9:20:00 UTC-3","embraer","./explore?q=embraer&geo=BR"
"breeze","1 mil+","11 de agosto de 2026 a las 22:50:00 UTC-3","12 de agosto de 2026 a las 5:20:00 UTC-3","breeze","./explore?q=breeze&geo=BR"
"meteor","1 mil+","11 de agosto de 2026 a las 21:30:00 UTC-3","12 de agosto de 2026 a las 5:20:00 UTC-3","meteor,sky","./explore?q=meteor&geo=BR"
"zé roberto guimarães","1 mil+","12 de agosto de 2026 a las 14:30:00 UTC-3","12 de agosto de 2026 a las 18:30:00 UTC-3","zé roberto guimarães","./explore?q=z%C3%A9%20roberto%20guimar%C3%A3es&geo=BR"
"tide","1 mil+","11 de agosto de 2026 a las 23:10:00 UTC-3","12 de agosto de 2026 a las 5:20:00 UTC-3","tide","./explore?q=tide&geo=BR"
"emerson royal","1 mil+","12 de agosto de 2026 a las 21:20:00 UTC-3","13 de agosto de 2026 a las 0:30:00 UTC-3","emerson royal","./explore?q=emerson%20royal&geo=BR"
"ocean","1 mil+","11 de agosto de 2026 a las 21:50:00 UTC-3","12 de agosto de 2026 a las 5:20:00 UTC-3","ocean","./explore?q=ocean&geo=BR"
"russell crowe","1 mil+","11 de agosto de 2026 a las 19:40:00 UTC-3","12 de agosto de 2026 a las 7:40:00 UTC-3","russell crowe","./explore?q=russell%20crowe&geo=BR"
"sunset","1 mil+","11 de agosto de 2026 a las 21:50:00 UTC-3","12 de agosto de 2026 a las 5:20:00 UTC-3","sunset","./explore?q=sunset&geo=BR"
"perseidas","1 mil+","12 de agosto de 2026 a las 18:20:00 UTC-3","13 de agosto de 2026 a las 5:20:00 UTC-3","perseidas","./explore?q=perseidas&geo=BR"
"monterrey x nashville sc","1 mil+","12 de agosto de 2026 a las 20:50:00 UTC-3","13 de agosto de 2026 a las 0:00:00 UTC-3","monterrey x nashville sc","./explore?q=monterrey%20x%20nashville%20sc&geo=BR"
"iptv","1 mil+","13 de agosto de 2026 a las 21:20:00 UTC-3","13 de agosto de 2026 a las 22:50:00 UTC-3","iptv","./explore?q=iptv&geo=BR"
"isis valverde","1 mil+","13 de agosto de 2026 a las 23:10:00 UTC-3","14 de agosto de 2026 a las 0:30:00 UTC-3","isis valverde","./explore?q=isis%20valverde&geo=BR"
"br-163","1 mil+","12 de agosto de 2026 a las 20:10:00 UTC-3","13 de agosto de 2026 a las 7:10:00 UTC-3","br-163","./explore?q=br-163&geo=BR"
"colisão frontal","1 mil+","12 de agosto de 2026 a las 18:20:00 UTC-3","12 de agosto de 2026 a las 20:20:00 UTC-3","colisão frontal","./explore?q=colis%C3%A3o%20frontal&geo=BR"
"alessandra ambrósio","1 mil+","11 de agosto de 2026 a las 16:10:00 UTC-3","11 de agosto de 2026 a las 23:30:00 UTC-3","alessandra ambrósio","./explore?q=alessandra%20ambr%C3%B3sio&geo=BR"
"toluca x fc dallas","1 mil+","12 de agosto de 2026 a las 22:30:00 UTC-3","13 de agosto de 2026 a las 1:40:00 UTC-3","toluca x fc dallas,toluca","./explore?q=toluca%20x%20fc%20dallas&geo=BR"
"palmeira","1 mil+","12 de agosto de 2026 a las 19:50:00 UTC-3","12 de agosto de 2026 a las 22:00:00 UTC-3","palmeira","./explore?q=palmeira&geo=BR"
"russell westbrook","1 mil+","12 de agosto de 2026 a las 16:10:00 UTC-3","12 de agosto de 2026 a las 18:40:00 UTC-3","russell westbrook,westbrook,nba","./explore?q=russell%20westbrook&geo=BR"
"málaga fulham 12/08/2026","1 mil+","12 de agosto de 2026 a las 16:10:00 UTC-3","12 de agosto de 2026 a las 18:20:00 UTC-3","málaga fulham 12/08/2026","./explore?q=m%C3%A1laga%20fulham%2012%2F08%2F2026&geo=BR"
"zé lucas","1 mil+","12 de agosto de 2026 a las 23:00:00 UTC-3","13 de agosto de 2026 a las 6:30:00 UTC-3","zé lucas,ze lucas,ze lucas cruzeiro","./explore?q=z%C3%A9%20lucas&geo=BR"
"newcastle","1 mil+","12 de agosto de 2026 a las 13:30:00 UTC-3","12 de agosto de 2026 a las 16:10:00 UTC-3","newcastle","./explore?q=newcastle&geo=BR"
"orlando city x atlético san luis","1 mil+","12 de agosto de 2026 a las 20:50:00 UTC-3","13 de agosto de 2026 a las 0:10:00 UTC-3","orlando city x atlético san luis","./explore?q=orlando%20city%20x%20atl%C3%A9tico%20san%20luis&geo=BR"
"junior x deportivo pereira","1 mil+","10 de agosto de 2026 a las 21:20:00 UTC-3","11 de agosto de 2026 a las 7:40:00 UTC-3","junior x deportivo pereira","./explore?q=junior%20x%20deportivo%20pereira&geo=BR"
"jogos de hoje da libertadores","1 mil+","11 de agosto de 2026 a las 18:30:00 UTC-3","11 de agosto de 2026 a las 22:10:00 UTC-3","jogos de hoje da libertadores","./explore?q=jogos%20de%20hoje%20da%20libertadores&geo=BR"
"romeu tuma júnior","1 mil+","12 de agosto de 2026 a las 14:10:00 UTC-3","12 de agosto de 2026 a las 17:10:00 UTC-3","romeu tuma júnior","./explore?q=romeu%20tuma%20j%C3%BAnior&geo=BR"
"inter miami - león","1 mil+","12 de agosto de 2026 a las 20:00:00 UTC-3","12 de agosto de 2026 a las 23:00:00 UTC-3","inter miami - león,posiciones de inter miami contra club león","./explore?q=inter%20miami%20-%20le%C3%B3n&geo=BR"
"bruna marquezine","1 mil+","13 de agosto de 2026 a las 6:00:00 UTC-3","13 de agosto de 2026 a las 7:30:00 UTC-3","bruna marquezine","./explore?q=bruna%20marquezine&geo=BR"
"serasa","1 mil+","14 de agosto de 2026 a las 13:20:00 UTC-3","14 de agosto de 2026 a las 13:50:00 UTC-3","serasa","./explore?q=serasa&geo=BR"
"centrão","1 mil+","11 de agosto de 2026 a las 11:20:00 UTC-3","11 de agosto de 2026 a las 14:50:00 UTC-3","centrão","./explore?q=centr%C3%A3o&geo=BR"
"joão gomes","1 mil+","12 de agosto de 2026 a las 16:20:00 UTC-3","12 de agosto de 2026 a las 18:40:00 UTC-3","joão gomes,pau torres","./explore?q=jo%C3%A3o%20gomes&geo=BR"
"ford ranger","1 mil+","12 de agosto de 2026 a las 16:50:00 UTC-3","12 de agosto de 2026 a las 19:30:00 UTC-3","ford ranger","./explore?q=ford%20ranger&geo=BR"
"robert arboleda","1 mil+","11 de agosto de 2026 a las 21:50:00 UTC-3","12 de agosto de 2026 a las 0:30:00 UTC-3","robert arboleda,arboleda","./explore?q=robert%20arboleda&geo=BR"
"varejo","1 mil+","10 de agosto de 2026 a las 16:40:00 UTC-3","10 de agosto de 2026 a las 20:30:00 UTC-3","varejo","./explore?q=varejo&geo=BR"
"luciano rodríguez","1 mil+","12 de agosto de 2026 a las 21:20:00 UTC-3","13 de agosto de 2026 a las 0:00:00 UTC-3","luciano rodríguez","./explore?q=luciano%20rodr%C3%ADguez&geo=BR"
"champions league","1 mil+","12 de agosto de 2026 a las 16:40:00 UTC-3","12 de agosto de 2026 a las 18:50:00 UTC-3","champions league","./explore?q=champions%20league&geo=BR"
"nikita rawal","1 mil+","10 de agosto de 2026 a las 13:10:00 UTC-3","10 de agosto de 2026 a las 18:50:00 UTC-3","nikita rawal","./explore?q=nikita%20rawal&geo=BR"
"vila mariana","1 mil+","11 de agosto de 2026 a las 15:40:00 UTC-3","11 de agosto de 2026 a las 19:20:00 UTC-3","vila mariana","./explore?q=vila%20mariana&geo=BR"
"musica dia dos pais","1 mil+","9 de agosto de 2026 a las 7:30:00 UTC-3","9 de agosto de 2026 a las 13:20:00 UTC-3","musica dia dos pais","./explore?q=musica%20dia%20dos%20pais&geo=BR"
"napoli","1 mil+","12 de agosto de 2026 a las 16:30:00 UTC-3","12 de agosto de 2026 a las 18:40:00 UTC-3","napoli","./explore?q=napoli&geo=BR"
"copenhagen fc","1 mil+","12 de agosto de 2026 a las 13:30:00 UTC-3","12 de agosto de 2026 a las 16:00:00 UTC-3","copenhagen fc","./explore?q=copenhagen%20fc&geo=BR"
"thayse teixeira","1 mil+","11 de agosto de 2026 a las 11:50:00 UTC-3","11 de agosto de 2026 a las 19:50:00 UTC-3","thayse teixeira","./explore?q=thayse%20teixeira&geo=BR"
"eduardo moscovis","1 mil+","10 de agosto de 2026 a las 15:40:00 UTC-3","10 de agosto de 2026 a las 19:50:00 UTC-3","eduardo moscovis","./explore?q=eduardo%20moscovis&geo=BR"
"árvore","1 mil+","9 de agosto de 2026 a las 5:20:00 UTC-3","9 de agosto de 2026 a las 11:10:00 UTC-3","árvore","./explore?q=%C3%A1rvore&geo=BR"
"bpac11","1 mil+","11 de agosto de 2026 a las 11:00:00 UTC-3","11 de agosto de 2026 a las 18:50:00 UTC-3","bpac11","./explore?q=bpac11&geo=BR"
"carros eletricos no brasil","1 mil+","12 de agosto de 2026 a las 18:20:00 UTC-3","12 de agosto de 2026 a las 20:20:00 UTC-3","carros eletricos no brasil","./explore?q=carros%20eletricos%20no%20brasil&geo=BR"
"atleta","1 mil+","10 de agosto de 2026 a las 20:00:00 UTC-3","10 de agosto de 2026 a las 23:00:00 UTC-3","atleta","./explore?q=atleta&geo=BR"
"libertad x sportivo trinidense","1 mil+","10 de agosto de 2026 a las 17:50:00 UTC-3","10 de agosto de 2026 a las 21:00:00 UTC-3","libertad x sportivo trinidense","./explore?q=libertad%20x%20sportivo%20trinidense&geo=BR"
"br-163","1 mil+","9 de agosto de 2026 a las 19:30:00 UTC-3","10 de agosto de 2026 a las 8:20:00 UTC-3","br-163","./explore?q=br-163&geo=BR"
"rodovia","1 mil+","9 de agosto de 2026 a las 5:50:00 UTC-3","9 de agosto de 2026 a las 11:40:00 UTC-3","rodovia","./explore?q=rodovia&geo=BR"
"fgv concursos","1 mil+","10 de agosto de 2026 a las 10:00:00 UTC-3","10 de agosto de 2026 a las 14:50:00 UTC-3","fgv concursos","./explore?q=fgv%20concursos&geo=BR"
"lyon x","1 mil+","11 de agosto de 2026 a las 16:20:00 UTC-3","11 de agosto de 2026 a las 19:00:00 UTC-3","lyon x","./explore?q=lyon%20x&geo=BR"
"serie c 2026","1 mil+","10 de agosto de 2026 a las 20:50:00 UTC-3","11 de agosto de 2026 a las 6:00:00 UTC-3","serie c 2026","./explore?q=serie%20c%202026&geo=BR"
"goiás","1 mil+","10 de agosto de 2026 a las 19:50:00 UTC-3","10 de agosto de 2026 a las 22:40:00 UTC-3","goiás","./explore?q=goi%C3%A1s&geo=BR"
"agência nacional de telecomunicações","1 mil+","8 de agosto de 2026 a las 17:40:00 UTC-3","9 de agosto de 2026 a las 7:50:00 UTC-3","agência nacional de telecomunicações","./explore?q=ag%C3%AAncia%20nacional%20de%20telecomunica%C3%A7%C3%B5es&geo=BR"
"osmar stabile","1 mil+","11 de agosto de 2026 a las 17:00:00 UTC-3","12 de agosto de 2026 a las 0:40:00 UTC-3","osmar stabile","./explore?q=osmar%20stabile&geo=BR"
"exército","1 mil+","9 de agosto de 2026 a las 13:10:00 UTC-3","9 de agosto de 2026 a las 18:00:00 UTC-3","exército","./explore?q=ex%C3%A9rcito&geo=BR"
"champions","1 mil+","12 de agosto de 2026 a las 16:40:00 UTC-3","12 de agosto de 2026 a las 18:40:00 UTC-3","champions","./explore?q=champions&geo=BR"
"renda fixa","1 mil+","9 de agosto de 2026 a las 6:00:00 UTC-3","9 de agosto de 2026 a las 12:30:00 UTC-3","renda fixa","./explore?q=renda%20fixa&geo=BR"
"yamaha r7","1 mil+","12 de agosto de 2026 a las 14:30:00 UTC-3","13 de agosto de 2026 a las 0:40:00 UTC-3","yamaha r7,nova r7 yamaha","./explore?q=yamaha%20r7&geo=BR"
"dan caine","1 mil+","10 de agosto de 2026 a las 8:50:00 UTC-3","10 de agosto de 2026 a las 12:40:00 UTC-3","dan caine","./explore?q=dan%20caine&geo=BR"
"google play","1 mil+","10 de agosto de 2026 a las 12:30:00 UTC-3","10 de agosto de 2026 a las 16:30:00 UTC-3","google play","./explore?q=google%20play&geo=BR"
"bagagem","1 mil+","10 de agosto de 2026 a las 17:50:00 UTC-3","10 de agosto de 2026 a las 20:20:00 UTC-3","bagagem","./explore?q=bagagem&geo=BR"
"faustão","1 mil+","9 de agosto de 2026 a las 14:40:00 UTC-3","9 de agosto de 2026 a las 23:20:00 UTC-3","faustão","./explore?q=faust%C3%A3o&geo=BR"
"turquia","1 mil+","11 de agosto de 2026 a las 10:30:00 UTC-3","11 de agosto de 2026 a las 14:00:00 UTC-3","turquia","./explore?q=turquia&geo=BR"
"jogo agora","1 mil+","12 de agosto de 2026 a las 22:40:00 UTC-3","13 de agosto de 2026 a las 0:00:00 UTC-3","jogo agora,espn,savinho","./explore?q=jogo%20agora&geo=BR"
"avô","1 mil+","9 de agosto de 2026 a las 8:00:00 UTC-3","9 de agosto de 2026 a las 13:10:00 UTC-3","avô","./explore?q=av%C3%B4&geo=BR"
"max","1 mil+","12 de agosto de 2026 a las 16:00:00 UTC-3","12 de agosto de 2026 a las 17:40:00 UTC-3","max","./explore?q=max&geo=BR"
"pri helena","1 mil+","8 de agosto de 2026 a las 17:00:00 UTC-3","8 de agosto de 2026 a las 21:00:00 UTC-3","pri helena","./explore?q=pri%20helena&geo=BR"
"toluca x lafc","1 mil+","8 de agosto de 2026 a las 23:30:00 UTC-3","9 de agosto de 2026 a las 4:00:00 UTC-3","toluca x lafc","./explore?q=toluca%20x%20lafc&geo=BR"
"andre marinho","1 mil+","9 de agosto de 2026 a las 20:20:00 UTC-3","10 de agosto de 2026 a las 1:30:00 UTC-3","andre marinho","./explore?q=andre%20marinho&geo=BR"
"barcelona x nottingham forest","1 mil+","8 de agosto de 2026 a las 15:10:00 UTC-3","8 de agosto de 2026 a las 19:40:00 UTC-3","barcelona x nottingham forest","./explore?q=barcelona%20x%20nottingham%20forest&geo=BR"
"notícia falsa","1 mil+","8 de agosto de 2026 a las 17:40:00 UTC-3","8 de agosto de 2026 a las 22:40:00 UTC-3","notícia falsa","./explore?q=not%C3%ADcia%20falsa&geo=BR"
"bernabei","1 mil+","9 de agosto de 2026 a las 16:10:00 UTC-3","9 de agosto de 2026 a las 19:00:00 UTC-3","bernabei","./explore?q=bernabei&geo=BR"
"san lorenzo x huracán","1 mil+","9 de agosto de 2026 a las 14:30:00 UTC-3","9 de agosto de 2026 a las 18:00:00 UTC-3","san lorenzo x huracán","./explore?q=san%20lorenzo%20x%20hurac%C3%A1n&geo=BR"
"erro médico","1 mil+","11 de agosto de 2026 a las 11:50:00 UTC-3","11 de agosto de 2026 a las 14:00:00 UTC-3","erro médico","./explore?q=erro%20m%C3%A9dico&geo=BR"
"8 de janeiro","1 mil+","9 de agosto de 2026 a las 8:40:00 UTC-3","9 de agosto de 2026 a las 12:50:00 UTC-3","8 de janeiro","./explore?q=8%20de%20janeiro&geo=BR"
"netflix gta 6","1 mil+","10 de agosto de 2026 a las 10:10:00 UTC-3","10 de agosto de 2026 a las 13:30:00 UTC-3","netflix gta 6","./explore?q=netflix%20gta%206&geo=BR"
"sabalenka","1 mil+","8 de agosto de 2026 a las 20:40:00 UTC-3","9 de agosto de 2026 a las 7:40:00 UTC-3","sabalenka","./explore?q=sabalenka&geo=BR"
"são josé x santo andré","1 mil+","8 de agosto de 2026 a las 18:40:00 UTC-3","8 de agosto de 2026 a las 22:10:00 UTC-3","são josé x santo andré","./explore?q=s%C3%A3o%20jos%C3%A9%20x%20santo%20andr%C3%A9&geo=BR"
"primavera x juventus","1 mil+","8 de agosto de 2026 a las 16:50:00 UTC-3","8 de agosto de 2026 a las 20:10:00 UTC-3","primavera x juventus","./explore?q=primavera%20x%20juventus&geo=BR"
"aeroporto moscovo sheremetievo","1 mil+","8 de agosto de 2026 a las 15:40:00 UTC-3","8 de agosto de 2026 a las 19:50:00 UTC-3","aeroporto moscovo sheremetievo","./explore?q=aeroporto%20moscovo%20sheremetievo&geo=BR"
"trump","1 mil+","11 de agosto de 2026 a las 20:30:00 UTC-3","12 de agosto de 2026 a las 7:30:00 UTC-3","trump","./explore?q=trump&geo=BR"
"niterói","1 mil+","9 de agosto de 2026 a las 9:00:00 UTC-3","9 de agosto de 2026 a las 13:40:00 UTC-3","niterói","./explore?q=niter%C3%B3i&geo=BR"
"galatasaray x villarreal","1 mil+","8 de agosto de 2026 a las 14:40:00 UTC-3","8 de agosto de 2026 a las 18:00:00 UTC-3","galatasaray x villarreal","./explore?q=galatasaray%20x%20villarreal&geo=BR"
"club técnico universitario x mushuc runa","1 mil+","10 de agosto de 2026 a las 15:20:00 UTC-3","10 de agosto de 2026 a las 18:00:00 UTC-3","club técnico universitario x mushuc runa","./explore?q=club%20t%C3%A9cnico%20universitario%20x%20mushuc%20runa&geo=BR"
"c.e. conselheiro macedo soares","1 mil+","11 de agosto de 2026 a las 13:50:00 UTC-3","11 de agosto de 2026 a las 16:00:00 UTC-3","c.e. conselheiro macedo soares","./explore?q=c.e.%20conselheiro%20macedo%20soares&geo=BR"
"univ de chile x palestino","1 mil+","9 de agosto de 2026 a las 20:30:00 UTC-3","9 de agosto de 2026 a las 23:40:00 UTC-3","univ de chile x palestino","./explore?q=univ%20de%20chile%20x%20palestino&geo=BR"
"rafael jodar","1 mil+","8 de agosto de 2026 a las 21:30:00 UTC-3","9 de agosto de 2026 a las 7:30:00 UTC-3","rafael jodar","./explore?q=rafael%20jodar&geo=BR"
"quanqton ocean salt","1 mil+","9 de agosto de 2026 a las 11:20:00 UTC-3","9 de agosto de 2026 a las 15:00:00 UTC-3","quanqton ocean salt","./explore?q=quanqton%20ocean%20salt&geo=BR"
"congestionamento","1 mil+","8 de agosto de 2026 a las 16:30:00 UTC-3","8 de agosto de 2026 a las 20:40:00 UTC-3","congestionamento","./explore?q=congestionamento&geo=BR"
"chicago fire fc","1 mil+","9 de agosto de 2026 a las 21:30:00 UTC-3","10 de agosto de 2026 a las 0:20:00 UTC-3","chicago fire fc,chicago fire","./explore?q=chicago%20fire%20fc&geo=BR"
"signos horóscopo","1 mil+","9 de agosto de 2026 a las 15:50:00 UTC-3","10 de agosto de 2026 a las 8:00:00 UTC-3","signos horóscopo,horoscopo","./explore?q=signos%20hor%C3%B3scopo&geo=BR"
"psv x fortuna sittard","1 mil+","8 de agosto de 2026 a las 14:30:00 UTC-3","8 de agosto de 2026 a las 17:50:00 UTC-3","psv x fortuna sittard","./explore?q=psv%20x%20fortuna%20sittard&geo=BR"
"banco central","1 mil+","12 de agosto de 2026 a las 6:30:00 UTC-3","12 de agosto de 2026 a las 10:40:00 UTC-3","banco central","./explore?q=banco%20central&geo=BR"
"banfield","1 mil+","10 de agosto de 2026 a las 18:50:00 UTC-3","10 de agosto de 2026 a las 21:30:00 UTC-3","banfield","./explore?q=banfield&geo=BR"
"condomínio","1 mil+","9 de agosto de 2026 a las 7:30:00 UTC-3","9 de agosto de 2026 a las 10:30:00 UTC-3","condomínio","./explore?q=condom%C3%ADnio&geo=BR"
"belgrano","1 mil+","10 de agosto de 2026 a las 19:00:00 UTC-3","10 de agosto de 2026 a las 21:30:00 UTC-3","belgrano","./explore?q=belgrano&geo=BR"
"kilmarnock x celtic","1 mil+","9 de agosto de 2026 a las 9:20:00 UTC-3","9 de agosto de 2026 a las 13:50:00 UTC-3","kilmarnock x celtic","./explore?q=kilmarnock%20x%20celtic&geo=BR"
"audax italiano","1 mil+","10 de agosto de 2026 a las 20:50:00 UTC-3","10 de agosto de 2026 a las 23:40:00 UTC-3","audax italiano","./explore?q=audax%20italiano&geo=BR"
"mateusz gamrot","1 mil+","8 de agosto de 2026 a las 22:20:00 UTC-3","9 de agosto de 2026 a las 1:20:00 UTC-3","mateusz gamrot,gamrot,salkilld","./explore?q=mateusz%20gamrot&geo=BR"
"espn","1 mil+","11 de agosto de 2026 a las 18:50:00 UTC-3","11 de agosto de 2026 a las 20:30:00 UTC-3","espn","./explore?q=espn&geo=BR"
"manchester city - atlético madrid","1 mil+","9 de agosto de 2026 a las 8:30:00 UTC-3","9 de agosto de 2026 a las 11:10:00 UTC-3","manchester city - atlético madrid,man city vs atlético madrid","./explore?q=manchester%20city%20-%20atl%C3%A9tico%20madrid&geo=BR"
"jaguares de cordoba once caldas 09/08/2026","1 mil+","9 de agosto de 2026 a las 20:20:00 UTC-3","9 de agosto de 2026 a las 22:30:00 UTC-3","jaguares de cordoba once caldas 09/08/2026,once caldas","./explore?q=jaguares%20de%20cordoba%20once%20caldas%2009%2F08%2F2026&geo=BR"
"burnley x notts county","1 mil+","8 de agosto de 2026 a las 10:30:00 UTC-3","8 de agosto de 2026 a las 14:10:00 UTC-3","burnley x notts county","./explore?q=burnley%20x%20notts%20county&geo=BR"
"frança","1 mil+","9 de agosto de 2026 a las 5:40:00 UTC-3","9 de agosto de 2026 a las 8:40:00 UTC-3","frança","./explore?q=fran%C3%A7a&geo=BR"
"leicester city x northampton town","1 mil+","8 de agosto de 2026 a las 10:20:00 UTC-3","8 de agosto de 2026 a las 13:50:00 UTC-3","leicester city x northampton town","./explore?q=leicester%20city%20x%20northampton%20town&geo=BR"
"premier","1 mil+","9 de agosto de 2026 a las 18:30:00 UTC-3","9 de agosto de 2026 a las 20:50:00 UTC-3","premier","./explore?q=premier&geo=BR"
"jacaré","1 mil+","10 de agosto de 2026 a las 6:20:00 UTC-3","10 de agosto de 2026 a las 8:50:00 UTC-3","jacaré","./explore?q=jacar%C3%A9&geo=BR"
"danilo","1 mil+","8 de agosto de 2026 a las 20:50:00 UTC-3","9 de agosto de 2026 a las 0:10:00 UTC-3","danilo","./explore?q=danilo&geo=BR"
"caco barcellos","1 mil+","9 de agosto de 2026 a las 20:50:00 UTC-3","9 de agosto de 2026 a las 22:20:00 UTC-3","caco barcellos","./explore?q=caco%20barcellos&geo=BR"
"a ultima casa 2026","1 mil+","8 de agosto de 2026 a las 21:20:00 UTC-3","9 de agosto de 2026 a las 1:00:00 UTC-3","a ultima casa 2026,a ultima casa netflix","./explore?q=a%20ultima%20casa%202026&geo=BR"
"filho mais velho","1 mil+","9 de agosto de 2026 a las 11:30:00 UTC-3","9 de agosto de 2026 a las 16:20:00 UTC-3","filho mais velho","./explore?q=filho%20mais%20velho&geo=BR"
"confronto no pavilhão 99","1 mil+","8 de agosto de 2026 a las 22:40:00 UTC-3","9 de agosto de 2026 a las 1:40:00 UTC-3","confronto no pavilhão 99","./explore?q=confronto%20no%20pavilh%C3%A3o%2099&geo=BR"
"dualsense wolverine ps5","1 mil+","11 de agosto de 2026 a las 16:30:00 UTC-3","11 de agosto de 2026 a las 17:50:00 UTC-3","dualsense wolverine ps5,wolverine ps5 pro,ps5 pro","./explore?q=dualsense%20wolverine%20ps5&geo=BR"
"vitor roque","1 mil+","9 de agosto de 2026 a las 17:30:00 UTC-3","10 de agosto de 2026 a las 7:40:00 UTC-3","vitor roque","./explore?q=vitor%20roque&geo=BR"
"hulk","1 mil+","11 de agosto de 2026 a las 20:50:00 UTC-3","11 de agosto de 2026 a las 21:50:00 UTC-3","hulk","./explore?q=hulk&geo=BR"
"piracicaba","1 mil+","10 de agosto de 2026 a las 16:30:00 UTC-3","10 de agosto de 2026 a las 18:50:00 UTC-3","piracicaba","./explore?q=piracicaba&geo=BR"
"jogo hoje","1 mil+","9 de agosto de 2026 a las 16:10:00 UTC-3","9 de agosto de 2026 a las 17:50:00 UTC-3","jogo hoje","./explore?q=jogo%20hoje&geo=BR"
"brics","1 mil+","9 de agosto de 2026 a las 18:10:00 UTC-3","9 de agosto de 2026 a las 19:30:00 UTC-3","brics","./explore?q=brics&geo=BR"
"g7","1 mil+","9 de agosto de 2026 a las 18:10:00 UTC-3","9 de agosto de 2026 a las 19:30:00 UTC-3","g7","./explore?q=g7&geo=BR"
"embalagem","1 mil+","9 de agosto de 2026 a las 16:10:00 UTC-3","9 de agosto de 2026 a las 19:50:00 UTC-3","embalagem","./explore?q=embalagem&geo=BR"
"gabigol","1 mil+","12 de agosto de 2026 a las 22:00:00 UTC-3","12 de agosto de 2026 a las 23:40:00 UTC-3","gabigol,gabriel barbosa","./explore?q=gabigol&geo=BR"
"sexteto sinistro","1 mil+","9 de agosto de 2026 a las 17:20:00 UTC-3","9 de agosto de 2026 a las 19:20:00 UTC-3","sexteto sinistro","./explore?q=sexteto%20sinistro&geo=BR"
"bruxelas","1 mil+","9 de agosto de 2026 a las 23:00:00 UTC-3","10 de agosto de 2026 a las 0:10:00 UTC-3","bruxelas","./explore?q=bruxelas&geo=BR"
"ferencváros - real madrid","1 mil+","8 de agosto de 2026 a las 14:40:00 UTC-3","8 de agosto de 2026 a las 17:10:00 UTC-3","ferencváros - real madrid","./explore?q=ferencv%C3%A1ros%20-%20real%20madrid&geo=BR"
"coritiba fc","1 mil+","8 de agosto de 2026 a las 20:40:00 UTC-3","8 de agosto de 2026 a las 23:40:00 UTC-3","coritiba fc","./explore?q=coritiba%20fc&geo=BR"
"google gemini","1 mil+","8 de agosto de 2026 a las 17:30:00 UTC-3","8 de agosto de 2026 a las 19:50:00 UTC-3","google gemini","./explore?q=google%20gemini&geo=BR"
"steve carell","1 mil+","8 de agosto de 2026 a las 10:50:00 UTC-3","8 de agosto de 2026 a las 14:20:00 UTC-3","steve carell","./explore?q=steve%20carell&geo=BR"
"west ham","1 mil+","8 de agosto de 2026 a las 11:10:00 UTC-3","8 de agosto de 2026 a las 14:00:00 UTC-3","west ham","./explore?q=west%20ham&geo=BR"
"copa da liga inglesa","1 mil+","8 de agosto de 2026 a las 11:00:00 UTC-3","8 de agosto de 2026 a las 14:10:00 UTC-3","copa da liga inglesa","./explore?q=copa%20da%20liga%20inglesa&geo=BR"
"lunar","1 mil+","9 de agosto de 2026 a las 14:10:00 UTC-3","9 de agosto de 2026 a las 15:20:00 UTC-3","lunar","./explore?q=lunar&geo=BR"
"orlando city","1 mil+","8 de agosto de 2026 a las 19:50:00 UTC-3","8 de agosto de 2026 a las 22:20:00 UTC-3","orlando city","./explore?q=orlando%20city&geo=BR"
"guilherme pat","1 mil+","8 de agosto de 2026 a las 20:10:00 UTC-3","8 de agosto de 2026 a las 22:00:00 UTC-3","guilherme pat,steven asplund","./explore?q=guilherme%20pat&geo=BR"
"america","1 mil+","8 de agosto de 2026 a las 19:20:00 UTC-3","8 de agosto de 2026 a las 21:40:00 UTC-3","america","./explore?q=america&geo=BR"
"mariana ximenes","1 mil+","10 de agosto de 2026 a las 21:50:00 UTC-3","10 de agosto de 2026 a las 22:40:00 UTC-3","mariana ximenes","./explore?q=mariana%20ximenes&geo=BR"
"fcc tjce","1 mil+","10 de agosto de 2026 a las 17:40:00 UTC-3","10 de agosto de 2026 a las 19:10:00 UTC-3","fcc tjce","./explore?q=fcc%20tjce&geo=BR"
"voepass","1 mil+","9 de agosto de 2026 a las 20:40:00 UTC-3","10 de agosto de 2026 a las 2:00:00 UTC-3","voepass,voepass 2283","./explore?q=voepass&geo=BR"
"mutv","1 mil+","8 de agosto de 2026 a las 11:50:00 UTC-3","8 de agosto de 2026 a las 14:00:00 UTC-3","mutv","./explore?q=mutv&geo=BR"
"jose montanha","1 mil+","8 de agosto de 2026 a las 19:10:00 UTC-3","8 de agosto de 2026 a las 21:20:00 UTC-3","jose montanha,louie sutherland","./explore?q=jose%20montanha&geo=BR"
"gimnasia la plata barracas central 09/08/2026","1 mil+","9 de agosto de 2026 a las 18:10:00 UTC-3","9 de agosto de 2026 a las 19:50:00 UTC-3","gimnasia la plata barracas central 09/08/2026,gimnasia x barracas central","./explore?q=gimnasia%20la%20plata%20barracas%20central%2009%2F08%2F2026&geo=BR"
"grêmio vs são paulo fc standings","1 mil+","8 de agosto de 2026 a las 18:10:00 UTC-3","8 de agosto de 2026 a las 20:00:00 UTC-3","grêmio vs são paulo fc standings","./explore?q=gr%C3%AAmio%20vs%20s%C3%A3o%20paulo%20fc%20standings&geo=BR"
"resumo coração acelerado","1 mil+","10 de agosto de 2026 a las 20:40:00 UTC-3","10 de agosto de 2026 a las 21:30:00 UTC-3","resumo coração acelerado,resumo da novela coração acelerado,coração acelerado resumo","./explore?q=resumo%20cora%C3%A7%C3%A3o%20acelerado&geo=BR"
"woodstock","1 mil+","9 de agosto de 2026 a las 23:00:00 UTC-3","10 de agosto de 2026 a las 0:10:00 UTC-3","woodstock","./explore?q=woodstock&geo=BR"
"club de regatas vasco da gama","1 mil+","9 de agosto de 2026 a las 16:20:00 UTC-3","9 de agosto de 2026 a las 17:20:00 UTC-3","club de regatas vasco da gama","./explore?q=club%20de%20regatas%20vasco%20da%20gama&geo=BR"
"romulo estrela","1 mil+","9 de agosto de 2026 a las 15:00:00 UTC-3","9 de agosto de 2026 a las 16:20:00 UTC-3","romulo estrela","./explore?q=romulo%20estrela&geo=BR"
"jack dorsey","1 mil+","9 de agosto de 2026 a las 18:30:00 UTC-3","9 de agosto de 2026 a las 19:40:00 UTC-3","jack dorsey","./explore?q=jack%20dorsey&geo=BR"
"amistosos","1 mil+","9 de agosto de 2026 a las 9:40:00 UTC-3","9 de agosto de 2026 a las 10:50:00 UTC-3","amistosos","./explore?q=amistosos&geo=BR"
"torque x peñarol","1 mil+","8 de agosto de 2026 a las 17:50:00 UTC-3","8 de agosto de 2026 a las 19:30:00 UTC-3","torque x peñarol","./explore?q=torque%20x%20pe%C3%B1arol&geo=BR"
"inter miami - monterrey","1 mil+","8 de agosto de 2026 a las 20:50:00 UTC-3","8 de agosto de 2026 a las 22:50:00 UTC-3","inter miami - monterrey,posiciones de inter miami contra club de fútbol monterrey","./explore?q=inter%20miami%20-%20monterrey&geo=BR"
"alerta laranja: baixa umidade","1 mil+","9 de agosto de 2026 a las 9:20:00 UTC-3","9 de agosto de 2026 a las 15:40:00 UTC-3","alerta laranja: baixa umidade","./explore?q=alerta%20laranja%3A%20baixa%20umidade&geo=BR"
"rennes x brentford","1 mil+","8 de agosto de 2026 a las 13:20:00 UTC-3","8 de agosto de 2026 a las 15:10:00 UTC-3","rennes x brentford,colônia x real sociedad","./explore?q=rennes%20x%20brentford&geo=BR"
"lúcifer","1 mil+","8 de agosto de 2026 a las 13:40:00 UTC-3","8 de agosto de 2026 a las 17:30:00 UTC-3","lúcifer","./explore?q=l%C3%BAcifer&geo=BR"
"wolfsburg","1 mil+","8 de agosto de 2026 a las 17:00:00 UTC-3","8 de agosto de 2026 a las 18:20:00 UTC-3","wolfsburg,wolfsburg x kaiserslautern","./explore?q=wolfsburg&geo=BR"
"futebol ao vivo","1 mil+","8 de agosto de 2026 a las 16:10:00 UTC-3","8 de agosto de 2026 a las 17:10:00 UTC-3","futebol ao vivo","./explore?q=futebol%20ao%20vivo&geo=BR"
"iphone 18","1 mil+","8 de agosto de 2026 a las 11:50:00 UTC-3","8 de agosto de 2026 a las 13:00:00 UTC-3","iphone 18","./explore?q=iphone%2018&geo=BR"
"resumo da novela quem ama cuida","1 mil+","8 de agosto de 2026 a las 22:10:00 UTC-3","8 de agosto de 2026 a las 22:50:00 UTC-3","resumo da novela quem ama cuida,quem ama cuida resumo","./explore?q=resumo%20da%20novela%20quem%20ama%20cuida&geo=BR"
"petr4","1 mil+","10 de agosto de 2026 a las 18:20:00 UTC-3","10 de agosto de 2026 a las 19:00:00 UTC-3","petr4","./explore?q=petr4&geo=BR"
"motorista","1 mil+","10 de agosto de 2026 a las 6:00:00 UTC-3","10 de agosto de 2026 a las 6:30:00 UTC-3","motorista,anhanguera","./explore?q=motorista&geo=BR"
"fluminense x palmeiras","500+","15 de agosto de 2026 a las 7:10:00 UTC-3",,"fluminense x palmeiras","./explore?q=fluminense%20x%20palmeiras&geo=BR"
"kathryn hahn","500+","15 de agosto de 2026 a las 6:30:00 UTC-3",,"kathryn hahn","./explore?q=kathryn%20hahn&geo=BR"
"previsão do tempo sjc","500+","15 de agosto de 2026 a las 9:10:00 UTC-3",,"previsão do tempo sjc","./explore?q=previs%C3%A3o%20do%20tempo%20sjc&geo=BR"
"crystal palace","500+","15 de agosto de 2026 a las 9:20:00 UTC-3",,"crystal palace","./explore?q=crystal%20palace&geo=BR"
"cosan s.a.","500+","15 de agosto de 2026 a las 6:20:00 UTC-3",,"cosan s.a.","./explore?q=cosan%20s.a.&geo=BR"
"tallulah belle willis","500+","15 de agosto de 2026 a las 7:40:00 UTC-3",,"tallulah belle willis,bruce willis","./explore?q=tallulah%20belle%20willis&geo=BR"
"victor von doom","500+","15 de agosto de 2026 a las 7:40:00 UTC-3",,"victor von doom,doomsday","./explore?q=victor%20von%20doom&geo=BR"
"mackenzie dern","500+","14 de agosto de 2026 a las 23:20:00 UTC-3",,"mackenzie dern","./explore?q=mackenzie%20dern&geo=BR"
"volkswagen nivus","500+","14 de agosto de 2026 a las 21:50:00 UTC-3",,"volkswagen nivus","./explore?q=volkswagen%20nivus&geo=BR"
"cristian romero","500+","15 de agosto de 2026 a las 9:20:00 UTC-3",,"cristian romero,atletico madrid","./explore?q=cristian%20romero&geo=BR"
"graciele lacerda","500+","15 de agosto de 2026 a las 5:00:00 UTC-3","15 de agosto de 2026 a las 9:20:00 UTC-3","graciele lacerda","./explore?q=graciele%20lacerda&geo=BR"
"previsão do tempo santos","500+","15 de agosto de 2026 a las 7:40:00 UTC-3","15 de agosto de 2026 a las 9:10:00 UTC-3","previsão do tempo santos","./explore?q=previs%C3%A3o%20do%20tempo%20santos&geo=BR"
"tesouro direto","500+","15 de agosto de 2026 a las 6:20:00 UTC-3","15 de agosto de 2026 a las 8:30:00 UTC-3","tesouro direto","./explore?q=tesouro%20direto&geo=BR"
"felipe melo","500+","14 de agosto de 2026 a las 18:00:00 UTC-3","15 de agosto de 2026 a las 7:30:00 UTC-3","felipe melo","./explore?q=felipe%20melo&geo=BR"
"samsung galaxy s27 ultra","500+","14 de agosto de 2026 a las 23:30:00 UTC-3","15 de agosto de 2026 a las 3:00:00 UTC-3","samsung galaxy s27 ultra","./explore?q=samsung%20galaxy%20s27%20ultra&geo=BR"
"classificações de bandeirante de birigui x grêmio prudente","500+","15 de agosto de 2026 a las 0:10:00 UTC-3","15 de agosto de 2026 a las 7:50:00 UTC-3","classificações de bandeirante de birigui x grêmio prudente,bandeirante de birigui x grêmio prudente","./explore?q=classifica%C3%A7%C3%B5es%20de%20bandeirante%20de%20birigui%20x%20gr%C3%AAmio%20prudente&geo=BR"
"quatro rodas","500+","14 de agosto de 2026 a las 21:20:00 UTC-3","15 de agosto de 2026 a las 8:40:00 UTC-3","quatro rodas","./explore?q=quatro%20rodas&geo=BR"
"milly alcock","500+","15 de agosto de 2026 a las 0:30:00 UTC-3","15 de agosto de 2026 a las 2:30:00 UTC-3","milly alcock","./explore?q=milly%20alcock&geo=BR"
"serie b 2026","500+","14 de agosto de 2026 a las 21:10:00 UTC-3","14 de agosto de 2026 a las 23:30:00 UTC-3","serie b 2026","./explore?q=serie%20b%202026&geo=BR"
"londrina","500+","14 de agosto de 2026 a las 21:00:00 UTC-3","14 de agosto de 2026 a las 23:20:00 UTC-3","londrina","./explore?q=londrina&geo=BR"
"telescópio espacial james webb","500+","14 de agosto de 2026 a las 18:30:00 UTC-3","14 de agosto de 2026 a las 21:30:00 UTC-3","telescópio espacial james webb","./explore?q=telesc%C3%B3pio%20espacial%20james%20webb&geo=BR"
"racing x","500+","14 de agosto de 2026 a las 21:30:00 UTC-3","14 de agosto de 2026 a las 23:30:00 UTC-3","racing x","./explore?q=racing%20x&geo=BR"
"ahsoka","500+","14 de agosto de 2026 a las 7:40:00 UTC-3","14 de agosto de 2026 a las 14:30:00 UTC-3","ahsoka","./explore?q=ahsoka&geo=BR"
"independiente del valle","500+","14 de agosto de 2026 a las 21:30:00 UTC-3","14 de agosto de 2026 a las 23:30:00 UTC-3","independiente del valle","./explore?q=independiente%20del%20valle&geo=BR"
"23 de agosto","500+","14 de agosto de 2026 a las 18:10:00 UTC-3","14 de agosto de 2026 a las 20:40:00 UTC-3","23 de agosto","./explore?q=23%20de%20agosto&geo=BR"
"sloane stephens","500+","14 de agosto de 2026 a las 21:30:00 UTC-3","14 de agosto de 2026 a las 22:50:00 UTC-3","sloane stephens,sinja kraus","./explore?q=sloane%20stephens&geo=BR"
"criança","500+","14 de agosto de 2026 a las 19:10:00 UTC-3","14 de agosto de 2026 a las 20:50:00 UTC-3","criança","./explore?q=crian%C3%A7a&geo=BR"
"ana castela","500+","14 de agosto de 2026 a las 20:10:00 UTC-3","14 de agosto de 2026 a las 21:20:00 UTC-3","ana castela","./explore?q=ana%20castela&geo=BR"
"aloizio mercadante","500+","14 de agosto de 2026 a las 17:30:00 UTC-3","14 de agosto de 2026 a las 19:40:00 UTC-3","aloizio mercadante","./explore?q=aloizio%20mercadante&geo=BR"
"twitch tv","500+","14 de agosto de 2026 a las 19:50:00 UTC-3","15 de agosto de 2026 a las 0:00:00 UTC-3","twitch tv","./explore?q=twitch%20tv&geo=BR"
"eduardo saverin","500+","14 de agosto de 2026 a las 16:00:00 UTC-3","14 de agosto de 2026 a las 18:10:00 UTC-3","eduardo saverin","./explore?q=eduardo%20saverin&geo=BR"
"visto","500+","14 de agosto de 2026 a las 6:00:00 UTC-3","14 de agosto de 2026 a las 9:10:00 UTC-3","visto","./explore?q=visto&geo=BR"
"cagliari fc","500+","14 de agosto de 2026 a las 13:50:00 UTC-3","14 de agosto de 2026 a las 16:30:00 UTC-3","cagliari fc","./explore?q=cagliari%20fc&geo=BR"
"isabelle drummond","500+","14 de agosto de 2026 a las 19:50:00 UTC-3","14 de agosto de 2026 a las 21:00:00 UTC-3","isabelle drummond","./explore?q=isabelle%20drummond&geo=BR"
"gilmar mendes","500+","13 de agosto de 2026 a las 9:50:00 UTC-3","13 de agosto de 2026 a las 14:50:00 UTC-3","gilmar mendes","./explore?q=gilmar%20mendes&geo=BR"
"previsão do tempo londrina","500+","14 de agosto de 2026 a las 14:00:00 UTC-3","14 de agosto de 2026 a las 15:20:00 UTC-3","previsão do tempo londrina,tempo londrina","./explore?q=previs%C3%A3o%20do%20tempo%20londrina&geo=BR"
"iga świątek","500+","13 de agosto de 2026 a las 19:20:00 UTC-3","13 de agosto de 2026 a las 21:30:00 UTC-3","iga świątek","./explore?q=iga%20%C5%9Bwi%C4%85tek&geo=BR"
"sapr4","500+","14 de agosto de 2026 a las 11:00:00 UTC-3","14 de agosto de 2026 a las 12:40:00 UTC-3","sapr4","./explore?q=sapr4&geo=BR"
"médico","500+","13 de agosto de 2026 a las 19:40:00 UTC-3","14 de agosto de 2026 a las 7:30:00 UTC-3","médico","./explore?q=m%C3%A9dico&geo=BR"
"lua","500+","14 de agosto de 2026 a las 19:10:00 UTC-3","14 de agosto de 2026 a las 19:50:00 UTC-3","lua","./explore?q=lua&geo=BR"
"willian arão","500+","13 de agosto de 2026 a las 20:40:00 UTC-3","13 de agosto de 2026 a las 22:30:00 UTC-3","willian arão","./explore?q=willian%20ar%C3%A3o&geo=BR"
"agnez mo","500+","15 de agosto de 2026 a las 1:10:00 UTC-3","15 de agosto de 2026 a las 1:50:00 UTC-3","agnez mo","./explore?q=agnez%20mo&geo=BR"
"ensino técnico","500+","14 de agosto de 2026 a las 16:30:00 UTC-3","14 de agosto de 2026 a las 17:00:00 UTC-3","ensino técnico","./explore?q=ensino%20t%C3%A9cnico&geo=BR"
"atalanta","500+","14 de agosto de 2026 a las 17:20:00 UTC-3","14 de agosto de 2026 a las 18:00:00 UTC-3","atalanta","./explore?q=atalanta&geo=BR"
"portland timbers","500+","13 de agosto de 2026 a las 23:40:00 UTC-3","14 de agosto de 2026 a las 2:00:00 UTC-3","portland timbers","./explore?q=portland%20timbers&geo=BR"
"lafc x querétaro","500+","12 de agosto de 2026 a las 23:20:00 UTC-3","13 de agosto de 2026 a las 2:30:00 UTC-3","lafc x querétaro","./explore?q=lafc%20x%20quer%C3%A9taro&geo=BR"
"linha 7 da cptm","500+","13 de agosto de 2026 a las 4:40:00 UTC-3","13 de agosto de 2026 a las 8:40:00 UTC-3","linha 7 da cptm","./explore?q=linha%207%20da%20cptm&geo=BR"
"carnaval 2027","500+","14 de agosto de 2026 a las 14:00:00 UTC-3","14 de agosto de 2026 a las 15:30:00 UTC-3","carnaval 2027","./explore?q=carnaval%202027&geo=BR"
"jogada de risco","500+","14 de agosto de 2026 a las 0:00:00 UTC-3","14 de agosto de 2026 a las 2:10:00 UTC-3","jogada de risco","./explore?q=jogada%20de%20risco&geo=BR"
"bilionário","500+","13 de agosto de 2026 a las 14:30:00 UTC-3","13 de agosto de 2026 a las 16:20:00 UTC-3","bilionário","./explore?q=bilion%C3%A1rio&geo=BR"
"instagram logo","500+","13 de agosto de 2026 a las 15:50:00 UTC-3","13 de agosto de 2026 a las 19:00:00 UTC-3","instagram logo","./explore?q=instagram%20logo&geo=BR"
"new york city fc x necaxa","500+","13 de agosto de 2026 a las 20:10:00 UTC-3","13 de agosto de 2026 a las 22:00:00 UTC-3","new york city fc x necaxa","./explore?q=new%20york%20city%20fc%20x%20necaxa&geo=BR"
"crédito","500+","13 de agosto de 2026 a las 17:00:00 UTC-3","13 de agosto de 2026 a las 18:20:00 UTC-3","crédito","./explore?q=cr%C3%A9dito&geo=BR"
"ward","500+","13 de agosto de 2026 a las 21:00:00 UTC-3","13 de agosto de 2026 a las 22:10:00 UTC-3","ward","./explore?q=ward&geo=BR"
"botafogo vs","500+","13 de agosto de 2026 a las 22:40:00 UTC-3","14 de agosto de 2026 a las 0:40:00 UTC-3","botafogo vs","./explore?q=botafogo%20vs&geo=BR"
"comando vermelho","500+","13 de agosto de 2026 a las 6:30:00 UTC-3","13 de agosto de 2026 a las 9:10:00 UTC-3","comando vermelho","./explore?q=comando%20vermelho&geo=BR"
"chris brown","500+","13 de agosto de 2026 a las 0:40:00 UTC-3","14 de agosto de 2026 a las 1:40:00 UTC-3","chris brown","./explore?q=chris%20brown&geo=BR"
"amora mautner","500+","13 de agosto de 2026 a las 23:10:00 UTC-3","14 de agosto de 2026 a las 0:20:00 UTC-3","amora mautner","./explore?q=amora%20mautner&geo=BR"
"seattle sounders x guadalajara","500+","12 de agosto de 2026 a las 23:20:00 UTC-3","13 de agosto de 2026 a las 2:20:00 UTC-3","seattle sounders x guadalajara","./explore?q=seattle%20sounders%20x%20guadalajara&geo=BR"
"katie holmes","500+","13 de agosto de 2026 a las 16:30:00 UTC-3","13 de agosto de 2026 a las 18:00:00 UTC-3","katie holmes","./explore?q=katie%20holmes&geo=BR"
"sindicato","500+","13 de agosto de 2026 a las 17:10:00 UTC-3","13 de agosto de 2026 a las 19:00:00 UTC-3","sindicato","./explore?q=sindicato&geo=BR"
"crise humanitária","500+","12 de agosto de 2026 a las 17:40:00 UTC-3","12 de agosto de 2026 a las 20:00:00 UTC-3","crise humanitária","./explore?q=crise%20humanit%C3%A1ria&geo=BR"
"toluca fc dallas 12/08/2026","500+","12 de agosto de 2026 a las 23:20:00 UTC-3","13 de agosto de 2026 a las 6:50:00 UTC-3","toluca fc dallas 12/08/2026","./explore?q=toluca%20fc%20dallas%2012%2F08%2F2026&geo=BR"
"everton","500+","12 de agosto de 2026 a las 14:00:00 UTC-3","12 de agosto de 2026 a las 16:10:00 UTC-3","everton","./explore?q=everton&geo=BR"
"dibu martinez","500+","12 de agosto de 2026 a las 16:20:00 UTC-3","12 de agosto de 2026 a las 18:30:00 UTC-3","dibu martinez","./explore?q=dibu%20martinez&geo=BR"
"mangueira","500+","12 de agosto de 2026 a las 13:00:00 UTC-3","12 de agosto de 2026 a las 15:10:00 UTC-3","mangueira","./explore?q=mangueira&geo=BR"
"zila morre em coração acelerado","500+","13 de agosto de 2026 a las 19:40:00 UTC-3","13 de agosto de 2026 a las 20:50:00 UTC-3","zila morre em coração acelerado","./explore?q=zila%20morre%20em%20cora%C3%A7%C3%A3o%20acelerado&geo=BR"
"pachuca","500+","11 de agosto de 2026 a las 21:00:00 UTC-3","12 de agosto de 2026 a las 0:50:00 UTC-3","pachuca","./explore?q=pachuca&geo=BR"
"odilo scherer","500+","11 de agosto de 2026 a las 21:20:00 UTC-3","12 de agosto de 2026 a las 8:10:00 UTC-3","odilo scherer","./explore?q=odilo%20scherer&geo=BR"
"edmundo","500+","13 de agosto de 2026 a las 12:20:00 UTC-3","13 de agosto de 2026 a las 15:20:00 UTC-3","edmundo","./explore?q=edmundo&geo=BR"
"track and field","500+","13 de agosto de 2026 a las 7:10:00 UTC-3","13 de agosto de 2026 a las 14:50:00 UTC-3","track and field","./explore?q=track%20and%20field&geo=BR"
"luva de pedreiro","500+","12 de agosto de 2026 a las 7:20:00 UTC-3","12 de agosto de 2026 a las 9:20:00 UTC-3","luva de pedreiro","./explore?q=luva%20de%20pedreiro&geo=BR"
"ca tigre","500+","12 de agosto de 2026 a las 19:50:00 UTC-3","12 de agosto de 2026 a las 21:30:00 UTC-3","ca tigre","./explore?q=ca%20tigre&geo=BR"
"taça libertadores","500+","12 de agosto de 2026 a las 20:50:00 UTC-3","13 de agosto de 2026 a las 6:50:00 UTC-3","taça libertadores","./explore?q=ta%C3%A7a%20libertadores&geo=BR"
"bayer leverkusen","500+","12 de agosto de 2026 a las 17:20:00 UTC-3","12 de agosto de 2026 a las 18:50:00 UTC-3","bayer leverkusen","./explore?q=bayer%20leverkusen&geo=BR"
"tigres x whitecaps","500+","11 de agosto de 2026 a las 23:20:00 UTC-3","12 de agosto de 2026 a las 2:10:00 UTC-3","tigres x whitecaps","./explore?q=tigres%20x%20whitecaps&geo=BR"
"samuel lino","500+","12 de agosto de 2026 a las 22:40:00 UTC-3","13 de agosto de 2026 a las 0:20:00 UTC-3","samuel lino","./explore?q=samuel%20lino&geo=BR"
"julio iglesias","500+","13 de agosto de 2026 a las 5:20:00 UTC-3","13 de agosto de 2026 a las 7:50:00 UTC-3","julio iglesias","./explore?q=julio%20iglesias&geo=BR"
"litoral","500+","11 de agosto de 2026 a las 5:50:00 UTC-3","11 de agosto de 2026 a las 9:10:00 UTC-3","litoral","./explore?q=litoral&geo=BR"
"paramount+","500+","12 de agosto de 2026 a las 18:40:00 UTC-3","12 de agosto de 2026 a las 20:20:00 UTC-3","paramount+","./explore?q=paramount%2B&geo=BR"
"veterinário","500+","11 de agosto de 2026 a las 12:20:00 UTC-3","11 de agosto de 2026 a las 19:30:00 UTC-3","veterinário","./explore?q=veterin%C3%A1rio&geo=BR"
"vegetti","500+","12 de agosto de 2026 a las 20:50:00 UTC-3","12 de agosto de 2026 a las 23:20:00 UTC-3","vegetti,netvasco","./explore?q=vegetti&geo=BR"
"inter miami cf","500+","12 de agosto de 2026 a las 21:20:00 UTC-3","12 de agosto de 2026 a las 23:20:00 UTC-3","inter miami cf","./explore?q=inter%20miami%20cf&geo=BR"
"nadador","500+","12 de agosto de 2026 a las 9:30:00 UTC-3","12 de agosto de 2026 a las 11:10:00 UTC-3","nadador","./explore?q=nadador&geo=BR"
"fernanda lima","500+","12 de agosto de 2026 a las 6:10:00 UTC-3","12 de agosto de 2026 a las 8:50:00 UTC-3","fernanda lima","./explore?q=fernanda%20lima&geo=BR"
"eduardo paes","500+","11 de agosto de 2026 a las 5:00:00 UTC-3","11 de agosto de 2026 a las 8:40:00 UTC-3","eduardo paes","./explore?q=eduardo%20paes&geo=BR"
"leo jardim","500+","12 de agosto de 2026 a las 21:50:00 UTC-3","13 de agosto de 2026 a las 0:00:00 UTC-3","leo jardim","./explore?q=leo%20jardim&geo=BR"
"aek atenas","500+","12 de agosto de 2026 a las 15:40:00 UTC-3","12 de agosto de 2026 a las 17:10:00 UTC-3","aek atenas","./explore?q=aek%20atenas&geo=BR"
"marilia x bandeirante de birigui","500+","11 de agosto de 2026 a las 19:20:00 UTC-3","11 de agosto de 2026 a las 22:30:00 UTC-3","marilia x bandeirante de birigui","./explore?q=marilia%20x%20bandeirante%20de%20birigui&geo=BR"
"fazenda","500+","12 de agosto de 2026 a las 17:30:00 UTC-3","12 de agosto de 2026 a las 19:00:00 UTC-3","fazenda","./explore?q=fazenda&geo=BR"
"patrimônio","500+","11 de agosto de 2026 a las 13:50:00 UTC-3","11 de agosto de 2026 a las 16:00:00 UTC-3","patrimônio","./explore?q=patrim%C3%B4nio&geo=BR"
"edson fachin","500+","12 de agosto de 2026 a las 16:40:00 UTC-3","12 de agosto de 2026 a las 18:10:00 UTC-3","edson fachin","./explore?q=edson%20fachin&geo=BR"
"key alves","500+","12 de agosto de 2026 a las 18:20:00 UTC-3","12 de agosto de 2026 a las 21:00:00 UTC-3","key alves","./explore?q=key%20alves&geo=BR"
"ouro","500+","9 de agosto de 2026 a las 5:20:00 UTC-3","9 de agosto de 2026 a las 10:30:00 UTC-3","ouro","./explore?q=ouro&geo=BR"
"maisa silva","500+","12 de agosto de 2026 a las 22:10:00 UTC-3","12 de agosto de 2026 a las 23:20:00 UTC-3","maisa silva","./explore?q=maisa%20silva&geo=BR"
"kvaratskhelia","500+","12 de agosto de 2026 a las 16:10:00 UTC-3","12 de agosto de 2026 a las 17:30:00 UTC-3","kvaratskhelia","./explore?q=kvaratskhelia&geo=BR"
"instituto rio metrópole - irm","500+","11 de agosto de 2026 a las 11:50:00 UTC-3","11 de agosto de 2026 a las 14:00:00 UTC-3","instituto rio metrópole - irm","./explore?q=instituto%20rio%20metr%C3%B3pole%20-%20irm&geo=BR"
"lyon fc","500+","11 de agosto de 2026 a las 16:50:00 UTC-3","11 de agosto de 2026 a las 18:50:00 UTC-3","lyon fc","./explore?q=lyon%20fc&geo=BR"
"besiktas","500+","13 de agosto de 2026 a las 14:40:00 UTC-3","13 de agosto de 2026 a las 16:40:00 UTC-3","besiktas","./explore?q=besiktas&geo=BR"
"xavi","500+","12 de agosto de 2026 a las 17:10:00 UTC-3","12 de agosto de 2026 a las 18:30:00 UTC-3","xavi","./explore?q=xavi&geo=BR"
"homenagem ao dia dos pais","500+","9 de agosto de 2026 a las 7:10:00 UTC-3","9 de agosto de 2026 a las 10:50:00 UTC-3","homenagem ao dia dos pais","./explore?q=homenagem%20ao%20dia%20dos%20pais&geo=BR"
"flow games","500+","11 de agosto de 2026 a las 17:50:00 UTC-3","11 de agosto de 2026 a las 19:40:00 UTC-3","flow games","./explore?q=flow%20games&geo=BR"
"san diego fc","500+","9 de agosto de 2026 a las 23:00:00 UTC-3","10 de agosto de 2026 a las 2:10:00 UTC-3","san diego fc","./explore?q=san%20diego%20fc&geo=BR"
"erick pulgar","500+","12 de agosto de 2026 a las 23:40:00 UTC-3","13 de agosto de 2026 a las 0:30:00 UTC-3","erick pulgar","./explore?q=erick%20pulgar&geo=BR"
"são paulo hoje","500+","11 de agosto de 2026 a las 22:20:00 UTC-3","12 de agosto de 2026 a las 0:20:00 UTC-3","são paulo hoje,uol,gzh","./explore?q=s%C3%A3o%20paulo%20hoje&geo=BR"
"demência","500+","12 de agosto de 2026 a las 19:50:00 UTC-3","12 de agosto de 2026 a las 21:20:00 UTC-3","demência","./explore?q=dem%C3%AAncia&geo=BR"
"ambulância","500+","11 de agosto de 2026 a las 5:50:00 UTC-3","11 de agosto de 2026 a las 8:30:00 UTC-3","ambulância","./explore?q=ambul%C3%A2ncia&geo=BR"
"envelhecimento","500+","9 de agosto de 2026 a las 11:50:00 UTC-3","9 de agosto de 2026 a las 15:00:00 UTC-3","envelhecimento","./explore?q=envelhecimento&geo=BR"
"remédio","500+","11 de agosto de 2026 a las 18:10:00 UTC-3","11 de agosto de 2026 a las 19:40:00 UTC-3","remédio","./explore?q=rem%C3%A9dio&geo=BR"
"sport boys association x alianza lima","500+","8 de agosto de 2026 a las 21:30:00 UTC-3","9 de agosto de 2026 a las 0:30:00 UTC-3","sport boys association x alianza lima","./explore?q=sport%20boys%20association%20x%20alianza%20lima&geo=BR"
"país","500+","9 de agosto de 2026 a las 7:00:00 UTC-3","9 de agosto de 2026 a las 12:20:00 UTC-3","país","./explore?q=pa%C3%ADs&geo=BR"
"cillian murphy","500+","10 de agosto de 2026 a las 22:30:00 UTC-3","11 de agosto de 2026 a las 0:50:00 UTC-3","cillian murphy","./explore?q=cillian%20murphy&geo=BR"
"aviação","500+","10 de agosto de 2026 a las 12:30:00 UTC-3","10 de agosto de 2026 a las 14:40:00 UTC-3","aviação","./explore?q=avia%C3%A7%C3%A3o&geo=BR"
"cincinnati fc","500+","11 de agosto de 2026 a las 21:40:00 UTC-3","12 de agosto de 2026 a las 0:00:00 UTC-3","cincinnati fc","./explore?q=cincinnati%20fc&geo=BR"
"oibr3","500+","11 de agosto de 2026 a las 21:20:00 UTC-3","11 de agosto de 2026 a las 22:50:00 UTC-3","oibr3","./explore?q=oibr3&geo=BR"
"óculos inteligente","500+","10 de agosto de 2026 a las 6:30:00 UTC-3","10 de agosto de 2026 a las 8:40:00 UTC-3","óculos inteligente","./explore?q=%C3%B3culos%20inteligente&geo=BR"
"bebê","500+","12 de agosto de 2026 a las 14:40:00 UTC-3","12 de agosto de 2026 a las 15:50:00 UTC-3","bebê","./explore?q=beb%C3%AA&geo=BR"
"tickets sports","500+","10 de agosto de 2026 a las 12:00:00 UTC-3","10 de agosto de 2026 a las 13:30:00 UTC-3","tickets sports","./explore?q=tickets%20sports&geo=BR"
"daniel mérida","500+","11 de agosto de 2026 a las 20:50:00 UTC-3","11 de agosto de 2026 a las 22:20:00 UTC-3","daniel mérida","./explore?q=daniel%20m%C3%A9rida&geo=BR"
"classificação serie c","500+","10 de agosto de 2026 a las 21:50:00 UTC-3","10 de agosto de 2026 a las 23:20:00 UTC-3","classificação serie c","./explore?q=classifica%C3%A7%C3%A3o%20serie%20c&geo=BR"
"feyenoord","500+","9 de agosto de 2026 a las 7:20:00 UTC-3","9 de agosto de 2026 a las 10:20:00 UTC-3","feyenoord","./explore?q=feyenoord&geo=BR"
"embj3","500+","10 de agosto de 2026 a las 10:20:00 UTC-3","10 de agosto de 2026 a las 13:40:00 UTC-3","embj3","./explore?q=embj3&geo=BR"
"jaecoo","500+","11 de agosto de 2026 a las 5:50:00 UTC-3","11 de agosto de 2026 a las 8:50:00 UTC-3","jaecoo","./explore?q=jaecoo&geo=BR"
"bakambu","500+","8 de agosto de 2026 a las 20:00:00 UTC-3","8 de agosto de 2026 a las 23:10:00 UTC-3","bakambu","./explore?q=bakambu&geo=BR"
"galaxy s26 fe","500+","10 de agosto de 2026 a las 13:30:00 UTC-3","10 de agosto de 2026 a las 15:20:00 UTC-3","galaxy s26 fe","./explore?q=galaxy%20s26%20fe&geo=BR"
"learner tien","500+","9 de agosto de 2026 a las 15:30:00 UTC-3","9 de agosto de 2026 a las 17:50:00 UTC-3","learner tien","./explore?q=learner%20tien&geo=BR"
"elena rybakina","500+","9 de agosto de 2026 a las 14:00:00 UTC-3","9 de agosto de 2026 a las 16:50:00 UTC-3","elena rybakina","./explore?q=elena%20rybakina&geo=BR"
"classificação","500+","9 de agosto de 2026 a las 18:30:00 UTC-3","9 de agosto de 2026 a las 22:20:00 UTC-3","classificação","./explore?q=classifica%C3%A7%C3%A3o&geo=BR"
"deportivo cuenca","500+","10 de agosto de 2026 a las 22:00:00 UTC-3","10 de agosto de 2026 a las 23:50:00 UTC-3","deportivo cuenca","./explore?q=deportivo%20cuenca&geo=BR"
"wolfsberg x rb salzburg","500+","9 de agosto de 2026 a las 11:40:00 UTC-3","9 de agosto de 2026 a las 14:30:00 UTC-3","wolfsberg x rb salzburg","./explore?q=wolfsberg%20x%20rb%20salzburg&geo=BR"
"independiente","500+","8 de agosto de 2026 a las 22:10:00 UTC-3","9 de agosto de 2026 a las 0:30:00 UTC-3","independiente","./explore?q=independiente&geo=BR"
"linense x grêmio prudente","500+","9 de agosto de 2026 a las 10:20:00 UTC-3","9 de agosto de 2026 a las 12:50:00 UTC-3","linense x grêmio prudente","./explore?q=linense%20x%20gr%C3%AAmio%20prudente&geo=BR"
"prio3","500+","10 de agosto de 2026 a las 17:50:00 UTC-3","10 de agosto de 2026 a las 19:20:00 UTC-3","prio3","./explore?q=prio3&geo=BR"
"libertad","500+","10 de agosto de 2026 a las 18:30:00 UTC-3","10 de agosto de 2026 a las 21:00:00 UTC-3","libertad","./explore?q=libertad&geo=BR"
"quentin tarantino","500+","8 de agosto de 2026 a las 17:10:00 UTC-3","8 de agosto de 2026 a las 20:00:00 UTC-3","quentin tarantino","./explore?q=quentin%20tarantino&geo=BR"
"sophia laforteza","500+","9 de agosto de 2026 a las 15:20:00 UTC-3","9 de agosto de 2026 a las 18:00:00 UTC-3","sophia laforteza","./explore?q=sophia%20laforteza&geo=BR"
"c-32a","500+","11 de agosto de 2026 a las 7:40:00 UTC-3","11 de agosto de 2026 a las 9:30:00 UTC-3","c-32a","./explore?q=c-32a&geo=BR"
"vfb stuttgart x everton","500+","8 de agosto de 2026 a las 12:20:00 UTC-3","8 de agosto de 2026 a las 15:00:00 UTC-3","vfb stuttgart x everton","./explore?q=vfb%20stuttgart%20x%20everton&geo=BR"
"rosalia","500+","11 de agosto de 2026 a las 0:10:00 UTC-3","11 de agosto de 2026 a las 8:30:00 UTC-3","rosalia","./explore?q=rosalia&geo=BR"
"jason statham","500+","9 de agosto de 2026 a las 13:00:00 UTC-3","9 de agosto de 2026 a las 14:50:00 UTC-3","jason statham","./explore?q=jason%20statham&geo=BR"
"campeonato mundial de voleibol feminino","500+","8 de agosto de 2026 a las 13:30:00 UTC-3","8 de agosto de 2026 a las 15:50:00 UTC-3","campeonato mundial de voleibol feminino","./explore?q=campeonato%20mundial%20de%20voleibol%20feminino&geo=BR"
"debate ciro e elmano","500+","9 de agosto de 2026 a las 19:50:00 UTC-3","9 de agosto de 2026 a las 21:40:00 UTC-3","debate ciro e elmano","./explore?q=debate%20ciro%20e%20elmano&geo=BR"
"lanus","500+","11 de agosto de 2026 a las 21:40:00 UTC-3","11 de agosto de 2026 a las 23:30:00 UTC-3","lanus","./explore?q=lanus&geo=BR"
"reinier","500+","8 de agosto de 2026 a las 19:00:00 UTC-3","8 de agosto de 2026 a las 21:00:00 UTC-3","reinier","./explore?q=reinier&geo=BR"
"cap","500+","9 de agosto de 2026 a las 19:10:00 UTC-3","9 de agosto de 2026 a las 20:40:00 UTC-3","cap","./explore?q=cap&geo=BR"
"diario do nordeste","500+","10 de agosto de 2026 a las 5:20:00 UTC-3","10 de agosto de 2026 a las 9:30:00 UTC-3","diario do nordeste","./explore?q=diario%20do%20nordeste&geo=BR"
"bayer leverkusen","500+","8 de agosto de 2026 a las 11:00:00 UTC-3","8 de agosto de 2026 a las 13:20:00 UTC-3","bayer leverkusen","./explore?q=bayer%20leverkusen&geo=BR"
"silvio pantera","500+","10 de agosto de 2026 a las 9:30:00 UTC-3","10 de agosto de 2026 a las 10:40:00 UTC-3","silvio pantera,lutador silvio pantera","./explore?q=silvio%20pantera&geo=BR"
"dia dos pais é feriado","500+","9 de agosto de 2026 a las 6:40:00 UTC-3","9 de agosto de 2026 a las 11:20:00 UTC-3","dia dos pais é feriado","./explore?q=dia%20dos%20pais%20%C3%A9%20feriado&geo=BR"
"guayaquil city emelec 09/08/2026","500+","9 de agosto de 2026 a las 21:30:00 UTC-3","9 de agosto de 2026 a las 23:10:00 UTC-3","guayaquil city emelec 09/08/2026","./explore?q=guayaquil%20city%20emelec%2009%2F08%2F2026&geo=BR"
"bom dia inverno","500+","8 de agosto de 2026 a las 12:10:00 UTC-3","8 de agosto de 2026 a las 14:40:00 UTC-3","bom dia inverno","./explore?q=bom%20dia%20inverno&geo=BR"
"itub4","500+","10 de agosto de 2026 a las 10:50:00 UTC-3","10 de agosto de 2026 a las 13:30:00 UTC-3","itub4","./explore?q=itub4&geo=BR"
"columbus crew","500+","11 de agosto de 2026 a las 21:40:00 UTC-3","11 de agosto de 2026 a las 23:20:00 UTC-3","columbus crew","./explore?q=columbus%20crew&geo=BR"
"az alkmaar","500+","8 de agosto de 2026 a las 16:20:00 UTC-3","8 de agosto de 2026 a las 18:30:00 UTC-3","az alkmaar","./explore?q=az%20alkmaar&geo=BR"
"palmeira","500+","9 de agosto de 2026 a las 17:40:00 UTC-3","9 de agosto de 2026 a las 19:00:00 UTC-3","palmeira","./explore?q=palmeira&geo=BR"
"carlinhos aguiar","500+","9 de agosto de 2026 a las 21:10:00 UTC-3","9 de agosto de 2026 a las 22:30:00 UTC-3","carlinhos aguiar","./explore?q=carlinhos%20aguiar&geo=BR"
"fmi","500+","9 de agosto de 2026 a las 18:10:00 UTC-3","9 de agosto de 2026 a las 19:20:00 UTC-3","fmi","./explore?q=fmi&geo=BR"
"santa catarina","500+","9 de agosto de 2026 a las 15:10:00 UTC-3","9 de agosto de 2026 a las 17:10:00 UTC-3","santa catarina","./explore?q=santa%20catarina&geo=BR"
"delfín x orense sporting club","500+","9 de agosto de 2026 a las 17:30:00 UTC-3","9 de agosto de 2026 a las 19:10:00 UTC-3","delfín x orense sporting club","./explore?q=delf%C3%ADn%20x%20orense%20sporting%20club&geo=BR"
"nacional x boston river","500+","9 de agosto de 2026 a las 18:00:00 UTC-3","9 de agosto de 2026 a las 20:40:00 UTC-3","nacional x boston river","./explore?q=nacional%20x%20boston%20river&geo=BR"
"daniel mérida","500+","9 de agosto de 2026 a las 14:10:00 UTC-3","9 de agosto de 2026 a las 16:00:00 UTC-3","daniel mérida","./explore?q=daniel%20m%C3%A9rida&geo=BR"
"matheus cunha","500+","9 de agosto de 2026 a las 16:30:00 UTC-3","9 de agosto de 2026 a las 18:30:00 UTC-3","matheus cunha","./explore?q=matheus%20cunha&geo=BR"
"tigre - river plate","500+","8 de agosto de 2026 a las 16:50:00 UTC-3","8 de agosto de 2026 a las 19:30:00 UTC-3","tigre - river plate","./explore?q=tigre%20-%20river%20plate&geo=BR"
"diego carlos","500+","10 de agosto de 2026 a las 18:00:00 UTC-3","10 de agosto de 2026 a las 19:20:00 UTC-3","diego carlos","./explore?q=diego%20carlos&geo=BR"
"paulo sérgio leite fernandes","500+","9 de agosto de 2026 a las 20:50:00 UTC-3","9 de agosto de 2026 a las 22:30:00 UTC-3","paulo sérgio leite fernandes","./explore?q=paulo%20s%C3%A9rgio%20leite%20fernandes&geo=BR"
"classificações de internacional","500+","9 de agosto de 2026 a las 17:50:00 UTC-3","9 de agosto de 2026 a las 19:10:00 UTC-3","classificações de internacional,alexandro bernabei","./explore?q=classifica%C3%A7%C3%B5es%20de%20internacional&geo=BR"
"anderlecht","500+","9 de agosto de 2026 a las 14:40:00 UTC-3","9 de agosto de 2026 a las 16:30:00 UTC-3","anderlecht","./explore?q=anderlecht&geo=BR"
"rangers x hibernian","500+","9 de agosto de 2026 a las 12:30:00 UTC-3","9 de agosto de 2026 a las 14:40:00 UTC-3","rangers x hibernian","./explore?q=rangers%20x%20hibernian&geo=BR"
"maripan","500+","9 de agosto de 2026 a las 16:20:00 UTC-3","9 de agosto de 2026 a las 18:20:00 UTC-3","maripan","./explore?q=maripan&geo=BR"
"tela quente hoje","500+","10 de agosto de 2026 a las 22:30:00 UTC-3","10 de agosto de 2026 a las 23:50:00 UTC-3","tela quente hoje","./explore?q=tela%20quente%20hoje&geo=BR"
"gretchen","500+","9 de agosto de 2026 a las 18:30:00 UTC-3","9 de agosto de 2026 a las 19:40:00 UTC-3","gretchen","./explore?q=gretchen&geo=BR"
"itatiaia","500+","12 de agosto de 2026 a las 19:30:00 UTC-3","12 de agosto de 2026 a las 20:00:00 UTC-3","itatiaia","./explore?q=itatiaia&geo=BR"
"corinthians feminino","500+","9 de agosto de 2026 a las 17:20:00 UTC-3","9 de agosto de 2026 a las 18:50:00 UTC-3","corinthians feminino","./explore?q=corinthians%20feminino&geo=BR"
"malmo","500+","9 de agosto de 2026 a las 9:40:00 UTC-3","9 de agosto de 2026 a las 11:50:00 UTC-3","malmo","./explore?q=malmo&geo=BR"
"lucas paquetá","500+","9 de agosto de 2026 a las 21:10:00 UTC-3","9 de agosto de 2026 a las 22:30:00 UTC-3","lucas paquetá","./explore?q=lucas%20paquet%C3%A1&geo=BR"
"defensa y justicia x newell's old boys","500+","9 de agosto de 2026 a las 17:40:00 UTC-3","9 de agosto de 2026 a las 22:10:00 UTC-3","defensa y justicia x newell's old boys","./explore?q=defensa%20y%20justicia%20x%20newell%27s%20old%20boys&geo=BR"
"grazi massafera","500+","10 de agosto de 2026 a las 14:40:00 UTC-3","10 de agosto de 2026 a las 16:00:00 UTC-3","grazi massafera","./explore?q=grazi%20massafera&geo=BR"
"rebeca ramagem","500+","9 de agosto de 2026 a las 7:40:00 UTC-3","9 de agosto de 2026 a las 9:50:00 UTC-3","rebeca ramagem","./explore?q=rebeca%20ramagem&geo=BR"
"samuele inácio","500+","9 de agosto de 2026 a las 10:10:00 UTC-3","9 de agosto de 2026 a las 11:50:00 UTC-3","samuele inácio","./explore?q=samuele%20in%C3%A1cio&geo=BR"
"santa clara x nacional","500+","10 de agosto de 2026 a las 17:10:00 UTC-3","10 de agosto de 2026 a las 19:00:00 UTC-3","santa clara x nacional","./explore?q=santa%20clara%20x%20nacional&geo=BR"
"jodar","500+","8 de agosto de 2026 a las 22:00:00 UTC-3","9 de agosto de 2026 a las 0:00:00 UTC-3","jodar","./explore?q=jodar&geo=BR"
"lucas ronier","500+","8 de agosto de 2026 a las 20:50:00 UTC-3","8 de agosto de 2026 a las 22:00:00 UTC-3","lucas ronier","./explore?q=lucas%20ronier&geo=BR"
"porta-voz","500+","8 de agosto de 2026 a las 18:00:00 UTC-3","8 de agosto de 2026 a las 20:00:00 UTC-3","porta-voz","./explore?q=porta-voz&geo=BR"
"cartola fc","500+","8 de agosto de 2026 a las 14:50:00 UTC-3","8 de agosto de 2026 a las 16:30:00 UTC-3","cartola fc","./explore?q=cartola%20fc&geo=BR"
"masterchef ao vivo","500+","11 de agosto de 2026 a las 22:50:00 UTC-3","11 de agosto de 2026 a las 23:40:00 UTC-3","masterchef ao vivo,quem saiu do masterchef,quem saiu do masterchef ontem","./explore?q=masterchef%20ao%20vivo&geo=BR"
"artemis 2","500+","9 de agosto de 2026 a las 23:10:00 UTC-3","10 de agosto de 2026 a las 0:20:00 UTC-3","artemis 2","./explore?q=artemis%202&geo=BR"
"academia militar das agulhas negras","500+","9 de agosto de 2026 a las 19:20:00 UTC-3","9 de agosto de 2026 a las 20:40:00 UTC-3","academia militar das agulhas negras","./explore?q=academia%20militar%20das%20agulhas%20negras&geo=BR"
"morgan freeman","500+","8 de agosto de 2026 a las 20:00:00 UTC-3","8 de agosto de 2026 a las 22:10:00 UTC-3","morgan freeman","./explore?q=morgan%20freeman&geo=BR"
"andressa urach","500+","10 de agosto de 2026 a las 20:10:00 UTC-3","11 de agosto de 2026 a las 0:40:00 UTC-3","andressa urach","./explore?q=andressa%20urach&geo=BR"
"tempo hoje","500+","12 de agosto de 2026 a las 6:00:00 UTC-3","12 de agosto de 2026 a las 7:00:00 UTC-3","tempo hoje,temperatura agora","./explore?q=tempo%20hoje&geo=BR"
"enamed","500+","10 de agosto de 2026 a las 16:10:00 UTC-3","10 de agosto de 2026 a las 18:00:00 UTC-3","enamed","./explore?q=enamed&geo=BR"
"mercia nakashima","500+","9 de agosto de 2026 a las 21:20:00 UTC-3","9 de agosto de 2026 a las 22:30:00 UTC-3","mercia nakashima","./explore?q=mercia%20nakashima&geo=BR"
"demissão","500+","10 de agosto de 2026 a las 6:50:00 UTC-3","10 de agosto de 2026 a las 8:00:00 UTC-3","demissão","./explore?q=demiss%C3%A3o&geo=BR"
"iphone ultra","500+","10 de agosto de 2026 a las 16:20:00 UTC-3","10 de agosto de 2026 a las 17:20:00 UTC-3","iphone ultra,iphone dobravel","./explore?q=iphone%20ultra&geo=BR"
"braga fc","500+","9 de agosto de 2026 a las 17:10:00 UTC-3","9 de agosto de 2026 a las 18:50:00 UTC-3","braga fc","./explore?q=braga%20fc&geo=BR"
"billy quarantillo","500+","8 de agosto de 2026 a las 22:30:00 UTC-3","9 de agosto de 2026 a las 0:00:00 UTC-3","billy quarantillo","./explore?q=billy%20quarantillo&geo=BR"
"spfc x","500+","8 de agosto de 2026 a las 16:40:00 UTC-3","8 de agosto de 2026 a las 18:40:00 UTC-3","spfc x","./explore?q=spfc%20x&geo=BR"
"ferencváros vs real madrid","500+","8 de agosto de 2026 a las 15:10:00 UTC-3","8 de agosto de 2026 a las 17:00:00 UTC-3","ferencváros vs real madrid","./explore?q=ferencv%C3%A1ros%20vs%20real%20madrid&geo=BR"
"sanepar","500+","8 de agosto de 2026 a las 18:40:00 UTC-3","8 de agosto de 2026 a las 20:10:00 UTC-3","sanepar","./explore?q=sanepar&geo=BR"
"tele sena","500+","9 de agosto de 2026 a las 19:20:00 UTC-3","9 de agosto de 2026 a las 20:30:00 UTC-3","tele sena,telesena","./explore?q=tele%20sena&geo=BR"
"red dead redemption 2","500+","8 de agosto de 2026 a las 17:40:00 UTC-3","8 de agosto de 2026 a las 19:10:00 UTC-3","red dead redemption 2","./explore?q=red%20dead%20redemption%202&geo=BR"
"4oito","500+","9 de agosto de 2026 a las 19:40:00 UTC-3","9 de agosto de 2026 a las 21:00:00 UTC-3","4oito","./explore?q=4oito&geo=BR"
"penarol","500+","8 de agosto de 2026 a las 19:20:00 UTC-3","8 de agosto de 2026 a las 21:00:00 UTC-3","penarol","./explore?q=penarol&geo=BR"
"darren elkins","500+","8 de agosto de 2026 a las 22:10:00 UTC-3","8 de agosto de 2026 a las 23:40:00 UTC-3","darren elkins","./explore?q=darren%20elkins&geo=BR"
"burnley","500+","8 de agosto de 2026 a las 12:20:00 UTC-3","8 de agosto de 2026 a las 14:00:00 UTC-3","burnley","./explore?q=burnley&geo=BR"
"marco luque","500+","9 de agosto de 2026 a las 22:30:00 UTC-3","9 de agosto de 2026 a las 23:50:00 UTC-3","marco luque","./explore?q=marco%20luque&geo=BR"
"lula taboão da serra","500+","8 de agosto de 2026 a las 17:20:00 UTC-3","8 de agosto de 2026 a las 18:40:00 UTC-3","lula taboão da serra","./explore?q=lula%20tabo%C3%A3o%20da%20serra&geo=BR"
"fics","500+","9 de agosto de 2026 a las 22:20:00 UTC-3","9 de agosto de 2026 a las 23:30:00 UTC-3","fics,mestrado","./explore?q=fics&geo=BR"
"amanda lemos","500+","8 de agosto de 2026 a las 21:30:00 UTC-3","8 de agosto de 2026 a las 23:00:00 UTC-3","amanda lemos","./explore?q=amanda%20lemos&geo=BR"
"globoesporte","500+","11 de agosto de 2026 a las 11:20:00 UTC-3","11 de agosto de 2026 a las 12:20:00 UTC-3","globoesporte","./explore?q=globoesporte&geo=BR"
"uberlandia","500+","8 de agosto de 2026 a las 18:00:00 UTC-3","8 de agosto de 2026 a las 20:00:00 UTC-3","uberlandia","./explore?q=uberlandia&geo=BR"
"blaze","500+","9 de agosto de 2026 a las 4:20:00 UTC-3","9 de agosto de 2026 a las 7:00:00 UTC-3","blaze","./explore?q=blaze&geo=BR"
"bilheteria homem aranha","500+","9 de agosto de 2026 a las 16:40:00 UTC-3","9 de agosto de 2026 a las 18:00:00 UTC-3","bilheteria homem aranha","./explore?q=bilheteria%20homem%20aranha&geo=BR"
"rodrigo castillo","500+","8 de agosto de 2026 a las 20:50:00 UTC-3","8 de agosto de 2026 a las 22:20:00 UTC-3","rodrigo castillo","./explore?q=rodrigo%20castillo&geo=BR"
"dança dos famosos","500+","10 de agosto de 2026 a las 12:20:00 UTC-3","10 de agosto de 2026 a las 14:00:00 UTC-3","dança dos famosos","./explore?q=dan%C3%A7a%20dos%20famosos&geo=BR"
"orlando city x león","500+","8 de agosto de 2026 a las 19:20:00 UTC-3","8 de agosto de 2026 a las 20:50:00 UTC-3","orlando city x león","./explore?q=orlando%20city%20x%20le%C3%B3n&geo=BR"
"bodo","500+","8 de agosto de 2026 a las 10:10:00 UTC-3","8 de agosto de 2026 a las 11:40:00 UTC-3","bodo","./explore?q=bodo&geo=BR"
"fases da lua hoje","500+","9 de agosto de 2026 a las 16:20:00 UTC-3","9 de agosto de 2026 a las 17:40:00 UTC-3","fases da lua hoje","./explore?q=fases%20da%20lua%20hoje&geo=BR"
"bruno lopes","500+","8 de agosto de 2026 a las 19:50:00 UTC-3","8 de agosto de 2026 a las 21:10:00 UTC-3","bruno lopes,diyar nurgozhay","./explore?q=bruno%20lopes&geo=BR"
"joão santana","500+","9 de agosto de 2026 a las 17:40:00 UTC-3","9 de agosto de 2026 a las 19:00:00 UTC-3","joão santana","./explore?q=jo%C3%A3o%20santana&geo=BR"
"juliana miller","500+","8 de agosto de 2026 a las 18:40:00 UTC-3","8 de agosto de 2026 a las 20:00:00 UTC-3","juliana miller,ravena oliveira","./explore?q=juliana%20miller&geo=BR"
"carlos vinícius","500+","8 de agosto de 2026 a las 16:50:00 UTC-3","8 de agosto de 2026 a las 18:40:00 UTC-3","carlos vinícius","./explore?q=carlos%20vin%C3%ADcius&geo=BR"
"plano de governo lula 2026","500+","9 de agosto de 2026 a las 9:00:00 UTC-3","9 de agosto de 2026 a las 10:10:00 UTC-3","plano de governo lula 2026,governo lula","./explore?q=plano%20de%20governo%20lula%202026&geo=BR"
"alistamento militar","500+","10 de agosto de 2026 a las 6:10:00 UTC-3","10 de agosto de 2026 a las 7:50:00 UTC-3","alistamento militar","./explore?q=alistamento%20militar&geo=BR"
"flamengo x cruzeiro","500+","9 de agosto de 2026 a las 21:20:00 UTC-3","9 de agosto de 2026 a las 22:10:00 UTC-3","flamengo x cruzeiro,cruzeiro x flamengo","./explore?q=flamengo%20x%20cruzeiro&geo=BR"
"yadier del valle","500+","8 de agosto de 2026 a las 22:10:00 UTC-3","8 de agosto de 2026 a las 23:30:00 UTC-3","yadier del valle","./explore?q=yadier%20del%20valle&geo=BR"
"seleção brasileira","500+","10 de agosto de 2026 a las 6:30:00 UTC-3","10 de agosto de 2026 a las 7:20:00 UTC-3","seleção brasileira","./explore?q=sele%C3%A7%C3%A3o%20brasileira&geo=BR"
"futebol feminino do sport club corinthians paulista","500+","8 de agosto de 2026 a las 17:50:00 UTC-3","8 de agosto de 2026 a las 19:10:00 UTC-3","futebol feminino do sport club corinthians paulista","./explore?q=futebol%20feminino%20do%20sport%20club%20corinthians%20paulista&geo=BR"
"giovane gávio","500+","10 de agosto de 2026 a las 9:50:00 UTC-3","10 de agosto de 2026 a las 10:30:00 UTC-3","giovane gávio,bernardinho","./explore?q=giovane%20g%C3%A1vio&geo=BR"
"tocantins","500+","9 de agosto de 2026 a las 23:40:00 UTC-3","10 de agosto de 2026 a las 0:40:00 UTC-3","tocantins,g1 tocantins","./explore?q=tocantins&geo=BR"
"clicrbs","500+","11 de agosto de 2026 a las 11:50:00 UTC-3","11 de agosto de 2026 a las 12:20:00 UTC-3","clicrbs","./explore?q=clicrbs&geo=BR"
"clima tempo","500+","10 de agosto de 2026 a las 6:00:00 UTC-3","10 de agosto de 2026 a las 6:50:00 UTC-3","clima tempo","./explore?q=clima%20tempo&geo=BR"
"previsão do tempo para amanhã","500+","9 de agosto de 2026 a las 22:30:00 UTC-3","9 de agosto de 2026 a las 23:20:00 UTC-3","previsão do tempo para amanhã","./explore?q=previs%C3%A3o%20do%20tempo%20para%20amanh%C3%A3&geo=BR"
"delta","500+","10 de agosto de 2026 a las 19:00:00 UTC-3","10 de agosto de 2026 a las 19:30:00 UTC-3","delta","./explore?q=delta&geo=BR"
"gov br","500+","10 de agosto de 2026 a las 16:20:00 UTC-3","10 de agosto de 2026 a las 17:20:00 UTC-3","gov br","./explore?q=gov%20br&geo=BR"
"serginho groisman","500+","8 de agosto de 2026 a las 23:50:00 UTC-3","9 de agosto de 2026 a las 0:20:00 UTC-3","serginho groisman","./explore?q=serginho%20groisman&geo=BR"
"carlos bolsonaro","200+","15 de agosto de 2026 a las 9:20:00 UTC-3",,"carlos bolsonaro","./explore?q=carlos%20bolsonaro&geo=BR"
"bundesliga","200+","15 de agosto de 2026 a las 8:00:00 UTC-3",,"bundesliga","./explore?q=bundesliga&geo=BR"
"latino","200+","15 de agosto de 2026 a las 7:10:00 UTC-3",,"latino","./explore?q=latino&geo=BR"
"escalações de arsenal x manchester city","200+","15 de agosto de 2026 a las 8:10:00 UTC-3",,"escalações de arsenal x manchester city","./explore?q=escala%C3%A7%C3%B5es%20de%20arsenal%20x%20manchester%20city&geo=BR"
"previsão do tempo nova iguaçu","200+","15 de agosto de 2026 a las 9:20:00 UTC-3",,"previsão do tempo nova iguaçu","./explore?q=previs%C3%A3o%20do%20tempo%20nova%20igua%C3%A7u&geo=BR"
"feriado hoje","200+","15 de agosto de 2026 a las 8:30:00 UTC-3",,"feriado hoje","./explore?q=feriado%20hoje&geo=BR"
"viih tube","200+","15 de agosto de 2026 a las 8:50:00 UTC-3",,"viih tube","./explore?q=viih%20tube&geo=BR"
"previsão do tempo atibaia","200+","15 de agosto de 2026 a las 8:30:00 UTC-3","15 de agosto de 2026 a las 9:40:00 UTC-3","previsão do tempo atibaia","./explore?q=previs%C3%A3o%20do%20tempo%20atibaia&geo=BR"
"previsão do tempo osasco","200+","15 de agosto de 2026 a las 7:40:00 UTC-3","15 de agosto de 2026 a las 9:00:00 UTC-3","previsão do tempo osasco","./explore?q=previs%C3%A3o%20do%20tempo%20osasco&geo=BR"
"lindsay clancy","200+","15 de agosto de 2026 a las 8:10:00 UTC-3","15 de agosto de 2026 a las 9:50:00 UTC-3","lindsay clancy","./explore?q=lindsay%20clancy&geo=BR"
"guarujá","200+","15 de agosto de 2026 a las 8:00:00 UTC-3","15 de agosto de 2026 a las 9:20:00 UTC-3","guarujá","./explore?q=guaruj%C3%A1&geo=BR"
"previsão do tempo jundiai","200+","15 de agosto de 2026 a las 8:10:00 UTC-3","15 de agosto de 2026 a las 9:10:00 UTC-3","previsão do tempo jundiai","./explore?q=previs%C3%A3o%20do%20tempo%20jundiai&geo=BR"
"horóscopo","200+","15 de agosto de 2026 a las 7:20:00 UTC-3","15 de agosto de 2026 a las 8:00:00 UTC-3","horóscopo","./explore?q=hor%C3%B3scopo&geo=BR"
"joachim trier","200+","14 de agosto de 2026 a las 23:10:00 UTC-3","15 de agosto de 2026 a las 6:20:00 UTC-3","joachim trier","./explore?q=joachim%20trier&geo=BR"
"pictures","200+","15 de agosto de 2026 a las 5:30:00 UTC-3","15 de agosto de 2026 a las 7:00:00 UTC-3","pictures","./explore?q=pictures&geo=BR"
"vingadores doomsday","200+","15 de agosto de 2026 a las 2:30:00 UTC-3","15 de agosto de 2026 a las 4:10:00 UTC-3","vingadores doomsday","./explore?q=vingadores%20doomsday&geo=BR"
"zico","200+","14 de agosto de 2026 a las 22:20:00 UTC-3","15 de agosto de 2026 a las 0:00:00 UTC-3","zico","./explore?q=zico&geo=BR"
"xbox cloud gaming","200+","15 de agosto de 2026 a las 0:10:00 UTC-3","15 de agosto de 2026 a las 1:30:00 UTC-3","xbox cloud gaming,xbox cloud","./explore?q=xbox%20cloud%20gaming&geo=BR"
"tata werneck","200+","14 de agosto de 2026 a las 22:10:00 UTC-3","14 de agosto de 2026 a las 23:20:00 UTC-3","tata werneck","./explore?q=tata%20werneck&geo=BR"
"cusco fc","200+","14 de agosto de 2026 a las 19:10:00 UTC-3","14 de agosto de 2026 a las 21:10:00 UTC-3","cusco fc","./explore?q=cusco%20fc&geo=BR"
"leandra leal","200+","14 de agosto de 2026 a las 20:00:00 UTC-3","14 de agosto de 2026 a las 21:10:00 UTC-3","leandra leal","./explore?q=leandra%20leal&geo=BR"
"rioprevidencia","200+","14 de agosto de 2026 a las 19:20:00 UTC-3","14 de agosto de 2026 a las 20:40:00 UTC-3","rioprevidencia","./explore?q=rioprevidencia&geo=BR"
"paula valdez","200+","14 de agosto de 2026 a las 18:20:00 UTC-3","14 de agosto de 2026 a las 19:30:00 UTC-3","paula valdez","./explore?q=paula%20valdez&geo=BR"
"cpfe3","200+","14 de agosto de 2026 a las 11:10:00 UTC-3","14 de agosto de 2026 a las 14:10:00 UTC-3","cpfe3","./explore?q=cpfe3&geo=BR"
"pau cubarsí","200+","14 de agosto de 2026 a las 19:50:00 UTC-3","14 de agosto de 2026 a las 20:50:00 UTC-3","pau cubarsí","./explore?q=pau%20cubars%C3%AD&geo=BR"
"clube náutico capibaribe","200+","14 de agosto de 2026 a las 21:20:00 UTC-3","14 de agosto de 2026 a las 22:10:00 UTC-3","clube náutico capibaribe","./explore?q=clube%20n%C3%A1utico%20capibaribe&geo=BR"
"renata sorrah","200+","14 de agosto de 2026 a las 21:40:00 UTC-3","14 de agosto de 2026 a las 22:40:00 UTC-3","renata sorrah","./explore?q=renata%20sorrah&geo=BR"
"perlla","200+","14 de agosto de 2026 a las 20:10:00 UTC-3","14 de agosto de 2026 a las 21:10:00 UTC-3","perlla","./explore?q=perlla&geo=BR"
"bochum","200+","14 de agosto de 2026 a las 15:00:00 UTC-3","14 de agosto de 2026 a las 16:20:00 UTC-3","bochum","./explore?q=bochum&geo=BR"
"cgn","200+","14 de agosto de 2026 a las 14:00:00 UTC-3","14 de agosto de 2026 a las 15:50:00 UTC-3","cgn","./explore?q=cgn&geo=BR"
"quiz","200+","14 de agosto de 2026 a las 18:10:00 UTC-3","14 de agosto de 2026 a las 19:20:00 UTC-3","quiz","./explore?q=quiz&geo=BR"
"venus williams","200+","14 de agosto de 2026 a las 15:30:00 UTC-3","14 de agosto de 2026 a las 16:20:00 UTC-3","venus williams,emiliana arango","./explore?q=venus%20williams&geo=BR"
"corinthias","200+","14 de agosto de 2026 a las 5:40:00 UTC-3","14 de agosto de 2026 a las 7:10:00 UTC-3","corinthias","./explore?q=corinthias&geo=BR"
"leicester city football club","200+","14 de agosto de 2026 a las 7:30:00 UTC-3","14 de agosto de 2026 a las 9:10:00 UTC-3","leicester city football club","./explore?q=leicester%20city%20football%20club&geo=BR"
"tijuana fc","200+","14 de agosto de 2026 a las 0:10:00 UTC-3","14 de agosto de 2026 a las 2:10:00 UTC-3","tijuana fc","./explore?q=tijuana%20fc&geo=BR"
"luto","200+","14 de agosto de 2026 a las 6:10:00 UTC-3","14 de agosto de 2026 a las 8:10:00 UTC-3","luto","./explore?q=luto&geo=BR"
"curativo","200+","14 de agosto de 2026 a las 7:10:00 UTC-3","14 de agosto de 2026 a las 8:40:00 UTC-3","curativo","./explore?q=curativo&geo=BR"
"stefanos tsitsipas","200+","14 de agosto de 2026 a las 13:10:00 UTC-3","14 de agosto de 2026 a las 14:20:00 UTC-3","stefanos tsitsipas","./explore?q=stefanos%20tsitsipas&geo=BR"
"pós graduação flavio bolsonaro","200+","13 de agosto de 2026 a las 12:40:00 UTC-3","13 de agosto de 2026 a las 14:50:00 UTC-3","pós graduação flavio bolsonaro","./explore?q=p%C3%B3s%20gradua%C3%A7%C3%A3o%20flavio%20bolsonaro&geo=BR"
"portland timbers x tijuana","200+","14 de agosto de 2026 a las 0:20:00 UTC-3","14 de agosto de 2026 a las 2:00:00 UTC-3","portland timbers x tijuana","./explore?q=portland%20timbers%20x%20tijuana&geo=BR"
"spam","200+","14 de agosto de 2026 a las 13:50:00 UTC-3","14 de agosto de 2026 a las 15:20:00 UTC-3","spam","./explore?q=spam&geo=BR"
"radio","200+","14 de agosto de 2026 a las 19:40:00 UTC-3","14 de agosto de 2026 a las 20:10:00 UTC-3","radio","./explore?q=radio&geo=BR"
"extinção","200+","13 de agosto de 2026 a las 18:20:00 UTC-3","14 de agosto de 2026 a las 8:10:00 UTC-3","extinção","./explore?q=extin%C3%A7%C3%A3o&geo=BR"
"tten3","200+","14 de agosto de 2026 a las 11:00:00 UTC-3","14 de agosto de 2026 a las 11:50:00 UTC-3","tten3","./explore?q=tten3&geo=BR"
"finlay tarling","200+","14 de agosto de 2026 a las 16:20:00 UTC-3","14 de agosto de 2026 a las 17:00:00 UTC-3","finlay tarling","./explore?q=finlay%20tarling&geo=BR"
"track field","200+","13 de agosto de 2026 a las 6:20:00 UTC-3","13 de agosto de 2026 a las 15:40:00 UTC-3","track field","./explore?q=track%20field&geo=BR"
"arena do grêmio","200+","14 de agosto de 2026 a las 18:50:00 UTC-3","14 de agosto de 2026 a las 19:20:00 UTC-3","arena do grêmio","./explore?q=arena%20do%20gr%C3%AAmio&geo=BR"
"al-nassr football club","200+","13 de agosto de 2026 a las 5:20:00 UTC-3","13 de agosto de 2026 a las 7:50:00 UTC-3","al-nassr football club","./explore?q=al-nassr%20football%20club&geo=BR"
"cruz azul fc","200+","13 de agosto de 2026 a las 23:30:00 UTC-3","14 de agosto de 2026 a las 0:50:00 UTC-3","cruz azul fc","./explore?q=cruz%20azul%20fc&geo=BR"
"finlândia","200+","14 de agosto de 2026 a las 7:30:00 UTC-3","14 de agosto de 2026 a las 8:40:00 UTC-3","finlândia","./explore?q=finl%C3%A2ndia&geo=BR"
"christy knowings","200+","14 de agosto de 2026 a las 6:20:00 UTC-3","14 de agosto de 2026 a las 13:20:00 UTC-3","christy knowings","./explore?q=christy%20knowings&geo=BR"
"philadelphia union x santos","200+","13 de agosto de 2026 a las 20:00:00 UTC-3","13 de agosto de 2026 a las 21:10:00 UTC-3","philadelphia union x santos","./explore?q=philadelphia%20union%20x%20santos&geo=BR"
"coco gauff","200+","13 de agosto de 2026 a las 0:20:00 UTC-3","13 de agosto de 2026 a las 2:40:00 UTC-3","coco gauff","./explore?q=coco%20gauff&geo=BR"
"paris saint-germain football club","200+","14 de agosto de 2026 a las 20:20:00 UTC-3","14 de agosto de 2026 a las 20:40:00 UTC-3","paris saint-germain football club","./explore?q=paris%20saint-germain%20football%20club&geo=BR"
"sistema de seleção unificada","200+","12 de agosto de 2026 a las 22:50:00 UTC-3","13 de agosto de 2026 a las 7:20:00 UTC-3","sistema de seleção unificada","./explore?q=sistema%20de%20sele%C3%A7%C3%A3o%20unificada&geo=BR"
"paraná clube","200+","13 de agosto de 2026 a las 14:40:00 UTC-3","13 de agosto de 2026 a las 17:10:00 UTC-3","paraná clube","./explore?q=paran%C3%A1%20clube&geo=BR"
"sccp","200+","13 de agosto de 2026 a las 23:10:00 UTC-3","14 de agosto de 2026 a las 0:10:00 UTC-3","sccp","./explore?q=sccp&geo=BR"
"ferran torres","200+","13 de agosto de 2026 a las 18:30:00 UTC-3","13 de agosto de 2026 a las 19:30:00 UTC-3","ferran torres","./explore?q=ferran%20torres&geo=BR"
"lucas torreira","200+","14 de agosto de 2026 a las 0:20:00 UTC-3","14 de agosto de 2026 a las 8:20:00 UTC-3","lucas torreira","./explore?q=lucas%20torreira&geo=BR"
"lingard","200+","13 de agosto de 2026 a las 23:20:00 UTC-3","14 de agosto de 2026 a las 0:30:00 UTC-3","lingard","./explore?q=lingard&geo=BR"
"grande prêmio dos países baixos","200+","13 de agosto de 2026 a las 7:20:00 UTC-3","13 de agosto de 2026 a las 8:50:00 UTC-3","grande prêmio dos países baixos","./explore?q=grande%20pr%C3%AAmio%20dos%20pa%C3%ADses%20baixos&geo=BR"
"gol linhas aéreas","200+","13 de agosto de 2026 a las 6:00:00 UTC-3","13 de agosto de 2026 a las 8:00:00 UTC-3","gol linhas aéreas","./explore?q=gol%20linhas%20a%C3%A9reas&geo=BR"
"chaveamento libertadores","200+","12 de agosto de 2026 a las 23:00:00 UTC-3","13 de agosto de 2026 a las 0:30:00 UTC-3","chaveamento libertadores","./explore?q=chaveamento%20libertadores&geo=BR"
"midway","200+","14 de agosto de 2026 a las 9:00:00 UTC-3","14 de agosto de 2026 a las 9:40:00 UTC-3","midway","./explore?q=midway&geo=BR"
"governo do estado de são paulo","200+","13 de agosto de 2026 a las 20:00:00 UTC-3","13 de agosto de 2026 a las 21:00:00 UTC-3","governo do estado de são paulo","./explore?q=governo%20do%20estado%20de%20s%C3%A3o%20paulo&geo=BR"
"comissão de valores mobiliários","200+","12 de agosto de 2026 a las 5:30:00 UTC-3","12 de agosto de 2026 a las 8:20:00 UTC-3","comissão de valores mobiliários","./explore?q=comiss%C3%A3o%20de%20valores%20mobili%C3%A1rios&geo=BR"
"clima curitiba","200+","14 de agosto de 2026 a las 5:20:00 UTC-3","14 de agosto de 2026 a las 6:40:00 UTC-3","clima curitiba","./explore?q=clima%20curitiba&geo=BR"
"thiago viana","200+","13 de agosto de 2026 a las 10:20:00 UTC-3","13 de agosto de 2026 a las 11:10:00 UTC-3","thiago viana","./explore?q=thiago%20viana&geo=BR"
"alerta laranja: baixa umidade","200+","14 de agosto de 2026 a las 6:20:00 UTC-3","14 de agosto de 2026 a las 7:20:00 UTC-3","alerta laranja: baixa umidade,temperatura cuiaba","./explore?q=alerta%20laranja%3A%20baixa%20umidade&geo=BR"
"braga","200+","13 de agosto de 2026 a las 16:10:00 UTC-3","13 de agosto de 2026 a las 17:00:00 UTC-3","braga","./explore?q=braga&geo=BR"
"besiktas x hradec králové","200+","13 de agosto de 2026 a las 14:30:00 UTC-3","13 de agosto de 2026 a las 15:40:00 UTC-3","besiktas x hradec králové","./explore?q=besiktas%20x%20hradec%20kr%C3%A1lov%C3%A9&geo=BR"
"luiza brunet","200+","13 de agosto de 2026 a las 4:30:00 UTC-3","13 de agosto de 2026 a las 8:10:00 UTC-3","luiza brunet","./explore?q=luiza%20brunet&geo=BR"
"figo","200+","12 de agosto de 2026 a las 19:30:00 UTC-3","12 de agosto de 2026 a las 20:40:00 UTC-3","figo","./explore?q=figo&geo=BR"
"campeonato saudita","200+","13 de agosto de 2026 a las 15:20:00 UTC-3","13 de agosto de 2026 a las 16:20:00 UTC-3","campeonato saudita","./explore?q=campeonato%20saudita&geo=BR"
"febre maculosa","200+","13 de agosto de 2026 a las 13:50:00 UTC-3","13 de agosto de 2026 a las 14:50:00 UTC-3","febre maculosa","./explore?q=febre%20maculosa&geo=BR"
"onça-pintada","200+","12 de agosto de 2026 a las 21:10:00 UTC-3","12 de agosto de 2026 a las 22:10:00 UTC-3","onça-pintada","./explore?q=on%C3%A7a-pintada&geo=BR"
"guillermo benítez","200+","12 de agosto de 2026 a las 20:20:00 UTC-3","12 de agosto de 2026 a las 21:30:00 UTC-3","guillermo benítez","./explore?q=guillermo%20ben%C3%ADtez&geo=BR"
"zucco","200+","13 de agosto de 2026 a las 5:50:00 UTC-3","13 de agosto de 2026 a las 7:30:00 UTC-3","zucco","./explore?q=zucco&geo=BR"
"gabriel jesus","200+","11 de agosto de 2026 a las 22:50:00 UTC-3","12 de agosto de 2026 a las 2:50:00 UTC-3","gabriel jesus","./explore?q=gabriel%20jesus&geo=BR"
"pulgar","200+","12 de agosto de 2026 a las 23:20:00 UTC-3","13 de agosto de 2026 a las 0:30:00 UTC-3","pulgar","./explore?q=pulgar&geo=BR"
"novela coração acelerado","200+","13 de agosto de 2026 a las 0:30:00 UTC-3","13 de agosto de 2026 a las 1:50:00 UTC-3","novela coração acelerado","./explore?q=novela%20cora%C3%A7%C3%A3o%20acelerado&geo=BR"
"globoplay ao vivo","200+","12 de agosto de 2026 a las 21:30:00 UTC-3","12 de agosto de 2026 a las 22:30:00 UTC-3","globoplay ao vivo","./explore?q=globoplay%20ao%20vivo&geo=BR"
"lorena comparato","200+","11 de agosto de 2026 a las 22:40:00 UTC-3","11 de agosto de 2026 a las 23:50:00 UTC-3","lorena comparato","./explore?q=lorena%20comparato&geo=BR"
"arsenal fc","200+","12 de agosto de 2026 a las 17:20:00 UTC-3","12 de agosto de 2026 a las 18:20:00 UTC-3","arsenal fc","./explore?q=arsenal%20fc&geo=BR"
"b","200+","13 de agosto de 2026 a las 1:50:00 UTC-3","13 de agosto de 2026 a las 6:10:00 UTC-3","b","./explore?q=b&geo=BR"
"rpc","200+","12 de agosto de 2026 a las 19:10:00 UTC-3","12 de agosto de 2026 a las 20:10:00 UTC-3","rpc","./explore?q=rpc&geo=BR"
"suv cupê","200+","12 de agosto de 2026 a las 19:00:00 UTC-3","12 de agosto de 2026 a las 20:00:00 UTC-3","suv cupê","./explore?q=suv%20cup%C3%AA&geo=BR"
"resultado da libertadores","200+","14 de agosto de 2026 a las 5:50:00 UTC-3","14 de agosto de 2026 a las 6:30:00 UTC-3","resultado da libertadores,futebol ao vivo online","./explore?q=resultado%20da%20libertadores&geo=BR"
"tigres fc","200+","12 de agosto de 2026 a las 0:10:00 UTC-3","12 de agosto de 2026 a las 1:50:00 UTC-3","tigres fc","./explore?q=tigres%20fc&geo=BR"
"guilherme de pádua","200+","12 de agosto de 2026 a las 5:50:00 UTC-3","12 de agosto de 2026 a las 8:00:00 UTC-3","guilherme de pádua","./explore?q=guilherme%20de%20p%C3%A1dua&geo=BR"
"charlotte fc","200+","11 de agosto de 2026 a las 21:00:00 UTC-3","11 de agosto de 2026 a las 22:00:00 UTC-3","charlotte fc","./explore?q=charlotte%20fc&geo=BR"
"ligia feliciano","200+","11 de agosto de 2026 a las 14:00:00 UTC-3","11 de agosto de 2026 a las 15:00:00 UTC-3","ligia feliciano","./explore?q=ligia%20feliciano&geo=BR"
"flow","200+","13 de agosto de 2026 a las 2:50:00 UTC-3","13 de agosto de 2026 a las 4:00:00 UTC-3","flow","./explore?q=flow&geo=BR"
"central cordoba","200+","10 de agosto de 2026 a las 22:30:00 UTC-3","10 de agosto de 2026 a las 23:50:00 UTC-3","central cordoba","./explore?q=central%20cordoba&geo=BR"
"diplomacia","200+","11 de agosto de 2026 a las 15:50:00 UTC-3","11 de agosto de 2026 a las 16:50:00 UTC-3","diplomacia","./explore?q=diplomacia&geo=BR"
"fsv frankfurt x eintracht","200+","12 de agosto de 2026 a las 14:00:00 UTC-3","12 de agosto de 2026 a las 14:50:00 UTC-3","fsv frankfurt x eintracht","./explore?q=fsv%20frankfurt%20x%20eintracht&geo=BR"
"elize sombras de uma mulher","200+","10 de agosto de 2026 a las 14:40:00 UTC-3","10 de agosto de 2026 a las 18:40:00 UTC-3","elize sombras de uma mulher","./explore?q=elize%20sombras%20de%20uma%20mulher&geo=BR"
"lakers","200+","12 de agosto de 2026 a las 14:00:00 UTC-3","12 de agosto de 2026 a las 14:50:00 UTC-3","lakers","./explore?q=lakers&geo=BR"
"toluca","200+","9 de agosto de 2026 a las 0:30:00 UTC-3","9 de agosto de 2026 a las 3:00:00 UTC-3","toluca","./explore?q=toluca&geo=BR"
"kairat x levski sofia","200+","11 de agosto de 2026 a las 12:20:00 UTC-3","11 de agosto de 2026 a las 13:30:00 UTC-3","kairat x levski sofia","./explore?q=kairat%20x%20levski%20sofia&geo=BR"
"nottingham forest","200+","12 de agosto de 2026 a las 17:40:00 UTC-3","12 de agosto de 2026 a las 18:20:00 UTC-3","nottingham forest","./explore?q=nottingham%20forest&geo=BR"
"arthur fils","200+","9 de agosto de 2026 a las 6:50:00 UTC-3","9 de agosto de 2026 a las 9:30:00 UTC-3","arthur fils","./explore?q=arthur%20fils&geo=BR"
"inter miami vs león","200+","12 de agosto de 2026 a las 23:10:00 UTC-3","13 de agosto de 2026 a las 0:00:00 UTC-3","inter miami vs león","./explore?q=inter%20miami%20vs%20le%C3%B3n&geo=BR"
"furto","200+","12 de agosto de 2026 a las 18:30:00 UTC-3","12 de agosto de 2026 a las 19:10:00 UTC-3","furto","./explore?q=furto&geo=BR"
"buck palmer","200+","11 de agosto de 2026 a las 16:30:00 UTC-3","11 de agosto de 2026 a las 17:30:00 UTC-3","buck palmer","./explore?q=buck%20palmer&geo=BR"
"sparta roterdã x feyenoord","200+","9 de agosto de 2026 a las 7:40:00 UTC-3","9 de agosto de 2026 a las 9:30:00 UTC-3","sparta roterdã x feyenoord","./explore?q=sparta%20roterd%C3%A3%20x%20feyenoord&geo=BR"
"river plate almada","200+","12 de agosto de 2026 a las 15:00:00 UTC-3","12 de agosto de 2026 a las 15:40:00 UTC-3","river plate almada","./explore?q=river%20plate%20almada&geo=BR"
"líder supremo do irã","200+","12 de agosto de 2026 a las 5:40:00 UTC-3","12 de agosto de 2026 a las 7:00:00 UTC-3","líder supremo do irã","./explore?q=l%C3%ADder%20supremo%20do%20ir%C3%A3&geo=BR"
"banco master","200+","13 de agosto de 2026 a las 13:00:00 UTC-3","13 de agosto de 2026 a las 13:20:00 UTC-3","banco master","./explore?q=banco%20master&geo=BR"
"previsão do tempo joinville","200+","12 de agosto de 2026 a las 6:10:00 UTC-3","12 de agosto de 2026 a las 7:30:00 UTC-3","previsão do tempo joinville","./explore?q=previs%C3%A3o%20do%20tempo%20joinville&geo=BR"
"emprestimo","200+","13 de agosto de 2026 a las 1:40:00 UTC-3","13 de agosto de 2026 a las 4:30:00 UTC-3","emprestimo","./explore?q=emprestimo&geo=BR"
"mando de campo copa do brasil","200+","11 de agosto de 2026 a las 11:30:00 UTC-3","11 de agosto de 2026 a las 12:40:00 UTC-3","mando de campo copa do brasil","./explore?q=mando%20de%20campo%20copa%20do%20brasil&geo=BR"
"nota parana","200+","11 de agosto de 2026 a las 7:10:00 UTC-3","11 de agosto de 2026 a las 8:20:00 UTC-3","nota parana","./explore?q=nota%20parana&geo=BR"
"ahn pan seok","200+","13 de agosto de 2026 a las 8:50:00 UTC-3","13 de agosto de 2026 a las 9:20:00 UTC-3","ahn pan seok","./explore?q=ahn%20pan%20seok&geo=BR"
"iago borduchi","200+","11 de agosto de 2026 a las 22:40:00 UTC-3","11 de agosto de 2026 a las 23:40:00 UTC-3","iago borduchi","./explore?q=iago%20borduchi&geo=BR"
"surfista despedida cachorro","200+","10 de agosto de 2026 a las 17:20:00 UTC-3","10 de agosto de 2026 a las 18:20:00 UTC-3","surfista despedida cachorro","./explore?q=surfista%20despedida%20cachorro&geo=BR"
"artemis ii","200+","9 de agosto de 2026 a las 23:10:00 UTC-3","10 de agosto de 2026 a las 0:20:00 UTC-3","artemis ii","./explore?q=artemis%20ii&geo=BR"
"jacareí","200+","11 de agosto de 2026 a las 19:40:00 UTC-3","11 de agosto de 2026 a las 20:40:00 UTC-3","jacareí","./explore?q=jacare%C3%AD&geo=BR"
"diana shnaider","200+","10 de agosto de 2026 a las 20:40:00 UTC-3","10 de agosto de 2026 a las 21:40:00 UTC-3","diana shnaider","./explore?q=diana%20shnaider&geo=BR"
"banco central do brasil","200+","12 de agosto de 2026 a las 9:50:00 UTC-3","12 de agosto de 2026 a las 10:30:00 UTC-3","banco central do brasil","./explore?q=banco%20central%20do%20brasil&geo=BR"
"combustível","200+","9 de agosto de 2026 a las 7:50:00 UTC-3","9 de agosto de 2026 a las 9:40:00 UTC-3","combustível","./explore?q=combust%C3%ADvel&geo=BR"
"linha 12 safira","200+","11 de agosto de 2026 a las 7:30:00 UTC-3","11 de agosto de 2026 a las 8:30:00 UTC-3","linha 12 safira","./explore?q=linha%2012%20safira&geo=BR"
"rio danúbio","200+","9 de agosto de 2026 a las 18:30:00 UTC-3","9 de agosto de 2026 a las 19:30:00 UTC-3","rio danúbio","./explore?q=rio%20dan%C3%BAbio&geo=BR"
"lojas renner","200+","9 de agosto de 2026 a las 9:30:00 UTC-3","9 de agosto de 2026 a las 10:50:00 UTC-3","lojas renner","./explore?q=lojas%20renner&geo=BR"
"monga","200+","11 de agosto de 2026 a las 23:00:00 UTC-3","11 de agosto de 2026 a las 23:40:00 UTC-3","monga","./explore?q=monga&geo=BR"
"dudu nobre","200+","11 de agosto de 2026 a las 19:20:00 UTC-3","11 de agosto de 2026 a las 22:30:00 UTC-3","dudu nobre","./explore?q=dudu%20nobre&geo=BR"
"tata werneck","200+","11 de agosto de 2026 a las 22:30:00 UTC-3","11 de agosto de 2026 a las 23:20:00 UTC-3","tata werneck","./explore?q=tata%20werneck&geo=BR"
"previsão do tempo campinas","200+","10 de agosto de 2026 a las 5:30:00 UTC-3","10 de agosto de 2026 a las 7:00:00 UTC-3","previsão do tempo campinas","./explore?q=previs%C3%A3o%20do%20tempo%20campinas&geo=BR"
"resumo novela coração acelerado","200+","9 de agosto de 2026 a las 2:40:00 UTC-3","9 de agosto de 2026 a las 8:30:00 UTC-3","resumo novela coração acelerado","./explore?q=resumo%20novela%20cora%C3%A7%C3%A3o%20acelerado&geo=BR"
"danubio","200+","9 de agosto de 2026 a las 18:30:00 UTC-3","9 de agosto de 2026 a las 19:30:00 UTC-3","danubio","./explore?q=danubio&geo=BR"
"kylian mbappé","200+","10 de agosto de 2026 a las 7:40:00 UTC-3","10 de agosto de 2026 a las 8:50:00 UTC-3","kylian mbappé","./explore?q=kylian%20mbapp%C3%A9&geo=BR"
"ticket","200+","10 de agosto de 2026 a las 12:10:00 UTC-3","10 de agosto de 2026 a las 13:10:00 UTC-3","ticket","./explore?q=ticket&geo=BR"
"misoginia","200+","9 de agosto de 2026 a las 22:10:00 UTC-3","9 de agosto de 2026 a las 23:20:00 UTC-3","misoginia","./explore?q=misoginia&geo=BR"
"benfica fc","200+","13 de agosto de 2026 a las 17:40:00 UTC-3","13 de agosto de 2026 a las 18:00:00 UTC-3","benfica fc","./explore?q=benfica%20fc&geo=BR"
"previsão do tempo guarulhos","200+","12 de agosto de 2026 a las 6:00:00 UTC-3","12 de agosto de 2026 a las 7:00:00 UTC-3","previsão do tempo guarulhos","./explore?q=previs%C3%A3o%20do%20tempo%20guarulhos&geo=BR"
"vaticano","200+","9 de agosto de 2026 a las 13:30:00 UTC-3","9 de agosto de 2026 a las 14:40:00 UTC-3","vaticano","./explore?q=vaticano&geo=BR"
"hoje","200+","9 de agosto de 2026 a las 7:20:00 UTC-3","9 de agosto de 2026 a las 9:30:00 UTC-3","hoje","./explore?q=hoje&geo=BR"
"chivas guadalajara","200+","8 de agosto de 2026 a las 23:50:00 UTC-3","9 de agosto de 2026 a las 1:10:00 UTC-3","chivas guadalajara","./explore?q=chivas%20guadalajara&geo=BR"
"taesa","200+","12 de agosto de 2026 a las 9:00:00 UTC-3","12 de agosto de 2026 a las 9:40:00 UTC-3","taesa","./explore?q=taesa&geo=BR"
"ts galaxy fc x sundowns","200+","11 de agosto de 2026 a las 14:30:00 UTC-3","11 de agosto de 2026 a las 15:10:00 UTC-3","ts galaxy fc x sundowns","./explore?q=ts%20galaxy%20fc%20x%20sundowns&geo=BR"
"naomi osaka","200+","9 de agosto de 2026 a las 21:10:00 UTC-3","9 de agosto de 2026 a las 22:10:00 UTC-3","naomi osaka","./explore?q=naomi%20osaka&geo=BR"
"linha azul","200+","10 de agosto de 2026 a las 12:20:00 UTC-3","10 de agosto de 2026 a las 13:10:00 UTC-3","linha azul","./explore?q=linha%20azul&geo=BR"
"ana castela","200+","9 de agosto de 2026 a las 6:20:00 UTC-3","9 de agosto de 2026 a las 8:30:00 UTC-3","ana castela","./explore?q=ana%20castela&geo=BR"
"alistamento militar","200+","12 de agosto de 2026 a las 7:00:00 UTC-3","12 de agosto de 2026 a las 7:40:00 UTC-3","alistamento militar","./explore?q=alistamento%20militar&geo=BR"
"plymouth argyle","200+","10 de agosto de 2026 a las 16:40:00 UTC-3","10 de agosto de 2026 a las 18:30:00 UTC-3","plymouth argyle","./explore?q=plymouth%20argyle&geo=BR"
"ty miller","200+","8 de agosto de 2026 a las 21:20:00 UTC-3","8 de agosto de 2026 a las 22:20:00 UTC-3","ty miller","./explore?q=ty%20miller&geo=BR"
"vivi brunieri","200+","12 de agosto de 2026 a las 7:50:00 UTC-3","12 de agosto de 2026 a las 8:30:00 UTC-3","vivi brunieri","./explore?q=vivi%20brunieri&geo=BR"
"la liga","200+","12 de agosto de 2026 a las 16:50:00 UTC-3","12 de agosto de 2026 a las 17:10:00 UTC-3","la liga","./explore?q=la%20liga&geo=BR"
"itub4","200+","11 de agosto de 2026 a las 12:50:00 UTC-3","11 de agosto de 2026 a las 13:30:00 UTC-3","itub4","./explore?q=itub4&geo=BR"
"aucas x club deportivo leones del norte","200+","8 de agosto de 2026 a las 18:20:00 UTC-3","8 de agosto de 2026 a las 19:30:00 UTC-3","aucas x club deportivo leones del norte","./explore?q=aucas%20x%20club%20deportivo%20leones%20del%20norte&geo=BR"
"westerlo union saint-gilloise 08/08/2026","200+","8 de agosto de 2026 a las 16:10:00 UTC-3","8 de agosto de 2026 a las 17:20:00 UTC-3","westerlo union saint-gilloise 08/08/2026","./explore?q=westerlo%20union%20saint-gilloise%2008%2F08%2F2026&geo=BR"
"eintracht frankfurt","200+","8 de agosto de 2026 a las 10:30:00 UTC-3","8 de agosto de 2026 a las 11:40:00 UTC-3","eintracht frankfurt","./explore?q=eintracht%20frankfurt&geo=BR"
"conference league","200+","13 de agosto de 2026 a las 15:20:00 UTC-3","13 de agosto de 2026 a las 15:40:00 UTC-3","conference league","./explore?q=conference%20league&geo=BR"
"river","200+","8 de agosto de 2026 a las 18:50:00 UTC-3","8 de agosto de 2026 a las 20:00:00 UTC-3","river","./explore?q=river&geo=BR"
"hull city","200+","8 de agosto de 2026 a las 10:30:00 UTC-3","8 de agosto de 2026 a las 11:40:00 UTC-3","hull city","./explore?q=hull%20city&geo=BR"
"festival interlagos 2026","200+","9 de agosto de 2026 a las 8:00:00 UTC-3","9 de agosto de 2026 a las 9:00:00 UTC-3","festival interlagos 2026","./explore?q=festival%20interlagos%202026&geo=BR"
"classificações de união são joão x comercial futebol clube","200+","8 de agosto de 2026 a las 20:30:00 UTC-3","8 de agosto de 2026 a las 21:30:00 UTC-3","classificações de união são joão x comercial futebol clube","./explore?q=classifica%C3%A7%C3%B5es%20de%20uni%C3%A3o%20s%C3%A3o%20jo%C3%A3o%20x%20comercial%20futebol%20clube&geo=BR"
"gta vi","200+","10 de agosto de 2026 a las 16:20:00 UTC-3","10 de agosto de 2026 a las 17:10:00 UTC-3","gta vi","./explore?q=gta%20vi&geo=BR"
"jonathan calleri","200+","8 de agosto de 2026 a las 17:00:00 UTC-3","8 de agosto de 2026 a las 17:50:00 UTC-3","jonathan calleri","./explore?q=jonathan%20calleri&geo=BR"
"sportv","200+","9 de agosto de 2026 a las 19:50:00 UTC-3","9 de agosto de 2026 a las 20:40:00 UTC-3","sportv","./explore?q=sportv&geo=BR"
"belinda bencic","200+","11 de agosto de 2026 a las 20:30:00 UTC-3","11 de agosto de 2026 a las 21:00:00 UTC-3","belinda bencic","./explore?q=belinda%20bencic&geo=BR"
"jiri lehecka","200+","8 de agosto de 2026 a las 21:50:00 UTC-3","8 de agosto de 2026 a las 23:00:00 UTC-3","jiri lehecka","./explore?q=jiri%20lehecka&geo=BR"
"avião","200+","12 de agosto de 2026 a las 6:50:00 UTC-3","12 de agosto de 2026 a las 7:10:00 UTC-3","avião","./explore?q=avi%C3%A3o&geo=BR"
"wallace gremio","200+","8 de agosto de 2026 a las 17:20:00 UTC-3","8 de agosto de 2026 a las 18:20:00 UTC-3","wallace gremio","./explore?q=wallace%20gremio&geo=BR"
"campanha vacinação sarampo","200+","8 de agosto de 2026 a las 23:00:00 UTC-3","9 de agosto de 2026 a las 0:00:00 UTC-3","campanha vacinação sarampo","./explore?q=campanha%20vacina%C3%A7%C3%A3o%20sarampo&geo=BR"
"policial penal","200+","8 de agosto de 2026 a las 18:30:00 UTC-3","8 de agosto de 2026 a las 19:40:00 UTC-3","policial penal","./explore?q=policial%20penal&geo=BR"
"flavia saraiva","200+","9 de agosto de 2026 a las 12:10:00 UTC-3","9 de agosto de 2026 a las 13:10:00 UTC-3","flavia saraiva","./explore?q=flavia%20saraiva&geo=BR"
"xrp","200+","11 de agosto de 2026 a las 12:30:00 UTC-3","11 de agosto de 2026 a las 13:00:00 UTC-3","xrp","./explore?q=xrp&geo=BR"
"hbomax","200+","9 de agosto de 2026 a las 22:20:00 UTC-3","9 de agosto de 2026 a las 23:10:00 UTC-3","hbomax","./explore?q=hbomax&geo=BR"
"aeroflot","200+","8 de agosto de 2026 a las 15:50:00 UTC-3","8 de agosto de 2026 a las 17:00:00 UTC-3","aeroflot","./explore?q=aeroflot&geo=BR"
"robert downey jr","200+","10 de agosto de 2026 a las 23:00:00 UTC-3","10 de agosto de 2026 a las 23:40:00 UTC-3","robert downey jr","./explore?q=robert%20downey%20jr&geo=BR"
"tomorrowland brasil","200+","11 de agosto de 2026 a las 13:50:00 UTC-3","11 de agosto de 2026 a las 14:20:00 UTC-3","tomorrowland brasil","./explore?q=tomorrowland%20brasil&geo=BR"
"santa","200+","8 de agosto de 2026 a las 18:20:00 UTC-3","8 de agosto de 2026 a las 19:30:00 UTC-3","santa","./explore?q=santa&geo=BR"
"leicester","200+","8 de agosto de 2026 a las 12:50:00 UTC-3","8 de agosto de 2026 a las 13:50:00 UTC-3","leicester","./explore?q=leicester&geo=BR"
"fatal","200+","9 de agosto de 2026 a las 4:40:00 UTC-3","9 de agosto de 2026 a las 6:30:00 UTC-3","fatal","./explore?q=fatal&geo=BR"
"brkm5","200+","12 de agosto de 2026 a las 18:30:00 UTC-3","12 de agosto de 2026 a las 18:50:00 UTC-3","brkm5","./explore?q=brkm5&geo=BR"
"zenit","200+","9 de agosto de 2026 a las 12:40:00 UTC-3","9 de agosto de 2026 a las 13:30:00 UTC-3","zenit","./explore?q=zenit&geo=BR"
"man united vs leeds","200+","12 de agosto de 2026 a las 15:30:00 UTC-3","12 de agosto de 2026 a las 15:50:00 UTC-3","man united vs leeds","./explore?q=man%20united%20vs%20leeds&geo=BR"
"tallon griekspoor","200+","9 de agosto de 2026 a las 14:40:00 UTC-3","9 de agosto de 2026 a las 15:30:00 UTC-3","tallon griekspoor","./explore?q=tallon%20griekspoor&geo=BR"
"resultado do dia de hoje","200+","9 de agosto de 2026 a las 11:50:00 UTC-3","9 de agosto de 2026 a las 12:50:00 UTC-3","resultado do dia de hoje","./explore?q=resultado%20do%20dia%20de%20hoje&geo=BR"
"hiroshima e nagasaki","200+","11 de agosto de 2026 a las 0:40:00 UTC-3","11 de agosto de 2026 a las 1:20:00 UTC-3","hiroshima e nagasaki","./explore?q=hiroshima%20e%20nagasaki&geo=BR"
"snake","200+","12 de agosto de 2026 a las 8:40:00 UTC-3","12 de agosto de 2026 a las 9:00:00 UTC-3","snake","./explore?q=snake&geo=BR"
"juventus","200+","11 de agosto de 2026 a las 7:50:00 UTC-3","11 de agosto de 2026 a las 8:10:00 UTC-3","juventus","./explore?q=juventus&geo=BR"
"ancelmo gois","200+","9 de agosto de 2026 a las 13:50:00 UTC-3","9 de agosto de 2026 a las 14:40:00 UTC-3","ancelmo gois","./explore?q=ancelmo%20gois&geo=BR"
"gloob","200+","8 de agosto de 2026 a las 12:30:00 UTC-3","8 de agosto de 2026 a las 13:20:00 UTC-3","gloob","./explore?q=gloob&geo=BR"
"o'higgins x club de deportes limache","200+","9 de agosto de 2026 a las 16:10:00 UTC-3","9 de agosto de 2026 a las 16:50:00 UTC-3","o'higgins x club de deportes limache","./explore?q=o%27higgins%20x%20club%20de%20deportes%20limache&geo=BR"
"lnf","200+","8 de agosto de 2026 a las 20:50:00 UTC-3","8 de agosto de 2026 a las 21:40:00 UTC-3","lnf","./explore?q=lnf&geo=BR"
"austin fc","200+","9 de agosto de 2026 a las 22:00:00 UTC-3","9 de agosto de 2026 a las 22:40:00 UTC-3","austin fc","./explore?q=austin%20fc&geo=BR"
"tabela","200+","8 de agosto de 2026 a las 18:20:00 UTC-3","8 de agosto de 2026 a las 19:00:00 UTC-3","tabela","./explore?q=tabela&geo=BR"
"platense","200+","8 de agosto de 2026 a las 23:20:00 UTC-3","9 de agosto de 2026 a las 0:10:00 UTC-3","platense","./explore?q=platense&geo=BR"
"cesio 137","200+","10 de agosto de 2026 a las 18:30:00 UTC-3","10 de agosto de 2026 a las 19:00:00 UTC-3","cesio 137","./explore?q=cesio%20137&geo=BR"
"marinho","200+","9 de agosto de 2026 a las 21:10:00 UTC-3","9 de agosto de 2026 a las 21:40:00 UTC-3","marinho","./explore?q=marinho&geo=BR"
"amanda anisimova","200+","8 de agosto de 2026 a las 23:30:00 UTC-3","9 de agosto de 2026 a las 0:00:00 UTC-3","amanda anisimova,elina svitolina","./explore?q=amanda%20anisimova&geo=BR"
"frankfurt fc","200+","8 de agosto de 2026 a las 10:40:00 UTC-3","8 de agosto de 2026 a las 11:30:00 UTC-3","frankfurt fc","./explore?q=frankfurt%20fc&geo=BR"
"lais caldas","200+","8 de agosto de 2026 a las 14:40:00 UTC-3","8 de agosto de 2026 a las 15:30:00 UTC-3","lais caldas","./explore?q=lais%20caldas&geo=BR"
"estados unidos","200+","10 de agosto de 2026 a las 6:20:00 UTC-3","10 de agosto de 2026 a las 6:50:00 UTC-3","estados unidos","./explore?q=estados%20unidos&geo=BR"
"inter miami vs monterrey","200+","8 de agosto de 2026 a las 23:40:00 UTC-3","9 de agosto de 2026 a las 0:30:00 UTC-3","inter miami vs monterrey","./explore?q=inter%20miami%20vs%20monterrey&geo=BR"
"idris elba","200+","9 de agosto de 2026 a las 13:30:00 UTC-3","9 de agosto de 2026 a las 14:10:00 UTC-3","idris elba","./explore?q=idris%20elba&geo=BR"
"coquimbo unido x club de deportes la serena","200+","8 de agosto de 2026 a las 18:30:00 UTC-3","8 de agosto de 2026 a las 19:10:00 UTC-3","coquimbo unido x club de deportes la serena","./explore?q=coquimbo%20unido%20x%20club%20de%20deportes%20la%20serena&geo=BR"
"manchester city football club","200+","9 de agosto de 2026 a las 9:50:00 UTC-3","9 de agosto de 2026 a las 10:30:00 UTC-3","manchester city football club","./explore?q=manchester%20city%20football%20club&geo=BR"
"grande prêmio de portland","200+","9 de agosto de 2026 a las 12:30:00 UTC-3","9 de agosto de 2026 a las 13:10:00 UTC-3","grande prêmio de portland","./explore?q=grande%20pr%C3%AAmio%20de%20portland&geo=BR"
"onde assistir chelsea x milan","200+","8 de agosto de 2026 a las 13:00:00 UTC-3","8 de agosto de 2026 a las 13:40:00 UTC-3","onde assistir chelsea x milan","./explore?q=onde%20assistir%20chelsea%20x%20milan&geo=BR"
"jobe bellingham","200+","9 de agosto de 2026 a las 10:30:00 UTC-3","9 de agosto de 2026 a las 11:10:00 UTC-3","jobe bellingham","./explore?q=jobe%20bellingham&geo=BR"
"sundowns x polokwane city","200+","8 de agosto de 2026 a las 13:20:00 UTC-3","8 de agosto de 2026 a las 14:00:00 UTC-3","sundowns x polokwane city","./explore?q=sundowns%20x%20polokwane%20city&geo=BR"
"tottenham x","200+","8 de agosto de 2026 a las 12:00:00 UTC-3","8 de agosto de 2026 a las 12:40:00 UTC-3","tottenham x","./explore?q=tottenham%20x&geo=BR"
"seattle sounders x querétaro","200+","9 de agosto de 2026 a las 16:40:00 UTC-3","9 de agosto de 2026 a las 17:10:00 UTC-3","seattle sounders x querétaro","./explore?q=seattle%20sounders%20x%20quer%C3%A9taro&geo=BR"
"roma fc","200+","8 de agosto de 2026 a las 11:40:00 UTC-3","8 de agosto de 2026 a las 12:20:00 UTC-3","roma fc","./explore?q=roma%20fc&geo=BR"
"belinda bencic","200+","9 de agosto de 2026 a las 22:50:00 UTC-3","9 de agosto de 2026 a las 23:20:00 UTC-3","belinda bencic","./explore?q=belinda%20bencic&geo=BR"
"rennes brentford 08/08/2026","200+","8 de agosto de 2026 a las 12:50:00 UTC-3","8 de agosto de 2026 a las 13:30:00 UTC-3","rennes brentford 08/08/2026","./explore?q=rennes%20brentford%2008%2F08%2F2026&geo=BR"
"bet","200+","9 de agosto de 2026 a las 4:10:00 UTC-3","9 de agosto de 2026 a las 5:00:00 UTC-3","bet","./explore?q=bet&geo=BR"
"konstantinos karetsas","200+","9 de agosto de 2026 a las 11:10:00 UTC-3","9 de agosto de 2026 a las 11:40:00 UTC-3","konstantinos karetsas","./explore?q=konstantinos%20karetsas&geo=BR"
"bournemouth","200+","8 de agosto de 2026 a las 17:20:00 UTC-3","8 de agosto de 2026 a las 17:50:00 UTC-3","bournemouth","./explore?q=bournemouth&geo=BR"
"b3sa3","200+","10 de agosto de 2026 a las 22:40:00 UTC-3","10 de agosto de 2026 a las 23:00:00 UTC-3","b3sa3","./explore?q=b3sa3&geo=BR"
"serra das araras","200+","8 de agosto de 2026 a las 18:20:00 UTC-3","8 de agosto de 2026 a las 18:50:00 UTC-3","serra das araras","./explore?q=serra%20das%20araras&geo=BR"
"joao rock","200+","9 de agosto de 2026 a las 0:50:00 UTC-3","9 de agosto de 2026 a las 1:20:00 UTC-3","joao rock","./explore?q=joao%20rock&geo=BR"
"mc donalds","200+","9 de agosto de 2026 a las 3:50:00 UTC-3","9 de agosto de 2026 a las 4:30:00 UTC-3","mc donalds,mcdonald's","./explore?q=mc%20donalds&geo=BR"
"m","200+","9 de agosto de 2026 a las 3:30:00 UTC-3","9 de agosto de 2026 a las 4:40:00 UTC-3","m","./explore?q=m&geo=BR"
"rodovia anchieta","200+","8 de agosto de 2026 a las 15:40:00 UTC-3","8 de agosto de 2026 a las 16:10:00 UTC-3","rodovia anchieta","./explore?q=rodovia%20anchieta&geo=BR"
"flamengo classificação","200+","9 de agosto de 2026 a las 21:50:00 UTC-3","9 de agosto de 2026 a las 22:10:00 UTC-3","flamengo classificação","./explore?q=flamengo%20classifica%C3%A7%C3%A3o&geo=BR"
"coco gauff","200+","9 de agosto de 2026 a las 17:30:00 UTC-3","9 de agosto de 2026 a las 17:50:00 UTC-3","coco gauff","./explore?q=coco%20gauff&geo=BR"
"assai","200+","9 de agosto de 2026 a las 7:30:00 UTC-3","9 de agosto de 2026 a las 8:00:00 UTC-3","assai","./explore?q=assai&geo=BR"
"bruninho samudio","200+","8 de agosto de 2026 a las 17:40:00 UTC-3","8 de agosto de 2026 a las 18:00:00 UTC-3","bruninho samudio","./explore?q=bruninho%20samudio&geo=BR"
"iphone 18 pro max","200+","8 de agosto de 2026 a las 12:20:00 UTC-3","8 de agosto de 2026 a las 12:40:00 UTC-3","iphone 18 pro max","./explore?q=iphone%2018%20pro%20max&geo=BR"
"paula braun","100+","15 de agosto de 2026 a las 9:20:00 UTC-3",,"paula braun","./explore?q=paula%20braun&geo=BR"
"isabel teixeira","100+","15 de agosto de 2026 a las 9:20:00 UTC-3",,"isabel teixeira","./explore?q=isabel%20teixeira&geo=BR"
"previsão do tempo santo andré","100+","15 de agosto de 2026 a las 7:50:00 UTC-3","15 de agosto de 2026 a las 9:00:00 UTC-3","previsão do tempo santo andré","./explore?q=previs%C3%A3o%20do%20tempo%20santo%20andr%C3%A9&geo=BR"
"kashima antlers","100+","15 de agosto de 2026 a las 8:20:00 UTC-3","15 de agosto de 2026 a las 9:00:00 UTC-3","kashima antlers","./explore?q=kashima%20antlers&geo=BR"
"adesao do para","100+","15 de agosto de 2026 a las 8:20:00 UTC-3","15 de agosto de 2026 a las 9:10:00 UTC-3","adesao do para","./explore?q=adesao%20do%20para&geo=BR"
"crédito","100+","15 de agosto de 2026 a las 6:50:00 UTC-3","15 de agosto de 2026 a las 8:00:00 UTC-3","crédito","./explore?q=cr%C3%A9dito&geo=BR"
"atacante","100+","15 de agosto de 2026 a las 7:20:00 UTC-3","15 de agosto de 2026 a las 8:10:00 UTC-3","atacante","./explore?q=atacante&geo=BR"
"test","100+","15 de agosto de 2026 a las 0:00:00 UTC-3","15 de agosto de 2026 a las 1:10:00 UTC-3","test","./explore?q=test&geo=BR"
"vancouver fc","100+","14 de agosto de 2026 a las 23:10:00 UTC-3","15 de agosto de 2026 a las 0:20:00 UTC-3","vancouver fc","./explore?q=vancouver%20fc&geo=BR"
"demi lovato","100+","14 de agosto de 2026 a las 23:30:00 UTC-3","15 de agosto de 2026 a las 0:40:00 UTC-3","demi lovato","./explore?q=demi%20lovato&geo=BR"
"cmig4","100+","14 de agosto de 2026 a las 14:00:00 UTC-3","14 de agosto de 2026 a las 14:50:00 UTC-3","cmig4","./explore?q=cmig4&geo=BR"
"raizen sa","100+","14 de agosto de 2026 a las 7:00:00 UTC-3","14 de agosto de 2026 a las 8:10:00 UTC-3","raizen sa","./explore?q=raizen%20sa&geo=BR"
"quanto ficou o jogo do corinthians ontem","100+","14 de agosto de 2026 a las 6:40:00 UTC-3","14 de agosto de 2026 a las 7:40:00 UTC-3","quanto ficou o jogo do corinthians ontem","./explore?q=quanto%20ficou%20o%20jogo%20do%20corinthians%20ontem&geo=BR"
"rosenborg x viking","100+","14 de agosto de 2026 a las 14:20:00 UTC-3","14 de agosto de 2026 a las 15:10:00 UTC-3","rosenborg x viking","./explore?q=rosenborg%20x%20viking&geo=BR"
"sbsp3","100+","13 de agosto de 2026 a las 12:40:00 UTC-3","13 de agosto de 2026 a las 15:30:00 UTC-3","sbsp3","./explore?q=sbsp3&geo=BR"
"cursor","100+","14 de agosto de 2026 a las 14:00:00 UTC-3","14 de agosto de 2026 a las 15:00:00 UTC-3","cursor","./explore?q=cursor&geo=BR"
"selena gomez","100+","14 de agosto de 2026 a las 0:10:00 UTC-3","14 de agosto de 2026 a las 1:20:00 UTC-3","selena gomez","./explore?q=selena%20gomez&geo=BR"
"homem-aranha","100+","14 de agosto de 2026 a las 6:00:00 UTC-3","14 de agosto de 2026 a las 6:40:00 UTC-3","homem-aranha","./explore?q=homem-aranha&geo=BR"
"qarabağ x dínamo","100+","13 de agosto de 2026 a las 13:10:00 UTC-3","13 de agosto de 2026 a las 14:20:00 UTC-3","qarabağ x dínamo","./explore?q=qaraba%C4%9F%20x%20d%C3%ADnamo&geo=BR"
"previsão do tempo aracaju","100+","13 de agosto de 2026 a las 7:40:00 UTC-3","13 de agosto de 2026 a las 8:30:00 UTC-3","previsão do tempo aracaju","./explore?q=previs%C3%A3o%20do%20tempo%20aracaju&geo=BR"
"leandra leal","100+","13 de agosto de 2026 a las 0:30:00 UTC-3","13 de agosto de 2026 a las 1:20:00 UTC-3","leandra leal","./explore?q=leandra%20leal&geo=BR"
"vestibulinho","100+","13 de agosto de 2026 a las 15:20:00 UTC-3","13 de agosto de 2026 a las 17:10:00 UTC-3","vestibulinho","./explore?q=vestibulinho&geo=BR"
"paraná","100+","13 de agosto de 2026 a las 5:40:00 UTC-3","13 de agosto de 2026 a las 6:30:00 UTC-3","paraná","./explore?q=paran%C3%A1&geo=BR"
"iphone 15 pro","100+","14 de agosto de 2026 a las 13:10:00 UTC-3","14 de agosto de 2026 a las 13:30:00 UTC-3","iphone 15 pro","./explore?q=iphone%2015%20pro&geo=BR"
"méier","100+","13 de agosto de 2026 a las 13:10:00 UTC-3","13 de agosto de 2026 a las 13:50:00 UTC-3","méier","./explore?q=m%C3%A9ier&geo=BR"
"sequestro em londrina","100+","12 de agosto de 2026 a las 0:10:00 UTC-3","12 de agosto de 2026 a las 1:10:00 UTC-3","sequestro em londrina","./explore?q=sequestro%20em%20londrina&geo=BR"
"cska sofia","100+","13 de agosto de 2026 a las 16:00:00 UTC-3","13 de agosto de 2026 a las 16:30:00 UTC-3","cska sofia","./explore?q=cska%20sofia&geo=BR"
"navio cargueiro","100+","13 de agosto de 2026 a las 7:50:00 UTC-3","13 de agosto de 2026 a las 8:30:00 UTC-3","navio cargueiro","./explore?q=navio%20cargueiro&geo=BR"
"kick tv","100+","13 de agosto de 2026 a las 0:40:00 UTC-3","13 de agosto de 2026 a las 1:20:00 UTC-3","kick tv","./explore?q=kick%20tv&geo=BR"
"san diego fc","100+","13 de agosto de 2026 a las 1:10:00 UTC-3","13 de agosto de 2026 a las 2:00:00 UTC-3","san diego fc","./explore?q=san%20diego%20fc&geo=BR"
"suzb3","100+","13 de agosto de 2026 a las 6:30:00 UTC-3","13 de agosto de 2026 a las 7:10:00 UTC-3","suzb3","./explore?q=suzb3&geo=BR"
"track field","100+","11 de agosto de 2026 a las 3:00:00 UTC-3","11 de agosto de 2026 a las 4:10:00 UTC-3","track field","./explore?q=track%20field&geo=BR"
"stiff","100+","12 de agosto de 2026 a las 5:40:00 UTC-3","12 de agosto de 2026 a las 6:40:00 UTC-3","stiff","./explore?q=stiff&geo=BR"
"forças armadas","100+","11 de agosto de 2026 a las 7:30:00 UTC-3","11 de agosto de 2026 a las 8:30:00 UTC-3","forças armadas","./explore?q=for%C3%A7as%20armadas&geo=BR"
"otoni de paula","100+","10 de agosto de 2026 a las 6:40:00 UTC-3","10 de agosto de 2026 a las 7:50:00 UTC-3","otoni de paula","./explore?q=otoni%20de%20paula&geo=BR"
"tigres uanl","100+","12 de agosto de 2026 a las 1:10:00 UTC-3","12 de agosto de 2026 a las 2:00:00 UTC-3","tigres uanl","./explore?q=tigres%20uanl&geo=BR"
"anderlecht x paok","100+","13 de agosto de 2026 a las 16:20:00 UTC-3","13 de agosto de 2026 a las 16:40:00 UTC-3","anderlecht x paok","./explore?q=anderlecht%20x%20paok&geo=BR"
"previsão do tempo florianopolis","100+","10 de agosto de 2026 a las 6:20:00 UTC-3","10 de agosto de 2026 a las 7:30:00 UTC-3","previsão do tempo florianopolis","./explore?q=previs%C3%A3o%20do%20tempo%20florianopolis&geo=BR"
"men","100+","9 de agosto de 2026 a las 7:50:00 UTC-3","9 de agosto de 2026 a las 8:50:00 UTC-3","men","./explore?q=men&geo=BR"
"geovanna tominaga","100+","12 de agosto de 2026 a las 6:50:00 UTC-3","12 de agosto de 2026 a las 7:40:00 UTC-3","geovanna tominaga","./explore?q=geovanna%20tominaga&geo=BR"
"instagram","100+","11 de agosto de 2026 a las 15:50:00 UTC-3","11 de agosto de 2026 a las 18:50:00 UTC-3","instagram","./explore?q=instagram&geo=BR"
"lotu","100+","12 de agosto de 2026 a las 1:30:00 UTC-3","12 de agosto de 2026 a las 2:30:00 UTC-3","lotu","./explore?q=lotu&geo=BR"
"temperatura porto alegre","100+","10 de agosto de 2026 a las 6:50:00 UTC-3","10 de agosto de 2026 a las 7:40:00 UTC-3","temperatura porto alegre","./explore?q=temperatura%20porto%20alegre&geo=BR"
"quem","100+","13 de agosto de 2026 a las 7:10:00 UTC-3","13 de agosto de 2026 a las 7:30:00 UTC-3","quem","./explore?q=quem&geo=BR"
"tobey maguire","100+","10 de agosto de 2026 a las 1:50:00 UTC-3","10 de agosto de 2026 a las 3:00:00 UTC-3","tobey maguire","./explore?q=tobey%20maguire&geo=BR"
"dolar","100+","11 de agosto de 2026 a las 13:10:00 UTC-3","11 de agosto de 2026 a las 20:30:00 UTC-3","dolar","./explore?q=dolar&geo=BR"
"fatal","100+","10 de agosto de 2026 a las 2:50:00 UTC-3","10 de agosto de 2026 a las 4:00:00 UTC-3","fatal","./explore?q=fatal&geo=BR"
"guilherme leonel","100+","9 de agosto de 2026 a las 8:40:00 UTC-3","9 de agosto de 2026 a las 9:30:00 UTC-3","guilherme leonel","./explore?q=guilherme%20leonel&geo=BR"
"malmo ff","100+","9 de agosto de 2026 a las 9:50:00 UTC-3","9 de agosto de 2026 a las 10:30:00 UTC-3","malmo ff","./explore?q=malmo%20ff&geo=BR"
"test","100+","9 de agosto de 2026 a las 5:50:00 UTC-3","9 de agosto de 2026 a las 7:30:00 UTC-3","test","./explore?q=test&geo=BR"
"temperatura curitiba","100+","10 de agosto de 2026 a las 6:10:00 UTC-3","10 de agosto de 2026 a las 6:50:00 UTC-3","temperatura curitiba","./explore?q=temperatura%20curitiba&geo=BR"
"desenrola brasil","100+","9 de agosto de 2026 a las 7:10:00 UTC-3","9 de agosto de 2026 a las 7:40:00 UTC-3","desenrola brasil","./explore?q=desenrola%20brasil&geo=BR"
"axia3","100+","10 de agosto de 2026 a las 12:50:00 UTC-3","10 de agosto de 2026 a las 13:20:00 UTC-3","axia3","./explore?q=axia3&geo=BR"
"previsao tempo","100+","10 de agosto de 2026 a las 6:30:00 UTC-3","10 de agosto de 2026 a las 7:10:00 UTC-3","previsao tempo","./explore?q=previsao%20tempo&geo=BR"
"f","100+","9 de agosto de 2026 a las 3:20:00 UTC-3","9 de agosto de 2026 a las 6:10:00 UTC-3","f","./explore?q=f&geo=BR"
"maju coutinho","100+","10 de agosto de 2026 a las 0:00:00 UTC-3","10 de agosto de 2026 a las 0:20:00 UTC-3","maju coutinho","./explore?q=maju%20coutinho&geo=BR"
"previsão do tempo caxias do sul","100+","11 de agosto de 2026 a las 6:40:00 UTC-3","11 de agosto de 2026 a las 7:00:00 UTC-3","previsão do tempo caxias do sul","./explore?q=previs%C3%A3o%20do%20tempo%20caxias%20do%20sul&geo=BR"
"mlb","100+","11 de agosto de 2026 a las 6:20:00 UTC-3","11 de agosto de 2026 a las 6:40:00 UTC-3","mlb","./explore?q=mlb&geo=BR"
"t","100+","10 de agosto de 2026 a las 5:30:00 UTC-3","10 de agosto de 2026 a las 5:50:00 UTC-3","t","./explore?q=t&geo=BR"