"Tendencias","Volumen de búsquedas","Inicio","Finalizada","Desglose de tendencias","Enlace a Explorar"
"flamengo x botafogo","1 M+","28 de agosto de 2026 a las 19:50:00 UTC-3",,"flamengo x botafogo,classificações de flamengo x botafogo,flamengo-botafogo,botafogo x flamengo,flamengo e botafogo,flamengo - botafogo,flamengo vs botafogo,samuel lino,flamengo x botafogo onde assistir,onde assistir flamengo x botafogo,jogo do flamengo-botafogo,resultado do jogo do flamengo-botafogo,resultado do jogo flamengo-botafogo,flamengo botafogo,gabriel batista,botafogo-flamengo,quanto tá o jogo do flamengo-botafogo,resultado de flamengo-botafogo,botafogo e flamengo,tabela do brasileirão série a,onde assistir flamengo-botafogo,quanto foi o jogo do flamengo-botafogo,jogo flamengo e botafogo,arthur cabral,escalações de flamengo x botafogo,ge tv,flamengo vs botafogo standings,resultado do flamengo-botafogo,fla x botafogo,quanto tá o jogo flamengo-botafogo,flamengo x botafogo ao vivo,carrascal,jogo flamengo-botafogo,estatísticas de flamengo x botafogo,luiz araújo,que hora é o jogo do flamengo-botafogo,resultado flamengo-botafogo,flamengo-botafogo ao vivo,flamengo onde assistir,flamengo e botafogo onde assistir,placar do jogo flamengo-botafogo,como é que tá o jogo do flamengo-botafogo,jogo do flamengo hoje onde assistir,quanto que tá o jogo do flamengo-botafogo,quanto ficou o jogo do flamengo-botafogo,quanto tá o jogo do botafogo-flamengo,onde vai passar o jogo do flamengo-botafogo,edenilson,que horas é o jogo do flamengo-botafogo,melhores momentos de flamengo-botafogo,placar do jogo do flamengo-botafogo,onde vai passar flamengo-botafogo,melhores momentos flamengo-botafogo,brasileirao 2026,onde assistir flamengo e botafogo,programação globo hoje,onde assistir flamengo-botafogo hoje,flamengo botafogo 30/08/2026,horário do jogo flamengo-botafogo,que hora que é o jogo do flamengo-botafogo,jogos do campeonato brasileiro hoje,campeonato brasileiro série a 2026","./explore?q=flamengo%20x%20botafogo&geo=BR"
"corinthians x santos","1 M+","29 de agosto de 2026 a las 11:50:00 UTC-3",,"corinthians x santos,classificações de corinthians x santos futebol clube,santos x corinthians,santos e corinthians,corinthians-santos,corinthians e santos,santos x,santos-corinthians,corinthians x santos onde assistir,corinthians x santos futebol clube,corinthians x,corinthians vs santos,resultado do jogo corinthians-santos,resultado do jogo do corinthians-santos,corinthians - santos,onde assistir corinthians-santos,jogo do corinthians-santos,yuri alberto,escalações de corinthians x santos futebol clube,jogo corinthians,santos vs corinthians,jogo santos e corinthians,resultado de corinthians-santos,memphis depay,santos x corinthians onde assistir,santos futebol clube,jogo do santos-corinthians,onde assistir corinthians e santos,resultado do jogo santos-corinthians,quanto tá o jogo do corinthians-santos,santos e corinthians hoje,onde assistir corinthians hoje,quanto foi o jogo do corinthians-santos,santos x corinthians ao vivo,onde vai passar o jogo do corinthians,corinthians santos,corinthians onde assistir,onde assistir corinthians x santos,corinthians x santos futebol clube minuto a minuto,onde assistir corinthians x santos futebol clube,resultado do jogo do santos-corinthians,resultado do corinthians-santos,placar do jogo do corinthians,jogo corinthians e santos,estatísticas de corinthians x santos futebol clube,onde assistir corinthians,corinthians x santos ao vivo,onde assistir o jogo do corinthians hoje,santos corinthians,resultado corinthians-santos,resultado de santos-corinthians,onde assistir santos-corinthians,santos e corinthians onde assistir,santos onde assistir,quanto tá o jogo do santos-corinthians,quanto tá o jogo corinthians-santos,onde vai passar corinthians-santos,corinthians-santos ao vivo,jogo corinthians-santos,corinthians e santos onde vai passar,corinthians ao vivo,quanto foi o jogo do santos-corinthians,brasileiro,jogo corinthians hoje,corinthians hoje onde assistir,jogo do corinthians onde assistir,corinthians onde assistir hoje,onde assistir santos e corinthians,gabriel bontempo,onde assistir o jogo do corinthians,onde vai passar o jogo do corinthians hoje,jogo do corinthians hoje ao vivo,jogo do corinthians hoje onde assistir,onde vai passar o jogo do corinthians-santos,onde assistir corinthians-santos hoje,resultado do santos-corinthians,quanto ficou o jogo do corinthians-santos,corinthians e santos onde assistir,corinthians-santos onde assistir,corinthians fc,onde assistir santos hoje,willian arão,corinthians santos 30/08/2026,placar do jogo corinthians-santos,aonde assistir corinthians-santos,corinthians e santos hoje,jogo do corinthians ao vivo,qual jogo vai passar na globo hoje,gol do santos,santos ao vivo,onde assistir jogo do corinthians hoje,onde assistir o jogo do corinthians-santos,onde vai passar corinthians e santos,onde ta passando o jogo do corinthians,quanto que tá o jogo do corinthians-santos,resultado do jogo de corinthians-santos,premiere ao vivo,sccp,corinthians jogos,quanto foi o jogo corinthians-santos,placar do jogo do santos,onde assistir santos x corinthians,corinthians-santos hoje,corinthians-santos resultado,jogo do corinthians de hoje,corinthians vs santos onde assistir,campeonato brasileiro serie a,fiel torcedor,ingressos corinthians","./explore?q=corinthians%20x%20santos&geo=BR"
"bahia x internacional","500 mil+","30 de agosto de 2026 a las 9:30:00 UTC-3",,"bahia x internacional,classificações de esporte clube bahia x internacional,internacional,bahia,jogo do bahia,inter,inter x bahia,erick pulga,inter x,bahia x,esporte clube bahia,bahia vs internacional,bahia e internacional,jogo inter,jogo bahia,inter e bahia,bahia x inter,bahia - internacional,internacional x bahia,ec bahia,alan patrick,inter jogo,bahia e inter,bahia internacional,bahia x internacional onde assistir,rádio gaúcha,inter bahia,internacional x,inter hoje ao vivo,bahia hoje,bahia x inter onde assistir,onde assistir bahia x inter,internacional e bahia,inter x bahia onde assistir,bahia x internacional onde vai passar,sc internacional,onde assistir bahia e inter,onde vai passar o jogo do inter","./explore?q=bahia%20x%20internacional&geo=BR"
"mirassol x palmeiras","1 M+","29 de agosto de 2026 a las 17:40:00 UTC-3",,"mirassol x palmeiras,palmeiras x mirassol,abel ferreira,onde assistir jogo mirassol x palmeiras,palmeiras e mirassol,mirassol-palmeiras,mirassol x palmeiras onde assistir,palmeiras hoje,palmeiras x,jogo do palmeiras,palmeiras x mirassol hoje,palmeiras onde assistir,sociedade esportiva palmeiras,mirassol vs palmeiras,mirassol - palmeiras,mirassol x palmeiras hoje,resultado do jogo mirassol-palmeiras,resultado do jogo do palmeiras e mirassol,onde assistir mirassol-palmeiras,onde assistir mirassol x palmeiras,palmeiras e mirassol hoje,palmeiras x mirassol onde assistir,mirassol e palmeiras,onde assistir palmeiras hoje,onde assistir palmeiras e mirassol,resultado do jogo palmeiras e mirassol,mirassol,jogo palmeiras,palmeiras x mirassol ao vivo,onde assistir mirassol x sociedade esportiva palmeiras,mirassol futebol clube,onde assistir palmeiras,palmeiras-mirassol,jogo do palmeiras e mirassol,onde assistir o jogo do palmeiras,quanto tá o jogo do palmeiras e mirassol,palmeiras hoje onde assistir,jogo palmeiras hoje,onde assistir palmeiras-mirassol,quanto foi o jogo do palmeiras,resultado de palmeiras e mirassol,onde vai passar o jogo do palmeiras,palmeiras hoje ao vivo,palmeiras ao vivo,palmeiras joga hoje,placar do jogo do palmeiras,jogo do palmeiras ao vivo hoje,palmeiras e mirassol onde assistir,jogo do palmeiras hoje onde assistir,próximo jogo do palmeiras,resultado do palmeiras e mirassol,palmeiras onde assistir hoje,jogo do mirassol-palmeiras,mirassol e palmeiras onde assistir,palmeiras fc,jogo palmeiras hoje onde assistir,mirassol x,resultado do jogo palmeiras-mirassol,palmeiras mirassol,mirassol x palmeiras placar,onde assistir o jogo do palmeiras hoje,onde assistir mirassol e palmeiras,palmeiras x mirassol hj,mirassol x palmeiras ao vivo,jogo do palmeiras ao vivo,pal,palmeiras jogos,mirassol x palmeiras hj,resultado jogo do palmeiras,maurício,onde assistir palmeiras x mirassol,qual canal vai passar o jogo do palmeiras,quanto tá o jogo do mirassol-palmeiras,o jogo do palmeiras,que hora é o jogo do palmeiras,palmeiras e mirassol ao vivo,horário do jogo do palmeiras,onde vai passar o jogo do palmeiras hoje,mirassol x palmeiras transmissão,resultado do jogo do mirassol-palmeiras,quanto tá o jogo mirassol-palmeiras,aonde assistir mirassol-palmeiras,palmeiras x mirasol,jogo do palmeiras onde assistir,jogo do palmeiras hoje ao vivo,como é que tá o jogo do palmeiras e mirassol,resultado do jogo do palmeiras-mirassol,palmeiras x mirassol masculino,mirassol-palmeiras ao vivo,quanto foi o jogo do palmeiras e mirassol,palmeiras e mirasol,jogo palmeiras e mirassol,mirasol,jogo mirassol-palmeiras,mirassol x sociedade esportiva palmeiras,jogo do palmeiras-mirassol,jogos do palmeiras,que horas é o jogo do palmeiras,resultado do mirassol-palmeiras,mirasol x palmeiras,palmeiras transmissão,onde assistir jogo do palmeiras hoje,onde assistir palmeiras e mirassol hoje,mirassol palmeiras 30/08/2026,jogo do palmeiras de hoje,quanto tá o jogo palmeiras e mirassol,placar do jogo mirassol-palmeiras,onde vai passar mirassol-palmeiras,palmeiras-mirassol onde assistir,palmeiras vs mirassol,palmeiras jogo,campeonato brasileiro,onde vai passar palmeiras e mirassol,onde assistir mirassol-palmeiras hoje,onde vai passar palmeiras-mirassol,palmeiras-mirassol ao vivo,rodada do brasileirão,resultado palmeiras,aonde vai passar o jogo do palmeiras,mirassol x palmeiras em tempo real,onde assistir o palmeiras hoje,onde assistir jogo do palmeiras,que hora que é o jogo do palmeiras,palmeiras x onde assistir,onde vai passar o jogo do palmeiras e mirassol,resultado palmeiras e mirassol,mirassol x palmeiras masculino,qual canal vai passar o jogo do palmeiras hoje,aonde assistir o jogo do palmeiras,palmeiras mirassol onde assistir,mirassol palmeiras,resultado do jogo de mirassol-palmeiras,aonde assistir palmeiras-mirassol,palmeiras vs,que canal vai passar o jogo do palmeiras,onde vai passar palmeiras hoje,mirassol-palmeiras hoje,palmeiras mirassol hoje,mirassol x palmeiras assistir online,palmeiras joga que horas,resultado do jogo de palmeiras e mirassol,placar de mirassol-palmeiras,qual canal vai passar palmeiras-mirassol,palmeiras x mirassol 2026,mirassol x palmeira,mirassol x palmeiras resultado,campeonato brasileiro 2026,tabela do brasileirão 2025,jogo palmeiras onde assistir,onde vai passar mirassol e palmeiras,mirassol fc,que canal vai passar mirassol-palmeiras,qual canal vai transmitir mirassol-palmeiras,onde vai passar o jogo do palmeiras-mirassol,onde assistir o palmeiras,mirassol e palmeiras hoje,em qual canal vai passar o jogo do palmeiras,que hora é o jogo do palmeiras hoje,placar palmeiras,mirassol-palmeiras resultado,resultado do palmeiras-mirassol,mirassol vs palmeiras onde assistir,onde vai passar palmeiras,que horas é o jogo do palmeiras hoje,quanto ficou o jogo do palmeiras e mirassol,internacional classificação,brasileirao serie a,aonde está passando o jogo do palmeiras,horário do jogo do palmeiras hoje,onde está passando mirassol-palmeiras,aonde assistir palmeiras e mirassol,quanto que tá o jogo do palmeiras e mirassol,assistir jogo ao vivo,placar de palmeiras e mirassol","./explore?q=mirassol%20x%20palmeiras&geo=BR"
"nepal","500 mil+","26 de agosto de 2026 a las 8:20:00 UTC-3",,"nepal,enchentes no nepal,o que aconteceu no nepal,nepal o que aconteceu,onde fica nepal,avalanche nepal,onde fica o nepal,nepal enchente,geleira,tragedia no nepal,inundação,tibete,enchente no nepal,tragédia no nepal,terremoto nepal,avalanche,desastre,avalanche de lama nepal,desastre no nepal,himalaia,fantastico,notícia,inundação no nepal,nepal hoje,enchente nepal,avalanche no nepal,deslizamento no nepal,inundação nepal,nepal tragedia,o que aconteceu no nepal?,enchentes no nepal hoje,tsunami,tsunami nepal,terremoto no nepal,onde fica nepal em que país,cordilheira do himalaia,avalanche de lama no nepal","./explore?q=nepal&geo=BR"
"vasco da gama x cruzeiro","1 M+","29 de agosto de 2026 a las 17:20:00 UTC-3",,"vasco da gama x cruzeiro,classificações de vasco x cruzeiro esporte clube,vasco x cruzeiro,vasco,cruzeiro x vasco,vasco e cruzeiro,vasco-cruzeiro,vasco x cruzeiro onde assistir,cruzeiro e vasco,vasco da gama - cruzeiro,vasco x,vasco vs cruzeiro,vitoria,vasco x cruzeiro esporte clube,vasco hoje,resultado do jogo vasco-cruzeiro,jogo do vasco,cruzeiro x,resultado do jogo do vasco-cruzeiro,lucas freitas,cruzeiro,onde assistir vasco-cruzeiro,resultado de vasco-cruzeiro,cruzeiro hoje,jogo vasco,vasco da gama,vasco cruzeiro,jogo do vasco-cruzeiro,premiere,cruzeiro x vasco da gama,resultado do vasco-cruzeiro,jogo vasco hoje,onde assistir vasco x cruzeiro,melhores momentos de vasco-cruzeiro,vitória,vasco e cruzeiro onde assistir,vasco.,vasco da gama x cruzeiro onde assistir,jogos de vasco,onde assistir vasco e cruzeiro,escalações de vasco x cruzeiro esporte clube,vasco onde assistir,onde assistir vasco hoje,quanto tá o jogo do vasco-cruzeiro,estatísticas de vasco x cruzeiro esporte clube,onde assistir vasco x cruzeiro esporte clube,vasco e cruzeiro hoje,onde assistir o jogo do vasco,tche tche,onde vai passar o jogo do vasco,tabela brasileirao,onde assistir cruzeiro hoje,onde assistir cruzeiro e vasco,jonathan jesus,cruzeiro x vasco onde assistir,quanto foi o jogo do vasco-cruzeiro,onde assistir vasco-cruzeiro hoje,zé lucas,horário do jogo do cruzeiro,vasco cruzeiro onde assistir,jogo do vasco hoje onde assistir,onde assistir vasco,resultado copa do brasil,jogo do cruzeiro e vasco,vasco jogo,aonde assistir vasco-cruzeiro,vasco-cruzeiro onde assistir,vasco da gama x,pedro emanuel,cruzeiro vasco","./explore?q=vasco%20da%20gama%20x%20cruzeiro&geo=BR"
"grêmio x chapecoense","500 mil+","30 de agosto de 2026 a las 15:40:00 UTC-3",,"grêmio x chapecoense,classificações de grêmio x chapecoense,gremio,gremio x chapecoense,jogo do gremio,gremio x,grêmio,grêmio vs chapecoense,jogo do grêmio,grêmio - chapecoense,jogo gremio hoje,grêmio e chapecoense,gremio hoje,gremio x chapecoense onde assistir,chapecoense,grêmio x,gremio e chapecoense,onde assistir grêmio x chapecoense,jogo do grêmio hoje,gremio onde assistir,horário do jogo do grêmio,grêmio x chapecoense onde assistir,onde vai passar o jogo do grêmio,chapecoense x,jogo do gremio onde assistir,onde assistir gremio hoje,onde assistir o jogo do grêmio hoje,onde assistir gremio x chapecoense,onde assistir o jogo do grêmio,onde assistir grêmio e chapecoense,gremio ao vivo,escalações de grêmio x chapecoense,jogos de grêmio","./explore?q=gr%C3%AAmio%20x%20chapecoense&geo=BR"
"real madrid x málaga","200 mil+","30 de agosto de 2026 a las 11:00:00 UTC-3",,"real madrid x málaga,jude bellingham,kylian mbappé,malaga,bellingham,real madrid vs málaga cf standings,real madrid fc","./explore?q=real%20madrid%20x%20m%C3%A1laga&geo=BR"
"alerta vermelho: tempestade","1 M+","30 de agosto de 2026 a las 10:30:00 UTC-3",,"alerta vermelho: tempestade,chuva,tempo,previsão,alerta laranja: tempestade,climatempo,defesa civil,clima para amanhã,tempo para amanhã,previsao,clima para hoje,tempestade,inmet,clima de hoje,clima tempo hoje,defesa civil do rio grande do sul,cavado,alerta amarelo tempestade,g1 rs,clima tempo rio de janeiro,ciclone,previsão do tempo,temperatura de hoje,temperatura agora,frente fria,alerta amarelo: tempestade,o tempo,rádio itatiaia,clima tempo rj,pelotas,clima rio de janeiro,meteorologista,previsão do tempo londrina,previsao tempo,previsão do tempo campinas,temperatura hoje,previsão do tempo hoje,clima em rio de janeiro","./explore?q=alerta%20vermelho%3A%20tempestade&geo=BR"
"athletico-pr x fluminense","500 mil+","30 de agosto de 2026 a las 9:40:00 UTC-3",,"athletico-pr x fluminense,classificações de athletico-pr x fluminense,fluminense,athletico pr,atletico pr,athletico,brasileirao,atlético paranaense,fluminense x athletico pr,fluminense football club,athletico-pr vs fluminense,club athletico paranaense,athletico paranaense,fluminense x,athletico-pr - fluminense,cap,fluminense hoje,fluminense-atlético paranaense,jogo do athletico paranaense,flu,athletico-pr,jogo do atlético paranaense,athletico pr x fluminense onde assistir,atlético paranaense e fluminense,jogo do fluminense,atlético paranaense-fluminense,athletico pr x fluminense,athletico x fluminense,onde assistir atlético paranaense-fluminense,athletico paranaense x fluminense,onde assistir athletico-pr x fluminense,flu x,paranaense - fluminense,jogo fluminense,fluminense fc,athletico pr x,atletico pr x,athletico-pr vs fluminense fc standings,onde assistir fluminense hoje,jogo athletico pr hoje,atletico x fluminense,onde assistir fluminense-atlético paranaense,fluminense x athletico-pr,resultado do jogo fluminense-atlético paranaense,fluminense onde assistir,atlético-fluminense,atletico paranaense,atlético pr,estatísticas de athletico-pr x fluminense,agustín canobbio,athletico-pr x fluminense onde assistir,jogo atlético paranaense,athletico paranaense fluminense 30/08/2026,athletico x fluminense onde assistir","./explore?q=athletico-pr%20x%20fluminense&geo=BR"
"marcos penido jornalista","200 mil+","29 de agosto de 2026 a las 16:10:00 UTC-3",,"marcos penido jornalista,marcos penido,jornalista,penido","./explore?q=marcos%20penido%20jornalista&geo=BR"
"carlos monforte","20 mil+","31 de agosto de 2026 a las 8:50:00 UTC-3",,"carlos monforte,carlos monforte jornalista","./explore?q=carlos%20monforte&geo=BR"
"gabriel jesus","50 mil+","30 de agosto de 2026 a las 9:40:00 UTC-3",,"gabriel jesus,gabriel jesus barcelona,gabriel jesus no barcelona,gabriel jesus palmeiras","./explore?q=gabriel%20jesus&geo=BR"
"ps5","200 mil+","27 de agosto de 2026 a las 16:00:00 UTC-3",,"ps5,playstation,playstation plus essential,psn","./explore?q=ps5&geo=BR"
"classificações de real madrid x málaga club de fútbol","100 mil+","30 de agosto de 2026 a las 14:00:00 UTC-3",,"classificações de real madrid x málaga club de fútbol,la liga,real madrid x,jogo do real madrid,campeonato espanhol,real,real madrid x malaga,real madri,jogo real madrid,real x,vini jr,real madrid onde assistir,onde assistir real madrid hoje,mbappe,real madrid hoje,real madrid x málaga club de fútbol,malaga fc,real madrid x málaga onde assistir,jogo real madrid hoje,onde assistir real madrid,real x malaga,escalações de real madrid x málaga club de fútbol,laliga","./explore?q=classifica%C3%A7%C3%B5es%20de%20real%20madrid%20x%20m%C3%A1laga%20club%20de%20f%C3%BAtbol&geo=BR"
"rainha de rodeio lara alves rueda","20 mil+","31 de agosto de 2026 a las 7:30:00 UTC-3",,"rainha de rodeio lara alves rueda,lara alves rueda,rodeio","./explore?q=rainha%20de%20rodeio%20lara%20alves%20rueda&geo=BR"
"últimas pesquisas para presidente 2026 datafolha","200 mil+","29 de agosto de 2026 a las 8:40:00 UTC-3",,"últimas pesquisas para presidente 2026 datafolha,datafolha,pesquisa eleitoral presidente 2026,pesquisa datafolha para presidente 2026 hoje,pesquisas para presidente 2026,datafolha pesquisa","./explore?q=%C3%BAltimas%20pesquisas%20para%20presidente%202026%20datafolha&geo=BR"
"vila nova x ceará sc","50 mil+","30 de agosto de 2026 a las 17:30:00 UTC-3",,"vila nova x ceará sc,ceara x,vila nova x,jogo do ceará,ceara,vila nova x ceara,ceará sporting club,diario do nordeste,ceará,jogo do vila nova,ceara sc,jogo ceara","./explore?q=vila%20nova%20x%20cear%C3%A1%20sc&geo=BR"
"marcelo gasparini","10 mil+","31 de agosto de 2026 a las 7:20:00 UTC-3",,"marcelo gasparini,dupla sertaneja","./explore?q=marcelo%20gasparini&geo=BR"
"anthony valencia","200 mil+","30 de agosto de 2026 a las 11:20:00 UTC-3",,"anthony valencia,joaquín freitas,joaquin freitas,flamengo,jogo do flamengo,fla,anthony valencia flamengo,ge tv ao vivo,flamengo classificação","./explore?q=anthony%20valencia&geo=BR"
"crb x criciúma","50 mil+","30 de agosto de 2026 a las 17:10:00 UTC-3",,"crb x criciúma,classificações de crb x criciuma ec,crb,criciuma,crb x,criciúma,criciúma esporte clube,jogo do crb,clube de regatas brasil","./explore?q=crb%20x%20crici%C3%BAma&geo=BR"
"morango cravejado","20 mil+","25 de agosto de 2026 a las 11:50:00 UTC-3",,"morango cravejado,morango","./explore?q=morango%20cravejado&geo=BR"
"mãe","20 mil+","30 de agosto de 2026 a las 13:30:00 UTC-3",,"mãe","./explore?q=m%C3%A3e&geo=BR"
"universidade estadual de campinas","50 mil+","29 de agosto de 2026 a las 16:40:00 UTC-3",,"universidade estadual de campinas,aluna e orientadora morrem,defesa póstuma unicamp","./explore?q=universidade%20estadual%20de%20campinas&geo=BR"
"maya massafera","20 mil+","30 de agosto de 2026 a las 13:10:00 UTC-3",,"maya massafera,colesterol,maia massafera,metropoles","./explore?q=maya%20massafera&geo=BR"
"eleição","10 mil+","31 de agosto de 2026 a las 7:20:00 UTC-3",,"eleição","./explore?q=elei%C3%A7%C3%A3o&geo=BR"
"neide duarte","100 mil+","29 de agosto de 2026 a las 20:00:00 UTC-3",,"neide duarte,mauro machado,entrevista lula,sabatina jornal nacional,globo ao vivo,jornal nacional,lula jornal nacional,powerpoint lula,lula no jn,lula globo,natuza nery,sabatina lula,entrevista do lula na globo,lula no jornal nacional,jornal nacional ao vivo,lula sabatina globo,debate globo,horario entrevista lula,jornal nacional hoje ao vivo agora,sabatina globo,tv globo ao vivo,entrevista com lula,cesar tralli,lula ao vivo,jornal nacional de hoje,lula e renata vasconcelos,que horas começa o jornal nacional,sabatina lula jornal nacional,carlos lupi,power point lula,entrevista do lula,entrevista jornal nacional,powerpoint lula globo,lula no jornal nacional hoje,metropoles","./explore?q=neide%20duarte&geo=BR"
"david vasco","200 mil+","31 de agosto de 2026 a las 7:10:00 UTC-3",,"david vasco,david correa,dvd vasco,hayner,david correa vasco,santos,jogador do santos preso,renyer oliveira,david corrêa,vila nova,david,santos fc,jogo do santos,renyer,jogador do vasco,david corrêa vasco,jogador santos preso,jogador do vasco preso,david corrêa da fonseca,notícia,renyer santos,atleta do santos preso,jogador do santos preso hoje,vila nova futebol clube,jogador do santos é preso,globo sp,vila,ge.globo/craque,santos.","./explore?q=david%20vasco&geo=BR"
"independiente rivadavia x racing","20 mil+","30 de agosto de 2026 a las 20:50:00 UTC-3",,"independiente rivadavia x racing,independiente rivadavia racing club 30/08/2026,racing club","./explore?q=independiente%20rivadavia%20x%20racing&geo=BR"
"mega sena 3051","50 mil+","29 de agosto de 2026 a las 21:30:00 UTC-3",,"mega sena 3051,resultado mega sena 3051,mega sena 3050,mega sena 3049,mega 3051,prémio,resultado da mega sena concurso 3051,resultado da mega sena 3051,resultado da mega-sena concurso 3051,mega sena 3051 resultado,resultado da mega-sena 3051,resultado mega sena 3050,resultado da mega sena concurso 3050,resultado da mega sena 3050,mega 3050,mega sena sorteio,resultado da mega-sena concurso 3050,resultado da mega sena concurso 3049,resultado mega sena 3049,mega-sena 3051,resultado da mega-sena 3050,concurso da mega sena 3049,mega 3049,mega sena 3049 resultado,resultado da mega sena 3049,mega sena 3050 resultado,resultado da mega-sena concurso 3049,mega-sena de hoje","./explore?q=mega%20sena%203051&geo=BR"
"djokovic","20 mil+","30 de agosto de 2026 a las 19:30:00 UTC-3",,"djokovic,usopen,us open de ténis,navone","./explore?q=djokovic&geo=BR"
"juliano cazarré","5 mil+","30 de agosto de 2026 a las 21:40:00 UTC-3",,"juliano cazarré","./explore?q=juliano%20cazarr%C3%A9&geo=BR"
"calendário setembro 2026","20 mil+","31 de agosto de 2026 a las 7:30:00 UTC-3",,"calendário setembro 2026,feriado nacional,7 de setembro é feriado nacional,setembro,7 de setembro,feriado setembro,feriados,feriados setembro 2026,feriados setembro,calendário","./explore?q=calend%C3%A1rio%20setembro%202026&geo=BR"
"lucas & matheus","10 mil+","30 de agosto de 2026 a las 20:50:00 UTC-3",,"lucas & matheus,sepultamento","./explore?q=lucas%20%26%20matheus&geo=BR"
"xbox series x","20 mil+","27 de agosto de 2026 a las 3:20:00 UTC-3",,"xbox series x,series s","./explore?q=xbox%20series%20x&geo=BR"
"celso portiolli","2 mil+","31 de agosto de 2026 a las 11:00:00 UTC-3",,"celso portiolli","./explore?q=celso%20portiolli&geo=BR"
"nicole louise","10 mil+","30 de agosto de 2026 a las 7:30:00 UTC-3",,"nicole louise","./explore?q=nicole%20louise&geo=BR"
"o homem que sussurra","20 mil+","28 de agosto de 2026 a las 16:50:00 UTC-3",,"o homem que sussurra,o homem que sussurra elenco,robert de niro,suspense,filme netflix","./explore?q=o%20homem%20que%20sussurra&geo=BR"
"edital seduc pa 2026","10 mil+","31 de agosto de 2026 a las 8:00:00 UTC-3",,"edital seduc pa 2026,edital seduc pa,seduc pa,concurso seduc pa,edital seduc","./explore?q=edital%20seduc%20pa%202026&geo=BR"
"the early spring","20 mil+","26 de agosto de 2026 a las 20:50:00 UTC-3",,"the early spring","./explore?q=the%20early%20spring&geo=BR"
"muzema","20 mil+","30 de agosto de 2026 a las 15:10:00 UTC-3",,"muzema,ônibus,tiroteio,zona sudoeste do rio de janeiro","./explore?q=muzema&geo=BR"
"são paulo x bragantino","500 mil+","29 de agosto de 2026 a las 16:20:00 UTC-3","31 de agosto de 2026 a las 9:00:00 UTC-3","são paulo x bragantino,classificações de são paulo futebol clube x bragantino,sao paulo,sao paulo x bragantino,gustavo domingos santana,são paulo-bragantino,sao paulo x,spfc,são paulo,são paulo futebol clube,jogo do são paulo,são paulo vs bragantino,sao paulo fc,são paulo - bragantino,jogo sao paulo,sao paulo hoje,onde assistir são paulo-bragantino,red bull bragantino,jogo sao paulo hoje,sao paulo x bragantino onde assistir,são paulo x bragantino onde assistir,jogo do sao paulo hoje,são paulo x,resultado de são paulo-bragantino,resultado do jogo são paulo-bragantino,onde assistir são paulo futebol clube x bragantino,jogo do sao paulo,sao paulo e bragantino,resultado do jogo do são paulo-bragantino,quanto tá o jogo do são paulo,são paulo fc,sao paulo onde assistir,spfc x,são paulo fc vs red bull bragantino standings,spfc x bragantino,jogo são paulo,são paulo e bragantino,são paulo hoje,onde assistir sao paulo x bragantino,gustavo santana spfc,onde assistir sao paulo hoje,são paulo futebol clube x bragantino,jogo do são paulo-bragantino,sao.paulo,sao,são paulo x bragantino ao vivo,jogo do sp,jogo sp,estatísticas de são paulo futebol clube x bragantino,onde assistir o jogo do são paulo,onde vai passar o jogo do são paulo,sao paulo ao vivo,são paulo futebol clube x bragantino minuto a minuto,onde assistir o jogo do são paulo hoje,onde assistir sao paulo,jogo do são paulo hoje ao vivo,quanto tá o jogo do são paulo-bragantino,são paulo-bragantino onde assistir,escalações de são paulo futebol clube x bragantino,jogador calleri,onde assistir são paulo-bragantino hoje,onde assistir são paulo e bragantino","./explore?q=s%C3%A3o%20paulo%20x%20bragantino&geo=BR"
"br-070","5 mil+","30 de agosto de 2026 a las 21:10:00 UTC-3",,"br-070","./explore?q=br-070&geo=BR"
"alerta extremo de tempestade","200 mil+","28 de agosto de 2026 a las 22:30:00 UTC-3","31 de agosto de 2026 a las 11:20:00 UTC-3","alerta extremo de tempestade,previsão do tempo,alerta amarelo: tempestade,previsao do tempo,previsão do tempo ponta grossa,previsão,previsão do tempo curitiba,tempo curitiba,alerta laranja: tempestade,parana","./explore?q=alerta%20extremo%20de%20tempestade&geo=BR"
"atlético-mg x ec vitória","1 M+","29 de agosto de 2026 a las 17:00:00 UTC-3","31 de agosto de 2026 a las 8:00:00 UTC-3","atlético-mg x ec vitória,vasco da gama x ec vitória,ecvitoria","./explore?q=atl%C3%A9tico-mg%20x%20ec%20vit%C3%B3ria&geo=BR"
"pesquisa atlas intel","2 mil+","31 de agosto de 2026 a las 8:50:00 UTC-3",,"pesquisa atlas intel,atlas","./explore?q=pesquisa%20atlas%20intel&geo=BR"
"pesquisa btg nexus presidente","100 mil+","31 de agosto de 2026 a las 9:30:00 UTC-3",,"pesquisa btg nexus presidente,atlas intel,pesquisa presidente,pesquisa btg nexus,augusto cury é de esquerda ou direita,augusto cury é de qual partido,btg nexus,augusto cury livros,cury candidato,partido avante,quem e augusto cury,pesquisa btg,augusto cury partido,augusto cury nas pesquisas,augusto cury pesquisa,quem é augusto cury candidato a presidente,anistia,augusto cury direita ou esquerda,partido augusto cury,renan santos é direita ou esquerda,augusto cury é de esquerda,avante","./explore?q=pesquisa%20btg%20nexus%20presidente&geo=BR"
"praia da pinheira","50 mil+","30 de agosto de 2026 a las 15:30:00 UTC-3",,"praia da pinheira,raio,mulher atingida por raio morreu,mulher atingida por raio palhoça,praia pinheira raio","./explore?q=praia%20da%20pinheira&geo=BR"
"pesquisa atlas","200 mil+","31 de agosto de 2026 a las 7:40:00 UTC-3",,"pesquisa atlas,atlasintel,pesquisa vox,pesquisa presidente 2026,pesquisa vox brasil,flávio,lula pesquisa eleitoral,eleições presidenciais,luiz inácio lula da silva,pesquisa eleitoral,quaest pesquisa,quaest presidente,flávio bolsonaro pesquisa eleitoral,pesquisa eleitoral atlasintel,poder360,candidatos a presidente 2026,candidato a presidente 2026,intenção de voto presidente 2026,pesquisa presidente,paraná pesquisa para presidente 2026,pesquisa para presidente,pesquisa para presidente do brasil 2026,1,pesquisas presidente 2026","./explore?q=pesquisa%20atlas&geo=BR"
"farol","5 mil+","31 de agosto de 2026 a las 6:30:00 UTC-3",,"farol,carro cai farol torres,farol torres","./explore?q=farol&geo=BR"
"lotofacil 3775","50 mil+","29 de agosto de 2026 a las 21:30:00 UTC-3",,"lotofacil 3775,lotofácil 3775,resultado da lotofácil concurso 3775,lotofacil 3773,loterias caixa lotofácil,resultado da lotofácil 3775,lotofacil 3774,lotofacil 3772,lotofacil 3771,lotofácil 3770,resultado da lotofácil concurso 3773,resultado da lotofácil 3774,lotofácil 3771,lotofácil hoje,resultado da lotofácil 3773,resultado da lotofácil concurso 3770,resultado da lotofácil concurso 3771,resultado lotofácil 3775,resultado da lotofácil 3771,resultado lotofácil 3773,resultado lotofacil 3775,resultado lotofacil 3770,lotofacil 3774 resultado,resultado lotofacil 3772,loteria,resultado da lotofácil de hoje,resultado lotofácil 3772,resultado lotofácil 3771,último resultado da lotofácil,lotofácil","./explore?q=lotofacil%203775&geo=BR"
"palmeiras x santos","1 M+","25 de agosto de 2026 a las 18:00:00 UTC-3","31 de agosto de 2026 a las 7:40:00 UTC-3","palmeiras x santos,santos x palmeiras,palmeiras e santos,palmeiras-santos,santos e palmeiras,palmeiras vs santos,santos-palmeiras,palmeiras - santos,palmeiras x santos onde assistir,santos,onde assistir palmeiras x santos,resultado de palmeiras-santos,neymar joga hoje,neymar vai jogar contra o palmeiras,jogo palmeiras e santos,jogos de hoje da copa do brasil,andreas pereira,palmeiras santos,onde assistir palmeiras-santos,jogo santos,jogo palmeiras,escalações de sociedade esportiva palmeiras x santos futebol clube,resultado palmeiras-santos,jogo palmeiras santos onde assistir,jogos da copa hoje,jogo palmeiras x santos,palmeiras e santos onde assistir,jogos de hoje copa do brasil,que hora é o jogo do palmeiras-santos,santos palmeiras,onde assistir palmeiras e santos,copa,santos x palmeiras onde assistir,santos vs palmeiras,estatísticas de sociedade esportiva palmeiras x santos futebol clube,copa do brasil onde assistir,jogo hoje,gabriel brazão,palmeiras x santos ao vivo,onde assistir palmeiras-santos hoje,palmeiras vs,jogos de hoje pela copa do brasil,que horas é o jogo do palmeiras-santos,horário do jogo do palmeiras-santos,neymar joga contra palmeiras,neymar vai jogar hoje,onde vai passar palmeiras-santos,gabigol,neymar nao joga hoje,escalação santos hoje,neymar joga hoje?,escalacao santos,palmeiras-santos onde assistir,horário do jogo palmeiras-santos,onde vai passar o jogo do palmeiras-santos,onde assistir santos-palmeiras,escalação do santos,palmeiras x santos: onde assistir,copa do.brasil,palmeiras-santos ao vivo,jogo copa do brasil,jogos do palmeiras,santos e palmeiras onde assistir,onde assistir palmeiras e santos hoje,palmeiras-santos ontem,qual canal vai passar o jogo do palmeiras-santos,qual canal vai passar palmeiras-santos,onde assistir copa do brasil,resultado jogo do palmeiras,tempo agora,copa.do brasil","./explore?q=palmeiras%20x%20santos&geo=BR"
"loja","10 mil+","30 de agosto de 2026 a las 12:30:00 UTC-3",,"loja","./explore?q=loja&geo=BR"
"cruzeiro x atlético-mg","2 M+","24 de agosto de 2026 a las 18:10:00 UTC-3","30 de agosto de 2026 a las 20:20:00 UTC-3","cruzeiro x atlético-mg,copa do brasil,cruzeiro,atletico x cruzeiro,galo x cruzeiro,copa brasil,cruzeiro x atletico mg,cruzeiro x atletico,cruzeiro x,onde assistir cruzeiro esporte clube x atlético-mg,cruzeiro x atlético-mg onde assistir,cruzeiro-atlético,cruzeiro-atlético mineiro,jogo cruzeiro e atlético,cruzeiro e atlético,cruzeiro vs atlético mineiro,galo,cruzeiro e atletico,jogo atletico e cruzeiro,cruzeiro - atlético-mg,resultado do jogo cruzeiro-atlético,galo e cruzeiro,jogo cruzeiro,renan lodi,atletico,placar do jogo do cruzeiro,resultado do jogo do cruzeiro-atlético,cruzeiro esporte clube x atlético-mg,jogo do cruzeiro-atlético,jogo galo e cruzeiro,atlético-cruzeiro,resultado do jogo do cruzeiro,cruzeiro onde assistir,jogo do galo hoje,atlético mineiro-cruzeiro,atletico e cruzeiro,cruzeiro e galo,jogo galo,jogo cruzeiro e atletico,placar do jogo do galo,onde assistir cruzeiro-atlético,jogo do cruzeiro e atlético,cruzeiro x atletico onde assistir,onde assistir cruzeiro-atlético mineiro,atletico mg,cruzeiro x atlético,onde assistir cruzeiro hoje,estatísticas de cruzeiro esporte clube x atlético-mg,jogo do cruzeiro hoje ao vivo,jogo cruzeiro x atletico mineiro,cruzeiro x galo,cruzeiro e atlético mineiro,atlético x cruzeiro,cruzeiro esporte clube x atlético-mg minuto a minuto,jogos da copa hoje,onde vai passar o jogo do cruzeiro,onde vai passar o jogo do cruzeiro hoje,escalações de cruzeiro esporte clube x atlético-mg,resultado do jogo atlético-cruzeiro,atlético-mg x cruzeiro,atlético,cruzeiro e atletico hoje,resultado de cruzeiro-atlético,resultado do jogo do atlético-cruzeiro,resultado do jogo cruzeiro-atlético mineiro,quanto tá o jogo do cruzeiro-atlético,itatiaia ao vivo,cbf,jogo do cruzeiro hoje onde assistir,atletico mg x cruzeiro,jogo do atlético-cruzeiro,cruzeiro - atlético mineiro,onde assistir cruzeiro-atlético hoje,resultado do cruzeiro-atlético,cruzeiro e atletico onde assistir,galo x,jogo do cruzeiro-atlético mineiro,cruzeiro x atlético mg,jogo do galo e cruzeiro,resultado do jogo do cruzeiro-atlético mineiro,onde assistir cruzeiro,quanto ficou o jogo do cruzeiro-atlético,cruzeiro x atlético-mg onde vai ser,jogo galo hoje,jogo cruzeiro-atlético,atlético e cruzeiro,atletico x cruzeiro onde assistir,onde assistir cruzeiro x atletico copa do brasil,galo hoje,cruzeiro atletico,onde assistir o jogo do cruzeiro hoje,cruzeiro x atlético-mg ao vivo,quanto tá o jogo cruzeiro-atlético,placar do jogo cruzeiro-atlético,qual canal vai transmitir o jogo do cruzeiro hoje,arroyo cruzeiro,resultado cruzeiro-atlético,quanto tá o jogo do atlético-cruzeiro,onde vai passar o jogo do galo,onde assistir cruzeiro e atlético,cruzeiro x atlético-mg ao vivo online,resultado da copa do brasil,jogo do cruzeiro onde assistir,onde vai passar cruzeiro x atletico,jogos de cruzeiro esporte clube,onde assistir o jogo do cruzeiro,horário do jogo cruzeiro-atlético,horário do jogo do cruzeiro,tabela copa do brasil 2026,cruzeiro onde assistir hoje,cruzeiro-atlético ao vivo,cruzeiro x atletico mg onde assistir,quanto que tá o jogo do cruzeiro-atlético,jogo do galo-cruzeiro,cruzeiro e atlético onde assistir,jogo do cruzeiro-atlético ao vivo,horário do jogo do cruzeiro-atlético,jogo do galo hoje onde assistir,resultado de cruzeiro-atlético mineiro,cruzeiro vs,cruzeiro vs atletico,galo x cruzeiro onde assistir,onde assistir jogo do cruzeiro hoje,onde vai passar o jogo do cruzeiro-atlético,cruzeiro x atlético onde assistir,quem joga hoje pela copa do brasil,cruzeiro x atlético-mg ao vivo agora,jogo atletico,onde assistir atlético-cruzeiro,cruzeiro x atlético-mg onde vai passar,jogo cruzeiro hoje onde assistir,jogo do galo onde assistir,jogo cruzeiro e atlético hoje,copa do brasil onde vai passar,galo cruzeiro,onde assistir cruzeiro x atletico,classico cruzeiro x atletico,fred atletico mg,cruzeiro-atlético onde assistir,placar do jogo,jogo galo hoje ao vivo,como é que tá o jogo do cruzeiro-atlético,atletico x,classico hoje,quanto foi o jogo do cruzeiro,assistir jogo ao vivo,onde assistir o jogo do galo hoje,lyanco,placar cruzeiro hoje,cruzeiro hoje onde assistir,jogo atlético e cruzeiro,galo e cruzeiro hoje,jogo atlético-cruzeiro,atletico mg onde assistir,placar do jogo do cruzeiro-atlético,quanto tá o jogo do galo-cruzeiro,onde assistir o jogo do cruzeiro-atlético,onde está passando o jogo do cruzeiro,como está o jogo do cruzeiro-atlético,onde vai passar o jogo do galo hoje,cruzeiro x galo onde assistir,qual canal vai passar cruzeiro-atlético,qual canal vai passar o jogo do cruzeiro-atlético,qual canal vai passar o jogo do cruzeiro,cruzeiro-atlético mineiro onde assistir,transmissão do jogo do cruzeiro hoje,jogo do cruzeiro e galo,onde assistir atletico x cruzeiro,quanto que tá o jogo do atlético-cruzeiro,onde vai passar cruzeiro-atlético,cruzeiro x atletico ao vivo,galo vs cruzeiro,cruzeiro hj,atletico e cruzeiro hoje,cruzeiro x atletico copa do brasil,cruzeiro e atlético hoje,jogo do galo e do cruzeiro,cru x atletico,onde assistir atlético mineiro-cruzeiro,placar cruzeiro,galo-cruzeiro,onde assistir cruzeiro e atletico,atletico e cruzeiro onde assistir,atletico vs cruzeiro,como tá o jogo do cruzeiro-atlético,cru x,fred atletico mineiro,quanto tá o jogo do cruzeiro-atlético mineiro,cruzeiro jogo,cruzeiro transmissão,arena mrv,que hora que é o jogo do cruzeiro-atlético,assistir cruzeiro cruzeiro x atlético mg,jogo do galo hoje ao vivo,jogo do brasil,aonde assistir cruzeiro-atlético mineiro,onde assistir atlético-cruzeiro hoje,quanto tá o jogo atlético-cruzeiro,quanto ficou o jogo do atlético-cruzeiro,resultado do jogo atlético mineiro-cruzeiro,atletico cruzeiro,cruzeiro.,onde ver o jogo do cruzeiro hoje,transmissão do jogo do cruzeiro,transmissão jogo do galo hoje,resultado de atlético-cruzeiro,onde assistir cruzeiro-atlético mineiro hoje,placar cruzeiro-atlético,placar do jogo do cruzeiro hoje,resultado do jogo do atlético mineiro-cruzeiro","./explore?q=cruzeiro%20x%20atl%C3%A9tico-mg&geo=BR"
"áfrica","5 mil+","30 de agosto de 2026 a las 14:00:00 UTC-3",,"áfrica","./explore?q=%C3%A1frica&geo=BR"
"zeca veloso","2 mil+","30 de agosto de 2026 a las 22:50:00 UTC-3",,"zeca veloso","./explore?q=zeca%20veloso&geo=BR"
"internacional x grêmio","1 M+","26 de agosto de 2026 a las 19:50:00 UTC-3","30 de agosto de 2026 a las 23:00:00 UTC-3","internacional x grêmio,grenal,grenal hoje,gremio x inter,inter x gremio,gremio x internacional,internacional,onde assistir internacional x grêmio,copa do brasil hoje,jogos de copa do brasil,grenal copa do brasil,jogo grêmio internacional,grêmio x internacional,jogos copa do brasil,jogo do gremio,internacional-grêmio,inter e gremio,inter,jogo da copa do brasil,internacional x grêmio onde assistir ao vivo,resultado grenal,placar grenal,resultado do jogo internacional-grêmio,jogo do internacional,grenal hoje onde assistir,gremio e inter,inter-grêmio,grenal hj,inter x gremio onde assistir,gremio hoje,internacional vs grêmio,grenal hoje placar,jogo gremio,grenal ao vivo,internacional x gremio,grêmio e internacional,onde assistir o grenal,internacional x grêmio onde assistir,resultado do grenal hoje,jovane cabral,gremio onde assistir,grenal onde assistir,internacional grêmio 27/08/2026,jogo grenal,internacional - grêmio,gremio fc,onde assistir o grenal hoje,internacional x,jogo gremio hoje,grêmio e inter,inter x,grenal onde assistir hoje,internacional e grêmio,jogo inter,grêmio-internacional,onde assistir grenal,jogo internacional,grenal horario,gremio x inter onde assistir,onde assistir inter-grêmio,internacional x grêmio ao vivo,jogo do internacional-grêmio,estatísticas de internacional x grêmio,onde assistir gremio x internacional,grêmio x,jogo grenal hoje,resultado do jogo do internacional-grêmio,horario grenal,inter x grêmio,tabela da copa do brasil,inter e grêmio,resultado do jogo do inter-grêmio,onde assistir grenal hoje,resultado da copa do brasil,carlos vinícius,escalações de internacional x grêmio,gremio e internacional,jogo do gremio hoje,inter gremio,gremio x internacional onde assistir,resultado do jogo inter-grêmio,antonio sanabria,internacional x gremio onde assistir,internacional x grêmio minuto a minuto,alan patrick,copa,gabriel mercado,jogo do inter-grêmio,internacional onde assistir,gremio inter,kannemann,inter e gremio copa do brasil,onde assistir grêmio e internacional,luís castro,grêmio hoje,onde assistir grêmio-internacional,inter vs gremio,jogo grêmio,jogo do grenal,ramon abatti abel,onde assistir o jogo do grêmio hoje,grenal resultado,onde assistir gremio hoje,onde assistir inter x gremio,jogo internacional-grêmio,diego caito,jogo gremio e inter,resultado de internacional-grêmio,horário do grenal,onde assistir internacional-grêmio pela copa do brasil,internacional onde vai passar,gremio vs inter,onde vai passar o jogo do grêmio,gremio ao vivo,grenal copa do brasil onde assistir,aonde assistir internacional-grêmio,internacional x grêmio hoje,jogo do gremio onde assistir,onde assistir grêmio e inter,qual canal vai passar o jogo do grêmio,inter x gremio copa do brasil,internacional-grêmio onde assistir,sanabria,resultado do jogo grêmio-internacional,jogo do grêmio hoje ao vivo,copa do brasil onde assistir,grêmio x inter,resultado do jogo do grêmio-internacional,onde assistir o jogo do grêmio,sport club internacional,resultado de inter-grêmio,inter e gremio onde assistir,assistir grenal ao vivo,onde assistir o jogo do internacional-grêmio,horario grenal hoje,bernabei,bruno gomes,onde assistir internacional-grêmio hoje,grenal de hoje,onde vai passar internacional-grêmio,que hora é o jogo do internacional-grêmio,onde passa o jogo do grêmio hoje,quanto tá o jogo do internacional-grêmio,onde vai passar o jogo do internacional-grêmio,muricy ramalho,assistir grenal,jogo do grêmio ao vivo,qual canal vai passar internacional-grêmio,onde vai passar o jogo do inter,que hora é o grenal,jogo do grêmio hoje onde assistir,resultado do jogo do grêmio e inter,onde vai passar o jogo do grêmio hoje,onde assistir inter-grêmio hoje,internacional x grêmio onde vai passar,mercado jogador,gremio x inter copa do brasil,onde assistir internacional e grêmio,inter onde assistir,gre,jogo do grêmio: onde assistir,qual canal vai passar o jogo do grêmio hoje,marlon,jogo do inter hoje onde assistir,onde assistir o jogo do inter hoje,niclas eliasson,grêmio hoje ao vivo,copa.do.brasil,grêmio onde assistir,quanto tá o jogo internacional-grêmio,gremio e internacional onde assistir,grêmio x internacional onde assistir,qual canal tá passando internacional-grêmio,inter x gremio copa do brasil onde assistir,qual canal vai passar o jogo do inter-grêmio,onde assistir internacional-grêmio copa do brasil,onde vai passar o jogo do inter-grêmio,quanto tá o jogo do inter-grêmio,onde assistir inter x gremio copa do brasil,qual canal vai passar o jogo do internacional-grêmio,inter e grêmio onde assistir,jogo inter e gremio,onde assistir gremio,jogo do grêmio e inter,horário do jogo do grêmio,gremio vs","./explore?q=internacional%20x%20gr%C3%AAmio&geo=BR"
"renata lo prete","10 mil+","30 de agosto de 2026 a las 1:00:00 UTC-3",,"renata lo prete,globo tv,renata vasconcellos","./explore?q=renata%20lo%20prete&geo=BR"
"clima","500 mil+","31 de agosto de 2026 a las 6:30:00 UTC-3","31 de agosto de 2026 a las 8:10:00 UTC-3","clima,tempo campinas,temperatura são paulo,temperatura,temperatura em são paulo,tempo sao paulo,temperatura sp","./explore?q=clima&geo=BR"
"dlss 5","5 mil+","28 de agosto de 2026 a las 15:20:00 UTC-3",,"dlss 5","./explore?q=dlss%205&geo=BR"
"nunes marques incêndio","20 mil+","31 de agosto de 2026 a las 4:50:00 UTC-3",,"nunes marques incêndio,nunes marques,incêndio,nunes marques incendio","./explore?q=nunes%20marques%20inc%C3%AAndio&geo=BR"
"professor","2 mil+","31 de agosto de 2026 a las 6:20:00 UTC-3",,"professor","./explore?q=professor&geo=BR"
"avenida paulista","5 mil+","30 de agosto de 2026 a las 19:10:00 UTC-3",,"avenida paulista,direita","./explore?q=avenida%20paulista&geo=BR"
"dust2","1 mil+","31 de agosto de 2026 a las 11:00:00 UTC-3",,"dust2","./explore?q=dust2&geo=BR"
"chelsea x brighton","200 mil+","30 de agosto de 2026 a las 7:30:00 UTC-3","31 de agosto de 2026 a las 9:10:00 UTC-3","chelsea x brighton,chelsea,classificações de chelsea x brighton,chelsea x,joão pedro,chelsea fc,jogo do chelsea,chelsea - brighton,campeonato ingles,campeonato inglês,chelsea x brighton onde assistir,chelsea x brighton palpite,joao pedro,jorrel hato","./explore?q=chelsea%20x%20brighton&geo=BR"
"messi","1 mil+","31 de agosto de 2026 a las 12:10:00 UTC-3",,"messi","./explore?q=messi&geo=BR"
"sedentarismo","2 mil+","31 de agosto de 2026 a las 7:30:00 UTC-3",,"sedentarismo","./explore?q=sedentarismo&geo=BR"
"quina 7105","20 mil+","29 de agosto de 2026 a las 22:00:00 UTC-3",,"quina 7105,resultado da quina concurso 7105,resultado da quina 7105,quina 7102,quina 7101,resultado da quina concurso 7102,resultado da quina concurso 7103,resultado da quina 7103,resultado da quina 7102,resultado da quina 7101,resultado da quina concurso 7101,sorteio quina,resultado da quina de ontem","./explore?q=quina%207105&geo=BR"
"coyote vs acme","10 mil+","26 de agosto de 2026 a las 8:10:00 UTC-3",,"coyote vs acme","./explore?q=coyote%20vs%20acme&geo=BR"
"o pentágono","1 mil+","31 de agosto de 2026 a las 9:10:00 UTC-3",,"o pentágono","./explore?q=o%20pent%C3%A1gono&geo=BR"
"requisitos fable pc","5 mil+","31 de agosto de 2026 a las 8:00:00 UTC-3",,"requisitos fable pc,fable","./explore?q=requisitos%20fable%20pc&geo=BR"
"saúde","5 mil+","30 de agosto de 2026 a las 9:50:00 UTC-3",,"saúde","./explore?q=sa%C3%BAde&geo=BR"
"manchester united x ipswich town","50 mil+","30 de agosto de 2026 a las 11:30:00 UTC-3","31 de agosto de 2026 a las 10:00:00 UTC-3","manchester united x ipswich town,classificações de manchester united x ipswich town,bruno fernandes,united x,manchester united x,jogo do manchester united,onde assistir manchester united,manchester,ipswich","./explore?q=manchester%20united%20x%20ipswich%20town&geo=BR"
"setembro amarelo","2 mil+","31 de agosto de 2026 a las 7:30:00 UTC-3",,"setembro amarelo","./explore?q=setembro%20amarelo&geo=BR"
"ponte preta","50 mil+","29 de agosto de 2026 a las 17:30:00 UTC-3","31 de agosto de 2026 a las 8:20:00 UTC-3","ponte preta,américa-mg x ponte preta,ponte preta x,classificações de américa-mg x ponte preta,america mg,associação atlética ponte preta","./explore?q=ponte%20preta&geo=BR"
"goiânia","1 mil+","31 de agosto de 2026 a las 11:00:00 UTC-3",,"goiânia","./explore?q=goi%C3%A2nia&geo=BR"
"us open","20 mil+","30 de agosto de 2026 a las 8:30:00 UTC-3","31 de agosto de 2026 a las 10:00:00 UTC-3","us open,aryna sabalenka","./explore?q=us%20open&geo=BR"
"zack snyder","1 mil+","31 de agosto de 2026 a las 8:30:00 UTC-3",,"zack snyder","./explore?q=zack%20snyder&geo=BR"
"classificações de atlético-mg x ec vitória","100 mil+","29 de agosto de 2026 a las 20:10:00 UTC-3","31 de agosto de 2026 a las 7:20:00 UTC-3","classificações de atlético-mg x ec vitória,everson,vitoria x,thiago borbas,jogo do vitória,atlético mineiro vs vitória,tabela do brasileirão,atletico x vitoria,atlético-mg - ec vitória,atletico mg x vitoria,atlético mg onde assistir,reinier,galo x vitoria,jogo do vitoria,vitoria x atletico mg,ec vitória,atlético mineiro e vitória,esporte clube vitória,atlético mineiro-vitória,jogo do vitória hoje,galo na veia,vitoria hoje,clube atlético mineiro,gabriel delfim,jogo atletico mg onde assistir,atlético e vitória,vitória x,erick,estatísticas de atlético-mg x ec vitória,jogo vitoria,atletico mg x vitoria onde assistir,atletico x vitoria onde assistir,onde assistir atlético-vitória,atlético-mg x vitória onde assistir,atletico mg onde assistir","./explore?q=classifica%C3%A7%C3%B5es%20de%20atl%C3%A9tico-mg%20x%20ec%20vit%C3%B3ria&geo=BR"
"tribunal regional federal da 3ª região","50 mil+","29 de agosto de 2026 a las 8:10:00 UTC-3","31 de agosto de 2026 a las 7:40:00 UTC-3","tribunal regional federal da 3ª região,desembargador","./explore?q=tribunal%20regional%20federal%20da%203%C2%AA%20regi%C3%A3o&geo=BR"
"endometriose","500+","31 de agosto de 2026 a las 11:50:00 UTC-3",,"endometriose","./explore?q=endometriose&geo=BR"
"escala 6x1","5 mil+","30 de agosto de 2026 a las 15:20:00 UTC-3",,"escala 6x1,jornada de trabalho,1,senado federal do brasil,omar aziz","./explore?q=escala%206x1&geo=BR"
"novak djokovic","20 mil+","30 de agosto de 2026 a las 20:10:00 UTC-3","31 de agosto de 2026 a las 12:10:00 UTC-3","novak djokovic,us open 2026,mariano navone","./explore?q=novak%20djokovic&geo=BR"
"dolly parton","200 mil+","25 de agosto de 2026 a las 14:50:00 UTC-3","31 de agosto de 2026 a las 10:50:00 UTC-3","dolly parton,net,miley cyrus,jolene,i will always love you,whitney houston,personal branding,sabrina carpenter,essential","./explore?q=dolly%20parton&geo=BR"
"seduc","1 mil+","31 de agosto de 2026 a las 8:20:00 UTC-3",,"seduc","./explore?q=seduc&geo=BR"
"quinto dia útil de setembro 2026","1 mil+","31 de agosto de 2026 a las 7:00:00 UTC-3",,"quinto dia útil de setembro 2026,dia útil","./explore?q=quinto%20dia%20%C3%BAtil%20de%20setembro%202026&geo=BR"
"tempestade","50 mil+","30 de agosto de 2026 a las 21:30:00 UTC-3","31 de agosto de 2026 a las 8:00:00 UTC-3","tempestade,tornado,campo ere,chuva,defesa civil sc,defesa civil rio do sul,alerta severo de tempestade,alerta vermelho tempestade defesa civil,tornado em santa catarina,santa catarina,previsão do tempo florianopolis,campo ere sc,inmet,tornado campo erê sc,g1 sc,granizo,tornado sc,tornado em sc,defesa civil do estado de santa catarina,campo erê,alerta defesa civil sc hoje,chuva de granizo,previsão do tempo itajai,vai chover hoje","./explore?q=tempestade&geo=BR"
"novelas quem ama cuida","5 mil+","31 de agosto de 2026 a las 9:50:00 UTC-3",,"novelas quem ama cuida,resumo novela quem ama cuida,resumo da novela quem ama cuida,novela quem ama cuida,quem ama cuida elenco,resumo quem ama cuida,resumo de quem ama cuida","./explore?q=novelas%20quem%20ama%20cuida&geo=BR"
"pagamento","10 mil+","31 de agosto de 2026 a las 6:00:00 UTC-3","31 de agosto de 2026 a las 12:30:00 UTC-3","pagamento","./explore?q=pagamento&geo=BR"
"ator","2 mil+","31 de agosto de 2026 a las 10:00:00 UTC-3",,"ator,dias de trovão","./explore?q=ator&geo=BR"
"coronel","2 mil+","29 de agosto de 2026 a las 14:10:00 UTC-3",,"coronel","./explore?q=coronel&geo=BR"
"ministro","2 mil+","31 de agosto de 2026 a las 12:20:00 UTC-3","31 de agosto de 2026 a las 12:40:00 UTC-3","ministro,bruno dantas","./explore?q=ministro&geo=BR"
"julgamento kaio jorge","100 mil+","31 de agosto de 2026 a las 11:30:00 UTC-3",,"julgamento kaio jorge,stjd,kaio jorge,jogo do cruzeiro,jogo do galo,jogo do cruzeiro hoje,jogo cruzeiro hoje,atlético-mg,clube atlético mineiro,cruzeiro hoje,ruan tressoldi,resultado jogo do cruzeiro,atletico mineiro,atlético mineiro,atletico mg x,resultado do cruzeiro,jogo do atlético mineiro,jogo do atlético,jogos de atlético-mg,atlético mg","./explore?q=julgamento%20kaio%20jorge&geo=BR"
"restituição do imposto de renda","5 mil+","31 de agosto de 2026 a las 9:00:00 UTC-3",,"restituição do imposto de renda,imposto de renda,imposto de renda 2026,restituição imposto de renda 2026,renda,restituição ir 2026","./explore?q=restitui%C3%A7%C3%A3o%20do%20imposto%20de%20renda&geo=BR"
"tim curry","100 mil+","26 de agosto de 2026 a las 12:20:00 UTC-3","30 de agosto de 2026 a las 21:50:00 UTC-3","tim curry,brütal legend,rocky horror picture show,tim.curry,the rocky horror picture show","./explore?q=tim%20curry&geo=BR"
"lua de sangue","500 mil+","26 de agosto de 2026 a las 18:40:00 UTC-3","31 de agosto de 2026 a las 6:20:00 UTC-3","lua de sangue,eclipse lunar,eclipse lunar 27 de agosto 2026,eclipse lunar agosto 2026,eclipse hoje,lua,eclipse lunar hoje,fase da lua hoje,28 de agosto,lua eclipse lunar,eclipse lunar lua,lua hoje,lua de sangue hoje,que horas vai ser o eclipse,que horas vai ser o eclipse lunar,que horas e o eclipse hoje?,horario eclipse hoje,que horas é o eclipse hoje,hoje tem eclipse,lua cheia em agosto de 2026,eclipse hj,horario do eclipse lunar,hora do eclipse hoje,que horas vai ser o eclipse hoje,lua cheia,éclipse lunar,eclipse da lua,que horas e o eclipse hoje,hoje vai ter eclipse,vai ter eclipse hoje,hoje tem eclipse lunar,lua vermelha hoje,lua de sangue 2026,eclipse lunar ao vivo,horário do eclipse hoje,que horas é o eclipse,eclipse lunar parcial,que horas começa o eclipse,eclipse solar,que horas o eclipse lunar vai acontecer,horario do eclipse hoje,horario eclipse,que horas a lua vai ficar vermelha,que horas sera o eclipse lunar hoje,eclipse hoje que horas,que horas vai ser o eclipse lunar hoje,lua agora,que horas comeca o eclipse lunar,eclipse de hoje,lua eclipse hoje,eclipse ao vivo,que horas vai começar o eclipse,eclipse lunar 2026,eclipse da lua hoje,eclipse lunar hj,eclipse agora,lua de hoje,que horas começa o eclipse hoje,tem eclipse hoje,o que é eclipse lunar,que horas começa o eclipse lunar,eclipse lunar agora,horário do eclipse,qual horario do eclipse hoje,eclipse lunar 2026 brasil data e horário,eclipse lua,que horas vai acontecer o eclipse lunar,como acontece o eclipse lunar,eclipse lunar horário,lua ao vivo,o que é o eclipse lunar,o que é um eclipse lunar,eclipse horario,hoje tem eclipse?,eclipse lunar ao vivo hoje,eclipse solar eclipse lunar,hoje vai ter eclipse lunar,o que é um eclipse,eclipse ao vivo agora,que horas vai acontecer o eclipse,o eclipse lunar é hoje,que horas começa o eclipse de hoje,eclipse lunar hoje que horas,que horas vai começar o eclipse lunar,que horas vai ser o eclipse?,que horas vai ser o eclipse de hoje,lua agora ao vivo,eclipse lunar horario,a lua vai ficar vermelha hoje,como ocorre o eclipse lunar,que horas acontece o eclipse hoje,eclipse hoje?,que horas vai ser a lua de sangue,hora do eclipse,horário eclipse lunar,eclipse hoje ao vivo,que horas será o eclipse hoje,o que é o eclipse,horario do eclipse lunar hoje,eclipse lunar como acontece,eclipse lunar de hoje,que horas é o eclipse lunar,que horas o eclipse hoje,que horas que vai ser o eclipse,eclipse lunar agora ao vivo,que horas é o eclipse lunar hoje,proximo eclipse lunar,lua eclipse,zodíaco,que horas vai começar o eclipse hoje,que horas a lua vai ficar vermelha hoje,qual eclipse vai acontecer hoje,eclipse lunar hora,eclipse lunar que horas,apice do eclipse hoje,o que e eclipse lunar,eclipse de hj,o'que é eclipse lunar,qual o horário do eclipse de hoje,eclipse lunar total,lua hoje 27 de agosto,a lua hoje,horário do eclipse lunar,que horas começa o eclipse lunar hoje,eclipse na lua,eclipse lunar brasil,próximo eclipse lunar,o eclipse,eclipse 2026,que hora começa o eclipse","./explore?q=lua%20de%20sangue&geo=BR"
"palmeiras","200 mil+","30 de agosto de 2026 a las 19:50:00 UTC-3","30 de agosto de 2026 a las 21:50:00 UTC-3","palmeiras,jogo do palmeiras hoje,allan palmeiras,placar do palmeiras,palmeiras e,palmeiras.,maurício,luiz henrique no palmeiras","./explore?q=palmeiras&geo=BR"
"crystal palace x city","200 mil+","28 de agosto de 2026 a las 15:00:00 UTC-3","29 de agosto de 2026 a las 19:00:00 UTC-3","crystal palace x city,classificações de crystal palace x manchester city,city,manchester city,city x,jogo do manchester city,crystal palace x manchester city,manchester city x","./explore?q=crystal%20palace%20x%20city&geo=BR"
"macris carneiro","2 mil+","31 de agosto de 2026 a las 11:50:00 UTC-3",,"macris carneiro,zé roberto guimarães","./explore?q=macris%20carneiro&geo=BR"
"real madrid x real sociedad","200 mil+","26 de agosto de 2026 a las 12:10:00 UTC-3","28 de agosto de 2026 a las 6:50:00 UTC-3","real madrid x real sociedad","./explore?q=real%20madrid%20x%20real%20sociedad&geo=BR"
"margot robbie","5 mil+","30 de agosto de 2026 a las 17:30:00 UTC-3","31 de agosto de 2026 a las 12:40:00 UTC-3","margot robbie","./explore?q=margot%20robbie&geo=BR"
"paysandu x maringá","100 mil+","29 de agosto de 2026 a las 16:00:00 UTC-3","30 de agosto de 2026 a las 18:30:00 UTC-3","paysandu x maringá,classificações de paysandu x maringá futebol clube,paysandu,jogo do paysandu,paysandu hoje,paysandu x,paysandu sport club,maringa fc,jogo do paysandu hoje,jogo paysandu,jogo paysandu hoje,paysandu classificação,paysandu x maringa,ingresso paysandu","./explore?q=paysandu%20x%20maring%C3%A1&geo=BR"
"losc x psg","100 mil+","28 de agosto de 2026 a las 14:50:00 UTC-3","29 de agosto de 2026 a las 17:40:00 UTC-3","losc x psg,psg x,psg x lille,lille,lille x psg,campeonato francês,lille psg 28/08/2026,jogo psg,jogo do paris saint-germain","./explore?q=losc%20x%20psg&geo=BR"
"semente","2 mil+","30 de agosto de 2026 a las 16:00:00 UTC-3",,"semente","./explore?q=semente&geo=BR"
"matheus vargas","50 mil+","28 de agosto de 2026 a las 17:50:00 UTC-3","30 de agosto de 2026 a las 13:30:00 UTC-3","matheus vargas","./explore?q=matheus%20vargas&geo=BR"
"novorizontino x sport recife","100 mil+","28 de agosto de 2026 a las 18:50:00 UTC-3","29 de agosto de 2026 a las 21:30:00 UTC-3","novorizontino x sport recife,classificações de novorizontino x sport recife,sport,novorizontino,brasileiro série b,jogo do sport,sport x,sport recife,grêmio novorizontino,brasileirao b,gremio novorizontino,sport club do recife,brasileirão série b,jogo do sport hoje,novorizontino - sport recife,jogo sport","./explore?q=novorizontino%20x%20sport%20recife&geo=BR"
"liverpool x nottingham forest","100 mil+","28 de agosto de 2026 a las 23:50:00 UTC-3","30 de agosto de 2026 a las 6:50:00 UTC-3","liverpool x nottingham forest,classificações de liverpool x nottingham forest,liverpool x,jogo do liverpool,liverpool football club,liverpool - nottingham forest,jogo liverpool,liverpool x nottingham forest palpite,onde assistir liverpool,liverpool x nottingham forest onde assistir","./explore?q=liverpool%20x%20nottingham%20forest&geo=BR"
"príncipe harry, duque de sussex","200+","31 de agosto de 2026 a las 12:10:00 UTC-3",,"príncipe harry, duque de sussex","./explore?q=pr%C3%ADncipe%20harry%2C%20duque%20de%20sussex&geo=BR"
"sevilla x atlético madrid","50 mil+","29 de agosto de 2026 a las 15:30:00 UTC-3","30 de agosto de 2026 a las 16:50:00 UTC-3","sevilla x atlético madrid,sevilla,lee kang-in,atlético madrid,ademola lookman","./explore?q=sevilla%20x%20atl%C3%A9tico%20madrid&geo=BR"
"atropelamento","20 mil+","30 de agosto de 2026 a las 14:40:00 UTC-3","31 de agosto de 2026 a las 8:40:00 UTC-3","atropelamento","./explore?q=atropelamento&geo=BR"
"playstation","20 mil+","30 de agosto de 2026 a las 18:30:00 UTC-3","31 de agosto de 2026 a las 9:00:00 UTC-3","playstation","./explore?q=playstation&geo=BR"
"avaí x atlético-go","20 mil+","30 de agosto de 2026 a las 15:10:00 UTC-3","31 de agosto de 2026 a las 7:10:00 UTC-3","avaí x atlético-go,classificações de avaí x atlético-go,avai,avai x,atletico go,avai fc,avai hoje","./explore?q=ava%C3%AD%20x%20atl%C3%A9tico-go&geo=BR"
"barcelona x ath. bilbao","200 mil+","27 de agosto de 2026 a las 15:00:00 UTC-3","28 de agosto de 2026 a las 21:30:00 UTC-3","barcelona x ath. bilbao,nice fc","./explore?q=barcelona%20x%20ath.%20bilbao&geo=BR"
"inter miami x montréal","50 mil+","29 de agosto de 2026 a las 19:40:00 UTC-3","30 de agosto de 2026 a las 17:50:00 UTC-3","inter miami x montréal,classificações de inter miami x cf montréal,quantos gols messi tem,casemiro,inter miami x,messi gols,jogo do inter miami","./explore?q=inter%20miami%20x%20montr%C3%A9al&geo=BR"
"biometria","5 mil+","31 de agosto de 2026 a las 4:30:00 UTC-3","31 de agosto de 2026 a las 9:50:00 UTC-3","biometria","./explore?q=biometria&geo=BR"
"mewtwo","1 mil+","31 de agosto de 2026 a las 7:10:00 UTC-3",,"mewtwo","./explore?q=mewtwo&geo=BR"
"raquel lyra","5 mil+","30 de agosto de 2026 a las 20:20:00 UTC-3","31 de agosto de 2026 a las 10:50:00 UTC-3","raquel lyra","./explore?q=raquel%20lyra&geo=BR"
"sabatina flavio bolsonaro globo","100 mil+","28 de agosto de 2026 a las 20:10:00 UTC-3","31 de agosto de 2026 a las 8:00:00 UTC-3","sabatina flavio bolsonaro globo,flavio bolsonaro na globo,lula na globo,globo ao vivo,entrevista flavio bolsonaro,lula entrevista globo,entrevista flavio bolsonaro globo,flávio bolsonaro na globo,renata vasconcellos,sabatina flavio bolsonaro,entrevista lula globo,flavio bolsonaro,entrevista lula jornal nacional,tv globo,jornal nacional,leonardo sakamoto,sabatina jornal nacional,sabatina globo,tv globo ao vivo,entrevista de flávio bolsonaro na globo,assistir globo ao vivo,o que estava escrito na mao do flavio bolsonaro,debate flavio bolsonaro,bolsonaro,sabatina jornal nacional hoje,paulo vieira,horario sabatina flavio bolsonaro,sabatina com flavio bolsonaro,que horas começa o jornal nacional,flavio bolsonaro globo,sabatina flavio,g1 entrevista lula,entrevista com flavio bolsonaro,flavio bolsonaro jornal nacional,entrevista com flávio bolsonaro,jornal nacional hoje,o que esta escrito na mao do flavio bolsonaro,rede globo,entrevista flavio,flavio globo,flavio bolsonaro na globo horario,entrevista flávio bolsonaro,mao flavio bolsonaro,sabatina de flávio bolsonaro na globo,jn,horario jornal nacional hoje,entrevista jornal nacional,rede globo ao vivo,sabatina jornal nacional flavio,horario do jornal nacional hoje,entrevista globo,flavio bolsonaro na globo ao vivo,globo news","./explore?q=sabatina%20flavio%20bolsonaro%20globo&geo=BR"
"dança dos famosos","1 mil+","31 de agosto de 2026 a las 10:50:00 UTC-3",,"dança dos famosos,pedro scooby,danca dos famosos,dança dos famosos 2026","./explore?q=dan%C3%A7a%20dos%20famosos&geo=BR"
"helicóptero","100 mil+","27 de agosto de 2026 a las 11:00:00 UTC-3","29 de agosto de 2026 a las 12:00:00 UTC-3","helicóptero","./explore?q=helic%C3%B3ptero&geo=BR"
"botafogo x athletico-pr","500 mil+","24 de agosto de 2026 a las 17:10:00 UTC-3","26 de agosto de 2026 a las 7:50:00 UTC-3","botafogo x athletico-pr,classificações de botafogo x athletico-pr,athletico pr,athletico,botafogo e atlético paranaense,botafogo vs athletico-pr,onde assistir botafogo x athletico-pr,joão cruz,botafogo - athletico-pr,botafogo x athletico pr onde assistir,danilo botafogo,athletico-pr,leozinho,athletico paranaense,atlético paranaense-botafogo,onde assistir botafogo e atlético paranaense,premiere ao vivo,kauan toledo,kerwin vargas,danilo santos,botafogo onde assistir,botafogo x athletico pr,onde vai passar o jogo do botafogo,onde assistir botafogo hoje,estatísticas de botafogo x athletico-pr,botafogo - paranaense,onde assistir o jogo do botafogo,athletico pr x,horário do jogo do botafogo,onde assistir o jogo do botafogo hoje,botafogo x athletico pr palpite,onde assistir botafogo","./explore?q=botafogo%20x%20athletico-pr&geo=BR"
"sandra annenberg","10 mil+","29 de agosto de 2026 a las 22:10:00 UTC-3","31 de agosto de 2026 a las 10:00:00 UTC-3","sandra annenberg","./explore?q=sandra%20annenberg&geo=BR"
"luizão","500+","31 de agosto de 2026 a las 10:10:00 UTC-3",,"luizão","./explore?q=luiz%C3%A3o&geo=BR"
"abc x uberlândia","20 mil+","30 de agosto de 2026 a las 16:10:00 UTC-3","31 de agosto de 2026 a las 8:00:00 UTC-3","abc x uberlândia,abc,uberlandia fc,abc fc,jogo do abc,abc x,abc x uberlandia,uberlandia,uberlândia esporte clube,campeonato brasileiro série d,uberlandia x abc,uberlandia x","./explore?q=abc%20x%20uberl%C3%A2ndia&geo=BR"
"cristian cravinhos","20 mil+","27 de agosto de 2026 a las 17:00:00 UTC-3","31 de agosto de 2026 a las 1:20:00 UTC-3","cristian cravinhos","./explore?q=cristian%20cravinhos&geo=BR"
"sam altman","200+","31 de agosto de 2026 a las 12:00:00 UTC-3",,"sam altman","./explore?q=sam%20altman&geo=BR"
"carteira de identidade nacional","100 mil+","25 de agosto de 2026 a las 19:40:00 UTC-3","28 de agosto de 2026 a las 20:10:00 UTC-3","carteira de identidade nacional,identificação,carteira de identidade cin,nova carteira de identidade nacional (cin),nova carteira de identidade nacional cin","./explore?q=carteira%20de%20identidade%20nacional&geo=BR"
"clima","500 mil+","30 de agosto de 2026 a las 6:40:00 UTC-3","30 de agosto de 2026 a las 9:20:00 UTC-3","clima","./explore?q=clima&geo=BR"
"ps5 pro","20 mil+","27 de agosto de 2026 a las 15:40:00 UTC-3","31 de agosto de 2026 a las 12:30:00 UTC-3","ps5 pro","./explore?q=ps5%20pro&geo=BR"
"rodinei","10 mil+","30 de agosto de 2026 a las 9:10:00 UTC-3","31 de agosto de 2026 a las 12:40:00 UTC-3","rodinei,rodinei no santos","./explore?q=rodinei&geo=BR"
"rosario x gimnasia","20 mil+","29 de agosto de 2026 a las 16:10:00 UTC-3","30 de agosto de 2026 a las 15:00:00 UTC-3","rosario x gimnasia","./explore?q=rosario%20x%20gimnasia&geo=BR"
"thalita tavares jornalista","200 mil+","26 de agosto de 2026 a las 20:10:00 UTC-3","28 de agosto de 2026 a las 9:00:00 UTC-3","thalita tavares jornalista,apresentador de televisão,thalita tavares,jornalista thalita tavares,jornalista","./explore?q=thalita%20tavares%20jornalista&geo=BR"
"ryu jun-yeol","200+","31 de agosto de 2026 a las 11:50:00 UTC-3",,"ryu jun-yeol","./explore?q=ryu%20jun-yeol&geo=BR"
"botafogo sp x cuiabá","20 mil+","29 de agosto de 2026 a las 17:40:00 UTC-3","30 de agosto de 2026 a las 15:40:00 UTC-3","botafogo sp x cuiabá,botafogo sp,cuiaba fc,cuiabá esporte clube,sp x","./explore?q=botafogo%20sp%20x%20cuiab%C3%A1&geo=BR"
"al-nassr x al taawon","100 mil+","28 de agosto de 2026 a las 14:00:00 UTC-3","29 de agosto de 2026 a las 17:00:00 UTC-3","al-nassr x al taawon,al nassr,ronaldo,campeonato saudita,al-nassr,jogo do al-nassr,samú costa,al-nassr - al taawon,al nasr,al-nassr vs al-taawoun","./explore?q=al-nassr%20x%20al%20taawon&geo=BR"
"zodíaco","2 mil+","31 de agosto de 2026 a las 8:10:00 UTC-3","31 de agosto de 2026 a las 12:10:00 UTC-3","zodíaco,tarô","./explore?q=zod%C3%ADaco&geo=BR"
"playstation 5","50 mil+","27 de agosto de 2026 a las 16:20:00 UTC-3","31 de agosto de 2026 a las 2:30:00 UTC-3","playstation 5","./explore?q=playstation%205&geo=BR"
"peixe","20 mil+","28 de agosto de 2026 a las 21:50:00 UTC-3","30 de agosto de 2026 a las 19:10:00 UTC-3","peixe,homem peixe","./explore?q=peixe&geo=BR"
"spaten fight night","20 mil+","28 de agosto de 2026 a las 20:20:00 UTC-3","30 de agosto de 2026 a las 12:40:00 UTC-3","spaten fight night,glover teixeira,shogun,spaten fight night 3,lutas spaten fight night,mauricio shogun,shogun x glover,glover x shogun,luta hoje,spaten fight night onde assistir,maurício shogun,rafaela silva,spaten fight,bia souza judo,spaten fight night card,combate,card spaten fight night,meregali x pena,canal combate,luta glover x shogun,spaten fight night ao vivo,meregali,glover","./explore?q=spaten%20fight%20night&geo=BR"
"chelsea x luton town","100 mil+","27 de agosto de 2026 a las 14:40:00 UTC-3","28 de agosto de 2026 a las 17:00:00 UTC-3","chelsea x luton town,copa da liga inglesa,chelsea x,jogo do chelsea,chelsea x luton,luton town","./explore?q=chelsea%20x%20luton%20town&geo=BR"
"gama x asa","10 mil+","30 de agosto de 2026 a las 15:40:00 UTC-3","31 de agosto de 2026 a las 6:30:00 UTC-3","gama x asa,final série d,cotovelada,campeonato brasileiro de futebol - série d,brasileirão série d,gama asa 30/08/2026,final serie d,jogo do gama,gama e asa","./explore?q=gama%20x%20asa&geo=BR"
"christian oliva","10 mil+","30 de agosto de 2026 a las 16:20:00 UTC-3","31 de agosto de 2026 a las 7:30:00 UTC-3","christian oliva,gustavo martins","./explore?q=christian%20oliva&geo=BR"
"maju coutinho","20 mil+","28 de agosto de 2026 a las 11:20:00 UTC-3","31 de agosto de 2026 a las 1:40:00 UTC-3","maju coutinho,maju coutinho está grávida,maju,idade maju coutinho,maju coutinho idade,maju esta gravida,idade de maju coutinho,idade da maju coutinho,quantos anos tem maju coutinho,maju gravida,malik,gshow","./explore?q=maju%20coutinho&geo=BR"
"bayern x vfb stuttgart","50 mil+","28 de agosto de 2026 a las 14:30:00 UTC-3","29 de agosto de 2026 a las 16:10:00 UTC-3","bayern x vfb stuttgart,bayern vs vfb stuttgart,bayern - stuttgart,fc bayern münchen","./explore?q=bayern%20x%20vfb%20stuttgart&geo=BR"
"classificações de náutico x athletic club","100 mil+","28 de agosto de 2026 a las 22:40:00 UTC-3","29 de agosto de 2026 a las 22:50:00 UTC-3","classificações de náutico x athletic club,náutico x athletic,nautico,nautico x,náutico,jogo do náutico,série b,nautico x athletic,athletic club,jogo do nautico hoje,clube náutico capibaribe,náutico x,jogo nautico,jogo do nautico,nautico hoje","./explore?q=classifica%C3%A7%C3%B5es%20de%20n%C3%A1utico%20x%20athletic%20club&geo=BR"
"jogo aberto","200+","31 de agosto de 2026 a las 11:50:00 UTC-3",,"jogo aberto","./explore?q=jogo%20aberto&geo=BR"
"classificações de anápolis futebol clube x santa cruz futebol clube","50 mil+","29 de agosto de 2026 a las 18:50:00 UTC-3","30 de agosto de 2026 a las 14:50:00 UTC-3","classificações de anápolis futebol clube x santa cruz futebol clube,anápolis x santa cruz,santa cruz futebol clube,santa cruz x,classificacao serie c,anapolis fc,classificação,classificações de santa cruz futebol clube,jogo santa cruz,anapolis,santa cruz classificação,jogo do santa cruz hoje,classificacao","./explore?q=classifica%C3%A7%C3%B5es%20de%20an%C3%A1polis%20futebol%20clube%20x%20santa%20cruz%20futebol%20clube&geo=BR"
"real madrid","50 mil+","30 de agosto de 2026 a las 12:10:00 UTC-3","30 de agosto de 2026 a las 15:10:00 UTC-3","real madrid,real madrid - málaga,real madrid vs málaga,posiciones de real madrid contra málaga cf,real madrid – málaga,real madrid vs,real madrid club de fútbol,arda guler,málaga club de fútbol","./explore?q=real%20madrid&geo=BR"
"tabela do brasileirão 2026","50 mil+","30 de agosto de 2026 a las 18:00:00 UTC-3","30 de agosto de 2026 a las 22:10:00 UTC-3","tabela do brasileirão 2026,jogo do inter,inter hoje,resultado do palmeiras,a tabela do brasileirão,classificação do campeonato brasileiro,jogo do inter hoje,campeonato brasileiro a,jogos de hoje brasileirão série a,jogo inter hoje,tabela do brasileirão 2026 série a,tabela do campeonato brasileiro 2026,tabela brasileirão 2026 série a,a tabela do campeonato brasileiro,jogos de internacional,jogo do botafogo hoje","./explore?q=tabela%20do%20brasileir%C3%A3o%202026&geo=BR"
"gta 6","100 mil+","27 de agosto de 2026 a las 15:40:00 UTC-3","28 de agosto de 2026 a las 13:50:00 UTC-3","gta 6,red dead redemption 2,gta vi,gta 6 ps5 pro,gta 6 netflix,trailer gta 6,gta6,hacker,gta 6 vazamento,gta,rockstar games gta vi,gta 6 online,que horas sai o trailer de gta 6 na netflix,gta 6 lançamento,flow games,lançamento gta 6,netflix gta 6,gta 6 trailer,trailer gta 6 netflix,grand theft auto vi,gta netflix,rockstar games,trailer gta 6 na netflix,gta vi netflix,netflix caiu,trailer do gta 6 na netflix,davy jones,netflix gta,vazamentos gta vi,gta 6 trailer netflix,flowgames","./explore?q=gta%206&geo=BR"
"bournemouth x everton","50 mil+","29 de agosto de 2026 a las 10:00:00 UTC-3","30 de agosto de 2026 a las 3:30:00 UTC-3","bournemouth x everton","./explore?q=bournemouth%20x%20everton&geo=BR"
"roberta moreira luchsinger","50 mil+","31 de agosto de 2026 a las 7:10:00 UTC-3","31 de agosto de 2026 a las 9:40:00 UTC-3","roberta moreira luchsinger,roberta luchsinger,lula e roberta luchsinger,lula e roberta,como foi a entrevista de lula na globo,lula,lula jn,lula na globo hoje,roberta luchsinger e lula,lobista roberta luchsinger,cesar tralli,entrevista com lula na globo,debate lula globo,entrevista de lula na globo","./explore?q=roberta%20moreira%20luchsinger&geo=BR"
"xi jinping","200+","31 de agosto de 2026 a las 11:50:00 UTC-3",,"xi jinping","./explore?q=xi%20jinping&geo=BR"
"casamento","10 mil+","30 de agosto de 2026 a las 14:50:00 UTC-3","31 de agosto de 2026 a las 6:20:00 UTC-3","casamento,casamento luiza kadi,casamento pedro felmanas","./explore?q=casamento&geo=BR"
"xbox","20 mil+","30 de agosto de 2026 a las 18:30:00 UTC-3","30 de agosto de 2026 a las 22:20:00 UTC-3","xbox","./explore?q=xbox&geo=BR"
"tempestade geomagnética","50 mil+","26 de agosto de 2026 a las 18:20:00 UTC-3","29 de agosto de 2026 a las 19:20:00 UTC-3","tempestade geomagnética,tempestade solar","./explore?q=tempestade%20geomagn%C3%A9tica&geo=BR"
"cagliari x inter","20 mil+","30 de agosto de 2026 a las 14:50:00 UTC-3","30 de agosto de 2026 a las 21:40:00 UTC-3","cagliari x inter,inter de milão,classificações de cagliari calcio x inter de milão,inter de milao","./explore?q=cagliari%20x%20inter&geo=BR"
"marcello novaes","10 mil+","29 de agosto de 2026 a las 10:40:00 UTC-3","31 de agosto de 2026 a las 6:50:00 UTC-3","marcello novaes,globo play","./explore?q=marcello%20novaes&geo=BR"
"ticiane pinheiro","2 mil+","30 de agosto de 2026 a las 5:30:00 UTC-3","31 de agosto de 2026 a las 10:30:00 UTC-3","ticiane pinheiro","./explore?q=ticiane%20pinheiro&geo=BR"
"previsão do tempo para amanhã","20 mil+","30 de agosto de 2026 a las 19:30:00 UTC-3","31 de agosto de 2026 a las 6:00:00 UTC-3","previsão do tempo para amanhã,previsão do tempo são paulo,previsão do tempo sp,previsão do tempo para hoje,clima em são paulo,tempo sp,tempo são paulo,previsão do tempo hoje,tempo hoje,previsao do tempo são paulo,previsao do tempo sp,previsao do tempo hoje,climatempo sp,climatempo são paulo,previsao tempo,tempo em são paulo,previsão tempo,previsão do tempo em são paulo,previsao do tempo sao paulo,previsão do tempo de hoje,temperatura sp,temperatura são paulo,clima sp","./explore?q=previs%C3%A3o%20do%20tempo%20para%20amanh%C3%A3&geo=BR"
"nicolás maduro","10 mil+","30 de agosto de 2026 a las 12:20:00 UTC-3","31 de agosto de 2026 a las 8:00:00 UTC-3","nicolás maduro,prisão,presidente da venezuela","./explore?q=nicol%C3%A1s%20maduro&geo=BR"
"íris abravanel","20 mil+","28 de agosto de 2026 a las 10:50:00 UTC-3","29 de agosto de 2026 a las 17:50:00 UTC-3","íris abravanel,bilionário,grupo mateus,forbes bilionários brasileiros,eduardo saverin,vicky safra","./explore?q=%C3%ADris%20abravanel&geo=BR"
"mônaco x olympique","20 mil+","30 de agosto de 2026 a las 15:10:00 UTC-3","30 de agosto de 2026 a las 22:00:00 UTC-3","mônaco x olympique,monaco fc,monaco x,campeonato francês,classificações de as monaco x olympique de marseille","./explore?q=m%C3%B4naco%20x%20olympique&geo=BR"
"danilo gentili","20 mil+","27 de agosto de 2026 a las 5:40:00 UTC-3","29 de agosto de 2026 a las 10:20:00 UTC-3","danilo gentili","./explore?q=danilo%20gentili&geo=BR"
"banfield x river plate","20 mil+","30 de agosto de 2026 a las 14:20:00 UTC-3","30 de agosto de 2026 a las 21:10:00 UTC-3","banfield x river plate,banfield - river plate","./explore?q=banfield%20x%20river%20plate&geo=BR"
"carteira nacional de habilitação","20 mil+","29 de agosto de 2026 a las 6:10:00 UTC-3","30 de agosto de 2026 a las 8:30:00 UTC-3","carteira nacional de habilitação","./explore?q=carteira%20nacional%20de%20habilita%C3%A7%C3%A3o&geo=BR"
"bundesliga","20 mil+","28 de agosto de 2026 a las 14:40:00 UTC-3","30 de agosto de 2026 a las 15:40:00 UTC-3","bundesliga,augsburg x schalke","./explore?q=bundesliga&geo=BR"
"cienciano x cusco","5 mil+","30 de agosto de 2026 a las 20:20:00 UTC-3","31 de agosto de 2026 a las 8:20:00 UTC-3","cienciano x cusco","./explore?q=cienciano%20x%20cusco&geo=BR"
"dwayne johnson","5 mil+","30 de agosto de 2026 a las 8:40:00 UTC-3","31 de agosto de 2026 a las 8:40:00 UTC-3","dwayne johnson","./explore?q=dwayne%20johnson&geo=BR"
"serie c","200 mil+","29 de agosto de 2026 a las 17:10:00 UTC-3","29 de agosto de 2026 a las 20:40:00 UTC-3","serie c,classificações de brasileirão série c,brasileirão série c,tabela serie c,santa cruz,guarani,série c,classificação da série c,classificação serie c,tabela da série c,tabela do brasileirão atualizada,classificação do brasileirão,serie c 2026,jogos de brasileirão série c,classificação do campeonato brasileiro série a,classificação serie a,jogos de brasileirão série a,campeonato brasileiro série c,classificação série c,tabela série c,jogo do santa cruz,brasileirão série a classificação,classificação do brasileirão 2026,tabela do brasileirão 2026,brasileirao c,brasileiro série c,classificação campeonato brasileiro,campeonato brasileiro c,classificação brasileirão série a,classificação brasileirão 2026,tabela do brasileirão série c,série c 2026,brasileiro serie c,classificação da série b,brasileirao serie c,guarani futebol clube,campeonato brasileiro serie c,tabela de classificação da série c,serie c classificação 2026,brasileirão 2026,tabela serie c 2026,tabela da série c 2026,campeonato brasileiro série c 2026,futebol interior,classificação serie c 2026,floresta esporte clube,classificação brasileirão,classificação serie b,jogos da série c,jogo do guarani,a tabela da série c,tabela da serie c,tabela brasileirão série c,brasileiro c,serie c tabela,segunda fase serie c,serie,jogo santa cruz hoje","./explore?q=serie%20c&geo=BR"
"dinheiro","100 mil+","24 de agosto de 2026 a las 16:10:00 UTC-3","27 de agosto de 2026 a las 9:30:00 UTC-3","dinheiro","./explore?q=dinheiro&geo=BR"
"bda 10 anos","20 mil+","28 de agosto de 2026 a las 18:20:00 UTC-3","30 de agosto de 2026 a las 12:30:00 UTC-3","bda 10 anos,batalha da aldeia 10 anos,quem ganhou bda 10 anos","./explore?q=bda%2010%20anos&geo=BR"
"energia solar","2 mil+","30 de agosto de 2026 a las 18:40:00 UTC-3","31 de agosto de 2026 a las 9:20:00 UTC-3","energia solar","./explore?q=energia%20solar&geo=BR"
"umar nurmagomedov","20 mil+","29 de agosto de 2026 a las 4:40:00 UTC-3","30 de agosto de 2026 a las 14:10:00 UTC-3","umar nurmagomedov,song yadong,ultimate fighting championship","./explore?q=umar%20nurmagomedov&geo=BR"
"river plate x santa fe","100 mil+","26 de agosto de 2026 a las 20:30:00 UTC-3","27 de agosto de 2026 a las 22:50:00 UTC-3","river plate x santa fe,river plate,vasco x,river,santa fe,river plate x,river x,jogo do river plate,river plate - santa fe,river x santa fe,campeonato argentino,santa fe fc,santa fé,river plate x santa fe onde assistir,river plate x independiente santa fe,river plate onde assistir,coudet,jogo river plate,river plate independiente santa fe 26/08/2026,independiente santa fé,copa do brasil chaveamento","./explore?q=river%20plate%20x%20santa%20fe&geo=BR"
"ingresso flamengo","50 mil+","28 de agosto de 2026 a las 19:00:00 UTC-3","30 de agosto de 2026 a las 8:30:00 UTC-3","ingresso flamengo,independiente del valle x tolima,independiente del valle,independiente del valle deportes tolima 25/08/2026,campeonato equatoriano,del valle x tolima,tolima x,del valle x,platense x,jogo do independiente del valle,del vale","./explore?q=ingresso%20flamengo&geo=BR"
"besiktas","500+","31 de agosto de 2026 a las 1:00:00 UTC-3",,"besiktas","./explore?q=besiktas&geo=BR"
"fulham x chelsea","200 mil+","24 de agosto de 2026 a las 13:00:00 UTC-3","25 de agosto de 2026 a las 19:30:00 UTC-3","fulham x chelsea,chelsea,classificações de fulham x chelsea,chelsea x,chelsea x fulham,joão pedro,jogo do chelsea,chelsea football club","./explore?q=fulham%20x%20chelsea&geo=BR"
"rukidi iv","20 mil+","28 de agosto de 2026 a las 13:20:00 UTC-3","29 de agosto de 2026 a las 22:00:00 UTC-3","rukidi iv","./explore?q=rukidi%20iv&geo=BR"
"cury","20 mil+","25 de agosto de 2026 a las 22:20:00 UTC-3","29 de agosto de 2026 a las 23:50:00 UTC-3","cury,sabatina,entrevista augusto cury globo,sabatina augusto cury,augusto cury na globo,candidato augusto cury avante,augusto cury entrevista globo,augusto cury embaixador,augusto cury globo,globo ao vivo,entrevista augusto cury,cury candidato,augusto cury telemedicina,avante,cury na globo","./explore?q=cury&geo=BR"
"napoli x como","10 mil+","30 de agosto de 2026 a las 12:30:00 UTC-3","30 de agosto de 2026 a las 19:30:00 UTC-3","napoli x como,campeonato italiano","./explore?q=napoli%20x%20como&geo=BR"
"split payment","1 mil+","31 de agosto de 2026 a las 9:10:00 UTC-3","31 de agosto de 2026 a las 12:30:00 UTC-3","split payment","./explore?q=split%20payment&geo=BR"
"bolsa","2 mil+","30 de agosto de 2026 a las 20:40:00 UTC-3","31 de agosto de 2026 a las 9:30:00 UTC-3","bolsa,calendário do bolsa família","./explore?q=bolsa&geo=BR"
"boca juniors x lanús","20 mil+","28 de agosto de 2026 a las 20:40:00 UTC-3","29 de agosto de 2026 a las 19:10:00 UTC-3","boca juniors x lanús,classificações de boca juniors x lanús,jogo do boca juniors,boca x,boca juniors lanús 28/08/2026","./explore?q=boca%20juniors%20x%20lan%C3%BAs&geo=BR"
"robert kiyosaki","5 mil+","29 de agosto de 2026 a las 18:20:00 UTC-3","31 de agosto de 2026 a las 11:10:00 UTC-3","robert kiyosaki","./explore?q=robert%20kiyosaki&geo=BR"
"sp-340","20 mil+","28 de agosto de 2026 a las 6:20:00 UTC-3","30 de agosto de 2026 a las 0:10:00 UTC-3","sp-340,ambulância","./explore?q=sp-340&geo=BR"
"anvisa","20 mil+","27 de agosto de 2026 a las 16:10:00 UTC-3","29 de agosto de 2026 a las 8:50:00 UTC-3","anvisa","./explore?q=anvisa&geo=BR"
"classificações de real madrid x real sociedad","100 mil+","26 de agosto de 2026 a las 18:00:00 UTC-3","27 de agosto de 2026 a las 20:20:00 UTC-3","classificações de real madrid x real sociedad,real madrid x,la liga,real madri,jogo real madrid,real x,real sociedad,jude bellingham,luka sučić,real madrid-real sociedad,onde assistir real madrid hoje,laliga,real madrid x real sociedad onde assistir,campeonato espanhol,jogos de real madrid,onde assistir real madrid,real madrid real sociedad 26/08/2026","./explore?q=classifica%C3%A7%C3%B5es%20de%20real%20madrid%20x%20real%20sociedad&geo=BR"
"juventude x crb","100 mil+","25 de agosto de 2026 a las 18:00:00 UTC-3","26 de agosto de 2026 a las 20:50:00 UTC-3","juventude x crb,crb,crb x,juventude e crb","./explore?q=juventude%20x%20crb&geo=BR"
"mareks gaļinskis","2 mil+","30 de agosto de 2026 a las 15:20:00 UTC-3","31 de agosto de 2026 a las 10:30:00 UTC-3","mareks gaļinskis","./explore?q=mareks%20ga%C4%BCinskis&geo=BR"
"br-376","10 mil+","29 de agosto de 2026 a las 13:30:00 UTC-3","30 de agosto de 2026 a las 17:30:00 UTC-3","br-376,acidente nova esperança","./explore?q=br-376&geo=BR"
"copa do brasil 2026","50 mil+","25 de agosto de 2026 a las 19:10:00 UTC-3","28 de agosto de 2026 a las 7:30:00 UTC-3","copa do brasil 2026,jogos da copa do brasil,chaveamento copa do brasil,copa do brasil 2026 jogos,jogos de hoje da copa do brasil,chaveamento copa do brasil 2026,jogos da copa do brasil de hoje","./explore?q=copa%20do%20brasil%202026&geo=BR"
"caixa tem fora do ar","50 mil+","26 de agosto de 2026 a las 8:00:00 UTC-3","27 de agosto de 2026 a las 23:20:00 UTC-3","caixa tem fora do ar,caixa tem fora do ar hoje,instabilidade caixa tem,caixa tem esta fora do ar,caixa tem está fora do ar,aplicativo caixa tem instabilidade,aplicativo caixa tem,caixa tem nao esta entrando hoje,caixa tem entrar,caixa tem nao abre,o caixa tem está fora do ar,app caixa tem fora do ar,porque o caixa tem não está funcionando,porque o caixa tem não está funcionando hoje,por que o caixa tem não está funcionando,instabilidade aplicativo caixa tem,o app caixa tem está fora do ar hoje,downdetector,caixa tem login,caixa tem não abre,aplicativo,o caixa tem está fora do ar hoje","./explore?q=caixa%20tem%20fora%20do%20ar&geo=BR"
"caminhoneiro","10 mil+","31 de agosto de 2026 a las 5:40:00 UTC-3","31 de agosto de 2026 a las 9:00:00 UTC-3","caminhoneiro","./explore?q=caminhoneiro&geo=BR"
"aviação","1 mil+","31 de agosto de 2026 a las 5:30:00 UTC-3","31 de agosto de 2026 a las 10:40:00 UTC-3","aviação","./explore?q=avia%C3%A7%C3%A3o&geo=BR"
"sport recife x américa-mg","200 mil+","24 de agosto de 2026 a las 18:30:00 UTC-3","25 de agosto de 2026 a las 21:50:00 UTC-3","sport recife x américa-mg,classificações de sport recife x américa-mg,sport,sport recife,sport x,sport x america mg,america mg,sport club do recife,jogo sport,sport recife - américa-mg,onde assistir o jogo do sport,américa futebol clube,sport vs américa-mg,sport fc","./explore?q=sport%20recife%20x%20am%C3%A9rica-mg&geo=BR"
"renato gaúcho","2 mil+","30 de agosto de 2026 a las 21:00:00 UTC-3","31 de agosto de 2026 a las 12:40:00 UTC-3","renato gaúcho","./explore?q=renato%20ga%C3%BAcho&geo=BR"
"sindicato","1 mil+","31 de agosto de 2026 a las 6:10:00 UTC-3","31 de agosto de 2026 a las 10:40:00 UTC-3","sindicato","./explore?q=sindicato&geo=BR"
"alice milagres","10 mil+","28 de agosto de 2026 a las 23:10:00 UTC-3","30 de agosto de 2026 a las 6:00:00 UTC-3","alice milagres","./explore?q=alice%20milagres&geo=BR"
"the last of us","20 mil+","25 de agosto de 2026 a las 21:10:00 UTC-3","31 de agosto de 2026 a las 3:30:00 UTC-3","the last of us","./explore?q=the%20last%20of%20us&geo=BR"
"classificações de barcelona x athletic bilbao","50 mil+","27 de agosto de 2026 a las 18:10:00 UTC-3","28 de agosto de 2026 a las 20:20:00 UTC-3","classificações de barcelona x athletic bilbao,barcelona x,barcelona x athletic bilbao,jogo do barcelona,la liga,raphinha,jogo barcelona,barcelona - ath. bilbao,barcelone – ath. bilbao,jogo do barcelona hoje","./explore?q=classifica%C3%A7%C3%B5es%20de%20barcelona%20x%20athletic%20bilbao&geo=BR"
"al-ettifaq x al-nassr","100 mil+","25 de agosto de 2026 a las 14:00:00 UTC-3","26 de agosto de 2026 a las 16:10:00 UTC-3","al-ettifaq x al-nassr,al nassr,classificações de al-ettifaq x al-nassr,all nassr,al-nassr,al-ettifaq - al-nassr,jogo do al-nassr,bento,al nassr fc,ondrej duda","./explore?q=al-ettifaq%20x%20al-nassr&geo=BR"
"juventus x parma","20 mil+","29 de agosto de 2026 a las 14:50:00 UTC-3","30 de agosto de 2026 a las 2:50:00 UTC-3","juventus x parma,campeonato italiano,juventus x,jogo da juventus","./explore?q=juventus%20x%20parma&geo=BR"
"carlos de almeida baptista júnior","10 mil+","30 de agosto de 2026 a las 5:10:00 UTC-3","30 de agosto de 2026 a las 17:40:00 UTC-3","carlos de almeida baptista júnior,flavio","./explore?q=carlos%20de%20almeida%20baptista%20j%C3%BAnior&geo=BR"
"reag investimentos","5 mil+","30 de agosto de 2026 a las 8:30:00 UTC-3","30 de agosto de 2026 a las 21:50:00 UTC-3","reag investimentos","./explore?q=reag%20investimentos&geo=BR"
"milan x venezia","20 mil+","28 de agosto de 2026 a las 14:50:00 UTC-3","29 de agosto de 2026 a las 13:30:00 UTC-3","milan x venezia,milan x,campeonato italiano,gonçalo ramos","./explore?q=milan%20x%20venezia&geo=BR"
"careca do inss","5 mil+","30 de agosto de 2026 a las 5:50:00 UTC-3","30 de agosto de 2026 a las 21:50:00 UTC-3","careca do inss","./explore?q=careca%20do%20inss&geo=BR"
"oyo nyimba kabamba iguru rukidi iv","20 mil+","28 de agosto de 2026 a las 20:20:00 UTC-3","30 de agosto de 2026 a las 8:00:00 UTC-3","oyo nyimba kabamba iguru rukidi iv,oyo nyimba","./explore?q=oyo%20nyimba%20kabamba%20iguru%20rukidi%20iv&geo=BR"
"cantor","20 mil+","28 de agosto de 2026 a las 21:20:00 UTC-3","29 de agosto de 2026 a las 20:00:00 UTC-3","cantor","./explore?q=cantor&geo=BR"
"leão","5 mil+","30 de agosto de 2026 a las 13:20:00 UTC-3","31 de agosto de 2026 a las 7:30:00 UTC-3","leão","./explore?q=le%C3%A3o&geo=BR"
"paulo maluf","10 mil+","28 de agosto de 2026 a las 14:00:00 UTC-3","30 de agosto de 2026 a las 8:50:00 UTC-3","paulo maluf,maluf","./explore?q=paulo%20maluf&geo=BR"
"climatização","2 mil+","30 de agosto de 2026 a las 8:50:00 UTC-3","31 de agosto de 2026 a las 8:00:00 UTC-3","climatização","./explore?q=climatiza%C3%A7%C3%A3o&geo=BR"
"grande prêmio da itália","10 mil+","28 de agosto de 2026 a las 11:20:00 UTC-3","30 de agosto de 2026 a las 11:10:00 UTC-3","grande prêmio da itália,corrida de fórmula 1","./explore?q=grande%20pr%C3%AAmio%20da%20it%C3%A1lia&geo=BR"
"eclipse","50 mil+","27 de agosto de 2026 a las 17:50:00 UTC-3","28 de agosto de 2026 a las 20:20:00 UTC-3","eclipse,eclips,exlipse lunar,eclipse solar 2026","./explore?q=eclipse&geo=BR"
"ney matogrosso","20 mil+","29 de agosto de 2026 a las 8:00:00 UTC-3","30 de agosto de 2026 a las 20:20:00 UTC-3","ney matogrosso,xuxa","./explore?q=ney%20matogrosso&geo=BR"
"seplag rj","500+","31 de agosto de 2026 a las 9:10:00 UTC-3","31 de agosto de 2026 a las 12:10:00 UTC-3","seplag rj","./explore?q=seplag%20rj&geo=BR"
"31 de agosto","1 mil+","30 de agosto de 2026 a las 23:50:00 UTC-3","31 de agosto de 2026 a las 11:40:00 UTC-3","31 de agosto","./explore?q=31%20de%20agosto&geo=BR"
"cobasi","10 mil+","30 de agosto de 2026 a las 0:20:00 UTC-3","30 de agosto de 2026 a las 16:40:00 UTC-3","cobasi","./explore?q=cobasi&geo=BR"
"isabel teixeira","5 mil+","30 de agosto de 2026 a las 18:00:00 UTC-3","31 de agosto de 2026 a las 2:30:00 UTC-3","isabel teixeira,tata werneck,isabel teixeira é filha de quem,isabel teixeira filhos","./explore?q=isabel%20teixeira&geo=BR"
"pl","5 mil+","30 de agosto de 2026 a las 5:20:00 UTC-3","31 de agosto de 2026 a las 7:20:00 UTC-3","pl","./explore?q=pl&geo=BR"
"manchester united","20 mil+","30 de agosto de 2026 a las 12:30:00 UTC-3","30 de agosto de 2026 a las 15:30:00 UTC-3","manchester united,united,man united,united fc,manchester united football club,emersonn,man united vs ipswich town,united manchester,man utd,manchester united - ipswich,ipswich town,kjell scherpen","./explore?q=manchester%20united&geo=BR"
"perna","10 mil+","29 de agosto de 2026 a las 16:40:00 UTC-3","30 de agosto de 2026 a las 10:20:00 UTC-3","perna,jaguariuna","./explore?q=perna&geo=BR"
"quem é lito","50 mil+","26 de agosto de 2026 a las 12:50:00 UTC-3","28 de agosto de 2026 a las 8:00:00 UTC-3","quem é lito,cognição,quem e lito,quem é lito sousa,quem e lito sousa,quem é lito souza,doença do lito,quem é lito?,aviação,qual a doença do lito sousa,lito sousa idade,doença de creutzfeldt-jakob (dcj),aniversário palmeiras,aniversario do palmeiras,pirula,doença lito,allianz parque,lito doença,cnn brasil,doença do lito sousa,o que aconteceu com lito sousa,seu","./explore?q=quem%20%C3%A9%20lito&geo=BR"
"leeds x brentford","10 mil+","30 de agosto de 2026 a las 9:10:00 UTC-3","30 de agosto de 2026 a las 16:10:00 UTC-3","leeds x brentford","./explore?q=leeds%20x%20brentford&geo=BR"
"marco buzzi","5 mil+","30 de agosto de 2026 a las 9:00:00 UTC-3","30 de agosto de 2026 a las 21:40:00 UTC-3","marco buzzi","./explore?q=marco%20buzzi&geo=BR"
"liverpool","20 mil+","29 de agosto de 2026 a las 7:30:00 UTC-3","29 de agosto de 2026 a las 14:00:00 UTC-3","liverpool","./explore?q=liverpool&geo=BR"
"borussia x hamburg","20 mil+","29 de agosto de 2026 a las 12:30:00 UTC-3","30 de agosto de 2026 a las 8:40:00 UTC-3","borussia x hamburg","./explore?q=borussia%20x%20hamburg&geo=BR"
"irã","2 mil+","30 de agosto de 2026 a las 19:40:00 UTC-3","31 de agosto de 2026 a las 8:10:00 UTC-3","irã","./explore?q=ir%C3%A3&geo=BR"
"lula","100 mil+","24 de agosto de 2026 a las 14:40:00 UTC-3","25 de agosto de 2026 a las 20:20:00 UTC-3","lula,quaest,candidatos a presidente 2026,pesquisa quaest,candidato a presidente 2026,intenção de voto presidente 2026","./explore?q=lula&geo=BR"
"celta de vigo x ath. bilbao","5 mil+","30 de agosto de 2026 a las 15:40:00 UTC-3","30 de agosto de 2026 a las 22:20:00 UTC-3","celta de vigo x ath. bilbao","./explore?q=celta%20de%20vigo%20x%20ath.%20bilbao&geo=BR"
"latam airlines brasil","5 mil+","30 de agosto de 2026 a las 6:30:00 UTC-3","31 de agosto de 2026 a las 8:20:00 UTC-3","latam airlines brasil","./explore?q=latam%20airlines%20brasil&geo=BR"
"milícia","10 mil+","28 de agosto de 2026 a las 8:30:00 UTC-3","29 de agosto de 2026 a las 19:00:00 UTC-3","milícia","./explore?q=mil%C3%ADcia&geo=BR"
"daniela ungaretti irmã gêmea","20 mil+","27 de agosto de 2026 a las 15:10:00 UTC-3","29 de agosto de 2026 a las 15:40:00 UTC-3","daniela ungaretti irmã gêmea,daniela ungaretti","./explore?q=daniela%20ungaretti%20irm%C3%A3%20g%C3%AAmea&geo=BR"
"mds","5 mil+","29 de agosto de 2026 a las 7:00:00 UTC-3","30 de agosto de 2026 a las 18:50:00 UTC-3","mds","./explore?q=mds&geo=BR"
"x-men","2 mil+","29 de agosto de 2026 a las 21:20:00 UTC-3","31 de agosto de 2026 a las 8:40:00 UTC-3","x-men","./explore?q=x-men&geo=BR"
"febre do nilo ocidental","50 mil+","24 de agosto de 2026 a las 19:00:00 UTC-3","27 de agosto de 2026 a las 10:40:00 UTC-3","febre do nilo ocidental,doença febre do nilo ocidental,nilo ocidental doença,febre do nilo,febre nilo ocidental,doença nilo ocidental","./explore?q=febre%20do%20nilo%20ocidental&geo=BR"
"cássio gabus mendes","20 mil+","26 de agosto de 2026 a las 10:20:00 UTC-3","28 de agosto de 2026 a las 19:50:00 UTC-3","cássio gabus mendes","./explore?q=c%C3%A1ssio%20gabus%20mendes&geo=BR"
"lyon x fenerbahçe","50 mil+","26 de agosto de 2026 a las 15:00:00 UTC-3","27 de agosto de 2026 a las 17:20:00 UTC-3","lyon x fenerbahçe,lyon x,lyon fenerbahce 26/08/2026,jogo do lyon","./explore?q=lyon%20x%20fenerbah%C3%A7e&geo=BR"
"dibu martinez","5 mil+","30 de agosto de 2026 a las 9:50:00 UTC-3","31 de agosto de 2026 a las 7:00:00 UTC-3","dibu martinez,emiliano martínez","./explore?q=dibu%20martinez&geo=BR"
"classificações de goias ec x são bernardo futebol clube","50 mil+","28 de agosto de 2026 a las 21:40:00 UTC-3","29 de agosto de 2026 a las 14:00:00 UTC-3","classificações de goias ec x são bernardo futebol clube,goias,serie b,goias x,goiás,goias fc,goias x sao bernardo,jogo do goiás,goias ec,goiás esporte clube,campeonato brasileiro série b,campeonato brasileiro b,campeonato brasileiro serie b,jogo do goias","./explore?q=classifica%C3%A7%C3%B5es%20de%20goias%20ec%20x%20s%C3%A3o%20bernardo%20futebol%20clube&geo=BR"
"spurs x charlton","50 mil+","26 de agosto de 2026 a las 14:50:00 UTC-3","27 de agosto de 2026 a las 16:10:00 UTC-3","spurs x charlton,copa da liga inglesa,savinho,tottenham x","./explore?q=spurs%20x%20charlton&geo=BR"
"rômulo mendonça","10 mil+","27 de agosto de 2026 a las 18:40:00 UTC-3","29 de agosto de 2026 a las 10:50:00 UTC-3","rômulo mendonça","./explore?q=r%C3%B4mulo%20mendon%C3%A7a&geo=BR"
"agosto","10 mil+","30 de agosto de 2026 a las 18:10:00 UTC-3","31 de agosto de 2026 a las 8:10:00 UTC-3","agosto,clima tempo,onda de calor,clima tempo são paulo,clima sao paulo,previsão do tempo praia grande,temperatura guarulhos,graus","./explore?q=agosto&geo=BR"
"napoli","10 mil+","30 de agosto de 2026 a las 13:00:00 UTC-3","30 de agosto de 2026 a las 17:20:00 UTC-3","napoli","./explore?q=napoli&geo=BR"
"vasco x vitória","100 mil+","26 de agosto de 2026 a las 17:30:00 UTC-3","27 de agosto de 2026 a las 14:40:00 UTC-3","vasco x vitória,vasco e vitória,vitoria,vasco x vitoria,cauan barros,vitoria x vasco,vasco x ec vitória,jogo vasco,vitoria x,vasco e vitoria,vasco vs vitória,vasco da gama - ec vitória,vasco-vitória,vitória,placar do jogo do vasco,premiere,andrés gómez,vasco x vitoria onde assistir,gustavo henrique,vitoria e vasco,athletico-pr x fluminense minuto a minuto,vasco vitoria,vitória-vasco,jogo vitoria,ramon rique,resultado do vasco,jogos de hoje copa do brasil,vasco x ec vitória minuto a minuto,vasco x vitoria copa do brasil,luiz penido,onde assistir vasco x vitória,vitória e vasco,resultado do jogo vasco e vitória,resultado do jogo do vasco e vitória,sportv ao vivo,netvasco,vitoria hoje,onde assistir vasco x ec vitória,jogo do vitória hoje,vasco da gama x,estatísticas de vasco x ec vitória,onde assistir vasco-vitória,vasco jogo,jogo do vasco e vitória,vasco x vitória onde assistir,onde vai passar o jogo do vasco,resultado jogo do vasco,vasco da gama - vitória,jogos de hoje pela copa do brasil,jogo da copa do brasil hoje,jogo copa do brasil,jogo do vasco de hoje","./explore?q=vasco%20x%20vit%C3%B3ria&geo=BR"
"tabela do brasileirão","50 mil+","30 de agosto de 2026 a las 20:40:00 UTC-3","30 de agosto de 2026 a las 21:40:00 UTC-3","tabela do brasileirão,tabela brasileirão,tabela de classificação do brasileirão,tabela brasileirao,tabela,classificação do brasileirão série a,tabela do brasileirao,tabela do brasileiro,tabela atualizada do brasileirão,brasileirao tabela,tabela de classificação do campeonato brasileiro,jogos da série b,brasileirao 2026 serie a","./explore?q=tabela%20do%20brasileir%C3%A3o&geo=BR"
"claudio lottenberg","10 mil+","28 de agosto de 2026 a las 22:00:00 UTC-3","29 de agosto de 2026 a las 21:10:00 UTC-3","claudio lottenberg,cláudio lottenberg,claudio luiz lottenberg,dr claudio lottenberg,poder360","./explore?q=claudio%20lottenberg&geo=BR"
"o globo","20 mil+","29 de agosto de 2026 a las 13:20:00 UTC-3","30 de agosto de 2026 a las 8:50:00 UTC-3","o globo,alinne moraes","./explore?q=o%20globo&geo=BR"
"sunderland x fulham","10 mil+","30 de agosto de 2026 a las 9:10:00 UTC-3","30 de agosto de 2026 a las 15:50:00 UTC-3","sunderland x fulham,classificações de sunderland x fulham","./explore?q=sunderland%20x%20fulham&geo=BR"
"gabriel mec","10 mil+","30 de agosto de 2026 a las 12:10:00 UTC-3","30 de agosto de 2026 a las 20:20:00 UTC-3","gabriel mec,grêmio foot-ball porto alegrense,gremio fc","./explore?q=gabriel%20mec&geo=BR"
"yayoi kusama","20 mil+","27 de agosto de 2026 a las 0:20:00 UTC-3","29 de agosto de 2026 a las 2:00:00 UTC-3","yayoi kusama","./explore?q=yayoi%20kusama&geo=BR"
"michael jackson","10 mil+","29 de agosto de 2026 a las 0:00:00 UTC-3","30 de agosto de 2026 a las 8:20:00 UTC-3","michael jackson","./explore?q=michael%20jackson&geo=BR"
"atlético-go x botafogo sp","50 mil+","25 de agosto de 2026 a las 18:30:00 UTC-3","26 de agosto de 2026 a las 20:30:00 UTC-3","atlético-go x botafogo sp,classificações de atlético-go x botafogo sp,atletico go,atlético goianiense,botafogo sp,atlético clube goianiense","./explore?q=atl%C3%A9tico-go%20x%20botafogo%20sp&geo=BR"
"robinho jr","10 mil+","29 de agosto de 2026 a las 9:50:00 UTC-3","31 de agosto de 2026 a las 8:40:00 UTC-3","robinho jr,cidadania,robinho jr.,jogo santos hoje","./explore?q=robinho%20jr&geo=BR"
"tortura","5 mil+","30 de agosto de 2026 a las 10:40:00 UTC-3","30 de agosto de 2026 a las 19:50:00 UTC-3","tortura","./explore?q=tortura&geo=BR"
"efeito colateral","20 mil+","28 de agosto de 2026 a las 15:40:00 UTC-3","29 de agosto de 2026 a las 9:50:00 UTC-3","efeito colateral,canetas emagrecedoras","./explore?q=efeito%20colateral&geo=BR"
"veja","50 mil+","27 de agosto de 2026 a las 8:10:00 UTC-3","28 de agosto de 2026 a las 7:20:00 UTC-3","veja,roraima,ibge","./explore?q=veja&geo=BR"
"vasco","200 mil+","26 de agosto de 2026 a las 22:10:00 UTC-3","27 de agosto de 2026 a las 7:40:00 UTC-3","vasco,jogo do vasco,bruno duarte,jogo do vasco ontem,vasco.","./explore?q=vasco&geo=BR"
"lara marina miss supranational","20 mil+","29 de agosto de 2026 a las 20:30:00 UTC-3","30 de agosto de 2026 a las 8:50:00 UTC-3","lara marina miss supranational,miss brasil supranacional,miss lara marina,lara marina","./explore?q=lara%20marina%20miss%20supranational&geo=BR"
"fiat pulse","5 mil+","30 de agosto de 2026 a las 15:40:00 UTC-3","30 de agosto de 2026 a las 21:30:00 UTC-3","fiat pulse","./explore?q=fiat%20pulse&geo=BR"
"coquimbo unido x huachipato","2 mil+","30 de agosto de 2026 a las 20:30:00 UTC-3","31 de agosto de 2026 a las 7:30:00 UTC-3","coquimbo unido x huachipato,huachipato","./explore?q=coquimbo%20unido%20x%20huachipato&geo=BR"
"martinelli","5 mil+","30 de agosto de 2026 a las 10:50:00 UTC-3","31 de agosto de 2026 a las 1:50:00 UTC-3","martinelli,gabriel martinelli","./explore?q=martinelli&geo=BR"
"dark horse","20 mil+","28 de agosto de 2026 a las 13:40:00 UTC-3","29 de agosto de 2026 a las 21:40:00 UTC-3","dark horse,o globo,folha de s.paulo,vorcaro,quantos anos tem flávio bolsonaro,filme do bolsonaro","./explore?q=dark%20horse&geo=BR"
"benefício","50 mil+","25 de agosto de 2026 a las 8:00:00 UTC-3","26 de agosto de 2026 a las 17:20:00 UTC-3","benefício","./explore?q=benef%C3%ADcio&geo=BR"
"unicamp","2 mil+","30 de agosto de 2026 a las 14:50:00 UTC-3","31 de agosto de 2026 a las 8:50:00 UTC-3","unicamp","./explore?q=unicamp&geo=BR"
"naegleria","20 mil+","24 de agosto de 2026 a las 14:40:00 UTC-3","26 de agosto de 2026 a las 22:40:00 UTC-3","naegleria,naegleria fowleri","./explore?q=naegleria&geo=BR"
"advogado","20 mil+","28 de agosto de 2026 a las 13:10:00 UTC-3","29 de agosto de 2026 a las 20:40:00 UTC-3","advogado,advogado gabriel xique xique","./explore?q=advogado&geo=BR"
"temperatura da superfície do mar","20 mil+","27 de agosto de 2026 a las 18:00:00 UTC-3","28 de agosto de 2026 a las 21:40:00 UTC-3","temperatura da superfície do mar","./explore?q=temperatura%20da%20superf%C3%ADcie%20do%20mar&geo=BR"
"vin diesel","10 mil+","27 de agosto de 2026 a las 20:20:00 UTC-3","29 de agosto de 2026 a las 17:10:00 UTC-3","vin diesel","./explore?q=vin%20diesel&geo=BR"
"talleres x rosario","50 mil+","24 de agosto de 2026 a las 20:40:00 UTC-3","25 de agosto de 2026 a las 22:40:00 UTC-3","talleres x rosario,classificações de talleres x rosario central,campeonato argentino","./explore?q=talleres%20x%20rosario&geo=BR"
"hamilton mourão","20 mil+","25 de agosto de 2026 a las 17:30:00 UTC-3","27 de agosto de 2026 a las 16:00:00 UTC-3","hamilton mourão","./explore?q=hamilton%20mour%C3%A3o&geo=BR"
"gêmeos","10 mil+","28 de agosto de 2026 a las 17:30:00 UTC-3","29 de agosto de 2026 a las 10:40:00 UTC-3","gêmeos","./explore?q=g%C3%AAmeos&geo=BR"
"monaco","5 mil+","30 de agosto de 2026 a las 16:00:00 UTC-3","31 de agosto de 2026 a las 2:10:00 UTC-3","monaco","./explore?q=monaco&geo=BR"
"elon musk","5 mil+","29 de agosto de 2026 a las 21:00:00 UTC-3","30 de agosto de 2026 a las 15:40:00 UTC-3","elon musk","./explore?q=elon%20musk&geo=BR"
"fast fashion","20 mil+","25 de agosto de 2026 a las 10:30:00 UTC-3","27 de agosto de 2026 a las 14:40:00 UTC-3","fast fashion,shein","./explore?q=fast%20fashion&geo=BR"
"amelie voigt trejes","10 mil+","28 de agosto de 2026 a las 9:50:00 UTC-3","29 de agosto de 2026 a las 20:20:00 UTC-3","amelie voigt trejes,amélie voigt trejes","./explore?q=amelie%20voigt%20trejes&geo=BR"
"gta 5","20 mil+","27 de agosto de 2026 a las 16:30:00 UTC-3","31 de agosto de 2026 a las 0:40:00 UTC-3","gta 5,rockstar,twitch,gta v,dazed,gta 6 extended look,ign,gta 6 pc,grand theft auto: san andreas","./explore?q=gta%205&geo=BR"
"luciano huck","10 mil+","26 de agosto de 2026 a las 23:00:00 UTC-3","28 de agosto de 2026 a las 19:00:00 UTC-3","luciano huck","./explore?q=luciano%20huck&geo=BR"
"barrashopping","2 mil+","30 de agosto de 2026 a las 11:50:00 UTC-3","31 de agosto de 2026 a las 7:20:00 UTC-3","barrashopping","./explore?q=barrashopping&geo=BR"
"play 5","10 mil+","27 de agosto de 2026 a las 16:20:00 UTC-3","30 de agosto de 2026 a las 22:30:00 UTC-3","play 5","./explore?q=play%205&geo=BR"
"quem é augusto cury","50 mil+","25 de agosto de 2026 a las 21:40:00 UTC-3","28 de agosto de 2026 a las 23:20:00 UTC-3","quem é augusto cury,candidato,romeu zema,jornal nacional ao vivo,programação globo hoje,jornal nacional horario,globo ao vivo agora,rede globo ao vivo,debate globo,zema candidato,debate presidencial 2026 globo,que horas começa o jornal nacional hoje,horario entrevista flavio,horario jornal nacional,renata vasconcellos,mbl,horario sabatina lula,jornal nacional,anistia,horário do jornal nacional,candidatos a presidencia","./explore?q=quem%20%C3%A9%20augusto%20cury&geo=BR"
"gustavo heide","200+","31 de agosto de 2026 a las 10:40:00 UTC-3","31 de agosto de 2026 a las 11:50:00 UTC-3","gustavo heide","./explore?q=gustavo%20heide&geo=BR"
"iphone 17 pro","20 mil+","25 de agosto de 2026 a las 15:40:00 UTC-3","28 de agosto de 2026 a las 8:00:00 UTC-3","iphone 17 pro,iphone 17 pro max","./explore?q=iphone%2017%20pro&geo=BR"
"peter cullen","10 mil+","27 de agosto de 2026 a las 11:20:00 UTC-3","29 de agosto de 2026 a las 2:00:00 UTC-3","peter cullen","./explore?q=peter%20cullen&geo=BR"
"madeira","20 mil+","25 de agosto de 2026 a las 20:10:00 UTC-3","27 de agosto de 2026 a las 16:00:00 UTC-3","madeira","./explore?q=madeira&geo=BR"
"vacina pneumocócica","2 mil+","29 de agosto de 2026 a las 22:40:00 UTC-3","30 de agosto de 2026 a las 20:50:00 UTC-3","vacina pneumocócica","./explore?q=vacina%20pneumoc%C3%B3cica&geo=BR"
"miguel falabella","20 mil+","24 de agosto de 2026 a las 22:40:00 UTC-3","27 de agosto de 2026 a las 0:10:00 UTC-3","miguel falabella,netinho","./explore?q=miguel%20falabella&geo=BR"
"emiliane","2 mil+","31 de agosto de 2026 a las 9:50:00 UTC-3","31 de agosto de 2026 a las 11:00:00 UTC-3","emiliane","./explore?q=emiliane&geo=BR"
"globoplay","20 mil+","30 de agosto de 2026 a las 15:50:00 UTC-3","30 de agosto de 2026 a las 17:40:00 UTC-3","globoplay","./explore?q=globoplay&geo=BR"
"windy","2 mil+","30 de agosto de 2026 a las 21:10:00 UTC-3","31 de agosto de 2026 a las 8:00:00 UTC-3","windy","./explore?q=windy&geo=BR"
"elden ring","10 mil+","28 de agosto de 2026 a las 2:20:00 UTC-3","29 de agosto de 2026 a las 21:00:00 UTC-3","elden ring","./explore?q=elden%20ring&geo=BR"
"igor jesus","5 mil+","28 de agosto de 2026 a las 6:40:00 UTC-3","29 de agosto de 2026 a las 19:50:00 UTC-3","igor jesus","./explore?q=igor%20jesus&geo=BR"
"augusto cury propostas","20 mil+","25 de agosto de 2026 a las 16:00:00 UTC-3","28 de agosto de 2026 a las 9:10:00 UTC-3","augusto cury propostas,propostas augusto cury","./explore?q=augusto%20cury%20propostas&geo=BR"
"vitoria guedes","20 mil+","27 de agosto de 2026 a las 9:10:00 UTC-3","28 de agosto de 2026 a las 9:10:00 UTC-3","vitoria guedes","./explore?q=vitoria%20guedes&geo=BR"
"tottenham","20 mil+","29 de agosto de 2026 a las 12:50:00 UTC-3","29 de agosto de 2026 a las 17:20:00 UTC-3","tottenham,richarlison","./explore?q=tottenham&geo=BR"
"athletic x novorizontino","50 mil+","24 de agosto de 2026 a las 18:40:00 UTC-3","25 de agosto de 2026 a las 20:30:00 UTC-3","athletic x novorizontino,novorizontino,athletic,grêmio novorizontino,athletic club,gremio novorizontino,novorizontino x","./explore?q=athletic%20x%20novorizontino&geo=BR"
"reajuste bancários 2026","10 mil+","31 de agosto de 2026 a las 5:10:00 UTC-3","31 de agosto de 2026 a las 8:00:00 UTC-3","reajuste bancários 2026,greve,inpc,fenaban","./explore?q=reajuste%20banc%C3%A1rios%202026&geo=BR"
"nacional x csa","20 mil+","27 de agosto de 2026 a las 20:10:00 UTC-3","28 de agosto de 2026 a las 13:30:00 UTC-3","nacional x csa,csa,nacional fc,brasileirão série d,csa x,csa hoje,nacional am","./explore?q=nacional%20x%20csa&geo=BR"
"educação especial","10 mil+","25 de agosto de 2026 a las 12:50:00 UTC-3","29 de agosto de 2026 a las 9:30:00 UTC-3","educação especial","./explore?q=educa%C3%A7%C3%A3o%20especial&geo=BR"
"william bonner","5 mil+","29 de agosto de 2026 a las 13:00:00 UTC-3","30 de agosto de 2026 a las 11:50:00 UTC-3","william bonner","./explore?q=william%20bonner&geo=BR"
"mensagem","20 mil+","25 de agosto de 2026 a las 17:10:00 UTC-3","27 de agosto de 2026 a las 15:20:00 UTC-3","mensagem,menino,criança","./explore?q=mensagem&geo=BR"
"casper ruud","2 mil+","30 de agosto de 2026 a las 18:50:00 UTC-3","30 de agosto de 2026 a las 23:10:00 UTC-3","casper ruud","./explore?q=casper%20ruud&geo=BR"
"rita guedes olhos","5 mil+","30 de agosto de 2026 a las 19:30:00 UTC-3","31 de agosto de 2026 a las 8:30:00 UTC-3","rita guedes olhos,rita guedes","./explore?q=rita%20guedes%20olhos&geo=BR"
"previsão do tempo blumenau","500+","31 de agosto de 2026 a las 6:30:00 UTC-3","31 de agosto de 2026 a las 9:50:00 UTC-3","previsão do tempo blumenau","./explore?q=previs%C3%A3o%20do%20tempo%20blumenau&geo=BR"
"chave","5 mil+","28 de agosto de 2026 a las 21:10:00 UTC-3","29 de agosto de 2026 a las 13:30:00 UTC-3","chave,lazio x genoa,lazio x","./explore?q=chave&geo=BR"
"valencia x betis","20 mil+","25 de agosto de 2026 a las 15:00:00 UTC-3","26 de agosto de 2026 a las 14:20:00 UTC-3","valencia x betis,antony","./explore?q=valencia%20x%20betis&geo=BR"
"meteorito","20 mil+","24 de agosto de 2026 a las 19:50:00 UTC-3","26 de agosto de 2026 a las 8:40:00 UTC-3","meteorito","./explore?q=meteorito&geo=BR"
"mel maia","2 mil+","30 de agosto de 2026 a las 0:10:00 UTC-3","31 de agosto de 2026 a las 7:20:00 UTC-3","mel maia,namorado mel maia","./explore?q=mel%20maia&geo=BR"
"apple iphone 18 pro","2 mil+","30 de agosto de 2026 a las 15:50:00 UTC-3","30 de agosto de 2026 a las 22:40:00 UTC-3","apple iphone 18 pro","./explore?q=apple%20iphone%2018%20pro&geo=BR"
"josé aldo","5 mil+","27 de agosto de 2026 a las 20:50:00 UTC-3","29 de agosto de 2026 a las 23:00:00 UTC-3","josé aldo","./explore?q=jos%C3%A9%20aldo&geo=BR"
"flamengo libera cebolinha","20 mil+","26 de agosto de 2026 a las 15:40:00 UTC-3","28 de agosto de 2026 a las 7:10:00 UTC-3","flamengo libera cebolinha,everton cebolinha,cebolinha","./explore?q=flamengo%20libera%20cebolinha&geo=BR"
"deportivo cali","2 mil+","30 de agosto de 2026 a las 20:30:00 UTC-3","31 de agosto de 2026 a las 2:20:00 UTC-3","deportivo cali,deportivo cali x bucaramanga,campeonato colombiano","./explore?q=deportivo%20cali&geo=BR"
"climatempo rj","10 mil+","29 de agosto de 2026 a las 20:30:00 UTC-3","31 de agosto de 2026 a las 7:10:00 UTC-3","climatempo rj,previsão do tempo rio de janeiro,previsão do tempo rj,tempo rj,previsao do tempo rio de janeiro,previsao do tempo rj,clima rj,tempo hoje","./explore?q=climatempo%20rj&geo=BR"
"monyque isabella da costa","5 mil+","28 de agosto de 2026 a las 12:10:00 UTC-3","29 de agosto de 2026 a las 11:30:00 UTC-3","monyque isabella da costa","./explore?q=monyque%20isabella%20da%20costa&geo=BR"
"rincon","20 mil+","26 de agosto de 2026 a las 9:40:00 UTC-3","27 de agosto de 2026 a las 23:50:00 UTC-3","rincon,agressão,rincon briga em barretos,o que aconteceu com rincon em barretos","./explore?q=rincon&geo=BR"
"foguete espacial","5 mil+","29 de agosto de 2026 a las 0:50:00 UTC-3","29 de agosto de 2026 a las 21:10:00 UTC-3","foguete espacial","./explore?q=foguete%20espacial&geo=BR"
"oposição","2 mil+","29 de agosto de 2026 a las 14:40:00 UTC-3","30 de agosto de 2026 a las 11:40:00 UTC-3","oposição","./explore?q=oposi%C3%A7%C3%A3o&geo=BR"
"órbita terrestre","1 mil+","30 de agosto de 2026 a las 17:30:00 UTC-3","31 de agosto de 2026 a las 7:10:00 UTC-3","órbita terrestre","./explore?q=%C3%B3rbita%20terrestre&geo=BR"
"supermercado","2 mil+","30 de agosto de 2026 a las 6:00:00 UTC-3","30 de agosto de 2026 a las 17:10:00 UTC-3","supermercado","./explore?q=supermercado&geo=BR"
"messi","20 mil+","29 de agosto de 2026 a las 22:30:00 UTC-3","30 de agosto de 2026 a las 9:40:00 UTC-3","messi,inter miami,inter miami - montréal,mls,inter miami vs montréal,lionel messi,alexander shaw,inter de miami,inter miami cf","./explore?q=messi&geo=BR"
"tiempo","2 mil+","31 de agosto de 2026 a las 6:10:00 UTC-3","31 de agosto de 2026 a las 7:50:00 UTC-3","tiempo","./explore?q=tiempo&geo=BR"
"allan","5 mil+","30 de agosto de 2026 a las 16:10:00 UTC-3","30 de agosto de 2026 a las 18:30:00 UTC-3","allan,miguel bilong","./explore?q=allan&geo=BR"
"juventus","10 mil+","29 de agosto de 2026 a las 15:10:00 UTC-3","29 de agosto de 2026 a las 19:30:00 UTC-3","juventus,serie a tim,juventus fc,juventus football club","./explore?q=juventus&geo=BR"
"sabina simonato","20 mil+","25 de agosto de 2026 a las 9:20:00 UTC-3","26 de agosto de 2026 a las 11:10:00 UTC-3","sabina simonato,felipe siqueira,globo ao vivo,jogador de futebol","./explore?q=sabina%20simonato&geo=BR"
"monterrey x atlético san luis","1 mil+","30 de agosto de 2026 a las 22:20:00 UTC-3","31 de agosto de 2026 a las 2:20:00 UTC-3","monterrey x atlético san luis","./explore?q=monterrey%20x%20atl%C3%A9tico%20san%20luis&geo=BR"
"toffoli renan santos","2 mil+","30 de agosto de 2026 a las 18:50:00 UTC-3","30 de agosto de 2026 a las 23:10:00 UTC-3","toffoli renan santos","./explore?q=toffoli%20renan%20santos&geo=BR"
"guayaquil city x ldu quito","10 mil+","29 de agosto de 2026 a las 17:00:00 UTC-3","29 de agosto de 2026 a las 22:00:00 UTC-3","guayaquil city x ldu quito","./explore?q=guayaquil%20city%20x%20ldu%20quito&geo=BR"
"previsão do tempo salvador","1 mil+","31 de agosto de 2026 a las 7:00:00 UTC-3","31 de agosto de 2026 a las 9:00:00 UTC-3","previsão do tempo salvador,vai chover","./explore?q=previs%C3%A3o%20do%20tempo%20salvador&geo=BR"
"milan","20 mil+","28 de agosto de 2026 a las 15:00:00 UTC-3","28 de agosto de 2026 a las 20:40:00 UTC-3","milan,rafael leão","./explore?q=milan&geo=BR"
"kyle chandler","2 mil+","30 de agosto de 2026 a las 18:40:00 UTC-3","31 de agosto de 2026 a las 4:00:00 UTC-3","kyle chandler,lanternas ep 3,série de televisão","./explore?q=kyle%20chandler&geo=BR"
"a mulher secreta","2 mil+","29 de agosto de 2026 a las 15:50:00 UTC-3","31 de agosto de 2026 a las 0:30:00 UTC-3","a mulher secreta","./explore?q=a%20mulher%20secreta&geo=BR"
"uber","5 mil+","30 de agosto de 2026 a las 10:20:00 UTC-3","30 de agosto de 2026 a las 14:40:00 UTC-3","uber","./explore?q=uber&geo=BR"
"racing","2 mil+","30 de agosto de 2026 a las 20:50:00 UTC-3","31 de agosto de 2026 a las 0:50:00 UTC-3","racing","./explore?q=racing&geo=BR"
"deportivo recoleta x olimpia","10 mil+","29 de agosto de 2026 a las 17:50:00 UTC-3","29 de agosto de 2026 a las 22:30:00 UTC-3","deportivo recoleta x olimpia","./explore?q=deportivo%20recoleta%20x%20olimpia&geo=BR"
"lazio","2 mil+","30 de agosto de 2026 a las 15:10:00 UTC-3","30 de agosto de 2026 a las 18:50:00 UTC-3","lazio","./explore?q=lazio&geo=BR"
"investidor10","2 mil+","30 de agosto de 2026 a las 19:30:00 UTC-3","30 de agosto de 2026 a las 23:00:00 UTC-3","investidor10","./explore?q=investidor10&geo=BR"
"petrobras","5 mil+","28 de agosto de 2026 a las 15:40:00 UTC-3","29 de agosto de 2026 a las 11:00:00 UTC-3","petrobras","./explore?q=petrobras&geo=BR"
"campeonato alemão","5 mil+","28 de agosto de 2026 a las 16:00:00 UTC-3","30 de agosto de 2026 a las 16:00:00 UTC-3","campeonato alemão","./explore?q=campeonato%20alem%C3%A3o&geo=BR"
"bayer leverkusen","5 mil+","28 de agosto de 2026 a las 23:40:00 UTC-3","29 de agosto de 2026 a las 15:50:00 UTC-3","bayer leverkusen,leverkusen","./explore?q=bayer%20leverkusen&geo=BR"
"independiente x gimnasia mendoza","2 mil+","30 de agosto de 2026 a las 18:50:00 UTC-3","31 de agosto de 2026 a las 5:50:00 UTC-3","independiente x gimnasia mendoza,independiente","./explore?q=independiente%20x%20gimnasia%20mendoza&geo=BR"
"barcelona","50 mil+","27 de agosto de 2026 a las 15:50:00 UTC-3","27 de agosto de 2026 a las 19:40:00 UTC-3","barcelona,barcelona fc,barça,club atlético de madrid,julian alvarez","./explore?q=barcelona&geo=BR"
"flamengo feminino","10 mil+","29 de agosto de 2026 a las 15:50:00 UTC-3","29 de agosto de 2026 a las 22:40:00 UTC-3","flamengo feminino,futebol feminino,flamengo x ferroviária,brasileirão feminino,brasileirao feminino,ferroviaria,campeonato brasileiro feminino,campeonato brasileiro de futebol feminino,grêmio x são paulo,tabela brasileiro,brasileiro feminino,gremio feminino,campeonato brasileiro feminino a1,sao paulo feminino,ferroviária","./explore?q=flamengo%20feminino&geo=BR"
"america","2 mil+","30 de agosto de 2026 a las 16:30:00 UTC-3","30 de agosto de 2026 a las 23:30:00 UTC-3","america,trump","./explore?q=america&geo=BR"
"borussia","10 mil+","29 de agosto de 2026 a las 12:20:00 UTC-3","29 de agosto de 2026 a las 17:40:00 UTC-3","borussia,borussia dortmund,dortmund,giannis konstantelias,bvb","./explore?q=borussia&geo=BR"
"paula fernandes","5 mil+","30 de agosto de 2026 a las 23:00:00 UTC-3","31 de agosto de 2026 a las 0:10:00 UTC-3","paula fernandes","./explore?q=paula%20fernandes&geo=BR"
"menina","20 mil+","27 de agosto de 2026 a las 6:50:00 UTC-3","27 de agosto de 2026 a las 21:30:00 UTC-3","menina","./explore?q=menina&geo=BR"
"ricardo blat","5 mil+","28 de agosto de 2026 a las 15:40:00 UTC-3","30 de agosto de 2026 a las 13:20:00 UTC-3","ricardo blat,caio blat","./explore?q=ricardo%20blat&geo=BR"
"neymar","10 mil+","30 de agosto de 2026 a las 18:10:00 UTC-3","30 de agosto de 2026 a las 19:10:00 UTC-3","neymar,palmeiras classificação","./explore?q=neymar&geo=BR"
"keanu reeves","10 mil+","26 de agosto de 2026 a las 17:30:00 UTC-3","28 de agosto de 2026 a las 6:50:00 UTC-3","keanu reeves","./explore?q=keanu%20reeves&geo=BR"
"instituto nacional de meteorologia","2 mil+","29 de agosto de 2026 a las 16:50:00 UTC-3","30 de agosto de 2026 a las 13:30:00 UTC-3","instituto nacional de meteorologia","./explore?q=instituto%20nacional%20de%20meteorologia&geo=BR"
"explosão","2 mil+","30 de agosto de 2026 a las 12:30:00 UTC-3","30 de agosto de 2026 a las 19:50:00 UTC-3","explosão","./explore?q=explos%C3%A3o&geo=BR"
"independiente medellín x llaneros fc","2 mil+","30 de agosto de 2026 a las 17:20:00 UTC-3","30 de agosto de 2026 a las 21:10:00 UTC-3","independiente medellín x llaneros fc,independiente medellín","./explore?q=independiente%20medell%C3%ADn%20x%20llaneros%20fc&geo=BR"
"guarani x brusque","10 mil+","29 de agosto de 2026 a las 16:20:00 UTC-3","29 de agosto de 2026 a las 21:20:00 UTC-3","guarani x brusque,brusque fc,guarani x,guarani e brusque","./explore?q=guarani%20x%20brusque&geo=BR"
"delcy rodríguez","5 mil+","30 de agosto de 2026 a las 6:10:00 UTC-3","30 de agosto de 2026 a las 14:50:00 UTC-3","delcy rodríguez,petróleo,presidente,presidente dos estados unidos","./explore?q=delcy%20rodr%C3%ADguez&geo=BR"
"botafogo de futebol e regatas","5 mil+","30 de agosto de 2026 a las 16:00:00 UTC-3","30 de agosto de 2026 a las 18:50:00 UTC-3","botafogo de futebol e regatas,alex telles","./explore?q=botafogo%20de%20futebol%20e%20regatas&geo=BR"
"orense sporting club x macará","2 mil+","30 de agosto de 2026 a las 16:40:00 UTC-3","30 de agosto de 2026 a las 20:30:00 UTC-3","orense sporting club x macará","./explore?q=orense%20sporting%20club%20x%20macar%C3%A1&geo=BR"
"dia mundial do cachorro","20 mil+","26 de agosto de 2026 a las 7:00:00 UTC-3","27 de agosto de 2026 a las 13:30:00 UTC-3","dia mundial do cachorro,dia do cachorro,dia internacional do cachorro","./explore?q=dia%20mundial%20do%20cachorro&geo=BR"
"corinthians vs santos fc standings","2 mil+","30 de agosto de 2026 a las 18:10:00 UTC-3","30 de agosto de 2026 a las 21:10:00 UTC-3","corinthians vs santos fc standings,neo química arena,santos vs","./explore?q=corinthians%20vs%20santos%20fc%20standings&geo=BR"
"tiggo 7","20 mil+","25 de agosto de 2026 a las 20:40:00 UTC-3","29 de agosto de 2026 a las 17:30:00 UTC-3","tiggo 7,caoa chery tiggo 7,tiggo 7 sport,chery tiggo 5x,chery tiggo 7,novo tiggo 7,tiggo 7 pro","./explore?q=tiggo%207&geo=BR"
"flamengo ingressos","1 mil+","31 de agosto de 2026 a las 10:00:00 UTC-3","31 de agosto de 2026 a las 10:50:00 UTC-3","flamengo ingressos,fla x,1","./explore?q=flamengo%20ingressos&geo=BR"
"jogo do bahia hoje","2 mil+","30 de agosto de 2026 a las 19:50:00 UTC-3","30 de agosto de 2026 a las 22:40:00 UTC-3","jogo do bahia hoje,jogo bahia hoje","./explore?q=jogo%20do%20bahia%20hoje&geo=BR"
"yamaha r2","10 mil+","27 de agosto de 2026 a las 16:30:00 UTC-3","28 de agosto de 2026 a las 15:30:00 UTC-3","yamaha r2","./explore?q=yamaha%20r2&geo=BR"
"real madrid","100 mil+","26 de agosto de 2026 a las 16:20:00 UTC-3","26 de agosto de 2026 a las 19:40:00 UTC-3","real madrid,real madrid - real sociedad,real madrid vs real sociedad,posiciones de real madrid contra real sociedad,real madrid – real sociedad","./explore?q=real%20madrid&geo=BR"
"amazonas fc x ypiranga","10 mil+","29 de agosto de 2026 a las 16:40:00 UTC-3","29 de agosto de 2026 a las 21:10:00 UTC-3","amazonas fc x ypiranga,classificações de amazonas fc x ypiranga futebol clube,ypiranga,ypiranga futebol clube","./explore?q=amazonas%20fc%20x%20ypiranga&geo=BR"
"portugal","2 mil+","29 de agosto de 2026 a las 13:20:00 UTC-3","30 de agosto de 2026 a las 8:30:00 UTC-3","portugal","./explore?q=portugal&geo=BR"
"rembrandt júnior","5 mil+","27 de agosto de 2026 a las 14:30:00 UTC-3","28 de agosto de 2026 a las 21:30:00 UTC-3","rembrandt júnior","./explore?q=rembrandt%20j%C3%BAnior&geo=BR"
"jequiti","2 mil+","29 de agosto de 2026 a las 1:20:00 UTC-3","30 de agosto de 2026 a las 19:30:00 UTC-3","jequiti","./explore?q=jequiti&geo=BR"
"safiel","5 mil+","28 de agosto de 2026 a las 18:10:00 UTC-3","29 de agosto de 2026 a las 18:10:00 UTC-3","safiel,osmar stabile safiel","./explore?q=safiel&geo=BR"
"rock in rio","10 mil+","28 de agosto de 2026 a las 12:40:00 UTC-3","29 de agosto de 2026 a las 20:50:00 UTC-3","rock in rio,rock in rio 2026,appai,rock in rio 2026 line up","./explore?q=rock%20in%20rio&geo=BR"
"outlander","5 mil+","27 de agosto de 2026 a las 18:50:00 UTC-3","29 de agosto de 2026 a las 8:20:00 UTC-3","outlander","./explore?q=outlander&geo=BR"
"psg","50 mil+","28 de agosto de 2026 a las 17:00:00 UTC-3","28 de agosto de 2026 a las 19:10:00 UTC-3","psg,barcola","./explore?q=psg&geo=BR"
"leilão","5 mil+","29 de agosto de 2026 a las 11:30:00 UTC-3","29 de agosto de 2026 a las 21:30:00 UTC-3","leilão,leilão casas bahia eletrodomésticos","./explore?q=leil%C3%A3o&geo=BR"
"isabeli fontana","2 mil+","30 de agosto de 2026 a las 22:20:00 UTC-3","31 de agosto de 2026 a las 0:30:00 UTC-3","isabeli fontana","./explore?q=isabeli%20fontana&geo=BR"
"napoli x","2 mil+","30 de agosto de 2026 a las 13:00:00 UTC-3","30 de agosto de 2026 a las 17:20:00 UTC-3","napoli x","./explore?q=napoli%20x&geo=BR"
"helena rizzo","5 mil+","26 de agosto de 2026 a las 20:50:00 UTC-3","29 de agosto de 2026 a las 9:40:00 UTC-3","helena rizzo","./explore?q=helena%20rizzo&geo=BR"
"previsão do tempo guarulhos","1 mil+","31 de agosto de 2026 a las 5:10:00 UTC-3","31 de agosto de 2026 a las 7:00:00 UTC-3","previsão do tempo guarulhos,clima sp,tempo guarulhos","./explore?q=previs%C3%A3o%20do%20tempo%20guarulhos&geo=BR"
"sindicato dos bancários","2 mil+","30 de agosto de 2026 a las 14:20:00 UTC-3","30 de agosto de 2026 a las 21:30:00 UTC-3","sindicato dos bancários","./explore?q=sindicato%20dos%20banc%C3%A1rios&geo=BR"
"halle berry","2 mil+","29 de agosto de 2026 a las 5:00:00 UTC-3","29 de agosto de 2026 a las 21:50:00 UTC-3","halle berry","./explore?q=halle%20berry&geo=BR"
"patrick dempsey","5 mil+","26 de agosto de 2026 a las 20:00:00 UTC-3","28 de agosto de 2026 a las 8:50:00 UTC-3","patrick dempsey","./explore?q=patrick%20dempsey&geo=BR"
"vasco sub 20","10 mil+","28 de agosto de 2026 a las 17:50:00 UTC-3","29 de agosto de 2026 a las 9:10:00 UTC-3","vasco sub 20,vasco x palmeiras sub 20,palmeiras sub 20,brasileiro sub 20,sub 20,onde assistir palmeiras vasco,vasco sub-20 x palmeiras sub-20,vasco e palmeiras sub 20,vasco-palmeiras sub-20,brasileirao sub 20,brasileiro sub-20,classificações de vasco","./explore?q=vasco%20sub%2020&geo=BR"
"harry styles","2 mil+","30 de agosto de 2026 a las 12:10:00 UTC-3","30 de agosto de 2026 a las 20:20:00 UTC-3","harry styles","./explore?q=harry%20styles&geo=BR"
"morte","5 mil+","30 de agosto de 2026 a las 19:10:00 UTC-3","30 de agosto de 2026 a las 20:20:00 UTC-3","morte,mordida","./explore?q=morte&geo=BR"
"amanda vettorazzo","10 mil+","25 de agosto de 2026 a las 18:50:00 UTC-3","27 de agosto de 2026 a las 3:00:00 UTC-3","amanda vettorazzo,vereadora amanda vettorazzo","./explore?q=amanda%20vettorazzo&geo=BR"
"feyenoord","5 mil+","30 de agosto de 2026 a las 9:30:00 UTC-3","30 de agosto de 2026 a las 12:40:00 UTC-3","feyenoord","./explore?q=feyenoord&geo=BR"
"parana clube","5 mil+","29 de agosto de 2026 a las 13:40:00 UTC-3","30 de agosto de 2026 a las 6:40:00 UTC-3","parana clube,copa paraná 2026,paraná clube,athletico x parana,athletico pr x parana","./explore?q=parana%20clube&geo=BR"
"josé rico","10 mil+","24 de agosto de 2026 a las 13:30:00 UTC-3","26 de agosto de 2026 a las 14:00:00 UTC-3","josé rico","./explore?q=jos%C3%A9%20rico&geo=BR"
"irene ravache","2 mil+","30 de agosto de 2026 a las 20:50:00 UTC-3","30 de agosto de 2026 a las 22:40:00 UTC-3","irene ravache","./explore?q=irene%20ravache&geo=BR"
"ciclismo","2 mil+","30 de agosto de 2026 a las 8:00:00 UTC-3","30 de agosto de 2026 a las 16:30:00 UTC-3","ciclismo","./explore?q=ciclismo&geo=BR"
"premier league","20 mil+","29 de agosto de 2026 a las 10:20:00 UTC-3","29 de agosto de 2026 a las 11:40:00 UTC-3","premier league,tottenham x newcastle,campeonato inglês,tottenham x,jogo do tottenham,mateus fernandes,new castle,newcastle x","./explore?q=premier%20league&geo=BR"
"jogo do flamengo hoje","10 mil+","30 de agosto de 2026 a las 16:40:00 UTC-3","30 de agosto de 2026 a las 18:40:00 UTC-3","jogo do flamengo hoje,jogo flamengo hoje,brasileirão série a 2026","./explore?q=jogo%20do%20flamengo%20hoje&geo=BR"
"sbt","20 mil+","24 de agosto de 2026 a las 16:40:00 UTC-3","25 de agosto de 2026 a las 9:30:00 UTC-3","sbt","./explore?q=sbt&geo=BR"
"estudante de medicina","10 mil+","25 de agosto de 2026 a las 17:10:00 UTC-3","26 de agosto de 2026 a las 14:30:00 UTC-3","estudante de medicina","./explore?q=estudante%20de%20medicina&geo=BR"
"franquia","2 mil+","30 de agosto de 2026 a las 6:30:00 UTC-3","30 de agosto de 2026 a las 16:40:00 UTC-3","franquia","./explore?q=franquia&geo=BR"
"classificações de esporte clube juventude x crb","20 mil+","25 de agosto de 2026 a las 21:40:00 UTC-3","26 de agosto de 2026 a las 14:30:00 UTC-3","classificações de esporte clube juventude x crb,jogos de brasileirão série b,juventude fc,esporte clube juventude,alan kardec,clube de regatas brasil,juventude crb 25/08/2026,jogo juventude","./explore?q=classifica%C3%A7%C3%B5es%20de%20esporte%20clube%20juventude%20x%20crb&geo=BR"
"jogo do gremio hoje","1 mil+","30 de agosto de 2026 a las 16:30:00 UTC-3","30 de agosto de 2026 a las 21:30:00 UTC-3","jogo do gremio hoje","./explore?q=jogo%20do%20gremio%20hoje&geo=BR"
"eduardo appio","10 mil+","27 de agosto de 2026 a las 19:00:00 UTC-3","28 de agosto de 2026 a las 11:40:00 UTC-3","eduardo appio,juiz eduardo appio,furto","./explore?q=eduardo%20appio&geo=BR"
"rb leipzig","2 mil+","28 de agosto de 2026 a las 22:40:00 UTC-3","29 de agosto de 2026 a las 14:30:00 UTC-3","rb leipzig","./explore?q=rb%20leipzig&geo=BR"
"tenente","5 mil+","27 de agosto de 2026 a las 19:00:00 UTC-3","28 de agosto de 2026 a las 15:00:00 UTC-3","tenente","./explore?q=tenente&geo=BR"
"xbox game pass","2 mil+","28 de agosto de 2026 a las 18:20:00 UTC-3","29 de agosto de 2026 a las 14:50:00 UTC-3","xbox game pass","./explore?q=xbox%20game%20pass&geo=BR"
"paris brunner","1 mil+","30 de agosto de 2026 a las 16:50:00 UTC-3","31 de agosto de 2026 a las 1:00:00 UTC-3","paris brunner","./explore?q=paris%20brunner&geo=BR"
"classificações de figueirense x maranhão atlético clube","5 mil+","29 de agosto de 2026 a las 20:10:00 UTC-3","30 de agosto de 2026 a las 9:00:00 UTC-3","classificações de figueirense x maranhão atlético clube,figueirense,maranhão atlético clube","./explore?q=classifica%C3%A7%C3%B5es%20de%20figueirense%20x%20maranh%C3%A3o%20atl%C3%A9tico%20clube&geo=BR"
"aaron paul","5 mil+","28 de agosto de 2026 a las 8:30:00 UTC-3","29 de agosto de 2026 a las 6:00:00 UTC-3","aaron paul","./explore?q=aaron%20paul&geo=BR"
"netflix","50 mil+","27 de agosto de 2026 a las 15:10:00 UTC-3","27 de agosto de 2026 a las 19:30:00 UTC-3","netflix","./explore?q=netflix&geo=BR"
"paulista feminino","2 mil+","30 de agosto de 2026 a las 19:40:00 UTC-3","30 de agosto de 2026 a las 21:40:00 UTC-3","paulista feminino","./explore?q=paulista%20feminino&geo=BR"
"federação internacional de futebol","10 mil+","24 de agosto de 2026 a las 19:30:00 UTC-3","26 de agosto de 2026 a las 8:00:00 UTC-3","federação internacional de futebol","./explore?q=federa%C3%A7%C3%A3o%20internacional%20de%20futebol&geo=BR"
"itabaiana x botafogo-pb","5 mil+","29 de agosto de 2026 a las 16:30:00 UTC-3","29 de agosto de 2026 a las 21:10:00 UTC-3","itabaiana x botafogo-pb","./explore?q=itabaiana%20x%20botafogo-pb&geo=BR"
"humberto costa","10 mil+","25 de agosto de 2026 a las 21:50:00 UTC-3","27 de agosto de 2026 a las 18:40:00 UTC-3","humberto costa","./explore?q=humberto%20costa&geo=BR"
"tibet","10 mil+","26 de agosto de 2026 a las 8:40:00 UTC-3","27 de agosto de 2026 a las 21:40:00 UTC-3","tibet,neoal,dalai lama","./explore?q=tibet&geo=BR"
"lyon","10 mil+","29 de agosto de 2026 a las 15:50:00 UTC-3","29 de agosto de 2026 a las 19:00:00 UTC-3","lyon,lyon fc,olympique lyonnais","./explore?q=lyon&geo=BR"
"lulinha","20 mil+","26 de agosto de 2026 a las 18:20:00 UTC-3","27 de agosto de 2026 a las 22:10:00 UTC-3","lulinha,ilações,marcola,entrevista de lula no jornal nacional,marcola chefe de gabinete,entrevista lula hoje,entrevista do lula hoje","./explore?q=lulinha&geo=BR"
"coquimbo unido huachipato 30/08/2026","1 mil+","30 de agosto de 2026 a las 21:00:00 UTC-3","31 de agosto de 2026 a las 6:40:00 UTC-3","coquimbo unido huachipato 30/08/2026","./explore?q=coquimbo%20unido%20huachipato%2030%2F08%2F2026&geo=BR"
"29 de agosto","2 mil+","29 de agosto de 2026 a las 10:40:00 UTC-3","30 de agosto de 2026 a las 0:30:00 UTC-3","29 de agosto,club leon","./explore?q=29%20de%20agosto&geo=BR"
"galatasaray","5 mil+","29 de agosto de 2026 a las 14:50:00 UTC-3","29 de agosto de 2026 a las 18:50:00 UTC-3","galatasaray","./explore?q=galatasaray&geo=BR"
"rennes","2 mil+","30 de agosto de 2026 a las 8:10:00 UTC-3","30 de agosto de 2026 a las 15:40:00 UTC-3","rennes","./explore?q=rennes&geo=BR"
"académico de viseu x porto","5 mil+","29 de agosto de 2026 a las 13:00:00 UTC-3","29 de agosto de 2026 a las 19:10:00 UTC-3","académico de viseu x porto,porto fc","./explore?q=acad%C3%A9mico%20de%20viseu%20x%20porto&geo=BR"
"sou","200+","31 de agosto de 2026 a las 8:00:00 UTC-3","31 de agosto de 2026 a las 9:30:00 UTC-3","sou","./explore?q=sou&geo=BR"
"claudia hitomi shimada furuyama","20 mil+","25 de agosto de 2026 a las 19:50:00 UTC-3","27 de agosto de 2026 a las 1:10:00 UTC-3","claudia hitomi shimada furuyama,marcos furuyama,curitiba","./explore?q=claudia%20hitomi%20shimada%20furuyama&geo=BR"
"palmeira","2 mil+","30 de agosto de 2026 a las 19:30:00 UTC-3","30 de agosto de 2026 a las 21:50:00 UTC-3","palmeira","./explore?q=palmeira&geo=BR"
"agf x benfica","10 mil+","27 de agosto de 2026 a las 14:10:00 UTC-3","27 de agosto de 2026 a las 23:20:00 UTC-3","agf x benfica","./explore?q=agf%20x%20benfica&geo=BR"
"ajax","5 mil+","30 de agosto de 2026 a las 11:50:00 UTC-3","30 de agosto de 2026 a las 14:50:00 UTC-3","ajax,eredivisie","./explore?q=ajax&geo=BR"
"previsão do tempo campinas","1 mil+","30 de agosto de 2026 a las 15:20:00 UTC-3","31 de agosto de 2026 a las 7:30:00 UTC-3","previsão do tempo campinas","./explore?q=previs%C3%A3o%20do%20tempo%20campinas&geo=BR"
"sorteio champions","20 mil+","27 de agosto de 2026 a las 11:30:00 UTC-3","28 de agosto de 2026 a las 2:10:00 UTC-3","sorteio champions,champions league,liga dos campeões,sporting,sorteio uefa champions league,champions,sorteio da champions,real,sorteio champions league,champions league 2026,uefa champions league,sorteio champions league 26/27","./explore?q=sorteio%20champions&geo=BR"
"galvão bueno","5 mil+","28 de agosto de 2026 a las 9:00:00 UTC-3","29 de agosto de 2026 a las 8:40:00 UTC-3","galvão bueno","./explore?q=galv%C3%A3o%20bueno&geo=BR"
"alexandre de moraes","20 mil+","26 de agosto de 2026 a las 7:30:00 UTC-3","26 de agosto de 2026 a las 15:00:00 UTC-3","alexandre de moraes","./explore?q=alexandre%20de%20moraes&geo=BR"
"virgem","1 mil+","30 de agosto de 2026 a las 16:50:00 UTC-3","31 de agosto de 2026 a las 7:00:00 UTC-3","virgem","./explore?q=virgem&geo=BR"
"eduardo bolsonaro","5 mil+","28 de agosto de 2026 a las 9:40:00 UTC-3","29 de agosto de 2026 a las 21:10:00 UTC-3","eduardo bolsonaro","./explore?q=eduardo%20bolsonaro&geo=BR"
"previsão do tempo jundiai","200+","31 de agosto de 2026 a las 4:30:00 UTC-3","31 de agosto de 2026 a las 7:30:00 UTC-3","previsão do tempo jundiai","./explore?q=previs%C3%A3o%20do%20tempo%20jundiai&geo=BR"
"gal gadot","2 mil+","28 de agosto de 2026 a las 17:00:00 UTC-3","29 de agosto de 2026 a las 14:00:00 UTC-3","gal gadot","./explore?q=gal%20gadot&geo=BR"
"galatasaray x göztepe","5 mil+","29 de agosto de 2026 a las 14:40:00 UTC-3","29 de agosto de 2026 a las 20:00:00 UTC-3","galatasaray x göztepe,galatasaray x","./explore?q=galatasaray%20x%20g%C3%B6ztepe&geo=BR"
"emelec x club deportivo leones del norte","2 mil+","30 de agosto de 2026 a las 19:20:00 UTC-3","30 de agosto de 2026 a las 22:50:00 UTC-3","emelec x club deportivo leones del norte,emelec","./explore?q=emelec%20x%20club%20deportivo%20leones%20del%20norte&geo=BR"
"transferência bancária","10 mil+","26 de agosto de 2026 a las 11:20:00 UTC-3","27 de agosto de 2026 a las 8:40:00 UTC-3","transferência bancária,erasmo carlos","./explore?q=transfer%C3%AAncia%20banc%C3%A1ria&geo=BR"
"ação","2 mil+","29 de agosto de 2026 a las 16:20:00 UTC-3","30 de agosto de 2026 a las 19:10:00 UTC-3","ação","./explore?q=a%C3%A7%C3%A3o&geo=BR"
"ana maria braga","5 mil+","28 de agosto de 2026 a las 11:30:00 UTC-3","29 de agosto de 2026 a las 6:30:00 UTC-3","ana maria braga","./explore?q=ana%20maria%20braga&geo=BR"
"newcastle x west bromwich","20 mil+","26 de agosto de 2026 a las 14:50:00 UTC-3","27 de agosto de 2026 a las 6:30:00 UTC-3","newcastle x west bromwich,newcastle x","./explore?q=newcastle%20x%20west%20bromwich&geo=BR"
"piauí","1 mil+","30 de agosto de 2026 a las 16:30:00 UTC-3","30 de agosto de 2026 a las 20:30:00 UTC-3","piauí","./explore?q=piau%C3%AD&geo=BR"
"cecilia dassi atriz","10 mil+","26 de agosto de 2026 a las 6:50:00 UTC-3","27 de agosto de 2026 a las 7:30:00 UTC-3","cecilia dassi atriz,cecilia dassi,cecília dassi","./explore?q=cecilia%20dassi%20atriz&geo=BR"
"auditor fiscal","10 mil+","25 de agosto de 2026 a las 12:10:00 UTC-3","26 de agosto de 2026 a las 11:40:00 UTC-3","auditor fiscal","./explore?q=auditor%20fiscal&geo=BR"
"campinas","10 mil+","25 de agosto de 2026 a las 16:30:00 UTC-3","26 de agosto de 2026 a las 8:30:00 UTC-3","campinas","./explore?q=campinas&geo=BR"
"coquimbo unido","1 mil+","30 de agosto de 2026 a las 22:40:00 UTC-3","31 de agosto de 2026 a las 0:20:00 UTC-3","coquimbo unido","./explore?q=coquimbo%20unido&geo=BR"
"fulham","2 mil+","30 de agosto de 2026 a las 10:00:00 UTC-3","30 de agosto de 2026 a las 13:00:00 UTC-3","fulham,sunderland","./explore?q=fulham&geo=BR"
"resultado do jogo palmeiras-santos","20 mil+","26 de agosto de 2026 a las 21:50:00 UTC-3","27 de agosto de 2026 a las 9:40:00 UTC-3","resultado do jogo palmeiras-santos,jogo do palmeiras-santos,resultado do jogo do palmeiras-santos,quanto foi o jogo do palmeiras-santos,resultado do palmeiras-santos,jogo do santos-palmeiras,jogo inter hoje,jogo santos e palmeiras,resultado do jogo santos-palmeiras,quanto tá o jogo do palmeiras-santos,resultado do jogo do santos-palmeiras,jogo palmeiras-santos,jogos da copa hoje,jogo do inter hoje,quanto ficou o jogo do palmeiras-santos,copa do brasil ontem,resultado do jogo de palmeiras-santos,melhores momentos de palmeiras-santos,quanto foi o jogo palmeiras-santos,quanto tá o jogo do santos-palmeiras,escalação do santos hoje,quanto tá o jogo palmeiras-santos,quanto foi o jogo do santos-palmeiras","./explore?q=resultado%20do%20jogo%20palmeiras-santos&geo=BR"
"mônaco x górnik zabrze","10 mil+","27 de agosto de 2026 a las 12:50:00 UTC-3","27 de agosto de 2026 a las 21:00:00 UTC-3","mônaco x górnik zabrze,filipe luís,monaco x","./explore?q=m%C3%B4naco%20x%20g%C3%B3rnik%20zabrze&geo=BR"
"felipe morais","2 mil+","29 de agosto de 2026 a las 23:10:00 UTC-3","30 de agosto de 2026 a las 10:00:00 UTC-3","felipe morais","./explore?q=felipe%20morais&geo=BR"
"coletor de lixo","5 mil+","26 de agosto de 2026 a las 20:40:00 UTC-3","27 de agosto de 2026 a las 20:30:00 UTC-3","coletor de lixo","./explore?q=coletor%20de%20lixo&geo=BR"
"simone mendes","5 mil+","28 de agosto de 2026 a las 11:00:00 UTC-3","29 de agosto de 2026 a las 6:50:00 UTC-3","simone mendes,kaká diniz","./explore?q=simone%20mendes&geo=BR"
"bodø/glimt x rosenborg","2 mil+","30 de agosto de 2026 a las 8:40:00 UTC-3","30 de agosto de 2026 a las 12:20:00 UTC-3","bodø/glimt x rosenborg,bodo","./explore?q=bod%C3%B8%2Fglimt%20x%20rosenborg&geo=BR"
"parapente","2 mil+","29 de agosto de 2026 a las 12:40:00 UTC-3","29 de agosto de 2026 a las 21:00:00 UTC-3","parapente","./explore?q=parapente&geo=BR"
"homem aranha","20 mil+","25 de agosto de 2026 a las 22:20:00 UTC-3","27 de agosto de 2026 a las 1:00:00 UTC-3","homem aranha,homem-aranha,homem-aranha: um novo dia","./explore?q=homem%20aranha&geo=BR"
"kit harington","10 mil+","24 de agosto de 2026 a las 13:50:00 UTC-3","25 de agosto de 2026 a las 14:10:00 UTC-3","kit harington,gilderoy lockhart","./explore?q=kit%20harington&geo=BR"
"lotomania","20 mil+","24 de agosto de 2026 a las 21:40:00 UTC-3","25 de agosto de 2026 a las 14:50:00 UTC-3","lotomania,lotomania 2967,resultado da lotomania,resultado lotomania,resultado da lotomania 2967,resultado da lotomania de hoje,lotomania de hoje,resultado da lotomania de ontem,lotomanía resultado,resultado da dupla sena de hoje,resultado lotomania de hoje,lotomania resultado","./explore?q=lotomania&geo=BR"
"pis/pasep","5 mil+","26 de agosto de 2026 a las 12:30:00 UTC-3","28 de agosto de 2026 a las 7:40:00 UTC-3","pis/pasep","./explore?q=pis%2Fpasep&geo=BR"
"viking fk","2 mil+","30 de agosto de 2026 a las 11:30:00 UTC-3","30 de agosto de 2026 a las 15:20:00 UTC-3","viking fk,viking fc","./explore?q=viking%20fk&geo=BR"
"ferroviária x confiança","5 mil+","29 de agosto de 2026 a las 16:40:00 UTC-3","29 de agosto de 2026 a las 21:10:00 UTC-3","ferroviária x confiança,associação ferroviária de esportes","./explore?q=ferrovi%C3%A1ria%20x%20confian%C3%A7a&geo=BR"
"drone","2 mil+","30 de agosto de 2026 a las 7:20:00 UTC-3","30 de agosto de 2026 a las 14:40:00 UTC-3","drone,kherson","./explore?q=drone&geo=BR"
"picada de escorpião","10 mil+","25 de agosto de 2026 a las 8:50:00 UTC-3","26 de agosto de 2026 a las 1:40:00 UTC-3","picada de escorpião,criança","./explore?q=picada%20de%20escorpi%C3%A3o&geo=BR"
"peñarol x nacional","2 mil+","30 de agosto de 2026 a las 14:50:00 UTC-3","30 de agosto de 2026 a las 18:30:00 UTC-3","peñarol x nacional,penarol","./explore?q=pe%C3%B1arol%20x%20nacional&geo=BR"
"utrecht x psv","2 mil+","30 de agosto de 2026 a las 6:40:00 UTC-3","30 de agosto de 2026 a las 11:50:00 UTC-3","utrecht x psv,psv fc","./explore?q=utrecht%20x%20psv&geo=BR"
"weverton rocha","10 mil+","27 de agosto de 2026 a las 6:50:00 UTC-3","27 de agosto de 2026 a las 16:00:00 UTC-3","weverton rocha","./explore?q=weverton%20rocha&geo=BR"
"jogo do vasco hoje","20 mil+","29 de agosto de 2026 a las 21:50:00 UTC-3","30 de agosto de 2026 a las 0:20:00 UTC-3","jogo do vasco hoje,vasco hoje,vasco da gama,vasco fc,jogo vasco hoje,sociedade anônima do futebol,jogo do vasco ontem,vasco da gama classificação,club de regatas vasco da gama,ge vasco,palmeiras.","./explore?q=jogo%20do%20vasco%20hoje&geo=BR"
"sargento","2 mil+","28 de agosto de 2026 a las 17:00:00 UTC-3","29 de agosto de 2026 a las 10:00:00 UTC-3","sargento","./explore?q=sargento&geo=BR"
"jason statham","5 mil+","28 de agosto de 2026 a las 17:40:00 UTC-3","29 de agosto de 2026 a las 9:40:00 UTC-3","jason statham","./explore?q=jason%20statham&geo=BR"
"baleia-jubarte","1 mil+","29 de agosto de 2026 a las 21:20:00 UTC-3","30 de agosto de 2026 a las 13:50:00 UTC-3","baleia-jubarte","./explore?q=baleia-jubarte&geo=BR"
"previsão do tempo joinville","1 mil+","31 de agosto de 2026 a las 0:10:00 UTC-3","31 de agosto de 2026 a las 10:40:00 UTC-3","previsão do tempo joinville,tempo joinville","./explore?q=previs%C3%A3o%20do%20tempo%20joinville&geo=BR"
"wallace yan","2 mil+","30 de agosto de 2026 a las 12:10:00 UTC-3","30 de agosto de 2026 a las 16:20:00 UTC-3","wallace yan","./explore?q=wallace%20yan&geo=BR"
"nemesis","500+","30 de agosto de 2026 a las 21:40:00 UTC-3","31 de agosto de 2026 a las 2:20:00 UTC-3","nemesis","./explore?q=nemesis&geo=BR"
"psv","2 mil+","30 de agosto de 2026 a las 6:50:00 UTC-3","30 de agosto de 2026 a las 10:30:00 UTC-3","psv","./explore?q=psv&geo=BR"
"gonzalo plata","5 mil+","28 de agosto de 2026 a las 10:00:00 UTC-3","29 de agosto de 2026 a las 19:10:00 UTC-3","gonzalo plata,plata saiu do flamengo,flamengo fc,negociação","./explore?q=gonzalo%20plata&geo=BR"
"laliga","2 mil+","30 de agosto de 2026 a las 12:10:00 UTC-3","30 de agosto de 2026 a las 15:00:00 UTC-3","laliga","./explore?q=laliga&geo=BR"
"israel","10 mil+","26 de agosto de 2026 a las 12:50:00 UTC-3","27 de agosto de 2026 a las 7:50:00 UTC-3","israel","./explore?q=israel&geo=BR"
"bayern","20 mil+","28 de agosto de 2026 a las 15:30:00 UTC-3","28 de agosto de 2026 a las 18:40:00 UTC-3","bayern","./explore?q=bayern&geo=BR"
"lavar","2 mil+","29 de agosto de 2026 a las 16:10:00 UTC-3","29 de agosto de 2026 a las 22:40:00 UTC-3","lavar","./explore?q=lavar&geo=BR"
"gustavo henrique","2 mil+","30 de agosto de 2026 a las 16:10:00 UTC-3","30 de agosto de 2026 a las 18:40:00 UTC-3","gustavo henrique","./explore?q=gustavo%20henrique&geo=BR"
"motorista","20 mil+","25 de agosto de 2026 a las 4:40:00 UTC-3","27 de agosto de 2026 a las 8:10:00 UTC-3","motorista","./explore?q=motorista&geo=BR"
"fiorentina","2 mil+","29 de agosto de 2026 a las 12:00:00 UTC-3","29 de agosto de 2026 a las 18:30:00 UTC-3","fiorentina","./explore?q=fiorentina&geo=BR"
"häagen-dazs","10 mil+","24 de agosto de 2026 a las 14:00:00 UTC-3","25 de agosto de 2026 a las 18:50:00 UTC-3","häagen-dazs,sorvete,haagen dazs","./explore?q=h%C3%A4agen-dazs&geo=BR"
"tempo agora","500+","31 de agosto de 2026 a las 4:40:00 UTC-3","31 de agosto de 2026 a las 7:00:00 UTC-3","tempo agora","./explore?q=tempo%20agora&geo=BR"
"omoda e5","10 mil+","25 de agosto de 2026 a las 20:50:00 UTC-3","29 de agosto de 2026 a las 8:50:00 UTC-3","omoda e5,jaecoo 5","./explore?q=omoda%20e5&geo=BR"
"al khaleej x al-hilal","10 mil+","28 de agosto de 2026 a las 14:10:00 UTC-3","28 de agosto de 2026 a las 19:40:00 UTC-3","al khaleej x al-hilal,al hilal x","./explore?q=al%20khaleej%20x%20al-hilal&geo=BR"
"el nino","1 mil+","30 de agosto de 2026 a las 21:50:00 UTC-3","31 de agosto de 2026 a las 8:20:00 UTC-3","el nino","./explore?q=el%20nino&geo=BR"
"estudiantes x barracas central","10 mil+","27 de agosto de 2026 a las 18:20:00 UTC-3","28 de agosto de 2026 a las 7:50:00 UTC-3","estudiantes x barracas central,copa argentina,barracas central,estudiantes de la plata","./explore?q=estudiantes%20x%20barracas%20central&geo=BR"
"prosperidade","2 mil+","29 de agosto de 2026 a las 10:40:00 UTC-3","29 de agosto de 2026 a las 21:50:00 UTC-3","prosperidade","./explore?q=prosperidade&geo=BR"
"millonarios fc","1 mil+","30 de agosto de 2026 a las 20:50:00 UTC-3","30 de agosto de 2026 a las 23:20:00 UTC-3","millonarios fc,millonarios","./explore?q=millonarios%20fc&geo=BR"
"expointer 2026","5 mil+","29 de agosto de 2026 a las 11:30:00 UTC-3","30 de agosto de 2026 a las 15:40:00 UTC-3","expointer 2026,expointer","./explore?q=expointer%202026&geo=BR"
"habibs","10 mil+","26 de agosto de 2026 a las 16:50:00 UTC-3","27 de agosto de 2026 a las 21:30:00 UTC-3","habibs,habib's,habibs recuperação judicial,recuperação judicial habibs","./explore?q=habibs&geo=BR"
"tottenham","10 mil+","26 de agosto de 2026 a las 15:50:00 UTC-3","27 de agosto de 2026 a las 0:30:00 UTC-3","tottenham","./explore?q=tottenham&geo=BR"
"globo play","2 mil+","30 de agosto de 2026 a las 15:50:00 UTC-3","30 de agosto de 2026 a las 18:10:00 UTC-3","globo play","./explore?q=globo%20play&geo=BR"
"barra x volta redonda","5 mil+","29 de agosto de 2026 a las 16:40:00 UTC-3","29 de agosto de 2026 a las 20:50:00 UTC-3","barra x volta redonda,classificações de barra futebol clube x volta redonda futebol clube,barra fc","./explore?q=barra%20x%20volta%20redonda&geo=BR"
"alavés x villarreal","5 mil+","28 de agosto de 2026 a las 15:40:00 UTC-3","28 de agosto de 2026 a las 23:00:00 UTC-3","alavés x villarreal,alaves,alaves x villarreal,lá liga","./explore?q=alav%C3%A9s%20x%20villarreal&geo=BR"
"santos futebol clube","20 mil+","26 de agosto de 2026 a las 5:00:00 UTC-3","27 de agosto de 2026 a las 6:40:00 UTC-3","santos futebol clube,grêmio foot-ball porto alegrense","./explore?q=santos%20futebol%20clube&geo=BR"
"prouni","10 mil+","25 de agosto de 2026 a las 23:50:00 UTC-3","27 de agosto de 2026 a las 9:30:00 UTC-3","prouni,prouni 2026","./explore?q=prouni&geo=BR"
"lúcia veríssimo","10 mil+","25 de agosto de 2026 a las 13:40:00 UTC-3","26 de agosto de 2026 a las 10:30:00 UTC-3","lúcia veríssimo","./explore?q=l%C3%BAcia%20ver%C3%ADssimo&geo=BR"
"silo","2 mil+","30 de agosto de 2026 a las 7:50:00 UTC-3","31 de agosto de 2026 a las 1:40:00 UTC-3","silo","./explore?q=silo&geo=BR"
"bournemouth","5 mil+","29 de agosto de 2026 a las 10:30:00 UTC-3","29 de agosto de 2026 a las 14:50:00 UTC-3","bournemouth","./explore?q=bournemouth&geo=BR"
"afogamento","1 mil+","30 de agosto de 2026 a las 12:40:00 UTC-3","30 de agosto de 2026 a las 18:10:00 UTC-3","afogamento","./explore?q=afogamento&geo=BR"
"américa futebol clube","5 mil+","26 de agosto de 2026 a las 21:10:00 UTC-3","27 de agosto de 2026 a las 19:20:00 UTC-3","américa futebol clube","./explore?q=am%C3%A9rica%20futebol%20clube&geo=BR"
"andrey rublev","2 mil+","28 de agosto de 2026 a las 18:30:00 UTC-3","29 de agosto de 2026 a las 11:50:00 UTC-3","andrey rublev","./explore?q=andrey%20rublev&geo=BR"
"bolsonarismo","10 mil+","25 de agosto de 2026 a las 14:50:00 UTC-3","26 de agosto de 2026 a las 19:20:00 UTC-3","bolsonarismo,partido dos trabalhadores","./explore?q=bolsonarismo&geo=BR"
"mario frias","2 mil+","28 de agosto de 2026 a las 20:30:00 UTC-3","29 de agosto de 2026 a las 12:20:00 UTC-3","mario frias","./explore?q=mario%20frias&geo=BR"
"roma x fiorentina","20 mil+","24 de agosto de 2026 a las 14:50:00 UTC-3","25 de agosto de 2026 a las 8:00:00 UTC-3","roma x fiorentina,roma x,donyell malen,dybala,malen","./explore?q=roma%20x%20fiorentina&geo=BR"
"vinicius júnior","2 mil+","30 de agosto de 2026 a las 13:50:00 UTC-3","30 de agosto de 2026 a las 15:50:00 UTC-3","vinicius júnior","./explore?q=vinicius%20j%C3%BAnior&geo=BR"
"jac motors","10 mil+","25 de agosto de 2026 a las 17:20:00 UTC-3","26 de agosto de 2026 a las 12:20:00 UTC-3","jac motors","./explore?q=jac%20motors&geo=BR"
"fiorentina x frosinone","2 mil+","29 de agosto de 2026 a las 12:40:00 UTC-3","29 de agosto de 2026 a las 19:10:00 UTC-3","fiorentina x frosinone,fiorentina x","./explore?q=fiorentina%20x%20frosinone&geo=BR"
"ester expósito","1 mil+","30 de agosto de 2026 a las 12:30:00 UTC-3","30 de agosto de 2026 a las 16:30:00 UTC-3","ester expósito","./explore?q=ester%20exp%C3%B3sito&geo=BR"
"desenrola brasil","5 mil+","31 de agosto de 2026 a las 2:30:00 UTC-3","31 de agosto de 2026 a las 7:20:00 UTC-3","desenrola brasil,fies","./explore?q=desenrola%20brasil&geo=BR"
"copasa","2 mil+","28 de agosto de 2026 a las 13:30:00 UTC-3","30 de agosto de 2026 a las 13:30:00 UTC-3","copasa,água","./explore?q=copasa&geo=BR"
"the witcher 3","10 mil+","25 de agosto de 2026 a las 17:10:00 UTC-3","27 de agosto de 2026 a las 1:20:00 UTC-3","the witcher 3,the witcher 3 remastered,the witcher 3 remaster,the witcher,the witcher 3 wild hunt remaster,the witcher 3 wild hunt remastered","./explore?q=the%20witcher%203&geo=BR"
"millonarios x internacional de bogotá","1 mil+","30 de agosto de 2026 a las 19:50:00 UTC-3","30 de agosto de 2026 a las 23:10:00 UTC-3","millonarios x internacional de bogotá","./explore?q=millonarios%20x%20internacional%20de%20bogot%C3%A1&geo=BR"
"rio ave x sporting","5 mil+","28 de agosto de 2026 a las 15:40:00 UTC-3","28 de agosto de 2026 a las 22:40:00 UTC-3","rio ave x sporting,classificações de rio ave x sporting clube de portugal,campeonato português","./explore?q=rio%20ave%20x%20sporting&geo=BR"
"tabela do campeonato brasileiro","2 mil+","30 de agosto de 2026 a las 20:30:00 UTC-3","30 de agosto de 2026 a las 22:00:00 UTC-3","tabela do campeonato brasileiro","./explore?q=tabela%20do%20campeonato%20brasileiro&geo=BR"
"moto gp","2 mil+","30 de agosto de 2026 a las 6:40:00 UTC-3","30 de agosto de 2026 a las 12:00:00 UTC-3","moto gp,motogp,moto gp hoje","./explore?q=moto%20gp&geo=BR"
"virada cultural bh","2 mil+","28 de agosto de 2026 a las 18:30:00 UTC-3","30 de agosto de 2026 a las 0:00:00 UTC-3","virada cultural bh,virada cultural bh 2026,tempo bh","./explore?q=virada%20cultural%20bh&geo=BR"
"lyon","20 mil+","26 de agosto de 2026 a las 15:30:00 UTC-3","26 de agosto de 2026 a las 21:50:00 UTC-3","lyon,lyon fc","./explore?q=lyon&geo=BR"
"kim jong-un","1 mil+","30 de agosto de 2026 a las 10:40:00 UTC-3","30 de agosto de 2026 a las 14:50:00 UTC-3","kim jong-un","./explore?q=kim%20jong-un&geo=BR"
"palmeiras hj","1 mil+","30 de agosto de 2026 a las 18:20:00 UTC-3","30 de agosto de 2026 a las 21:40:00 UTC-3","palmeiras hj","./explore?q=palmeiras%20hj&geo=BR"
"gabriel galípolo","5 mil+","29 de agosto de 2026 a las 12:10:00 UTC-3","29 de agosto de 2026 a las 16:50:00 UTC-3","gabriel galípolo","./explore?q=gabriel%20gal%C3%ADpolo&geo=BR"
"emerson palmieri","5 mil+","28 de agosto de 2026 a las 21:10:00 UTC-3","29 de agosto de 2026 a las 15:00:00 UTC-3","emerson palmieri,lateral","./explore?q=emerson%20palmieri&geo=BR"
"ana hickmann","2 mil+","29 de agosto de 2026 a las 18:00:00 UTC-3","30 de agosto de 2026 a las 7:20:00 UTC-3","ana hickmann","./explore?q=ana%20hickmann&geo=BR"
"marcos silas traficante","2 mil+","30 de agosto de 2026 a las 15:20:00 UTC-3","30 de agosto de 2026 a las 18:10:00 UTC-3","marcos silas traficante,marcos silas","./explore?q=marcos%20silas%20traficante&geo=BR"
"rescisão","2 mil+","28 de agosto de 2026 a las 14:10:00 UTC-3","29 de agosto de 2026 a las 10:40:00 UTC-3","rescisão","./explore?q=rescis%C3%A3o&geo=BR"
"chelsea","20 mil+","27 de agosto de 2026 a las 16:00:00 UTC-3","27 de agosto de 2026 a las 19:00:00 UTC-3","chelsea,chelsea football club","./explore?q=chelsea&geo=BR"
"centrão","1 mil+","30 de agosto de 2026 a las 15:10:00 UTC-3","30 de agosto de 2026 a las 19:00:00 UTC-3","centrão","./explore?q=centr%C3%A3o&geo=BR"
"racing x elche","5 mil+","28 de agosto de 2026 a las 13:00:00 UTC-3","28 de agosto de 2026 a las 19:20:00 UTC-3","racing x elche","./explore?q=racing%20x%20elche&geo=BR"
"tempo rio de janeiro","2 mil+","29 de agosto de 2026 a las 20:20:00 UTC-3","30 de agosto de 2026 a las 8:10:00 UTC-3","tempo rio de janeiro,previsão do tempo rj","./explore?q=tempo%20rio%20de%20janeiro&geo=BR"
"inter milan","1 mil+","30 de agosto de 2026 a las 15:40:00 UTC-3","30 de agosto de 2026 a las 18:40:00 UTC-3","inter milan","./explore?q=inter%20milan&geo=BR"
"cac","200+","31 de agosto de 2026 a las 10:20:00 UTC-3","31 de agosto de 2026 a las 11:20:00 UTC-3","cac","./explore?q=cac&geo=BR"
"27 de agosto","5 mil+","27 de agosto de 2026 a las 6:20:00 UTC-3","27 de agosto de 2026 a las 23:20:00 UTC-3","27 de agosto","./explore?q=27%20de%20agosto&geo=BR"
"previsão do tempo praia grande","1 mil+","31 de agosto de 2026 a las 5:10:00 UTC-3","31 de agosto de 2026 a las 7:20:00 UTC-3","previsão do tempo praia grande,previsão do tempo guaruja","./explore?q=previs%C3%A3o%20do%20tempo%20praia%20grande&geo=BR"
"zé felipe","5 mil+","27 de agosto de 2026 a las 5:30:00 UTC-3","28 de agosto de 2026 a las 8:10:00 UTC-3","zé felipe","./explore?q=z%C3%A9%20felipe&geo=BR"
"boca juniors","10 mil+","28 de agosto de 2026 a las 21:40:00 UTC-3","29 de agosto de 2026 a las 1:10:00 UTC-3","boca juniors","./explore?q=boca%20juniors&geo=BR"
"motogp","1 mil+","30 de agosto de 2026 a las 7:10:00 UTC-3","30 de agosto de 2026 a las 12:20:00 UTC-3","motogp","./explore?q=motogp&geo=BR"
"linha aérea","500+","30 de agosto de 2026 a las 21:10:00 UTC-3","31 de agosto de 2026 a las 0:00:00 UTC-3","linha aérea","./explore?q=linha%20a%C3%A9rea&geo=BR"
"dilma rousseff","1 mil+","30 de agosto de 2026 a las 9:00:00 UTC-3","30 de agosto de 2026 a las 15:40:00 UTC-3","dilma rousseff","./explore?q=dilma%20rousseff&geo=BR"
"toluca x juárez","500+","30 de agosto de 2026 a las 20:40:00 UTC-3","30 de agosto de 2026 a las 23:40:00 UTC-3","toluca x juárez","./explore?q=toluca%20x%20ju%C3%A1rez&geo=BR"
"emerson palmieri","1 mil+","30 de agosto de 2026 a las 10:20:00 UTC-3","30 de agosto de 2026 a las 17:20:00 UTC-3","emerson palmieri","./explore?q=emerson%20palmieri&geo=BR"
"globoplay","20 mil+","28 de agosto de 2026 a las 20:50:00 UTC-3","28 de agosto de 2026 a las 23:10:00 UTC-3","globoplay","./explore?q=globoplay&geo=BR"
"urna eleitoral","10 mil+","25 de agosto de 2026 a las 6:30:00 UTC-3","25 de agosto de 2026 a las 16:50:00 UTC-3","urna eleitoral","./explore?q=urna%20eleitoral&geo=BR"
"napoli fc","2 mil+","30 de agosto de 2026 a las 13:20:00 UTC-3","30 de agosto de 2026 a las 16:40:00 UTC-3","napoli fc,como fc","./explore?q=napoli%20fc&geo=BR"
"evaldo macarrão","5 mil+","25 de agosto de 2026 a las 7:20:00 UTC-3","26 de agosto de 2026 a las 8:20:00 UTC-3","evaldo macarrão,alana ayoka","./explore?q=evaldo%20macarr%C3%A3o&geo=BR"
"ponto sem retorno","2 mil+","28 de agosto de 2026 a las 18:20:00 UTC-3","29 de agosto de 2026 a las 21:20:00 UTC-3","ponto sem retorno","./explore?q=ponto%20sem%20retorno&geo=BR"
"six flags magic mountain","2 mil+","29 de agosto de 2026 a las 16:40:00 UTC-3","30 de agosto de 2026 a las 9:00:00 UTC-3","six flags magic mountain","./explore?q=six%20flags%20magic%20mountain&geo=BR"
"pesquisa quaest","2 mil+","28 de agosto de 2026 a las 18:00:00 UTC-3","29 de agosto de 2026 a las 9:40:00 UTC-3","pesquisa quaest","./explore?q=pesquisa%20quaest&geo=BR"
"colômbia","10 mil+","26 de agosto de 2026 a las 18:30:00 UTC-3","27 de agosto de 2026 a las 8:20:00 UTC-3","colômbia,abelardo de la espriella","./explore?q=col%C3%B4mbia&geo=BR"
"casa","10 mil+","25 de agosto de 2026 a las 19:40:00 UTC-3","26 de agosto de 2026 a las 8:30:00 UTC-3","casa","./explore?q=casa&geo=BR"
"ipmet","500+","31 de agosto de 2026 a las 4:50:00 UTC-3","31 de agosto de 2026 a las 6:40:00 UTC-3","ipmet","./explore?q=ipmet&geo=BR"
"celta de vigo","5 mil+","27 de agosto de 2026 a las 0:20:00 UTC-3","27 de agosto de 2026 a las 20:00:00 UTC-3","celta de vigo","./explore?q=celta%20de%20vigo&geo=BR"
"abelhas","2 mil+","28 de agosto de 2026 a las 18:30:00 UTC-3","29 de agosto de 2026 a las 19:50:00 UTC-3","abelhas","./explore?q=abelhas&geo=BR"
"santa monica","5 mil+","27 de agosto de 2026 a las 5:30:00 UTC-3","28 de agosto de 2026 a las 0:10:00 UTC-3","santa monica","./explore?q=santa%20monica&geo=BR"
"fórmula 1 hoje","2 mil+","30 de agosto de 2026 a las 11:10:00 UTC-3","30 de agosto de 2026 a las 14:50:00 UTC-3","fórmula 1 hoje,rafael câmara,hoje tem fórmula 1","./explore?q=f%C3%B3rmula%201%20hoje&geo=BR"
"real sociedad","2 mil+","29 de agosto de 2026 a las 12:50:00 UTC-3","29 de agosto de 2026 a las 18:20:00 UTC-3","real sociedad","./explore?q=real%20sociedad&geo=BR"
"colisão","1 mil+","30 de agosto de 2026 a las 5:20:00 UTC-3","30 de agosto de 2026 a las 10:40:00 UTC-3","colisão","./explore?q=colis%C3%A3o&geo=BR"
"feyenoord x den haag","1 mil+","30 de agosto de 2026 a las 9:00:00 UTC-3","30 de agosto de 2026 a las 12:30:00 UTC-3","feyenoord x den haag","./explore?q=feyenoord%20x%20den%20haag&geo=BR"
"club de regatas vasco da gama","5 mil+","29 de agosto de 2026 a las 21:50:00 UTC-3","30 de agosto de 2026 a las 0:20:00 UTC-3","club de regatas vasco da gama,santiago sosa","./explore?q=club%20de%20regatas%20vasco%20da%20gama&geo=BR"
"márcio garcia","1 mil+","30 de agosto de 2026 a las 13:10:00 UTC-3","30 de agosto de 2026 a las 16:40:00 UTC-3","márcio garcia","./explore?q=m%C3%A1rcio%20garcia&geo=BR"
"despesa","5 mil+","28 de agosto de 2026 a las 16:00:00 UTC-3","28 de agosto de 2026 a las 23:30:00 UTC-3","despesa","./explore?q=despesa&geo=BR"
"tide","5 mil+","27 de agosto de 2026 a las 0:50:00 UTC-3","27 de agosto de 2026 a las 21:20:00 UTC-3","tide","./explore?q=tide&geo=BR"
"metrópoles","500+","31 de agosto de 2026 a las 8:00:00 UTC-3","31 de agosto de 2026 a las 9:10:00 UTC-3","metrópoles,andré esteves","./explore?q=metr%C3%B3poles&geo=BR"
"tarcísio filho","5 mil+","27 de agosto de 2026 a las 21:10:00 UTC-3","28 de agosto de 2026 a las 9:00:00 UTC-3","tarcísio filho","./explore?q=tarc%C3%ADsio%20filho&geo=BR"
"serie a tim","1 mil+","30 de agosto de 2026 a las 13:50:00 UTC-3","30 de agosto de 2026 a las 16:30:00 UTC-3","serie a tim","./explore?q=serie%20a%20tim&geo=BR"
"crise econômica","5 mil+","26 de agosto de 2026 a las 18:20:00 UTC-3","27 de agosto de 2026 a las 9:10:00 UTC-3","crise econômica","./explore?q=crise%20econ%C3%B4mica&geo=BR"
"venus williams","200+","31 de agosto de 2026 a las 1:00:00 UTC-3","31 de agosto de 2026 a las 4:00:00 UTC-3","venus williams","./explore?q=venus%20williams&geo=BR"
"chelsea vs brighton","2 mil+","30 de agosto de 2026 a las 9:30:00 UTC-3","30 de agosto de 2026 a las 13:00:00 UTC-3","chelsea vs brighton,roméo lavia,cole palmer","./explore?q=chelsea%20vs%20brighton&geo=BR"
"caxias x inter de limeira","2 mil+","29 de agosto de 2026 a las 16:40:00 UTC-3","29 de agosto de 2026 a las 20:50:00 UTC-3","caxias x inter de limeira","./explore?q=caxias%20x%20inter%20de%20limeira&geo=BR"
"locutor esportivo","2 mil+","29 de agosto de 2026 a las 6:20:00 UTC-3","29 de agosto de 2026 a las 14:30:00 UTC-3","locutor esportivo","./explore?q=locutor%20esportivo&geo=BR"
"ligue 1","10 mil+","28 de agosto de 2026 a las 16:20:00 UTC-3","28 de agosto de 2026 a las 19:50:00 UTC-3","ligue 1,losc - psg,losc vs psg","./explore?q=ligue%201&geo=BR"
"dolly parton morreu","10 mil+","25 de agosto de 2026 a las 15:00:00 UTC-3","26 de agosto de 2026 a las 8:20:00 UTC-3","dolly parton morreu,dolly,dolly parton causa da morte,dolly parton morreu de que,doly parton,dolly parton musicas,dolly parton filmes","./explore?q=dolly%20parton%20morreu&geo=BR"
"grand canyon","5 mil+","26 de agosto de 2026 a las 9:30:00 UTC-3","26 de agosto de 2026 a las 21:20:00 UTC-3","grand canyon","./explore?q=grand%20canyon&geo=BR"
"sandra bullock","5 mil+","24 de agosto de 2026 a las 16:50:00 UTC-3","25 de agosto de 2026 a las 23:10:00 UTC-3","sandra bullock","./explore?q=sandra%20bullock&geo=BR"
"previsão do tempo bauru","200+","31 de agosto de 2026 a las 5:40:00 UTC-3","31 de agosto de 2026 a las 7:40:00 UTC-3","previsão do tempo bauru,tempo bauru","./explore?q=previs%C3%A3o%20do%20tempo%20bauru&geo=BR"
"jogo flamengo","2 mil+","30 de agosto de 2026 a las 17:40:00 UTC-3","30 de agosto de 2026 a las 18:30:00 UTC-3","jogo flamengo,flamengo jogo","./explore?q=jogo%20flamengo&geo=BR"
"paolla oliveira","5 mil+","28 de agosto de 2026 a las 12:20:00 UTC-3","28 de agosto de 2026 a las 18:50:00 UTC-3","paolla oliveira","./explore?q=paolla%20oliveira&geo=BR"
"classificações de sevilla x atlético madrid","2 mil+","29 de agosto de 2026 a las 18:40:00 UTC-3","29 de agosto de 2026 a las 21:20:00 UTC-3","classificações de sevilla x atlético madrid","./explore?q=classifica%C3%A7%C3%B5es%20de%20sevilla%20x%20atl%C3%A9tico%20madrid&geo=BR"
"rei da noruega","5 mil+","28 de agosto de 2026 a las 6:50:00 UTC-3","29 de agosto de 2026 a las 1:20:00 UTC-3","rei da noruega,noruega,saúde","./explore?q=rei%20da%20noruega&geo=BR"
"cadastro único para programas sociais","5 mil+","25 de agosto de 2026 a las 7:50:00 UTC-3","26 de agosto de 2026 a las 19:20:00 UTC-3","cadastro único para programas sociais","./explore?q=cadastro%20%C3%BAnico%20para%20programas%20sociais&geo=BR"
"revista crusoé","2 mil+","29 de agosto de 2026 a las 13:10:00 UTC-3","29 de agosto de 2026 a las 20:00:00 UTC-3","revista crusoé","./explore?q=revista%20cruso%C3%A9&geo=BR"
"al fateh x al-ittihad","2 mil+","29 de agosto de 2026 a las 14:20:00 UTC-3","29 de agosto de 2026 a las 19:40:00 UTC-3","al fateh x al-ittihad,talleres x central córdoba,minnesota united x orlando city","./explore?q=al%20fateh%20x%20al-ittihad&geo=BR"
"o ultimo nascer do sol","5 mil+","28 de agosto de 2026 a las 21:10:00 UTC-3","30 de agosto de 2026 a las 1:30:00 UTC-3","o ultimo nascer do sol","./explore?q=o%20ultimo%20nascer%20do%20sol&geo=BR"
"prisão perpétua","2 mil+","27 de agosto de 2026 a las 18:10:00 UTC-3","28 de agosto de 2026 a las 11:00:00 UTC-3","prisão perpétua","./explore?q=pris%C3%A3o%20perp%C3%A9tua&geo=BR"
"eulalia","5 mil+","27 de agosto de 2026 a las 0:00:00 UTC-3","27 de agosto de 2026 a las 23:20:00 UTC-3","eulalia","./explore?q=eulalia&geo=BR"
"previsão do tempo santos","200+","31 de agosto de 2026 a las 5:10:00 UTC-3","31 de agosto de 2026 a las 8:00:00 UTC-3","previsão do tempo santos","./explore?q=previs%C3%A3o%20do%20tempo%20santos&geo=BR"
"emily em paris","2 mil+","26 de agosto de 2026 a las 14:40:00 UTC-3","28 de agosto de 2026 a las 8:50:00 UTC-3","emily em paris","./explore?q=emily%20em%20paris&geo=BR"
"bombardeiro","2 mil+","28 de agosto de 2026 a las 11:30:00 UTC-3","28 de agosto de 2026 a las 21:40:00 UTC-3","bombardeiro,ucrânia","./explore?q=bombardeiro&geo=BR"
"malick yalcouyé","1 mil+","30 de agosto de 2026 a las 10:30:00 UTC-3","30 de agosto de 2026 a las 16:00:00 UTC-3","malick yalcouyé","./explore?q=malick%20yalcouy%C3%A9&geo=BR"
"kai cenat","1 mil+","29 de agosto de 2026 a las 17:30:00 UTC-3","30 de agosto de 2026 a las 8:40:00 UTC-3","kai cenat","./explore?q=kai%20cenat&geo=BR"
"série de televisão","2 mil+","29 de agosto de 2026 a las 18:30:00 UTC-3","30 de agosto de 2026 a las 9:30:00 UTC-3","série de televisão","./explore?q=s%C3%A9rie%20de%20televis%C3%A3o&geo=BR"
"erling haaland","10 mil+","28 de agosto de 2026 a las 18:00:00 UTC-3","28 de agosto de 2026 a las 19:40:00 UTC-3","erling haaland,rayan,crystal palace,man city,palace vs man city,crystal palace - manchester city,city x crystal palace,rayan cherki,gianluigi donnarumma,elliot anderson","./explore?q=erling%20haaland&geo=BR"
"toluca juárez fc 30/08/2026","1 mil+","30 de agosto de 2026 a las 21:10:00 UTC-3","30 de agosto de 2026 a las 23:10:00 UTC-3","toluca juárez fc 30/08/2026,toluca","./explore?q=toluca%20ju%C3%A1rez%20fc%2030%2F08%2F2026&geo=BR"
"sport club internacional","1 mil+","30 de agosto de 2026 a las 20:10:00 UTC-3","30 de agosto de 2026 a las 22:20:00 UTC-3","sport club internacional,lucas veríssimo","./explore?q=sport%20club%20internacional&geo=BR"
"cristian pavón","1 mil+","30 de agosto de 2026 a las 18:50:00 UTC-3","30 de agosto de 2026 a las 21:00:00 UTC-3","cristian pavón,josé enamorado","./explore?q=cristian%20pav%C3%B3n&geo=BR"
"everton","5 mil+","29 de agosto de 2026 a las 10:40:00 UTC-3","29 de agosto de 2026 a las 14:30:00 UTC-3","everton,everton fc,alex scott,afc bournemouth","./explore?q=everton&geo=BR"
"nicholas hoult","5 mil+","24 de agosto de 2026 a las 13:50:00 UTC-3","25 de agosto de 2026 a las 18:00:00 UTC-3","nicholas hoult","./explore?q=nicholas%20hoult&geo=BR"
"nodus fall","5 mil+","25 de agosto de 2026 a las 15:00:00 UTC-3","27 de agosto de 2026 a las 0:00:00 UTC-3","nodus fall","./explore?q=nodus%20fall&geo=BR"
"hoje é feriado","2 mil+","31 de agosto de 2026 a las 7:00:00 UTC-3","31 de agosto de 2026 a las 8:10:00 UTC-3","hoje é feriado,crítica","./explore?q=hoje%20%C3%A9%20feriado&geo=BR"
"previsão do tempo osasco","500+","30 de agosto de 2026 a las 10:10:00 UTC-3","31 de agosto de 2026 a las 7:00:00 UTC-3","previsão do tempo osasco,tempo osasco","./explore?q=previs%C3%A3o%20do%20tempo%20osasco&geo=BR"
"pedestre","500+","30 de agosto de 2026 a las 13:40:00 UTC-3","31 de agosto de 2026 a las 9:00:00 UTC-3","pedestre","./explore?q=pedestre&geo=BR"
"vestido","1 mil+","30 de agosto de 2026 a las 14:30:00 UTC-3","30 de agosto de 2026 a las 18:00:00 UTC-3","vestido","./explore?q=vestido&geo=BR"
"monterrey fc","200+","30 de agosto de 2026 a las 23:20:00 UTC-3","31 de agosto de 2026 a las 2:30:00 UTC-3","monterrey fc","./explore?q=monterrey%20fc&geo=BR"
"éder militão","500+","30 de agosto de 2026 a las 15:00:00 UTC-3","31 de agosto de 2026 a las 1:50:00 UTC-3","éder militão","./explore?q=%C3%A9der%20milit%C3%A3o&geo=BR"
"android","2 mil+","29 de agosto de 2026 a las 18:00:00 UTC-3","29 de agosto de 2026 a las 21:30:00 UTC-3","android","./explore?q=android&geo=BR"
"junior x santa fe","2 mil+","29 de agosto de 2026 a las 19:50:00 UTC-3","29 de agosto de 2026 a las 23:30:00 UTC-3","junior x santa fe","./explore?q=junior%20x%20santa%20fe&geo=BR"
"jorge messias","5 mil+","26 de agosto de 2026 a las 9:00:00 UTC-3","27 de agosto de 2026 a las 7:30:00 UTC-3","jorge messias,cartacapital","./explore?q=jorge%20messias&geo=BR"
"simaria mendes","200+","31 de agosto de 2026 a las 6:40:00 UTC-3","31 de agosto de 2026 a las 8:20:00 UTC-3","simaria mendes","./explore?q=simaria%20mendes&geo=BR"
"felicidade","2 mil+","28 de agosto de 2026 a las 19:00:00 UTC-3","29 de agosto de 2026 a las 7:00:00 UTC-3","felicidade,festa do peão de barretos,gustavo mioto","./explore?q=felicidade&geo=BR"
"vítima","2 mil+","27 de agosto de 2026 a las 17:30:00 UTC-3","28 de agosto de 2026 a las 7:20:00 UTC-3","vítima","./explore?q=v%C3%ADtima&geo=BR"
"eleição","2 mil+","28 de agosto de 2026 a las 16:30:00 UTC-3","29 de agosto de 2026 a las 6:50:00 UTC-3","eleição","./explore?q=elei%C3%A7%C3%A3o&geo=BR"
"barcelona - athletic","10 mil+","27 de agosto de 2026 a las 15:10:00 UTC-3","27 de agosto de 2026 a las 20:20:00 UTC-3","barcelona - athletic,barcelona vs athletic,fermín lópez,barcelona vs,unai simón,fc barcelona,pedri,futbol club barcelona","./explore?q=barcelona%20-%20athletic&geo=BR"
"senador","2 mil+","29 de agosto de 2026 a las 16:10:00 UTC-3","29 de agosto de 2026 a las 21:40:00 UTC-3","senador","./explore?q=senador&geo=BR"
"ehang","2 mil+","27 de agosto de 2026 a las 8:20:00 UTC-3","27 de agosto de 2026 a las 21:50:00 UTC-3","ehang","./explore?q=ehang&geo=BR"
"globo","10 mil+","30 de agosto de 2026 a las 16:20:00 UTC-3","30 de agosto de 2026 a las 17:00:00 UTC-3","globo","./explore?q=globo&geo=BR"
"facundo colidio","2 mil+","29 de agosto de 2026 a las 21:20:00 UTC-3","30 de agosto de 2026 a las 0:30:00 UTC-3","facundo colidio,colidio,colidio vasco","./explore?q=facundo%20colidio&geo=BR"
"al kholood x al-ahli saudi","2 mil+","29 de agosto de 2026 a las 12:30:00 UTC-3","29 de agosto de 2026 a las 17:30:00 UTC-3","al kholood x al-ahli saudi","./explore?q=al%20kholood%20x%20al-ahli%20saudi&geo=BR"
"programação globo","10 mil+","28 de agosto de 2026 a las 20:00:00 UTC-3","28 de agosto de 2026 a las 22:50:00 UTC-3","programação globo,programacao globo,globoplay gratuito,globo programação,dcm,programação da globo,horario eleitoral","./explore?q=programa%C3%A7%C3%A3o%20globo&geo=BR"
"planalto jogo","500+","30 de agosto de 2026 a las 18:50:00 UTC-3","30 de agosto de 2026 a las 21:30:00 UTC-3","planalto jogo","./explore?q=planalto%20jogo&geo=BR"
"campeonato ingles","2 mil+","29 de agosto de 2026 a las 9:00:00 UTC-3","29 de agosto de 2026 a las 13:50:00 UTC-3","campeonato ingles","./explore?q=campeonato%20ingles&geo=BR"
"honda prelude","2 mil+","27 de agosto de 2026 a las 11:10:00 UTC-3","28 de agosto de 2026 a las 14:10:00 UTC-3","honda prelude","./explore?q=honda%20prelude&geo=BR"
"birmingham x brentford","10 mil+","25 de agosto de 2026 a las 15:40:00 UTC-3","25 de agosto de 2026 a las 23:00:00 UTC-3","birmingham x brentford","./explore?q=birmingham%20x%20brentford&geo=BR"
"usman nurmagomedov","2 mil+","29 de agosto de 2026 a las 10:40:00 UTC-3","29 de agosto de 2026 a las 19:40:00 UTC-3","usman nurmagomedov","./explore?q=usman%20nurmagomedov&geo=BR"
"pesquisa eleitoral augusto cury","5 mil+","27 de agosto de 2026 a las 22:10:00 UTC-3","28 de agosto de 2026 a las 7:40:00 UTC-3","pesquisa eleitoral augusto cury,intenção de voto presidente 2026,pesquisas para presidente 2026 augusto cury,pesquisa, presidente 2026","./explore?q=pesquisa%20eleitoral%20augusto%20cury&geo=BR"
"paris fc","1 mil+","30 de agosto de 2026 a las 9:20:00 UTC-3","30 de agosto de 2026 a las 13:00:00 UTC-3","paris fc","./explore?q=paris%20fc&geo=BR"
"paulinho","5 mil+","28 de agosto de 2026 a las 15:30:00 UTC-3","28 de agosto de 2026 a las 20:00:00 UTC-3","paulinho,paulinho palmeiras","./explore?q=paulinho&geo=BR"
"candidato","2 mil+","30 de agosto de 2026 a las 10:20:00 UTC-3","30 de agosto de 2026 a las 11:50:00 UTC-3","candidato,segurança","./explore?q=candidato&geo=BR"
"coreia do norte","1 mil+","30 de agosto de 2026 a las 16:00:00 UTC-3","30 de agosto de 2026 a las 18:00:00 UTC-3","coreia do norte","./explore?q=coreia%20do%20norte&geo=BR"
"aeroporto santos dumont","2 mil+","27 de agosto de 2026 a las 17:30:00 UTC-3","28 de agosto de 2026 a las 9:40:00 UTC-3","aeroporto santos dumont,santos dumont,avião aeroporto santos dumont","./explore?q=aeroporto%20santos%20dumont&geo=BR"
"viaduto","5 mil+","25 de agosto de 2026 a las 10:30:00 UTC-3","26 de agosto de 2026 a las 2:10:00 UTC-3","viaduto","./explore?q=viaduto&geo=BR"
"sevilla - atlético madrid","2 mil+","29 de agosto de 2026 a las 15:50:00 UTC-3","29 de agosto de 2026 a las 20:20:00 UTC-3","sevilla - atlético madrid,álex baena,atlético de madrid,sevilla fc","./explore?q=sevilla%20-%20atl%C3%A9tico%20madrid&geo=BR"
"al hilal","5 mil+","28 de agosto de 2026 a las 14:50:00 UTC-3","28 de agosto de 2026 a las 18:40:00 UTC-3","al hilal","./explore?q=al%20hilal&geo=BR"
"jogo do inter","10 mil+","27 de agosto de 2026 a las 20:20:00 UTC-3","27 de agosto de 2026 a las 22:50:00 UTC-3","jogo do inter","./explore?q=jogo%20do%20inter&geo=BR"
"arthur","5 mil+","27 de agosto de 2026 a las 18:40:00 UTC-3","28 de agosto de 2026 a las 8:00:00 UTC-3","arthur,arthur melo","./explore?q=arthur&geo=BR"
"stage tour","5 mil+","25 de agosto de 2026 a las 16:10:00 UTC-3","26 de agosto de 2026 a las 14:50:00 UTC-3","stage tour","./explore?q=stage%20tour&geo=BR"
"club américa x puebla","2 mil+","29 de agosto de 2026 a las 21:50:00 UTC-3","30 de agosto de 2026 a las 1:10:00 UTC-3","club américa x puebla,america mexico","./explore?q=club%20am%C3%A9rica%20x%20puebla&geo=BR"
"valencia fc","1 mil+","30 de agosto de 2026 a las 14:30:00 UTC-3","30 de agosto de 2026 a las 16:40:00 UTC-3","valencia fc","./explore?q=valencia%20fc&geo=BR"
"jogo do vitória","10 mil+","26 de agosto de 2026 a las 22:00:00 UTC-3","27 de agosto de 2026 a las 7:40:00 UTC-3","jogo do vitória,jogo do vitoria,ec vitória,marinho,vitória x","./explore?q=jogo%20do%20vit%C3%B3ria&geo=BR"
"nanda costa","1 mil+","30 de agosto de 2026 a las 8:00:00 UTC-3","30 de agosto de 2026 a las 20:40:00 UTC-3","nanda costa","./explore?q=nanda%20costa&geo=BR"
"shenyang j-16","5 mil+","26 de agosto de 2026 a las 12:10:00 UTC-3","27 de agosto de 2026 a las 7:10:00 UTC-3","shenyang j-16,j","./explore?q=shenyang%20j-16&geo=BR"
"zagueiro","1 mil+","30 de agosto de 2026 a las 14:40:00 UTC-3","30 de agosto de 2026 a las 17:50:00 UTC-3","zagueiro","./explore?q=zagueiro&geo=BR"
"boca","2 mil+","28 de agosto de 2026 a las 21:40:00 UTC-3","29 de agosto de 2026 a las 1:30:00 UTC-3","boca,boca juniors - lanús,posiciones de boca juniors contra club atlético lanús","./explore?q=boca&geo=BR"
"wolves x stoke city","2 mil+","29 de agosto de 2026 a las 7:50:00 UTC-3","29 de agosto de 2026 a las 11:40:00 UTC-3","wolves x stoke city","./explore?q=wolves%20x%20stoke%20city&geo=BR"
"caminhão","5 mil+","26 de agosto de 2026 a las 6:00:00 UTC-3","26 de agosto de 2026 a las 20:50:00 UTC-3","caminhão","./explore?q=caminh%C3%A3o&geo=BR"
"festa do peão de barretos","2 mil+","29 de agosto de 2026 a las 9:40:00 UTC-3","29 de agosto de 2026 a las 20:20:00 UTC-3","festa do peão de barretos,andressa suita","./explore?q=festa%20do%20pe%C3%A3o%20de%20barretos&geo=BR"
"coventry city x hull city","1 mil+","29 de agosto de 2026 a las 10:20:00 UTC-3","30 de agosto de 2026 a las 8:00:00 UTC-3","coventry city x hull city","./explore?q=coventry%20city%20x%20hull%20city&geo=BR"
"rb leipzig x mönchengladbach","2 mil+","29 de agosto de 2026 a las 9:40:00 UTC-3","29 de agosto de 2026 a las 16:50:00 UTC-3","rb leipzig x mönchengladbach","./explore?q=rb%20leipzig%20x%20m%C3%B6nchengladbach&geo=BR"
"geena davis","5 mil+","25 de agosto de 2026 a las 14:40:00 UTC-3","26 de agosto de 2026 a las 9:20:00 UTC-3","geena davis","./explore?q=geena%20davis&geo=BR"
"mark zuckerberg","1 mil+","29 de agosto de 2026 a las 9:10:00 UTC-3","29 de agosto de 2026 a las 17:10:00 UTC-3","mark zuckerberg","./explore?q=mark%20zuckerberg&geo=BR"
"jorge carrascal","1 mil+","30 de agosto de 2026 a las 17:50:00 UTC-3","30 de agosto de 2026 a las 19:30:00 UTC-3","jorge carrascal","./explore?q=jorge%20carrascal&geo=BR"
"celta de vigo","1 mil+","30 de agosto de 2026 a las 16:40:00 UTC-3","30 de agosto de 2026 a las 18:40:00 UTC-3","celta de vigo","./explore?q=celta%20de%20vigo&geo=BR"
"lanús x argentinos juniors","10 mil+","24 de agosto de 2026 a las 20:40:00 UTC-3","25 de agosto de 2026 a las 9:00:00 UTC-3","lanús x argentinos juniors,classificações de lanús x argentinos juniors,lanus x,lanus x argentinos juniors","./explore?q=lan%C3%BAs%20x%20argentinos%20juniors&geo=BR"
"bayern de munique","5 mil+","28 de agosto de 2026 a las 15:40:00 UTC-3","28 de agosto de 2026 a las 18:40:00 UTC-3","bayern de munique","./explore?q=bayern%20de%20munique&geo=BR"
"papa","500+","30 de agosto de 2026 a las 21:10:00 UTC-3","30 de agosto de 2026 a las 22:30:00 UTC-3","papa","./explore?q=papa&geo=BR"
"paulista feminino","5 mil+","26 de agosto de 2026 a las 18:20:00 UTC-3","27 de agosto de 2026 a las 7:10:00 UTC-3","paulista feminino,ferroviária x são paulo,campeonato paulista feminino","./explore?q=paulista%20feminino&geo=BR"
"contexto","200+","31 de agosto de 2026 a las 1:10:00 UTC-3","31 de agosto de 2026 a las 4:20:00 UTC-3","contexto","./explore?q=contexto&geo=BR"
"ftw","5 mil+","27 de agosto de 2026 a las 17:20:00 UTC-3","28 de agosto de 2026 a las 3:10:00 UTC-3","ftw,prime","./explore?q=ftw&geo=BR"
"ana paula siebert justus","5 mil+","26 de agosto de 2026 a las 12:10:00 UTC-3","26 de agosto de 2026 a las 19:00:00 UTC-3","ana paula siebert justus","./explore?q=ana%20paula%20siebert%20justus&geo=BR"
"flamengo x botafogo minuto a minuto","500+","30 de agosto de 2026 a las 16:10:00 UTC-3","30 de agosto de 2026 a las 18:50:00 UTC-3","flamengo x botafogo minuto a minuto","./explore?q=flamengo%20x%20botafogo%20minuto%20a%20minuto&geo=BR"
"argentinos juniors","500+","30 de agosto de 2026 a las 17:30:00 UTC-3","30 de agosto de 2026 a las 19:50:00 UTC-3","argentinos juniors","./explore?q=argentinos%20juniors&geo=BR"
"watford x west ham","2 mil+","29 de agosto de 2026 a las 10:10:00 UTC-3","29 de agosto de 2026 a las 13:50:00 UTC-3","watford x west ham","./explore?q=watford%20x%20west%20ham&geo=BR"
"clima em rio de janeiro","1 mil+","30 de agosto de 2026 a las 21:30:00 UTC-3","31 de agosto de 2026 a las 5:30:00 UTC-3","clima em rio de janeiro,previsão do tempo são gonçalo","./explore?q=clima%20em%20rio%20de%20janeiro&geo=BR"
"the witcher 3: wild hunt","2 mil+","26 de agosto de 2026 a las 13:20:00 UTC-3","27 de agosto de 2026 a las 8:40:00 UTC-3","the witcher 3: wild hunt","./explore?q=the%20witcher%203%3A%20wild%20hunt&geo=BR"
"defesa civil do estado de são paulo","1 mil+","30 de agosto de 2026 a las 17:00:00 UTC-3","30 de agosto de 2026 a las 18:40:00 UTC-3","defesa civil do estado de são paulo","./explore?q=defesa%20civil%20do%20estado%20de%20s%C3%A3o%20paulo&geo=BR"
"setembro","2 mil+","28 de agosto de 2026 a las 9:00:00 UTC-3","28 de agosto de 2026 a las 19:00:00 UTC-3","setembro","./explore?q=setembro&geo=BR"
"bodo glimt","1 mil+","30 de agosto de 2026 a las 9:30:00 UTC-3","30 de agosto de 2026 a las 12:00:00 UTC-3","bodo glimt","./explore?q=bodo%20glimt&geo=BR"
"chitãozinho","200+","31 de agosto de 2026 a las 6:10:00 UTC-3","31 de agosto de 2026 a las 7:30:00 UTC-3","chitãozinho","./explore?q=chit%C3%A3ozinho&geo=BR"
"daniel vorcaro","5 mil+","27 de agosto de 2026 a las 8:30:00 UTC-3","27 de agosto de 2026 a las 15:30:00 UTC-3","daniel vorcaro,vorcaro,polícia federal,banco master","./explore?q=daniel%20vorcaro&geo=BR"
"kalshi","1 mil+","28 de agosto de 2026 a las 15:30:00 UTC-3","29 de agosto de 2026 a las 9:10:00 UTC-3","kalshi","./explore?q=kalshi&geo=BR"
"daniel dantas","1 mil+","30 de agosto de 2026 a las 18:30:00 UTC-3","30 de agosto de 2026 a las 19:40:00 UTC-3","daniel dantas,letícia sabatella,leticia sabatella","./explore?q=daniel%20dantas&geo=BR"
"stranger things","2 mil+","26 de agosto de 2026 a las 22:00:00 UTC-3","28 de agosto de 2026 a las 1:10:00 UTC-3","stranger things","./explore?q=stranger%20things&geo=BR"
"gent x club brugge","1 mil+","30 de agosto de 2026 a las 8:00:00 UTC-3","30 de agosto de 2026 a las 11:10:00 UTC-3","gent x club brugge","./explore?q=gent%20x%20club%20brugge&geo=BR"
"villarreal","2 mil+","28 de agosto de 2026 a las 16:40:00 UTC-3","28 de agosto de 2026 a las 20:20:00 UTC-3","villarreal","./explore?q=villarreal&geo=BR"
"renan santos","20 mil+","26 de agosto de 2026 a las 20:10:00 UTC-3","26 de agosto de 2026 a las 22:20:00 UTC-3","renan santos,candidato renan santos,candidatos a presidencia,candidato renan","./explore?q=renan%20santos&geo=BR"
"renault kwid","5 mil+","26 de agosto de 2026 a las 17:30:00 UTC-3","27 de agosto de 2026 a las 7:00:00 UTC-3","renault kwid,kwid 2027","./explore?q=renault%20kwid&geo=BR"
"fiat strada","2 mil+","27 de agosto de 2026 a las 20:10:00 UTC-3","28 de agosto de 2026 a las 12:30:00 UTC-3","fiat strada","./explore?q=fiat%20strada&geo=BR"
"taxa selic","500+","30 de agosto de 2026 a las 12:20:00 UTC-3","30 de agosto de 2026 a las 15:50:00 UTC-3","taxa selic","./explore?q=taxa%20selic&geo=BR"
"gta 6 pc","200+","31 de agosto de 2026 a las 3:10:00 UTC-3","31 de agosto de 2026 a las 4:40:00 UTC-3","gta 6 pc","./explore?q=gta%206%20pc&geo=BR"
"colo colo","5 mil+","26 de agosto de 2026 a las 21:30:00 UTC-3","27 de agosto de 2026 a las 8:10:00 UTC-3","colo colo,colo-colo x unión española,colo-colo unión española 26/08/2026","./explore?q=colo%20colo&geo=BR"
"semaglutide","5 mil+","24 de agosto de 2026 a las 17:00:00 UTC-3","25 de agosto de 2026 a las 9:40:00 UTC-3","semaglutide","./explore?q=semaglutide&geo=BR"
"paris jackson","1 mil+","29 de agosto de 2026 a las 16:00:00 UTC-3","29 de agosto de 2026 a las 20:40:00 UTC-3","paris jackson","./explore?q=paris%20jackson&geo=BR"
"primevideo","1 mil+","30 de agosto de 2026 a las 18:30:00 UTC-3","30 de agosto de 2026 a las 20:40:00 UTC-3","primevideo","./explore?q=primevideo&geo=BR"
"club américa x columbus crew","2 mil+","26 de agosto de 2026 a las 23:20:00 UTC-3","27 de agosto de 2026 a las 9:00:00 UTC-3","club américa x columbus crew,columbus crew","./explore?q=club%20am%C3%A9rica%20x%20columbus%20crew&geo=BR"
"cptm","100+","31 de agosto de 2026 a las 6:30:00 UTC-3","31 de agosto de 2026 a las 7:40:00 UTC-3","cptm","./explore?q=cptm&geo=BR"
"binance exchange","1 mil+","31 de agosto de 2026 a las 3:10:00 UTC-3","31 de agosto de 2026 a las 4:50:00 UTC-3","binance exchange,binance","./explore?q=binance%20exchange&geo=BR"
"copa parana","1 mil+","29 de agosto de 2026 a las 15:20:00 UTC-3","29 de agosto de 2026 a las 20:30:00 UTC-3","copa parana","./explore?q=copa%20parana&geo=BR"
"flaco lópez","5 mil+","26 de agosto de 2026 a las 22:00:00 UTC-3","27 de agosto de 2026 a las 7:50:00 UTC-3","flaco lópez,flaco lopez,agustín giay,flaco lopes,pal x san,jogos palmeiras","./explore?q=flaco%20l%C3%B3pez&geo=BR"
"newcastle","2 mil+","29 de agosto de 2026 a las 14:00:00 UTC-3","29 de agosto de 2026 a las 16:20:00 UTC-3","newcastle,spurs vs newcastle,tottenham hotspur football club,yoane wissa,pedro porro","./explore?q=newcastle&geo=BR"
"70","2 mil+","26 de agosto de 2026 a las 20:10:00 UTC-3","28 de agosto de 2026 a las 1:40:00 UTC-3","70","./explore?q=70&geo=BR"
"mineração","1 mil+","30 de agosto de 2026 a las 8:50:00 UTC-3","30 de agosto de 2026 a las 12:40:00 UTC-3","mineração,exposibram","./explore?q=minera%C3%A7%C3%A3o&geo=BR"
"riquelme fillipi","2 mil+","27 de agosto de 2026 a las 19:20:00 UTC-3","28 de agosto de 2026 a las 9:20:00 UTC-3","riquelme fillipi","./explore?q=riquelme%20fillipi&geo=BR"
"a nobreza do amor","5 mil+","29 de agosto de 2026 a las 6:10:00 UTC-3","29 de agosto de 2026 a las 9:20:00 UTC-3","a nobreza do amor,a nobreza do amor a nobreza do amor","./explore?q=a%20nobreza%20do%20amor&geo=BR"
"brentford","1 mil+","30 de agosto de 2026 a las 10:40:00 UTC-3","30 de agosto de 2026 a las 12:50:00 UTC-3","brentford","./explore?q=brentford&geo=BR"
"política","2 mil+","28 de agosto de 2026 a las 16:20:00 UTC-3","28 de agosto de 2026 a las 21:10:00 UTC-3","política","./explore?q=pol%C3%ADtica&geo=BR"
"zélia duncan","2 mil+","29 de agosto de 2026 a las 11:40:00 UTC-3","29 de agosto de 2026 a las 15:10:00 UTC-3","zélia duncan","./explore?q=z%C3%A9lia%20duncan&geo=BR"
"horário político","500+","29 de agosto de 2026 a las 21:10:00 UTC-3","30 de agosto de 2026 a las 8:50:00 UTC-3","horário político","./explore?q=hor%C3%A1rio%20pol%C3%ADtico&geo=BR"
"cruzeiro esporte clube","2 mil+","29 de agosto de 2026 a las 23:10:00 UTC-3","30 de agosto de 2026 a las 0:20:00 UTC-3","cruzeiro esporte clube","./explore?q=cruzeiro%20esporte%20clube&geo=BR"
"tiempo","2 mil+","30 de agosto de 2026 a las 7:00:00 UTC-3","30 de agosto de 2026 a las 9:20:00 UTC-3","tiempo","./explore?q=tiempo&geo=BR"
"gilmar mendes","5 mil+","25 de agosto de 2026 a las 4:10:00 UTC-3","25 de agosto de 2026 a las 15:00:00 UTC-3","gilmar mendes","./explore?q=gilmar%20mendes&geo=BR"
"guto miguel","5 mil+","28 de agosto de 2026 a las 19:10:00 UTC-3","28 de agosto de 2026 a las 23:50:00 UTC-3","guto miguel","./explore?q=guto%20miguel&geo=BR"
"gabigol","500+","30 de agosto de 2026 a las 16:40:00 UTC-3","30 de agosto de 2026 a las 18:20:00 UTC-3","gabigol","./explore?q=gabigol&geo=BR"
"lyon x","2 mil+","29 de agosto de 2026 a las 16:00:00 UTC-3","29 de agosto de 2026 a las 19:00:00 UTC-3","lyon x","./explore?q=lyon%20x&geo=BR"
"kevin viveros","1 mil+","30 de agosto de 2026 a las 12:50:00 UTC-3","30 de agosto de 2026 a las 14:10:00 UTC-3","kevin viveros","./explore?q=kevin%20viveros&geo=BR"
"são caetano x primavera","1 mil+","29 de agosto de 2026 a las 14:50:00 UTC-3","29 de agosto de 2026 a las 18:30:00 UTC-3","são caetano x primavera","./explore?q=s%C3%A3o%20caetano%20x%20primavera&geo=BR"
"freiburg x werder bremen","500+","30 de agosto de 2026 a las 10:10:00 UTC-3","30 de agosto de 2026 a las 13:10:00 UTC-3","freiburg x werder bremen","./explore?q=freiburg%20x%20werder%20bremen&geo=BR"
"porto","2 mil+","29 de agosto de 2026 a las 14:20:00 UTC-3","29 de agosto de 2026 a las 16:50:00 UTC-3","porto","./explore?q=porto&geo=BR"
"tocantins","2 mil+","28 de agosto de 2026 a las 16:20:00 UTC-3","28 de agosto de 2026 a las 21:00:00 UTC-3","tocantins,dorinha rezende","./explore?q=tocantins&geo=BR"
"entrevista renan santos globo","10 mil+","26 de agosto de 2026 a las 20:00:00 UTC-3","27 de agosto de 2026 a las 10:40:00 UTC-3","entrevista renan santos globo,renan santos globo,renan santos jornal nacional,renan santos na globo,sabatina globo,sabatina renan santos,sabatina,quem é renan santos candidato a presidente,sabatina renan santos jornal nacional,quem é renan santos,entrevista jornal nacional,renan santos partido","./explore?q=entrevista%20renan%20santos%20globo&geo=BR"
"coyote vs acme filme","1 mil+","29 de agosto de 2026 a las 11:10:00 UTC-3","29 de agosto de 2026 a las 19:40:00 UTC-3","coyote vs acme filme,filme coyote vs acme","./explore?q=coyote%20vs%20acme%20filme&geo=BR"
"rb salzburg x austria wien","500+","30 de agosto de 2026 a las 13:40:00 UTC-3","30 de agosto de 2026 a las 16:10:00 UTC-3","rb salzburg x austria wien","./explore?q=rb%20salzburg%20x%20austria%20wien&geo=BR"
"jogos de grêmio","500+","30 de agosto de 2026 a las 19:10:00 UTC-3","30 de agosto de 2026 a las 21:20:00 UTC-3","jogos de grêmio","./explore?q=jogos%20de%20gr%C3%AAmio&geo=BR"
"sou manaus passo a paço 2026","20 mil+","24 de agosto de 2026 a las 18:20:00 UTC-3","25 de agosto de 2026 a las 1:10:00 UTC-3","sou manaus passo a paço 2026,sou manaus,passo a passo manaus,sou manaus passo a passo 2026,sou manaus 2026,sou manaus passo a passo,passo a passo manaus 2026,soumanauspassoapaco,passo a paço 2026","./explore?q=sou%20manaus%20passo%20a%20pa%C3%A7o%202026&geo=BR"
"sensor","1 mil+","29 de agosto de 2026 a las 20:00:00 UTC-3","30 de agosto de 2026 a las 8:40:00 UTC-3","sensor","./explore?q=sensor&geo=BR"
"paris saint-germain","5 mil+","28 de agosto de 2026 a las 16:40:00 UTC-3","28 de agosto de 2026 a las 19:30:00 UTC-3","paris saint-germain,paris saint-germain football club,paris saint germain,losc lille","./explore?q=paris%20saint-germain&geo=BR"
"superendividamento","1 mil+","28 de agosto de 2026 a las 13:40:00 UTC-3","29 de agosto de 2026 a las 9:50:00 UTC-3","superendividamento","./explore?q=superendividamento&geo=BR"
"binance trading","500+","30 de agosto de 2026 a las 3:50:00 UTC-3","30 de agosto de 2026 a las 7:40:00 UTC-3","binance trading,binance","./explore?q=binance%20trading&geo=BR"
"benzema","500+","30 de agosto de 2026 a las 14:30:00 UTC-3","31 de agosto de 2026 a las 3:00:00 UTC-3","benzema","./explore?q=benzema&geo=BR"
"michelle monaghan","2 mil+","29 de agosto de 2026 a las 20:30:00 UTC-3","30 de agosto de 2026 a las 0:50:00 UTC-3","michelle monaghan,michael keaton,adam scott","./explore?q=michelle%20monaghan&geo=BR"
"planalto","500+","30 de agosto de 2026 a las 19:00:00 UTC-3","31 de agosto de 2026 a las 0:20:00 UTC-3","planalto","./explore?q=planalto&geo=BR"
"pesquisa senado sp","5 mil+","24 de agosto de 2026 a las 14:30:00 UTC-3","24 de agosto de 2026 a las 23:50:00 UTC-3","pesquisa senado sp,pesquisa eleitoral senado sp","./explore?q=pesquisa%20senado%20sp&geo=BR"
"tobey maguire","2 mil+","28 de agosto de 2026 a las 17:30:00 UTC-3","29 de agosto de 2026 a las 0:00:00 UTC-3","tobey maguire","./explore?q=tobey%20maguire&geo=BR"
"tarcísio filho","5 mil+","24 de agosto de 2026 a las 15:50:00 UTC-3","25 de agosto de 2026 a las 7:50:00 UTC-3","tarcísio filho","./explore?q=tarc%C3%ADsio%20filho&geo=BR"
"days of thunder","1 mil+","29 de agosto de 2026 a las 14:30:00 UTC-3","29 de agosto de 2026 a las 20:20:00 UTC-3","days of thunder","./explore?q=days%20of%20thunder&geo=BR"
"betis","2 mil+","29 de agosto de 2026 a las 12:50:00 UTC-3","29 de agosto de 2026 a las 14:50:00 UTC-3","betis,real betis","./explore?q=betis&geo=BR"
"nottingham forest x leeds","10 mil+","25 de agosto de 2026 a las 16:20:00 UTC-3","25 de agosto de 2026 a las 19:50:00 UTC-3","nottingham forest x leeds","./explore?q=nottingham%20forest%20x%20leeds&geo=BR"
"domingo espetacular","500+","30 de agosto de 2026 a las 19:00:00 UTC-3","30 de agosto de 2026 a las 22:10:00 UTC-3","domingo espetacular","./explore?q=domingo%20espetacular&geo=BR"
"john stewart","200+","30 de agosto de 2026 a las 23:10:00 UTC-3","31 de agosto de 2026 a las 2:30:00 UTC-3","john stewart","./explore?q=john%20stewart&geo=BR"
"mpf","1 mil+","30 de agosto de 2026 a las 9:10:00 UTC-3","30 de agosto de 2026 a las 11:20:00 UTC-3","mpf","./explore?q=mpf&geo=BR"
"byd mako","5 mil+","25 de agosto de 2026 a las 10:50:00 UTC-3","25 de agosto de 2026 a las 22:50:00 UTC-3","byd mako","./explore?q=byd%20mako&geo=BR"
"robô","5 mil+","25 de agosto de 2026 a las 12:30:00 UTC-3","25 de agosto de 2026 a las 19:00:00 UTC-3","robô","./explore?q=rob%C3%B4&geo=BR"
"sormani","2 mil+","24 de agosto de 2026 a las 23:40:00 UTC-3","27 de agosto de 2026 a las 1:00:00 UTC-3","sormani","./explore?q=sormani&geo=BR"
"cgn","1 mil+","30 de agosto de 2026 a las 11:00:00 UTC-3","30 de agosto de 2026 a las 13:20:00 UTC-3","cgn,cgn cascavel","./explore?q=cgn&geo=BR"
"newcastle","5 mil+","26 de agosto de 2026 a las 15:30:00 UTC-3","26 de agosto de 2026 a las 19:40:00 UTC-3","newcastle,new castle","./explore?q=newcastle&geo=BR"
"sucuri","2 mil+","26 de agosto de 2026 a las 19:30:00 UTC-3","27 de agosto de 2026 a las 20:50:00 UTC-3","sucuri","./explore?q=sucuri&geo=BR"
"peñarol - nacional","500+","30 de agosto de 2026 a las 15:30:00 UTC-3","30 de agosto de 2026 a las 18:00:00 UTC-3","peñarol - nacional","./explore?q=pe%C3%B1arol%20-%20nacional&geo=BR"
"tim curry filmes","2 mil+","26 de agosto de 2026 a las 13:10:00 UTC-3","27 de agosto de 2026 a las 6:50:00 UTC-3","tim curry filmes,tim curry morreu","./explore?q=tim%20curry%20filmes&geo=BR"
"globo sp ao vivo","500+","30 de agosto de 2026 a las 15:50:00 UTC-3","30 de agosto de 2026 a las 17:40:00 UTC-3","globo sp ao vivo","./explore?q=globo%20sp%20ao%20vivo&geo=BR"
"juscelino filho","2 mil+","28 de agosto de 2026 a las 10:40:00 UTC-3","28 de agosto de 2026 a las 20:20:00 UTC-3","juscelino filho","./explore?q=juscelino%20filho&geo=BR"
"huracan","1 mil+","29 de agosto de 2026 a las 18:40:00 UTC-3","29 de agosto de 2026 a las 22:00:00 UTC-3","huracan","./explore?q=huracan&geo=BR"
"tênis","1 mil+","29 de agosto de 2026 a las 13:00:00 UTC-3","29 de agosto de 2026 a las 19:10:00 UTC-3","tênis","./explore?q=t%C3%AAnis&geo=BR"
"cpg click petroleo e gas","500+","30 de agosto de 2026 a las 13:30:00 UTC-3","30 de agosto de 2026 a las 17:40:00 UTC-3","cpg click petroleo e gas","./explore?q=cpg%20click%20petroleo%20e%20gas&geo=BR"
"litoral","1 mil+","28 de agosto de 2026 a las 15:10:00 UTC-3","29 de agosto de 2026 a las 8:40:00 UTC-3","litoral","./explore?q=litoral&geo=BR"
"bodø/glimt x nec","10 mil+","25 de agosto de 2026 a las 15:40:00 UTC-3","25 de agosto de 2026 a las 19:50:00 UTC-3","bodø/glimt x nec,bodo glimt,bodo,bodo glimt x","./explore?q=bod%C3%B8%2Fglimt%20x%20nec&geo=BR"
"classificação brasileirão","1 mil+","30 de agosto de 2026 a las 20:30:00 UTC-3","30 de agosto de 2026 a las 21:40:00 UTC-3","classificação brasileirão","./explore?q=classifica%C3%A7%C3%A3o%20brasileir%C3%A3o&geo=BR"
"ajax x sion","2 mil+","27 de agosto de 2026 a las 14:10:00 UTC-3","27 de agosto de 2026 a las 19:10:00 UTC-3","ajax x sion,ajax x","./explore?q=ajax%20x%20sion&geo=BR"
"brighton x tromsø","2 mil+","27 de agosto de 2026 a las 15:10:00 UTC-3","27 de agosto de 2026 a las 20:10:00 UTC-3","brighton x tromsø","./explore?q=brighton%20x%20troms%C3%B8&geo=BR"
"jogos da copa do brasil hoje","20 mil+","26 de agosto de 2026 a las 18:10:00 UTC-3","27 de agosto de 2026 a las 0:00:00 UTC-3","jogos da copa do brasil hoje,quem joga hoje,jogos hoje,tem jogo hoje,futebol ao vivo,jogo de hoje,jogo agora,jogos futebol hoje ao vivo,jogo ao vivo,tv ao vivo","./explore?q=jogos%20da%20copa%20do%20brasil%20hoje&geo=BR"
"furia esports","500+","30 de agosto de 2026 a las 14:50:00 UTC-3","30 de agosto de 2026 a las 16:40:00 UTC-3","furia esports","./explore?q=furia%20esports&geo=BR"
"ressaca marítima","2 mil+","24 de agosto de 2026 a las 21:30:00 UTC-3","25 de agosto de 2026 a las 10:10:00 UTC-3","ressaca marítima","./explore?q=ressaca%20mar%C3%ADtima&geo=BR"
"bola de ouro","1 mil+","29 de agosto de 2026 a las 17:50:00 UTC-3","29 de agosto de 2026 a las 23:10:00 UTC-3","bola de ouro","./explore?q=bola%20de%20ouro&geo=BR"
"celtic","10 mil+","25 de agosto de 2026 a las 16:10:00 UTC-3","25 de agosto de 2026 a las 20:40:00 UTC-3","celtic,lask,celtic fc","./explore?q=celtic&geo=BR"
"preston x everton","5 mil+","26 de agosto de 2026 a las 15:10:00 UTC-3","26 de agosto de 2026 a las 21:20:00 UTC-3","preston x everton","./explore?q=preston%20x%20everton&geo=BR"
"cauã reymond","2 mil+","29 de agosto de 2026 a las 0:50:00 UTC-3","29 de agosto de 2026 a las 17:20:00 UTC-3","cauã reymond","./explore?q=cau%C3%A3%20reymond&geo=BR"
"kevin viveros","5 mil+","24 de agosto de 2026 a las 20:10:00 UTC-3","25 de agosto de 2026 a las 8:00:00 UTC-3","kevin viveros","./explore?q=kevin%20viveros&geo=BR"
"bicicleta elétrica","2 mil+","26 de agosto de 2026 a las 11:50:00 UTC-3","26 de agosto de 2026 a las 22:50:00 UTC-3","bicicleta elétrica","./explore?q=bicicleta%20el%C3%A9trica&geo=BR"
"boeing 737","5 mil+","24 de agosto de 2026 a las 13:20:00 UTC-3","25 de agosto de 2026 a las 5:50:00 UTC-3","boeing 737","./explore?q=boeing%20737&geo=BR"
"tabela do campeonato brasileiro série a","1 mil+","30 de agosto de 2026 a las 5:20:00 UTC-3","30 de agosto de 2026 a las 21:30:00 UTC-3","tabela do campeonato brasileiro série a,tabela da série a","./explore?q=tabela%20do%20campeonato%20brasileiro%20s%C3%A9rie%20a&geo=BR"
"ramón sosa","1 mil+","30 de agosto de 2026 a las 7:30:00 UTC-3","30 de agosto de 2026 a las 11:50:00 UTC-3","ramón sosa,flaco lopez","./explore?q=ram%C3%B3n%20sosa&geo=BR"
"al hazm x al-shabab","200+","31 de agosto de 2026 a las 7:10:00 UTC-3","31 de agosto de 2026 a las 8:00:00 UTC-3","al hazm x al-shabab","./explore?q=al%20hazm%20x%20al-shabab&geo=BR"
"roma","5 mil+","24 de agosto de 2026 a las 14:30:00 UTC-3","24 de agosto de 2026 a las 22:20:00 UTC-3","roma,paulo dybala","./explore?q=roma&geo=BR"
"kylian mbappé","5 mil+","26 de agosto de 2026 a las 17:20:00 UTC-3","26 de agosto de 2026 a las 21:10:00 UTC-3","kylian mbappé,mbappe,reals,real madrid vs real sociedad standings,real madrid fc,cucurella real madrid","./explore?q=kylian%20mbapp%C3%A9&geo=BR"
"celta de vigo x osasuna","5 mil+","27 de agosto de 2026 a las 14:40:00 UTC-3","27 de agosto de 2026 a las 20:50:00 UTC-3","celta de vigo x osasuna,classificações de celta de vigo x osasuna,osasuna,celta","./explore?q=celta%20de%20vigo%20x%20osasuna&geo=BR"
"al ahli","5 mil+","26 de agosto de 2026 a las 13:50:00 UTC-3","26 de agosto de 2026 a las 19:20:00 UTC-3","al ahli,copa intercontinental da fifa,mundial de clubes 2026,mamelodi,auckland fc","./explore?q=al%20ahli&geo=BR"
"mibr","1 mil+","29 de agosto de 2026 a las 15:10:00 UTC-3","30 de agosto de 2026 a las 1:30:00 UTC-3","mibr","./explore?q=mibr&geo=BR"
"ronaldo caiado","10 mil+","25 de agosto de 2026 a las 21:00:00 UTC-3","25 de agosto de 2026 a las 23:10:00 UTC-3","ronaldo caiado,anistia,caiado candidato,jornal nacional,quem é ronaldo caiado","./explore?q=ronaldo%20caiado&geo=BR"
"starlink","5 mil+","26 de agosto de 2026 a las 14:30:00 UTC-3","27 de agosto de 2026 a las 6:30:00 UTC-3","starlink","./explore?q=starlink&geo=BR"
"previsão do tempo santo andré","100+","31 de agosto de 2026 a las 5:40:00 UTC-3","31 de agosto de 2026 a las 7:10:00 UTC-3","previsão do tempo santo andré","./explore?q=previs%C3%A3o%20do%20tempo%20santo%20andr%C3%A9&geo=BR"
"roberto medronho","2 mil+","29 de agosto de 2026 a las 12:00:00 UTC-3","29 de agosto de 2026 a las 17:40:00 UTC-3","roberto medronho,ufrj","./explore?q=roberto%20medronho&geo=BR"
"marcola","2 mil+","27 de agosto de 2026 a las 21:10:00 UTC-3","28 de agosto de 2026 a las 8:20:00 UTC-3","marcola","./explore?q=marcola&geo=BR"
"américa de cali x junior","5 mil+","26 de agosto de 2026 a las 19:40:00 UTC-3","26 de agosto de 2026 a las 23:20:00 UTC-3","américa de cali x junior,america de cali,américa de cali","./explore?q=am%C3%A9rica%20de%20cali%20x%20junior&geo=BR"
"previsão do tempo cascavel","100+","31 de agosto de 2026 a las 5:00:00 UTC-3","31 de agosto de 2026 a las 6:40:00 UTC-3","previsão do tempo cascavel","./explore?q=previs%C3%A3o%20do%20tempo%20cascavel&geo=BR"
"crimson desert","2 mil+","25 de agosto de 2026 a las 16:00:00 UTC-3","26 de agosto de 2026 a las 6:40:00 UTC-3","crimson desert","./explore?q=crimson%20desert&geo=BR"
"evanna lynch","2 mil+","25 de agosto de 2026 a las 17:40:00 UTC-3","26 de agosto de 2026 a las 9:10:00 UTC-3","evanna lynch","./explore?q=evanna%20lynch&geo=BR"
"são josé dos campos","500+","30 de agosto de 2026 a las 20:00:00 UTC-3","30 de agosto de 2026 a las 21:30:00 UTC-3","são josé dos campos","./explore?q=s%C3%A3o%20jos%C3%A9%20dos%20campos&geo=BR"
"playstation store","2 mil+","26 de agosto de 2026 a las 21:50:00 UTC-3","27 de agosto de 2026 a las 14:20:00 UTC-3","playstation store","./explore?q=playstation%20store&geo=BR"
"gamescom","5 mil+","25 de agosto de 2026 a las 12:10:00 UTC-3","25 de agosto de 2026 a las 23:20:00 UTC-3","gamescom","./explore?q=gamescom&geo=BR"
"lewandowski","500+","30 de agosto de 2026 a las 12:20:00 UTC-3","30 de agosto de 2026 a las 15:20:00 UTC-3","lewandowski","./explore?q=lewandowski&geo=BR"
"que horas começa a novela quem ama cuida hoje","10 mil+","29 de agosto de 2026 a las 20:50:00 UTC-3","29 de agosto de 2026 a las 22:30:00 UTC-3","que horas começa a novela quem ama cuida hoje,programação da globo,programação globo,globo programação,programação da globo hoje,horário da novela quem ama cuida hoje,programacao globo,que horas vai passar a novela quem ama cuida hoje","./explore?q=que%20horas%20come%C3%A7a%20a%20novela%20quem%20ama%20cuida%20hoje&geo=BR"
"onimusha way of the sword","500+","30 de agosto de 2026 a las 5:50:00 UTC-3","30 de agosto de 2026 a las 14:10:00 UTC-3","onimusha way of the sword","./explore?q=onimusha%20way%20of%20the%20sword&geo=BR"
"yan diomande","1 mil+","30 de agosto de 2026 a las 13:20:00 UTC-3","30 de agosto de 2026 a las 14:50:00 UTC-3","yan diomande,diomande","./explore?q=yan%20diomande&geo=BR"
"sassuolo x torino","1 mil+","29 de agosto de 2026 a las 13:00:00 UTC-3","29 de agosto de 2026 a las 17:40:00 UTC-3","sassuolo x torino","./explore?q=sassuolo%20x%20torino&geo=BR"
"mato grosso","1 mil+","28 de agosto de 2026 a las 17:10:00 UTC-3","29 de agosto de 2026 a las 7:40:00 UTC-3","mato grosso","./explore?q=mato%20grosso&geo=BR"
"s26 fe","2 mil+","27 de agosto de 2026 a las 10:00:00 UTC-3","28 de agosto de 2026 a las 14:50:00 UTC-3","s26 fe,one ui,samsung galaxy s26 fe","./explore?q=s26%20fe&geo=BR"
"adriano da nobrega","2 mil+","28 de agosto de 2026 a las 21:50:00 UTC-3","29 de agosto de 2026 a las 8:50:00 UTC-3","adriano da nobrega,adriano da nóbrega","./explore?q=adriano%20da%20nobrega&geo=BR"
"lens fc","1 mil+","29 de agosto de 2026 a las 12:30:00 UTC-3","29 de agosto de 2026 a las 15:10:00 UTC-3","lens fc","./explore?q=lens%20fc&geo=BR"
"br-364","5 mil+","24 de agosto de 2026 a las 13:50:00 UTC-3","25 de agosto de 2026 a las 5:40:00 UTC-3","br-364","./explore?q=br-364&geo=BR"
"binance buy crypto","200+","31 de agosto de 2026 a las 3:20:00 UTC-3","31 de agosto de 2026 a las 4:50:00 UTC-3","binance buy crypto","./explore?q=binance%20buy%20crypto&geo=BR"
"southampton x west ham","5 mil+","25 de agosto de 2026 a las 16:00:00 UTC-3","25 de agosto de 2026 a las 21:10:00 UTC-3","southampton x west ham","./explore?q=southampton%20x%20west%20ham&geo=BR"
"dave grohl","200+","30 de agosto de 2026 a las 22:50:00 UTC-3","31 de agosto de 2026 a las 0:00:00 UTC-3","dave grohl","./explore?q=dave%20grohl&geo=BR"
"hadi choopan","2 mil+","27 de agosto de 2026 a las 6:10:00 UTC-3","28 de agosto de 2026 a las 7:00:00 UTC-3","hadi choopan","./explore?q=hadi%20choopan&geo=BR"
"dylan rourke","1 mil+","28 de agosto de 2026 a las 13:40:00 UTC-3","29 de agosto de 2026 a las 0:10:00 UTC-3","dylan rourke","./explore?q=dylan%20rourke&geo=BR"
"amazonas fc","1 mil+","29 de agosto de 2026 a las 17:10:00 UTC-3","29 de agosto de 2026 a las 20:40:00 UTC-3","amazonas fc","./explore?q=amazonas%20fc&geo=BR"
"advogado gustavo moris","1 mil+","28 de agosto de 2026 a las 20:40:00 UTC-3","29 de agosto de 2026 a las 4:00:00 UTC-3","advogado gustavo moris","./explore?q=advogado%20gustavo%20moris&geo=BR"
"galaxy book 6","2 mil+","26 de agosto de 2026 a las 12:10:00 UTC-3","27 de agosto de 2026 a las 10:50:00 UTC-3","galaxy book 6","./explore?q=galaxy%20book%206&geo=BR"
"dia do bancario","2 mil+","28 de agosto de 2026 a las 7:50:00 UTC-3","28 de agosto de 2026 a las 14:50:00 UTC-3","dia do bancario,dia do bancário","./explore?q=dia%20do%20bancario&geo=BR"
"gisela robledo","2 mil+","25 de agosto de 2026 a las 19:30:00 UTC-3","26 de agosto de 2026 a las 8:30:00 UTC-3","gisela robledo","./explore?q=gisela%20robledo&geo=BR"
"rafa kalimann","200+","30 de agosto de 2026 a las 23:50:00 UTC-3","31 de agosto de 2026 a las 1:00:00 UTC-3","rafa kalimann","./explore?q=rafa%20kalimann&geo=BR"
"jaguares de córdoba x américa de cali","1 mil+","29 de agosto de 2026 a las 18:00:00 UTC-3","29 de agosto de 2026 a las 21:20:00 UTC-3","jaguares de córdoba x américa de cali,america de cali","./explore?q=jaguares%20de%20c%C3%B3rdoba%20x%20am%C3%A9rica%20de%20cali&geo=BR"
"lanus","5 mil+","24 de agosto de 2026 a las 20:50:00 UTC-3","25 de agosto de 2026 a las 7:40:00 UTC-3","lanus,lanús","./explore?q=lanus&geo=BR"
"senac","10 mil+","24 de agosto de 2026 a las 14:10:00 UTC-3","24 de agosto de 2026 a las 20:10:00 UTC-3","senac","./explore?q=senac&geo=BR"
"2026","5 mil+","26 de agosto de 2026 a las 7:10:00 UTC-3","26 de agosto de 2026 a las 12:50:00 UTC-3","2026","./explore?q=2026&geo=BR"
"tiempo mañana","2 mil+","29 de agosto de 2026 a las 20:50:00 UTC-3","29 de agosto de 2026 a las 23:10:00 UTC-3","tiempo mañana","./explore?q=tiempo%20ma%C3%B1ana&geo=BR"
"vozinha","1 mil+","29 de agosto de 2026 a las 5:50:00 UTC-3","29 de agosto de 2026 a las 14:50:00 UTC-3","vozinha,colo colo x","./explore?q=vozinha&geo=BR"
"deportivo riestra x vélez sársfield","1 mil+","29 de agosto de 2026 a las 14:20:00 UTC-3","29 de agosto de 2026 a las 17:40:00 UTC-3","deportivo riestra x vélez sársfield","./explore?q=deportivo%20riestra%20x%20v%C3%A9lez%20s%C3%A1rsfield&geo=BR"
"scuderia bandeiras","2 mil+","25 de agosto de 2026 a las 18:10:00 UTC-3","26 de agosto de 2026 a las 8:50:00 UTC-3","scuderia bandeiras,rubens barrichello","./explore?q=scuderia%20bandeiras&geo=BR"
"26 de agosto","2 mil+","26 de agosto de 2026 a las 6:50:00 UTC-3","27 de agosto de 2026 a las 7:50:00 UTC-3","26 de agosto","./explore?q=26%20de%20agosto&geo=BR"
"météo demain","500+","30 de agosto de 2026 a las 20:50:00 UTC-3","30 de agosto de 2026 a las 22:30:00 UTC-3","météo demain","./explore?q=m%C3%A9t%C3%A9o%20demain&geo=BR"
"nathalia dill","1 mil+","28 de agosto de 2026 a las 12:50:00 UTC-3","28 de agosto de 2026 a las 21:40:00 UTC-3","nathalia dill","./explore?q=nathalia%20dill&geo=BR"
"previsão do tempo foz do iguaçu","100+","31 de agosto de 2026 a las 6:30:00 UTC-3","31 de agosto de 2026 a las 7:40:00 UTC-3","previsão do tempo foz do iguaçu","./explore?q=previs%C3%A3o%20do%20tempo%20foz%20do%20igua%C3%A7u&geo=BR"
"lula flávio bolsonaro","5 mil+","26 de agosto de 2026 a las 18:30:00 UTC-3","27 de agosto de 2026 a las 7:00:00 UTC-3","lula flávio bolsonaro","./explore?q=lula%20fl%C3%A1vio%20bolsonaro&geo=BR"
"álvaro barreal","500+","30 de agosto de 2026 a las 16:10:00 UTC-3","30 de agosto de 2026 a las 17:30:00 UTC-3","álvaro barreal","./explore?q=%C3%A1lvaro%20barreal&geo=BR"
"seattle sounders x chicago fire","1 mil+","29 de agosto de 2026 a las 17:10:00 UTC-3","29 de agosto de 2026 a las 20:50:00 UTC-3","seattle sounders x chicago fire","./explore?q=seattle%20sounders%20x%20chicago%20fire&geo=BR"
"zoe saldana","500+","30 de agosto de 2026 a las 14:20:00 UTC-3","30 de agosto de 2026 a las 15:30:00 UTC-3","zoe saldana","./explore?q=zoe%20saldana&geo=BR"
"lamine yamal","5 mil+","27 de agosto de 2026 a las 18:00:00 UTC-3","27 de agosto de 2026 a las 20:40:00 UTC-3","lamine yamal,fc barcelona vs athletic bilbao standings,adeyemi","./explore?q=lamine%20yamal&geo=BR"
"apple iphone 18 pro","5 mil+","24 de agosto de 2026 a las 17:50:00 UTC-3","25 de agosto de 2026 a las 5:10:00 UTC-3","apple iphone 18 pro,iphone 18 pro","./explore?q=apple%20iphone%2018%20pro&geo=BR"
"urna eletrônica","1 mil+","28 de agosto de 2026 a las 20:40:00 UTC-3","29 de agosto de 2026 a las 11:40:00 UTC-3","urna eletrônica","./explore?q=urna%20eletr%C3%B4nica&geo=BR"
"previsão do tempo belo horizonte","5 mil+","27 de agosto de 2026 a las 6:10:00 UTC-3","27 de agosto de 2026 a las 11:20:00 UTC-3","previsão do tempo belo horizonte,previsão do tempo bh,tempo bh,previsao do tempo bh,tempo belo horizonte,clima bh","./explore?q=previs%C3%A3o%20do%20tempo%20belo%20horizonte&geo=BR"
"lívia andrade","500+","30 de agosto de 2026 a las 18:10:00 UTC-3","30 de agosto de 2026 a las 19:20:00 UTC-3","lívia andrade","./explore?q=l%C3%ADvia%20andrade&geo=BR"
"bayern x","2 mil+","28 de agosto de 2026 a las 15:40:00 UTC-3","28 de agosto de 2026 a las 18:40:00 UTC-3","bayern x,jogo do bayern de munique","./explore?q=bayern%20x&geo=BR"
"rangers","500+","30 de agosto de 2026 a las 8:30:00 UTC-3","30 de agosto de 2026 a las 10:50:00 UTC-3","rangers","./explore?q=rangers&geo=BR"
"conceição do coité","200+","30 de agosto de 2026 a las 20:30:00 UTC-3","30 de agosto de 2026 a las 22:10:00 UTC-3","conceição do coité","./explore?q=concei%C3%A7%C3%A3o%20do%20coit%C3%A9&geo=BR"
"soldado","5 mil+","25 de agosto de 2026 a las 7:40:00 UTC-3","25 de agosto de 2026 a las 20:00:00 UTC-3","soldado,dia do soldado 2026,25 de agosto dia do soldado","./explore?q=soldado&geo=BR"
"leão","2 mil+","26 de agosto de 2026 a las 18:50:00 UTC-3","27 de agosto de 2026 a las 9:10:00 UTC-3","leão","./explore?q=le%C3%A3o&geo=BR"
"renda fixa","1 mil+","28 de agosto de 2026 a las 17:50:00 UTC-3","29 de agosto de 2026 a las 9:30:00 UTC-3","renda fixa","./explore?q=renda%20fixa&geo=BR"
"jogo do psg","2 mil+","28 de agosto de 2026 a las 16:20:00 UTC-3","28 de agosto de 2026 a las 19:40:00 UTC-3","jogo do psg","./explore?q=jogo%20do%20psg&geo=BR"
"liverpool fc","1 mil+","29 de agosto de 2026 a las 8:10:00 UTC-3","29 de agosto de 2026 a las 11:50:00 UTC-3","liverpool fc","./explore?q=liverpool%20fc&geo=BR"
"internazionale","500+","30 de agosto de 2026 a las 16:20:00 UTC-3","30 de agosto de 2026 a las 18:20:00 UTC-3","internazionale","./explore?q=internazionale&geo=BR"
"o diabo veste prada 2","2 mil+","25 de agosto de 2026 a las 14:30:00 UTC-3","25 de agosto de 2026 a las 23:50:00 UTC-3","o diabo veste prada 2","./explore?q=o%20diabo%20veste%20prada%202&geo=BR"
"dcj doença","200+","30 de agosto de 2026 a las 20:50:00 UTC-3","30 de agosto de 2026 a las 22:00:00 UTC-3","dcj doença","./explore?q=dcj%20doen%C3%A7a&geo=BR"
"dario durigan","10 mil+","25 de agosto de 2026 a las 13:30:00 UTC-3","25 de agosto de 2026 a las 20:50:00 UTC-3","dario durigan,salário,salário mínimo 2026,salário mínimo,salário mínimo 2027,qual o valor do salário mínimo","./explore?q=dario%20durigan&geo=BR"
"cfmoto","2 mil+","27 de agosto de 2026 a las 14:10:00 UTC-3","28 de agosto de 2026 a las 8:30:00 UTC-3","cfmoto","./explore?q=cfmoto&geo=BR"
"previsão do tempo guarapuava","100+","31 de agosto de 2026 a las 6:50:00 UTC-3","31 de agosto de 2026 a las 7:50:00 UTC-3","previsão do tempo guarapuava","./explore?q=previs%C3%A3o%20do%20tempo%20guarapuava&geo=BR"
"angélica","2 mil+","24 de agosto de 2026 a las 19:20:00 UTC-3","25 de agosto de 2026 a las 16:20:00 UTC-3","angélica","./explore?q=ang%C3%A9lica&geo=BR"
"whatsapp whatsapp","200+","31 de agosto de 2026 a las 8:10:00 UTC-3","31 de agosto de 2026 a las 8:50:00 UTC-3","whatsapp whatsapp","./explore?q=whatsapp%20whatsapp&geo=BR"
"eduardo cunha","2 mil+","27 de agosto de 2026 a las 11:10:00 UTC-3","28 de agosto de 2026 a las 9:00:00 UTC-3","eduardo cunha","./explore?q=eduardo%20cunha&geo=BR"
"lotomania 2969","2 mil+","28 de agosto de 2026 a las 21:50:00 UTC-3","29 de agosto de 2026 a las 11:20:00 UTC-3","lotomania 2969,lotomania 2968,resultado da lotomania concurso 2969","./explore?q=lotomania%202969&geo=BR"
"tolima","5 mil+","25 de agosto de 2026 a las 21:40:00 UTC-3","26 de agosto de 2026 a las 7:20:00 UTC-3","tolima,campeonato colombiano","./explore?q=tolima&geo=BR"
"netvasco","200+","31 de agosto de 2026 a las 7:30:00 UTC-3","31 de agosto de 2026 a las 8:00:00 UTC-3","netvasco","./explore?q=netvasco&geo=BR"
"fiel torcedor","5 mil+","26 de agosto de 2026 a las 18:50:00 UTC-3","26 de agosto de 2026 a las 21:30:00 UTC-3","fiel torcedor,fiel torcedor ingressos,ingressos corinthians","./explore?q=fiel%20torcedor&geo=BR"
"monica benini","2 mil+","25 de agosto de 2026 a las 19:20:00 UTC-3","26 de agosto de 2026 a las 9:30:00 UTC-3","monica benini","./explore?q=monica%20benini&geo=BR"
"red dead redemption 2","2 mil+","24 de agosto de 2026 a las 21:00:00 UTC-3","26 de agosto de 2026 a las 8:20:00 UTC-3","red dead redemption 2","./explore?q=red%20dead%20redemption%202&geo=BR"
"fulham","2 mil+","27 de agosto de 2026 a las 15:50:00 UTC-3","27 de agosto de 2026 a las 19:20:00 UTC-3","fulham","./explore?q=fulham&geo=BR"
"camilo santana","2 mil+","27 de agosto de 2026 a las 22:50:00 UTC-3","28 de agosto de 2026 a las 14:00:00 UTC-3","camilo santana,ciro gomes","./explore?q=camilo%20santana&geo=BR"
"maitê proença","2 mil+","25 de agosto de 2026 a las 9:20:00 UTC-3","25 de agosto de 2026 a las 22:20:00 UTC-3","maitê proença","./explore?q=mait%C3%AA%20proen%C3%A7a&geo=BR"
"como 1907","500+","30 de agosto de 2026 a las 14:10:00 UTC-3","30 de agosto de 2026 a las 16:20:00 UTC-3","como 1907","./explore?q=como%201907&geo=BR"
"alison dos santos","2 mil+","27 de agosto de 2026 a las 17:00:00 UTC-3","28 de agosto de 2026 a las 8:50:00 UTC-3","alison dos santos","./explore?q=alison%20dos%20santos&geo=BR"
"prefeito","500+","30 de agosto de 2026 a las 8:50:00 UTC-3","30 de agosto de 2026 a las 11:20:00 UTC-3","prefeito,vice-prefeito","./explore?q=prefeito&geo=BR"
"aeronave","1 mil+","29 de agosto de 2026 a las 8:10:00 UTC-3","29 de agosto de 2026 a las 14:00:00 UTC-3","aeronave","./explore?q=aeronave&geo=BR"
"liga conferência","2 mil+","27 de agosto de 2026 a las 14:00:00 UTC-3","27 de agosto de 2026 a las 19:30:00 UTC-3","liga conferência","./explore?q=liga%20confer%C3%AAncia&geo=BR"
"sertanejo","2 mil+","25 de agosto de 2026 a las 1:20:00 UTC-3","25 de agosto de 2026 a las 12:10:00 UTC-3","sertanejo,dupla sertaneja","./explore?q=sertanejo&geo=BR"
"isaquias queiroz","1 mil+","29 de agosto de 2026 a las 11:10:00 UTC-3","30 de agosto de 2026 a las 1:00:00 UTC-3","isaquias queiroz","./explore?q=isaquias%20queiroz&geo=BR"
"mariana ximenes","5 mil+","27 de agosto de 2026 a las 21:50:00 UTC-3","27 de agosto de 2026 a las 23:40:00 UTC-3","mariana ximenes,henrique barreira,andre quem ama cuida","./explore?q=mariana%20ximenes&geo=BR"
"ollie watkins","2 mil+","27 de agosto de 2026 a las 10:30:00 UTC-3","27 de agosto de 2026 a las 19:00:00 UTC-3","ollie watkins","./explore?q=ollie%20watkins&geo=BR"
"mmorpg","1 mil+","29 de agosto de 2026 a las 16:00:00 UTC-3","29 de agosto de 2026 a las 19:40:00 UTC-3","mmorpg","./explore?q=mmorpg&geo=BR"
"dia do gamer","500+","29 de agosto de 2026 a las 10:20:00 UTC-3","29 de agosto de 2026 a las 19:40:00 UTC-3","dia do gamer","./explore?q=dia%20do%20gamer&geo=BR"
"criptomoeda","1 mil+","30 de agosto de 2026 a las 18:00:00 UTC-3","30 de agosto de 2026 a las 19:40:00 UTC-3","criptomoeda,binance","./explore?q=criptomoeda&geo=BR"
"polícia rodoviária","2 mil+","27 de agosto de 2026 a las 15:40:00 UTC-3","27 de agosto de 2026 a las 21:50:00 UTC-3","polícia rodoviária","./explore?q=pol%C3%ADcia%20rodovi%C3%A1ria&geo=BR"
"unión de santa fe x sarmiento","2 mil+","28 de agosto de 2026 a las 18:40:00 UTC-3","28 de agosto de 2026 a las 21:40:00 UTC-3","unión de santa fe x sarmiento,union santa fe","./explore?q=uni%C3%B3n%20de%20santa%20fe%20x%20sarmiento&geo=BR"
"reacher s4e5","2 mil+","26 de agosto de 2026 a las 15:30:00 UTC-3","27 de agosto de 2026 a las 7:20:00 UTC-3","reacher s4e5","./explore?q=reacher%20s4e5&geo=BR"
"harry potter cinema","200+","30 de agosto de 2026 a las 22:30:00 UTC-3","31 de agosto de 2026 a las 1:10:00 UTC-3","harry potter cinema","./explore?q=harry%20potter%20cinema&geo=BR"
"dani calabresa","500+","30 de agosto de 2026 a las 14:30:00 UTC-3","30 de agosto de 2026 a las 16:00:00 UTC-3","dani calabresa","./explore?q=dani%20calabresa&geo=BR"
"bayer","2 mil+","28 de agosto de 2026 a las 15:30:00 UTC-3","28 de agosto de 2026 a las 18:50:00 UTC-3","bayer","./explore?q=bayer&geo=BR"
"superior tribunal militar","500+","30 de agosto de 2026 a las 12:30:00 UTC-3","30 de agosto de 2026 a las 14:40:00 UTC-3","superior tribunal militar","./explore?q=superior%20tribunal%20militar&geo=BR"
"paris saint-germain football club","1 mil+","29 de agosto de 2026 a las 12:30:00 UTC-3","29 de agosto de 2026 a las 15:50:00 UTC-3","paris saint-germain football club","./explore?q=paris%20saint-germain%20football%20club&geo=BR"
"luana lopes lara","1 mil+","28 de agosto de 2026 a las 15:20:00 UTC-3","29 de agosto de 2026 a las 6:10:00 UTC-3","luana lopes lara","./explore?q=luana%20lopes%20lara&geo=BR"
"exame nacional para certificação de competências de jovens e adultos","5 mil+","25 de agosto de 2026 a las 14:40:00 UTC-3","26 de agosto de 2026 a las 7:20:00 UTC-3","exame nacional para certificação de competências de jovens e adultos","./explore?q=exame%20nacional%20para%20certifica%C3%A7%C3%A3o%20de%20compet%C3%AAncias%20de%20jovens%20e%20adultos&geo=BR"
"ensaios da anitta 2027","500+","30 de agosto de 2026 a las 13:10:00 UTC-3","30 de agosto de 2026 a las 15:30:00 UTC-3","ensaios da anitta 2027","./explore?q=ensaios%20da%20anitta%202027&geo=BR"
"ivete sangalo","2 mil+","30 de agosto de 2026 a las 15:00:00 UTC-3","30 de agosto de 2026 a las 15:30:00 UTC-3","ivete sangalo,eliana","./explore?q=ivete%20sangalo&geo=BR"
"aeroporto internacional de campo grande","200+","30 de agosto de 2026 a las 19:40:00 UTC-3","30 de agosto de 2026 a las 21:10:00 UTC-3","aeroporto internacional de campo grande","./explore?q=aeroporto%20internacional%20de%20campo%20grande&geo=BR"
"livinho","200+","30 de agosto de 2026 a las 19:40:00 UTC-3","30 de agosto de 2026 a las 20:50:00 UTC-3","livinho","./explore?q=livinho&geo=BR"
"italia serie a","200+","30 de agosto de 2026 a las 14:00:00 UTC-3","30 de agosto de 2026 a las 16:10:00 UTC-3","italia serie a","./explore?q=italia%20serie%20a&geo=BR"
"monterrey x chicago fire","2 mil+","25 de agosto de 2026 a las 21:00:00 UTC-3","26 de agosto de 2026 a las 7:40:00 UTC-3","monterrey x chicago fire","./explore?q=monterrey%20x%20chicago%20fire&geo=BR"
"liverpool vs nottm forest","2 mil+","29 de agosto de 2026 a las 8:20:00 UTC-3","29 de agosto de 2026 a las 11:30:00 UTC-3","liverpool vs nottm forest,dan ndoye,nottingham forest football club,2","./explore?q=liverpool%20vs%20nottm%20forest&geo=BR"
"lourdes melo","500+","29 de agosto de 2026 a las 21:40:00 UTC-3","30 de agosto de 2026 a las 9:10:00 UTC-3","lourdes melo","./explore?q=lourdes%20melo&geo=BR"
"nubank parque","2 mil+","26 de agosto de 2026 a las 16:00:00 UTC-3","27 de agosto de 2026 a las 0:30:00 UTC-3","nubank parque","./explore?q=nubank%20parque&geo=BR"
"larva","2 mil+","24 de agosto de 2026 a las 19:10:00 UTC-3","25 de agosto de 2026 a las 8:50:00 UTC-3","larva","./explore?q=larva&geo=BR"
"enzo fernandez","1 mil+","30 de agosto de 2026 a las 10:00:00 UTC-3","30 de agosto de 2026 a las 12:30:00 UTC-3","enzo fernandez,enzo fernández","./explore?q=enzo%20fernandez&geo=BR"
"fernando libonati","2 mil+","24 de agosto de 2026 a las 19:30:00 UTC-3","25 de agosto de 2026 a las 12:50:00 UTC-3","fernando libonati,marco nanini","./explore?q=fernando%20libonati&geo=BR"
"minha vida com a família walter","1 mil+","29 de agosto de 2026 a las 15:20:00 UTC-3","29 de agosto de 2026 a las 18:40:00 UTC-3","minha vida com a família walter","./explore?q=minha%20vida%20com%20a%20fam%C3%ADlia%20walter&geo=BR"
"aubameyang","500+","30 de agosto de 2026 a las 14:40:00 UTC-3","30 de agosto de 2026 a las 16:10:00 UTC-3","aubameyang,pierre-emerick aubameyang","./explore?q=aubameyang&geo=BR"
"lask x celtic","5 mil+","25 de agosto de 2026 a las 15:10:00 UTC-3","25 de agosto de 2026 a las 20:50:00 UTC-3","lask x celtic,celtic x","./explore?q=lask%20x%20celtic&geo=BR"
"ana de armas","500+","30 de agosto de 2026 a las 2:10:00 UTC-3","30 de agosto de 2026 a las 4:50:00 UTC-3","ana de armas","./explore?q=ana%20de%20armas&geo=BR"
"congestionamento","200+","30 de agosto de 2026 a las 16:50:00 UTC-3","30 de agosto de 2026 a las 18:20:00 UTC-3","congestionamento","./explore?q=congestionamento&geo=BR"
"psg fc","2 mil+","28 de agosto de 2026 a las 16:20:00 UTC-3","28 de agosto de 2026 a las 19:30:00 UTC-3","psg fc,olivier giroud,hákon arnar haraldsson,maghnes akliouche,psg vs,giroud","./explore?q=psg%20fc&geo=BR"
"gustavo scarpa","500+","30 de agosto de 2026 a las 8:30:00 UTC-3","30 de agosto de 2026 a las 10:20:00 UTC-3","gustavo scarpa","./explore?q=gustavo%20scarpa&geo=BR"
"necaxa x cruz azul","1 mil+","28 de agosto de 2026 a las 21:20:00 UTC-3","29 de agosto de 2026 a las 1:00:00 UTC-3","necaxa x cruz azul","./explore?q=necaxa%20x%20cruz%20azul&geo=BR"
"avenida dante michelini","200+","30 de agosto de 2026 a las 19:50:00 UTC-3","30 de agosto de 2026 a las 21:40:00 UTC-3","avenida dante michelini","./explore?q=avenida%20dante%20michelini&geo=BR"
"globoplay","10 mil+","25 de agosto de 2026 a las 20:50:00 UTC-3","25 de agosto de 2026 a las 23:10:00 UTC-3","globoplay,globo play","./explore?q=globoplay&geo=BR"
"espancamento","2 mil+","26 de agosto de 2026 a las 9:40:00 UTC-3","26 de agosto de 2026 a las 14:40:00 UTC-3","espancamento","./explore?q=espancamento&geo=BR"
"club técnico universitario x deportivo cuenca","1 mil+","28 de agosto de 2026 a las 20:10:00 UTC-3","29 de agosto de 2026 a las 0:00:00 UTC-3","club técnico universitario x deportivo cuenca","./explore?q=club%20t%C3%A9cnico%20universitario%20x%20deportivo%20cuenca&geo=BR"
"mãe","1 mil+","29 de agosto de 2026 a las 19:40:00 UTC-3","29 de agosto de 2026 a las 21:20:00 UTC-3","mãe","./explore?q=m%C3%A3e&geo=BR"
"pam pam pam","1 mil+","28 de agosto de 2026 a las 15:10:00 UTC-3","28 de agosto de 2026 a las 20:00:00 UTC-3","pam pam pam","./explore?q=pam%20pam%20pam&geo=BR"
"weather tomorrow","2 mil+","29 de agosto de 2026 a las 20:40:00 UTC-3","29 de agosto de 2026 a las 22:30:00 UTC-3","weather tomorrow","./explore?q=weather%20tomorrow&geo=BR"
"defensor x torque","1 mil+","29 de agosto de 2026 a las 16:40:00 UTC-3","29 de agosto de 2026 a las 19:30:00 UTC-3","defensor x torque","./explore?q=defensor%20x%20torque&geo=BR"
"otaviano costa","1 mil+","30 de agosto de 2026 a las 20:30:00 UTC-3","30 de agosto de 2026 a las 21:00:00 UTC-3","otaviano costa","./explore?q=otaviano%20costa&geo=BR"
"previsão do tempo atibaia","100+","31 de agosto de 2026 a las 6:30:00 UTC-3","31 de agosto de 2026 a las 7:10:00 UTC-3","previsão do tempo atibaia","./explore?q=previs%C3%A3o%20do%20tempo%20atibaia&geo=BR"
"all nassr","1 mil+","28 de agosto de 2026 a las 15:20:00 UTC-3","28 de agosto de 2026 a las 18:40:00 UTC-3","all nassr","./explore?q=all%20nassr&geo=BR"
"jogo do sport","5 mil+","24 de agosto de 2026 a las 19:30:00 UTC-3","25 de agosto de 2026 a las 5:40:00 UTC-3","jogo do sport,patrick de paula,jogo do sport hoje,jogador patrick de paula","./explore?q=jogo%20do%20sport&geo=BR"
"jbs","1 mil+","28 de agosto de 2026 a las 16:20:00 UTC-3","28 de agosto de 2026 a las 22:10:00 UTC-3","jbs,carne","./explore?q=jbs&geo=BR"
"wanessa camargo","2 mil+","25 de agosto de 2026 a las 18:00:00 UTC-3","26 de agosto de 2026 a las 8:40:00 UTC-3","wanessa camargo","./explore?q=wanessa%20camargo&geo=BR"
"nathalia dill","1 mil+","29 de agosto de 2026 a las 13:50:00 UTC-3","29 de agosto de 2026 a las 18:10:00 UTC-3","nathalia dill","./explore?q=nathalia%20dill&geo=BR"
"sportivo trinidense x 2 de mayo","500+","29 de agosto de 2026 a las 15:40:00 UTC-3","29 de agosto de 2026 a las 18:50:00 UTC-3","sportivo trinidense x 2 de mayo","./explore?q=sportivo%20trinidense%20x%202%20de%20mayo&geo=BR"
"estrelas da casa","10 mil+","25 de agosto de 2026 a las 22:30:00 UTC-3","26 de agosto de 2026 a las 3:00:00 UTC-3","estrelas da casa,programação globo,bruno gadiol,programacao globo,anitta,estrela da casa,programação da globo","./explore?q=estrelas%20da%20casa&geo=BR"
"mickey 17","500+","29 de agosto de 2026 a las 20:50:00 UTC-3","30 de agosto de 2026 a las 1:40:00 UTC-3","mickey 17","./explore?q=mickey%2017&geo=BR"
"gran hermano","500+","29 de agosto de 2026 a las 6:10:00 UTC-3","29 de agosto de 2026 a las 11:30:00 UTC-3","gran hermano","./explore?q=gran%20hermano&geo=BR"
"st pauli kaiserslautern 30/08/2026","500+","30 de agosto de 2026 a las 9:00:00 UTC-3","30 de agosto de 2026 a las 10:50:00 UTC-3","st pauli kaiserslautern 30/08/2026,st pauli","./explore?q=st%20pauli%20kaiserslautern%2030%2F08%2F2026&geo=BR"
"anthony garotinho","1 mil+","29 de agosto de 2026 a las 8:10:00 UTC-3","29 de agosto de 2026 a las 12:40:00 UTC-3","anthony garotinho,governador","./explore?q=anthony%20garotinho&geo=BR"
"previsão do tempo maringa","100+","31 de agosto de 2026 a las 6:20:00 UTC-3","31 de agosto de 2026 a las 7:10:00 UTC-3","previsão do tempo maringa","./explore?q=previs%C3%A3o%20do%20tempo%20maringa&geo=BR"
"estudiantes barracas central 27/08/2026","2 mil+","27 de agosto de 2026 a las 19:00:00 UTC-3","27 de agosto de 2026 a las 22:10:00 UTC-3","estudiantes barracas central 27/08/2026","./explore?q=estudiantes%20barracas%20central%2027%2F08%2F2026&geo=BR"
"br-116","5 mil+","25 de agosto de 2026 a las 5:30:00 UTC-3","25 de agosto de 2026 a las 19:40:00 UTC-3","br-116","./explore?q=br-116&geo=BR"
"al-riyadh x neom","2 mil+","28 de agosto de 2026 a las 12:20:00 UTC-3","28 de agosto de 2026 a las 15:50:00 UTC-3","al-riyadh x neom,liga saudita","./explore?q=al-riyadh%20x%20neom&geo=BR"
"al-ittihad x al hazm","5 mil+","24 de agosto de 2026 a las 14:20:00 UTC-3","24 de agosto de 2026 a las 19:30:00 UTC-3","al-ittihad x al hazm,al ittihad","./explore?q=al-ittihad%20x%20al%20hazm&geo=BR"
"milan fc","1 mil+","28 de agosto de 2026 a las 15:50:00 UTC-3","28 de agosto de 2026 a las 19:10:00 UTC-3","milan fc","./explore?q=milan%20fc&geo=BR"
"wrexham x birmingham","1 mil+","28 de agosto de 2026 a las 16:00:00 UTC-3","28 de agosto de 2026 a las 19:50:00 UTC-3","wrexham x birmingham","./explore?q=wrexham%20x%20birmingham&geo=BR"
"alan lescano","500+","30 de agosto de 2026 a las 22:10:00 UTC-3","31 de agosto de 2026 a las 0:30:00 UTC-3","alan lescano","./explore?q=alan%20lescano&geo=BR"
"keny arroyo","5 mil+","25 de agosto de 2026 a las 22:10:00 UTC-3","26 de agosto de 2026 a las 7:00:00 UTC-3","keny arroyo","./explore?q=keny%20arroyo&geo=BR"
"as monaco","200+","30 de agosto de 2026 a las 17:00:00 UTC-3","30 de agosto de 2026 a las 18:40:00 UTC-3","as monaco","./explore?q=as%20monaco&geo=BR"
"al ahli","1 mil+","29 de agosto de 2026 a las 13:20:00 UTC-3","29 de agosto de 2026 a las 15:50:00 UTC-3","al ahli","./explore?q=al%20ahli&geo=BR"
"2","100+","31 de agosto de 2026 a las 2:40:00 UTC-3","31 de agosto de 2026 a las 4:40:00 UTC-3","2","./explore?q=2&geo=BR"
"lilly","2 mil+","24 de agosto de 2026 a las 13:50:00 UTC-3","25 de agosto de 2026 a las 7:40:00 UTC-3","lilly","./explore?q=lilly&geo=BR"
"palmeiras x bragantino","2 mil+","26 de agosto de 2026 a las 21:20:00 UTC-3","27 de agosto de 2026 a las 7:20:00 UTC-3","palmeiras x bragantino,palmeiras feminino","./explore?q=palmeiras%20x%20bragantino&geo=BR"
"borussia x","1 mil+","29 de agosto de 2026 a las 13:10:00 UTC-3","29 de agosto de 2026 a las 16:30:00 UTC-3","borussia x,jogo do borussia dortmund,hamburgo fc","./explore?q=borussia%20x&geo=BR"
"futbol club barcelona","500+","30 de agosto de 2026 a las 12:10:00 UTC-3","30 de agosto de 2026 a las 13:30:00 UTC-3","futbol club barcelona","./explore?q=futbol%20club%20barcelona&geo=BR"
"sandra annenberg","1 mil+","27 de agosto de 2026 a las 19:50:00 UTC-3","28 de agosto de 2026 a las 7:40:00 UTC-3","sandra annenberg","./explore?q=sandra%20annenberg&geo=BR"
"sim","500+","30 de agosto de 2026 a las 11:00:00 UTC-3","30 de agosto de 2026 a las 12:30:00 UTC-3","sim","./explore?q=sim&geo=BR"
"departamento de trânsito do distrito federal","2 mil+","25 de agosto de 2026 a las 14:00:00 UTC-3","25 de agosto de 2026 a las 20:10:00 UTC-3","departamento de trânsito do distrito federal","./explore?q=departamento%20de%20tr%C3%A2nsito%20do%20distrito%20federal&geo=BR"
"economia","500+","29 de agosto de 2026 a las 12:50:00 UTC-3","29 de agosto de 2026 a las 15:50:00 UTC-3","economia","./explore?q=economia&geo=BR"
"resultado da federal de hoje 30 08","500+","30 de agosto de 2026 a las 13:30:00 UTC-3","30 de agosto de 2026 a las 18:00:00 UTC-3","resultado da federal de hoje 30 08,loteria","./explore?q=resultado%20da%20federal%20de%20hoje%2030%2008&geo=BR"
"mariana ximenes","2 mil+","28 de agosto de 2026 a las 22:30:00 UTC-3","29 de agosto de 2026 a las 13:00:00 UTC-3","mariana ximenes","./explore?q=mariana%20ximenes&geo=BR"
"fábio luís lula da silva","5 mil+","25 de agosto de 2026 a las 17:40:00 UTC-3","25 de agosto de 2026 a las 20:20:00 UTC-3","fábio luís lula da silva","./explore?q=f%C3%A1bio%20lu%C3%ADs%20lula%20da%20silva&geo=BR"
"union berlin x eintracht","1 mil+","29 de agosto de 2026 a las 10:10:00 UTC-3","29 de agosto de 2026 a las 13:30:00 UTC-3","union berlin x eintracht","./explore?q=union%20berlin%20x%20eintracht&geo=BR"
"jogo de xbox","1 mil+","28 de agosto de 2026 a las 7:10:00 UTC-3","28 de agosto de 2026 a las 19:40:00 UTC-3","jogo de xbox","./explore?q=jogo%20de%20xbox&geo=BR"
"ponte anita garibaldi","1 mil+","27 de agosto de 2026 a las 6:30:00 UTC-3","27 de agosto de 2026 a las 14:20:00 UTC-3","ponte anita garibaldi","./explore?q=ponte%20anita%20garibaldi&geo=BR"
"vingadores ultimato encore","2 mil+","25 de agosto de 2026 a las 14:40:00 UTC-3","26 de agosto de 2026 a las 13:40:00 UTC-3","vingadores ultimato encore,vingadores,vingadores ultimato","./explore?q=vingadores%20ultimato%20encore&geo=BR"
"gorjeta","500+","29 de agosto de 2026 a las 18:50:00 UTC-3","29 de agosto de 2026 a las 22:40:00 UTC-3","gorjeta","./explore?q=gorjeta&geo=BR"
"ac milan","1 mil+","28 de agosto de 2026 a las 15:50:00 UTC-3","28 de agosto de 2026 a las 19:20:00 UTC-3","ac milan","./explore?q=ac%20milan&geo=BR"
"marginal tietê","1 mil+","29 de agosto de 2026 a las 17:30:00 UTC-3","29 de agosto de 2026 a las 20:20:00 UTC-3","marginal tietê,assalto","./explore?q=marginal%20tiet%C3%AA&geo=BR"
"cruzeiro fc","2 mil+","25 de agosto de 2026 a las 20:50:00 UTC-3","26 de agosto de 2026 a las 7:40:00 UTC-3","cruzeiro fc","./explore?q=cruzeiro%20fc&geo=BR"
"tijuana x pumas","1 mil+","28 de agosto de 2026 a las 23:30:00 UTC-3","29 de agosto de 2026 a las 3:10:00 UTC-3","tijuana x pumas","./explore?q=tijuana%20x%20pumas&geo=BR"
"elversberg","1 mil+","29 de agosto de 2026 a las 10:30:00 UTC-3","29 de agosto de 2026 a las 13:00:00 UTC-3","elversberg,bayern leverkusen","./explore?q=elversberg&geo=BR"
"nota de falecimento","1 mil+","27 de agosto de 2026 a las 16:30:00 UTC-3","28 de agosto de 2026 a las 17:10:00 UTC-3","nota de falecimento","./explore?q=nota%20de%20falecimento&geo=BR"
"valencia fc","5 mil+","25 de agosto de 2026 a las 15:40:00 UTC-3","25 de agosto de 2026 a las 19:30:00 UTC-3","valencia fc,malaga fc,gol","./explore?q=valencia%20fc&geo=BR"
"alfonso herrero","200+","30 de agosto de 2026 a las 12:50:00 UTC-3","30 de agosto de 2026 a las 14:30:00 UTC-3","alfonso herrero","./explore?q=alfonso%20herrero&geo=BR"
"itaquaquecetuba","200+","30 de agosto de 2026 a las 9:20:00 UTC-3","30 de agosto de 2026 a las 14:00:00 UTC-3","itaquaquecetuba","./explore?q=itaquaquecetuba&geo=BR"
"filme batismo de sangue","500+","29 de agosto de 2026 a las 23:30:00 UTC-3","30 de agosto de 2026 a las 1:40:00 UTC-3","filme batismo de sangue,batismo de sangue filme","./explore?q=filme%20batismo%20de%20sangue&geo=BR"
"sérgio goldsztein","200+","30 de agosto de 2026 a las 18:00:00 UTC-3","30 de agosto de 2026 a las 19:30:00 UTC-3","sérgio goldsztein","./explore?q=s%C3%A9rgio%20goldsztein&geo=BR"
"julio enciso","500+","30 de agosto de 2026 a las 13:00:00 UTC-3","30 de agosto de 2026 a las 14:50:00 UTC-3","julio enciso,charalampos kostoulas","./explore?q=julio%20enciso&geo=BR"
"lioness o exército de idiotas úteis","200+","30 de agosto de 2026 a las 19:10:00 UTC-3","30 de agosto de 2026 a las 20:40:00 UTC-3","lioness o exército de idiotas úteis","./explore?q=lioness%20o%20ex%C3%A9rcito%20de%20idiotas%20%C3%BAteis&geo=BR"
"vinicius júnior","5 mil+","26 de agosto de 2026 a las 17:50:00 UTC-3","26 de agosto de 2026 a las 20:10:00 UTC-3","vinicius júnior,vini jr","./explore?q=vinicius%20j%C3%BAnior&geo=BR"
"futebol ao vivo","2 mil+","30 de agosto de 2026 a las 16:30:00 UTC-3","30 de agosto de 2026 a las 17:00:00 UTC-3","futebol ao vivo,tv ao vivo,jogos","./explore?q=futebol%20ao%20vivo&geo=BR"
"wehot","1 mil+","27 de agosto de 2026 a las 20:00:00 UTC-3","28 de agosto de 2026 a las 11:20:00 UTC-3","wehot","./explore?q=wehot&geo=BR"
"dean huijsen","200+","30 de agosto de 2026 a las 12:30:00 UTC-3","30 de agosto de 2026 a las 14:30:00 UTC-3","dean huijsen","./explore?q=dean%20huijsen&geo=BR"
"vacina contra o herpes-zóster","2 mil+","26 de agosto de 2026 a las 15:30:00 UTC-3","26 de agosto de 2026 a las 21:20:00 UTC-3","vacina contra o herpes-zóster,vacina contra o herpes zoster","./explore?q=vacina%20contra%20o%20herpes-z%C3%B3ster&geo=BR"
"conference league","2 mil+","27 de agosto de 2026 a las 13:00:00 UTC-3","27 de agosto de 2026 a las 18:50:00 UTC-3","conference league","./explore?q=conference%20league&geo=BR"
"lá liga","200+","30 de agosto de 2026 a las 12:40:00 UTC-3","30 de agosto de 2026 a las 15:00:00 UTC-3","lá liga","./explore?q=l%C3%A1%20liga&geo=BR"
"renan santos pesquisa","1 mil+","26 de agosto de 2026 a las 22:20:00 UTC-3","27 de agosto de 2026 a las 19:40:00 UTC-3","renan santos pesquisa","./explore?q=renan%20santos%20pesquisa&geo=BR"
"club america","1 mil+","26 de agosto de 2026 a las 23:10:00 UTC-3","27 de agosto de 2026 a las 7:50:00 UTC-3","club america","./explore?q=club%20america&geo=BR"
"globo play","2 mil+","28 de agosto de 2026 a las 20:50:00 UTC-3","28 de agosto de 2026 a las 23:00:00 UTC-3","globo play","./explore?q=globo%20play&geo=BR"
"llaneros fc x millonarios","2 mil+","27 de agosto de 2026 a las 19:30:00 UTC-3","27 de agosto de 2026 a las 23:00:00 UTC-3","llaneros fc x millonarios,millonarios,millonarios fc","./explore?q=llaneros%20fc%20x%20millonarios&geo=BR"
"ethan mbappé","1 mil+","28 de agosto de 2026 a las 15:50:00 UTC-3","28 de agosto de 2026 a las 19:00:00 UTC-3","ethan mbappé","./explore?q=ethan%20mbapp%C3%A9&geo=BR"
"yohama eshima","1 mil+","28 de agosto de 2026 a las 19:10:00 UTC-3","28 de agosto de 2026 a las 23:00:00 UTC-3","yohama eshima","./explore?q=yohama%20eshima&geo=BR"
"celtic","1 mil+","29 de agosto de 2026 a las 11:20:00 UTC-3","29 de agosto de 2026 a las 13:30:00 UTC-3","celtic","./explore?q=celtic&geo=BR"
"the early spring quantos episódios","200+","30 de agosto de 2026 a las 8:20:00 UTC-3","30 de agosto de 2026 a las 11:30:00 UTC-3","the early spring quantos episódios","./explore?q=the%20early%20spring%20quantos%20epis%C3%B3dios&geo=BR"
"levante","500+","29 de agosto de 2026 a las 11:50:00 UTC-3","29 de agosto de 2026 a las 15:00:00 UTC-3","levante","./explore?q=levante&geo=BR"
"copa argentina","1 mil+","27 de agosto de 2026 a las 18:30:00 UTC-3","28 de agosto de 2026 a las 0:20:00 UTC-3","copa argentina","./explore?q=copa%20argentina&geo=BR"
"matheus cunha","200+","30 de agosto de 2026 a las 13:40:00 UTC-3","30 de agosto de 2026 a las 15:20:00 UTC-3","matheus cunha","./explore?q=matheus%20cunha&geo=BR"
"bruno bertinato","2 mil+","25 de agosto de 2026 a las 12:10:00 UTC-3","25 de agosto de 2026 a las 17:50:00 UTC-3","bruno bertinato","./explore?q=bruno%20bertinato&geo=BR"
"leipzig","500+","29 de agosto de 2026 a las 10:20:00 UTC-3","29 de agosto de 2026 a las 13:30:00 UTC-3","leipzig","./explore?q=leipzig&geo=BR"
"são josé x goiatuba ec","2 mil+","26 de agosto de 2026 a las 18:40:00 UTC-3","26 de agosto de 2026 a las 22:30:00 UTC-3","são josé x goiatuba ec","./explore?q=s%C3%A3o%20jos%C3%A9%20x%20goiatuba%20ec&geo=BR"
"volkswagen nivus","2 mil+","25 de agosto de 2026 a las 20:50:00 UTC-3","26 de agosto de 2026 a las 9:50:00 UTC-3","volkswagen nivus","./explore?q=volkswagen%20nivus&geo=BR"
"avenida brasil 2","2 mil+","27 de agosto de 2026 a las 20:50:00 UTC-3","28 de agosto de 2026 a las 8:30:00 UTC-3","avenida brasil 2,avenida brasil","./explore?q=avenida%20brasil%202&geo=BR"
"viver sertanejo","500+","30 de agosto de 2026 a las 10:20:00 UTC-3","30 de agosto de 2026 a las 12:00:00 UTC-3","viver sertanejo","./explore?q=viver%20sertanejo&geo=BR"
"luiz henrique","1 mil+","29 de agosto de 2026 a las 14:10:00 UTC-3","29 de agosto de 2026 a las 16:50:00 UTC-3","luiz henrique,zenit","./explore?q=luiz%20henrique&geo=BR"
"omar marmoush","500+","29 de agosto de 2026 a las 13:20:00 UTC-3","29 de agosto de 2026 a las 16:20:00 UTC-3","omar marmoush","./explore?q=omar%20marmoush&geo=BR"
"mara gabrilli","200+","30 de agosto de 2026 a las 22:20:00 UTC-3","30 de agosto de 2026 a las 23:20:00 UTC-3","mara gabrilli","./explore?q=mara%20gabrilli&geo=BR"
"lula idade","2 mil+","27 de agosto de 2026 a las 21:00:00 UTC-3","28 de agosto de 2026 a las 0:50:00 UTC-3","lula idade","./explore?q=lula%20idade&geo=BR"
"gate","2 mil+","28 de agosto de 2026 a las 2:50:00 UTC-3","28 de agosto de 2026 a las 6:30:00 UTC-3","gate,bill gates","./explore?q=gate&geo=BR"
"champions league","2 mil+","26 de agosto de 2026 a las 16:40:00 UTC-3","26 de agosto de 2026 a las 19:40:00 UTC-3","champions league,barca","./explore?q=champions%20league&geo=BR"
"shogun rua","500+","30 de agosto de 2026 a las 1:10:00 UTC-3","30 de agosto de 2026 a las 2:50:00 UTC-3","shogun rua","./explore?q=shogun%20rua&geo=BR"
"jogo do real madrid","2 mil+","26 de agosto de 2026 a las 16:30:00 UTC-3","26 de agosto de 2026 a las 19:30:00 UTC-3","jogo do real madrid","./explore?q=jogo%20do%20real%20madrid&geo=BR"
"má-fé","1 mil+","28 de agosto de 2026 a las 16:00:00 UTC-3","28 de agosto de 2026 a las 21:10:00 UTC-3","má-fé","./explore?q=m%C3%A1-f%C3%A9&geo=BR"
"sky","2 mil+","25 de agosto de 2026 a las 15:10:00 UTC-3","26 de agosto de 2026 a las 3:00:00 UTC-3","sky","./explore?q=sky&geo=BR"
"union x anderlecht","200+","30 de agosto de 2026 a las 13:30:00 UTC-3","30 de agosto de 2026 a las 15:10:00 UTC-3","union x anderlecht","./explore?q=union%20x%20anderlecht&geo=BR"
"harry potter","2 mil+","26 de agosto de 2026 a las 4:50:00 UTC-3","26 de agosto de 2026 a las 13:50:00 UTC-3","harry potter,ron weasley,rupert grint harry potter,rupert grint","./explore?q=harry%20potter&geo=BR"
"gamescom 2026","2 mil+","25 de agosto de 2026 a las 12:40:00 UTC-3","25 de agosto de 2026 a las 21:00:00 UTC-3","gamescom 2026","./explore?q=gamescom%202026&geo=BR"
"premier","500+","30 de agosto de 2026 a las 16:00:00 UTC-3","30 de agosto de 2026 a las 17:10:00 UTC-3","premier","./explore?q=premier&geo=BR"
"nacional","1 mil+","27 de agosto de 2026 a las 18:40:00 UTC-3","27 de agosto de 2026 a las 23:40:00 UTC-3","nacional","./explore?q=nacional&geo=BR"
"motoboy","200+","30 de agosto de 2026 a las 6:30:00 UTC-3","30 de agosto de 2026 a las 9:10:00 UTC-3","motoboy","./explore?q=motoboy&geo=BR"
"chelsea fc","5 mil+","24 de agosto de 2026 a las 15:40:00 UTC-3","24 de agosto de 2026 a las 19:40:00 UTC-3","chelsea fc,fulham vs chelsea,fulham,fulham - chelsea","./explore?q=chelsea%20fc&geo=BR"
"alex bruno","500+","29 de agosto de 2026 a las 18:10:00 UTC-3","29 de agosto de 2026 a las 20:40:00 UTC-3","alex bruno","./explore?q=alex%20bruno&geo=BR"
"southampton x millwall","500+","29 de agosto de 2026 a las 10:50:00 UTC-3","29 de agosto de 2026 a las 13:50:00 UTC-3","southampton x millwall","./explore?q=southampton%20x%20millwall&geo=BR"
"automóvel","500+","30 de agosto de 2026 a las 7:10:00 UTC-3","30 de agosto de 2026 a las 8:30:00 UTC-3","automóvel","./explore?q=autom%C3%B3vel&geo=BR"
"vct americas","200+","30 de agosto de 2026 a las 23:10:00 UTC-3","31 de agosto de 2026 a las 0:20:00 UTC-3","vct americas","./explore?q=vct%20americas&geo=BR"
"rússia","2 mil+","27 de agosto de 2026 a las 5:40:00 UTC-3","27 de agosto de 2026 a las 15:10:00 UTC-3","rússia","./explore?q=r%C3%BAssia&geo=BR"
"cagliari fc","200+","30 de agosto de 2026 a las 14:30:00 UTC-3","30 de agosto de 2026 a las 16:30:00 UTC-3","cagliari fc","./explore?q=cagliari%20fc&geo=BR"
"deportivo recoleta - olimpia","500+","29 de agosto de 2026 a las 18:30:00 UTC-3","29 de agosto de 2026 a las 20:50:00 UTC-3","deportivo recoleta - olimpia","./explore?q=deportivo%20recoleta%20-%20olimpia&geo=BR"
"artista plástica yayoi kusama","2 mil+","27 de agosto de 2026 a las 16:10:00 UTC-3","27 de agosto de 2026 a las 18:50:00 UTC-3","artista plástica yayoi kusama","./explore?q=artista%20pl%C3%A1stica%20yayoi%20kusama&geo=BR"
"monaco fc","2 mil+","27 de agosto de 2026 a las 13:50:00 UTC-3","27 de agosto de 2026 a las 16:20:00 UTC-3","monaco fc","./explore?q=monaco%20fc&geo=BR"
"binance buy crypto","200+","30 de agosto de 2026 a las 4:00:00 UTC-3","30 de agosto de 2026 a las 6:50:00 UTC-3","binance buy crypto","./explore?q=binance%20buy%20crypto&geo=BR"
"seriec","500+","29 de agosto de 2026 a las 17:50:00 UTC-3","29 de agosto de 2026 a las 20:10:00 UTC-3","seriec","./explore?q=seriec&geo=BR"
"são josé dos campos","1 mil+","28 de agosto de 2026 a las 16:10:00 UTC-3","28 de agosto de 2026 a las 20:10:00 UTC-3","são josé dos campos","./explore?q=s%C3%A3o%20jos%C3%A9%20dos%20campos&geo=BR"
"tucuman x belgrano","500+","29 de agosto de 2026 a las 21:30:00 UTC-3","30 de agosto de 2026 a las 0:00:00 UTC-3","tucuman x belgrano,belgrano","./explore?q=tucuman%20x%20belgrano&geo=BR"
"ajax fc","200+","30 de agosto de 2026 a las 12:10:00 UTC-3","30 de agosto de 2026 a las 14:00:00 UTC-3","ajax fc","./explore?q=ajax%20fc&geo=BR"
"globoplay ao vivo","1 mil+","28 de agosto de 2026 a las 20:30:00 UTC-3","28 de agosto de 2026 a las 23:20:00 UTC-3","globoplay ao vivo,g1 ao vivo","./explore?q=globoplay%20ao%20vivo&geo=BR"
"cruzeiro esporte clube","10 mil+","25 de agosto de 2026 a las 22:20:00 UTC-3","25 de agosto de 2026 a las 23:30:00 UTC-3","cruzeiro esporte clube,cruzeiro ao vivo,jonathan jesus,placar jogo do cruzeiro,jogo do cruzeiro ontem,gol do cruzeiro,jogo hoje cruzeiro","./explore?q=cruzeiro%20esporte%20clube&geo=BR"
"fabiana bolsonaro","500+","30 de agosto de 2026 a las 14:00:00 UTC-3","30 de agosto de 2026 a las 15:10:00 UTC-3","fabiana bolsonaro","./explore?q=fabiana%20bolsonaro&geo=BR"
"ajax","2 mil+","27 de agosto de 2026 a las 15:20:00 UTC-3","27 de agosto de 2026 a las 17:50:00 UTC-3","ajax","./explore?q=ajax&geo=BR"
"trxf11","2 mil+","27 de agosto de 2026 a las 11:00:00 UTC-3","27 de agosto de 2026 a las 19:40:00 UTC-3","trxf11","./explore?q=trxf11&geo=BR"
"karlsruher x wolfsburg","500+","29 de agosto de 2026 a las 7:50:00 UTC-3","29 de agosto de 2026 a las 10:40:00 UTC-3","karlsruher x wolfsburg","./explore?q=karlsruher%20x%20wolfsburg&geo=BR"
"lazio","5 mil+","24 de agosto de 2026 a las 13:30:00 UTC-3","24 de agosto de 2026 a las 17:10:00 UTC-3","lazio","./explore?q=lazio&geo=BR"
"daniil medvedev","500+","30 de agosto de 2026 a las 15:30:00 UTC-3","30 de agosto de 2026 a las 16:20:00 UTC-3","daniil medvedev,hugo gaston","./explore?q=daniil%20medvedev&geo=BR"
"chevrolet tracker","2 mil+","25 de agosto de 2026 a las 17:20:00 UTC-3","26 de agosto de 2026 a las 7:10:00 UTC-3","chevrolet tracker","./explore?q=chevrolet%20tracker&geo=BR"
"argelia","200+","29 de agosto de 2026 a las 22:40:00 UTC-3","30 de agosto de 2026 a las 2:10:00 UTC-3","argelia","./explore?q=argelia&geo=BR"
"agência nacional de saúde suplementar","1 mil+","27 de agosto de 2026 a las 19:30:00 UTC-3","28 de agosto de 2026 a las 8:10:00 UTC-3","agência nacional de saúde suplementar","./explore?q=ag%C3%AAncia%20nacional%20de%20sa%C3%BAde%20suplementar&geo=BR"
"florianópolis","2 mil+","24 de agosto de 2026 a las 15:20:00 UTC-3","24 de agosto de 2026 a las 19:50:00 UTC-3","florianópolis,praia brava","./explore?q=florian%C3%B3polis&geo=BR"
"al ittihad","500+","29 de agosto de 2026 a las 16:00:00 UTC-3","29 de agosto de 2026 a las 17:50:00 UTC-3","al ittihad","./explore?q=al%20ittihad&geo=BR"
"globo ao vivo","5 mil+","26 de agosto de 2026 a las 20:10:00 UTC-3","26 de agosto de 2026 a las 22:00:00 UTC-3","globo ao vivo,quem e renan santos","./explore?q=globo%20ao%20vivo&geo=BR"
"costa rica terremoto","2 mil+","24 de agosto de 2026 a las 17:40:00 UTC-3","24 de agosto de 2026 a las 23:00:00 UTC-3","costa rica terremoto","./explore?q=costa%20rica%20terremoto&geo=BR"
"binance trading","1 mil+","28 de agosto de 2026 a las 2:50:00 UTC-3","28 de agosto de 2026 a las 6:30:00 UTC-3","binance trading,binance app","./explore?q=binance%20trading&geo=BR"
"cartola","1 mil+","29 de agosto de 2026 a las 17:40:00 UTC-3","29 de agosto de 2026 a las 19:10:00 UTC-3","cartola,cartola fc","./explore?q=cartola&geo=BR"
"arcabouço fiscal","500+","29 de agosto de 2026 a las 21:20:00 UTC-3","29 de agosto de 2026 a las 22:40:00 UTC-3","arcabouço fiscal","./explore?q=arcabou%C3%A7o%20fiscal&geo=BR"
"elche","1 mil+","28 de agosto de 2026 a las 14:10:00 UTC-3","28 de agosto de 2026 a las 17:00:00 UTC-3","elche","./explore?q=elche&geo=BR"
"barco","2 mil+","25 de agosto de 2026 a las 16:00:00 UTC-3","26 de agosto de 2026 a las 2:00:00 UTC-3","barco","./explore?q=barco&geo=BR"
"america mexico","1 mil+","26 de agosto de 2026 a las 23:40:00 UTC-3","27 de agosto de 2026 a las 8:20:00 UTC-3","america mexico,america do mexico","./explore?q=america%20mexico&geo=BR"
"atlético nacional x deportivo cali","2 mil+","26 de agosto de 2026 a las 22:10:00 UTC-3","27 de agosto de 2026 a las 6:20:00 UTC-3","atlético nacional x deportivo cali,atlético nacional,deportivo cali","./explore?q=atl%C3%A9tico%20nacional%20x%20deportivo%20cali&geo=BR"
"ramon dino","1 mil+","25 de agosto de 2026 a las 21:30:00 UTC-3","26 de agosto de 2026 a las 18:40:00 UTC-3","ramon dino","./explore?q=ramon%20dino&geo=BR"
"voto distrital misto","2 mil+","24 de agosto de 2026 a las 17:40:00 UTC-3","25 de agosto de 2026 a las 12:40:00 UTC-3","voto distrital misto","./explore?q=voto%20distrital%20misto&geo=BR"
"météo demain","1 mil+","29 de agosto de 2026 a las 21:00:00 UTC-3","29 de agosto de 2026 a las 23:20:00 UTC-3","météo demain,météo","./explore?q=m%C3%A9t%C3%A9o%20demain&geo=BR"
"vilão","2 mil+","26 de agosto de 2026 a las 16:40:00 UTC-3","26 de agosto de 2026 a las 22:30:00 UTC-3","vilão,príncipe harry, duque de sussex,william, príncipe de gales","./explore?q=vil%C3%A3o&geo=BR"
"savinho","500+","29 de agosto de 2026 a las 13:30:00 UTC-3","29 de agosto de 2026 a las 15:40:00 UTC-3","savinho","./explore?q=savinho&geo=BR"
"ana rosa","500+","29 de agosto de 2026 a las 9:20:00 UTC-3","29 de agosto de 2026 a las 12:00:00 UTC-3","ana rosa","./explore?q=ana%20rosa&geo=BR"
"xavi espart","1 mil+","27 de agosto de 2026 a las 15:40:00 UTC-3","27 de agosto de 2026 a las 18:50:00 UTC-3","xavi espart","./explore?q=xavi%20espart&geo=BR"
"binance app","100+","31 de agosto de 2026 a las 4:10:00 UTC-3","31 de agosto de 2026 a las 5:20:00 UTC-3","binance app","./explore?q=binance%20app&geo=BR"
"campeonato saudita","2 mil+","25 de agosto de 2026 a las 15:50:00 UTC-3","25 de agosto de 2026 a las 19:00:00 UTC-3","campeonato saudita","./explore?q=campeonato%20saudita&geo=BR"
"club brugge","200+","30 de agosto de 2026 a las 8:50:00 UTC-3","30 de agosto de 2026 a las 10:50:00 UTC-3","club brugge","./explore?q=club%20brugge&geo=BR"
"danilo","5 mil+","24 de agosto de 2026 a las 19:50:00 UTC-3","24 de agosto de 2026 a las 22:50:00 UTC-3","danilo,ator danilo mesquita","./explore?q=danilo&geo=BR"
"jiu-jítsu","2 mil+","26 de agosto de 2026 a las 12:10:00 UTC-3","26 de agosto de 2026 a las 18:50:00 UTC-3","jiu-jítsu,jiu jitsu lutador,kabuto jiu jitsu,kabuto","./explore?q=jiu-j%C3%ADtsu&geo=BR"
"cblol","200+","30 de agosto de 2026 a las 13:00:00 UTC-3","30 de agosto de 2026 a las 14:40:00 UTC-3","cblol","./explore?q=cblol&geo=BR"
"kb5120998","500+","28 de agosto de 2026 a las 7:40:00 UTC-3","29 de agosto de 2026 a las 10:10:00 UTC-3","kb5120998","./explore?q=kb5120998&geo=BR"
"nfl","2 mil+","28 de agosto de 2026 a las 20:50:00 UTC-3","29 de agosto de 2026 a las 0:50:00 UTC-3","nfl,lion","./explore?q=nfl&geo=BR"
"bundesliga 2","200+","30 de agosto de 2026 a las 8:30:00 UTC-3","30 de agosto de 2026 a las 10:20:00 UTC-3","bundesliga 2","./explore?q=bundesliga%202&geo=BR"
"motor city","500+","28 de agosto de 2026 a las 21:50:00 UTC-3","29 de agosto de 2026 a las 20:50:00 UTC-3","motor city","./explore?q=motor%20city&geo=BR"
"aeroporto","1 mil+","26 de agosto de 2026 a las 6:30:00 UTC-3","26 de agosto de 2026 a las 15:00:00 UTC-3","aeroporto","./explore?q=aeroporto&geo=BR"
"serena joy","2 mil+","24 de agosto de 2026 a las 13:20:00 UTC-3","25 de agosto de 2026 a las 1:20:00 UTC-3","serena joy,serena joy olivia rodrigo","./explore?q=serena%20joy&geo=BR"
"chelsea fc","2 mil+","27 de agosto de 2026 a las 15:50:00 UTC-3","27 de agosto de 2026 a las 18:20:00 UTC-3","chelsea fc,danny welbeck,chelsea vs luton town","./explore?q=chelsea%20fc&geo=BR"
"trent alexander-arnold","200+","30 de agosto de 2026 a las 12:50:00 UTC-3","30 de agosto de 2026 a las 14:20:00 UTC-3","trent alexander-arnold","./explore?q=trent%20alexander-arnold&geo=BR"
"nvidia","1 mil+","28 de agosto de 2026 a las 23:20:00 UTC-3","29 de agosto de 2026 a las 13:10:00 UTC-3","nvidia,nvda,it","./explore?q=nvidia&geo=BR"
"expulsão","2 mil+","25 de agosto de 2026 a las 8:50:00 UTC-3","25 de agosto de 2026 a las 14:50:00 UTC-3","expulsão","./explore?q=expuls%C3%A3o&geo=BR"
"rio doce","1 mil+","26 de agosto de 2026 a las 15:40:00 UTC-3","26 de agosto de 2026 a las 20:50:00 UTC-3","rio doce","./explore?q=rio%20doce&geo=BR"
"valentín barco","200+","30 de agosto de 2026 a las 11:00:00 UTC-3","30 de agosto de 2026 a las 12:50:00 UTC-3","valentín barco","./explore?q=valent%C3%ADn%20barco&geo=BR"
"itaúsa","1 mil+","28 de agosto de 2026 a las 12:50:00 UTC-3","29 de agosto de 2026 a las 7:50:00 UTC-3","itaúsa","./explore?q=ita%C3%BAsa&geo=BR"
"bochum","1 mil+","28 de agosto de 2026 a las 13:40:00 UTC-3","28 de agosto de 2026 a las 16:30:00 UTC-3","bochum,bochum x vfl osnabrück","./explore?q=bochum&geo=BR"
"boca juniors x","500+","28 de agosto de 2026 a las 21:50:00 UTC-3","29 de agosto de 2026 a las 0:40:00 UTC-3","boca juniors x","./explore?q=boca%20juniors%20x&geo=BR"
"alpine f1 team","2 mil+","26 de agosto de 2026 a las 13:20:00 UTC-3","26 de agosto de 2026 a las 18:30:00 UTC-3","alpine f1 team","./explore?q=alpine%20f1%20team&geo=BR"
"catherine, princesa de gales","2 mil+","25 de agosto de 2026 a las 15:10:00 UTC-3","26 de agosto de 2026 a las 6:50:00 UTC-3","catherine, princesa de gales","./explore?q=catherine%2C%20princesa%20de%20gales&geo=BR"
"gustavo santana","500+","29 de agosto de 2026 a las 20:40:00 UTC-3","29 de agosto de 2026 a las 22:30:00 UTC-3","gustavo santana","./explore?q=gustavo%20santana&geo=BR"
"deportivo la coruna","200+","30 de agosto de 2026 a las 15:10:00 UTC-3","30 de agosto de 2026 a las 16:10:00 UTC-3","deportivo la coruna,valencia x","./explore?q=deportivo%20la%20coruna&geo=BR"
"az alkmaar","1 mil+","29 de agosto de 2026 a las 13:00:00 UTC-3","29 de agosto de 2026 a las 15:50:00 UTC-3","az alkmaar,az x go ahead eagles","./explore?q=az%20alkmaar&geo=BR"
"data center","200+","30 de agosto de 2026 a las 21:10:00 UTC-3","30 de agosto de 2026 a las 22:10:00 UTC-3","data center","./explore?q=data%20center&geo=BR"
"larissa manoela","2 mil+","25 de agosto de 2026 a las 21:00:00 UTC-3","26 de agosto de 2026 a las 8:20:00 UTC-3","larissa manoela","./explore?q=larissa%20manoela&geo=BR"
"alianza lima","500+","29 de agosto de 2026 a las 22:30:00 UTC-3","30 de agosto de 2026 a las 0:30:00 UTC-3","alianza lima","./explore?q=alianza%20lima&geo=BR"
"leon fc","1 mil+","28 de agosto de 2026 a las 23:20:00 UTC-3","29 de agosto de 2026 a las 1:40:00 UTC-3","leon fc,atlante fc,atlante club león 28/08/2026","./explore?q=leon%20fc&geo=BR"
"polymarket","500+","28 de agosto de 2026 a las 22:10:00 UTC-3","29 de agosto de 2026 a las 2:00:00 UTC-3","polymarket","./explore?q=polymarket&geo=BR"
"racing santander","1 mil+","28 de agosto de 2026 a las 13:40:00 UTC-3","28 de agosto de 2026 a las 17:00:00 UTC-3","racing santander","./explore?q=racing%20santander&geo=BR"
"cristian pavón","1 mil+","27 de agosto de 2026 a las 19:40:00 UTC-3","27 de agosto de 2026 a las 23:10:00 UTC-3","cristian pavón","./explore?q=cristian%20pav%C3%B3n&geo=BR"
"dupla sena","2 mil+","24 de agosto de 2026 a las 21:40:00 UTC-3","25 de agosto de 2026 a las 13:40:00 UTC-3","dupla sena,resultado da dupla sena,loterias caixa","./explore?q=dupla%20sena&geo=BR"
"marcelino núñez","200+","30 de agosto de 2026 a las 12:50:00 UTC-3","30 de agosto de 2026 a las 14:30:00 UTC-3","marcelino núñez","./explore?q=marcelino%20n%C3%BA%C3%B1ez&geo=BR"
"paulo henrique ganso","200+","30 de agosto de 2026 a las 11:50:00 UTC-3","30 de agosto de 2026 a las 13:40:00 UTC-3","paulo henrique ganso","./explore?q=paulo%20henrique%20ganso&geo=BR"
"netvasco","500+","30 de agosto de 2026 a las 0:00:00 UTC-3","30 de agosto de 2026 a las 7:10:00 UTC-3","netvasco","./explore?q=netvasco&geo=BR"
"abacate verde","2 mil+","25 de agosto de 2026 a las 16:00:00 UTC-3","25 de agosto de 2026 a las 22:20:00 UTC-3","abacate verde","./explore?q=abacate%20verde&geo=BR"
"athletic","500+","28 de agosto de 2026 a las 20:40:00 UTC-3","28 de agosto de 2026 a las 23:30:00 UTC-3","athletic","./explore?q=athletic&geo=BR"
"betis","5 mil+","25 de agosto de 2026 a las 17:00:00 UTC-3","25 de agosto de 2026 a las 19:10:00 UTC-3","betis,pablo garcía","./explore?q=betis&geo=BR"
"dc united x lafc","500+","29 de agosto de 2026 a las 20:10:00 UTC-3","30 de agosto de 2026 a las 0:10:00 UTC-3","dc united x lafc","./explore?q=dc%20united%20x%20lafc&geo=BR"
"partizan x getafe","1 mil+","27 de agosto de 2026 a las 16:10:00 UTC-3","27 de agosto de 2026 a las 19:30:00 UTC-3","partizan x getafe","./explore?q=partizan%20x%20getafe&geo=BR"
"previsão do tempo cascavel","200+","30 de agosto de 2026 a las 10:40:00 UTC-3","30 de agosto de 2026 a las 12:00:00 UTC-3","previsão do tempo cascavel","./explore?q=previs%C3%A3o%20do%20tempo%20cascavel&geo=BR"
"monaco","2 mil+","27 de agosto de 2026 a las 14:00:00 UTC-3","27 de agosto de 2026 a las 16:30:00 UTC-3","monaco","./explore?q=monaco&geo=BR"
"róger guedes","500+","28 de agosto de 2026 a las 11:30:00 UTC-3","28 de agosto de 2026 a las 20:10:00 UTC-3","róger guedes","./explore?q=r%C3%B3ger%20guedes&geo=BR"
"terras raras","2 mil+","24 de agosto de 2026 a las 16:40:00 UTC-3","24 de agosto de 2026 a las 21:10:00 UTC-3","terras raras,terras-raras","./explore?q=terras%20raras&geo=BR"
"limeira","1 mil+","26 de agosto de 2026 a las 17:00:00 UTC-3","26 de agosto de 2026 a las 21:20:00 UTC-3","limeira","./explore?q=limeira&geo=BR"
"itatiaia","2 mil+","25 de agosto de 2026 a las 20:50:00 UTC-3","26 de agosto de 2026 a las 0:00:00 UTC-3","itatiaia","./explore?q=itatiaia&geo=BR"
"morgan rogers","200+","30 de agosto de 2026 a las 10:20:00 UTC-3","30 de agosto de 2026 a las 11:40:00 UTC-3","morgan rogers","./explore?q=morgan%20rogers&geo=BR"
"peixão","2 mil+","25 de agosto de 2026 a las 13:40:00 UTC-3","25 de agosto de 2026 a las 18:50:00 UTC-3","peixão","./explore?q=peix%C3%A3o&geo=BR"
"vasco fc","1 mil+","26 de agosto de 2026 a las 22:10:00 UTC-3","27 de agosto de 2026 a las 7:10:00 UTC-3","vasco fc","./explore?q=vasco%20fc&geo=BR"
"tom cavalcante","1 mil+","24 de agosto de 2026 a las 22:10:00 UTC-3","25 de agosto de 2026 a las 11:20:00 UTC-3","tom cavalcante","./explore?q=tom%20cavalcante&geo=BR"
"habitação","200+","30 de agosto de 2026 a las 21:50:00 UTC-3","30 de agosto de 2026 a las 22:40:00 UTC-3","habitação","./explore?q=habita%C3%A7%C3%A3o&geo=BR"
"restaurante","2 mil+","24 de agosto de 2026 a las 16:00:00 UTC-3","24 de agosto de 2026 a las 20:10:00 UTC-3","restaurante","./explore?q=restaurante&geo=BR"
"nico gonzález","500+","29 de agosto de 2026 a las 14:00:00 UTC-3","29 de agosto de 2026 a las 16:20:00 UTC-3","nico gonzález,nicolás gonzález","./explore?q=nico%20gonz%C3%A1lez&geo=BR"
"levi rodrigues jr.","500+","29 de agosto de 2026 a las 7:30:00 UTC-3","29 de agosto de 2026 a las 10:20:00 UTC-3","levi rodrigues jr.,liu ce","./explore?q=levi%20rodrigues%20jr.&geo=BR"
"nicolas ferreira","2 mil+","28 de agosto de 2026 a las 10:00:00 UTC-3","28 de agosto de 2026 a las 17:40:00 UTC-3","nicolas ferreira,luana piovani","./explore?q=nicolas%20ferreira&geo=BR"
"natália deodato","1 mil+","27 de agosto de 2026 a las 16:00:00 UTC-3","27 de agosto de 2026 a las 21:40:00 UTC-3","natália deodato","./explore?q=nat%C3%A1lia%20deodato&geo=BR"
"ellen pompeo","500+","28 de agosto de 2026 a las 21:40:00 UTC-3","29 de agosto de 2026 a las 8:20:00 UTC-3","ellen pompeo","./explore?q=ellen%20pompeo&geo=BR"
"economia","2 mil+","26 de agosto de 2026 a las 17:30:00 UTC-3","26 de agosto de 2026 a las 20:50:00 UTC-3","economia","./explore?q=economia&geo=BR"
"union berlin","500+","29 de agosto de 2026 a las 10:30:00 UTC-3","29 de agosto de 2026 a las 13:30:00 UTC-3","union berlin","./explore?q=union%20berlin&geo=BR"
"nicole kidman","1 mil+","27 de agosto de 2026 a las 12:50:00 UTC-3","27 de agosto de 2026 a las 17:00:00 UTC-3","nicole kidman","./explore?q=nicole%20kidman&geo=BR"
"thais carla","2 mil+","26 de agosto de 2026 a las 18:40:00 UTC-3","27 de agosto de 2026 a las 7:30:00 UTC-3","thais carla","./explore?q=thais%20carla&geo=BR"
"león x real salt lake","1 mil+","25 de agosto de 2026 a las 23:10:00 UTC-3","26 de agosto de 2026 a las 7:40:00 UTC-3","león x real salt lake","./explore?q=le%C3%B3n%20x%20real%20salt%20lake&geo=BR"
"jérémy jacquet","500+","29 de agosto de 2026 a las 8:40:00 UTC-3","29 de agosto de 2026 a las 11:00:00 UTC-3","jérémy jacquet","./explore?q=j%C3%A9r%C3%A9my%20jacquet&geo=BR"
"globo play","2 mil+","27 de agosto de 2026 a las 20:30:00 UTC-3","27 de agosto de 2026 a las 22:40:00 UTC-3","globo play","./explore?q=globo%20play&geo=BR"
"fernando alonso","2 mil+","25 de agosto de 2026 a las 17:20:00 UTC-3","25 de agosto de 2026 a las 22:00:00 UTC-3","fernando alonso","./explore?q=fernando%20alonso&geo=BR"
"aquecimento global","500+","28 de agosto de 2026 a las 22:20:00 UTC-3","29 de agosto de 2026 a las 10:20:00 UTC-3","aquecimento global","./explore?q=aquecimento%20global&geo=BR"
"utc cajamarca x universitario","500+","29 de agosto de 2026 a las 17:40:00 UTC-3","29 de agosto de 2026 a las 20:00:00 UTC-3","utc cajamarca x universitario","./explore?q=utc%20cajamarca%20x%20universitario&geo=BR"
"santos laguna","500+","30 de agosto de 2026 a las 0:50:00 UTC-3","30 de agosto de 2026 a las 3:20:00 UTC-3","santos laguna,tigres fc,campeonato mexicano","./explore?q=santos%20laguna&geo=BR"
"julia polastri","200+","29 de agosto de 2026 a las 4:40:00 UTC-3","29 de agosto de 2026 a las 9:40:00 UTC-3","julia polastri","./explore?q=julia%20polastri&geo=BR"
"marcus rashford","200+","30 de agosto de 2026 a las 13:10:00 UTC-3","30 de agosto de 2026 a las 15:00:00 UTC-3","marcus rashford","./explore?q=marcus%20rashford&geo=BR"
"paranapanema","1 mil+","26 de agosto de 2026 a las 16:20:00 UTC-3","27 de agosto de 2026 a las 6:20:00 UTC-3","paranapanema","./explore?q=paranapanema&geo=BR"
"star wars zero company","1 mil+","27 de agosto de 2026 a las 13:50:00 UTC-3","27 de agosto de 2026 a las 21:10:00 UTC-3","star wars zero company","./explore?q=star%20wars%20zero%20company&geo=BR"
"presidente prudente","1 mil+","27 de agosto de 2026 a las 19:10:00 UTC-3","27 de agosto de 2026 a las 22:30:00 UTC-3","presidente prudente","./explore?q=presidente%20prudente&geo=BR"
"al nassr fc","1 mil+","28 de agosto de 2026 a las 15:30:00 UTC-3","28 de agosto de 2026 a las 18:00:00 UTC-3","al nassr fc,al-nassr football club","./explore?q=al%20nassr%20fc&geo=BR"
"vitor roque","1 mil+","26 de agosto de 2026 a las 21:40:00 UTC-3","27 de agosto de 2026 a las 7:00:00 UTC-3","vitor roque","./explore?q=vitor%20roque&geo=BR"
"nasa","500+","27 de agosto de 2026 a las 23:40:00 UTC-3","28 de agosto de 2026 a las 3:20:00 UTC-3","nasa","./explore?q=nasa&geo=BR"
"us open de ténis","1 mil+","27 de agosto de 2026 a las 6:10:00 UTC-3","27 de agosto de 2026 a las 13:10:00 UTC-3","us open de ténis","./explore?q=us%20open%20de%20t%C3%A9nis&geo=BR"
"suzy rêgo","200+","30 de agosto de 2026 a las 22:20:00 UTC-3","30 de agosto de 2026 a las 22:50:00 UTC-3","suzy rêgo","./explore?q=suzy%20r%C3%AAgo&geo=BR"
"cucurella","200+","30 de agosto de 2026 a las 13:10:00 UTC-3","30 de agosto de 2026 a las 14:30:00 UTC-3","cucurella","./explore?q=cucurella&geo=BR"
"2028","200+","30 de agosto de 2026 a las 8:00:00 UTC-3","30 de agosto de 2026 a las 9:50:00 UTC-3","2028","./explore?q=2028&geo=BR"
"real betis","2 mil+","25 de agosto de 2026 a las 16:30:00 UTC-3","25 de agosto de 2026 a las 19:00:00 UTC-3","real betis","./explore?q=real%20betis&geo=BR"
"programação globo hoje","5 mil+","27 de agosto de 2026 a las 20:20:00 UTC-3","27 de agosto de 2026 a las 22:10:00 UTC-3","programação globo hoje,programação da globo hoje,filme milagres do paraíso,sessao da tarde hoje,leandro hassum","./explore?q=programa%C3%A7%C3%A3o%20globo%20hoje&geo=BR"
"konstantinos karetsas","500+","29 de agosto de 2026 a las 13:30:00 UTC-3","29 de agosto de 2026 a las 15:40:00 UTC-3","konstantinos karetsas","./explore?q=konstantinos%20karetsas&geo=BR"
"binance trading","1 mil+","29 de agosto de 2026 a las 4:00:00 UTC-3","29 de agosto de 2026 a las 6:40:00 UTC-3","binance trading,binance exchange","./explore?q=binance%20trading&geo=BR"
"alverca x santa clara","500+","29 de agosto de 2026 a las 11:20:00 UTC-3","29 de agosto de 2026 a las 16:10:00 UTC-3","alverca x santa clara","./explore?q=alverca%20x%20santa%20clara&geo=BR"
"mikel oyarzabal","2 mil+","26 de agosto de 2026 a las 16:00:00 UTC-3","26 de agosto de 2026 a las 20:00:00 UTC-3","mikel oyarzabal,oyarzabal","./explore?q=mikel%20oyarzabal&geo=BR"
"grenal placar","1 mil+","27 de agosto de 2026 a las 20:40:00 UTC-3","28 de agosto de 2026 a las 7:30:00 UTC-3","grenal placar","./explore?q=grenal%20placar&geo=BR"
"iptv","500+","30 de agosto de 2026 a las 16:10:00 UTC-3","30 de agosto de 2026 a las 16:50:00 UTC-3","iptv","./explore?q=iptv&geo=BR"
"sefaz al","2 mil+","25 de agosto de 2026 a las 7:30:00 UTC-3","25 de agosto de 2026 a las 14:50:00 UTC-3","sefaz al,edital sefaz al,sefaz al concurso,concurso sefaz al","./explore?q=sefaz%20al&geo=BR"
"jhon arias","2 mil+","26 de agosto de 2026 a las 22:10:00 UTC-3","27 de agosto de 2026 a las 7:00:00 UTC-3","jhon arias,jogo palmeiras hoje","./explore?q=jhon%20arias&geo=BR"
"feyenoord rotterdam","200+","30 de agosto de 2026 a las 10:50:00 UTC-3","30 de agosto de 2026 a las 12:10:00 UTC-3","feyenoord rotterdam","./explore?q=feyenoord%20rotterdam&geo=BR"
"vasco vs","200+","29 de agosto de 2026 a las 22:10:00 UTC-3","30 de agosto de 2026 a las 0:20:00 UTC-3","vasco vs","./explore?q=vasco%20vs&geo=BR"
"australia","200+","30 de agosto de 2026 a las 16:30:00 UTC-3","30 de agosto de 2026 a las 17:30:00 UTC-3","australia","./explore?q=australia&geo=BR"
"mamady cissé","200+","29 de agosto de 2026 a las 18:50:00 UTC-3","29 de agosto de 2026 a las 21:00:00 UTC-3","mamady cissé","./explore?q=mamady%20ciss%C3%A9&geo=BR"
"mk dons x leicester city","500+","29 de agosto de 2026 a las 8:50:00 UTC-3","29 de agosto de 2026 a las 11:30:00 UTC-3","mk dons x leicester city","./explore?q=mk%20dons%20x%20leicester%20city&geo=BR"
"san diego fc","200+","29 de agosto de 2026 a las 23:40:00 UTC-3","30 de agosto de 2026 a las 2:10:00 UTC-3","san diego fc","./explore?q=san%20diego%20fc&geo=BR"
"governador de minas gerais","1 mil+","26 de agosto de 2026 a las 18:50:00 UTC-3","27 de agosto de 2026 a las 14:10:00 UTC-3","governador de minas gerais,cleitinho azevedo","./explore?q=governador%20de%20minas%20gerais&geo=BR"
"vasco ontem","2 mil+","27 de agosto de 2026 a las 6:00:00 UTC-3","27 de agosto de 2026 a las 9:20:00 UTC-3","vasco ontem,indenização,luiz eduardo baptista","./explore?q=vasco%20ontem&geo=BR"
"pedro neto","200+","30 de agosto de 2026 a las 10:30:00 UTC-3","30 de agosto de 2026 a las 11:40:00 UTC-3","pedro neto","./explore?q=pedro%20neto&geo=BR"
"rb salzburg x mjällby","1 mil+","27 de agosto de 2026 a las 13:10:00 UTC-3","27 de agosto de 2026 a las 16:30:00 UTC-3","rb salzburg x mjällby","./explore?q=rb%20salzburg%20x%20mj%C3%A4llby&geo=BR"
"freiburg","1 mil+","27 de agosto de 2026 a las 13:50:00 UTC-3","27 de agosto de 2026 a las 16:30:00 UTC-3","freiburg","./explore?q=freiburg&geo=BR"
"novela avenida brasil","2 mil+","28 de agosto de 2026 a las 16:40:00 UTC-3","28 de agosto de 2026 a las 21:00:00 UTC-3","novela avenida brasil,avenida brasil,resumo avenida brasil,resumo de avenida brasil","./explore?q=novela%20avenida%20brasil&geo=BR"
"atlas fc","200+","29 de agosto de 2026 a las 20:20:00 UTC-3","29 de agosto de 2026 a las 22:20:00 UTC-3","atlas fc","./explore?q=atlas%20fc&geo=BR"
"ridley scott","1 mil+","24 de agosto de 2026 a las 20:50:00 UTC-3","25 de agosto de 2026 a las 10:00:00 UTC-3","ridley scott","./explore?q=ridley%20scott&geo=BR"
"aécio neves","1 mil+","27 de agosto de 2026 a las 16:00:00 UTC-3","27 de agosto de 2026 a las 19:40:00 UTC-3","aécio neves","./explore?q=a%C3%A9cio%20neves&geo=BR"
"previsão do tempo juiz de fora","500+","29 de agosto de 2026 a las 17:30:00 UTC-3","29 de agosto de 2026 a las 19:20:00 UTC-3","previsão do tempo juiz de fora","./explore?q=previs%C3%A3o%20do%20tempo%20juiz%20de%20fora&geo=BR"
"bombeiro","2 mil+","24 de agosto de 2026 a las 15:00:00 UTC-3","24 de agosto de 2026 a las 23:10:00 UTC-3","bombeiro","./explore?q=bombeiro&geo=BR"
"salzburg fc","1 mil+","27 de agosto de 2026 a las 14:10:00 UTC-3","27 de agosto de 2026 a las 17:00:00 UTC-3","salzburg fc","./explore?q=salzburg%20fc&geo=BR"
"club athletico paranaense","2 mil+","24 de agosto de 2026 a las 20:10:00 UTC-3","24 de agosto de 2026 a las 23:00:00 UTC-3","club athletico paranaense,artilheiro do brasileirão 2026,artilheiro do brasileirão,artilheiro","./explore?q=club%20athletico%20paranaense&geo=BR"
"debate lula","5 mil+","27 de agosto de 2026 a las 20:20:00 UTC-3","27 de agosto de 2026 a las 23:10:00 UTC-3","debate lula,debate globo,candidatos a presidente 2026,debate na globo","./explore?q=debate%20lula&geo=BR"
"bayern munich","500+","28 de agosto de 2026 a las 16:00:00 UTC-3","28 de agosto de 2026 a las 18:30:00 UTC-3","bayern munich","./explore?q=bayern%20munich&geo=BR"
"sc-401","500+","29 de agosto de 2026 a las 12:10:00 UTC-3","29 de agosto de 2026 a las 14:40:00 UTC-3","sc-401","./explore?q=sc-401&geo=BR"
"denise gomes","500+","29 de agosto de 2026 a las 8:50:00 UTC-3","29 de agosto de 2026 a las 11:00:00 UTC-3","denise gomes,yan xiaonan","./explore?q=denise%20gomes&geo=BR"
"aek atenas","1 mil+","30 de agosto de 2026 a las 17:00:00 UTC-3","30 de agosto de 2026 a las 17:50:00 UTC-3","aek atenas","./explore?q=aek%20atenas&geo=BR"
"toluca","1 mil+","26 de agosto de 2026 a las 21:30:00 UTC-3","27 de agosto de 2026 a las 1:00:00 UTC-3","toluca,deportivo toluca","./explore?q=toluca&geo=BR"
"meningoencefalite amebiana primária","1 mil+","24 de agosto de 2026 a las 19:50:00 UTC-3","25 de agosto de 2026 a las 8:20:00 UTC-3","meningoencefalite amebiana primária","./explore?q=meningoencefalite%20amebiana%20prim%C3%A1ria&geo=BR"
"emerson royal","200+","30 de agosto de 2026 a las 16:20:00 UTC-3","30 de agosto de 2026 a las 17:10:00 UTC-3","emerson royal","./explore?q=emerson%20royal&geo=BR"
"primeiro comando da capital","200+","30 de agosto de 2026 a las 12:50:00 UTC-3","30 de agosto de 2026 a las 14:10:00 UTC-3","primeiro comando da capital","./explore?q=primeiro%20comando%20da%20capital&geo=BR"
"osasuna x levante","2 mil+","24 de agosto de 2026 a las 13:50:00 UTC-3","24 de agosto de 2026 a las 17:30:00 UTC-3","osasuna x levante,levante","./explore?q=osasuna%20x%20levante&geo=BR"
"federer","2 mil+","25 de agosto de 2026 a las 21:10:00 UTC-3","26 de agosto de 2026 a las 0:10:00 UTC-3","federer,roger federer,andy roddick,john mcenroe,andre agassi","./explore?q=federer&geo=BR"
"harry kane","500+","28 de agosto de 2026 a las 16:40:00 UTC-3","28 de agosto de 2026 a las 19:00:00 UTC-3","harry kane","./explore?q=harry%20kane&geo=BR"
"cgn","500+","28 de agosto de 2026 a las 21:10:00 UTC-3","29 de agosto de 2026 a las 1:10:00 UTC-3","cgn","./explore?q=cgn&geo=BR"
"éverton ribeiro","1 mil+","25 de agosto de 2026 a las 17:40:00 UTC-3","26 de agosto de 2026 a las 7:30:00 UTC-3","éverton ribeiro","./explore?q=%C3%A9verton%20ribeiro&geo=BR"
"santa catarina","2 mil+","24 de agosto de 2026 a las 20:40:00 UTC-3","25 de agosto de 2026 a las 8:30:00 UTC-3","santa catarina","./explore?q=santa%20catarina&geo=BR"
"cobrador","1 mil+","24 de agosto de 2026 a las 19:20:00 UTC-3","25 de agosto de 2026 a las 13:20:00 UTC-3","cobrador","./explore?q=cobrador&geo=BR"
"championship","500+","29 de agosto de 2026 a las 9:20:00 UTC-3","29 de agosto de 2026 a las 11:10:00 UTC-3","championship","./explore?q=championship&geo=BR"
"bets","200+","29 de agosto de 2026 a las 21:20:00 UTC-3","30 de agosto de 2026 a las 5:40:00 UTC-3","bets","./explore?q=bets&geo=BR"
"falência","5 mil+","24 de agosto de 2026 a las 18:40:00 UTC-3","24 de agosto de 2026 a las 20:10:00 UTC-3","falência,oibr3,oi,falencia oi","./explore?q=fal%C3%AAncia&geo=BR"
"zagueiro","1 mil+","27 de agosto de 2026 a las 19:10:00 UTC-3","28 de agosto de 2026 a las 7:30:00 UTC-3","zagueiro,pumas,nathan silva","./explore?q=zagueiro&geo=BR"
"gilmar mendes","2 mil+","26 de agosto de 2026 a las 5:40:00 UTC-3","26 de agosto de 2026 a las 8:40:00 UTC-3","gilmar mendes","./explore?q=gilmar%20mendes&geo=BR"
"patrícia abravanel","100+","30 de agosto de 2026 a las 22:50:00 UTC-3","30 de agosto de 2026 a las 23:40:00 UTC-3","patrícia abravanel","./explore?q=patr%C3%ADcia%20abravanel&geo=BR"
"rony","1 mil+","26 de agosto de 2026 a las 21:40:00 UTC-3","27 de agosto de 2026 a las 0:30:00 UTC-3","rony","./explore?q=rony&geo=BR"
"al taawon x al feiha","2 mil+","25 de agosto de 2026 a las 12:20:00 UTC-3","25 de agosto de 2026 a las 15:50:00 UTC-3","al taawon x al feiha,al faisaly x al fateh,al fateh","./explore?q=al%20taawon%20x%20al%20feiha&geo=BR"
"casa pia","200+","30 de agosto de 2026 a las 15:40:00 UTC-3","30 de agosto de 2026 a las 16:40:00 UTC-3","casa pia,casa pia x moreirense","./explore?q=casa%20pia&geo=BR"
"resumo novela quem ama cuida","2 mil+","25 de agosto de 2026 a las 6:30:00 UTC-3","25 de agosto de 2026 a las 11:50:00 UTC-3","resumo novela quem ama cuida,novela quem ama cuida,novela quem ama cuida hoje","./explore?q=resumo%20novela%20quem%20ama%20cuida&geo=BR"
"austin fc","200+","30 de agosto de 2026 a las 0:30:00 UTC-3","30 de agosto de 2026 a las 2:30:00 UTC-3","austin fc","./explore?q=austin%20fc&geo=BR"
"gonzalo garcía","2 mil+","24 de agosto de 2026 a las 15:30:00 UTC-3","24 de agosto de 2026 a las 20:10:00 UTC-3","gonzalo garcía","./explore?q=gonzalo%20garc%C3%ADa&geo=BR"
"pokerstars tournaments","1 mil+","27 de agosto de 2026 a las 2:00:00 UTC-3","27 de agosto de 2026 a las 6:50:00 UTC-3","pokerstars tournaments","./explore?q=pokerstars%20tournaments&geo=BR"
"arda güler","200+","30 de agosto de 2026 a las 14:10:00 UTC-3","30 de agosto de 2026 a las 15:10:00 UTC-3","arda güler","./explore?q=arda%20g%C3%BCler&geo=BR"
"mateo cassierra","2 mil+","25 de agosto de 2026 a las 20:40:00 UTC-3","25 de agosto de 2026 a las 23:50:00 UTC-3","mateo cassierra,alan franco,tomás cuello","./explore?q=mateo%20cassierra&geo=BR"
"betis x","500+","29 de agosto de 2026 a las 13:10:00 UTC-3","29 de agosto de 2026 a las 14:40:00 UTC-3","betis x","./explore?q=betis%20x&geo=BR"
"previsão do tempo sorocaba","500+","29 de agosto de 2026 a las 8:10:00 UTC-3","29 de agosto de 2026 a las 10:10:00 UTC-3","previsão do tempo sorocaba","./explore?q=previs%C3%A3o%20do%20tempo%20sorocaba&geo=BR"
"bradford city x burnley","1 mil+","26 de agosto de 2026 a las 15:10:00 UTC-3","26 de agosto de 2026 a las 19:10:00 UTC-3","bradford city x burnley","./explore?q=bradford%20city%20x%20burnley&geo=BR"
"wolfsburg","2 mil+","24 de agosto de 2026 a las 13:00:00 UTC-3","24 de agosto de 2026 a las 17:00:00 UTC-3","wolfsburg","./explore?q=wolfsburg&geo=BR"
"terremoto colombia hoje","1 mil+","26 de agosto de 2026 a las 20:50:00 UTC-3","26 de agosto de 2026 a las 23:40:00 UTC-3","terremoto colombia hoje","./explore?q=terremoto%20colombia%20hoje&geo=BR"
"cuiaba","500+","29 de agosto de 2026 a las 20:00:00 UTC-3","29 de agosto de 2026 a las 21:30:00 UTC-3","cuiaba","./explore?q=cuiaba&geo=BR"
"hull city","500+","29 de agosto de 2026 a las 12:50:00 UTC-3","29 de agosto de 2026 a las 14:00:00 UTC-3","hull city","./explore?q=hull%20city&geo=BR"
"málaga x la coruña","2 mil+","24 de agosto de 2026 a las 15:50:00 UTC-3","24 de agosto de 2026 a las 20:20:00 UTC-3","málaga x la coruña,malaga x","./explore?q=m%C3%A1laga%20x%20la%20coru%C3%B1a&geo=BR"
"vovô anésio","2 mil+","26 de agosto de 2026 a las 8:20:00 UTC-3","26 de agosto de 2026 a las 15:40:00 UTC-3","vovô anésio,caio fiori dias","./explore?q=vov%C3%B4%20an%C3%A9sio&geo=BR"
"ney matogrosso","1 mil+","25 de agosto de 2026 a las 9:10:00 UTC-3","25 de agosto de 2026 a las 15:40:00 UTC-3","ney matogrosso","./explore?q=ney%20matogrosso&geo=BR"
"karol g","200+","30 de agosto de 2026 a las 18:40:00 UTC-3","30 de agosto de 2026 a las 19:40:00 UTC-3","karol g","./explore?q=karol%20g&geo=BR"
"xp investimentos","1 mil+","25 de agosto de 2026 a las 12:30:00 UTC-3","26 de agosto de 2026 a las 6:50:00 UTC-3","xp investimentos","./explore?q=xp%20investimentos&geo=BR"
"caze tv","500+","29 de agosto de 2026 a las 21:30:00 UTC-3","29 de agosto de 2026 a las 22:30:00 UTC-3","caze tv","./explore?q=caze%20tv&geo=BR"
"elena-gabriela ruse","200+","30 de agosto de 2026 a las 14:30:00 UTC-3","30 de agosto de 2026 a las 15:20:00 UTC-3","elena-gabriela ruse","./explore?q=elena-gabriela%20ruse&geo=BR"
"leon fc","1 mil+","25 de agosto de 2026 a las 23:30:00 UTC-3","26 de agosto de 2026 a las 7:30:00 UTC-3","leon fc,club leon fc","./explore?q=leon%20fc&geo=BR"
"augusto cury livros","1 mil+","29 de agosto de 2026 a las 22:00:00 UTC-3","29 de agosto de 2026 a las 22:40:00 UTC-3","augusto cury livros","./explore?q=augusto%20cury%20livros&geo=BR"
"forças armadas","1 mil+","24 de agosto de 2026 a las 15:30:00 UTC-3","25 de agosto de 2026 a las 7:50:00 UTC-3","forças armadas","./explore?q=for%C3%A7as%20armadas&geo=BR"
"sindicato bancários","2 mil+","27 de agosto de 2026 a las 15:50:00 UTC-3","27 de agosto de 2026 a las 19:40:00 UTC-3","sindicato bancários,sindicato,sindicato dos bancários de são paulo, osasco e região","./explore?q=sindicato%20banc%C3%A1rios&geo=BR"
"how to fish","1 mil+","25 de agosto de 2026 a las 19:20:00 UTC-3","26 de agosto de 2026 a las 2:40:00 UTC-3","how to fish","./explore?q=how%20to%20fish&geo=BR"
"ajuricaba","200+","30 de agosto de 2026 a las 20:10:00 UTC-3","30 de agosto de 2026 a las 20:50:00 UTC-3","ajuricaba","./explore?q=ajuricaba&geo=BR"
"copa do mundo 2026","1 mil+","25 de agosto de 2026 a las 19:40:00 UTC-3","26 de agosto de 2026 a las 6:40:00 UTC-3","copa do mundo 2026","./explore?q=copa%20do%20mundo%202026&geo=BR"
"serie b 2026","500+","28 de agosto de 2026 a las 21:20:00 UTC-3","28 de agosto de 2026 a las 23:20:00 UTC-3","serie b 2026","./explore?q=serie%20b%202026&geo=BR"
"tiririca","500+","28 de agosto de 2026 a las 9:50:00 UTC-3","28 de agosto de 2026 a las 18:30:00 UTC-3","tiririca","./explore?q=tiririca&geo=BR"
"sportynet","500+","29 de agosto de 2026 a las 16:50:00 UTC-3","29 de agosto de 2026 a las 19:20:00 UTC-3","sportynet","./explore?q=sportynet&geo=BR"
"roberta moreira luchsinger","1 mil+","25 de agosto de 2026 a las 7:00:00 UTC-3","25 de agosto de 2026 a las 11:50:00 UTC-3","roberta moreira luchsinger","./explore?q=roberta%20moreira%20luchsinger&geo=BR"
"radio itatiaia","2 mil+","25 de agosto de 2026 a las 20:50:00 UTC-3","26 de agosto de 2026 a las 0:10:00 UTC-3","radio itatiaia,walter salles","./explore?q=radio%20itatiaia&geo=BR"
"2008","1 mil+","25 de agosto de 2026 a las 13:40:00 UTC-3","25 de agosto de 2026 a las 19:20:00 UTC-3","2008","./explore?q=2008&geo=BR"
"previsão do tempo bh","200+","30 de agosto de 2026 a las 14:40:00 UTC-3","30 de agosto de 2026 a las 15:30:00 UTC-3","previsão do tempo bh","./explore?q=previs%C3%A3o%20do%20tempo%20bh&geo=BR"
"jessica pegula","200+","30 de agosto de 2026 a las 14:20:00 UTC-3","30 de agosto de 2026 a las 15:10:00 UTC-3","jessica pegula","./explore?q=jessica%20pegula&geo=BR"
"bernardo silva","200+","30 de agosto de 2026 a las 13:40:00 UTC-3","30 de agosto de 2026 a las 14:40:00 UTC-3","bernardo silva","./explore?q=bernardo%20silva&geo=BR"
"horóscopo signos","1 mil+","27 de agosto de 2026 a las 13:50:00 UTC-3","27 de agosto de 2026 a las 16:20:00 UTC-3","horóscopo signos,horóscopo","./explore?q=hor%C3%B3scopo%20signos&geo=BR"
"líder supremo do irã","200+","30 de agosto de 2026 a las 10:00:00 UTC-3","30 de agosto de 2026 a las 11:10:00 UTC-3","líder supremo do irã","./explore?q=l%C3%ADder%20supremo%20do%20ir%C3%A3&geo=BR"
"gate","200+","29 de agosto de 2026 a las 4:10:00 UTC-3","29 de agosto de 2026 a las 7:00:00 UTC-3","gate","./explore?q=gate&geo=BR"
"gaucha","500+","27 de agosto de 2026 a las 20:00:00 UTC-3","27 de agosto de 2026 a las 23:00:00 UTC-3","gaucha","./explore?q=gaucha&geo=BR"
"mundial de clubes","1 mil+","26 de agosto de 2026 a las 14:50:00 UTC-3","26 de agosto de 2026 a las 18:00:00 UTC-3","mundial de clubes","./explore?q=mundial%20de%20clubes&geo=BR"
"brighton","1 mil+","27 de agosto de 2026 a las 15:40:00 UTC-3","27 de agosto de 2026 a las 18:20:00 UTC-3","brighton","./explore?q=brighton&geo=BR"
"primevideo","1 mil+","27 de agosto de 2026 a las 19:40:00 UTC-3","27 de agosto de 2026 a las 21:20:00 UTC-3","primevideo","./explore?q=primevideo&geo=BR"
"copenhagen fc","1 mil+","27 de agosto de 2026 a las 14:00:00 UTC-3","27 de agosto de 2026 a las 17:00:00 UTC-3","copenhagen fc","./explore?q=copenhagen%20fc&geo=BR"
"luís castro","1 mil+","25 de agosto de 2026 a las 19:50:00 UTC-3","26 de agosto de 2026 a las 7:10:00 UTC-3","luís castro","./explore?q=lu%C3%ADs%20castro&geo=BR"
"programação globo hoje","2 mil+","26 de agosto de 2026 a las 19:40:00 UTC-3","26 de agosto de 2026 a las 21:50:00 UTC-3","programação globo hoje,programação da globo hoje,sessao da tarde hoje,chris pine","./explore?q=programa%C3%A7%C3%A3o%20globo%20hoje&geo=BR"
"keira knightley","500+","29 de agosto de 2026 a las 14:10:00 UTC-3","29 de agosto de 2026 a las 19:40:00 UTC-3","keira knightley","./explore?q=keira%20knightley&geo=BR"
"chicago fire fc","200+","29 de agosto de 2026 a las 18:00:00 UTC-3","29 de agosto de 2026 a las 20:20:00 UTC-3","chicago fire fc","./explore?q=chicago%20fire%20fc&geo=BR"
"nico williams","500+","27 de agosto de 2026 a las 16:10:00 UTC-3","27 de agosto de 2026 a las 19:10:00 UTC-3","nico williams","./explore?q=nico%20williams&geo=BR"
"nottingham forest football club","1 mil+","25 de agosto de 2026 a las 12:20:00 UTC-3","25 de agosto de 2026 a las 19:00:00 UTC-3","nottingham forest football club,liam delap","./explore?q=nottingham%20forest%20football%20club&geo=BR"
"metrô","1 mil+","24 de agosto de 2026 a las 14:30:00 UTC-3","24 de agosto de 2026 a las 20:00:00 UTC-3","metrô","./explore?q=metr%C3%B4&geo=BR"
"tce go","1 mil+","25 de agosto de 2026 a las 9:40:00 UTC-3","25 de agosto de 2026 a las 16:20:00 UTC-3","tce go,tce go concurso,edital tce go","./explore?q=tce%20go&geo=BR"
"al feiha x abha","500+","28 de agosto de 2026 a las 12:20:00 UTC-3","28 de agosto de 2026 a las 15:20:00 UTC-3","al feiha x abha","./explore?q=al%20feiha%20x%20abha&geo=BR"
"habitação","1 mil+","26 de agosto de 2026 a las 17:10:00 UTC-3","27 de agosto de 2026 a las 9:10:00 UTC-3","habitação","./explore?q=habita%C3%A7%C3%A3o&geo=BR"
"atletico nacional","500+","26 de agosto de 2026 a las 22:20:00 UTC-3","27 de agosto de 2026 a las 2:10:00 UTC-3","atletico nacional","./explore?q=atletico%20nacional&geo=BR"
"aeroporto internacional do rio de janeiro - galeão – antonio carlos jobim","1 mil+","24 de agosto de 2026 a las 20:00:00 UTC-3","25 de agosto de 2026 a las 6:40:00 UTC-3","aeroporto internacional do rio de janeiro - galeão – antonio carlos jobim","./explore?q=aeroporto%20internacional%20do%20rio%20de%20janeiro%20-%20gale%C3%A3o%20%E2%80%93%20antonio%20carlos%20jobim&geo=BR"
"bukele","1 mil+","26 de agosto de 2026 a las 20:20:00 UTC-3","27 de agosto de 2026 a las 1:20:00 UTC-3","bukele","./explore?q=bukele&geo=BR"
"freiburg x motherwell","500+","27 de agosto de 2026 a las 13:10:00 UTC-3","27 de agosto de 2026 a las 16:20:00 UTC-3","freiburg x motherwell","./explore?q=freiburg%20x%20motherwell&geo=BR"
"pix","5 mil+","25 de agosto de 2026 a las 12:30:00 UTC-3","25 de agosto de 2026 a las 13:20:00 UTC-3","pix","./explore?q=pix&geo=BR"
"paris","500+","28 de agosto de 2026 a las 17:20:00 UTC-3","28 de agosto de 2026 a las 19:30:00 UTC-3","paris","./explore?q=paris&geo=BR"
"mainz 05 x paderborn 07","500+","29 de agosto de 2026 a las 11:10:00 UTC-3","29 de agosto de 2026 a las 13:00:00 UTC-3","mainz 05 x paderborn 07,mainz 05","./explore?q=mainz%2005%20x%20paderborn%2007&geo=BR"
"união são joão x bandeirante de birigui","200+","29 de agosto de 2026 a las 18:20:00 UTC-3","29 de agosto de 2026 a las 20:40:00 UTC-3","união são joão x bandeirante de birigui","./explore?q=uni%C3%A3o%20s%C3%A3o%20jo%C3%A3o%20x%20bandeirante%20de%20birigui&geo=BR"
"viking x dínamo","1 mil+","26 de agosto de 2026 a las 16:10:00 UTC-3","26 de agosto de 2026 a las 19:30:00 UTC-3","viking x dínamo,dinamo zagreb","./explore?q=viking%20x%20d%C3%ADnamo&geo=BR"
"matheus pereira","2 mil+","25 de agosto de 2026 a las 22:10:00 UTC-3","25 de agosto de 2026 a las 23:40:00 UTC-3","matheus pereira","./explore?q=matheus%20pereira&geo=BR"
"ben affleck","200+","30 de agosto de 2026 a las 2:50:00 UTC-3","30 de agosto de 2026 a las 4:20:00 UTC-3","ben affleck","./explore?q=ben%20affleck&geo=BR"
"ps5 preço","500+","27 de agosto de 2026 a las 16:30:00 UTC-3","28 de agosto de 2026 a las 0:30:00 UTC-3","ps5 preço","./explore?q=ps5%20pre%C3%A7o&geo=BR"
"caxias","200+","29 de agosto de 2026 a las 18:20:00 UTC-3","29 de agosto de 2026 a las 19:50:00 UTC-3","caxias","./explore?q=caxias&geo=BR"
"rennes x","200+","30 de agosto de 2026 a las 14:00:00 UTC-3","30 de agosto de 2026 a las 15:00:00 UTC-3","rennes x","./explore?q=rennes%20x&geo=BR"
"osmarzinho","1 mil+","26 de agosto de 2026 a las 22:40:00 UTC-3","27 de agosto de 2026 a las 15:10:00 UTC-3","osmarzinho","./explore?q=osmarzinho&geo=BR"
"austria wien x braga","1 mil+","27 de agosto de 2026 a las 15:40:00 UTC-3","27 de agosto de 2026 a las 18:20:00 UTC-3","austria wien x braga,braga,braga fc","./explore?q=austria%20wien%20x%20braga&geo=BR"
"schalke","2 mil+","24 de agosto de 2026 a las 16:00:00 UTC-3","24 de agosto de 2026 a las 19:20:00 UTC-3","schalke,schalke 04","./explore?q=schalke&geo=BR"
"filho do lula","1 mil+","27 de agosto de 2026 a las 21:00:00 UTC-3","27 de agosto de 2026 a las 23:00:00 UTC-3","filho do lula,filho de lula","./explore?q=filho%20do%20lula&geo=BR"
"republica em disputa","500+","28 de agosto de 2026 a las 20:30:00 UTC-3","29 de agosto de 2026 a las 2:10:00 UTC-3","republica em disputa","./explore?q=republica%20em%20disputa&geo=BR"
"mariana fagundes","1 mil+","26 de agosto de 2026 a las 13:20:00 UTC-3","26 de agosto de 2026 a las 17:20:00 UTC-3","mariana fagundes","./explore?q=mariana%20fagundes&geo=BR"
"europa league","1 mil+","27 de agosto de 2026 a las 14:40:00 UTC-3","27 de agosto de 2026 a las 17:50:00 UTC-3","europa league,anderlecht","./explore?q=europa%20league&geo=BR"
"lion fc","200+","29 de agosto de 2026 a las 17:00:00 UTC-3","29 de agosto de 2026 a las 18:30:00 UTC-3","lion fc","./explore?q=lion%20fc&geo=BR"
"erick noriega","500+","27 de agosto de 2026 a las 20:00:00 UTC-3","27 de agosto de 2026 a las 23:00:00 UTC-3","erick noriega","./explore?q=erick%20noriega&geo=BR"
"talleres","200+","29 de agosto de 2026 a las 22:50:00 UTC-3","30 de agosto de 2026 a las 0:10:00 UTC-3","talleres","./explore?q=talleres&geo=BR"
"denzel washington","2 mil+","24 de agosto de 2026 a las 13:00:00 UTC-3","24 de agosto de 2026 a las 16:10:00 UTC-3","denzel washington","./explore?q=denzel%20washington&geo=BR"
"d","100+","31 de agosto de 2026 a las 4:00:00 UTC-3","31 de agosto de 2026 a las 4:30:00 UTC-3","d","./explore?q=d&geo=BR"
"burnley","1 mil+","26 de agosto de 2026 a las 16:40:00 UTC-3","26 de agosto de 2026 a las 19:10:00 UTC-3","burnley","./explore?q=burnley&geo=BR"
"jablonec x rangers","500+","27 de agosto de 2026 a las 12:20:00 UTC-3","27 de agosto de 2026 a las 16:30:00 UTC-3","jablonec x rangers","./explore?q=jablonec%20x%20rangers&geo=BR"
"maisie williams","500+","27 de agosto de 2026 a las 23:20:00 UTC-3","28 de agosto de 2026 a las 22:50:00 UTC-3","maisie williams","./explore?q=maisie%20williams&geo=BR"
"cidadania","1 mil+","26 de agosto de 2026 a las 16:00:00 UTC-3","26 de agosto de 2026 a las 19:50:00 UTC-3","cidadania","./explore?q=cidadania&geo=BR"
"thainá duarte","500+","28 de agosto de 2026 a las 14:00:00 UTC-3","28 de agosto de 2026 a las 16:20:00 UTC-3","thainá duarte","./explore?q=thain%C3%A1%20duarte&geo=BR"
"spurs","200+","29 de agosto de 2026 a las 14:10:00 UTC-3","29 de agosto de 2026 a las 16:10:00 UTC-3","spurs","./explore?q=spurs&geo=BR"
"binance exchange","500+","26 de agosto de 2026 a las 1:10:00 UTC-3","26 de agosto de 2026 a las 7:20:00 UTC-3","binance exchange","./explore?q=binance%20exchange&geo=BR"
"ipswich town x leicester city","1 mil+","25 de agosto de 2026 a las 16:00:00 UTC-3","25 de agosto de 2026 a las 19:10:00 UTC-3","ipswich town x leicester city","./explore?q=ipswich%20town%20x%20leicester%20city&geo=BR"
"renan bolsonaro","500+","28 de agosto de 2026 a las 21:40:00 UTC-3","28 de agosto de 2026 a las 23:30:00 UTC-3","renan bolsonaro","./explore?q=renan%20bolsonaro&geo=BR"
"masoud pezeshkian","200+","29 de agosto de 2026 a las 18:10:00 UTC-3","29 de agosto de 2026 a las 20:00:00 UTC-3","masoud pezeshkian","./explore?q=masoud%20pezeshkian&geo=BR"
"gil vicente x casa pia","2 mil+","24 de agosto de 2026 a las 15:40:00 UTC-3","24 de agosto de 2026 a las 20:00:00 UTC-3","gil vicente x casa pia,gil vicente","./explore?q=gil%20vicente%20x%20casa%20pia&geo=BR"
"robinson monteiro","500+","27 de agosto de 2026 a las 17:00:00 UTC-3","27 de agosto de 2026 a las 19:20:00 UTC-3","robinson monteiro","./explore?q=robinson%20monteiro&geo=BR"
"boca junior","200+","28 de agosto de 2026 a las 22:40:00 UTC-3","29 de agosto de 2026 a las 0:50:00 UTC-3","boca junior","./explore?q=boca%20junior&geo=BR"
"semaglutide","1 mil+","28 de agosto de 2026 a las 17:20:00 UTC-3","28 de agosto de 2026 a las 18:20:00 UTC-3","semaglutide","./explore?q=semaglutide&geo=BR"
"atalanta","1 mil+","27 de agosto de 2026 a las 16:30:00 UTC-3","27 de agosto de 2026 a las 17:50:00 UTC-3","atalanta","./explore?q=atalanta&geo=BR"
"janguiê diniz","500+","26 de agosto de 2026 a las 23:20:00 UTC-3","27 de agosto de 2026 a las 8:40:00 UTC-3","janguiê diniz","./explore?q=jangui%C3%AA%20diniz&geo=BR"
"dupla sertaneja","1 mil+","24 de agosto de 2026 a las 16:20:00 UTC-3","24 de agosto de 2026 a las 20:00:00 UTC-3","dupla sertaneja","./explore?q=dupla%20sertaneja&geo=BR"
"idib araguaina","500+","27 de agosto de 2026 a las 7:30:00 UTC-3","27 de agosto de 2026 a las 13:20:00 UTC-3","idib araguaina","./explore?q=idib%20araguaina&geo=BR"
"coventry city","200+","29 de agosto de 2026 a las 12:10:00 UTC-3","29 de agosto de 2026 a las 13:50:00 UTC-3","coventry city","./explore?q=coventry%20city&geo=BR"
"aek atenas levski sofia 26/08/2026","1 mil+","26 de agosto de 2026 a las 16:20:00 UTC-3","26 de agosto de 2026 a las 18:40:00 UTC-3","aek atenas levski sofia 26/08/2026,aek atenas x levski sofia","./explore?q=aek%20atenas%20levski%20sofia%2026%2F08%2F2026&geo=BR"
"tiro","500+","27 de agosto de 2026 a las 17:20:00 UTC-3","27 de agosto de 2026 a las 19:30:00 UTC-3","tiro","./explore?q=tiro&geo=BR"
"quiz","500+","29 de agosto de 2026 a las 20:40:00 UTC-3","29 de agosto de 2026 a las 21:30:00 UTC-3","quiz","./explore?q=quiz&geo=BR"
"qarabag","500+","27 de agosto de 2026 a las 13:10:00 UTC-3","27 de agosto de 2026 a las 16:00:00 UTC-3","qarabag","./explore?q=qarabag&geo=BR"
"pokerstars tournaments","500+","26 de agosto de 2026 a las 1:00:00 UTC-3","26 de agosto de 2026 a las 7:10:00 UTC-3","pokerstars tournaments","./explore?q=pokerstars%20tournaments&geo=BR"
"boston river x cerro","200+","29 de agosto de 2026 a las 13:50:00 UTC-3","29 de agosto de 2026 a las 15:30:00 UTC-3","boston river x cerro","./explore?q=boston%20river%20x%20cerro&geo=BR"
"maíra dieckmann","1 mil+","24 de agosto de 2026 a las 21:00:00 UTC-3","25 de agosto de 2026 a las 8:20:00 UTC-3","maíra dieckmann","./explore?q=ma%C3%ADra%20dieckmann&geo=BR"
"viking fk","1 mil+","26 de agosto de 2026 a las 13:20:00 UTC-3","26 de agosto de 2026 a las 19:00:00 UTC-3","viking fk","./explore?q=viking%20fk&geo=BR"
"marlon freitas","500+","26 de agosto de 2026 a las 21:10:00 UTC-3","27 de agosto de 2026 a las 0:20:00 UTC-3","marlon freitas","./explore?q=marlon%20freitas&geo=BR"
"nacionalidade italiana","200+","29 de agosto de 2026 a las 13:00:00 UTC-3","29 de agosto de 2026 a las 14:40:00 UTC-3","nacionalidade italiana","./explore?q=nacionalidade%20italiana&geo=BR"
"liga mx","200+","29 de agosto de 2026 a las 0:10:00 UTC-3","29 de agosto de 2026 a las 2:20:00 UTC-3","liga mx","./explore?q=liga%20mx&geo=BR"
"bernard","1 mil+","25 de agosto de 2026 a las 20:50:00 UTC-3","26 de agosto de 2026 a las 0:00:00 UTC-3","bernard","./explore?q=bernard&geo=BR"
"como perder um homem em 10 dias","1 mil+","24 de agosto de 2026 a las 21:10:00 UTC-3","25 de agosto de 2026 a las 21:40:00 UTC-3","como perder um homem em 10 dias","./explore?q=como%20perder%20um%20homem%20em%2010%20dias&geo=BR"
"twitch","2 mil+","29 de agosto de 2026 a las 17:40:00 UTC-3","29 de agosto de 2026 a las 18:00:00 UTC-3","twitch","./explore?q=twitch&geo=BR"
"dia d","1 mil+","26 de agosto de 2026 a las 22:50:00 UTC-3","27 de agosto de 2026 a las 2:20:00 UTC-3","dia d","./explore?q=dia%20d&geo=BR"
"blogueirinha","500+","27 de agosto de 2026 a las 10:10:00 UTC-3","27 de agosto de 2026 a las 13:20:00 UTC-3","blogueirinha","./explore?q=blogueirinha&geo=BR"
"ready or not","500+","27 de agosto de 2026 a las 23:00:00 UTC-3","28 de agosto de 2026 a las 2:30:00 UTC-3","ready or not","./explore?q=ready%20or%20not&geo=BR"
"binance buy crypto","500+","26 de agosto de 2026 a las 1:10:00 UTC-3","26 de agosto de 2026 a las 7:10:00 UTC-3","binance buy crypto","./explore?q=binance%20buy%20crypto&geo=BR"
"morgan rogers","1 mil+","24 de agosto de 2026 a las 15:50:00 UTC-3","24 de agosto de 2026 a las 19:30:00 UTC-3","morgan rogers","./explore?q=morgan%20rogers&geo=BR"
"bernardinho","500+","26 de agosto de 2026 a las 6:00:00 UTC-3","26 de agosto de 2026 a las 16:20:00 UTC-3","bernardinho","./explore?q=bernardinho&geo=BR"
"litoral de são paulo","1 mil+","26 de agosto de 2026 a las 19:10:00 UTC-3","26 de agosto de 2026 a las 22:00:00 UTC-3","litoral de são paulo","./explore?q=litoral%20de%20s%C3%A3o%20paulo&geo=BR"
"copa do mundo","1 mil+","26 de agosto de 2026 a las 6:10:00 UTC-3","26 de agosto de 2026 a las 9:00:00 UTC-3","copa do mundo","./explore?q=copa%20do%20mundo&geo=BR"
"campeonato mundial de voleibol masculino sub-17","1 mil+","25 de agosto de 2026 a las 18:00:00 UTC-3","25 de agosto de 2026 a las 21:50:00 UTC-3","campeonato mundial de voleibol masculino sub-17","./explore?q=campeonato%20mundial%20de%20voleibol%20masculino%20sub-17&geo=BR"
"tabela campeonato brasileiro","200+","29 de agosto de 2026 a las 23:50:00 UTC-3","30 de agosto de 2026 a las 7:20:00 UTC-3","tabela campeonato brasileiro","./explore?q=tabela%20campeonato%20brasileiro&geo=BR"
"banco brb","1 mil+","26 de agosto de 2026 a las 15:30:00 UTC-3","26 de agosto de 2026 a las 19:10:00 UTC-3","banco brb,tjba","./explore?q=banco%20brb&geo=BR"
"rapid wien x hearts","500+","26 de agosto de 2026 a las 13:20:00 UTC-3","26 de agosto de 2026 a las 17:00:00 UTC-3","rapid wien x hearts","./explore?q=rapid%20wien%20x%20hearts&geo=BR"
"festival","200+","29 de agosto de 2026 a las 8:30:00 UTC-3","29 de agosto de 2026 a las 11:10:00 UTC-3","festival","./explore?q=festival&geo=BR"
"club leon fc","200+","28 de agosto de 2026 a las 23:20:00 UTC-3","29 de agosto de 2026 a las 1:40:00 UTC-3","club leon fc","./explore?q=club%20leon%20fc&geo=BR"
"as roma","2 mil+","24 de agosto de 2026 a las 15:50:00 UTC-3","24 de agosto de 2026 a las 18:50:00 UTC-3","as roma,fiorentina","./explore?q=as%20roma&geo=BR"
"cobresal","500+","28 de agosto de 2026 a las 20:30:00 UTC-3","28 de agosto de 2026 a las 22:20:00 UTC-3","cobresal,palestino","./explore?q=cobresal&geo=BR"
"jogada de risco","500+","29 de agosto de 2026 a las 0:30:00 UTC-3","29 de agosto de 2026 a las 2:00:00 UTC-3","jogada de risco","./explore?q=jogada%20de%20risco&geo=BR"
"mauro icardi","1 mil+","26 de agosto de 2026 a las 17:30:00 UTC-3","26 de agosto de 2026 a las 20:30:00 UTC-3","mauro icardi","./explore?q=mauro%20icardi&geo=BR"
"fenerbahçe","2 mil+","26 de agosto de 2026 a las 17:50:00 UTC-3","26 de agosto de 2026 a las 19:00:00 UTC-3","fenerbahçe","./explore?q=fenerbah%C3%A7e&geo=BR"
"guarani fc","200+","29 de agosto de 2026 a las 18:40:00 UTC-3","29 de agosto de 2026 a las 20:00:00 UTC-3","guarani fc","./explore?q=guarani%20fc&geo=BR"
"brb","500+","28 de agosto de 2026 a las 19:00:00 UTC-3","28 de agosto de 2026 a las 20:50:00 UTC-3","brb","./explore?q=brb&geo=BR"
"pafos","1 mil+","27 de agosto de 2026 a las 15:40:00 UTC-3","27 de agosto de 2026 a las 17:30:00 UTC-3","pafos,pafos fc","./explore?q=pafos&geo=BR"
"drica moraes","500+","27 de agosto de 2026 a las 23:50:00 UTC-3","28 de agosto de 2026 a las 1:20:00 UTC-3","drica moraes","./explore?q=drica%20moraes&geo=BR"
"claudia leitte","1 mil+","24 de agosto de 2026 a las 19:30:00 UTC-3","25 de agosto de 2026 a las 7:50:00 UTC-3","claudia leitte","./explore?q=claudia%20leitte&geo=BR"
"fim da escala 6x1","500+","26 de agosto de 2026 a las 8:00:00 UTC-3","26 de agosto de 2026 a las 12:20:00 UTC-3","fim da escala 6x1","./explore?q=fim%20da%20escala%206x1&geo=BR"
"playstation 5","2 mil+","26 de agosto de 2026 a las 15:40:00 UTC-3","26 de agosto de 2026 a las 17:50:00 UTC-3","playstation 5","./explore?q=playstation%205&geo=BR"
"johan carbonero","500+","27 de agosto de 2026 a las 20:00:00 UTC-3","27 de agosto de 2026 a las 22:30:00 UTC-3","johan carbonero","./explore?q=johan%20carbonero&geo=BR"
"alan palmeiras","1 mil+","26 de agosto de 2026 a las 21:20:00 UTC-3","27 de agosto de 2026 a las 0:00:00 UTC-3","alan palmeiras","./explore?q=alan%20palmeiras&geo=BR"
"explosão","500+","28 de agosto de 2026 a las 20:50:00 UTC-3","28 de agosto de 2026 a las 22:40:00 UTC-3","explosão","./explore?q=explos%C3%A3o&geo=BR"
"twente","200+","30 de agosto de 2026 a las 15:30:00 UTC-3","30 de agosto de 2026 a las 16:10:00 UTC-3","twente","./explore?q=twente&geo=BR"
"christiane torloni","1 mil+","25 de agosto de 2026 a las 6:10:00 UTC-3","25 de agosto de 2026 a las 13:20:00 UTC-3","christiane torloni","./explore?q=christiane%20torloni&geo=BR"
"rapid vienna","500+","26 de agosto de 2026 a las 14:00:00 UTC-3","26 de agosto de 2026 a las 17:10:00 UTC-3","rapid vienna","./explore?q=rapid%20vienna&geo=BR"
"h","100+","31 de agosto de 2026 a las 3:10:00 UTC-3","31 de agosto de 2026 a las 4:40:00 UTC-3","h","./explore?q=h&geo=BR"
"carolina dieckmmann","500+","27 de agosto de 2026 a las 13:20:00 UTC-3","27 de agosto de 2026 a las 17:00:00 UTC-3","carolina dieckmmann","./explore?q=carolina%20dieckmmann&geo=BR"
"paolla oliveira","1 mil+","24 de agosto de 2026 a las 17:00:00 UTC-3","24 de agosto de 2026 a las 21:40:00 UTC-3","paolla oliveira","./explore?q=paolla%20oliveira&geo=BR"
"nvidia","1 mil+","26 de agosto de 2026 a las 17:20:00 UTC-3","27 de agosto de 2026 a las 0:40:00 UTC-3","nvidia","./explore?q=nvidia&geo=BR"
"bershka","1 mil+","27 de agosto de 2026 a las 14:40:00 UTC-3","28 de agosto de 2026 a las 2:00:00 UTC-3","bershka","./explore?q=bershka&geo=BR"
"binance buy crypto","500+","27 de agosto de 2026 a las 2:40:00 UTC-3","27 de agosto de 2026 a las 6:40:00 UTC-3","binance buy crypto","./explore?q=binance%20buy%20crypto&geo=BR"
"hoffenheim","200+","29 de agosto de 2026 a las 10:50:00 UTC-3","29 de agosto de 2026 a las 13:10:00 UTC-3","hoffenheim","./explore?q=hoffenheim&geo=BR"
"n3on","500+","27 de agosto de 2026 a las 18:30:00 UTC-3","27 de agosto de 2026 a las 20:40:00 UTC-3","n3on","./explore?q=n3on&geo=BR"
"fase da lua hoje","1 mil+","27 de agosto de 2026 a las 18:30:00 UTC-3","27 de agosto de 2026 a las 20:30:00 UTC-3","fase da lua hoje,como esta a lua agora,lua cheia,como está a lua agora","./explore?q=fase%20da%20lua%20hoje&geo=BR"
"binance","500+","26 de agosto de 2026 a las 1:20:00 UTC-3","26 de agosto de 2026 a las 6:30:00 UTC-3","binance","./explore?q=binance&geo=BR"
"lens x","200+","29 de agosto de 2026 a las 13:20:00 UTC-3","29 de agosto de 2026 a las 15:10:00 UTC-3","lens x","./explore?q=lens%20x&geo=BR"
"corinthians feminino","1 mil+","26 de agosto de 2026 a las 18:40:00 UTC-3","26 de agosto de 2026 a las 21:10:00 UTC-3","corinthians feminino","./explore?q=corinthians%20feminino&geo=BR"
"papa leão xiv","200+","29 de agosto de 2026 a las 13:20:00 UTC-3","29 de agosto de 2026 a las 15:00:00 UTC-3","papa leão xiv","./explore?q=papa%20le%C3%A3o%20xiv&geo=BR"
"bidon","200+","30 de agosto de 2026 a las 16:40:00 UTC-3","30 de agosto de 2026 a las 17:10:00 UTC-3","bidon","./explore?q=bidon&geo=BR"
"thiago seyboth wild","1 mil+","26 de agosto de 2026 a las 15:30:00 UTC-3","26 de agosto de 2026 a las 17:30:00 UTC-3","thiago seyboth wild,gustavo heide","./explore?q=thiago%20seyboth%20wild&geo=BR"
"campeonato turco","200+","29 de agosto de 2026 a las 15:30:00 UTC-3","29 de agosto de 2026 a las 17:00:00 UTC-3","campeonato turco","./explore?q=campeonato%20turco&geo=BR"
"lucro","500+","27 de agosto de 2026 a las 12:20:00 UTC-3","27 de agosto de 2026 a las 19:50:00 UTC-3","lucro","./explore?q=lucro&geo=BR"
"daniil medvedev","1 mil+","25 de agosto de 2026 a las 19:40:00 UTC-3","25 de agosto de 2026 a las 22:30:00 UTC-3","daniil medvedev","./explore?q=daniil%20medvedev&geo=BR"
"libertad x san lorenzo","1 mil+","24 de agosto de 2026 a las 18:00:00 UTC-3","24 de agosto de 2026 a las 21:00:00 UTC-3","libertad x san lorenzo","./explore?q=libertad%20x%20san%20lorenzo&geo=BR"
"rennes fc","100+","30 de agosto de 2026 a las 14:10:00 UTC-3","30 de agosto de 2026 a las 15:00:00 UTC-3","rennes fc","./explore?q=rennes%20fc&geo=BR"
"setembro amarelo","1 mil+","25 de agosto de 2026 a las 8:30:00 UTC-3","25 de agosto de 2026 a las 15:50:00 UTC-3","setembro amarelo","./explore?q=setembro%20amarelo&geo=BR"
"vasco vs","1 mil+","26 de agosto de 2026 a las 22:10:00 UTC-3","27 de agosto de 2026 a las 0:50:00 UTC-3","vasco vs,jogos de vasco","./explore?q=vasco%20vs&geo=BR"
"jonathan wheatley","200+","28 de agosto de 2026 a las 20:10:00 UTC-3","29 de agosto de 2026 a las 8:50:00 UTC-3","jonathan wheatley","./explore?q=jonathan%20wheatley&geo=BR"
"shakhtar donetsk","200+","29 de agosto de 2026 a las 12:50:00 UTC-3","29 de agosto de 2026 a las 14:20:00 UTC-3","shakhtar donetsk","./explore?q=shakhtar%20donetsk&geo=BR"
"david beckham","1 mil+","25 de agosto de 2026 a las 14:50:00 UTC-3","25 de agosto de 2026 a las 17:00:00 UTC-3","david beckham","./explore?q=david%20beckham&geo=BR"
"deportivo pasto","500+","27 de agosto de 2026 a las 22:20:00 UTC-3","28 de agosto de 2026 a las 6:00:00 UTC-3","deportivo pasto","./explore?q=deportivo%20pasto&geo=BR"
"nottingham forest","1 mil+","25 de agosto de 2026 a las 16:50:00 UTC-3","25 de agosto de 2026 a las 18:50:00 UTC-3","nottingham forest","./explore?q=nottingham%20forest&geo=BR"
"wolney queiroz","500+","28 de agosto de 2026 a las 17:00:00 UTC-3","28 de agosto de 2026 a las 20:00:00 UTC-3","wolney queiroz","./explore?q=wolney%20queiroz&geo=BR"
"20:20","200+","29 de agosto de 2026 a las 20:20:00 UTC-3","29 de agosto de 2026 a las 21:20:00 UTC-3","20:20","./explore?q=20%3A20&geo=BR"
"real potosi","500+","26 de agosto de 2026 a las 20:00:00 UTC-3","26 de agosto de 2026 a las 22:20:00 UTC-3","real potosi","./explore?q=real%20potosi&geo=BR"
"eliminado masterchef","1 mil+","26 de agosto de 2026 a las 15:20:00 UTC-3","26 de agosto de 2026 a las 17:20:00 UTC-3","eliminado masterchef,quem saiu do masterchef ontem,quem saiu do masterchef,masterchef 2026","./explore?q=eliminado%20masterchef&geo=BR"
"profissão","500+","26 de agosto de 2026 a las 12:10:00 UTC-3","26 de agosto de 2026 a las 16:30:00 UTC-3","profissão","./explore?q=profiss%C3%A3o&geo=BR"
"samara felippo","500+","25 de agosto de 2026 a las 12:10:00 UTC-3","25 de agosto de 2026 a las 17:20:00 UTC-3","samara felippo","./explore?q=samara%20felippo&geo=BR"
"cap","1 mil+","24 de agosto de 2026 a las 20:20:00 UTC-3","24 de agosto de 2026 a las 23:00:00 UTC-3","cap","./explore?q=cap&geo=BR"
"exequiel palacios","100+","30 de agosto de 2026 a las 13:40:00 UTC-3","30 de agosto de 2026 a las 14:30:00 UTC-3","exequiel palacios","./explore?q=exequiel%20palacios&geo=BR"
"orlando city","200+","29 de agosto de 2026 a las 23:40:00 UTC-3","30 de agosto de 2026 a las 0:40:00 UTC-3","orlando city","./explore?q=orlando%20city&geo=BR"
"daniel paulista","1 mil+","24 de agosto de 2026 a las 16:10:00 UTC-3","24 de agosto de 2026 a las 19:40:00 UTC-3","daniel paulista","./explore?q=daniel%20paulista&geo=BR"
"previsão do tempo londrina","500+","29 de agosto de 2026 a las 15:30:00 UTC-3","29 de agosto de 2026 a las 16:30:00 UTC-3","previsão do tempo londrina","./explore?q=previs%C3%A3o%20do%20tempo%20londrina&geo=BR"
"zagueiro","200+","29 de agosto de 2026 a las 5:50:00 UTC-3","29 de agosto de 2026 a las 8:40:00 UTC-3","zagueiro","./explore?q=zagueiro&geo=BR"
"binance","500+","27 de agosto de 2026 a las 3:10:00 UTC-3","27 de agosto de 2026 a las 6:40:00 UTC-3","binance","./explore?q=binance&geo=BR"
"victor munoz","200+","29 de agosto de 2026 a las 9:50:00 UTC-3","29 de agosto de 2026 a las 11:10:00 UTC-3","victor munoz","./explore?q=victor%20munoz&geo=BR"
"globoplay ao vivo","200+","29 de agosto de 2026 a las 21:50:00 UTC-3","29 de agosto de 2026 a las 22:50:00 UTC-3","globoplay ao vivo","./explore?q=globoplay%20ao%20vivo&geo=BR"
"fulham x","500+","27 de agosto de 2026 a las 16:20:00 UTC-3","27 de agosto de 2026 a las 18:50:00 UTC-3","fulham x","./explore?q=fulham%20x&geo=BR"
"russia","500+","25 de agosto de 2026 a las 22:10:00 UTC-3","26 de agosto de 2026 a las 7:00:00 UTC-3","russia","./explore?q=russia&geo=BR"
"sabah fc","1 mil+","25 de agosto de 2026 a las 13:40:00 UTC-3","25 de agosto de 2026 a las 17:20:00 UTC-3","sabah fc,fc sabah,sabah","./explore?q=sabah%20fc&geo=BR"
"ronnie lessa","500+","27 de agosto de 2026 a las 22:50:00 UTC-3","28 de agosto de 2026 a las 0:40:00 UTC-3","ronnie lessa","./explore?q=ronnie%20lessa&geo=BR"
"filme flamin","1 mil+","26 de agosto de 2026 a las 18:30:00 UTC-3","26 de agosto de 2026 a las 20:30:00 UTC-3","filme flamin,sessao da tarde hoje","./explore?q=filme%20flamin&geo=BR"
"tiago santos","500+","28 de agosto de 2026 a las 17:00:00 UTC-3","28 de agosto de 2026 a las 18:40:00 UTC-3","tiago santos","./explore?q=tiago%20santos&geo=BR"
"club américa columbus crew 26/08/2026","500+","27 de agosto de 2026 a las 0:10:00 UTC-3","27 de agosto de 2026 a las 6:30:00 UTC-3","club américa columbus crew 26/08/2026","./explore?q=club%20am%C3%A9rica%20columbus%20crew%2026%2F08%2F2026&geo=BR"
"binance buy crypto","200+","28 de agosto de 2026 a las 3:10:00 UTC-3","28 de agosto de 2026 a las 6:00:00 UTC-3","binance buy crypto","./explore?q=binance%20buy%20crypto&geo=BR"
"rayssa furlan","500+","26 de agosto de 2026 a las 5:00:00 UTC-3","26 de agosto de 2026 a las 8:40:00 UTC-3","rayssa furlan","./explore?q=rayssa%20furlan&geo=BR"
"sebastián driussi","500+","26 de agosto de 2026 a las 22:40:00 UTC-3","27 de agosto de 2026 a las 2:10:00 UTC-3","sebastián driussi","./explore?q=sebasti%C3%A1n%20driussi&geo=BR"
"petr4","1 mil+","27 de agosto de 2026 a las 18:00:00 UTC-3","27 de agosto de 2026 a las 19:20:00 UTC-3","petr4","./explore?q=petr4&geo=BR"
"qarabağ x twente","500+","27 de agosto de 2026 a las 12:30:00 UTC-3","27 de agosto de 2026 a las 16:00:00 UTC-3","qarabağ x twente","./explore?q=qaraba%C4%9F%20x%20twente&geo=BR"
"jaques wagner","500+","27 de agosto de 2026 a las 21:20:00 UTC-3","27 de agosto de 2026 a las 23:00:00 UTC-3","jaques wagner","./explore?q=jaques%20wagner&geo=BR"
"villareal","500+","28 de agosto de 2026 a las 18:00:00 UTC-3","28 de agosto de 2026 a las 19:20:00 UTC-3","villareal,deportivo alavés","./explore?q=villareal&geo=BR"
"jogos do vasco","200+","29 de agosto de 2026 a las 23:20:00 UTC-3","30 de agosto de 2026 a las 0:30:00 UTC-3","jogos do vasco,vasco jogos","./explore?q=jogos%20do%20vasco&geo=BR"
"sarmiento","200+","28 de agosto de 2026 a las 19:00:00 UTC-3","28 de agosto de 2026 a las 21:10:00 UTC-3","sarmiento","./explore?q=sarmiento&geo=BR"
"acidade on campinas","1 mil+","24 de agosto de 2026 a las 13:40:00 UTC-3","24 de agosto de 2026 a las 18:50:00 UTC-3","acidade on campinas","./explore?q=acidade%20on%20campinas&geo=BR"
"samuel juncal","500+","27 de agosto de 2026 a las 8:40:00 UTC-3","27 de agosto de 2026 a las 13:50:00 UTC-3","samuel juncal","./explore?q=samuel%20juncal&geo=BR"
"raphael veiga","500+","26 de agosto de 2026 a las 23:40:00 UTC-3","27 de agosto de 2026 a las 2:20:00 UTC-3","raphael veiga","./explore?q=raphael%20veiga&geo=BR"
"maggie smith","200+","29 de agosto de 2026 a las 6:40:00 UTC-3","29 de agosto de 2026 a las 9:00:00 UTC-3","maggie smith","./explore?q=maggie%20smith&geo=BR"
"rio atmosférico","500+","26 de agosto de 2026 a las 18:40:00 UTC-3","26 de agosto de 2026 a las 21:00:00 UTC-3","rio atmosférico","./explore?q=rio%20atmosf%C3%A9rico&geo=BR"
"binance exchange","500+","27 de agosto de 2026 a las 3:10:00 UTC-3","27 de agosto de 2026 a las 6:30:00 UTC-3","binance exchange","./explore?q=binance%20exchange&geo=BR"
"obmep","500+","28 de agosto de 2026 a las 11:50:00 UTC-3","28 de agosto de 2026 a las 13:20:00 UTC-3","obmep","./explore?q=obmep&geo=BR"
"chicago fire fc","500+","25 de agosto de 2026 a las 21:50:00 UTC-3","26 de agosto de 2026 a las 0:50:00 UTC-3","chicago fire fc","./explore?q=chicago%20fire%20fc&geo=BR"
"tiquinho soares","1 mil+","26 de agosto de 2026 a las 12:10:00 UTC-3","26 de agosto de 2026 a las 14:30:00 UTC-3","tiquinho soares,botafogo tiquinho soares","./explore?q=tiquinho%20soares&geo=BR"
"penarol","500+","26 de agosto de 2026 a las 20:30:00 UTC-3","26 de agosto de 2026 a las 22:50:00 UTC-3","penarol","./explore?q=penarol&geo=BR"
"antonio banderas","100+","30 de agosto de 2026 a las 13:20:00 UTC-3","30 de agosto de 2026 a las 14:10:00 UTC-3","antonio banderas","./explore?q=antonio%20banderas&geo=BR"
"west ham","1 mil+","25 de agosto de 2026 a las 16:20:00 UTC-3","25 de agosto de 2026 a las 18:40:00 UTC-3","west ham","./explore?q=west%20ham&geo=BR"
"zed x al ahly","500+","28 de agosto de 2026 a las 14:00:00 UTC-3","28 de agosto de 2026 a las 15:30:00 UTC-3","zed x al ahly","./explore?q=zed%20x%20al%20ahly&geo=BR"
"alex poatan","1 mil+","24 de agosto de 2026 a las 18:30:00 UTC-3","24 de agosto de 2026 a las 22:40:00 UTC-3","alex poatan","./explore?q=alex%20poatan&geo=BR"
"justiça militar da união","200+","29 de agosto de 2026 a las 11:20:00 UTC-3","29 de agosto de 2026 a las 13:00:00 UTC-3","justiça militar da união","./explore?q=justi%C3%A7a%20militar%20da%20uni%C3%A3o&geo=BR"
"mastercard","500+","27 de agosto de 2026 a las 15:10:00 UTC-3","27 de agosto de 2026 a las 18:10:00 UTC-3","mastercard","./explore?q=mastercard&geo=BR"
"recorde","1 mil+","24 de agosto de 2026 a las 18:00:00 UTC-3","24 de agosto de 2026 a las 21:10:00 UTC-3","recorde","./explore?q=recorde&geo=BR"
"desenrola brasil","100+","30 de agosto de 2026 a las 5:30:00 UTC-3","30 de agosto de 2026 a las 6:40:00 UTC-3","desenrola brasil","./explore?q=desenrola%20brasil&geo=BR"
"30 de agosto","100+","30 de agosto de 2026 a las 8:40:00 UTC-3","30 de agosto de 2026 a las 9:50:00 UTC-3","30 de agosto","./explore?q=30%20de%20agosto&geo=BR"
"marcola lula","500+","27 de agosto de 2026 a las 21:10:00 UTC-3","27 de agosto de 2026 a las 22:20:00 UTC-3","marcola lula","./explore?q=marcola%20lula&geo=BR"
"flávia alessandra","500+","27 de agosto de 2026 a las 22:30:00 UTC-3","27 de agosto de 2026 a las 23:40:00 UTC-3","flávia alessandra","./explore?q=fl%C3%A1via%20alessandra&geo=BR"
"jonny kim","200+","28 de agosto de 2026 a las 7:00:00 UTC-3","28 de agosto de 2026 a las 9:20:00 UTC-3","jonny kim","./explore?q=jonny%20kim&geo=BR"
"resumo por você","2 mil+","25 de agosto de 2026 a las 20:10:00 UTC-3","25 de agosto de 2026 a las 21:30:00 UTC-3","resumo por você,resumo da novela por você,novela das 7,resumo de por voce,por você,alinne moraes,por voce,por você novela,por você novela elenco","./explore?q=resumo%20por%20voc%C3%AA&geo=BR"
"motorista","2 mil+","24 de agosto de 2026 a las 13:40:00 UTC-3","24 de agosto de 2026 a las 14:40:00 UTC-3","motorista","./explore?q=motorista&geo=BR"
"kamila simioni","500+","25 de agosto de 2026 a las 18:30:00 UTC-3","26 de agosto de 2026 a las 8:10:00 UTC-3","kamila simioni","./explore?q=kamila%20simioni&geo=BR"
"programação da globo hoje","200+","29 de agosto de 2026 a las 21:00:00 UTC-3","29 de agosto de 2026 a las 22:10:00 UTC-3","programação da globo hoje","./explore?q=programa%C3%A7%C3%A3o%20da%20globo%20hoje&geo=BR"
"kauno žalgiris x besiktas","500+","27 de agosto de 2026 a las 13:20:00 UTC-3","27 de agosto de 2026 a las 16:20:00 UTC-3","kauno žalgiris x besiktas","./explore?q=kauno%20%C5%BEalgiris%20x%20besiktas&geo=BR"
"tomás pochettino","200+","29 de agosto de 2026 a las 19:00:00 UTC-3","29 de agosto de 2026 a las 20:10:00 UTC-3","tomás pochettino","./explore?q=tom%C3%A1s%20pochettino&geo=BR"
"amaury lorenzo","200+","29 de agosto de 2026 a las 20:00:00 UTC-3","29 de agosto de 2026 a las 21:00:00 UTC-3","amaury lorenzo","./explore?q=amaury%20lorenzo&geo=BR"
"ps6","500+","27 de agosto de 2026 a las 17:00:00 UTC-3","27 de agosto de 2026 a las 21:50:00 UTC-3","ps6","./explore?q=ps6&geo=BR"
"cpi","200+","28 de agosto de 2026 a las 23:20:00 UTC-3","29 de agosto de 2026 a las 2:50:00 UTC-3","cpi","./explore?q=cpi&geo=BR"
"matheus frança","500+","26 de agosto de 2026 a las 19:30:00 UTC-3","27 de agosto de 2026 a las 7:50:00 UTC-3","matheus frança","./explore?q=matheus%20fran%C3%A7a&geo=BR"
"wilker leão","500+","26 de agosto de 2026 a las 17:30:00 UTC-3","27 de agosto de 2026 a las 1:20:00 UTC-3","wilker leão","./explore?q=wilker%20le%C3%A3o&geo=BR"
"betis x","1 mil+","25 de agosto de 2026 a las 17:20:00 UTC-3","25 de agosto de 2026 a las 19:10:00 UTC-3","betis x,real betis x","./explore?q=betis%20x&geo=BR"
"dia útil","200+","28 de agosto de 2026 a las 14:10:00 UTC-3","28 de agosto de 2026 a las 19:50:00 UTC-3","dia útil","./explore?q=dia%20%C3%BAtil&geo=BR"
"léo jardim","500+","25 de agosto de 2026 a las 18:30:00 UTC-3","25 de agosto de 2026 a las 21:30:00 UTC-3","léo jardim","./explore?q=l%C3%A9o%20jardim&geo=BR"
"mac supermercados","500+","27 de agosto de 2026 a las 16:20:00 UTC-3","27 de agosto de 2026 a las 19:10:00 UTC-3","mac supermercados","./explore?q=mac%20supermercados&geo=BR"
"mac mini","2 mil+","26 de agosto de 2026 a las 8:30:00 UTC-3","26 de agosto de 2026 a las 10:40:00 UTC-3","mac mini,mac mini m6,ipad,apple","./explore?q=mac%20mini&geo=BR"
"manchester united football club","500+","25 de agosto de 2026 a las 18:00:00 UTC-3","25 de agosto de 2026 a las 20:50:00 UTC-3","manchester united football club","./explore?q=manchester%20united%20football%20club&geo=BR"
"portland timbers x austin","100+","30 de agosto de 2026 a las 0:50:00 UTC-3","30 de agosto de 2026 a las 2:10:00 UTC-3","portland timbers x austin","./explore?q=portland%20timbers%20x%20austin&geo=BR"
"rock in rio 2026","500+","28 de agosto de 2026 a las 20:00:00 UTC-3","28 de agosto de 2026 a las 21:10:00 UTC-3","rock in rio 2026","./explore?q=rock%20in%20rio%202026&geo=BR"
"cska sofia","500+","27 de agosto de 2026 a las 15:40:00 UTC-3","27 de agosto de 2026 a las 17:30:00 UTC-3","cska sofia","./explore?q=cska%20sofia&geo=BR"
"america","1 mil+","24 de agosto de 2026 a las 20:00:00 UTC-3","24 de agosto de 2026 a las 22:50:00 UTC-3","america","./explore?q=america&geo=BR"
"alexander barboza","500+","26 de agosto de 2026 a las 22:40:00 UTC-3","27 de agosto de 2026 a las 7:10:00 UTC-3","alexander barboza","./explore?q=alexander%20barboza&geo=BR"
"europol","1 mil+","25 de agosto de 2026 a las 21:10:00 UTC-3","25 de agosto de 2026 a las 22:30:00 UTC-3","europol","./explore?q=europol&geo=BR"
"copenhague x inter turku","500+","27 de agosto de 2026 a las 13:50:00 UTC-3","27 de agosto de 2026 a las 16:10:00 UTC-3","copenhague x inter turku","./explore?q=copenhague%20x%20inter%20turku&geo=BR"
"joao fonseca us open","500+","24 de agosto de 2026 a las 22:30:00 UTC-3","25 de agosto de 2026 a las 1:40:00 UTC-3","joao fonseca us open","./explore?q=joao%20fonseca%20us%20open&geo=BR"
"psd","1 mil+","25 de agosto de 2026 a las 21:00:00 UTC-3","25 de agosto de 2026 a las 22:40:00 UTC-3","psd","./explore?q=psd&geo=BR"
"the witcher iv","1 mil+","24 de agosto de 2026 a las 15:30:00 UTC-3","24 de agosto de 2026 a las 20:00:00 UTC-3","the witcher iv","./explore?q=the%20witcher%20iv&geo=BR"
"douglas ruas","200+","28 de agosto de 2026 a las 13:30:00 UTC-3","28 de agosto de 2026 a las 21:50:00 UTC-3","douglas ruas","./explore?q=douglas%20ruas&geo=BR"
"bundesliga 2","200+","29 de agosto de 2026 a las 8:20:00 UTC-3","29 de agosto de 2026 a las 10:10:00 UTC-3","bundesliga 2","./explore?q=bundesliga%202&geo=BR"
"yassir zabiri","200+","28 de agosto de 2026 a las 14:40:00 UTC-3","28 de agosto de 2026 a las 16:10:00 UTC-3","yassir zabiri","./explore?q=yassir%20zabiri&geo=BR"
"stade brestois x toulouse","200+","29 de agosto de 2026 a las 16:20:00 UTC-3","29 de agosto de 2026 a las 17:50:00 UTC-3","stade brestois x toulouse","./explore?q=stade%20brestois%20x%20toulouse&geo=BR"
"seleção brasileira de voleibol masculino","100+","30 de agosto de 2026 a las 8:40:00 UTC-3","30 de agosto de 2026 a las 9:40:00 UTC-3","seleção brasileira de voleibol masculino","./explore?q=sele%C3%A7%C3%A3o%20brasileira%20de%20voleibol%20masculino&geo=BR"
"marcio braga","200+","29 de agosto de 2026 a las 8:00:00 UTC-3","29 de agosto de 2026 a las 9:20:00 UTC-3","marcio braga,luiz eduardo baptista","./explore?q=marcio%20braga&geo=BR"
"club de deportes recoleta x o'higgins","500+","26 de agosto de 2026 a las 21:20:00 UTC-3","27 de agosto de 2026 a las 0:30:00 UTC-3","club de deportes recoleta x o'higgins","./explore?q=club%20de%20deportes%20recoleta%20x%20o%27higgins&geo=BR"
"paraquedas","1 mil+","25 de agosto de 2026 a las 11:20:00 UTC-3","25 de agosto de 2026 a las 15:40:00 UTC-3","paraquedas,aeronave","./explore?q=paraquedas&geo=BR"
"mica miller","200+","28 de agosto de 2026 a las 23:10:00 UTC-3","29 de agosto de 2026 a las 1:10:00 UTC-3","mica miller","./explore?q=mica%20miller&geo=BR"
"confederação sul-americana de futebol","1 mil+","26 de agosto de 2026 a las 12:10:00 UTC-3","26 de agosto de 2026 a las 14:20:00 UTC-3","confederação sul-americana de futebol,confederação sul americana de futebol,calendario","./explore?q=confedera%C3%A7%C3%A3o%20sul-americana%20de%20futebol&geo=BR"
"adonis frías","500+","26 de agosto de 2026 a las 16:10:00 UTC-3","26 de agosto de 2026 a las 18:50:00 UTC-3","adonis frías","./explore?q=adonis%20fr%C3%ADas&geo=BR"
"godoy cruz","500+","25 de agosto de 2026 a las 18:10:00 UTC-3","25 de agosto de 2026 a las 21:20:00 UTC-3","godoy cruz","./explore?q=godoy%20cruz&geo=BR"
"bienal","1 mil+","26 de agosto de 2026 a las 10:40:00 UTC-3","26 de agosto de 2026 a las 12:00:00 UTC-3","bienal","./explore?q=bienal&geo=BR"
"vigilante","200+","28 de agosto de 2026 a las 14:00:00 UTC-3","28 de agosto de 2026 a las 15:30:00 UTC-3","vigilante","./explore?q=vigilante&geo=BR"
"fever","500+","26 de agosto de 2026 a las 10:10:00 UTC-3","26 de agosto de 2026 a las 11:50:00 UTC-3","fever","./explore?q=fever&geo=BR"
"ativista","500+","26 de agosto de 2026 a las 5:00:00 UTC-3","26 de agosto de 2026 a las 13:10:00 UTC-3","ativista","./explore?q=ativista&geo=BR"
"el shaarawy","500+","25 de agosto de 2026 a las 12:30:00 UTC-3","25 de agosto de 2026 a las 17:10:00 UTC-3","el shaarawy","./explore?q=el%20shaarawy&geo=BR"
"nelson deossa","200+","29 de agosto de 2026 a las 14:30:00 UTC-3","29 de agosto de 2026 a las 15:20:00 UTC-3","nelson deossa","./explore?q=nelson%20deossa&geo=BR"
"defensoria pública do estado do acre","200+","28 de agosto de 2026 a las 16:50:00 UTC-3","28 de agosto de 2026 a las 18:20:00 UTC-3","defensoria pública do estado do acre","./explore?q=defensoria%20p%C3%BAblica%20do%20estado%20do%20acre&geo=BR"
"al nasser","200+","28 de agosto de 2026 a las 16:00:00 UTC-3","28 de agosto de 2026 a las 17:20:00 UTC-3","al nasser","./explore?q=al%20nasser&geo=BR"
"boeing 777","500+","25 de agosto de 2026 a las 19:50:00 UTC-3","26 de agosto de 2026 a las 8:00:00 UTC-3","boeing 777","./explore?q=boeing%20777&geo=BR"
"el salvador","1 mil+","26 de agosto de 2026 a las 20:20:00 UTC-3","26 de agosto de 2026 a las 21:30:00 UTC-3","el salvador","./explore?q=el%20salvador&geo=BR"
"onco3","500+","26 de agosto de 2026 a las 10:10:00 UTC-3","26 de agosto de 2026 a las 13:40:00 UTC-3","onco3","./explore?q=onco3&geo=BR"
"letícia colin","200+","28 de agosto de 2026 a las 22:30:00 UTC-3","28 de agosto de 2026 a las 23:30:00 UTC-3","letícia colin","./explore?q=let%C3%ADcia%20colin&geo=BR"
"marcos lisboa","500+","27 de agosto de 2026 a las 10:50:00 UTC-3","27 de agosto de 2026 a las 13:20:00 UTC-3","marcos lisboa","./explore?q=marcos%20lisboa&geo=BR"
"sportv","1 mil+","25 de agosto de 2026 a las 21:00:00 UTC-3","25 de agosto de 2026 a las 22:10:00 UTC-3","sportv","./explore?q=sportv&geo=BR"
"sevilla vs atlético madrid","200+","29 de agosto de 2026 a las 17:00:00 UTC-3","29 de agosto de 2026 a las 18:10:00 UTC-3","sevilla vs atlético madrid","./explore?q=sevilla%20vs%20atl%C3%A9tico%20madrid&geo=BR"
"magistrado","500+","25 de agosto de 2026 a las 6:30:00 UTC-3","25 de agosto de 2026 a las 9:30:00 UTC-3","magistrado","./explore?q=magistrado&geo=BR"
"marc cucurella","1 mil+","25 de agosto de 2026 a las 5:30:00 UTC-3","25 de agosto de 2026 a las 8:20:00 UTC-3","marc cucurella,cucurella","./explore?q=marc%20cucurella&geo=BR"
"paulo figueiredo","200+","27 de agosto de 2026 a las 5:20:00 UTC-3","27 de agosto de 2026 a las 17:10:00 UTC-3","paulo figueiredo","./explore?q=paulo%20figueiredo&geo=BR"
"alinne moraes","500+","29 de agosto de 2026 a las 20:20:00 UTC-3","29 de agosto de 2026 a las 20:50:00 UTC-3","alinne moraes,renata sorrah","./explore?q=alinne%20moraes&geo=BR"
"deputado estadual","500+","28 de agosto de 2026 a las 13:50:00 UTC-3","28 de agosto de 2026 a las 21:40:00 UTC-3","deputado estadual","./explore?q=deputado%20estadual&geo=BR"
"atlante","200+","28 de agosto de 2026 a las 23:10:00 UTC-3","29 de agosto de 2026 a las 1:20:00 UTC-3","atlante","./explore?q=atlante&geo=BR"
"negociação","1 mil+","25 de agosto de 2026 a las 16:00:00 UTC-3","25 de agosto de 2026 a las 18:50:00 UTC-3","negociação,representante de comércio dos estados unidos","./explore?q=negocia%C3%A7%C3%A3o&geo=BR"
"ministério da justiça e segurança pública","1 mil+","25 de agosto de 2026 a las 11:20:00 UTC-3","25 de agosto de 2026 a las 17:40:00 UTC-3","ministério da justiça e segurança pública","./explore?q=minist%C3%A9rio%20da%20justi%C3%A7a%20e%20seguran%C3%A7a%20p%C3%BAblica&geo=BR"
"ita","500+","27 de agosto de 2026 a las 21:40:00 UTC-3","27 de agosto de 2026 a las 22:50:00 UTC-3","ita","./explore?q=ita&geo=BR"
"stefanos tsitsipas","500+","24 de agosto de 2026 a las 19:50:00 UTC-3","25 de agosto de 2026 a las 6:20:00 UTC-3","stefanos tsitsipas","./explore?q=stefanos%20tsitsipas&geo=BR"
"japão","500+","28 de agosto de 2026 a las 6:00:00 UTC-3","28 de agosto de 2026 a las 7:00:00 UTC-3","japão","./explore?q=jap%C3%A3o&geo=BR"
"aviação","200+","29 de agosto de 2026 a las 18:50:00 UTC-3","29 de agosto de 2026 a las 19:40:00 UTC-3","aviação","./explore?q=avia%C3%A7%C3%A3o&geo=BR"
"binance buy crypto","200+","29 de agosto de 2026 a las 3:50:00 UTC-3","29 de agosto de 2026 a las 5:50:00 UTC-3","binance buy crypto","./explore?q=binance%20buy%20crypto&geo=BR"
"the beatles day tripper (songwriting work tape)","500+","27 de agosto de 2026 a las 18:20:00 UTC-3","27 de agosto de 2026 a las 22:40:00 UTC-3","the beatles day tripper (songwriting work tape)","./explore?q=the%20beatles%20day%20tripper%20%28songwriting%20work%20tape%29&geo=BR"
"archie brown","500+","26 de agosto de 2026 a las 16:40:00 UTC-3","26 de agosto de 2026 a las 18:50:00 UTC-3","archie brown","./explore?q=archie%20brown&geo=BR"
"governador","500+","26 de agosto de 2026 a las 17:20:00 UTC-3","26 de agosto de 2026 a las 19:20:00 UTC-3","governador","./explore?q=governador&geo=BR"
"agu","200+","28 de agosto de 2026 a las 17:10:00 UTC-3","28 de agosto de 2026 a las 19:10:00 UTC-3","agu","./explore?q=agu&geo=BR"
"psv eindhoven","100+","30 de agosto de 2026 a las 9:20:00 UTC-3","30 de agosto de 2026 a las 10:10:00 UTC-3","psv eindhoven","./explore?q=psv%20eindhoven&geo=BR"
"tjgo","500+","27 de agosto de 2026 a las 7:40:00 UTC-3","27 de agosto de 2026 a las 9:40:00 UTC-3","tjgo","./explore?q=tjgo&geo=BR"
"independiente petrolero","200+","27 de agosto de 2026 a las 18:40:00 UTC-3","27 de agosto de 2026 a las 20:50:00 UTC-3","independiente petrolero","./explore?q=independiente%20petrolero&geo=BR"
"receita","500+","25 de agosto de 2026 a las 18:20:00 UTC-3","25 de agosto de 2026 a las 20:30:00 UTC-3","receita","./explore?q=receita&geo=BR"
"grande prêmio do milwaukee","100+","30 de agosto de 2026 a las 9:20:00 UTC-3","30 de agosto de 2026 a las 10:10:00 UTC-3","grande prêmio do milwaukee","./explore?q=grande%20pr%C3%AAmio%20do%20milwaukee&geo=BR"
"caze tv","1 mil+","26 de agosto de 2026 a las 16:30:00 UTC-3","26 de agosto de 2026 a las 17:30:00 UTC-3","caze tv","./explore?q=caze%20tv&geo=BR"
"colorado rapids","100+","29 de agosto de 2026 a las 23:40:00 UTC-3","30 de agosto de 2026 a las 0:50:00 UTC-3","colorado rapids","./explore?q=colorado%20rapids&geo=BR"
"midtjylland","100+","30 de agosto de 2026 a las 9:50:00 UTC-3","30 de agosto de 2026 a las 10:30:00 UTC-3","midtjylland","./explore?q=midtjylland&geo=BR"
"go live","200+","28 de agosto de 2026 a las 21:20:00 UTC-3","29 de agosto de 2026 a las 1:00:00 UTC-3","go live","./explore?q=go%20live&geo=BR"
"philippe bouvard","500+","24 de agosto de 2026 a las 14:20:00 UTC-3","25 de agosto de 2026 a las 8:10:00 UTC-3","philippe bouvard","./explore?q=philippe%20bouvard&geo=BR"
"profissão","500+","25 de agosto de 2026 a las 17:20:00 UTC-3","25 de agosto de 2026 a las 19:40:00 UTC-3","profissão","./explore?q=profiss%C3%A3o&geo=BR"
"cara-de-barro","200+","28 de agosto de 2026 a las 7:00:00 UTC-3","28 de agosto de 2026 a las 9:00:00 UTC-3","cara-de-barro","./explore?q=cara-de-barro&geo=BR"
"leeds","1 mil+","25 de agosto de 2026 a las 17:10:00 UTC-3","25 de agosto de 2026 a las 18:50:00 UTC-3","leeds","./explore?q=leeds&geo=BR"
"ruben rada","500+","26 de agosto de 2026 a las 17:10:00 UTC-3","26 de agosto de 2026 a las 19:20:00 UTC-3","ruben rada","./explore?q=ruben%20rada&geo=BR"
"futebol","1 mil+","24 de agosto de 2026 a las 16:00:00 UTC-3","24 de agosto de 2026 a las 18:00:00 UTC-3","futebol","./explore?q=futebol&geo=BR"
"besiktas","1 mil+","27 de agosto de 2026 a las 15:40:00 UTC-3","27 de agosto de 2026 a las 17:00:00 UTC-3","besiktas","./explore?q=besiktas&geo=BR"
"ny red bulls x philadelphia union","200+","29 de agosto de 2026 a las 20:30:00 UTC-3","29 de agosto de 2026 a las 21:20:00 UTC-3","ny red bulls x philadelphia union","./explore?q=ny%20red%20bulls%20x%20philadelphia%20union&geo=BR"
"dudu","500+","25 de agosto de 2026 a las 21:00:00 UTC-3","25 de agosto de 2026 a las 23:40:00 UTC-3","dudu","./explore?q=dudu&geo=BR"
"kevin","500+","24 de agosto de 2026 a las 16:00:00 UTC-3","24 de agosto de 2026 a las 18:50:00 UTC-3","kevin","./explore?q=kevin&geo=BR"
"amputação","100+","29 de agosto de 2026 a las 23:20:00 UTC-3","30 de agosto de 2026 a las 0:20:00 UTC-3","amputação","./explore?q=amputa%C3%A7%C3%A3o&geo=BR"
"daniella marques","200+","27 de agosto de 2026 a las 5:40:00 UTC-3","27 de agosto de 2026 a las 8:40:00 UTC-3","daniella marques","./explore?q=daniella%20marques&geo=BR"
"daniela lima","200+","27 de agosto de 2026 a las 20:20:00 UTC-3","27 de agosto de 2026 a las 22:40:00 UTC-3","daniela lima","./explore?q=daniela%20lima&geo=BR"
"globo play","1 mil+","25 de agosto de 2026 a las 21:00:00 UTC-3","25 de agosto de 2026 a las 22:30:00 UTC-3","globo play","./explore?q=globo%20play&geo=BR"
"guarda municipal","200+","28 de agosto de 2026 a las 16:20:00 UTC-3","28 de agosto de 2026 a las 17:50:00 UTC-3","guarda municipal","./explore?q=guarda%20municipal&geo=BR"
"julia roberts","100+","30 de agosto de 2026 a las 15:00:00 UTC-3","30 de agosto de 2026 a las 15:30:00 UTC-3","julia roberts","./explore?q=julia%20roberts&geo=BR"
"valencia x","500+","25 de agosto de 2026 a las 16:40:00 UTC-3","25 de agosto de 2026 a las 19:00:00 UTC-3","valencia x","./explore?q=valencia%20x&geo=BR"
"ceará","500+","26 de agosto de 2026 a las 17:00:00 UTC-3","26 de agosto de 2026 a las 18:20:00 UTC-3","ceará","./explore?q=cear%C3%A1&geo=BR"
"volta por cima","200+","28 de agosto de 2026 a las 12:40:00 UTC-3","28 de agosto de 2026 a las 14:20:00 UTC-3","volta por cima","./explore?q=volta%20por%20cima&geo=BR"
"8","100+","30 de agosto de 2026 a las 4:00:00 UTC-3","30 de agosto de 2026 a las 5:50:00 UTC-3","8","./explore?q=8&geo=BR"
"paulo henrique","500+","26 de agosto de 2026 a las 22:00:00 UTC-3","26 de agosto de 2026 a las 23:50:00 UTC-3","paulo henrique","./explore?q=paulo%20henrique&geo=BR"
"veronika erjavec","100+","30 de agosto de 2026 a las 13:40:00 UTC-3","30 de agosto de 2026 a las 14:10:00 UTC-3","veronika erjavec","./explore?q=veronika%20erjavec&geo=BR"
"propina","500+","27 de agosto de 2026 a las 12:50:00 UTC-3","27 de agosto de 2026 a las 15:50:00 UTC-3","propina","./explore?q=propina&geo=BR"
"cgu","500+","27 de agosto de 2026 a las 21:10:00 UTC-3","27 de agosto de 2026 a las 22:20:00 UTC-3","cgu","./explore?q=cgu&geo=BR"
"radio grenal ao vivo","500+","27 de agosto de 2026 a las 20:20:00 UTC-3","27 de agosto de 2026 a las 21:50:00 UTC-3","radio grenal ao vivo,rádio grenal ao vivo","./explore?q=radio%20grenal%20ao%20vivo&geo=BR"
"fórmula","200+","27 de agosto de 2026 a las 17:00:00 UTC-3","27 de agosto de 2026 a las 18:50:00 UTC-3","fórmula","./explore?q=f%C3%B3rmula&geo=BR"
"watford","500+","25 de agosto de 2026 a las 16:00:00 UTC-3","25 de agosto de 2026 a las 18:30:00 UTC-3","watford","./explore?q=watford&geo=BR"
"rui costa pimenta","200+","29 de agosto de 2026 a las 21:30:00 UTC-3","29 de agosto de 2026 a las 22:20:00 UTC-3","rui costa pimenta","./explore?q=rui%20costa%20pimenta&geo=BR"
"lion fc","500+","26 de agosto de 2026 a las 17:30:00 UTC-3","26 de agosto de 2026 a las 19:20:00 UTC-3","lion fc","./explore?q=lion%20fc&geo=BR"
"folha de s.paulo","200+","29 de agosto de 2026 a las 12:00:00 UTC-3","29 de agosto de 2026 a las 13:00:00 UTC-3","folha de s.paulo","./explore?q=folha%20de%20s.paulo&geo=BR"
"setembro amarelo","500+","26 de agosto de 2026 a las 8:40:00 UTC-3","26 de agosto de 2026 a las 10:50:00 UTC-3","setembro amarelo","./explore?q=setembro%20amarelo&geo=BR"
"talleres","500+","24 de agosto de 2026 a las 21:30:00 UTC-3","25 de agosto de 2026 a las 0:20:00 UTC-3","talleres","./explore?q=talleres&geo=BR"
"gabriel batista","500+","24 de agosto de 2026 a las 20:10:00 UTC-3","24 de agosto de 2026 a las 22:40:00 UTC-3","gabriel batista","./explore?q=gabriel%20batista&geo=BR"
"portal g1","200+","28 de agosto de 2026 a las 21:20:00 UTC-3","28 de agosto de 2026 a las 22:30:00 UTC-3","portal g1","./explore?q=portal%20g1&geo=BR"
"itamaraty","200+","29 de agosto de 2026 a las 22:20:00 UTC-3","29 de agosto de 2026 a las 23:00:00 UTC-3","itamaraty","./explore?q=itamaraty&geo=BR"
"halo solar","500+","25 de agosto de 2026 a las 12:30:00 UTC-3","25 de agosto de 2026 a las 14:50:00 UTC-3","halo solar","./explore?q=halo%20solar&geo=BR"
"ai","100+","31 de agosto de 2026 a las 2:10:00 UTC-3","31 de agosto de 2026 a las 2:30:00 UTC-3","ai,6","./explore?q=ai&geo=BR"
"previsão do tempo piracicaba","100+","29 de agosto de 2026 a las 18:10:00 UTC-3","29 de agosto de 2026 a las 19:10:00 UTC-3","previsão do tempo piracicaba","./explore?q=previs%C3%A3o%20do%20tempo%20piracicaba&geo=BR"
"vila real fc","200+","28 de agosto de 2026 a las 18:10:00 UTC-3","28 de agosto de 2026 a las 19:20:00 UTC-3","vila real fc","./explore?q=vila%20real%20fc&geo=BR"
"adam sandler","500+","26 de agosto de 2026 a las 19:50:00 UTC-3","27 de agosto de 2026 a las 7:30:00 UTC-3","adam sandler","./explore?q=adam%20sandler&geo=BR"
"nashville fc","100+","29 de agosto de 2026 a las 22:50:00 UTC-3","29 de agosto de 2026 a las 23:50:00 UTC-3","nashville fc","./explore?q=nashville%20fc&geo=BR"
"poatan","100+","30 de agosto de 2026 a las 2:00:00 UTC-3","30 de agosto de 2026 a las 2:40:00 UTC-3","poatan","./explore?q=poatan&geo=BR"
"domingo","200+","30 de agosto de 2026 a las 7:10:00 UTC-3","30 de agosto de 2026 a las 8:00:00 UTC-3","domingo","./explore?q=domingo&geo=BR"
"hans-dieter flick","500+","24 de agosto de 2026 a las 14:10:00 UTC-3","24 de agosto de 2026 a las 19:30:00 UTC-3","hans-dieter flick","./explore?q=hans-dieter%20flick&geo=BR"
"mercado inter","500+","27 de agosto de 2026 a las 20:40:00 UTC-3","27 de agosto de 2026 a las 22:00:00 UTC-3","mercado inter","./explore?q=mercado%20inter&geo=BR"
"matheus bidu","500+","26 de agosto de 2026 a las 7:10:00 UTC-3","26 de agosto de 2026 a las 13:30:00 UTC-3","matheus bidu","./explore?q=matheus%20bidu&geo=BR"
"mika godts","200+","28 de agosto de 2026 a las 17:30:00 UTC-3","28 de agosto de 2026 a las 18:40:00 UTC-3","mika godts","./explore?q=mika%20godts&geo=BR"
"cucuta deportivo","500+","25 de agosto de 2026 a las 22:30:00 UTC-3","26 de agosto de 2026 a las 1:00:00 UTC-3","cucuta deportivo","./explore?q=cucuta%20deportivo&geo=BR"
"michael olise","200+","28 de agosto de 2026 a las 17:20:00 UTC-3","28 de agosto de 2026 a las 18:30:00 UTC-3","michael olise","./explore?q=michael%20olise&geo=BR"
"jannik sinner","100+","29 de agosto de 2026 a las 13:10:00 UTC-3","29 de agosto de 2026 a las 14:20:00 UTC-3","jannik sinner","./explore?q=jannik%20sinner&geo=BR"
"lion","500+","26 de agosto de 2026 a las 17:20:00 UTC-3","26 de agosto de 2026 a las 19:00:00 UTC-3","lion","./explore?q=lion&geo=BR"
"abigeato","200+","28 de agosto de 2026 a las 19:00:00 UTC-3","28 de agosto de 2026 a las 23:00:00 UTC-3","abigeato","./explore?q=abigeato&geo=BR"
"nascar","100+","29 de agosto de 2026 a las 23:40:00 UTC-3","30 de agosto de 2026 a las 0:40:00 UTC-3","nascar","./explore?q=nascar&geo=BR"
"blooming","500+","26 de agosto de 2026 a las 22:40:00 UTC-3","27 de agosto de 2026 a las 0:20:00 UTC-3","blooming","./explore?q=blooming&geo=BR"
"carlos alcaraz","500+","29 de agosto de 2026 a las 13:00:00 UTC-3","29 de agosto de 2026 a las 13:50:00 UTC-3","carlos alcaraz,alcaraz","./explore?q=carlos%20alcaraz&geo=BR"
"flavio cobolli","500+","26 de agosto de 2026 a las 12:10:00 UTC-3","26 de agosto de 2026 a las 14:10:00 UTC-3","flavio cobolli","./explore?q=flavio%20cobolli&geo=BR"
"united airlines","500+","26 de agosto de 2026 a las 17:00:00 UTC-3","26 de agosto de 2026 a las 19:10:00 UTC-3","united airlines","./explore?q=united%20airlines&geo=BR"
"previsão do tempo maringa","500+","25 de agosto de 2026 a las 6:10:00 UTC-3","25 de agosto de 2026 a las 11:10:00 UTC-3","previsão do tempo maringa","./explore?q=previs%C3%A3o%20do%20tempo%20maringa&geo=BR"
"yan diomande","500+","26 de agosto de 2026 a las 17:40:00 UTC-3","26 de agosto de 2026 a las 19:00:00 UTC-3","yan diomande","./explore?q=yan%20diomande&geo=BR"
"toronto fc","100+","29 de agosto de 2026 a las 22:20:00 UTC-3","29 de agosto de 2026 a las 23:10:00 UTC-3","toronto fc","./explore?q=toronto%20fc&geo=BR"
"blaze","1 mil+","25 de agosto de 2026 a las 0:30:00 UTC-3","25 de agosto de 2026 a las 2:30:00 UTC-3","blaze","./explore?q=blaze&geo=BR"
"copa da alemanha","500+","24 de agosto de 2026 a las 13:10:00 UTC-3","24 de agosto de 2026 a las 15:40:00 UTC-3","copa da alemanha","./explore?q=copa%20da%20alemanha&geo=BR"
"liam neeson","500+","24 de agosto de 2026 a las 22:40:00 UTC-3","25 de agosto de 2026 a las 1:10:00 UTC-3","liam neeson,tela quente hoje","./explore?q=liam%20neeson&geo=BR"
"hoyoverse","500+","25 de agosto de 2026 a las 15:00:00 UTC-3","25 de agosto de 2026 a las 17:10:00 UTC-3","hoyoverse","./explore?q=hoyoverse&geo=BR"
"op","500+","27 de agosto de 2026 a las 13:20:00 UTC-3","27 de agosto de 2026 a las 15:00:00 UTC-3","op","./explore?q=op&geo=BR"
"rodrigo mora","500+","24 de agosto de 2026 a las 15:50:00 UTC-3","24 de agosto de 2026 a las 18:10:00 UTC-3","rodrigo mora","./explore?q=rodrigo%20mora&geo=BR"
"pis/pasep","500+","25 de agosto de 2026 a las 12:50:00 UTC-3","25 de agosto de 2026 a las 14:50:00 UTC-3","pis/pasep","./explore?q=pis%2Fpasep&geo=BR"
"al ain x al-nasr","100+","29 de agosto de 2026 a las 14:10:00 UTC-3","29 de agosto de 2026 a las 15:10:00 UTC-3","al ain x al-nasr","./explore?q=al%20ain%20x%20al-nasr&geo=BR"
"btg pactual","500+","27 de agosto de 2026 a las 13:10:00 UTC-3","27 de agosto de 2026 a las 14:30:00 UTC-3","btg pactual","./explore?q=btg%20pactual&geo=BR"
"brkm5","500+","27 de agosto de 2026 a las 18:00:00 UTC-3","27 de agosto de 2026 a las 19:20:00 UTC-3","brkm5","./explore?q=brkm5&geo=BR"
"assédio","500+","25 de agosto de 2026 a las 14:50:00 UTC-3","25 de agosto de 2026 a las 17:10:00 UTC-3","assédio","./explore?q=ass%C3%A9dio&geo=BR"
"visa","500+","25 de agosto de 2026 a las 7:20:00 UTC-3","25 de agosto de 2026 a las 17:40:00 UTC-3","visa","./explore?q=visa&geo=BR"
"rodrigo riquelme","200+","29 de agosto de 2026 a las 13:20:00 UTC-3","29 de agosto de 2026 a las 14:00:00 UTC-3","rodrigo riquelme","./explore?q=rodrigo%20riquelme&geo=BR"
"botafogo de futebol e regatas","1 mil+","24 de agosto de 2026 a las 21:50:00 UTC-3","24 de agosto de 2026 a las 22:50:00 UTC-3","botafogo de futebol e regatas","./explore?q=botafogo%20de%20futebol%20e%20regatas&geo=BR"
"chelsea football club","200+","27 de agosto de 2026 a las 17:10:00 UTC-3","28 de agosto de 2026 a las 6:40:00 UTC-3","chelsea football club","./explore?q=chelsea%20football%20club&geo=BR"
"vedat muriqi","500+","26 de agosto de 2026 a las 16:30:00 UTC-3","26 de agosto de 2026 a las 18:20:00 UTC-3","vedat muriqi","./explore?q=vedat%20muriqi&geo=BR"
"benedita da silva","200+","28 de agosto de 2026 a las 20:20:00 UTC-3","28 de agosto de 2026 a las 21:30:00 UTC-3","benedita da silva","./explore?q=benedita%20da%20silva&geo=BR"
"jogao","100+","30 de agosto de 2026 a las 3:40:00 UTC-3","30 de agosto de 2026 a las 5:00:00 UTC-3","jogao","./explore?q=jogao&geo=BR"
"edp","500+","26 de agosto de 2026 a las 13:40:00 UTC-3","26 de agosto de 2026 a las 16:00:00 UTC-3","edp","./explore?q=edp&geo=BR"
"wolves","200+","29 de agosto de 2026 a las 8:50:00 UTC-3","29 de agosto de 2026 a las 9:40:00 UTC-3","wolves","./explore?q=wolves&geo=BR"
"pstu","500+","27 de agosto de 2026 a las 20:50:00 UTC-3","27 de agosto de 2026 a las 22:00:00 UTC-3","pstu,hertz dias","./explore?q=pstu&geo=BR"
"temperatura","2 mil+","26 de agosto de 2026 a las 6:00:00 UTC-3","26 de agosto de 2026 a las 7:10:00 UTC-3","temperatura,temperatura são paulo","./explore?q=temperatura&geo=BR"
"william, príncipe de gales","200+","28 de agosto de 2026 a las 12:40:00 UTC-3","28 de agosto de 2026 a las 13:50:00 UTC-3","william, príncipe de gales","./explore?q=william%2C%20pr%C3%ADncipe%20de%20gales&geo=BR"
"deco","200+","27 de agosto de 2026 a las 16:10:00 UTC-3","27 de agosto de 2026 a las 19:00:00 UTC-3","deco","./explore?q=deco&geo=BR"
"horóscopo","200+","29 de agosto de 2026 a las 6:10:00 UTC-3","29 de agosto de 2026 a las 7:20:00 UTC-3","horóscopo","./explore?q=hor%C3%B3scopo&geo=BR"
"samuel lino","500+","25 de agosto de 2026 a las 4:50:00 UTC-3","25 de agosto de 2026 a las 7:20:00 UTC-3","samuel lino","./explore?q=samuel%20lino&geo=BR"
"brondby","500+","24 de agosto de 2026 a las 13:40:00 UTC-3","24 de agosto de 2026 a las 16:20:00 UTC-3","brondby","./explore?q=brondby&geo=BR"
"fred","500+","25 de agosto de 2026 a las 21:10:00 UTC-3","25 de agosto de 2026 a las 22:30:00 UTC-3","fred","./explore?q=fred&geo=BR"
"lucas veríssimo","200+","26 de agosto de 2026 a las 21:50:00 UTC-3","26 de agosto de 2026 a las 23:50:00 UTC-3","lucas veríssimo","./explore?q=lucas%20ver%C3%ADssimo&geo=BR"
"liam delap","100+","29 de agosto de 2026 a las 10:10:00 UTC-3","29 de agosto de 2026 a las 11:10:00 UTC-3","liam delap","./explore?q=liam%20delap&geo=BR"
"roseana sarney","500+","24 de agosto de 2026 a las 20:50:00 UTC-3","25 de agosto de 2026 a las 6:10:00 UTC-3","roseana sarney","./explore?q=roseana%20sarney&geo=BR"
"brasil basquete","500+","27 de agosto de 2026 a las 22:10:00 UTC-3","27 de agosto de 2026 a las 23:30:00 UTC-3","brasil basquete,brasil x republica dominicana basquete","./explore?q=brasil%20basquete&geo=BR"
"renato kayzer","500+","25 de agosto de 2026 a las 3:30:00 UTC-3","25 de agosto de 2026 a las 9:50:00 UTC-3","renato kayzer","./explore?q=renato%20kayzer&geo=BR"
"jovem pan","200+","28 de agosto de 2026 a las 5:40:00 UTC-3","28 de agosto de 2026 a las 7:50:00 UTC-3","jovem pan","./explore?q=jovem%20pan&geo=BR"
"el salvador","1 mil+","24 de agosto de 2026 a las 21:30:00 UTC-3","24 de agosto de 2026 a las 22:40:00 UTC-3","el salvador","./explore?q=el%20salvador&geo=BR"
"union de santa fe","200+","28 de agosto de 2026 a las 18:40:00 UTC-3","28 de agosto de 2026 a las 19:50:00 UTC-3","union de santa fe","./explore?q=union%20de%20santa%20fe&geo=BR"
"anita","500+","25 de agosto de 2026 a las 23:20:00 UTC-3","26 de agosto de 2026 a las 1:10:00 UTC-3","anita","./explore?q=anita&geo=BR"
"thiago almada","500+","27 de agosto de 2026 a las 0:00:00 UTC-3","27 de agosto de 2026 a las 1:10:00 UTC-3","thiago almada","./explore?q=thiago%20almada&geo=BR"
"capcom","200+","28 de agosto de 2026 a las 18:10:00 UTC-3","28 de agosto de 2026 a las 19:20:00 UTC-3","capcom","./explore?q=capcom&geo=BR"
"leicester","500+","25 de agosto de 2026 a las 15:50:00 UTC-3","25 de agosto de 2026 a las 18:20:00 UTC-3","leicester","./explore?q=leicester&geo=BR"
"santiago beltrán","200+","26 de agosto de 2026 a las 23:40:00 UTC-3","27 de agosto de 2026 a las 1:10:00 UTC-3","santiago beltrán","./explore?q=santiago%20beltr%C3%A1n&geo=BR"
"alverca","500+","24 de agosto de 2026 a las 12:50:00 UTC-3","24 de agosto de 2026 a las 15:40:00 UTC-3","alverca","./explore?q=alverca&geo=BR"
"clariana barão","200+","27 de agosto de 2026 a las 20:50:00 UTC-3","27 de agosto de 2026 a las 22:00:00 UTC-3","clariana barão","./explore?q=clariana%20bar%C3%A3o&geo=BR"
"previsão do tempo blumenau","200+","29 de agosto de 2026 a las 7:10:00 UTC-3","29 de agosto de 2026 a las 8:20:00 UTC-3","previsão do tempo blumenau","./explore?q=previs%C3%A3o%20do%20tempo%20blumenau&geo=BR"
"sicx","500+","25 de agosto de 2026 a las 8:30:00 UTC-3","25 de agosto de 2026 a las 11:00:00 UTC-3","sicx","./explore?q=sicx&geo=BR"
"vietnã x tailândia","200+","26 de agosto de 2026 a las 10:20:00 UTC-3","26 de agosto de 2026 a las 12:30:00 UTC-3","vietnã x tailândia","./explore?q=vietn%C3%A3%20x%20tail%C3%A2ndia&geo=BR"
"braithwaite","200+","27 de agosto de 2026 a las 21:30:00 UTC-3","27 de agosto de 2026 a las 22:40:00 UTC-3","braithwaite","./explore?q=braithwaite&geo=BR"
"zucco","200+","28 de agosto de 2026 a las 20:40:00 UTC-3","28 de agosto de 2026 a las 21:50:00 UTC-3","zucco","./explore?q=zucco&geo=BR"
"previsão do tempo niteroi","200+","29 de agosto de 2026 a las 21:40:00 UTC-3","29 de agosto de 2026 a las 22:10:00 UTC-3","previsão do tempo niteroi,previsão do tempo niterói","./explore?q=previs%C3%A3o%20do%20tempo%20niteroi&geo=BR"
"premier","500+","25 de agosto de 2026 a las 20:50:00 UTC-3","25 de agosto de 2026 a las 22:10:00 UTC-3","premier","./explore?q=premier&geo=BR"
"real sociedad - rcd espanyol","100+","29 de agosto de 2026 a las 14:20:00 UTC-3","29 de agosto de 2026 a las 15:10:00 UTC-3","real sociedad - rcd espanyol","./explore?q=real%20sociedad%20-%20rcd%20espanyol&geo=BR"
"jogo do cuiabá","100+","29 de agosto de 2026 a las 20:20:00 UTC-3","29 de agosto de 2026 a las 21:00:00 UTC-3","jogo do cuiabá","./explore?q=jogo%20do%20cuiab%C3%A1&geo=BR"
"luana piovani","200+","27 de agosto de 2026 a las 14:00:00 UTC-3","27 de agosto de 2026 a las 15:10:00 UTC-3","luana piovani","./explore?q=luana%20piovani&geo=BR"
"betis fc","500+","25 de agosto de 2026 a las 17:20:00 UTC-3","25 de agosto de 2026 a las 19:00:00 UTC-3","betis fc","./explore?q=betis%20fc&geo=BR"
"reinaldo manoel da silva","500+","24 de agosto de 2026 a las 17:00:00 UTC-3","24 de agosto de 2026 a las 19:10:00 UTC-3","reinaldo manoel da silva","./explore?q=reinaldo%20manoel%20da%20silva&geo=BR"
"rio ngumoha","100+","29 de agosto de 2026 a las 10:10:00 UTC-3","29 de agosto de 2026 a las 11:00:00 UTC-3","rio ngumoha","./explore?q=rio%20ngumoha&geo=BR"
"gshow","500+","25 de agosto de 2026 a las 22:50:00 UTC-3","26 de agosto de 2026 a las 0:30:00 UTC-3","gshow,junior","./explore?q=gshow&geo=BR"
"iludida","500+","26 de agosto de 2026 a las 21:40:00 UTC-3","26 de agosto de 2026 a las 23:00:00 UTC-3","iludida","./explore?q=iludida&geo=BR"
"previsão do tempo florianopolis","200+","29 de agosto de 2026 a las 7:50:00 UTC-3","29 de agosto de 2026 a las 8:50:00 UTC-3","previsão do tempo florianopolis","./explore?q=previs%C3%A3o%20do%20tempo%20florianopolis&geo=BR"
"natalia boulos","200+","26 de agosto de 2026 a las 19:40:00 UTC-3","27 de agosto de 2026 a las 1:40:00 UTC-3","natalia boulos","./explore?q=natalia%20boulos&geo=BR"
"spurs","500+","26 de agosto de 2026 a las 18:30:00 UTC-3","26 de agosto de 2026 a las 19:50:00 UTC-3","spurs,efl cup","./explore?q=spurs&geo=BR"
"tremembé","500+","25 de agosto de 2026 a las 14:40:00 UTC-3","26 de agosto de 2026 a las 1:20:00 UTC-3","tremembé","./explore?q=trememb%C3%A9&geo=BR"
"sundowns x amazulu","200+","26 de agosto de 2026 a las 14:00:00 UTC-3","26 de agosto de 2026 a las 15:50:00 UTC-3","sundowns x amazulu","./explore?q=sundowns%20x%20amazulu&geo=BR"
"grazi massafera","200+","29 de agosto de 2026 a las 16:10:00 UTC-3","29 de agosto de 2026 a las 16:50:00 UTC-3","grazi massafera","./explore?q=grazi%20massafera&geo=BR"
"previsão do tempo recife","200+","27 de agosto de 2026 a las 7:30:00 UTC-3","27 de agosto de 2026 a las 8:30:00 UTC-3","previsão do tempo recife","./explore?q=previs%C3%A3o%20do%20tempo%20recife&geo=BR"
"giorgian de arrascaeta","500+","25 de agosto de 2026 a las 6:00:00 UTC-3","25 de agosto de 2026 a las 7:50:00 UTC-3","giorgian de arrascaeta","./explore?q=giorgian%20de%20arrascaeta&geo=BR"
"india","100+","29 de agosto de 2026 a las 23:50:00 UTC-3","30 de agosto de 2026 a las 1:50:00 UTC-3","india","./explore?q=india&geo=BR"
"tortura","500+","25 de agosto de 2026 a las 17:10:00 UTC-3","25 de agosto de 2026 a las 18:40:00 UTC-3","tortura","./explore?q=tortura&geo=BR"
"dani calabresa","200+","28 de agosto de 2026 a las 0:00:00 UTC-3","28 de agosto de 2026 a las 1:10:00 UTC-3","dani calabresa","./explore?q=dani%20calabresa&geo=BR"
"exportação","200+","27 de agosto de 2026 a las 13:00:00 UTC-3","27 de agosto de 2026 a las 15:10:00 UTC-3","exportação","./explore?q=exporta%C3%A7%C3%A3o&geo=BR"
"frei gilson","1 mil+","25 de agosto de 2026 a las 3:50:00 UTC-3","25 de agosto de 2026 a las 5:00:00 UTC-3","frei gilson","./explore?q=frei%20gilson&geo=BR"
"previsão do tempo uberlandia","200+","26 de agosto de 2026 a las 17:00:00 UTC-3","27 de agosto de 2026 a las 7:20:00 UTC-3","previsão do tempo uberlandia","./explore?q=previs%C3%A3o%20do%20tempo%20uberlandia&geo=BR"
"iago aspas","200+","27 de agosto de 2026 a las 16:30:00 UTC-3","27 de agosto de 2026 a las 17:40:00 UTC-3","iago aspas","./explore?q=iago%20aspas&geo=BR"
"cruz azul","200+","28 de agosto de 2026 a las 22:50:00 UTC-3","28 de agosto de 2026 a las 23:30:00 UTC-3","cruz azul","./explore?q=cruz%20azul&geo=BR"
"ángel correa","200+","26 de agosto de 2026 a las 23:30:00 UTC-3","27 de agosto de 2026 a las 1:30:00 UTC-3","ángel correa","./explore?q=%C3%A1ngel%20correa&geo=BR"
"gabriel bortoleto","500+","27 de agosto de 2026 a las 18:10:00 UTC-3","27 de agosto de 2026 a las 18:50:00 UTC-3","gabriel bortoleto","./explore?q=gabriel%20bortoleto&geo=BR"
"tv oled","200+","27 de agosto de 2026 a las 23:10:00 UTC-3","28 de agosto de 2026 a las 2:40:00 UTC-3","tv oled","./explore?q=tv%20oled&geo=BR"
"instituto avalia","200+","30 de agosto de 2026 a las 6:40:00 UTC-3","30 de agosto de 2026 a las 7:30:00 UTC-3","instituto avalia","./explore?q=instituto%20avalia&geo=BR"
"thiago seyboth wild","500+","24 de agosto de 2026 a las 17:40:00 UTC-3","24 de agosto de 2026 a las 19:20:00 UTC-3","thiago seyboth wild","./explore?q=thiago%20seyboth%20wild&geo=BR"
"carlos gonzález","200+","25 de agosto de 2026 a las 23:00:00 UTC-3","26 de agosto de 2026 a las 1:10:00 UTC-3","carlos gonzález","./explore?q=carlos%20gonz%C3%A1lez&geo=BR"
"argentinos juniors","200+","24 de agosto de 2026 a las 22:00:00 UTC-3","25 de agosto de 2026 a las 0:40:00 UTC-3","argentinos juniors","./explore?q=argentinos%20juniors&geo=BR"
"poder360","100+","30 de agosto de 2026 a las 6:20:00 UTC-3","30 de agosto de 2026 a las 7:00:00 UTC-3","poder360","./explore?q=poder360&geo=BR"
"aurora boreal","200+","28 de agosto de 2026 a las 23:50:00 UTC-3","29 de agosto de 2026 a las 0:40:00 UTC-3","aurora boreal","./explore?q=aurora%20boreal&geo=BR"
"alexander isak","100+","29 de agosto de 2026 a las 10:00:00 UTC-3","29 de agosto de 2026 a las 10:50:00 UTC-3","alexander isak","./explore?q=alexander%20isak&geo=BR"
"real salt lake","200+","25 de agosto de 2026 a las 23:50:00 UTC-3","26 de agosto de 2026 a las 2:10:00 UTC-3","real salt lake","./explore?q=real%20salt%20lake&geo=BR"
"rafael cardoso","500+","24 de agosto de 2026 a las 18:30:00 UTC-3","24 de agosto de 2026 a las 20:10:00 UTC-3","rafael cardoso","./explore?q=rafael%20cardoso&geo=BR"
"al nasser","1 mil+","25 de agosto de 2026 a las 17:00:00 UTC-3","25 de agosto de 2026 a las 18:10:00 UTC-3","al nasser,al nasr,al-nassr football club,al-ettifaq vs al-nassr","./explore?q=al%20nasser&geo=BR"
"operação carbono oculto","200+","27 de agosto de 2026 a las 21:40:00 UTC-3","27 de agosto de 2026 a las 22:50:00 UTC-3","operação carbono oculto","./explore?q=opera%C3%A7%C3%A3o%20carbono%20oculto&geo=BR"
"cpg click petroleo e gas","200+","26 de agosto de 2026 a las 7:50:00 UTC-3","26 de agosto de 2026 a las 9:50:00 UTC-3","cpg click petroleo e gas","./explore?q=cpg%20click%20petroleo%20e%20gas&geo=BR"
"bilal hasan","100+","29 de agosto de 2026 a las 7:50:00 UTC-3","29 de agosto de 2026 a las 8:30:00 UTC-3","bilal hasan","./explore?q=bilal%20hasan&geo=BR"
"mcenroe","500+","25 de agosto de 2026 a las 22:20:00 UTC-3","25 de agosto de 2026 a las 23:30:00 UTC-3","mcenroe,agassi","./explore?q=mcenroe&geo=BR"
"vitoria fc","200+","26 de agosto de 2026 a las 23:00:00 UTC-3","27 de agosto de 2026 a las 0:20:00 UTC-3","vitoria fc","./explore?q=vitoria%20fc&geo=BR"
"nathaniel brown","200+","28 de agosto de 2026 a las 15:30:00 UTC-3","28 de agosto de 2026 a las 16:10:00 UTC-3","nathaniel brown","./explore?q=nathaniel%20brown&geo=BR"
"sheron menezzes","200+","28 de agosto de 2026 a las 20:10:00 UTC-3","28 de agosto de 2026 a las 20:50:00 UTC-3","sheron menezzes","./explore?q=sheron%20menezzes&geo=BR"
"antony","100+","29 de agosto de 2026 a las 13:20:00 UTC-3","29 de agosto de 2026 a las 14:00:00 UTC-3","antony","./explore?q=antony&geo=BR"
"gabriel barbosa","200+","26 de agosto de 2026 a las 23:30:00 UTC-3","27 de agosto de 2026 a las 0:30:00 UTC-3","gabriel barbosa","./explore?q=gabriel%20barbosa&geo=BR"
"classificações de al-shabab x al-riyadh","500+","25 de agosto de 2026 a las 17:30:00 UTC-3","25 de agosto de 2026 a las 18:40:00 UTC-3","classificações de al-shabab x al-riyadh,al shabab","./explore?q=classifica%C3%A7%C3%B5es%20de%20al-shabab%20x%20al-riyadh&geo=BR"
"metro df","500+","24 de agosto de 2026 a las 18:40:00 UTC-3","24 de agosto de 2026 a las 20:20:00 UTC-3","metro df","./explore?q=metro%20df&geo=BR"
"franco colapinto","500+","25 de agosto de 2026 a las 15:10:00 UTC-3","25 de agosto de 2026 a las 17:40:00 UTC-3","franco colapinto","./explore?q=franco%20colapinto&geo=BR"
"dantas","500+","24 de agosto de 2026 a las 20:10:00 UTC-3","24 de agosto de 2026 a las 22:20:00 UTC-3","dantas","./explore?q=dantas&geo=BR"
"séville – atlético madrid","100+","29 de agosto de 2026 a las 17:20:00 UTC-3","29 de agosto de 2026 a las 18:00:00 UTC-3","séville – atlético madrid","./explore?q=s%C3%A9ville%20%E2%80%93%20atl%C3%A9tico%20madrid&geo=BR"
"presidente da colômbia","500+","24 de agosto de 2026 a las 19:20:00 UTC-3","25 de agosto de 2026 a las 5:40:00 UTC-3","presidente da colômbia","./explore?q=presidente%20da%20col%C3%B4mbia&geo=BR"
"camera","200+","28 de agosto de 2026 a las 0:40:00 UTC-3","28 de agosto de 2026 a las 2:20:00 UTC-3","camera","./explore?q=camera&geo=BR"
"trabzonspor","200+","27 de agosto de 2026 a las 16:00:00 UTC-3","27 de agosto de 2026 a las 17:00:00 UTC-3","trabzonspor","./explore?q=trabzonspor&geo=BR"
"klebber toledo","200+","26 de agosto de 2026 a las 6:40:00 UTC-3","26 de agosto de 2026 a las 8:30:00 UTC-3","klebber toledo","./explore?q=klebber%20toledo&geo=BR"
"bundesliga 2","200+","28 de agosto de 2026 a las 13:50:00 UTC-3","28 de agosto de 2026 a las 14:40:00 UTC-3","bundesliga 2","./explore?q=bundesliga%202&geo=BR"
"villarreal x","200+","28 de agosto de 2026 a las 18:10:00 UTC-3","28 de agosto de 2026 a las 19:00:00 UTC-3","villarreal x","./explore?q=villarreal%20x&geo=BR"
"pesquisa para governador do paraná 2026","2 mil+","24 de agosto de 2026 a las 18:20:00 UTC-3","24 de agosto de 2026 a las 20:20:00 UTC-3","pesquisa para governador do paraná 2026,boa noite,governador do paraná","./explore?q=pesquisa%20para%20governador%20do%20paran%C3%A1%202026&geo=BR"
"gabriel magalhães","200+","25 de agosto de 2026 a las 18:20:00 UTC-3","25 de agosto de 2026 a las 20:00:00 UTC-3","gabriel magalhães","./explore?q=gabriel%20magalh%C3%A3es&geo=BR"
"previsão do tempo campinas","500+","26 de agosto de 2026 a las 5:10:00 UTC-3","26 de agosto de 2026 a las 7:10:00 UTC-3","previsão do tempo campinas,tempo campinas","./explore?q=previs%C3%A3o%20do%20tempo%20campinas&geo=BR"
"btg pactual","100+","30 de agosto de 2026 a las 10:50:00 UTC-3","30 de agosto de 2026 a las 11:10:00 UTC-3","btg pactual","./explore?q=btg%20pactual&geo=BR"
"monotrilho","200+","25 de agosto de 2026 a las 9:00:00 UTC-3","25 de agosto de 2026 a las 14:10:00 UTC-3","monotrilho","./explore?q=monotrilho&geo=BR"
"samara martins","500+","25 de agosto de 2026 a las 20:50:00 UTC-3","25 de agosto de 2026 a las 22:00:00 UTC-3","samara martins","./explore?q=samara%20martins&geo=BR"
"oggi","200+","29 de agosto de 2026 a las 19:00:00 UTC-3","29 de agosto de 2026 a las 19:30:00 UTC-3","oggi","./explore?q=oggi&geo=BR"
"brk","500+","25 de agosto de 2026 a las 11:20:00 UTC-3","25 de agosto de 2026 a las 16:30:00 UTC-3","brk","./explore?q=brk&geo=BR"
"independiente santa fe","200+","26 de agosto de 2026 a las 23:50:00 UTC-3","27 de agosto de 2026 a las 1:00:00 UTC-3","independiente santa fe,rafael santos borré","./explore?q=independiente%20santa%20fe&geo=BR"
"ronaldo caiado idade","500+","25 de agosto de 2026 a las 21:20:00 UTC-3","25 de agosto de 2026 a las 22:30:00 UTC-3","ronaldo caiado idade,idade ronaldo caiado","./explore?q=ronaldo%20caiado%20idade&geo=BR"
"sabah","200+","27 de agosto de 2026 a las 14:00:00 UTC-3","27 de agosto de 2026 a las 15:00:00 UTC-3","sabah","./explore?q=sabah&geo=BR"
"radio guaiba","200+","27 de agosto de 2026 a las 20:40:00 UTC-3","27 de agosto de 2026 a las 21:40:00 UTC-3","radio guaiba","./explore?q=radio%20guaiba&geo=BR"
"copa davis","200+","27 de agosto de 2026 a las 17:00:00 UTC-3","27 de agosto de 2026 a las 18:00:00 UTC-3","copa davis","./explore?q=copa%20davis&geo=BR"
"globonews","200+","28 de agosto de 2026 a las 22:00:00 UTC-3","28 de agosto de 2026 a las 22:50:00 UTC-3","globonews","./explore?q=globonews&geo=BR"
"ge tv","500+","25 de agosto de 2026 a las 21:00:00 UTC-3","25 de agosto de 2026 a las 22:00:00 UTC-3","ge tv","./explore?q=ge%20tv&geo=BR"
"mark ruffalo","500+","24 de agosto de 2026 a las 12:50:00 UTC-3","24 de agosto de 2026 a las 14:30:00 UTC-3","mark ruffalo","./explore?q=mark%20ruffalo&geo=BR"
"osmarzinho","500+","25 de agosto de 2026 a las 21:00:00 UTC-3","26 de agosto de 2026 a las 0:50:00 UTC-3","osmarzinho","./explore?q=osmarzinho&geo=BR"
"pogacar","100+","29 de agosto de 2026 a las 13:10:00 UTC-3","29 de agosto de 2026 a las 13:50:00 UTC-3","pogacar","./explore?q=pogacar&geo=BR"
"setembro amarelo","200+","27 de agosto de 2026 a las 9:10:00 UTC-3","27 de agosto de 2026 a las 10:10:00 UTC-3","setembro amarelo","./explore?q=setembro%20amarelo&geo=BR"
"ficção científica","100+","28 de agosto de 2026 a las 6:40:00 UTC-3","28 de agosto de 2026 a las 7:50:00 UTC-3","ficção científica","./explore?q=fic%C3%A7%C3%A3o%20cient%C3%ADfica&geo=BR"
"areia branca","500+","24 de agosto de 2026 a las 20:30:00 UTC-3","24 de agosto de 2026 a las 22:10:00 UTC-3","areia branca","./explore?q=areia%20branca&geo=BR"
"toronto x new york city fc","100+","29 de agosto de 2026 a las 21:10:00 UTC-3","29 de agosto de 2026 a las 21:50:00 UTC-3","toronto x new york city fc","./explore?q=toronto%20x%20new%20york%20city%20fc&geo=BR"
"servidor rj","200+","25 de agosto de 2026 a las 7:50:00 UTC-3","25 de agosto de 2026 a las 10:00:00 UTC-3","servidor rj","./explore?q=servidor%20rj&geo=BR"
"forças armadas","200+","27 de agosto de 2026 a las 17:50:00 UTC-3","27 de agosto de 2026 a las 18:50:00 UTC-3","forças armadas","./explore?q=for%C3%A7as%20armadas&geo=BR"
"brasil de pelotas","200+","27 de agosto de 2026 a las 21:00:00 UTC-3","27 de agosto de 2026 a las 22:00:00 UTC-3","brasil de pelotas","./explore?q=brasil%20de%20pelotas&geo=BR"
"stefanos tsitsipas","200+","26 de agosto de 2026 a las 20:00:00 UTC-3","26 de agosto de 2026 a las 21:00:00 UTC-3","stefanos tsitsipas","./explore?q=stefanos%20tsitsipas&geo=BR"
"tra","200+","30 de agosto de 2026 a las 2:50:00 UTC-3","30 de agosto de 2026 a las 3:30:00 UTC-3","tra,5","./explore?q=tra&geo=BR"
"adria arjona","200+","28 de agosto de 2026 a las 13:20:00 UTC-3","28 de agosto de 2026 a las 14:30:00 UTC-3","adria arjona","./explore?q=adria%20arjona&geo=BR"
"rob nelson rockstar","200+","27 de agosto de 2026 a las 16:30:00 UTC-3","27 de agosto de 2026 a las 17:30:00 UTC-3","rob nelson rockstar","./explore?q=rob%20nelson%20rockstar&geo=BR"
"plaza amador","200+","27 de agosto de 2026 a las 0:20:00 UTC-3","27 de agosto de 2026 a las 1:50:00 UTC-3","plaza amador","./explore?q=plaza%20amador&geo=BR"
"tracker","100+","30 de agosto de 2026 a las 2:40:00 UTC-3","30 de agosto de 2026 a las 3:20:00 UTC-3","tracker","./explore?q=tracker&geo=BR"
"ipca 15","500+","26 de agosto de 2026 a las 9:30:00 UTC-3","26 de agosto de 2026 a las 10:30:00 UTC-3","ipca 15,passagem aerea","./explore?q=ipca%2015&geo=BR"
"anthony gordon","200+","27 de agosto de 2026 a las 16:50:00 UTC-3","27 de agosto de 2026 a las 18:20:00 UTC-3","anthony gordon","./explore?q=anthony%20gordon&geo=BR"
"kups x shamrock rovers","200+","27 de agosto de 2026 a las 12:10:00 UTC-3","27 de agosto de 2026 a las 13:20:00 UTC-3","kups x shamrock rovers","./explore?q=kups%20x%20shamrock%20rovers&geo=BR"
"getafe","200+","27 de agosto de 2026 a las 18:10:00 UTC-3","27 de agosto de 2026 a las 18:50:00 UTC-3","getafe","./explore?q=getafe&geo=BR"
"richard ríos","500+","28 de agosto de 2026 a las 8:50:00 UTC-3","28 de agosto de 2026 a las 9:30:00 UTC-3","richard ríos,internacional fc","./explore?q=richard%20r%C3%ADos&geo=BR"
"resumo da novela por você","200+","27 de agosto de 2026 a las 20:30:00 UTC-3","27 de agosto de 2026 a las 21:30:00 UTC-3","resumo da novela por você","./explore?q=resumo%20da%20novela%20por%20voc%C3%AA&geo=BR"
"internacional de bogotá","200+","27 de agosto de 2026 a las 22:20:00 UTC-3","27 de agosto de 2026 a las 23:20:00 UTC-3","internacional de bogotá","./explore?q=internacional%20de%20bogot%C3%A1&geo=BR"
"bernardo silva","200+","26 de agosto de 2026 a las 17:30:00 UTC-3","26 de agosto de 2026 a las 18:40:00 UTC-3","bernardo silva","./explore?q=bernardo%20silva&geo=BR"
"andré lima","100+","29 de agosto de 2026 a las 7:30:00 UTC-3","29 de agosto de 2026 a las 8:20:00 UTC-3","andré lima","./explore?q=andr%C3%A9%20lima&geo=BR"
"meta","200+","26 de agosto de 2026 a las 19:40:00 UTC-3","26 de agosto de 2026 a las 20:50:00 UTC-3","meta","./explore?q=meta&geo=BR"
"sport fc","100+","28 de agosto de 2026 a las 22:30:00 UTC-3","28 de agosto de 2026 a las 23:20:00 UTC-3","sport fc","./explore?q=sport%20fc&geo=BR"
"incêndio guarulhos","500+","27 de agosto de 2026 a las 15:10:00 UTC-3","27 de agosto de 2026 a las 15:50:00 UTC-3","incêndio guarulhos,incendio guarulhos","./explore?q=inc%C3%AAndio%20guarulhos&geo=BR"
"ge tv ao vivo","200+","26 de agosto de 2026 a las 21:40:00 UTC-3","26 de agosto de 2026 a las 22:40:00 UTC-3","ge tv ao vivo","./explore?q=ge%20tv%20ao%20vivo&geo=BR"
"alexandre borges","200+","27 de agosto de 2026 a las 22:40:00 UTC-3","27 de agosto de 2026 a las 23:40:00 UTC-3","alexandre borges","./explore?q=alexandre%20borges&geo=BR"
"fiorentina fc","100+","29 de agosto de 2026 a las 14:40:00 UTC-3","29 de agosto de 2026 a las 15:10:00 UTC-3","fiorentina fc","./explore?q=fiorentina%20fc&geo=BR"
"previsao do tempo porto alegre","100+","28 de agosto de 2026 a las 7:30:00 UTC-3","28 de agosto de 2026 a las 8:40:00 UTC-3","previsao do tempo porto alegre","./explore?q=previsao%20do%20tempo%20porto%20alegre&geo=BR"
"divida publica brasil","200+","27 de agosto de 2026 a las 21:40:00 UTC-3","27 de agosto de 2026 a las 22:30:00 UTC-3","divida publica brasil","./explore?q=divida%20publica%20brasil&geo=BR"
"wrexham","200+","28 de agosto de 2026 a las 17:40:00 UTC-3","28 de agosto de 2026 a las 18:20:00 UTC-3","wrexham","./explore?q=wrexham&geo=BR"
"dia de sorte","200+","29 de agosto de 2026 a las 7:10:00 UTC-3","29 de agosto de 2026 a las 8:00:00 UTC-3","dia de sorte,dia de sorte 1282","./explore?q=dia%20de%20sorte&geo=BR"
"serena williams","200+","25 de agosto de 2026 a las 18:10:00 UTC-3","25 de agosto de 2026 a las 19:30:00 UTC-3","serena williams","./explore?q=serena%20williams&geo=BR"
"gianne albertoni","200+","25 de agosto de 2026 a las 16:20:00 UTC-3","25 de agosto de 2026 a las 17:40:00 UTC-3","gianne albertoni","./explore?q=gianne%20albertoni&geo=BR"
"cgn cascavel","100+","28 de agosto de 2026 a las 21:30:00 UTC-3","28 de agosto de 2026 a las 22:10:00 UTC-3","cgn cascavel","./explore?q=cgn%20cascavel&geo=BR"
"pietro antonelli","200+","25 de agosto de 2026 a las 22:00:00 UTC-3","25 de agosto de 2026 a las 23:10:00 UTC-3","pietro antonelli","./explore?q=pietro%20antonelli&geo=BR"
"piauí","200+","25 de agosto de 2026 a las 14:50:00 UTC-3","25 de agosto de 2026 a las 16:40:00 UTC-3","piauí","./explore?q=piau%C3%AD&geo=BR"
"ponte jk","200+","28 de agosto de 2026 a las 8:10:00 UTC-3","28 de agosto de 2026 a las 9:00:00 UTC-3","ponte jk","./explore?q=ponte%20jk&geo=BR"
"palmeiras jogos","200+","26 de agosto de 2026 a las 23:10:00 UTC-3","27 de agosto de 2026 a las 7:00:00 UTC-3","palmeiras jogos","./explore?q=palmeiras%20jogos&geo=BR"
"boca jr","100+","28 de agosto de 2026 a las 23:10:00 UTC-3","29 de agosto de 2026 a las 0:00:00 UTC-3","boca jr","./explore?q=boca%20jr&geo=BR"
"polymarket","200+","27 de agosto de 2026 a las 14:50:00 UTC-3","27 de agosto de 2026 a las 23:10:00 UTC-3","polymarket","./explore?q=polymarket&geo=BR"
"sheron menezzes","500+","24 de agosto de 2026 a las 19:50:00 UTC-3","24 de agosto de 2026 a las 21:00:00 UTC-3","sheron menezzes","./explore?q=sheron%20menezzes&geo=BR"
"carnatal","200+","28 de agosto de 2026 a las 16:30:00 UTC-3","28 de agosto de 2026 a las 17:10:00 UTC-3","carnatal,carnatal 2026","./explore?q=carnatal&geo=BR"
"lazio fc","500+","24 de agosto de 2026 a las 14:50:00 UTC-3","24 de agosto de 2026 a las 16:20:00 UTC-3","lazio fc","./explore?q=lazio%20fc&geo=BR"
"iptv","500+","25 de agosto de 2026 a las 21:10:00 UTC-3","25 de agosto de 2026 a las 22:00:00 UTC-3","iptv","./explore?q=iptv&geo=BR"
"porque lula está usando chapéu","200+","27 de agosto de 2026 a las 21:30:00 UTC-3","27 de agosto de 2026 a las 22:10:00 UTC-3","porque lula está usando chapéu","./explore?q=porque%20lula%20est%C3%A1%20usando%20chap%C3%A9u&geo=BR"
"juscelino kubitschek","200+","25 de agosto de 2026 a las 21:00:00 UTC-3","25 de agosto de 2026 a las 22:10:00 UTC-3","juscelino kubitschek","./explore?q=juscelino%20kubitschek&geo=BR"
"programacao globo","500+","25 de agosto de 2026 a las 21:00:00 UTC-3","25 de agosto de 2026 a las 22:10:00 UTC-3","programacao globo,programação da globo","./explore?q=programacao%20globo&geo=BR"
"classement fc barcelone – ath. bilbao","200+","27 de agosto de 2026 a las 18:40:00 UTC-3","27 de agosto de 2026 a las 19:30:00 UTC-3","classement fc barcelone – ath. bilbao","./explore?q=classement%20fc%20barcelone%20%E2%80%93%20ath.%20bilbao&geo=BR"
"ca tigre","200+","24 de agosto de 2026 a las 18:20:00 UTC-3","24 de agosto de 2026 a las 19:40:00 UTC-3","ca tigre","./explore?q=ca%20tigre&geo=BR"
"previsão do tempo caxias do sul","200+","28 de agosto de 2026 a las 6:30:00 UTC-3","28 de agosto de 2026 a las 7:30:00 UTC-3","previsão do tempo caxias do sul","./explore?q=previs%C3%A3o%20do%20tempo%20caxias%20do%20sul&geo=BR"
"diomande","200+","26 de agosto de 2026 a las 17:50:00 UTC-3","26 de agosto de 2026 a las 18:50:00 UTC-3","diomande","./explore?q=diomande&geo=BR"
"necaxa","200+","28 de agosto de 2026 a las 22:50:00 UTC-3","28 de agosto de 2026 a las 23:20:00 UTC-3","necaxa","./explore?q=necaxa&geo=BR"
"envelhecimento","200+","24 de agosto de 2026 a las 17:50:00 UTC-3","24 de agosto de 2026 a las 19:30:00 UTC-3","envelhecimento","./explore?q=envelhecimento&geo=BR"
"naruto","200+","25 de agosto de 2026 a las 23:20:00 UTC-3","26 de agosto de 2026 a las 4:00:00 UTC-3","naruto","./explore?q=naruto&geo=BR"
"linha 7 da cptm","200+","25 de agosto de 2026 a las 12:50:00 UTC-3","25 de agosto de 2026 a las 14:00:00 UTC-3","linha 7 da cptm","./explore?q=linha%207%20da%20cptm&geo=BR"
"previsão do tempo contagem","200+","27 de agosto de 2026 a las 7:20:00 UTC-3","27 de agosto de 2026 a las 8:20:00 UTC-3","previsão do tempo contagem","./explore?q=previs%C3%A3o%20do%20tempo%20contagem&geo=BR"
"danilo pereira botafogo","200+","24 de agosto de 2026 a las 19:30:00 UTC-3","24 de agosto de 2026 a las 20:50:00 UTC-3","danilo pereira botafogo","./explore?q=danilo%20pereira%20botafogo&geo=BR"
"larne fc","200+","27 de agosto de 2026 a las 18:20:00 UTC-3","27 de agosto de 2026 a las 19:10:00 UTC-3","larne fc","./explore?q=larne%20fc&geo=BR"
"fred galo","200+","25 de agosto de 2026 a las 21:20:00 UTC-3","25 de agosto de 2026 a las 22:30:00 UTC-3","fred galo","./explore?q=fred%20galo&geo=BR"
"coulibaly","100+","29 de agosto de 2026 a las 16:40:00 UTC-3","29 de agosto de 2026 a las 17:10:00 UTC-3","coulibaly","./explore?q=coulibaly&geo=BR"
"lego skylines","200+","25 de agosto de 2026 a las 16:40:00 UTC-3","25 de agosto de 2026 a las 17:40:00 UTC-3","lego skylines","./explore?q=lego%20skylines&geo=BR"
"placar","200+","25 de agosto de 2026 a las 22:20:00 UTC-3","25 de agosto de 2026 a las 23:30:00 UTC-3","placar","./explore?q=placar&geo=BR"
"augusto cury pesquisa eleitoral","100+","28 de agosto de 2026 a las 0:50:00 UTC-3","28 de agosto de 2026 a las 2:00:00 UTC-3","augusto cury pesquisa eleitoral","./explore?q=augusto%20cury%20pesquisa%20eleitoral&geo=BR"
"juliana brizola","100+","28 de agosto de 2026 a las 21:10:00 UTC-3","28 de agosto de 2026 a las 21:50:00 UTC-3","juliana brizola","./explore?q=juliana%20brizola&geo=BR"
"jade picon","200+","25 de agosto de 2026 a las 12:20:00 UTC-3","25 de agosto de 2026 a las 13:50:00 UTC-3","jade picon","./explore?q=jade%20picon&geo=BR"
"iphone","500+","28 de agosto de 2026 a las 7:20:00 UTC-3","28 de agosto de 2026 a las 7:40:00 UTC-3","iphone","./explore?q=iphone&geo=BR"
"santiago sosa","200+","26 de agosto de 2026 a las 23:30:00 UTC-3","27 de agosto de 2026 a las 0:20:00 UTC-3","santiago sosa","./explore?q=santiago%20sosa&geo=BR"
"mewgenics","200+","25 de agosto de 2026 a las 16:00:00 UTC-3","25 de agosto de 2026 a las 17:10:00 UTC-3","mewgenics","./explore?q=mewgenics&geo=BR"
"nk celje","200+","26 de agosto de 2026 a las 17:40:00 UTC-3","26 de agosto de 2026 a las 18:50:00 UTC-3","nk celje","./explore?q=nk%20celje&geo=BR"
"mitsubishi pajero","200+","24 de agosto de 2026 a las 20:10:00 UTC-3","25 de agosto de 2026 a las 7:30:00 UTC-3","mitsubishi pajero","./explore?q=mitsubishi%20pajero&geo=BR"
"real sociedad de fútbol","200+","26 de agosto de 2026 a las 17:30:00 UTC-3","26 de agosto de 2026 a las 18:30:00 UTC-3","real sociedad de fútbol","./explore?q=real%20sociedad%20de%20f%C3%BAtbol&geo=BR"
"serie a tim","200+","28 de agosto de 2026 a las 18:10:00 UTC-3","28 de agosto de 2026 a las 18:30:00 UTC-3","serie a tim","./explore?q=serie%20a%20tim&geo=BR"
"sportivo luqueño x rubio ñu","100+","28 de agosto de 2026 a las 16:40:00 UTC-3","28 de agosto de 2026 a las 17:40:00 UTC-3","sportivo luqueño x rubio ñu","./explore?q=sportivo%20luque%C3%B1o%20x%20rubio%20%C3%B1u&geo=BR"
"ceará sporting club","200+","24 de agosto de 2026 a las 16:20:00 UTC-3","24 de agosto de 2026 a las 17:20:00 UTC-3","ceará sporting club","./explore?q=cear%C3%A1%20sporting%20club&geo=BR"
"megaigreja","200+","25 de agosto de 2026 a las 15:40:00 UTC-3","25 de agosto de 2026 a las 18:20:00 UTC-3","megaigreja","./explore?q=megaigreja&geo=BR"
"epidemia","200+","27 de agosto de 2026 a las 12:50:00 UTC-3","27 de agosto de 2026 a las 13:50:00 UTC-3","epidemia","./explore?q=epidemia&geo=BR"
"adriana esteves","500+","24 de agosto de 2026 a las 18:10:00 UTC-3","24 de agosto de 2026 a las 19:10:00 UTC-3","adriana esteves,cauã reymond","./explore?q=adriana%20esteves&geo=BR"
"globo online","100+","28 de agosto de 2026 a las 22:00:00 UTC-3","28 de agosto de 2026 a las 22:30:00 UTC-3","globo online","./explore?q=globo%20online&geo=BR"
"classement real madrid – real sociedad","200+","26 de agosto de 2026 a las 18:30:00 UTC-3","26 de agosto de 2026 a las 19:20:00 UTC-3","classement real madrid – real sociedad","./explore?q=classement%20real%20madrid%20%E2%80%93%20real%20sociedad&geo=BR"
"cucurella","200+","25 de agosto de 2026 a las 16:50:00 UTC-3","25 de agosto de 2026 a las 18:40:00 UTC-3","cucurella","./explore?q=cucurella&geo=BR"
"clima de hoje","200+","27 de agosto de 2026 a las 6:10:00 UTC-3","27 de agosto de 2026 a las 7:20:00 UTC-3","clima de hoje","./explore?q=clima%20de%20hoje&geo=BR"
"cupom mercado livre hoje","100+","28 de agosto de 2026 a las 0:00:00 UTC-3","28 de agosto de 2026 a las 1:00:00 UTC-3","cupom mercado livre hoje","./explore?q=cupom%20mercado%20livre%20hoje&geo=BR"
"2026","200+","25 de agosto de 2026 a las 5:30:00 UTC-3","25 de agosto de 2026 a las 7:10:00 UTC-3","2026","./explore?q=2026&geo=BR"
"fcc","200+","25 de agosto de 2026 a las 9:30:00 UTC-3","25 de agosto de 2026 a las 10:40:00 UTC-3","fcc","./explore?q=fcc&geo=BR"
"zoopunk","200+","25 de agosto de 2026 a las 16:40:00 UTC-3","25 de agosto de 2026 a las 17:50:00 UTC-3","zoopunk","./explore?q=zoopunk&geo=BR"
"estrela da casa","200+","27 de agosto de 2026 a las 23:20:00 UTC-3","28 de agosto de 2026 a las 0:00:00 UTC-3","estrela da casa","./explore?q=estrela%20da%20casa&geo=BR"
"vilareal","100+","28 de agosto de 2026 a las 18:40:00 UTC-3","28 de agosto de 2026 a las 19:10:00 UTC-3","vilareal","./explore?q=vilareal&geo=BR"
"alajuelense","100+","27 de agosto de 2026 a las 0:50:00 UTC-3","27 de agosto de 2026 a las 2:10:00 UTC-3","alajuelense","./explore?q=alajuelense&geo=BR"
"amaury lorenzo","200+","24 de agosto de 2026 a las 19:50:00 UTC-3","24 de agosto de 2026 a las 20:50:00 UTC-3","amaury lorenzo","./explore?q=amaury%20lorenzo&geo=BR"
"genk","200+","28 de agosto de 2026 a las 13:20:00 UTC-3","28 de agosto de 2026 a las 16:30:00 UTC-3","genk","./explore?q=genk&geo=BR"
"gastón verón","200+","24 de agosto de 2026 a las 23:10:00 UTC-3","25 de agosto de 2026 a las 0:20:00 UTC-3","gastón verón","./explore?q=gast%C3%B3n%20ver%C3%B3n&geo=BR"
"mirra andreeva","200+","26 de agosto de 2026 a las 22:30:00 UTC-3","26 de agosto de 2026 a las 23:30:00 UTC-3","mirra andreeva","./explore?q=mirra%20andreeva&geo=BR"
"jogo botafogo hoje","200+","24 de agosto de 2026 a las 21:50:00 UTC-3","24 de agosto de 2026 a las 22:50:00 UTC-3","jogo botafogo hoje","./explore?q=jogo%20botafogo%20hoje&geo=BR"
"caminhoneiro","200+","24 de agosto de 2026 a las 19:00:00 UTC-3","24 de agosto de 2026 a las 19:50:00 UTC-3","caminhoneiro","./explore?q=caminhoneiro&geo=BR"
"enzo díaz","200+","27 de agosto de 2026 a las 15:00:00 UTC-3","27 de agosto de 2026 a las 15:30:00 UTC-3","enzo díaz","./explore?q=enzo%20d%C3%ADaz&geo=BR"
"artigo","200+","25 de agosto de 2026 a las 16:10:00 UTC-3","25 de agosto de 2026 a las 17:40:00 UTC-3","artigo","./explore?q=artigo&geo=BR"
"uci kinoplex","500+","24 de agosto de 2026 a las 16:30:00 UTC-3","24 de agosto de 2026 a las 17:40:00 UTC-3","uci kinoplex,omelete","./explore?q=uci%20kinoplex&geo=BR"
"alan minda","200+","25 de agosto de 2026 a las 22:50:00 UTC-3","25 de agosto de 2026 a las 23:40:00 UTC-3","alan minda","./explore?q=alan%20minda&geo=BR"
"nelson deossa","200+","25 de agosto de 2026 a las 18:20:00 UTC-3","25 de agosto de 2026 a las 19:10:00 UTC-3","nelson deossa","./explore?q=nelson%20deossa&geo=BR"
"b","100+","29 de agosto de 2026 a las 3:20:00 UTC-3","29 de agosto de 2026 a las 4:30:00 UTC-3","b","./explore?q=b&geo=BR"
"posiciones de al-ettifaq contra al-nassr","200+","25 de agosto de 2026 a las 17:40:00 UTC-3","25 de agosto de 2026 a las 18:30:00 UTC-3","posiciones de al-ettifaq contra al-nassr","./explore?q=posiciones%20de%20al-ettifaq%20contra%20al-nassr&geo=BR"
"instituto","100+","29 de agosto de 2026 a las 18:40:00 UTC-3","29 de agosto de 2026 a las 19:00:00 UTC-3","instituto","./explore?q=instituto&geo=BR"
"james bond","200+","26 de agosto de 2026 a las 20:30:00 UTC-3","26 de agosto de 2026 a las 21:20:00 UTC-3","james bond","./explore?q=james%20bond&geo=BR"
"data eleições 2026","100+","28 de agosto de 2026 a las 22:00:00 UTC-3","28 de agosto de 2026 a las 22:30:00 UTC-3","data eleições 2026","./explore?q=data%20elei%C3%A7%C3%B5es%202026&geo=BR"
"juventud x deportivo maldonado","100+","29 de agosto de 2026 a las 14:20:00 UTC-3","29 de agosto de 2026 a las 14:40:00 UTC-3","juventud x deportivo maldonado","./explore?q=juventud%20x%20deportivo%20maldonado&geo=BR"
"lillestrom","200+","27 de agosto de 2026 a las 15:40:00 UTC-3","27 de agosto de 2026 a las 16:20:00 UTC-3","lillestrom","./explore?q=lillestrom&geo=BR"
"opta","200+","24 de agosto de 2026 a las 22:10:00 UTC-3","24 de agosto de 2026 a las 23:20:00 UTC-3","opta","./explore?q=opta&geo=BR"
"camboja","200+","26 de agosto de 2026 a las 11:50:00 UTC-3","26 de agosto de 2026 a las 12:50:00 UTC-3","camboja","./explore?q=camboja&geo=BR"
"granada fc","200+","24 de agosto de 2026 a las 17:50:00 UTC-3","24 de agosto de 2026 a las 19:00:00 UTC-3","granada fc","./explore?q=granada%20fc&geo=BR"
"pib","200+","27 de agosto de 2026 a las 22:10:00 UTC-3","27 de agosto de 2026 a las 22:30:00 UTC-3","pib","./explore?q=pib&geo=BR"
"slovan bratislava","200+","26 de agosto de 2026 a las 18:20:00 UTC-3","26 de agosto de 2026 a las 19:00:00 UTC-3","slovan bratislava","./explore?q=slovan%20bratislava&geo=BR"
"vlt","200+","26 de agosto de 2026 a las 13:30:00 UTC-3","26 de agosto de 2026 a las 14:20:00 UTC-3","vlt","./explore?q=vlt&geo=BR"
"ator rafael infante","100+","29 de agosto de 2026 a las 14:20:00 UTC-3","29 de agosto de 2026 a las 14:40:00 UTC-3","ator rafael infante","./explore?q=ator%20rafael%20infante&geo=BR"
"guerra de drones","100+","27 de agosto de 2026 a las 18:20:00 UTC-3","27 de agosto de 2026 a las 19:00:00 UTC-3","guerra de drones","./explore?q=guerra%20de%20drones&geo=BR"
"club atlético river plate","100+","27 de agosto de 2026 a las 7:20:00 UTC-3","27 de agosto de 2026 a las 8:30:00 UTC-3","club atlético river plate","./explore?q=club%20atl%C3%A9tico%20river%20plate&geo=BR"
"what is a data breach","100+","28 de agosto de 2026 a las 3:30:00 UTC-3","28 de agosto de 2026 a las 5:00:00 UTC-3","what is a data breach","./explore?q=what%20is%20a%20data%20breach&geo=BR"
"álvaro barreal","200+","26 de agosto de 2026 a las 21:40:00 UTC-3","26 de agosto de 2026 a las 22:30:00 UTC-3","álvaro barreal","./explore?q=%C3%A1lvaro%20barreal&geo=BR"
"tank 400","200+","26 de agosto de 2026 a las 12:50:00 UTC-3","26 de agosto de 2026 a las 14:00:00 UTC-3","tank 400","./explore?q=tank%20400&geo=BR"
"joão marcelo","200+","25 de agosto de 2026 a las 22:30:00 UTC-3","25 de agosto de 2026 a las 23:20:00 UTC-3","joão marcelo","./explore?q=jo%C3%A3o%20marcelo&geo=BR"
"renan","200+","26 de agosto de 2026 a las 20:50:00 UTC-3","26 de agosto de 2026 a las 21:30:00 UTC-3","renan","./explore?q=renan&geo=BR"
"saudi pro league","100+","28 de agosto de 2026 a las 16:30:00 UTC-3","28 de agosto de 2026 a las 17:10:00 UTC-3","saudi pro league","./explore?q=saudi%20pro%20league&geo=BR"
"amor valente","200+","25 de agosto de 2026 a las 21:20:00 UTC-3","25 de agosto de 2026 a las 22:00:00 UTC-3","amor valente","./explore?q=amor%20valente&geo=BR"
"grupo volkswagen","200+","25 de agosto de 2026 a las 20:00:00 UTC-3","25 de agosto de 2026 a las 20:50:00 UTC-3","grupo volkswagen","./explore?q=grupo%20volkswagen&geo=BR"
"street fighter","200+","26 de agosto de 2026 a las 9:40:00 UTC-3","26 de agosto de 2026 a las 10:40:00 UTC-3","street fighter","./explore?q=street%20fighter&geo=BR"
"el niño","500+","26 de agosto de 2026 a las 6:10:00 UTC-3","26 de agosto de 2026 a las 6:30:00 UTC-3","el niño","./explore?q=el%20ni%C3%B1o&geo=BR"
"ajax fc","200+","27 de agosto de 2026 a las 15:40:00 UTC-3","27 de agosto de 2026 a las 16:10:00 UTC-3","ajax fc","./explore?q=ajax%20fc&geo=BR"
"bets","100+","25 de agosto de 2026 a las 18:20:00 UTC-3","26 de agosto de 2026 a las 4:20:00 UTC-3","bets","./explore?q=bets&geo=BR"
"super sete","200+","26 de agosto de 2026 a las 22:00:00 UTC-3","26 de agosto de 2026 a las 22:50:00 UTC-3","super sete","./explore?q=super%20sete&geo=BR"
"marília campos","200+","27 de agosto de 2026 a las 18:30:00 UTC-3","27 de agosto de 2026 a las 19:00:00 UTC-3","marília campos","./explore?q=mar%C3%ADlia%20campos&geo=BR"
"ios 27","100+","26 de agosto de 2026 a las 0:20:00 UTC-3","26 de agosto de 2026 a las 6:20:00 UTC-3","ios 27","./explore?q=ios%2027&geo=BR"
"tempo em bh","100+","27 de agosto de 2026 a las 7:50:00 UTC-3","27 de agosto de 2026 a las 8:30:00 UTC-3","tempo em bh","./explore?q=tempo%20em%20bh&geo=BR"
"giay palmeiras","200+","26 de agosto de 2026 a las 23:20:00 UTC-3","26 de agosto de 2026 a las 23:50:00 UTC-3","giay palmeiras","./explore?q=giay%20palmeiras&geo=BR"
"previsão do tempo piracicaba","100+","26 de agosto de 2026 a las 5:50:00 UTC-3","26 de agosto de 2026 a las 7:30:00 UTC-3","previsão do tempo piracicaba","./explore?q=previs%C3%A3o%20do%20tempo%20piracicaba&geo=BR"
"botafogo fc","200+","24 de agosto de 2026 a las 22:10:00 UTC-3","24 de agosto de 2026 a las 22:40:00 UTC-3","botafogo fc","./explore?q=botafogo%20fc&geo=BR"
"fapesp","200+","26 de agosto de 2026 a las 20:30:00 UTC-3","26 de agosto de 2026 a las 21:10:00 UTC-3","fapesp","./explore?q=fapesp&geo=BR"
"tempo hoje","200+","26 de agosto de 2026 a las 6:10:00 UTC-3","26 de agosto de 2026 a las 6:50:00 UTC-3","tempo hoje","./explore?q=tempo%20hoje&geo=BR"
"hamburgo fc","200+","24 de agosto de 2026 a las 13:30:00 UTC-3","24 de agosto de 2026 a las 14:30:00 UTC-3","hamburgo fc","./explore?q=hamburgo%20fc&geo=BR"
"douglas ruas","200+","25 de agosto de 2026 a las 19:40:00 UTC-3","25 de agosto de 2026 a las 20:20:00 UTC-3","douglas ruas","./explore?q=douglas%20ruas&geo=BR"
"crsp","100+","26 de agosto de 2026 a las 23:40:00 UTC-3","27 de agosto de 2026 a las 2:30:00 UTC-3","crsp","./explore?q=crsp&geo=BR"
"amd","100+","24 de agosto de 2026 a las 23:30:00 UTC-3","25 de agosto de 2026 a las 0:40:00 UTC-3","amd","./explore?q=amd&geo=BR"
"diário oficial da união","200+","26 de agosto de 2026 a las 5:10:00 UTC-3","26 de agosto de 2026 a las 5:50:00 UTC-3","diário oficial da união","./explore?q=di%C3%A1rio%20oficial%20da%20uni%C3%A3o&geo=BR"
"liga europa","200+","27 de agosto de 2026 a las 15:30:00 UTC-3","27 de agosto de 2026 a las 16:00:00 UTC-3","liga europa","./explore?q=liga%20europa&geo=BR"
"celje","200+","26 de agosto de 2026 a las 18:10:00 UTC-3","26 de agosto de 2026 a las 18:50:00 UTC-3","celje","./explore?q=celje&geo=BR"
"passagens aereas","100+","26 de agosto de 2026 a las 3:40:00 UTC-3","26 de agosto de 2026 a las 4:50:00 UTC-3","passagens aereas","./explore?q=passagens%20aereas&geo=BR"
"surfe","500+","26 de agosto de 2026 a las 14:00:00 UTC-3","26 de agosto de 2026 a las 14:20:00 UTC-3","surfe","./explore?q=surfe&geo=BR"
"governador de minas gerais","200+","24 de agosto de 2026 a las 21:40:00 UTC-3","24 de agosto de 2026 a las 22:30:00 UTC-3","governador de minas gerais","./explore?q=governador%20de%20minas%20gerais&geo=BR"
"harald v","200+","28 de agosto de 2026 a las 9:20:00 UTC-3","28 de agosto de 2026 a las 9:40:00 UTC-3","harald v","./explore?q=harald%20v&geo=BR"
"laura bolsonaro","100+","28 de agosto de 2026 a las 22:40:00 UTC-3","28 de agosto de 2026 a las 23:00:00 UTC-3","laura bolsonaro","./explore?q=laura%20bolsonaro&geo=BR"
"ferro carril oeste","200+","24 de agosto de 2026 a las 21:10:00 UTC-3","24 de agosto de 2026 a las 22:10:00 UTC-3","ferro carril oeste","./explore?q=ferro%20carril%20oeste&geo=BR"
"josé mourinho","200+","25 de agosto de 2026 a las 10:30:00 UTC-3","25 de agosto de 2026 a las 11:10:00 UTC-3","josé mourinho","./explore?q=jos%C3%A9%20mourinho&geo=BR"
"nico gonzález","200+","26 de agosto de 2026 a las 18:30:00 UTC-3","26 de agosto de 2026 a las 19:00:00 UTC-3","nico gonzález","./explore?q=nico%20gonz%C3%A1lez&geo=BR"
"previsão do tempo campinas","100+","27 de agosto de 2026 a las 5:50:00 UTC-3","27 de agosto de 2026 a las 6:40:00 UTC-3","previsão do tempo campinas","./explore?q=previs%C3%A3o%20do%20tempo%20campinas&geo=BR"
"tempo hoje","200+","25 de agosto de 2026 a las 5:30:00 UTC-3","25 de agosto de 2026 a las 6:20:00 UTC-3","tempo hoje","./explore?q=tempo%20hoje&geo=BR"
"horóscopo do dia","200+","25 de agosto de 2026 a las 5:50:00 UTC-3","25 de agosto de 2026 a las 7:10:00 UTC-3","horóscopo do dia,horoscopo do dia","./explore?q=hor%C3%B3scopo%20do%20dia&geo=BR"
"cgn","200+","24 de agosto de 2026 a las 22:30:00 UTC-3","24 de agosto de 2026 a las 23:10:00 UTC-3","cgn","./explore?q=cgn&geo=BR"
"plymouth argyle x coventry city","200+","25 de agosto de 2026 a las 16:20:00 UTC-3","25 de agosto de 2026 a las 16:50:00 UTC-3","plymouth argyle x coventry city","./explore?q=plymouth%20argyle%20x%20coventry%20city&geo=BR"
"jogos do cruzeiro","100+","25 de agosto de 2026 a las 22:50:00 UTC-3","25 de agosto de 2026 a las 23:30:00 UTC-3","jogos do cruzeiro","./explore?q=jogos%20do%20cruzeiro&geo=BR"
"valentín barco","200+","24 de agosto de 2026 a las 17:30:00 UTC-3","24 de agosto de 2026 a las 18:20:00 UTC-3","valentín barco","./explore?q=valent%C3%ADn%20barco&geo=BR"
"champions league 2026","200+","25 de agosto de 2026 a las 17:30:00 UTC-3","25 de agosto de 2026 a las 18:10:00 UTC-3","champions league 2026","./explore?q=champions%20league%202026&geo=BR"
"path of exile 2","200+","25 de agosto de 2026 a las 17:10:00 UTC-3","25 de agosto de 2026 a las 17:40:00 UTC-3","path of exile 2","./explore?q=path%20of%20exile%202&geo=BR"
"neto","100+","25 de agosto de 2026 a las 23:20:00 UTC-3","26 de agosto de 2026 a las 0:00:00 UTC-3","neto","./explore?q=neto&geo=BR"
"calendário do bolsa família","100+","25 de agosto de 2026 a las 5:20:00 UTC-3","25 de agosto de 2026 a las 6:40:00 UTC-3","calendário do bolsa família","./explore?q=calend%C3%A1rio%20do%20bolsa%20fam%C3%ADlia&geo=BR"
"crimson desert enhanced","200+","25 de agosto de 2026 a las 16:20:00 UTC-3","25 de agosto de 2026 a las 16:50:00 UTC-3","crimson desert enhanced","./explore?q=crimson%20desert%20enhanced&geo=BR"
"além do tempo","200+","25 de agosto de 2026 a las 18:30:00 UTC-3","25 de agosto de 2026 a las 18:50:00 UTC-3","além do tempo","./explore?q=al%C3%A9m%20do%20tempo&geo=BR"
"túnel","200+","26 de agosto de 2026 a las 19:20:00 UTC-3","26 de agosto de 2026 a las 19:50:00 UTC-3","túnel","./explore?q=t%C3%BAnel&geo=BR"
"fc seoul","100+","25 de agosto de 2026 a las 7:40:00 UTC-3","25 de agosto de 2026 a las 8:40:00 UTC-3","fc seoul","./explore?q=fc%20seoul&geo=BR"
"rijeka x midtjylland","200+","27 de agosto de 2026 a las 16:10:00 UTC-3","27 de agosto de 2026 a las 16:30:00 UTC-3","rijeka x midtjylland","./explore?q=rijeka%20x%20midtjylland&geo=BR"
"konate","200+","26 de agosto de 2026 a las 17:30:00 UTC-3","26 de agosto de 2026 a las 17:50:00 UTC-3","konate","./explore?q=konate&geo=BR"
"beyonce","200+","26 de agosto de 2026 a las 13:50:00 UTC-3","26 de agosto de 2026 a las 14:20:00 UTC-3","beyonce","./explore?q=beyonce&geo=BR"
"filipe bragança","200+","25 de agosto de 2026 a las 19:10:00 UTC-3","25 de agosto de 2026 a las 19:40:00 UTC-3","filipe bragança","./explore?q=filipe%20bragan%C3%A7a&geo=BR"
"flamengo libertadores","100+","26 de agosto de 2026 a las 0:10:00 UTC-3","26 de agosto de 2026 a las 0:40:00 UTC-3","flamengo libertadores","./explore?q=flamengo%20libertadores&geo=BR"
"masterchef","100+","26 de agosto de 2026 a las 1:20:00 UTC-3","26 de agosto de 2026 a las 5:30:00 UTC-3","masterchef","./explore?q=masterchef&geo=BR"
"stoke city x hull city","200+","25 de agosto de 2026 a las 18:10:00 UTC-3","25 de agosto de 2026 a las 18:40:00 UTC-3","stoke city x hull city","./explore?q=stoke%20city%20x%20hull%20city&geo=BR"
"mlb","100+","25 de agosto de 2026 a las 5:30:00 UTC-3","25 de agosto de 2026 a las 6:40:00 UTC-3","mlb","./explore?q=mlb&geo=BR"
"porto alegre","200+","25 de agosto de 2026 a las 8:40:00 UTC-3","25 de agosto de 2026 a las 9:10:00 UTC-3","porto alegre","./explore?q=porto%20alegre&geo=BR"
"zagueiro","100+","25 de agosto de 2026 a las 6:30:00 UTC-3","25 de agosto de 2026 a las 7:30:00 UTC-3","zagueiro","./explore?q=zagueiro&geo=BR"
"alianza atletico","200+","25 de agosto de 2026 a las 18:50:00 UTC-3","25 de agosto de 2026 a las 19:20:00 UTC-3","alianza atletico","./explore?q=alianza%20atletico&geo=BR"
"uefa champions league","200+","25 de agosto de 2026 a las 16:40:00 UTC-3","25 de agosto de 2026 a las 17:10:00 UTC-3","uefa champions league","./explore?q=uefa%20champions%20league&geo=BR"
"fieltorcedor","200+","26 de agosto de 2026 a las 19:40:00 UTC-3","26 de agosto de 2026 a las 20:00:00 UTC-3","fieltorcedor","./explore?q=fieltorcedor&geo=BR"
"uber","200+","26 de agosto de 2026 a las 5:20:00 UTC-3","26 de agosto de 2026 a las 5:40:00 UTC-3","uber","./explore?q=uber&geo=BR"
"coach","200+","25 de agosto de 2026 a las 13:50:00 UTC-3","25 de agosto de 2026 a las 14:20:00 UTC-3","coach","./explore?q=coach&geo=BR"
"jodie foster","100+","27 de agosto de 2026 a las 18:00:00 UTC-3","27 de agosto de 2026 a las 18:20:00 UTC-3","jodie foster","./explore?q=jodie%20foster&geo=BR"
"br-381","200+","24 de agosto de 2026 a las 20:30:00 UTC-3","24 de agosto de 2026 a las 21:00:00 UTC-3","br-381","./explore?q=br-381&geo=BR"
"cloud","100+","27 de agosto de 2026 a las 15:30:00 UTC-3","27 de agosto de 2026 a las 15:50:00 UTC-3","cloud","./explore?q=cloud&geo=BR"
"e","200+","25 de agosto de 2026 a las 1:40:00 UTC-3","25 de agosto de 2026 a las 3:40:00 UTC-3","e","./explore?q=e&geo=BR"
"pl","100+","27 de agosto de 2026 a las 14:50:00 UTC-3","27 de agosto de 2026 a las 15:10:00 UTC-3","pl","./explore?q=pl&geo=BR"
"betmgm","100+","25 de agosto de 2026 a las 2:20:00 UTC-3","25 de agosto de 2026 a las 3:10:00 UTC-3","betmgm","./explore?q=betmgm&geo=BR"
"br 020","100+","26 de agosto de 2026 a las 7:50:00 UTC-3","26 de agosto de 2026 a las 8:10:00 UTC-3","br 020","./explore?q=br%20020&geo=BR"
"oriente petrolero","100+","25 de agosto de 2026 a las 18:10:00 UTC-3","25 de agosto de 2026 a las 18:30:00 UTC-3","oriente petrolero","./explore?q=oriente%20petrolero&geo=BR"
"s","100+","25 de agosto de 2026 a las 5:10:00 UTC-3","25 de agosto de 2026 a las 5:40:00 UTC-3","s","./explore?q=s&geo=BR"
"laura pigossi","100+","24 de agosto de 2026 a las 19:50:00 UTC-3","24 de agosto de 2026 a las 20:10:00 UTC-3","laura pigossi","./explore?q=laura%20pigossi&geo=BR"