"Tendencias","Volumen de búsquedas","Inicio","Finalizada","Desglose de tendencias","Enlace a Explorar"
"boca juniors - lanús","500 mil+","28 de agosto de 2026 a las 20:30:00 UTC-3","30 de agosto de 2026 a las 21:20:00 UTC-3","boca juniors - lanús,posiciones de boca juniors contra club atlético lanús,boca,boca lanus,boca juniors vs. lanús,boca hoy,futbol para todos,boca vs,boca juniors,tabla anual,a qué hora juega boca,boca vs lanús,lanus,belmonte,como salio boca,como va boca,fútbol para todos,tomás belmonte,a qué hora juega boca hoy,cómo va boca,partido de boca hoy,cómo salió boca,a qué hora juega boca juniors,boca lanús,partido boca,liga argentina,pelota,a qué hora juega boca lanús,boca hoy partido,boca lanus hoy,club atlético boca juniors,qué hora juega boca,como va boca hoy,lanus boca,futbolparatodos,que hora juega boca,lanus vs,partidos de boca juniors,partido boca hoy,espn 2,resultado de boca,tyc,boca va,club atlético lanús,lpf,boca en vivo,liga profesional,partido boca vs lanus,cómo va boca juniors,boca partidos,boca jrs,tnt sports en vivo,partido de boca en vivo,cómo va boca lanús,boca y lanus,álvaro montero,boca vs lanus hoy,boca.,alineaciones de boca juniors contra club atlético lanús,hoy juega boca,boca junior,lanús","./explore?q=boca%20juniors%20-%20lan%C3%BAs&geo=AR"
"river plate - santa fe","500 mil+","26 de agosto de 2026 a las 20:30:00 UTC-3","29 de agosto de 2026 a las 0:50:00 UTC-3","river plate - santa fe,river plate vs. santa fe,river vs independiente santa fe,river vs santa fe,conmebol sudamericana,river vs,como salio river,beltran river,river plate vs santa fe,river santa fe,beltran,river independiente santa fe,futbol para todos,cómo salió river,independiente santa fe,la pagina millonaria,riber,santiago beltrán,partido de river,river plate vs independiente santa fe,copa sudamericana,a que hora juega river,partido de river hoy,river plate vs. santa fe donde ver,donde ver river hoy,sudamericana,partido river hoy,partido river,river hoy partido,borre,river en vivo,resultado de river,driussi,futbol,penales river,cómo va el partido de river,independiente de santa fe,a qué hora juega river hoy,river donde ver,cuanto va river,sebastián driussi,franco fagúndez,partido de river en vivo,river eliminado,cronología de river plate contra independiente santa fe,river plate hoy en vivo,river partido,fagundez,copa sudamericana 2026,santiago beltran,resultado de river hoy,resultado river hoy,alineaciones de river plate contra independiente santa fe,a qué hora juega river plate,penal de beltran,river hoy donde ver,donde ver river independiente santa fe,resultado river,cómo va river plate,cómo salió river plate,donde pasan el partido de river,rafael santos borré,espn en vivo,a que hora juega river hoy,river vs santa fe donde ver,cómo salió el partido de river,river partidos,por donde pasan el partido de river,arquero de river,por donde pasan river hoy,en que canal juega river hoy,river penales,dsports,riber vs,river vs independiente santa fe donde ver,facundo gonzález river,resumen river independiente santa fe,qué hora juega river,partido,en qué canal pasan el partido de river,river plate vs,donde pasan river hoy,donde ver river vs santa fe,donde ver river,que hora juega river,franco fagundez,beltrán, arquero,river plate vs. independiente santa fe,beltran arquero de river,river vs independiente,beltrán,river plate vs. santa fe en vivo,sudamericana 2026,river y santa fe,en qué canal juega river,por donde ver river hoy,river independiente,donde ver el partido de river hoy,futbolparatodos,resultado del partido de river,que canal transmite river hoy,santa fe vs river,independiente santa fe de donde es,por donde pasan el partido de river hoy,memes river,en que canal pasan el partido de river hoy,donde ver el partido de river,donde pasan el partido de river hoy,qué canal pasa el partido de river,el partido de river,river plate independiente santa fe","./explore?q=river%20plate%20-%20santa%20fe&geo=AR"
"banfield - river plate","200 mil+","30 de agosto de 2026 a las 14:00:00 UTC-3","1 de septiembre de 2026 a las 1:10:00 UTC-3","banfield - river plate","./explore?q=banfield%20-%20river%20plate&geo=AR"
"independiente rivadavia - racing","200 mil+","30 de agosto de 2026 a las 20:30:00 UTC-3","31 de agosto de 2026 a las 23:10:00 UTC-3","independiente rivadavia - racing,posiciones de independiente rivadavia contra racing club,racing vs,racing vs independiente rivadavia,racing hoy,racing club,independiente rivadavia vs. racing,independiente rivadavia vs racing club,futbol,racing vs independiente,racing independiente rivadavia,independiente rivadavia hoy,club sportivo independiente rivadavia","./explore?q=independiente%20rivadavia%20-%20racing&geo=AR"
"posiciones de banfield contra river plate","200 mil+","30 de agosto de 2026 a las 17:00:00 UTC-3","31 de agosto de 2026 a las 17:10:00 UTC-3","posiciones de banfield contra river plate,leonardo ponzio,river vs banfield,river,banfield vs. river plate,banfield vs river,river banfield,river vs,posiciones de banfield contra river,banfield,banfield river,river plate,river hoy,alineaciones de banfield contra river plate,river plate vs banfield,cómo salió river,thiago almada,club atlético river plate,cómo va river,ruso rodriguez,riber,partido river vs banfield,partido de river,club atlético banfield,cómo salió river hoy,futbol en vivo,leo ponzio,river hoy en vivo,angel correa,pelota,sebastián driussi,bruno sepúlveda,river va,driussi,futbol argentino,river en vivo,river.,partido river,sepulveda banfield,almada,liga profesional,correa,cómo va river plate,a qué hora juega river banfield,radio mitre en vivo,river partido,tnt sports en vivo,river ahora,river plate vs,cómo va river banfield,river vs banfield en vivo,river vs banfiel,river versus banfield,ponzio river","./explore?q=posiciones%20de%20banfield%20contra%20river%20plate&geo=AR"
"ruben rada","200 mil+","26 de agosto de 2026 a las 16:40:00 UTC-3","31 de agosto de 2026 a las 17:30:00 UTC-3","ruben rada,negro rada,rada,rubén rada,rada ruben,el negro rada,murio ruben rada,cuando yo me muera no quiero llanto ni pena,julieta rada,murio rada,charly garcia,peñarol,murio el negro rada,murió rubén rada,rada negro,murió el negro rada,cronica","./explore?q=ruben%20rada&geo=AR"
"las leonas","200 mil+","29 de agosto de 2026 a las 10:20:00 UTC-3","29 de agosto de 2026 a las 17:50:00 UTC-3","las leonas,selección femenina de hockey sobre césped de argentina,leonas,las leonas hoy,leonas hockey,hockey femenino,lucha aymar,leonas hoy,anibal fernandez,mundial de hockey,sofia cairo,leonas vs paises bajos,las leonas final,las leonas hockey,mundial de hockey femenino,a que hora juegan las leonas hoy,final hockey femenino,leonas final,las leonas campeonas del mundo,hockey,leonas campeonas del mundo,anibal fernandez hockey,las leonas vs,las leonas en vivo,cómo salieron las leonas,julieta jankunas,majo granatto,las leonas vs holanda,las leonas vs países bajos,argentina hockey,como salieron las leonas,mundial hockey femenino,argentina vs paises bajos hockey,mundial hockey,como van las leonas,argentina vs holanda hockey,las leonas vs australia,partido de las leonas,mundial de hockey femenino 2026,a qué hora juegan las leonas,a que hora juegan las leonas,argentina paises bajos hockey,las leonas vs paises bajos,final leonas,las.leonas,argentina vs paises bajos,mundial de hockey 2026,las leonas campeonas,final hockey,hockey mundial,leonas hockey hoy,leonas vs,la leonas,partido de las leonas hoy,leonas vs australia,leonas campeonas,las leonas hoy resultado,las leonas hoy en vivo,argentina paises bajos,hockey argentina,argentina holanda hockey,leonas en vivo,argentina holanda,partido de las leonas en vivo hoy,como salieron las leonas hoy,leonas paises bajos,las leonas partidos,las leonas paises bajos,argentina vs,las leonas como van,clarín,final hockey femenino 2026,penales australianos hockey,partido leonas,final mundial hockey,argentina vs holanda,cómo van las leonas,mundial hockey 2026,cuando juegan las leonas,final de hockey,mundiales de hockey femenino,a q hora juegan las leonas,hockey femenino argentina,cuando juegan las leonas la final,anibal fernandez las leonas,partido leonas hoy,final mundial hockey femenino,deportes,argentina holanda hockey femenino,final leonas 2026,argentina vs paises bajos hockey femenino,partido las leonas,jankunas,donde se juega el mundial de hockey 2026,leonas hoy resultado,hockey femenino hoy,leonas vs holanda,hockey las leonas,las leonas vivo,hockey masculino,las leonas ahora,las leones,leonas holanda,argentina hockey femenino,arquera de las leonas,las leonas en vivo hoy,argentina australia hockey,cómo va el partido de las leonas,las leonas resultado,brisa bruggesser,argentina vs australia hockey,espn hockey en vivo,argentina vs australia,final las leonas,leonas hoy en vivo,leonas hockey final,donde es el mundial de hockey 2026,ver las leonas en vivo,donde ver las leonas,las leonas australia,las leonas vs paises bajos en vivo,final de las leonas,argentina vs australia hockey femenino,hockey leonas,argentina australia,donde ver las leonas en vivo","./explore?q=las%20leonas&geo=AR"
"river","200 mil+","26 de agosto de 2026 a las 22:50:00 UTC-3","27 de agosto de 2026 a las 1:10:00 UTC-3","river,galarza fonda,matías galarza,river.","./explore?q=river&geo=AR"
"nepal","100 mil+","26 de agosto de 2026 a las 8:50:00 UTC-3",,"nepal,tibet","./explore?q=nepal&geo=AR"
"barcelona - rayo vallecano","100 mil+","31 de agosto de 2026 a las 15:50:00 UTC-3",,"barcelona - rayo vallecano,posiciones de fc barcelona contra rayo vallecano,barcelona vs,barcelona vs rayo vallecano,barcelona vs. rayo vallecano,fc barcelona,fútbol club barcelona","./explore?q=barcelona%20-%20rayo%20vallecano&geo=AR"
"messi","100 mil+","31 de agosto de 2026 a las 12:00:00 UTC-3",,"messi,carta de messi,leo messi,messi se retira de la selección 2026,messi se retira,messi hoy,messi se retiro,se retiro messi,messi se retira de argentina,se retiro messi de la seleccion,que paso con messi,messi seleccion,celia maría cuccittini,messi retiro,messi deja la selección,messi se retira de la selección,selección de fútbol de argentina,se retira messi de la selección argentina,se retira messi,scaloni,messi se retiró de la selección,messi se retira de la seleccion,seleccion argentina,messi se retiro?,copa america,se retiró messi,clarin,de paul,se retira messi de la seleccion,messi se retiró?,retiro de messi,messi se retiró,del potro,messi se retira?,messi argentina,nico paz,messi retiro seleccion,messi se retira de la selección argentina 2026,messi anuncio su retiro de la seleccion,messi se retiro de la seleccion,messi anuncio su retiro de la selección,messi se retiro de la selección,messi selección,messi instagram,messi edad,messi con la copa del mundo,lanacion,messi se va de la seleccion,messi deja la seleccion,q paso con messi,carta messi,messi se va a retirar de la selección argentina,diario ole,afa","./explore?q=messi&geo=AR"
"independiente - gimnasia y esgrima","100 mil+","30 de agosto de 2026 a las 18:20:00 UTC-3","31 de agosto de 2026 a las 15:30:00 UTC-3","independiente - gimnasia y esgrima,posiciones de club atlético independiente contra gimnasia de mendoza,independiente,independiente vs,independiente hoy,gimnasia de mendoza,independiente vs. gimnasia y esgrima,lencioni,facundo lencioni,independiente vs gimnasia de mendoza,argentinos,club atlético gimnasia y esgrima,jadson viera,independiente vs gimnasia y esgirma,independiente vs gimnasia,esteban fernández,independiente vs gimnasia mendoza,tyc sports en vivo,gimnasia mendoza","./explore?q=independiente%20-%20gimnasia%20y%20esgrima&geo=AR"
"dolly parton","100 mil+","25 de agosto de 2026 a las 15:00:00 UTC-3","1 de septiembre de 2026 a las 0:10:00 UTC-3","dolly parton,ole,it,net,doly parton","./explore?q=dolly%20parton&geo=AR"
"inter miami - montréal","100 mil+","29 de agosto de 2026 a las 19:40:00 UTC-3","30 de agosto de 2026 a las 21:50:00 UTC-3","inter miami - montréal,posiciones de inter miami contra cf montréal,cuantos goles tiene messi,messi,inter miami,tiro libre,goles de messi,inter miami vs,messi goles,lionel messi,inter miami vs. montréal,inter miami vs montréal,inter de miami,inter miami hoy,inter miami cf,cuántos goles tiene messi,inter miami vs montreal,montréal - inter miami,inter de miami vs","./explore?q=inter%20miami%20-%20montr%C3%A9al&geo=AR"
"tarifa","100 mil+","27 de agosto de 2026 a las 5:40:00 UTC-3","30 de agosto de 2026 a las 12:30:00 UTC-3","tarifa","./explore?q=tarifa&geo=AR"
"rosario central - gimnasia","100 mil+","29 de agosto de 2026 a las 16:10:00 UTC-3","30 de agosto de 2026 a las 18:50:00 UTC-3","rosario central - gimnasia,central hoy,rosario central vs. gimnasia,central,central vs gimnasia,central vs,rosario central vs gimnasia,central vs gimnasia lp,rosario central hoy,club de gimnasia y esgrima la plata,futbol en vivo,club atlético rosario central,central gimnasia,gimnasia vs rosario central","./explore?q=rosario%20central%20-%20gimnasia&geo=AR"
"declaración","100 mil+","25 de agosto de 2026 a las 16:00:00 UTC-3","28 de agosto de 2026 a las 10:00:00 UTC-3","declaración","./explore?q=declaraci%C3%B3n&geo=AR"
"platense - instituto","100 mil+","27 de agosto de 2026 a las 20:30:00 UTC-3","28 de agosto de 2026 a las 23:20:00 UTC-3","platense - instituto,instituto,platense vs instituto,platense,platense vs,platense vs. instituto,instituto hoy,instituto vs platense,platense hoy,instituto atlético central córdoba,platense instituto","./explore?q=platense%20-%20instituto&geo=AR"
"estudiantes - barracas central","100 mil+","27 de agosto de 2026 a las 18:20:00 UTC-3","28 de agosto de 2026 a las 21:10:00 UTC-3","estudiantes - barracas central,copa argentina,estudiantes vs barracas central,estudiantes de la plata,estudiantes vs. barracas central,estudiantes vs,edlp,copa argentina hoy,estudiantes hoy,estudiantes barracas,estadio norberto tito tomaghello","./explore?q=estudiantes%20-%20barracas%20central&geo=AR"
"real madrid - real sociedad","100 mil+","26 de agosto de 2026 a las 15:00:00 UTC-3","27 de agosto de 2026 a las 17:40:00 UTC-3","real madrid - real sociedad,posiciones de real madrid contra real sociedad,real madrid,real madrid vs real sociedad,kylian mbappé,real madrid vs. real sociedad,real madrid hoy","./explore?q=real%20madrid%20-%20real%20sociedad&geo=AR"
"coudet","100 mil+","26 de agosto de 2026 a las 23:50:00 UTC-3","28 de agosto de 2026 a las 2:00:00 UTC-3","coudet,ponzio,chacho coudet,river hoy,crespo,hernan crespo,river plate,renuncio coudet,eduardo coudet,como va river,leo ponzio,river ayer,river hoy en vivo,como va river hoy,partidos de river plate,river va,cuando juega river,river ahora,coudet river,santiago solari,cómo salió river hoy,chacho,river plate hoy,partidos de hoy,river partido hoy,entrenador,tyc sport,pagina millonaria,di carlo,conferencia de prensa coudet,marcelo escudero","./explore?q=coudet&geo=AR"
"instituto - san lorenzo","50 mil+","31 de agosto de 2026 a las 20:20:00 UTC-3",,"instituto - san lorenzo,san lorenzo,instituto,instituto vs san lorenzo,san lorenzo hoy,instituto vs,instituto vs. san lorenzo,instituto hoy,san lorenzo vs,instituto atlético central córdoba,san lorenzo vs instituto,instituto san lorenzo,san lorenzo instituto,tyc sports en vivo","./explore?q=instituto%20-%20san%20lorenzo&geo=AR"
"estudiantes - newell's","50 mil+","31 de agosto de 2026 a las 18:10:00 UTC-3",,"estudiantes - newell's,newells,estudiantes vs newell's,nob,estudiantes vs. newell's,estudiantes de la plata,estudiantes hoy,estudiantes,edlp,newells vs,estudiantes vs,newells hoy","./explore?q=estudiantes%20-%20newell%27s&geo=AR"
"fin de semana","50 mil+","31 de agosto de 2026 a las 4:20:00 UTC-3",,"fin de semana,feriados","./explore?q=fin%20de%20semana&geo=AR"
"barreda","50 mil+","27 de agosto de 2026 a las 17:20:00 UTC-3",,"barreda,barreda película,caso barreda,ricardo barreda,barreda pelicula","./explore?q=barreda&geo=AR"
"us open 2026","50 mil+","30 de agosto de 2026 a las 9:20:00 UTC-3",,"us open 2026,us open,naomi osaka","./explore?q=us%20open%202026&geo=AR"
"real madrid - málaga","50 mil+","30 de agosto de 2026 a las 11:10:00 UTC-3","31 de agosto de 2026 a las 13:50:00 UTC-3","real madrid - málaga","./explore?q=real%20madrid%20-%20m%C3%A1laga&geo=AR"
"argentinos jrs. - aldosivi","50 mil+","30 de agosto de 2026 a las 16:20:00 UTC-3","31 de agosto de 2026 a las 18:30:00 UTC-3","argentinos jrs. - aldosivi,posiciones de argentinos juniors contra aldosivi,aldosivi,argentinos juniors,argentinos jrs. vs. aldosivi,argentinos vs,aaaj,argentinos vs aldosivi,aldosivi vs,argentinos juniors vs aldosivi","./explore?q=argentinos%20jrs.%20-%20aldosivi&geo=AR"
"sevilla - atlético madrid","50 mil+","29 de agosto de 2026 a las 15:30:00 UTC-3","30 de agosto de 2026 a las 18:00:00 UTC-3","sevilla - atlético madrid,sevilla vs,sevilla vs. atlético madrid","./explore?q=sevilla%20-%20atl%C3%A9tico%20madrid&geo=AR"
"chelsea - brighton","50 mil+","30 de agosto de 2026 a las 9:10:00 UTC-3","31 de agosto de 2026 a las 7:40:00 UTC-3","chelsea - brighton,chelsea vs,dibu,dibu martinez,emiliano martínez,chelsea hoy,liga inglesa,chelsea fc,dibu martínez,colo barco,dibu martinez chelsea","./explore?q=chelsea%20-%20brighton&geo=AR"
"tini","50 mil+","25 de agosto de 2026 a las 17:10:00 UTC-3","1 de septiembre de 2026 a las 0:30:00 UTC-3","tini,tini stoessel,antonela roccuzzo,alejandro stoessel,que paso con tini,tini y su papa","./explore?q=tini&geo=AR"
"atlético tucumán - belgrano","50 mil+","29 de agosto de 2026 a las 20:40:00 UTC-3","30 de agosto de 2026 a las 22:40:00 UTC-3","atlético tucumán - belgrano,belgrano,atletico tucuman,belgrano hoy,belgrano vs,atlético tucumán vs. belgrano,atlético tucumán,atlético tucumán vs belgrano,cadena3","./explore?q=atl%C3%A9tico%20tucum%C3%A1n%20-%20belgrano&geo=AR"
"talleres - central córdoba","50 mil+","29 de agosto de 2026 a las 20:40:00 UTC-3","30 de agosto de 2026 a las 22:50:00 UTC-3","talleres - central córdoba,posiciones de talleres de córdoba contra central córdoba,talleres,talleres hoy,talleres vs,talleres vs. central córdoba,talleres vs central cordoba,talleres de córdoba,central cordoba","./explore?q=talleres%20-%20central%20c%C3%B3rdoba&geo=AR"
"tim curry","50 mil+","26 de agosto de 2026 a las 12:40:00 UTC-3","30 de agosto de 2026 a las 15:00:00 UTC-3","tim curry,tim.curry,tom curry,the rocky horror picture show","./explore?q=tim%20curry&geo=AR"
"deportivo riestra - vélez","50 mil+","29 de agosto de 2026 a las 14:00:00 UTC-3","30 de agosto de 2026 a las 16:50:00 UTC-3","deportivo riestra - vélez,velez,nazareno arasa,velez vs,riestra vs velez,riestra,velez vs riestra,velez hoy,deportivo riestra vs. vélez,velez riestra,velez sarsfield,riestra velez,riestra velez arbitro","./explore?q=deportivo%20riestra%20-%20v%C3%A9lez&geo=AR"
"el polaco","50 mil+","27 de agosto de 2026 a las 22:40:00 UTC-3","30 de agosto de 2026 a las 1:20:00 UTC-3","el polaco,polaco,autopsia,el montecito de los canichones,el polaco del montecito,polaco riemersma,murio el polaco,eduardo groh riemersma,refugio el montecito,el liberal,el polaco riemersma","./explore?q=el%20polaco&geo=AR"
"barcelona - athletic","50 mil+","27 de agosto de 2026 a las 15:00:00 UTC-3","28 de agosto de 2026 a las 18:20:00 UTC-3","barcelona - athletic,barcelona vs,dgo,laliga,directv,barcelona vs athletic bilbao,raphinha","./explore?q=barcelona%20-%20athletic&geo=AR"
"crystal palace - manchester city","50 mil+","28 de agosto de 2026 a las 15:10:00 UTC-3","29 de agosto de 2026 a las 17:50:00 UTC-3","crystal palace - manchester city,manchester city,erling haaland,city,manchester city vs,palace vs man city","./explore?q=crystal%20palace%20-%20manchester%20city&geo=AR"
"unión - sarmiento","50 mil+","28 de agosto de 2026 a las 18:20:00 UTC-3","29 de agosto de 2026 a las 20:50:00 UTC-3","unión - sarmiento,posiciones de club atlético unión contra sarmiento de junin,union,union vs,union de santa fe,union vs sarmiento,union hoy,sarmiento de junin,unión vs. sarmiento,sarmiento vs,malcorra,club atlético unión,union sarmiento","./explore?q=uni%C3%B3n%20-%20sarmiento&geo=AR"
"eclipse lunar 27 de agosto 2026","50 mil+","27 de agosto de 2026 a las 18:00:00 UTC-3","29 de agosto de 2026 a las 1:40:00 UTC-3","eclipse lunar 27 de agosto 2026,eclipse lunar,el eclipse lunar,luna roja,eclipse hoy,luna,a que hora es el eclipse de hoy,luna de sangre,a que hora es el eclipse,eclipse lunar hoy,a qué hora es el eclipse,a que hora es el eclipse del 27 de agosto,luna llena agosto 2026,eclipse de luna,luna roja hoy,cuando es el eclipse de agosto 2026,eclipse en vivo,eclipse lunar argentina,que es un eclipse lunar,hoy hay eclipse,a qué hora es el eclipse lunar,luna llena,luna hoy,eclipse solar,que es un eclipse,a qué hora es el eclipse hoy,eclipse lunar en vivo,a que hora empieza el eclipse,eclipse argentina,eclipse ahora,hora del eclipse,cuando es el eclipse,eclipse de hoy,eclipse de luna agosto 2026,hay eclipse hoy,a qué hora es el eclipse en argentina,luna de sangre 2026,a qué hora empieza el eclipse,a qué hora es el eclipse de luna,eclipse hoy argentina,eclipse parcial","./explore?q=eclipse%20lunar%2027%20de%20agosto%202026&geo=AR"
"los leones","50 mil+","27 de agosto de 2026 a las 17:00:00 UTC-3","29 de agosto de 2026 a las 16:50:00 UTC-3","los leones,los leones hockey,leones,hockey masculino,leones hockey,los leones hoy,los leones vs alemania,cuando juegan los leones,leones hoy,argentina alemania hockey,leones vs alemania,argentina vs alemania hockey,mundial de hockey masculino 2026,mundial de hockey masculino,a que hora juegan los leones hoy,los leones hockey mundial,mundial hockey masculino,los leones en vivo,a qué hora juegan los leones,hockey masculino hoy,a que hora juegan los leones,los leones hockey hoy,mundial de hockey,mundial hockey masculino 2026,los leones vs,argentina vs alemania,los.leones,argentina hockey masculino","./explore?q=los%20leones&geo=AR"
"aldosivi - independiente rivadavia","50 mil+","26 de agosto de 2026 a las 18:30:00 UTC-3","27 de agosto de 2026 a las 20:40:00 UTC-3","aldosivi - independiente rivadavia,aldosivi,aldosivi vs independiente rivadavia,aldosivi vs. independiente rivadavia,el sol,aldosivi vs","./explore?q=aldosivi%20-%20independiente%20rivadavia&geo=AR"
"defensa y justicia - platense","20 mil+","31 de agosto de 2026 a las 18:20:00 UTC-3",,"defensa y justicia - platense,defensa y justicia,defensa y justicia vs. platense,defensa y justicia vs,defensa y justicia vs platense","./explore?q=defensa%20y%20justicia%20-%20platense&geo=AR"
"miguel zavaleta","20 mil+","31 de agosto de 2026 a las 12:00:00 UTC-3",,"miguel zavaleta,miguel zabaleta,murió miguel zavaleta,zavaleta,sueter","./explore?q=miguel%20zavaleta&geo=AR"
"callejero fino","20 mil+","30 de agosto de 2026 a las 15:10:00 UTC-3",,"callejero fino,camioneta,detuvieron a callejero fino,callejero fino preso,callejero fino detenido,que paso con callejero fino","./explore?q=callejero%20fino&geo=AR"
"tigre - barracas central","20 mil+","31 de agosto de 2026 a las 20:30:00 UTC-3",,"tigre - barracas central,tigre vs,tigre vs barracas central,tigre,tigre hoy,tigre vs. barracas central","./explore?q=tigre%20-%20barracas%20central&geo=AR"
"aston villa - arsenal","20 mil+","31 de agosto de 2026 a las 15:00:00 UTC-3",,"aston villa - arsenal,posiciones de aston villa contra arsenal fc,premier league,aston villa vs arsenal,arsenal vs aston villa,aston villa vs. arsenal","./explore?q=aston%20villa%20-%20arsenal&geo=AR"
"hielo","20 mil+","31 de agosto de 2026 a las 20:40:00 UTC-3",,"hielo,frío,masa de aire,temperatura,temperatura caba","./explore?q=hielo&geo=AR"
"canadá - argentina","20 mil+","31 de agosto de 2026 a las 19:10:00 UTC-3",,"canadá - argentina,basquet argentina,argentina vs canada basquet,argentina basquet,argentina canada basquet,argentina canada,argentina - puerto rico,argentina vs,argentina vs canada,basquet argentina vs canada,canada vs argentina basquet,argentina vs canadá básquet,canada argentina basquet,argentina puerto rico basquet,argentina vs puerto rico basquet,argentina vs puerto rico,selección de básquetbol de argentina","./explore?q=canad%C3%A1%20-%20argentina&geo=AR"
"calendario septiembre 2026","20 mil+","1 de septiembre de 2026 a las 7:20:00 UTC-3",,"calendario septiembre 2026,beneficiario,calendario de pago anses jubilados,jubilación","./explore?q=calendario%20septiembre%202026&geo=AR"
"navone","20 mil+","30 de agosto de 2026 a las 20:10:00 UTC-3","1 de septiembre de 2026 a las 0:40:00 UTC-3","navone,djokovic,novak djokovic,mariano navone,navone vs djokovic,primera,djokovic navone","./explore?q=navone&geo=AR"
"bono","20 mil+","31 de agosto de 2026 a las 8:10:00 UTC-3","31 de agosto de 2026 a las 21:00:00 UTC-3","bono","./explore?q=bono&geo=AR"
"naufragio","20 mil+","30 de agosto de 2026 a las 11:40:00 UTC-3","31 de agosto de 2026 a las 19:40:00 UTC-3","naufragio,barco chipre,ferry chipre,chipre","./explore?q=naufragio&geo=AR"
"pami","20 mil+","31 de agosto de 2026 a las 15:20:00 UTC-3","31 de agosto de 2026 a las 21:00:00 UTC-3","pami","./explore?q=pami&geo=AR"
"club atlético talleres","20 mil+","28 de agosto de 2026 a las 20:50:00 UTC-3","30 de agosto de 2026 a las 19:20:00 UTC-3","club atlético talleres,sampaoli","./explore?q=club%20atl%C3%A9tico%20talleres&geo=AR"
"31 de agosto","20 mil+","30 de agosto de 2026 a las 16:00:00 UTC-3","31 de agosto de 2026 a las 8:40:00 UTC-3","31 de agosto","./explore?q=31%20de%20agosto&geo=AR"
"lluvia","20 mil+","31 de agosto de 2026 a las 6:10:00 UTC-3","31 de agosto de 2026 a las 19:30:00 UTC-3","lluvia,pronostico cordoba,tiempo en cordoba","./explore?q=lluvia&geo=AR"
"ascensor","20 mil+","30 de agosto de 2026 a las 14:20:00 UTC-3","31 de agosto de 2026 a las 18:10:00 UTC-3","ascensor,córdoba","./explore?q=ascensor&geo=AR"
"punilla","20 mil+","30 de agosto de 2026 a las 6:30:00 UTC-3","31 de agosto de 2026 a las 7:20:00 UTC-3","punilla,sismo cordoba","./explore?q=punilla&geo=AR"
"dia del abogado","20 mil+","28 de agosto de 2026 a las 7:30:00 UTC-3","30 de agosto de 2026 a las 12:10:00 UTC-3","dia del abogado,dia del abogado en argentina,día del abogado,29 de agosto que se celebra,dia del.abogado,día del abogado en argentina,hoy es el día del abogado,hoy es el dia del abogado","./explore?q=dia%20del%20abogado&geo=AR"
"huracán - estudiantes de río cuarto","20 mil+","29 de agosto de 2026 a las 18:10:00 UTC-3","30 de agosto de 2026 a las 20:40:00 UTC-3","huracán - estudiantes de río cuarto,huracan,huracan vs,estudiantes de rio cuarto,huracán,primera división de argentina","./explore?q=hurac%C3%A1n%20-%20estudiantes%20de%20r%C3%ADo%20cuarto&geo=AR"
"posiciones de real madrid contra málaga cf","20 mil+","30 de agosto de 2026 a las 14:10:00 UTC-3","31 de agosto de 2026 a las 8:40:00 UTC-3","posiciones de real madrid contra málaga cf,real madrid,real madrid vs,laliga,real madrid vs málaga,real madrid vs. málaga,directv,real madrid hoy","./explore?q=posiciones%20de%20real%20madrid%20contra%20m%C3%A1laga%20cf&geo=AR"
"tierra","20 mil+","26 de agosto de 2026 a las 21:50:00 UTC-3","29 de agosto de 2026 a las 1:20:00 UTC-3","tierra,placa tectónica","./explore?q=tierra&geo=AR"
"manchester united - ipswich","20 mil+","30 de agosto de 2026 a las 11:40:00 UTC-3","31 de agosto de 2026 a las 0:40:00 UTC-3","manchester united - ipswich,manchester united,ipswich town,united,ipswich,manchester united vs,manchester united vs. ipswich,man united,united fc,ipswich town football club","./explore?q=manchester%20united%20-%20ipswich&geo=AR"
"alerta meteorológica","20 mil+","29 de agosto de 2026 a las 6:40:00 UTC-3","30 de agosto de 2026 a las 10:30:00 UTC-3","alerta meteorológica","./explore?q=alerta%20meteorol%C3%B3gica&geo=AR"
"chelsea","20 mil+","30 de agosto de 2026 a las 9:10:00 UTC-3","30 de agosto de 2026 a las 17:40:00 UTC-3","chelsea,leeds - brentford,chelsea brighton","./explore?q=chelsea&geo=AR"
"argentina - australia","20 mil+","29 de agosto de 2026 a las 15:00:00 UTC-3","30 de agosto de 2026 a las 15:50:00 UTC-3","argentina - australia,los pumas,pumas,pumas vs australia,los pumas hoy,los pumas vs australia,pumas rugby,pumas hoy,pumas australia,a que hora juegan los pumas,a qué hora juegan los pumas,los pumas vs,pumas vs","./explore?q=argentina%20-%20australia&geo=AR"
"racing de córdoba - colón","20 mil+","30 de agosto de 2026 a las 16:10:00 UTC-3","31 de agosto de 2026 a las 7:50:00 UTC-3","racing de córdoba - colón,racing de cordoba,colon,colon de santa fe,colon vs,colon hoy,tabla de posiciones,posiciones de primera nacional","./explore?q=racing%20de%20c%C3%B3rdoba%20-%20col%C3%B3n&geo=AR"
"boca vs lanus","20 mil+","28 de agosto de 2026 a las 11:40:00 UTC-3","29 de agosto de 2026 a las 17:40:00 UTC-3","boca vs lanus,tarjeta roja futbol,partido de boca,lanus vs boca,izquierdoz,boca partido,leonel flores,carlos izquierdoz,boca juniors vs lanus","./explore?q=boca%20vs%20lanus&geo=AR"
"losc - psg","20 mil+","28 de agosto de 2026 a las 15:10:00 UTC-3","29 de agosto de 2026 a las 17:20:00 UTC-3","losc - psg,ligue 1,losc vs. psg","./explore?q=losc%20-%20psg&geo=AR"
"barcelona","20 mil+","31 de agosto de 2026 a las 16:50:00 UTC-3","31 de agosto de 2026 a las 19:30:00 UTC-3","barcelona,julián álvarez,miguel ángel gil marín,barca,que le paso a julian alvarez,como salio river hoy,fc barcelona,futbol,barcelona hoy,club atlético de madrid,barcelona fc,fútbol club barcelona,joan laporta,julián álvarez barcelona","./explore?q=barcelona&geo=AR"
"soledad silveyra","20 mil+","27 de agosto de 2026 a las 9:20:00 UTC-3","29 de agosto de 2026 a las 9:00:00 UTC-3","soledad silveyra","./explore?q=soledad%20silveyra&geo=AR"
"racing","20 mil+","30 de agosto de 2026 a las 21:30:00 UTC-3","31 de agosto de 2026 a las 6:40:00 UTC-3","racing,santiago solari,santiago solari racing","./explore?q=racing&geo=AR"
"chelsea - luton","20 mil+","27 de agosto de 2026 a las 14:30:00 UTC-3","28 de agosto de 2026 a las 16:10:00 UTC-3","chelsea - luton,efl cup,danny welbeck,chelsea vs luton town,chelsea vs. luton","./explore?q=chelsea%20-%20luton&geo=AR"
"juan manuel figueroa","20 mil+","26 de agosto de 2026 a las 15:40:00 UTC-3","28 de agosto de 2026 a las 22:00:00 UTC-3","juan manuel figueroa,murio juan manuel figueroa la momia,la momia","./explore?q=juan%20manuel%20figueroa&geo=AR"
"yayoi kusama","20 mil+","27 de agosto de 2026 a las 0:10:00 UTC-3","28 de agosto de 2026 a las 23:40:00 UTC-3","yayoi kusama","./explore?q=yayoi%20kusama&geo=AR"
"liverpool - nottingham forest","20 mil+","29 de agosto de 2026 a las 7:40:00 UTC-3","29 de agosto de 2026 a las 23:20:00 UTC-3","liverpool - nottingham forest,liverpool,liverpool vs","./explore?q=liverpool%20-%20nottingham%20forest&geo=AR"
"vehículo","20 mil+","26 de agosto de 2026 a las 19:20:00 UTC-3","28 de agosto de 2026 a las 14:10:00 UTC-3","vehículo","./explore?q=veh%C3%ADculo&geo=AR"
"andrea rincón","20 mil+","26 de agosto de 2026 a las 15:00:00 UTC-3","28 de agosto de 2026 a las 6:50:00 UTC-3","andrea rincón","./explore?q=andrea%20rinc%C3%B3n&geo=AR"
"méxico","20 mil+","29 de agosto de 2026 a las 13:10:00 UTC-3","29 de agosto de 2026 a las 21:10:00 UTC-3","méxico","./explore?q=m%C3%A9xico&geo=AR"
"aranda","20 mil+","26 de agosto de 2026 a las 12:30:00 UTC-3","27 de agosto de 2026 a las 14:20:00 UTC-3","aranda,tomás aranda,tomas aranda,fractura de perone,aranda boca,lautaro bianco,aranda lesion,aranda fractura,se lesiono aranda,que le paso a aranda,fractura perone,lesion de aranda,tomas aranda boca,lesion aranda,fractura del perone","./explore?q=aranda&geo=AR"
"hincha de river","20 mil+","27 de agosto de 2026 a las 5:40:00 UTC-3","28 de agosto de 2026 a las 8:00:00 UTC-3","hincha de river,cuánto va river,murió hincha de river","./explore?q=hincha%20de%20river&geo=AR"
"perro","20 mil+","29 de agosto de 2026 a las 12:50:00 UTC-3","29 de agosto de 2026 a las 22:30:00 UTC-3","perro","./explore?q=perro&geo=AR"
"que paso en nepal","20 mil+","26 de agosto de 2026 a las 13:00:00 UTC-3","28 de agosto de 2026 a las 9:30:00 UTC-3","que paso en nepal,riada,nepal inundaciones,inundaciones en nepal,alud,glaciar,nepal hoy,que es una riada,alud nepal,geólogo,nepal inundacion,nepal inundaciones hoy,alud en nepal,nepal y tibet,donde es nepal,qué es una riada,que es riada","./explore?q=que%20paso%20en%20nepal&geo=AR"
"movistar arena","20 mil+","28 de agosto de 2026 a las 8:10:00 UTC-3","28 de agosto de 2026 a las 15:20:00 UTC-3","movistar arena,movistar arena entradas,movistar,movistar arena argentina,movistararena","./explore?q=movistar%20arena&geo=AR"
"escuela","20 mil+","25 de agosto de 2026 a las 23:00:00 UTC-3","26 de agosto de 2026 a las 12:50:00 UTC-3","escuela","./explore?q=escuela&geo=AR"
"morfina","10 mil+","31 de agosto de 2026 a las 11:00:00 UTC-3",,"morfina","./explore?q=morfina&geo=AR"
"beca","10 mil+","31 de agosto de 2026 a las 7:50:00 UTC-3",,"beca","./explore?q=beca&geo=AR"
"posiciones de gimnasia jujuy contra club agropecuario argentino","10 mil+","31 de agosto de 2026 a las 23:10:00 UTC-3",,"posiciones de gimnasia jujuy contra club agropecuario argentino,gimnasia jujuy - agropecuario,gimnasia de jujuy,primera nacional","./explore?q=posiciones%20de%20gimnasia%20jujuy%20contra%20club%20agropecuario%20argentino&geo=AR"
"robo","10 mil+","31 de agosto de 2026 a las 17:10:00 UTC-3","1 de septiembre de 2026 a las 7:20:00 UTC-3","robo","./explore?q=robo&geo=AR"
"extranjero","10 mil+","30 de agosto de 2026 a las 12:10:00 UTC-3","31 de agosto de 2026 a las 23:40:00 UTC-3","extranjero","./explore?q=extranjero&geo=AR"
"luciana aymar","10 mil+","29 de agosto de 2026 a las 10:30:00 UTC-3","31 de agosto de 2026 a las 15:50:00 UTC-3","luciana aymar","./explore?q=luciana%20aymar&geo=AR"
"pincoya","10 mil+","31 de agosto de 2026 a las 23:20:00 UTC-3","1 de septiembre de 2026 a las 8:10:00 UTC-3","pincoya,quien se fue de gran hermano hoy,quien se fue de gran hermano,gran hermano,gala de nominación,gran hermano en vivo,yipio,quien se va hoy de gran hermano,gh,encuestas gran hermano,quien se va de gran hermano hoy,gran hermano encuestas","./explore?q=pincoya&geo=AR"
"soldado voluntario","10 mil+","28 de agosto de 2026 a las 13:30:00 UTC-3","30 de agosto de 2026 a las 15:50:00 UTC-3","soldado voluntario,servicio militar argentina","./explore?q=soldado%20voluntario&geo=AR"
"susurran tu nombre","10 mil+","28 de agosto de 2026 a las 17:00:00 UTC-3","1 de septiembre de 2026 a las 2:30:00 UTC-3","susurran tu nombre,susurran tu nombre 2026,susurran tu nombre reparto,susurran tu nombre pelicula","./explore?q=susurran%20tu%20nombre&geo=AR"
"crédito hipotecario","10 mil+","31 de agosto de 2026 a las 15:50:00 UTC-3","31 de agosto de 2026 a las 23:00:00 UTC-3","crédito hipotecario,creditos hipotecarios,caputo,ministro,creditos hipotecarios caputo,credito hipotecario,fgs,lapoliticaonline","./explore?q=cr%C3%A9dito%20hipotecario&geo=AR"
"garbarino","10 mil+","27 de agosto de 2026 a las 11:30:00 UTC-3","29 de agosto de 2026 a las 11:20:00 UTC-3","garbarino","./explore?q=garbarino&geo=AR"
"multa","10 mil+","29 de agosto de 2026 a las 7:30:00 UTC-3","30 de agosto de 2026 a las 9:30:00 UTC-3","multa","./explore?q=multa&geo=AR"
"cagliari - inter","10 mil+","30 de agosto de 2026 a las 15:00:00 UTC-3","31 de agosto de 2026 a las 0:00:00 UTC-3","cagliari - inter","./explore?q=cagliari%20-%20inter&geo=AR"
"bayern - stuttgart","10 mil+","28 de agosto de 2026 a las 14:40:00 UTC-3","29 de agosto de 2026 a las 15:10:00 UTC-3","bayern - stuttgart","./explore?q=bayern%20-%20stuttgart&geo=AR"
"detroit","10 mil+","27 de agosto de 2026 a las 15:30:00 UTC-3","29 de agosto de 2026 a las 10:50:00 UTC-3","detroit","./explore?q=detroit&geo=AR"
"beneficio fiscal","10 mil+","27 de agosto de 2026 a las 17:20:00 UTC-3","29 de agosto de 2026 a las 21:20:00 UTC-3","beneficio fiscal","./explore?q=beneficio%20fiscal&geo=AR"
"abel pintos","10 mil+","26 de agosto de 2026 a las 16:30:00 UTC-3","28 de agosto de 2026 a las 10:00:00 UTC-3","abel pintos","./explore?q=abel%20pintos&geo=AR"
"san martín de tucumán - atlético güemes","10 mil+","30 de agosto de 2026 a las 18:10:00 UTC-3","30 de agosto de 2026 a las 23:30:00 UTC-3","san martín de tucumán - atlético güemes,san martin de tucuman,san martín de tucumán vs. atlético güemes","./explore?q=san%20mart%C3%ADn%20de%20tucum%C3%A1n%20-%20atl%C3%A9tico%20g%C3%BCemes&geo=AR"
"peñarol - nacional","10 mil+","30 de agosto de 2026 a las 14:50:00 UTC-3","30 de agosto de 2026 a las 20:50:00 UTC-3","peñarol - nacional,peñarol,nacional,nacional vs peñarol,peñarol nacional,nacional peñarol","./explore?q=pe%C3%B1arol%20-%20nacional&geo=AR"
"deportivo morón - san miguel","10 mil+","30 de agosto de 2026 a las 15:10:00 UTC-3","30 de agosto de 2026 a las 19:30:00 UTC-3","deportivo morón - san miguel,posiciones de deportivo morón contra club atlético san miguel,moron,moron vs,moron hoy,moron vs san miguel,deportivo morón vs. san miguel","./explore?q=deportivo%20mor%C3%B3n%20-%20san%20miguel&geo=AR"
"subte de buenos aires","10 mil+","27 de agosto de 2026 a las 15:10:00 UTC-3","29 de agosto de 2026 a las 7:40:00 UTC-3","subte de buenos aires","./explore?q=subte%20de%20buenos%20aires&geo=AR"
"gta 6","10 mil+","27 de agosto de 2026 a las 15:20:00 UTC-3","29 de agosto de 2026 a las 1:40:00 UTC-3","gta 6,grand theft auto vi,gta vi,rockstar,gta 6 netflix,gta,ign,netflix gta 6","./explore?q=gta%206&geo=AR"
"billetera digital","10 mil+","27 de agosto de 2026 a las 15:20:00 UTC-3","28 de agosto de 2026 a las 20:30:00 UTC-3","billetera digital","./explore?q=billetera%20digital&geo=AR"
"jorge pedersoli","10 mil+","27 de agosto de 2026 a las 22:20:00 UTC-3","29 de agosto de 2026 a las 18:30:00 UTC-3","jorge pedersoli,fallecio jorge pedersoli,pedersoli","./explore?q=jorge%20pedersoli&geo=AR"
"tottenham - newcastle","10 mil+","29 de agosto de 2026 a las 12:40:00 UTC-3","29 de agosto de 2026 a las 22:10:00 UTC-3","tottenham - newcastle,tottenham vs newcastle","./explore?q=tottenham%20-%20newcastle&geo=AR"
"guernica","10 mil+","25 de agosto de 2026 a las 13:40:00 UTC-3","27 de agosto de 2026 a las 14:00:00 UTC-3","guernica","./explore?q=guernica&geo=AR"
"gimnasia y tiro de salta - chacarita","10 mil+","28 de agosto de 2026 a las 21:30:00 UTC-3","29 de agosto de 2026 a las 12:30:00 UTC-3","gimnasia y tiro de salta - chacarita,gimnasia y tiro","./explore?q=gimnasia%20y%20tiro%20de%20salta%20-%20chacarita&geo=AR"
"la campora","10 mil+","25 de agosto de 2026 a las 17:20:00 UTC-3","27 de agosto de 2026 a las 13:10:00 UTC-3","la campora,maria soledad calle","./explore?q=la%20campora&geo=AR"
"predicción","10 mil+","29 de agosto de 2026 a las 19:00:00 UTC-3","30 de agosto de 2026 a las 10:20:00 UTC-3","predicción,meteored","./explore?q=predicci%C3%B3n&geo=AR"
"día del empleado de comercio","10 mil+","28 de agosto de 2026 a las 5:40:00 UTC-3","28 de agosto de 2026 a las 19:20:00 UTC-3","día del empleado de comercio,dia del empleado de comercio 2026,ley,comercio","./explore?q=d%C3%ADa%20del%20empleado%20de%20comercio&geo=AR"
"deportivo recoleta - olimpia","10 mil+","29 de agosto de 2026 a las 17:50:00 UTC-3","30 de agosto de 2026 a las 0:30:00 UTC-3","deportivo recoleta - olimpia","./explore?q=deportivo%20recoleta%20-%20olimpia&geo=AR"
"línea 67","10 mil+","25 de agosto de 2026 a las 13:40:00 UTC-3","26 de agosto de 2026 a las 19:30:00 UTC-3","línea 67","./explore?q=l%C3%ADnea%2067&geo=AR"
"eclipse","10 mil+","27 de agosto de 2026 a las 19:30:00 UTC-3","28 de agosto de 2026 a las 10:50:00 UTC-3","eclipse","./explore?q=eclipse&geo=AR"
"palmeiras - santos","10 mil+","26 de agosto de 2026 a las 20:50:00 UTC-3","27 de agosto de 2026 a las 14:50:00 UTC-3","palmeiras - santos,copa de brasil","./explore?q=palmeiras%20-%20santos&geo=AR"
"boeing 777","10 mil+","25 de agosto de 2026 a las 12:20:00 UTC-3","27 de agosto de 2026 a las 9:40:00 UTC-3","boeing 777","./explore?q=boeing%20777&geo=AR"
"ramon diaz","10 mil+","27 de agosto de 2026 a las 0:00:00 UTC-3","28 de agosto de 2026 a las 14:00:00 UTC-3","ramon diaz,ramón díaz,cómo va river","./explore?q=ramon%20diaz&geo=AR"
"rey harald v de noruega","10 mil+","28 de agosto de 2026 a las 10:50:00 UTC-3","29 de agosto de 2026 a las 1:50:00 UTC-3","rey harald v de noruega,harald de noruega,rey de noruega,rey harald de noruega,harald v de noruega,rey noruega","./explore?q=rey%20harald%20v%20de%20noruega&geo=AR"
"méxico","10 mil+","30 de agosto de 2026 a las 15:10:00 UTC-3","30 de agosto de 2026 a las 17:40:00 UTC-3","méxico","./explore?q=m%C3%A9xico&geo=AR"
"camión de basura","10 mil+","25 de agosto de 2026 a las 10:40:00 UTC-3","26 de agosto de 2026 a las 20:30:00 UTC-3","camión de basura","./explore?q=cami%C3%B3n%20de%20basura&geo=AR"
"martinez quarta","10 mil+","26 de agosto de 2026 a las 23:10:00 UTC-3","28 de agosto de 2026 a las 23:00:00 UTC-3","martinez quarta,lucas martínez quarta,martínez quarta,riv","./explore?q=martinez%20quarta&geo=AR"
"selección de fútbol de argentina","10 mil+","27 de agosto de 2026 a las 15:00:00 UTC-3","28 de agosto de 2026 a las 17:10:00 UTC-3","selección de fútbol de argentina,thiago almada,asociación del fútbol argentino,almada","./explore?q=selecci%C3%B3n%20de%20f%C3%BAtbol%20de%20argentina&geo=AR"
"subte a","10 mil+","26 de agosto de 2026 a las 13:40:00 UTC-3","27 de agosto de 2026 a las 16:50:00 UTC-3","subte a,línea a,subte accidente,subte,linea a","./explore?q=subte%20a&geo=AR"
"cruzeiro - atlético mineiro","10 mil+","25 de agosto de 2026 a las 20:10:00 UTC-3","26 de agosto de 2026 a las 14:30:00 UTC-3","cruzeiro - atlético mineiro,cruzeiro,cruzeiro vs","./explore?q=cruzeiro%20-%20atl%C3%A9tico%20mineiro&geo=AR"
"max higgins","10 mil+","25 de agosto de 2026 a las 15:00:00 UTC-3","26 de agosto de 2026 a las 18:00:00 UTC-3","max higgins","./explore?q=max%20higgins&geo=AR"
"tottenham - charlton","10 mil+","26 de agosto de 2026 a las 15:00:00 UTC-3","27 de agosto de 2026 a las 1:20:00 UTC-3","tottenham - charlton,tottenham","./explore?q=tottenham%20-%20charlton&geo=AR"
"al-ettifaq - al-nassr","10 mil+","25 de agosto de 2026 a las 14:10:00 UTC-3","26 de agosto de 2026 a las 1:40:00 UTC-3","al-ettifaq - al-nassr,al nassr,posiciones de al-ettifaq contra al-nassr","./explore?q=al-ettifaq%20-%20al-nassr&geo=AR"
"refinanciación","10 mil+","27 de agosto de 2026 a las 13:10:00 UTC-3","27 de agosto de 2026 a las 17:40:00 UTC-3","refinanciación","./explore?q=refinanciaci%C3%B3n&geo=AR"
"pergolini","10 mil+","27 de agosto de 2026 a las 22:20:00 UTC-3","29 de agosto de 2026 a las 1:40:00 UTC-3","pergolini,mario pergolini,hija de pergolini,telefe,hija de pergolini en popstar,telefe en vivo,pergolini hija,hija de mario pergolini,la hija de pergolini en popstar","./explore?q=pergolini&geo=AR"
"movistar arena","10 mil+","27 de agosto de 2026 a las 8:40:00 UTC-3","27 de agosto de 2026 a las 14:50:00 UTC-3","movistar arena,movistar arena entradas","./explore?q=movistar%20arena&geo=AR"
"dge","10 mil+","26 de agosto de 2026 a las 6:10:00 UTC-3","26 de agosto de 2026 a las 15:00:00 UTC-3","dge,dge mendoza,viento zonda mendoza,zonda en mendoza,mdz,diario el sol,pronostico mendoza,diario los andes,suspensión de clases,dge mendoza zonda hoy,viento zonda mendoza clases,clases en mendoza hoy,dge suspensión de clases hoy por zonda,viento zonda,mdzol,tiempo en mendoza","./explore?q=dge&geo=AR"
"pronostico","10 mil+","27 de agosto de 2026 a las 1:30:00 UTC-3","27 de agosto de 2026 a las 8:00:00 UTC-3","pronostico,temperatura actual","./explore?q=pronostico&geo=AR"
"deportivo madryn - godoy cruz","10 mil+","25 de agosto de 2026 a las 18:10:00 UTC-3","25 de agosto de 2026 a las 22:30:00 UTC-3","deportivo madryn - godoy cruz,deportivo madryn,godoy cruz vs","./explore?q=deportivo%20madryn%20-%20godoy%20cruz&geo=AR"
"buenos aires","10 mil+","26 de agosto de 2026 a las 9:30:00 UTC-3","26 de agosto de 2026 a las 19:20:00 UTC-3","buenos aires,pronóstico,clima hoy,el clima,pronostico buenos aires,pronóstico para hoy,el tiempo en buenos aires,clima caba,pronostico caba","./explore?q=buenos%20aires&geo=AR"
"netflix","10 mil+","27 de agosto de 2026 a las 15:50:00 UTC-3","27 de agosto de 2026 a las 18:40:00 UTC-3","netflix","./explore?q=netflix&geo=AR"
"tormenta de santa rosa","10 mil+","26 de agosto de 2026 a las 17:40:00 UTC-3","26 de agosto de 2026 a las 20:30:00 UTC-3","tormenta de santa rosa,cuando es la tormenta de santa rosa 2026,el tiempo,smn,servicio meteorológico nacional,santa rosa,pronostico la plata,primera edición,servicio meteorologico","./explore?q=tormenta%20de%20santa%20rosa&geo=AR"
"primera división","10 mil+","26 de agosto de 2026 a las 16:10:00 UTC-3","26 de agosto de 2026 a las 17:50:00 UTC-3","primera división","./explore?q=primera%20divisi%C3%B3n&geo=AR"
"beto orlando","5 mil+","31 de agosto de 2026 a las 14:10:00 UTC-3",,"beto orlando,beto orlando hoy","./explore?q=beto%20orlando&geo=AR"
"francesc garrido","5 mil+","31 de agosto de 2026 a las 15:30:00 UTC-3",,"francesc garrido","./explore?q=francesc%20garrido&geo=AR"
"septiembre","5 mil+","30 de agosto de 2026 a las 17:30:00 UTC-3",,"septiembre,temperatura buenos aires","./explore?q=septiembre&geo=AR"
"sergio massa","5 mil+","31 de agosto de 2026 a las 13:10:00 UTC-3",,"sergio massa","./explore?q=sergio%20massa&geo=AR"
"u. católica - o'higgins","5 mil+","31 de agosto de 2026 a las 21:00:00 UTC-3",,"u. católica - o'higgins,posiciones de u. católica contra club deportivo o'higgins","./explore?q=u.%20cat%C3%B3lica%20-%20o%27higgins&geo=AR"
"embargo","5 mil+","31 de agosto de 2026 a las 12:40:00 UTC-3","1 de septiembre de 2026 a las 8:20:00 UTC-3","embargo","./explore?q=embargo&geo=AR"
"posiciones de club atlético los andes contra club atlético acassuso","5 mil+","31 de agosto de 2026 a las 21:10:00 UTC-3","1 de septiembre de 2026 a las 9:00:00 UTC-3","posiciones de club atlético los andes contra club atlético acassuso,los andes - acassuso,los andes vs","./explore?q=posiciones%20de%20club%20atl%C3%A9tico%20los%20andes%20contra%20club%20atl%C3%A9tico%20acassuso&geo=AR"
"volver al trabajo","5 mil+","31 de agosto de 2026 a las 16:40:00 UTC-3","1 de septiembre de 2026 a las 8:30:00 UTC-3","volver al trabajo,capital humano,tamara bezares","./explore?q=volver%20al%20trabajo&geo=AR"
"depósito a plazo fijo","5 mil+","31 de agosto de 2026 a las 13:00:00 UTC-3","31 de agosto de 2026 a las 21:10:00 UTC-3","depósito a plazo fijo","./explore?q=dep%C3%B3sito%20a%20plazo%20fijo&geo=AR"
"zeballos","5 mil+","31 de agosto de 2026 a las 9:00:00 UTC-3","1 de septiembre de 2026 a las 0:40:00 UTC-3","zeballos,exequiel zeballos","./explore?q=zeballos&geo=AR"
"lecce - roma","5 mil+","31 de agosto de 2026 a las 12:40:00 UTC-3","31 de agosto de 2026 a las 20:30:00 UTC-3","lecce - roma","./explore?q=lecce%20-%20roma&geo=AR"
"freitas","5 mil+","30 de agosto de 2026 a las 13:00:00 UTC-3","31 de agosto de 2026 a las 19:50:00 UTC-3","freitas","./explore?q=freitas&geo=AR"
"alcaraz","5 mil+","31 de agosto de 2026 a las 13:40:00 UTC-3","31 de agosto de 2026 a las 22:50:00 UTC-3","alcaraz,carlos alcaraz,abierto de estados unidos","./explore?q=alcaraz&geo=AR"
"matías almeyda","5 mil+","31 de agosto de 2026 a las 12:30:00 UTC-3","31 de agosto de 2026 a las 22:10:00 UTC-3","matías almeyda","./explore?q=mat%C3%ADas%20almeyda&geo=AR"
"gabriel jesus","5 mil+","30 de agosto de 2026 a las 10:10:00 UTC-3","31 de agosto de 2026 a las 19:20:00 UTC-3","gabriel jesus","./explore?q=gabriel%20jesus&geo=AR"
"facundo colidio","5 mil+","30 de agosto de 2026 a las 15:40:00 UTC-3","31 de agosto de 2026 a las 14:20:00 UTC-3","facundo colidio","./explore?q=facundo%20colidio&geo=AR"
"posiciones de quilmes atlético club contra temperley","5 mil+","30 de agosto de 2026 a las 21:10:00 UTC-3","31 de agosto de 2026 a las 9:40:00 UTC-3","posiciones de quilmes atlético club contra temperley,quilmes - temperley,quilmes vs","./explore?q=posiciones%20de%20quilmes%20atl%C3%A9tico%20club%20contra%20temperley&geo=AR"
"oyo nyimba kabamba iguru rukidi iv de toro","5 mil+","29 de agosto de 2026 a las 6:30:00 UTC-3","30 de agosto de 2026 a las 10:40:00 UTC-3","oyo nyimba kabamba iguru rukidi iv de toro","./explore?q=oyo%20nyimba%20kabamba%20iguru%20rukidi%20iv%20de%20toro&geo=AR"
"martín varsavsky","5 mil+","29 de agosto de 2026 a las 22:40:00 UTC-3","31 de agosto de 2026 a las 1:10:00 UTC-3","martín varsavsky","./explore?q=mart%C3%ADn%20varsavsky&geo=AR"
"baby etchecopar","5 mil+","29 de agosto de 2026 a las 1:10:00 UTC-3","30 de agosto de 2026 a las 3:40:00 UTC-3","baby etchecopar","./explore?q=baby%20etchecopar&geo=AR"
"vasco da gama - cruzeiro","5 mil+","29 de agosto de 2026 a las 20:30:00 UTC-3","30 de agosto de 2026 a las 14:10:00 UTC-3","vasco da gama - cruzeiro,vasco da gama","./explore?q=vasco%20da%20gama%20-%20cruzeiro&geo=AR"
"ingrid grudke","5 mil+","29 de agosto de 2026 a las 21:50:00 UTC-3","30 de agosto de 2026 a las 15:50:00 UTC-3","ingrid grudke","./explore?q=ingrid%20grudke&geo=AR"
"mirassol - palmeiras","5 mil+","30 de agosto de 2026 a las 17:50:00 UTC-3","31 de agosto de 2026 a las 7:10:00 UTC-3","mirassol - palmeiras","./explore?q=mirassol%20-%20palmeiras&geo=AR"
"armada argentina","5 mil+","31 de agosto de 2026 a las 15:50:00 UTC-3","31 de agosto de 2026 a las 21:30:00 UTC-3","armada argentina,chile argentina","./explore?q=armada%20argentina&geo=AR"
"mirtha legrand","5 mil+","28 de agosto de 2026 a las 14:00:00 UTC-3","29 de agosto de 2026 a las 17:10:00 UTC-3","mirtha legrand","./explore?q=mirtha%20legrand&geo=AR"
"bruno vellas","5 mil+","28 de agosto de 2026 a las 20:40:00 UTC-3","30 de agosto de 2026 a las 10:10:00 UTC-3","bruno vellas,bruno vellas geriatra","./explore?q=bruno%20vellas&geo=AR"
"coyote vs acme","5 mil+","27 de agosto de 2026 a las 19:10:00 UTC-3","1 de septiembre de 2026 a las 0:10:00 UTC-3","coyote vs acme","./explore?q=coyote%20vs%20acme&geo=AR"
"chelsea vs brighton","5 mil+","30 de agosto de 2026 a las 10:00:00 UTC-3","31 de agosto de 2026 a las 1:40:00 UTC-3","chelsea vs brighton,chelsea vs. brighton,chelsea vs,brighton,joao pedro","./explore?q=chelsea%20vs%20brighton&geo=AR"
"napoli - como","5 mil+","30 de agosto de 2026 a las 12:40:00 UTC-3","30 de agosto de 2026 a las 19:40:00 UTC-3","napoli - como,napoli vs,como vs","./explore?q=napoli%20-%20como&geo=AR"
"reino unido","5 mil+","28 de agosto de 2026 a las 20:10:00 UTC-3","29 de agosto de 2026 a las 21:00:00 UTC-3","reino unido","./explore?q=reino%20unido&geo=AR"
"godoy cruz - san telmo","5 mil+","30 de agosto de 2026 a las 17:40:00 UTC-3","30 de agosto de 2026 a las 22:00:00 UTC-3","godoy cruz - san telmo,godoy cruz,godoy cruz vs","./explore?q=godoy%20cruz%20-%20san%20telmo&geo=AR"
"7 de septiembre","5 mil+","30 de agosto de 2026 a las 14:50:00 UTC-3","30 de agosto de 2026 a las 19:30:00 UTC-3","7 de septiembre,31 de agosto","./explore?q=7%20de%20septiembre&geo=AR"
"paranaense - fluminense","5 mil+","30 de agosto de 2026 a las 10:10:00 UTC-3","30 de agosto de 2026 a las 17:00:00 UTC-3","paranaense - fluminense","./explore?q=paranaense%20-%20fluminense&geo=AR"
"cipolletti","5 mil+","29 de agosto de 2026 a las 8:40:00 UTC-3","29 de agosto de 2026 a las 21:50:00 UTC-3","cipolletti","./explore?q=cipolletti&geo=AR"
"29 de agosto","5 mil+","29 de agosto de 2026 a las 9:40:00 UTC-3","30 de agosto de 2026 a las 12:50:00 UTC-3","29 de agosto,quiniela de hoy,loteria nacional nocturna,quiniela en vivo,quiniela","./explore?q=29%20de%20agosto&geo=AR"
"junior - santa fe","5 mil+","29 de agosto de 2026 a las 19:50:00 UTC-3","30 de agosto de 2026 a las 2:10:00 UTC-3","junior - santa fe,posiciones de junior de barranquilla contra independiente santa fe","./explore?q=junior%20-%20santa%20fe&geo=AR"
"sindicato de empleados textiles de la industria y afines","5 mil+","26 de agosto de 2026 a las 19:20:00 UTC-3","28 de agosto de 2026 a las 7:40:00 UTC-3","sindicato de empleados textiles de la industria y afines","./explore?q=sindicato%20de%20empleados%20textiles%20de%20la%20industria%20y%20afines&geo=AR"
"cerro - libertad","5 mil+","30 de agosto de 2026 a las 15:40:00 UTC-3","30 de agosto de 2026 a las 19:40:00 UTC-3","cerro - libertad","./explore?q=cerro%20-%20libertad&geo=AR"
"estudiantes - ferro","5 mil+","30 de agosto de 2026 a las 15:10:00 UTC-3","30 de agosto de 2026 a las 19:10:00 UTC-3","estudiantes - ferro,posiciones de club atlético estudiantes contra ferro,ferro vs,ferro hoy","./explore?q=estudiantes%20-%20ferro&geo=AR"
"carnicería","5 mil+","29 de agosto de 2026 a las 8:20:00 UTC-3","29 de agosto de 2026 a las 18:30:00 UTC-3","carnicería","./explore?q=carnicer%C3%ADa&geo=AR"
"antonio riccobene","5 mil+","28 de agosto de 2026 a las 19:30:00 UTC-3","29 de agosto de 2026 a las 22:50:00 UTC-3","antonio riccobene,kirchnerismo,pablo yadarola","./explore?q=antonio%20riccobene&geo=AR"
"juventus - parma","5 mil+","29 de agosto de 2026 a las 14:50:00 UTC-3","29 de agosto de 2026 a las 22:10:00 UTC-3","juventus - parma,juventus","./explore?q=juventus%20-%20parma&geo=AR"
"enzo fernández","5 mil+","30 de agosto de 2026 a las 10:00:00 UTC-3","30 de agosto de 2026 a las 15:00:00 UTC-3","enzo fernández,enzo fernandez","./explore?q=enzo%20fern%C3%A1ndez&geo=AR"
"peter cullen","5 mil+","27 de agosto de 2026 a las 11:40:00 UTC-3","28 de agosto de 2026 a las 16:00:00 UTC-3","peter cullen","./explore?q=peter%20cullen&geo=AR"
"fiorentina - frosinone","5 mil+","29 de agosto de 2026 a las 12:40:00 UTC-3","29 de agosto de 2026 a las 20:30:00 UTC-3","fiorentina - frosinone","./explore?q=fiorentina%20-%20frosinone&geo=AR"
"asado","5 mil+","25 de agosto de 2026 a las 12:10:00 UTC-3","26 de agosto de 2026 a las 20:20:00 UTC-3","asado","./explore?q=asado&geo=AR"
"al-nassr - al taawon","5 mil+","28 de agosto de 2026 a las 14:10:00 UTC-3","28 de agosto de 2026 a las 21:10:00 UTC-3","al-nassr - al taawon,primera división de arabia saudita","./explore?q=al-nassr%20-%20al%20taawon&geo=AR"
"midland - nueva chicago","5 mil+","29 de agosto de 2026 a las 16:10:00 UTC-3","29 de agosto de 2026 a las 20:30:00 UTC-3","midland - nueva chicago","./explore?q=midland%20-%20nueva%20chicago&geo=AR"
"importación","5 mil+","27 de agosto de 2026 a las 12:20:00 UTC-3","27 de agosto de 2026 a las 19:40:00 UTC-3","importación","./explore?q=importaci%C3%B3n&geo=AR"
"paula chaves","5 mil+","26 de agosto de 2026 a las 9:20:00 UTC-3","26 de agosto de 2026 a las 23:20:00 UTC-3","paula chaves","./explore?q=paula%20chaves&geo=AR"
"real sociedad - rcd espanyol","5 mil+","29 de agosto de 2026 a las 13:10:00 UTC-3","29 de agosto de 2026 a las 19:00:00 UTC-3","real sociedad - rcd espanyol,primera división","./explore?q=real%20sociedad%20-%20rcd%20espanyol&geo=AR"
"tillar","5 mil+","26 de agosto de 2026 a las 14:00:00 UTC-3","27 de agosto de 2026 a las 15:30:00 UTC-3","tillar,martin tillar","./explore?q=tillar&geo=AR"
"santiago del moro","5 mil+","25 de agosto de 2026 a las 14:50:00 UTC-3","26 de agosto de 2026 a las 11:50:00 UTC-3","santiago del moro,telefe,jurado de popstars,popstars horario,nico vazquez","./explore?q=santiago%20del%20moro&geo=AR"
"sindicato","5 mil+","25 de agosto de 2026 a las 17:10:00 UTC-3","26 de agosto de 2026 a las 17:20:00 UTC-3","sindicato","./explore?q=sindicato&geo=AR"
"charlie garcia","5 mil+","31 de agosto de 2026 a las 22:10:00 UTC-3","31 de agosto de 2026 a las 23:20:00 UTC-3","charlie garcia,charly garcia popstars,charlie garcía,popstars jurado","./explore?q=charlie%20garcia&geo=AR"
"champions","5 mil+","27 de agosto de 2026 a las 13:40:00 UTC-3","27 de agosto de 2026 a las 21:30:00 UTC-3","champions,champions league,uefa champions league","./explore?q=champions&geo=AR"
"gran hermano generación dorada","5 mil+","30 de agosto de 2026 a las 8:30:00 UTC-3","30 de agosto de 2026 a las 20:40:00 UTC-3","gran hermano generación dorada,gh,gran hermano en vivo,telefe en vivo,campanita gh","./explore?q=gran%20hermano%20generaci%C3%B3n%20dorada&geo=AR"
"ingreso","5 mil+","27 de agosto de 2026 a las 16:00:00 UTC-3","27 de agosto de 2026 a las 22:30:00 UTC-3","ingreso,salario minimo vital y movil agosto 2026,salario,salario minimo vital y movil","./explore?q=ingreso&geo=AR"
"internacional - grêmio","5 mil+","27 de agosto de 2026 a las 19:20:00 UTC-3","28 de agosto de 2026 a las 8:10:00 UTC-3","internacional - grêmio,gremio,copa de brasil","./explore?q=internacional%20-%20gr%C3%AAmio&geo=AR"
"gutierrez is mai neim","5 mil+","26 de agosto de 2026 a las 19:20:00 UTC-3","28 de agosto de 2026 a las 2:00:00 UTC-3","gutierrez is mai neim,serie de barassi","./explore?q=gutierrez%20is%20mai%20neim&geo=AR"
"tyc","5 mil+","31 de agosto de 2026 a las 12:10:00 UTC-3","31 de agosto de 2026 a las 13:40:00 UTC-3","tyc,tyc sports,dgo","./explore?q=tyc&geo=AR"
"independiente del valle - tolima","5 mil+","25 de agosto de 2026 a las 20:50:00 UTC-3","26 de agosto de 2026 a las 9:30:00 UTC-3","independiente del valle - tolima,independiente del valle,tolima,independiente del valle vs,deportes tolima,independiente del valle vs. tolima","./explore?q=independiente%20del%20valle%20-%20tolima&geo=AR"
"accidente de tránsito","5 mil+","25 de agosto de 2026 a las 14:50:00 UTC-3","26 de agosto de 2026 a las 19:10:00 UTC-3","accidente de tránsito,accidente,murio,luciana baez accidente","./explore?q=accidente%20de%20tr%C3%A1nsito&geo=AR"
"pami","5 mil+","27 de agosto de 2026 a las 15:40:00 UTC-3","27 de agosto de 2026 a las 19:40:00 UTC-3","pami","./explore?q=pami&geo=AR"
"chelsea","5 mil+","27 de agosto de 2026 a las 15:50:00 UTC-3","27 de agosto de 2026 a las 19:40:00 UTC-3","chelsea","./explore?q=chelsea&geo=AR"
"patronato - atlanta","5 mil+","26 de agosto de 2026 a las 15:20:00 UTC-3","26 de agosto de 2026 a las 21:30:00 UTC-3","patronato - atlanta,patronato","./explore?q=patronato%20-%20atlanta&geo=AR"
"central norte - deportivo morón","5 mil+","26 de agosto de 2026 a las 21:10:00 UTC-3","27 de agosto de 2026 a las 1:20:00 UTC-3","central norte - deportivo morón,central norte,deportivo moron","./explore?q=central%20norte%20-%20deportivo%20mor%C3%B3n&geo=AR"
"reforma","5 mil+","27 de agosto de 2026 a las 13:00:00 UTC-3","27 de agosto de 2026 a las 18:00:00 UTC-3","reforma","./explore?q=reforma&geo=AR"
"coquimbo unido - u. católica","5 mil+","26 de agosto de 2026 a las 18:10:00 UTC-3","27 de agosto de 2026 a las 1:00:00 UTC-3","coquimbo unido - u. católica","./explore?q=coquimbo%20unido%20-%20u.%20cat%C3%B3lica&geo=AR"
"chaco for ever - san miguel","5 mil+","26 de agosto de 2026 a las 14:50:00 UTC-3","26 de agosto de 2026 a las 20:30:00 UTC-3","chaco for ever - san miguel,chaco for ever","./explore?q=chaco%20for%20ever%20-%20san%20miguel&geo=AR"
"suspensión de clases san juan hoy","5 mil+","26 de agosto de 2026 a las 11:30:00 UTC-3","26 de agosto de 2026 a las 23:50:00 UTC-3","suspensión de clases san juan hoy,alerta meteorológica,si san juan,tiempo de san juan","./explore?q=suspensi%C3%B3n%20de%20clases%20san%20juan%20hoy&geo=AR"
"recoleta - o'higgins","5 mil+","26 de agosto de 2026 a las 21:10:00 UTC-3","27 de agosto de 2026 a las 1:50:00 UTC-3","recoleta - o'higgins","./explore?q=recoleta%20-%20o%27higgins&geo=AR"
"newcastle - albion","5 mil+","26 de agosto de 2026 a las 15:00:00 UTC-3","26 de agosto de 2026 a las 20:30:00 UTC-3","newcastle - albion,efl cup,newcastle","./explore?q=newcastle%20-%20albion&geo=AR"
"psg","5 mil+","28 de agosto de 2026 a las 17:30:00 UTC-3","28 de agosto de 2026 a las 18:50:00 UTC-3","psg","./explore?q=psg&geo=AR"
"twitch","5 mil+","27 de agosto de 2026 a las 15:50:00 UTC-3","27 de agosto de 2026 a las 18:30:00 UTC-3","twitch","./explore?q=twitch&geo=AR"
"kick","5 mil+","27 de agosto de 2026 a las 0:00:00 UTC-3","27 de agosto de 2026 a las 2:50:00 UTC-3","kick","./explore?q=kick&geo=AR"
"manto terrestre","2 mil+","31 de agosto de 2026 a las 16:30:00 UTC-3",,"manto terrestre","./explore?q=manto%20terrestre&geo=AR"
"lago la plata","2 mil+","31 de agosto de 2026 a las 11:30:00 UTC-3",,"lago la plata","./explore?q=lago%20la%20plata&geo=AR"
"1 de septiembre","2 mil+","30 de agosto de 2026 a las 18:10:00 UTC-3",,"1 de septiembre,horóscopo","./explore?q=1%20de%20septiembre&geo=AR"
"precio dolar blue","2 mil+","31 de agosto de 2026 a las 20:00:00 UTC-3",,"precio dolar blue,dólar,dolar hoy blue","./explore?q=precio%20dolar%20blue&geo=AR"
"marco trungelliti","2 mil+","31 de agosto de 2026 a las 19:10:00 UTC-3",,"marco trungelliti,trungelliti","./explore?q=marco%20trungelliti&geo=AR"
"el niño clima","2 mil+","1 de septiembre de 2026 a las 8:10:00 UTC-3",,"el niño clima,pronostico,super niño,servicio meteorológico nacional","./explore?q=el%20ni%C3%B1o%20clima&geo=AR"
"maru botana","2 mil+","31 de agosto de 2026 a las 23:00:00 UTC-3","1 de septiembre de 2026 a las 3:00:00 UTC-3","maru botana,carla czudnowsky","./explore?q=maru%20botana&geo=AR"
"quini 6 30 de agosto 2026","2 mil+","31 de agosto de 2026 a las 6:50:00 UTC-3","31 de agosto de 2026 a las 21:20:00 UTC-3","quini 6 30 de agosto 2026","./explore?q=quini%206%2030%20de%20agosto%202026&geo=AR"
"factura","2 mil+","31 de agosto de 2026 a las 12:40:00 UTC-3","31 de agosto de 2026 a las 21:00:00 UTC-3","factura","./explore?q=factura&geo=AR"
"musimundo","2 mil+","31 de agosto de 2026 a las 9:50:00 UTC-3","1 de septiembre de 2026 a las 1:00:00 UTC-3","musimundo","./explore?q=musimundo&geo=AR"
"club atlético peñarol","2 mil+","31 de agosto de 2026 a las 0:20:00 UTC-3","1 de septiembre de 2026 a las 1:40:00 UTC-3","club atlético peñarol","./explore?q=club%20atl%C3%A9tico%20pe%C3%B1arol&geo=AR"
"banco de la nación argentina","2 mil+","31 de agosto de 2026 a las 8:20:00 UTC-3","31 de agosto de 2026 a las 21:50:00 UTC-3","banco de la nación argentina","./explore?q=banco%20de%20la%20naci%C3%B3n%20argentina&geo=AR"
"chino darín","2 mil+","31 de agosto de 2026 a las 12:00:00 UTC-3","31 de agosto de 2026 a las 23:00:00 UTC-3","chino darín","./explore?q=chino%20dar%C3%ADn&geo=AR"
"juan manuel herrera enfermedad","2 mil+","30 de agosto de 2026 a las 19:30:00 UTC-3","31 de agosto de 2026 a las 20:00:00 UTC-3","juan manuel herrera enfermedad,juan manuel herrera salud","./explore?q=juan%20manuel%20herrera%20enfermedad&geo=AR"
"violeta urtizberea","2 mil+","30 de agosto de 2026 a las 16:40:00 UTC-3","31 de agosto de 2026 a las 15:20:00 UTC-3","violeta urtizberea","./explore?q=violeta%20urtizberea&geo=AR"
"diego monroig","2 mil+","30 de agosto de 2026 a las 18:10:00 UTC-3","31 de agosto de 2026 a las 22:40:00 UTC-3","diego monroig","./explore?q=diego%20monroig&geo=AR"
"granizo córdoba","2 mil+","31 de agosto de 2026 a las 16:40:00 UTC-3","1 de septiembre de 2026 a las 0:20:00 UTC-3","granizo córdoba,temporal,clima cordoba capital,clima en cordoba","./explore?q=granizo%20c%C3%B3rdoba&geo=AR"
"benfica - estoril","2 mil+","31 de agosto de 2026 a las 16:00:00 UTC-3","31 de agosto de 2026 a las 21:30:00 UTC-3","benfica - estoril","./explore?q=benfica%20-%20estoril&geo=AR"
"arsenal","2 mil+","31 de agosto de 2026 a las 16:30:00 UTC-3","31 de agosto de 2026 a las 18:50:00 UTC-3","arsenal","./explore?q=arsenal&geo=AR"
"claudio echeverri","2 mil+","31 de agosto de 2026 a las 10:50:00 UTC-3","31 de agosto de 2026 a las 21:30:00 UTC-3","claudio echeverri,tyc sport","./explore?q=claudio%20echeverri&geo=AR"
"dr. a. sáenz","2 mil+","31 de agosto de 2026 a las 18:10:00 UTC-3","31 de agosto de 2026 a las 22:30:00 UTC-3","dr. a. sáenz,colapso escalera mecanica,colapso una escalera mecanica","./explore?q=dr.%20a.%20s%C3%A1enz&geo=AR"
"moria casán","2 mil+","31 de agosto de 2026 a las 16:00:00 UTC-3","31 de agosto de 2026 a las 19:10:00 UTC-3","moria casán","./explore?q=moria%20cas%C3%A1n&geo=AR"
"película","2 mil+","29 de agosto de 2026 a las 8:10:00 UTC-3","30 de agosto de 2026 a las 13:10:00 UTC-3","película","./explore?q=pel%C3%ADcula&geo=AR"
"clima cordoba","2 mil+","31 de agosto de 2026 a las 6:20:00 UTC-3","31 de agosto de 2026 a las 16:10:00 UTC-3","clima cordoba","./explore?q=clima%20cordoba&geo=AR"
"roma fc","2 mil+","31 de agosto de 2026 a las 13:40:00 UTC-3","31 de agosto de 2026 a las 16:40:00 UTC-3","roma fc,roma vs,posiciones de us lecce contra a.s. roma,rodrigo mora","./explore?q=roma%20fc&geo=AR"
"angela leiva y yo que valgo tanto","2 mil+","29 de agosto de 2026 a las 9:40:00 UTC-3","30 de agosto de 2026 a las 12:20:00 UTC-3","angela leiva y yo que valgo tanto","./explore?q=angela%20leiva%20y%20yo%20que%20valgo%20tanto&geo=AR"
"santa rosa de lima","2 mil+","30 de agosto de 2026 a las 0:10:00 UTC-3","30 de agosto de 2026 a las 21:40:00 UTC-3","santa rosa de lima","./explore?q=santa%20rosa%20de%20lima&geo=AR"
"telekino 2443","2 mil+","30 de agosto de 2026 a las 18:40:00 UTC-3","31 de agosto de 2026 a las 13:40:00 UTC-3","telekino 2443,telekino 30 de agosto,sorteo telekino","./explore?q=telekino%202443&geo=AR"
"ingreso","2 mil+","30 de agosto de 2026 a las 7:50:00 UTC-3","30 de agosto de 2026 a las 19:50:00 UTC-3","ingreso","./explore?q=ingreso&geo=AR"
"atlanta - san martín","2 mil+","30 de agosto de 2026 a las 15:10:00 UTC-3","30 de agosto de 2026 a las 20:50:00 UTC-3","atlanta - san martín,san martin de san juan","./explore?q=atlanta%20-%20san%20mart%C3%ADn&geo=AR"
"corinthians - santos","2 mil+","30 de agosto de 2026 a las 15:40:00 UTC-3","30 de agosto de 2026 a las 19:50:00 UTC-3","corinthians - santos","./explore?q=corinthians%20-%20santos&geo=AR"
"aaron paul","2 mil+","28 de agosto de 2026 a las 3:30:00 UTC-3","29 de agosto de 2026 a las 5:10:00 UTC-3","aaron paul","./explore?q=aaron%20paul&geo=AR"
"club mitre - central norte","2 mil+","30 de agosto de 2026 a las 14:40:00 UTC-3","30 de agosto de 2026 a las 19:40:00 UTC-3","club mitre - central norte,central norte","./explore?q=club%20mitre%20-%20central%20norte&geo=AR"
"basura","2 mil+","29 de agosto de 2026 a las 13:20:00 UTC-3","30 de agosto de 2026 a las 14:20:00 UTC-3","basura","./explore?q=basura&geo=AR"
"joan manuel serrat","2 mil+","30 de agosto de 2026 a las 12:20:00 UTC-3","30 de agosto de 2026 a las 21:00:00 UTC-3","joan manuel serrat","./explore?q=joan%20manuel%20serrat&geo=AR"
"aryna sabalenka","2 mil+","31 de agosto de 2026 a las 13:10:00 UTC-3","31 de agosto de 2026 a las 15:10:00 UTC-3","aryna sabalenka","./explore?q=aryna%20sabalenka&geo=AR"
"joaquín freitas","2 mil+","30 de agosto de 2026 a las 13:50:00 UTC-3","30 de agosto de 2026 a las 23:30:00 UTC-3","joaquín freitas,como va river,joaquin freitas,partidos de river plate","./explore?q=joaqu%C3%ADn%20freitas&geo=AR"
"flamengo - botafogo","2 mil+","30 de agosto de 2026 a las 15:30:00 UTC-3","30 de agosto de 2026 a las 19:20:00 UTC-3","flamengo - botafogo","./explore?q=flamengo%20-%20botafogo&geo=AR"
"michael jackson","2 mil+","29 de agosto de 2026 a las 1:40:00 UTC-3","30 de agosto de 2026 a las 3:30:00 UTC-3","michael jackson","./explore?q=michael%20jackson&geo=AR"
"ps5","2 mil+","27 de agosto de 2026 a las 16:40:00 UTC-3","30 de agosto de 2026 a las 3:10:00 UTC-3","ps5","./explore?q=ps5&geo=AR"
"celta de vigo - athletic","2 mil+","30 de agosto de 2026 a las 15:50:00 UTC-3","30 de agosto de 2026 a las 20:50:00 UTC-3","celta de vigo - athletic","./explore?q=celta%20de%20vigo%20-%20athletic&geo=AR"
"almirante brown - deportivo madryn","2 mil+","30 de agosto de 2026 a las 14:40:00 UTC-3","30 de agosto de 2026 a las 18:20:00 UTC-3","almirante brown - deportivo madryn,almirante,almirante brown","./explore?q=almirante%20brown%20-%20deportivo%20madryn&geo=AR"
"agua","2 mil+","28 de agosto de 2026 a las 7:50:00 UTC-3","29 de agosto de 2026 a las 12:50:00 UTC-3","agua","./explore?q=agua&geo=AR"
"marca","2 mil+","31 de agosto de 2026 a las 12:10:00 UTC-3","31 de agosto de 2026 a las 15:40:00 UTC-3","marca,primera división","./explore?q=marca&geo=AR"
"premier","2 mil+","30 de agosto de 2026 a las 9:40:00 UTC-3","30 de agosto de 2026 a las 15:00:00 UTC-3","premier","./explore?q=premier&geo=AR"
"river id","2 mil+","31 de agosto de 2026 a las 9:20:00 UTC-3","31 de agosto de 2026 a las 11:20:00 UTC-3","river id","./explore?q=river%20id&geo=AR"
"kendry páez","2 mil+","28 de agosto de 2026 a las 13:30:00 UTC-3","29 de agosto de 2026 a las 1:00:00 UTC-3","kendry páez","./explore?q=kendry%20p%C3%A1ez&geo=AR"
"cuenta dni","2 mil+","31 de agosto de 2026 a las 13:10:00 UTC-3","31 de agosto de 2026 a las 16:40:00 UTC-3","cuenta dni","./explore?q=cuenta%20dni&geo=AR"
"colo-colo - audax italiano","2 mil+","30 de agosto de 2026 a las 18:00:00 UTC-3","30 de agosto de 2026 a las 23:50:00 UTC-3","colo-colo - audax italiano,posiciones de colo-colo contra audax italiano","./explore?q=colo-colo%20-%20audax%20italiano&geo=AR"
"all boys - chaco for ever","2 mil+","30 de agosto de 2026 a las 15:10:00 UTC-3","30 de agosto de 2026 a las 18:40:00 UTC-3","all boys - chaco for ever,all boys","./explore?q=all%20boys%20-%20chaco%20for%20ever&geo=AR"
"thiago agustín tirante","2 mil+","30 de agosto de 2026 a las 17:40:00 UTC-3","30 de agosto de 2026 a las 19:30:00 UTC-3","thiago agustín tirante,tirante,adrian mannarino","./explore?q=thiago%20agust%C3%ADn%20tirante&geo=AR"
"milan - venezia","2 mil+","28 de agosto de 2026 a las 15:00:00 UTC-3","29 de agosto de 2026 a las 0:20:00 UTC-3","milan - venezia","./explore?q=milan%20-%20venezia&geo=AR"
"umar nurmagomedov","2 mil+","29 de agosto de 2026 a las 10:00:00 UTC-3","30 de agosto de 2026 a las 3:20:00 UTC-3","umar nurmagomedov,song yadong","./explore?q=umar%20nurmagomedov&geo=AR"
"levante - real betis","2 mil+","29 de agosto de 2026 a las 11:20:00 UTC-3","29 de agosto de 2026 a las 17:20:00 UTC-3","levante - real betis,betis,real betis","./explore?q=levante%20-%20real%20betis&geo=AR"
"ahora entre ríos","2 mil+","28 de agosto de 2026 a las 7:30:00 UTC-3","28 de agosto de 2026 a las 23:40:00 UTC-3","ahora entre ríos","./explore?q=ahora%20entre%20r%C3%ADos&geo=AR"
"fiorentina","2 mil+","29 de agosto de 2026 a las 13:30:00 UTC-3","29 de agosto de 2026 a las 20:10:00 UTC-3","fiorentina","./explore?q=fiorentina&geo=AR"
"patronato - almagro","2 mil+","30 de agosto de 2026 a las 15:20:00 UTC-3","30 de agosto de 2026 a las 18:40:00 UTC-3","patronato - almagro,patronato","./explore?q=patronato%20-%20almagro&geo=AR"
"provincia de buenos aires","2 mil+","29 de agosto de 2026 a las 11:50:00 UTC-3","29 de agosto de 2026 a las 21:50:00 UTC-3","provincia de buenos aires","./explore?q=provincia%20de%20buenos%20aires&geo=AR"
"recoleta","2 mil+","29 de agosto de 2026 a las 14:40:00 UTC-3","29 de agosto de 2026 a las 20:30:00 UTC-3","recoleta","./explore?q=recoleta&geo=AR"
"ole","2 mil+","31 de agosto de 2026 a las 12:40:00 UTC-3","31 de agosto de 2026 a las 13:20:00 UTC-3","ole","./explore?q=ole&geo=AR"
"robbie williams","2 mil+","28 de agosto de 2026 a las 12:20:00 UTC-3","29 de agosto de 2026 a las 20:00:00 UTC-3","robbie williams","./explore?q=robbie%20williams&geo=AR"
"quini 6 sorteo 3404","2 mil+","30 de agosto de 2026 a las 23:50:00 UTC-3","31 de agosto de 2026 a las 13:00:00 UTC-3","quini 6 sorteo 3404,quini6,resultados quini 6 sorteo 3403,sorteo quini 6 de hoy,resultado del quini 6","./explore?q=quini%206%20sorteo%203404&geo=AR"
"marcelo gallardo","2 mil+","30 de agosto de 2026 a las 21:40:00 UTC-3","31 de agosto de 2026 a las 9:00:00 UTC-3","marcelo gallardo,gallardo,cuánto va river","./explore?q=marcelo%20gallardo&geo=AR"
"maxi lópez","2 mil+","29 de agosto de 2026 a las 21:50:00 UTC-3","30 de agosto de 2026 a las 15:10:00 UTC-3","maxi lópez,maxi lopez","./explore?q=maxi%20l%C3%B3pez&geo=AR"
"estados unidos","2 mil+","29 de agosto de 2026 a las 16:00:00 UTC-3","29 de agosto de 2026 a las 23:20:00 UTC-3","estados unidos","./explore?q=estados%20unidos&geo=AR"
"inter","2 mil+","30 de agosto de 2026 a las 15:50:00 UTC-3","30 de agosto de 2026 a las 19:00:00 UTC-3","inter,inter de milán,lautaro martínez","./explore?q=inter&geo=AR"
"alavés - villarreal","2 mil+","28 de agosto de 2026 a las 15:50:00 UTC-3","28 de agosto de 2026 a las 23:30:00 UTC-3","alavés - villarreal,villarreal,alaves","./explore?q=alav%C3%A9s%20-%20villarreal&geo=AR"
"sudáfrica - nueva zelanda","2 mil+","29 de agosto de 2026 a las 11:50:00 UTC-3","29 de agosto de 2026 a las 16:50:00 UTC-3","sudáfrica - nueva zelanda","./explore?q=sud%C3%A1frica%20-%20nueva%20zelanda&geo=AR"
"tabla anual","2 mil+","30 de agosto de 2026 a las 16:30:00 UTC-3","31 de agosto de 2026 a las 0:40:00 UTC-3","tabla anual","./explore?q=tabla%20anual&geo=AR"
"palmeiras","2 mil+","30 de agosto de 2026 a las 19:00:00 UTC-3","30 de agosto de 2026 a las 21:30:00 UTC-3","palmeiras","./explore?q=palmeiras&geo=AR"
"bournemouth - everton","2 mil+","29 de agosto de 2026 a las 10:20:00 UTC-3","29 de agosto de 2026 a las 15:30:00 UTC-3","bournemouth - everton,everton fc,bournemouth","./explore?q=bournemouth%20-%20everton&geo=AR"
"miniserie","2 mil+","29 de agosto de 2026 a las 13:40:00 UTC-3","29 de agosto de 2026 a las 21:30:00 UTC-3","miniserie","./explore?q=miniserie&geo=AR"
"napoli","2 mil+","30 de agosto de 2026 a las 13:30:00 UTC-3","30 de agosto de 2026 a las 16:50:00 UTC-3","napoli,serie a","./explore?q=napoli&geo=AR"
"boeing 737","2 mil+","27 de agosto de 2026 a las 13:00:00 UTC-3","28 de agosto de 2026 a las 7:30:00 UTC-3","boeing 737","./explore?q=boeing%20737&geo=AR"
"armada","2 mil+","26 de agosto de 2026 a las 20:10:00 UTC-3","27 de agosto de 2026 a las 19:20:00 UTC-3","armada","./explore?q=armada&geo=AR"
"al angulo","2 mil+","30 de agosto de 2026 a las 14:50:00 UTC-3","30 de agosto de 2026 a las 17:00:00 UTC-3","al angulo,alan lescano,argentinos juniors hoy","./explore?q=al%20angulo&geo=AR"
"são paulo - bragantino","2 mil+","29 de agosto de 2026 a las 19:20:00 UTC-3","30 de agosto de 2026 a las 0:50:00 UTC-3","são paulo - bragantino","./explore?q=s%C3%A3o%20paulo%20-%20bragantino&geo=AR"
"lácteo","2 mil+","26 de agosto de 2026 a las 17:40:00 UTC-3","27 de agosto de 2026 a las 14:30:00 UTC-3","lácteo","./explore?q=l%C3%A1cteo&geo=AR"
"alexander woiski","2 mil+","25 de agosto de 2026 a las 14:40:00 UTC-3","26 de agosto de 2026 a las 14:10:00 UTC-3","alexander woiski","./explore?q=alexander%20woiski&geo=AR"
"vasco da gama - vitória","2 mil+","26 de agosto de 2026 a las 20:40:00 UTC-3","27 de agosto de 2026 a las 9:30:00 UTC-3","vasco da gama - vitória,vasco","./explore?q=vasco%20da%20gama%20-%20vit%C3%B3ria&geo=AR"
"bundesliga","2 mil+","29 de agosto de 2026 a las 10:30:00 UTC-3","29 de agosto de 2026 a las 16:30:00 UTC-3","bundesliga,sv elversberg - leverkusen,leverkusen,bayer leverkusen","./explore?q=bundesliga&geo=AR"
"ingrid","2 mil+","29 de agosto de 2026 a las 21:50:00 UTC-3","30 de agosto de 2026 a las 2:30:00 UTC-3","ingrid","./explore?q=ingrid&geo=AR"
"meteorito","2 mil+","25 de agosto de 2026 a las 14:50:00 UTC-3","26 de agosto de 2026 a las 19:20:00 UTC-3","meteorito","./explore?q=meteorito&geo=AR"
"racing de santander - elche c. f.","2 mil+","28 de agosto de 2026 a las 13:20:00 UTC-3","28 de agosto de 2026 a las 19:20:00 UTC-3","racing de santander - elche c. f.,elche,racing de santander","./explore?q=racing%20de%20santander%20-%20elche%20c.%20f.&geo=AR"
"dortmund - hamburg","2 mil+","29 de agosto de 2026 a las 12:40:00 UTC-3","29 de agosto de 2026 a las 17:20:00 UTC-3","dortmund - hamburg","./explore?q=dortmund%20-%20hamburg&geo=AR"
"elon musk","2 mil+","26 de agosto de 2026 a las 7:40:00 UTC-3","26 de agosto de 2026 a las 21:20:00 UTC-3","elon musk","./explore?q=elon%20musk&geo=AR"
"atlético mineiro - vitória","2 mil+","29 de agosto de 2026 a las 17:40:00 UTC-3","29 de agosto de 2026 a las 22:20:00 UTC-3","atlético mineiro - vitória","./explore?q=atl%C3%A9tico%20mineiro%20-%20vit%C3%B3ria&geo=AR"
"tottenham","2 mil+","29 de agosto de 2026 a las 13:20:00 UTC-3","29 de agosto de 2026 a las 17:30:00 UTC-3","tottenham","./explore?q=tottenham&geo=AR"
"gobernador","2 mil+","29 de agosto de 2026 a las 8:00:00 UTC-3","30 de agosto de 2026 a las 10:00:00 UTC-3","gobernador,deportes","./explore?q=gobernador&geo=AR"
"asociación trabajadores del estado","2 mil+","26 de agosto de 2026 a las 12:40:00 UTC-3","26 de agosto de 2026 a las 22:00:00 UTC-3","asociación trabajadores del estado","./explore?q=asociaci%C3%B3n%20trabajadores%20del%20estado&geo=AR"
"cipolletti","2 mil+","27 de agosto de 2026 a las 15:20:00 UTC-3","28 de agosto de 2026 a las 8:40:00 UTC-3","cipolletti","./explore?q=cipolletti&geo=AR"
"valentín barco","2 mil+","27 de agosto de 2026 a las 18:30:00 UTC-3","28 de agosto de 2026 a las 9:30:00 UTC-3","valentín barco","./explore?q=valent%C3%ADn%20barco&geo=AR"
"estafa","2 mil+","26 de agosto de 2026 a las 17:40:00 UTC-3","27 de agosto de 2026 a las 13:50:00 UTC-3","estafa","./explore?q=estafa&geo=AR"
"economía","2 mil+","28 de agosto de 2026 a las 9:40:00 UTC-3","28 de agosto de 2026 a las 16:10:00 UTC-3","economía","./explore?q=econom%C3%ADa&geo=AR"
"fútbol","2 mil+","25 de agosto de 2026 a las 12:10:00 UTC-3","25 de agosto de 2026 a las 22:30:00 UTC-3","fútbol","./explore?q=f%C3%BAtbol&geo=AR"
"b nacional","2 mil+","30 de agosto de 2026 a las 16:50:00 UTC-3","30 de agosto de 2026 a las 19:50:00 UTC-3","b nacional,nacional b","./explore?q=b%20nacional&geo=AR"
"alexander shaw","2 mil+","29 de agosto de 2026 a las 22:40:00 UTC-3","30 de agosto de 2026 a las 2:20:00 UTC-3","alexander shaw,espn","./explore?q=alexander%20shaw&geo=AR"
"el cronista","2 mil+","29 de agosto de 2026 a las 16:40:00 UTC-3","29 de agosto de 2026 a las 20:20:00 UTC-3","el cronista","./explore?q=el%20cronista&geo=AR"
"a que hora juega boca","2 mil+","28 de agosto de 2026 a las 19:20:00 UTC-3","28 de agosto de 2026 a las 21:50:00 UTC-3","a que hora juega boca","./explore?q=a%20que%20hora%20juega%20boca&geo=AR"
"escuela nueva pompeya","2 mil+","25 de agosto de 2026 a las 18:50:00 UTC-3","26 de agosto de 2026 a las 9:20:00 UTC-3","escuela nueva pompeya","./explore?q=escuela%20nueva%20pompeya&geo=AR"
"milan","2 mil+","28 de agosto de 2026 a las 15:30:00 UTC-3","28 de agosto de 2026 a las 19:40:00 UTC-3","milan","./explore?q=milan&geo=AR"
"sorteo champions","2 mil+","27 de agosto de 2026 a las 11:40:00 UTC-3","27 de agosto de 2026 a las 20:00:00 UTC-3","sorteo champions,sorteo de la champions,a que hora es el sorteo de la champions,liga de campeones de la uefa,sorteo champions league","./explore?q=sorteo%20champions&geo=AR"
"boca sudamericana","2 mil+","26 de agosto de 2026 a las 23:10:00 UTC-3","27 de agosto de 2026 a las 14:20:00 UTC-3","boca sudamericana,a que hora juega boca hoy,boca vs sao paulo","./explore?q=boca%20sudamericana&geo=AR"
"pity álvarez","2 mil+","26 de agosto de 2026 a las 16:50:00 UTC-3","27 de agosto de 2026 a las 15:10:00 UTC-3","pity álvarez,pity alvarez","./explore?q=pity%20%C3%A1lvarez&geo=AR"
"el país","2 mil+","25 de agosto de 2026 a las 9:40:00 UTC-3","26 de agosto de 2026 a las 0:00:00 UTC-3","el país","./explore?q=el%20pa%C3%ADs&geo=AR"
"declaración jurada","2 mil+","25 de agosto de 2026 a las 12:30:00 UTC-3","25 de agosto de 2026 a las 20:00:00 UTC-3","declaración jurada,ganancias prorroga","./explore?q=declaraci%C3%B3n%20jurada&geo=AR"
"lpf","2 mil+","30 de agosto de 2026 a las 16:50:00 UTC-3","30 de agosto de 2026 a las 19:40:00 UTC-3","lpf,torneo argentino","./explore?q=lpf&geo=AR"
"chacarita","2 mil+","28 de agosto de 2026 a las 22:20:00 UTC-3","29 de agosto de 2026 a las 1:40:00 UTC-3","chacarita","./explore?q=chacarita&geo=AR"
"seguridad privada","2 mil+","26 de agosto de 2026 a las 16:30:00 UTC-3","27 de agosto de 2026 a las 9:40:00 UTC-3","seguridad privada","./explore?q=seguridad%20privada&geo=AR"
"andrew garfield","2 mil+","25 de agosto de 2026 a las 12:00:00 UTC-3","26 de agosto de 2026 a las 19:10:00 UTC-3","andrew garfield","./explore?q=andrew%20garfield&geo=AR"
"noticia","2 mil+","29 de agosto de 2026 a las 7:50:00 UTC-3","29 de agosto de 2026 a las 14:00:00 UTC-3","noticia","./explore?q=noticia&geo=AR"
"liga argentina","2 mil+","30 de agosto de 2026 a las 16:50:00 UTC-3","30 de agosto de 2026 a las 18:00:00 UTC-3","liga argentina","./explore?q=liga%20argentina&geo=AR"
"mariana brey","2 mil+","27 de agosto de 2026 a las 10:00:00 UTC-3","27 de agosto de 2026 a las 15:00:00 UTC-3","mariana brey","./explore?q=mariana%20brey&geo=AR"
"ruta nacional 16","2 mil+","25 de agosto de 2026 a las 14:00:00 UTC-3","25 de agosto de 2026 a las 21:50:00 UTC-3","ruta nacional 16","./explore?q=ruta%20nacional%2016&geo=AR"
"31 de agosto","2 mil+","25 de agosto de 2026 a las 16:20:00 UTC-3","25 de agosto de 2026 a las 23:00:00 UTC-3","31 de agosto","./explore?q=31%20de%20agosto&geo=AR"
"diario ole","2 mil+","26 de agosto de 2026 a las 23:50:00 UTC-3","27 de agosto de 2026 a las 11:00:00 UTC-3","diario ole","./explore?q=diario%20ole&geo=AR"
"valencia c. f. - real betis","2 mil+","25 de agosto de 2026 a las 15:10:00 UTC-3","25 de agosto de 2026 a las 21:00:00 UTC-3","valencia c. f. - real betis,betis","./explore?q=valencia%20c.%20f.%20-%20real%20betis&geo=AR"
"luis zahera","2 mil+","26 de agosto de 2026 a las 15:40:00 UTC-3","27 de agosto de 2026 a las 9:50:00 UTC-3","luis zahera","./explore?q=luis%20zahera&geo=AR"
"hugo rodallega","2 mil+","26 de agosto de 2026 a las 21:30:00 UTC-3","27 de agosto de 2026 a las 1:10:00 UTC-3","hugo rodallega,rodallega","./explore?q=hugo%20rodallega&geo=AR"
"colo colo","2 mil+","26 de agosto de 2026 a las 21:30:00 UTC-3","27 de agosto de 2026 a las 8:00:00 UTC-3","colo colo,colo colo vs","./explore?q=colo%20colo&geo=AR"
"chofer","2 mil+","27 de agosto de 2026 a las 15:40:00 UTC-3","27 de agosto de 2026 a las 20:30:00 UTC-3","chofer","./explore?q=chofer&geo=AR"
"cobranza","2 mil+","26 de agosto de 2026 a las 7:30:00 UTC-3","26 de agosto de 2026 a las 16:00:00 UTC-3","cobranza","./explore?q=cobranza&geo=AR"
"premier league","2 mil+","29 de agosto de 2026 a las 10:00:00 UTC-3","29 de agosto de 2026 a las 11:40:00 UTC-3","premier league","./explore?q=premier%20league&geo=AR"
"bayern","2 mil+","28 de agosto de 2026 a las 15:50:00 UTC-3","28 de agosto de 2026 a las 18:30:00 UTC-3","bayern","./explore?q=bayern&geo=AR"
"boeing 737","2 mil+","25 de agosto de 2026 a las 17:50:00 UTC-3","26 de agosto de 2026 a las 13:50:00 UTC-3","boeing 737","./explore?q=boeing%20737&geo=AR"
"boca socios","2 mil+","26 de agosto de 2026 a las 11:50:00 UTC-3","26 de agosto de 2026 a las 18:00:00 UTC-3","boca socios","./explore?q=boca%20socios&geo=AR"
"barcelona vs. athletic","2 mil+","27 de agosto de 2026 a las 16:10:00 UTC-3","27 de agosto de 2026 a las 19:30:00 UTC-3","barcelona vs. athletic,barcelona vs athletic,barca vs","./explore?q=barcelona%20vs.%20athletic&geo=AR"
"gran premio de mónaco","2 mil+","25 de agosto de 2026 a las 15:40:00 UTC-3","26 de agosto de 2026 a las 6:40:00 UTC-3","gran premio de mónaco","./explore?q=gran%20premio%20de%20m%C3%B3naco&geo=AR"
"clima buenos aires","2 mil+","27 de agosto de 2026 a las 6:00:00 UTC-3","27 de agosto de 2026 a las 13:30:00 UTC-3","clima buenos aires,clima caba,pronostico caba","./explore?q=clima%20buenos%20aires&geo=AR"
"helicóptero","2 mil+","25 de agosto de 2026 a las 18:30:00 UTC-3","25 de agosto de 2026 a las 22:30:00 UTC-3","helicóptero","./explore?q=helic%C3%B3ptero&geo=AR"
"pronostico bahia blanca","2 mil+","29 de agosto de 2026 a las 9:40:00 UTC-3","29 de agosto de 2026 a las 12:50:00 UTC-3","pronostico bahia blanca,tiempo hoy","./explore?q=pronostico%20bahia%20blanca&geo=AR"
"lyon - fenerbahçe","2 mil+","26 de agosto de 2026 a las 15:30:00 UTC-3","26 de agosto de 2026 a las 19:50:00 UTC-3","lyon - fenerbahçe,fenerbahçe","./explore?q=lyon%20-%20fenerbah%C3%A7e&geo=AR"
"sebastián estevanez","2 mil+","27 de agosto de 2026 a las 23:10:00 UTC-3","28 de agosto de 2026 a las 1:00:00 UTC-3","sebastián estevanez,estevanez,sebastian estevanez","./explore?q=sebasti%C3%A1n%20estevanez&geo=AR"
"lamine yamal","2 mil+","27 de agosto de 2026 a las 18:00:00 UTC-3","27 de agosto de 2026 a las 21:00:00 UTC-3","lamine yamal,xavi espart","./explore?q=lamine%20yamal&geo=AR"
"fecha","2 mil+","25 de agosto de 2026 a las 17:30:00 UTC-3","26 de agosto de 2026 a las 1:40:00 UTC-3","fecha","./explore?q=fecha&geo=AR"
"flow","2 mil+","28 de agosto de 2026 a las 21:20:00 UTC-3","28 de agosto de 2026 a las 22:30:00 UTC-3","flow","./explore?q=flow&geo=AR"
"betano","2 mil+","29 de agosto de 2026 a las 0:20:00 UTC-3","29 de agosto de 2026 a las 2:30:00 UTC-3","betano","./explore?q=betano&geo=AR"
"germán pezzella","2 mil+","28 de agosto de 2026 a las 20:40:00 UTC-3","28 de agosto de 2026 a las 23:20:00 UTC-3","germán pezzella,pezzella","./explore?q=germ%C3%A1n%20pezzella&geo=AR"
"nottingham forest - leeds","2 mil+","25 de agosto de 2026 a las 16:20:00 UTC-3","25 de agosto de 2026 a las 20:30:00 UTC-3","nottingham forest - leeds,nottingham forest","./explore?q=nottingham%20forest%20-%20leeds&geo=AR"
"dante ortega","2 mil+","27 de agosto de 2026 a las 21:40:00 UTC-3","27 de agosto de 2026 a las 23:10:00 UTC-3","dante ortega","./explore?q=dante%20ortega&geo=AR"
"santa fe","2 mil+","26 de agosto de 2026 a las 22:10:00 UTC-3","27 de agosto de 2026 a las 1:20:00 UTC-3","santa fe,pronostico rosario,las rosas,las rosas santa fe","./explore?q=santa%20fe&geo=AR"
"clima rosario","2 mil+","27 de agosto de 2026 a las 6:40:00 UTC-3","27 de agosto de 2026 a las 10:50:00 UTC-3","clima rosario,tiempo en rosario","./explore?q=clima%20rosario&geo=AR"
"dolly","2 mil+","25 de agosto de 2026 a las 16:00:00 UTC-3","26 de agosto de 2026 a las 1:10:00 UTC-3","dolly,dolly parton de que murio,cher,de que murio dolly parton,dolly parton murio,murio dolly parton","./explore?q=dolly&geo=AR"
"el mago pop","2 mil+","27 de agosto de 2026 a las 23:40:00 UTC-3","28 de agosto de 2026 a las 2:00:00 UTC-3","el mago pop,mago pop","./explore?q=el%20mago%20pop&geo=AR"
"telefe en vivo","2 mil+","27 de agosto de 2026 a las 23:10:00 UTC-3","28 de agosto de 2026 a las 1:10:00 UTC-3","telefe en vivo","./explore?q=telefe%20en%20vivo&geo=AR"
"federer","2 mil+","25 de agosto de 2026 a las 21:10:00 UTC-3","26 de agosto de 2026 a las 8:30:00 UTC-3","federer,roger federer,tenis","./explore?q=federer&geo=AR"
"rincon del mangrullo","2 mil+","25 de agosto de 2026 a las 19:30:00 UTC-3","26 de agosto de 2026 a las 8:10:00 UTC-3","rincon del mangrullo,vaca muerta ypf,vaca muerta","./explore?q=rincon%20del%20mangrullo&geo=AR"
"turco garcía","2 mil+","25 de agosto de 2026 a las 22:40:00 UTC-3","26 de agosto de 2026 a las 1:10:00 UTC-3","turco garcía,mariela prieto,turco garcia,hijos del turco garcia,turco garcía hijos,el turco garcía,turco garcia hijos","./explore?q=turco%20garc%C3%ADa&geo=AR"
"2 de mayo - guaraní","2 mil+","25 de agosto de 2026 a las 18:00:00 UTC-3","25 de agosto de 2026 a las 21:20:00 UTC-3","2 de mayo - guaraní","./explore?q=2%20de%20mayo%20-%20guaran%C3%AD&geo=AR"
"pronostico del tiempo","2 mil+","27 de agosto de 2026 a las 5:50:00 UTC-3","27 de agosto de 2026 a las 7:30:00 UTC-3","pronostico del tiempo,pronóstico del tiempo","./explore?q=pronostico%20del%20tiempo&geo=AR"
"mcenroe","2 mil+","25 de agosto de 2026 a las 22:00:00 UTC-3","25 de agosto de 2026 a las 23:50:00 UTC-3","mcenroe,agassi,andre agassi","./explore?q=mcenroe&geo=AR"
"banco provincia","1 mil+","1 de septiembre de 2026 a las 8:30:00 UTC-3",,"banco provincia","./explore?q=banco%20provincia&geo=AR"
"willer ditta","1 mil+","31 de agosto de 2026 a las 23:30:00 UTC-3",,"willer ditta","./explore?q=willer%20ditta&geo=AR"
"poder judicial de san juan","1 mil+","1 de septiembre de 2026 a las 0:00:00 UTC-3",,"poder judicial de san juan,diario de cuyo","./explore?q=poder%20judicial%20de%20san%20juan&geo=AR"
"pat cash","1 mil+","31 de agosto de 2026 a las 12:00:00 UTC-3","31 de agosto de 2026 a las 22:10:00 UTC-3","pat cash","./explore?q=pat%20cash&geo=AR"
"boeing b-52 stratofortress","1 mil+","31 de agosto de 2026 a las 15:20:00 UTC-3","31 de agosto de 2026 a las 22:10:00 UTC-3","boeing b-52 stratofortress","./explore?q=boeing%20b-52%20stratofortress&geo=AR"
"playstation 5","1 mil+","31 de agosto de 2026 a las 13:40:00 UTC-3","31 de agosto de 2026 a las 22:50:00 UTC-3","playstation 5","./explore?q=playstation%205&geo=AR"
"iplan","1 mil+","31 de agosto de 2026 a las 13:30:00 UTC-3","31 de agosto de 2026 a las 21:00:00 UTC-3","iplan","./explore?q=iplan&geo=AR"
"charlotte caniggia","1 mil+","31 de agosto de 2026 a las 6:10:00 UTC-3","1 de septiembre de 2026 a las 0:30:00 UTC-3","charlotte caniggia","./explore?q=charlotte%20caniggia&geo=AR"
"dionísio cerqueira","1 mil+","31 de agosto de 2026 a las 7:20:00 UTC-3","31 de agosto de 2026 a las 19:20:00 UTC-3","dionísio cerqueira","./explore?q=dion%C3%ADsio%20cerqueira&geo=AR"
"tagliafico","1 mil+","31 de agosto de 2026 a las 13:00:00 UTC-3","1 de septiembre de 2026 a las 1:00:00 UTC-3","tagliafico","./explore?q=tagliafico&geo=AR"
"wawrinka","1 mil+","31 de agosto de 2026 a las 17:40:00 UTC-3","31 de agosto de 2026 a las 21:20:00 UTC-3","wawrinka,stan wawrinka,matteo berrettini","./explore?q=wawrinka&geo=AR"
"barca","1 mil+","31 de agosto de 2026 a las 16:50:00 UTC-3","31 de agosto de 2026 a las 19:40:00 UTC-3","barca","./explore?q=barca&geo=AR"
"gran cañón","1 mil+","31 de agosto de 2026 a las 13:30:00 UTC-3","31 de agosto de 2026 a las 19:10:00 UTC-3","gran cañón","./explore?q=gran%20ca%C3%B1%C3%B3n&geo=AR"
"monza","1 mil+","31 de agosto de 2026 a las 7:50:00 UTC-3","31 de agosto de 2026 a las 15:00:00 UTC-3","monza","./explore?q=monza&geo=AR"
"sinagoga","1 mil+","31 de agosto de 2026 a las 8:40:00 UTC-3","31 de agosto de 2026 a las 14:10:00 UTC-3","sinagoga","./explore?q=sinagoga&geo=AR"
"lotería de santa fe","1 mil+","31 de agosto de 2026 a las 11:10:00 UTC-3","31 de agosto de 2026 a las 17:10:00 UTC-3","lotería de santa fe","./explore?q=loter%C3%ADa%20de%20santa%20fe&geo=AR"
"arsenal vs","1 mil+","31 de agosto de 2026 a las 16:20:00 UTC-3","31 de agosto de 2026 a las 19:00:00 UTC-3","arsenal vs","./explore?q=arsenal%20vs&geo=AR"
"lamine yamal","1 mil+","31 de agosto de 2026 a las 18:30:00 UTC-3","31 de agosto de 2026 a las 20:20:00 UTC-3","lamine yamal","./explore?q=lamine%20yamal&geo=AR"
"atalanta - bolonia","1 mil+","31 de agosto de 2026 a las 15:50:00 UTC-3","31 de agosto de 2026 a las 19:20:00 UTC-3","atalanta - bolonia,atalanta vs","./explore?q=atalanta%20-%20bolonia&geo=AR"
"benfica","1 mil+","31 de agosto de 2026 a las 16:20:00 UTC-3","31 de agosto de 2026 a las 19:20:00 UTC-3","benfica","./explore?q=benfica&geo=AR"
"alberto benegas lynch","1 mil+","31 de agosto de 2026 a las 19:20:00 UTC-3","31 de agosto de 2026 a las 22:40:00 UTC-3","alberto benegas lynch,congreso,oficina de presupuesto del congreso","./explore?q=alberto%20benegas%20lynch&geo=AR"
"atalanta","1 mil+","31 de agosto de 2026 a las 16:00:00 UTC-3","31 de agosto de 2026 a las 19:00:00 UTC-3","atalanta","./explore?q=atalanta&geo=AR"
"squishy","1 mil+","31 de agosto de 2026 a las 8:10:00 UTC-3","31 de agosto de 2026 a las 23:00:00 UTC-3","squishy","./explore?q=squishy&geo=AR"
"china suárez","1 mil+","30 de agosto de 2026 a las 21:00:00 UTC-3","31 de agosto de 2026 a las 9:00:00 UTC-3","china suárez","./explore?q=china%20su%C3%A1rez&geo=AR"
"incendio","1 mil+","30 de agosto de 2026 a las 16:50:00 UTC-3","31 de agosto de 2026 a las 19:50:00 UTC-3","incendio","./explore?q=incendio&geo=AR"
"roman safiullin","1 mil+","31 de agosto de 2026 a las 14:30:00 UTC-3","31 de agosto de 2026 a las 17:40:00 UTC-3","roman safiullin,usopen,safiullin,sabalenka","./explore?q=roman%20safiullin&geo=AR"
"serie de televisión","1 mil+","30 de agosto de 2026 a las 21:10:00 UTC-3","31 de agosto de 2026 a las 7:40:00 UTC-3","serie de televisión","./explore?q=serie%20de%20televisi%C3%B3n&geo=AR"
"venus williams","1 mil+","30 de agosto de 2026 a las 22:10:00 UTC-3","31 de agosto de 2026 a las 4:10:00 UTC-3","venus williams,sofia kenin","./explore?q=venus%20williams&geo=AR"
"ciclismo","1 mil+","30 de agosto de 2026 a las 19:40:00 UTC-3","31 de agosto de 2026 a las 6:40:00 UTC-3","ciclismo","./explore?q=ciclismo&geo=AR"
"peñarol vs nacional","1 mil+","30 de agosto de 2026 a las 15:30:00 UTC-3","30 de agosto de 2026 a las 23:40:00 UTC-3","peñarol vs nacional,peñarol vs","./explore?q=pe%C3%B1arol%20vs%20nacional&geo=AR"
"clima bahia blanca","1 mil+","29 de agosto de 2026 a las 9:10:00 UTC-3","31 de agosto de 2026 a las 8:20:00 UTC-3","clima bahia blanca","./explore?q=clima%20bahia%20blanca&geo=AR"
"diego peretti","1 mil+","30 de agosto de 2026 a las 8:00:00 UTC-3","30 de agosto de 2026 a las 21:20:00 UTC-3","diego peretti","./explore?q=diego%20peretti&geo=AR"
"airbus a380","1 mil+","30 de agosto de 2026 a las 13:10:00 UTC-3","30 de agosto de 2026 a las 22:10:00 UTC-3","airbus a380","./explore?q=airbus%20a380&geo=AR"
"precipitación","1 mil+","30 de agosto de 2026 a las 20:50:00 UTC-3","31 de agosto de 2026 a las 7:30:00 UTC-3","precipitación,pronostico rosario,la gaceta","./explore?q=precipitaci%C3%B3n&geo=AR"
"tomás martín etcheverry","1 mil+","30 de agosto de 2026 a las 18:30:00 UTC-3","30 de agosto de 2026 a las 22:50:00 UTC-3","tomás martín etcheverry,solana sierra","./explore?q=tom%C3%A1s%20mart%C3%ADn%20etcheverry&geo=AR"
"deportivo - valencia c. f.","1 mil+","30 de agosto de 2026 a las 14:10:00 UTC-3","30 de agosto de 2026 a las 18:10:00 UTC-3","deportivo - valencia c. f.,deportivo la coruña","./explore?q=deportivo%20-%20valencia%20c.%20f.&geo=AR"
"grêmio - chapecoense","1 mil+","30 de agosto de 2026 a las 18:10:00 UTC-3","30 de agosto de 2026 a las 22:20:00 UTC-3","grêmio - chapecoense,gremio","./explore?q=gr%C3%AAmio%20-%20chapecoense&geo=AR"
"monterrey - san luis","1 mil+","30 de agosto de 2026 a las 22:50:00 UTC-3","31 de agosto de 2026 a las 2:10:00 UTC-3","monterrey - san luis,monterrey fc","./explore?q=monterrey%20-%20san%20luis&geo=AR"
"uthgra","1 mil+","29 de agosto de 2026 a las 13:10:00 UTC-3","29 de agosto de 2026 a las 22:40:00 UTC-3","uthgra","./explore?q=uthgra&geo=AR"
"sunderland afc - fulham","1 mil+","30 de agosto de 2026 a las 9:50:00 UTC-3","30 de agosto de 2026 a las 13:50:00 UTC-3","sunderland afc - fulham,fulham,sunderland","./explore?q=sunderland%20afc%20-%20fulham&geo=AR"
"wall street","1 mil+","28 de agosto de 2026 a las 17:40:00 UTC-3","29 de agosto de 2026 a las 16:00:00 UTC-3","wall street","./explore?q=wall%20street&geo=AR"
"laliga","1 mil+","31 de agosto de 2026 a las 18:30:00 UTC-3","31 de agosto de 2026 a las 19:10:00 UTC-3","laliga","./explore?q=laliga&geo=AR"
"yibbi jansen","1 mil+","29 de agosto de 2026 a las 11:40:00 UTC-3","29 de agosto de 2026 a las 20:30:00 UTC-3","yibbi jansen","./explore?q=yibbi%20jansen&geo=AR"
"puente","1 mil+","30 de agosto de 2026 a las 12:50:00 UTC-3","30 de agosto de 2026 a las 21:20:00 UTC-3","puente","./explore?q=puente&geo=AR"
"el santa evita","1 mil+","30 de agosto de 2026 a las 15:20:00 UTC-3","30 de agosto de 2026 a las 18:50:00 UTC-3","el santa evita","./explore?q=el%20santa%20evita&geo=AR"
"guaraní - sportivo ameliano","1 mil+","30 de agosto de 2026 a las 18:30:00 UTC-3","30 de agosto de 2026 a las 21:20:00 UTC-3","guaraní - sportivo ameliano,posiciones de club guaraní contra sportivo ameliano","./explore?q=guaran%C3%AD%20-%20sportivo%20ameliano&geo=AR"
"nuevo iphone 18 pro max","1 mil+","30 de agosto de 2026 a las 12:10:00 UTC-3","30 de agosto de 2026 a las 16:20:00 UTC-3","nuevo iphone 18 pro max,apple iphone 18 pro max,iphone 18","./explore?q=nuevo%20iphone%2018%20pro%20max&geo=AR"
"meteorología","1 mil+","28 de agosto de 2026 a las 19:20:00 UTC-3","29 de agosto de 2026 a las 21:20:00 UTC-3","meteorología","./explore?q=meteorolog%C3%ADa&geo=AR"
"policía de corrientes","1 mil+","29 de agosto de 2026 a las 19:40:00 UTC-3","30 de agosto de 2026 a las 0:40:00 UTC-3","policía de corrientes","./explore?q=polic%C3%ADa%20de%20corrientes&geo=AR"
"gaston edul","1 mil+","29 de agosto de 2026 a las 21:40:00 UTC-3","30 de agosto de 2026 a las 2:40:00 UTC-3","gaston edul","./explore?q=gaston%20edul&geo=AR"
"inter milan","1 mil+","30 de agosto de 2026 a las 15:50:00 UTC-3","30 de agosto de 2026 a las 18:30:00 UTC-3","inter milan,dybala,sergio camello","./explore?q=inter%20milan&geo=AR"
"jimena barón","1 mil+","29 de agosto de 2026 a las 8:00:00 UTC-3","29 de agosto de 2026 a las 15:50:00 UTC-3","jimena barón","./explore?q=jimena%20bar%C3%B3n&geo=AR"
"testigo","1 mil+","29 de agosto de 2026 a las 9:30:00 UTC-3","29 de agosto de 2026 a las 17:50:00 UTC-3","testigo","./explore?q=testigo&geo=AR"
"ort","1 mil+","27 de agosto de 2026 a las 19:10:00 UTC-3","28 de agosto de 2026 a las 23:40:00 UTC-3","ort,milei ort","./explore?q=ort&geo=AR"
"avalos","1 mil+","30 de agosto de 2026 a las 19:40:00 UTC-3","30 de agosto de 2026 a las 22:10:00 UTC-3","avalos,gabriel ávalos","./explore?q=avalos&geo=AR"
"juan martín del potro","1 mil+","29 de agosto de 2026 a las 9:20:00 UTC-3","29 de agosto de 2026 a las 17:50:00 UTC-3","juan martín del potro","./explore?q=juan%20mart%C3%ADn%20del%20potro&geo=AR"
"clima hoy","1 mil+","31 de agosto de 2026 a las 6:40:00 UTC-3","31 de agosto de 2026 a las 7:50:00 UTC-3","clima hoy","./explore?q=clima%20hoy&geo=AR"
"bebote alvarez","1 mil+","28 de agosto de 2026 a las 12:50:00 UTC-3","28 de agosto de 2026 a las 21:00:00 UTC-3","bebote alvarez","./explore?q=bebote%20alvarez&geo=AR"
"manta - barcelona sc","1 mil+","29 de agosto de 2026 a las 20:50:00 UTC-3","30 de agosto de 2026 a las 0:10:00 UTC-3","manta - barcelona sc,posiciones de manta fútbol club contra barcelona sc","./explore?q=manta%20-%20barcelona%20sc&geo=AR"
"kily gonzález","1 mil+","27 de agosto de 2026 a las 17:10:00 UTC-3","28 de agosto de 2026 a las 8:40:00 UTC-3","kily gonzález","./explore?q=kily%20gonz%C3%A1lez&geo=AR"
"colegiales - deportivo maipú","1 mil+","29 de agosto de 2026 a las 14:50:00 UTC-3","29 de agosto de 2026 a las 18:10:00 UTC-3","colegiales - deportivo maipú","./explore?q=colegiales%20-%20deportivo%20maip%C3%BA&geo=AR"
"club tokio","1 mil+","28 de agosto de 2026 a las 12:20:00 UTC-3","28 de agosto de 2026 a las 21:00:00 UTC-3","club tokio","./explore?q=club%20tokio&geo=AR"
"matko miljevic","1 mil+","30 de agosto de 2026 a las 21:40:00 UTC-3","31 de agosto de 2026 a las 0:10:00 UTC-3","matko miljevic","./explore?q=matko%20miljevic&geo=AR"
"inflación","1 mil+","28 de agosto de 2026 a las 17:40:00 UTC-3","29 de agosto de 2026 a las 8:50:00 UTC-3","inflación","./explore?q=inflaci%C3%B3n&geo=AR"
"angels - phillies","1 mil+","29 de agosto de 2026 a las 22:50:00 UTC-3","30 de agosto de 2026 a las 21:00:00 UTC-3","angels - phillies","./explore?q=angels%20-%20phillies&geo=AR"
"exequiel palacios","1 mil+","30 de agosto de 2026 a las 13:00:00 UTC-3","30 de agosto de 2026 a las 15:20:00 UTC-3","exequiel palacios,united vs,marcelino núñez","./explore?q=exequiel%20palacios&geo=AR"
"misiones","1 mil+","29 de agosto de 2026 a las 8:00:00 UTC-3","29 de agosto de 2026 a las 18:00:00 UTC-3","misiones,misionesonline","./explore?q=misiones&geo=AR"
"margarita barrientos","1 mil+","28 de agosto de 2026 a las 16:40:00 UTC-3","28 de agosto de 2026 a las 22:50:00 UTC-3","margarita barrientos","./explore?q=margarita%20barrientos&geo=AR"
"cristina fernández de kirchner","1 mil+","29 de agosto de 2026 a las 18:20:00 UTC-3","29 de agosto de 2026 a las 22:10:00 UTC-3","cristina fernández de kirchner","./explore?q=cristina%20fern%C3%A1ndez%20de%20kirchner&geo=AR"
"alianza lima - deportivo garcilaso","1 mil+","29 de agosto de 2026 a las 21:10:00 UTC-3","30 de agosto de 2026 a las 0:40:00 UTC-3","alianza lima - deportivo garcilaso,alianza lima","./explore?q=alianza%20lima%20-%20deportivo%20garcilaso&geo=AR"
"mario casas","1 mil+","28 de agosto de 2026 a las 18:30:00 UTC-3","29 de agosto de 2026 a las 11:20:00 UTC-3","mario casas","./explore?q=mario%20casas&geo=AR"
"georgina barbarossa","1 mil+","29 de agosto de 2026 a las 22:10:00 UTC-3","30 de agosto de 2026 a las 0:30:00 UTC-3","georgina barbarossa","./explore?q=georgina%20barbarossa&geo=AR"
"kevin zenón","1 mil+","28 de agosto de 2026 a las 19:30:00 UTC-3","29 de agosto de 2026 a las 0:20:00 UTC-3","kevin zenón,boca ayer","./explore?q=kevin%20zen%C3%B3n&geo=AR"
"fiorentina vs","1 mil+","29 de agosto de 2026 a las 14:00:00 UTC-3","29 de agosto de 2026 a las 17:10:00 UTC-3","fiorentina vs,franco mastantuono","./explore?q=fiorentina%20vs&geo=AR"
"classroom","1 mil+","31 de agosto de 2026 a las 8:00:00 UTC-3","31 de agosto de 2026 a las 9:10:00 UTC-3","classroom","./explore?q=classroom&geo=AR"
"al nassr","1 mil+","28 de agosto de 2026 a las 15:20:00 UTC-3","28 de agosto de 2026 a las 18:40:00 UTC-3","al nassr","./explore?q=al%20nassr&geo=AR"
"sam altman","1 mil+","25 de agosto de 2026 a las 12:00:00 UTC-3","26 de agosto de 2026 a las 15:40:00 UTC-3","sam altman","./explore?q=sam%20altman&geo=AR"
"robert de niro","1 mil+","29 de agosto de 2026 a las 22:20:00 UTC-3","30 de agosto de 2026 a las 1:00:00 UTC-3","robert de niro,michelle monaghan,adam scott,michael keaton","./explore?q=robert%20de%20niro&geo=AR"
"glenn close","1 mil+","28 de agosto de 2026 a las 14:30:00 UTC-3","29 de agosto de 2026 a las 0:50:00 UTC-3","glenn close","./explore?q=glenn%20close&geo=AR"
"rosario motorsport","1 mil+","27 de agosto de 2026 a las 11:10:00 UTC-3","27 de agosto de 2026 a las 19:50:00 UTC-3","rosario motorsport","./explore?q=rosario%20motorsport&geo=AR"
"ratko mladic","1 mil+","27 de agosto de 2026 a las 15:50:00 UTC-3","27 de agosto de 2026 a las 22:10:00 UTC-3","ratko mladic,ratko mladić","./explore?q=ratko%20mladic&geo=AR"
"espn en vivo","1 mil+","29 de agosto de 2026 a las 10:50:00 UTC-3","29 de agosto de 2026 a las 13:50:00 UTC-3","espn en vivo,espn 2 en vivo","./explore?q=espn%20en%20vivo&geo=AR"
"entradas omar courtz","1 mil+","28 de agosto de 2026 a las 9:20:00 UTC-3","28 de agosto de 2026 a las 15:10:00 UTC-3","entradas omar courtz,por si mañana no estoy.com","./explore?q=entradas%20omar%20courtz&geo=AR"
"copa argentina 2026","1 mil+","27 de agosto de 2026 a las 19:50:00 UTC-3","28 de agosto de 2026 a las 0:30:00 UTC-3","copa argentina 2026","./explore?q=copa%20argentina%202026&geo=AR"
"renault kardian","1 mil+","27 de agosto de 2026 a las 12:50:00 UTC-3","27 de agosto de 2026 a las 19:10:00 UTC-3","renault kardian","./explore?q=renault%20kardian&geo=AR"
"premier","1 mil+","29 de agosto de 2026 a las 10:10:00 UTC-3","29 de agosto de 2026 a las 12:30:00 UTC-3","premier","./explore?q=premier&geo=AR"
"lyon fc","1 mil+","29 de agosto de 2026 a las 16:30:00 UTC-3","29 de agosto de 2026 a las 18:50:00 UTC-3","lyon fc,lyon - le havre","./explore?q=lyon%20fc&geo=AR"
"astrología china","1 mil+","25 de agosto de 2026 a las 11:10:00 UTC-3","25 de agosto de 2026 a las 19:20:00 UTC-3","astrología china","./explore?q=astrolog%C3%ADa%20china&geo=AR"
"ronaldo martinez","1 mil+","28 de agosto de 2026 a las 19:00:00 UTC-3","28 de agosto de 2026 a las 21:50:00 UTC-3","ronaldo martinez,ronaldo martínez","./explore?q=ronaldo%20martinez&geo=AR"
"marcos peña","1 mil+","25 de agosto de 2026 a las 16:30:00 UTC-3","25 de agosto de 2026 a las 23:10:00 UTC-3","marcos peña","./explore?q=marcos%20pe%C3%B1a&geo=AR"
"posiciones de bayern contra vfb stuttgart","1 mil+","28 de agosto de 2026 a las 17:40:00 UTC-3","28 de agosto de 2026 a las 19:40:00 UTC-3","posiciones de bayern contra vfb stuttgart","./explore?q=posiciones%20de%20bayern%20contra%20vfb%20stuttgart&geo=AR"
"misionesonline","1 mil+","27 de agosto de 2026 a las 15:50:00 UTC-3","27 de agosto de 2026 a las 20:20:00 UTC-3","misionesonline","./explore?q=misionesonline&geo=AR"
"ole deportivo","1 mil+","27 de agosto de 2026 a las 0:00:00 UTC-3","27 de agosto de 2026 a las 12:50:00 UTC-3","ole deportivo","./explore?q=ole%20deportivo&geo=AR"
"devaluación","1 mil+","26 de agosto de 2026 a las 19:00:00 UTC-3","27 de agosto de 2026 a las 10:10:00 UTC-3","devaluación","./explore?q=devaluaci%C3%B3n&geo=AR"
"dia de la radio","1 mil+","27 de agosto de 2026 a las 8:00:00 UTC-3","27 de agosto de 2026 a las 14:00:00 UTC-3","dia de la radio","./explore?q=dia%20de%20la%20radio&geo=AR"
"mls","1 mil+","29 de agosto de 2026 a las 22:40:00 UTC-3","29 de agosto de 2026 a las 23:50:00 UTC-3","mls","./explore?q=mls&geo=AR"
"baloncesto","1 mil+","27 de agosto de 2026 a las 16:00:00 UTC-3","27 de agosto de 2026 a las 22:10:00 UTC-3","baloncesto","./explore?q=baloncesto&geo=AR"
"bayern munich","1 mil+","28 de agosto de 2026 a las 15:30:00 UTC-3","28 de agosto de 2026 a las 18:30:00 UTC-3","bayern munich","./explore?q=bayern%20munich&geo=AR"
"santiago silva","1 mil+","27 de agosto de 2026 a las 21:40:00 UTC-3","28 de agosto de 2026 a las 9:50:00 UTC-3","santiago silva,tyc sport","./explore?q=santiago%20silva&geo=AR"
"hotel","1 mil+","27 de agosto de 2026 a las 16:20:00 UTC-3","27 de agosto de 2026 a las 21:10:00 UTC-3","hotel","./explore?q=hotel&geo=AR"
"medicina prepaga","1 mil+","26 de agosto de 2026 a las 20:00:00 UTC-3","27 de agosto de 2026 a las 11:20:00 UTC-3","medicina prepaga","./explore?q=medicina%20prepaga&geo=AR"
"corte suprema","1 mil+","28 de agosto de 2026 a las 17:40:00 UTC-3","28 de agosto de 2026 a las 19:20:00 UTC-3","corte suprema","./explore?q=corte%20suprema&geo=AR"
"monterrey - chicago fire","1 mil+","25 de agosto de 2026 a las 21:00:00 UTC-3","26 de agosto de 2026 a las 1:40:00 UTC-3","monterrey - chicago fire","./explore?q=monterrey%20-%20chicago%20fire&geo=AR"
"psg vs","1 mil+","28 de agosto de 2026 a las 17:20:00 UTC-3","28 de agosto de 2026 a las 19:00:00 UTC-3","psg vs,lille","./explore?q=psg%20vs&geo=AR"
"acassuso - san telmo","1 mil+","26 de agosto de 2026 a las 15:00:00 UTC-3","26 de agosto de 2026 a las 18:10:00 UTC-3","acassuso - san telmo,acassuso","./explore?q=acassuso%20-%20san%20telmo&geo=AR"
"eduardo casal","1 mil+","25 de agosto de 2026 a las 19:20:00 UTC-3","26 de agosto de 2026 a las 8:50:00 UTC-3","eduardo casal","./explore?q=eduardo%20casal&geo=AR"
"aerolínea","1 mil+","26 de agosto de 2026 a las 16:10:00 UTC-3","26 de agosto de 2026 a las 20:50:00 UTC-3","aerolínea,curazao","./explore?q=aerol%C3%ADnea&geo=AR"
"roberto baratta","1 mil+","25 de agosto de 2026 a las 13:30:00 UTC-3","25 de agosto de 2026 a las 19:00:00 UTC-3","roberto baratta,techint","./explore?q=roberto%20baratta&geo=AR"
"maxi lópez","1 mil+","28 de agosto de 2026 a las 16:30:00 UTC-3","28 de agosto de 2026 a las 19:00:00 UTC-3","maxi lópez,wanda nara","./explore?q=maxi%20l%C3%B3pez&geo=AR"
"pelota","1 mil+","26 de agosto de 2026 a las 21:40:00 UTC-3","27 de agosto de 2026 a las 0:30:00 UTC-3","pelota","./explore?q=pelota&geo=AR"
"ps5 pro","1 mil+","27 de agosto de 2026 a las 17:10:00 UTC-3","28 de agosto de 2026 a las 14:10:00 UTC-3","ps5 pro,trailer gta 6,trailer gta 6 netflix,a que hora sale el trailer de gta 6,playstation 5","./explore?q=ps5%20pro&geo=AR"
"nicole neumann","1 mil+","26 de agosto de 2026 a las 14:20:00 UTC-3","26 de agosto de 2026 a las 20:20:00 UTC-3","nicole neumann,laurencio adot","./explore?q=nicole%20neumann&geo=AR"
"celtic","1 mil+","25 de agosto de 2026 a las 16:10:00 UTC-3","25 de agosto de 2026 a las 20:50:00 UTC-3","celtic,lask - celtic f. c.,lask","./explore?q=celtic&geo=AR"
"espn","1 mil+","26 de agosto de 2026 a las 21:50:00 UTC-3","27 de agosto de 2026 a las 17:20:00 UTC-3","espn","./explore?q=espn&geo=AR"
"américa - junior","1 mil+","26 de agosto de 2026 a las 20:00:00 UTC-3","26 de agosto de 2026 a las 23:20:00 UTC-3","américa - junior","./explore?q=am%C3%A9rica%20-%20junior&geo=AR"
"juan manuel cerúndolo","1 mil+","27 de agosto de 2026 a las 18:30:00 UTC-3","27 de agosto de 2026 a las 20:10:00 UTC-3","juan manuel cerúndolo,ignacio buse","./explore?q=juan%20manuel%20cer%C3%BAndolo&geo=AR"
"bill gates","1 mil+","25 de agosto de 2026 a las 14:30:00 UTC-3","25 de agosto de 2026 a las 20:50:00 UTC-3","bill gates","./explore?q=bill%20gates&geo=AR"
"juan román riquelme","1 mil+","25 de agosto de 2026 a las 13:40:00 UTC-3","25 de agosto de 2026 a las 18:30:00 UTC-3","juan román riquelme","./explore?q=juan%20rom%C3%A1n%20riquelme&geo=AR"
"nvda","1 mil+","26 de agosto de 2026 a las 18:40:00 UTC-3","26 de agosto de 2026 a las 20:50:00 UTC-3","nvda,nvidia","./explore?q=nvda&geo=AR"
"preston - everton","1 mil+","26 de agosto de 2026 a las 15:30:00 UTC-3","26 de agosto de 2026 a las 19:30:00 UTC-3","preston - everton","./explore?q=preston%20-%20everton&geo=AR"
"southampton - west ham","1 mil+","25 de agosto de 2026 a las 16:00:00 UTC-3","25 de agosto de 2026 a las 20:00:00 UTC-3","southampton - west ham","./explore?q=southampton%20-%20west%20ham&geo=AR"
"marcos galperin","1 mil+","25 de agosto de 2026 a las 16:10:00 UTC-3","25 de agosto de 2026 a las 20:30:00 UTC-3","marcos galperin","./explore?q=marcos%20galperin&geo=AR"
"marlee matlin","1 mil+","25 de agosto de 2026 a las 10:20:00 UTC-3","25 de agosto de 2026 a las 18:00:00 UTC-3","marlee matlin","./explore?q=marlee%20matlin&geo=AR"
"desalojo","1 mil+","25 de agosto de 2026 a las 13:40:00 UTC-3","25 de agosto de 2026 a las 18:30:00 UTC-3","desalojo","./explore?q=desalojo&geo=AR"
"futbol argentino","1 mil+","28 de agosto de 2026 a las 23:20:00 UTC-3","29 de agosto de 2026 a las 0:40:00 UTC-3","futbol argentino,campeonato argentino","./explore?q=futbol%20argentino&geo=AR"
"precio del dólar hoy","1 mil+","25 de agosto de 2026 a las 16:30:00 UTC-3","25 de agosto de 2026 a las 20:10:00 UTC-3","precio del dólar hoy,27 de agosto","./explore?q=precio%20del%20d%C3%B3lar%20hoy&geo=AR"
"juan manuel cerúndolo","1 mil+","25 de agosto de 2026 a las 17:40:00 UTC-3","25 de agosto de 2026 a las 19:50:00 UTC-3","juan manuel cerúndolo","./explore?q=juan%20manuel%20cer%C3%BAndolo&geo=AR"
"colo-colo - u. española","1 mil+","26 de agosto de 2026 a las 21:20:00 UTC-3","27 de agosto de 2026 a las 0:00:00 UTC-3","colo-colo - u. española,posiciones de colo-colo contra unión española","./explore?q=colo-colo%20-%20u.%20espa%C3%B1ola&geo=AR"
"quiebra","1 mil+","25 de agosto de 2026 a las 11:20:00 UTC-3","25 de agosto de 2026 a las 18:20:00 UTC-3","quiebra","./explore?q=quiebra&geo=AR"
"marcelo weigandt","1 mil+","25 de agosto de 2026 a las 12:40:00 UTC-3","25 de agosto de 2026 a las 19:20:00 UTC-3","marcelo weigandt","./explore?q=marcelo%20weigandt&geo=AR"
"yacimiento petrolífero vaca muerta","1 mil+","25 de agosto de 2026 a las 18:30:00 UTC-3","25 de agosto de 2026 a las 22:10:00 UTC-3","yacimiento petrolífero vaca muerta","./explore?q=yacimiento%20petrol%C3%ADfero%20vaca%20muerta&geo=AR"
"bodø/glimt - nec","1 mil+","25 de agosto de 2026 a las 16:30:00 UTC-3","25 de agosto de 2026 a las 19:00:00 UTC-3","bodø/glimt - nec,bodo,bodo glimt","./explore?q=bod%C3%B8%2Fglimt%20-%20nec&geo=AR"
"robo","1 mil+","25 de agosto de 2026 a las 12:50:00 UTC-3","25 de agosto de 2026 a las 14:50:00 UTC-3","robo","./explore?q=robo&geo=AR"
"mariano navone","1 mil+","25 de agosto de 2026 a las 18:40:00 UTC-3","25 de agosto de 2026 a las 21:10:00 UTC-3","mariano navone","./explore?q=mariano%20navone&geo=AR"
"andy roddick","1 mil+","25 de agosto de 2026 a las 21:30:00 UTC-3","25 de agosto de 2026 a las 23:50:00 UTC-3","andy roddick,roddick","./explore?q=andy%20roddick&geo=AR"
"puma rodriguez","1 mil+","27 de agosto de 2026 a las 21:20:00 UTC-3","27 de agosto de 2026 a las 22:50:00 UTC-3","puma rodriguez","./explore?q=puma%20rodriguez&geo=AR"
"bautista mascia","1 mil+","27 de agosto de 2026 a las 16:20:00 UTC-3","27 de agosto de 2026 a las 18:50:00 UTC-3","bautista mascia,mi telefe","./explore?q=bautista%20mascia&geo=AR"
"weimar asprilla mena","1 mil+","26 de agosto de 2026 a las 23:20:00 UTC-3","27 de agosto de 2026 a las 1:10:00 UTC-3","weimar asprilla mena,marcos acuña,asprilla","./explore?q=weimar%20asprilla%20mena&geo=AR"
"juan manuel cerúndolo","1 mil+","26 de agosto de 2026 a las 18:10:00 UTC-3","26 de agosto de 2026 a las 19:20:00 UTC-3","juan manuel cerúndolo,sebastián báez","./explore?q=juan%20manuel%20cer%C3%BAndolo&geo=AR"
"puma rodriguez","1 mil+","25 de agosto de 2026 a las 21:20:00 UTC-3","25 de agosto de 2026 a las 22:50:00 UTC-3","puma rodriguez","./explore?q=puma%20rodriguez&geo=AR"
"weather tomorrow","1 mil+","26 de agosto de 2026 a las 20:40:00 UTC-3","26 de agosto de 2026 a las 22:10:00 UTC-3","weather tomorrow","./explore?q=weather%20tomorrow&geo=AR"
"kick","1 mil+","29 de agosto de 2026 a las 0:10:00 UTC-3","29 de agosto de 2026 a las 0:30:00 UTC-3","kick","./explore?q=kick&geo=AR"
"quiniela de tucuman","1 mil+","25 de agosto de 2026 a las 13:10:00 UTC-3","25 de agosto de 2026 a las 21:00:00 UTC-3","quiniela de tucuman","./explore?q=quiniela%20de%20tucuman&geo=AR"
"marte","500+","31 de agosto de 2026 a las 20:00:00 UTC-3","31 de agosto de 2026 a las 23:40:00 UTC-3","marte","./explore?q=marte&geo=AR"
"nadia podoroska","500+","31 de agosto de 2026 a las 16:00:00 UTC-3","31 de agosto de 2026 a las 20:30:00 UTC-3","nadia podoroska","./explore?q=nadia%20podoroska&geo=AR"
"ben shelton","500+","31 de agosto de 2026 a las 21:00:00 UTC-3","31 de agosto de 2026 a las 23:40:00 UTC-3","ben shelton","./explore?q=ben%20shelton&geo=AR"
"donald trump","500+","31 de agosto de 2026 a las 18:40:00 UTC-3","31 de agosto de 2026 a las 21:10:00 UTC-3","donald trump","./explore?q=donald%20trump&geo=AR"
"clima corrientes","500+","1 de septiembre de 2026 a las 6:00:00 UTC-3","1 de septiembre de 2026 a las 8:10:00 UTC-3","clima corrientes,pronóstico","./explore?q=clima%20corrientes&geo=AR"
"autovía norte","500+","31 de agosto de 2026 a las 15:40:00 UTC-3","31 de agosto de 2026 a las 21:00:00 UTC-3","autovía norte","./explore?q=autov%C3%ADa%20norte&geo=AR"
"chubut","500+","31 de agosto de 2026 a las 18:20:00 UTC-3","31 de agosto de 2026 a las 23:20:00 UTC-3","chubut","./explore?q=chubut&geo=AR"
"silvina luna","500+","31 de agosto de 2026 a las 12:00:00 UTC-3","1 de septiembre de 2026 a las 0:50:00 UTC-3","silvina luna","./explore?q=silvina%20luna&geo=AR"
"facundo díaz acosta","500+","31 de agosto de 2026 a las 20:30:00 UTC-3","31 de agosto de 2026 a las 23:00:00 UTC-3","facundo díaz acosta,diaz acosta","./explore?q=facundo%20d%C3%ADaz%20acosta&geo=AR"
"maipú","500+","31 de agosto de 2026 a las 14:30:00 UTC-3","31 de agosto de 2026 a las 17:30:00 UTC-3","maipú","./explore?q=maip%C3%BA&geo=AR"
"remo - coritiba","500+","31 de agosto de 2026 a las 20:10:00 UTC-3","31 de agosto de 2026 a las 22:40:00 UTC-3","remo - coritiba","./explore?q=remo%20-%20coritiba&geo=AR"
"osasuna - getafe","500+","31 de agosto de 2026 a las 14:30:00 UTC-3","31 de agosto de 2026 a las 17:20:00 UTC-3","osasuna - getafe","./explore?q=osasuna%20-%20getafe&geo=AR"
"roma","500+","31 de agosto de 2026 a las 13:50:00 UTC-3","31 de agosto de 2026 a las 16:40:00 UTC-3","roma","./explore?q=roma&geo=AR"
"ignacio online","500+","31 de agosto de 2026 a las 11:40:00 UTC-3","31 de agosto de 2026 a las 17:20:00 UTC-3","ignacio online","./explore?q=ignacio%20online&geo=AR"
"mi telefe en vivo","500+","31 de agosto de 2026 a las 22:50:00 UTC-3","1 de septiembre de 2026 a las 0:40:00 UTC-3","mi telefe en vivo","./explore?q=mi%20telefe%20en%20vivo&geo=AR"
"pete hegseth","500+","30 de agosto de 2026 a las 21:30:00 UTC-3","31 de agosto de 2026 a las 8:00:00 UTC-3","pete hegseth","./explore?q=pete%20hegseth&geo=AR"
"chocolate águila","500+","30 de agosto de 2026 a las 22:30:00 UTC-3","31 de agosto de 2026 a las 7:40:00 UTC-3","chocolate águila","./explore?q=chocolate%20%C3%A1guila&geo=AR"
"osasuna","500+","31 de agosto de 2026 a las 14:50:00 UTC-3","31 de agosto de 2026 a las 17:10:00 UTC-3","osasuna","./explore?q=osasuna&geo=AR"
"latam","500+","31 de agosto de 2026 a las 19:30:00 UTC-3","31 de agosto de 2026 a las 21:10:00 UTC-3","latam","./explore?q=latam&geo=AR"
"lady di","500+","31 de agosto de 2026 a las 23:00:00 UTC-3","1 de septiembre de 2026 a las 0:10:00 UTC-3","lady di,diana de gales","./explore?q=lady%20di&geo=AR"
"luis caputo","500+","31 de agosto de 2026 a las 15:50:00 UTC-3","31 de agosto de 2026 a las 17:30:00 UTC-3","luis caputo","./explore?q=luis%20caputo&geo=AR"
"nicolás tripichio","500+","30 de agosto de 2026 a las 18:50:00 UTC-3","31 de agosto de 2026 a las 8:20:00 UTC-3","nicolás tripichio","./explore?q=nicol%C3%A1s%20tripichio&geo=AR"
"barcelona hoy","500+","31 de agosto de 2026 a las 17:30:00 UTC-3","31 de agosto de 2026 a las 19:00:00 UTC-3","barcelona hoy,barcelona fc","./explore?q=barcelona%20hoy&geo=AR"
"chocó","500+","30 de agosto de 2026 a las 1:10:00 UTC-3","30 de agosto de 2026 a las 11:40:00 UTC-3","chocó","./explore?q=choc%C3%B3&geo=AR"
"mannarino","500+","30 de agosto de 2026 a las 18:30:00 UTC-3","30 de agosto de 2026 a las 22:00:00 UTC-3","mannarino","./explore?q=mannarino&geo=AR"
"delcy rodríguez","500+","30 de agosto de 2026 a las 19:40:00 UTC-3","31 de agosto de 2026 a las 9:10:00 UTC-3","delcy rodríguez","./explore?q=delcy%20rodr%C3%ADguez&geo=AR"
"cienciano - cusco","500+","30 de agosto de 2026 a las 21:00:00 UTC-3","30 de agosto de 2026 a las 23:50:00 UTC-3","cienciano - cusco","./explore?q=cienciano%20-%20cusco&geo=AR"
"mónaco - marsella","500+","30 de agosto de 2026 a las 15:50:00 UTC-3","30 de agosto de 2026 a las 19:20:00 UTC-3","mónaco - marsella","./explore?q=m%C3%B3naco%20-%20marsella&geo=AR"
"deportivo moron","500+","30 de agosto de 2026 a las 16:00:00 UTC-3","30 de agosto de 2026 a las 18:40:00 UTC-3","deportivo moron,club deportivo morón","./explore?q=deportivo%20moron&geo=AR"
"tn","500+","31 de agosto de 2026 a las 12:40:00 UTC-3","31 de agosto de 2026 a las 14:10:00 UTC-3","tn","./explore?q=tn&geo=AR"
"barcelona - ud tenerife","500+","30 de agosto de 2026 a las 14:00:00 UTC-3","30 de agosto de 2026 a las 17:40:00 UTC-3","barcelona - ud tenerife","./explore?q=barcelona%20-%20ud%20tenerife&geo=AR"
"nicolás maduro","500+","30 de agosto de 2026 a las 19:20:00 UTC-3","30 de agosto de 2026 a las 23:00:00 UTC-3","nicolás maduro","./explore?q=nicol%C3%A1s%20maduro&geo=AR"
"final hockey masculino","500+","30 de agosto de 2026 a las 10:30:00 UTC-3","30 de agosto de 2026 a las 15:00:00 UTC-3","final hockey masculino","./explore?q=final%20hockey%20masculino&geo=AR"
"a qué hora juega independiente","500+","30 de agosto de 2026 a las 17:10:00 UTC-3","30 de agosto de 2026 a las 20:00:00 UTC-3","a qué hora juega independiente","./explore?q=a%20qu%C3%A9%20hora%20juega%20independiente&geo=AR"
"donald trump","500+","29 de agosto de 2026 a las 23:50:00 UTC-3","30 de agosto de 2026 a las 4:40:00 UTC-3","donald trump","./explore?q=donald%20trump&geo=AR"
"moto gp","500+","30 de agosto de 2026 a las 8:10:00 UTC-3","30 de agosto de 2026 a las 12:50:00 UTC-3","moto gp,motogp","./explore?q=moto%20gp&geo=AR"
"elina costantini","500+","29 de agosto de 2026 a las 8:40:00 UTC-3","29 de agosto de 2026 a las 16:40:00 UTC-3","elina costantini","./explore?q=elina%20costantini&geo=AR"
"empleado","500+","29 de agosto de 2026 a las 20:40:00 UTC-3","30 de agosto de 2026 a las 0:40:00 UTC-3","empleado","./explore?q=empleado&geo=AR"
"atlanta","500+","30 de agosto de 2026 a las 16:30:00 UTC-3","30 de agosto de 2026 a las 18:50:00 UTC-3","atlanta","./explore?q=atlanta&geo=AR"
"galatasaray - göztepe","500+","29 de agosto de 2026 a las 15:10:00 UTC-3","29 de agosto de 2026 a las 20:30:00 UTC-3","galatasaray - göztepe","./explore?q=galatasaray%20-%20g%C3%B6ztepe&geo=AR"
"huracan hoy","500+","29 de agosto de 2026 a las 19:10:00 UTC-3","29 de agosto de 2026 a las 22:20:00 UTC-3","huracan hoy","./explore?q=huracan%20hoy&geo=AR"
"univ. concepción - u. de chile","500+","30 de agosto de 2026 a las 16:20:00 UTC-3","30 de agosto de 2026 a las 19:00:00 UTC-3","univ. concepción - u. de chile","./explore?q=univ.%20concepci%C3%B3n%20-%20u.%20de%20chile&geo=AR"
"feyenoord","500+","30 de agosto de 2026 a las 10:10:00 UTC-3","30 de agosto de 2026 a las 12:40:00 UTC-3","feyenoord","./explore?q=feyenoord&geo=AR"
"alianza - atlético nacional","500+","29 de agosto de 2026 a las 22:30:00 UTC-3","30 de agosto de 2026 a las 2:10:00 UTC-3","alianza - atlético nacional","./explore?q=alianza%20-%20atl%C3%A9tico%20nacional&geo=AR"
"independiente del valle - u. católica","500+","29 de agosto de 2026 a las 14:30:00 UTC-3","29 de agosto de 2026 a las 17:40:00 UTC-3","independiente del valle - u. católica","./explore?q=independiente%20del%20valle%20-%20u.%20cat%C3%B3lica&geo=AR"
"sevilla vs atlético madrid","500+","29 de agosto de 2026 a las 16:40:00 UTC-3","29 de agosto de 2026 a las 20:10:00 UTC-3","sevilla vs atlético madrid","./explore?q=sevilla%20vs%20atl%C3%A9tico%20madrid&geo=AR"
"galatasaray","500+","29 de agosto de 2026 a las 15:40:00 UTC-3","29 de agosto de 2026 a las 18:30:00 UTC-3","galatasaray","./explore?q=galatasaray&geo=AR"
"océano","500+","30 de agosto de 2026 a las 17:10:00 UTC-3","30 de agosto de 2026 a las 19:40:00 UTC-3","océano,america","./explore?q=oc%C3%A9ano&geo=AR"
"coquimbo unido - huachipato","500+","30 de agosto de 2026 a las 21:00:00 UTC-3","30 de agosto de 2026 a las 22:30:00 UTC-3","coquimbo unido - huachipato,coquimbo unido","./explore?q=coquimbo%20unido%20-%20huachipato&geo=AR"
"nashville sc - cincinnati","500+","29 de agosto de 2026 a las 21:50:00 UTC-3","30 de agosto de 2026 a las 1:30:00 UTC-3","nashville sc - cincinnati","./explore?q=nashville%20sc%20-%20cincinnati&geo=AR"
"new york rb - philadelphia","500+","29 de agosto de 2026 a las 20:10:00 UTC-3","29 de agosto de 2026 a las 23:30:00 UTC-3","new york rb - philadelphia","./explore?q=new%20york%20rb%20-%20philadelphia&geo=AR"
"boletin oficial","500+","31 de agosto de 2026 a las 8:00:00 UTC-3","31 de agosto de 2026 a las 9:30:00 UTC-3","boletin oficial","./explore?q=boletin%20oficial&geo=AR"
"fuero penal","500+","29 de agosto de 2026 a las 14:40:00 UTC-3","29 de agosto de 2026 a las 18:10:00 UTC-3","fuero penal","./explore?q=fuero%20penal&geo=AR"
"utc cajamarca - universitario","500+","29 de agosto de 2026 a las 17:50:00 UTC-3","29 de agosto de 2026 a las 20:30:00 UTC-3","utc cajamarca - universitario","./explore?q=utc%20cajamarca%20-%20universitario&geo=AR"
"ajax","500+","30 de agosto de 2026 a las 12:10:00 UTC-3","30 de agosto de 2026 a las 14:30:00 UTC-3","ajax","./explore?q=ajax&geo=AR"
"bundesliga","500+","28 de agosto de 2026 a las 15:30:00 UTC-3","28 de agosto de 2026 a las 20:10:00 UTC-3","bundesliga","./explore?q=bundesliga&geo=AR"
"liverpool fc","500+","29 de agosto de 2026 a las 8:50:00 UTC-3","29 de agosto de 2026 a las 11:40:00 UTC-3","liverpool fc","./explore?q=liverpool%20fc&geo=AR"
"espn premium","500+","30 de agosto de 2026 a las 15:10:00 UTC-3","30 de agosto de 2026 a las 16:30:00 UTC-3","espn premium,napoli vs como","./explore?q=espn%20premium&geo=AR"
"brian sarmiento","500+","28 de agosto de 2026 a las 14:00:00 UTC-3","28 de agosto de 2026 a las 18:30:00 UTC-3","brian sarmiento","./explore?q=brian%20sarmiento&geo=AR"
"zoe diaz","500+","29 de agosto de 2026 a las 13:00:00 UTC-3","29 de agosto de 2026 a las 15:10:00 UTC-3","zoe diaz","./explore?q=zoe%20diaz&geo=AR"
"leipzig","500+","29 de agosto de 2026 a las 12:00:00 UTC-3","29 de agosto de 2026 a las 16:10:00 UTC-3","leipzig","./explore?q=leipzig&geo=AR"
"clima caba","500+","31 de agosto de 2026 a las 7:00:00 UTC-3","31 de agosto de 2026 a las 8:10:00 UTC-3","clima caba,clima buenos aires","./explore?q=clima%20caba&geo=AR"
"claudio tapia","500+","29 de agosto de 2026 a las 7:40:00 UTC-3","29 de agosto de 2026 a las 16:00:00 UTC-3","claudio tapia","./explore?q=claudio%20tapia&geo=AR"
"seattle sounders - chicago fire","500+","29 de agosto de 2026 a las 17:50:00 UTC-3","29 de agosto de 2026 a las 21:00:00 UTC-3","seattle sounders - chicago fire","./explore?q=seattle%20sounders%20-%20chicago%20fire&geo=AR"
"serie a","500+","30 de agosto de 2026 a las 14:20:00 UTC-3","30 de agosto de 2026 a las 16:50:00 UTC-3","serie a","./explore?q=serie%20a&geo=AR"
"veda de pesca","500+","28 de agosto de 2026 a las 17:20:00 UTC-3","28 de agosto de 2026 a las 21:30:00 UTC-3","veda de pesca","./explore?q=veda%20de%20pesca&geo=AR"
"clima tandil","500+","29 de agosto de 2026 a las 16:40:00 UTC-3","29 de agosto de 2026 a las 18:50:00 UTC-3","clima tandil,pronostico tandil","./explore?q=clima%20tandil&geo=AR"
"ingrid alexandra de noruega","500+","28 de agosto de 2026 a las 15:20:00 UTC-3","28 de agosto de 2026 a las 20:50:00 UTC-3","ingrid alexandra de noruega","./explore?q=ingrid%20alexandra%20de%20noruega&geo=AR"
"kirchnerismo","500+","27 de agosto de 2026 a las 18:50:00 UTC-3","27 de agosto de 2026 a las 23:00:00 UTC-3","kirchnerismo","./explore?q=kirchnerismo&geo=AR"
"loto 5","500+","30 de agosto de 2026 a las 21:30:00 UTC-3","30 de agosto de 2026 a las 22:50:00 UTC-3","loto 5,sorteo loto plus,loto","./explore?q=loto%205&geo=AR"
"milan vs","500+","28 de agosto de 2026 a las 16:00:00 UTC-3","28 de agosto de 2026 a las 19:00:00 UTC-3","milan vs","./explore?q=milan%20vs&geo=AR"
"tv argentina","500+","30 de agosto de 2026 a las 15:00:00 UTC-3","30 de agosto de 2026 a las 16:30:00 UTC-3","tv argentina,argentina vs australia","./explore?q=tv%20argentina&geo=AR"
"sportivo luqueño - rubio ñu","500+","28 de agosto de 2026 a las 16:00:00 UTC-3","28 de agosto de 2026 a las 18:50:00 UTC-3","sportivo luqueño - rubio ñu","./explore?q=sportivo%20luque%C3%B1o%20-%20rubio%20%C3%B1u&geo=AR"
"pronostico del tiempo","500+","31 de agosto de 2026 a las 7:00:00 UTC-3","31 de agosto de 2026 a las 7:40:00 UTC-3","pronostico del tiempo","./explore?q=pronostico%20del%20tiempo&geo=AR"
"jaguares - américa","500+","29 de agosto de 2026 a las 19:00:00 UTC-3","29 de agosto de 2026 a las 21:20:00 UTC-3","jaguares - américa","./explore?q=jaguares%20-%20am%C3%A9rica&geo=AR"
"newcastle","500+","29 de agosto de 2026 a las 14:00:00 UTC-3","29 de agosto de 2026 a las 16:20:00 UTC-3","newcastle","./explore?q=newcastle&geo=AR"
"tercera guerra mundial","500+","29 de agosto de 2026 a las 15:50:00 UTC-3","29 de agosto de 2026 a las 18:20:00 UTC-3","tercera guerra mundial","./explore?q=tercera%20guerra%20mundial&geo=AR"
"nico gonzalez","500+","29 de agosto de 2026 a las 14:40:00 UTC-3","29 de agosto de 2026 a las 20:00:00 UTC-3","nico gonzalez,nico gonzález","./explore?q=nico%20gonzalez&geo=AR"
"víctor muñoz","500+","29 de agosto de 2026 a las 10:10:00 UTC-3","29 de agosto de 2026 a las 12:30:00 UTC-3","víctor muñoz,victor muñoz","./explore?q=v%C3%ADctor%20mu%C3%B1oz&geo=AR"
"luciano pereyra ahora las bailamos","500+","27 de agosto de 2026 a las 18:00:00 UTC-3","28 de agosto de 2026 a las 0:10:00 UTC-3","luciano pereyra ahora las bailamos","./explore?q=luciano%20pereyra%20ahora%20las%20bailamos&geo=AR"
"natalia de la sota","500+","26 de agosto de 2026 a las 17:10:00 UTC-3","27 de agosto de 2026 a las 8:30:00 UTC-3","natalia de la sota","./explore?q=natalia%20de%20la%20sota&geo=AR"
"patrimonio","500+","27 de agosto de 2026 a las 15:50:00 UTC-3","27 de agosto de 2026 a las 21:00:00 UTC-3","patrimonio","./explore?q=patrimonio&geo=AR"
"nueva chicago","500+","29 de agosto de 2026 a las 17:20:00 UTC-3","29 de agosto de 2026 a las 19:20:00 UTC-3","nueva chicago","./explore?q=nueva%20chicago&geo=AR"
"detención","500+","28 de agosto de 2026 a las 17:40:00 UTC-3","28 de agosto de 2026 a las 21:00:00 UTC-3","detención","./explore?q=detenci%C3%B3n&geo=AR"
"clima san luis","500+","31 de agosto de 2026 a las 6:40:00 UTC-3","31 de agosto de 2026 a las 8:10:00 UTC-3","clima san luis","./explore?q=clima%20san%20luis&geo=AR"
"mario massaccesi","500+","29 de agosto de 2026 a las 12:20:00 UTC-3","29 de agosto de 2026 a las 20:20:00 UTC-3","mario massaccesi","./explore?q=mario%20massaccesi&geo=AR"
"san francisco de asis","500+","29 de agosto de 2026 a las 13:40:00 UTC-3","29 de agosto de 2026 a las 15:30:00 UTC-3","san francisco de asis","./explore?q=san%20francisco%20de%20asis&geo=AR"
"tristan suarez","500+","29 de agosto de 2026 a las 17:10:00 UTC-3","29 de agosto de 2026 a las 19:10:00 UTC-3","tristan suarez,atletico rafaela","./explore?q=tristan%20suarez&geo=AR"
"ronaldinho","500+","29 de agosto de 2026 a las 21:50:00 UTC-3","29 de agosto de 2026 a las 23:00:00 UTC-3","ronaldinho","./explore?q=ronaldinho&geo=AR"
"anestesista","500+","27 de agosto de 2026 a las 19:40:00 UTC-3","28 de agosto de 2026 a las 12:10:00 UTC-3","anestesista","./explore?q=anestesista&geo=AR"
"celta de vigo - osasuna","500+","27 de agosto de 2026 a las 15:20:00 UTC-3","27 de agosto de 2026 a las 18:50:00 UTC-3","celta de vigo - osasuna","./explore?q=celta%20de%20vigo%20-%20osasuna&geo=AR"
"abierto de estados unidos 2026","500+","25 de agosto de 2026 a las 10:30:00 UTC-3","25 de agosto de 2026 a las 18:40:00 UTC-3","abierto de estados unidos 2026","./explore?q=abierto%20de%20estados%20unidos%202026&geo=AR"
"daniel martinazzo","500+","27 de agosto de 2026 a las 19:10:00 UTC-3","28 de agosto de 2026 a las 21:00:00 UTC-3","daniel martinazzo","./explore?q=daniel%20martinazzo&geo=AR"
"marco ruben","500+","29 de agosto de 2026 a las 17:20:00 UTC-3","29 de agosto de 2026 a las 18:40:00 UTC-3","marco ruben","./explore?q=marco%20ruben&geo=AR"
"casino","500+","27 de agosto de 2026 a las 16:50:00 UTC-3","28 de agosto de 2026 a las 4:50:00 UTC-3","casino","./explore?q=casino&geo=AR"
"tyc sports en vivo","500+","27 de agosto de 2026 a las 0:20:00 UTC-3","27 de agosto de 2026 a las 20:40:00 UTC-3","tyc sports en vivo","./explore?q=tyc%20sports%20en%20vivo&geo=AR"
"gia dybala sabatini","500+","26 de agosto de 2026 a las 20:00:00 UTC-3","26 de agosto de 2026 a las 23:20:00 UTC-3","gia dybala sabatini","./explore?q=gia%20dybala%20sabatini&geo=AR"
"bafweek","500+","26 de agosto de 2026 a las 7:30:00 UTC-3","26 de agosto de 2026 a las 18:20:00 UTC-3","bafweek","./explore?q=bafweek&geo=AR"
"posiciones de alianza lima contra deportivo garcilaso","500+","30 de agosto de 2026 a las 0:00:00 UTC-3","30 de agosto de 2026 a las 1:10:00 UTC-3","posiciones de alianza lima contra deportivo garcilaso,tabla de posiciones","./explore?q=posiciones%20de%20alianza%20lima%20contra%20deportivo%20garcilaso&geo=AR"
"américa - columbus crew","500+","26 de agosto de 2026 a las 23:40:00 UTC-3","27 de agosto de 2026 a las 7:50:00 UTC-3","américa - columbus crew","./explore?q=am%C3%A9rica%20-%20columbus%20crew&geo=AR"
"colapinto a mercedes 2027","500+","27 de agosto de 2026 a las 14:00:00 UTC-3","28 de agosto de 2026 a las 0:10:00 UTC-3","colapinto a mercedes 2027","./explore?q=colapinto%20a%20mercedes%202027&geo=AR"
"aldo leiva","500+","27 de agosto de 2026 a las 22:10:00 UTC-3","28 de agosto de 2026 a las 9:40:00 UTC-3","aldo leiva","./explore?q=aldo%20leiva&geo=AR"
"clima posadas","500+","29 de agosto de 2026 a las 5:10:00 UTC-3","29 de agosto de 2026 a las 7:40:00 UTC-3","clima posadas,pronostico posadas","./explore?q=clima%20posadas&geo=AR"
"futbol en vivo","500+","26 de agosto de 2026 a las 21:40:00 UTC-3","27 de agosto de 2026 a las 0:40:00 UTC-3","futbol en vivo","./explore?q=futbol%20en%20vivo&geo=AR"
"cuando sale gta 6","500+","27 de agosto de 2026 a las 19:20:00 UTC-3","28 de agosto de 2026 a las 1:10:00 UTC-3","cuando sale gta 6","./explore?q=cuando%20sale%20gta%206&geo=AR"
"internacional","500+","27 de agosto de 2026 a las 20:30:00 UTC-3","27 de agosto de 2026 a las 23:00:00 UTC-3","internacional","./explore?q=internacional&geo=AR"
"ajax - sion","500+","27 de agosto de 2026 a las 14:40:00 UTC-3","27 de agosto de 2026 a las 17:30:00 UTC-3","ajax - sion","./explore?q=ajax%20-%20sion&geo=AR"
"al khaleej - al hilal","500+","28 de agosto de 2026 a las 15:20:00 UTC-3","28 de agosto de 2026 a las 17:40:00 UTC-3","al khaleej - al hilal","./explore?q=al%20khaleej%20-%20al%20hilal&geo=AR"
"mariners - phillies","500+","25 de agosto de 2026 a las 22:20:00 UTC-3","26 de agosto de 2026 a las 20:40:00 UTC-3","mariners - phillies","./explore?q=mariners%20-%20phillies&geo=AR"
"juan carlos de pablo","500+","25 de agosto de 2026 a las 16:40:00 UTC-3","25 de agosto de 2026 a las 21:40:00 UTC-3","juan carlos de pablo","./explore?q=juan%20carlos%20de%20pablo&geo=AR"
"city vs","500+","28 de agosto de 2026 a las 16:30:00 UTC-3","28 de agosto de 2026 a las 18:50:00 UTC-3","city vs","./explore?q=city%20vs&geo=AR"
"francisco álvarez","500+","29 de agosto de 2026 a las 12:00:00 UTC-3","29 de agosto de 2026 a las 15:40:00 UTC-3","francisco álvarez,nehuen perez","./explore?q=francisco%20%C3%A1lvarez&geo=AR"
"adopción","500+","25 de agosto de 2026 a las 10:40:00 UTC-3","25 de agosto de 2026 a las 16:40:00 UTC-3","adopción","./explore?q=adopci%C3%B3n&geo=AR"
"misil","500+","27 de agosto de 2026 a las 18:00:00 UTC-3","27 de agosto de 2026 a las 20:50:00 UTC-3","misil","./explore?q=misil&geo=AR"
"atlético nacional - deportivo cali","500+","26 de agosto de 2026 a las 22:20:00 UTC-3","27 de agosto de 2026 a las 1:30:00 UTC-3","atlético nacional - deportivo cali,atlético nacional","./explore?q=atl%C3%A9tico%20nacional%20-%20deportivo%20cali&geo=AR"
"marcos gastaldi","500+","27 de agosto de 2026 a las 8:30:00 UTC-3","27 de agosto de 2026 a las 12:00:00 UTC-3","marcos gastaldi","./explore?q=marcos%20gastaldi&geo=AR"
"glof","500+","27 de agosto de 2026 a las 13:50:00 UTC-3","28 de agosto de 2026 a las 0:10:00 UTC-3","glof","./explore?q=glof&geo=AR"
"corredor del oeste","500+","26 de agosto de 2026 a las 11:10:00 UTC-3","26 de agosto de 2026 a las 14:10:00 UTC-3","corredor del oeste","./explore?q=corredor%20del%20oeste&geo=AR"
"lyon fc","500+","26 de agosto de 2026 a las 16:10:00 UTC-3","26 de agosto de 2026 a las 19:00:00 UTC-3","lyon fc","./explore?q=lyon%20fc&geo=AR"
"santiago caputo","500+","25 de agosto de 2026 a las 14:50:00 UTC-3","25 de agosto de 2026 a las 21:10:00 UTC-3","santiago caputo,aduana","./explore?q=santiago%20caputo&geo=AR"
"santa fe fc","500+","26 de agosto de 2026 a las 22:20:00 UTC-3","27 de agosto de 2026 a las 1:00:00 UTC-3","santa fe fc","./explore?q=santa%20fe%20fc&geo=AR"
"pablo quirno","500+","28 de agosto de 2026 a las 16:50:00 UTC-3","28 de agosto de 2026 a las 19:00:00 UTC-3","pablo quirno,petrolero","./explore?q=pablo%20quirno&geo=AR"
"birmingham city - brentford","500+","25 de agosto de 2026 a las 16:30:00 UTC-3","25 de agosto de 2026 a las 19:30:00 UTC-3","birmingham city - brentford","./explore?q=birmingham%20city%20-%20brentford&geo=AR"
"enriquecimiento ilícito","500+","26 de agosto de 2026 a las 16:00:00 UTC-3","26 de agosto de 2026 a las 18:30:00 UTC-3","enriquecimiento ilícito","./explore?q=enriquecimiento%20il%C3%ADcito&geo=AR"
"producto","500+","27 de agosto de 2026 a las 13:40:00 UTC-3","27 de agosto de 2026 a las 19:50:00 UTC-3","producto","./explore?q=producto&geo=AR"
"ldu quito - aucas","500+","26 de agosto de 2026 a las 21:10:00 UTC-3","26 de agosto de 2026 a las 23:30:00 UTC-3","ldu quito - aucas","./explore?q=ldu%20quito%20-%20aucas&geo=AR"
"clima de hoy","500+","27 de agosto de 2026 a las 1:20:00 UTC-3","27 de agosto de 2026 a las 7:40:00 UTC-3","clima de hoy","./explore?q=clima%20de%20hoy&geo=AR"
"guillermo andino","500+","28 de agosto de 2026 a las 21:20:00 UTC-3","28 de agosto de 2026 a las 22:30:00 UTC-3","guillermo andino","./explore?q=guillermo%20andino&geo=AR"
"enner valencia","500+","28 de agosto de 2026 a las 23:00:00 UTC-3","29 de agosto de 2026 a las 0:00:00 UTC-3","enner valencia","./explore?q=enner%20valencia&geo=AR"
"superliga","500+","28 de agosto de 2026 a las 23:10:00 UTC-3","29 de agosto de 2026 a las 0:30:00 UTC-3","superliga","./explore?q=superliga&geo=AR"
"ipswich - leicester city","500+","25 de agosto de 2026 a las 15:50:00 UTC-3","25 de agosto de 2026 a las 19:00:00 UTC-3","ipswich - leicester city","./explore?q=ipswich%20-%20leicester%20city&geo=AR"
"la voz argentina","500+","26 de agosto de 2026 a las 7:40:00 UTC-3","26 de agosto de 2026 a las 15:20:00 UTC-3","la voz argentina","./explore?q=la%20voz%20argentina&geo=AR"
"leon fc","500+","25 de agosto de 2026 a las 23:30:00 UTC-3","26 de agosto de 2026 a las 2:20:00 UTC-3","leon fc,león - real salt lake","./explore?q=leon%20fc&geo=AR"
"rada tilly","500+","27 de agosto de 2026 a las 16:10:00 UTC-3","27 de agosto de 2026 a las 19:00:00 UTC-3","rada tilly","./explore?q=rada%20tilly&geo=AR"
"florence pugh","500+","27 de agosto de 2026 a las 22:10:00 UTC-3","27 de agosto de 2026 a las 23:30:00 UTC-3","florence pugh","./explore?q=florence%20pugh&geo=AR"
"monterrey fc","500+","25 de agosto de 2026 a las 21:30:00 UTC-3","26 de agosto de 2026 a las 0:40:00 UTC-3","monterrey fc","./explore?q=monterrey%20fc&geo=AR"
"fifa","500+","28 de agosto de 2026 a las 6:40:00 UTC-3","28 de agosto de 2026 a las 8:50:00 UTC-3","fifa","./explore?q=fifa&geo=AR"
"partido hoy","500+","26 de agosto de 2026 a las 22:40:00 UTC-3","27 de agosto de 2026 a las 1:00:00 UTC-3","partido hoy","./explore?q=partido%20hoy&geo=AR"
"antonio occhiato","500+","28 de agosto de 2026 a las 22:00:00 UTC-3","28 de agosto de 2026 a las 23:10:00 UTC-3","antonio occhiato","./explore?q=antonio%20occhiato&geo=AR"
"us open 2026","500+","25 de agosto de 2026 a las 13:10:00 UTC-3","25 de agosto de 2026 a las 23:20:00 UTC-3","us open 2026","./explore?q=us%20open%202026&geo=AR"
"nokia 1100","500+","26 de agosto de 2026 a las 17:50:00 UTC-3","26 de agosto de 2026 a las 20:50:00 UTC-3","nokia 1100","./explore?q=nokia%201100&geo=AR"
"sebastián báez","500+","25 de agosto de 2026 a las 21:20:00 UTC-3","25 de agosto de 2026 a las 23:20:00 UTC-3","sebastián báez","./explore?q=sebasti%C3%A1n%20b%C3%A1ez&geo=AR"
"asociación de trabajadores del estado","500+","25 de agosto de 2026 a las 18:50:00 UTC-3","25 de agosto de 2026 a las 21:40:00 UTC-3","asociación de trabajadores del estado,ate nacional,upcn","./explore?q=asociaci%C3%B3n%20de%20trabajadores%20del%20estado&geo=AR"
"h. tel aviv - atalanta","500+","27 de agosto de 2026 a las 14:40:00 UTC-3","27 de agosto de 2026 a las 17:40:00 UTC-3","h. tel aviv - atalanta","./explore?q=h.%20tel%20aviv%20-%20atalanta&geo=AR"
"quien juega hoy","500+","26 de agosto de 2026 a las 23:30:00 UTC-3","27 de agosto de 2026 a las 1:00:00 UTC-3","quien juega hoy","./explore?q=quien%20juega%20hoy&geo=AR"
"atlanta","500+","26 de agosto de 2026 a las 16:20:00 UTC-3","26 de agosto de 2026 a las 18:30:00 UTC-3","atlanta","./explore?q=atlanta&geo=AR"
"playstation plus","500+","25 de agosto de 2026 a las 15:30:00 UTC-3","25 de agosto de 2026 a las 18:20:00 UTC-3","playstation plus","./explore?q=playstation%20plus&geo=AR"
"miguel angel rodriguez","500+","28 de agosto de 2026 a las 21:40:00 UTC-3","28 de agosto de 2026 a las 22:50:00 UTC-3","miguel angel rodriguez","./explore?q=miguel%20angel%20rodriguez&geo=AR"
"san martin de san juan","500+","26 de agosto de 2026 a las 15:30:00 UTC-3","26 de agosto de 2026 a las 17:40:00 UTC-3","san martin de san juan","./explore?q=san%20martin%20de%20san%20juan&geo=AR"
"john mcenroe","500+","25 de agosto de 2026 a las 22:00:00 UTC-3","25 de agosto de 2026 a las 23:50:00 UTC-3","john mcenroe","./explore?q=john%20mcenroe&geo=AR"
"diario panorama","500+","27 de agosto de 2026 a las 17:10:00 UTC-3","27 de agosto de 2026 a las 18:30:00 UTC-3","diario panorama","./explore?q=diario%20panorama&geo=AR"
"granizo","500+","26 de agosto de 2026 a las 18:40:00 UTC-3","26 de agosto de 2026 a las 19:50:00 UTC-3","granizo","./explore?q=granizo&geo=AR"
"mi telefe en vivo","500+","27 de agosto de 2026 a las 23:20:00 UTC-3","28 de agosto de 2026 a las 1:00:00 UTC-3","mi telefe en vivo","./explore?q=mi%20telefe%20en%20vivo&geo=AR"
"gamescom","500+","25 de agosto de 2026 a las 15:00:00 UTC-3","25 de agosto de 2026 a las 17:40:00 UTC-3","gamescom","./explore?q=gamescom&geo=AR"
"otamendi","500+","26 de agosto de 2026 a las 23:00:00 UTC-3","27 de agosto de 2026 a las 0:40:00 UTC-3","otamendi","./explore?q=otamendi&geo=AR"
"emilia attias","500+","26 de agosto de 2026 a las 21:30:00 UTC-3","26 de agosto de 2026 a las 22:40:00 UTC-3","emilia attias","./explore?q=emilia%20attias&geo=AR"
"camionero","500+","25 de agosto de 2026 a las 18:40:00 UTC-3","25 de agosto de 2026 a las 20:50:00 UTC-3","camionero","./explore?q=camionero&geo=AR"
"eugenio weinbaum","500+","25 de agosto de 2026 a las 23:10:00 UTC-3","26 de agosto de 2026 a las 0:50:00 UTC-3","eugenio weinbaum,culini","./explore?q=eugenio%20weinbaum&geo=AR"
"juan cruz meza","500+","26 de agosto de 2026 a las 23:40:00 UTC-3","27 de agosto de 2026 a las 0:50:00 UTC-3","juan cruz meza","./explore?q=juan%20cruz%20meza&geo=AR"
"nvda","500+","25 de agosto de 2026 a las 18:40:00 UTC-3","25 de agosto de 2026 a las 20:20:00 UTC-3","nvda","./explore?q=nvda&geo=AR"
"promedios","500+","26 de agosto de 2026 a las 23:40:00 UTC-3","27 de agosto de 2026 a las 0:50:00 UTC-3","promedios","./explore?q=promedios&geo=AR"
"clima mendoza","500+","26 de agosto de 2026 a las 6:30:00 UTC-3","26 de agosto de 2026 a las 8:30:00 UTC-3","clima mendoza","./explore?q=clima%20mendoza&geo=AR"
"posiciones de valencia c. f. contra betis","500+","25 de agosto de 2026 a las 18:10:00 UTC-3","25 de agosto de 2026 a las 19:40:00 UTC-3","posiciones de valencia c. f. contra betis","./explore?q=posiciones%20de%20valencia%20c.%20f.%20contra%20betis&geo=AR"
"dinero","500+","25 de agosto de 2026 a las 17:20:00 UTC-3","25 de agosto de 2026 a las 19:20:00 UTC-3","dinero,deuda","./explore?q=dinero&geo=AR"
"quiniela plus","500+","30 de agosto de 2026 a las 7:10:00 UTC-3","30 de agosto de 2026 a las 8:10:00 UTC-3","quiniela plus","./explore?q=quiniela%20plus&geo=AR"
"lyon","500+","26 de agosto de 2026 a las 17:20:00 UTC-3","26 de agosto de 2026 a las 18:50:00 UTC-3","lyon,olympique de lyon","./explore?q=lyon&geo=AR"
"diario uno","500+","26 de agosto de 2026 a las 6:40:00 UTC-3","26 de agosto de 2026 a las 8:30:00 UTC-3","diario uno","./explore?q=diario%20uno&geo=AR"
"superliga","500+","30 de agosto de 2026 a las 16:50:00 UTC-3","30 de agosto de 2026 a las 17:10:00 UTC-3","superliga","./explore?q=superliga&geo=AR"
"grand theft auto vi","500+","26 de agosto de 2026 a las 13:10:00 UTC-3","26 de agosto de 2026 a las 14:30:00 UTC-3","grand theft auto vi,rockstar games gta 6","./explore?q=grand%20theft%20auto%20vi&geo=AR"
"temperatura","500+","27 de agosto de 2026 a las 6:00:00 UTC-3","27 de agosto de 2026 a las 7:10:00 UTC-3","temperatura","./explore?q=temperatura&geo=AR"
"boca sudamericana 2026","500+","27 de agosto de 2026 a las 0:10:00 UTC-3","27 de agosto de 2026 a las 1:10:00 UTC-3","boca sudamericana 2026,boca san pablo,cuando juega boca por sudamericana","./explore?q=boca%20sudamericana%202026&geo=AR"
"clima mar del plata","200+","1 de septiembre de 2026 a las 7:20:00 UTC-3","1 de septiembre de 2026 a las 7:50:00 UTC-3","clima mar del plata","./explore?q=clima%20mar%20del%20plata&geo=AR"
"nahitan nández","200+","31 de agosto de 2026 a las 20:50:00 UTC-3","31 de agosto de 2026 a las 23:50:00 UTC-3","nahitan nández","./explore?q=nahitan%20n%C3%A1ndez&geo=AR"
"domingo cavallo","200+","31 de agosto de 2026 a las 20:30:00 UTC-3","31 de agosto de 2026 a las 23:40:00 UTC-3","domingo cavallo","./explore?q=domingo%20cavallo&geo=AR"
"dbacks - phillies","200+","31 de agosto de 2026 a las 22:40:00 UTC-3","1 de septiembre de 2026 a las 1:50:00 UTC-3","dbacks - phillies","./explore?q=dbacks%20-%20phillies&geo=AR"
"víctor ormazábal","200+","31 de agosto de 2026 a las 22:20:00 UTC-3","1 de septiembre de 2026 a las 0:40:00 UTC-3","víctor ormazábal","./explore?q=v%C3%ADctor%20ormaz%C3%A1bal&geo=AR"
"martin damm jr.","200+","31 de agosto de 2026 a las 23:50:00 UTC-3","1 de septiembre de 2026 a las 1:40:00 UTC-3","martin damm jr.,frances tiafoe","./explore?q=martin%20damm%20jr.&geo=AR"
"jennifer aniston","200+","31 de agosto de 2026 a las 18:50:00 UTC-3","31 de agosto de 2026 a las 21:10:00 UTC-3","jennifer aniston","./explore?q=jennifer%20aniston&geo=AR"
"anastasia zakharova","200+","1 de septiembre de 2026 a las 0:20:00 UTC-3","1 de septiembre de 2026 a las 2:10:00 UTC-3","anastasia zakharova","./explore?q=anastasia%20zakharova&geo=AR"
"los andes","200+","31 de agosto de 2026 a las 19:40:00 UTC-3","31 de agosto de 2026 a las 21:40:00 UTC-3","los andes","./explore?q=los%20andes&geo=AR"
"estadio mario alberto kempes","200+","31 de agosto de 2026 a las 19:20:00 UTC-3","31 de agosto de 2026 a las 22:30:00 UTC-3","estadio mario alberto kempes,club atlético vélez sarsfield","./explore?q=estadio%20mario%20alberto%20kempes&geo=AR"
"giuliano galoppo","200+","31 de agosto de 2026 a las 21:50:00 UTC-3","31 de agosto de 2026 a las 23:10:00 UTC-3","giuliano galoppo","./explore?q=giuliano%20galoppo&geo=AR"
"la cumbre","200+","1 de septiembre de 2026 a las 0:00:00 UTC-3","1 de septiembre de 2026 a las 1:20:00 UTC-3","la cumbre","./explore?q=la%20cumbre&geo=AR"
"soledad fandiño","200+","31 de agosto de 2026 a las 20:10:00 UTC-3","31 de agosto de 2026 a las 22:40:00 UTC-3","soledad fandiño","./explore?q=soledad%20fandi%C3%B1o&geo=AR"
"mi anses","200+","1 de septiembre de 2026 a las 6:00:00 UTC-3","1 de septiembre de 2026 a las 6:20:00 UTC-3","mi anses","./explore?q=mi%20anses&geo=AR"
"barca vs","200+","31 de agosto de 2026 a las 17:00:00 UTC-3","31 de agosto de 2026 a las 19:10:00 UTC-3","barca vs","./explore?q=barca%20vs&geo=AR"
"paso","200+","31 de agosto de 2026 a las 20:10:00 UTC-3","31 de agosto de 2026 a las 22:10:00 UTC-3","paso","./explore?q=paso&geo=AR"
"feriados 2027","200+","31 de agosto de 2026 a las 12:00:00 UTC-3","1 de septiembre de 2026 a las 1:50:00 UTC-3","feriados 2027","./explore?q=feriados%202027&geo=AR"
"fiscal","200+","31 de agosto de 2026 a las 16:40:00 UTC-3","31 de agosto de 2026 a las 18:20:00 UTC-3","fiscal","./explore?q=fiscal&geo=AR"
"fortaleza - operário","200+","31 de agosto de 2026 a las 19:50:00 UTC-3","31 de agosto de 2026 a las 21:10:00 UTC-3","fortaleza - operário,fortaleza","./explore?q=fortaleza%20-%20oper%C3%A1rio&geo=AR"
"facundo roncaglia","200+","31 de agosto de 2026 a las 11:00:00 UTC-3","31 de agosto de 2026 a las 16:30:00 UTC-3","facundo roncaglia","./explore?q=facundo%20roncaglia&geo=AR"
"empleadas domésticas","200+","31 de agosto de 2026 a las 14:30:00 UTC-3","31 de agosto de 2026 a las 17:00:00 UTC-3","empleadas domésticas","./explore?q=empleadas%20dom%C3%A9sticas&geo=AR"
"besiktas","200+","31 de agosto de 2026 a las 15:40:00 UTC-3","31 de agosto de 2026 a las 17:40:00 UTC-3","besiktas","./explore?q=besiktas&geo=AR"
"arsenal fc","200+","31 de agosto de 2026 a las 16:30:00 UTC-3","31 de agosto de 2026 a las 18:20:00 UTC-3","arsenal fc","./explore?q=arsenal%20fc&geo=AR"
"industria láctea","200+","31 de agosto de 2026 a las 16:30:00 UTC-3","31 de agosto de 2026 a las 18:40:00 UTC-3","industria láctea","./explore?q=industria%20l%C3%A1ctea&geo=AR"
"temperatura cordoba","200+","31 de agosto de 2026 a las 6:50:00 UTC-3","31 de agosto de 2026 a las 15:40:00 UTC-3","temperatura cordoba","./explore?q=temperatura%20cordoba&geo=AR"
"as","200+","31 de agosto de 2026 a las 12:20:00 UTC-3","31 de agosto de 2026 a las 14:50:00 UTC-3","as","./explore?q=as&geo=AR"
"robert kiyosaki","200+","30 de agosto de 2026 a las 21:00:00 UTC-3","31 de agosto de 2026 a las 13:20:00 UTC-3","robert kiyosaki","./explore?q=robert%20kiyosaki&geo=AR"
"paulo dybala","200+","31 de agosto de 2026 a las 16:00:00 UTC-3","31 de agosto de 2026 a las 17:10:00 UTC-3","paulo dybala","./explore?q=paulo%20dybala&geo=AR"
"raphinha","200+","31 de agosto de 2026 a las 18:20:00 UTC-3","31 de agosto de 2026 a las 19:30:00 UTC-3","raphinha","./explore?q=raphinha&geo=AR"
"copenhague fc","200+","31 de agosto de 2026 a las 14:30:00 UTC-3","31 de agosto de 2026 a las 16:00:00 UTC-3","copenhague fc","./explore?q=copenhague%20fc&geo=AR"
"benfica vs","200+","31 de agosto de 2026 a las 17:00:00 UTC-3","31 de agosto de 2026 a las 18:30:00 UTC-3","benfica vs","./explore?q=benfica%20vs&geo=AR"
"empleado público","200+","31 de agosto de 2026 a las 8:10:00 UTC-3","31 de agosto de 2026 a las 9:50:00 UTC-3","empleado público","./explore?q=empleado%20p%C3%BAblico&geo=AR"
"north west","200+","31 de agosto de 2026 a las 7:30:00 UTC-3","31 de agosto de 2026 a las 8:40:00 UTC-3","north west","./explore?q=north%20west&geo=AR"
"leonel messi","200+","31 de agosto de 2026 a las 13:10:00 UTC-3","31 de agosto de 2026 a las 14:40:00 UTC-3","leonel messi","./explore?q=leonel%20messi&geo=AR"
"quilmes ac","200+","30 de agosto de 2026 a las 19:40:00 UTC-3","30 de agosto de 2026 a las 22:00:00 UTC-3","quilmes ac","./explore?q=quilmes%20ac&geo=AR"
"pronostico posadas","200+","31 de agosto de 2026 a las 4:30:00 UTC-3","31 de agosto de 2026 a las 7:20:00 UTC-3","pronostico posadas","./explore?q=pronostico%20posadas&geo=AR"
"inter vs","200+","30 de agosto de 2026 a las 15:50:00 UTC-3","30 de agosto de 2026 a las 18:30:00 UTC-3","inter vs","./explore?q=inter%20vs&geo=AR"
"puerto","200+","30 de agosto de 2026 a las 20:20:00 UTC-3","30 de agosto de 2026 a las 22:20:00 UTC-3","puerto","./explore?q=puerto&geo=AR"
"lu24","200+","30 de agosto de 2026 a las 9:10:00 UTC-3","30 de agosto de 2026 a las 20:30:00 UTC-3","lu24","./explore?q=lu24&geo=AR"
"el nine","200+","30 de agosto de 2026 a las 11:30:00 UTC-3","30 de agosto de 2026 a las 17:40:00 UTC-3","el nine","./explore?q=el%20nine&geo=AR"
"sport","200+","31 de agosto de 2026 a las 13:20:00 UTC-3","31 de agosto de 2026 a las 14:40:00 UTC-3","sport","./explore?q=sport&geo=AR"
"clima de hoy","200+","31 de agosto de 2026 a las 6:10:00 UTC-3","31 de agosto de 2026 a las 7:50:00 UTC-3","clima de hoy","./explore?q=clima%20de%20hoy&geo=AR"
"leipzig","200+","31 de agosto de 2026 a las 8:10:00 UTC-3","31 de agosto de 2026 a las 9:50:00 UTC-3","leipzig","./explore?q=leipzig&geo=AR"
"jonathan david","200+","31 de agosto de 2026 a las 11:30:00 UTC-3","31 de agosto de 2026 a las 13:00:00 UTC-3","jonathan david","./explore?q=jonathan%20david&geo=AR"
"don alejo autoservicio","200+","30 de agosto de 2026 a las 10:40:00 UTC-3","30 de agosto de 2026 a las 20:30:00 UTC-3","don alejo autoservicio","./explore?q=don%20alejo%20autoservicio&geo=AR"
"gendarmería","200+","30 de agosto de 2026 a las 10:40:00 UTC-3","30 de agosto de 2026 a las 13:30:00 UTC-3","gendarmería","./explore?q=gendarmer%C3%ADa&geo=AR"
"el tiempo en córdoba","200+","31 de agosto de 2026 a las 14:30:00 UTC-3","31 de agosto de 2026 a las 15:40:00 UTC-3","el tiempo en córdoba","./explore?q=el%20tiempo%20en%20c%C3%B3rdoba&geo=AR"
"rey oyo nyimba kabamba iguru rukidi iv","200+","30 de agosto de 2026 a las 1:30:00 UTC-3","30 de agosto de 2026 a las 5:30:00 UTC-3","rey oyo nyimba kabamba iguru rukidi iv","./explore?q=rey%20oyo%20nyimba%20kabamba%20iguru%20rukidi%20iv&geo=AR"
"deportivo cali","200+","30 de agosto de 2026 a las 22:50:00 UTC-3","31 de agosto de 2026 a las 1:20:00 UTC-3","deportivo cali","./explore?q=deportivo%20cali&geo=AR"
"libre futbol pelota","200+","30 de agosto de 2026 a las 15:40:00 UTC-3","30 de agosto de 2026 a las 22:20:00 UTC-3","libre futbol pelota","./explore?q=libre%20futbol%20pelota&geo=AR"
"palmeiras vs","200+","30 de agosto de 2026 a las 19:00:00 UTC-3","30 de agosto de 2026 a las 20:50:00 UTC-3","palmeiras vs","./explore?q=palmeiras%20vs&geo=AR"
"malick yalcouyé","200+","30 de agosto de 2026 a las 10:30:00 UTC-3","30 de agosto de 2026 a las 12:40:00 UTC-3","malick yalcouyé","./explore?q=malick%20yalcouy%C3%A9&geo=AR"
"cge","200+","31 de agosto de 2026 a las 8:20:00 UTC-3","31 de agosto de 2026 a las 10:10:00 UTC-3","cge","./explore?q=cge&geo=AR"
"visa","200+","31 de agosto de 2026 a las 11:00:00 UTC-3","31 de agosto de 2026 a las 12:10:00 UTC-3","visa","./explore?q=visa&geo=AR"
"serena williams","200+","31 de agosto de 2026 a las 1:00:00 UTC-3","31 de agosto de 2026 a las 3:00:00 UTC-3","serena williams","./explore?q=serena%20williams&geo=AR"
"clima posadas","200+","31 de agosto de 2026 a las 4:20:00 UTC-3","31 de agosto de 2026 a las 6:20:00 UTC-3","clima posadas","./explore?q=clima%20posadas&geo=AR"
"noticias","200+","31 de agosto de 2026 a las 12:50:00 UTC-3","31 de agosto de 2026 a las 13:40:00 UTC-3","noticias","./explore?q=noticias&geo=AR"
"monaco fc","200+","30 de agosto de 2026 a las 16:30:00 UTC-3","30 de agosto de 2026 a las 18:30:00 UTC-3","monaco fc","./explore?q=monaco%20fc&geo=AR"
"clima formosa","200+","31 de agosto de 2026 a las 5:50:00 UTC-3","31 de agosto de 2026 a las 7:40:00 UTC-3","clima formosa","./explore?q=clima%20formosa&geo=AR"
"académico de viseu futebol clube - porto","200+","29 de agosto de 2026 a las 14:10:00 UTC-3","29 de agosto de 2026 a las 17:20:00 UTC-3","académico de viseu futebol clube - porto","./explore?q=acad%C3%A9mico%20de%20viseu%20futebol%20clube%20-%20porto&geo=AR"
"sismo","200+","30 de agosto de 2026 a las 19:30:00 UTC-3","30 de agosto de 2026 a las 21:50:00 UTC-3","sismo","./explore?q=sismo&geo=AR"
"kylian mbappé","200+","30 de agosto de 2026 a las 14:10:00 UTC-3","30 de agosto de 2026 a las 15:20:00 UTC-3","kylian mbappé","./explore?q=kylian%20mbapp%C3%A9&geo=AR"
"brave","200+","30 de agosto de 2026 a las 15:10:00 UTC-3","30 de agosto de 2026 a las 16:40:00 UTC-3","brave","./explore?q=brave&geo=AR"
"volcan purace","200+","31 de agosto de 2026 a las 0:00:00 UTC-3","31 de agosto de 2026 a las 1:30:00 UTC-3","volcan purace","./explore?q=volcan%20purace&geo=AR"
"dia de santa rosa","200+","30 de agosto de 2026 a las 10:50:00 UTC-3","30 de agosto de 2026 a las 13:30:00 UTC-3","dia de santa rosa","./explore?q=dia%20de%20santa%20rosa&geo=AR"
"pincoya","200+","30 de agosto de 2026 a las 22:40:00 UTC-3","30 de agosto de 2026 a las 23:50:00 UTC-3","pincoya","./explore?q=pincoya&geo=AR"
"juan martín lucero","200+","30 de agosto de 2026 a las 17:30:00 UTC-3","30 de agosto de 2026 a las 22:20:00 UTC-3","juan martín lucero","./explore?q=juan%20mart%C3%ADn%20lucero&geo=AR"
"cqc","200+","30 de agosto de 2026 a las 21:30:00 UTC-3","30 de agosto de 2026 a las 22:40:00 UTC-3","cqc","./explore?q=cqc&geo=AR"
"nadie dice match","200+","30 de agosto de 2026 a las 21:10:00 UTC-3","30 de agosto de 2026 a las 22:20:00 UTC-3","nadie dice match","./explore?q=nadie%20dice%20match&geo=AR"
"dia del gamer","200+","29 de agosto de 2026 a las 13:00:00 UTC-3","29 de agosto de 2026 a las 19:10:00 UTC-3","dia del gamer","./explore?q=dia%20del%20gamer&geo=AR"
"cameron diaz","200+","30 de agosto de 2026 a las 16:40:00 UTC-3","30 de agosto de 2026 a las 20:00:00 UTC-3","cameron diaz","./explore?q=cameron%20diaz&geo=AR"
"clima rio cuarto","200+","29 de agosto de 2026 a las 14:50:00 UTC-3","29 de agosto de 2026 a las 17:10:00 UTC-3","clima rio cuarto","./explore?q=clima%20rio%20cuarto&geo=AR"
"sepulveda","200+","30 de agosto de 2026 a las 16:40:00 UTC-3","30 de agosto de 2026 a las 17:50:00 UTC-3","sepulveda","./explore?q=sepulveda&geo=AR"
"miguel ángel pichetto","200+","29 de agosto de 2026 a las 18:40:00 UTC-3","29 de agosto de 2026 a las 21:20:00 UTC-3","miguel ángel pichetto","./explore?q=miguel%20%C3%A1ngel%20pichetto&geo=AR"
"uom paritarias","200+","28 de agosto de 2026 a las 18:50:00 UTC-3","29 de agosto de 2026 a las 10:50:00 UTC-3","uom paritarias","./explore?q=uom%20paritarias&geo=AR"
"comodoro rivadavia","200+","29 de agosto de 2026 a las 10:20:00 UTC-3","29 de agosto de 2026 a las 15:30:00 UTC-3","comodoro rivadavia","./explore?q=comodoro%20rivadavia&geo=AR"
"juventus vs","200+","29 de agosto de 2026 a las 16:40:00 UTC-3","29 de agosto de 2026 a las 18:50:00 UTC-3","juventus vs","./explore?q=juventus%20vs&geo=AR"
"diario chaco","200+","31 de agosto de 2026 a las 6:40:00 UTC-3","31 de agosto de 2026 a las 8:10:00 UTC-3","diario chaco","./explore?q=diario%20chaco&geo=AR"
"borussia dortmund","200+","29 de agosto de 2026 a las 13:50:00 UTC-3","29 de agosto de 2026 a las 16:00:00 UTC-3","borussia dortmund,borussia","./explore?q=borussia%20dortmund&geo=AR"
"tijuana - pumas","200+","29 de agosto de 2026 a las 0:10:00 UTC-3","29 de agosto de 2026 a las 2:40:00 UTC-3","tijuana - pumas","./explore?q=tijuana%20-%20pumas&geo=AR"
"tiempo de san juan","200+","31 de agosto de 2026 a las 7:50:00 UTC-3","31 de agosto de 2026 a las 9:00:00 UTC-3","tiempo de san juan","./explore?q=tiempo%20de%20san%20juan&geo=AR"
"leeds","200+","30 de agosto de 2026 a las 11:30:00 UTC-3","30 de agosto de 2026 a las 12:50:00 UTC-3","leeds","./explore?q=leeds&geo=AR"
"crucigrama la nacion","200+","31 de agosto de 2026 a las 8:30:00 UTC-3","31 de agosto de 2026 a las 9:20:00 UTC-3","crucigrama la nacion","./explore?q=crucigrama%20la%20nacion&geo=AR"
"chimy avila","200+","30 de agosto de 2026 a las 21:00:00 UTC-3","30 de agosto de 2026 a las 21:30:00 UTC-3","chimy avila,ezequiel ávila","./explore?q=chimy%20avila&geo=AR"
"allanamiento","200+","31 de agosto de 2026 a las 8:00:00 UTC-3","31 de agosto de 2026 a las 8:40:00 UTC-3","allanamiento","./explore?q=allanamiento&geo=AR"
"ruta nacional 151","200+","28 de agosto de 2026 a las 16:50:00 UTC-3","28 de agosto de 2026 a las 19:50:00 UTC-3","ruta nacional 151","./explore?q=ruta%20nacional%20151&geo=AR"
"el territorio","200+","30 de agosto de 2026 a las 7:10:00 UTC-3","30 de agosto de 2026 a las 10:30:00 UTC-3","el territorio","./explore?q=el%20territorio&geo=AR"
"rennes - le mans football club","200+","30 de agosto de 2026 a las 13:20:00 UTC-3","30 de agosto de 2026 a las 14:50:00 UTC-3","rennes - le mans football club","./explore?q=rennes%20-%20le%20mans%20football%20club&geo=AR"
"toronto - nyc fc","200+","29 de agosto de 2026 a las 20:50:00 UTC-3","30 de agosto de 2026 a las 0:20:00 UTC-3","toronto - nyc fc","./explore?q=toronto%20-%20nyc%20fc&geo=AR"
"franco krikor","200+","29 de agosto de 2026 a las 20:20:00 UTC-3","29 de agosto de 2026 a las 22:30:00 UTC-3","franco krikor","./explore?q=franco%20krikor&geo=AR"
"real sociedad","200+","29 de agosto de 2026 a las 14:40:00 UTC-3","29 de agosto de 2026 a las 16:40:00 UTC-3","real sociedad","./explore?q=real%20sociedad&geo=AR"
"sarmiento","200+","28 de agosto de 2026 a las 19:30:00 UTC-3","28 de agosto de 2026 a las 21:30:00 UTC-3","sarmiento","./explore?q=sarmiento&geo=AR"
"neymar","200+","30 de agosto de 2026 a las 18:50:00 UTC-3","30 de agosto de 2026 a las 19:20:00 UTC-3","neymar","./explore?q=neymar&geo=AR"
"sassuolo - torino","200+","29 de agosto de 2026 a las 14:20:00 UTC-3","29 de agosto de 2026 a las 16:20:00 UTC-3","sassuolo - torino","./explore?q=sassuolo%20-%20torino&geo=AR"
"arresto","200+","28 de agosto de 2026 a las 15:00:00 UTC-3","28 de agosto de 2026 a las 18:50:00 UTC-3","arresto","./explore?q=arresto&geo=AR"
"girona - u. d. las palmas","200+","29 de agosto de 2026 a las 18:20:00 UTC-3","29 de agosto de 2026 a las 20:20:00 UTC-3","girona - u. d. las palmas","./explore?q=girona%20-%20u.%20d.%20las%20palmas&geo=AR"
"monza - udinese","200+","29 de agosto de 2026 a las 14:10:00 UTC-3","29 de agosto de 2026 a las 16:00:00 UTC-3","monza - udinese","./explore?q=monza%20-%20udinese&geo=AR"
"arsenal de sarandi","200+","29 de agosto de 2026 a las 16:30:00 UTC-3","29 de agosto de 2026 a las 18:10:00 UTC-3","arsenal de sarandi","./explore?q=arsenal%20de%20sarandi&geo=AR"
"federal a","200+","30 de agosto de 2026 a las 18:20:00 UTC-3","30 de agosto de 2026 a las 19:20:00 UTC-3","federal a","./explore?q=federal%20a&geo=AR"
"ucrania","200+","29 de agosto de 2026 a las 14:10:00 UTC-3","29 de agosto de 2026 a las 16:10:00 UTC-3","ucrania","./explore?q=ucrania&geo=AR"
"alan velasco","200+","28 de agosto de 2026 a las 13:20:00 UTC-3","28 de agosto de 2026 a las 23:00:00 UTC-3","alan velasco","./explore?q=alan%20velasco&geo=AR"
"necaxa - cruz azul","200+","28 de agosto de 2026 a las 22:10:00 UTC-3","28 de agosto de 2026 a las 23:50:00 UTC-3","necaxa - cruz azul","./explore?q=necaxa%20-%20cruz%20azul&geo=AR"
"andy kusnetzoff","200+","29 de agosto de 2026 a las 23:10:00 UTC-3","30 de agosto de 2026 a las 0:20:00 UTC-3","andy kusnetzoff,ph hoy","./explore?q=andy%20kusnetzoff&geo=AR"
"enzo","200+","30 de agosto de 2026 a las 10:20:00 UTC-3","30 de agosto de 2026 a las 12:10:00 UTC-3","enzo","./explore?q=enzo&geo=AR"
"curazao","200+","30 de agosto de 2026 a las 14:20:00 UTC-3","30 de agosto de 2026 a las 15:20:00 UTC-3","curazao","./explore?q=curazao&geo=AR"
"periódico","200+","29 de agosto de 2026 a las 15:00:00 UTC-3","29 de agosto de 2026 a las 16:30:00 UTC-3","periódico","./explore?q=peri%C3%B3dico&geo=AR"
"atlante - león","200+","28 de agosto de 2026 a las 23:30:00 UTC-3","29 de agosto de 2026 a las 1:30:00 UTC-3","atlante - león","./explore?q=atlante%20-%20le%C3%B3n&geo=AR"
"rb leipzig - mönchengladbach","200+","29 de agosto de 2026 a las 12:00:00 UTC-3","29 de agosto de 2026 a las 13:40:00 UTC-3","rb leipzig - mönchengladbach","./explore?q=rb%20leipzig%20-%20m%C3%B6nchengladbach&geo=AR"
"lanacion","200+","30 de agosto de 2026 a las 8:20:00 UTC-3","30 de agosto de 2026 a las 10:30:00 UTC-3","lanacion","./explore?q=lanacion&geo=AR"
"asociación atlética quimsa","200+","28 de agosto de 2026 a las 18:10:00 UTC-3","28 de agosto de 2026 a las 20:10:00 UTC-3","asociación atlética quimsa","./explore?q=asociaci%C3%B3n%20atl%C3%A9tica%20quimsa&geo=AR"
"james vowles","200+","28 de agosto de 2026 a las 18:30:00 UTC-3","29 de agosto de 2026 a las 12:00:00 UTC-3","james vowles","./explore?q=james%20vowles&geo=AR"
"peña biafore","200+","28 de agosto de 2026 a las 23:10:00 UTC-3","29 de agosto de 2026 a las 0:30:00 UTC-3","peña biafore","./explore?q=pe%C3%B1a%20biafore&geo=AR"
"la gallareta","200+","28 de agosto de 2026 a las 14:20:00 UTC-3","28 de agosto de 2026 a las 17:40:00 UTC-3","la gallareta","./explore?q=la%20gallareta&geo=AR"
"santos - tigres","200+","30 de agosto de 2026 a las 1:10:00 UTC-3","30 de agosto de 2026 a las 2:40:00 UTC-3","santos - tigres","./explore?q=santos%20-%20tigres&geo=AR"
"illojuan","200+","27 de agosto de 2026 a las 16:10:00 UTC-3","27 de agosto de 2026 a las 18:00:00 UTC-3","illojuan","./explore?q=illojuan&geo=AR"
"fulham","200+","27 de agosto de 2026 a las 16:40:00 UTC-3","27 de agosto de 2026 a las 18:40:00 UTC-3","fulham","./explore?q=fulham&geo=AR"
"reinaldo merlo","200+","28 de agosto de 2026 a las 18:50:00 UTC-3","28 de agosto de 2026 a las 20:50:00 UTC-3","reinaldo merlo","./explore?q=reinaldo%20merlo&geo=AR"
"anne hathaway","200+","30 de agosto de 2026 a las 9:50:00 UTC-3","30 de agosto de 2026 a las 10:50:00 UTC-3","anne hathaway,tom cruise","./explore?q=anne%20hathaway&geo=AR"
"gonzalo gelini","200+","30 de agosto de 2026 a las 12:00:00 UTC-3","30 de agosto de 2026 a las 13:00:00 UTC-3","gonzalo gelini","./explore?q=gonzalo%20gelini&geo=AR"
"al hilal","200+","28 de agosto de 2026 a las 15:40:00 UTC-3","28 de agosto de 2026 a las 17:20:00 UTC-3","al hilal","./explore?q=al%20hilal&geo=AR"
"rubius","200+","27 de agosto de 2026 a las 15:50:00 UTC-3","27 de agosto de 2026 a las 18:00:00 UTC-3","rubius","./explore?q=rubius&geo=AR"
"astrología china","200+","28 de agosto de 2026 a las 14:10:00 UTC-3","28 de agosto de 2026 a las 18:10:00 UTC-3","astrología china","./explore?q=astrolog%C3%ADa%20china&geo=AR"
"cristina cosentino","200+","29 de agosto de 2026 a las 13:40:00 UTC-3","29 de agosto de 2026 a las 14:50:00 UTC-3","cristina cosentino","./explore?q=cristina%20cosentino&geo=AR"
"alberto benegas lynch","200+","26 de agosto de 2026 a las 18:20:00 UTC-3","26 de agosto de 2026 a las 20:30:00 UTC-3","alberto benegas lynch","./explore?q=alberto%20benegas%20lynch&geo=AR"
"celta de vigo","200+","27 de agosto de 2026 a las 16:40:00 UTC-3","27 de agosto de 2026 a las 18:30:00 UTC-3","celta de vigo","./explore?q=celta%20de%20vigo&geo=AR"
"clima rosario","200+","31 de agosto de 2026 a las 7:10:00 UTC-3","31 de agosto de 2026 a las 7:30:00 UTC-3","clima rosario","./explore?q=clima%20rosario&geo=AR"
"eduardo domínguez","200+","27 de agosto de 2026 a las 12:40:00 UTC-3","27 de agosto de 2026 a las 14:30:00 UTC-3","eduardo domínguez","./explore?q=eduardo%20dom%C3%ADnguez&geo=AR"
"ilia topuria","200+","28 de agosto de 2026 a las 13:30:00 UTC-3","28 de agosto de 2026 a las 19:00:00 UTC-3","ilia topuria","./explore?q=ilia%20topuria&geo=AR"
"rover","200+","26 de agosto de 2026 a las 23:10:00 UTC-3","27 de agosto de 2026 a las 1:00:00 UTC-3","rover","./explore?q=rover&geo=AR"
"longoria","200+","27 de agosto de 2026 a las 13:20:00 UTC-3","27 de agosto de 2026 a las 16:00:00 UTC-3","longoria","./explore?q=longoria&geo=AR"
"bayern vs. stuttgart","200+","28 de agosto de 2026 a las 16:40:00 UTC-3","28 de agosto de 2026 a las 18:00:00 UTC-3","bayern vs. stuttgart","./explore?q=bayern%20vs.%20stuttgart&geo=AR"
"servicio militar obligatorio","200+","26 de agosto de 2026 a las 21:50:00 UTC-3","26 de agosto de 2026 a las 23:30:00 UTC-3","servicio militar obligatorio","./explore?q=servicio%20militar%20obligatorio&geo=AR"
"carril","200+","25 de agosto de 2026 a las 17:20:00 UTC-3","25 de agosto de 2026 a las 20:30:00 UTC-3","carril","./explore?q=carril&geo=AR"
"wrexham - birmingham city","200+","28 de agosto de 2026 a las 16:10:00 UTC-3","28 de agosto de 2026 a las 17:40:00 UTC-3","wrexham - birmingham city","./explore?q=wrexham%20-%20birmingham%20city&geo=AR"
"clima rio cuarto","200+","27 de agosto de 2026 a las 5:20:00 UTC-3","27 de agosto de 2026 a las 8:50:00 UTC-3","clima rio cuarto","./explore?q=clima%20rio%20cuarto&geo=AR"
"llaneros - millonarios","200+","27 de agosto de 2026 a las 20:20:00 UTC-3","27 de agosto de 2026 a las 21:40:00 UTC-3","llaneros - millonarios","./explore?q=llaneros%20-%20millonarios&geo=AR"
"leon fc","200+","29 de agosto de 2026 a las 0:10:00 UTC-3","29 de agosto de 2026 a las 1:50:00 UTC-3","leon fc","./explore?q=leon%20fc&geo=AR"
"shenyang j-16","200+","25 de agosto de 2026 a las 16:40:00 UTC-3","25 de agosto de 2026 a las 20:30:00 UTC-3","shenyang j-16","./explore?q=shenyang%20j-16&geo=AR"
"clima la plata","200+","27 de agosto de 2026 a las 0:40:00 UTC-3","27 de agosto de 2026 a las 7:50:00 UTC-3","clima la plata","./explore?q=clima%20la%20plata&geo=AR"
"cómo salió boca hoy","200+","29 de agosto de 2026 a las 0:00:00 UTC-3","29 de agosto de 2026 a las 1:00:00 UTC-3","cómo salió boca hoy,cómo salió boca juniors","./explore?q=c%C3%B3mo%20sali%C3%B3%20boca%20hoy&geo=AR"
"clima santa fe","200+","27 de agosto de 2026 a las 23:10:00 UTC-3","28 de agosto de 2026 a las 7:00:00 UTC-3","clima santa fe","./explore?q=clima%20santa%20fe&geo=AR"
"nicolás otamendi","200+","26 de agosto de 2026 a las 23:50:00 UTC-3","27 de agosto de 2026 a las 1:20:00 UTC-3","nicolás otamendi","./explore?q=nicol%C3%A1s%20otamendi&geo=AR"
"epic games store","200+","27 de agosto de 2026 a las 20:40:00 UTC-3","27 de agosto de 2026 a las 22:20:00 UTC-3","epic games store","./explore?q=epic%20games%20store&geo=AR"
"toluca","200+","26 de agosto de 2026 a las 22:40:00 UTC-3","27 de agosto de 2026 a las 0:10:00 UTC-3","toluca","./explore?q=toluca&geo=AR"
"apple tv","200+","29 de agosto de 2026 a las 21:10:00 UTC-3","29 de agosto de 2026 a las 21:50:00 UTC-3","apple tv","./explore?q=apple%20tv&geo=AR"
"javier milei","200+","25 de agosto de 2026 a las 23:20:00 UTC-3","26 de agosto de 2026 a las 1:00:00 UTC-3","javier milei","./explore?q=javier%20milei&geo=AR"
"radiación","200+","26 de agosto de 2026 a las 18:10:00 UTC-3","26 de agosto de 2026 a las 20:10:00 UTC-3","radiación","./explore?q=radiaci%C3%B3n&geo=AR"
"dylan aquino","200+","28 de agosto de 2026 a las 22:40:00 UTC-3","28 de agosto de 2026 a las 23:50:00 UTC-3","dylan aquino","./explore?q=dylan%20aquino&geo=AR"
"jurado de popstars","200+","27 de agosto de 2026 a las 22:10:00 UTC-3","27 de agosto de 2026 a las 23:30:00 UTC-3","jurado de popstars","./explore?q=jurado%20de%20popstars&geo=AR"
"hector larrea","200+","27 de agosto de 2026 a las 23:00:00 UTC-3","28 de agosto de 2026 a las 0:10:00 UTC-3","hector larrea","./explore?q=hector%20larrea&geo=AR"
"empleado público","200+","25 de agosto de 2026 a las 16:20:00 UTC-3","25 de agosto de 2026 a las 19:20:00 UTC-3","empleado público","./explore?q=empleado%20p%C3%BAblico&geo=AR"
"fever - sun","200+","28 de agosto de 2026 a las 20:50:00 UTC-3","28 de agosto de 2026 a las 21:50:00 UTC-3","fever - sun","./explore?q=fever%20-%20sun&geo=AR"
"herrera boca","200+","28 de agosto de 2026 a las 22:10:00 UTC-3","28 de agosto de 2026 a las 23:10:00 UTC-3","herrera boca","./explore?q=herrera%20boca&geo=AR"
"tiempo de hoy","200+","27 de agosto de 2026 a las 5:40:00 UTC-3","27 de agosto de 2026 a las 7:50:00 UTC-3","tiempo de hoy,clima quilmes,clima merlo","./explore?q=tiempo%20de%20hoy&geo=AR"
"yassir zabiri","200+","28 de agosto de 2026 a las 15:20:00 UTC-3","28 de agosto de 2026 a las 16:30:00 UTC-3","yassir zabiri","./explore?q=yassir%20zabiri&geo=AR"
"camionero","200+","26 de agosto de 2026 a las 19:10:00 UTC-3","26 de agosto de 2026 a las 20:30:00 UTC-3","camionero","./explore?q=camionero&geo=AR"
"maju lozano","200+","26 de agosto de 2026 a las 22:00:00 UTC-3","26 de agosto de 2026 a las 23:10:00 UTC-3","maju lozano","./explore?q=maju%20lozano&geo=AR"
"tim curry peliculas","200+","26 de agosto de 2026 a las 14:00:00 UTC-3","26 de agosto de 2026 a las 17:10:00 UTC-3","tim curry peliculas","./explore?q=tim%20curry%20peliculas&geo=AR"
"liga conferencia","200+","27 de agosto de 2026 a las 15:40:00 UTC-3","27 de agosto de 2026 a las 17:40:00 UTC-3","liga conferencia,getafe","./explore?q=liga%20conferencia&geo=AR"
"daniel torres","200+","26 de agosto de 2026 a las 23:30:00 UTC-3","27 de agosto de 2026 a las 0:40:00 UTC-3","daniel torres","./explore?q=daniel%20torres&geo=AR"
"brisa gallardo","200+","26 de agosto de 2026 a las 23:30:00 UTC-3","27 de agosto de 2026 a las 1:00:00 UTC-3","brisa gallardo","./explore?q=brisa%20gallardo&geo=AR"
"ajax","200+","27 de agosto de 2026 a las 15:40:00 UTC-3","27 de agosto de 2026 a las 16:50:00 UTC-3","ajax","./explore?q=ajax&geo=AR"
"posiciones de guayaquil city contra liga de quito","200+","29 de agosto de 2026 a las 21:10:00 UTC-3","29 de agosto de 2026 a las 21:40:00 UTC-3","posiciones de guayaquil city contra liga de quito","./explore?q=posiciones%20de%20guayaquil%20city%20contra%20liga%20de%20quito&geo=AR"
"facundo herrera boca","200+","28 de agosto de 2026 a las 22:10:00 UTC-3","28 de agosto de 2026 a las 22:50:00 UTC-3","facundo herrera boca,boca versus lanús","./explore?q=facundo%20herrera%20boca&geo=AR"
"aston villa football club","200+","26 de agosto de 2026 a las 12:40:00 UTC-3","26 de agosto de 2026 a las 15:30:00 UTC-3","aston villa football club","./explore?q=aston%20villa%20football%20club&geo=AR"
"gustavo bermudez","200+","27 de agosto de 2026 a las 13:20:00 UTC-3","27 de agosto de 2026 a las 14:30:00 UTC-3","gustavo bermudez","./explore?q=gustavo%20bermudez&geo=AR"
"documento de identidad electrónico","200+","26 de agosto de 2026 a las 18:20:00 UTC-3","26 de agosto de 2026 a las 20:00:00 UTC-3","documento de identidad electrónico","./explore?q=documento%20de%20identidad%20electr%C3%B3nico&geo=AR"
"como","200+","30 de agosto de 2026 a las 14:40:00 UTC-3","30 de agosto de 2026 a las 15:00:00 UTC-3","como","./explore?q=como&geo=AR"
"emergencia","200+","29 de agosto de 2026 a las 10:50:00 UTC-3","29 de agosto de 2026 a las 16:10:00 UTC-3","emergencia","./explore?q=emergencia&geo=AR"
"miguel monsalve","200+","25 de agosto de 2026 a las 21:50:00 UTC-3","25 de agosto de 2026 a las 23:20:00 UTC-3","miguel monsalve","./explore?q=miguel%20monsalve&geo=AR"
"suspensión de clases hoy","200+","26 de agosto de 2026 a las 7:20:00 UTC-3","26 de agosto de 2026 a las 8:40:00 UTC-3","suspensión de clases hoy","./explore?q=suspensi%C3%B3n%20de%20clases%20hoy&geo=AR"
"vasco da gama vs","200+","26 de agosto de 2026 a las 22:40:00 UTC-3","27 de agosto de 2026 a las 0:00:00 UTC-3","vasco da gama vs","./explore?q=vasco%20da%20gama%20vs&geo=AR"
"tiempo para hoy","200+","27 de agosto de 2026 a las 6:10:00 UTC-3","27 de agosto de 2026 a las 8:10:00 UTC-3","tiempo para hoy","./explore?q=tiempo%20para%20hoy&geo=AR"
"pronostico extendido","200+","27 de agosto de 2026 a las 5:40:00 UTC-3","27 de agosto de 2026 a las 7:20:00 UTC-3","pronostico extendido","./explore?q=pronostico%20extendido&geo=AR"
"tiver","200+","26 de agosto de 2026 a las 23:40:00 UTC-3","27 de agosto de 2026 a las 1:00:00 UTC-3","tiver","./explore?q=tiver&geo=AR"
"quiniela chaqueña","200+","29 de agosto de 2026 a las 22:30:00 UTC-3","29 de agosto de 2026 a las 23:10:00 UTC-3","quiniela chaqueña","./explore?q=quiniela%20chaque%C3%B1a&geo=AR"
"futbol hoy","200+","27 de agosto de 2026 a las 0:00:00 UTC-3","27 de agosto de 2026 a las 0:50:00 UTC-3","futbol hoy","./explore?q=futbol%20hoy&geo=AR"
"noruega","200+","25 de agosto de 2026 a las 21:00:00 UTC-3","25 de agosto de 2026 a las 22:30:00 UTC-3","noruega","./explore?q=noruega&geo=AR"
"popstar","200+","25 de agosto de 2026 a las 21:50:00 UTC-3","25 de agosto de 2026 a las 23:20:00 UTC-3","popstar","./explore?q=popstar&geo=AR"
"clima bahia blanca","200+","26 de agosto de 2026 a las 0:40:00 UTC-3","26 de agosto de 2026 a las 8:20:00 UTC-3","clima bahia blanca","./explore?q=clima%20bahia%20blanca&geo=AR"
"venezuela","200+","26 de agosto de 2026 a las 15:30:00 UTC-3","26 de agosto de 2026 a las 16:30:00 UTC-3","venezuela","./explore?q=venezuela&geo=AR"
"el zonda","200+","26 de agosto de 2026 a las 13:50:00 UTC-3","26 de agosto de 2026 a las 15:10:00 UTC-3","el zonda","./explore?q=el%20zonda&geo=AR"
"claudia ciardone","200+","25 de agosto de 2026 a las 9:20:00 UTC-3","25 de agosto de 2026 a las 11:00:00 UTC-3","claudia ciardone","./explore?q=claudia%20ciardone&geo=AR"
"accidente","200+","29 de agosto de 2026 a las 10:10:00 UTC-3","29 de agosto de 2026 a las 10:40:00 UTC-3","accidente","./explore?q=accidente&geo=AR"
"culturismo","200+","26 de agosto de 2026 a las 18:00:00 UTC-3","26 de agosto de 2026 a las 19:00:00 UTC-3","culturismo","./explore?q=culturismo&geo=AR"
"clima san juan","200+","26 de agosto de 2026 a las 6:40:00 UTC-3","26 de agosto de 2026 a las 8:30:00 UTC-3","clima san juan","./explore?q=clima%20san%20juan&geo=AR"
"montiel","200+","26 de agosto de 2026 a las 23:00:00 UTC-3","26 de agosto de 2026 a las 23:50:00 UTC-3","montiel","./explore?q=montiel&geo=AR"
"moron","200+","26 de agosto de 2026 a las 22:20:00 UTC-3","26 de agosto de 2026 a las 23:10:00 UTC-3","moron","./explore?q=moron&geo=AR"
"agustina picasso","200+","25 de agosto de 2026 a las 19:40:00 UTC-3","25 de agosto de 2026 a las 20:40:00 UTC-3","agustina picasso","./explore?q=agustina%20picasso&geo=AR"
"iphone 18","200+","27 de agosto de 2026 a las 16:30:00 UTC-3","27 de agosto de 2026 a las 23:20:00 UTC-3","iphone 18","./explore?q=iphone%2018&geo=AR"
"angel correa","200+","26 de agosto de 2026 a las 22:50:00 UTC-3","26 de agosto de 2026 a las 23:50:00 UTC-3","angel correa","./explore?q=angel%20correa&geo=AR"
"colidio","200+","26 de agosto de 2026 a las 23:20:00 UTC-3","27 de agosto de 2026 a las 0:10:00 UTC-3","colidio","./explore?q=colidio&geo=AR"
"gran hermano","200+","25 de agosto de 2026 a las 13:20:00 UTC-3","25 de agosto de 2026 a las 14:10:00 UTC-3","gran hermano","./explore?q=gran%20hermano&geo=AR"
"b nacional","200+","26 de agosto de 2026 a las 17:10:00 UTC-3","26 de agosto de 2026 a las 17:50:00 UTC-3","b nacional","./explore?q=b%20nacional&geo=AR"
"nueva volkswagen amarok 2027","200+","25 de agosto de 2026 a las 15:40:00 UTC-3","26 de agosto de 2026 a las 1:00:00 UTC-3","nueva volkswagen amarok 2027","./explore?q=nueva%20volkswagen%20amarok%202027&geo=AR"
"clima la plata","100+","1 de septiembre de 2026 a las 6:40:00 UTC-3","1 de septiembre de 2026 a las 7:50:00 UTC-3","clima la plata","./explore?q=clima%20la%20plata&geo=AR"
"evangelio de hoy","100+","1 de septiembre de 2026 a las 7:20:00 UTC-3","1 de septiembre de 2026 a las 8:00:00 UTC-3","evangelio de hoy","./explore?q=evangelio%20de%20hoy&geo=AR"
"fiba","100+","31 de agosto de 2026 a las 22:00:00 UTC-3","31 de agosto de 2026 a las 23:10:00 UTC-3","fiba","./explore?q=fiba&geo=AR"
"clima posadas","100+","1 de septiembre de 2026 a las 2:40:00 UTC-3","1 de septiembre de 2026 a las 6:40:00 UTC-3","clima posadas","./explore?q=clima%20posadas&geo=AR"
"norma lezana","100+","31 de agosto de 2026 a las 21:40:00 UTC-3","31 de agosto de 2026 a las 22:40:00 UTC-3","norma lezana","./explore?q=norma%20lezana&geo=AR"
"alexander walker","100+","31 de agosto de 2026 a las 22:00:00 UTC-3","31 de agosto de 2026 a las 22:50:00 UTC-3","alexander walker","./explore?q=alexander%20walker&geo=AR"
"john galliano","100+","31 de agosto de 2026 a las 22:30:00 UTC-3","31 de agosto de 2026 a las 23:30:00 UTC-3","john galliano","./explore?q=john%20galliano&geo=AR"
"shang juncheng","100+","31 de agosto de 2026 a las 21:30:00 UTC-3","31 de agosto de 2026 a las 22:20:00 UTC-3","shang juncheng","./explore?q=shang%20juncheng&geo=AR"
"rhode","100+","31 de agosto de 2026 a las 23:50:00 UTC-3","1 de septiembre de 2026 a las 0:30:00 UTC-3","rhode","./explore?q=rhode&geo=AR"
"braga fc","100+","31 de agosto de 2026 a las 17:40:00 UTC-3","31 de agosto de 2026 a las 18:40:00 UTC-3","braga fc","./explore?q=braga%20fc&geo=AR"
"secretario judicial","100+","31 de agosto de 2026 a las 23:40:00 UTC-3","1 de septiembre de 2026 a las 0:20:00 UTC-3","secretario judicial","./explore?q=secretario%20judicial&geo=AR"
"olivia rodrigo","100+","31 de agosto de 2026 a las 22:30:00 UTC-3","31 de agosto de 2026 a las 23:10:00 UTC-3","olivia rodrigo","./explore?q=olivia%20rodrigo&geo=AR"
"román andrés burruchaga","100+","31 de agosto de 2026 a las 19:50:00 UTC-3","31 de agosto de 2026 a las 20:30:00 UTC-3","román andrés burruchaga","./explore?q=rom%C3%A1n%20andr%C3%A9s%20burruchaga&geo=AR"
"netflix top movies right now","100+","31 de agosto de 2026 a las 18:50:00 UTC-3","31 de agosto de 2026 a las 19:30:00 UTC-3","netflix top movies right now","./explore?q=netflix%20top%20movies%20right%20now&geo=AR"
"vicuña mackenna","100+","31 de agosto de 2026 a las 14:30:00 UTC-3","31 de agosto de 2026 a las 15:30:00 UTC-3","vicuña mackenna","./explore?q=vicu%C3%B1a%20mackenna&geo=AR"
"valentina salcedo","100+","31 de agosto de 2026 a las 10:30:00 UTC-3","31 de agosto de 2026 a las 11:30:00 UTC-3","valentina salcedo","./explore?q=valentina%20salcedo&geo=AR"
"trabzonspor","100+","31 de agosto de 2026 a las 17:40:00 UTC-3","31 de agosto de 2026 a las 18:10:00 UTC-3","trabzonspor","./explore?q=trabzonspor&geo=AR"
"el clima","100+","31 de agosto de 2026 a las 5:50:00 UTC-3","31 de agosto de 2026 a las 7:30:00 UTC-3","el clima","./explore?q=el%20clima&geo=AR"
"tsitsipas","100+","31 de agosto de 2026 a las 15:20:00 UTC-3","31 de agosto de 2026 a las 16:00:00 UTC-3","tsitsipas","./explore?q=tsitsipas&geo=AR"
"el once digital","100+","31 de agosto de 2026 a las 7:10:00 UTC-3","31 de agosto de 2026 a las 8:10:00 UTC-3","el once digital","./explore?q=el%20once%20digital&geo=AR"
"goat","100+","31 de agosto de 2026 a las 16:10:00 UTC-3","31 de agosto de 2026 a las 16:50:00 UTC-3","goat","./explore?q=goat&geo=AR"
"charlotte hodson","100+","31 de agosto de 2026 a las 12:40:00 UTC-3","31 de agosto de 2026 a las 13:40:00 UTC-3","charlotte hodson","./explore?q=charlotte%20hodson&geo=AR"
"millonarios","100+","30 de agosto de 2026 a las 21:50:00 UTC-3","30 de agosto de 2026 a las 23:00:00 UTC-3","millonarios","./explore?q=millonarios&geo=AR"
"godoy cruz hoy","100+","30 de agosto de 2026 a las 19:40:00 UTC-3","30 de agosto de 2026 a las 20:50:00 UTC-3","godoy cruz hoy","./explore?q=godoy%20cruz%20hoy&geo=AR"
"salta","100+","31 de agosto de 2026 a las 18:50:00 UTC-3","31 de agosto de 2026 a las 19:10:00 UTC-3","salta","./explore?q=salta&geo=AR"
"ceferino","100+","30 de agosto de 2026 a las 8:40:00 UTC-3","30 de agosto de 2026 a las 11:20:00 UTC-3","ceferino","./explore?q=ceferino&geo=AR"
"pronostico extendido","100+","31 de agosto de 2026 a las 6:30:00 UTC-3","31 de agosto de 2026 a las 7:40:00 UTC-3","pronostico extendido","./explore?q=pronostico%20extendido&geo=AR"
"nicolás iván gonzález","100+","30 de agosto de 2026 a las 15:40:00 UTC-3","30 de agosto de 2026 a las 16:50:00 UTC-3","nicolás iván gonzález","./explore?q=nicol%C3%A1s%20iv%C3%A1n%20gonz%C3%A1lez&geo=AR"
"sc telstar - ajax","100+","30 de agosto de 2026 a las 13:30:00 UTC-3","30 de agosto de 2026 a las 14:40:00 UTC-3","sc telstar - ajax","./explore?q=sc%20telstar%20-%20ajax&geo=AR"
"adrian suar","100+","30 de agosto de 2026 a las 23:10:00 UTC-3","31 de agosto de 2026 a las 0:00:00 UTC-3","adrian suar","./explore?q=adrian%20suar&geo=AR"
"julia roberts","100+","30 de agosto de 2026 a las 17:50:00 UTC-3","30 de agosto de 2026 a las 18:40:00 UTC-3","julia roberts","./explore?q=julia%20roberts&geo=AR"
"julieta poggio","100+","29 de agosto de 2026 a las 23:00:00 UTC-3","30 de agosto de 2026 a las 0:10:00 UTC-3","julieta poggio","./explore?q=julieta%20poggio&geo=AR"
"chelsea football club","100+","30 de agosto de 2026 a las 11:20:00 UTC-3","30 de agosto de 2026 a las 12:30:00 UTC-3","chelsea football club","./explore?q=chelsea%20football%20club&geo=AR"
"clima rio cuarto","100+","31 de agosto de 2026 a las 12:50:00 UTC-3","31 de agosto de 2026 a las 13:10:00 UTC-3","clima rio cuarto","./explore?q=clima%20rio%20cuarto&geo=AR"
"marta luisa de noruega","100+","30 de agosto de 2026 a las 16:40:00 UTC-3","30 de agosto de 2026 a las 17:30:00 UTC-3","marta luisa de noruega","./explore?q=marta%20luisa%20de%20noruega&geo=AR"
"quiniela de cordoba","100+","29 de agosto de 2026 a las 18:30:00 UTC-3","29 de agosto de 2026 a las 19:40:00 UTC-3","quiniela de cordoba","./explore?q=quiniela%20de%20cordoba&geo=AR"
"clima necochea","100+","30 de agosto de 2026 a las 0:00:00 UTC-3","30 de agosto de 2026 a las 1:10:00 UTC-3","clima necochea","./explore?q=clima%20necochea&geo=AR"
"clima salta","100+","31 de agosto de 2026 a las 6:30:00 UTC-3","31 de agosto de 2026 a las 7:30:00 UTC-3","clima salta","./explore?q=clima%20salta&geo=AR"
"joaquin furriel","100+","30 de agosto de 2026 a las 0:10:00 UTC-3","30 de agosto de 2026 a las 1:10:00 UTC-3","joaquin furriel","./explore?q=joaquin%20furriel&geo=AR"
"pachuca - guadalajara","100+","29 de agosto de 2026 a las 20:20:00 UTC-3","29 de agosto de 2026 a las 21:20:00 UTC-3","pachuca - guadalajara","./explore?q=pachuca%20-%20guadalajara&geo=AR"
"chicago","100+","30 de agosto de 2026 a las 21:40:00 UTC-3","30 de agosto de 2026 a las 22:40:00 UTC-3","chicago","./explore?q=chicago&geo=AR"
"manchester","100+","30 de agosto de 2026 a las 14:10:00 UTC-3","30 de agosto de 2026 a las 15:00:00 UTC-3","manchester","./explore?q=manchester&geo=AR"
"dogo","100+","29 de agosto de 2026 a las 19:30:00 UTC-3","29 de agosto de 2026 a las 20:40:00 UTC-3","dogo","./explore?q=dogo&geo=AR"
"brian buley","100+","30 de agosto de 2026 a las 15:10:00 UTC-3","30 de agosto de 2026 a las 15:50:00 UTC-3","brian buley","./explore?q=brian%20buley&geo=AR"
"clima santa rosa","100+","29 de agosto de 2026 a las 18:30:00 UTC-3","29 de agosto de 2026 a las 19:40:00 UTC-3","clima santa rosa","./explore?q=clima%20santa%20rosa&geo=AR"
"toluca - juárez","100+","30 de agosto de 2026 a las 21:50:00 UTC-3","30 de agosto de 2026 a las 22:20:00 UTC-3","toluca - juárez","./explore?q=toluca%20-%20ju%C3%A1rez&geo=AR"
"ingrid grudke pareja","100+","29 de agosto de 2026 a las 23:00:00 UTC-3","30 de agosto de 2026 a las 0:00:00 UTC-3","ingrid grudke pareja","./explore?q=ingrid%20grudke%20pareja&geo=AR"
"serie argentina netflix","100+","30 de agosto de 2026 a las 15:10:00 UTC-3","30 de agosto de 2026 a las 15:40:00 UTC-3","serie argentina netflix","./explore?q=serie%20argentina%20netflix&geo=AR"
"liga italiana","100+","30 de agosto de 2026 a las 14:40:00 UTC-3","30 de agosto de 2026 a las 15:20:00 UTC-3","liga italiana","./explore?q=liga%20italiana&geo=AR"
"lens fc","100+","29 de agosto de 2026 a las 13:40:00 UTC-3","29 de agosto de 2026 a las 14:40:00 UTC-3","lens fc","./explore?q=lens%20fc&geo=AR"
"clima mar del plata","100+","31 de agosto de 2026 a las 6:40:00 UTC-3","31 de agosto de 2026 a las 7:00:00 UTC-3","clima mar del plata","./explore?q=clima%20mar%20del%20plata&geo=AR"
"defensor sporting - torque","100+","29 de agosto de 2026 a las 17:40:00 UTC-3","29 de agosto de 2026 a las 18:30:00 UTC-3","defensor sporting - torque","./explore?q=defensor%20sporting%20-%20torque&geo=AR"
"nueva camiseta de boca","100+","28 de agosto de 2026 a las 22:50:00 UTC-3","29 de agosto de 2026 a las 0:00:00 UTC-3","nueva camiseta de boca","./explore?q=nueva%20camiseta%20de%20boca&geo=AR"
"tarjeta de crédito","100+","29 de agosto de 2026 a las 19:30:00 UTC-3","29 de agosto de 2026 a las 20:20:00 UTC-3","tarjeta de crédito","./explore?q=tarjeta%20de%20cr%C3%A9dito&geo=AR"
"diario el dia","100+","30 de agosto de 2026 a las 8:40:00 UTC-3","30 de agosto de 2026 a las 9:40:00 UTC-3","diario el dia","./explore?q=diario%20el%20dia&geo=AR"
"una mujer sin pasado","100+","29 de agosto de 2026 a las 22:30:00 UTC-3","29 de agosto de 2026 a las 23:20:00 UTC-3","una mujer sin pasado","./explore?q=una%20mujer%20sin%20pasado&geo=AR"
"chelse","100+","30 de agosto de 2026 a las 12:20:00 UTC-3","30 de agosto de 2026 a las 13:00:00 UTC-3","chelse","./explore?q=chelse&geo=AR"
"primera","100+","28 de agosto de 2026 a las 23:30:00 UTC-3","29 de agosto de 2026 a las 0:30:00 UTC-3","primera","./explore?q=primera&geo=AR"
"moto gp","100+","29 de agosto de 2026 a las 8:50:00 UTC-3","29 de agosto de 2026 a las 10:00:00 UTC-3","moto gp","./explore?q=moto%20gp&geo=AR"
"técnico universitario - dep. cuenca","100+","28 de agosto de 2026 a las 21:20:00 UTC-3","28 de agosto de 2026 a las 22:10:00 UTC-3","técnico universitario - dep. cuenca","./explore?q=t%C3%A9cnico%20universitario%20-%20dep.%20cuenca&geo=AR"
"maría susini","100+","28 de agosto de 2026 a las 7:40:00 UTC-3","28 de agosto de 2026 a las 8:40:00 UTC-3","maría susini","./explore?q=mar%C3%ADa%20susini&geo=AR"
"ridley scott","100+","27 de agosto de 2026 a las 18:10:00 UTC-3","27 de agosto de 2026 a las 19:40:00 UTC-3","ridley scott","./explore?q=ridley%20scott&geo=AR"
"cobresal - palestino","100+","28 de agosto de 2026 a las 20:10:00 UTC-3","28 de agosto de 2026 a las 21:20:00 UTC-3","cobresal - palestino","./explore?q=cobresal%20-%20palestino&geo=AR"
"bolivia","100+","29 de agosto de 2026 a las 13:10:00 UTC-3","29 de agosto de 2026 a las 14:00:00 UTC-3","bolivia","./explore?q=bolivia&geo=AR"
"columbus crew - new england","100+","30 de agosto de 2026 a las 18:40:00 UTC-3","30 de agosto de 2026 a las 19:00:00 UTC-3","columbus crew - new england","./explore?q=columbus%20crew%20-%20new%20england&geo=AR"
"joão pedro","100+","30 de agosto de 2026 a las 12:30:00 UTC-3","30 de agosto de 2026 a las 13:00:00 UTC-3","joão pedro","./explore?q=jo%C3%A3o%20pedro&geo=AR"
"fabricaciones militares","100+","29 de agosto de 2026 a las 10:10:00 UTC-3","29 de agosto de 2026 a las 11:10:00 UTC-3","fabricaciones militares","./explore?q=fabricaciones%20militares&geo=AR"
"datachaco","100+","31 de agosto de 2026 a las 7:30:00 UTC-3","31 de agosto de 2026 a las 7:50:00 UTC-3","datachaco","./explore?q=datachaco&geo=AR"
"toda la verdad de mis mentiras","100+","29 de agosto de 2026 a las 21:40:00 UTC-3","29 de agosto de 2026 a las 22:20:00 UTC-3","toda la verdad de mis mentiras","./explore?q=toda%20la%20verdad%20de%20mis%20mentiras&geo=AR"
"juan barinaga","100+","29 de agosto de 2026 a las 21:10:00 UTC-3","29 de agosto de 2026 a las 21:40:00 UTC-3","juan barinaga","./explore?q=juan%20barinaga&geo=AR"
"cuba","100+","29 de agosto de 2026 a las 15:00:00 UTC-3","29 de agosto de 2026 a las 15:40:00 UTC-3","cuba","./explore?q=cuba&geo=AR"
"motogp","100+","29 de agosto de 2026 a las 9:40:00 UTC-3","29 de agosto de 2026 a las 10:50:00 UTC-3","motogp","./explore?q=motogp&geo=AR"
"bayern vs","100+","28 de agosto de 2026 a las 16:40:00 UTC-3","28 de agosto de 2026 a las 17:30:00 UTC-3","bayern vs","./explore?q=bayern%20vs&geo=AR"
"corrupción","100+","29 de agosto de 2026 a las 19:20:00 UTC-3","29 de agosto de 2026 a las 19:50:00 UTC-3","corrupción","./explore?q=corrupci%C3%B3n&geo=AR"
"faustino oro","100+","25 de agosto de 2026 a las 9:30:00 UTC-3","25 de agosto de 2026 a las 16:10:00 UTC-3","faustino oro","./explore?q=faustino%20oro&geo=AR"
"cronica","100+","31 de agosto de 2026 a las 7:00:00 UTC-3","31 de agosto de 2026 a las 7:20:00 UTC-3","cronica","./explore?q=cronica&geo=AR"
"usman nurmagomedov","100+","29 de agosto de 2026 a las 12:50:00 UTC-3","29 de agosto de 2026 a las 13:40:00 UTC-3","usman nurmagomedov","./explore?q=usman%20nurmagomedov&geo=AR"
"lyon vs","100+","26 de agosto de 2026 a las 17:30:00 UTC-3","26 de agosto de 2026 a las 18:40:00 UTC-3","lyon vs","./explore?q=lyon%20vs&geo=AR"
"el tiempo hoy","100+","27 de agosto de 2026 a las 6:00:00 UTC-3","27 de agosto de 2026 a las 7:40:00 UTC-3","el tiempo hoy","./explore?q=el%20tiempo%20hoy&geo=AR"
"tv publica","100+","29 de agosto de 2026 a las 12:40:00 UTC-3","29 de agosto de 2026 a las 13:20:00 UTC-3","tv publica","./explore?q=tv%20publica&geo=AR"
"clima concordia","100+","28 de agosto de 2026 a las 1:30:00 UTC-3","28 de agosto de 2026 a las 2:30:00 UTC-3","clima concordia","./explore?q=clima%20concordia&geo=AR"
"valencia vs","100+","30 de agosto de 2026 a las 16:00:00 UTC-3","30 de agosto de 2026 a las 16:20:00 UTC-3","valencia vs","./explore?q=valencia%20vs&geo=AR"
"dua lipa","100+","29 de agosto de 2026 a las 10:00:00 UTC-3","29 de agosto de 2026 a las 10:40:00 UTC-3","dua lipa","./explore?q=dua%20lipa&geo=AR"
"everton","100+","29 de agosto de 2026 a las 13:00:00 UTC-3","29 de agosto de 2026 a las 13:30:00 UTC-3","everton","./explore?q=everton&geo=AR"
"sydney sweeney","100+","26 de agosto de 2026 a las 8:20:00 UTC-3","26 de agosto de 2026 a las 9:30:00 UTC-3","sydney sweeney","./explore?q=sydney%20sweeney&geo=AR"
"consejo de la magistratura","100+","25 de agosto de 2026 a las 20:40:00 UTC-3","25 de agosto de 2026 a las 21:50:00 UTC-3","consejo de la magistratura","./explore?q=consejo%20de%20la%20magistratura&geo=AR"
"diego gómez","100+","30 de agosto de 2026 a las 12:10:00 UTC-3","30 de agosto de 2026 a las 12:30:00 UTC-3","diego gómez","./explore?q=diego%20g%C3%B3mez&geo=AR"
"america vs","100+","27 de agosto de 2026 a las 0:40:00 UTC-3","27 de agosto de 2026 a las 1:30:00 UTC-3","america vs","./explore?q=america%20vs&geo=AR"
"real betis","100+","25 de agosto de 2026 a las 17:40:00 UTC-3","25 de agosto de 2026 a las 18:50:00 UTC-3","real betis","./explore?q=real%20betis&geo=AR"
"clima cipolletti","100+","29 de agosto de 2026 a las 1:50:00 UTC-3","29 de agosto de 2026 a las 2:30:00 UTC-3","clima cipolletti","./explore?q=clima%20cipolletti&geo=AR"
"windy","100+","27 de agosto de 2026 a las 6:40:00 UTC-3","27 de agosto de 2026 a las 12:30:00 UTC-3","windy","./explore?q=windy&geo=AR"
"luciano darderi","100+","26 de agosto de 2026 a las 15:50:00 UTC-3","26 de agosto de 2026 a las 16:40:00 UTC-3","luciano darderi","./explore?q=luciano%20darderi&geo=AR"
"banco de santa fe","100+","26 de agosto de 2026 a las 13:00:00 UTC-3","26 de agosto de 2026 a las 15:00:00 UTC-3","banco de santa fe","./explore?q=banco%20de%20santa%20fe&geo=AR"
"disney+","100+","28 de agosto de 2026 a las 16:20:00 UTC-3","28 de agosto de 2026 a las 17:00:00 UTC-3","disney+","./explore?q=disney%2B&geo=AR"
"mendoza post","100+","26 de agosto de 2026 a las 7:10:00 UTC-3","26 de agosto de 2026 a las 8:20:00 UTC-3","mendoza post","./explore?q=mendoza%20post&geo=AR"
"borre river","100+","27 de agosto de 2026 a las 0:20:00 UTC-3","27 de agosto de 2026 a las 1:00:00 UTC-3","borre river","./explore?q=borre%20river&geo=AR"
"mad max","100+","30 de agosto de 2026 a las 0:20:00 UTC-3","30 de agosto de 2026 a las 0:40:00 UTC-3","mad max","./explore?q=mad%20max&geo=AR"
"tornado francia","100+","25 de agosto de 2026 a las 10:20:00 UTC-3","25 de agosto de 2026 a las 11:30:00 UTC-3","tornado francia","./explore?q=tornado%20francia&geo=AR"
"dana white contender series","100+","25 de agosto de 2026 a las 20:30:00 UTC-3","25 de agosto de 2026 a las 21:20:00 UTC-3","dana white contender series","./explore?q=dana%20white%20contender%20series&geo=AR"
"luisana lopilato","100+","29 de agosto de 2026 a las 8:50:00 UTC-3","29 de agosto de 2026 a las 9:10:00 UTC-3","luisana lopilato","./explore?q=luisana%20lopilato&geo=AR"
"clima para hoy","100+","27 de agosto de 2026 a las 5:50:00 UTC-3","27 de agosto de 2026 a las 7:00:00 UTC-3","clima para hoy","./explore?q=clima%20para%20hoy&geo=AR"
"cruzeiro vs. atlético mineiro","100+","25 de agosto de 2026 a las 22:50:00 UTC-3","25 de agosto de 2026 a las 23:40:00 UTC-3","cruzeiro vs. atlético mineiro","./explore?q=cruzeiro%20vs.%20atl%C3%A9tico%20mineiro&geo=AR"
"sector público","100+","25 de agosto de 2026 a las 10:10:00 UTC-3","25 de agosto de 2026 a las 11:00:00 UTC-3","sector público","./explore?q=sector%20p%C3%BAblico&geo=AR"
"juventude - crb","100+","25 de agosto de 2026 a las 20:10:00 UTC-3","25 de agosto de 2026 a las 20:50:00 UTC-3","juventude - crb","./explore?q=juventude%20-%20crb&geo=AR"
"liga italiana","100+","29 de agosto de 2026 a las 15:10:00 UTC-3","29 de agosto de 2026 a las 15:30:00 UTC-3","liga italiana","./explore?q=liga%20italiana&geo=AR"
"majo riera","100+","26 de agosto de 2026 a las 15:30:00 UTC-3","26 de agosto de 2026 a las 16:00:00 UTC-3","majo riera","./explore?q=majo%20riera&geo=AR"
"efemerides de hoy","100+","29 de agosto de 2026 a las 11:00:00 UTC-3","29 de agosto de 2026 a las 11:20:00 UTC-3","efemerides de hoy","./explore?q=efemerides%20de%20hoy&geo=AR"
"ruta nacional 237","100+","25 de agosto de 2026 a las 20:00:00 UTC-3","25 de agosto de 2026 a las 20:30:00 UTC-3","ruta nacional 237","./explore?q=ruta%20nacional%20237&geo=AR"
"primera división de arabia saudita","100+","25 de agosto de 2026 a las 17:10:00 UTC-3","25 de agosto de 2026 a las 17:50:00 UTC-3","primera división de arabia saudita","./explore?q=primera%20divisi%C3%B3n%20de%20arabia%20saudita&geo=AR"
"roberto cachanosky","100+","25 de agosto de 2026 a las 11:20:00 UTC-3","25 de agosto de 2026 a las 12:20:00 UTC-3","roberto cachanosky","./explore?q=roberto%20cachanosky&geo=AR"
"diario huarpe","100+","28 de agosto de 2026 a las 7:50:00 UTC-3","28 de agosto de 2026 a las 8:20:00 UTC-3","diario huarpe","./explore?q=diario%20huarpe&geo=AR"
"marisa mondino","100+","25 de agosto de 2026 a las 18:10:00 UTC-3","25 de agosto de 2026 a las 18:40:00 UTC-3","marisa mondino","./explore?q=marisa%20mondino&geo=AR"
"fiba","100+","27 de agosto de 2026 a las 21:10:00 UTC-3","27 de agosto de 2026 a las 21:30:00 UTC-3","fiba","./explore?q=fiba&geo=AR"
"derecho laboral","100+","27 de agosto de 2026 a las 15:50:00 UTC-3","27 de agosto de 2026 a las 16:10:00 UTC-3","derecho laboral","./explore?q=derecho%20laboral&geo=AR"
"rio de janeiro","100+","26 de agosto de 2026 a las 15:00:00 UTC-3","26 de agosto de 2026 a las 15:20:00 UTC-3","rio de janeiro","./explore?q=rio%20de%20janeiro&geo=AR"
"the beatles day tripper (songwriting work tape)","100+","27 de agosto de 2026 a las 18:50:00 UTC-3","27 de agosto de 2026 a las 19:10:00 UTC-3","the beatles day tripper (songwriting work tape)","./explore?q=the%20beatles%20day%20tripper%20%28songwriting%20work%20tape%29&geo=AR"
"tw","100+","27 de agosto de 2026 a las 17:00:00 UTC-3","27 de agosto de 2026 a las 17:20:00 UTC-3","tw","./explore?q=tw&geo=AR"
"excursionistas","100+","25 de agosto de 2026 a las 22:20:00 UTC-3","25 de agosto de 2026 a las 22:40:00 UTC-3","excursionistas","./explore?q=excursionistas&geo=AR"
"dia de que es hoy","100+","25 de agosto de 2026 a las 14:00:00 UTC-3","25 de agosto de 2026 a las 14:20:00 UTC-3","dia de que es hoy","./explore?q=dia%20de%20que%20es%20hoy&geo=AR"
"mercedes kvedaras","100+","25 de agosto de 2026 a las 15:30:00 UTC-3","25 de agosto de 2026 a las 15:50:00 UTC-3","mercedes kvedaras","./explore?q=mercedes%20kvedaras&geo=AR"