"Tendencias","Volumen de búsquedas","Inicio","Finalizada","Desglose de tendencias","Enlace a Explorar"
"palmeiras x são paulo","2 M+","12 de septiembre de 2026 a las 8:00:00 UTC-3",,"palmeiras x são paulo,classificações de sociedade esportiva palmeiras x são paulo futebol clube,palmeiras-são paulo,palmeiras,palmeiras x sao paulo,palmeiras x,são paulo-palmeiras,tabela do brasileirão,sao paulo x palmeiras,sao paulo,palmeiras e sao paulo,resultado do jogo palmeiras-são paulo,palmeiras hoje,palmeiras e são paulo,resultado do jogo do palmeiras-são paulo,onde assistir sociedade esportiva palmeiras x são paulo futebol clube,jogo do palmeiras,palmeiras vs são paulo,jogo do palmeiras-são paulo,palmeiras - são paulo,sao paulo e palmeiras,onde assistir palmeiras-são paulo,são paulo,são paulo x palmeiras,escalações de sociedade esportiva palmeiras x são paulo futebol clube,sociedade esportiva palmeiras,palmeiras x sao paulo onde assistir,palmeiras x são paulo onde assistir,resultado de palmeiras-são paulo,spfc,estatísticas de sociedade esportiva palmeiras x são paulo futebol clube,jogo palmeiras,jogo palmeiras hoje,quanto tá o jogo do palmeiras-são paulo,onde assistir palmeiras hoje,resultado do jogo são paulo-palmeiras,jogo do palmeiras hoje,resultado do jogo do são paulo-palmeiras,jogo do são paulo-palmeiras,jogo do sao paulo,palmeiras onde assistir,palmeiras sao paulo,são paulo e palmeiras,tabela do brasileirão atualizada,são paulo futebol clube,onde assistir o jogo do palmeiras hoje,palmeira,palmeiras fc,jogo sao paulo,onde assistir palmeiras,onde vai passar o jogo do palmeiras,são paulo x,vitor roque,palmeiras ao vivo,jogo palmeiras-são paulo,onde assistir são paulo-palmeiras,resultado de são paulo-palmeiras,onde assistir palmeiras x sao paulo,onde assistir palmeiras-são paulo hoje,que hora é o jogo do palmeiras-são paulo,palmeiras-são paulo ao vivo,jogo do palmeiras hoje onde assistir,onde assistir palmeiras e são paulo,palmeiras hoje onde assistir,sociedade esportiva palmeiras x são paulo futebol clube,palmeiras-são paulo onde assistir,palmeiras x são paulo ao vivo,placar do jogo do palmeiras,sao paulo palmeiras,palmeiras e sao paulo onde assistir,palmeiras x são paulo ao vivo grátis,palmeiras são paulo,spfc x,palmeiras x sp,choque-rei,onde assistir o jogo do palmeiras,são paulo hoje,onde assistir o jogo do palmeiras-são paulo,sao paulo x palmeiras onde assistir,sao paulo onde assistir,resultado do jogo de palmeiras-são paulo,jogo são paulo-palmeiras,palmeiras vs sao paulo,jogos de sociedade esportiva palmeiras,aonde assistir palmeiras-são paulo,jogo do são paulo hoje,resultado do palmeiras,spfc x palmeiras,onde assistir jogo palmeiras hoje,são paulo fc,jogo do palmeiras ao vivo,onde vai passar palmeiras-são paulo,placar do jogo palmeiras-são paulo,onde vai passar o jogo do palmeiras-são paulo,palmeiras e são paulo onde assistir,série a,quanto tá o jogo do são paulo,jogos de hoje brasileirão série a,choque rei,onde assistir palmeiras e sao paulo,assistir palmeiras ao vivo,onde está passando o jogo do palmeiras-são paulo,jogo palmeiras onde assistir,jogo são paulo,sao,placar de palmeiras-são paulo,horário do jogo palmeiras-são paulo,qual canal vai passar palmeiras-são paulo,onde vai passar o jogo do palmeiras hoje,quanto ficou o jogo do palmeiras-são paulo,palmeiras-são paulo hoje,onde assistir palmeiras x são paulo,quanto foi o jogo do são paulo-palmeiras,flamengo e são paulo,palmeiras x sao paulo ao vivo,onde assistir sao paulo x palmeiras,que hora que é o jogo do palmeiras-são paulo,qual canal vai passar o jogo do palmeiras,onde assistir sao paulo hoje,palmeiras jogo,horário do jogo do palmeiras,jogo do palmeiras-são paulo ao vivo,palmeiras são paulo 12/09/2026,onde assistir sao paulo,sao paulo e palmeiras onde assistir,palmeiras onde assistir hoje,palmeiras-são paulo resultado,onde vai passar o jogo do são paulo-palmeiras,sao.paulo,qual canal vai passar o jogo do palmeiras-são paulo,palmeiras vs,palmeiras.,que hora é o jogo do palmeiras,sp x,são paulo-palmeiras ao vivo,jogo palmeiras hoje onde assistir,onde vai passar são paulo-palmeiras,sao paulo x palmeiras ao vivo,rafael tolói,andreas pereira,que hora é o jogo do são paulo-palmeiras,onde assistir jogo do palmeiras hoje,rafael toloi,qual canal tá passando o jogo do palmeiras-são paulo,onde assistir palmeiras e são paulo hoje,jogo de palmeiras-são paulo,horário do jogo do palmeiras-são paulo,sp x palmeiras,partidas de sociedade esportiva palmeiras x são paulo futebol clube,palmeiras x são paulo placar,onde está passando palmeiras-são paulo,o jogo do palmeiras,tempo em são paulo","./explore?q=palmeiras%20x%20s%C3%A3o%20paulo&geo=BR"
"classificações de flamengo x corinthians","1 M+","13 de septiembre de 2026 a las 16:30:00 UTC-3",,"classificações de flamengo x corinthians,flamengo e corinthians,flamengo,corinthians x flamengo,flamengo-corinthians,flamengo vs corinthians,flamengo - corinthians,flamengo hoje,flamengo x,iago machado,resultado do jogo flamengo-corinthians,resultado do jogo do flamengo-corinthians,bruno henrique,jogo do flamengo-corinthians,hugo souza,jogo flamengo,estatísticas de flamengo x corinthians,resultado do jogo do corinthians-flamengo,escalações de flamengo x corinthians,resultado do jogo corinthians-flamengo,flamengo x corinthians minuto a minuto,onde assistir flamengo x corinthians,flamengo corinthians,quanto foi o jogo do flamengo-corinthians,jogo do corinthians-flamengo,flamengo x corinthians onde assistir,lucas paquetá,placar do jogo do flamengo,jogo flamengo e corinthians,jogo do flamengo e corinthians,quanto tá o jogo do flamengo-corinthians,resultado de flamengo-corinthians,corinthians-flamengo,fla x corinthians,onde assistir flamengo-corinthians,fla,quanto tá o jogo do corinthians-flamengo,corinthians flamengo,resultado do flamengo-corinthians,resultado do jogo flamengo e corinthians,ge tv,fla x,flamengo jogo,que horas é o jogo do flamengo,resultado flamengo-corinthians,flamengo.,que hora é o jogo do flamengo-corinthians,fla x cor,partidas de flamengo x corinthians,resultado do jogo do flamengo e corinthians,jogo flamengo-corinthians,flamengo x corinthians ao vivo,brasileirão série a,flamengo jogos,jogo hoje,horário do jogo do flamengo,jogo do corinthians e flamengo,quanto foi o jogo do corinthians-flamengo,que hora é o jogo do flamengo,brasileirao,sccp,jogos do flamengo,placar do jogo flamengo-corinthians,quanto tá o jogo flamengo-corinthians,paqueta,que horas é o jogo do flamengo hoje,placar do jogo do flamengo-corinthians,jogo corinthians e flamengo,flamengo onde assistir,corinthians vs flamengo,flamengo e corinthians hoje,onde assistir flamengo e corinthians,flamengo x palmeiras,jogo flamengo x corinthians,bruno henrique flamengo,resultado de corinthians-flamengo,flamengo-corinthians ao vivo,quanto tá o jogo do flamengo e corinthians,placar flamengo,resultado do corinthians-flamengo,onde vai passar o jogo do flamengo,que hora é o jogo do corinthians-flamengo,que horas é o jogo do flamengo-corinthians,flamengo contra corinthians,próximo jogo do corinthians,jogos flamengo,horário do jogo do flamengo hoje,onde assistir corinthians-flamengo,que horas é o jogo do corinthians,corinthians x flamengo onde assistir,corinthians libertadores,horário do jogo do flamengo-corinthians,onde vai passar o jogo do flamengo-corinthians,flamengo e corinthians onde assistir,horário do jogo flamengo-corinthians,que horas vai ser o jogo do flamengo,placar,como é que tá o jogo do flamengo-corinthians,hugo,líder do brasileirão,gol do flamengo,onde assistir o jogo do corinthians hoje,que hora que é o jogo do corinthians-flamengo,que hora que é o jogo do flamengo-corinthians,programação globo hoje,horário do jogo flamengo e corinthians,que horas é o jogo do corinthians-flamengo,que hora que é o jogo do flamengo,que horas vai ser o jogo do corinthians-flamengo,horário do jogo do corinthians,que hora é o jogo do flamengo hoje,palmeiras x flamengo,escalação do corinthians,horário do jogo do corinthians-flamengo,hora do jogo do flamengo,placar de flamengo-corinthians,corinthians fc,resultado jogo do corinthians,premiere,onde vai passar flamengo-corinthians,placar jogo do flamengo,placar flamengo e corinthians,wilton pereira sampaio,resultado de flamengo e corinthians,que hora é o jogo do flamengo e corinthians,que horas vai ser o jogo do flamengo-corinthians,placar do jogo de hoje flamengo,escalação do flamengo,resultado flamengo e corinthians,onde assistir o jogo do flamengo-corinthians,placar do jogo do flamengo hoje,placar do jogo corinthians-flamengo,horário do jogo corinthians-flamengo,qual o horário do jogo do flamengo hoje,qual o horário do jogo do flamengo-corinthians,que horas é o jogo do flamengo e corinthians,jogo do flamengo onde assistir,placar corinthians,jogo corinthians-flamengo,qual canal vai passar o jogo do flamengo-corinthians,qual o horário do jogo do flamengo,que horas e o jogo do flamengo,quanto tá o jogo corinthians-flamengo,escalação do flamengo hoje,que horas é o jogo do corinthians hoje,brasileiro série a,horário do jogo do flamengo e corinthians,liderança do brasileirão,campeonato brasileiro série a,quanto que tá o jogo do corinthians-flamengo,qual jogo vai passar na globo hoje,jogo do flamengo hoje onde assistir,horário do jogo do corinthians hoje,leonardo jardim,placar do flamengo,onde assistir flamengo-corinthians hoje,onde vai passar o jogo do corinthians-flamengo,qual canal vai passar flamengo-corinthians,flamengo-corinthians resultado,flamengo-corinthians onde assistir,onde assistir corinthians e flamengo,escalacao corinthians,aonde assistir flamengo-corinthians,que horas que é o jogo do corinthians-flamengo,quanto que tá o jogo do flamengo-corinthians,paquetá,que hora é o jogo do corinthians,jogo do flamengo vai passar na globo,que horas vai ser o jogo do corinthians,qual o horário do jogo flamengo-corinthians,horario do jogo do flamengo hoje,corinthians e flamengo onde assistir,que hora é o jogo flamengo-corinthians,que hora é o jogo do flamengo-corinthians hoje,jogos brasileirao hoje,jogo do flamengo hj,no,campeonato brasileiro serie a,brasileirão serie a","./explore?q=classifica%C3%A7%C3%B5es%20de%20flamengo%20x%20corinthians&geo=BR"
"grêmio x vasco da gama","1 M+","12 de septiembre de 2026 a las 15:00:00 UTC-3",,"grêmio x vasco da gama,classificações de grêmio x vasco,pedro,gremio,gremio x vasco,vasco,vasco x gremio,gremio hoje,jogo do gremio,grêmio,gremio x,vasco e gremio,vasco-grêmio,grêmio x vasco,vasco hoje,gremio e vasco,onde assistir grêmio x vasco,vasco x,grêmio vs vasco,jogo do grêmio,grêmio - vasco da gama,jogo do vasco,grêmio e vasco,vasco x grêmio,gremio x vasco onde assistir,jogo gremio,vasco da gama,grêmio x vasco minuto a minuto,escalações de grêmio x vasco,estatísticas de grêmio x vasco,vasco e grêmio,vasco x gremio onde assistir,grêmio x,grêmio hoje,rádio gaúcha,grêmio x vasco da gama onde assistir,grêmio foot-ball porto alegrense,resultado do jogo do vasco-grêmio,jogo gremio hoje,jogo vasco,vasco gremio,gremio vasco,vasco onde assistir,jogo do vasco hoje,jogo vasco hoje,vasco ao vivo,onde assistir grêmio e vasco,jovane cabral,onde assistir gremio x vasco,jogo do vasco-grêmio,jogos de vasco,onde assistir vasco hoje,resultado do jogo vasco-grêmio,quanto tá o jogo do vasco-grêmio,facundo colidio,grêmio x vasco ao vivo,onde vai passar o jogo do vasco,onde assistir vasco-grêmio,vasco.,onde assistir o jogo do vasco,resultado de vasco-grêmio,onde assistir gremio e vasco,gremio e vasco onde assistir,jogo do gremio onde assistir,próximo jogo do grêmio,vasco e gremio onde assistir,mathías villasanti,onde assistir vasco,jogo do vasco hoje onde assistir,gremio x vasco ao vivo,jogo do vasco de hoje,nardoni gremio,onde assistir o jogo do vasco hoje,vasco jogo,resultado do vasco-grêmio,cuiabano,onde vai passar o jogo do vasco hoje,onde assistir vasco x gremio,jogo do vasco onde assistir,melhores momentos de vasco-grêmio,gremio vs vasco,gremio hoje onde assistir","./explore?q=gr%C3%AAmio%20x%20vasco%20da%20gama&geo=BR"
"mirassol x ec vitória","500 mil+","13 de septiembre de 2026 a las 15:00:00 UTC-3",,"mirassol x ec vitória,mirassol,vitoria,mirassol futebol clube,mirassol x,vitoria x,jogo do vitória,jogo do mirassol,mirasol,renê,vitória,mirassol x vitória,esporte clube vitória,mirassol x vitoria,jogo,mirassol - ec vitória,ec vitória,vitória e mirassol,jogo do vitoria,mirassol e vitória,jogo do vitória hoje,jogo de hoje,jogo mirassol,mirassol x ec vitória minuto a minuto,corinthians classificação,mirassol fc,jogo vitoria,onde assistir mirassol-vitória,onde assistir mirassol x ec vitória,mirassol x ec vitória onde assistir,mirassol-vitória,onde assistir mirassol hoje,ecvitoria,alex muralha,ge tv ao vivo,vitoria fc,mirassol vitória 13/09/2026,brasileirao serie a","./explore?q=mirassol%20x%20ec%20vit%C3%B3ria&geo=BR"
"atlético-mg x fluminense","500 mil+","12 de septiembre de 2026 a las 15:00:00 UTC-3",,"atlético-mg x fluminense,classificações de atlético-mg x fluminense,atlético mineiro vs fluminense,atletico mg,mg,galo,atletico,atlético-mg - fluminense,atlético-mg,atletico mg x,atlético mineiro-fluminense,onde assistir atlético-mg x fluminense,atletico x fluminense,atlético-fluminense,premiere ao vivo,escalações de atlético-mg x fluminense,galo x fluminense,estatísticas de atlético-mg x fluminense,galo x,fluminense hoje,atletico x,atletico mg x fluminense,fluminense-atlético mineiro,atlético,onde assistir atlético mineiro-fluminense,galo hoje,onde assistir atlético-fluminense,fluminense x atletico mg,atlético mg x fluminense onde assistir,onde assistir fluminense hoje,atlético-mg x,atletico hoje,jogo atletico,galo e fluminense,atlético-mg x fluminense ao vivo hoje,atletico e fluminense,alan franco,jogo atletico hoje,onde assistir fluminense-atlético mineiro","./explore?q=atl%C3%A9tico-mg%20x%20fluminense&geo=BR"
"classificações de santos futebol clube x cruzeiro esporte clube","500 mil+","12 de septiembre de 2026 a las 21:10:00 UTC-3",,"classificações de santos futebol clube x cruzeiro esporte clube,santos,tabela do brasileirão série a,santos e cruzeiro,santos x,santos-cruzeiro,santos vs cruzeiro,santos futebol clube,santos - cruzeiro,santos x cruzeiro onde assistir,santos fc,jogo do santos,cruzeiro x santos,escalações de santos futebol clube x cruzeiro esporte clube,santos hoje,cruzeiro-santos,brasileirão,onde assistir santos futebol clube x cruzeiro esporte clube,do brasileirão,cruzeiro e santos,estatísticas de santos futebol clube x cruzeiro esporte clube,jogo santos,jogo do santos hoje,resultado do jogo santos-cruzeiro,campeonato brasileiro,tabela brasileirão série a,santos fc vs cruzeiro standings,santos cruzeiro,santos futebol clube x cruzeiro esporte clube minuto a minuto,gabriel bontempo,onde assistir santos-cruzeiro,resultado do jogo do santos-cruzeiro,classificação brasileirao,jogo santos hoje,rodinei,santos onde assistir,resultado de santos-cruzeiro,onde assistir santos hoje,tabela da série a,santos vs,jogo do santos-cruzeiro,onde assistir santos x cruzeiro,resultado do jogo cruzeiro-santos,santos futebol clube x cruzeiro esporte clube,campeonato brasileiro 2026,santos x cruzeiro ao vivo,santos classificação,onde assistir santos e cruzeiro,santos ao vivo,quanto tá o jogo do santos-cruzeiro,onde assistir santos,santos e cruzeiro onde assistir,palmeiras classificação,santos x cruzeiro ao vivo online,santos.,jogo do cruzeiro-santos,cruzeiro santos,onde vai passar o jogo do santos,onde assistir o jogo do santos,onde assistir cruzeiro-santos,jogo do santos hoje onde assistir,resultado do jogo do cruzeiro-santos,rollheiser,santos-cruzeiro onde assistir,jogo do santos hoje ao vivo,quanto tá o jogo do cruzeiro-santos,onde assistir o jogo do santos hoje,onde vai passar santos-cruzeiro,cruzeiro x santos onde assistir,santos jogo,neymar joga hoje,escalação do santos,santos x cruzeiro palpite","./explore?q=classifica%C3%A7%C3%B5es%20de%20santos%20futebol%20clube%20x%20cruzeiro%20esporte%20clube&geo=BR"
"chapecoense x internacional","500 mil+","12 de septiembre de 2026 a las 14:30:00 UTC-3","13 de septiembre de 2026 a las 21:00:00 UTC-3","chapecoense x internacional,classificações de chapecoense x internacional,internacional,inter,jogo do inter,chapecoense,inter x,inter x chapecoense,inter hoje,chapecoense x,jogo inter,inter e chapecoense,internacional x,chapecoense vs internacional,jogo do inter hoje,chapecoense - internacional,jogo do internacional,inter jogo,estatísticas de chapecoense x internacional,sport club internacional,brasileiro,jogo inter hoje,chape,inter chapecoense,jogo da chapecoense,inter x chape,chapecoense x internacional onde assistir,chape x inter,jogos de internacional,chapecoense e internacional,chapecoense-internacional,jogo internacional,internacional e chapecoense,chapecoense x inter,inter hoje ao vivo,chapecoense e inter,sc internacional,gaucha 2,escalações de chapecoense x internacional,internacional classificação,jogo chapecoense hoje,jogos do inter","./explore?q=chapecoense%20x%20internacional&geo=BR"
"fortaleza x ceará sc","200 mil+","13 de septiembre de 2026 a las 17:30:00 UTC-3",,"fortaleza x ceará sc,fortaleza x ceara,ceara x fortaleza,fortaleza x,fortaleza,serie b,ceara,brasileiro série b,ceara x,fortaleza esporte clube,ceará sporting club,jogo fortaleza,brasileirão série b,fortaleza e ceará,ceará,marcelo de lima henrique,jogo ceara,classificação série b,jogo fortaleza hoje,fortaleza e ceara,fortaleza x ceará,fortaleza-ceará,ceará sc,ceara e fortaleza,jogo ceara e fortaleza,ceara sc,jogo do fortaleza-ceará,fortaleza x ceara onde assistir,classico rei,jogo ceara hoje,jogo do ceará e fortaleza,estatísticas de fortaleza esporte clube x ceará sc,onde assistir fortaleza-ceará,fortaleza ec,ceará x,fortaleza fc,fortaleza ceará,fortaleza ceara,fortaleza vs ceará,fortaleza - ceará sc,onde assistir fortaleza x ceara,ceara x fortaleza onde assistir,jogo fortaleza-ceará,fortaleza x ceara ao vivo,fortaleza x ceará sc onde assistir,onde assistir o jogo do fortaleza hoje","./explore?q=fortaleza%20x%20cear%C3%A1%20sc&geo=BR"
"levante x barcelona","200 mil+","13 de septiembre de 2026 a las 9:00:00 UTC-3",,"levante x barcelona,barcelona x,jogo do barcelona,levante,jogo barcelona,barcelona hoje,onde assistir barcelona hoje,barcelona onde assistir,levante x barcelona onde assistir,onde assistir barcelona,gerard martín,estatísticas de la liga,onde assistir o jogo do barcelona","./explore?q=levante%20x%20barcelona&geo=BR"
"manchester united x city","200 mil+","13 de septiembre de 2026 a las 11:30:00 UTC-3",,"manchester united x city,manchester city,city,city x,manchester united x manchester city,city x united,jogo do manchester city,man utd man city 13/09/2026,manchester city x,united x city,manchester united - manchester city,united x,manchester united x,estatísticas de manchester united x manchester city,campeonato ingles,jogo do city,haaland,escalações de manchester united x manchester city,manchester united x city onde assistir,campeonato inglês,jogo manchester city,pep guardiola,guardiola,manchester city onde assistir","./explore?q=manchester%20united%20x%20city&geo=BR"
"real madrid x rayo vallecano","200 mil+","12 de septiembre de 2026 a las 14:30:00 UTC-3","13 de septiembre de 2026 a las 19:40:00 UTC-3","real madrid x rayo vallecano,classificações de real madrid x rayo vallecano,jogo do real madrid,jogo real madrid,real,real madri,rayo vallecano,real x,escalações de real madrid x rayo vallecano,real madrid hoje,jogo real madrid hoje ao vivo,real madrid onde assistir,onde assistir real madrid,real madrid jogo,real madrid x rayo vallecano onde assistir,real madrid x rayo,onde assistir real madrid x rayo vallecano","./explore?q=real%20madrid%20x%20rayo%20vallecano&geo=BR"
"botafogo x bragantino","200 mil+","12 de septiembre de 2026 a las 16:00:00 UTC-3","13 de septiembre de 2026 a las 21:30:00 UTC-3","botafogo x bragantino,classificações de botafogo x bragantino,vitinho,botafogo x,bragantino,wallace yan,jogo do botafogo,red bull bragantino,botafogo hoje,bragantino x,botafogo x bragantino onde assistir,botafogo e bragantino,botafogo onde assistir,classificação do campeonato brasileiro,jogo botafogo,onde assistir botafogo x bragantino,botafogo vs bragantino,jogo do botafogo hoje,estatísticas de botafogo x bragantino,onde assistir botafogo hoje,botafogo - bragantino,botafogo fc,classificação do campeonato brasileiro série a,lucas monzón,jogo botafogo hoje,botafogo x bragantino ao vivo,escalações de botafogo x bragantino,onde assistir botafogo-bragantino,onde assistir botafogo e bragantino,onde assistir o jogo do botafogo,onde assistir botafogo,tabela do campeonato brasileiro 2026,onde vai passar o jogo do botafogo,onde assistir o jogo do botafogo hoje,onde vai passar o jogo do botafogo hoje,tiquinho soares,botafogo e bragantino onde assistir,botafogo x bragantino: onde assistir,jogo do botafogo hoje onde assistir","./explore?q=botafogo%20x%20bragantino&geo=BR"
"chelsea x hull city","200 mil+","12 de septiembre de 2026 a las 10:00:00 UTC-3","13 de septiembre de 2026 a las 2:00:00 UTC-3","chelsea x hull city,chelsea,classificações de chelsea x hull city,premier league,chelsea x,jogo do chelsea,chelsea vs hull,hull city,chelsea - hull city,joão pedro,escalações de chelsea x hull city,jogo chelsea,estatísticas de chelsea x hull city","./explore?q=chelsea%20x%20hull%20city&geo=BR"
"renato gaúcho","100 mil+","13 de septiembre de 2026 a las 13:20:00 UTC-3",,"renato gaúcho,luis castro,renato gaucho,renato portaluppi,renato,botafogo,tecnico do gremio,luís castro,jogo na globo hoje,jogos do brasileirão hoje,luiz castro,jogo do grêmio hoje,jogo da globo hoje,felipao,jogos de hoje brasileirão,jogos de grêmio,gzh,o","./explore?q=renato%20ga%C3%BAcho&geo=BR"
"classificações de elversberg x bayern","100 mil+","13 de septiembre de 2026 a las 14:30:00 UTC-3",,"classificações de elversberg x bayern,elversberg x bayern,bayern,bayern de munique,campeonato alemão,elversberg bayern munique 13/09/2026,bayern x,elversberg","./explore?q=classifica%C3%A7%C3%B5es%20de%20elversberg%20x%20bayern&geo=BR"
"jogo do flamengo","100 mil+","13 de septiembre de 2026 a las 16:40:00 UTC-3","13 de septiembre de 2026 a las 20:20:00 UTC-3","jogo do flamengo,jogo do flamengo hoje,joaquín freitas,jogos de flamengo,jogos de hoje flamengo,clube de regatas do flamengo,resultado jogo do flamengo,flamengo joga hoje,o jogo do flamengo,escalação flamengo,jogos de hoje do brasileirão,flamengo escalação,gol do flamengo hoje","./explore?q=jogo%20do%20flamengo&geo=BR"
"sunderland x arsenal","100 mil+","12 de septiembre de 2026 a las 15:00:00 UTC-3","13 de septiembre de 2026 a las 14:50:00 UTC-3","sunderland x arsenal,arsenal,classificações de sunderland x arsenal,arsenal x,jogo do arsenal,sunderland,campeonato ingles","./explore?q=sunderland%20x%20arsenal&geo=BR"
"f1","100 mil+","13 de septiembre de 2026 a las 8:50:00 UTC-3","13 de septiembre de 2026 a las 14:10:00 UTC-3","f1,grande prêmio da espanha,f1 hoje,formula 1 hoje,fórmula 1 classificação,f1 classificação,corrida f1,classificação f1,kimi antonelli,gabriel bortoleto,andrea kimi antonelli,f1 ao vivo,classificação brasileirão,antonelli,george russell,bortoleto,horario f1,formula 1 ao vivo,f1 horarios,f1 2026,classificacao f1,f1 tv,horario f1 hoje,fórmula,corrida f1 hoje,classificação,antonelli f1,formula 1 horarios,classificação formula 1,horario formula 1,treino f1,f1 madrid,tabela f1,onde assistir f1,madring,fórmula 1 hoje,f1tv,horário da fórmula 1 hoje,horario formula 1 hoje,horario corrida f1 hoje,horarios f1","./explore?q=f1&geo=BR"
"paulo angioni","50 mil+","12 de septiembre de 2026 a las 8:50:00 UTC-3",,"paulo angioni,paulo angioni fluminense,flamengo classificação,angioni,esporte clube bahia","./explore?q=paulo%20angioni&geo=BR"
"stade brestois x psg","50 mil+","13 de septiembre de 2026 a las 14:50:00 UTC-3",,"stade brestois x psg","./explore?q=stade%20brestois%20x%20psg&geo=BR"
"aviao rey vaqueiro","50 mil+","13 de septiembre de 2026 a las 12:20:00 UTC-3",,"aviao rey vaqueiro,rey vaqueiro,aviao do rey vaqueiro,avião,rei vaqueiro","./explore?q=aviao%20rey%20vaqueiro&geo=BR"
"lula flávio bolsonaro pesquisa","50 mil+","13 de septiembre de 2026 a las 8:20:00 UTC-3",,"lula flávio bolsonaro pesquisa,flávio bolsonaro lula,pesquisa,flávio bolsonaro,pesquisas para presidente 2026,247","./explore?q=lula%20fl%C3%A1vio%20bolsonaro%20pesquisa&geo=BR"
"idoso","50 mil+","12 de septiembre de 2026 a las 10:10:00 UTC-3",,"idoso,água","./explore?q=idoso&geo=BR"
"atlético-go x criciúma","50 mil+","13 de septiembre de 2026 a las 15:10:00 UTC-3",,"atlético-go x criciúma,jogo do fortaleza,ceará e fortaleza,jogo do ceará,jogo do fortaleza hoje,jogo do juventude,jogo do ceara,brasileirao b,ceará x fortaleza,brasileirao serie b,jogo do ceará hoje","./explore?q=atl%C3%A9tico-go%20x%20crici%C3%BAma&geo=BR"
"caminhão","50 mil+","11 de septiembre de 2026 a las 22:00:00 UTC-3",,"caminhão","./explore?q=caminh%C3%A3o&geo=BR"
"mega sena 3057","50 mil+","12 de septiembre de 2026 a las 21:20:00 UTC-3",,"mega sena 3057,sorteio loterias mega sena,resultado da mega sena concurso 3057,resultado da mega sena 3057,resultado mega sena 3057,prémio,mega sena 3057 resultado,resultado da mega-sena concurso 3057,mega 3057,mega sena hoje,resultado da mega-sena de hoje,resultado da mega,mega sena resultado,resultado,sorteio mega sena","./explore?q=mega%20sena%203057&geo=BR"
"corinthians e flamengo","50 mil+","13 de septiembre de 2026 a las 12:50:00 UTC-3",,"corinthians e flamengo,jogo flamengo hoje,corinthians hoje,flamengo corinthians 13/09/2026,jogo do flamengo hoje ao vivo,flamengo vs,jogo do flamengo de hoje,resultado do jogo do flamengo hoje,flamengo hoje jogo,jogo do corinthians de hoje,quanto ficou o jogo do flamengo-corinthians,escalação corinthians,escalação flamengo hoje,corinthians escalação,placar flamengo hoje","./explore?q=corinthians%20e%20flamengo&geo=BR"
"gilmar mendes","50 mil+","13 de septiembre de 2026 a las 9:20:00 UTC-3","13 de septiembre de 2026 a las 21:40:00 UTC-3","gilmar mendes,zanin,stf ministros,preocupação,telefone celular","./explore?q=gilmar%20mendes&geo=BR"
"gp da espanha 2026","50 mil+","12 de septiembre de 2026 a las 6:20:00 UTC-3","13 de septiembre de 2026 a las 19:10:00 UTC-3","gp da espanha 2026,fórmula,vinicius júnior,formula 1,gp da espanha,gp espanha,gp de madrid,gp madrid,gp,fórmula 1,gp f1,formula 1 onde assistir,f1 onde assistir,vini jr,tem fórmula 1 hoje","./explore?q=gp%20da%20espanha%202026&geo=BR"
"barcelona","50 mil+","13 de septiembre de 2026 a las 11:10:00 UTC-3","13 de septiembre de 2026 a las 14:30:00 UTC-3","barcelona,levante - barcelona,barcelona fc,barcelona x levante,futbol club barcelona,fc barcelona,barça","./explore?q=barcelona&geo=BR"
"maringá x santa cruz","50 mil+","12 de septiembre de 2026 a las 18:30:00 UTC-3","13 de septiembre de 2026 a las 9:10:00 UTC-3","maringá x santa cruz,classificações de maringá futebol clube x santa cruz futebol clube,santa cruz,maringa fc,jogo do santa cruz,maringa,santa cruz x,santa cruz futebol clube,jogo do santa,jogo do santa cruz hoje,jogo santa cruz,maringa x santa cruz","./explore?q=maring%C3%A1%20x%20santa%20cruz&geo=BR"
"al khaleej x al-nassr","50 mil+","12 de septiembre de 2026 a las 14:10:00 UTC-3","13 de septiembre de 2026 a las 11:30:00 UTC-3","al khaleej x al-nassr,al nassr,al-nassr,al khaleej - al-nassr,escalações de al khaleej x al-nassr","./explore?q=al%20khaleej%20x%20al-nassr&geo=BR"
"liverpool x fulham","50 mil+","12 de septiembre de 2026 a las 10:00:00 UTC-3","12 de septiembre de 2026 a las 20:40:00 UTC-3","liverpool x fulham,liverpool x,víctor muñoz,v","./explore?q=liverpool%20x%20fulham&geo=BR"
"tabela do brasileirao","50 mil+","12 de septiembre de 2026 a las 17:40:00 UTC-3","13 de septiembre de 2026 a las 20:30:00 UTC-3","tabela do brasileirao,tabela brasileirao,brasileirao tabela,tabela do campeonato brasileiro,jogos de brasileirão série a,tabela do brasileirão de 2026,classificacao brasileirao,brasileirão tabela,tabela campeonato brasileiro,tabela do brasileirão série a 2026,brasileirao 2026,brasileirão 2026,tabela brasileirão 2026 série a,tabela do brasileirão 2026 série a,tabela campeonato brasileiro 2026,classificação brasileirao","./explore?q=tabela%20do%20brasileirao&geo=BR"
"real madrid","50 mil+","12 de septiembre de 2026 a las 16:30:00 UTC-3","12 de septiembre de 2026 a las 18:40:00 UTC-3","real madrid,real madrid - rayo vallecano,real madrid vs rayo vallecano,posiciones de real madrid contra rayo vallecano,real madrid – rayo,real madrid vs","./explore?q=real%20madrid&geo=BR"
"novorizontino x cuiabá","20 mil+","13 de septiembre de 2026 a las 17:40:00 UTC-3",,"novorizontino x cuiabá,novorizontino,grêmio novorizontino,gremio novorizontino","./explore?q=novorizontino%20x%20cuiab%C3%A1&geo=BR"
"real sociedad x atlético madrid","20 mil+","13 de septiembre de 2026 a las 15:00:00 UTC-3",,"real sociedad x atlético madrid,jogo do atlético de madrid","./explore?q=real%20sociedad%20x%20atl%C3%A9tico%20madrid&geo=BR"
"alerta laranja: chuva intensa","20 mil+","13 de septiembre de 2026 a las 9:30:00 UTC-3",,"alerta laranja: chuva intensa,tempo para amanhã,defesa civil do estado de são paulo,marília,chuva são paulo,cidade,alerta severo,alerta civil,quando vai parar de chover em são paulo,clima tempo hoje","./explore?q=alerta%20laranja%3A%20chuva%20intensa&geo=BR"
"nfl","20 mil+","13 de septiembre de 2026 a las 14:00:00 UTC-3",,"nfl,vikings x packers,nfl hoje,eagles x commanders,texans x bills,bengals x buccaneers,lions x saints,raiders x dolphins,steelers x falcons,titans x jets,jaguars x browns","./explore?q=nfl&geo=BR"
"ferroviária x paysandu","20 mil+","13 de septiembre de 2026 a las 15:00:00 UTC-3",,"ferroviária x paysandu,jogo do paysandu,paysandu x,ferroviaria,jogo do paysandu hoje","./explore?q=ferrovi%C3%A1ria%20x%20paysandu&geo=BR"
"segurança da virginia","20 mil+","13 de septiembre de 2026 a las 14:10:00 UTC-3",,"segurança da virginia,camilo seguranca da virginia,segurança de virginia,virginia,seguranca de virginia,virginia fonseca,camilo seguranca virginia,segurança virginia,camilo segurança da virgínia,camilo segurança virginia,camilo segurança da virginia,camilo segurança,seguranca virginia,seguranca de virginia fonseca","./explore?q=seguran%C3%A7a%20da%20virginia&geo=BR"
"uberlândia x asa","20 mil+","13 de septiembre de 2026 a las 16:20:00 UTC-3",,"uberlândia x asa,uberlandia fc,uberlandia,uberlândia esporte clube,uberlândia,jogo uberlandia,uberlandia x asa,jogo uberlândia hoje,jogo do uberlândia,uberlandia x,jogo do uberlândia hoje,uberlândia fc,tabela do brasileirão 2025,placar do jogo,uberlandia jogo","./explore?q=uberl%C3%A2ndia%20x%20asa&geo=BR"
"triatleta","20 mil+","13 de septiembre de 2026 a las 11:20:00 UTC-3",,"triatleta,rachel furtado","./explore?q=triatleta&geo=BR"
"zverev","20 mil+","13 de septiembre de 2026 a las 15:00:00 UTC-3",,"zverev,us open,ben shelton","./explore?q=zverev&geo=BR"
"juventude","20 mil+","13 de septiembre de 2026 a las 18:00:00 UTC-3","13 de septiembre de 2026 a las 21:30:00 UTC-3","juventude,juventude x,serie b 2026,juventude fc,athletic,athletic club,jogo juventude","./explore?q=juventude&geo=BR"
"miami","20 mil+","13 de septiembre de 2026 a las 19:20:00 UTC-3",,"miami,inter miami x nashville sc,classificações de inter miami x nashville sc,inter miami x,inter miami vs nashville sc,jogo do inter miami","./explore?q=miami&geo=BR"
"benfica x gil vicente","20 mil+","13 de septiembre de 2026 a las 13:00:00 UTC-3","13 de septiembre de 2026 a las 20:00:00 UTC-3","benfica x gil vicente,benfica,benfica x,campeonato português,liga portugal,benfica gil vicente 13/09/2026","./explore?q=benfica%20x%20gil%20vicente&geo=BR"
"ciro nogueira","20 mil+","12 de septiembre de 2026 a las 14:00:00 UTC-3","13 de septiembre de 2026 a las 21:20:00 UTC-3","ciro nogueira","./explore?q=ciro%20nogueira&geo=BR"
"a nobreza do amor","20 mil+","13 de septiembre de 2026 a las 12:30:00 UTC-3","13 de septiembre de 2026 a las 20:10:00 UTC-3","a nobreza do amor,novela nobreza do amor,nobreza do amor,resumo a nobreza do amor,novela a nobreza do amor resumo","./explore?q=a%20nobreza%20do%20amor&geo=BR"
"alexander zverev","20 mil+","13 de septiembre de 2026 a las 17:00:00 UTC-3","13 de septiembre de 2026 a las 20:10:00 UTC-3","alexander zverev,shelton,final us open 2026,final us open,usopen,zverev hoje,us open onde assistir","./explore?q=alexander%20zverev&geo=BR"
"ana hickmann","20 mil+","12 de septiembre de 2026 a las 6:30:00 UTC-3","13 de septiembre de 2026 a las 11:50:00 UTC-3","ana hickmann,edu guedes,casamento de ana hickmann,noiva","./explore?q=ana%20hickmann&geo=BR"
"napoli x bologna","20 mil+","13 de septiembre de 2026 a las 12:00:00 UTC-3","13 de septiembre de 2026 a las 19:30:00 UTC-3","napoli x bologna,napoli,serie a","./explore?q=napoli%20x%20bologna&geo=BR"
"mãe","20 mil+","13 de septiembre de 2026 a las 14:10:00 UTC-3","13 de septiembre de 2026 a las 17:30:00 UTC-3","mãe,paraná,filha","./explore?q=m%C3%A3e&geo=BR"
"janja lula da silva","20 mil+","12 de septiembre de 2026 a las 17:50:00 UTC-3","13 de septiembre de 2026 a las 15:40:00 UTC-3","janja lula da silva,luiz inácio lula da silva","./explore?q=janja%20lula%20da%20silva&geo=BR"
"motorista","20 mil+","13 de septiembre de 2026 a las 6:00:00 UTC-3","13 de septiembre de 2026 a las 13:40:00 UTC-3","motorista","./explore?q=motorista&geo=BR"
"manchester united","20 mil+","13 de septiembre de 2026 a las 12:40:00 UTC-3","13 de septiembre de 2026 a las 15:50:00 UTC-3","manchester united,man city,united,man utd vs man city,manchester,phil foden,man united,manchester city football club,manchester united football club,manchester united f.c. vs man city standings,manchester city-manchester united,v","./explore?q=manchester%20united&geo=BR"
"patrícia frança","20 mil+","12 de septiembre de 2026 a las 9:00:00 UTC-3","13 de septiembre de 2026 a las 12:50:00 UTC-3","patrícia frança","./explore?q=patr%C3%ADcia%20fran%C3%A7a&geo=BR"
"volei feminino","20 mil+","13 de septiembre de 2026 a las 8:20:00 UTC-3","13 de septiembre de 2026 a las 16:40:00 UTC-3","volei feminino,brasil x argentina volei feminino,argentina,brasil x argentina,julia bergmann,brasil x argentina volei,volei feminino brasil,volei,brasil e argentina volei,brasil e argentina,vôlei feminino,gabi volei,gabi guimarães,olimpiadas 2028,brasil,brasil volei feminino,brasil x,volei brasil,vôlei feminino hoje,brasil volei,brasil e argentina volei feminino,júlia bergmann,sul americano de vôlei feminino,volei feminino hoje,olimpiadas,sulamericano de volei feminino,jogo de volei feminino,brasil argentina volei,vôlei,brasil x chile","./explore?q=volei%20feminino&geo=BR"
"henrique e juliano","20 mil+","12 de septiembre de 2026 a las 15:10:00 UTC-3","13 de septiembre de 2026 a las 13:00:00 UTC-3","henrique e juliano,henrique & juliano","./explore?q=henrique%20e%20juliano&geo=BR"
"jogos de hoje","20 mil+","13 de septiembre de 2026 a las 16:00:00 UTC-3","13 de septiembre de 2026 a las 20:20:00 UTC-3","jogos de hoje,jogos futebol hoje ao vivo,jogos hoje,futebol hoje,futebol ao vivo,jogos de hoje na tv","./explore?q=jogos%20de%20hoje&geo=BR"
"incêndio","20 mil+","12 de septiembre de 2026 a las 14:30:00 UTC-3","13 de septiembre de 2026 a las 8:40:00 UTC-3","incêndio","./explore?q=inc%C3%AAndio&geo=BR"
"lady gaga filho","20 mil+","11 de septiembre de 2026 a las 21:50:00 UTC-3","13 de septiembre de 2026 a las 14:20:00 UTC-3","lady gaga filho,michael polansky,lady gaga grávida,lady gaga mãe,lady gaga teve filho,lady gaga mae,lady gaga filhos,lady gaga gravidez,filho lady gaga,gaga,lady gaga teve filho?,lady gaga tem filhos","./explore?q=lady%20gaga%20filho&geo=BR"
"xavi espart","20 mil+","13 de septiembre de 2026 a las 11:00:00 UTC-3","13 de septiembre de 2026 a las 15:40:00 UTC-3","xavi espart,la liga,levante ud vs fc barcelona standings,adeyemi,yamal,barca","./explore?q=xavi%20espart&geo=BR"
"bournemouth x brentford","20 mil+","12 de septiembre de 2026 a las 10:00:00 UTC-3","12 de septiembre de 2026 a las 19:50:00 UTC-3","bournemouth x brentford,rayan","./explore?q=bournemouth%20x%20brentford&geo=BR"
"aston villa x nottingham forest","20 mil+","12 de septiembre de 2026 a las 10:00:00 UTC-3","12 de septiembre de 2026 a las 19:40:00 UTC-3","aston villa x nottingham forest,classificações de aston villa x nottingham forest","./explore?q=aston%20villa%20x%20nottingham%20forest&geo=BR"
"sabalenka","20 mil+","12 de septiembre de 2026 a las 17:00:00 UTC-3","13 de septiembre de 2026 a las 1:00:00 UTC-3","sabalenka,rybakina,ribakina,sabalenka us open,usopen","./explore?q=sabalenka&geo=BR"
"al taawon x al-hilal","20 mil+","12 de septiembre de 2026 a las 11:50:00 UTC-3","13 de septiembre de 2026 a las 7:10:00 UTC-3","al taawon x al-hilal","./explore?q=al%20taawon%20x%20al-hilal&geo=BR"
"show stray kids rock in rio","20 mil+","11 de septiembre de 2026 a las 23:30:00 UTC-3","12 de septiembre de 2026 a las 23:50:00 UTC-3","show stray kids rock in rio,k-pop,rock in rio,rock in rio ao vivo,multishow ao vivo,rock in rio 2026,rock in rio stray kids,setlist stray kids rock in rio 2026,rock in rio 2026 ao vivo,jamiroquai rock in rio,que horas o stray kids vai cantar no rock in rio,rock in rio 11 de setembro","./explore?q=show%20stray%20kids%20rock%20in%20rio&geo=BR"
"lazio x milan","20 mil+","12 de septiembre de 2026 a las 12:00:00 UTC-3","12 de septiembre de 2026 a las 19:30:00 UTC-3","lazio x milan,lazio x","./explore?q=lazio%20x%20milan&geo=BR"
"borussia x paderborn 07","20 mil+","12 de septiembre de 2026 a las 9:30:00 UTC-3","12 de septiembre de 2026 a las 18:20:00 UTC-3","borussia x paderborn 07,classificações de borussia dortmund x sc paderborn 07,borussia x","./explore?q=borussia%20x%20paderborn%2007&geo=BR"
"spurs x everton","20 mil+","12 de septiembre de 2026 a las 12:30:00 UTC-3","12 de septiembre de 2026 a las 19:40:00 UTC-3","spurs x everton,jogo do tottenham,tottenham x everton","./explore?q=spurs%20x%20everton&geo=BR"
"sao paulo x","20 mil+","12 de septiembre de 2026 a las 18:50:00 UTC-3","12 de septiembre de 2026 a las 21:20:00 UTC-3","sao paulo x,resultado do palmeiras-são paulo,quanto tá o jogo do são paulo-palmeiras,quanto tá o jogo palmeiras-são paulo,resultado palmeiras-são paulo,como é que tá o jogo do palmeiras-são paulo,quanto tá o jogo são paulo-palmeiras,quanto tá palmeiras-são paulo,como é que tá o jogo do são paulo-palmeiras,quanto que tá o jogo do palmeiras-são paulo,como tá o jogo do palmeiras-são paulo,como é que tá o jogo palmeiras-são paulo,quanto foi o jogo palmeiras-são paulo","./explore?q=sao%20paulo%20x&geo=BR"
"elena rybakina","20 mil+","12 de septiembre de 2026 a las 17:10:00 UTC-3","13 de septiembre de 2026 a las 7:00:00 UTC-3","elena rybakina,aryna sabalenka,sharapova,us open,us open final,maria sharapova","./explore?q=elena%20rybakina&geo=BR"
"tabela do brasileirão 2026","20 mil+","12 de septiembre de 2026 a las 17:50:00 UTC-3","12 de septiembre de 2026 a las 20:50:00 UTC-3","tabela do brasileirão 2026","./explore?q=tabela%20do%20brasileir%C3%A3o%202026&geo=BR"
"real madrid x","20 mil+","12 de septiembre de 2026 a las 16:20:00 UTC-3","12 de septiembre de 2026 a las 18:50:00 UTC-3","real madrid x,kylian mbappé,real madrid vs rayo vallecano standings,real madrid fc,mbappe","./explore?q=real%20madrid%20x&geo=BR"
"serie a","20 mil+","12 de septiembre de 2026 a las 17:50:00 UTC-3","12 de septiembre de 2026 a las 19:00:00 UTC-3","serie a,lazio","./explore?q=serie%20a&geo=BR"
"libertad fútbol club x independiente del valle","10 mil+","13 de septiembre de 2026 a las 19:00:00 UTC-3",,"libertad fútbol club x independiente del valle","./explore?q=libertad%20f%C3%BAtbol%20club%20x%20independiente%20del%20valle&geo=BR"
"onda de calor","10 mil+","13 de septiembre de 2026 a las 13:30:00 UTC-3",,"onda de calor","./explore?q=onda%20de%20calor&geo=BR"
"sassuolo x juventus","10 mil+","13 de septiembre de 2026 a las 14:50:00 UTC-3",,"sassuolo x juventus","./explore?q=sassuolo%20x%20juventus&geo=BR"
"brusque x inter de limeira","10 mil+","13 de septiembre de 2026 a las 18:00:00 UTC-3",,"brusque x inter de limeira,brusque fc,inter de limeira,brusque","./explore?q=brusque%20x%20inter%20de%20limeira&geo=BR"
"doença de creutzfeldt-jakob","10 mil+","13 de septiembre de 2026 a las 9:20:00 UTC-3",,"doença de creutzfeldt-jakob","./explore?q=doen%C3%A7a%20de%20creutzfeldt-jakob&geo=BR"
"cláudio castro","10 mil+","13 de septiembre de 2026 a las 7:40:00 UTC-3",,"cláudio castro","./explore?q=cl%C3%A1udio%20castro&geo=BR"
"classificações de atlético-go x criciuma ec","10 mil+","13 de septiembre de 2026 a las 18:10:00 UTC-3",,"classificações de atlético-go x criciuma ec,atletico go,atlético clube goianiense,criciúma esporte clube,criciúma,gustavo coutinho","./explore?q=classifica%C3%A7%C3%B5es%20de%20atl%C3%A9tico-go%20x%20criciuma%20ec&geo=BR"
"famalicão x sporting","10 mil+","13 de septiembre de 2026 a las 15:40:00 UTC-3",,"famalicão x sporting,sporting,sporting x,sporting fc,sporting clube de portugal,famalicão","./explore?q=famalic%C3%A3o%20x%20sporting&geo=BR"
"rua tequici","10 mil+","12 de septiembre de 2026 a las 7:40:00 UTC-3",,"rua tequici,casa,desabamento,predio desaba,predio desaba em sp,rua tequici penha","./explore?q=rua%20tequici&geo=BR"
"juventus","10 mil+","13 de septiembre de 2026 a las 15:00:00 UTC-3","13 de septiembre de 2026 a las 19:20:00 UTC-3","juventus,juventus fc","./explore?q=juventus&geo=BR"
"paysandu","10 mil+","13 de septiembre de 2026 a las 17:00:00 UTC-3","13 de septiembre de 2026 a las 19:20:00 UTC-3","paysandu,paysandu hoje,paysandu sport club,jogo paysandu","./explore?q=paysandu&geo=BR"
"chuva","10 mil+","13 de septiembre de 2026 a las 17:40:00 UTC-3","13 de septiembre de 2026 a las 19:50:00 UTC-3","chuva,o tempo,vendaval,chuva bh","./explore?q=chuva&geo=BR"
"atletico de madrid","10 mil+","13 de septiembre de 2026 a las 15:50:00 UTC-3","13 de septiembre de 2026 a las 19:20:00 UTC-3","atletico de madrid,atlético de madrid,real sociedad - atlético madrid","./explore?q=atletico%20de%20madrid&geo=BR"
"eduardo moscovis","10 mil+","11 de septiembre de 2026 a las 21:50:00 UTC-3",,"eduardo moscovis,juliano cazarré","./explore?q=eduardo%20moscovis&geo=BR"
"coventry city x brighton","10 mil+","13 de septiembre de 2026 a las 9:10:00 UTC-3","13 de septiembre de 2026 a las 16:30:00 UTC-3","coventry city x brighton,classificações de coventry city x brighton","./explore?q=coventry%20city%20x%20brighton&geo=BR"
"twenty one pilots rock in rio","10 mil+","13 de septiembre de 2026 a las 21:20:00 UTC-3",,"twenty one pilots rock in rio,adam levine,maroon 5 rock in rio setlist,setlist maroon 5,maroon 5 rock in rio,shows rock in rio,rock in rio 12 de setembro,maroon 5 rock in rio 2026,maroon 5 setlist,lineup rock in rio 2026,show maroon 5,set list maroon 5,multishow rock in rio,rock in rio dia 12,rock in rio live","./explore?q=twenty%20one%20pilots%20rock%20in%20rio&geo=BR"
"bundesliga","10 mil+","13 de septiembre de 2026 a las 10:50:00 UTC-3","13 de septiembre de 2026 a las 15:50:00 UTC-3","bundesliga,rb leipzig x hamburg,rb leipzig","./explore?q=bundesliga&geo=BR"
"luiz fux","10 mil+","12 de septiembre de 2026 a las 10:30:00 UTC-3","13 de septiembre de 2026 a las 15:30:00 UTC-3","luiz fux,crise","./explore?q=luiz%20fux&geo=BR"
"varanda","10 mil+","12 de septiembre de 2026 a las 15:20:00 UTC-3","13 de septiembre de 2026 a las 11:30:00 UTC-3","varanda","./explore?q=varanda&geo=BR"
"lito","10 mil+","13 de septiembre de 2026 a las 5:00:00 UTC-3","13 de septiembre de 2026 a las 14:20:00 UTC-3","lito,lito sousa","./explore?q=lito&geo=BR"
"gabe newell","10 mil+","12 de septiembre de 2026 a las 11:50:00 UTC-3","13 de septiembre de 2026 a las 10:00:00 UTC-3","gabe newell","./explore?q=gabe%20newell&geo=BR"
"f2","10 mil+","13 de septiembre de 2026 a las 5:40:00 UTC-3","13 de septiembre de 2026 a las 13:30:00 UTC-3","f2,formula 2,f2 horarios,fórmula 2,emmo fittipaldi,emerson fittipaldi","./explore?q=f2&geo=BR"
"produtor cinematográfico","10 mil+","12 de septiembre de 2026 a las 6:10:00 UTC-3","13 de septiembre de 2026 a las 13:30:00 UTC-3","produtor cinematográfico","./explore?q=produtor%20cinematogr%C3%A1fico&geo=BR"
"flávia alessandra","10 mil+","12 de septiembre de 2026 a las 14:30:00 UTC-3","13 de septiembre de 2026 a las 7:30:00 UTC-3","flávia alessandra","./explore?q=fl%C3%A1via%20alessandra&geo=BR"
"resultado sorteio loteria federal","10 mil+","13 de septiembre de 2026 a las 19:20:00 UTC-3","13 de septiembre de 2026 a las 20:50:00 UTC-3","resultado sorteio loteria federal,resultado da federal,federal,sorteio loteria federal,resultado da loteria federal de hoje,resultado do dia de hoje,loteria,resultado da federal de hoje,resultado da loteria federal,loteria federal hoje","./explore?q=resultado%20sorteio%20loteria%20federal&geo=BR"
"resiliência","10 mil+","12 de septiembre de 2026 a las 9:40:00 UTC-3","12 de septiembre de 2026 a las 21:30:00 UTC-3","resiliência","./explore?q=resili%C3%AAncia&geo=BR"
"ufc noche","10 mil+","12 de septiembre de 2026 a las 13:50:00 UTC-3","13 de septiembre de 2026 a las 0:40:00 UTC-3","ufc noche,jose delgado,jean silva ufc,ufc noche 2026,card ufc","./explore?q=ufc%20noche&geo=BR"
"ldu quito x deportivo cuenca","10 mil+","12 de septiembre de 2026 a las 20:00:00 UTC-3","13 de septiembre de 2026 a las 0:10:00 UTC-3","ldu quito x deportivo cuenca","./explore?q=ldu%20quito%20x%20deportivo%20cuenca&geo=BR"
"botafogo-pb x floresta","10 mil+","12 de septiembre de 2026 a las 16:30:00 UTC-3","12 de septiembre de 2026 a las 21:10:00 UTC-3","botafogo-pb x floresta,botafogo pb,botafogo da paraíba","./explore?q=botafogo-pb%20x%20floresta&geo=BR"
"benfica fc","10 mil+","13 de septiembre de 2026 a las 14:30:00 UTC-3","13 de septiembre de 2026 a las 17:00:00 UTC-3","benfica fc,casa pia x porto,porto fc,andré silva,porto x,fc porto,jogo do porto","./explore?q=benfica%20fc&geo=BR"
"demi lovato rock in rio 2026","10 mil+","12 de septiembre de 2026 a las 18:20:00 UTC-3","13 de septiembre de 2026 a las 2:10:00 UTC-3","demi lovato rock in rio 2026,setlist demi lovato rock in rio 2026,show demi lovato rock in rio,idade demi lovato,horario show demi lovato rock in rio,rock in rio ao vivo,demi lovato setlist,pabllo vittar,setlist demi lovato","./explore?q=demi%20lovato%20rock%20in%20rio%202026&geo=BR"
"monaco fc","10 mil+","12 de septiembre de 2026 a las 13:50:00 UTC-3","12 de septiembre de 2026 a las 16:40:00 UTC-3","monaco fc,monaco x,mônaco fc,mônaco x","./explore?q=monaco%20fc&geo=BR"
"rc strasbourg x mônaco","10 mil+","12 de septiembre de 2026 a las 11:30:00 UTC-3","12 de septiembre de 2026 a las 15:50:00 UTC-3","rc strasbourg x mônaco,monaco","./explore?q=rc%20strasbourg%20x%20m%C3%B4naco&geo=BR"
"ath. bilbao x elche","10 mil+","12 de septiembre de 2026 a las 12:30:00 UTC-3","12 de septiembre de 2026 a las 16:40:00 UTC-3","ath. bilbao x elche,classificações de athletic bilbao x elche,athletic bilbao,atletico bilbao","./explore?q=ath.%20bilbao%20x%20elche&geo=BR"
"liverpool","10 mil+","12 de septiembre de 2026 a las 12:20:00 UTC-3","12 de septiembre de 2026 a las 14:30:00 UTC-3","liverpool,liverpool vs fulham","./explore?q=liverpool&geo=BR"
"rodrigo moledo","10 mil+","11 de septiembre de 2026 a las 23:10:00 UTC-3","12 de septiembre de 2026 a las 11:00:00 UTC-3","rodrigo moledo,estádio major antônio couto pereira,breno lopes,coxa e atlético paranaense,atlético e coritiba,coritiba x athletico paranaense,atletico pr x,coritiba x athletico pr,jogo do coxa hoje,tiago coser,atlético pr,coxa x athletico pr,jogo coxa hoje,atlético x coritiba,moledo,athletico-pr x coritiba","./explore?q=rodrigo%20moledo&geo=BR"
"gilmar mendes flávio bolsonaro","5 mil+","13 de septiembre de 2026 a las 16:10:00 UTC-3",,"gilmar mendes flávio bolsonaro","./explore?q=gilmar%20mendes%20fl%C3%A1vio%20bolsonaro&geo=BR"
"lívian aragão","5 mil+","13 de septiembre de 2026 a las 13:40:00 UTC-3",,"lívian aragão","./explore?q=l%C3%ADvian%20arag%C3%A3o&geo=BR"
"alerta amarelo: chuva intensa","5 mil+","13 de septiembre de 2026 a las 9:40:00 UTC-3",,"alerta amarelo: chuva intensa,adriane lopes","./explore?q=alerta%20amarelo%3A%20chuva%20intensa&geo=BR"
"ivete sangalo","5 mil+","13 de septiembre de 2026 a las 17:00:00 UTC-3",,"ivete sangalo","./explore?q=ivete%20sangalo&geo=BR"
"lituânia","5 mil+","13 de septiembre de 2026 a las 10:10:00 UTC-3",,"lituânia,trem","./explore?q=litu%C3%A2nia&geo=BR"
"zé roberto guimarães","5 mil+","12 de septiembre de 2026 a las 22:40:00 UTC-3",,"zé roberto guimarães","./explore?q=z%C3%A9%20roberto%20guimar%C3%A3es&geo=BR"
"litoral","5 mil+","13 de septiembre de 2026 a las 18:00:00 UTC-3",,"litoral,mala,dcm","./explore?q=litoral&geo=BR"
"alex escobar","5 mil+","13 de septiembre de 2026 a las 21:10:00 UTC-3",,"alex escobar,miastenia,o que aconteceu com alex escobar,alex escobar passa mal ao vivo,fantastico,fantástico","./explore?q=alex%20escobar&geo=BR"
"coronel nunes","5 mil+","13 de septiembre de 2026 a las 12:20:00 UTC-3",,"coronel nunes","./explore?q=coronel%20nunes&geo=BR"
"klara castanho","5 mil+","13 de septiembre de 2026 a las 8:40:00 UTC-3",,"klara castanho","./explore?q=klara%20castanho&geo=BR"
"apresentador de televisão","5 mil+","13 de septiembre de 2026 a las 13:30:00 UTC-3",,"apresentador de televisão,cascavel","./explore?q=apresentador%20de%20televis%C3%A3o&geo=BR"
"celine dion","5 mil+","12 de septiembre de 2026 a las 19:40:00 UTC-3",,"celine dion","./explore?q=celine%20dion&geo=BR"
"quina 7116","5 mil+","12 de septiembre de 2026 a las 21:50:00 UTC-3",,"quina 7116,resultado da quina 7116,resultado da quina concurso 7116,quina resultado","./explore?q=quina%207116&geo=BR"
"gui negão","5 mil+","13 de septiembre de 2026 a las 17:00:00 UTC-3",,"gui negão,gui negao","./explore?q=gui%20neg%C3%A3o&geo=BR"
"enare","5 mil+","13 de septiembre de 2026 a las 8:00:00 UTC-3",,"enare","./explore?q=enare&geo=BR"
"lua","5 mil+","13 de septiembre de 2026 a las 18:00:00 UTC-3",,"lua,lua hoje","./explore?q=lua&geo=BR"
"simaria mendes","5 mil+","13 de septiembre de 2026 a las 5:10:00 UTC-3",,"simaria mendes","./explore?q=simaria%20mendes&geo=BR"
"marina ruy barbosa","5 mil+","13 de septiembre de 2026 a las 15:30:00 UTC-3",,"marina ruy barbosa","./explore?q=marina%20ruy%20barbosa&geo=BR"
"daniela mercury","5 mil+","12 de septiembre de 2026 a las 18:20:00 UTC-3",,"daniela mercury,protesto","./explore?q=daniela%20mercury&geo=BR"
"felipe teresa","5 mil+","13 de septiembre de 2026 a las 17:40:00 UTC-3",,"felipe teresa,futebol palmeiras,mulher","./explore?q=felipe%20teresa&geo=BR"
"enare 2026","5 mil+","13 de septiembre de 2026 a las 8:30:00 UTC-3",,"enare 2026,enamed 2026,prova enamed 2026,inep enamed","./explore?q=enare%202026&geo=BR"
"onda de frio","5 mil+","13 de septiembre de 2026 a las 13:20:00 UTC-3","13 de septiembre de 2026 a las 20:40:00 UTC-3","onda de frio","./explore?q=onda%20de%20frio&geo=BR"
"tom aspinall","5 mil+","13 de septiembre de 2026 a las 12:20:00 UTC-3","13 de septiembre de 2026 a las 21:20:00 UTC-3","tom aspinall","./explore?q=tom%20aspinall&geo=BR"
"quem ama cuida?","5 mil+","13 de septiembre de 2026 a las 18:50:00 UTC-3","13 de septiembre de 2026 a las 20:10:00 UTC-3","quem ama cuida?,quem ama cuida resumo,resumo da novela quem ama cuida,resumo novelas quem ama cuida","./explore?q=quem%20ama%20cuida%3F&geo=BR"
"colo colo","5 mil+","13 de septiembre de 2026 a las 18:00:00 UTC-3","13 de septiembre de 2026 a las 20:30:00 UTC-3","colo colo,colo-colo x club social y de deportes concepción","./explore?q=colo%20colo&geo=BR"
"colégio curso tamandaré unidade recreio i","5 mil+","13 de septiembre de 2026 a las 11:30:00 UTC-3","13 de septiembre de 2026 a las 20:40:00 UTC-3","colégio curso tamandaré unidade recreio i,colégio-curso tamandaré (unidade recreio i)","./explore?q=col%C3%A9gio%20curso%20tamandar%C3%A9%20unidade%20recreio%20i&geo=BR"
"olimpia x sportivo luqueño","5 mil+","13 de septiembre de 2026 a las 15:20:00 UTC-3","13 de septiembre de 2026 a las 19:00:00 UTC-3","olimpia x sportivo luqueño","./explore?q=olimpia%20x%20sportivo%20luque%C3%B1o&geo=BR"
"mariana becker","5 mil+","12 de septiembre de 2026 a las 19:20:00 UTC-3","13 de septiembre de 2026 a las 16:00:00 UTC-3","mariana becker","./explore?q=mariana%20becker&geo=BR"
"katie holmes","5 mil+","12 de septiembre de 2026 a las 20:20:00 UTC-3","13 de septiembre de 2026 a las 17:20:00 UTC-3","katie holmes","./explore?q=katie%20holmes&geo=BR"
"galatasaray","5 mil+","13 de septiembre de 2026 a las 14:20:00 UTC-3","13 de septiembre de 2026 a las 17:00:00 UTC-3","galatasaray","./explore?q=galatasaray&geo=BR"
"inundação","5 mil+","12 de septiembre de 2026 a las 13:50:00 UTC-3","13 de septiembre de 2026 a las 19:30:00 UTC-3","inundação","./explore?q=inunda%C3%A7%C3%A3o&geo=BR"
"sport club do recife","5 mil+","12 de septiembre de 2026 a las 14:00:00 UTC-3","13 de septiembre de 2026 a las 16:30:00 UTC-3","sport club do recife","./explore?q=sport%20club%20do%20recife&geo=BR"
"a fazenda 18 participantes","5 mil+","12 de septiembre de 2026 a las 19:30:00 UTC-3","13 de septiembre de 2026 a las 17:30:00 UTC-3","a fazenda 18 participantes,participantes da fazenda 2026,fazenda 18 participantes,a fazenda","./explore?q=a%20fazenda%2018%20participantes&geo=BR"
"psv","5 mil+","13 de septiembre de 2026 a las 15:10:00 UTC-3","13 de septiembre de 2026 a las 17:20:00 UTC-3","psv","./explore?q=psv&geo=BR"
"felicidade","5 mil+","12 de septiembre de 2026 a las 15:20:00 UTC-3","13 de septiembre de 2026 a las 12:00:00 UTC-3","felicidade","./explore?q=felicidade&geo=BR"
"tabela","5 mil+","12 de septiembre de 2026 a las 17:30:00 UTC-3","13 de septiembre de 2026 a las 20:30:00 UTC-3","tabela","./explore?q=tabela&geo=BR"
"ryan garcia","5 mil+","12 de septiembre de 2026 a las 18:30:00 UTC-3","13 de septiembre de 2026 a las 11:20:00 UTC-3","ryan garcia,ryan garcia vs conor benn,conor benn,garcia vs benn","./explore?q=ryan%20garcia&geo=BR"
"pietro antonelli benício","5 mil+","12 de septiembre de 2026 a las 10:10:00 UTC-3","13 de septiembre de 2026 a las 9:50:00 UTC-3","pietro antonelli benício","./explore?q=pietro%20antonelli%20ben%C3%ADcio&geo=BR"
"bagagem","5 mil+","13 de septiembre de 2026 a las 5:20:00 UTC-3","13 de septiembre de 2026 a las 14:40:00 UTC-3","bagagem","./explore?q=bagagem&geo=BR"
"fabrício bruno","5 mil+","12 de septiembre de 2026 a las 21:30:00 UTC-3","13 de septiembre de 2026 a las 14:20:00 UTC-3","fabrício bruno,campeonato brasileiro a","./explore?q=fabr%C3%ADcio%20bruno&geo=BR"
"lotofácil","5 mil+","13 de septiembre de 2026 a las 5:40:00 UTC-3","13 de septiembre de 2026 a las 11:30:00 UTC-3","lotofácil,sorteio da lotofácil","./explore?q=lotof%C3%A1cil&geo=BR"
"yuri alberto","5 mil+","12 de septiembre de 2026 a las 21:30:00 UTC-3","13 de septiembre de 2026 a las 19:40:00 UTC-3","yuri alberto","./explore?q=yuri%20alberto&geo=BR"
"dario amodei","5 mil+","13 de septiembre de 2026 a las 6:00:00 UTC-3","13 de septiembre de 2026 a las 20:20:00 UTC-3","dario amodei,openai","./explore?q=dario%20amodei&geo=BR"
"tucuman x river plate","5 mil+","12 de septiembre de 2026 a las 17:40:00 UTC-3","13 de septiembre de 2026 a las 8:30:00 UTC-3","tucuman x river plate","./explore?q=tucuman%20x%20river%20plate&geo=BR"
"febre do nilo","5 mil+","12 de septiembre de 2026 a las 4:30:00 UTC-3","12 de septiembre de 2026 a las 23:50:00 UTC-3","febre do nilo","./explore?q=febre%20do%20nilo&geo=BR"
"diablo 5","5 mil+","12 de septiembre de 2026 a las 15:10:00 UTC-3","13 de septiembre de 2026 a las 11:50:00 UTC-3","diablo 5,diablo 4","./explore?q=diablo%205&geo=BR"
"jogo agora","5 mil+","13 de septiembre de 2026 a las 19:10:00 UTC-3","13 de septiembre de 2026 a las 20:20:00 UTC-3","jogo agora,blizzcon,diablo v,diablo,starcraft,blizzcon 2026","./explore?q=jogo%20agora&geo=BR"
"flamengo x são paulo","5 mil+","12 de septiembre de 2026 a las 16:40:00 UTC-3","13 de septiembre de 2026 a las 7:50:00 UTC-3","flamengo x são paulo,placar do brasileirão,são paulo feminino","./explore?q=flamengo%20x%20s%C3%A3o%20paulo&geo=BR"
"centrais elétricas de santa catarina","5 mil+","12 de septiembre de 2026 a las 5:40:00 UTC-3","13 de septiembre de 2026 a las 12:50:00 UTC-3","centrais elétricas de santa catarina","./explore?q=centrais%20el%C3%A9tricas%20de%20santa%20catarina&geo=BR"
"gusttavo lima","5 mil+","12 de septiembre de 2026 a las 0:30:00 UTC-3","13 de septiembre de 2026 a las 6:10:00 UTC-3","gusttavo lima","./explore?q=gusttavo%20lima&geo=BR"
"wow forever","5 mil+","12 de septiembre de 2026 a las 15:50:00 UTC-3","13 de septiembre de 2026 a las 14:30:00 UTC-3","wow forever,world of warcraft forever,warcraft forever","./explore?q=wow%20forever&geo=BR"
"rosamaria","5 mil+","12 de septiembre de 2026 a las 1:20:00 UTC-3","13 de septiembre de 2026 a las 14:30:00 UTC-3","rosamaria","./explore?q=rosamaria&geo=BR"
"picape","5 mil+","12 de septiembre de 2026 a las 7:50:00 UTC-3","13 de septiembre de 2026 a las 10:00:00 UTC-3","picape","./explore?q=picape&geo=BR"
"perda de peso","5 mil+","12 de septiembre de 2026 a las 12:20:00 UTC-3","13 de septiembre de 2026 a las 0:40:00 UTC-3","perda de peso","./explore?q=perda%20de%20peso&geo=BR"
"vítima","5 mil+","12 de septiembre de 2026 a las 6:10:00 UTC-3","12 de septiembre de 2026 a las 15:50:00 UTC-3","vítima","./explore?q=v%C3%ADtima&geo=BR"
"coreia do norte","5 mil+","12 de septiembre de 2026 a las 7:20:00 UTC-3","13 de septiembre de 2026 a las 7:40:00 UTC-3","coreia do norte","./explore?q=coreia%20do%20norte&geo=BR"
"jorge messias","5 mil+","12 de septiembre de 2026 a las 14:10:00 UTC-3","12 de septiembre de 2026 a las 20:20:00 UTC-3","jorge messias,diretor-geral","./explore?q=jorge%20messias&geo=BR"
"gás do povo","5 mil+","12 de septiembre de 2026 a las 14:10:00 UTC-3","12 de septiembre de 2026 a las 21:50:00 UTC-3","gás do povo","./explore?q=g%C3%A1s%20do%20povo&geo=BR"
"14 de setembro","5 mil+","12 de septiembre de 2026 a las 2:30:00 UTC-3","12 de septiembre de 2026 a las 17:50:00 UTC-3","14 de setembro","./explore?q=14%20de%20setembro&geo=BR"
"everton cebolinha","5 mil+","12 de septiembre de 2026 a las 20:50:00 UTC-3","13 de septiembre de 2026 a las 0:20:00 UTC-3","everton cebolinha,jogos de santos futebol clube,jogos do santos","./explore?q=everton%20cebolinha&geo=BR"
"concurso público","5 mil+","12 de septiembre de 2026 a las 6:40:00 UTC-3","12 de septiembre de 2026 a las 17:20:00 UTC-3","concurso público","./explore?q=concurso%20p%C3%BAblico&geo=BR"
"imóvel","5 mil+","12 de septiembre de 2026 a las 5:50:00 UTC-3","12 de septiembre de 2026 a las 14:50:00 UTC-3","imóvel","./explore?q=im%C3%B3vel&geo=BR"
"galvão bueno","5 mil+","12 de septiembre de 2026 a las 14:30:00 UTC-3","13 de septiembre de 2026 a las 7:50:00 UTC-3","galvão bueno,n sports","./explore?q=galv%C3%A3o%20bueno&geo=BR"
"milan","5 mil+","12 de septiembre de 2026 a las 12:50:00 UTC-3","12 de septiembre de 2026 a las 17:20:00 UTC-3","milan,ac milan","./explore?q=milan&geo=BR"
"crystal palace x ipswich town","5 mil+","12 de septiembre de 2026 a las 10:10:00 UTC-3","12 de septiembre de 2026 a las 17:00:00 UTC-3","crystal palace x ipswich town","./explore?q=crystal%20palace%20x%20ipswich%20town&geo=BR"
"paris fc x lyon","5 mil+","12 de septiembre de 2026 a las 14:50:00 UTC-3","12 de septiembre de 2026 a las 18:50:00 UTC-3","paris fc x lyon,classificações de paris fc x lyon","./explore?q=paris%20fc%20x%20lyon&geo=BR"
"tabela brasileirao","5 mil+","12 de septiembre de 2026 a las 17:30:00 UTC-3","12 de septiembre de 2026 a las 21:50:00 UTC-3","tabela brasileirao","./explore?q=tabela%20brasileirao&geo=BR"
"borussia","5 mil+","12 de septiembre de 2026 a las 10:40:00 UTC-3","12 de septiembre de 2026 a las 13:20:00 UTC-3","borussia,bvb","./explore?q=borussia&geo=BR"
"flamengo feminino","5 mil+","12 de septiembre de 2026 a las 18:10:00 UTC-3","12 de septiembre de 2026 a las 20:30:00 UTC-3","flamengo feminino,flamengo x são paulo feminino,flamengo e são paulo feminino,sao paulo feminino,são paulo-flamengo feminino,são paulo x flamengo feminino,flamengo feminino hoje,jogo do flamengo feminino","./explore?q=flamengo%20feminino&geo=BR"
"borussia dortmund","5 mil+","12 de septiembre de 2026 a las 10:30:00 UTC-3","12 de septiembre de 2026 a las 12:50:00 UTC-3","borussia dortmund,dortmund","./explore?q=borussia%20dortmund&geo=BR"
"club de regatas vasco da gama","5 mil+","12 de septiembre de 2026 a las 17:30:00 UTC-3","12 de septiembre de 2026 a las 18:40:00 UTC-3","club de regatas vasco da gama","./explore?q=club%20de%20regatas%20vasco%20da%20gama&geo=BR"
"rodovia marechal rondon","2 mil+","13 de septiembre de 2026 a las 17:30:00 UTC-3",,"rodovia marechal rondon,bauru","./explore?q=rodovia%20marechal%20rondon&geo=BR"
"barcelona sc x delfín","2 mil+","13 de septiembre de 2026 a las 19:10:00 UTC-3",,"barcelona sc x delfín,campeonato equatoriano","./explore?q=barcelona%20sc%20x%20delf%C3%ADn&geo=BR"
"zara larsson rock in rio","2 mil+","12 de septiembre de 2026 a las 19:40:00 UTC-3",,"zara larsson rock in rio","./explore?q=zara%20larsson%20rock%20in%20rio&geo=BR"
"ucrânia","2 mil+","13 de septiembre de 2026 a las 10:00:00 UTC-3",,"ucrânia","./explore?q=ucr%C3%A2nia&geo=BR"
"polícia rodoviária","2 mil+","13 de septiembre de 2026 a las 18:20:00 UTC-3",,"polícia rodoviária","./explore?q=pol%C3%ADcia%20rodovi%C3%A1ria&geo=BR"
"escravo","2 mil+","13 de septiembre de 2026 a las 13:20:00 UTC-3",,"escravo","./explore?q=escravo&geo=BR"
"kylie jenner","2 mil+","13 de septiembre de 2026 a las 15:40:00 UTC-3",,"kylie jenner","./explore?q=kylie%20jenner&geo=BR"
"jason statham","2 mil+","13 de septiembre de 2026 a las 13:10:00 UTC-3",,"jason statham","./explore?q=jason%20statham&geo=BR"
"imóvel","2 mil+","13 de septiembre de 2026 a las 18:30:00 UTC-3",,"imóvel","./explore?q=im%C3%B3vel&geo=BR"
"barcelona sc delfin sc 13/09/2026","2 mil+","13 de septiembre de 2026 a las 20:10:00 UTC-3",,"barcelona sc delfin sc 13/09/2026,barcelona sc,barcelona vs","./explore?q=barcelona%20sc%20delfin%20sc%2013%2F09%2F2026&geo=BR"
"classificação serie b","2 mil+","13 de septiembre de 2026 a las 19:30:00 UTC-3","13 de septiembre de 2026 a las 21:30:00 UTC-3","classificação serie b","./explore?q=classifica%C3%A7%C3%A3o%20serie%20b&geo=BR"
"otaviano costa","2 mil+","13 de septiembre de 2026 a las 19:40:00 UTC-3","13 de septiembre de 2026 a las 20:50:00 UTC-3","otaviano costa,kenya sade,breno ferreira,giovana cordeiro","./explore?q=otaviano%20costa&geo=BR"
"erick pulgar","2 mil+","13 de septiembre de 2026 a las 17:30:00 UTC-3","13 de septiembre de 2026 a las 20:30:00 UTC-3","erick pulgar","./explore?q=erick%20pulgar&geo=BR"
"ranking atp","2 mil+","13 de septiembre de 2026 a las 15:20:00 UTC-3","13 de septiembre de 2026 a las 21:00:00 UTC-3","ranking atp,atp ranking","./explore?q=ranking%20atp&geo=BR"
"jogos de brasileirão série b","2 mil+","13 de septiembre de 2026 a las 20:10:00 UTC-3","13 de septiembre de 2026 a las 21:10:00 UTC-3","jogos de brasileirão série b,tabela serie b 2026","./explore?q=jogos%20de%20brasileir%C3%A3o%20s%C3%A9rie%20b&geo=BR"
"joelma","2 mil+","13 de septiembre de 2026 a las 18:00:00 UTC-3","13 de septiembre de 2026 a las 20:40:00 UTC-3","joelma","./explore?q=joelma&geo=BR"
"flamengo fc","2 mil+","13 de septiembre de 2026 a las 18:00:00 UTC-3","13 de septiembre de 2026 a las 20:30:00 UTC-3","flamengo fc","./explore?q=flamengo%20fc&geo=BR"
"carlos bolsonaro","2 mil+","13 de septiembre de 2026 a las 18:50:00 UTC-3","13 de septiembre de 2026 a las 21:10:00 UTC-3","carlos bolsonaro","./explore?q=carlos%20bolsonaro&geo=BR"
"macará x emelec","2 mil+","13 de septiembre de 2026 a las 17:10:00 UTC-3","13 de septiembre de 2026 a las 20:30:00 UTC-3","macará x emelec","./explore?q=macar%C3%A1%20x%20emelec&geo=BR"
"rio tietê","2 mil+","13 de septiembre de 2026 a las 9:50:00 UTC-3","13 de septiembre de 2026 a las 19:30:00 UTC-3","rio tietê,marginal tietê,rio tiete,marginal tiete","./explore?q=rio%20tiet%C3%AA&geo=BR"
"psv x sparta roterdã","2 mil+","13 de septiembre de 2026 a las 14:50:00 UTC-3","13 de septiembre de 2026 a las 20:10:00 UTC-3","psv x sparta roterdã,psv sparta rotterdam 13/09/2026","./explore?q=psv%20x%20sparta%20roterd%C3%A3&geo=BR"
"enduro","2 mil+","13 de septiembre de 2026 a las 9:10:00 UTC-3","13 de septiembre de 2026 a las 18:30:00 UTC-3","enduro","./explore?q=enduro&geo=BR"
"próximo jogo do palmeiras","2 mil+","13 de septiembre de 2026 a las 19:20:00 UTC-3","13 de septiembre de 2026 a las 20:40:00 UTC-3","próximo jogo do palmeiras,piquerez","./explore?q=pr%C3%B3ximo%20jogo%20do%20palmeiras&geo=BR"
"mirassol vs vitória","2 mil+","13 de septiembre de 2026 a las 15:40:00 UTC-3","13 de septiembre de 2026 a las 19:00:00 UTC-3","mirassol vs vitória,vitoria hoje,vitória x","./explore?q=mirassol%20vs%20vit%C3%B3ria&geo=BR"
"atletico madrid","2 mil+","13 de septiembre de 2026 a las 16:00:00 UTC-3","13 de septiembre de 2026 a las 19:00:00 UTC-3","atletico madrid","./explore?q=atletico%20madrid&geo=BR"
"suspense","2 mil+","13 de septiembre de 2026 a las 9:10:00 UTC-3","13 de septiembre de 2026 a las 15:40:00 UTC-3","suspense","./explore?q=suspense&geo=BR"
"kamala harris","2 mil+","13 de septiembre de 2026 a las 6:00:00 UTC-3","13 de septiembre de 2026 a las 16:10:00 UTC-3","kamala harris","./explore?q=kamala%20harris&geo=BR"
"thaila ayala","2 mil+","13 de septiembre de 2026 a las 7:50:00 UTC-3","13 de septiembre de 2026 a las 18:40:00 UTC-3","thaila ayala","./explore?q=thaila%20ayala&geo=BR"
"debate","2 mil+","13 de septiembre de 2026 a las 6:00:00 UTC-3","13 de septiembre de 2026 a las 14:20:00 UTC-3","debate","./explore?q=debate&geo=BR"
"impeachment","2 mil+","13 de septiembre de 2026 a las 9:40:00 UTC-3","13 de septiembre de 2026 a las 15:00:00 UTC-3","impeachment","./explore?q=impeachment&geo=BR"
"feira","2 mil+","13 de septiembre de 2026 a las 8:20:00 UTC-3","13 de septiembre de 2026 a las 15:40:00 UTC-3","feira","./explore?q=feira&geo=BR"
"ferran torres","2 mil+","13 de septiembre de 2026 a las 16:00:00 UTC-3","13 de septiembre de 2026 a las 18:20:00 UTC-3","ferran torres","./explore?q=ferran%20torres&geo=BR"
"malu mader","2 mil+","12 de septiembre de 2026 a las 17:10:00 UTC-3","13 de septiembre de 2026 a las 21:30:00 UTC-3","malu mader","./explore?q=malu%20mader&geo=BR"
"getafe","2 mil+","13 de septiembre de 2026 a las 13:40:00 UTC-3","13 de septiembre de 2026 a las 16:40:00 UTC-3","getafe","./explore?q=getafe&geo=BR"
"kit harington","2 mil+","13 de septiembre de 2026 a las 6:40:00 UTC-3","13 de septiembre de 2026 a las 14:00:00 UTC-3","kit harington,universo cinematográfico marvel","./explore?q=kit%20harington&geo=BR"
"terror","2 mil+","13 de septiembre de 2026 a las 11:30:00 UTC-3","13 de septiembre de 2026 a las 15:10:00 UTC-3","terror","./explore?q=terror&geo=BR"
"simone tebet","2 mil+","13 de septiembre de 2026 a las 7:30:00 UTC-3","13 de septiembre de 2026 a las 16:40:00 UTC-3","simone tebet,pesquisa para senador em são paulo 2026","./explore?q=simone%20tebet&geo=BR"
"hugo calderano","2 mil+","12 de septiembre de 2026 a las 11:20:00 UTC-3","13 de septiembre de 2026 a las 15:30:00 UTC-3","hugo calderano","./explore?q=hugo%20calderano&geo=BR"
"sheffield united x wolves","2 mil+","13 de septiembre de 2026 a las 7:10:00 UTC-3","13 de septiembre de 2026 a las 13:10:00 UTC-3","sheffield united x wolves,wolves","./explore?q=sheffield%20united%20x%20wolves&geo=BR"
"napoli x","2 mil+","13 de septiembre de 2026 a las 13:10:00 UTC-3","13 de septiembre de 2026 a las 16:10:00 UTC-3","napoli x,napoli fc","./explore?q=napoli%20x&geo=BR"
"previsão do tempo belo horizonte","2 mil+","13 de septiembre de 2026 a las 17:50:00 UTC-3","13 de septiembre de 2026 a las 19:10:00 UTC-3","previsão do tempo belo horizonte,previsão do tempo bh,tempo bh,minas gerais","./explore?q=previs%C3%A3o%20do%20tempo%20belo%20horizonte&geo=BR"
"programação globo","2 mil+","13 de septiembre de 2026 a las 16:00:00 UTC-3","13 de septiembre de 2026 a las 18:00:00 UTC-3","programação globo,programação da globo","./explore?q=programa%C3%A7%C3%A3o%20globo&geo=BR"
"lens fc","2 mil+","13 de septiembre de 2026 a las 12:30:00 UTC-3","13 de septiembre de 2026 a las 15:10:00 UTC-3","lens fc","./explore?q=lens%20fc&geo=BR"
"celta de vigo","2 mil+","13 de septiembre de 2026 a las 7:20:00 UTC-3","13 de septiembre de 2026 a las 12:20:00 UTC-3","celta de vigo","./explore?q=celta%20de%20vigo&geo=BR"
"colts x ravens","2 mil+","13 de septiembre de 2026 a las 13:40:00 UTC-3","13 de septiembre de 2026 a las 17:40:00 UTC-3","colts x ravens,ravens","./explore?q=colts%20x%20ravens&geo=BR"
"levante vs barcelona","2 mil+","13 de septiembre de 2026 a las 10:30:00 UTC-3","13 de septiembre de 2026 a las 14:30:00 UTC-3","levante vs barcelona","./explore?q=levante%20vs%20barcelona&geo=BR"
"raphinha","2 mil+","13 de septiembre de 2026 a las 11:30:00 UTC-3","13 de septiembre de 2026 a las 14:40:00 UTC-3","raphinha,jogo do barcelona hoje","./explore?q=raphinha&geo=BR"
"lille","2 mil+","13 de septiembre de 2026 a las 9:50:00 UTC-3","13 de septiembre de 2026 a las 13:00:00 UTC-3","lille,lille fc","./explore?q=lille&geo=BR"
"stade brestois - psg","2 mil+","13 de septiembre de 2026 a las 15:40:00 UTC-3","13 de septiembre de 2026 a las 18:20:00 UTC-3","stade brestois - psg,paris saint-germain,paris saint-germain football club","./explore?q=stade%20brestois%20-%20psg&geo=BR"
"perícia","2 mil+","13 de septiembre de 2026 a las 16:20:00 UTC-3","13 de septiembre de 2026 a las 19:00:00 UTC-3","perícia,o globo","./explore?q=per%C3%ADcia&geo=BR"
"lamine yamal","2 mil+","13 de septiembre de 2026 a las 13:10:00 UTC-3","13 de septiembre de 2026 a las 15:00:00 UTC-3","lamine yamal","./explore?q=lamine%20yamal&geo=BR"
"carol peixinho","2 mil+","12 de septiembre de 2026 a las 18:00:00 UTC-3","13 de septiembre de 2026 a las 16:00:00 UTC-3","carol peixinho","./explore?q=carol%20peixinho&geo=BR"
"losc x troyes","2 mil+","13 de septiembre de 2026 a las 9:20:00 UTC-3","13 de septiembre de 2026 a las 13:00:00 UTC-3","losc x troyes","./explore?q=losc%20x%20troyes&geo=BR"
"ana paula renault","2 mil+","12 de septiembre de 2026 a las 21:10:00 UTC-3","13 de septiembre de 2026 a las 13:30:00 UTC-3","ana paula renault","./explore?q=ana%20paula%20renault&geo=BR"
"club brugge x antwerp","2 mil+","13 de septiembre de 2026 a las 7:40:00 UTC-3","13 de septiembre de 2026 a las 11:30:00 UTC-3","club brugge x antwerp","./explore?q=club%20brugge%20x%20antwerp&geo=BR"
"lewis hamilton","2 mil+","13 de septiembre de 2026 a las 10:00:00 UTC-3","13 de septiembre de 2026 a las 12:50:00 UTC-3","lewis hamilton,hamilton","./explore?q=lewis%20hamilton&geo=BR"
"brighton","2 mil+","13 de septiembre de 2026 a las 9:40:00 UTC-3","13 de septiembre de 2026 a las 13:00:00 UTC-3","brighton,coventry city,brighton & hove albion football club","./explore?q=brighton&geo=BR"
"moto gp","2 mil+","13 de septiembre de 2026 a las 7:10:00 UTC-3","13 de septiembre de 2026 a las 12:20:00 UTC-3","moto gp,motogp","./explore?q=moto%20gp&geo=BR"
"horóscopo signos","2 mil+","13 de septiembre de 2026 a las 16:50:00 UTC-3","13 de septiembre de 2026 a las 18:40:00 UTC-3","horóscopo signos,horóscopo","./explore?q=hor%C3%B3scopo%20signos&geo=BR"
"rangers x celtic","2 mil+","13 de septiembre de 2026 a las 7:40:00 UTC-3","13 de septiembre de 2026 a las 11:30:00 UTC-3","rangers x celtic","./explore?q=rangers%20x%20celtic&geo=BR"
"jim caviezel","2 mil+","12 de septiembre de 2026 a las 10:10:00 UTC-3","13 de septiembre de 2026 a las 9:10:00 UTC-3","jim caviezel,mauro cid","./explore?q=jim%20caviezel&geo=BR"
"guilherme piva","2 mil+","12 de septiembre de 2026 a las 8:50:00 UTC-3","13 de septiembre de 2026 a las 7:30:00 UTC-3","guilherme piva","./explore?q=guilherme%20piva&geo=BR"
"decolagem","2 mil+","12 de septiembre de 2026 a las 19:20:00 UTC-3","13 de septiembre de 2026 a las 9:50:00 UTC-3","decolagem","./explore?q=decolagem&geo=BR"
"sucuri","2 mil+","13 de septiembre de 2026 a las 5:40:00 UTC-3","13 de septiembre de 2026 a las 10:40:00 UTC-3","sucuri","./explore?q=sucuri&geo=BR"
"da magia à sedução","2 mil+","12 de septiembre de 2026 a las 16:20:00 UTC-3","13 de septiembre de 2026 a las 10:00:00 UTC-3","da magia à sedução,rodrigo santoro","./explore?q=da%20magia%20%C3%A0%20sedu%C3%A7%C3%A3o&geo=BR"
"coleta de lixo","2 mil+","12 de septiembre de 2026 a las 20:30:00 UTC-3","13 de septiembre de 2026 a las 9:40:00 UTC-3","coleta de lixo","./explore?q=coleta%20de%20lixo&geo=BR"
"atalanta x cagliari","2 mil+","12 de septiembre de 2026 a las 14:50:00 UTC-3","12 de septiembre de 2026 a las 20:20:00 UTC-3","atalanta x cagliari","./explore?q=atalanta%20x%20cagliari&geo=BR"
"brics","2 mil+","12 de septiembre de 2026 a las 12:30:00 UTC-3","13 de septiembre de 2026 a las 9:40:00 UTC-3","brics","./explore?q=brics&geo=BR"
"série criminal","2 mil+","12 de septiembre de 2026 a las 10:40:00 UTC-3","12 de septiembre de 2026 a las 17:00:00 UTC-3","série criminal","./explore?q=s%C3%A9rie%20criminal&geo=BR"
"yousri belgaroui","2 mil+","12 de septiembre de 2026 a las 16:10:00 UTC-3","13 de septiembre de 2026 a las 9:50:00 UTC-3","yousri belgaroui,djorden santos","./explore?q=yousri%20belgaroui&geo=BR"
"cruz azul x club américa","2 mil+","12 de septiembre de 2026 a las 23:40:00 UTC-3","13 de septiembre de 2026 a las 3:40:00 UTC-3","cruz azul x club américa","./explore?q=cruz%20azul%20x%20club%20am%C3%A9rica&geo=BR"
"crystal palace","2 mil+","12 de septiembre de 2026 a las 3:00:00 UTC-3","12 de septiembre de 2026 a las 14:20:00 UTC-3","crystal palace","./explore?q=crystal%20palace&geo=BR"
"navio","2 mil+","13 de septiembre de 2026 a las 7:10:00 UTC-3","13 de septiembre de 2026 a las 10:10:00 UTC-3","navio,embarcação","./explore?q=navio&geo=BR"
"osasuna x espanyol","2 mil+","12 de septiembre de 2026 a las 10:30:00 UTC-3","12 de septiembre de 2026 a las 15:00:00 UTC-3","osasuna x espanyol","./explore?q=osasuna%20x%20espanyol&geo=BR"
"zuffa boxing","2 mil+","12 de septiembre de 2026 a las 21:20:00 UTC-3","13 de septiembre de 2026 a las 1:40:00 UTC-3","zuffa boxing","./explore?q=zuffa%20boxing&geo=BR"
"novela alem do tempo","2 mil+","12 de septiembre de 2026 a las 23:10:00 UTC-3","13 de septiembre de 2026 a las 4:00:00 UTC-3","novela alem do tempo,além do tempo","./explore?q=novela%20alem%20do%20tempo&geo=BR"
"radio gaucha","2 mil+","12 de septiembre de 2026 a las 16:20:00 UTC-3","12 de septiembre de 2026 a las 19:30:00 UTC-3","radio gaucha","./explore?q=radio%20gaucha&geo=BR"
"boyacá chicó x independiente medellín","2 mil+","12 de septiembre de 2026 a las 19:20:00 UTC-3","12 de septiembre de 2026 a las 23:10:00 UTC-3","boyacá chicó x independiente medellín,independiente medellín","./explore?q=boyac%C3%A1%20chic%C3%B3%20x%20independiente%20medell%C3%ADn&geo=BR"
"sargento","2 mil+","12 de septiembre de 2026 a las 13:00:00 UTC-3","12 de septiembre de 2026 a las 18:00:00 UTC-3","sargento","./explore?q=sargento&geo=BR"
"fortuna sittard x ajax","2 mil+","12 de septiembre de 2026 a las 14:20:00 UTC-3","12 de septiembre de 2026 a las 19:10:00 UTC-3","fortuna sittard x ajax","./explore?q=fortuna%20sittard%20x%20ajax&geo=BR"
"alexa grasso","2 mil+","12 de septiembre de 2026 a las 17:40:00 UTC-3","12 de septiembre de 2026 a las 21:50:00 UTC-3","alexa grasso,manon fiorot","./explore?q=alexa%20grasso&geo=BR"
"conselho nacional de trânsito","2 mil+","12 de septiembre de 2026 a las 14:50:00 UTC-3","12 de septiembre de 2026 a las 20:40:00 UTC-3","conselho nacional de trânsito","./explore?q=conselho%20nacional%20de%20tr%C3%A2nsito&geo=BR"
"atalanta","2 mil+","12 de septiembre de 2026 a las 16:00:00 UTC-3","12 de septiembre de 2026 a las 18:30:00 UTC-3","atalanta","./explore?q=atalanta&geo=BR"
"ouro","2 mil+","12 de septiembre de 2026 a las 7:50:00 UTC-3","12 de septiembre de 2026 a las 15:40:00 UTC-3","ouro","./explore?q=ouro&geo=BR"
"sicário","2 mil+","12 de septiembre de 2026 a las 5:40:00 UTC-3","12 de septiembre de 2026 a las 22:30:00 UTC-3","sicário","./explore?q=sic%C3%A1rio&geo=BR"
"pesquisa para senador do paraná 2026","2 mil+","12 de septiembre de 2026 a las 5:40:00 UTC-3","12 de septiembre de 2026 a las 15:00:00 UTC-3","pesquisa para senador do paraná 2026","./explore?q=pesquisa%20para%20senador%20do%20paran%C3%A1%202026&geo=BR"
"tommy mcmillen","2 mil+","12 de septiembre de 2026 a las 18:00:00 UTC-3","12 de septiembre de 2026 a las 21:50:00 UTC-3","tommy mcmillen,marwan rahiki","./explore?q=tommy%20mcmillen&geo=BR"
"hoffenheim x vfb stuttgart","2 mil+","12 de septiembre de 2026 a las 9:40:00 UTC-3","12 de septiembre de 2026 a las 15:10:00 UTC-3","hoffenheim x vfb stuttgart","./explore?q=hoffenheim%20x%20vfb%20stuttgart&geo=BR"
"racing x alavés","2 mil+","12 de septiembre de 2026 a las 8:10:00 UTC-3","12 de septiembre de 2026 a las 12:20:00 UTC-3","racing x alavés,alaves","./explore?q=racing%20x%20alav%C3%A9s&geo=BR"
"gustavo henrique","2 mil+","12 de septiembre de 2026 a las 20:40:00 UTC-3","13 de septiembre de 2026 a las 0:10:00 UTC-3","gustavo henrique","./explore?q=gustavo%20henrique&geo=BR"
"arthur","2 mil+","12 de septiembre de 2026 a las 21:00:00 UTC-3","13 de septiembre de 2026 a las 0:30:00 UTC-3","arthur","./explore?q=arthur&geo=BR"
"brandon moreno","2 mil+","12 de septiembre de 2026 a las 19:10:00 UTC-3","12 de septiembre de 2026 a las 21:50:00 UTC-3","brandon moreno,joseph morales","./explore?q=brandon%20moreno&geo=BR"
"alcione","2 mil+","12 de septiembre de 2026 a las 23:20:00 UTC-3","13 de septiembre de 2026 a las 1:30:00 UTC-3","alcione","./explore?q=alcione&geo=BR"
"keanu reeves","2 mil+","12 de septiembre de 2026 a las 8:10:00 UTC-3","12 de septiembre de 2026 a las 14:50:00 UTC-3","keanu reeves","./explore?q=keanu%20reeves&geo=BR"
"aston villa","2 mil+","12 de septiembre de 2026 a las 11:20:00 UTC-3","12 de septiembre de 2026 a las 14:00:00 UTC-3","aston villa,aston villa x","./explore?q=aston%20villa&geo=BR"
"tiririca","2 mil+","12 de septiembre de 2026 a las 7:10:00 UTC-3","12 de septiembre de 2026 a las 23:10:00 UTC-3","tiririca","./explore?q=tiririca&geo=BR"
"renda fixa","2 mil+","12 de septiembre de 2026 a las 5:50:00 UTC-3","12 de septiembre de 2026 a las 14:50:00 UTC-3","renda fixa","./explore?q=renda%20fixa&geo=BR"
"deportivo recoleta x sportivo trinidense","2 mil+","12 de septiembre de 2026 a las 18:00:00 UTC-3","12 de septiembre de 2026 a las 21:30:00 UTC-3","deportivo recoleta x sportivo trinidense","./explore?q=deportivo%20recoleta%20x%20sportivo%20trinidense&geo=BR"
"arsenal fc","2 mil+","12 de septiembre de 2026 a las 16:30:00 UTC-3","12 de septiembre de 2026 a las 19:10:00 UTC-3","arsenal fc,sunderland vs arsenal,arsenal football club,reinildo mandava","./explore?q=arsenal%20fc&geo=BR"
"augsburg x leverkusen","2 mil+","12 de septiembre de 2026 a las 9:40:00 UTC-3","12 de septiembre de 2026 a las 13:30:00 UTC-3","augsburg x leverkusen","./explore?q=augsburg%20x%20leverkusen&geo=BR"
"us open junior","2 mil+","12 de septiembre de 2026 a las 12:00:00 UTC-3","12 de septiembre de 2026 a las 16:00:00 UTC-3","us open junior","./explore?q=us%20open%20junior&geo=BR"
"diego moreira","2 mil+","12 de septiembre de 2026 a las 14:20:00 UTC-3","12 de septiembre de 2026 a las 17:30:00 UTC-3","diego moreira,milan fc","./explore?q=diego%20moreira&geo=BR"
"sabrina sato","2 mil+","12 de septiembre de 2026 a las 23:20:00 UTC-3","13 de septiembre de 2026 a las 1:40:00 UTC-3","sabrina sato,sabrina sato está grávida,sabrina sato idade","./explore?q=sabrina%20sato&geo=BR"
"porto","2 mil+","12 de septiembre de 2026 a las 14:30:00 UTC-3","12 de septiembre de 2026 a las 16:30:00 UTC-3","porto","./explore?q=porto&geo=BR"
"comício","2 mil+","12 de septiembre de 2026 a las 16:00:00 UTC-3","13 de septiembre de 2026 a las 8:50:00 UTC-3","comício,lula em curitiba","./explore?q=com%C3%ADcio&geo=BR"
"botafogo de futebol e regatas","2 mil+","12 de septiembre de 2026 a las 21:10:00 UTC-3","12 de septiembre de 2026 a las 23:00:00 UTC-3","botafogo de futebol e regatas","./explore?q=botafogo%20de%20futebol%20e%20regatas&geo=BR"
"multa","2 mil+","12 de septiembre de 2026 a las 8:30:00 UTC-3","12 de septiembre de 2026 a las 11:20:00 UTC-3","multa","./explore?q=multa&geo=BR"
"cavalo","2 mil+","12 de septiembre de 2026 a las 18:20:00 UTC-3","12 de septiembre de 2026 a las 20:50:00 UTC-3","cavalo","./explore?q=cavalo&geo=BR"
"real madrid club de fútbol","2 mil+","12 de septiembre de 2026 a las 16:10:00 UTC-3","12 de septiembre de 2026 a las 18:50:00 UTC-3","real madrid club de fútbol","./explore?q=real%20madrid%20club%20de%20f%C3%BAtbol&geo=BR"
"marcel latak","2 mil+","12 de septiembre de 2026 a las 12:30:00 UTC-3","12 de septiembre de 2026 a las 16:10:00 UTC-3","marcel latak,us open juvenil","./explore?q=marcel%20latak&geo=BR"
"pixbet vorcaro","2 mil+","12 de septiembre de 2026 a las 4:50:00 UTC-3","12 de septiembre de 2026 a las 11:50:00 UTC-3","pixbet vorcaro,vorcaro atlético-mg,pixbet","./explore?q=pixbet%20vorcaro&geo=BR"
"isadora ribeiro","2 mil+","12 de septiembre de 2026 a las 15:00:00 UTC-3","12 de septiembre de 2026 a las 16:50:00 UTC-3","isadora ribeiro,nani venâncio","./explore?q=isadora%20ribeiro&geo=BR"
"jogo do liverpool","2 mil+","12 de septiembre de 2026 a las 11:20:00 UTC-3","12 de septiembre de 2026 a las 14:10:00 UTC-3","jogo do liverpool,liverpool fc","./explore?q=jogo%20do%20liverpool&geo=BR"
"ajax","2 mil+","12 de septiembre de 2026 a las 15:30:00 UTC-3","12 de septiembre de 2026 a las 17:30:00 UTC-3","ajax,fortuna sittard ajax 12/09/2026","./explore?q=ajax&geo=BR"
"chelsea fc","2 mil+","12 de septiembre de 2026 a las 11:30:00 UTC-3","12 de septiembre de 2026 a las 14:10:00 UTC-3","chelsea fc,chelsea football club,hull city association football club","./explore?q=chelsea%20fc&geo=BR"
"gabriel martinelli","2 mil+","12 de septiembre de 2026 a las 13:40:00 UTC-3","12 de septiembre de 2026 a las 16:10:00 UTC-3","gabriel martinelli,campeonato saudita","./explore?q=gabriel%20martinelli&geo=BR"
"vinicius júnior","2 mil+","12 de septiembre de 2026 a las 18:00:00 UTC-3","12 de septiembre de 2026 a las 19:10:00 UTC-3","vinicius júnior","./explore?q=vinicius%20j%C3%BAnior&geo=BR"
"resumo da novela quem ama cuida","2 mil+","11 de septiembre de 2026 a las 23:20:00 UTC-3","12 de septiembre de 2026 a las 0:10:00 UTC-3","resumo da novela quem ama cuida,resumo de quem ama cuida,resumo quem ama cuida","./explore?q=resumo%20da%20novela%20quem%20ama%20cuida&geo=BR"
"huracán x racing","1 mil+","13 de septiembre de 2026 a las 20:50:00 UTC-3",,"huracán x racing","./explore?q=hurac%C3%A1n%20x%20racing&geo=BR"
"giants x cowboys","1 mil+","13 de septiembre de 2026 a las 20:40:00 UTC-3",,"giants x cowboys","./explore?q=giants%20x%20cowboys&geo=BR"
"edge 70 neo","1 mil+","13 de septiembre de 2026 a las 18:00:00 UTC-3",,"edge 70 neo","./explore?q=edge%2070%20neo&geo=BR"
"chicago fire x new england","1 mil+","13 de septiembre de 2026 a las 17:50:00 UTC-3",,"chicago fire x new england","./explore?q=chicago%20fire%20x%20new%20england&geo=BR"
"independiente x san lorenzo","1 mil+","13 de septiembre de 2026 a las 18:40:00 UTC-3",,"independiente x san lorenzo","./explore?q=independiente%20x%20san%20lorenzo&geo=BR"
"presidente da câmara dos representantes dos estados unidos","1 mil+","13 de septiembre de 2026 a las 18:40:00 UTC-3",,"presidente da câmara dos representantes dos estados unidos","./explore?q=presidente%20da%20c%C3%A2mara%20dos%20representantes%20dos%20estados%20unidos&geo=BR"
"audax italiano o'higgins 13/09/2026","1 mil+","13 de septiembre de 2026 a las 20:10:00 UTC-3",,"audax italiano o'higgins 13/09/2026","./explore?q=audax%20italiano%20o%27higgins%2013%2F09%2F2026&geo=BR"
"austin fc","1 mil+","13 de septiembre de 2026 a las 20:00:00 UTC-3",,"austin fc,vancouver whitecaps","./explore?q=austin%20fc&geo=BR"
"sebastián montoya","1 mil+","13 de septiembre de 2026 a las 18:40:00 UTC-3",,"sebastián montoya","./explore?q=sebasti%C3%A1n%20montoya&geo=BR"
"san diego fc","1 mil+","13 de septiembre de 2026 a las 20:30:00 UTC-3",,"san diego fc,jorginho,campeonato turco,dc united x atlanta united","./explore?q=san%20diego%20fc&geo=BR"
"rotten tomatoes","1 mil+","13 de septiembre de 2026 a las 15:50:00 UTC-3","13 de septiembre de 2026 a las 21:30:00 UTC-3","rotten tomatoes","./explore?q=rotten%20tomatoes&geo=BR"
"larissa manoela","1 mil+","13 de septiembre de 2026 a las 9:20:00 UTC-3",,"larissa manoela","./explore?q=larissa%20manoela&geo=BR"
"red dead","1 mil+","13 de septiembre de 2026 a las 14:20:00 UTC-3","13 de septiembre de 2026 a las 21:10:00 UTC-3","red dead","./explore?q=red%20dead&geo=BR"
"chicago fire fc","1 mil+","13 de septiembre de 2026 a las 18:10:00 UTC-3","13 de septiembre de 2026 a las 21:30:00 UTC-3","chicago fire fc","./explore?q=chicago%20fire%20fc&geo=BR"
"tele sena","1 mil+","13 de septiembre de 2026 a las 19:10:00 UTC-3","13 de septiembre de 2026 a las 21:40:00 UTC-3","tele sena,telesena","./explore?q=tele%20sena&geo=BR"
"atlético nacional x rionegro águilas","1 mil+","13 de septiembre de 2026 a las 17:20:00 UTC-3","13 de septiembre de 2026 a las 20:50:00 UTC-3","atlético nacional x rionegro águilas","./explore?q=atl%C3%A9tico%20nacional%20x%20rionegro%20%C3%A1guilas&geo=BR"
"arrascaeta","1 mil+","13 de septiembre de 2026 a las 17:30:00 UTC-3","13 de septiembre de 2026 a las 20:10:00 UTC-3","arrascaeta","./explore?q=arrascaeta&geo=BR"
"corinthians jogos","1 mil+","13 de septiembre de 2026 a las 18:40:00 UTC-3","13 de septiembre de 2026 a las 20:40:00 UTC-3","corinthians jogos,jogos de corinthians","./explore?q=corinthians%20jogos&geo=BR"
"argentinos juniors x gimnasia","1 mil+","13 de septiembre de 2026 a las 16:30:00 UTC-3","13 de septiembre de 2026 a las 19:40:00 UTC-3","argentinos juniors x gimnasia","./explore?q=argentinos%20juniors%20x%20gimnasia&geo=BR"
"comercial (rp) x são josé","1 mil+","13 de septiembre de 2026 a las 15:40:00 UTC-3","13 de septiembre de 2026 a las 19:20:00 UTC-3","comercial (rp) x são josé","./explore?q=comercial%20%28rp%29%20x%20s%C3%A3o%20jos%C3%A9&geo=BR"
"barco","1 mil+","13 de septiembre de 2026 a las 17:50:00 UTC-3","13 de septiembre de 2026 a las 20:00:00 UTC-3","barco","./explore?q=barco&geo=BR"
"emirates","1 mil+","13 de septiembre de 2026 a las 16:40:00 UTC-3","13 de septiembre de 2026 a las 20:20:00 UTC-3","emirates","./explore?q=emirates&geo=BR"
"campinas","1 mil+","13 de septiembre de 2026 a las 17:00:00 UTC-3","13 de septiembre de 2026 a las 20:30:00 UTC-3","campinas","./explore?q=campinas&geo=BR"
"vitoria x mirassol","1 mil+","13 de septiembre de 2026 a las 16:10:00 UTC-3","13 de septiembre de 2026 a las 19:20:00 UTC-3","vitoria x mirassol","./explore?q=vitoria%20x%20mirassol&geo=BR"
"atlético nacional","1 mil+","13 de septiembre de 2026 a las 18:30:00 UTC-3","13 de septiembre de 2026 a las 20:30:00 UTC-3","atlético nacional,atletico nacional","./explore?q=atl%C3%A9tico%20nacional&geo=BR"
"a tabela do brasileirão","1 mil+","12 de septiembre de 2026 a las 19:20:00 UTC-3","13 de septiembre de 2026 a las 20:20:00 UTC-3","a tabela do brasileirão","./explore?q=a%20tabela%20do%20brasileir%C3%A3o&geo=BR"
"raniele","1 mil+","13 de septiembre de 2026 a las 17:40:00 UTC-3","13 de septiembre de 2026 a las 19:20:00 UTC-3","raniele,memphis","./explore?q=raniele&geo=BR"
"the legend of zelda ocarina of time","1 mil+","13 de septiembre de 2026 a las 16:30:00 UTC-3","13 de septiembre de 2026 a las 18:30:00 UTC-3","the legend of zelda ocarina of time,ocarina of time switch 2","./explore?q=the%20legend%20of%20zelda%20ocarina%20of%20time&geo=BR"
"campo grande","1 mil+","13 de septiembre de 2026 a las 16:40:00 UTC-3","13 de septiembre de 2026 a las 18:30:00 UTC-3","campo grande","./explore?q=campo%20grande&geo=BR"
"zwolle x feyenoord","1 mil+","13 de septiembre de 2026 a las 11:10:00 UTC-3","13 de septiembre de 2026 a las 17:20:00 UTC-3","zwolle x feyenoord","./explore?q=zwolle%20x%20feyenoord&geo=BR"
"rúben neves","1 mil+","13 de septiembre de 2026 a las 16:30:00 UTC-3","13 de septiembre de 2026 a las 20:30:00 UTC-3","rúben neves,cristiano ronaldo","./explore?q=r%C3%BAben%20neves&geo=BR"
"garagem","1 mil+","13 de septiembre de 2026 a las 12:00:00 UTC-3","13 de septiembre de 2026 a las 16:00:00 UTC-3","garagem","./explore?q=garagem&geo=BR"
"eliana","1 mil+","13 de septiembre de 2026 a las 12:00:00 UTC-3","13 de septiembre de 2026 a las 18:00:00 UTC-3","eliana,programacao globo","./explore?q=eliana&geo=BR"
"parana chuvas","1 mil+","13 de septiembre de 2026 a las 16:40:00 UTC-3","13 de septiembre de 2026 a las 18:20:00 UTC-3","parana chuvas,trecho","./explore?q=parana%20chuvas&geo=BR"
"galatasaray x","1 mil+","13 de septiembre de 2026 a las 14:30:00 UTC-3","13 de septiembre de 2026 a las 17:00:00 UTC-3","galatasaray x","./explore?q=galatasaray%20x&geo=BR"
"deportivo pereira atletico bucaramanga 13/09/2026","1 mil+","13 de septiembre de 2026 a las 16:20:00 UTC-3","13 de septiembre de 2026 a las 18:00:00 UTC-3","deportivo pereira atletico bucaramanga 13/09/2026,deportivo pereira x bucaramanga","./explore?q=deportivo%20pereira%20atletico%20bucaramanga%2013%2F09%2F2026&geo=BR"
"empréstimo","1 mil+","13 de septiembre de 2026 a las 4:40:00 UTC-3","13 de septiembre de 2026 a las 13:10:00 UTC-3","empréstimo","./explore?q=empr%C3%A9stimo&geo=BR"
"investimento","1 mil+","13 de septiembre de 2026 a las 10:30:00 UTC-3","13 de septiembre de 2026 a las 14:20:00 UTC-3","investimento","./explore?q=investimento&geo=BR"
"bayern munich","1 mil+","13 de septiembre de 2026 a las 12:50:00 UTC-3","13 de septiembre de 2026 a las 15:20:00 UTC-3","bayern munich,harry kane,sv elversberg vs bayern","./explore?q=bayern%20munich&geo=BR"
"max verstappen","1 mil+","13 de septiembre de 2026 a las 10:20:00 UTC-3","13 de septiembre de 2026 a las 12:50:00 UTC-3","max verstappen,verstappen","./explore?q=max%20verstappen&geo=BR"
"maria bethânia","1 mil+","13 de septiembre de 2026 a las 4:00:00 UTC-3","13 de septiembre de 2026 a las 12:30:00 UTC-3","maria bethânia","./explore?q=maria%20beth%C3%A2nia&geo=BR"
"príncipe","1 mil+","12 de septiembre de 2026 a las 23:00:00 UTC-3","13 de septiembre de 2026 a las 11:40:00 UTC-3","príncipe","./explore?q=pr%C3%ADncipe&geo=BR"
"cblol","1 mil+","13 de septiembre de 2026 a las 5:50:00 UTC-3","13 de septiembre de 2026 a las 17:30:00 UTC-3","cblol","./explore?q=cblol&geo=BR"
"bayer","1 mil+","13 de septiembre de 2026 a las 13:40:00 UTC-3","13 de septiembre de 2026 a las 15:10:00 UTC-3","bayer","./explore?q=bayer&geo=BR"
"felipe melo","1 mil+","13 de septiembre de 2026 a las 6:50:00 UTC-3","13 de septiembre de 2026 a las 12:50:00 UTC-3","felipe melo","./explore?q=felipe%20melo&geo=BR"
"lando norris","1 mil+","13 de septiembre de 2026 a las 10:00:00 UTC-3","13 de septiembre de 2026 a las 12:50:00 UTC-3","lando norris,f1 standings","./explore?q=lando%20norris&geo=BR"
"charles leclerc","1 mil+","13 de septiembre de 2026 a las 10:20:00 UTC-3","13 de septiembre de 2026 a las 12:40:00 UTC-3","charles leclerc","./explore?q=charles%20leclerc&geo=BR"
"lecce x a.c. monza","1 mil+","13 de septiembre de 2026 a las 9:30:00 UTC-3","13 de septiembre de 2026 a las 12:30:00 UTC-3","lecce x a.c. monza","./explore?q=lecce%20x%20a.c.%20monza&geo=BR"
"br-158","1 mil+","12 de septiembre de 2026 a las 15:30:00 UTC-3","13 de septiembre de 2026 a las 9:50:00 UTC-3","br-158","./explore?q=br-158&geo=BR"
"arnold schwarzenegger","1 mil+","13 de septiembre de 2026 a las 5:10:00 UTC-3","13 de septiembre de 2026 a las 9:10:00 UTC-3","arnold schwarzenegger","./explore?q=arnold%20schwarzenegger&geo=BR"
"levante – barcelone","1 mil+","13 de septiembre de 2026 a las 10:50:00 UTC-3","13 de septiembre de 2026 a las 13:20:00 UTC-3","levante – barcelone,classement levante – fc barcelone","./explore?q=levante%20%E2%80%93%20barcelone&geo=BR"
"gabriela guimarães","1 mil+","12 de septiembre de 2026 a las 19:10:00 UTC-3","13 de septiembre de 2026 a las 7:50:00 UTC-3","gabriela guimarães","./explore?q=gabriela%20guimar%C3%A3es&geo=BR"
"colapinto","1 mil+","13 de septiembre de 2026 a las 10:20:00 UTC-3","13 de septiembre de 2026 a las 12:20:00 UTC-3","colapinto,franco colapinto","./explore?q=colapinto&geo=BR"
"pedro sampaio","1 mil+","12 de septiembre de 2026 a las 16:40:00 UTC-3","13 de septiembre de 2026 a las 2:20:00 UTC-3","pedro sampaio","./explore?q=pedro%20sampaio&geo=BR"
"mesário","1 mil+","12 de septiembre de 2026 a las 16:30:00 UTC-3","12 de septiembre de 2026 a las 22:30:00 UTC-3","mesário","./explore?q=mes%C3%A1rio&geo=BR"
"kadu moliterno","1 mil+","12 de septiembre de 2026 a las 18:30:00 UTC-3","12 de septiembre de 2026 a las 23:10:00 UTC-3","kadu moliterno","./explore?q=kadu%20moliterno&geo=BR"
"joao gomes","1 mil+","12 de septiembre de 2026 a las 20:10:00 UTC-3","13 de septiembre de 2026 a las 2:00:00 UTC-3","joao gomes","./explore?q=joao%20gomes&geo=BR"
"inter miami - nashville sc","1 mil+","12 de septiembre de 2026 a las 20:00:00 UTC-3","13 de septiembre de 2026 a las 0:10:00 UTC-3","inter miami - nashville sc,orlando city","./explore?q=inter%20miami%20-%20nashville%20sc&geo=BR"
"fraude","1 mil+","12 de septiembre de 2026 a las 7:50:00 UTC-3","12 de septiembre de 2026 a las 20:30:00 UTC-3","fraude","./explore?q=fraude&geo=BR"
"tribunal regional eleitoral de são paulo","1 mil+","12 de septiembre de 2026 a las 7:10:00 UTC-3","12 de septiembre de 2026 a las 14:40:00 UTC-3","tribunal regional eleitoral de são paulo","./explore?q=tribunal%20regional%20eleitoral%20de%20s%C3%A3o%20paulo&geo=BR"
"míssil","1 mil+","11 de septiembre de 2026 a las 22:00:00 UTC-3","12 de septiembre de 2026 a las 15:00:00 UTC-3","míssil","./explore?q=m%C3%ADssil&geo=BR"
"gugu liberato","1 mil+","12 de septiembre de 2026 a las 9:40:00 UTC-3","12 de septiembre de 2026 a las 17:50:00 UTC-3","gugu liberato","./explore?q=gugu%20liberato&geo=BR"
"artilheiro","1 mil+","12 de septiembre de 2026 a las 10:10:00 UTC-3","12 de septiembre de 2026 a las 17:20:00 UTC-3","artilheiro","./explore?q=artilheiro&geo=BR"
"boxe","1 mil+","12 de septiembre de 2026 a las 21:30:00 UTC-3","13 de septiembre de 2026 a las 1:40:00 UTC-3","boxe","./explore?q=boxe&geo=BR"
"quanto foi o jogo do palmeiras-são paulo","1 mil+","12 de septiembre de 2026 a las 20:20:00 UTC-3","13 de septiembre de 2026 a las 7:00:00 UTC-3","quanto foi o jogo do palmeiras-são paulo,melhores momentos de palmeiras-são paulo","./explore?q=quanto%20foi%20o%20jogo%20do%20palmeiras-s%C3%A3o%20paulo&geo=BR"
"premier","1 mil+","12 de septiembre de 2026 a las 16:00:00 UTC-3","12 de septiembre de 2026 a las 19:50:00 UTC-3","premier","./explore?q=premier&geo=BR"
"medicamento","1 mil+","12 de septiembre de 2026 a las 12:00:00 UTC-3","12 de septiembre de 2026 a las 15:00:00 UTC-3","medicamento","./explore?q=medicamento&geo=BR"
"alysson","1 mil+","12 de septiembre de 2026 a las 12:30:00 UTC-3","12 de septiembre de 2026 a las 15:50:00 UTC-3","alysson","./explore?q=alysson&geo=BR"
"yan diomande","1 mil+","12 de septiembre de 2026 a las 15:40:00 UTC-3","12 de septiembre de 2026 a las 19:00:00 UTC-3","yan diomande,diomande","./explore?q=yan%20diomande&geo=BR"
"genoa","1 mil+","12 de septiembre de 2026 a las 9:40:00 UTC-3","12 de septiembre de 2026 a las 13:10:00 UTC-3","genoa","./explore?q=genoa&geo=BR"
"fundação cacique cobra coral","1 mil+","12 de septiembre de 2026 a las 18:30:00 UTC-3","12 de septiembre de 2026 a las 21:50:00 UTC-3","fundação cacique cobra coral","./explore?q=funda%C3%A7%C3%A3o%20cacique%20cobra%20coral&geo=BR"
"pesquisa senado mg","1 mil+","12 de septiembre de 2026 a las 6:00:00 UTC-3","12 de septiembre de 2026 a las 14:50:00 UTC-3","pesquisa senado mg","./explore?q=pesquisa%20senado%20mg&geo=BR"
"th joias","1 mil+","12 de septiembre de 2026 a las 9:30:00 UTC-3","12 de septiembre de 2026 a las 14:20:00 UTC-3","th joias","./explore?q=th%20joias&geo=BR"
"danilo","1 mil+","12 de septiembre de 2026 a las 20:20:00 UTC-3","12 de septiembre de 2026 a las 22:40:00 UTC-3","danilo","./explore?q=danilo&geo=BR"
"elche","1 mil+","12 de septiembre de 2026 a las 13:20:00 UTC-3","12 de septiembre de 2026 a las 16:30:00 UTC-3","elche","./explore?q=elche&geo=BR"
"junno andrade","1 mil+","11 de septiembre de 2026 a las 21:50:00 UTC-3","12 de septiembre de 2026 a las 9:30:00 UTC-3","junno andrade","./explore?q=junno%20andrade&geo=BR"
"bruna biancardi","1 mil+","12 de septiembre de 2026 a las 6:40:00 UTC-3","12 de septiembre de 2026 a las 9:40:00 UTC-3","bruna biancardi","./explore?q=bruna%20biancardi&geo=BR"
"pablo maia","1 mil+","12 de septiembre de 2026 a las 18:30:00 UTC-3","12 de septiembre de 2026 a las 20:10:00 UTC-3","pablo maia","./explore?q=pablo%20maia&geo=BR"
"classificação campeonato brasileiro","1 mil+","12 de septiembre de 2026 a las 17:50:00 UTC-3","13 de septiembre de 2026 a las 7:40:00 UTC-3","classificação campeonato brasileiro","./explore?q=classifica%C3%A7%C3%A3o%20campeonato%20brasileiro&geo=BR"
"regina tarin","1 mil+","12 de septiembre de 2026 a las 15:10:00 UTC-3","12 de septiembre de 2026 a las 19:20:00 UTC-3","regina tarin","./explore?q=regina%20tarin&geo=BR"
"explosão","1 mil+","12 de septiembre de 2026 a las 13:30:00 UTC-3","12 de septiembre de 2026 a las 16:30:00 UTC-3","explosão","./explore?q=explos%C3%A3o&geo=BR"
"litoral","1 mil+","12 de septiembre de 2026 a las 6:40:00 UTC-3","12 de septiembre de 2026 a las 12:40:00 UTC-3","litoral","./explore?q=litoral&geo=BR"
"waldo cortes-acosta","1 mil+","12 de septiembre de 2026 a las 18:20:00 UTC-3","12 de septiembre de 2026 a las 20:20:00 UTC-3","waldo cortes-acosta,curtis blaydes","./explore?q=waldo%20cortes-acosta&geo=BR"
"milan x","1 mil+","12 de septiembre de 2026 a las 13:10:00 UTC-3","12 de septiembre de 2026 a las 16:10:00 UTC-3","milan x","./explore?q=milan%20x&geo=BR"
"pal","1 mil+","12 de septiembre de 2026 a las 19:00:00 UTC-3","12 de septiembre de 2026 a las 21:10:00 UTC-3","pal,palmeiras hj,gustavo gómez","./explore?q=pal&geo=BR"
"mariana ximenes","1 mil+","12 de septiembre de 2026 a las 22:00:00 UTC-3","12 de septiembre de 2026 a las 23:20:00 UTC-3","mariana ximenes","./explore?q=mariana%20ximenes&geo=BR"
"ganfan yingying","1 mil+","12 de septiembre de 2026 a las 11:40:00 UTC-3","12 de septiembre de 2026 a las 17:50:00 UTC-3","ganfan yingying","./explore?q=ganfan%20yingying&geo=BR"
"mainz 05 x eintracht","1 mil+","12 de septiembre de 2026 a las 9:50:00 UTC-3","12 de septiembre de 2026 a las 12:50:00 UTC-3","mainz 05 x eintracht","./explore?q=mainz%2005%20x%20eintracht&geo=BR"
"priscila senna","1 mil+","12 de septiembre de 2026 a las 17:20:00 UTC-3","12 de septiembre de 2026 a las 22:50:00 UTC-3","priscila senna,canal bis","./explore?q=priscila%20senna&geo=BR"
"lua","1 mil+","12 de septiembre de 2026 a las 18:40:00 UTC-3","12 de septiembre de 2026 a las 20:10:00 UTC-3","lua","./explore?q=lua&geo=BR"
"freiburg x mönchengladbach","1 mil+","12 de septiembre de 2026 a las 10:10:00 UTC-3","12 de septiembre de 2026 a las 12:50:00 UTC-3","freiburg x mönchengladbach,fábio silva","./explore?q=freiburg%20x%20m%C3%B6nchengladbach&geo=BR"
"nintendo switch","1 mil+","12 de septiembre de 2026 a las 7:50:00 UTC-3","12 de septiembre de 2026 a las 15:10:00 UTC-3","nintendo switch","./explore?q=nintendo%20switch&geo=BR"
"ester expósito","1 mil+","11 de septiembre de 2026 a las 23:00:00 UTC-3","12 de septiembre de 2026 a las 2:00:00 UTC-3","ester expósito,filmes separados pelo destino,atraidos pelo destino 2026","./explore?q=ester%20exp%C3%B3sito&geo=BR"
"us open 2026","1 mil+","12 de septiembre de 2026 a las 6:10:00 UTC-3","12 de septiembre de 2026 a las 8:00:00 UTC-3","us open 2026","./explore?q=us%20open%202026&geo=BR"
"alerta vermelho tempestade defesa civil","1 mil+","11 de septiembre de 2026 a las 22:20:00 UTC-3","11 de septiembre de 2026 a las 23:40:00 UTC-3","alerta vermelho tempestade defesa civil,chuvas","./explore?q=alerta%20vermelho%20tempestade%20defesa%20civil&geo=BR"
"cristiano ronaldo","1 mil+","12 de septiembre de 2026 a las 15:30:00 UTC-3","12 de septiembre de 2026 a las 17:20:00 UTC-3","cristiano ronaldo,all nassr,al-nassr football club","./explore?q=cristiano%20ronaldo&geo=BR"
"lady gaga baby","1 mil+","11 de septiembre de 2026 a las 22:30:00 UTC-3","12 de septiembre de 2026 a las 0:40:00 UTC-3","lady gaga baby,lady gaga pregnant,lady gaga bebe","./explore?q=lady%20gaga%20baby&geo=BR"
"kevin viveros","1 mil+","11 de septiembre de 2026 a las 22:40:00 UTC-3","12 de septiembre de 2026 a las 0:10:00 UTC-3","kevin viveros","./explore?q=kevin%20viveros&geo=BR"
"metanol","500+","13 de septiembre de 2026 a las 20:40:00 UTC-3",,"metanol","./explore?q=metanol&geo=BR"
"campeonato equatoriano","500+","13 de septiembre de 2026 a las 20:30:00 UTC-3",,"campeonato equatoriano","./explore?q=campeonato%20equatoriano&geo=BR"
"huracan","500+","13 de septiembre de 2026 a las 20:10:00 UTC-3",,"huracan","./explore?q=huracan&geo=BR"
"thais carla","500+","13 de septiembre de 2026 a las 21:10:00 UTC-3",,"thais carla","./explore?q=thais%20carla&geo=BR"
"once caldas","500+","13 de septiembre de 2026 a las 20:10:00 UTC-3",,"once caldas","./explore?q=once%20caldas&geo=BR"
"debate presidencial","500+","13 de septiembre de 2026 a las 19:50:00 UTC-3",,"debate presidencial","./explore?q=debate%20presidencial&geo=BR"
"halsey rock in rio","500+","13 de septiembre de 2026 a las 21:10:00 UTC-3",,"halsey rock in rio,setlist halsey rock in rio 2026","./explore?q=halsey%20rock%20in%20rio&geo=BR"
"san lorenzo","500+","13 de septiembre de 2026 a las 20:40:00 UTC-3",,"san lorenzo,independiente","./explore?q=san%20lorenzo&geo=BR"
"marina sena rock in rio","500+","13 de septiembre de 2026 a las 20:10:00 UTC-3","13 de septiembre de 2026 a las 21:40:00 UTC-3","marina sena rock in rio","./explore?q=marina%20sena%20rock%20in%20rio&geo=BR"
"brahma flamengo","500+","13 de septiembre de 2026 a las 19:30:00 UTC-3","13 de septiembre de 2026 a las 21:10:00 UTC-3","brahma flamengo,ze delivery flamengo","./explore?q=brahma%20flamengo&geo=BR"
"marinha","500+","13 de septiembre de 2026 a las 18:50:00 UTC-3","13 de septiembre de 2026 a las 21:20:00 UTC-3","marinha","./explore?q=marinha&geo=BR"
"iago machado corinthians","500+","13 de septiembre de 2026 a las 17:30:00 UTC-3","13 de septiembre de 2026 a las 20:30:00 UTC-3","iago machado corinthians","./explore?q=iago%20machado%20corinthians&geo=BR"
"bahia x remo","500+","13 de septiembre de 2026 a las 19:30:00 UTC-3","13 de septiembre de 2026 a las 21:20:00 UTC-3","bahia x remo","./explore?q=bahia%20x%20remo&geo=BR"
"carlos prates","500+","13 de septiembre de 2026 a las 16:20:00 UTC-3","13 de septiembre de 2026 a las 20:50:00 UTC-3","carlos prates","./explore?q=carlos%20prates&geo=BR"
"tecnico do flamengo","500+","13 de septiembre de 2026 a las 18:10:00 UTC-3","13 de septiembre de 2026 a las 20:20:00 UTC-3","tecnico do flamengo","./explore?q=tecnico%20do%20flamengo&geo=BR"
"etc","500+","13 de septiembre de 2026 a las 16:50:00 UTC-3","13 de septiembre de 2026 a las 19:30:00 UTC-3","etc","./explore?q=etc&geo=BR"
"milícia","500+","13 de septiembre de 2026 a las 20:40:00 UTC-3","13 de septiembre de 2026 a las 21:40:00 UTC-3","milícia,programa eleitoral","./explore?q=mil%C3%ADcia&geo=BR"
"josé dirceu","500+","13 de septiembre de 2026 a las 17:00:00 UTC-3","13 de septiembre de 2026 a las 21:40:00 UTC-3","josé dirceu","./explore?q=jos%C3%A9%20dirceu&geo=BR"
"breno bidon","500+","13 de septiembre de 2026 a las 19:20:00 UTC-3","13 de septiembre de 2026 a las 20:20:00 UTC-3","breno bidon","./explore?q=breno%20bidon&geo=BR"
"temperatura brasilia","500+","13 de septiembre de 2026 a las 18:20:00 UTC-3","13 de septiembre de 2026 a las 20:00:00 UTC-3","temperatura brasilia","./explore?q=temperatura%20brasilia&geo=BR"
"niterói","500+","13 de septiembre de 2026 a las 16:00:00 UTC-3","13 de septiembre de 2026 a las 18:20:00 UTC-3","niterói","./explore?q=niter%C3%B3i&geo=BR"
"partido democrata","500+","13 de septiembre de 2026 a las 10:10:00 UTC-3","13 de septiembre de 2026 a las 18:10:00 UTC-3","partido democrata","./explore?q=partido%20democrata&geo=BR"
"changan automobile","500+","13 de septiembre de 2026 a las 16:40:00 UTC-3","13 de septiembre de 2026 a las 18:20:00 UTC-3","changan automobile","./explore?q=changan%20automobile&geo=BR"
"brest vs psg","500+","13 de septiembre de 2026 a las 15:40:00 UTC-3","13 de septiembre de 2026 a las 18:00:00 UTC-3","brest vs psg","./explore?q=brest%20vs%20psg&geo=BR"
"jogo do benfica","500+","13 de septiembre de 2026 a las 14:30:00 UTC-3","13 de septiembre de 2026 a las 16:50:00 UTC-3","jogo do benfica","./explore?q=jogo%20do%20benfica&geo=BR"
"pesquisa governador sp","500+","13 de septiembre de 2026 a las 7:20:00 UTC-3","13 de septiembre de 2026 a las 17:30:00 UTC-3","pesquisa governador sp","./explore?q=pesquisa%20governador%20sp&geo=BR"
"panthers x bears","500+","13 de septiembre de 2026 a las 14:10:00 UTC-3","13 de septiembre de 2026 a las 16:30:00 UTC-3","panthers x bears","./explore?q=panthers%20x%20bears&geo=BR"
"bills","500+","13 de septiembre de 2026 a las 16:40:00 UTC-3","13 de septiembre de 2026 a las 18:20:00 UTC-3","bills,buffalo bills","./explore?q=bills&geo=BR"
"alison dos santos","500+","13 de septiembre de 2026 a las 13:30:00 UTC-3","13 de septiembre de 2026 a las 16:00:00 UTC-3","alison dos santos","./explore?q=alison%20dos%20santos&geo=BR"
"club deportivo leones del norte x club técnico universitario","500+","13 de septiembre de 2026 a las 14:30:00 UTC-3","13 de septiembre de 2026 a las 16:20:00 UTC-3","club deportivo leones del norte x club técnico universitario","./explore?q=club%20deportivo%20leones%20del%20norte%20x%20club%20t%C3%A9cnico%20universitario&geo=BR"
"leipzig","500+","13 de septiembre de 2026 a las 10:20:00 UTC-3","13 de septiembre de 2026 a las 13:10:00 UTC-3","leipzig","./explore?q=leipzig&geo=BR"
"lens x","500+","13 de septiembre de 2026 a las 12:50:00 UTC-3","13 de septiembre de 2026 a las 15:10:00 UTC-3","lens x","./explore?q=lens%20x&geo=BR"
"lucas pizane","500+","13 de septiembre de 2026 a las 16:40:00 UTC-3","13 de septiembre de 2026 a las 17:50:00 UTC-3","lucas pizane,pizane","./explore?q=lucas%20pizane&geo=BR"
"por você","500+","13 de septiembre de 2026 a las 6:30:00 UTC-3","13 de septiembre de 2026 a las 10:10:00 UTC-3","por você","./explore?q=por%20voc%C3%AA&geo=BR"
"club brugge","500+","13 de septiembre de 2026 a las 8:30:00 UTC-3","13 de septiembre de 2026 a las 11:10:00 UTC-3","club brugge","./explore?q=club%20brugge&geo=BR"
"iliman ndiaye","500+","13 de septiembre de 2026 a las 13:40:00 UTC-3","13 de septiembre de 2026 a las 15:00:00 UTC-3","iliman ndiaye","./explore?q=iliman%20ndiaye&geo=BR"
"leclerc","500+","13 de septiembre de 2026 a las 10:30:00 UTC-3","13 de septiembre de 2026 a las 12:20:00 UTC-3","leclerc","./explore?q=leclerc&geo=BR"
"matheus cunha","500+","13 de septiembre de 2026 a las 13:00:00 UTC-3","13 de septiembre de 2026 a las 15:10:00 UTC-3","matheus cunha","./explore?q=matheus%20cunha&geo=BR"
"cruz azul","500+","13 de septiembre de 2026 a las 0:20:00 UTC-3","13 de septiembre de 2026 a las 7:20:00 UTC-3","cruz azul","./explore?q=cruz%20azul&geo=BR"
"rodri","500+","13 de septiembre de 2026 a las 11:40:00 UTC-3","13 de septiembre de 2026 a las 13:40:00 UTC-3","rodri","./explore?q=rodri&geo=BR"
"karim adeyemi","500+","13 de septiembre de 2026 a las 13:20:00 UTC-3","13 de septiembre de 2026 a las 14:40:00 UTC-3","karim adeyemi","./explore?q=karim%20adeyemi&geo=BR"
"lille x","500+","13 de septiembre de 2026 a las 10:00:00 UTC-3","13 de septiembre de 2026 a las 13:00:00 UTC-3","lille x","./explore?q=lille%20x&geo=BR"
"shailene woodley","500+","13 de septiembre de 2026 a las 5:20:00 UTC-3","13 de septiembre de 2026 a las 10:10:00 UTC-3","shailene woodley","./explore?q=shailene%20woodley&geo=BR"
"um amor diferente do seu","500+","12 de septiembre de 2026 a las 22:20:00 UTC-3","13 de septiembre de 2026 a las 9:00:00 UTC-3","um amor diferente do seu","./explore?q=um%20amor%20diferente%20do%20seu&geo=BR"
"jingle","500+","13 de septiembre de 2026 a las 9:30:00 UTC-3","13 de septiembre de 2026 a las 12:00:00 UTC-3","jingle","./explore?q=jingle&geo=BR"
"br-290","500+","13 de septiembre de 2026 a las 7:20:00 UTC-3","13 de septiembre de 2026 a las 18:00:00 UTC-3","br-290","./explore?q=br-290&geo=BR"
"fernando alonso","500+","13 de septiembre de 2026 a las 10:00:00 UTC-3","13 de septiembre de 2026 a las 11:40:00 UTC-3","fernando alonso","./explore?q=fernando%20alonso&geo=BR"
"f1tv","500+","13 de septiembre de 2026 a las 9:40:00 UTC-3","13 de septiembre de 2026 a las 11:10:00 UTC-3","f1tv","./explore?q=f1tv&geo=BR"
"posiciones de manchester united contra manchester city","500+","13 de septiembre de 2026 a las 15:10:00 UTC-3","13 de septiembre de 2026 a las 15:50:00 UTC-3","posiciones de manchester united contra manchester city,enzo fernandez","./explore?q=posiciones%20de%20manchester%20united%20contra%20manchester%20city&geo=BR"
"bb seguridade","500+","12 de septiembre de 2026 a las 18:10:00 UTC-3","13 de septiembre de 2026 a las 7:50:00 UTC-3","bb seguridade","./explore?q=bb%20seguridade&geo=BR"
"la galaxy x seattle sounders","500+","12 de septiembre de 2026 a las 23:40:00 UTC-3","13 de septiembre de 2026 a las 2:40:00 UTC-3","la galaxy x seattle sounders,la galaxy","./explore?q=la%20galaxy%20x%20seattle%20sounders&geo=BR"
"taís araújo","500+","12 de septiembre de 2026 a las 23:20:00 UTC-3","13 de septiembre de 2026 a las 1:30:00 UTC-3","taís araújo,tais araujo","./explore?q=ta%C3%ADs%20ara%C3%BAjo&geo=BR"
"união são joão x juventus","500+","12 de septiembre de 2026 a las 16:50:00 UTC-3","12 de septiembre de 2026 a las 20:00:00 UTC-3","união são joão x juventus","./explore?q=uni%C3%A3o%20s%C3%A3o%20jo%C3%A3o%20x%20juventus&geo=BR"
"alianza lima","500+","12 de septiembre de 2026 a las 22:50:00 UTC-3","13 de septiembre de 2026 a las 1:10:00 UTC-3","alianza lima,alianza lima universitario de deportes 12/09/2026","./explore?q=alianza%20lima&geo=BR"
"andre esteves","500+","12 de septiembre de 2026 a las 17:50:00 UTC-3","12 de septiembre de 2026 a las 22:10:00 UTC-3","andre esteves","./explore?q=andre%20esteves&geo=BR"
"carol castro","500+","12 de septiembre de 2026 a las 7:20:00 UTC-3","12 de septiembre de 2026 a las 11:10:00 UTC-3","carol castro","./explore?q=carol%20castro&geo=BR"
"botafogo x bragantino minuto a minuto","500+","12 de septiembre de 2026 a las 21:30:00 UTC-3","12 de septiembre de 2026 a las 23:20:00 UTC-3","botafogo x bragantino minuto a minuto","./explore?q=botafogo%20x%20bragantino%20minuto%20a%20minuto&geo=BR"
"lil durk","500+","11 de septiembre de 2026 a las 21:50:00 UTC-3","12 de septiembre de 2026 a las 15:30:00 UTC-3","lil durk","./explore?q=lil%20durk&geo=BR"
"go-020","500+","12 de septiembre de 2026 a las 17:40:00 UTC-3","12 de septiembre de 2026 a las 20:40:00 UTC-3","go-020","./explore?q=go-020&geo=BR"
"colônia x werder bremen","500+","12 de septiembre de 2026 a las 13:10:00 UTC-3","12 de septiembre de 2026 a las 15:40:00 UTC-3","colônia x werder bremen","./explore?q=col%C3%B4nia%20x%20werder%20bremen&geo=BR"
"atlético tucumán - river plate","500+","12 de septiembre de 2026 a las 18:00:00 UTC-3","12 de septiembre de 2026 a las 20:20:00 UTC-3","atlético tucumán - river plate","./explore?q=atl%C3%A9tico%20tucum%C3%A1n%20-%20river%20plate&geo=BR"
"jude bellingham","500+","12 de septiembre de 2026 a las 16:40:00 UTC-3","12 de septiembre de 2026 a las 19:00:00 UTC-3","jude bellingham","./explore?q=jude%20bellingham&geo=BR"
"copa santa catarina","500+","12 de septiembre de 2026 a las 16:40:00 UTC-3","12 de septiembre de 2026 a las 19:10:00 UTC-3","copa santa catarina","./explore?q=copa%20santa%20catarina&geo=BR"
"alexandre borges","500+","12 de septiembre de 2026 a las 21:50:00 UTC-3","12 de septiembre de 2026 a las 23:40:00 UTC-3","alexandre borges","./explore?q=alexandre%20borges&geo=BR"
"cadastro único para programas sociais","500+","12 de septiembre de 2026 a las 17:40:00 UTC-3","12 de septiembre de 2026 a las 19:50:00 UTC-3","cadastro único para programas sociais","./explore?q=cadastro%20%C3%BAnico%20para%20programas%20sociais&geo=BR"
"reinier","500+","12 de septiembre de 2026 a las 17:10:00 UTC-3","12 de septiembre de 2026 a las 18:50:00 UTC-3","reinier","./explore?q=reinier&geo=BR"
"barcelona - atlético madrid","500+","12 de septiembre de 2026 a las 13:40:00 UTC-3","12 de septiembre de 2026 a las 16:00:00 UTC-3","barcelona - atlético madrid","./explore?q=barcelona%20-%20atl%C3%A9tico%20madrid&geo=BR"
"sporting kc x lafc","500+","12 de septiembre de 2026 a las 21:20:00 UTC-3","12 de septiembre de 2026 a las 23:20:00 UTC-3","sporting kc x lafc","./explore?q=sporting%20kc%20x%20lafc&geo=BR"
"itu","500+","12 de septiembre de 2026 a las 5:20:00 UTC-3","12 de septiembre de 2026 a las 10:10:00 UTC-3","itu","./explore?q=itu&geo=BR"
"sunday morning","500+","13 de septiembre de 2026 a las 0:30:00 UTC-3","13 de septiembre de 2026 a las 1:40:00 UTC-3","sunday morning","./explore?q=sunday%20morning&geo=BR"
"paris fc","500+","12 de septiembre de 2026 a las 16:20:00 UTC-3","12 de septiembre de 2026 a las 18:10:00 UTC-3","paris fc","./explore?q=paris%20fc&geo=BR"
"olympiacos","500+","12 de septiembre de 2026 a las 13:40:00 UTC-3","12 de septiembre de 2026 a las 16:00:00 UTC-3","olympiacos","./explore?q=olympiacos&geo=BR"
"racing santander","500+","12 de septiembre de 2026 a las 8:20:00 UTC-3","12 de septiembre de 2026 a las 11:30:00 UTC-3","racing santander","./explore?q=racing%20santander&geo=BR"
"reino unido","500+","12 de septiembre de 2026 a las 13:30:00 UTC-3","12 de septiembre de 2026 a las 15:50:00 UTC-3","reino unido","./explore?q=reino%20unido&geo=BR"
"sessão da tarde","500+","12 de septiembre de 2026 a las 14:50:00 UTC-3","12 de septiembre de 2026 a las 17:00:00 UTC-3","sessão da tarde","./explore?q=sess%C3%A3o%20da%20tarde&geo=BR"
"cinépolis","500+","12 de septiembre de 2026 a las 13:50:00 UTC-3","12 de septiembre de 2026 a las 17:40:00 UTC-3","cinépolis","./explore?q=cin%C3%A9polis&geo=BR"
"swansea city x burnley","500+","12 de septiembre de 2026 a las 11:10:00 UTC-3","12 de septiembre de 2026 a las 15:20:00 UTC-3","swansea city x burnley","./explore?q=swansea%20city%20x%20burnley&geo=BR"
"emersonn","500+","12 de septiembre de 2026 a las 11:40:00 UTC-3","12 de septiembre de 2026 a las 13:50:00 UTC-3","emersonn","./explore?q=emersonn&geo=BR"
"pedro gabriel","500+","12 de septiembre de 2026 a las 16:00:00 UTC-3","12 de septiembre de 2026 a las 17:20:00 UTC-3","pedro gabriel","./explore?q=pedro%20gabriel&geo=BR"
"morgan rogers","500+","12 de septiembre de 2026 a las 11:00:00 UTC-3","12 de septiembre de 2026 a las 13:00:00 UTC-3","morgan rogers","./explore?q=morgan%20rogers&geo=BR"
"blogueirinha","500+","12 de septiembre de 2026 a las 23:00:00 UTC-3","13 de septiembre de 2026 a las 0:10:00 UTC-3","blogueirinha","./explore?q=blogueirinha&geo=BR"
"débora bloch","500+","12 de septiembre de 2026 a las 22:00:00 UTC-3","12 de septiembre de 2026 a las 23:10:00 UTC-3","débora bloch","./explore?q=d%C3%A9bora%20bloch&geo=BR"
"álvaro carreras","500+","12 de septiembre de 2026 a las 16:10:00 UTC-3","12 de septiembre de 2026 a las 17:50:00 UTC-3","álvaro carreras","./explore?q=%C3%A1lvaro%20carreras&geo=BR"
"tim elliott","500+","12 de septiembre de 2026 a las 17:30:00 UTC-3","12 de septiembre de 2026 a las 19:00:00 UTC-3","tim elliott","./explore?q=tim%20elliott&geo=BR"
"ester expósito","500+","13 de septiembre de 2026 a las 0:00:00 UTC-3","13 de septiembre de 2026 a las 1:20:00 UTC-3","ester expósito","./explore?q=ester%20exp%C3%B3sito&geo=BR"
"vasco da gama classificação","500+","12 de septiembre de 2026 a las 17:40:00 UTC-3","12 de septiembre de 2026 a las 19:10:00 UTC-3","vasco da gama classificação","./explore?q=vasco%20da%20gama%20classifica%C3%A7%C3%A3o&geo=BR"
"cauly","500+","12 de septiembre de 2026 a las 18:40:00 UTC-3","12 de septiembre de 2026 a las 20:10:00 UTC-3","cauly","./explore?q=cauly&geo=BR"
"ignacio bahamondes","500+","12 de septiembre de 2026 a las 17:00:00 UTC-3","12 de septiembre de 2026 a las 18:10:00 UTC-3","ignacio bahamondes,muslim salikhov","./explore?q=ignacio%20bahamondes&geo=BR"
"sergio camello","500+","12 de septiembre de 2026 a las 17:10:00 UTC-3","12 de septiembre de 2026 a las 18:40:00 UTC-3","sergio camello","./explore?q=sergio%20camello&geo=BR"
"pachuca","500+","11 de septiembre de 2026 a las 23:50:00 UTC-3","12 de septiembre de 2026 a las 2:50:00 UTC-3","pachuca","./explore?q=pachuca&geo=BR"
"bruno guimarães","500+","12 de septiembre de 2026 a las 17:10:00 UTC-3","12 de septiembre de 2026 a las 18:30:00 UTC-3","bruno guimarães","./explore?q=bruno%20guimar%C3%A3es&geo=BR"
"as monaco","500+","12 de septiembre de 2026 a las 14:00:00 UTC-3","12 de septiembre de 2026 a las 15:40:00 UTC-3","as monaco","./explore?q=as%20monaco&geo=BR"
"dan ige","500+","12 de septiembre de 2026 a las 18:10:00 UTC-3","12 de septiembre de 2026 a las 19:30:00 UTC-3","dan ige","./explore?q=dan%20ige&geo=BR"
"domingo legal","500+","12 de septiembre de 2026 a las 13:10:00 UTC-3","12 de septiembre de 2026 a las 14:50:00 UTC-3","domingo legal","./explore?q=domingo%20legal&geo=BR"
"kick","500+","12 de septiembre de 2026 a las 3:20:00 UTC-3","12 de septiembre de 2026 a las 4:50:00 UTC-3","kick","./explore?q=kick&geo=BR"
"semavy","500+","12 de septiembre de 2026 a las 14:30:00 UTC-3","12 de septiembre de 2026 a las 16:50:00 UTC-3","semavy","./explore?q=semavy&geo=BR"
"iptv","500+","12 de septiembre de 2026 a las 18:40:00 UTC-3","12 de septiembre de 2026 a las 19:30:00 UTC-3","iptv","./explore?q=iptv&geo=BR"
"matheus pereira","500+","12 de septiembre de 2026 a las 23:30:00 UTC-3","13 de septiembre de 2026 a las 0:00:00 UTC-3","matheus pereira","./explore?q=matheus%20pereira&geo=BR"
"vasco fc","500+","12 de septiembre de 2026 a las 17:50:00 UTC-3","12 de septiembre de 2026 a las 18:40:00 UTC-3","vasco fc","./explore?q=vasco%20fc&geo=BR"
"ingressos","500+","12 de septiembre de 2026 a las 13:50:00 UTC-3","12 de septiembre de 2026 a las 15:40:00 UTC-3","ingressos","./explore?q=ingressos&geo=BR"
"sean king iii","500+","12 de septiembre de 2026 a las 15:50:00 UTC-3","12 de septiembre de 2026 a las 16:50:00 UTC-3","sean king iii,jessie rosas","./explore?q=sean%20king%20iii&geo=BR"
"alex escobar passa mal ao vivo","500+","11 de septiembre de 2026 a las 22:10:00 UTC-3","11 de septiembre de 2026 a las 23:20:00 UTC-3","alex escobar passa mal ao vivo,miastenia","./explore?q=alex%20escobar%20passa%20mal%20ao%20vivo&geo=BR"
"bleach thousand-year blood war","500+","12 de septiembre de 2026 a las 12:30:00 UTC-3","12 de septiembre de 2026 a las 15:10:00 UTC-3","bleach thousand-year blood war,episódio,bleach ep 48","./explore?q=bleach%20thousand-year%20blood%20war&geo=BR"
"processo vorcaro","500+","13 de septiembre de 2026 a las 0:30:00 UTC-3","13 de septiembre de 2026 a las 1:30:00 UTC-3","processo vorcaro,supremo tribunal federal,noticias de hoje","./explore?q=processo%20vorcaro&geo=BR"
"sydney sweeney","500+","11 de septiembre de 2026 a las 22:20:00 UTC-3","11 de septiembre de 2026 a las 23:30:00 UTC-3","sydney sweeney","./explore?q=sydney%20sweeney&geo=BR"
"suécia","200+","13 de septiembre de 2026 a las 20:50:00 UTC-3",,"suécia","./explore?q=su%C3%A9cia&geo=BR"
"dallas cowboys","200+","13 de septiembre de 2026 a las 21:10:00 UTC-3",,"dallas cowboys","./explore?q=dallas%20cowboys&geo=BR"
"juliano floss","200+","13 de septiembre de 2026 a las 20:50:00 UTC-3",,"juliano floss","./explore?q=juliano%20floss&geo=BR"
"packers","200+","13 de septiembre de 2026 a las 20:20:00 UTC-3","13 de septiembre de 2026 a las 21:30:00 UTC-3","packers","./explore?q=packers&geo=BR"
"20:20","200+","13 de septiembre de 2026 a las 20:40:00 UTC-3","13 de septiembre de 2026 a las 21:20:00 UTC-3","20:20","./explore?q=20%3A20&geo=BR"
"rodrigo garro","200+","13 de septiembre de 2026 a las 19:20:00 UTC-3","13 de septiembre de 2026 a las 20:30:00 UTC-3","rodrigo garro","./explore?q=rodrigo%20garro&geo=BR"
"penarol","200+","13 de septiembre de 2026 a las 19:30:00 UTC-3","13 de septiembre de 2026 a las 20:40:00 UTC-3","penarol","./explore?q=penarol&geo=BR"
"lei","200+","13 de septiembre de 2026 a las 18:20:00 UTC-3","13 de septiembre de 2026 a las 19:30:00 UTC-3","lei","./explore?q=lei&geo=BR"
"clara moneke","200+","13 de septiembre de 2026 a las 20:20:00 UTC-3","13 de septiembre de 2026 a las 21:00:00 UTC-3","clara moneke","./explore?q=clara%20moneke&geo=BR"
"garro","200+","13 de septiembre de 2026 a las 19:10:00 UTC-3","13 de septiembre de 2026 a las 20:10:00 UTC-3","garro","./explore?q=garro&geo=BR"
"whitecaps x austin","200+","13 de septiembre de 2026 a las 20:30:00 UTC-3","13 de septiembre de 2026 a las 21:10:00 UTC-3","whitecaps x austin","./explore?q=whitecaps%20x%20austin&geo=BR"
"dudu camargo","200+","13 de septiembre de 2026 a las 18:10:00 UTC-3","13 de septiembre de 2026 a las 19:10:00 UTC-3","dudu camargo","./explore?q=dudu%20camargo&geo=BR"
"jonathan david","200+","13 de septiembre de 2026 a las 18:00:00 UTC-3","13 de septiembre de 2026 a las 19:10:00 UTC-3","jonathan david","./explore?q=jonathan%20david&geo=BR"
"andre marinho","200+","13 de septiembre de 2026 a las 16:50:00 UTC-3","13 de septiembre de 2026 a las 18:00:00 UTC-3","andre marinho","./explore?q=andre%20marinho&geo=BR"
"deportivo riestra lanús 13/09/2026","200+","13 de septiembre de 2026 a las 17:30:00 UTC-3","13 de septiembre de 2026 a las 18:40:00 UTC-3","deportivo riestra lanús 13/09/2026","./explore?q=deportivo%20riestra%20lan%C3%BAs%2013%2F09%2F2026&geo=BR"
"pulgar","200+","13 de septiembre de 2026 a las 18:00:00 UTC-3","13 de septiembre de 2026 a las 18:50:00 UTC-3","pulgar","./explore?q=pulgar&geo=BR"
"parana clube","200+","13 de septiembre de 2026 a las 19:20:00 UTC-3","13 de septiembre de 2026 a las 19:50:00 UTC-3","parana clube","./explore?q=parana%20clube&geo=BR"
"sporting cp","200+","13 de septiembre de 2026 a las 18:30:00 UTC-3","13 de septiembre de 2026 a las 19:10:00 UTC-3","sporting cp","./explore?q=sporting%20cp&geo=BR"
"luzia nezzo","200+","13 de septiembre de 2026 a las 12:50:00 UTC-3","13 de septiembre de 2026 a las 14:40:00 UTC-3","luzia nezzo","./explore?q=luzia%20nezzo&geo=BR"
"united fc","200+","13 de septiembre de 2026 a las 13:50:00 UTC-3","13 de septiembre de 2026 a las 15:10:00 UTC-3","united fc","./explore?q=united%20fc&geo=BR"
"sp open","200+","13 de septiembre de 2026 a las 14:10:00 UTC-3","13 de septiembre de 2026 a las 18:40:00 UTC-3","sp open","./explore?q=sp%20open&geo=BR"
"data fifa","200+","13 de septiembre de 2026 a las 18:30:00 UTC-3","13 de septiembre de 2026 a las 19:40:00 UTC-3","data fifa,fogaonet","./explore?q=data%20fifa&geo=BR"
"+milionária","200+","13 de septiembre de 2026 a las 12:30:00 UTC-3","13 de septiembre de 2026 a las 14:20:00 UTC-3","+milionária","./explore?q=%2Bmilion%C3%A1ria&geo=BR"
"dazn","200+","13 de septiembre de 2026 a las 13:50:00 UTC-3","13 de septiembre de 2026 a las 15:10:00 UTC-3","dazn","./explore?q=dazn&geo=BR"
"psv x","200+","13 de septiembre de 2026 a las 15:20:00 UTC-3","13 de septiembre de 2026 a las 16:20:00 UTC-3","psv x","./explore?q=psv%20x&geo=BR"
"sv elversberg - bayern","200+","13 de septiembre de 2026 a las 13:00:00 UTC-3","13 de septiembre de 2026 a las 15:10:00 UTC-3","sv elversberg - bayern","./explore?q=sv%20elversberg%20-%20bayern&geo=BR"
"club de deportes la serena x univ de chile","200+","13 de septiembre de 2026 a las 15:10:00 UTC-3","13 de septiembre de 2026 a las 16:10:00 UTC-3","club de deportes la serena x univ de chile","./explore?q=club%20de%20deportes%20la%20serena%20x%20univ%20de%20chile&geo=BR"
"balsa","200+","13 de septiembre de 2026 a las 9:00:00 UTC-3","13 de septiembre de 2026 a las 11:10:00 UTC-3","balsa","./explore?q=balsa&geo=BR"
"brunna gonçalves","200+","13 de septiembre de 2026 a las 12:50:00 UTC-3","13 de septiembre de 2026 a las 14:20:00 UTC-3","brunna gonçalves","./explore?q=brunna%20gon%C3%A7alves&geo=BR"
"aramco","200+","13 de septiembre de 2026 a las 10:30:00 UTC-3","13 de septiembre de 2026 a las 11:50:00 UTC-3","aramco","./explore?q=aramco&geo=BR"
"malmo ff","200+","13 de septiembre de 2026 a las 12:30:00 UTC-3","13 de septiembre de 2026 a las 13:50:00 UTC-3","malmo ff","./explore?q=malmo%20ff&geo=BR"
"céline dion","200+","13 de septiembre de 2026 a las 7:50:00 UTC-3","13 de septiembre de 2026 a las 10:10:00 UTC-3","céline dion","./explore?q=c%C3%A9line%20dion&geo=BR"
"jogos de hoje ao vivo","200+","13 de septiembre de 2026 a las 16:20:00 UTC-3","13 de septiembre de 2026 a las 17:00:00 UTC-3","jogos de hoje ao vivo","./explore?q=jogos%20de%20hoje%20ao%20vivo&geo=BR"
"hadjar","200+","13 de septiembre de 2026 a las 10:10:00 UTC-3","13 de septiembre de 2026 a las 11:50:00 UTC-3","hadjar","./explore?q=hadjar&geo=BR"
"driver of the day","200+","13 de septiembre de 2026 a las 11:20:00 UTC-3","13 de septiembre de 2026 a las 12:30:00 UTC-3","driver of the day","./explore?q=driver%20of%20the%20day&geo=BR"
"globo play","200+","13 de septiembre de 2026 a las 9:50:00 UTC-3","13 de septiembre de 2026 a las 11:00:00 UTC-3","globo play","./explore?q=globo%20play&geo=BR"
"lennart karl","200+","13 de septiembre de 2026 a las 13:10:00 UTC-3","13 de septiembre de 2026 a las 14:10:00 UTC-3","lennart karl","./explore?q=lennart%20karl&geo=BR"
"rashford","200+","13 de septiembre de 2026 a las 13:10:00 UTC-3","13 de septiembre de 2026 a las 14:20:00 UTC-3","rashford","./explore?q=rashford&geo=BR"
"elliot anderson","200+","13 de septiembre de 2026 a las 14:10:00 UTC-3","13 de septiembre de 2026 a las 15:10:00 UTC-3","elliot anderson","./explore?q=elliot%20anderson&geo=BR"
"city fc","200+","13 de septiembre de 2026 a las 14:10:00 UTC-3","13 de septiembre de 2026 a las 15:00:00 UTC-3","city fc,real salt lake x new york city fc","./explore?q=city%20fc&geo=BR"
"diablo iv","200+","13 de septiembre de 2026 a las 18:30:00 UTC-3","13 de septiembre de 2026 a las 18:50:00 UTC-3","diablo iv","./explore?q=diablo%20iv&geo=BR"
"getafe x","200+","13 de septiembre de 2026 a las 15:10:00 UTC-3","13 de septiembre de 2026 a las 15:50:00 UTC-3","getafe x","./explore?q=getafe%20x&geo=BR"
"torino roma 13/09/2026","200+","13 de septiembre de 2026 a las 8:30:00 UTC-3","13 de septiembre de 2026 a las 9:50:00 UTC-3","torino roma 13/09/2026","./explore?q=torino%20roma%2013%2F09%2F2026&geo=BR"
"combustível","200+","13 de septiembre de 2026 a las 9:10:00 UTC-3","13 de septiembre de 2026 a las 10:30:00 UTC-3","combustível","./explore?q=combust%C3%ADvel&geo=BR"
"jornal de piracicaba","200+","13 de septiembre de 2026 a las 8:40:00 UTC-3","13 de septiembre de 2026 a las 9:50:00 UTC-3","jornal de piracicaba","./explore?q=jornal%20de%20piracicaba&geo=BR"
"bota fogo","200+","12 de septiembre de 2026 a las 21:10:00 UTC-3","12 de septiembre de 2026 a las 23:20:00 UTC-3","bota fogo","./explore?q=bota%20fogo&geo=BR"
"se eu fosse você 3","200+","13 de septiembre de 2026 a las 9:20:00 UTC-3","13 de septiembre de 2026 a las 10:30:00 UTC-3","se eu fosse você 3","./explore?q=se%20eu%20fosse%20voc%C3%AA%203&geo=BR"
"neto","200+","13 de septiembre de 2026 a las 12:00:00 UTC-3","13 de septiembre de 2026 a las 12:50:00 UTC-3","neto","./explore?q=neto&geo=BR"
"monterrey tigres uanl 12/09/2026","200+","12 de septiembre de 2026 a las 22:30:00 UTC-3","13 de septiembre de 2026 a las 0:00:00 UTC-3","monterrey tigres uanl 12/09/2026","./explore?q=monterrey%20tigres%20uanl%2012%2F09%2F2026&geo=BR"
"selena gomez","200+","12 de septiembre de 2026 a las 21:50:00 UTC-3","12 de septiembre de 2026 a las 23:10:00 UTC-3","selena gomez","./explore?q=selena%20gomez&geo=BR"
"madring sur","200+","13 de septiembre de 2026 a las 11:00:00 UTC-3","13 de septiembre de 2026 a las 11:40:00 UTC-3","madring sur","./explore?q=madring%20sur&geo=BR"
"larson","200+","12 de septiembre de 2026 a las 20:10:00 UTC-3","12 de septiembre de 2026 a las 21:20:00 UTC-3","larson","./explore?q=larson&geo=BR"
"thiago seyboth wild","200+","13 de septiembre de 2026 a las 14:00:00 UTC-3","13 de septiembre de 2026 a las 14:20:00 UTC-3","thiago seyboth wild","./explore?q=thiago%20seyboth%20wild&geo=BR"
"rodrigo castillo","200+","12 de septiembre de 2026 a las 17:40:00 UTC-3","12 de septiembre de 2026 a las 19:00:00 UTC-3","rodrigo castillo","./explore?q=rodrigo%20castillo&geo=BR"
"union saint-gilloise lommel 12/09/2026","200+","12 de septiembre de 2026 a las 16:10:00 UTC-3","12 de septiembre de 2026 a las 17:40:00 UTC-3","union saint-gilloise lommel 12/09/2026","./explore?q=union%20saint-gilloise%20lommel%2012%2F09%2F2026&geo=BR"
"polícia militar de santa catarina","200+","12 de septiembre de 2026 a las 18:00:00 UTC-3","12 de septiembre de 2026 a las 19:20:00 UTC-3","polícia militar de santa catarina","./explore?q=pol%C3%ADcia%20militar%20de%20santa%20catarina&geo=BR"
"doctrine overwatch","200+","12 de septiembre de 2026 a las 15:40:00 UTC-3","12 de septiembre de 2026 a las 17:30:00 UTC-3","doctrine overwatch","./explore?q=doctrine%20overwatch&geo=BR"
"bilbao","200+","12 de septiembre de 2026 a las 15:00:00 UTC-3","12 de septiembre de 2026 a las 16:30:00 UTC-3","bilbao","./explore?q=bilbao&geo=BR"
"big police","200+","13 de septiembre de 2026 a las 1:00:00 UTC-3","13 de septiembre de 2026 a las 2:10:00 UTC-3","big police","./explore?q=big%20police&geo=BR"
"privacy","200+","13 de septiembre de 2026 a las 5:20:00 UTC-3","13 de septiembre de 2026 a las 6:20:00 UTC-3","privacy","./explore?q=privacy&geo=BR"
"ceará sporting club","200+","12 de septiembre de 2026 a las 5:40:00 UTC-3","12 de septiembre de 2026 a las 8:20:00 UTC-3","ceará sporting club","./explore?q=cear%C3%A1%20sporting%20club&geo=BR"
"cptm agora","200+","12 de septiembre de 2026 a las 5:10:00 UTC-3","12 de septiembre de 2026 a las 8:20:00 UTC-3","cptm agora","./explore?q=cptm%20agora&geo=BR"
"liam lawson","200+","13 de septiembre de 2026 a las 11:30:00 UTC-3","13 de septiembre de 2026 a las 12:00:00 UTC-3","liam lawson","./explore?q=liam%20lawson&geo=BR"
"counter-strike","200+","12 de septiembre de 2026 a las 15:40:00 UTC-3","12 de septiembre de 2026 a las 17:00:00 UTC-3","counter-strike","./explore?q=counter-strike&geo=BR"
"al-shabab x al feiha","200+","12 de septiembre de 2026 a las 14:40:00 UTC-3","12 de septiembre de 2026 a las 16:00:00 UTC-3","al-shabab x al feiha","./explore?q=al-shabab%20x%20al%20feiha&geo=BR"
"météo","200+","13 de septiembre de 2026 a las 7:00:00 UTC-3","13 de septiembre de 2026 a las 8:00:00 UTC-3","météo","./explore?q=m%C3%A9t%C3%A9o&geo=BR"
"samara martins","200+","12 de septiembre de 2026 a las 21:20:00 UTC-3","12 de septiembre de 2026 a las 22:30:00 UTC-3","samara martins","./explore?q=samara%20martins&geo=BR"
"tomás cuello","200+","12 de septiembre de 2026 a las 17:20:00 UTC-3","12 de septiembre de 2026 a las 18:30:00 UTC-3","tomás cuello","./explore?q=tom%C3%A1s%20cuello&geo=BR"
"lescano","200+","12 de septiembre de 2026 a las 17:50:00 UTC-3","12 de septiembre de 2026 a las 19:00:00 UTC-3","lescano","./explore?q=lescano&geo=BR"
"celtic","200+","13 de septiembre de 2026 a las 9:00:00 UTC-3","13 de septiembre de 2026 a las 9:20:00 UTC-3","celtic","./explore?q=celtic&geo=BR"
"ayrton senna","200+","13 de septiembre de 2026 a las 10:30:00 UTC-3","13 de septiembre de 2026 a las 11:00:00 UTC-3","ayrton senna","./explore?q=ayrton%20senna&geo=BR"
"ana cristina","200+","12 de septiembre de 2026 a las 16:20:00 UTC-3","12 de septiembre de 2026 a las 17:40:00 UTC-3","ana cristina","./explore?q=ana%20cristina&geo=BR"
"derby county x birmingham","200+","12 de septiembre de 2026 a las 8:40:00 UTC-3","12 de septiembre de 2026 a las 10:20:00 UTC-3","derby county x birmingham","./explore?q=derby%20county%20x%20birmingham&geo=BR"
"blue lock","200+","12 de septiembre de 2026 a las 7:10:00 UTC-3","12 de septiembre de 2026 a las 20:30:00 UTC-3","blue lock","./explore?q=blue%20lock&geo=BR"
"david martínez","200+","12 de septiembre de 2026 a las 18:00:00 UTC-3","12 de septiembre de 2026 a las 19:10:00 UTC-3","david martínez","./explore?q=david%20mart%C3%ADnez&geo=BR"
"opta","200+","12 de septiembre de 2026 a las 22:40:00 UTC-3","12 de septiembre de 2026 a las 23:50:00 UTC-3","opta","./explore?q=opta&geo=BR"
"g1 sp","200+","12 de septiembre de 2026 a las 6:00:00 UTC-3","12 de septiembre de 2026 a las 8:50:00 UTC-3","g1 sp","./explore?q=g1%20sp&geo=BR"
"etarismo","200+","12 de septiembre de 2026 a las 15:40:00 UTC-3","12 de septiembre de 2026 a las 17:30:00 UTC-3","etarismo","./explore?q=etarismo&geo=BR"
"fc dallas portland timbers 12/09/2026","200+","12 de septiembre de 2026 a las 22:10:00 UTC-3","12 de septiembre de 2026 a las 23:10:00 UTC-3","fc dallas portland timbers 12/09/2026","./explore?q=fc%20dallas%20portland%20timbers%2012%2F09%2F2026&geo=BR"
"hoffenheim","200+","12 de septiembre de 2026 a las 11:30:00 UTC-3","12 de septiembre de 2026 a las 12:50:00 UTC-3","hoffenheim","./explore?q=hoffenheim&geo=BR"
"colidio","200+","12 de septiembre de 2026 a las 18:00:00 UTC-3","12 de septiembre de 2026 a las 18:50:00 UTC-3","colidio","./explore?q=colidio&geo=BR"
"seria a","200+","12 de septiembre de 2026 a las 17:50:00 UTC-3","12 de septiembre de 2026 a las 19:00:00 UTC-3","seria a","./explore?q=seria%20a&geo=BR"
"rockinrio","200+","11 de septiembre de 2026 a las 23:40:00 UTC-3","12 de septiembre de 2026 a las 2:00:00 UTC-3","rockinrio","./explore?q=rockinrio&geo=BR"
"gabriel magalhães","200+","12 de septiembre de 2026 a las 12:40:00 UTC-3","12 de septiembre de 2026 a las 14:00:00 UTC-3","gabriel magalhães","./explore?q=gabriel%20magalh%C3%A3es&geo=BR"
"atalanta fc","200+","12 de septiembre de 2026 a las 16:10:00 UTC-3","12 de septiembre de 2026 a las 18:10:00 UTC-3","atalanta fc","./explore?q=atalanta%20fc&geo=BR"
"paul walker","200+","12 de septiembre de 2026 a las 23:00:00 UTC-3","13 de septiembre de 2026 a las 0:10:00 UTC-3","paul walker","./explore?q=paul%20walker&geo=BR"
"jogos do vasco","200+","12 de septiembre de 2026 a las 18:10:00 UTC-3","12 de septiembre de 2026 a las 19:10:00 UTC-3","jogos do vasco","./explore?q=jogos%20do%20vasco&geo=BR"
"demi lovato rock in rio","200+","12 de septiembre de 2026 a las 21:40:00 UTC-3","12 de septiembre de 2026 a las 22:40:00 UTC-3","demi lovato rock in rio","./explore?q=demi%20lovato%20rock%20in%20rio&geo=BR"
"rafa garcía","200+","12 de septiembre de 2026 a las 15:50:00 UTC-3","12 de septiembre de 2026 a las 17:00:00 UTC-3","rafa garcía","./explore?q=rafa%20garc%C3%ADa&geo=BR"
"agustín giay","200+","12 de septiembre de 2026 a las 19:40:00 UTC-3","12 de septiembre de 2026 a las 20:20:00 UTC-3","agustín giay","./explore?q=agust%C3%ADn%20giay&geo=BR"
"ghost","200+","12 de septiembre de 2026 a las 22:10:00 UTC-3","12 de septiembre de 2026 a las 23:10:00 UTC-3","ghost","./explore?q=ghost&geo=BR"
"previsão do tempo uberlandia","200+","12 de septiembre de 2026 a las 8:50:00 UTC-3","12 de septiembre de 2026 a las 10:00:00 UTC-3","previsão do tempo uberlandia","./explore?q=previs%C3%A3o%20do%20tempo%20uberlandia&geo=BR"
"racing x boston river","200+","12 de septiembre de 2026 a las 13:00:00 UTC-3","12 de septiembre de 2026 a las 14:10:00 UTC-3","racing x boston river","./explore?q=racing%20x%20boston%20river&geo=BR"
"flamengo ingressos","200+","12 de septiembre de 2026 a las 14:10:00 UTC-3","12 de septiembre de 2026 a las 15:10:00 UTC-3","flamengo ingressos","./explore?q=flamengo%20ingressos&geo=BR"
"previsão do tempo bauru","200+","12 de septiembre de 2026 a las 2:10:00 UTC-3","12 de septiembre de 2026 a las 7:00:00 UTC-3","previsão do tempo bauru,tempo bauru","./explore?q=previs%C3%A3o%20do%20tempo%20bauru&geo=BR"
"tommy gantt","200+","12 de septiembre de 2026 a las 16:30:00 UTC-3","12 de septiembre de 2026 a las 17:20:00 UTC-3","tommy gantt","./explore?q=tommy%20gantt&geo=BR"
"apple iphone 18 pro","200+","12 de septiembre de 2026 a las 1:40:00 UTC-3","12 de septiembre de 2026 a las 3:00:00 UTC-3","apple iphone 18 pro","./explore?q=apple%20iphone%2018%20pro&geo=BR"
"edgar cháirez","200+","12 de septiembre de 2026 a las 17:50:00 UTC-3","12 de septiembre de 2026 a las 18:40:00 UTC-3","edgar cháirez","./explore?q=edgar%20ch%C3%A1irez&geo=BR"
"demi lovato overdose","200+","12 de septiembre de 2026 a las 22:10:00 UTC-3","12 de septiembre de 2026 a las 22:50:00 UTC-3","demi lovato overdose","./explore?q=demi%20lovato%20overdose&geo=BR"
"barcola","200+","12 de septiembre de 2026 a las 12:10:00 UTC-3","12 de septiembre de 2026 a las 13:10:00 UTC-3","barcola","./explore?q=barcola&geo=BR"
"trem","200+","12 de septiembre de 2026 a las 19:30:00 UTC-3","12 de septiembre de 2026 a las 20:10:00 UTC-3","trem","./explore?q=trem&geo=BR"
"sesc","200+","12 de septiembre de 2026 a las 7:30:00 UTC-3","12 de septiembre de 2026 a las 12:30:00 UTC-3","sesc","./explore?q=sesc&geo=BR"
"meta","200+","12 de septiembre de 2026 a las 9:20:00 UTC-3","12 de septiembre de 2026 a las 10:20:00 UTC-3","meta","./explore?q=meta&geo=BR"
"kevin","200+","12 de septiembre de 2026 a las 12:30:00 UTC-3","12 de septiembre de 2026 a las 13:20:00 UTC-3","kevin","./explore?q=kevin&geo=BR"
"brasileiro a","200+","12 de septiembre de 2026 a las 18:00:00 UTC-3","12 de septiembre de 2026 a las 18:40:00 UTC-3","brasileiro a","./explore?q=brasileiro%20a&geo=BR"
"chapeco","200+","12 de septiembre de 2026 a las 18:30:00 UTC-3","12 de septiembre de 2026 a las 19:10:00 UTC-3","chapeco","./explore?q=chapeco&geo=BR"
"go live","200+","11 de septiembre de 2026 a las 22:10:00 UTC-3","12 de septiembre de 2026 a las 3:10:00 UTC-3","go live","./explore?q=go%20live&geo=BR"
"rodrigo pacheco","200+","12 de septiembre de 2026 a las 20:30:00 UTC-3","12 de septiembre de 2026 a las 21:00:00 UTC-3","rodrigo pacheco","./explore?q=rodrigo%20pacheco&geo=BR"
"adcc","200+","12 de septiembre de 2026 a las 13:30:00 UTC-3","12 de septiembre de 2026 a las 14:20:00 UTC-3","adcc","./explore?q=adcc&geo=BR"
"globoesporte","200+","12 de septiembre de 2026 a las 18:10:00 UTC-3","12 de septiembre de 2026 a las 18:40:00 UTC-3","globoesporte","./explore?q=globoesporte&geo=BR"
"estêvão willian","200+","12 de septiembre de 2026 a las 13:10:00 UTC-3","12 de septiembre de 2026 a las 13:50:00 UTC-3","estêvão willian","./explore?q=est%C3%AAv%C3%A3o%20willian&geo=BR"
"southampton x bristol city","200+","12 de septiembre de 2026 a las 12:50:00 UTC-3","12 de septiembre de 2026 a las 13:30:00 UTC-3","southampton x bristol city","./explore?q=southampton%20x%20bristol%20city&geo=BR"
"super bet","200+","12 de septiembre de 2026 a las 3:50:00 UTC-3","12 de septiembre de 2026 a las 5:20:00 UTC-3","super bet","./explore?q=super%20bet&geo=BR"
"cazetv","200+","12 de septiembre de 2026 a las 16:40:00 UTC-3","12 de septiembre de 2026 a las 17:10:00 UTC-3","cazetv","./explore?q=cazetv&geo=BR"
"trinity rodman","200+","11 de septiembre de 2026 a las 23:10:00 UTC-3","12 de septiembre de 2026 a las 0:20:00 UTC-3","trinity rodman","./explore?q=trinity%20rodman&geo=BR"
"chippa united x sundowns","200+","12 de septiembre de 2026 a las 12:30:00 UTC-3","12 de septiembre de 2026 a las 13:00:00 UTC-3","chippa united x sundowns","./explore?q=chippa%20united%20x%20sundowns&geo=BR"
"lazio fc","200+","12 de septiembre de 2026 a las 13:40:00 UTC-3","12 de septiembre de 2026 a las 14:10:00 UTC-3","lazio fc","./explore?q=lazio%20fc&geo=BR"
"new mexico united","200+","11 de septiembre de 2026 a las 23:20:00 UTC-3","12 de septiembre de 2026 a las 0:00:00 UTC-3","new mexico united","./explore?q=new%20mexico%20united&geo=BR"
"liam delap","200+","12 de septiembre de 2026 a las 13:00:00 UTC-3","12 de septiembre de 2026 a las 13:20:00 UTC-3","liam delap","./explore?q=liam%20delap&geo=BR"
"reddit","200+","12 de septiembre de 2026 a las 3:10:00 UTC-3","12 de septiembre de 2026 a las 3:50:00 UTC-3","reddit","./explore?q=reddit&geo=BR"
"lck","100+","13 de septiembre de 2026 a las 2:00:00 UTC-3","13 de septiembre de 2026 a las 7:20:00 UTC-3","lck","./explore?q=lck&geo=BR"
"beatriz haddad maia","100+","13 de septiembre de 2026 a las 9:10:00 UTC-3","13 de septiembre de 2026 a las 10:10:00 UTC-3","beatriz haddad maia","./explore?q=beatriz%20haddad%20maia&geo=BR"
"bruno gagliasso","100+","13 de septiembre de 2026 a las 9:30:00 UTC-3","13 de septiembre de 2026 a las 10:20:00 UTC-3","bruno gagliasso","./explore?q=bruno%20gagliasso&geo=BR"
"governador do pará","100+","13 de septiembre de 2026 a las 8:50:00 UTC-3","13 de septiembre de 2026 a las 10:00:00 UTC-3","governador do pará","./explore?q=governador%20do%20par%C3%A1&geo=BR"
"lile","100+","13 de septiembre de 2026 a las 12:20:00 UTC-3","13 de septiembre de 2026 a las 12:50:00 UTC-3","lile","./explore?q=lile&geo=BR"
"wolverhampton","100+","13 de septiembre de 2026 a las 9:50:00 UTC-3","13 de septiembre de 2026 a las 10:30:00 UTC-3","wolverhampton","./explore?q=wolverhampton&geo=BR"
"indenização","100+","13 de septiembre de 2026 a las 7:00:00 UTC-3","13 de septiembre de 2026 a las 8:10:00 UTC-3","indenização","./explore?q=indeniza%C3%A7%C3%A3o&geo=BR"
"f3","100+","13 de septiembre de 2026 a las 6:10:00 UTC-3","13 de septiembre de 2026 a las 8:20:00 UTC-3","f3","./explore?q=f3&geo=BR"
"levante fc","100+","13 de septiembre de 2026 a las 11:10:00 UTC-3","13 de septiembre de 2026 a las 11:40:00 UTC-3","levante fc","./explore?q=levante%20fc&geo=BR"
"lecce","100+","13 de septiembre de 2026 a las 10:30:00 UTC-3","13 de septiembre de 2026 a las 11:10:00 UTC-3","lecce","./explore?q=lecce&geo=BR"
"3","100+","13 de septiembre de 2026 a las 3:30:00 UTC-3","13 de septiembre de 2026 a las 5:50:00 UTC-3","3","./explore?q=3&geo=BR"
"pictures","100+","13 de septiembre de 2026 a las 4:30:00 UTC-3","13 de septiembre de 2026 a las 6:10:00 UTC-3","pictures","./explore?q=pictures&geo=BR"
"f","100+","13 de septiembre de 2026 a las 5:10:00 UTC-3","13 de septiembre de 2026 a las 6:10:00 UTC-3","f","./explore?q=f&geo=BR"
"campeonato mexicano","100+","13 de septiembre de 2026 a las 0:50:00 UTC-3","13 de septiembre de 2026 a las 5:20:00 UTC-3","campeonato mexicano","./explore?q=campeonato%20mexicano&geo=BR"
"malaga fc","100+","13 de septiembre de 2026 a las 9:30:00 UTC-3","13 de septiembre de 2026 a las 9:50:00 UTC-3","malaga fc","./explore?q=malaga%20fc&geo=BR"
"fatal","100+","13 de septiembre de 2026 a las 4:10:00 UTC-3","13 de septiembre de 2026 a las 7:00:00 UTC-3","fatal","./explore?q=fatal&geo=BR"
"chelse","100+","12 de septiembre de 2026 a las 12:50:00 UTC-3","12 de septiembre de 2026 a las 13:40:00 UTC-3","chelse","./explore?q=chelse&geo=BR"
"fifa","100+","12 de septiembre de 2026 a las 1:00:00 UTC-3","12 de septiembre de 2026 a las 16:10:00 UTC-3","fifa","./explore?q=fifa&geo=BR"
"mulher","100+","12 de septiembre de 2026 a las 3:10:00 UTC-3","12 de septiembre de 2026 a las 6:10:00 UTC-3","mulher","./explore?q=mulher&geo=BR"
"clima em campo grande","100+","12 de septiembre de 2026 a las 0:50:00 UTC-3","12 de septiembre de 2026 a las 1:50:00 UTC-3","clima em campo grande","./explore?q=clima%20em%20campo%20grande&geo=BR"
"jogão","100+","12 de septiembre de 2026 a las 1:40:00 UTC-3","12 de septiembre de 2026 a las 5:10:00 UTC-3","jogão","./explore?q=jog%C3%A3o&geo=BR"
"te","100+","12 de septiembre de 2026 a las 1:20:00 UTC-3","12 de septiembre de 2026 a las 4:00:00 UTC-3","te","./explore?q=te&geo=BR"
"west bromwich x qpr","100+","12 de septiembre de 2026 a las 9:10:00 UTC-3","12 de septiembre de 2026 a las 9:40:00 UTC-3","west bromwich x qpr","./explore?q=west%20bromwich%20x%20qpr&geo=BR"
"sorocaba","100+","12 de septiembre de 2026 a las 1:50:00 UTC-3","12 de septiembre de 2026 a las 2:30:00 UTC-3","sorocaba","./explore?q=sorocaba&geo=BR"
"crise diplomática","100+","12 de septiembre de 2026 a las 16:50:00 UTC-3","12 de septiembre de 2026 a las 17:10:00 UTC-3","crise diplomática","./explore?q=crise%20diplom%C3%A1tica&geo=BR"
"delta","100+","12 de septiembre de 2026 a las 3:00:00 UTC-3","12 de septiembre de 2026 a las 3:40:00 UTC-3","delta","./explore?q=delta&geo=BR"
"isaac quilos mortais","100+","12 de septiembre de 2026 a las 0:20:00 UTC-3","12 de septiembre de 2026 a las 0:50:00 UTC-3","isaac quilos mortais","./explore?q=isaac%20quilos%20mortais&geo=BR"
"previsão do tempo campinas","100+","12 de septiembre de 2026 a las 3:00:00 UTC-3","12 de septiembre de 2026 a las 3:20:00 UTC-3","previsão do tempo campinas","./explore?q=previs%C3%A3o%20do%20tempo%20campinas&geo=BR"
"sistema cantareira","100+","12 de septiembre de 2026 a las 8:30:00 UTC-3","12 de septiembre de 2026 a las 8:50:00 UTC-3","sistema cantareira","./explore?q=sistema%20cantareira&geo=BR"
"campeonato mexicano","100+","12 de septiembre de 2026 a las 0:20:00 UTC-3","12 de septiembre de 2026 a las 0:40:00 UTC-3","campeonato mexicano","./explore?q=campeonato%20mexicano&geo=BR"