"Tendencias","Volumen de búsquedas","Inicio","Finalizada","Desglose de tendencias","Enlace a Explorar"
"dolly parton","20 mil+","25 de agosto de 2026 a las 15:00:00 UTC-3",,"dolly parton,dolly,doly parton","./explore?q=dolly%20parton&geo=AR"
"talleres - rosario central","100 mil+","24 de agosto de 2026 a las 20:20:00 UTC-3",,"talleres - rosario central,posiciones de talleres de córdoba contra rosario central,talleres,talleres vs rosario central,talleres hoy,talleres vs,talleres vs. rosario central,talleres vs central,central,central hoy,talleres de córdoba,agustín álvarez martínez,central vs talleres,rosario central vs talleres,a qué hora juega talleres,club atlético rosario central,club atlético talleres,talleres rosario central,central vs,talleres central,central talleres,unsain,rosario central hoy","./explore?q=talleres%20-%20rosario%20central&geo=AR"
"costa rica","20 mil+","24 de agosto de 2026 a las 9:40:00 UTC-3",,"costa rica,sismos costa rica","./explore?q=costa%20rica&geo=AR"
"valentina pergolini","20 mil+","25 de agosto de 2026 a las 0:20:00 UTC-3",,"valentina pergolini,popstars,telefe en vivo","./explore?q=valentina%20pergolini&geo=AR"
"licencia","20 mil+","23 de agosto de 2026 a las 1:00:00 UTC-3",,"licencia","./explore?q=licencia&geo=AR"
"lanús - argentinos jrs.","20 mil+","24 de agosto de 2026 a las 20:40:00 UTC-3",,"lanús - argentinos jrs.,lanus vs,lanus vs argentinos,lanús vs. argentinos jrs.,lanus hoy","./explore?q=lan%C3%BAs%20-%20argentinos%20jrs.&geo=AR"
"tigre - central córdoba","50 mil+","24 de agosto de 2026 a las 18:20:00 UTC-3",,"tigre - central córdoba,posiciones de club atlético tigre contra central córdoba,tigre vs central córdoba,tigre vs,tigre,tigre vs. central córdoba,tigre hoy","./explore?q=tigre%20-%20central%20c%C3%B3rdoba&geo=AR"
"gustavo costas","10 mil+","25 de agosto de 2026 a las 6:10:00 UTC-3",,"gustavo costas","./explore?q=gustavo%20costas&geo=AR"
"línea 67","5 mil+","25 de agosto de 2026 a las 13:40:00 UTC-3",,"línea 67","./explore?q=l%C3%ADnea%2067&geo=AR"
"camión de basura","5 mil+","25 de agosto de 2026 a las 10:40:00 UTC-3",,"camión de basura","./explore?q=cami%C3%B3n%20de%20basura&geo=AR"
"la campora","5 mil+","25 de agosto de 2026 a las 17:20:00 UTC-3",,"la campora","./explore?q=la%20campora&geo=AR"
"palito ortega","10 mil+","24 de agosto de 2026 a las 22:30:00 UTC-3",,"palito ortega,evangelina salazar","./explore?q=palito%20ortega&geo=AR"
"declaración","10 mil+","25 de agosto de 2026 a las 16:00:00 UTC-3",,"declaración,declaración jurada,prorroga ganancias 2025","./explore?q=declaraci%C3%B3n&geo=AR"
"despegar","50 mil+","24 de agosto de 2026 a las 0:00:00 UTC-3",,"despegar,aerolineas argentinas,aerolíneas argentinas,aerolineas","./explore?q=despegar&geo=AR"
"us open","10 mil+","23 de agosto de 2026 a las 19:10:00 UTC-3",,"us open","./explore?q=us%20open&geo=AR"
"cruzeiro - atlético mineiro","2 mil+","25 de agosto de 2026 a las 20:10:00 UTC-3",,"cruzeiro - atlético mineiro","./explore?q=cruzeiro%20-%20atl%C3%A9tico%20mineiro&geo=AR"
"al-ettifaq - al-nassr","10 mil+","25 de agosto de 2026 a las 14:10:00 UTC-3",,"al-ettifaq - al-nassr,posiciones de al-ettifaq contra al-nassr","./explore?q=al-ettifaq%20-%20al-nassr&geo=AR"
"aumento fuerzas armadas","5 mil+","24 de agosto de 2026 a las 19:50:00 UTC-3",,"aumento fuerzas armadas","./explore?q=aumento%20fuerzas%20armadas&geo=AR"
"dia del peluquero","10 mil+","25 de agosto de 2026 a las 6:20:00 UTC-3",,"dia del peluquero,dia del peluquero en argentina,día del peluquero,25 de agosto que se celebra,dia de que es hoy","./explore?q=dia%20del%20peluquero&geo=AR"
"max higgins","2 mil+","25 de agosto de 2026 a las 15:00:00 UTC-3",,"max higgins","./explore?q=max%20higgins&geo=AR"
"pago","10 mil+","25 de agosto de 2026 a las 5:40:00 UTC-3",,"pago,marcos galperin","./explore?q=pago&geo=AR"
"chile argentina","10 mil+","25 de agosto de 2026 a las 12:30:00 UTC-3",,"chile argentina,estrecho de magallanes,argentina,argentinos,chile","./explore?q=chile%20argentina&geo=AR"
"movistar arena","10 mil+","24 de agosto de 2026 a las 17:30:00 UTC-3",,"movistar arena","./explore?q=movistar%20arena&geo=AR"
"santiago del moro","2 mil+","25 de agosto de 2026 a las 14:50:00 UTC-3",,"santiago del moro","./explore?q=santiago%20del%20moro&geo=AR"
"racing - boca juniors","1 M+","23 de agosto de 2026 a las 20:30:00 UTC-3","25 de agosto de 2026 a las 0:50:00 UTC-3","racing - boca juniors,posiciones de racing club contra boca juniors,boca vs racing,boca racing,racing vs boca,boca,racing boca,racing vs boca juniors,racing vs. boca juniors,boca vs,marcos rojo,racing,como salio boca,boca juniors vs racing,boca racing hoy,racing club vs boca,jugador,primera división,racing club,a qué hora juega boca,tv libre,partido de boca,cómo salió boca racing,a qué hora juega boca racing,racing hoy,racing club contra boca juniors,boca y racing,boca vs racing en vivo,partido boca,partido de boca hoy,racing vs,resultado de boca,a qué hora juega boca y racing,a que hora juega boca,boca vs racing hoy,racing boca hoy,boca en vivo,partido boca hoy,cómo va boca racing,cómo salió boca y racing,boca versus racing,figal,como va boca hoy,espn premium,resultado boca racing,boca va,alineaciones de racing club contra boca juniors,cómo va boca y racing","./explore?q=racing%20-%20boca%20juniors&geo=AR"
"eclipse lunar de agosto de 2026","20 mil+","23 de agosto de 2026 a las 19:20:00 UTC-3",,"eclipse lunar de agosto de 2026,eclipse lunar","./explore?q=eclipse%20lunar%20de%20agosto%20de%202026&geo=AR"
"river plate - vélez","500 mil+","23 de agosto de 2026 a las 18:20:00 UTC-3","25 de agosto de 2026 a las 13:20:00 UTC-3","river plate - vélez,posiciones de river plate contra club atlético vélez sarsfield,river vs velez,river,river velez,river hoy,river plate vs. vélez,ángel correa,river vs,river plate,a qué hora juega river,velez,velez river,velez vs river,river plate vs vélez sársfield,cuando juega river,a que hora juega river,partido de river,a que hora juega river hoy,a qué hora juega river plate,manuel lanzini,velez vs,river plate vs vélez,como va river,cómo va river,partido river,lanzini,partido de river hoy,river vélez,angel correa,club atlético vélez sarsfield,cómo salió river,a qué hora juega river vélez,river velez hoy,tabla anual,la pagina millonaria,diego valdés,a qué hora juega river y vélez,que hora juega river,velez hoy,estadio monumental,qué hora juega river,correa,matías pellegrini,como va river hoy,a qué hora juega river hoy,river hoy partido,elias gomez,cómo salió river vélez,joaquín freitas,cuanto va river,cómo salió river y vélez","./explore?q=river%20plate%20-%20v%C3%A9lez&geo=AR"
"guernica","2 mil+","25 de agosto de 2026 a las 13:40:00 UTC-3",,"guernica","./explore?q=guernica&geo=AR"
"sindicato","2 mil+","25 de agosto de 2026 a las 17:10:00 UTC-3",,"sindicato","./explore?q=sindicato&geo=AR"
"omar courtz","2 mil+","24 de agosto de 2026 a las 17:50:00 UTC-3",,"omar courtz","./explore?q=omar%20courtz&geo=AR"
"31 de agosto","2 mil+","25 de agosto de 2026 a las 16:20:00 UTC-3",,"31 de agosto","./explore?q=31%20de%20agosto&geo=AR"
"tini","2 mil+","25 de agosto de 2026 a las 17:10:00 UTC-3",,"tini,alejandro stoessel","./explore?q=tini&geo=AR"
"temperatura de la superficie del mar","2 mil+","25 de agosto de 2026 a las 7:00:00 UTC-3",,"temperatura de la superficie del mar","./explore?q=temperatura%20de%20la%20superficie%20del%20mar&geo=AR"
"fútbol","2 mil+","25 de agosto de 2026 a las 12:10:00 UTC-3",,"fútbol","./explore?q=f%C3%BAtbol&geo=AR"
"gran premio de mónaco","1 mil+","25 de agosto de 2026 a las 15:40:00 UTC-3",,"gran premio de mónaco","./explore?q=gran%20premio%20de%20m%C3%B3naco&geo=AR"
"2 de mayo - guaraní","2 mil+","25 de agosto de 2026 a las 18:00:00 UTC-3",,"2 de mayo - guaraní","./explore?q=2%20de%20mayo%20-%20guaran%C3%AD&geo=AR"
"valencia c. f. - real betis","2 mil+","25 de agosto de 2026 a las 15:10:00 UTC-3",,"valencia c. f. - real betis,betis,real betis","./explore?q=valencia%20c.%20f.%20-%20real%20betis&geo=AR"
"meteorito","1 mil+","25 de agosto de 2026 a las 14:50:00 UTC-3",,"meteorito","./explore?q=meteorito&geo=AR"
"ruta nacional 16","2 mil+","25 de agosto de 2026 a las 14:00:00 UTC-3",,"ruta nacional 16","./explore?q=ruta%20nacional%2016&geo=AR"
"el país","2 mil+","25 de agosto de 2026 a las 9:40:00 UTC-3",,"el país","./explore?q=el%20pa%C3%ADs&geo=AR"
"alexander woiski","1 mil+","25 de agosto de 2026 a las 14:40:00 UTC-3",,"alexander woiski","./explore?q=alexander%20woiski&geo=AR"
"avengers endgame encore","2 mil+","24 de agosto de 2026 a las 15:00:00 UTC-3",,"avengers endgame encore,avengers endgame","./explore?q=avengers%20endgame%20encore&geo=AR"
"fecha","20 mil+","25 de agosto de 2026 a las 17:30:00 UTC-3",,"fecha,28 de agosto,fecha de cobro jubilados,asignación universal por hijo,cobro jubilados agosto 2026","./explore?q=fecha&geo=AR"
"escuela nueva pompeya","500+","25 de agosto de 2026 a las 18:50:00 UTC-3",,"escuela nueva pompeya","./explore?q=escuela%20nueva%20pompeya&geo=AR"
"marcos peña","1 mil+","25 de agosto de 2026 a las 16:30:00 UTC-3",,"marcos peña","./explore?q=marcos%20pe%C3%B1a&geo=AR"
"servicio geológico minero argentino","200 mil+","21 de agosto de 2026 a las 19:10:00 UTC-3","24 de agosto de 2026 a las 9:40:00 UTC-3","servicio geológico minero argentino,sismología,inpres","./explore?q=servicio%20geol%C3%B3gico%20minero%20argentino&geo=AR"
"mariano navone","1 mil+","25 de agosto de 2026 a las 18:40:00 UTC-3",,"mariano navone","./explore?q=mariano%20navone&geo=AR"
"boeing 737","500+","25 de agosto de 2026 a las 17:50:00 UTC-3",,"boeing 737","./explore?q=boeing%20737&geo=AR"
"boeing 777","1 mil+","25 de agosto de 2026 a las 12:20:00 UTC-3",,"boeing 777","./explore?q=boeing%20777&geo=AR"
"sam altman","1 mil+","25 de agosto de 2026 a las 12:00:00 UTC-3",,"sam altman","./explore?q=sam%20altman&geo=AR"
"yacimiento petrolífero vaca muerta","500+","25 de agosto de 2026 a las 18:30:00 UTC-3",,"yacimiento petrolífero vaca muerta","./explore?q=yacimiento%20petrol%C3%ADfero%20vaca%20muerta&geo=AR"
"andrew garfield","1 mil+","25 de agosto de 2026 a las 12:00:00 UTC-3",,"andrew garfield","./explore?q=andrew%20garfield&geo=AR"
"fulham - chelsea","50 mil+","24 de agosto de 2026 a las 15:00:00 UTC-3","25 de agosto de 2026 a las 17:00:00 UTC-3","fulham - chelsea,chelsea,enzo fernández","./explore?q=fulham%20-%20chelsea&geo=AR"
"exequiel zeballos","500+","25 de agosto de 2026 a las 19:10:00 UTC-3",,"exequiel zeballos","./explore?q=exequiel%20zeballos&geo=AR"
"asado","500+","25 de agosto de 2026 a las 12:10:00 UTC-3",,"asado","./explore?q=asado&geo=AR"
"celtic","2 mil+","25 de agosto de 2026 a las 16:10:00 UTC-3",,"celtic,champions,lask - celtic f. c.,lask","./explore?q=celtic&geo=AR"
"masterchef celebrity argentina","1 mil+","24 de agosto de 2026 a las 22:00:00 UTC-3",,"masterchef celebrity argentina","./explore?q=masterchef%20celebrity%20argentina&geo=AR"
"accidente de tránsito","1 mil+","25 de agosto de 2026 a las 14:50:00 UTC-3",,"accidente de tránsito,uspallata","./explore?q=accidente%20de%20tr%C3%A1nsito&geo=AR"
"arresto domiciliario","20 mil+","24 de agosto de 2026 a las 10:10:00 UTC-3","25 de agosto de 2026 a las 20:40:00 UTC-3","arresto domiciliario","./explore?q=arresto%20domiciliario&geo=AR"
"deportivo madryn","500+","25 de agosto de 2026 a las 19:20:00 UTC-3",,"deportivo madryn,godoy cruz vs","./explore?q=deportivo%20madryn&geo=AR"
"bill gates","1 mil+","25 de agosto de 2026 a las 14:30:00 UTC-3",,"bill gates","./explore?q=bill%20gates&geo=AR"
"ministro","500+","25 de agosto de 2026 a las 14:20:00 UTC-3",,"ministro","./explore?q=ministro&geo=AR"
"asociación de trabajadores del estado","500+","25 de agosto de 2026 a las 18:50:00 UTC-3",,"asociación de trabajadores del estado,upcn","./explore?q=asociaci%C3%B3n%20de%20trabajadores%20del%20estado&geo=AR"
"camionero","500+","25 de agosto de 2026 a las 18:40:00 UTC-3",,"camionero","./explore?q=camionero&geo=AR"
"avión","20 mil+","24 de agosto de 2026 a las 13:10:00 UTC-3","25 de agosto de 2026 a las 13:20:00 UTC-3","avión,plus ultra líneas aéreas,plus ultra,aterrizaje,el tiempo","./explore?q=avi%C3%B3n&geo=AR"
"nottingham forest - leeds","5 mil+","25 de agosto de 2026 a las 16:20:00 UTC-3","25 de agosto de 2026 a las 20:30:00 UTC-3","nottingham forest - leeds,efl cup,nottingham forest,posiciones de nottingham forest contra leeds united association football club,leeds","./explore?q=nottingham%20forest%20-%20leeds&geo=AR"
"vaca muerta ypf","200+","25 de agosto de 2026 a las 20:20:00 UTC-3",,"vaca muerta ypf","./explore?q=vaca%20muerta%20ypf&geo=AR"
"elche c. f. - barcelona","50 mil+","23 de agosto de 2026 a las 15:40:00 UTC-3","24 de agosto de 2026 a las 17:40:00 UTC-3","elche c. f. - barcelona,laliga,elche vs barcelona,barca vs,elche,fútbol club barcelona,dgo,directv,barcelona vs elche,barcelona fc","./explore?q=elche%20c.%20f.%20-%20barcelona&geo=AR"
"santa fe - river plate","500 mil+","19 de agosto de 2026 a las 20:30:00 UTC-3","21 de agosto de 2026 a las 20:40:00 UTC-3","santa fe - river plate,river vs santa fe,river,river hoy,santa fe vs. river plate,river vs,a qué hora juega river,river plate,river vs independiente santa fe,conmebol sudamericana,a que hora juega river,cómo salió river,copa sudamericana,independiente santa fe,a qué hora juega river hoy,nahuel bustos,santa fe vs river plate,partido de river,river independiente santa fe,a que hora juega river hoy,a qué hora juega river plate,cómo va river,partido de river hoy,resultado de river,santa fe vs river,qué hora juega river,partido river,que hora juega river,nicolás otamendi,partido river hoy,santa fe fc,independiente de santa fe,angel correa,santa fe,diario ole,santiago beltrán,river hoy partido,donde ver river hoy,como va river hoy,lautaro rivero,otamendi,river vs santa fe sudamericana,independiente santa fe vs river,river plate vs independiente santa fe,sudamericana 2026,cuando juega independiente,river plate vs santa fe,copa sudamericana 2026,resultado de river hoy,la pagina millonaria,partidos de river plate,santa fe river,cómo salió el partido de river,river donde ver,river ahora,river en vivo,santa fe vs. river plate donde ver,resultado river hoy,donde pasan el partido de river,partido de river en vivo","./explore?q=santa%20fe%20-%20river%20plate&geo=AR"
"jugador de fútbol","100 mil+","21 de agosto de 2026 a las 8:30:00 UTC-3","23 de agosto de 2026 a las 15:10:00 UTC-3","jugador de fútbol,antonino spilinga","./explore?q=jugador%20de%20f%C3%BAtbol&geo=AR"
"tasa de interés","1 mil+","24 de agosto de 2026 a las 19:00:00 UTC-3",,"tasa de interés","./explore?q=tasa%20de%20inter%C3%A9s&geo=AR"
"belgrano - defensa y justicia","50 mil+","23 de agosto de 2026 a las 16:10:00 UTC-3","24 de agosto de 2026 a las 16:40:00 UTC-3","belgrano - defensa y justicia,posiciones de club atlético belgrano contra defensa y justicia,belgrano,belgrano hoy,belgrano vs,belgrano vs defensa y justicia,defensa y justicia,belgrano vs. defensa y justicia,club social y deportivo defensa y justicia,club atlético belgrano","./explore?q=belgrano%20-%20defensa%20y%20justicia&geo=AR"
"popstars 2026","1 mil+","24 de agosto de 2026 a las 20:10:00 UTC-3",,"popstars 2026","./explore?q=popstars%202026&geo=AR"
"independiente - independiente rivadavia","100 mil+","22 de agosto de 2026 a las 17:40:00 UTC-3","23 de agosto de 2026 a las 19:50:00 UTC-3","independiente - independiente rivadavia,posiciones de club atlético independiente contra independiente rivadavia,independiente,independiente vs independiente rivadavia,independiente hoy,independiente vs,independiente vs. independiente rivadavia,a qué hora juega independiente","./explore?q=independiente%20-%20independiente%20rivadavia&geo=AR"
"atlético madrid - villarreal","100 mil+","23 de agosto de 2026 a las 11:00:00 UTC-3","24 de agosto de 2026 a las 7:10:00 UTC-3","atlético madrid - villarreal,julian alvarez,atletico madrid,atletico de madrid,atletico,julián álvarez,julián alvarez,atletico madrid vs,jorge valdano,atlético madrid,atlético de madrid,futbol,que paso con julian alvarez,giuliano simeone,entrenamiento","./explore?q=atl%C3%A9tico%20madrid%20-%20villarreal&geo=AR"
"dolly parton murio","1 mil+","25 de agosto de 2026 a las 20:30:00 UTC-3",,"dolly parton murio,dolly parton de que murio,de que murio dolly parton,murio dolly parton","./explore?q=dolly%20parton%20murio&geo=AR"
"independiente del valle","1 mil+","25 de agosto de 2026 a las 20:20:00 UTC-3",,"independiente del valle,tolima,deportes tolima,independiente del valle vs","./explore?q=independiente%20del%20valle&geo=AR"
"al nassr","2 mil+","25 de agosto de 2026 a las 15:30:00 UTC-3","25 de agosto de 2026 a las 20:10:00 UTC-3","al nassr,primera división de arabia saudita","./explore?q=al%20nassr&geo=AR"
"24 de agosto","20 mil+","23 de agosto de 2026 a las 19:40:00 UTC-3","24 de agosto de 2026 a las 22:40:00 UTC-3","24 de agosto,tamara paganini,encuesta gran hermano,quien se fue de gran hermano,quien se va de gran hermano hoy,quien se va hoy de gran hermano,quien se va de gran hermano,quien se fue de gran hermano hoy","./explore?q=24%20de%20agosto&geo=AR"
"juan manuel cerúndolo","1 mil+","25 de agosto de 2026 a las 17:40:00 UTC-3","25 de agosto de 2026 a las 19:50:00 UTC-3","juan manuel cerúndolo","./explore?q=juan%20manuel%20cer%C3%BAndolo&geo=AR"
"dana white contender series","100+","25 de agosto de 2026 a las 20:30:00 UTC-3",,"dana white contender series","./explore?q=dana%20white%20contender%20series&geo=AR"
"rcd espanyol - real madrid","100 mil+","22 de agosto de 2026 a las 15:30:00 UTC-3","23 de agosto de 2026 a las 17:50:00 UTC-3","rcd espanyol - real madrid,posiciones de rcd espanyol de barcelona contra real madrid,real madrid,carlos espí,espanyol vs real madrid,rcd espanyol vs. real madrid,espi","./explore?q=rcd%20espanyol%20-%20real%20madrid&geo=AR"
"monte fuji","20 mil+","22 de agosto de 2026 a las 14:30:00 UTC-3","24 de agosto de 2026 a las 15:50:00 UTC-3","monte fuji","./explore?q=monte%20fuji&geo=AR"
"juventude - crb","100+","25 de agosto de 2026 a las 20:10:00 UTC-3",,"juventude - crb","./explore?q=juventude%20-%20crb&geo=AR"
"premier league","50 mil+","21 de agosto de 2026 a las 12:40:00 UTC-3","23 de agosto de 2026 a las 19:50:00 UTC-3","premier league,newcastle - liverpool,liverpool,liverpool fc,newcastle,posiciones de newcastle united contra liverpool fc,liverpool vs newcastle,newcastle vs liverpool,newcastle vs. liverpool","./explore?q=premier%20league&geo=AR"
"inter miami - toronto","50 mil+","22 de agosto de 2026 a las 19:30:00 UTC-3","23 de agosto de 2026 a las 21:50:00 UTC-3","inter miami - toronto,inter miami vs toronto,inter miami vs. toronto,inter vs","./explore?q=inter%20miami%20-%20toronto&geo=AR"
"cuatriciclo","2 mil+","24 de agosto de 2026 a las 14:30:00 UTC-3","25 de agosto de 2026 a las 19:50:00 UTC-3","cuatriciclo,agustina spisso,diario uno","./explore?q=cuatriciclo&geo=AR"
"flavio briatore","50 mil+","23 de agosto de 2026 a las 13:00:00 UTC-3","24 de agosto de 2026 a las 19:20:00 UTC-3","flavio briatore,colapinto hoy,pierre gasly,f1,clasificacion f1,colapinto,sprint f1,a que hora corre colapinto,f1 sprint,f1 hoy,carrera sprint f1,clasificación f1 hoy,qualy f1,f1 gp paises bajos,formula 1 hoy,formula 1,f1 clasificacion,gran premio de los países bajos,a que hora corre colapinto hoy,f1 en vivo,formula 1 horario,f1 libre,ver f1 en vivo,sprint f1 hoy,sprint,a qué hora corre colapinto,f1 en vivo gratis,a que hora es la clasificacion de f1,a qué hora es la clasificación de la fórmula 1,sprint paises bajos","./explore?q=flavio%20briatore&geo=AR"
"newell's - banfield","50 mil+","22 de agosto de 2026 a las 20:10:00 UTC-3","23 de agosto de 2026 a las 22:30:00 UTC-3","newell's - banfield,posiciones de newell's old boys contra banfield,newells,nob,newells hoy,newell's vs. banfield,newells vs,newell's,newell's vs banfield,nob vs,coccaro,newells vs banfield,club atlético newell's old boys","./explore?q=newell%27s%20-%20banfield&geo=AR"
"sarmiento - estudiantes","50 mil+","23 de agosto de 2026 a las 13:50:00 UTC-3","24 de agosto de 2026 a las 11:10:00 UTC-3","sarmiento - estudiantes,posiciones de sarmiento de junin contra estudiantes de la plata,sarmiento de junin,sarmiento vs estudiantes,sarmiento,sarmiento vs. estudiantes,sarmiento vs,sarmiento estudiantes,edlp","./explore?q=sarmiento%20-%20estudiantes&geo=AR"
"alta gracia","10 mil+","24 de agosto de 2026 a las 11:00:00 UTC-3","25 de agosto de 2026 a las 12:30:00 UTC-3","alta gracia,sucesos,misiones online","./explore?q=alta%20gracia&geo=AR"
"manchester city - bournemouth","20 mil+","23 de agosto de 2026 a las 9:10:00 UTC-3","24 de agosto de 2026 a las 8:00:00 UTC-3","manchester city - bournemouth,haaland,erling haaland,haland","./explore?q=manchester%20city%20-%20bournemouth&geo=AR"
"southampton - west ham","1 mil+","25 de agosto de 2026 a las 16:00:00 UTC-3","25 de agosto de 2026 a las 20:00:00 UTC-3","southampton - west ham","./explore?q=southampton%20-%20west%20ham&geo=AR"
"corinthians - rosario central","200 mil+","20 de agosto de 2026 a las 20:30:00 UTC-3","21 de agosto de 2026 a las 23:00:00 UTC-3","corinthians - rosario central,rosario central,central,rosario central vs,rosario central vs corinthians,corinthians vs rosario central,libertadores,central vs corinthians,central vs,copa libertadores,conmebol libertadores,corinthians vs. rosario central,ángel di maría,central hoy,a qué hora juega rosario central,central corinthians,corinthians vs,di maria,rodrigo garro,rosario central hoy,garro,a qué hora juega central,rosario vs,a que hora juega central,breno bidon,cómo va rosario central,libertadores 2026,club atlético rosario central,copetti,rosario vs corinthians,corinthians rosario central,partidos de copa libertadores","./explore?q=corinthians%20-%20rosario%20central&geo=AR"
"precio del dólar hoy","2 mil+","25 de agosto de 2026 a las 16:30:00 UTC-3","25 de agosto de 2026 a las 20:10:00 UTC-3","precio del dólar hoy,25 de agosto,dólar blue hoy minuto a minuto","./explore?q=precio%20del%20d%C3%B3lar%20hoy&geo=AR"
"posiciones de ferro contra all boys","10 mil+","24 de agosto de 2026 a las 22:10:00 UTC-3","25 de agosto de 2026 a las 14:00:00 UTC-3","posiciones de ferro contra all boys,ferro - all boys,ferro vs,ferro hoy,ferro vs all boys,ferro all boys,ferro vs. all boys","./explore?q=posiciones%20de%20ferro%20contra%20all%20boys&geo=AR"
"estudiantes de río cuarto - san lorenzo","50 mil+","21 de agosto de 2026 a las 19:10:00 UTC-3","22 de agosto de 2026 a las 21:40:00 UTC-3","estudiantes de río cuarto - san lorenzo,estudiantes de rio cuarto,san lorenzo,san lorenzo hoy,estudiantes de río cuarto vs. san lorenzo,estudiantes de río cuarto vs san lorenzo,san lorenzo vs,a qué hora juega san lorenzo,cómo va san lorenzo,san lorenzo vs estudiantes rio cuarto","./explore?q=estudiantes%20de%20r%C3%ADo%20cuarto%20-%20san%20lorenzo&geo=AR"
"julieta díaz","20 mil+","23 de agosto de 2026 a las 15:10:00 UTC-3","24 de agosto de 2026 a las 18:00:00 UTC-3","julieta díaz,julieta diaz","./explore?q=julieta%20d%C3%ADaz&geo=AR"
"f1 horarios","20 mil+","20 de agosto de 2026 a las 12:40:00 UTC-3","23 de agosto de 2026 a las 13:20:00 UTC-3","f1 horarios,horarios f1,f1 en vivo,a qué hora es la carrera de fórmula 1,formula 1 en vivo,ver f1 en vivo gratis,f1 en vivo gratis,formula 1 horario,dazn f1","./explore?q=f1%20horarios&geo=AR"
"nvda","500+","25 de agosto de 2026 a las 18:40:00 UTC-3","25 de agosto de 2026 a las 20:20:00 UTC-3","nvda","./explore?q=nvda&geo=AR"
"rennes - psg","20 mil+","23 de agosto de 2026 a las 14:50:00 UTC-3","24 de agosto de 2026 a las 11:30:00 UTC-3","rennes - psg,psg","./explore?q=rennes%20-%20psg&geo=AR"
"7 de septiembre","5 mil+","24 de agosto de 2026 a las 20:00:00 UTC-3","25 de agosto de 2026 a las 10:50:00 UTC-3","7 de septiembre","./explore?q=7%20de%20septiembre&geo=AR"
"gran premio de italia","20 mil+","22 de agosto de 2026 a las 19:40:00 UTC-3","24 de agosto de 2026 a las 15:00:00 UTC-3","gran premio de italia","./explore?q=gran%20premio%20de%20italia&geo=AR"
"camioneta","20 mil+","22 de agosto de 2026 a las 8:10:00 UTC-3","24 de agosto de 2026 a las 12:10:00 UTC-3","camioneta,diario chaco","./explore?q=camioneta&geo=AR"
"astrología china","1 mil+","25 de agosto de 2026 a las 11:10:00 UTC-3","25 de agosto de 2026 a las 19:20:00 UTC-3","astrología china","./explore?q=astrolog%C3%ADa%20china&geo=AR"
"roberto baratta","2 mil+","25 de agosto de 2026 a las 13:30:00 UTC-3","25 de agosto de 2026 a las 19:00:00 UTC-3","roberto baratta,techint","./explore?q=roberto%20baratta&geo=AR"
"zonda","5 mil+","24 de agosto de 2026 a las 9:50:00 UTC-3","25 de agosto de 2026 a las 8:20:00 UTC-3","zonda","./explore?q=zonda&geo=AR"
"ingreso","5 mil+","24 de agosto de 2026 a las 13:10:00 UTC-3","25 de agosto de 2026 a las 9:20:00 UTC-3","ingreso","./explore?q=ingreso&geo=AR"
"falla","10 mil+","22 de agosto de 2026 a las 18:00:00 UTC-3","24 de agosto de 2026 a las 11:50:00 UTC-3","falla","./explore?q=falla&geo=AR"
"racing - belgrano","100 mil+","19 de agosto de 2026 a las 18:20:00 UTC-3","20 de agosto de 2026 a las 21:10:00 UTC-3","racing - belgrano,belgrano,racing vs belgrano,copa argentina,belgrano hoy,racing vs,racing hoy,racing vs. belgrano,belgrano vs racing,racing belgrano,belgrano vs,belgrano racing,estadio único del parque la pedrera,copa argentina 2026,racing club vs belgrano,racing vs belgrano copa argentina","./explore?q=racing%20-%20belgrano&geo=AR"
"f1","100 mil+","23 de agosto de 2026 a las 7:20:00 UTC-3","23 de agosto de 2026 a las 14:20:00 UTC-3","f1,colapinto,formula 1,carrera f1,f1 hoy,formula 1 hoy,circuito de zandvoort,gp paises bajos,franco colapinto,gran premio de los países bajos,a que hora es la carrera de f1,carrera f1 hoy,f1 paises bajos,donde ver f1,tc hoy,posiciones f1,f 1,f1 posiciones,donde ver la f1,como termino colapinto hoy,tsunoda,lanacion","./explore?q=f1&geo=AR"
"las cataratas","5 mil+","24 de agosto de 2026 a las 12:20:00 UTC-3","25 de agosto de 2026 a las 2:00:00 UTC-3","las cataratas","./explore?q=las%20cataratas&geo=AR"
"santiago caputo","2 mil+","25 de agosto de 2026 a las 14:50:00 UTC-3","25 de agosto de 2026 a las 20:40:00 UTC-3","santiago caputo,karina milei,la politica online","./explore?q=santiago%20caputo&geo=AR"
"terremoto en peru","50 mil+","20 de agosto de 2026 a las 15:50:00 UTC-3","22 de agosto de 2026 a las 8:20:00 UTC-3","terremoto en peru,perú,epicentro,peru,terremoto perú,terremoto peru,lima,terremoto,sismo en peru,terremoto en perú,terremoto en perú hoy,perú hoy,sismos y terremotos,peru terremoto,ayacucho peru,ayacucho,terremoto en peru hoy,sismo peru,temblor en peru","./explore?q=terremoto%20en%20peru&geo=AR"
"gripe","10 mil+","22 de agosto de 2026 a las 10:40:00 UTC-3","24 de agosto de 2026 a las 14:20:00 UTC-3","gripe,super gripe","./explore?q=gripe&geo=AR"
"lunes","10 mil+","23 de agosto de 2026 a las 8:10:00 UTC-3","25 de agosto de 2026 a las 7:00:00 UTC-3","lunes","./explore?q=lunes&geo=AR"
"desalojo","2 mil+","25 de agosto de 2026 a las 13:40:00 UTC-3","25 de agosto de 2026 a las 18:30:00 UTC-3","desalojo","./explore?q=desalojo&geo=AR"
"posiciones de valencia c. f. contra betis","500+","25 de agosto de 2026 a las 18:10:00 UTC-3","25 de agosto de 2026 a las 19:40:00 UTC-3","posiciones de valencia c. f. contra betis","./explore?q=posiciones%20de%20valencia%20c.%20f.%20contra%20betis&geo=AR"
"hija de lucas sugo","50 mil+","19 de agosto de 2026 a las 11:30:00 UTC-3","21 de agosto de 2026 a las 14:50:00 UTC-3","hija de lucas sugo,lucas sugo,florencia sugo,hija lucas sugo,quien es lucas sugo","./explore?q=hija%20de%20lucas%20sugo&geo=AR"
"aldosivi - unión","50 mil+","21 de agosto de 2026 a las 13:40:00 UTC-3","22 de agosto de 2026 a las 15:50:00 UTC-3","aldosivi - unión,posiciones de aldosivi contra club atlético unión,aldosivi,union,aldosivi vs union,aldosivi vs,aldosivi vs. unión,union de santa fe,aldosivi hoy,club atlético unión,union hoy,union vs aldosivi","./explore?q=aldosivi%20-%20uni%C3%B3n&geo=AR"
"periodista","20 mil+","22 de agosto de 2026 a las 7:00:00 UTC-3","23 de agosto de 2026 a las 10:40:00 UTC-3","periodista,nelson castro,marcelo bonelli,tn","./explore?q=periodista&geo=AR"
"roma - fiorentina","10 mil+","24 de agosto de 2026 a las 14:50:00 UTC-3","24 de agosto de 2026 a las 23:30:00 UTC-3","roma - fiorentina,fiorentina,roma vs fiorentina,roma fiorentina","./explore?q=roma%20-%20fiorentina&geo=AR"
"atlético tucumán - instituto","20 mil+","22 de agosto de 2026 a las 15:20:00 UTC-3","23 de agosto de 2026 a las 15:00:00 UTC-3","atlético tucumán - instituto","./explore?q=atl%C3%A9tico%20tucum%C3%A1n%20-%20instituto&geo=AR"
"jetsmart","20 mil+","24 de agosto de 2026 a las 0:10:00 UTC-3","25 de agosto de 2026 a las 1:00:00 UTC-3","jetsmart","./explore?q=jetsmart&geo=AR"
"juan román riquelme","500+","25 de agosto de 2026 a las 13:40:00 UTC-3","25 de agosto de 2026 a las 18:30:00 UTC-3","juan román riquelme","./explore?q=juan%20rom%C3%A1n%20riquelme&geo=AR"
"el niño","50 mil+","20 de agosto de 2026 a las 5:20:00 UTC-3","21 de agosto de 2026 a las 0:30:00 UTC-3","el niño,inundación,pronostico extendido","./explore?q=el%20ni%C3%B1o&geo=AR"
"philadelphia - inter miami","100 mil+","19 de agosto de 2026 a las 19:40:00 UTC-3","20 de agosto de 2026 a las 22:10:00 UTC-3","philadelphia - inter miami,lionel messi,mls,philadelphia vs inter miami,philadelphia vs. inter miami","./explore?q=philadelphia%20-%20inter%20miami&geo=AR"
"ipswich - leicester city","500+","25 de agosto de 2026 a las 15:50:00 UTC-3","25 de agosto de 2026 a las 19:00:00 UTC-3","ipswich - leicester city","./explore?q=ipswich%20-%20leicester%20city&geo=AR"
"bodo","500+","25 de agosto de 2026 a las 16:20:00 UTC-3","25 de agosto de 2026 a las 18:50:00 UTC-3","bodo,bodo glimt","./explore?q=bodo&geo=AR"
"pozo","10 mil+","23 de agosto de 2026 a las 14:10:00 UTC-3","24 de agosto de 2026 a las 16:30:00 UTC-3","pozo","./explore?q=pozo&geo=AR"
"uruguay","20 mil+","23 de agosto de 2026 a las 6:10:00 UTC-3","23 de agosto de 2026 a las 19:40:00 UTC-3","uruguay","./explore?q=uruguay&geo=AR"
"boca hoy","50 mil+","23 de agosto de 2026 a las 21:50:00 UTC-3","24 de agosto de 2026 a las 0:30:00 UTC-3","boca hoy,lanus,boca juniors,cómo salió boca,ayrton costa,leandro aguilera,arruabarrena,boca lanus","./explore?q=boca%20hoy&geo=AR"
"japón","10 mil+","23 de agosto de 2026 a las 8:50:00 UTC-3","24 de agosto de 2026 a las 1:40:00 UTC-3","japón,terremoto japón","./explore?q=jap%C3%B3n&geo=AR"
"colisión","10 mil+","24 de agosto de 2026 a las 7:10:00 UTC-3","25 de agosto de 2026 a las 6:30:00 UTC-3","colisión","./explore?q=colisi%C3%B3n&geo=AR"
"condena","10 mil+","23 de agosto de 2026 a las 7:30:00 UTC-3","24 de agosto de 2026 a las 8:10:00 UTC-3","condena,barca","./explore?q=condena&geo=AR"
"huracán - deportivo riestra","20 mil+","22 de agosto de 2026 a las 20:20:00 UTC-3","23 de agosto de 2026 a las 16:00:00 UTC-3","huracán - deportivo riestra,huracan,huracán vs. deportivo riestra","./explore?q=hurac%C3%A1n%20-%20deportivo%20riestra&geo=AR"
"marlee matlin","1 mil+","25 de agosto de 2026 a las 10:20:00 UTC-3","25 de agosto de 2026 a las 18:00:00 UTC-3","marlee matlin","./explore?q=marlee%20matlin&geo=AR"
"presidente","2 mil+","24 de agosto de 2026 a las 15:10:00 UTC-3","25 de agosto de 2026 a las 9:50:00 UTC-3","presidente","./explore?q=presidente&geo=AR"
"abierto de estados unidos 2026","1 mil+","25 de agosto de 2026 a las 10:30:00 UTC-3","25 de agosto de 2026 a las 18:40:00 UTC-3","abierto de estados unidos 2026,tenis","./explore?q=abierto%20de%20estados%20unidos%202026&geo=AR"
"23 de agosto","10 mil+","22 de agosto de 2026 a las 10:20:00 UTC-3","23 de agosto de 2026 a las 19:50:00 UTC-3","23 de agosto,quini 6 domingo 23 agosto,quini6","./explore?q=23%20de%20agosto&geo=AR"
"quiebra","1 mil+","25 de agosto de 2026 a las 11:20:00 UTC-3","25 de agosto de 2026 a las 18:20:00 UTC-3","quiebra","./explore?q=quiebra&geo=AR"
"shenyang j-16","200+","25 de agosto de 2026 a las 16:40:00 UTC-3","25 de agosto de 2026 a las 20:30:00 UTC-3","shenyang j-16","./explore?q=shenyang%20j-16&geo=AR"
"barcelona - al-ahly","50 mil+","19 de agosto de 2026 a las 14:00:00 UTC-3","20 de agosto de 2026 a las 16:50:00 UTC-3","barcelona - al-ahly","./explore?q=barcelona%20-%20al-ahly&geo=AR"
"peaje","20 mil+","21 de agosto de 2026 a las 8:10:00 UTC-3","22 de agosto de 2026 a las 20:10:00 UTC-3","peaje","./explore?q=peaje&geo=AR"
"plástico","10 mil+","21 de agosto de 2026 a las 7:10:00 UTC-3","22 de agosto de 2026 a las 22:40:00 UTC-3","plástico","./explore?q=pl%C3%A1stico&geo=AR"
"marcelo weigandt","2 mil+","25 de agosto de 2026 a las 12:40:00 UTC-3","25 de agosto de 2026 a las 19:20:00 UTC-3","marcelo weigandt","./explore?q=marcelo%20weigandt&geo=AR"
"pensión","20 mil+","22 de agosto de 2026 a las 15:50:00 UTC-3","23 de agosto de 2026 a las 20:20:00 UTC-3","pensión","./explore?q=pensi%C3%B3n&geo=AR"
"benjamín rollheiser","2 mil+","24 de agosto de 2026 a las 13:40:00 UTC-3","25 de agosto de 2026 a las 14:50:00 UTC-3","benjamín rollheiser","./explore?q=benjam%C3%ADn%20rollheiser&geo=AR"
"torque - tigre","50 mil+","19 de agosto de 2026 a las 20:40:00 UTC-3","20 de agosto de 2026 a las 23:00:00 UTC-3","torque - tigre,tigre,tigre vs,tigre vs torque,torque vs. tigre,tigre hoy,salomón rodríguez,montevideo city torque","./explore?q=torque%20-%20tigre&geo=AR"
"coquimbo unido - platense","50 mil+","19 de agosto de 2026 a las 18:10:00 UTC-3","20 de agosto de 2026 a las 20:30:00 UTC-3","coquimbo unido - platense,platense,platense vs,coquimbo unido,conmebol libertadores,platense hoy,coquimbo unido vs. platense,coquimbo vs platense,coquimbo,libertadores 2026,cómo salió platense,platense coquimbo","./explore?q=coquimbo%20unido%20-%20platense&geo=AR"
"telekino 2442 controlar carton resultados","5 mil+","23 de agosto de 2026 a las 21:40:00 UTC-3","24 de agosto de 2026 a las 22:00:00 UTC-3","telekino 2442 controlar carton resultados,telekino 2442,sorteo telekino hoy","./explore?q=telekino%202442%20controlar%20carton%20resultados&geo=AR"
"brighton - aston villa","20 mil+","23 de agosto de 2026 a las 9:10:00 UTC-3","23 de agosto de 2026 a las 20:10:00 UTC-3","brighton - aston villa,aston villa,aston villa vs","./explore?q=brighton%20-%20aston%20villa&geo=AR"
"jujuy","10 mil+","21 de agosto de 2026 a las 13:50:00 UTC-3","23 de agosto de 2026 a las 1:00:00 UTC-3","jujuy","./explore?q=jujuy&geo=AR"
"encuesta","10 mil+","24 de agosto de 2026 a las 12:10:00 UTC-3","24 de agosto de 2026 a las 19:00:00 UTC-3","encuesta","./explore?q=encuesta&geo=AR"
"playstation plus","500+","25 de agosto de 2026 a las 15:30:00 UTC-3","25 de agosto de 2026 a las 18:20:00 UTC-3","playstation plus","./explore?q=playstation%20plus&geo=AR"
"capacitación docente","20 mil+","20 de agosto de 2026 a las 15:50:00 UTC-3","22 de agosto de 2026 a las 9:20:00 UTC-3","capacitación docente","./explore?q=capacitaci%C3%B3n%20docente&geo=AR"
"dortmund - bayern","20 mil+","22 de agosto de 2026 a las 14:40:00 UTC-3","23 de agosto de 2026 a las 7:50:00 UTC-3","dortmund - bayern,bayern,bayern vs dortmund,dortmund vs. bayern,dortmund vs bayern","./explore?q=dortmund%20-%20bayern&geo=AR"
"botafogo - paranaense","2 mil+","24 de agosto de 2026 a las 19:40:00 UTC-3","25 de agosto de 2026 a las 8:50:00 UTC-3","botafogo - paranaense","./explore?q=botafogo%20-%20paranaense&geo=AR"
"atlético madrid - málaga","50 mil+","19 de agosto de 2026 a las 15:00:00 UTC-3","20 de agosto de 2026 a las 17:10:00 UTC-3","atlético madrid - málaga,laliga,atlético madrid vs. málaga,atlético madrid vs málaga","./explore?q=atl%C3%A9tico%20madrid%20-%20m%C3%A1laga&geo=AR"
"violín","20 mil+","20 de agosto de 2026 a las 20:10:00 UTC-3","22 de agosto de 2026 a las 10:50:00 UTC-3","violín,romina rivera violinista,romina rivera cruz violinista","./explore?q=viol%C3%ADn&geo=AR"
"dinero","200+","25 de agosto de 2026 a las 17:20:00 UTC-3","25 de agosto de 2026 a las 19:20:00 UTC-3","dinero","./explore?q=dinero&geo=AR"
"julián weich","5 mil+","24 de agosto de 2026 a las 1:00:00 UTC-3","24 de agosto de 2026 a las 18:40:00 UTC-3","julián weich","./explore?q=juli%C3%A1n%20weich&geo=AR"
"hull city - manchester united","20 mil+","22 de agosto de 2026 a las 7:40:00 UTC-3","23 de agosto de 2026 a las 0:20:00 UTC-3","hull city - manchester united,manchester united,posiciones de hull city contra manchester united,united,man united","./explore?q=hull%20city%20-%20manchester%20united&geo=AR"
"tc en paraná","10 mil+","24 de agosto de 2026 a las 11:20:00 UTC-3","24 de agosto de 2026 a las 20:40:00 UTC-3","tc en paraná,actc,turismo carretera,tc","./explore?q=tc%20en%20paran%C3%A1&geo=AR"
"las leonas","20 mil+","24 de agosto de 2026 a las 16:00:00 UTC-3","24 de agosto de 2026 a las 19:00:00 UTC-3","las leonas,las leonas hoy,leonas,leonas hockey,selección de fútbol de bélgica,las leonas vs belgica,mundial de hockey 2026,leonas hoy,mundial de hockey,leonas vs belgica,las leonas vs españa,hockey,las leonas hockey mundial,mundial hockey,leonas vs españa,a que hora juegan las leonas hoy,mundial de hockey femenino 2026,tabla de posiciones,argentina vs españa hockey,mundial hockey 2026,hockey femenino,argentina españa hockey,cuando juegan las leonas,radio mitre en vivo,las leonas vs escocia","./explore?q=las%20leonas&geo=AR"
"robo","2 mil+","25 de agosto de 2026 a las 12:50:00 UTC-3","25 de agosto de 2026 a las 14:50:00 UTC-3","robo,gran hermano en vivo","./explore?q=robo&geo=AR"
"ruta nacional 237","100+","25 de agosto de 2026 a las 20:00:00 UTC-3","25 de agosto de 2026 a las 20:30:00 UTC-3","ruta nacional 237","./explore?q=ruta%20nacional%20237&geo=AR"
"pizzería güerrín","20 mil+","20 de agosto de 2026 a las 18:50:00 UTC-3","21 de agosto de 2026 a las 22:10:00 UTC-3","pizzería güerrín,clausuraron guerrin,guerrin,güerrín","./explore?q=pizzer%C3%ADa%20g%C3%BCerr%C3%ADn&geo=AR"
"fuerzas armadas argentinas","5 mil+","24 de agosto de 2026 a las 15:30:00 UTC-3","24 de agosto de 2026 a las 22:20:00 UTC-3","fuerzas armadas argentinas,aumento fuerzas armadas,aumento salarial fuerzas armadas,aumento para las fuerzas de seguridad,aumento fuerzas de seguridad","./explore?q=fuerzas%20armadas%20argentinas&geo=AR"
"predicción","10 mil+","23 de agosto de 2026 a las 15:00:00 UTC-3","24 de agosto de 2026 a las 8:00:00 UTC-3","predicción","./explore?q=predicci%C3%B3n&geo=AR"
"cyberleek","5 mil+","20 de agosto de 2026 a las 11:50:00 UTC-3","25 de agosto de 2026 a las 5:10:00 UTC-3","cyberleek,gta,gta 6,grand theft auto vi,gta 6 leaks","./explore?q=cyberleek&geo=AR"
"adopción","500+","25 de agosto de 2026 a las 10:40:00 UTC-3","25 de agosto de 2026 a las 16:40:00 UTC-3","adopción","./explore?q=adopci%C3%B3n&geo=AR"
"barcelona","20 mil+","23 de agosto de 2026 a las 13:40:00 UTC-3","23 de agosto de 2026 a las 20:30:00 UTC-3","barcelona,barcelona vs","./explore?q=barcelona&geo=AR"
"central de trabajadores de la argentina","1 mil+","24 de agosto de 2026 a las 20:40:00 UTC-3","25 de agosto de 2026 a las 18:30:00 UTC-3","central de trabajadores de la argentina","./explore?q=central%20de%20trabajadores%20de%20la%20argentina&geo=AR"
"cognición","2 mil+","24 de agosto de 2026 a las 12:30:00 UTC-3","25 de agosto de 2026 a las 0:30:00 UTC-3","cognición","./explore?q=cognici%C3%B3n&geo=AR"
"sergio denis","10 mil+","20 de agosto de 2026 a las 15:00:00 UTC-3","22 de agosto de 2026 a las 23:20:00 UTC-3","sergio denis","./explore?q=sergio%20denis&geo=AR"
"gamescom","500+","25 de agosto de 2026 a las 15:00:00 UTC-3","25 de agosto de 2026 a las 17:40:00 UTC-3","gamescom","./explore?q=gamescom&geo=AR"
"premier","5 mil+","21 de agosto de 2026 a las 15:00:00 UTC-3","23 de agosto de 2026 a las 18:00:00 UTC-3","premier","./explore?q=premier&geo=AR"
"san juan","20 mil+","21 de agosto de 2026 a las 13:50:00 UTC-3","22 de agosto de 2026 a las 8:10:00 UTC-3","san juan","./explore?q=san%20juan&geo=AR"
"tren","5 mil+","22 de agosto de 2026 a las 17:10:00 UTC-3","24 de agosto de 2026 a las 8:00:00 UTC-3","tren,santilli","./explore?q=tren&geo=AR"
"línea sarmiento","10 mil+","20 de agosto de 2026 a las 19:10:00 UTC-3","22 de agosto de 2026 a las 15:30:00 UTC-3","línea sarmiento","./explore?q=l%C3%ADnea%20sarmiento&geo=AR"
"limpieza","2 mil+","24 de agosto de 2026 a las 10:50:00 UTC-3","24 de agosto de 2026 a las 21:20:00 UTC-3","limpieza,hora","./explore?q=limpieza&geo=AR"
"arsenal - coventry city","20 mil+","21 de agosto de 2026 a las 15:00:00 UTC-3","22 de agosto de 2026 a las 11:00:00 UTC-3","arsenal - coventry city,arsenal vs,arsenal vs coventry","./explore?q=arsenal%20-%20coventry%20city&geo=AR"
"día del empleado de comercio","20 mil+","20 de agosto de 2026 a las 8:30:00 UTC-3","22 de agosto de 2026 a las 9:10:00 UTC-3","día del empleado de comercio,fin de semana,federación argentina de empleados de comercio y servicios","./explore?q=d%C3%ADa%20del%20empleado%20de%20comercio&geo=AR"
"olimpia - vasco da gama","20 mil+","20 de agosto de 2026 a las 18:20:00 UTC-3","21 de agosto de 2026 a las 14:40:00 UTC-3","olimpia - vasco da gama,olimpia,vasco da gama,river santa fe,olimpia vs vasco da gama,olimpia vs,olimpia vs. vasco da gama,olimpia vs vasco,vasco da gama vs. olimpia","./explore?q=olimpia%20-%20vasco%20da%20gama&geo=AR"
"olimpia - cerro","20 mil+","23 de agosto de 2026 a las 15:10:00 UTC-3","23 de agosto de 2026 a las 21:00:00 UTC-3","olimpia - cerro,olimpia vs cerro,cerro porteño,cerro,cerro vs olimpia,olimpia vs. cerro,olimpia vs,cerro vs,club olimpia","./explore?q=olimpia%20-%20cerro&geo=AR"
"inter - monza","10 mil+","22 de agosto de 2026 a las 12:40:00 UTC-3","23 de agosto de 2026 a las 0:20:00 UTC-3","inter - monza,inter milan,inter vs monza","./explore?q=inter%20-%20monza&geo=AR"
"mls","10 mil+","21 de agosto de 2026 a las 21:30:00 UTC-3","23 de agosto de 2026 a las 8:40:00 UTC-3","mls","./explore?q=mls&geo=AR"
"catedral de la plata","1 mil+","24 de agosto de 2026 a las 8:00:00 UTC-3","25 de agosto de 2026 a las 13:30:00 UTC-3","catedral de la plata","./explore?q=catedral%20de%20la%20plata&geo=AR"
"raley's supermarkets","5 mil+","23 de agosto de 2026 a las 15:00:00 UTC-3","24 de agosto de 2026 a las 20:10:00 UTC-3","raley's supermarkets","./explore?q=raley%27s%20supermarkets&geo=AR"
"gustavo martínez","10 mil+","22 de agosto de 2026 a las 22:40:00 UTC-3","23 de agosto de 2026 a las 20:20:00 UTC-3","gustavo martínez,marta fort,ricardo fort,gustavo fort","./explore?q=gustavo%20mart%C3%ADnez&geo=AR"
"tokio","5 mil+","23 de agosto de 2026 a las 7:20:00 UTC-3","24 de agosto de 2026 a las 9:00:00 UTC-3","tokio","./explore?q=tokio&geo=AR"
"2026","20 mil+","19 de agosto de 2026 a las 17:10:00 UTC-3","21 de agosto de 2026 a las 20:50:00 UTC-3","2026","./explore?q=2026&geo=AR"
"jagger herrera","5 mil+","23 de agosto de 2026 a las 22:30:00 UTC-3","25 de agosto de 2026 a las 9:30:00 UTC-3","jagger herrera,facundo herrera boca,jagger boca","./explore?q=jagger%20herrera&geo=AR"
"mar del plata","10 mil+","22 de agosto de 2026 a las 18:20:00 UTC-3","23 de agosto de 2026 a las 11:20:00 UTC-3","mar del plata","./explore?q=mar%20del%20plata&geo=AR"
"cedric sbirrazzuoli","5 mil+","22 de agosto de 2026 a las 7:00:00 UTC-3","23 de agosto de 2026 a las 9:40:00 UTC-3","cedric sbirrazzuoli","./explore?q=cedric%20sbirrazzuoli&geo=AR"
"riesgo","5 mil+","23 de agosto de 2026 a las 0:00:00 UTC-3","23 de agosto de 2026 a las 20:10:00 UTC-3","riesgo","./explore?q=riesgo&geo=AR"
"matías galarza","2 mil+","24 de agosto de 2026 a las 13:50:00 UTC-3","24 de agosto de 2026 a las 23:10:00 UTC-3","matías galarza","./explore?q=mat%C3%ADas%20galarza&geo=AR"
"ciclogénesis","20 mil+","19 de agosto de 2026 a las 17:10:00 UTC-3","20 de agosto de 2026 a las 9:00:00 UTC-3","ciclogénesis,frío,temperatura,frente polar","./explore?q=ciclog%C3%A9nesis&geo=AR"
"fernando galmarini","5 mil+","22 de agosto de 2026 a las 12:40:00 UTC-3","23 de agosto de 2026 a las 21:40:00 UTC-3","fernando galmarini,pato galmarini","./explore?q=fernando%20galmarini&geo=AR"
"central norte - estudiantes","5 mil+","22 de agosto de 2026 a las 21:40:00 UTC-3","23 de agosto de 2026 a las 11:10:00 UTC-3","central norte - estudiantes,posiciones de central norte contra club atlético estudiantes,central norte","./explore?q=central%20norte%20-%20estudiantes&geo=AR"
"posiciones de atlético de madrid contra villarreal club de fútbol","5 mil+","23 de agosto de 2026 a las 14:20:00 UTC-3","23 de agosto de 2026 a las 20:40:00 UTC-3","posiciones de atlético de madrid contra villarreal club de fútbol","./explore?q=posiciones%20de%20atl%C3%A9tico%20de%20madrid%20contra%20villarreal%20club%20de%20f%C3%BAtbol&geo=AR"
"coritiba - corinthians","5 mil+","23 de agosto de 2026 a las 18:40:00 UTC-3","24 de agosto de 2026 a las 8:50:00 UTC-3","coritiba - corinthians","./explore?q=coritiba%20-%20corinthians&geo=AR"
"chacarita - san martín de tucumán","10 mil+","23 de agosto de 2026 a las 14:20:00 UTC-3","23 de agosto de 2026 a las 19:30:00 UTC-3","chacarita - san martín de tucumán,chacarita,san martin de tucuman,chacarita hoy","./explore?q=chacarita%20-%20san%20mart%C3%ADn%20de%20tucum%C3%A1n&geo=AR"
"botafogo vs cienciano","20 mil+","20 de agosto de 2026 a las 20:50:00 UTC-3","21 de agosto de 2026 a las 22:50:00 UTC-3","botafogo vs cienciano,botafogo - cienciano,botafogo vs,cienciano vs botafogo,cienciano,botafogo vs. cienciano","./explore?q=botafogo%20vs%20cienciano&geo=AR"
"automovilismo","5 mil+","21 de agosto de 2026 a las 19:10:00 UTC-3","23 de agosto de 2026 a las 16:20:00 UTC-3","automovilismo","./explore?q=automovilismo&geo=AR"
"san miguel - colón","10 mil+","22 de agosto de 2026 a las 14:50:00 UTC-3","22 de agosto de 2026 a las 23:20:00 UTC-3","san miguel - colón,colon,colon de santa fe,colon vs,colon hoy,san miguel club","./explore?q=san%20miguel%20-%20col%C3%B3n&geo=AR"
"roma","5 mil+","24 de agosto de 2026 a las 15:40:00 UTC-3","24 de agosto de 2026 a las 20:10:00 UTC-3","roma,paulo dybala,rodrigo mora,franco mastantuono,fiorentina vs,dybala,roma vs. fiorentina","./explore?q=roma&geo=AR"
"posiciones de elche c. f. contra fútbol club barcelona","10 mil+","23 de agosto de 2026 a las 18:40:00 UTC-3","23 de agosto de 2026 a las 23:30:00 UTC-3","posiciones de elche c. f. contra fútbol club barcelona,la liga,adeyemi","./explore?q=posiciones%20de%20elche%20c.%20f.%20contra%20f%C3%BAtbol%20club%20barcelona&geo=AR"
"roma fc","2 mil+","24 de agosto de 2026 a las 15:20:00 UTC-3","24 de agosto de 2026 a las 21:10:00 UTC-3","roma fc","./explore?q=roma%20fc&geo=AR"
"us open 2026","200+","25 de agosto de 2026 a las 13:10:00 UTC-3","25 de agosto de 2026 a las 19:10:00 UTC-3","us open 2026","./explore?q=us%20open%202026&geo=AR"
"sanción","20 mil+","21 de agosto de 2026 a las 12:10:00 UTC-3","22 de agosto de 2026 a las 7:50:00 UTC-3","sanción,selección de fútbol de argentina,paredes,copa mundial de fútbol,sanciones argentina,fifa,sanciones fifa argentina,sanción de la fifa a argentina","./explore?q=sanci%C3%B3n&geo=AR"
"serie a","5 mil+","22 de agosto de 2026 a las 9:50:00 UTC-3","23 de agosto de 2026 a las 20:40:00 UTC-3","serie a","./explore?q=serie%20a&geo=AR"
"cena de nominados","2 mil+","24 de agosto de 2026 a las 7:40:00 UTC-3","24 de agosto de 2026 a las 17:50:00 UTC-3","cena de nominados","./explore?q=cena%20de%20nominados&geo=AR"
"latam","2 mil+","24 de agosto de 2026 a las 0:30:00 UTC-3","25 de agosto de 2026 a las 19:40:00 UTC-3","latam","./explore?q=latam&geo=AR"
"madre","5 mil+","23 de agosto de 2026 a las 12:40:00 UTC-3","24 de agosto de 2026 a las 0:00:00 UTC-3","madre,radio mitre","./explore?q=madre&geo=AR"
"los leones","10 mil+","24 de agosto de 2026 a las 10:30:00 UTC-3","24 de agosto de 2026 a las 14:10:00 UTC-3","los leones,los leones hockey,leones,leones hockey,paises bajos vs inglaterra hockey,los leones vs india,hockey masculino,los leones hoy,mundial de hockey 2026,cuando juegan los leones,los leones vs inglaterra,argentina inglaterra hockey,argentina vs inglaterra hockey,leones vs inglaterra,mundial de hockey masculino 2026,hockey,radio mitre en vivo,espn en vivo,hockey mundial","./explore?q=los%20leones&geo=AR"
"andrea kimi antonelli","5 mil+","22 de agosto de 2026 a las 18:10:00 UTC-3","23 de agosto de 2026 a las 13:10:00 UTC-3","andrea kimi antonelli","./explore?q=andrea%20kimi%20antonelli&geo=AR"
"marcos ginocchio","5 mil+","22 de agosto de 2026 a las 11:30:00 UTC-3","23 de agosto de 2026 a las 15:50:00 UTC-3","marcos ginocchio","./explore?q=marcos%20ginocchio&geo=AR"
"posiciones de club de gimnasia y esgrima la plata contra gimnasia de mendoza","20 mil+","22 de agosto de 2026 a las 18:10:00 UTC-3","23 de agosto de 2026 a las 0:00:00 UTC-3","posiciones de club de gimnasia y esgrima la plata contra gimnasia de mendoza,gimnasia,agustín módica,gimnasia de mendoza,agustin modica,gimnasia vs,gimnasia hoy,gimnasia y esgrima la plata,gelp,club atlético gimnasia y esgrima,gimnasia vs gimnasia de mendoza,gimnasia de la plata","./explore?q=posiciones%20de%20club%20de%20gimnasia%20y%20esgrima%20la%20plata%20contra%20gimnasia%20de%20mendoza&geo=AR"
"flamengo - cruzeiro","20 mil+","19 de agosto de 2026 a las 20:40:00 UTC-3","20 de agosto de 2026 a las 12:50:00 UTC-3","flamengo - cruzeiro,flamengo vs cruzeiro,flamengo vs,lucas romero,cruzeiro - flamengo,cruzeiro vs flamengo","./explore?q=flamengo%20-%20cruzeiro&geo=AR"
"chelsea vs","2 mil+","24 de agosto de 2026 a las 15:20:00 UTC-3","24 de agosto de 2026 a las 20:50:00 UTC-3","chelsea vs","./explore?q=chelsea%20vs&geo=AR"
"shelley fabares","1 mil+","24 de agosto de 2026 a las 15:40:00 UTC-3","24 de agosto de 2026 a las 23:40:00 UTC-3","shelley fabares","./explore?q=shelley%20fabares&geo=AR"
"manuel adorni","2 mil+","24 de agosto de 2026 a las 17:30:00 UTC-3","24 de agosto de 2026 a las 23:20:00 UTC-3","manuel adorni","./explore?q=manuel%20adorni&geo=AR"
"fatima florez","2 mil+","24 de agosto de 2026 a las 13:50:00 UTC-3","25 de agosto de 2026 a las 16:20:00 UTC-3","fatima florez,norberto marcos","./explore?q=fatima%20florez&geo=AR"
"diego tuñón","5 mil+","19 de agosto de 2026 a las 20:10:00 UTC-3","21 de agosto de 2026 a las 7:40:00 UTC-3","diego tuñón","./explore?q=diego%20tu%C3%B1%C3%B3n&geo=AR"
"yomif kejelcha","5 mil+","23 de agosto de 2026 a las 10:00:00 UTC-3","24 de agosto de 2026 a las 9:40:00 UTC-3","yomif kejelcha,media maraton de buenos aires,maraton de buenos aires,media maraton de buenos aires 2026,resultados media maraton buenos aires 2026,recorrido media maraton buenos aires 2026,21k buenos aires","./explore?q=yomif%20kejelcha&geo=AR"
"cerro - palmeiras","20 mil+","19 de agosto de 2026 a las 18:10:00 UTC-3","20 de agosto de 2026 a las 9:20:00 UTC-3","cerro - palmeiras,cerro porteño,cerro,cerro vs palmeiras,cerro vs. palmeiras,cerro porteño vs palmeiras,palmeiras vs,palmeiras vs. cerro","./explore?q=cerro%20-%20palmeiras&geo=AR"
"riesgo país","2 mil+","24 de agosto de 2026 a las 15:30:00 UTC-3","24 de agosto de 2026 a las 21:50:00 UTC-3","riesgo país","./explore?q=riesgo%20pa%C3%ADs&geo=AR"
"base militar","5 mil+","21 de agosto de 2026 a las 20:40:00 UTC-3","22 de agosto de 2026 a las 21:50:00 UTC-3","base militar","./explore?q=base%20militar&geo=AR"
"plaga","5 mil+","20 de agosto de 2026 a las 13:10:00 UTC-3","21 de agosto de 2026 a las 16:20:00 UTC-3","plaga","./explore?q=plaga&geo=AR"
"palmeiras - vasco da gama","5 mil+","23 de agosto de 2026 a las 15:20:00 UTC-3","23 de agosto de 2026 a las 21:50:00 UTC-3","palmeiras - vasco da gama,palmeiras vs vasco da gama","./explore?q=palmeiras%20-%20vasco%20da%20gama&geo=AR"
"meteorito","2 mil+","22 de agosto de 2026 a las 12:40:00 UTC-3","23 de agosto de 2026 a las 19:30:00 UTC-3","meteorito","./explore?q=meteorito&geo=AR"
"nehuen perez","1 mil+","25 de agosto de 2026 a las 11:30:00 UTC-3","25 de agosto de 2026 a las 15:00:00 UTC-3","nehuen perez,argentinos juniors","./explore?q=nehuen%20perez&geo=AR"
"víctima","1 mil+","24 de agosto de 2026 a las 14:30:00 UTC-3","24 de agosto de 2026 a las 20:40:00 UTC-3","víctima","./explore?q=v%C3%ADctima&geo=AR"
"liniers","2 mil+","24 de agosto de 2026 a las 9:40:00 UTC-3","24 de agosto de 2026 a las 15:00:00 UTC-3","liniers,línea sarmiento","./explore?q=liniers&geo=AR"
"cosquin rock 2027","5 mil+","20 de agosto de 2026 a las 10:30:00 UTC-3","22 de agosto de 2026 a las 14:00:00 UTC-3","cosquin rock 2027,cosquin rock,grilla cosquin rock 2027","./explore?q=cosquin%20rock%202027&geo=AR"
"bono","10 mil+","22 de agosto de 2026 a las 7:30:00 UTC-3","23 de agosto de 2026 a las 10:30:00 UTC-3","bono,pensión","./explore?q=bono&geo=AR"
"supermercado","5 mil+","21 de agosto de 2026 a las 18:00:00 UTC-3","22 de agosto de 2026 a las 22:30:00 UTC-3","supermercado","./explore?q=supermercado&geo=AR"
"charlie garcia","5 mil+","24 de agosto de 2026 a las 21:40:00 UTC-3","24 de agosto de 2026 a las 23:40:00 UTC-3","charlie garcia,charly garcia,mi telefe,charly garcia popstars,nico vazquez,charlie garcía,carlos garcia,popstars","./explore?q=charlie%20garcia&geo=AR"
"luna de miel","5 mil+","18 de agosto de 2026 a las 21:30:00 UTC-3","20 de agosto de 2026 a las 16:50:00 UTC-3","luna de miel","./explore?q=luna%20de%20miel&geo=AR"
"el eco","2 mil+","23 de agosto de 2026 a las 13:20:00 UTC-3","24 de agosto de 2026 a las 0:10:00 UTC-3","el eco","./explore?q=el%20eco&geo=AR"
"pami","10 mil+","20 de agosto de 2026 a las 19:10:00 UTC-3","21 de agosto de 2026 a las 20:30:00 UTC-3","pami","./explore?q=pami&geo=AR"
"telefe","5 mil+","24 de agosto de 2026 a las 21:30:00 UTC-3","25 de agosto de 2026 a las 0:00:00 UTC-3","telefe","./explore?q=telefe&geo=AR"
"12 de octubre","5 mil+","19 de agosto de 2026 a las 17:10:00 UTC-3","20 de agosto de 2026 a las 19:40:00 UTC-3","12 de octubre","./explore?q=12%20de%20octubre&geo=AR"
"santos - mirassol","2 mil+","23 de agosto de 2026 a las 17:40:00 UTC-3","24 de agosto de 2026 a las 1:20:00 UTC-3","santos - mirassol","./explore?q=santos%20-%20mirassol&geo=AR"
"brentford - tottenham","10 mil+","22 de agosto de 2026 a las 12:40:00 UTC-3","22 de agosto de 2026 a las 19:30:00 UTC-3","brentford - tottenham,tottenham,brentford","./explore?q=brentford%20-%20tottenham&geo=AR"
"posiciones de club atlético acassuso contra godoy cruz","10 mil+","21 de agosto de 2026 a las 17:10:00 UTC-3","22 de agosto de 2026 a las 8:30:00 UTC-3","posiciones de club atlético acassuso contra godoy cruz,acassuso - godoy cruz,godoy cruz","./explore?q=posiciones%20de%20club%20atl%C3%A9tico%20acassuso%20contra%20godoy%20cruz&geo=AR"
"manchester city","10 mil+","23 de agosto de 2026 a las 10:00:00 UTC-3","23 de agosto de 2026 a las 14:50:00 UTC-3","manchester city,posiciones de manchester city contra afc bournemouth,man city,manchester city vs. bournemouth,man city vs bournemouth,manchester city football club","./explore?q=manchester%20city&geo=AR"
"lionel messi","20 mil+","22 de agosto de 2026 a las 22:40:00 UTC-3","23 de agosto de 2026 a las 0:50:00 UTC-3","lionel messi","./explore?q=lionel%20messi&geo=AR"
"laliga","5 mil+","23 de agosto de 2026 a las 12:30:00 UTC-3","23 de agosto de 2026 a las 19:40:00 UTC-3","laliga,málaga - deportivo,malaga cf","./explore?q=laliga&geo=AR"
"bbc news mundo","5 mil+","20 de agosto de 2026 a las 7:40:00 UTC-3","22 de agosto de 2026 a las 10:40:00 UTC-3","bbc news mundo","./explore?q=bbc%20news%20mundo&geo=AR"
"obra social","5 mil+","20 de agosto de 2026 a las 13:00:00 UTC-3","21 de agosto de 2026 a las 14:20:00 UTC-3","obra social,medicina prepaga","./explore?q=obra%20social&geo=AR"
"pierre gasly","2 mil+","24 de agosto de 2026 a las 12:20:00 UTC-3","24 de agosto de 2026 a las 16:40:00 UTC-3","pierre gasly","./explore?q=pierre%20gasly&geo=AR"
"longevidad","5 mil+","20 de agosto de 2026 a las 17:50:00 UTC-3","22 de agosto de 2026 a las 19:10:00 UTC-3","longevidad","./explore?q=longevidad&geo=AR"
"ola de calor","500+","25 de agosto de 2026 a las 1:00:00 UTC-3","25 de agosto de 2026 a las 16:10:00 UTC-3","ola de calor","./explore?q=ola%20de%20calor&geo=AR"
"l-gante","2 mil+","23 de agosto de 2026 a las 9:40:00 UTC-3","24 de agosto de 2026 a las 1:10:00 UTC-3","l-gante","./explore?q=l-gante&geo=AR"
"temperley - midland","5 mil+","23 de agosto de 2026 a las 15:40:00 UTC-3","23 de agosto de 2026 a las 19:20:00 UTC-3","temperley - midland,posiciones de temperley contra midland","./explore?q=temperley%20-%20midland&geo=AR"
"chapo guzman","2 mil+","21 de agosto de 2026 a las 23:20:00 UTC-3","24 de agosto de 2026 a las 2:30:00 UTC-3","chapo guzman,la captura netflix,captura el chapo guzmán","./explore?q=chapo%20guzman&geo=AR"
"roma vs","1 mil+","24 de agosto de 2026 a las 15:40:00 UTC-3","24 de agosto de 2026 a las 20:50:00 UTC-3","roma vs","./explore?q=roma%20vs&geo=AR"
"benjamín vicuña","5 mil+","20 de agosto de 2026 a las 23:40:00 UTC-3","22 de agosto de 2026 a las 17:40:00 UTC-3","benjamín vicuña","./explore?q=benjam%C3%ADn%20vicu%C3%B1a&geo=AR"
"atlético güemes - atlético rafaela","2 mil+","24 de agosto de 2026 a las 15:40:00 UTC-3","24 de agosto de 2026 a las 19:10:00 UTC-3","atlético güemes - atlético rafaela","./explore?q=atl%C3%A9tico%20g%C3%BCemes%20-%20atl%C3%A9tico%20rafaela&geo=AR"
"pucho ponce","5 mil+","19 de agosto de 2026 a las 6:00:00 UTC-3","20 de agosto de 2026 a las 17:00:00 UTC-3","pucho ponce,los tekis,pucho los tekis","./explore?q=pucho%20ponce&geo=AR"
"denuncia","2 mil+","21 de agosto de 2026 a las 22:40:00 UTC-3","22 de agosto de 2026 a las 21:30:00 UTC-3","denuncia","./explore?q=denuncia&geo=AR"
"macará - santos","10 mil+","20 de agosto de 2026 a las 18:10:00 UTC-3","21 de agosto de 2026 a las 10:00:00 UTC-3","macará - santos,macara,santos vs","./explore?q=macar%C3%A1%20-%20santos&geo=AR"
"frosinone - juventus","2 mil+","23 de agosto de 2026 a las 12:40:00 UTC-3","23 de agosto de 2026 a las 18:40:00 UTC-3","frosinone - juventus","./explore?q=frosinone%20-%20juventus&geo=AR"
"charlize theron","1 mil+","24 de agosto de 2026 a las 13:40:00 UTC-3","24 de agosto de 2026 a las 19:20:00 UTC-3","charlize theron","./explore?q=charlize%20theron&geo=AR"
"importación","5 mil+","21 de agosto de 2026 a las 12:20:00 UTC-3","22 de agosto de 2026 a las 1:20:00 UTC-3","importación","./explore?q=importaci%C3%B3n&geo=AR"
"agustín canapino","1 mil+","24 de agosto de 2026 a las 16:00:00 UTC-3","24 de agosto de 2026 a las 22:50:00 UTC-3","agustín canapino","./explore?q=agust%C3%ADn%20canapino&geo=AR"
"posiciones de atlético tucumán contra instituto atlético central córdoba","10 mil+","22 de agosto de 2026 a las 18:10:00 UTC-3","22 de agosto de 2026 a las 23:00:00 UTC-3","posiciones de atlético tucumán contra instituto atlético central córdoba,atletico tucuman,instituto,atlético tucumán vs. instituto,instituto hoy,atlético tucumán,instituto vs","./explore?q=posiciones%20de%20atl%C3%A9tico%20tucum%C3%A1n%20contra%20instituto%20atl%C3%A9tico%20central%20c%C3%B3rdoba&geo=AR"
"mariano torre","2 mil+","21 de agosto de 2026 a las 17:50:00 UTC-3","22 de agosto de 2026 a las 11:20:00 UTC-3","mariano torre","./explore?q=mariano%20torre&geo=AR"
"san martín - gimnasia y tiro de salta","5 mil+","22 de agosto de 2026 a las 15:10:00 UTC-3","22 de agosto de 2026 a las 19:30:00 UTC-3","san martín - gimnasia y tiro de salta,posiciones de san martin de san juan contra gimnasia y tiro de salta,san martin de san juan","./explore?q=san%20mart%C3%ADn%20-%20gimnasia%20y%20tiro%20de%20salta&geo=AR"
"tarjeta roja","5 mil+","23 de agosto de 2026 a las 10:10:00 UTC-3","23 de agosto de 2026 a las 22:50:00 UTC-3","tarjeta roja","./explore?q=tarjeta%20roja&geo=AR"
"autopista","1 mil+","24 de agosto de 2026 a las 9:50:00 UTC-3","24 de agosto de 2026 a las 19:00:00 UTC-3","autopista","./explore?q=autopista&geo=AR"
"granizo","5 mil+","20 de agosto de 2026 a las 12:50:00 UTC-3","21 de agosto de 2026 a las 1:00:00 UTC-3","granizo","./explore?q=granizo&geo=AR"
"desdolarización","1 mil+","24 de agosto de 2026 a las 1:30:00 UTC-3","24 de agosto de 2026 a las 11:00:00 UTC-3","desdolarización","./explore?q=desdolarizaci%C3%B3n&geo=AR"
"neuquén","2 mil+","20 de agosto de 2026 a las 21:10:00 UTC-3","22 de agosto de 2026 a las 11:20:00 UTC-3","neuquén","./explore?q=neuqu%C3%A9n&geo=AR"
"bruce willis","1 mil+","24 de agosto de 2026 a las 19:00:00 UTC-3","25 de agosto de 2026 a las 15:00:00 UTC-3","bruce willis","./explore?q=bruce%20willis&geo=AR"
"faustino oro","500+","25 de agosto de 2026 a las 9:30:00 UTC-3","25 de agosto de 2026 a las 16:10:00 UTC-3","faustino oro,magnus carlsen","./explore?q=faustino%20oro&geo=AR"
"san telmo - deportivo morón","10 mil+","21 de agosto de 2026 a las 15:00:00 UTC-3","21 de agosto de 2026 a las 20:40:00 UTC-3","san telmo - deportivo morón,posiciones de club atlético san telmo contra deportivo morón,deportivo moron","./explore?q=san%20telmo%20-%20deportivo%20mor%C3%B3n&geo=AR"
"chaco for ever - los andes","5 mil+","22 de agosto de 2026 a las 15:40:00 UTC-3","22 de agosto de 2026 a las 19:40:00 UTC-3","chaco for ever - los andes,posiciones de chaco for ever contra club atlético los andes,chaco for ever","./explore?q=chaco%20for%20ever%20-%20los%20andes&geo=AR"
"posiciones de club atlético güemes contra atlético rafaela","2 mil+","24 de agosto de 2026 a las 18:10:00 UTC-3","24 de agosto de 2026 a las 21:10:00 UTC-3","posiciones de club atlético güemes contra atlético rafaela,almagro - colegiales,almagro","./explore?q=posiciones%20de%20club%20atl%C3%A9tico%20g%C3%BCemes%20contra%20atl%C3%A9tico%20rafaela&geo=AR"
"harald v de noruega","1 mil+","25 de agosto de 2026 a las 13:40:00 UTC-3","25 de agosto de 2026 a las 15:40:00 UTC-3","harald v de noruega","./explore?q=harald%20v%20de%20noruega&geo=AR"
"cadena de supermercados","10 mil+","19 de agosto de 2026 a las 11:50:00 UTC-3","19 de agosto de 2026 a las 23:30:00 UTC-3","cadena de supermercados","./explore?q=cadena%20de%20supermercados&geo=AR"
"ubisoft","2 mil+","23 de agosto de 2026 a las 10:30:00 UTC-3","23 de agosto de 2026 a las 21:00:00 UTC-3","ubisoft","./explore?q=ubisoft&geo=AR"
"banco de santa fe","500+","24 de agosto de 2026 a las 18:30:00 UTC-3","25 de agosto de 2026 a las 12:20:00 UTC-3","banco de santa fe","./explore?q=banco%20de%20santa%20fe&geo=AR"
"lucas trejo","2 mil+","20 de agosto de 2026 a las 18:40:00 UTC-3","21 de agosto de 2026 a las 14:20:00 UTC-3","lucas trejo","./explore?q=lucas%20trejo&geo=AR"
"luna de avellaneda","2 mil+","22 de agosto de 2026 a las 11:40:00 UTC-3","23 de agosto de 2026 a las 9:30:00 UTC-3","luna de avellaneda","./explore?q=luna%20de%20avellaneda&geo=AR"
"cirujano","2 mil+","22 de agosto de 2026 a las 19:20:00 UTC-3","23 de agosto de 2026 a las 16:30:00 UTC-3","cirujano,cirujano cardiovascular desaparecido","./explore?q=cirujano&geo=AR"
"botafogo","5 mil+","20 de agosto de 2026 a las 21:30:00 UTC-3","21 de agosto de 2026 a las 8:30:00 UTC-3","botafogo","./explore?q=botafogo&geo=AR"
"torino - milan","2 mil+","23 de agosto de 2026 a las 15:00:00 UTC-3","23 de agosto de 2026 a las 20:10:00 UTC-3","torino - milan,posiciones de torino fc contra ac milan","./explore?q=torino%20-%20milan&geo=AR"
"andes","2 mil+","19 de agosto de 2026 a las 17:10:00 UTC-3","21 de agosto de 2026 a las 0:20:00 UTC-3","andes","./explore?q=andes&geo=AR"
"fede bal","2 mil+","21 de agosto de 2026 a las 0:10:00 UTC-3","21 de agosto de 2026 a las 17:50:00 UTC-3","fede bal","./explore?q=fede%20bal&geo=AR"
"facundo arana","5 mil+","22 de agosto de 2026 a las 21:40:00 UTC-3","23 de agosto de 2026 a las 3:50:00 UTC-3","facundo arana,maría susini,maria susini","./explore?q=facundo%20arana&geo=AR"
"nacional - sportivo luqueño","1 mil+","24 de agosto de 2026 a las 15:30:00 UTC-3","24 de agosto de 2026 a las 19:00:00 UTC-3","nacional - sportivo luqueño,primera división de paraguay","./explore?q=nacional%20-%20sportivo%20luque%C3%B1o&geo=AR"
"como va boca","5 mil+","23 de agosto de 2026 a las 21:50:00 UTC-3","24 de agosto de 2026 a las 0:20:00 UTC-3","como va boca,cómo va boca,miguel merentiel,merentiel","./explore?q=como%20va%20boca&geo=AR"
"twitch","5 mil+","23 de agosto de 2026 a las 19:30:00 UTC-3","23 de agosto de 2026 a las 22:10:00 UTC-3","twitch","./explore?q=twitch&geo=AR"
"precipitación","2 mil+","23 de agosto de 2026 a las 16:10:00 UTC-3","24 de agosto de 2026 a las 5:50:00 UTC-3","precipitación","./explore?q=precipitaci%C3%B3n&geo=AR"
"caleta tortel","2 mil+","20 de agosto de 2026 a las 16:00:00 UTC-3","21 de agosto de 2026 a las 19:30:00 UTC-3","caleta tortel","./explore?q=caleta%20tortel&geo=AR"
"sebastián ortega","2 mil+","20 de agosto de 2026 a las 20:40:00 UTC-3","21 de agosto de 2026 a las 23:30:00 UTC-3","sebastián ortega","./explore?q=sebasti%C3%A1n%20ortega&geo=AR"
"fulham vs chelsea","1 mil+","24 de agosto de 2026 a las 16:00:00 UTC-3","24 de agosto de 2026 a las 19:00:00 UTC-3","fulham vs chelsea,chelsea vs fulham,fulham,fulham vs. chelsea","./explore?q=fulham%20vs%20chelsea&geo=AR"
"dolores teuly","200+","25 de agosto de 2026 a las 8:30:00 UTC-3","25 de agosto de 2026 a las 14:10:00 UTC-3","dolores teuly","./explore?q=dolores%20teuly&geo=AR"
"camión cisterna","1 mil+","24 de agosto de 2026 a las 13:20:00 UTC-3","24 de agosto de 2026 a las 18:00:00 UTC-3","camión cisterna","./explore?q=cami%C3%B3n%20cisterna&geo=AR"
"sofia clerici","2 mil+","23 de agosto de 2026 a las 9:50:00 UTC-3","23 de agosto de 2026 a las 18:00:00 UTC-3","sofia clerici","./explore?q=sofia%20clerici&geo=AR"
"paula chaves","1 mil+","24 de agosto de 2026 a las 7:40:00 UTC-3","24 de agosto de 2026 a las 14:50:00 UTC-3","paula chaves","./explore?q=paula%20chaves&geo=AR"
"perro","2 mil+","23 de agosto de 2026 a las 16:00:00 UTC-3","23 de agosto de 2026 a las 21:00:00 UTC-3","perro","./explore?q=perro&geo=AR"
"miguel borja","5 mil+","19 de agosto de 2026 a las 13:40:00 UTC-3","20 de agosto de 2026 a las 6:50:00 UTC-3","miguel borja","./explore?q=miguel%20borja&geo=AR"
"patronato - gimnasia jujuy","5 mil+","22 de agosto de 2026 a las 15:10:00 UTC-3","22 de agosto de 2026 a las 19:50:00 UTC-3","patronato - gimnasia jujuy,gimnasia de jujuy","./explore?q=patronato%20-%20gimnasia%20jujuy&geo=AR"
"muerte encefálica","5 mil+","19 de agosto de 2026 a las 13:00:00 UTC-3","20 de agosto de 2026 a las 22:10:00 UTC-3","muerte encefálica,jujuy accidente","./explore?q=muerte%20encef%C3%A1lica&geo=AR"
"marisa mondino","100+","25 de agosto de 2026 a las 18:10:00 UTC-3","25 de agosto de 2026 a las 18:40:00 UTC-3","marisa mondino","./explore?q=marisa%20mondino&geo=AR"
"sergio romero","1 mil+","23 de agosto de 2026 a las 13:40:00 UTC-3","23 de agosto de 2026 a las 23:20:00 UTC-3","sergio romero,dt de racing","./explore?q=sergio%20romero&geo=AR"
"consejo de la magistratura","500+","24 de agosto de 2026 a las 17:00:00 UTC-3","24 de agosto de 2026 a las 21:50:00 UTC-3","consejo de la magistratura","./explore?q=consejo%20de%20la%20magistratura&geo=AR"
"bautista vicuña","2 mil+","22 de agosto de 2026 a las 15:40:00 UTC-3","23 de agosto de 2026 a las 0:40:00 UTC-3","bautista vicuña","./explore?q=bautista%20vicu%C3%B1a&geo=AR"
"tribunal de justicia","2 mil+","19 de agosto de 2026 a las 20:10:00 UTC-3","20 de agosto de 2026 a las 23:40:00 UTC-3","tribunal de justicia","./explore?q=tribunal%20de%20justicia&geo=AR"
"jorge asís","2 mil+","20 de agosto de 2026 a las 20:00:00 UTC-3","21 de agosto de 2026 a las 21:20:00 UTC-3","jorge asís","./explore?q=jorge%20as%C3%ADs&geo=AR"
"jetsmart argentina","1 mil+","24 de agosto de 2026 a las 8:10:00 UTC-3","24 de agosto de 2026 a las 22:10:00 UTC-3","jetsmart argentina","./explore?q=jetsmart%20argentina&geo=AR"
"abuelo","2 mil+","21 de agosto de 2026 a las 19:20:00 UTC-3","22 de agosto de 2026 a las 12:10:00 UTC-3","abuelo,autopsia","./explore?q=abuelo&geo=AR"
"al riyadh - al-nassr","5 mil+","21 de agosto de 2026 a las 12:30:00 UTC-3","21 de agosto de 2026 a las 19:10:00 UTC-3","al riyadh - al-nassr,al nassr","./explore?q=al%20riyadh%20-%20al-nassr&geo=AR"
"deportivo maipú - quilmes","2 mil+","23 de agosto de 2026 a las 15:10:00 UTC-3","23 de agosto de 2026 a las 18:50:00 UTC-3","deportivo maipú - quilmes","./explore?q=deportivo%20maip%C3%BA%20-%20quilmes&geo=AR"
"mauro icardi","2 mil+","23 de agosto de 2026 a las 9:30:00 UTC-3","23 de agosto de 2026 a las 16:30:00 UTC-3","mauro icardi","./explore?q=mauro%20icardi&geo=AR"
"liga española","2 mil+","23 de agosto de 2026 a las 12:00:00 UTC-3","23 de agosto de 2026 a las 19:00:00 UTC-3","liga española","./explore?q=liga%20espa%C3%B1ola&geo=AR"
"asociación ilícita","2 mil+","21 de agosto de 2026 a las 17:30:00 UTC-3","22 de agosto de 2026 a las 12:20:00 UTC-3","asociación ilícita","./explore?q=asociaci%C3%B3n%20il%C3%ADcita&geo=AR"
"ine","5 mil+","20 de agosto de 2026 a las 8:00:00 UTC-3","20 de agosto de 2026 a las 21:00:00 UTC-3","ine","./explore?q=ine&geo=AR"
"gonzalo gelini","200+","25 de agosto de 2026 a las 9:20:00 UTC-3","25 de agosto de 2026 a las 11:30:00 UTC-3","gonzalo gelini","./explore?q=gonzalo%20gelini&geo=AR"
"lamine yamal","2 mil+","23 de agosto de 2026 a las 18:20:00 UTC-3","24 de agosto de 2026 a las 2:40:00 UTC-3","lamine yamal","./explore?q=lamine%20yamal&geo=AR"
"posiciones de barracas central contra platense","2 mil+","23 de agosto de 2026 a las 16:50:00 UTC-3","23 de agosto de 2026 a las 20:10:00 UTC-3","posiciones de barracas central contra platense,barracas central,barracas central vs. platense,barracas central vs platense","./explore?q=posiciones%20de%20barracas%20central%20contra%20platense&geo=AR"
"mariners - phillies","500+","24 de agosto de 2026 a las 22:30:00 UTC-3","25 de agosto de 2026 a las 2:20:00 UTC-3","mariners - phillies","./explore?q=mariners%20-%20phillies&geo=AR"
"plottier","1 mil+","22 de agosto de 2026 a las 20:50:00 UTC-3","23 de agosto de 2026 a las 16:50:00 UTC-3","plottier","./explore?q=plottier&geo=AR"
"bitcoin","2 mil+","19 de agosto de 2026 a las 12:30:00 UTC-3","21 de agosto de 2026 a las 23:30:00 UTC-3","bitcoin,btc usd,bull market","./explore?q=bitcoin&geo=AR"
"la liga","2 mil+","22 de agosto de 2026 a las 10:10:00 UTC-3","22 de agosto de 2026 a las 20:00:00 UTC-3","la liga,villarreal,atletico de madrid vs,madrid vs","./explore?q=la%20liga&geo=AR"
"marcelo tinelli","2 mil+","23 de agosto de 2026 a las 8:30:00 UTC-3","23 de agosto de 2026 a las 15:00:00 UTC-3","marcelo tinelli","./explore?q=marcelo%20tinelli&geo=AR"
"jonathan gomez","2 mil+","20 de agosto de 2026 a las 13:00:00 UTC-3","21 de agosto de 2026 a las 11:00:00 UTC-3","jonathan gomez,jonatan gomez","./explore?q=jonathan%20gomez&geo=AR"
"cami homs","2 mil+","23 de agosto de 2026 a las 18:20:00 UTC-3","23 de agosto de 2026 a las 22:30:00 UTC-3","cami homs","./explore?q=cami%20homs&geo=AR"
"dia del lector","500+","24 de agosto de 2026 a las 11:00:00 UTC-3","25 de agosto de 2026 a las 0:30:00 UTC-3","dia del lector","./explore?q=dia%20del%20lector&geo=AR"
"albertina mangini","2 mil+","19 de agosto de 2026 a las 13:00:00 UTC-3","20 de agosto de 2026 a las 16:20:00 UTC-3","albertina mangini","./explore?q=albertina%20mangini&geo=AR"
"extranjero","1 mil+","24 de agosto de 2026 a las 8:00:00 UTC-3","24 de agosto de 2026 a las 11:30:00 UTC-3","extranjero","./explore?q=extranjero&geo=AR"
"ldu quito - mirassol","5 mil+","20 de agosto de 2026 a las 18:10:00 UTC-3","21 de agosto de 2026 a las 7:50:00 UTC-3","ldu quito - mirassol","./explore?q=ldu%20quito%20-%20mirassol&geo=AR"
"flamengo","5 mil+","19 de agosto de 2026 a las 21:20:00 UTC-3","20 de agosto de 2026 a las 8:20:00 UTC-3","flamengo,cruzeiro","./explore?q=flamengo&geo=AR"
"corinthians","5 mil+","20 de agosto de 2026 a las 21:20:00 UTC-3","21 de agosto de 2026 a las 8:10:00 UTC-3","corinthians,raniele","./explore?q=corinthians&geo=AR"
"yayo guridi","5 mil+","20 de agosto de 2026 a las 20:30:00 UTC-3","21 de agosto de 2026 a las 10:20:00 UTC-3","yayo guridi,yayo","./explore?q=yayo%20guridi&geo=AR"
"disney plus","5 mil+","23 de agosto de 2026 a las 9:30:00 UTC-3","23 de agosto de 2026 a las 12:10:00 UTC-3","disney plus","./explore?q=disney%20plus&geo=AR"
"juventus","1 mil+","23 de agosto de 2026 a las 12:40:00 UTC-3","23 de agosto de 2026 a las 18:20:00 UTC-3","juventus","./explore?q=juventus&geo=AR"
"u. de chile - colo-colo","2 mil+","23 de agosto de 2026 a las 15:20:00 UTC-3","23 de agosto de 2026 a las 19:10:00 UTC-3","u. de chile - colo-colo,colo colo,posiciones de u. de chile contra colo-colo","./explore?q=u.%20de%20chile%20-%20colo-colo&geo=AR"
"fluminense - remo","2 mil+","22 de agosto de 2026 a las 15:30:00 UTC-3","22 de agosto de 2026 a las 21:10:00 UTC-3","fluminense - remo","./explore?q=fluminense%20-%20remo&geo=AR"
"nueva chicago - atlanta","5 mil+","22 de agosto de 2026 a las 15:10:00 UTC-3","22 de agosto de 2026 a las 19:20:00 UTC-3","nueva chicago - atlanta,nueva chicago","./explore?q=nueva%20chicago%20-%20atlanta&geo=AR"
"tasa","2 mil+","19 de agosto de 2026 a las 18:40:00 UTC-3","20 de agosto de 2026 a las 19:00:00 UTC-3","tasa","./explore?q=tasa&geo=AR"
"gran hermano","500+","25 de agosto de 2026 a las 13:20:00 UTC-3","25 de agosto de 2026 a las 14:10:00 UTC-3","gran hermano,gh","./explore?q=gran%20hermano&geo=AR"
"georgina barbarossa","1 mil+","23 de agosto de 2026 a las 18:30:00 UTC-3","24 de agosto de 2026 a las 1:20:00 UTC-3","georgina barbarossa","./explore?q=georgina%20barbarossa&geo=AR"
"estudiantes","20 mil+","18 de agosto de 2026 a las 22:10:00 UTC-3","19 de agosto de 2026 a las 0:40:00 UTC-3","estudiantes,estudiantes vs u católica,estudiantes vs,estudiantes de la plata,tucu correa,guido carrillo,joaquin correa,joaquín correa,estudiantes hoy,u. católica vs. estudiantes,zampedri,u catolica","./explore?q=estudiantes&geo=AR"
"nicolás varrone","5 mil+","19 de agosto de 2026 a las 9:20:00 UTC-3","19 de agosto de 2026 a las 23:10:00 UTC-3","nicolás varrone","./explore?q=nicol%C3%A1s%20varrone&geo=AR"
"cuenta dni","2 mil+","22 de agosto de 2026 a las 9:30:00 UTC-3","22 de agosto de 2026 a las 15:10:00 UTC-3","cuenta dni","./explore?q=cuenta%20dni&geo=AR"
"huelga","1 mil+","23 de agosto de 2026 a las 16:50:00 UTC-3","23 de agosto de 2026 a las 21:40:00 UTC-3","huelga","./explore?q=huelga&geo=AR"
"racing","20 mil+","19 de agosto de 2026 a las 19:20:00 UTC-3","19 de agosto de 2026 a las 22:20:00 UTC-3","racing,racing club","./explore?q=racing&geo=AR"
"punta mogotes","2 mil+","19 de agosto de 2026 a las 16:40:00 UTC-3","20 de agosto de 2026 a las 19:30:00 UTC-3","punta mogotes","./explore?q=punta%20mogotes&geo=AR"
"harry potter","1 mil+","24 de agosto de 2026 a las 20:10:00 UTC-3","25 de agosto de 2026 a las 6:50:00 UTC-3","harry potter,gilderoy lockhart,nicholas hoult","./explore?q=harry%20potter&geo=AR"
"la voz del interior","2 mil+","22 de agosto de 2026 a las 8:20:00 UTC-3","22 de agosto de 2026 a las 19:00:00 UTC-3","la voz del interior","./explore?q=la%20voz%20del%20interior&geo=AR"
"iphone 18 pro max","2 mil+","21 de agosto de 2026 a las 13:50:00 UTC-3","22 de agosto de 2026 a las 3:20:00 UTC-3","iphone 18 pro max","./explore?q=iphone%2018%20pro%20max&geo=AR"
"lomónaco","2 mil+","20 de agosto de 2026 a las 14:30:00 UTC-3","21 de agosto de 2026 a las 0:20:00 UTC-3","lomónaco,kevin lomónaco","./explore?q=lom%C3%B3naco&geo=AR"
"athletic - sevilla","2 mil+","22 de agosto de 2026 a las 11:10:00 UTC-3","22 de agosto de 2026 a las 16:20:00 UTC-3","athletic - sevilla,sevilla fc","./explore?q=athletic%20-%20sevilla&geo=AR"
"estudiante","1 mil+","22 de agosto de 2026 a las 10:50:00 UTC-3","22 de agosto de 2026 a las 21:00:00 UTC-3","estudiante","./explore?q=estudiante&geo=AR"
"o'higgins - palestino","1 mil+","23 de agosto de 2026 a las 19:20:00 UTC-3","23 de agosto de 2026 a las 23:00:00 UTC-3","o'higgins - palestino","./explore?q=o%27higgins%20-%20palestino&geo=AR"
"atlético mineiro - bragantino","5 mil+","19 de agosto de 2026 a las 18:10:00 UTC-3","20 de agosto de 2026 a las 1:50:00 UTC-3","atlético mineiro - bragantino","./explore?q=atl%C3%A9tico%20mineiro%20-%20bragantino&geo=AR"
"the leftovers","1 mil+","22 de agosto de 2026 a las 20:30:00 UTC-3","23 de agosto de 2026 a las 16:10:00 UTC-3","the leftovers","./explore?q=the%20leftovers&geo=AR"
"real betis - real sociedad","5 mil+","21 de agosto de 2026 a las 15:20:00 UTC-3","21 de agosto de 2026 a las 21:40:00 UTC-3","real betis - real sociedad,betis,real betis,posiciones de betis contra real sociedad,betis vs,real sociedad","./explore?q=real%20betis%20-%20real%20sociedad&geo=AR"
"claudia ciardone","200+","25 de agosto de 2026 a las 9:20:00 UTC-3","25 de agosto de 2026 a las 11:00:00 UTC-3","claudia ciardone","./explore?q=claudia%20ciardone&geo=AR"
"ahorro","1 mil+","23 de agosto de 2026 a las 18:40:00 UTC-3","24 de agosto de 2026 a las 1:20:00 UTC-3","ahorro","./explore?q=ahorro&geo=AR"
"pago","5 mil+","20 de agosto de 2026 a las 12:50:00 UTC-3","20 de agosto de 2026 a las 21:20:00 UTC-3","pago,prestamos","./explore?q=pago&geo=AR"
"twitch martin cirio","2 mil+","23 de agosto de 2026 a las 19:40:00 UTC-3","23 de agosto de 2026 a las 22:20:00 UTC-3","twitch martin cirio,martin cirio twitch","./explore?q=twitch%20martin%20cirio&geo=AR"
"santa fe - américa","2 mil+","22 de agosto de 2026 a las 19:30:00 UTC-3","23 de agosto de 2026 a las 1:20:00 UTC-3","santa fe - américa,posiciones de independiente santa fe contra américa de cali","./explore?q=santa%20fe%20-%20am%C3%A9rica&geo=AR"
"lautaro martínez","1 mil+","22 de agosto de 2026 a las 15:20:00 UTC-3","23 de agosto de 2026 a las 2:50:00 UTC-3","lautaro martínez","./explore?q=lautaro%20mart%C3%ADnez&geo=AR"
"comercio","2 mil+","20 de agosto de 2026 a las 11:00:00 UTC-3","21 de agosto de 2026 a las 13:20:00 UTC-3","comercio,javier milei,rosario","./explore?q=comercio&geo=AR"
"atletico madrid","5 mil+","19 de agosto de 2026 a las 15:20:00 UTC-3","19 de agosto de 2026 a las 22:40:00 UTC-3","atletico madrid,atletico de madrid,atletico","./explore?q=atletico%20madrid&geo=AR"
"decreto","2 mil+","21 de agosto de 2026 a las 6:30:00 UTC-3","21 de agosto de 2026 a las 13:40:00 UTC-3","decreto","./explore?q=decreto&geo=AR"
"disney plus","2 mil+","22 de agosto de 2026 a las 6:40:00 UTC-3","22 de agosto de 2026 a las 12:30:00 UTC-3","disney plus","./explore?q=disney%20plus&geo=AR"
"posiciones de stade rennais fc contra psg","2 mil+","23 de agosto de 2026 a las 17:50:00 UTC-3","23 de agosto de 2026 a las 19:40:00 UTC-3","posiciones de stade rennais fc contra psg,rennes vs. psg,psg vs rennes","./explore?q=posiciones%20de%20stade%20rennais%20fc%20contra%20psg&geo=AR"
"max verstappen","1 mil+","23 de agosto de 2026 a las 10:10:00 UTC-3","23 de agosto de 2026 a las 16:00:00 UTC-3","max verstappen,verstappen","./explore?q=max%20verstappen&geo=AR"
"estación de ferrocarril","2 mil+","19 de agosto de 2026 a las 20:10:00 UTC-3","20 de agosto de 2026 a las 17:10:00 UTC-3","estación de ferrocarril","./explore?q=estaci%C3%B3n%20de%20ferrocarril&geo=AR"
"noticia","1 mil+","23 de agosto de 2026 a las 7:30:00 UTC-3","23 de agosto de 2026 a las 12:50:00 UTC-3","noticia","./explore?q=noticia&geo=AR"
"disney","2 mil+","23 de agosto de 2026 a las 9:30:00 UTC-3","23 de agosto de 2026 a las 12:00:00 UTC-3","disney","./explore?q=disney&geo=AR"
"chacarita - atlético güemes","5 mil+","19 de agosto de 2026 a las 14:30:00 UTC-3","19 de agosto de 2026 a las 19:30:00 UTC-3","chacarita - atlético güemes,posiciones de chacarita contra atlético güemes,chacarita","./explore?q=chacarita%20-%20atl%C3%A9tico%20g%C3%BCemes&geo=AR"
"fastback","2 mil+","22 de agosto de 2026 a las 12:40:00 UTC-3","22 de agosto de 2026 a las 19:50:00 UTC-3","fastback,fiat pulse","./explore?q=fastback&geo=AR"
"osasuna","1 mil+","24 de agosto de 2026 a las 15:10:00 UTC-3","24 de agosto de 2026 a las 17:30:00 UTC-3","osasuna,osasuna - levante","./explore?q=osasuna&geo=AR"
"horario f1","1 mil+","22 de agosto de 2026 a las 6:40:00 UTC-3","23 de agosto de 2026 a las 11:00:00 UTC-3","horario f1,f1 horario,horario carrera f1","./explore?q=horario%20f1&geo=AR"
"masters de cincinnati","2 mil+","20 de agosto de 2026 a las 19:50:00 UTC-3","21 de agosto de 2026 a las 21:30:00 UTC-3","masters de cincinnati","./explore?q=masters%20de%20cincinnati&geo=AR"
"chofer","2 mil+","21 de agosto de 2026 a las 6:10:00 UTC-3","21 de agosto de 2026 a las 15:30:00 UTC-3","chofer,comisario","./explore?q=chofer&geo=AR"
"fc barcelona","1 mil+","23 de agosto de 2026 a las 14:00:00 UTC-3","23 de agosto de 2026 a las 19:40:00 UTC-3","fc barcelona","./explore?q=fc%20barcelona&geo=AR"
"real madrid vs","2 mil+","22 de agosto de 2026 a las 16:30:00 UTC-3","22 de agosto de 2026 a las 20:30:00 UTC-3","real madrid vs","./explore?q=real%20madrid%20vs&geo=AR"
"deportivo maldonado - peñarol","2 mil+","22 de agosto de 2026 a las 17:50:00 UTC-3","22 de agosto de 2026 a las 23:10:00 UTC-3","deportivo maldonado - peñarol,peñarol","./explore?q=deportivo%20maldonado%20-%20pe%C3%B1arol&geo=AR"
"ryan hurst","2 mil+","20 de agosto de 2026 a las 21:20:00 UTC-3","21 de agosto de 2026 a las 12:50:00 UTC-3","ryan hurst","./explore?q=ryan%20hurst&geo=AR"
"ligue 1","500+","23 de agosto de 2026 a las 16:00:00 UTC-3","24 de agosto de 2026 a las 6:20:00 UTC-3","ligue 1","./explore?q=ligue%201&geo=AR"
"cotización dólar blue","2 mil+","22 de agosto de 2026 a las 0:40:00 UTC-3","22 de agosto de 2026 a las 18:40:00 UTC-3","cotización dólar blue,cotización dólar blue hoy,20 de agosto,cotizacion dolar blue hoy,cuanto esta el dolar hoy,dólar hoy","./explore?q=cotizaci%C3%B3n%20d%C3%B3lar%20blue&geo=AR"
"nacional - progreso","1 mil+","23 de agosto de 2026 a las 18:00:00 UTC-3","23 de agosto de 2026 a las 21:40:00 UTC-3","nacional - progreso","./explore?q=nacional%20-%20progreso&geo=AR"
"militar","500+","23 de agosto de 2026 a las 16:10:00 UTC-3","24 de agosto de 2026 a las 9:30:00 UTC-3","militar","./explore?q=militar&geo=AR"
"que pasa salta","500+","24 de agosto de 2026 a las 7:40:00 UTC-3","25 de agosto de 2026 a las 14:50:00 UTC-3","que pasa salta","./explore?q=que%20pasa%20salta&geo=AR"
"lácteo","1 mil+","22 de agosto de 2026 a las 14:00:00 UTC-3","22 de agosto de 2026 a las 22:40:00 UTC-3","lácteo","./explore?q=l%C3%A1cteo&geo=AR"
"chapecoense - são paulo","1 mil+","23 de agosto de 2026 a las 18:10:00 UTC-3","24 de agosto de 2026 a las 10:10:00 UTC-3","chapecoense - são paulo","./explore?q=chapecoense%20-%20s%C3%A3o%20paulo&geo=AR"
"platense vs coquimbo unido","2 mil+","19 de agosto de 2026 a las 18:40:00 UTC-3","20 de agosto de 2026 a las 8:30:00 UTC-3","platense vs coquimbo unido","./explore?q=platense%20vs%20coquimbo%20unido&geo=AR"
"la matanza","1 mil+","22 de agosto de 2026 a las 16:10:00 UTC-3","22 de agosto de 2026 a las 22:50:00 UTC-3","la matanza","./explore?q=la%20matanza&geo=AR"
"el polaco","2 mil+","21 de agosto de 2026 a las 14:00:00 UTC-3","21 de agosto de 2026 a las 19:50:00 UTC-3","el polaco","./explore?q=el%20polaco&geo=AR"
"internacional - atlético mineiro","1 mil+","22 de agosto de 2026 a las 17:40:00 UTC-3","22 de agosto de 2026 a las 22:50:00 UTC-3","internacional - atlético mineiro","./explore?q=internacional%20-%20atl%C3%A9tico%20mineiro&geo=AR"
"privatización","1 mil+","22 de agosto de 2026 a las 8:40:00 UTC-3","22 de agosto de 2026 a las 18:40:00 UTC-3","privatización","./explore?q=privatizaci%C3%B3n&geo=AR"
"city","1 mil+","23 de agosto de 2026 a las 10:10:00 UTC-3","23 de agosto de 2026 a las 14:40:00 UTC-3","city","./explore?q=city&geo=AR"
"tristán suárez - agropecuario","2 mil+","22 de agosto de 2026 a las 14:50:00 UTC-3","22 de agosto de 2026 a las 18:10:00 UTC-3","tristán suárez - agropecuario,posiciones de tristán suárez contra club agropecuario argentino,tristan suarez","./explore?q=trist%C3%A1n%20su%C3%A1rez%20-%20agropecuario&geo=AR"
"alejandro mata","1 mil+","21 de agosto de 2026 a las 13:10:00 UTC-3","22 de agosto de 2026 a las 3:00:00 UTC-3","alejandro mata","./explore?q=alejandro%20mata&geo=AR"
"como salio river","2 mil+","19 de agosto de 2026 a las 23:20:00 UTC-3","20 de agosto de 2026 a las 9:10:00 UTC-3","como salio river","./explore?q=como%20salio%20river&geo=AR"
"la voz argentina","100+","25 de agosto de 2026 a las 12:50:00 UTC-3","25 de agosto de 2026 a las 14:00:00 UTC-3","la voz argentina","./explore?q=la%20voz%20argentina&geo=AR"
"río cuarto","1 mil+","23 de agosto de 2026 a las 17:00:00 UTC-3","23 de agosto de 2026 a las 21:20:00 UTC-3","río cuarto,oscar kowszyk","./explore?q=r%C3%ADo%20cuarto&geo=AR"
"ldu quito - emelec","1 mil+","23 de agosto de 2026 a las 20:20:00 UTC-3","23 de agosto de 2026 a las 23:40:00 UTC-3","ldu quito - emelec","./explore?q=ldu%20quito%20-%20emelec&geo=AR"
"udinese - como","2 mil+","22 de agosto de 2026 a las 12:50:00 UTC-3","22 de agosto de 2026 a las 17:40:00 UTC-3","udinese - como","./explore?q=udinese%20-%20como&geo=AR"
"francisco comesaña","500+","24 de agosto de 2026 a las 22:10:00 UTC-3","24 de agosto de 2026 a las 23:50:00 UTC-3","francisco comesaña","./explore?q=francisco%20comesa%C3%B1a&geo=AR"
"banfield","10 mil+","18 de agosto de 2026 a las 21:20:00 UTC-3","19 de agosto de 2026 a las 7:40:00 UTC-3","banfield,banfield vs midland,banfield vs,midland vs banfield,midland hoy,banfield midland,midland vs","./explore?q=banfield&geo=AR"
"devaluación","1 mil+","21 de agosto de 2026 a las 16:50:00 UTC-3","22 de agosto de 2026 a las 9:30:00 UTC-3","devaluación","./explore?q=devaluaci%C3%B3n&geo=AR"
"defensores de belgrano - almirante brown","2 mil+","22 de agosto de 2026 a las 15:30:00 UTC-3","22 de agosto de 2026 a las 18:40:00 UTC-3","defensores de belgrano - almirante brown,posiciones de defensores de belgrano contra club almirante brown,almirante","./explore?q=defensores%20de%20belgrano%20-%20almirante%20brown&geo=AR"
"hija","2 mil+","20 de agosto de 2026 a las 12:50:00 UTC-3","20 de agosto de 2026 a las 21:40:00 UTC-3","hija","./explore?q=hija&geo=AR"
"quevin castro","1 mil+","22 de agosto de 2026 a las 17:40:00 UTC-3","23 de agosto de 2026 a las 1:10:00 UTC-3","quevin castro,futbolista","./explore?q=quevin%20castro&geo=AR"
"dia de la papa frita","2 mil+","20 de agosto de 2026 a las 11:00:00 UTC-3","20 de agosto de 2026 a las 23:20:00 UTC-3","dia de la papa frita,20 de agosto que se celebra","./explore?q=dia%20de%20la%20papa%20frita&geo=AR"
"jack doohan","2 mil+","19 de agosto de 2026 a las 19:50:00 UTC-3","20 de agosto de 2026 a las 17:00:00 UTC-3","jack doohan","./explore?q=jack%20doohan&geo=AR"
"avenida de mayo","1 mil+","21 de agosto de 2026 a las 10:40:00 UTC-3","21 de agosto de 2026 a las 19:20:00 UTC-3","avenida de mayo","./explore?q=avenida%20de%20mayo&geo=AR"
"melissa gilbert","1 mil+","23 de agosto de 2026 a las 15:00:00 UTC-3","23 de agosto de 2026 a las 19:30:00 UTC-3","melissa gilbert","./explore?q=melissa%20gilbert&geo=AR"
"axel kicillof","1 mil+","23 de agosto de 2026 a las 7:50:00 UTC-3","23 de agosto de 2026 a las 13:10:00 UTC-3","axel kicillof","./explore?q=axel%20kicillof&geo=AR"
"emilia attias","2 mil+","20 de agosto de 2026 a las 15:50:00 UTC-3","20 de agosto de 2026 a las 23:00:00 UTC-3","emilia attias","./explore?q=emilia%20attias&geo=AR"
"comercio","1 mil+","23 de agosto de 2026 a las 16:50:00 UTC-3","23 de agosto de 2026 a las 20:40:00 UTC-3","comercio","./explore?q=comercio&geo=AR"
"serie a","500+","24 de agosto de 2026 a las 17:00:00 UTC-3","24 de agosto de 2026 a las 18:30:00 UTC-3","serie a","./explore?q=serie%20a&geo=AR"
"masa de aire","1 mil+","21 de agosto de 2026 a las 15:30:00 UTC-3","22 de agosto de 2026 a las 9:10:00 UTC-3","masa de aire","./explore?q=masa%20de%20aire&geo=AR"
"fábrica","2 mil+","20 de agosto de 2026 a las 8:10:00 UTC-3","20 de agosto de 2026 a las 16:20:00 UTC-3","fábrica","./explore?q=f%C3%A1brica&geo=AR"
"fuerza de seguridad","200+","24 de agosto de 2026 a las 14:50:00 UTC-3","24 de agosto de 2026 a las 17:50:00 UTC-3","fuerza de seguridad","./explore?q=fuerza%20de%20seguridad&geo=AR"
"sorteo quiniela","5 mil+","20 de agosto de 2026 a las 1:20:00 UTC-3","20 de agosto de 2026 a las 21:20:00 UTC-3","sorteo quiniela,quiniela,quiniela de hoy,quiniela de tucuman,quiniela nacional,quiniela hoy,quiniela nocturna,resultados quiniela","./explore?q=sorteo%20quiniela&geo=AR"
"ronaldinho","2 mil+","20 de agosto de 2026 a las 18:00:00 UTC-3","21 de agosto de 2026 a las 1:40:00 UTC-3","ronaldinho","./explore?q=ronaldinho&geo=AR"
"u. católica - ñublense","1 mil+","22 de agosto de 2026 a las 20:20:00 UTC-3","23 de agosto de 2026 a las 0:00:00 UTC-3","u. católica - ñublense","./explore?q=u.%20cat%C3%B3lica%20-%20%C3%B1ublense&geo=AR"
"sebastián báez","1 mil+","23 de agosto de 2026 a las 21:40:00 UTC-3","23 de agosto de 2026 a las 23:40:00 UTC-3","sebastián báez","./explore?q=sebasti%C3%A1n%20b%C3%A1ez&geo=AR"
"psg vs","1 mil+","23 de agosto de 2026 a las 17:10:00 UTC-3","23 de agosto de 2026 a las 19:10:00 UTC-3","psg vs","./explore?q=psg%20vs&geo=AR"
"nico paz","1 mil+","21 de agosto de 2026 a las 19:50:00 UTC-3","22 de agosto de 2026 a las 17:30:00 UTC-3","nico paz","./explore?q=nico%20paz&geo=AR"
"deportivo madryn - club mitre","2 mil+","21 de agosto de 2026 a las 18:40:00 UTC-3","21 de agosto de 2026 a las 22:10:00 UTC-3","deportivo madryn - club mitre,deportivo madryn","./explore?q=deportivo%20madryn%20-%20club%20mitre&geo=AR"
"bayern munich","1 mil+","22 de agosto de 2026 a las 14:50:00 UTC-3","22 de agosto de 2026 a las 19:30:00 UTC-3","bayern munich","./explore?q=bayern%20munich&geo=AR"
"tini pa' él","1 mil+","21 de agosto de 2026 a las 16:00:00 UTC-3","22 de agosto de 2026 a las 0:40:00 UTC-3","tini pa' él","./explore?q=tini%20pa%27%20%C3%A9l&geo=AR"
"carlos bianchi","500+","23 de agosto de 2026 a las 8:00:00 UTC-3","23 de agosto de 2026 a las 13:00:00 UTC-3","carlos bianchi","./explore?q=carlos%20bianchi&geo=AR"
"puerto general san martin","1 mil+","23 de agosto de 2026 a las 18:40:00 UTC-3","23 de agosto de 2026 a las 22:00:00 UTC-3","puerto general san martin","./explore?q=puerto%20general%20san%20martin&geo=AR"
"guaymallén","500+","24 de agosto de 2026 a las 20:40:00 UTC-3","24 de agosto de 2026 a las 22:20:00 UTC-3","guaymallén","./explore?q=guaymall%C3%A9n&geo=AR"
"feriados 2027","500+","24 de agosto de 2026 a las 8:50:00 UTC-3","24 de agosto de 2026 a las 16:10:00 UTC-3","feriados 2027","./explore?q=feriados%202027&geo=AR"
"cómo","500+","23 de agosto de 2026 a las 12:30:00 UTC-3","24 de agosto de 2026 a las 7:00:00 UTC-3","cómo","./explore?q=c%C3%B3mo&geo=AR"
"valeria mazza","1 mil+","22 de agosto de 2026 a las 17:50:00 UTC-3","22 de agosto de 2026 a las 23:50:00 UTC-3","valeria mazza","./explore?q=valeria%20mazza&geo=AR"
"arthur fils","2 mil+","23 de agosto de 2026 a las 18:00:00 UTC-3","23 de agosto de 2026 a las 20:40:00 UTC-3","arthur fils,fils","./explore?q=arthur%20fils&geo=AR"
"stryker","1 mil+","21 de agosto de 2026 a las 17:50:00 UTC-3","22 de agosto de 2026 a las 2:40:00 UTC-3","stryker","./explore?q=stryker&geo=AR"
"disney","2 mil+","22 de agosto de 2026 a las 6:40:00 UTC-3","22 de agosto de 2026 a las 12:20:00 UTC-3","disney","./explore?q=disney&geo=AR"
"como salio river","2 mil+","23 de agosto de 2026 a las 21:20:00 UTC-3","23 de agosto de 2026 a las 22:40:00 UTC-3","como salio river,como salio river hoy","./explore?q=como%20salio%20river&geo=AR"
"disney plus","2 mil+","21 de agosto de 2026 a las 7:10:00 UTC-3","21 de agosto de 2026 a las 12:50:00 UTC-3","disney plus","./explore?q=disney%20plus&geo=AR"
"hull city","1 mil+","22 de agosto de 2026 a las 9:10:00 UTC-3","22 de agosto de 2026 a las 15:10:00 UTC-3","hull city","./explore?q=hull%20city&geo=AR"
"posiciones de al riyadh contra al-nassr","2 mil+","21 de agosto de 2026 a las 15:10:00 UTC-3","21 de agosto de 2026 a las 19:30:00 UTC-3","posiciones de al riyadh contra al-nassr","./explore?q=posiciones%20de%20al%20riyadh%20contra%20al-nassr&geo=AR"
"atlético madrid vs. villarreal","1 mil+","23 de agosto de 2026 a las 13:00:00 UTC-3","23 de agosto de 2026 a las 15:30:00 UTC-3","atlético madrid vs. villarreal,atlético madrid vs villarreal,atletico vs","./explore?q=atl%C3%A9tico%20madrid%20vs.%20villarreal&geo=AR"
"everton - crystal palace","1 mil+","22 de agosto de 2026 a las 10:30:00 UTC-3","22 de agosto de 2026 a las 14:40:00 UTC-3","everton - crystal palace,everton fc","./explore?q=everton%20-%20crystal%20palace&geo=AR"
"enner valencia","1 mil+","23 de agosto de 2026 a las 23:10:00 UTC-3","24 de agosto de 2026 a las 0:30:00 UTC-3","enner valencia","./explore?q=enner%20valencia&geo=AR"
"tornado francia","100+","25 de agosto de 2026 a las 10:20:00 UTC-3","25 de agosto de 2026 a las 11:30:00 UTC-3","tornado francia","./explore?q=tornado%20francia&geo=AR"
"ipswich - sunderland afc","1 mil+","22 de agosto de 2026 a las 10:20:00 UTC-3","22 de agosto de 2026 a las 14:50:00 UTC-3","ipswich - sunderland afc","./explore?q=ipswich%20-%20sunderland%20afc&geo=AR"
"karim adeyemi","500+","23 de agosto de 2026 a las 17:00:00 UTC-3","23 de agosto de 2026 a las 20:00:00 UTC-3","karim adeyemi","./explore?q=karim%20adeyemi&geo=AR"
"michael wright","500+","23 de agosto de 2026 a las 16:40:00 UTC-3","24 de agosto de 2026 a las 16:30:00 UTC-3","michael wright","./explore?q=michael%20wright&geo=AR"
"coco gauff","2 mil+","23 de agosto de 2026 a las 20:40:00 UTC-3","23 de agosto de 2026 a las 22:20:00 UTC-3","coco gauff,jessica pegula","./explore?q=coco%20gauff&geo=AR"
"rodallega","5 mil+","19 de agosto de 2026 a las 21:20:00 UTC-3","20 de agosto de 2026 a las 1:00:00 UTC-3","rodallega,hugo rodallega","./explore?q=rodallega&geo=AR"
"melgar - alianza lima","1 mil+","23 de agosto de 2026 a las 17:10:00 UTC-3","23 de agosto de 2026 a las 20:30:00 UTC-3","melgar - alianza lima,posiciones de fbc melgar contra alianza lima","./explore?q=melgar%20-%20alianza%20lima&geo=AR"
"bragantino - grêmio","1 mil+","23 de agosto de 2026 a las 16:00:00 UTC-3","23 de agosto de 2026 a las 20:00:00 UTC-3","bragantino - grêmio,gremio","./explore?q=bragantino%20-%20gr%C3%AAmio&geo=AR"
"dibu martinez","2 mil+","23 de agosto de 2026 a las 10:50:00 UTC-3","23 de agosto de 2026 a las 12:40:00 UTC-3","dibu martinez,dibu martínez,zion suzuki,unai emery","./explore?q=dibu%20martinez&geo=AR"
"acusación","1 mil+","21 de agosto de 2026 a las 7:40:00 UTC-3","21 de agosto de 2026 a las 17:40:00 UTC-3","acusación","./explore?q=acusaci%C3%B3n&geo=AR"
"iga świątek","2 mil+","22 de agosto de 2026 a las 17:10:00 UTC-3","22 de agosto de 2026 a las 20:40:00 UTC-3","iga świątek","./explore?q=iga%20%C5%9Bwi%C4%85tek&geo=AR"
"lazio","500+","24 de agosto de 2026 a las 14:30:00 UTC-3","24 de agosto de 2026 a las 16:30:00 UTC-3","lazio,bologna","./explore?q=lazio&geo=AR"
"disney","2 mil+","21 de agosto de 2026 a las 7:20:00 UTC-3","21 de agosto de 2026 a las 12:50:00 UTC-3","disney","./explore?q=disney&geo=AR"
"ricardo centurión","1 mil+","19 de agosto de 2026 a las 18:40:00 UTC-3","20 de agosto de 2026 a las 20:10:00 UTC-3","ricardo centurión","./explore?q=ricardo%20centuri%C3%B3n&geo=AR"
"inter","2 mil+","22 de agosto de 2026 a las 13:20:00 UTC-3","22 de agosto de 2026 a las 16:50:00 UTC-3","inter,inter de milán,lautaro","./explore?q=inter&geo=AR"
"liverpool vs","500+","23 de agosto de 2026 a las 12:40:00 UTC-3","23 de agosto de 2026 a las 15:50:00 UTC-3","liverpool vs","./explore?q=liverpool%20vs&geo=AR"
"television libre","1 mil+","23 de agosto de 2026 a las 10:00:00 UTC-3","23 de agosto de 2026 a las 22:30:00 UTC-3","television libre","./explore?q=television%20libre&geo=AR"
"empleado público","200+","24 de agosto de 2026 a las 15:30:00 UTC-3","24 de agosto de 2026 a las 17:50:00 UTC-3","empleado público","./explore?q=empleado%20p%C3%BAblico&geo=AR"
"reforma","1 mil+","23 de agosto de 2026 a las 7:40:00 UTC-3","23 de agosto de 2026 a las 10:40:00 UTC-3","reforma","./explore?q=reforma&geo=AR"
"taller","2 mil+","21 de agosto de 2026 a las 20:00:00 UTC-3","22 de agosto de 2026 a las 12:10:00 UTC-3","taller,provincia de buenos aires,vtv","./explore?q=taller&geo=AR"
"antártida","500+","24 de agosto de 2026 a las 10:20:00 UTC-3","24 de agosto de 2026 a las 12:30:00 UTC-3","antártida","./explore?q=ant%C3%A1rtida&geo=AR"
"puma rodriguez","1 mil+","24 de agosto de 2026 a las 21:30:00 UTC-3","24 de agosto de 2026 a las 22:30:00 UTC-3","puma rodriguez","./explore?q=puma%20rodriguez&geo=AR"
"joan manuel serrat","1 mil+","20 de agosto de 2026 a las 17:50:00 UTC-3","21 de agosto de 2026 a las 9:10:00 UTC-3","joan manuel serrat","./explore?q=joan%20manuel%20serrat&geo=AR"
"ferran torres","1 mil+","23 de agosto de 2026 a las 17:10:00 UTC-3","23 de agosto de 2026 a las 19:30:00 UTC-3","ferran torres","./explore?q=ferran%20torres&geo=AR"
"nashville sc - columbus crew","1 mil+","22 de agosto de 2026 a las 21:40:00 UTC-3","23 de agosto de 2026 a las 1:50:00 UTC-3","nashville sc - columbus crew","./explore?q=nashville%20sc%20-%20columbus%20crew&geo=AR"
"alvarado","500+","23 de agosto de 2026 a las 15:30:00 UTC-3","23 de agosto de 2026 a las 19:00:00 UTC-3","alvarado","./explore?q=alvarado&geo=AR"
"22 de agosto","1 mil+","22 de agosto de 2026 a las 9:40:00 UTC-3","22 de agosto de 2026 a las 16:20:00 UTC-3","22 de agosto","./explore?q=22%20de%20agosto&geo=AR"
"sandra bullock","2 mil+","20 de agosto de 2026 a las 14:10:00 UTC-3","20 de agosto de 2026 a las 21:00:00 UTC-3","sandra bullock,bryan randall","./explore?q=sandra%20bullock&geo=AR"
"milan","500+","23 de agosto de 2026 a las 15:40:00 UTC-3","23 de agosto de 2026 a las 18:50:00 UTC-3","milan","./explore?q=milan&geo=AR"
"gastón salmain","500+","22 de agosto de 2026 a las 14:50:00 UTC-3","22 de agosto de 2026 a las 21:10:00 UTC-3","gastón salmain","./explore?q=gast%C3%B3n%20salmain&geo=AR"
"kylian mbappé","1 mil+","22 de agosto de 2026 a las 18:20:00 UTC-3","22 de agosto de 2026 a las 21:30:00 UTC-3","kylian mbappé","./explore?q=kylian%20mbapp%C3%A9&geo=AR"
"barcelona sc - orense","1 mil+","22 de agosto de 2026 a las 20:30:00 UTC-3","22 de agosto de 2026 a las 23:50:00 UTC-3","barcelona sc - orense","./explore?q=barcelona%20sc%20-%20orense&geo=AR"
"san luis","1 mil+","19 de agosto de 2026 a las 7:50:00 UTC-3","19 de agosto de 2026 a las 20:00:00 UTC-3","san luis,alerta sofia","./explore?q=san%20luis&geo=AR"
"genoa - napoli","1 mil+","22 de agosto de 2026 a las 15:20:00 UTC-3","22 de agosto de 2026 a las 19:30:00 UTC-3","genoa - napoli","./explore?q=genoa%20-%20napoli&geo=AR"
"latam airlines","200+","24 de agosto de 2026 a las 15:10:00 UTC-3","25 de agosto de 2026 a las 13:00:00 UTC-3","latam airlines","./explore?q=latam%20airlines&geo=AR"
"exequiel palacios","1 mil+","22 de agosto de 2026 a las 20:00:00 UTC-3","23 de agosto de 2026 a las 0:10:00 UTC-3","exequiel palacios","./explore?q=exequiel%20palacios&geo=AR"
"ulises ortegoza","500+","23 de agosto de 2026 a las 22:10:00 UTC-3","24 de agosto de 2026 a las 0:30:00 UTC-3","ulises ortegoza,ortegoza","./explore?q=ulises%20ortegoza&geo=AR"
"puma rodriguez","5 mil+","19 de agosto de 2026 a las 21:00:00 UTC-3","20 de agosto de 2026 a las 0:00:00 UTC-3","puma rodriguez,guillermo andino,el puma rodriguez","./explore?q=puma%20rodriguez&geo=AR"
"clima bahia blanca","100+","25 de agosto de 2026 a las 5:30:00 UTC-3","25 de agosto de 2026 a las 7:40:00 UTC-3","clima bahia blanca","./explore?q=clima%20bahia%20blanca&geo=AR"
"sector público","100+","25 de agosto de 2026 a las 10:10:00 UTC-3","25 de agosto de 2026 a las 11:00:00 UTC-3","sector público","./explore?q=sector%20p%C3%BAblico&geo=AR"
"liga de quito","2 mil+","20 de agosto de 2026 a las 18:40:00 UTC-3","21 de agosto de 2026 a las 0:00:00 UTC-3","liga de quito,ldu quito vs. mirassol,ldu","./explore?q=liga%20de%20quito&geo=AR"
"boc","500+","23 de agosto de 2026 a las 21:50:00 UTC-3","24 de agosto de 2026 a las 0:20:00 UTC-3","boc","./explore?q=boc&geo=AR"
"porto","500+","23 de agosto de 2026 a las 16:50:00 UTC-3","23 de agosto de 2026 a las 19:30:00 UTC-3","porto","./explore?q=porto&geo=AR"
"marcos rodríguez pantoja","500+","22 de agosto de 2026 a las 15:10:00 UTC-3","22 de agosto de 2026 a las 21:20:00 UTC-3","marcos rodríguez pantoja","./explore?q=marcos%20rodr%C3%ADguez%20pantoja&geo=AR"
"lácteo","200+","24 de agosto de 2026 a las 17:10:00 UTC-3","24 de agosto de 2026 a las 19:40:00 UTC-3","lácteo","./explore?q=l%C3%A1cteo&geo=AR"
"libertad fc - macará","200+","24 de agosto de 2026 a las 21:00:00 UTC-3","24 de agosto de 2026 a las 22:20:00 UTC-3","libertad fc - macará","./explore?q=libertad%20fc%20-%20macar%C3%A1&geo=AR"
"al angulo","1 mil+","23 de agosto de 2026 a las 10:20:00 UTC-3","23 de agosto de 2026 a las 22:40:00 UTC-3","al angulo","./explore?q=al%20angulo&geo=AR"
"helicóptero","2 mil+","19 de agosto de 2026 a las 18:30:00 UTC-3","19 de agosto de 2026 a las 23:20:00 UTC-3","helicóptero","./explore?q=helic%C3%B3ptero&geo=AR"
"florida","500+","23 de agosto de 2026 a las 19:00:00 UTC-3","23 de agosto de 2026 a las 21:30:00 UTC-3","florida","./explore?q=florida&geo=AR"
"posiciones de liga de quito contra emelec","500+","23 de agosto de 2026 a las 23:20:00 UTC-3","24 de agosto de 2026 a las 8:00:00 UTC-3","posiciones de liga de quito contra emelec","./explore?q=posiciones%20de%20liga%20de%20quito%20contra%20emelec&geo=AR"
"mariana brey","1 mil+","22 de agosto de 2026 a las 21:50:00 UTC-3","23 de agosto de 2026 a las 0:20:00 UTC-3","mariana brey,fatima florez,marcelo polino","./explore?q=mariana%20brey&geo=AR"
"sport boys - cienciano","500+","23 de agosto de 2026 a las 15:20:00 UTC-3","23 de agosto de 2026 a las 19:00:00 UTC-3","sport boys - cienciano","./explore?q=sport%20boys%20-%20cienciano&geo=AR"
"lali espósito","500+","24 de agosto de 2026 a las 16:20:00 UTC-3","24 de agosto de 2026 a las 18:20:00 UTC-3","lali espósito,lali","./explore?q=lali%20esp%C3%B3sito&geo=AR"
"araceli gonzález","1 mil+","20 de agosto de 2026 a las 13:00:00 UTC-3","21 de agosto de 2026 a las 0:40:00 UTC-3","araceli gonzález","./explore?q=araceli%20gonz%C3%A1lez&geo=AR"
"tiafoe","2 mil+","22 de agosto de 2026 a las 20:40:00 UTC-3","22 de agosto de 2026 a las 23:10:00 UTC-3","tiafoe,taylor fritz,frances tiafoe,brandon nakashima,nakashima,musetti","./explore?q=tiafoe&geo=AR"
"concepción - coquimbo unido","500+","23 de agosto de 2026 a las 12:40:00 UTC-3","23 de agosto de 2026 a las 15:40:00 UTC-3","concepción - coquimbo unido","./explore?q=concepci%C3%B3n%20-%20coquimbo%20unido&geo=AR"
"clima tucuman","1 mil+","22 de agosto de 2026 a las 1:30:00 UTC-3","22 de agosto de 2026 a las 10:20:00 UTC-3","clima tucuman","./explore?q=clima%20tucuman&geo=AR"
"carta abierta","500+","23 de agosto de 2026 a las 15:20:00 UTC-3","23 de agosto de 2026 a las 19:50:00 UTC-3","carta abierta","./explore?q=carta%20abierta&geo=AR"
"joaquin ferreira","500+","23 de agosto de 2026 a las 14:10:00 UTC-3","23 de agosto de 2026 a las 16:30:00 UTC-3","joaquin ferreira","./explore?q=joaquin%20ferreira&geo=AR"
"valentina cervantes","1 mil+","21 de agosto de 2026 a las 15:10:00 UTC-3","21 de agosto de 2026 a las 21:00:00 UTC-3","valentina cervantes","./explore?q=valentina%20cervantes&geo=AR"
"suerte","1 mil+","21 de agosto de 2026 a las 10:30:00 UTC-3","21 de agosto de 2026 a las 18:20:00 UTC-3","suerte","./explore?q=suerte&geo=AR"
"pelota","1 mil+","23 de agosto de 2026 a las 21:40:00 UTC-3","23 de agosto de 2026 a las 23:10:00 UTC-3","pelota","./explore?q=pelota&geo=AR"
"elche c. f. vs. barcelona","500+","23 de agosto de 2026 a las 16:50:00 UTC-3","23 de agosto de 2026 a las 19:30:00 UTC-3","elche c. f. vs. barcelona","./explore?q=elche%20c.%20f.%20vs.%20barcelona&geo=AR"
"príncipe harry, duque de sussex","200+","24 de agosto de 2026 a las 18:40:00 UTC-3","24 de agosto de 2026 a las 20:20:00 UTC-3","príncipe harry, duque de sussex","./explore?q=pr%C3%ADncipe%20harry%2C%20duque%20de%20sussex&geo=AR"
"flavio mendoza","500+","23 de agosto de 2026 a las 15:50:00 UTC-3","23 de agosto de 2026 a las 18:40:00 UTC-3","flavio mendoza","./explore?q=flavio%20mendoza&geo=AR"
"arsenal","2 mil+","21 de agosto de 2026 a las 16:10:00 UTC-3","21 de agosto de 2026 a las 18:30:00 UTC-3","arsenal","./explore?q=arsenal&geo=AR"
"disparo","200+","24 de agosto de 2026 a las 12:40:00 UTC-3","24 de agosto de 2026 a las 14:20:00 UTC-3","disparo","./explore?q=disparo&geo=AR"
"roberto cachanosky","100+","25 de agosto de 2026 a las 11:20:00 UTC-3","25 de agosto de 2026 a las 12:20:00 UTC-3","roberto cachanosky","./explore?q=roberto%20cachanosky&geo=AR"
"aterrizaje","500+","23 de agosto de 2026 a las 17:40:00 UTC-3","23 de agosto de 2026 a las 20:10:00 UTC-3","aterrizaje","./explore?q=aterrizaje&geo=AR"
"quilmes","1 mil+","20 de agosto de 2026 a las 15:40:00 UTC-3","21 de agosto de 2026 a las 13:40:00 UTC-3","quilmes","./explore?q=quilmes&geo=AR"
"memphis depay","2 mil+","20 de agosto de 2026 a las 21:30:00 UTC-3","21 de agosto de 2026 a las 1:20:00 UTC-3","memphis depay","./explore?q=memphis%20depay&geo=AR"
"huracan hoy","1 mil+","22 de agosto de 2026 a las 21:10:00 UTC-3","23 de agosto de 2026 a las 0:10:00 UTC-3","huracan hoy,huracan vs riestra,huracan vs","./explore?q=huracan%20hoy&geo=AR"
"clima salta","200+","25 de agosto de 2026 a las 6:00:00 UTC-3","25 de agosto de 2026 a las 7:50:00 UTC-3","clima salta","./explore?q=clima%20salta&geo=AR"
"la reini","1 mil+","22 de agosto de 2026 a las 21:50:00 UTC-3","23 de agosto de 2026 a las 0:20:00 UTC-3","la reini","./explore?q=la%20reini&geo=AR"
"manchester city vs","500+","23 de agosto de 2026 a las 10:50:00 UTC-3","23 de agosto de 2026 a las 13:40:00 UTC-3","manchester city vs","./explore?q=manchester%20city%20vs&geo=AR"
"industria pesquera","500+","22 de agosto de 2026 a las 14:20:00 UTC-3","22 de agosto de 2026 a las 20:10:00 UTC-3","industria pesquera","./explore?q=industria%20pesquera&geo=AR"
"alejandro stoessel","2 mil+","19 de agosto de 2026 a las 9:10:00 UTC-3","19 de agosto de 2026 a las 22:10:00 UTC-3","alejandro stoessel","./explore?q=alejandro%20stoessel&geo=AR"
"duhalde","500+","23 de agosto de 2026 a las 19:10:00 UTC-3","23 de agosto de 2026 a las 21:10:00 UTC-3","duhalde,eduardo duhalde","./explore?q=duhalde&geo=AR"
"wehen wiesbaden - leverkusen","500+","22 de agosto de 2026 a las 8:10:00 UTC-3","22 de agosto de 2026 a las 12:20:00 UTC-3","wehen wiesbaden - leverkusen","./explore?q=wehen%20wiesbaden%20-%20leverkusen&geo=AR"
"universitario - chankas cyc","500+","23 de agosto de 2026 a las 20:40:00 UTC-3","23 de agosto de 2026 a las 23:10:00 UTC-3","universitario - chankas cyc","./explore?q=universitario%20-%20chankas%20cyc&geo=AR"
"rubio ñu - sportivo trinidense","1 mil+","21 de agosto de 2026 a las 18:00:00 UTC-3","21 de agosto de 2026 a las 21:00:00 UTC-3","rubio ñu - sportivo trinidense,posiciones de rubio ñu contra sportivo trinidense","./explore?q=rubio%20%C3%B1u%20-%20sportivo%20trinidense&geo=AR"
"mateo pellegrino","200+","24 de agosto de 2026 a las 16:10:00 UTC-3","24 de agosto de 2026 a las 17:30:00 UTC-3","mateo pellegrino","./explore?q=mateo%20pellegrino&geo=AR"
"nueva york","500+","23 de agosto de 2026 a las 16:20:00 UTC-3","23 de agosto de 2026 a las 20:20:00 UTC-3","nueva york","./explore?q=nueva%20york&geo=AR"
"napoli","500+","22 de agosto de 2026 a las 15:30:00 UTC-3","22 de agosto de 2026 a las 19:00:00 UTC-3","napoli","./explore?q=napoli&geo=AR"
"thiago agustín tirante","2 mil+","19 de agosto de 2026 a las 14:40:00 UTC-3","19 de agosto de 2026 a las 18:30:00 UTC-3","thiago agustín tirante,thiago tirante,mensik,jakub mensík,tirante hoy,master 1000 cincinnati,tenis hoy","./explore?q=thiago%20agust%C3%ADn%20tirante&geo=AR"
"cuándo juega river","1 mil+","23 de agosto de 2026 a las 18:30:00 UTC-3","23 de agosto de 2026 a las 19:50:00 UTC-3","cuándo juega river,clasificación mundial de clubes 2029,copa mundial de clubes de la fifa","./explore?q=cu%C3%A1ndo%20juega%20river&geo=AR"
"león - monterrey","1 mil+","21 de agosto de 2026 a las 21:40:00 UTC-3","22 de agosto de 2026 a las 1:10:00 UTC-3","león - monterrey,monterrey fc","./explore?q=le%C3%B3n%20-%20monterrey&geo=AR"
"frances tiafoe","500+","23 de agosto de 2026 a las 18:00:00 UTC-3","23 de agosto de 2026 a las 20:00:00 UTC-3","frances tiafoe,tiafoe","./explore?q=frances%20tiafoe&geo=AR"
"kendry páez","1 mil+","20 de agosto de 2026 a las 21:20:00 UTC-3","21 de agosto de 2026 a las 10:10:00 UTC-3","kendry páez","./explore?q=kendry%20p%C3%A1ez&geo=AR"
"enfermedad por el virus del ébola","1 mil+","20 de agosto de 2026 a las 21:20:00 UTC-3","21 de agosto de 2026 a las 21:00:00 UTC-3","enfermedad por el virus del ébola,ébola oms,epidemia ebola,internacional","./explore?q=enfermedad%20por%20el%20virus%20del%20%C3%A9bola&geo=AR"
"barcelona","2 mil+","19 de agosto de 2026 a las 15:20:00 UTC-3","19 de agosto de 2026 a las 18:10:00 UTC-3","barcelona,fc barcelona","./explore?q=barcelona&geo=AR"
"película","500+","23 de agosto de 2026 a las 16:00:00 UTC-3","23 de agosto de 2026 a las 19:40:00 UTC-3","película","./explore?q=pel%C3%ADcula&geo=AR"
"phillies - cardenales","500+","23 de agosto de 2026 a las 13:40:00 UTC-3","23 de agosto de 2026 a las 16:00:00 UTC-3","phillies - cardenales","./explore?q=phillies%20-%20cardenales&geo=AR"
"austin fc - philadelphia","500+","22 de agosto de 2026 a las 22:10:00 UTC-3","23 de agosto de 2026 a las 2:00:00 UTC-3","austin fc - philadelphia","./explore?q=austin%20fc%20-%20philadelphia&geo=AR"
"patronato","1 mil+","22 de agosto de 2026 a las 16:10:00 UTC-3","22 de agosto de 2026 a las 19:10:00 UTC-3","patronato","./explore?q=patronato&geo=AR"
"fútbol","1 mil+","21 de agosto de 2026 a las 16:10:00 UTC-3","21 de agosto de 2026 a las 20:40:00 UTC-3","fútbol","./explore?q=f%C3%BAtbol&geo=AR"
"mercedes kvedaras","100+","25 de agosto de 2026 a las 15:30:00 UTC-3","25 de agosto de 2026 a las 15:50:00 UTC-3","mercedes kvedaras","./explore?q=mercedes%20kvedaras&geo=AR"
"sylvester stallone","200+","23 de agosto de 2026 a las 12:30:00 UTC-3","23 de agosto de 2026 a las 17:20:00 UTC-3","sylvester stallone","./explore?q=sylvester%20stallone&geo=AR"
"aliendro","500+","23 de agosto de 2026 a las 19:50:00 UTC-3","23 de agosto de 2026 a las 22:00:00 UTC-3","aliendro","./explore?q=aliendro&geo=AR"
"mariano werner","500+","22 de agosto de 2026 a las 12:20:00 UTC-3","22 de agosto de 2026 a las 20:40:00 UTC-3","mariano werner","./explore?q=mariano%20werner&geo=AR"
"aryna sabalenka","2 mil+","19 de agosto de 2026 a las 23:40:00 UTC-3","20 de agosto de 2026 a las 8:00:00 UTC-3","aryna sabalenka,sara bejlek,sabalenka,cincinnati open 2026","./explore?q=aryna%20sabalenka&geo=AR"
"zandvoort","500+","23 de agosto de 2026 a las 9:50:00 UTC-3","23 de agosto de 2026 a las 13:10:00 UTC-3","zandvoort,lando norris","./explore?q=zandvoort&geo=AR"
"turismo carretera","1 mil+","21 de agosto de 2026 a las 15:50:00 UTC-3","21 de agosto de 2026 a las 20:50:00 UTC-3","turismo carretera,canal 9 en vivo","./explore?q=turismo%20carretera&geo=AR"
"clima mar del plata","200+","25 de agosto de 2026 a las 6:40:00 UTC-3","25 de agosto de 2026 a las 7:30:00 UTC-3","clima mar del plata","./explore?q=clima%20mar%20del%20plata&geo=AR"
"santos","2 mil+","20 de agosto de 2026 a las 19:40:00 UTC-3","20 de agosto de 2026 a las 22:10:00 UTC-3","santos","./explore?q=santos&geo=AR"
"de paul","500+","23 de agosto de 2026 a las 21:20:00 UTC-3","23 de agosto de 2026 a las 23:10:00 UTC-3","de paul","./explore?q=de%20paul&geo=AR"
"lee kang-in","1 mil+","23 de agosto de 2026 a las 12:30:00 UTC-3","23 de agosto de 2026 a las 14:40:00 UTC-3","lee kang-in,kang in lee","./explore?q=lee%20kang-in&geo=AR"
"es mi sueño","2 mil+","18 de agosto de 2026 a las 21:20:00 UTC-3","19 de agosto de 2026 a las 8:20:00 UTC-3","es mi sueño,margarita ponce es mi sueño,quien gano es mi sueño,margarita ponce,es mi sueño votar,votar en es mi sueño,es mi sueño en vivo hoy","./explore?q=es%20mi%20sue%C3%B1o&geo=AR"
"alexander zverev","2 mil+","19 de agosto de 2026 a las 15:40:00 UTC-3","19 de agosto de 2026 a las 20:40:00 UTC-3","alexander zverev,zverev","./explore?q=alexander%20zverev&geo=AR"
"viento","1 mil+","22 de agosto de 2026 a las 19:40:00 UTC-3","22 de agosto de 2026 a las 20:50:00 UTC-3","viento,pronostico mar del plata","./explore?q=viento&geo=AR"
"como va river","2 mil+","19 de agosto de 2026 a las 22:10:00 UTC-3","20 de agosto de 2026 a las 0:20:00 UTC-3","como va river,cómo va el partido de river,cómo va river plate,dgo","./explore?q=como%20va%20river&geo=AR"
"demanda judicial","1 mil+","20 de agosto de 2026 a las 11:00:00 UTC-3","20 de agosto de 2026 a las 16:30:00 UTC-3","demanda judicial","./explore?q=demanda%20judicial&geo=AR"
"barcelona hoy","200+","23 de agosto de 2026 a las 16:50:00 UTC-3","23 de agosto de 2026 a las 19:20:00 UTC-3","barcelona hoy","./explore?q=barcelona%20hoy&geo=AR"
"talleres de escalada","1 mil+","22 de agosto de 2026 a las 15:40:00 UTC-3","22 de agosto de 2026 a las 18:30:00 UTC-3","talleres de escalada,deportivo merlo,excursionistas","./explore?q=talleres%20de%20escalada&geo=AR"
"arroyo del medio","200+","24 de agosto de 2026 a las 7:50:00 UTC-3","24 de agosto de 2026 a las 10:40:00 UTC-3","arroyo del medio","./explore?q=arroyo%20del%20medio&geo=AR"
"moderna","1 mil+","19 de agosto de 2026 a las 10:50:00 UTC-3","19 de agosto de 2026 a las 19:30:00 UTC-3","moderna,vacuna melanoma","./explore?q=moderna&geo=AR"
"agua y saneamientos argentinos","500+","21 de agosto de 2026 a las 15:50:00 UTC-3","21 de agosto de 2026 a las 21:00:00 UTC-3","agua y saneamientos argentinos","./explore?q=agua%20y%20saneamientos%20argentinos&geo=AR"
"turco garcía","200+","24 de agosto de 2026 a las 22:50:00 UTC-3","24 de agosto de 2026 a las 23:50:00 UTC-3","turco garcía","./explore?q=turco%20garc%C3%ADa&geo=AR"
"ruta nacional 33","200+","23 de agosto de 2026 a las 19:30:00 UTC-3","24 de agosto de 2026 a las 8:50:00 UTC-3","ruta nacional 33","./explore?q=ruta%20nacional%2033&geo=AR"
"palmeiras","2 mil+","19 de agosto de 2026 a las 19:40:00 UTC-3","19 de agosto de 2026 a las 22:10:00 UTC-3","palmeiras","./explore?q=palmeiras&geo=AR"
"mineiro","2 mil+","19 de agosto de 2026 a las 19:20:00 UTC-3","19 de agosto de 2026 a las 22:40:00 UTC-3","mineiro,atletico mineiro,atlético mineiro vs. bragantino","./explore?q=mineiro&geo=AR"
"rayo vallecano - alavés","1 mil+","20 de agosto de 2026 a las 16:00:00 UTC-3","20 de agosto de 2026 a las 19:30:00 UTC-3","rayo vallecano - alavés","./explore?q=rayo%20vallecano%20-%20alav%C3%A9s&geo=AR"
"boca hoy partido","500+","23 de agosto de 2026 a las 22:30:00 UTC-3","24 de agosto de 2026 a las 0:10:00 UTC-3","boca hoy partido,cómo va boca juniors","./explore?q=boca%20hoy%20partido&geo=AR"
"asociación trabajadores del estado","1 mil+","21 de agosto de 2026 a las 16:50:00 UTC-3","21 de agosto de 2026 a las 19:40:00 UTC-3","asociación trabajadores del estado","./explore?q=asociaci%C3%B3n%20trabajadores%20del%20estado&geo=AR"
"supercopa de alemania","500+","22 de agosto de 2026 a las 15:30:00 UTC-3","22 de agosto de 2026 a las 18:20:00 UTC-3","supercopa de alemania,bayern vs","./explore?q=supercopa%20de%20alemania&geo=AR"
"city vs","500+","23 de agosto de 2026 a las 11:10:00 UTC-3","23 de agosto de 2026 a las 13:20:00 UTC-3","city vs","./explore?q=city%20vs&geo=AR"
"aranda","200+","23 de agosto de 2026 a las 22:10:00 UTC-3","23 de agosto de 2026 a las 23:50:00 UTC-3","aranda","./explore?q=aranda&geo=AR"
"nacional b","200+","24 de agosto de 2026 a las 22:10:00 UTC-3","24 de agosto de 2026 a las 23:00:00 UTC-3","nacional b","./explore?q=nacional%20b&geo=AR"
"deportación","100+","24 de agosto de 2026 a las 22:40:00 UTC-3","24 de agosto de 2026 a las 23:40:00 UTC-3","deportación","./explore?q=deportaci%C3%B3n&geo=AR"
"ezeiza","500+","24 de agosto de 2026 a las 15:50:00 UTC-3","24 de agosto de 2026 a las 17:00:00 UTC-3","ezeiza,aeroparque internacional jorge newbery","./explore?q=ezeiza&geo=AR"
"profesor","1 mil+","20 de agosto de 2026 a las 12:10:00 UTC-3","20 de agosto de 2026 a las 19:50:00 UTC-3","profesor","./explore?q=profesor&geo=AR"
"donyell malen","200+","24 de agosto de 2026 a las 17:30:00 UTC-3","24 de agosto de 2026 a las 18:40:00 UTC-3","donyell malen","./explore?q=donyell%20malen&geo=AR"
"luisana lopilato","1 mil+","20 de agosto de 2026 a las 12:10:00 UTC-3","20 de agosto de 2026 a las 16:50:00 UTC-3","luisana lopilato","./explore?q=luisana%20lopilato&geo=AR"
"classroom","1 mil+","24 de agosto de 2026 a las 8:10:00 UTC-3","24 de agosto de 2026 a las 9:00:00 UTC-3","classroom","./explore?q=classroom&geo=AR"
"l gante","1 mil+","22 de agosto de 2026 a las 22:30:00 UTC-3","22 de agosto de 2026 a las 23:50:00 UTC-3","l gante,lgante,martita fort","./explore?q=l%20gante&geo=AR"
"kenia","1 mil+","19 de agosto de 2026 a las 17:50:00 UTC-3","19 de agosto de 2026 a las 22:50:00 UTC-3","kenia","./explore?q=kenia&geo=AR"
"profesor","1 mil+","19 de agosto de 2026 a las 6:00:00 UTC-3","19 de agosto de 2026 a las 14:50:00 UTC-3","profesor","./explore?q=profesor&geo=AR"
"eduardo castex","200+","23 de agosto de 2026 a las 8:30:00 UTC-3","23 de agosto de 2026 a las 11:50:00 UTC-3","eduardo castex","./explore?q=eduardo%20castex&geo=AR"
"gonzalo garcía torres","200+","24 de agosto de 2026 a las 17:30:00 UTC-3","24 de agosto de 2026 a las 18:40:00 UTC-3","gonzalo garcía torres","./explore?q=gonzalo%20garc%C3%ADa%20torres&geo=AR"
"guaymallén","200+","23 de agosto de 2026 a las 21:30:00 UTC-3","23 de agosto de 2026 a las 23:10:00 UTC-3","guaymallén","./explore?q=guaymall%C3%A9n&geo=AR"
"west ham - charlton","500+","22 de agosto de 2026 a las 11:10:00 UTC-3","22 de agosto de 2026 a las 13:50:00 UTC-3","west ham - charlton,west ham","./explore?q=west%20ham%20-%20charlton&geo=AR"
"lucas beltrán","200+","23 de agosto de 2026 a las 19:40:00 UTC-3","23 de agosto de 2026 a las 21:10:00 UTC-3","lucas beltrán","./explore?q=lucas%20beltr%C3%A1n&geo=AR"
"barcelona vs","2 mil+","19 de agosto de 2026 a las 15:20:00 UTC-3","19 de agosto de 2026 a las 18:00:00 UTC-3","barcelona vs,barcelona vs. al-ahly,barca,barcelona vs al ahly,dónde mirar fútbol club barcelona contra al-ahly","./explore?q=barcelona%20vs&geo=AR"
"halland","200+","23 de agosto de 2026 a las 12:30:00 UTC-3","23 de agosto de 2026 a las 15:20:00 UTC-3","halland","./explore?q=halland&geo=AR"
"como","500+","22 de agosto de 2026 a las 14:00:00 UTC-3","22 de agosto de 2026 a las 16:30:00 UTC-3","como","./explore?q=como&geo=AR"
"borussia dortmund","500+","22 de agosto de 2026 a las 15:40:00 UTC-3","22 de agosto de 2026 a las 18:20:00 UTC-3","borussia dortmund,dortmund","./explore?q=borussia%20dortmund&geo=AR"
"trabajo","1 mil+","19 de agosto de 2026 a las 13:40:00 UTC-3","19 de agosto de 2026 a las 20:50:00 UTC-3","trabajo","./explore?q=trabajo&geo=AR"
"accidente","500+","19 de agosto de 2026 a las 23:00:00 UTC-3","20 de agosto de 2026 a las 17:50:00 UTC-3","accidente","./explore?q=accidente&geo=AR"
"cincinnati open","2 mil+","20 de agosto de 2026 a las 21:30:00 UTC-3","20 de agosto de 2026 a las 23:40:00 UTC-3","cincinnati open","./explore?q=cincinnati%20open&geo=AR"
"axel kicillof","500+","21 de agosto de 2026 a las 14:40:00 UTC-3","21 de agosto de 2026 a las 18:40:00 UTC-3","axel kicillof","./explore?q=axel%20kicillof&geo=AR"
"olimpia","500+","23 de agosto de 2026 a las 17:50:00 UTC-3","23 de agosto de 2026 a las 18:50:00 UTC-3","olimpia","./explore?q=olimpia&geo=AR"
"alianza atlético - sporting cristal","500+","21 de agosto de 2026 a las 17:00:00 UTC-3","21 de agosto de 2026 a las 21:00:00 UTC-3","alianza atlético - sporting cristal","./explore?q=alianza%20atl%C3%A9tico%20-%20sporting%20cristal&geo=AR"
"bolivar vs","1 mil+","18 de agosto de 2026 a las 21:00:00 UTC-3","19 de agosto de 2026 a las 0:30:00 UTC-3","bolivar vs,são paulo vs. bolívar","./explore?q=bolivar%20vs&geo=AR"
"independiente del valle","500+","21 de agosto de 2026 a las 21:20:00 UTC-3","22 de agosto de 2026 a las 0:10:00 UTC-3","independiente del valle","./explore?q=independiente%20del%20valle&geo=AR"
"sara bejlek","500+","22 de agosto de 2026 a las 22:20:00 UTC-3","23 de agosto de 2026 a las 0:20:00 UTC-3","sara bejlek","./explore?q=sara%20bejlek&geo=AR"
"911","200+","24 de agosto de 2026 a las 12:10:00 UTC-3","24 de agosto de 2026 a las 13:50:00 UTC-3","911","./explore?q=911&geo=AR"
"francisco comesaña","200+","23 de agosto de 2026 a las 17:40:00 UTC-3","23 de agosto de 2026 a las 19:00:00 UTC-3","francisco comesaña","./explore?q=francisco%20comesa%C3%B1a&geo=AR"
"amazon","200+","24 de agosto de 2026 a las 4:50:00 UTC-3","24 de agosto de 2026 a las 6:20:00 UTC-3","amazon","./explore?q=amazon&geo=AR"
"miranda","500+","22 de agosto de 2026 a las 10:10:00 UTC-3","22 de agosto de 2026 a las 13:30:00 UTC-3","miranda,miranda!","./explore?q=miranda&geo=AR"
"lucas martínez quarta","200+","23 de agosto de 2026 a las 19:50:00 UTC-3","23 de agosto de 2026 a las 21:20:00 UTC-3","lucas martínez quarta","./explore?q=lucas%20mart%C3%ADnez%20quarta&geo=AR"
"erzurumspor - galatasaray","500+","21 de agosto de 2026 a las 15:20:00 UTC-3","21 de agosto de 2026 a las 18:10:00 UTC-3","erzurumspor - galatasaray","./explore?q=erzurumspor%20-%20galatasaray&geo=AR"
"telefe en vivo","2 mil+","19 de agosto de 2026 a las 22:40:00 UTC-3","20 de agosto de 2026 a las 0:30:00 UTC-3","telefe en vivo,gran hermano en vivo","./explore?q=telefe%20en%20vivo&geo=AR"
"sorteo loto plus","200+","23 de agosto de 2026 a las 15:10:00 UTC-3","23 de agosto de 2026 a las 17:50:00 UTC-3","sorteo loto plus","./explore?q=sorteo%20loto%20plus&geo=AR"
"teofimo lopez","500+","23 de agosto de 2026 a las 0:20:00 UTC-3","23 de agosto de 2026 a las 2:50:00 UTC-3","teofimo lopez,rolly romero","./explore?q=teofimo%20lopez&geo=AR"
"iphone 16","200+","24 de agosto de 2026 a las 4:50:00 UTC-3","24 de agosto de 2026 a las 6:20:00 UTC-3","iphone 16","./explore?q=iphone%2016&geo=AR"
"mcdonald's","500+","19 de agosto de 2026 a las 13:30:00 UTC-3","19 de agosto de 2026 a las 19:00:00 UTC-3","mcdonald's","./explore?q=mcdonald%27s&geo=AR"
"tromsø - brighton","1 mil+","20 de agosto de 2026 a las 13:10:00 UTC-3","20 de agosto de 2026 a las 16:50:00 UTC-3","tromsø - brighton,brighton","./explore?q=troms%C3%B8%20-%20brighton&geo=AR"
"como salio boca hoy","200+","23 de agosto de 2026 a las 23:50:00 UTC-3","24 de agosto de 2026 a las 1:10:00 UTC-3","como salio boca hoy","./explore?q=como%20salio%20boca%20hoy&geo=AR"
"real madrid hoy","200+","22 de agosto de 2026 a las 16:50:00 UTC-3","22 de agosto de 2026 a las 19:30:00 UTC-3","real madrid hoy","./explore?q=real%20madrid%20hoy&geo=AR"
"arquitecto","500+","21 de agosto de 2026 a las 17:50:00 UTC-3","22 de agosto de 2026 a las 15:30:00 UTC-3","arquitecto","./explore?q=arquitecto&geo=AR"
"la extorsión","200+","23 de agosto de 2026 a las 21:30:00 UTC-3","23 de agosto de 2026 a las 23:00:00 UTC-3","la extorsión","./explore?q=la%20extorsi%C3%B3n&geo=AR"
"bebu veron","200+","22 de agosto de 2026 a las 23:20:00 UTC-3","23 de agosto de 2026 a las 1:40:00 UTC-3","bebu veron","./explore?q=bebu%20veron&geo=AR"
"neymar","1 mil+","23 de agosto de 2026 a las 21:10:00 UTC-3","23 de agosto de 2026 a las 21:40:00 UTC-3","neymar","./explore?q=neymar&geo=AR"
"electricidad","500+","20 de agosto de 2026 a las 16:40:00 UTC-3","20 de agosto de 2026 a las 20:40:00 UTC-3","electricidad","./explore?q=electricidad&geo=AR"
"getafe","200+","23 de agosto de 2026 a las 15:20:00 UTC-3","23 de agosto de 2026 a las 17:10:00 UTC-3","getafe","./explore?q=getafe&geo=AR"
"river ayer","1 mil+","20 de agosto de 2026 a las 7:10:00 UTC-3","20 de agosto de 2026 a las 13:00:00 UTC-3","river ayer,como salio river hoy,lucas martínez quarta,martinez quarta","./explore?q=river%20ayer&geo=AR"
"borre","1 mil+","19 de agosto de 2026 a las 21:30:00 UTC-3","19 de agosto de 2026 a las 23:50:00 UTC-3","borre,rafael santos borré,cómo salió river hoy","./explore?q=borre&geo=AR"
"liga rafaelina","200+","23 de agosto de 2026 a las 17:00:00 UTC-3","23 de agosto de 2026 a las 19:00:00 UTC-3","liga rafaelina","./explore?q=liga%20rafaelina&geo=AR"
"valencia c. f. - celta de vigo","500+","22 de agosto de 2026 a las 14:30:00 UTC-3","22 de agosto de 2026 a las 17:10:00 UTC-3","valencia c. f. - celta de vigo","./explore?q=valencia%20c.%20f.%20-%20celta%20de%20vigo&geo=AR"
"granada - r.c.d. mallorca","100+","24 de agosto de 2026 a las 17:20:00 UTC-3","24 de agosto de 2026 a las 18:30:00 UTC-3","granada - r.c.d. mallorca","./explore?q=granada%20-%20r.c.d.%20mallorca&geo=AR"
"天気","200+","24 de agosto de 2026 a las 5:10:00 UTC-3","24 de agosto de 2026 a las 6:20:00 UTC-3","天気","./explore?q=%E5%A4%A9%E6%B0%97&geo=AR"
"gobernador","500+","21 de agosto de 2026 a las 12:10:00 UTC-3","21 de agosto de 2026 a las 17:50:00 UTC-3","gobernador","./explore?q=gobernador&geo=AR"
"barrio general paz","500+","19 de agosto de 2026 a las 14:40:00 UTC-3","19 de agosto de 2026 a las 20:20:00 UTC-3","barrio general paz","./explore?q=barrio%20general%20paz&geo=AR"
"eduardo sacheri","500+","21 de agosto de 2026 a las 22:00:00 UTC-3","22 de agosto de 2026 a las 0:00:00 UTC-3","eduardo sacheri,sacheri","./explore?q=eduardo%20sacheri&geo=AR"
"feyenoord","200+","23 de agosto de 2026 a las 12:10:00 UTC-3","23 de agosto de 2026 a las 13:40:00 UTC-3","feyenoord","./explore?q=feyenoord&geo=AR"
"プロ野球 速報","200+","24 de agosto de 2026 a las 5:10:00 UTC-3","24 de agosto de 2026 a las 6:20:00 UTC-3","プロ野球 速報","./explore?q=%E3%83%97%E3%83%AD%E9%87%8E%E7%90%83%20%E9%80%9F%E5%A0%B1&geo=AR"
"ビットコイン 価格","200+","24 de agosto de 2026 a las 5:10:00 UTC-3","24 de agosto de 2026 a las 6:20:00 UTC-3","ビットコイン 価格","./explore?q=%E3%83%93%E3%83%83%E3%83%88%E3%82%B3%E3%82%A4%E3%83%B3%20%E4%BE%A1%E6%A0%BC&geo=AR"
"carlos espi","500+","22 de agosto de 2026 a las 18:20:00 UTC-3","22 de agosto de 2026 a las 20:00:00 UTC-3","carlos espi,bellingham,jude bellingham","./explore?q=carlos%20espi&geo=AR"
"nieta","500+","21 de agosto de 2026 a las 19:50:00 UTC-3","21 de agosto de 2026 a las 23:20:00 UTC-3","nieta","./explore?q=nieta&geo=AR"
"israel","500+","20 de agosto de 2026 a las 13:10:00 UTC-3","20 de agosto de 2026 a las 18:00:00 UTC-3","israel","./explore?q=israel&geo=AR"
"betano","200+","25 de agosto de 2026 a las 5:40:00 UTC-3","25 de agosto de 2026 a las 6:10:00 UTC-3","betano","./explore?q=betano&geo=AR"
"martín guzmán","200+","23 de agosto de 2026 a las 14:20:00 UTC-3","23 de agosto de 2026 a las 17:20:00 UTC-3","martín guzmán","./explore?q=mart%C3%ADn%20guzm%C3%A1n&geo=AR"
"pedri","100+","24 de agosto de 2026 a las 19:30:00 UTC-3","24 de agosto de 2026 a las 20:20:00 UTC-3","pedri","./explore?q=pedri&geo=AR"
"h&m","500+","19 de agosto de 2026 a las 17:40:00 UTC-3","19 de agosto de 2026 a las 21:10:00 UTC-3","h&m","./explore?q=h%26m&geo=AR"
"boca vs sao paulo","1 mil+","18 de agosto de 2026 a las 23:50:00 UTC-3","19 de agosto de 2026 a las 12:10:00 UTC-3","boca vs sao paulo,jonathan calleri,calleri","./explore?q=boca%20vs%20sao%20paulo&geo=AR"
"víctor hugo morales","100+","24 de agosto de 2026 a las 17:10:00 UTC-3","24 de agosto de 2026 a las 18:00:00 UTC-3","víctor hugo morales","./explore?q=v%C3%ADctor%20hugo%20morales&geo=AR"
"movistar arena","500+","23 de agosto de 2026 a las 15:00:00 UTC-3","23 de agosto de 2026 a las 16:00:00 UTC-3","movistar arena","./explore?q=movistar%20arena&geo=AR"
"jorge porcel","500+","20 de agosto de 2026 a las 19:50:00 UTC-3","20 de agosto de 2026 a las 23:10:00 UTC-3","jorge porcel","./explore?q=jorge%20porcel&geo=AR"
"eltrecetv","1 mil+","18 de agosto de 2026 a las 21:20:00 UTC-3","18 de agosto de 2026 a las 23:30:00 UTC-3","eltrecetv,el trece tv","./explore?q=eltrecetv&geo=AR"
"sebastián báez","500+","20 de agosto de 2026 a las 22:30:00 UTC-3","21 de agosto de 2026 a las 1:00:00 UTC-3","sebastián báez","./explore?q=sebasti%C3%A1n%20b%C3%A1ez&geo=AR"
"championship","200+","22 de agosto de 2026 a las 11:00:00 UTC-3","22 de agosto de 2026 a las 14:10:00 UTC-3","championship","./explore?q=championship&geo=AR"
"gregory rodrigues","500+","22 de agosto de 2026 a las 23:10:00 UTC-3","23 de agosto de 2026 a las 1:00:00 UTC-3","gregory rodrigues,anthony hernandez","./explore?q=gregory%20rodrigues&geo=AR"
"poceada chaqueña","2 mil+","18 de agosto de 2026 a las 22:00:00 UTC-3","19 de agosto de 2026 a las 10:20:00 UTC-3","poceada chaqueña,quiniela chaqueña","./explore?q=poceada%20chaque%C3%B1a&geo=AR"
"river va","1 mil+","19 de agosto de 2026 a las 21:40:00 UTC-3","20 de agosto de 2026 a las 0:20:00 UTC-3","river va,cuanto va river,cómo salió river plate","./explore?q=river%20va&geo=AR"
"sara bejlek","500+","21 de agosto de 2026 a las 16:00:00 UTC-3","21 de agosto de 2026 a las 18:00:00 UTC-3","sara bejlek,madison keys","./explore?q=sara%20bejlek&geo=AR"
"juventus vs","200+","23 de agosto de 2026 a las 14:50:00 UTC-3","23 de agosto de 2026 a las 16:30:00 UTC-3","juventus vs","./explore?q=juventus%20vs&geo=AR"
"disney+","200+","23 de agosto de 2026 a las 9:50:00 UTC-3","23 de agosto de 2026 a las 11:20:00 UTC-3","disney+,disneyplus","./explore?q=disney%2B&geo=AR"
"ariadna tillar","500+","19 de agosto de 2026 a las 14:30:00 UTC-3","19 de agosto de 2026 a las 21:10:00 UTC-3","ariadna tillar","./explore?q=ariadna%20tillar&geo=AR"
"copa libertadores 2026","1 mil+","20 de agosto de 2026 a las 22:50:00 UTC-3","21 de agosto de 2026 a las 0:30:00 UTC-3","copa libertadores 2026,independiente del valle","./explore?q=copa%20libertadores%202026&geo=AR"
"thiago agustín tirante","1 mil+","20 de agosto de 2026 a las 22:00:00 UTC-3","20 de agosto de 2026 a las 23:20:00 UTC-3","thiago agustín tirante","./explore?q=thiago%20agust%C3%ADn%20tirante&geo=AR"
"tigres - atlante","500+","21 de agosto de 2026 a las 22:30:00 UTC-3","22 de agosto de 2026 a las 0:50:00 UTC-3","tigres - atlante,tigres","./explore?q=tigres%20-%20atlante&geo=AR"
"beto casella","200+","22 de agosto de 2026 a las 22:20:00 UTC-3","23 de agosto de 2026 a las 0:00:00 UTC-3","beto casella","./explore?q=beto%20casella&geo=AR"
"libertadores 2026","500+","20 de agosto de 2026 a las 21:30:00 UTC-3","21 de agosto de 2026 a las 0:50:00 UTC-3","libertadores 2026","./explore?q=libertadores%202026&geo=AR"
"rodrigo paz","500+","22 de agosto de 2026 a las 9:40:00 UTC-3","22 de agosto de 2026 a las 12:20:00 UTC-3","rodrigo paz,quien es cerimedo","./explore?q=rodrigo%20paz&geo=AR"
"tirante","1 mil+","20 de agosto de 2026 a las 22:10:00 UTC-3","21 de agosto de 2026 a las 0:00:00 UTC-3","tirante","./explore?q=tirante&geo=AR"
"tren de carga","500+","21 de agosto de 2026 a las 12:40:00 UTC-3","21 de agosto de 2026 a las 16:30:00 UTC-3","tren de carga","./explore?q=tren%20de%20carga&geo=AR"
"granja de bots","500+","20 de agosto de 2026 a las 20:00:00 UTC-3","21 de agosto de 2026 a las 9:40:00 UTC-3","granja de bots","./explore?q=granja%20de%20bots&geo=AR"
"liam lawson","200+","24 de agosto de 2026 a las 13:50:00 UTC-3","24 de agosto de 2026 a las 20:00:00 UTC-3","liam lawson","./explore?q=liam%20lawson&geo=AR"
"placa de nazca","500+","22 de agosto de 2026 a las 15:10:00 UTC-3","22 de agosto de 2026 a las 23:00:00 UTC-3","placa de nazca","./explore?q=placa%20de%20nazca&geo=AR"
"rever pass","500+","19 de agosto de 2026 a las 18:00:00 UTC-3","20 de agosto de 2026 a las 20:10:00 UTC-3","rever pass","./explore?q=rever%20pass&geo=AR"
"gendarmería","500+","21 de agosto de 2026 a las 11:30:00 UTC-3","21 de agosto de 2026 a las 14:30:00 UTC-3","gendarmería","./explore?q=gendarmer%C3%ADa&geo=AR"
"la liga","500+","19 de agosto de 2026 a las 16:20:00 UTC-3","19 de agosto de 2026 a las 19:30:00 UTC-3","la liga","./explore?q=la%20liga&geo=AR"
"futbol en vivo","500+","23 de agosto de 2026 a las 22:00:00 UTC-3","23 de agosto de 2026 a las 22:50:00 UTC-3","futbol en vivo,campeonato argentino","./explore?q=futbol%20en%20vivo&geo=AR"
"coco gauff","500+","21 de agosto de 2026 a las 22:50:00 UTC-3","22 de agosto de 2026 a las 1:00:00 UTC-3","coco gauff","./explore?q=coco%20gauff&geo=AR"
"gabriel rolón","200+","23 de agosto de 2026 a las 14:30:00 UTC-3","23 de agosto de 2026 a las 16:30:00 UTC-3","gabriel rolón","./explore?q=gabriel%20rol%C3%B3n&geo=AR"
"atlanta","200+","22 de agosto de 2026 a las 16:10:00 UTC-3","22 de agosto de 2026 a las 18:40:00 UTC-3","atlanta","./explore?q=atlanta&geo=AR"
"juventud antoniana","200+","21 de agosto de 2026 a las 21:50:00 UTC-3","22 de agosto de 2026 a las 0:20:00 UTC-3","juventud antoniana","./explore?q=juventud%20antoniana&geo=AR"
"atalanta","1 mil+","20 de agosto de 2026 a las 16:40:00 UTC-3","20 de agosto de 2026 a las 18:30:00 UTC-3","atalanta,atalanta - h. tel aviv,liga conferencia","./explore?q=atalanta&geo=AR"
"volkswagen tukan","200+","22 de agosto de 2026 a las 3:40:00 UTC-3","22 de agosto de 2026 a las 10:00:00 UTC-3","volkswagen tukan","./explore?q=volkswagen%20tukan&geo=AR"
"fed rate decision","200+","24 de agosto de 2026 a las 5:30:00 UTC-3","24 de agosto de 2026 a las 6:20:00 UTC-3","fed rate decision","./explore?q=fed%20rate%20decision&geo=AR"
"brighton","200+","23 de agosto de 2026 a las 11:10:00 UTC-3","23 de agosto de 2026 a las 13:30:00 UTC-3","brighton","./explore?q=brighton&geo=AR"
"mar del plata","1 mil+","19 de agosto de 2026 a las 17:20:00 UTC-3","19 de agosto de 2026 a las 19:00:00 UTC-3","mar del plata","./explore?q=mar%20del%20plata&geo=AR"
"temperatura buenos aires","200+","24 de agosto de 2026 a las 5:30:00 UTC-3","24 de agosto de 2026 a las 8:10:00 UTC-3","temperatura buenos aires","./explore?q=temperatura%20buenos%20aires&geo=AR"
"elena rybakina","500+","20 de agosto de 2026 a las 20:30:00 UTC-3","20 de agosto de 2026 a las 22:20:00 UTC-3","elena rybakina","./explore?q=elena%20rybakina&geo=AR"
"tren de carga","200+","22 de agosto de 2026 a las 18:20:00 UTC-3","22 de agosto de 2026 a las 19:50:00 UTC-3","tren de carga","./explore?q=tren%20de%20carga&geo=AR"
"depay","500+","20 de agosto de 2026 a las 22:20:00 UTC-3","21 de agosto de 2026 a las 0:20:00 UTC-3","depay","./explore?q=depay&geo=AR"
"martirena","200+","23 de agosto de 2026 a las 22:40:00 UTC-3","23 de agosto de 2026 a las 23:50:00 UTC-3","martirena","./explore?q=martirena&geo=AR"
"netflix","200+","24 de agosto de 2026 a las 5:10:00 UTC-3","24 de agosto de 2026 a las 6:00:00 UTC-3","netflix","./explore?q=netflix&geo=AR"
"kyrgios","500+","19 de agosto de 2026 a las 8:50:00 UTC-3","19 de agosto de 2026 a las 15:50:00 UTC-3","kyrgios,nick kyrgios","./explore?q=kyrgios&geo=AR"
"fighiera","500+","19 de agosto de 2026 a las 17:10:00 UTC-3","19 de agosto de 2026 a las 20:40:00 UTC-3","fighiera","./explore?q=fighiera&geo=AR"
"mar","200+","23 de agosto de 2026 a las 16:30:00 UTC-3","23 de agosto de 2026 a las 19:40:00 UTC-3","mar","./explore?q=mar&geo=AR"
"fabio","2 mil+","18 de agosto de 2026 a las 21:00:00 UTC-3","18 de agosto de 2026 a las 22:20:00 UTC-3","fabio,nicolas bolcato,alex arce,fábio deivson lopes maciel,independiente rivadavia fluminense,lepra vs fluminense,álex arce,independiente vs fluminense,la lepra,la lepra hoy,arce independiente rivadavia","./explore?q=fabio&geo=AR"
"sporting lisboa - futebol clube de alverca","200+","22 de agosto de 2026 a las 17:10:00 UTC-3","22 de agosto de 2026 a las 19:20:00 UTC-3","sporting lisboa - futebol clube de alverca,sporting lisboa","./explore?q=sporting%20lisboa%20-%20futebol%20clube%20de%20alverca&geo=AR"
"hadjar","200+","23 de agosto de 2026 a las 10:10:00 UTC-3","23 de agosto de 2026 a las 11:50:00 UTC-3","hadjar","./explore?q=hadjar&geo=AR"
"denisse gonzález gran hermano","200+","22 de agosto de 2026 a las 9:00:00 UTC-3","22 de agosto de 2026 a las 11:00:00 UTC-3","denisse gonzález gran hermano,denisse gonzalez salud","./explore?q=denisse%20gonz%C3%A1lez%20gran%20hermano&geo=AR"
"boeing kc-46","200+","23 de agosto de 2026 a las 18:10:00 UTC-3","23 de agosto de 2026 a las 21:00:00 UTC-3","boeing kc-46","./explore?q=boeing%20kc-46&geo=AR"
"monaco fc","200+","23 de agosto de 2026 a las 13:40:00 UTC-3","23 de agosto de 2026 a las 15:00:00 UTC-3","monaco fc","./explore?q=monaco%20fc&geo=AR"
"wanda nara","1 mil+","20 de agosto de 2026 a las 14:50:00 UTC-3","20 de agosto de 2026 a las 17:40:00 UTC-3","wanda nara","./explore?q=wanda%20nara&geo=AR"
"liga inglesa","200+","23 de agosto de 2026 a las 11:40:00 UTC-3","23 de agosto de 2026 a las 13:20:00 UTC-3","liga inglesa","./explore?q=liga%20inglesa&geo=AR"
"josé luis daza","500+","20 de agosto de 2026 a las 19:30:00 UTC-3","20 de agosto de 2026 a las 22:00:00 UTC-3","josé luis daza","./explore?q=jos%C3%A9%20luis%20daza&geo=AR"
"camila morrone","200+","23 de agosto de 2026 a las 12:50:00 UTC-3","23 de agosto de 2026 a las 14:00:00 UTC-3","camila morrone","./explore?q=camila%20morrone&geo=AR"
"hadjar","500+","22 de agosto de 2026 a las 11:10:00 UTC-3","22 de agosto de 2026 a las 12:40:00 UTC-3","hadjar,tsunoda","./explore?q=hadjar&geo=AR"
"federal a","200+","23 de agosto de 2026 a las 17:30:00 UTC-3","23 de agosto de 2026 a las 18:40:00 UTC-3","federal a","./explore?q=federal%20a&geo=AR"
"wolfsburg","100+","24 de agosto de 2026 a las 15:00:00 UTC-3","24 de agosto de 2026 a las 15:40:00 UTC-3","wolfsburg","./explore?q=wolfsburg&geo=AR"
"asociación ilícita","200+","20 de agosto de 2026 a las 18:10:00 UTC-3","20 de agosto de 2026 a las 21:00:00 UTC-3","asociación ilícita","./explore?q=asociaci%C3%B3n%20il%C3%ADcita&geo=AR"
"político","200+","21 de agosto de 2026 a las 8:50:00 UTC-3","21 de agosto de 2026 a las 14:30:00 UTC-3","político","./explore?q=pol%C3%ADtico&geo=AR"
"tirante","1 mil+","19 de agosto de 2026 a las 16:10:00 UTC-3","19 de agosto de 2026 a las 18:00:00 UTC-3","tirante","./explore?q=tirante&geo=AR"
"posiciones de athletic club contra sevilla fc","200+","22 de agosto de 2026 a las 14:30:00 UTC-3","22 de agosto de 2026 a las 16:00:00 UTC-3","posiciones de athletic club contra sevilla fc","./explore?q=posiciones%20de%20athletic%20club%20contra%20sevilla%20fc&geo=AR"
"lafc - timbers","200+","23 de agosto de 2026 a las 0:10:00 UTC-3","23 de agosto de 2026 a las 2:50:00 UTC-3","lafc - timbers","./explore?q=lafc%20-%20timbers&geo=AR"
"cruzeiro x flamengo","200+","22 de agosto de 2026 a las 20:50:00 UTC-3","22 de agosto de 2026 a las 22:50:00 UTC-3","cruzeiro x flamengo","./explore?q=cruzeiro%20x%20flamengo&geo=AR"
"crucigrama la nacion","200+","24 de agosto de 2026 a las 8:10:00 UTC-3","24 de agosto de 2026 a las 9:10:00 UTC-3","crucigrama la nacion","./explore?q=crucigrama%20la%20nacion&geo=AR"
"como vs","200+","22 de agosto de 2026 a las 14:50:00 UTC-3","22 de agosto de 2026 a las 16:30:00 UTC-3","como vs","./explore?q=como%20vs&geo=AR"
"charles leclerc","200+","23 de agosto de 2026 a las 11:30:00 UTC-3","23 de agosto de 2026 a las 12:40:00 UTC-3","charles leclerc,lewis hamilton,ferrari","./explore?q=charles%20leclerc&geo=AR"
"rayo vallecano","500+","20 de agosto de 2026 a las 16:40:00 UTC-3","20 de agosto de 2026 a las 19:00:00 UTC-3","rayo vallecano","./explore?q=rayo%20vallecano&geo=AR"
"glaciar","200+","20 de agosto de 2026 a las 12:00:00 UTC-3","20 de agosto de 2026 a las 16:10:00 UTC-3","glaciar","./explore?q=glaciar&geo=AR"
"flavio cobolli","500+","20 de agosto de 2026 a las 17:20:00 UTC-3","20 de agosto de 2026 a las 19:40:00 UTC-3","flavio cobolli,tommy paul,cobolli","./explore?q=flavio%20cobolli&geo=AR"
"mickey rourke","200+","21 de agosto de 2026 a las 14:40:00 UTC-3","21 de agosto de 2026 a las 17:00:00 UTC-3","mickey rourke","./explore?q=mickey%20rourke&geo=AR"
"flavio cobolli","200+","22 de agosto de 2026 a las 16:10:00 UTC-3","22 de agosto de 2026 a las 17:40:00 UTC-3","flavio cobolli,bejlek","./explore?q=flavio%20cobolli&geo=AR"
"f1 tv","200+","23 de agosto de 2026 a las 10:00:00 UTC-3","23 de agosto de 2026 a las 11:20:00 UTC-3","f1 tv","./explore?q=f1%20tv&geo=AR"
"america","200+","22 de agosto de 2026 a las 0:30:00 UTC-3","22 de agosto de 2026 a las 3:00:00 UTC-3","america","./explore?q=america&geo=AR"
"boxeo hoy","200+","22 de agosto de 2026 a las 23:00:00 UTC-3","23 de agosto de 2026 a las 0:40:00 UTC-3","boxeo hoy","./explore?q=boxeo%20hoy&geo=AR"
"openai","100+","24 de agosto de 2026 a las 5:00:00 UTC-3","24 de agosto de 2026 a las 6:10:00 UTC-3","openai","./explore?q=openai&geo=AR"
"a","100+","24 de agosto de 2026 a las 4:50:00 UTC-3","24 de agosto de 2026 a las 6:30:00 UTC-3","a","./explore?q=a&geo=AR"
"javier milei","200+","21 de agosto de 2026 a las 22:10:00 UTC-3","22 de agosto de 2026 a las 8:40:00 UTC-3","javier milei","./explore?q=javier%20milei&geo=AR"
"clarín","500+","20 de agosto de 2026 a las 18:20:00 UTC-3","20 de agosto de 2026 a las 19:50:00 UTC-3","clarín","./explore?q=clar%C3%ADn&geo=AR"
"al feiha - al hilal","200+","20 de agosto de 2026 a las 15:10:00 UTC-3","20 de agosto de 2026 a las 17:30:00 UTC-3","al feiha - al hilal","./explore?q=al%20feiha%20-%20al%20hilal&geo=AR"
"jannik sinner","200+","21 de agosto de 2026 a las 15:50:00 UTC-3","21 de agosto de 2026 a las 17:40:00 UTC-3","jannik sinner","./explore?q=jannik%20sinner&geo=AR"
"cronograma","100+","24 de agosto de 2026 a las 11:30:00 UTC-3","24 de agosto de 2026 a las 12:10:00 UTC-3","cronograma","./explore?q=cronograma&geo=AR"
"querétaro - toluca","200+","22 de agosto de 2026 a las 0:40:00 UTC-3","22 de agosto de 2026 a las 2:30:00 UTC-3","querétaro - toluca,toluca","./explore?q=quer%C3%A9taro%20-%20toluca&geo=AR"
"juárez - américa","200+","22 de agosto de 2026 a las 0:20:00 UTC-3","22 de agosto de 2026 a las 2:00:00 UTC-3","juárez - américa","./explore?q=ju%C3%A1rez%20-%20am%C3%A9rica&geo=AR"
"flamengo vs. cruzeiro","500+","19 de agosto de 2026 a las 22:10:00 UTC-3","20 de agosto de 2026 a las 0:20:00 UTC-3","flamengo vs. cruzeiro","./explore?q=flamengo%20vs.%20cruzeiro&geo=AR"
"pronostico rosario","100+","24 de agosto de 2026 a las 7:00:00 UTC-3","24 de agosto de 2026 a las 8:00:00 UTC-3","pronostico rosario","./explore?q=pronostico%20rosario&geo=AR"
"dylan gorosito","100+","23 de agosto de 2026 a las 22:50:00 UTC-3","23 de agosto de 2026 a las 23:50:00 UTC-3","dylan gorosito","./explore?q=dylan%20gorosito&geo=AR"
"liga mx","200+","22 de agosto de 2026 a las 0:20:00 UTC-3","22 de agosto de 2026 a las 2:00:00 UTC-3","liga mx,guadalajara - tijuana","./explore?q=liga%20mx&geo=AR"
"atalanta - sassuolo","100+","23 de agosto de 2026 a las 15:50:00 UTC-3","23 de agosto de 2026 a las 16:50:00 UTC-3","atalanta - sassuolo","./explore?q=atalanta%20-%20sassuolo&geo=AR"
"disney plus","2 mil+","19 de agosto de 2026 a las 21:30:00 UTC-3","19 de agosto de 2026 a las 22:30:00 UTC-3","disney plus","./explore?q=disney%20plus&geo=AR"
"película","200+","20 de agosto de 2026 a las 13:50:00 UTC-3","20 de agosto de 2026 a las 17:50:00 UTC-3","película","./explore?q=pel%C3%ADcula&geo=AR"
"maju lozano","200+","21 de agosto de 2026 a las 21:10:00 UTC-3","21 de agosto de 2026 a las 22:20:00 UTC-3","maju lozano","./explore?q=maju%20lozano&geo=AR"
"junior - once caldas","200+","23 de agosto de 2026 a las 22:50:00 UTC-3","24 de agosto de 2026 a las 0:50:00 UTC-3","junior - once caldas,junior","./explore?q=junior%20-%20once%20caldas&geo=AR"
"córdoba - girona","200+","21 de agosto de 2026 a las 16:20:00 UTC-3","21 de agosto de 2026 a las 18:30:00 UTC-3","córdoba - girona","./explore?q=c%C3%B3rdoba%20-%20girona&geo=AR"
"crunchyroll","100+","24 de agosto de 2026 a las 3:00:00 UTC-3","24 de agosto de 2026 a las 4:40:00 UTC-3","crunchyroll","./explore?q=crunchyroll&geo=AR"
"ph podemos hablar","200+","22 de agosto de 2026 a las 21:20:00 UTC-3","22 de agosto de 2026 a las 22:30:00 UTC-3","ph podemos hablar","./explore?q=ph%20podemos%20hablar&geo=AR"
"cruz azul - atlas","200+","23 de agosto de 2026 a las 0:30:00 UTC-3","23 de agosto de 2026 a las 1:50:00 UTC-3","cruz azul - atlas","./explore?q=cruz%20azul%20-%20atlas&geo=AR"
"pronostico cordoba","200+","24 de agosto de 2026 a las 6:40:00 UTC-3","24 de agosto de 2026 a las 7:50:00 UTC-3","pronostico cordoba,tiempo en cordoba","./explore?q=pronostico%20cordoba&geo=AR"
"porto - arouca","100+","23 de agosto de 2026 a las 18:20:00 UTC-3","23 de agosto de 2026 a las 19:20:00 UTC-3","porto - arouca","./explore?q=porto%20-%20arouca&geo=AR"
"boca ahora","200+","23 de agosto de 2026 a las 22:20:00 UTC-3","23 de agosto de 2026 a las 23:00:00 UTC-3","boca ahora","./explore?q=boca%20ahora&geo=AR"
"vasco","500+","20 de agosto de 2026 a las 20:20:00 UTC-3","20 de agosto de 2026 a las 22:00:00 UTC-3","vasco,vasco da gama","./explore?q=vasco&geo=AR"
"lotería de santa fe","500+","24 de agosto de 2026 a las 7:40:00 UTC-3","24 de agosto de 2026 a las 8:30:00 UTC-3","lotería de santa fe,quinielas de hoy","./explore?q=loter%C3%ADa%20de%20santa%20fe&geo=AR"
"mirassol","500+","20 de agosto de 2026 a las 20:50:00 UTC-3","20 de agosto de 2026 a las 22:20:00 UTC-3","mirassol,mirassol fc","./explore?q=mirassol&geo=AR"
"michael estrada","200+","21 de agosto de 2026 a las 13:00:00 UTC-3","21 de agosto de 2026 a las 20:30:00 UTC-3","michael estrada","./explore?q=michael%20estrada&geo=AR"
"el trece","500+","18 de agosto de 2026 a las 21:20:00 UTC-3","18 de agosto de 2026 a las 23:30:00 UTC-3","el trece","./explore?q=el%20trece&geo=AR"
"posiciones de alianza atlético contra sporting cristal","200+","21 de agosto de 2026 a las 19:20:00 UTC-3","21 de agosto de 2026 a las 20:40:00 UTC-3","posiciones de alianza atlético contra sporting cristal","./explore?q=posiciones%20de%20alianza%20atl%C3%A9tico%20contra%20sporting%20cristal&geo=AR"
"vivienda","200+","21 de agosto de 2026 a las 16:50:00 UTC-3","21 de agosto de 2026 a las 19:20:00 UTC-3","vivienda","./explore?q=vivienda&geo=AR"
"zandvoort","200+","22 de agosto de 2026 a las 11:00:00 UTC-3","22 de agosto de 2026 a las 12:40:00 UTC-3","zandvoort","./explore?q=zandvoort&geo=AR"
"liberty - fever","200+","22 de agosto de 2026 a las 20:30:00 UTC-3","22 de agosto de 2026 a las 22:30:00 UTC-3","liberty - fever","./explore?q=liberty%20-%20fever&geo=AR"
"wrexham - watford","200+","22 de agosto de 2026 a las 11:50:00 UTC-3","22 de agosto de 2026 a las 13:20:00 UTC-3","wrexham - watford","./explore?q=wrexham%20-%20watford&geo=AR"
"sky - fever","100+","23 de agosto de 2026 a las 20:50:00 UTC-3","23 de agosto de 2026 a las 21:40:00 UTC-3","sky - fever","./explore?q=sky%20-%20fever&geo=AR"
"george russell","100+","23 de agosto de 2026 a las 12:10:00 UTC-3","23 de agosto de 2026 a las 13:10:00 UTC-3","george russell","./explore?q=george%20russell&geo=AR"
"precipitación","200+","20 de agosto de 2026 a las 19:10:00 UTC-3","20 de agosto de 2026 a las 22:50:00 UTC-3","precipitación","./explore?q=precipitaci%C3%B3n&geo=AR"
"isla","200+","19 de agosto de 2026 a las 13:30:00 UTC-3","19 de agosto de 2026 a las 16:00:00 UTC-3","isla","./explore?q=isla&geo=AR"
"aura","500+","18 de agosto de 2026 a las 22:40:00 UTC-3","19 de agosto de 2026 a las 15:30:00 UTC-3","aura,que es farmear","./explore?q=aura&geo=AR"
"marcos giles","200+","22 de agosto de 2026 a las 23:50:00 UTC-3","23 de agosto de 2026 a las 0:50:00 UTC-3","marcos giles","./explore?q=marcos%20giles&geo=AR"
"c5n en vivo","100+","24 de agosto de 2026 a las 6:10:00 UTC-3","24 de agosto de 2026 a las 7:20:00 UTC-3","c5n en vivo","./explore?q=c5n%20en%20vivo&geo=AR"
"ps6","200+","19 de agosto de 2026 a las 17:30:00 UTC-3","19 de agosto de 2026 a las 20:30:00 UTC-3","ps6","./explore?q=ps6&geo=AR"
"fortaleza - são bernardo","200+","19 de agosto de 2026 a las 19:30:00 UTC-3","19 de agosto de 2026 a las 21:20:00 UTC-3","fortaleza - são bernardo","./explore?q=fortaleza%20-%20s%C3%A3o%20bernardo&geo=AR"
"animal","200+","19 de agosto de 2026 a las 7:50:00 UTC-3","19 de agosto de 2026 a las 15:00:00 UTC-3","animal","./explore?q=animal&geo=AR"
"vitória - bahía","100+","23 de agosto de 2026 a las 16:20:00 UTC-3","23 de agosto de 2026 a las 17:10:00 UTC-3","vitória - bahía","./explore?q=vit%C3%B3ria%20-%20bah%C3%ADa&geo=AR"
"telefe","1 mil+","19 de agosto de 2026 a las 22:40:00 UTC-3","19 de agosto de 2026 a las 23:50:00 UTC-3","telefe","./explore?q=telefe&geo=AR"
"torneo argentino","200+","24 de agosto de 2026 a las 0:00:00 UTC-3","24 de agosto de 2026 a las 0:30:00 UTC-3","torneo argentino","./explore?q=torneo%20argentino&geo=AR"
"yuri alberto","200+","20 de agosto de 2026 a las 22:20:00 UTC-3","21 de agosto de 2026 a las 0:00:00 UTC-3","yuri alberto","./explore?q=yuri%20alberto&geo=AR"
"fernando alonso","100+","23 de agosto de 2026 a las 11:50:00 UTC-3","23 de agosto de 2026 a las 13:00:00 UTC-3","fernando alonso","./explore?q=fernando%20alonso&geo=AR"
"general paz","200+","19 de agosto de 2026 a las 7:50:00 UTC-3","19 de agosto de 2026 a las 11:00:00 UTC-3","general paz","./explore?q=general%20paz&geo=AR"
"fútbol","500+","19 de agosto de 2026 a las 22:00:00 UTC-3","19 de agosto de 2026 a las 23:30:00 UTC-3","fútbol","./explore?q=f%C3%BAtbol&geo=AR"
"alejandro awada","100+","23 de agosto de 2026 a las 15:20:00 UTC-3","23 de agosto de 2026 a las 16:30:00 UTC-3","alejandro awada","./explore?q=alejandro%20awada&geo=AR"
"marta kostiuk","200+","21 de agosto de 2026 a las 23:10:00 UTC-3","22 de agosto de 2026 a las 0:30:00 UTC-3","marta kostiuk","./explore?q=marta%20kostiuk&geo=AR"
"edlp","500+","18 de agosto de 2026 a las 22:10:00 UTC-3","19 de agosto de 2026 a las 0:10:00 UTC-3","edlp","./explore?q=edlp&geo=AR"
"cuando","100+","23 de agosto de 2026 a las 18:30:00 UTC-3","23 de agosto de 2026 a las 19:20:00 UTC-3","cuando","./explore?q=cuando&geo=AR"
"diario textual","100+","24 de agosto de 2026 a las 7:00:00 UTC-3","24 de agosto de 2026 a las 8:00:00 UTC-3","diario textual","./explore?q=diario%20textual&geo=AR"
"raphinha","100+","23 de agosto de 2026 a las 18:20:00 UTC-3","23 de agosto de 2026 a las 19:10:00 UTC-3","raphinha","./explore?q=raphinha&geo=AR"
"nathaniel brown","100+","22 de agosto de 2026 a las 16:30:00 UTC-3","22 de agosto de 2026 a las 17:40:00 UTC-3","nathaniel brown","./explore?q=nathaniel%20brown&geo=AR"
"braian romero","200+","20 de agosto de 2026 a las 19:40:00 UTC-3","20 de agosto de 2026 a las 21:20:00 UTC-3","braian romero","./explore?q=braian%20romero&geo=AR"
"audax italiano - u. la calera","200+","21 de agosto de 2026 a las 22:00:00 UTC-3","21 de agosto de 2026 a las 23:30:00 UTC-3","audax italiano - u. la calera","./explore?q=audax%20italiano%20-%20u.%20la%20calera&geo=AR"
"canal 13 en vivo","200+","18 de agosto de 2026 a las 21:10:00 UTC-3","18 de agosto de 2026 a las 23:20:00 UTC-3","canal 13 en vivo","./explore?q=canal%2013%20en%20vivo&geo=AR"
"union vs","200+","21 de agosto de 2026 a las 15:50:00 UTC-3","21 de agosto de 2026 a las 17:00:00 UTC-3","union vs","./explore?q=union%20vs&geo=AR"
"facundo colidio","200+","23 de agosto de 2026 a las 18:30:00 UTC-3","23 de agosto de 2026 a las 19:00:00 UTC-3","facundo colidio","./explore?q=facundo%20colidio&geo=AR"
"disney","1 mil+","19 de agosto de 2026 a las 21:50:00 UTC-3","19 de agosto de 2026 a las 22:30:00 UTC-3","disney","./explore?q=disney&geo=AR"
"argentina","500+","20 de agosto de 2026 a las 7:30:00 UTC-3","20 de agosto de 2026 a las 9:50:00 UTC-3","argentina,ambito","./explore?q=argentina&geo=AR"
"flamengo x cruzeiro","200+","19 de agosto de 2026 a las 21:40:00 UTC-3","19 de agosto de 2026 a las 23:40:00 UTC-3","flamengo x cruzeiro","./explore?q=flamengo%20x%20cruzeiro&geo=AR"
"superávit económico","100+","23 de agosto de 2026 a las 9:50:00 UTC-3","23 de agosto de 2026 a las 11:00:00 UTC-3","superávit económico","./explore?q=super%C3%A1vit%20econ%C3%B3mico&geo=AR"
"diario ole","100+","24 de agosto de 2026 a las 7:20:00 UTC-3","24 de agosto de 2026 a las 8:00:00 UTC-3","diario ole","./explore?q=diario%20ole&geo=AR"
"sedán","200+","21 de agosto de 2026 a las 21:00:00 UTC-3","21 de agosto de 2026 a las 22:00:00 UTC-3","sedán","./explore?q=sed%C3%A1n&geo=AR"
"classroom","500+","21 de agosto de 2026 a las 8:20:00 UTC-3","21 de agosto de 2026 a las 9:00:00 UTC-3","classroom","./explore?q=classroom&geo=AR"
"canal 13","200+","18 de agosto de 2026 a las 21:30:00 UTC-3","18 de agosto de 2026 a las 23:20:00 UTC-3","canal 13","./explore?q=canal%2013&geo=AR"
"número de la suerte","100+","22 de agosto de 2026 a las 22:30:00 UTC-3","22 de agosto de 2026 a las 23:40:00 UTC-3","número de la suerte","./explore?q=n%C3%BAmero%20de%20la%20suerte&geo=AR"
"papa león xiv","200+","20 de agosto de 2026 a las 19:40:00 UTC-3","20 de agosto de 2026 a las 21:00:00 UTC-3","papa león xiv","./explore?q=papa%20le%C3%B3n%20xiv&geo=AR"
"la capital","100+","24 de agosto de 2026 a las 7:00:00 UTC-3","24 de agosto de 2026 a las 7:40:00 UTC-3","la capital","./explore?q=la%20capital&geo=AR"
"cipolletti","200+","20 de agosto de 2026 a las 21:30:00 UTC-3","20 de agosto de 2026 a las 22:30:00 UTC-3","cipolletti","./explore?q=cipolletti&geo=AR"
"jonathan spiff","200+","19 de agosto de 2026 a las 22:00:00 UTC-3","19 de agosto de 2026 a las 23:50:00 UTC-3","jonathan spiff","./explore?q=jonathan%20spiff&geo=AR"
"clima salta","100+","24 de agosto de 2026 a las 6:20:00 UTC-3","24 de agosto de 2026 a las 7:20:00 UTC-3","clima salta","./explore?q=clima%20salta&geo=AR"
"the strongest","200+","21 de agosto de 2026 a las 20:30:00 UTC-3","21 de agosto de 2026 a las 22:00:00 UTC-3","the strongest","./explore?q=the%20strongest&geo=AR"
"dazn","100+","23 de agosto de 2026 a las 10:10:00 UTC-3","23 de agosto de 2026 a las 11:10:00 UTC-3","dazn","./explore?q=dazn&geo=AR"
"19 de agosto","200+","19 de agosto de 2026 a las 9:40:00 UTC-3","19 de agosto de 2026 a las 15:20:00 UTC-3","19 de agosto","./explore?q=19%20de%20agosto&geo=AR"
"patricia sosa","200+","20 de agosto de 2026 a las 22:00:00 UTC-3","20 de agosto de 2026 a las 23:30:00 UTC-3","patricia sosa","./explore?q=patricia%20sosa&geo=AR"
"new york rb - nashville sc","200+","19 de agosto de 2026 a las 20:40:00 UTC-3","19 de agosto de 2026 a las 23:50:00 UTC-3","new york rb - nashville sc","./explore?q=new%20york%20rb%20-%20nashville%20sc&geo=AR"
"datachaco","100+","24 de agosto de 2026 a las 7:50:00 UTC-3","24 de agosto de 2026 a las 8:30:00 UTC-3","datachaco","./explore?q=datachaco&geo=AR"
"al-nassr football club","200+","21 de agosto de 2026 a las 19:50:00 UTC-3","21 de agosto de 2026 a las 21:00:00 UTC-3","al-nassr football club","./explore?q=al-nassr%20football%20club&geo=AR"
"yellowstone","200+","19 de agosto de 2026 a las 20:20:00 UTC-3","19 de agosto de 2026 a las 22:00:00 UTC-3","yellowstone","./explore?q=yellowstone&geo=AR"
"the pitt","200+","21 de agosto de 2026 a las 19:50:00 UTC-3","21 de agosto de 2026 a las 22:20:00 UTC-3","the pitt","./explore?q=the%20pitt&geo=AR"
"fortaleza - atlético nacional","100+","23 de agosto de 2026 a las 18:10:00 UTC-3","23 de agosto de 2026 a las 18:50:00 UTC-3","fortaleza - atlético nacional","./explore?q=fortaleza%20-%20atl%C3%A9tico%20nacional&geo=AR"
"maluma","100+","23 de agosto de 2026 a las 20:40:00 UTC-3","23 de agosto de 2026 a las 21:10:00 UTC-3","maluma","./explore?q=maluma&geo=AR"
"mi telefe","500+","19 de agosto de 2026 a las 22:40:00 UTC-3","19 de agosto de 2026 a las 23:50:00 UTC-3","mi telefe","./explore?q=mi%20telefe&geo=AR"
"bayer","100+","22 de agosto de 2026 a las 17:20:00 UTC-3","22 de agosto de 2026 a las 18:20:00 UTC-3","bayer","./explore?q=bayer&geo=AR"
"bayer leverkusen","100+","22 de agosto de 2026 a las 15:30:00 UTC-3","22 de agosto de 2026 a las 16:40:00 UTC-3","bayer leverkusen","./explore?q=bayer%20leverkusen&geo=AR"
"moron","100+","21 de agosto de 2026 a las 17:10:00 UTC-3","21 de agosto de 2026 a las 18:20:00 UTC-3","moron","./explore?q=moron&geo=AR"
"club sportivo independiente rivadavia","200+","21 de agosto de 2026 a las 21:00:00 UTC-3","21 de agosto de 2026 a las 22:00:00 UTC-3","club sportivo independiente rivadavia","./explore?q=club%20sportivo%20independiente%20rivadavia&geo=AR"
"rafael jódar","200+","19 de agosto de 2026 a las 13:40:00 UTC-3","19 de agosto de 2026 a las 15:20:00 UTC-3","rafael jódar","./explore?q=rafael%20j%C3%B3dar&geo=AR"
"manchester united vs","100+","22 de agosto de 2026 a las 10:40:00 UTC-3","22 de agosto de 2026 a las 11:40:00 UTC-3","manchester united vs","./explore?q=manchester%20united%20vs&geo=AR"
"teams","100+","22 de agosto de 2026 a las 9:00:00 UTC-3","22 de agosto de 2026 a las 10:00:00 UTC-3","teams","./explore?q=teams&geo=AR"
"diomande","100+","22 de agosto de 2026 a las 18:20:00 UTC-3","22 de agosto de 2026 a las 19:00:00 UTC-3","diomande","./explore?q=diomande&geo=AR"
"brighton vs aston villa","100+","23 de agosto de 2026 a las 11:50:00 UTC-3","23 de agosto de 2026 a las 12:30:00 UTC-3","brighton vs aston villa","./explore?q=brighton%20vs%20aston%20villa&geo=AR"
"fenerbahçe - konyaspor","100+","22 de agosto de 2026 a las 15:50:00 UTC-3","22 de agosto de 2026 a las 16:40:00 UTC-3","fenerbahçe - konyaspor","./explore?q=fenerbah%C3%A7e%20-%20konyaspor&geo=AR"
"cronica","100+","23 de agosto de 2026 a las 7:20:00 UTC-3","23 de agosto de 2026 a las 10:10:00 UTC-3","cronica","./explore?q=cronica&geo=AR"
"psv","100+","23 de agosto de 2026 a las 10:40:00 UTC-3","23 de agosto de 2026 a las 11:20:00 UTC-3","psv","./explore?q=psv&geo=AR"
"porto vs","100+","23 de agosto de 2026 a las 18:20:00 UTC-3","23 de agosto de 2026 a las 18:50:00 UTC-3","porto vs","./explore?q=porto%20vs&geo=AR"
"dia del folklore","100+","22 de agosto de 2026 a las 11:30:00 UTC-3","22 de agosto de 2026 a las 12:40:00 UTC-3","dia del folklore","./explore?q=dia%20del%20folklore&geo=AR"
"deyverson","200+","20 de agosto de 2026 a las 21:00:00 UTC-3","20 de agosto de 2026 a las 22:10:00 UTC-3","deyverson","./explore?q=deyverson&geo=AR"
"quiniela de tucuman","500+","19 de agosto de 2026 a las 12:40:00 UTC-3","19 de agosto de 2026 a las 20:50:00 UTC-3","quiniela de tucuman,quinielas de hoy en vivo","./explore?q=quiniela%20de%20tucuman&geo=AR"
"huracán","100+","22 de agosto de 2026 a las 23:20:00 UTC-3","23 de agosto de 2026 a las 0:00:00 UTC-3","huracán","./explore?q=hurac%C3%A1n&geo=AR"
"álvaro montero","200+","23 de agosto de 2026 a las 22:10:00 UTC-3","23 de agosto de 2026 a las 22:30:00 UTC-3","álvaro montero","./explore?q=%C3%A1lvaro%20montero&geo=AR"
"presidente","100+","21 de agosto de 2026 a las 19:50:00 UTC-3","21 de agosto de 2026 a las 21:00:00 UTC-3","presidente","./explore?q=presidente&geo=AR"
"filtraciones gta vi","200+","19 de agosto de 2026 a las 1:00:00 UTC-3","19 de agosto de 2026 a las 4:10:00 UTC-3","filtraciones gta vi","./explore?q=filtraciones%20gta%20vi&geo=AR"
"epic games","200+","22 de agosto de 2026 a las 14:10:00 UTC-3","22 de agosto de 2026 a las 15:00:00 UTC-3","epic games","./explore?q=epic%20games&geo=AR"
"fábrica","200+","21 de agosto de 2026 a las 7:50:00 UTC-3","21 de agosto de 2026 a las 8:30:00 UTC-3","fábrica","./explore?q=f%C3%A1brica&geo=AR"
"clima parana","200+","20 de agosto de 2026 a las 6:10:00 UTC-3","20 de agosto de 2026 a las 7:50:00 UTC-3","clima parana,pronostico parana","./explore?q=clima%20parana&geo=AR"
"mauro zárate","100+","21 de agosto de 2026 a las 19:00:00 UTC-3","21 de agosto de 2026 a las 20:00:00 UTC-3","mauro zárate","./explore?q=mauro%20z%C3%A1rate&geo=AR"
"2xko","200+","20 de agosto de 2026 a las 17:40:00 UTC-3","20 de agosto de 2026 a las 19:00:00 UTC-3","2xko","./explore?q=2xko&geo=AR"
"espn","200+","19 de agosto de 2026 a las 22:00:00 UTC-3","19 de agosto de 2026 a las 22:50:00 UTC-3","espn","./explore?q=espn&geo=AR"
"iva jovic","200+","18 de agosto de 2026 a las 23:50:00 UTC-3","19 de agosto de 2026 a las 1:10:00 UTC-3","iva jovic","./explore?q=iva%20jovic&geo=AR"
"primera","200+","22 de agosto de 2026 a las 17:50:00 UTC-3","22 de agosto de 2026 a las 18:30:00 UTC-3","primera","./explore?q=primera&geo=AR"
"brasileirão serie a","100+","22 de agosto de 2026 a las 23:00:00 UTC-3","22 de agosto de 2026 a las 23:40:00 UTC-3","brasileirão serie a","./explore?q=brasileir%C3%A3o%20serie%20a&geo=AR"
"zandvoort f1","100+","23 de agosto de 2026 a las 12:10:00 UTC-3","23 de agosto de 2026 a las 12:50:00 UTC-3","zandvoort f1","./explore?q=zandvoort%20f1&geo=AR"
"lindsay clancy","100+","22 de agosto de 2026 a las 2:20:00 UTC-3","22 de agosto de 2026 a las 3:50:00 UTC-3","lindsay clancy","./explore?q=lindsay%20clancy&geo=AR"
"daniel torres","200+","19 de agosto de 2026 a las 23:00:00 UTC-3","20 de agosto de 2026 a las 0:10:00 UTC-3","daniel torres","./explore?q=daniel%20torres&geo=AR"
"maxi salas","500+","18 de agosto de 2026 a las 21:50:00 UTC-3","18 de agosto de 2026 a las 22:30:00 UTC-3","maxi salas","./explore?q=maxi%20salas&geo=AR"
"p","100+","22 de agosto de 2026 a las 4:10:00 UTC-3","22 de agosto de 2026 a las 6:30:00 UTC-3","p","./explore?q=p&geo=AR"
"linda blair","200+","19 de agosto de 2026 a las 19:40:00 UTC-3","19 de agosto de 2026 a las 20:50:00 UTC-3","linda blair","./explore?q=linda%20blair&geo=AR"
"pietro puzone","100+","20 de agosto de 2026 a las 19:30:00 UTC-3","20 de agosto de 2026 a las 21:40:00 UTC-3","pietro puzone","./explore?q=pietro%20puzone&geo=AR"
"classroom","1 mil+","20 de agosto de 2026 a las 8:20:00 UTC-3","20 de agosto de 2026 a las 8:50:00 UTC-3","classroom","./explore?q=classroom&geo=AR"
"columbus crew - montréal","200+","19 de agosto de 2026 a las 20:40:00 UTC-3","19 de agosto de 2026 a las 21:50:00 UTC-3","columbus crew - montréal","./explore?q=columbus%20crew%20-%20montr%C3%A9al&geo=AR"
"disney +","100+","23 de agosto de 2026 a las 10:30:00 UTC-3","23 de agosto de 2026 a las 11:00:00 UTC-3","disney +","./explore?q=disney%20%2B&geo=AR"
"jadson viera","200+","19 de agosto de 2026 a las 14:40:00 UTC-3","19 de agosto de 2026 a las 15:30:00 UTC-3","jadson viera","./explore?q=jadson%20viera&geo=AR"
"górnik - mónaco","100+","20 de agosto de 2026 a las 15:10:00 UTC-3","20 de agosto de 2026 a las 17:20:00 UTC-3","górnik - mónaco","./explore?q=g%C3%B3rnik%20-%20m%C3%B3naco&geo=AR"
"orlando city - chicago fire","200+","20 de agosto de 2026 a las 0:10:00 UTC-3","20 de agosto de 2026 a las 1:30:00 UTC-3","orlando city - chicago fire","./explore?q=orlando%20city%20-%20chicago%20fire&geo=AR"
"amistosos","500+","19 de agosto de 2026 a las 16:10:00 UTC-3","19 de agosto de 2026 a las 16:40:00 UTC-3","amistosos","./explore?q=amistosos&geo=AR"
"canaletti","200+","19 de agosto de 2026 a las 13:40:00 UTC-3","19 de agosto de 2026 a las 14:50:00 UTC-3","canaletti","./explore?q=canaletti&geo=AR"
"lizzie borden","100+","20 de agosto de 2026 a las 12:40:00 UTC-3","20 de agosto de 2026 a las 13:40:00 UTC-3","lizzie borden","./explore?q=lizzie%20borden&geo=AR"
"christos tzolis","100+","21 de agosto de 2026 a las 16:50:00 UTC-3","21 de agosto de 2026 a las 17:30:00 UTC-3","christos tzolis","./explore?q=christos%20tzolis&geo=AR"
"iol","100+","19 de agosto de 2026 a las 13:50:00 UTC-3","19 de agosto de 2026 a las 15:20:00 UTC-3","iol","./explore?q=iol&geo=AR"
"lodico","100+","19 de agosto de 2026 a las 20:20:00 UTC-3","19 de agosto de 2026 a las 21:30:00 UTC-3","lodico","./explore?q=lodico&geo=AR"
"temblor hoy","200+","19 de agosto de 2026 a las 17:40:00 UTC-3","19 de agosto de 2026 a las 18:30:00 UTC-3","temblor hoy","./explore?q=temblor%20hoy&geo=AR"
"somalia","100+","21 de agosto de 2026 a las 18:40:00 UTC-3","21 de agosto de 2026 a las 19:30:00 UTC-3","somalia","./explore?q=somalia&geo=AR"
"disney+","100+","21 de agosto de 2026 a las 11:30:00 UTC-3","21 de agosto de 2026 a las 12:10:00 UTC-3","disney+","./explore?q=disney%2B&geo=AR"
"dario barassi","200+","20 de agosto de 2026 a las 0:00:00 UTC-3","20 de agosto de 2026 a las 0:50:00 UTC-3","dario barassi","./explore?q=dario%20barassi&geo=AR"
"jodar","200+","19 de agosto de 2026 a las 14:20:00 UTC-3","19 de agosto de 2026 a las 15:30:00 UTC-3","jodar","./explore?q=jodar&geo=AR"
"fabio fluminense","200+","18 de agosto de 2026 a las 21:10:00 UTC-3","18 de agosto de 2026 a las 22:10:00 UTC-3","fabio fluminense","./explore?q=fabio%20fluminense&geo=AR"
"martinelli","200+","18 de agosto de 2026 a las 21:10:00 UTC-3","18 de agosto de 2026 a las 22:10:00 UTC-3","martinelli","./explore?q=martinelli&geo=AR"
"sucesos","100+","19 de agosto de 2026 a las 19:10:00 UTC-3","19 de agosto de 2026 a las 20:10:00 UTC-3","sucesos","./explore?q=sucesos&geo=AR"
"all blacks","100+","22 de agosto de 2026 a las 14:00:00 UTC-3","22 de agosto de 2026 a las 14:40:00 UTC-3","all blacks","./explore?q=all%20blacks&geo=AR"
"dep. cuenca - mushuc runa","100+","21 de agosto de 2026 a las 21:30:00 UTC-3","21 de agosto de 2026 a las 22:10:00 UTC-3","dep. cuenca - mushuc runa","./explore?q=dep.%20cuenca%20-%20mushuc%20runa&geo=AR"
"xbox cloud gaming","200+","20 de agosto de 2026 a las 13:20:00 UTC-3","20 de agosto de 2026 a las 14:30:00 UTC-3","xbox cloud gaming","./explore?q=xbox%20cloud%20gaming&geo=AR"
"chicago vs","100+","22 de agosto de 2026 a las 17:50:00 UTC-3","22 de agosto de 2026 a las 18:20:00 UTC-3","chicago vs","./explore?q=chicago%20vs&geo=AR"
"bichos de campo","100+","22 de agosto de 2026 a las 9:40:00 UTC-3","22 de agosto de 2026 a las 10:20:00 UTC-3","bichos de campo,ganamos","./explore?q=bichos%20de%20campo&geo=AR"
"baltasar rodríguez","200+","18 de agosto de 2026 a las 22:20:00 UTC-3","18 de agosto de 2026 a las 23:20:00 UTC-3","baltasar rodríguez","./explore?q=baltasar%20rodr%C3%ADguez&geo=AR"
"lucas pratto","200+","19 de agosto de 2026 a las 21:10:00 UTC-3","19 de agosto de 2026 a las 22:00:00 UTC-3","lucas pratto","./explore?q=lucas%20pratto&geo=AR"
"bruce willis","100+","22 de agosto de 2026 a las 0:00:00 UTC-3","22 de agosto de 2026 a las 0:30:00 UTC-3","bruce willis","./explore?q=bruce%20willis&geo=AR"
"clima mar del plata","200+","20 de agosto de 2026 a las 15:20:00 UTC-3","20 de agosto de 2026 a las 16:00:00 UTC-3","clima mar del plata","./explore?q=clima%20mar%20del%20plata&geo=AR"
"toulouse - lyon","100+","22 de agosto de 2026 a las 16:20:00 UTC-3","22 de agosto de 2026 a las 16:50:00 UTC-3","toulouse - lyon","./explore?q=toulouse%20-%20lyon&geo=AR"
"rm","100+","21 de agosto de 2026 a las 14:10:00 UTC-3","21 de agosto de 2026 a las 16:00:00 UTC-3","rm","./explore?q=rm&geo=AR"
"empleo","100+","20 de agosto de 2026 a las 21:20:00 UTC-3","20 de agosto de 2026 a las 22:00:00 UTC-3","empleo","./explore?q=empleo&geo=AR"
"marcela baños","100+","18 de agosto de 2026 a las 21:20:00 UTC-3","18 de agosto de 2026 a las 22:20:00 UTC-3","marcela baños","./explore?q=marcela%20ba%C3%B1os&geo=AR"
"clima bahia blanca","100+","20 de agosto de 2026 a las 7:10:00 UTC-3","20 de agosto de 2026 a las 14:40:00 UTC-3","clima bahia blanca","./explore?q=clima%20bahia%20blanca&geo=AR"
"tiempo en santa fe","200+","20 de agosto de 2026 a las 6:40:00 UTC-3","20 de agosto de 2026 a las 7:50:00 UTC-3","tiempo en santa fe","./explore?q=tiempo%20en%20santa%20fe&geo=AR"
"belgrano cargas","100+","20 de agosto de 2026 a las 17:20:00 UTC-3","20 de agosto de 2026 a las 18:10:00 UTC-3","belgrano cargas","./explore?q=belgrano%20cargas&geo=AR"
"arsenal fc","100+","21 de agosto de 2026 a las 17:00:00 UTC-3","21 de agosto de 2026 a las 17:30:00 UTC-3","arsenal fc","./explore?q=arsenal%20fc&geo=AR"
"fútbol club barcelona","200+","19 de agosto de 2026 a las 15:30:00 UTC-3","19 de agosto de 2026 a las 16:10:00 UTC-3","fútbol club barcelona","./explore?q=f%C3%BAtbol%20club%20barcelona&geo=AR"
"pensilvania","100+","21 de agosto de 2026 a las 18:20:00 UTC-3","21 de agosto de 2026 a las 18:50:00 UTC-3","pensilvania","./explore?q=pensilvania&geo=AR"
"página/12","100+","23 de agosto de 2026 a las 9:40:00 UTC-3","23 de agosto de 2026 a las 10:00:00 UTC-3","página/12","./explore?q=p%C3%A1gina%2F12&geo=AR"
"wings - fever","100+","20 de agosto de 2026 a las 21:40:00 UTC-3","20 de agosto de 2026 a las 22:10:00 UTC-3","wings - fever","./explore?q=wings%20-%20fever&geo=AR"
"barco","100+","22 de agosto de 2026 a las 9:10:00 UTC-3","22 de agosto de 2026 a las 9:40:00 UTC-3","barco","./explore?q=barco&geo=AR"
"las trillizas de oro","100+","19 de agosto de 2026 a las 20:00:00 UTC-3","19 de agosto de 2026 a las 20:40:00 UTC-3","las trillizas de oro","./explore?q=las%20trillizas%20de%20oro&geo=AR"
"jacob elordi","100+","20 de agosto de 2026 a las 12:30:00 UTC-3","20 de agosto de 2026 a las 13:10:00 UTC-3","jacob elordi","./explore?q=jacob%20elordi&geo=AR"
"loteria chaqueña","200+","18 de agosto de 2026 a las 22:10:00 UTC-3","18 de agosto de 2026 a las 23:00:00 UTC-3","loteria chaqueña","./explore?q=loteria%20chaque%C3%B1a&geo=AR"
"sporting","200+","19 de agosto de 2026 a las 23:00:00 UTC-3","19 de agosto de 2026 a las 23:30:00 UTC-3","sporting","./explore?q=sporting&geo=AR"
"frank beard zz top","200+","18 de agosto de 2026 a las 23:20:00 UTC-3","19 de agosto de 2026 a las 0:00:00 UTC-3","frank beard zz top","./explore?q=frank%20beard%20zz%20top&geo=AR"
"bodo","200+","19 de agosto de 2026 a las 17:10:00 UTC-3","19 de agosto de 2026 a las 18:20:00 UTC-3","bodo,champions league","./explore?q=bodo&geo=AR"
"btc","100+","19 de agosto de 2026 a las 13:40:00 UTC-3","19 de agosto de 2026 a las 14:20:00 UTC-3","btc","./explore?q=btc&geo=AR"
"boca sudamericana","100+","19 de agosto de 2026 a las 7:50:00 UTC-3","19 de agosto de 2026 a las 8:50:00 UTC-3","boca sudamericana","./explore?q=boca%20sudamericana&geo=AR"
"edificio","100+","22 de agosto de 2026 a las 9:30:00 UTC-3","22 de agosto de 2026 a las 9:50:00 UTC-3","edificio","./explore?q=edificio&geo=AR"
"dior mathilde favier","100+","19 de agosto de 2026 a las 0:10:00 UTC-3","19 de agosto de 2026 a las 15:50:00 UTC-3","dior mathilde favier","./explore?q=dior%20mathilde%20favier&geo=AR"
"el cronista","100+","23 de agosto de 2026 a las 7:50:00 UTC-3","23 de agosto de 2026 a las 8:10:00 UTC-3","el cronista,bcra","./explore?q=el%20cronista&geo=AR"
"taylor sheridan","100+","20 de agosto de 2026 a las 20:50:00 UTC-3","20 de agosto de 2026 a las 21:30:00 UTC-3","taylor sheridan","./explore?q=taylor%20sheridan&geo=AR"
"armada argentina","100+","20 de agosto de 2026 a las 21:40:00 UTC-3","20 de agosto de 2026 a las 22:10:00 UTC-3","armada argentina","./explore?q=armada%20argentina&geo=AR"
"disney+","100+","22 de agosto de 2026 a las 11:00:00 UTC-3","22 de agosto de 2026 a las 11:20:00 UTC-3","disney+","./explore?q=disney%2B&geo=AR"
"dua lipa","100+","22 de agosto de 2026 a las 12:50:00 UTC-3","22 de agosto de 2026 a las 13:10:00 UTC-3","dua lipa","./explore?q=dua%20lipa&geo=AR"
"murio frank beard","100+","19 de agosto de 2026 a las 2:50:00 UTC-3","19 de agosto de 2026 a las 3:40:00 UTC-3","murio frank beard","./explore?q=murio%20frank%20beard&geo=AR"
"poceada","200+","18 de agosto de 2026 a las 22:30:00 UTC-3","18 de agosto de 2026 a las 23:10:00 UTC-3","poceada","./explore?q=poceada&geo=AR"
"zuqui","100+","18 de agosto de 2026 a las 23:00:00 UTC-3","18 de agosto de 2026 a las 23:40:00 UTC-3","zuqui","./explore?q=zuqui&geo=AR"
"clima santiago del estero","100+","19 de agosto de 2026 a las 7:40:00 UTC-3","19 de agosto de 2026 a las 8:20:00 UTC-3","clima santiago del estero","./explore?q=clima%20santiago%20del%20estero&geo=AR"
"contrabando","100+","21 de agosto de 2026 a las 19:20:00 UTC-3","21 de agosto de 2026 a las 19:40:00 UTC-3","contrabando","./explore?q=contrabando&geo=AR"
"ambito financiero","100+","22 de agosto de 2026 a las 8:30:00 UTC-3","22 de agosto de 2026 a las 8:50:00 UTC-3","ambito financiero","./explore?q=ambito%20financiero&geo=AR"
"ranking atp","100+","19 de agosto de 2026 a las 17:00:00 UTC-3","19 de agosto de 2026 a las 17:30:00 UTC-3","ranking atp","./explore?q=ranking%20atp&geo=AR"
"liga española","100+","19 de agosto de 2026 a las 17:40:00 UTC-3","19 de agosto de 2026 a las 18:20:00 UTC-3","liga española","./explore?q=liga%20espa%C3%B1ola&geo=AR"
"gerardo sofovich","100+","19 de agosto de 2026 a las 17:00:00 UTC-3","19 de agosto de 2026 a las 17:30:00 UTC-3","gerardo sofovich","./explore?q=gerardo%20sofovich&geo=AR"
"corrupción","100+","20 de agosto de 2026 a las 20:40:00 UTC-3","20 de agosto de 2026 a las 21:00:00 UTC-3","corrupción","./explore?q=corrupci%C3%B3n&geo=AR"
"dia de la futbolista argentina","100+","21 de agosto de 2026 a las 13:50:00 UTC-3","21 de agosto de 2026 a las 14:10:00 UTC-3","dia de la futbolista argentina","./explore?q=dia%20de%20la%20futbolista%20argentina&geo=AR"
"phillies - marlins","100+","19 de agosto de 2026 a las 19:00:00 UTC-3","19 de agosto de 2026 a las 19:20:00 UTC-3","phillies - marlins","./explore?q=phillies%20-%20marlins&geo=AR"
"mariano closs","100+","20 de agosto de 2026 a las 18:30:00 UTC-3","20 de agosto de 2026 a las 18:50:00 UTC-3","mariano closs","./explore?q=mariano%20closs&geo=AR"
"cincinnati open 2026","100+","20 de agosto de 2026 a las 23:20:00 UTC-3","20 de agosto de 2026 a las 23:40:00 UTC-3","cincinnati open 2026","./explore?q=cincinnati%20open%202026&geo=AR"
"bcra deudores","100+","20 de agosto de 2026 a las 11:50:00 UTC-3","20 de agosto de 2026 a las 13:40:00 UTC-3","bcra deudores","./explore?q=bcra%20deudores&geo=AR"
"santiago ascacíbar","100+","18 de agosto de 2026 a las 21:40:00 UTC-3","18 de agosto de 2026 a las 22:00:00 UTC-3","santiago ascacíbar","./explore?q=santiago%20ascac%C3%ADbar&geo=AR"
"quiniela de tucumán","100+","19 de agosto de 2026 a las 12:40:00 UTC-3","19 de agosto de 2026 a las 13:50:00 UTC-3","quiniela de tucumán","./explore?q=quiniela%20de%20tucum%C3%A1n&geo=AR"
"radio sudamericana","100+","19 de agosto de 2026 a las 7:40:00 UTC-3","19 de agosto de 2026 a las 8:00:00 UTC-3","radio sudamericana","./explore?q=radio%20sudamericana&geo=AR"